Timing Analyzer report for chipInterface
Sun Mar 30 16:28:19 2025
Quartus Prime Version 23.1std.1 Build 993 05/14/2024 SC Standard Edition


---------------------
; Table of Contents ;
---------------------
  1. Legal Notice
  2. Timing Analyzer Summary
  3. Parallel Compilation
  4. SDC File List
  5. Clocks
  6. Slow 1200mV 85C Model Fmax Summary
  7. Timing Closure Recommendations
  8. Slow 1200mV 85C Model Setup Summary
  9. Slow 1200mV 85C Model Hold Summary
 10. Slow 1200mV 85C Model Recovery Summary
 11. Slow 1200mV 85C Model Removal Summary
 12. Slow 1200mV 85C Model Minimum Pulse Width Summary
 13. Slow 1200mV 85C Model Setup: 'CLOCK2_50'
 14. Slow 1200mV 85C Model Setup: 'CLOCK_50'
 15. Slow 1200mV 85C Model Hold: 'CLOCK2_50'
 16. Slow 1200mV 85C Model Hold: 'CLOCK_50'
 17. Slow 1200mV 85C Model Recovery: 'CLOCK2_50'
 18. Slow 1200mV 85C Model Removal: 'CLOCK2_50'
 19. Slow 1200mV 85C Model Metastability Summary
 20. Slow 1200mV 0C Model Fmax Summary
 21. Slow 1200mV 0C Model Setup Summary
 22. Slow 1200mV 0C Model Hold Summary
 23. Slow 1200mV 0C Model Recovery Summary
 24. Slow 1200mV 0C Model Removal Summary
 25. Slow 1200mV 0C Model Minimum Pulse Width Summary
 26. Slow 1200mV 0C Model Setup: 'CLOCK2_50'
 27. Slow 1200mV 0C Model Setup: 'CLOCK_50'
 28. Slow 1200mV 0C Model Hold: 'CLOCK2_50'
 29. Slow 1200mV 0C Model Hold: 'CLOCK_50'
 30. Slow 1200mV 0C Model Recovery: 'CLOCK2_50'
 31. Slow 1200mV 0C Model Removal: 'CLOCK2_50'
 32. Slow 1200mV 0C Model Metastability Summary
 33. Fast 1200mV 0C Model Setup Summary
 34. Fast 1200mV 0C Model Hold Summary
 35. Fast 1200mV 0C Model Recovery Summary
 36. Fast 1200mV 0C Model Removal Summary
 37. Fast 1200mV 0C Model Minimum Pulse Width Summary
 38. Fast 1200mV 0C Model Setup: 'CLOCK2_50'
 39. Fast 1200mV 0C Model Setup: 'CLOCK_50'
 40. Fast 1200mV 0C Model Hold: 'CLOCK2_50'
 41. Fast 1200mV 0C Model Hold: 'CLOCK_50'
 42. Fast 1200mV 0C Model Recovery: 'CLOCK2_50'
 43. Fast 1200mV 0C Model Removal: 'CLOCK2_50'
 44. Fast 1200mV 0C Model Metastability Summary
 45. Multicorner Timing Analysis Summary
 46. Board Trace Model Assignments
 47. Input Transition Times
 48. Signal Integrity Metrics (Slow 1200mv 0c Model)
 49. Signal Integrity Metrics (Slow 1200mv 85c Model)
 50. Signal Integrity Metrics (Fast 1200mv 0c Model)
 51. Setup Transfers
 52. Hold Transfers
 53. Recovery Transfers
 54. Removal Transfers
 55. Report TCCS
 56. Report RSKM
 57. Unconstrained Paths Summary
 58. Clock Status Summary
 59. Unconstrained Input Ports
 60. Unconstrained Output Ports
 61. Unconstrained Input Ports
 62. Unconstrained Output Ports
 63. Timing Analyzer Messages



----------------
; Legal Notice ;
----------------
Copyright (C) 2024  Intel Corporation. All rights reserved.
Your use of Intel Corporation's design tools, logic functions 
and other software and tools, and any partner logic 
functions, and any output files from any of the foregoing 
(including device programming or simulation files), and any 
associated documentation or information are expressly subject 
to the terms and conditions of the Intel Program License 
Subscription Agreement, the Intel Quartus Prime License Agreement,
the Intel FPGA IP License Agreement, or other applicable license
agreement, including, without limitation, that your use is for
the sole purpose of programming logic devices manufactured by
Intel and sold by Intel or its authorized distributors.  Please
refer to the applicable agreement for further details, at
https://fpgasoftware.intel.com/eula.



+------------------------------------------------------------------------------------+
; Timing Analyzer Summary                                                            ;
+-----------------------+------------------------------------------------------------+
; Quartus Prime Version ; Version 23.1std.1 Build 993 05/14/2024 SC Standard Edition ;
; Timing Analyzer       ; Legacy Timing Analyzer                                     ;
; Revision Name         ; chipInterface                                              ;
; Device Family         ; Cyclone IV E                                               ;
; Device Name           ; EP4CE115F29C7                                              ;
; Timing Models         ; Final                                                      ;
; Delay Model           ; Combined                                                   ;
; Rise/Fall Delays      ; Enabled                                                    ;
+-----------------------+------------------------------------------------------------+


+------------------------------------------+
; Parallel Compilation                     ;
+----------------------------+-------------+
; Processors                 ; Number      ;
+----------------------------+-------------+
; Number detected on machine ; 40          ;
; Maximum allowed            ; 16          ;
;                            ;             ;
; Average used               ; 2.25        ;
; Maximum used               ; 16          ;
;                            ;             ;
; Usage by Processor         ; % Time Used ;
;     Processor 1            ; 100.0%      ;
;     Processor 2            ;  40.4%      ;
;     Processor 3            ;  33.5%      ;
;     Processor 4            ;  29.1%      ;
;     Processors 5-16        ;   1.8%      ;
+----------------------------+-------------+


+---------------------------------------------------+
; SDC File List                                     ;
+---------------+--------+--------------------------+
; SDC File Path ; Status ; Read at                  ;
+---------------+--------+--------------------------+
; gameboy.sdc   ; OK     ; Sun Mar 30 16:28:11 2025 ;
+---------------+--------+--------------------------+


+-----------------------------------------------------------------------------------------------------------------------------------------------------------------------------------------+
; Clocks                                                                                                                                                                                  ;
+------------+------+---------+-----------+-------+---------+------------+-----------+-------------+-------+--------+-----------+------------+----------+--------+--------+---------------+
; Clock Name ; Type ; Period  ; Frequency ; Rise  ; Fall    ; Duty Cycle ; Divide by ; Multiply by ; Phase ; Offset ; Edge List ; Edge Shift ; Inverted ; Master ; Source ; Targets       ;
+------------+------+---------+-----------+-------+---------+------------+-----------+-------------+-------+--------+-----------+------------+----------+--------+--------+---------------+
; CLOCK2_50  ; Base ; 250.000 ; 4.0 MHz   ; 0.000 ; 125.000 ;            ;           ;             ;       ;        ;           ;            ;          ;        ;        ; { CLOCK2_50 } ;
; CLOCK_50   ; Base ; 125.000 ; 8.0 MHz   ; 0.000 ; 72.500  ;            ;           ;             ;       ;        ;           ;            ;          ;        ;        ; { CLOCK_50 }  ;
+------------+------+---------+-----------+-------+---------+------------+-----------+-------------+-------+--------+-----------+------------+----------+--------+--------+---------------+


+-------------------------------------------------+
; Slow 1200mV 85C Model Fmax Summary              ;
+-----------+-----------------+------------+------+
; Fmax      ; Restricted Fmax ; Clock Name ; Note ;
+-----------+-----------------+------------+------+
; 19.72 MHz ; 19.72 MHz       ; CLOCK2_50  ;      ;
; 23.96 MHz ; 23.96 MHz       ; CLOCK_50   ;      ;
+-----------+-----------------+------------+------+
This panel reports FMAX for every clock in the design, regardless of the user-specified clock periods.  FMAX is only computed for paths where the source and destination registers or ports are driven by the same clock.  Paths of different clocks, including generated clocks, are ignored.  For paths between a clock and its inversion, FMAX is computed as if the rising and falling edges are scaled along with FMAX, such that the duty cycle (in terms of a percentage) is maintained. Altera recommends that you always use clock constraints and other slack reports for sign-off analysis.


----------------------------------
; Timing Closure Recommendations ;
----------------------------------
HTML report is unavailable in plain text report export.


+-------------------------------------+
; Slow 1200mV 85C Model Setup Summary ;
+-----------+--------+----------------+
; Clock     ; Slack  ; End Point TNS  ;
+-----------+--------+----------------+
; CLOCK2_50 ; 76.149 ; 0.000          ;
; CLOCK_50  ; 78.990 ; 0.000          ;
+-----------+--------+----------------+


+------------------------------------+
; Slow 1200mV 85C Model Hold Summary ;
+-----------+-------+----------------+
; Clock     ; Slack ; End Point TNS  ;
+-----------+-------+----------------+
; CLOCK2_50 ; 0.401 ; 0.000          ;
; CLOCK_50  ; 0.402 ; 0.000          ;
+-----------+-------+----------------+


+----------------------------------------+
; Slow 1200mV 85C Model Recovery Summary ;
+-----------+---------+------------------+
; Clock     ; Slack   ; End Point TNS    ;
+-----------+---------+------------------+
; CLOCK2_50 ; 118.839 ; 0.000            ;
+-----------+---------+------------------+


+---------------------------------------+
; Slow 1200mV 85C Model Removal Summary ;
+-----------+-------+-------------------+
; Clock     ; Slack ; End Point TNS     ;
+-----------+-------+-------------------+
; CLOCK2_50 ; 1.085 ; 0.000             ;
+-----------+-------+-------------------+


+---------------------------------------------------+
; Slow 1200mV 85C Model Minimum Pulse Width Summary ;
+-----------+---------+-----------------------------+
; Clock     ; Slack   ; End Point TNS               ;
+-----------+---------+-----------------------------+
; CLOCK_50  ; 52.128  ; 0.000                       ;
; CLOCK2_50 ; 124.756 ; 0.000                       ;
+-----------+---------+-----------------------------+


+----------------------------------------------------------------------------------------------------------------------------------------------------------------------------------------------------------------------------------------------------------------------------------------------+
; Slow 1200mV 85C Model Setup: 'CLOCK2_50'                                                                                                                                                                                                                                                     ;
+--------+-------------------------------------------------------------------------------------------------------------------------------------------------+-------------------------------------------------------------+--------------+-------------+--------------+------------+------------+
; Slack  ; From Node                                                                                                                                       ; To Node                                                     ; Launch Clock ; Latch Clock ; Relationship ; Clock Skew ; Data Delay ;
+--------+-------------------------------------------------------------------------------------------------------------------------------------------------+-------------------------------------------------------------+--------------+-------------+--------------+------------+------------+
; 76.149 ; gameboy:dut|MMU:mmu|BRAM_handler:memory_units|ROM_BANK:rom0|altsyncram:altsyncram_component|altsyncram_81a1:auto_generated|ram_block1a5         ; gameboy:dut|MMU:mmu|IO_handler:io_registers|cpu_out_data[1] ; CLOCK_50     ; CLOCK2_50   ; 125.000      ; -0.383     ; 48.446     ;
; 76.197 ; gameboy:dut|MMU:mmu|BRAM_handler:memory_units|ROM_BANK:rom0|altsyncram:altsyncram_component|altsyncram_81a1:auto_generated|ram_block1a5         ; gameboy:dut|MMU:mmu|IO_handler:io_registers|cpu_out_data[4] ; CLOCK_50     ; CLOCK2_50   ; 125.000      ; -0.378     ; 48.403     ;
; 76.215 ; gameboy:dut|MMU:mmu|BRAM_handler:memory_units|ROM_BANK:rom0|altsyncram:altsyncram_component|altsyncram_81a1:auto_generated|ram_block1a5         ; gameboy:dut|MMU:mmu|IO_handler:io_registers|cpu_out_data[5] ; CLOCK_50     ; CLOCK2_50   ; 125.000      ; -0.383     ; 48.380     ;
; 76.271 ; gameboy:dut|MMU:mmu|BRAM_handler:memory_units|ROM_BANK:rom0|altsyncram:altsyncram_component|altsyncram_81a1:auto_generated|ram_block1a5         ; gameboy:dut|MMU:mmu|IO_handler:io_registers|cpu_out_data[0] ; CLOCK_50     ; CLOCK2_50   ; 125.000      ; -0.383     ; 48.324     ;
; 76.276 ; gameboy:dut|MMU:mmu|BRAM_handler:memory_units|ROM_BANK:rom0|altsyncram:altsyncram_component|altsyncram_81a1:auto_generated|ram_block1a30        ; gameboy:dut|MMU:mmu|IO_handler:io_registers|cpu_out_data[1] ; CLOCK_50     ; CLOCK2_50   ; 125.000      ; -0.371     ; 48.331     ;
; 76.324 ; gameboy:dut|MMU:mmu|BRAM_handler:memory_units|ROM_BANK:rom0|altsyncram:altsyncram_component|altsyncram_81a1:auto_generated|ram_block1a30        ; gameboy:dut|MMU:mmu|IO_handler:io_registers|cpu_out_data[4] ; CLOCK_50     ; CLOCK2_50   ; 125.000      ; -0.366     ; 48.288     ;
; 76.342 ; gameboy:dut|MMU:mmu|BRAM_handler:memory_units|ROM_BANK:rom0|altsyncram:altsyncram_component|altsyncram_81a1:auto_generated|ram_block1a30        ; gameboy:dut|MMU:mmu|IO_handler:io_registers|cpu_out_data[5] ; CLOCK_50     ; CLOCK2_50   ; 125.000      ; -0.371     ; 48.265     ;
; 76.389 ; gameboy:dut|MMU:mmu|BRAM_handler:memory_units|ROM_BANK:rom0|altsyncram:altsyncram_component|altsyncram_81a1:auto_generated|ram_block1a2         ; gameboy:dut|MMU:mmu|IO_handler:io_registers|cpu_out_data[1] ; CLOCK_50     ; CLOCK2_50   ; 125.000      ; -0.376     ; 48.213     ;
; 76.398 ; gameboy:dut|MMU:mmu|BRAM_handler:memory_units|ROM_BANK:rom0|altsyncram:altsyncram_component|altsyncram_81a1:auto_generated|ram_block1a30        ; gameboy:dut|MMU:mmu|IO_handler:io_registers|cpu_out_data[0] ; CLOCK_50     ; CLOCK2_50   ; 125.000      ; -0.371     ; 48.209     ;
; 76.437 ; gameboy:dut|MMU:mmu|BRAM_handler:memory_units|ROM_BANK:rom0|altsyncram:altsyncram_component|altsyncram_81a1:auto_generated|ram_block1a2         ; gameboy:dut|MMU:mmu|IO_handler:io_registers|cpu_out_data[4] ; CLOCK_50     ; CLOCK2_50   ; 125.000      ; -0.371     ; 48.170     ;
; 76.454 ; gameboy:dut|MMU:mmu|BRAM_handler:memory_units|ROM_BANK:rom0|altsyncram:altsyncram_component|altsyncram_81a1:auto_generated|ram_block1a5         ; gameboy:dut|MMU:mmu|IO_handler:io_registers|cpu_out_data[2] ; CLOCK_50     ; CLOCK2_50   ; 125.000      ; -0.383     ; 48.141     ;
; 76.455 ; gameboy:dut|MMU:mmu|BRAM_handler:memory_units|ROM_BANK:rom0|altsyncram:altsyncram_component|altsyncram_81a1:auto_generated|ram_block1a2         ; gameboy:dut|MMU:mmu|IO_handler:io_registers|cpu_out_data[5] ; CLOCK_50     ; CLOCK2_50   ; 125.000      ; -0.376     ; 48.147     ;
; 76.510 ; gameboy:dut|MMU:mmu|BRAM_handler:memory_units|ROM_BANK:rom0|altsyncram:altsyncram_component|altsyncram_81a1:auto_generated|ram_block1a10        ; gameboy:dut|MMU:mmu|IO_handler:io_registers|cpu_out_data[1] ; CLOCK_50     ; CLOCK2_50   ; 125.000      ; -0.404     ; 48.064     ;
; 76.511 ; gameboy:dut|MMU:mmu|BRAM_handler:memory_units|ROM_BANK:rom0|altsyncram:altsyncram_component|altsyncram_81a1:auto_generated|ram_block1a2         ; gameboy:dut|MMU:mmu|IO_handler:io_registers|cpu_out_data[0] ; CLOCK_50     ; CLOCK2_50   ; 125.000      ; -0.376     ; 48.091     ;
; 76.533 ; gameboy:dut|MMU:mmu|BRAM_handler:memory_units|ROM_BANK:rom0|altsyncram:altsyncram_component|altsyncram_81a1:auto_generated|ram_block1a14        ; gameboy:dut|MMU:mmu|IO_handler:io_registers|cpu_out_data[1] ; CLOCK_50     ; CLOCK2_50   ; 125.000      ; -0.388     ; 48.057     ;
; 76.558 ; gameboy:dut|MMU:mmu|BRAM_handler:memory_units|ROM_BANK:rom0|altsyncram:altsyncram_component|altsyncram_81a1:auto_generated|ram_block1a10        ; gameboy:dut|MMU:mmu|IO_handler:io_registers|cpu_out_data[4] ; CLOCK_50     ; CLOCK2_50   ; 125.000      ; -0.399     ; 48.021     ;
; 76.575 ; gameboy:dut|MMU:mmu|BRAM_handler:memory_units|ROM_BANK:rom0|altsyncram:altsyncram_component|altsyncram_81a1:auto_generated|ram_block1a5         ; gameboy:dut|MMU:mmu|IO_handler:io_registers|cpu_out_data[6] ; CLOCK_50     ; CLOCK2_50   ; 125.000      ; -0.383     ; 48.020     ;
; 76.576 ; gameboy:dut|MMU:mmu|BRAM_handler:memory_units|ROM_BANK:rom0|altsyncram:altsyncram_component|altsyncram_81a1:auto_generated|ram_block1a10        ; gameboy:dut|MMU:mmu|IO_handler:io_registers|cpu_out_data[5] ; CLOCK_50     ; CLOCK2_50   ; 125.000      ; -0.404     ; 47.998     ;
; 76.581 ; gameboy:dut|MMU:mmu|BRAM_handler:memory_units|ROM_BANK:rom0|altsyncram:altsyncram_component|altsyncram_81a1:auto_generated|ram_block1a14        ; gameboy:dut|MMU:mmu|IO_handler:io_registers|cpu_out_data[4] ; CLOCK_50     ; CLOCK2_50   ; 125.000      ; -0.383     ; 48.014     ;
; 76.581 ; gameboy:dut|MMU:mmu|BRAM_handler:memory_units|ROM_BANK:rom0|altsyncram:altsyncram_component|altsyncram_81a1:auto_generated|ram_block1a30        ; gameboy:dut|MMU:mmu|IO_handler:io_registers|cpu_out_data[2] ; CLOCK_50     ; CLOCK2_50   ; 125.000      ; -0.371     ; 48.026     ;
; 76.599 ; gameboy:dut|MMU:mmu|BRAM_handler:memory_units|ROM_BANK:rom0|altsyncram:altsyncram_component|altsyncram_81a1:auto_generated|ram_block1a14        ; gameboy:dut|MMU:mmu|IO_handler:io_registers|cpu_out_data[5] ; CLOCK_50     ; CLOCK2_50   ; 125.000      ; -0.388     ; 47.991     ;
; 76.632 ; gameboy:dut|MMU:mmu|BRAM_handler:memory_units|ROM_BANK:rom0|altsyncram:altsyncram_component|altsyncram_81a1:auto_generated|ram_block1a10        ; gameboy:dut|MMU:mmu|IO_handler:io_registers|cpu_out_data[0] ; CLOCK_50     ; CLOCK2_50   ; 125.000      ; -0.404     ; 47.942     ;
; 76.655 ; gameboy:dut|MMU:mmu|BRAM_handler:memory_units|ROM_BANK:rom0|altsyncram:altsyncram_component|altsyncram_81a1:auto_generated|ram_block1a14        ; gameboy:dut|MMU:mmu|IO_handler:io_registers|cpu_out_data[0] ; CLOCK_50     ; CLOCK2_50   ; 125.000      ; -0.388     ; 47.935     ;
; 76.672 ; gameboy:dut|MMU:mmu|BRAM_handler:memory_units|MM_out_chooser:memory_out_muxer|cpu_memory_selector[2]                                            ; gameboy:dut|MMU:mmu|IO_handler:io_registers|cpu_out_data[1] ; CLOCK_50     ; CLOCK2_50   ; 125.000      ; -0.114     ; 48.192     ;
; 76.694 ; gameboy:dut|MMU:mmu|BRAM_handler:memory_units|ROM_BANK:rom0|altsyncram:altsyncram_component|altsyncram_81a1:auto_generated|ram_block1a2         ; gameboy:dut|MMU:mmu|IO_handler:io_registers|cpu_out_data[2] ; CLOCK_50     ; CLOCK2_50   ; 125.000      ; -0.376     ; 47.908     ;
; 76.702 ; gameboy:dut|MMU:mmu|BRAM_handler:memory_units|ROM_BANK:rom0|altsyncram:altsyncram_component|altsyncram_81a1:auto_generated|ram_block1a30        ; gameboy:dut|MMU:mmu|IO_handler:io_registers|cpu_out_data[6] ; CLOCK_50     ; CLOCK2_50   ; 125.000      ; -0.371     ; 47.905     ;
; 76.720 ; gameboy:dut|MMU:mmu|BRAM_handler:memory_units|MM_out_chooser:memory_out_muxer|cpu_memory_selector[2]                                            ; gameboy:dut|MMU:mmu|IO_handler:io_registers|cpu_out_data[4] ; CLOCK_50     ; CLOCK2_50   ; 125.000      ; -0.109     ; 48.149     ;
; 76.738 ; gameboy:dut|MMU:mmu|BRAM_handler:memory_units|MM_out_chooser:memory_out_muxer|cpu_memory_selector[2]                                            ; gameboy:dut|MMU:mmu|IO_handler:io_registers|cpu_out_data[5] ; CLOCK_50     ; CLOCK2_50   ; 125.000      ; -0.114     ; 48.126     ;
; 76.794 ; gameboy:dut|MMU:mmu|BRAM_handler:memory_units|MM_out_chooser:memory_out_muxer|cpu_memory_selector[2]                                            ; gameboy:dut|MMU:mmu|IO_handler:io_registers|cpu_out_data[0] ; CLOCK_50     ; CLOCK2_50   ; 125.000      ; -0.114     ; 48.070     ;
; 76.807 ; gameboy:dut|MMU:mmu|BRAM_handler:memory_units|ROM_BANK:rom0|altsyncram:altsyncram_component|altsyncram_81a1:auto_generated|ram_block1a21        ; gameboy:dut|MMU:mmu|IO_handler:io_registers|cpu_out_data[1] ; CLOCK_50     ; CLOCK2_50   ; 125.000      ; -0.403     ; 47.768     ;
; 76.815 ; gameboy:dut|MMU:mmu|BRAM_handler:memory_units|ROM_BANK:rom0|altsyncram:altsyncram_component|altsyncram_81a1:auto_generated|ram_block1a10        ; gameboy:dut|MMU:mmu|IO_handler:io_registers|cpu_out_data[2] ; CLOCK_50     ; CLOCK2_50   ; 125.000      ; -0.404     ; 47.759     ;
; 76.815 ; gameboy:dut|MMU:mmu|BRAM_handler:memory_units|ROM_BANK:rom0|altsyncram:altsyncram_component|altsyncram_81a1:auto_generated|ram_block1a2         ; gameboy:dut|MMU:mmu|IO_handler:io_registers|cpu_out_data[6] ; CLOCK_50     ; CLOCK2_50   ; 125.000      ; -0.376     ; 47.787     ;
; 76.838 ; gameboy:dut|MMU:mmu|BRAM_handler:memory_units|ROM_BANK:rom0|altsyncram:altsyncram_component|altsyncram_81a1:auto_generated|ram_block1a14        ; gameboy:dut|MMU:mmu|IO_handler:io_registers|cpu_out_data[2] ; CLOCK_50     ; CLOCK2_50   ; 125.000      ; -0.388     ; 47.752     ;
; 76.855 ; gameboy:dut|MMU:mmu|BRAM_handler:memory_units|ROM_BANK:rom0|altsyncram:altsyncram_component|altsyncram_81a1:auto_generated|ram_block1a21        ; gameboy:dut|MMU:mmu|IO_handler:io_registers|cpu_out_data[4] ; CLOCK_50     ; CLOCK2_50   ; 125.000      ; -0.398     ; 47.725     ;
; 76.873 ; gameboy:dut|MMU:mmu|BRAM_handler:memory_units|ROM_BANK:rom0|altsyncram:altsyncram_component|altsyncram_81a1:auto_generated|ram_block1a21        ; gameboy:dut|MMU:mmu|IO_handler:io_registers|cpu_out_data[5] ; CLOCK_50     ; CLOCK2_50   ; 125.000      ; -0.403     ; 47.702     ;
; 76.885 ; gameboy:dut|MMU:mmu|BRAM_handler:memory_units|ROM_BANK:rom0|altsyncram:altsyncram_component|altsyncram_81a1:auto_generated|ram_block1a5         ; gameboy:dut|MMU:mmu|IO_handler:io_registers|cpu_out_data[7] ; CLOCK_50     ; CLOCK2_50   ; 125.000      ; -0.378     ; 47.715     ;
; 76.900 ; gameboy:dut|MMU:mmu|BRAM_handler:memory_units|ROM_BANK:rom0|altsyncram:altsyncram_component|altsyncram_81a1:auto_generated|ram_block1a5         ; gameboy:dut|MMU:mmu|IO_handler:io_registers|cpu_out_data[3] ; CLOCK_50     ; CLOCK2_50   ; 125.000      ; -0.381     ; 47.697     ;
; 76.916 ; gameboy:dut|MMU:mmu|BRAM_handler:memory_units|ROM_BANK:rom0|altsyncram:altsyncram_component|altsyncram_81a1:auto_generated|ram_block1a0         ; gameboy:dut|MMU:mmu|IO_handler:io_registers|cpu_out_data[1] ; CLOCK_50     ; CLOCK2_50   ; 125.000      ; -0.399     ; 47.663     ;
; 76.929 ; gameboy:dut|MMU:mmu|BRAM_handler:memory_units|ROM_BANK:rom0|altsyncram:altsyncram_component|altsyncram_81a1:auto_generated|ram_block1a21        ; gameboy:dut|MMU:mmu|IO_handler:io_registers|cpu_out_data[0] ; CLOCK_50     ; CLOCK2_50   ; 125.000      ; -0.403     ; 47.646     ;
; 76.936 ; gameboy:dut|MMU:mmu|BRAM_handler:memory_units|ROM_BANK:rom0|altsyncram:altsyncram_component|altsyncram_81a1:auto_generated|ram_block1a10        ; gameboy:dut|MMU:mmu|IO_handler:io_registers|cpu_out_data[6] ; CLOCK_50     ; CLOCK2_50   ; 125.000      ; -0.404     ; 47.638     ;
; 76.959 ; gameboy:dut|MMU:mmu|BRAM_handler:memory_units|ROM_BANK:rom0|altsyncram:altsyncram_component|altsyncram_81a1:auto_generated|ram_block1a14        ; gameboy:dut|MMU:mmu|IO_handler:io_registers|cpu_out_data[6] ; CLOCK_50     ; CLOCK2_50   ; 125.000      ; -0.388     ; 47.631     ;
; 76.964 ; gameboy:dut|MMU:mmu|BRAM_handler:memory_units|ROM_BANK:rom0|altsyncram:altsyncram_component|altsyncram_81a1:auto_generated|ram_block1a0         ; gameboy:dut|MMU:mmu|IO_handler:io_registers|cpu_out_data[4] ; CLOCK_50     ; CLOCK2_50   ; 125.000      ; -0.394     ; 47.620     ;
; 76.970 ; gameboy:dut|MMU:mmu|BRAM_handler:memory_units|MM_out_chooser:memory_out_muxer|cpu_memory_selector[1]                                            ; gameboy:dut|MMU:mmu|IO_handler:io_registers|cpu_out_data[1] ; CLOCK_50     ; CLOCK2_50   ; 125.000      ; -0.114     ; 47.894     ;
; 76.977 ; gameboy:dut|MMU:mmu|BRAM_handler:memory_units|MM_out_chooser:memory_out_muxer|cpu_memory_selector[2]                                            ; gameboy:dut|MMU:mmu|IO_handler:io_registers|cpu_out_data[2] ; CLOCK_50     ; CLOCK2_50   ; 125.000      ; -0.114     ; 47.887     ;
; 76.982 ; gameboy:dut|MMU:mmu|BRAM_handler:memory_units|ROM_BANK:rom0|altsyncram:altsyncram_component|altsyncram_81a1:auto_generated|ram_block1a0         ; gameboy:dut|MMU:mmu|IO_handler:io_registers|cpu_out_data[5] ; CLOCK_50     ; CLOCK2_50   ; 125.000      ; -0.399     ; 47.597     ;
; 76.998 ; gameboy:dut|MMU:mmu|BRAM_handler:memory_units|ROM_BANK:rom0|altsyncram:altsyncram_component|altsyncram_81a1:auto_generated|ram_block1a18        ; gameboy:dut|MMU:mmu|IO_handler:io_registers|cpu_out_data[1] ; CLOCK_50     ; CLOCK2_50   ; 125.000      ; -0.411     ; 47.569     ;
; 77.012 ; gameboy:dut|MMU:mmu|BRAM_handler:memory_units|ROM_BANK:rom0|altsyncram:altsyncram_component|altsyncram_81a1:auto_generated|ram_block1a30        ; gameboy:dut|MMU:mmu|IO_handler:io_registers|cpu_out_data[7] ; CLOCK_50     ; CLOCK2_50   ; 125.000      ; -0.366     ; 47.600     ;
; 77.018 ; gameboy:dut|MMU:mmu|BRAM_handler:memory_units|MM_out_chooser:memory_out_muxer|cpu_memory_selector[1]                                            ; gameboy:dut|MMU:mmu|IO_handler:io_registers|cpu_out_data[4] ; CLOCK_50     ; CLOCK2_50   ; 125.000      ; -0.109     ; 47.851     ;
; 77.023 ; gameboy:dut|MMU:mmu|BRAM_handler:memory_units|MM_out_chooser:memory_out_muxer|cpu_memory_selector[0]                                            ; gameboy:dut|MMU:mmu|IO_handler:io_registers|cpu_out_data[1] ; CLOCK_50     ; CLOCK2_50   ; 125.000      ; -0.114     ; 47.841     ;
; 77.027 ; gameboy:dut|MMU:mmu|BRAM_handler:memory_units|ROM_BANK:rom0|altsyncram:altsyncram_component|altsyncram_81a1:auto_generated|ram_block1a30        ; gameboy:dut|MMU:mmu|IO_handler:io_registers|cpu_out_data[3] ; CLOCK_50     ; CLOCK2_50   ; 125.000      ; -0.369     ; 47.582     ;
; 77.036 ; gameboy:dut|MMU:mmu|BRAM_handler:memory_units|MM_out_chooser:memory_out_muxer|cpu_memory_selector[1]                                            ; gameboy:dut|MMU:mmu|IO_handler:io_registers|cpu_out_data[5] ; CLOCK_50     ; CLOCK2_50   ; 125.000      ; -0.114     ; 47.828     ;
; 77.038 ; gameboy:dut|MMU:mmu|BRAM_handler:memory_units|ROM_BANK:rom0|altsyncram:altsyncram_component|altsyncram_81a1:auto_generated|ram_block1a0         ; gameboy:dut|MMU:mmu|IO_handler:io_registers|cpu_out_data[0] ; CLOCK_50     ; CLOCK2_50   ; 125.000      ; -0.399     ; 47.541     ;
; 77.046 ; gameboy:dut|MMU:mmu|BRAM_handler:memory_units|ROM_BANK:rom0|altsyncram:altsyncram_component|altsyncram_81a1:auto_generated|ram_block1a18        ; gameboy:dut|MMU:mmu|IO_handler:io_registers|cpu_out_data[4] ; CLOCK_50     ; CLOCK2_50   ; 125.000      ; -0.406     ; 47.526     ;
; 77.064 ; gameboy:dut|MMU:mmu|BRAM_handler:memory_units|ROM_BANK:rom0|altsyncram:altsyncram_component|altsyncram_81a1:auto_generated|ram_block1a18        ; gameboy:dut|MMU:mmu|IO_handler:io_registers|cpu_out_data[5] ; CLOCK_50     ; CLOCK2_50   ; 125.000      ; -0.411     ; 47.503     ;
; 77.071 ; gameboy:dut|MMU:mmu|BRAM_handler:memory_units|MM_out_chooser:memory_out_muxer|cpu_memory_selector[0]                                            ; gameboy:dut|MMU:mmu|IO_handler:io_registers|cpu_out_data[4] ; CLOCK_50     ; CLOCK2_50   ; 125.000      ; -0.109     ; 47.798     ;
; 77.081 ; gameboy:dut|MMU:mmu|BRAM_handler:memory_units|ROM_BANK:rom0|altsyncram:altsyncram_component|altsyncram_81a1:auto_generated|ram_block1a26        ; gameboy:dut|MMU:mmu|IO_handler:io_registers|cpu_out_data[1] ; CLOCK_50     ; CLOCK2_50   ; 125.000      ; -0.416     ; 47.481     ;
; 77.089 ; gameboy:dut|MMU:mmu|BRAM_handler:memory_units|MM_out_chooser:memory_out_muxer|cpu_memory_selector[0]                                            ; gameboy:dut|MMU:mmu|IO_handler:io_registers|cpu_out_data[5] ; CLOCK_50     ; CLOCK2_50   ; 125.000      ; -0.114     ; 47.775     ;
; 77.092 ; gameboy:dut|MMU:mmu|BRAM_handler:memory_units|MM_out_chooser:memory_out_muxer|cpu_memory_selector[1]                                            ; gameboy:dut|MMU:mmu|IO_handler:io_registers|cpu_out_data[0] ; CLOCK_50     ; CLOCK2_50   ; 125.000      ; -0.114     ; 47.772     ;
; 77.098 ; gameboy:dut|MMU:mmu|BRAM_handler:memory_units|MM_out_chooser:memory_out_muxer|cpu_memory_selector[2]                                            ; gameboy:dut|MMU:mmu|IO_handler:io_registers|cpu_out_data[6] ; CLOCK_50     ; CLOCK2_50   ; 125.000      ; -0.114     ; 47.766     ;
; 77.112 ; gameboy:dut|MMU:mmu|BRAM_handler:memory_units|ROM_BANK:rom0|altsyncram:altsyncram_component|altsyncram_81a1:auto_generated|ram_block1a21        ; gameboy:dut|MMU:mmu|IO_handler:io_registers|cpu_out_data[2] ; CLOCK_50     ; CLOCK2_50   ; 125.000      ; -0.403     ; 47.463     ;
; 77.120 ; gameboy:dut|MMU:mmu|BRAM_handler:memory_units|ROM_BANK:rom0|altsyncram:altsyncram_component|altsyncram_81a1:auto_generated|ram_block1a18        ; gameboy:dut|MMU:mmu|IO_handler:io_registers|cpu_out_data[0] ; CLOCK_50     ; CLOCK2_50   ; 125.000      ; -0.411     ; 47.447     ;
; 77.125 ; gameboy:dut|MMU:mmu|BRAM_handler:memory_units|ROM_BANK:rom0|altsyncram:altsyncram_component|altsyncram_81a1:auto_generated|ram_block1a2         ; gameboy:dut|MMU:mmu|IO_handler:io_registers|cpu_out_data[7] ; CLOCK_50     ; CLOCK2_50   ; 125.000      ; -0.371     ; 47.482     ;
; 77.129 ; gameboy:dut|MMU:mmu|BRAM_handler:memory_units|ROM_BANK:rom0|altsyncram:altsyncram_component|altsyncram_81a1:auto_generated|ram_block1a26        ; gameboy:dut|MMU:mmu|IO_handler:io_registers|cpu_out_data[4] ; CLOCK_50     ; CLOCK2_50   ; 125.000      ; -0.411     ; 47.438     ;
; 77.140 ; gameboy:dut|MMU:mmu|BRAM_handler:memory_units|ROM_BANK:rom0|altsyncram:altsyncram_component|altsyncram_81a1:auto_generated|ram_block1a2         ; gameboy:dut|MMU:mmu|IO_handler:io_registers|cpu_out_data[3] ; CLOCK_50     ; CLOCK2_50   ; 125.000      ; -0.374     ; 47.464     ;
; 77.145 ; gameboy:dut|MMU:mmu|BRAM_handler:memory_units|MM_out_chooser:memory_out_muxer|cpu_memory_selector[0]                                            ; gameboy:dut|MMU:mmu|IO_handler:io_registers|cpu_out_data[0] ; CLOCK_50     ; CLOCK2_50   ; 125.000      ; -0.114     ; 47.719     ;
; 77.147 ; gameboy:dut|MMU:mmu|BRAM_handler:memory_units|ROM_BANK:rom0|altsyncram:altsyncram_component|altsyncram_81a1:auto_generated|ram_block1a26        ; gameboy:dut|MMU:mmu|IO_handler:io_registers|cpu_out_data[5] ; CLOCK_50     ; CLOCK2_50   ; 125.000      ; -0.416     ; 47.415     ;
; 77.203 ; gameboy:dut|MMU:mmu|BRAM_handler:memory_units|ROM_BANK:rom0|altsyncram:altsyncram_component|altsyncram_81a1:auto_generated|ram_block1a26        ; gameboy:dut|MMU:mmu|IO_handler:io_registers|cpu_out_data[0] ; CLOCK_50     ; CLOCK2_50   ; 125.000      ; -0.416     ; 47.359     ;
; 77.221 ; gameboy:dut|MMU:mmu|BRAM_handler:memory_units|ROM_BANK:rom0|altsyncram:altsyncram_component|altsyncram_81a1:auto_generated|ram_block1a0         ; gameboy:dut|MMU:mmu|IO_handler:io_registers|cpu_out_data[2] ; CLOCK_50     ; CLOCK2_50   ; 125.000      ; -0.399     ; 47.358     ;
; 77.233 ; gameboy:dut|MMU:mmu|BRAM_handler:memory_units|ROM_BANK:rom0|altsyncram:altsyncram_component|altsyncram_81a1:auto_generated|ram_block1a21        ; gameboy:dut|MMU:mmu|IO_handler:io_registers|cpu_out_data[6] ; CLOCK_50     ; CLOCK2_50   ; 125.000      ; -0.403     ; 47.342     ;
; 77.246 ; gameboy:dut|MMU:mmu|BRAM_handler:memory_units|ROM_BANK:rom0|altsyncram:altsyncram_component|altsyncram_81a1:auto_generated|ram_block1a10        ; gameboy:dut|MMU:mmu|IO_handler:io_registers|cpu_out_data[7] ; CLOCK_50     ; CLOCK2_50   ; 125.000      ; -0.399     ; 47.333     ;
; 77.258 ; gameboy:dut|MMU:mmu|BRAM_handler:memory_units|ROM_BANK:rom0|altsyncram:altsyncram_component|altsyncram_81a1:auto_generated|ram_block1a9         ; gameboy:dut|MMU:mmu|IO_handler:io_registers|cpu_out_data[1] ; CLOCK_50     ; CLOCK2_50   ; 125.000      ; -0.401     ; 47.319     ;
; 77.261 ; gameboy:dut|MMU:mmu|BRAM_handler:memory_units|ROM_BANK:rom0|altsyncram:altsyncram_component|altsyncram_81a1:auto_generated|ram_block1a10        ; gameboy:dut|MMU:mmu|IO_handler:io_registers|cpu_out_data[3] ; CLOCK_50     ; CLOCK2_50   ; 125.000      ; -0.402     ; 47.315     ;
; 77.269 ; gameboy:dut|MMU:mmu|BRAM_handler:memory_units|ROM_BANK:rom0|altsyncram:altsyncram_component|altsyncram_81a1:auto_generated|ram_block1a14        ; gameboy:dut|MMU:mmu|IO_handler:io_registers|cpu_out_data[7] ; CLOCK_50     ; CLOCK2_50   ; 125.000      ; -0.383     ; 47.326     ;
; 77.275 ; gameboy:dut|MMU:mmu|BRAM_handler:memory_units|MM_out_chooser:memory_out_muxer|cpu_memory_selector[1]                                            ; gameboy:dut|MMU:mmu|IO_handler:io_registers|cpu_out_data[2] ; CLOCK_50     ; CLOCK2_50   ; 125.000      ; -0.114     ; 47.589     ;
; 77.284 ; gameboy:dut|MMU:mmu|BRAM_handler:memory_units|ROM_BANK:rom0|altsyncram:altsyncram_component|altsyncram_81a1:auto_generated|ram_block1a14        ; gameboy:dut|MMU:mmu|IO_handler:io_registers|cpu_out_data[3] ; CLOCK_50     ; CLOCK2_50   ; 125.000      ; -0.386     ; 47.308     ;
; 77.286 ; gameboy:dut|MMU:mmu|BRAM_handler:memory_units|ROM_BANK:rom0|altsyncram:altsyncram_component|altsyncram_81a1:auto_generated|ram_block1a29        ; gameboy:dut|MMU:mmu|IO_handler:io_registers|cpu_out_data[1] ; CLOCK_50     ; CLOCK2_50   ; 125.000      ; -0.373     ; 47.319     ;
; 77.303 ; gameboy:dut|MMU:mmu|BRAM_handler:memory_units|ROM_BANK:rom0|altsyncram:altsyncram_component|altsyncram_81a1:auto_generated|ram_block1a18        ; gameboy:dut|MMU:mmu|IO_handler:io_registers|cpu_out_data[2] ; CLOCK_50     ; CLOCK2_50   ; 125.000      ; -0.411     ; 47.264     ;
; 77.306 ; gameboy:dut|MMU:mmu|BRAM_handler:memory_units|ROM_BANK:rom0|altsyncram:altsyncram_component|altsyncram_81a1:auto_generated|ram_block1a9         ; gameboy:dut|MMU:mmu|IO_handler:io_registers|cpu_out_data[4] ; CLOCK_50     ; CLOCK2_50   ; 125.000      ; -0.396     ; 47.276     ;
; 77.324 ; gameboy:dut|MMU:mmu|BRAM_handler:memory_units|ROM_BANK:rom0|altsyncram:altsyncram_component|altsyncram_81a1:auto_generated|ram_block1a9         ; gameboy:dut|MMU:mmu|IO_handler:io_registers|cpu_out_data[5] ; CLOCK_50     ; CLOCK2_50   ; 125.000      ; -0.401     ; 47.253     ;
; 77.328 ; gameboy:dut|MMU:mmu|BRAM_handler:memory_units|MM_out_chooser:memory_out_muxer|cpu_memory_selector[0]                                            ; gameboy:dut|MMU:mmu|IO_handler:io_registers|cpu_out_data[2] ; CLOCK_50     ; CLOCK2_50   ; 125.000      ; -0.114     ; 47.536     ;
; 77.334 ; gameboy:dut|MMU:mmu|BRAM_handler:memory_units|ROM_BANK:rom0|altsyncram:altsyncram_component|altsyncram_81a1:auto_generated|ram_block1a29        ; gameboy:dut|MMU:mmu|IO_handler:io_registers|cpu_out_data[4] ; CLOCK_50     ; CLOCK2_50   ; 125.000      ; -0.368     ; 47.276     ;
; 77.342 ; gameboy:dut|MMU:mmu|BRAM_handler:memory_units|ROM_BANK:rom0|altsyncram:altsyncram_component|altsyncram_81a1:auto_generated|ram_block1a0         ; gameboy:dut|MMU:mmu|IO_handler:io_registers|cpu_out_data[6] ; CLOCK_50     ; CLOCK2_50   ; 125.000      ; -0.399     ; 47.237     ;
; 77.352 ; gameboy:dut|MMU:mmu|BRAM_handler:memory_units|ROM_BANK:rom0|altsyncram:altsyncram_component|altsyncram_81a1:auto_generated|ram_block1a29        ; gameboy:dut|MMU:mmu|IO_handler:io_registers|cpu_out_data[5] ; CLOCK_50     ; CLOCK2_50   ; 125.000      ; -0.373     ; 47.253     ;
; 77.380 ; gameboy:dut|MMU:mmu|BRAM_handler:memory_units|ROM_BANK:rom0|altsyncram:altsyncram_component|altsyncram_81a1:auto_generated|ram_block1a9         ; gameboy:dut|MMU:mmu|IO_handler:io_registers|cpu_out_data[0] ; CLOCK_50     ; CLOCK2_50   ; 125.000      ; -0.401     ; 47.197     ;
; 77.386 ; gameboy:dut|MMU:mmu|BRAM_handler:memory_units|ROM_BANK:rom0|altsyncram:altsyncram_component|altsyncram_81a1:auto_generated|ram_block1a26        ; gameboy:dut|MMU:mmu|IO_handler:io_registers|cpu_out_data[2] ; CLOCK_50     ; CLOCK2_50   ; 125.000      ; -0.416     ; 47.176     ;
; 77.396 ; gameboy:dut|MMU:mmu|BRAM_handler:memory_units|ROM_BANK:rom0|altsyncram:altsyncram_component|altsyncram_81a1:auto_generated|ram_block1a27        ; gameboy:dut|MMU:mmu|IO_handler:io_registers|cpu_out_data[1] ; CLOCK_50     ; CLOCK2_50   ; 125.000      ; -0.384     ; 47.198     ;
; 77.396 ; gameboy:dut|MMU:mmu|BRAM_handler:memory_units|MM_out_chooser:memory_out_muxer|cpu_memory_selector[1]                                            ; gameboy:dut|MMU:mmu|IO_handler:io_registers|cpu_out_data[6] ; CLOCK_50     ; CLOCK2_50   ; 125.000      ; -0.114     ; 47.468     ;
; 77.408 ; gameboy:dut|MMU:mmu|BRAM_handler:memory_units|ROM_BANK:rom0|altsyncram:altsyncram_component|altsyncram_81a1:auto_generated|ram_block1a29        ; gameboy:dut|MMU:mmu|IO_handler:io_registers|cpu_out_data[0] ; CLOCK_50     ; CLOCK2_50   ; 125.000      ; -0.373     ; 47.197     ;
; 77.408 ; gameboy:dut|MMU:mmu|BRAM_handler:memory_units|MM_out_chooser:memory_out_muxer|cpu_memory_selector[2]                                            ; gameboy:dut|MMU:mmu|IO_handler:io_registers|cpu_out_data[7] ; CLOCK_50     ; CLOCK2_50   ; 125.000      ; -0.109     ; 47.461     ;
; 77.423 ; gameboy:dut|MMU:mmu|BRAM_handler:memory_units|MM_out_chooser:memory_out_muxer|cpu_memory_selector[2]                                            ; gameboy:dut|MMU:mmu|IO_handler:io_registers|cpu_out_data[3] ; CLOCK_50     ; CLOCK2_50   ; 125.000      ; -0.112     ; 47.443     ;
; 77.424 ; gameboy:dut|MMU:mmu|BRAM_handler:memory_units|ROM_BANK:rom0|altsyncram:altsyncram_component|altsyncram_81a1:auto_generated|ram_block1a18        ; gameboy:dut|MMU:mmu|IO_handler:io_registers|cpu_out_data[6] ; CLOCK_50     ; CLOCK2_50   ; 125.000      ; -0.411     ; 47.143     ;
; 77.444 ; gameboy:dut|MMU:mmu|BRAM_handler:memory_units|ROM_BANK:rom0|altsyncram:altsyncram_component|altsyncram_81a1:auto_generated|ram_block1a27        ; gameboy:dut|MMU:mmu|IO_handler:io_registers|cpu_out_data[4] ; CLOCK_50     ; CLOCK2_50   ; 125.000      ; -0.379     ; 47.155     ;
; 77.446 ; gameboy:dut|MMU:mmu|BRAM_handler:memory_units|ROM_BANK:rom0|altsyncram:altsyncram_component|altsyncram_81a1:auto_generated|out_address_reg_a[0] ; gameboy:dut|MMU:mmu|IO_handler:io_registers|cpu_out_data[1] ; CLOCK_50     ; CLOCK2_50   ; 125.000      ; -0.106     ; 47.426     ;
; 77.449 ; gameboy:dut|MMU:mmu|BRAM_handler:memory_units|MM_out_chooser:memory_out_muxer|cpu_memory_selector[0]                                            ; gameboy:dut|MMU:mmu|IO_handler:io_registers|cpu_out_data[6] ; CLOCK_50     ; CLOCK2_50   ; 125.000      ; -0.114     ; 47.415     ;
; 77.462 ; gameboy:dut|MMU:mmu|BRAM_handler:memory_units|ROM_BANK:rom0|altsyncram:altsyncram_component|altsyncram_81a1:auto_generated|ram_block1a27        ; gameboy:dut|MMU:mmu|IO_handler:io_registers|cpu_out_data[5] ; CLOCK_50     ; CLOCK2_50   ; 125.000      ; -0.384     ; 47.132     ;
; 77.485 ; gameboy:dut|MMU:mmu|BRAM_handler:memory_units|ROM_BANK:rom0|altsyncram:altsyncram_component|altsyncram_81a1:auto_generated|ram_block1a3         ; gameboy:dut|MMU:mmu|IO_handler:io_registers|cpu_out_data[1] ; CLOCK_50     ; CLOCK2_50   ; 125.000      ; -0.394     ; 47.099     ;
; 77.494 ; gameboy:dut|MMU:mmu|BRAM_handler:memory_units|ROM_BANK:rom0|altsyncram:altsyncram_component|altsyncram_81a1:auto_generated|out_address_reg_a[0] ; gameboy:dut|MMU:mmu|IO_handler:io_registers|cpu_out_data[4] ; CLOCK_50     ; CLOCK2_50   ; 125.000      ; -0.101     ; 47.383     ;
; 77.507 ; gameboy:dut|MMU:mmu|BRAM_handler:memory_units|ROM_BANK:rom0|altsyncram:altsyncram_component|altsyncram_81a1:auto_generated|ram_block1a26        ; gameboy:dut|MMU:mmu|IO_handler:io_registers|cpu_out_data[6] ; CLOCK_50     ; CLOCK2_50   ; 125.000      ; -0.416     ; 47.055     ;
; 77.512 ; gameboy:dut|MMU:mmu|BRAM_handler:memory_units|ROM_BANK:rom0|altsyncram:altsyncram_component|altsyncram_81a1:auto_generated|out_address_reg_a[0] ; gameboy:dut|MMU:mmu|IO_handler:io_registers|cpu_out_data[5] ; CLOCK_50     ; CLOCK2_50   ; 125.000      ; -0.106     ; 47.360     ;
; 77.518 ; gameboy:dut|MMU:mmu|BRAM_handler:memory_units|ROM_BANK:rom0|altsyncram:altsyncram_component|altsyncram_81a1:auto_generated|ram_block1a27        ; gameboy:dut|MMU:mmu|IO_handler:io_registers|cpu_out_data[0] ; CLOCK_50     ; CLOCK2_50   ; 125.000      ; -0.384     ; 47.076     ;
+--------+-------------------------------------------------------------------------------------------------------------------------------------------------+-------------------------------------------------------------+--------------+-------------+--------------+------------+------------+


+-------------------------------------------------------------------------------------------------------------------------------------------------------------------------------------------------------------------------------------------------------------------------------------------------------------------------------------------------------+
; Slow 1200mV 85C Model Setup: 'CLOCK_50'                                                                                                                                                                                                                                                                                                               ;
+--------+----------------------------------------------------------------------------------------------------+-------------------------------------------------------------------------------------------------------------------------------------------------------------------+--------------+-------------+--------------+------------+------------+
; Slack  ; From Node                                                                                          ; To Node                                                                                                                                                           ; Launch Clock ; Latch Clock ; Relationship ; Clock Skew ; Data Delay ;
+--------+----------------------------------------------------------------------------------------------------+-------------------------------------------------------------------------------------------------------------------------------------------------------------------+--------------+-------------+--------------+------------+------------+
; 78.990 ; gameboy:dut|PPU_Wrapper:ppu|OAM_Search:oam_search|selected_sprites_reg[0].x[0]                     ; gameboy:dut|MMU:mmu|BRAM_handler:memory_units|DUAL_VRAM_8KB:vram0|altsyncram:altsyncram_component|altsyncram_54g2:auto_generated|ram_block1a6~portb_address_reg0  ; CLOCK2_50    ; CLOCK_50    ; 125.000      ; 0.214      ; 46.242     ;
; 79.315 ; gameboy:dut|PPU_Wrapper:ppu|OAM_Search:oam_search|selected_sprites_reg[0].x[0]                     ; gameboy:dut|MMU:mmu|BRAM_handler:memory_units|DUAL_VRAM_8KB:vram0|altsyncram:altsyncram_component|altsyncram_54g2:auto_generated|ram_block1a10~portb_address_reg0 ; CLOCK2_50    ; CLOCK_50    ; 125.000      ; 0.213      ; 45.916     ;
; 79.361 ; gameboy:dut|PPU_Wrapper:ppu|OAM_Search:oam_search|selected_sprites_reg[0].x[1]                     ; gameboy:dut|MMU:mmu|BRAM_handler:memory_units|DUAL_VRAM_8KB:vram0|altsyncram:altsyncram_component|altsyncram_54g2:auto_generated|ram_block1a6~portb_address_reg0  ; CLOCK2_50    ; CLOCK_50    ; 125.000      ; 0.219      ; 45.876     ;
; 79.375 ; gameboy:dut|PPU_Wrapper:ppu|OAM_Search:oam_search|selected_sprites_reg[0].x[0]                     ; gameboy:dut|MMU:mmu|BRAM_handler:memory_units|MM_out_chooser:memory_out_muxer|ppu_select[2]                                                                       ; CLOCK2_50    ; CLOCK_50    ; 125.000      ; -0.141     ; 45.462     ;
; 79.380 ; gameboy:dut|PPU_Wrapper:ppu|OAM_Search:oam_search|selected_sprites_reg[0].x[0]                     ; gameboy:dut|MMU:mmu|BRAM_handler:memory_units|DUAL_VRAM_8KB:vram0|altsyncram:altsyncram_component|altsyncram_54g2:auto_generated|ram_block1a8~portb_address_reg0  ; CLOCK2_50    ; CLOCK_50    ; 125.000      ; 0.211      ; 45.849     ;
; 79.686 ; gameboy:dut|PPU_Wrapper:ppu|OAM_Search:oam_search|selected_sprites_reg[0].x[1]                     ; gameboy:dut|MMU:mmu|BRAM_handler:memory_units|DUAL_VRAM_8KB:vram0|altsyncram:altsyncram_component|altsyncram_54g2:auto_generated|ram_block1a10~portb_address_reg0 ; CLOCK2_50    ; CLOCK_50    ; 125.000      ; 0.218      ; 45.550     ;
; 79.732 ; gameboy:dut|PPU_Wrapper:ppu|Pixel_Gen:Pixel_Gen_inst|Render_Sprites:render_sprites_inst|x_coord[0] ; gameboy:dut|MMU:mmu|BRAM_handler:memory_units|DUAL_VRAM_8KB:vram0|altsyncram:altsyncram_component|altsyncram_54g2:auto_generated|ram_block1a6~portb_address_reg0  ; CLOCK2_50    ; CLOCK_50    ; 125.000      ; 0.214      ; 45.500     ;
; 79.738 ; gameboy:dut|PPU_Wrapper:ppu|Pixel_Gen:Pixel_Gen_inst|Render_Sprites:render_sprites_inst|x_coord[2] ; gameboy:dut|MMU:mmu|BRAM_handler:memory_units|DUAL_VRAM_8KB:vram0|altsyncram:altsyncram_component|altsyncram_54g2:auto_generated|ram_block1a6~portb_address_reg0  ; CLOCK2_50    ; CLOCK_50    ; 125.000      ; 0.210      ; 45.490     ;
; 79.746 ; gameboy:dut|PPU_Wrapper:ppu|OAM_Search:oam_search|selected_sprites_reg[0].x[1]                     ; gameboy:dut|MMU:mmu|BRAM_handler:memory_units|MM_out_chooser:memory_out_muxer|ppu_select[2]                                                                       ; CLOCK2_50    ; CLOCK_50    ; 125.000      ; -0.136     ; 45.096     ;
; 79.751 ; gameboy:dut|PPU_Wrapper:ppu|OAM_Search:oam_search|selected_sprites_reg[0].x[1]                     ; gameboy:dut|MMU:mmu|BRAM_handler:memory_units|DUAL_VRAM_8KB:vram0|altsyncram:altsyncram_component|altsyncram_54g2:auto_generated|ram_block1a8~portb_address_reg0  ; CLOCK2_50    ; CLOCK_50    ; 125.000      ; 0.216      ; 45.483     ;
; 79.778 ; gameboy:dut|PPU_Wrapper:ppu|OAM_Search:oam_search|selected_sprites_reg[0].x[0]                     ; gameboy:dut|MMU:mmu|BRAM_handler:memory_units|DUAL_VRAM_8KB:vram0|altsyncram:altsyncram_component|altsyncram_54g2:auto_generated|ram_block1a13~portb_address_reg0 ; CLOCK2_50    ; CLOCK_50    ; 125.000      ; 0.209      ; 45.449     ;
; 79.823 ; gameboy:dut|PPU_Wrapper:ppu|OAM_Search:oam_search|selected_sprites_reg[0].x[5]                     ; gameboy:dut|MMU:mmu|BRAM_handler:memory_units|DUAL_VRAM_8KB:vram0|altsyncram:altsyncram_component|altsyncram_54g2:auto_generated|ram_block1a6~portb_address_reg0  ; CLOCK2_50    ; CLOCK_50    ; 125.000      ; 0.214      ; 45.409     ;
; 79.824 ; gameboy:dut|PPU_Wrapper:ppu|OAM_Search:oam_search|selected_sprites_reg[0].x[2]                     ; gameboy:dut|MMU:mmu|BRAM_handler:memory_units|DUAL_VRAM_8KB:vram0|altsyncram:altsyncram_component|altsyncram_54g2:auto_generated|ram_block1a6~portb_address_reg0  ; CLOCK2_50    ; CLOCK_50    ; 125.000      ; 0.214      ; 45.408     ;
; 79.971 ; gameboy:dut|PPU_Wrapper:ppu|OAM_Search:oam_search|selected_sprites_reg[0].x[7]                     ; gameboy:dut|MMU:mmu|BRAM_handler:memory_units|DUAL_VRAM_8KB:vram0|altsyncram:altsyncram_component|altsyncram_54g2:auto_generated|ram_block1a6~portb_address_reg0  ; CLOCK2_50    ; CLOCK_50    ; 125.000      ; 0.214      ; 45.261     ;
; 80.022 ; gameboy:dut|PPU_Wrapper:ppu|OAM_Search:oam_search|selected_sprites_reg[0].x[0]                     ; gameboy:dut|MMU:mmu|BRAM_handler:memory_units|OAM_DUALBANK:oam|altsyncram:altsyncram_component|altsyncram_ttf2:auto_generated|ram_block1a0~portb_address_reg0     ; CLOCK2_50    ; CLOCK_50    ; 125.000      ; 0.224      ; 45.220     ;
; 80.032 ; gameboy:dut|PPU_Wrapper:ppu|OAM_Search:oam_search|selected_sprites_reg[0].x[3]                     ; gameboy:dut|MMU:mmu|BRAM_handler:memory_units|DUAL_VRAM_8KB:vram0|altsyncram:altsyncram_component|altsyncram_54g2:auto_generated|ram_block1a6~portb_address_reg0  ; CLOCK2_50    ; CLOCK_50    ; 125.000      ; 0.219      ; 45.205     ;
; 80.044 ; gameboy:dut|PPU_Wrapper:ppu|OAM_Search:oam_search|selected_sprites_reg[0].x[4]                     ; gameboy:dut|MMU:mmu|BRAM_handler:memory_units|DUAL_VRAM_8KB:vram0|altsyncram:altsyncram_component|altsyncram_54g2:auto_generated|ram_block1a6~portb_address_reg0  ; CLOCK2_50    ; CLOCK_50    ; 125.000      ; 0.219      ; 45.193     ;
; 80.057 ; gameboy:dut|PPU_Wrapper:ppu|Pixel_Gen:Pixel_Gen_inst|Render_Sprites:render_sprites_inst|x_coord[0] ; gameboy:dut|MMU:mmu|BRAM_handler:memory_units|DUAL_VRAM_8KB:vram0|altsyncram:altsyncram_component|altsyncram_54g2:auto_generated|ram_block1a10~portb_address_reg0 ; CLOCK2_50    ; CLOCK_50    ; 125.000      ; 0.213      ; 45.174     ;
; 80.063 ; gameboy:dut|PPU_Wrapper:ppu|Pixel_Gen:Pixel_Gen_inst|Render_Sprites:render_sprites_inst|x_coord[2] ; gameboy:dut|MMU:mmu|BRAM_handler:memory_units|DUAL_VRAM_8KB:vram0|altsyncram:altsyncram_component|altsyncram_54g2:auto_generated|ram_block1a10~portb_address_reg0 ; CLOCK2_50    ; CLOCK_50    ; 125.000      ; 0.209      ; 45.164     ;
; 80.117 ; gameboy:dut|PPU_Wrapper:ppu|Pixel_Gen:Pixel_Gen_inst|Render_Sprites:render_sprites_inst|x_coord[0] ; gameboy:dut|MMU:mmu|BRAM_handler:memory_units|MM_out_chooser:memory_out_muxer|ppu_select[2]                                                                       ; CLOCK2_50    ; CLOCK_50    ; 125.000      ; -0.141     ; 44.720     ;
; 80.122 ; gameboy:dut|PPU_Wrapper:ppu|Pixel_Gen:Pixel_Gen_inst|Render_Sprites:render_sprites_inst|x_coord[0] ; gameboy:dut|MMU:mmu|BRAM_handler:memory_units|DUAL_VRAM_8KB:vram0|altsyncram:altsyncram_component|altsyncram_54g2:auto_generated|ram_block1a8~portb_address_reg0  ; CLOCK2_50    ; CLOCK_50    ; 125.000      ; 0.211      ; 45.107     ;
; 80.123 ; gameboy:dut|PPU_Wrapper:ppu|Pixel_Gen:Pixel_Gen_inst|Render_Sprites:render_sprites_inst|x_coord[2] ; gameboy:dut|MMU:mmu|BRAM_handler:memory_units|MM_out_chooser:memory_out_muxer|ppu_select[2]                                                                       ; CLOCK2_50    ; CLOCK_50    ; 125.000      ; -0.145     ; 44.710     ;
; 80.128 ; gameboy:dut|PPU_Wrapper:ppu|Pixel_Gen:Pixel_Gen_inst|Render_Sprites:render_sprites_inst|x_coord[2] ; gameboy:dut|MMU:mmu|BRAM_handler:memory_units|DUAL_VRAM_8KB:vram0|altsyncram:altsyncram_component|altsyncram_54g2:auto_generated|ram_block1a8~portb_address_reg0  ; CLOCK2_50    ; CLOCK_50    ; 125.000      ; 0.207      ; 45.097     ;
; 80.148 ; gameboy:dut|PPU_Wrapper:ppu|OAM_Search:oam_search|selected_sprites_reg[0].x[5]                     ; gameboy:dut|MMU:mmu|BRAM_handler:memory_units|DUAL_VRAM_8KB:vram0|altsyncram:altsyncram_component|altsyncram_54g2:auto_generated|ram_block1a10~portb_address_reg0 ; CLOCK2_50    ; CLOCK_50    ; 125.000      ; 0.213      ; 45.083     ;
; 80.149 ; gameboy:dut|PPU_Wrapper:ppu|OAM_Search:oam_search|selected_sprites_reg[0].x[2]                     ; gameboy:dut|MMU:mmu|BRAM_handler:memory_units|DUAL_VRAM_8KB:vram0|altsyncram:altsyncram_component|altsyncram_54g2:auto_generated|ram_block1a10~portb_address_reg0 ; CLOCK2_50    ; CLOCK_50    ; 125.000      ; 0.213      ; 45.082     ;
; 80.149 ; gameboy:dut|PPU_Wrapper:ppu|OAM_Search:oam_search|selected_sprites_reg[0].x[1]                     ; gameboy:dut|MMU:mmu|BRAM_handler:memory_units|DUAL_VRAM_8KB:vram0|altsyncram:altsyncram_component|altsyncram_54g2:auto_generated|ram_block1a13~portb_address_reg0 ; CLOCK2_50    ; CLOCK_50    ; 125.000      ; 0.214      ; 45.083     ;
; 80.174 ; gameboy:dut|PPU_Wrapper:ppu|Pixel_Gen:Pixel_Gen_inst|Render_Sprites:render_sprites_inst|x_coord[1] ; gameboy:dut|MMU:mmu|BRAM_handler:memory_units|DUAL_VRAM_8KB:vram0|altsyncram:altsyncram_component|altsyncram_54g2:auto_generated|ram_block1a6~portb_address_reg0  ; CLOCK2_50    ; CLOCK_50    ; 125.000      ; 0.214      ; 45.058     ;
; 80.208 ; gameboy:dut|PPU_Wrapper:ppu|OAM_Search:oam_search|selected_sprites_reg[0].x[5]                     ; gameboy:dut|MMU:mmu|BRAM_handler:memory_units|MM_out_chooser:memory_out_muxer|ppu_select[2]                                                                       ; CLOCK2_50    ; CLOCK_50    ; 125.000      ; -0.141     ; 44.629     ;
; 80.209 ; gameboy:dut|PPU_Wrapper:ppu|OAM_Search:oam_search|selected_sprites_reg[0].x[2]                     ; gameboy:dut|MMU:mmu|BRAM_handler:memory_units|MM_out_chooser:memory_out_muxer|ppu_select[2]                                                                       ; CLOCK2_50    ; CLOCK_50    ; 125.000      ; -0.141     ; 44.628     ;
; 80.213 ; gameboy:dut|PPU_Wrapper:ppu|OAM_Search:oam_search|selected_sprites_reg[0].x[5]                     ; gameboy:dut|MMU:mmu|BRAM_handler:memory_units|DUAL_VRAM_8KB:vram0|altsyncram:altsyncram_component|altsyncram_54g2:auto_generated|ram_block1a8~portb_address_reg0  ; CLOCK2_50    ; CLOCK_50    ; 125.000      ; 0.211      ; 45.016     ;
; 80.214 ; gameboy:dut|PPU_Wrapper:ppu|OAM_Search:oam_search|selected_sprites_reg[0].x[2]                     ; gameboy:dut|MMU:mmu|BRAM_handler:memory_units|DUAL_VRAM_8KB:vram0|altsyncram:altsyncram_component|altsyncram_54g2:auto_generated|ram_block1a8~portb_address_reg0  ; CLOCK2_50    ; CLOCK_50    ; 125.000      ; 0.211      ; 45.015     ;
; 80.227 ; gameboy:dut|PPU_Wrapper:ppu|OAM_Search:oam_search|selected_sprites_reg[0].x[0]                     ; gameboy:dut|MMU:mmu|BRAM_handler:memory_units|DUAL_VRAM_8KB:vram0|altsyncram:altsyncram_component|altsyncram_54g2:auto_generated|ram_block1a4~portb_address_reg0  ; CLOCK2_50    ; CLOCK_50    ; 125.000      ; 0.225      ; 45.016     ;
; 80.253 ; gameboy:dut|PPU_Wrapper:ppu|OAM_Search:oam_search|selected_sprites_reg[0].x[0]                     ; gameboy:dut|MMU:mmu|BRAM_handler:memory_units|DUAL_VRAM_8KB:vram0|altsyncram:altsyncram_component|altsyncram_54g2:auto_generated|ram_block1a0~portb_address_reg0  ; CLOCK2_50    ; CLOCK_50    ; 125.000      ; 0.227      ; 44.992     ;
; 80.284 ; gameboy:dut|PPU_Wrapper:ppu|Pixel_Gen:Pixel_Gen_inst|Render_Sprites:render_sprites_inst|x_coord[3] ; gameboy:dut|MMU:mmu|BRAM_handler:memory_units|DUAL_VRAM_8KB:vram0|altsyncram:altsyncram_component|altsyncram_54g2:auto_generated|ram_block1a6~portb_address_reg0  ; CLOCK2_50    ; CLOCK_50    ; 125.000      ; 0.209      ; 44.943     ;
; 80.296 ; gameboy:dut|PPU_Wrapper:ppu|OAM_Search:oam_search|selected_sprites_reg[0].x[7]                     ; gameboy:dut|MMU:mmu|BRAM_handler:memory_units|DUAL_VRAM_8KB:vram0|altsyncram:altsyncram_component|altsyncram_54g2:auto_generated|ram_block1a10~portb_address_reg0 ; CLOCK2_50    ; CLOCK_50    ; 125.000      ; 0.213      ; 44.935     ;
; 80.297 ; gameboy:dut|PPU_Wrapper:ppu|OAM_Search:oam_search|selected_sprites_reg[0].x[0]                     ; gameboy:dut|MMU:mmu|BRAM_handler:memory_units|DUAL_VRAM_8KB:vram0|altsyncram:altsyncram_component|altsyncram_54g2:auto_generated|ram_block1a2~portb_address_reg0  ; CLOCK2_50    ; CLOCK_50    ; 125.000      ; 0.230      ; 44.951     ;
; 80.325 ; gameboy:dut|PPU_Wrapper:ppu|OAM_Search:oam_search|selected_sprites_reg[0].x[0]                     ; gameboy:dut|MMU:mmu|BRAM_handler:memory_units|DUAL_VRAM_8KB:vram0|altsyncram:altsyncram_component|altsyncram_54g2:auto_generated|ram_block1a1~portb_address_reg0  ; CLOCK2_50    ; CLOCK_50    ; 125.000      ; 0.229      ; 44.922     ;
; 80.356 ; gameboy:dut|PPU_Wrapper:ppu|OAM_Search:oam_search|selected_sprites_reg[0].x[7]                     ; gameboy:dut|MMU:mmu|BRAM_handler:memory_units|MM_out_chooser:memory_out_muxer|ppu_select[2]                                                                       ; CLOCK2_50    ; CLOCK_50    ; 125.000      ; -0.141     ; 44.481     ;
; 80.357 ; gameboy:dut|PPU_Wrapper:ppu|OAM_Search:oam_search|selected_sprites_reg[0].x[3]                     ; gameboy:dut|MMU:mmu|BRAM_handler:memory_units|DUAL_VRAM_8KB:vram0|altsyncram:altsyncram_component|altsyncram_54g2:auto_generated|ram_block1a10~portb_address_reg0 ; CLOCK2_50    ; CLOCK_50    ; 125.000      ; 0.218      ; 44.879     ;
; 80.361 ; gameboy:dut|PPU_Wrapper:ppu|OAM_Search:oam_search|selected_sprites_reg[0].x[7]                     ; gameboy:dut|MMU:mmu|BRAM_handler:memory_units|DUAL_VRAM_8KB:vram0|altsyncram:altsyncram_component|altsyncram_54g2:auto_generated|ram_block1a8~portb_address_reg0  ; CLOCK2_50    ; CLOCK_50    ; 125.000      ; 0.211      ; 44.868     ;
; 80.369 ; gameboy:dut|PPU_Wrapper:ppu|OAM_Search:oam_search|selected_sprites_reg[0].x[4]                     ; gameboy:dut|MMU:mmu|BRAM_handler:memory_units|DUAL_VRAM_8KB:vram0|altsyncram:altsyncram_component|altsyncram_54g2:auto_generated|ram_block1a10~portb_address_reg0 ; CLOCK2_50    ; CLOCK_50    ; 125.000      ; 0.218      ; 44.867     ;
; 80.393 ; gameboy:dut|PPU_Wrapper:ppu|OAM_Search:oam_search|selected_sprites_reg[0].x[1]                     ; gameboy:dut|MMU:mmu|BRAM_handler:memory_units|OAM_DUALBANK:oam|altsyncram:altsyncram_component|altsyncram_ttf2:auto_generated|ram_block1a0~portb_address_reg0     ; CLOCK2_50    ; CLOCK_50    ; 125.000      ; 0.229      ; 44.854     ;
; 80.417 ; gameboy:dut|PPU_Wrapper:ppu|OAM_Search:oam_search|selected_sprites_reg[0].x[3]                     ; gameboy:dut|MMU:mmu|BRAM_handler:memory_units|MM_out_chooser:memory_out_muxer|ppu_select[2]                                                                       ; CLOCK2_50    ; CLOCK_50    ; 125.000      ; -0.136     ; 44.425     ;
; 80.422 ; gameboy:dut|PPU_Wrapper:ppu|OAM_Search:oam_search|selected_sprites_reg[0].x[3]                     ; gameboy:dut|MMU:mmu|BRAM_handler:memory_units|DUAL_VRAM_8KB:vram0|altsyncram:altsyncram_component|altsyncram_54g2:auto_generated|ram_block1a8~portb_address_reg0  ; CLOCK2_50    ; CLOCK_50    ; 125.000      ; 0.216      ; 44.812     ;
; 80.423 ; gameboy:dut|PPU_Wrapper:ppu|OAM_Search:oam_search|selected_sprites_reg[0].x[6]                     ; gameboy:dut|MMU:mmu|BRAM_handler:memory_units|DUAL_VRAM_8KB:vram0|altsyncram:altsyncram_component|altsyncram_54g2:auto_generated|ram_block1a6~portb_address_reg0  ; CLOCK2_50    ; CLOCK_50    ; 125.000      ; 0.209      ; 44.804     ;
; 80.426 ; gameboy:dut|PPU_Wrapper:ppu|Pixel_Gen:Pixel_Gen_inst|Render_Sprites:render_sprites_inst|x_coord[4] ; gameboy:dut|MMU:mmu|BRAM_handler:memory_units|DUAL_VRAM_8KB:vram0|altsyncram:altsyncram_component|altsyncram_54g2:auto_generated|ram_block1a6~portb_address_reg0  ; CLOCK2_50    ; CLOCK_50    ; 125.000      ; 0.209      ; 44.801     ;
; 80.429 ; gameboy:dut|PPU_Wrapper:ppu|OAM_Search:oam_search|selected_sprites_reg[0].x[4]                     ; gameboy:dut|MMU:mmu|BRAM_handler:memory_units|MM_out_chooser:memory_out_muxer|ppu_select[2]                                                                       ; CLOCK2_50    ; CLOCK_50    ; 125.000      ; -0.136     ; 44.413     ;
; 80.434 ; gameboy:dut|PPU_Wrapper:ppu|OAM_Search:oam_search|selected_sprites_reg[0].x[4]                     ; gameboy:dut|MMU:mmu|BRAM_handler:memory_units|DUAL_VRAM_8KB:vram0|altsyncram:altsyncram_component|altsyncram_54g2:auto_generated|ram_block1a8~portb_address_reg0  ; CLOCK2_50    ; CLOCK_50    ; 125.000      ; 0.216      ; 44.800     ;
; 80.499 ; gameboy:dut|PPU_Wrapper:ppu|Pixel_Gen:Pixel_Gen_inst|Render_Sprites:render_sprites_inst|x_coord[1] ; gameboy:dut|MMU:mmu|BRAM_handler:memory_units|DUAL_VRAM_8KB:vram0|altsyncram:altsyncram_component|altsyncram_54g2:auto_generated|ram_block1a10~portb_address_reg0 ; CLOCK2_50    ; CLOCK_50    ; 125.000      ; 0.213      ; 44.732     ;
; 80.520 ; gameboy:dut|PPU_Wrapper:ppu|Pixel_Gen:Pixel_Gen_inst|Render_Sprites:render_sprites_inst|x_coord[0] ; gameboy:dut|MMU:mmu|BRAM_handler:memory_units|DUAL_VRAM_8KB:vram0|altsyncram:altsyncram_component|altsyncram_54g2:auto_generated|ram_block1a13~portb_address_reg0 ; CLOCK2_50    ; CLOCK_50    ; 125.000      ; 0.209      ; 44.707     ;
; 80.526 ; gameboy:dut|PPU_Wrapper:ppu|Pixel_Gen:Pixel_Gen_inst|Render_Sprites:render_sprites_inst|x_coord[2] ; gameboy:dut|MMU:mmu|BRAM_handler:memory_units|DUAL_VRAM_8KB:vram0|altsyncram:altsyncram_component|altsyncram_54g2:auto_generated|ram_block1a13~portb_address_reg0 ; CLOCK2_50    ; CLOCK_50    ; 125.000      ; 0.205      ; 44.697     ;
; 80.547 ; gameboy:dut|PPU_Wrapper:ppu|Pixel_Gen:Pixel_Gen_inst|Render_Sprites:render_sprites_inst|x_coord[6] ; gameboy:dut|MMU:mmu|BRAM_handler:memory_units|DUAL_VRAM_8KB:vram0|altsyncram:altsyncram_component|altsyncram_54g2:auto_generated|ram_block1a6~portb_address_reg0  ; CLOCK2_50    ; CLOCK_50    ; 125.000      ; 0.209      ; 44.680     ;
; 80.559 ; gameboy:dut|PPU_Wrapper:ppu|Pixel_Gen:Pixel_Gen_inst|Render_Sprites:render_sprites_inst|x_coord[1] ; gameboy:dut|MMU:mmu|BRAM_handler:memory_units|MM_out_chooser:memory_out_muxer|ppu_select[2]                                                                       ; CLOCK2_50    ; CLOCK_50    ; 125.000      ; -0.141     ; 44.278     ;
; 80.564 ; gameboy:dut|PPU_Wrapper:ppu|Pixel_Gen:Pixel_Gen_inst|Render_Sprites:render_sprites_inst|x_coord[1] ; gameboy:dut|MMU:mmu|BRAM_handler:memory_units|DUAL_VRAM_8KB:vram0|altsyncram:altsyncram_component|altsyncram_54g2:auto_generated|ram_block1a8~portb_address_reg0  ; CLOCK2_50    ; CLOCK_50    ; 125.000      ; 0.211      ; 44.665     ;
; 80.598 ; gameboy:dut|PPU_Wrapper:ppu|OAM_Search:oam_search|selected_sprites_reg[0].x[1]                     ; gameboy:dut|MMU:mmu|BRAM_handler:memory_units|DUAL_VRAM_8KB:vram0|altsyncram:altsyncram_component|altsyncram_54g2:auto_generated|ram_block1a4~portb_address_reg0  ; CLOCK2_50    ; CLOCK_50    ; 125.000      ; 0.230      ; 44.650     ;
; 80.609 ; gameboy:dut|PPU_Wrapper:ppu|Pixel_Gen:Pixel_Gen_inst|Render_Sprites:render_sprites_inst|x_coord[3] ; gameboy:dut|MMU:mmu|BRAM_handler:memory_units|DUAL_VRAM_8KB:vram0|altsyncram:altsyncram_component|altsyncram_54g2:auto_generated|ram_block1a10~portb_address_reg0 ; CLOCK2_50    ; CLOCK_50    ; 125.000      ; 0.208      ; 44.617     ;
; 80.611 ; gameboy:dut|PPU_Wrapper:ppu|OAM_Search:oam_search|selected_sprites_reg[0].x[5]                     ; gameboy:dut|MMU:mmu|BRAM_handler:memory_units|DUAL_VRAM_8KB:vram0|altsyncram:altsyncram_component|altsyncram_54g2:auto_generated|ram_block1a13~portb_address_reg0 ; CLOCK2_50    ; CLOCK_50    ; 125.000      ; 0.209      ; 44.616     ;
; 80.612 ; gameboy:dut|PPU_Wrapper:ppu|OAM_Search:oam_search|selected_sprites_reg[0].x[2]                     ; gameboy:dut|MMU:mmu|BRAM_handler:memory_units|DUAL_VRAM_8KB:vram0|altsyncram:altsyncram_component|altsyncram_54g2:auto_generated|ram_block1a13~portb_address_reg0 ; CLOCK2_50    ; CLOCK_50    ; 125.000      ; 0.209      ; 44.615     ;
; 80.624 ; gameboy:dut|PPU_Wrapper:ppu|OAM_Search:oam_search|selected_sprites_reg[0].x[1]                     ; gameboy:dut|MMU:mmu|BRAM_handler:memory_units|DUAL_VRAM_8KB:vram0|altsyncram:altsyncram_component|altsyncram_54g2:auto_generated|ram_block1a0~portb_address_reg0  ; CLOCK2_50    ; CLOCK_50    ; 125.000      ; 0.232      ; 44.626     ;
; 80.641 ; gameboy:dut|PPU_Wrapper:ppu|Pixel_Gen:Pixel_Gen_inst|Render_Sprites:render_sprites_inst|x_coord[5] ; gameboy:dut|MMU:mmu|BRAM_handler:memory_units|DUAL_VRAM_8KB:vram0|altsyncram:altsyncram_component|altsyncram_54g2:auto_generated|ram_block1a6~portb_address_reg0  ; CLOCK2_50    ; CLOCK_50    ; 125.000      ; 0.209      ; 44.586     ;
; 80.668 ; gameboy:dut|PPU_Wrapper:ppu|OAM_Search:oam_search|selected_sprites_reg[0].x[1]                     ; gameboy:dut|MMU:mmu|BRAM_handler:memory_units|DUAL_VRAM_8KB:vram0|altsyncram:altsyncram_component|altsyncram_54g2:auto_generated|ram_block1a2~portb_address_reg0  ; CLOCK2_50    ; CLOCK_50    ; 125.000      ; 0.235      ; 44.585     ;
; 80.669 ; gameboy:dut|PPU_Wrapper:ppu|Pixel_Gen:Pixel_Gen_inst|Render_Sprites:render_sprites_inst|x_coord[3] ; gameboy:dut|MMU:mmu|BRAM_handler:memory_units|MM_out_chooser:memory_out_muxer|ppu_select[2]                                                                       ; CLOCK2_50    ; CLOCK_50    ; 125.000      ; -0.146     ; 44.163     ;
; 80.674 ; gameboy:dut|PPU_Wrapper:ppu|Pixel_Gen:Pixel_Gen_inst|Render_Sprites:render_sprites_inst|x_coord[3] ; gameboy:dut|MMU:mmu|BRAM_handler:memory_units|DUAL_VRAM_8KB:vram0|altsyncram:altsyncram_component|altsyncram_54g2:auto_generated|ram_block1a8~portb_address_reg0  ; CLOCK2_50    ; CLOCK_50    ; 125.000      ; 0.206      ; 44.550     ;
; 80.696 ; gameboy:dut|PPU_Wrapper:ppu|OAM_Search:oam_search|selected_sprites_reg[0].x[1]                     ; gameboy:dut|MMU:mmu|BRAM_handler:memory_units|DUAL_VRAM_8KB:vram0|altsyncram:altsyncram_component|altsyncram_54g2:auto_generated|ram_block1a1~portb_address_reg0  ; CLOCK2_50    ; CLOCK_50    ; 125.000      ; 0.234      ; 44.556     ;
; 80.748 ; gameboy:dut|PPU_Wrapper:ppu|OAM_Search:oam_search|selected_sprites_reg[0].x[6]                     ; gameboy:dut|MMU:mmu|BRAM_handler:memory_units|DUAL_VRAM_8KB:vram0|altsyncram:altsyncram_component|altsyncram_54g2:auto_generated|ram_block1a10~portb_address_reg0 ; CLOCK2_50    ; CLOCK_50    ; 125.000      ; 0.208      ; 44.478     ;
; 80.751 ; gameboy:dut|PPU_Wrapper:ppu|Pixel_Gen:Pixel_Gen_inst|Render_Sprites:render_sprites_inst|x_coord[4] ; gameboy:dut|MMU:mmu|BRAM_handler:memory_units|DUAL_VRAM_8KB:vram0|altsyncram:altsyncram_component|altsyncram_54g2:auto_generated|ram_block1a10~portb_address_reg0 ; CLOCK2_50    ; CLOCK_50    ; 125.000      ; 0.208      ; 44.475     ;
; 80.759 ; gameboy:dut|PPU_Wrapper:ppu|OAM_Search:oam_search|selected_sprites_reg[0].x[7]                     ; gameboy:dut|MMU:mmu|BRAM_handler:memory_units|DUAL_VRAM_8KB:vram0|altsyncram:altsyncram_component|altsyncram_54g2:auto_generated|ram_block1a13~portb_address_reg0 ; CLOCK2_50    ; CLOCK_50    ; 125.000      ; 0.209      ; 44.468     ;
; 80.764 ; gameboy:dut|PPU_Wrapper:ppu|Pixel_Gen:Pixel_Gen_inst|Render_Sprites:render_sprites_inst|x_coord[0] ; gameboy:dut|MMU:mmu|BRAM_handler:memory_units|OAM_DUALBANK:oam|altsyncram:altsyncram_component|altsyncram_ttf2:auto_generated|ram_block1a0~portb_address_reg0     ; CLOCK2_50    ; CLOCK_50    ; 125.000      ; 0.224      ; 44.478     ;
; 80.770 ; gameboy:dut|PPU_Wrapper:ppu|Pixel_Gen:Pixel_Gen_inst|Render_Sprites:render_sprites_inst|x_coord[2] ; gameboy:dut|MMU:mmu|BRAM_handler:memory_units|OAM_DUALBANK:oam|altsyncram:altsyncram_component|altsyncram_ttf2:auto_generated|ram_block1a0~portb_address_reg0     ; CLOCK2_50    ; CLOCK_50    ; 125.000      ; 0.220      ; 44.468     ;
; 80.802 ; gameboy:dut|PPU_Wrapper:ppu|Pixel_Gen:Pixel_Gen_inst|Render_Sprites:render_sprites_inst|x_coord[9] ; gameboy:dut|MMU:mmu|BRAM_handler:memory_units|DUAL_VRAM_8KB:vram0|altsyncram:altsyncram_component|altsyncram_54g2:auto_generated|ram_block1a6~portb_address_reg0  ; CLOCK2_50    ; CLOCK_50    ; 125.000      ; 0.209      ; 44.425     ;
; 80.808 ; gameboy:dut|PPU_Wrapper:ppu|OAM_Search:oam_search|selected_sprites_reg[0].x[6]                     ; gameboy:dut|MMU:mmu|BRAM_handler:memory_units|MM_out_chooser:memory_out_muxer|ppu_select[2]                                                                       ; CLOCK2_50    ; CLOCK_50    ; 125.000      ; -0.146     ; 44.024     ;
; 80.811 ; gameboy:dut|PPU_Wrapper:ppu|Pixel_Gen:Pixel_Gen_inst|Render_Sprites:render_sprites_inst|x_coord[4] ; gameboy:dut|MMU:mmu|BRAM_handler:memory_units|MM_out_chooser:memory_out_muxer|ppu_select[2]                                                                       ; CLOCK2_50    ; CLOCK_50    ; 125.000      ; -0.146     ; 44.021     ;
; 80.813 ; gameboy:dut|PPU_Wrapper:ppu|OAM_Search:oam_search|selected_sprites_reg[0].x[6]                     ; gameboy:dut|MMU:mmu|BRAM_handler:memory_units|DUAL_VRAM_8KB:vram0|altsyncram:altsyncram_component|altsyncram_54g2:auto_generated|ram_block1a8~portb_address_reg0  ; CLOCK2_50    ; CLOCK_50    ; 125.000      ; 0.206      ; 44.411     ;
; 80.816 ; gameboy:dut|PPU_Wrapper:ppu|Pixel_Gen:Pixel_Gen_inst|Render_Sprites:render_sprites_inst|x_coord[4] ; gameboy:dut|MMU:mmu|BRAM_handler:memory_units|DUAL_VRAM_8KB:vram0|altsyncram:altsyncram_component|altsyncram_54g2:auto_generated|ram_block1a8~portb_address_reg0  ; CLOCK2_50    ; CLOCK_50    ; 125.000      ; 0.206      ; 44.408     ;
; 80.820 ; gameboy:dut|PPU_Wrapper:ppu|OAM_Search:oam_search|selected_sprites_reg[0].x[3]                     ; gameboy:dut|MMU:mmu|BRAM_handler:memory_units|DUAL_VRAM_8KB:vram0|altsyncram:altsyncram_component|altsyncram_54g2:auto_generated|ram_block1a13~portb_address_reg0 ; CLOCK2_50    ; CLOCK_50    ; 125.000      ; 0.214      ; 44.412     ;
; 80.821 ; gameboy:dut|PPU_Wrapper:ppu|Pixel_Gen:Pixel_Gen_inst|Render_Sprites:render_sprites_inst|x_coord[8] ; gameboy:dut|MMU:mmu|BRAM_handler:memory_units|DUAL_VRAM_8KB:vram0|altsyncram:altsyncram_component|altsyncram_54g2:auto_generated|ram_block1a6~portb_address_reg0  ; CLOCK2_50    ; CLOCK_50    ; 125.000      ; 0.209      ; 44.406     ;
; 80.832 ; gameboy:dut|PPU_Wrapper:ppu|OAM_Search:oam_search|selected_sprites_reg[0].x[4]                     ; gameboy:dut|MMU:mmu|BRAM_handler:memory_units|DUAL_VRAM_8KB:vram0|altsyncram:altsyncram_component|altsyncram_54g2:auto_generated|ram_block1a13~portb_address_reg0 ; CLOCK2_50    ; CLOCK_50    ; 125.000      ; 0.214      ; 44.400     ;
; 80.855 ; gameboy:dut|PPU_Wrapper:ppu|OAM_Search:oam_search|selected_sprites_reg[0].x[5]                     ; gameboy:dut|MMU:mmu|BRAM_handler:memory_units|OAM_DUALBANK:oam|altsyncram:altsyncram_component|altsyncram_ttf2:auto_generated|ram_block1a0~portb_address_reg0     ; CLOCK2_50    ; CLOCK_50    ; 125.000      ; 0.224      ; 44.387     ;
; 80.856 ; gameboy:dut|PPU_Wrapper:ppu|OAM_Search:oam_search|selected_sprites_reg[0].x[2]                     ; gameboy:dut|MMU:mmu|BRAM_handler:memory_units|OAM_DUALBANK:oam|altsyncram:altsyncram_component|altsyncram_ttf2:auto_generated|ram_block1a0~portb_address_reg0     ; CLOCK2_50    ; CLOCK_50    ; 125.000      ; 0.224      ; 44.386     ;
; 80.872 ; gameboy:dut|PPU_Wrapper:ppu|Pixel_Gen:Pixel_Gen_inst|Render_Sprites:render_sprites_inst|x_coord[6] ; gameboy:dut|MMU:mmu|BRAM_handler:memory_units|DUAL_VRAM_8KB:vram0|altsyncram:altsyncram_component|altsyncram_54g2:auto_generated|ram_block1a10~portb_address_reg0 ; CLOCK2_50    ; CLOCK_50    ; 125.000      ; 0.208      ; 44.354     ;
; 80.932 ; gameboy:dut|PPU_Wrapper:ppu|Pixel_Gen:Pixel_Gen_inst|Render_Sprites:render_sprites_inst|x_coord[6] ; gameboy:dut|MMU:mmu|BRAM_handler:memory_units|MM_out_chooser:memory_out_muxer|ppu_select[2]                                                                       ; CLOCK2_50    ; CLOCK_50    ; 125.000      ; -0.146     ; 43.900     ;
; 80.937 ; gameboy:dut|PPU_Wrapper:ppu|Pixel_Gen:Pixel_Gen_inst|Render_Sprites:render_sprites_inst|x_coord[6] ; gameboy:dut|MMU:mmu|BRAM_handler:memory_units|DUAL_VRAM_8KB:vram0|altsyncram:altsyncram_component|altsyncram_54g2:auto_generated|ram_block1a8~portb_address_reg0  ; CLOCK2_50    ; CLOCK_50    ; 125.000      ; 0.206      ; 44.287     ;
; 80.962 ; gameboy:dut|PPU_Wrapper:ppu|Pixel_Gen:Pixel_Gen_inst|Render_Sprites:render_sprites_inst|x_coord[1] ; gameboy:dut|MMU:mmu|BRAM_handler:memory_units|DUAL_VRAM_8KB:vram0|altsyncram:altsyncram_component|altsyncram_54g2:auto_generated|ram_block1a13~portb_address_reg0 ; CLOCK2_50    ; CLOCK_50    ; 125.000      ; 0.209      ; 44.265     ;
; 80.966 ; gameboy:dut|PPU_Wrapper:ppu|Pixel_Gen:Pixel_Gen_inst|Render_Sprites:render_sprites_inst|x_coord[5] ; gameboy:dut|MMU:mmu|BRAM_handler:memory_units|DUAL_VRAM_8KB:vram0|altsyncram:altsyncram_component|altsyncram_54g2:auto_generated|ram_block1a10~portb_address_reg0 ; CLOCK2_50    ; CLOCK_50    ; 125.000      ; 0.208      ; 44.260     ;
; 80.969 ; gameboy:dut|PPU_Wrapper:ppu|Pixel_Gen:Pixel_Gen_inst|Render_Sprites:render_sprites_inst|x_coord[0] ; gameboy:dut|MMU:mmu|BRAM_handler:memory_units|DUAL_VRAM_8KB:vram0|altsyncram:altsyncram_component|altsyncram_54g2:auto_generated|ram_block1a4~portb_address_reg0  ; CLOCK2_50    ; CLOCK_50    ; 125.000      ; 0.225      ; 44.274     ;
; 80.975 ; gameboy:dut|PPU_Wrapper:ppu|Pixel_Gen:Pixel_Gen_inst|Render_Sprites:render_sprites_inst|x_coord[2] ; gameboy:dut|MMU:mmu|BRAM_handler:memory_units|DUAL_VRAM_8KB:vram0|altsyncram:altsyncram_component|altsyncram_54g2:auto_generated|ram_block1a4~portb_address_reg0  ; CLOCK2_50    ; CLOCK_50    ; 125.000      ; 0.221      ; 44.264     ;
; 80.995 ; gameboy:dut|PPU_Wrapper:ppu|Pixel_Gen:Pixel_Gen_inst|Render_Sprites:render_sprites_inst|x_coord[0] ; gameboy:dut|MMU:mmu|BRAM_handler:memory_units|DUAL_VRAM_8KB:vram0|altsyncram:altsyncram_component|altsyncram_54g2:auto_generated|ram_block1a0~portb_address_reg0  ; CLOCK2_50    ; CLOCK_50    ; 125.000      ; 0.227      ; 44.250     ;
; 81.001 ; gameboy:dut|PPU_Wrapper:ppu|Pixel_Gen:Pixel_Gen_inst|Render_Sprites:render_sprites_inst|x_coord[2] ; gameboy:dut|MMU:mmu|BRAM_handler:memory_units|DUAL_VRAM_8KB:vram0|altsyncram:altsyncram_component|altsyncram_54g2:auto_generated|ram_block1a0~portb_address_reg0  ; CLOCK2_50    ; CLOCK_50    ; 125.000      ; 0.223      ; 44.240     ;
; 81.003 ; gameboy:dut|PPU_Wrapper:ppu|OAM_Search:oam_search|selected_sprites_reg[0].x[7]                     ; gameboy:dut|MMU:mmu|BRAM_handler:memory_units|OAM_DUALBANK:oam|altsyncram:altsyncram_component|altsyncram_ttf2:auto_generated|ram_block1a0~portb_address_reg0     ; CLOCK2_50    ; CLOCK_50    ; 125.000      ; 0.224      ; 44.239     ;
; 81.026 ; gameboy:dut|PPU_Wrapper:ppu|Pixel_Gen:Pixel_Gen_inst|Render_Sprites:render_sprites_inst|x_coord[5] ; gameboy:dut|MMU:mmu|BRAM_handler:memory_units|MM_out_chooser:memory_out_muxer|ppu_select[2]                                                                       ; CLOCK2_50    ; CLOCK_50    ; 125.000      ; -0.146     ; 43.806     ;
; 81.031 ; gameboy:dut|PPU_Wrapper:ppu|Pixel_Gen:Pixel_Gen_inst|Render_Sprites:render_sprites_inst|x_coord[5] ; gameboy:dut|MMU:mmu|BRAM_handler:memory_units|DUAL_VRAM_8KB:vram0|altsyncram:altsyncram_component|altsyncram_54g2:auto_generated|ram_block1a8~portb_address_reg0  ; CLOCK2_50    ; CLOCK_50    ; 125.000      ; 0.206      ; 44.193     ;
; 81.039 ; gameboy:dut|PPU_Wrapper:ppu|Pixel_Gen:Pixel_Gen_inst|Render_Sprites:render_sprites_inst|x_coord[0] ; gameboy:dut|MMU:mmu|BRAM_handler:memory_units|DUAL_VRAM_8KB:vram0|altsyncram:altsyncram_component|altsyncram_54g2:auto_generated|ram_block1a2~portb_address_reg0  ; CLOCK2_50    ; CLOCK_50    ; 125.000      ; 0.230      ; 44.209     ;
; 81.045 ; gameboy:dut|PPU_Wrapper:ppu|Pixel_Gen:Pixel_Gen_inst|Render_Sprites:render_sprites_inst|x_coord[2] ; gameboy:dut|MMU:mmu|BRAM_handler:memory_units|DUAL_VRAM_8KB:vram0|altsyncram:altsyncram_component|altsyncram_54g2:auto_generated|ram_block1a2~portb_address_reg0  ; CLOCK2_50    ; CLOCK_50    ; 125.000      ; 0.226      ; 44.199     ;
; 81.060 ; gameboy:dut|PPU_Wrapper:ppu|OAM_Search:oam_search|selected_count[1]                                ; gameboy:dut|MMU:mmu|BRAM_handler:memory_units|DUAL_VRAM_8KB:vram0|altsyncram:altsyncram_component|altsyncram_54g2:auto_generated|ram_block1a6~portb_address_reg0  ; CLOCK2_50    ; CLOCK_50    ; 125.000      ; 0.207      ; 44.165     ;
; 81.060 ; gameboy:dut|PPU_Wrapper:ppu|OAM_Search:oam_search|selected_sprites_reg[0].x[5]                     ; gameboy:dut|MMU:mmu|BRAM_handler:memory_units|DUAL_VRAM_8KB:vram0|altsyncram:altsyncram_component|altsyncram_54g2:auto_generated|ram_block1a4~portb_address_reg0  ; CLOCK2_50    ; CLOCK_50    ; 125.000      ; 0.225      ; 44.183     ;
; 81.061 ; gameboy:dut|PPU_Wrapper:ppu|OAM_Search:oam_search|selected_sprites_reg[0].x[2]                     ; gameboy:dut|MMU:mmu|BRAM_handler:memory_units|DUAL_VRAM_8KB:vram0|altsyncram:altsyncram_component|altsyncram_54g2:auto_generated|ram_block1a4~portb_address_reg0  ; CLOCK2_50    ; CLOCK_50    ; 125.000      ; 0.225      ; 44.182     ;
; 81.064 ; gameboy:dut|PPU_Wrapper:ppu|OAM_Search:oam_search|selected_sprites_reg[0].x[3]                     ; gameboy:dut|MMU:mmu|BRAM_handler:memory_units|OAM_DUALBANK:oam|altsyncram:altsyncram_component|altsyncram_ttf2:auto_generated|ram_block1a0~portb_address_reg0     ; CLOCK2_50    ; CLOCK_50    ; 125.000      ; 0.229      ; 44.183     ;
; 81.067 ; gameboy:dut|PPU_Wrapper:ppu|Pixel_Gen:Pixel_Gen_inst|Render_Sprites:render_sprites_inst|x_coord[0] ; gameboy:dut|MMU:mmu|BRAM_handler:memory_units|DUAL_VRAM_8KB:vram0|altsyncram:altsyncram_component|altsyncram_54g2:auto_generated|ram_block1a1~portb_address_reg0  ; CLOCK2_50    ; CLOCK_50    ; 125.000      ; 0.229      ; 44.180     ;
; 81.072 ; gameboy:dut|PPU_Wrapper:ppu|Pixel_Gen:Pixel_Gen_inst|Render_Sprites:render_sprites_inst|x_coord[3] ; gameboy:dut|MMU:mmu|BRAM_handler:memory_units|DUAL_VRAM_8KB:vram0|altsyncram:altsyncram_component|altsyncram_54g2:auto_generated|ram_block1a13~portb_address_reg0 ; CLOCK2_50    ; CLOCK_50    ; 125.000      ; 0.204      ; 44.150     ;
; 81.073 ; gameboy:dut|PPU_Wrapper:ppu|Pixel_Gen:Pixel_Gen_inst|Render_Sprites:render_sprites_inst|x_coord[2] ; gameboy:dut|MMU:mmu|BRAM_handler:memory_units|DUAL_VRAM_8KB:vram0|altsyncram:altsyncram_component|altsyncram_54g2:auto_generated|ram_block1a1~portb_address_reg0  ; CLOCK2_50    ; CLOCK_50    ; 125.000      ; 0.225      ; 44.170     ;
+--------+----------------------------------------------------------------------------------------------------+-------------------------------------------------------------------------------------------------------------------------------------------------------------------+--------------+-------------+--------------+------------+------------+


+-----------------------------------------------------------------------------------------------------------------------------------------------------------------------------------------------------------------------------------------------------------------------------------------------------+
; Slow 1200mV 85C Model Hold: 'CLOCK2_50'                                                                                                                                                                                                                                                             ;
+-------+-----------------------------------------------------------------------------------------------------------+-----------------------------------------------------------------------------------------------------------+--------------+-------------+--------------+------------+------------+
; Slack ; From Node                                                                                                 ; To Node                                                                                                   ; Launch Clock ; Latch Clock ; Relationship ; Clock Skew ; Data Delay ;
+-------+-----------------------------------------------------------------------------------------------------------+-----------------------------------------------------------------------------------------------------------+--------------+-------------+--------------+------------+------------+
; 0.401 ; gameboy:dut|PPU_Wrapper:ppu|Pixel_Gen:Pixel_Gen_inst|Render_Sprites:render_sprites_inst|x_coord[8]        ; gameboy:dut|PPU_Wrapper:ppu|Pixel_Gen:Pixel_Gen_inst|Render_Sprites:render_sprites_inst|x_coord[8]        ; CLOCK2_50    ; CLOCK2_50   ; 0.000        ; 0.082      ; 0.669      ;
; 0.401 ; gameboy:dut|PPU_Wrapper:ppu|Pixel_Gen:Pixel_Gen_inst|Render_Sprites:render_sprites_inst|x_coord[9]        ; gameboy:dut|PPU_Wrapper:ppu|Pixel_Gen:Pixel_Gen_inst|Render_Sprites:render_sprites_inst|x_coord[9]        ; CLOCK2_50    ; CLOCK2_50   ; 0.000        ; 0.082      ; 0.669      ;
; 0.401 ; gameboy:dut|PPU_Wrapper:ppu|Pixel_Gen:Pixel_Gen_inst|Render_Sprites:render_sprites_inst|state.IDLE        ; gameboy:dut|PPU_Wrapper:ppu|Pixel_Gen:Pixel_Gen_inst|Render_Sprites:render_sprites_inst|state.IDLE        ; CLOCK2_50    ; CLOCK2_50   ; 0.000        ; 0.082      ; 0.669      ;
; 0.401 ; gameboy:dut|MMU:mmu|IO_handler:io_registers|start_dma                                                     ; gameboy:dut|MMU:mmu|IO_handler:io_registers|start_dma                                                     ; CLOCK2_50    ; CLOCK2_50   ; 0.000        ; 0.082      ; 0.669      ;
; 0.401 ; gameboy:dut|PPU_Wrapper:ppu|OAM_Search:oam_search|selected_count[2]                                       ; gameboy:dut|PPU_Wrapper:ppu|OAM_Search:oam_search|selected_count[2]                                       ; CLOCK2_50    ; CLOCK2_50   ; 0.000        ; 0.082      ; 0.669      ;
; 0.401 ; gameboy:dut|PPU_Wrapper:ppu|OAM_Search:oam_search|sort_i[2]                                               ; gameboy:dut|PPU_Wrapper:ppu|OAM_Search:oam_search|sort_i[2]                                               ; CLOCK2_50    ; CLOCK2_50   ; 0.000        ; 0.082      ; 0.669      ;
; 0.401 ; gameboy:dut|PPU_Wrapper:ppu|OAM_Search:oam_search|sort_i[1]                                               ; gameboy:dut|PPU_Wrapper:ppu|OAM_Search:oam_search|sort_i[1]                                               ; CLOCK2_50    ; CLOCK2_50   ; 0.000        ; 0.082      ; 0.669      ;
; 0.401 ; gameboy:dut|PPU_Wrapper:ppu|OAM_Search:oam_search|sort_i[3]                                               ; gameboy:dut|PPU_Wrapper:ppu|OAM_Search:oam_search|sort_i[3]                                               ; CLOCK2_50    ; CLOCK2_50   ; 0.000        ; 0.082      ; 0.669      ;
; 0.401 ; gameboy:dut|PPU_Wrapper:ppu|OAM_Search:oam_search|sort_j[3]                                               ; gameboy:dut|PPU_Wrapper:ppu|OAM_Search:oam_search|sort_j[3]                                               ; CLOCK2_50    ; CLOCK2_50   ; 0.000        ; 0.082      ; 0.669      ;
; 0.401 ; gameboy:dut|PPU_Wrapper:ppu|OAM_Search:oam_search|sort_phase                                              ; gameboy:dut|PPU_Wrapper:ppu|OAM_Search:oam_search|sort_phase                                              ; CLOCK2_50    ; CLOCK2_50   ; 0.000        ; 0.082      ; 0.669      ;
; 0.401 ; gameboy:dut|PPU_Wrapper:ppu|OAM_Search:oam_search|state.OAM_SORT                                          ; gameboy:dut|PPU_Wrapper:ppu|OAM_Search:oam_search|state.OAM_SORT                                          ; CLOCK2_50    ; CLOCK2_50   ; 0.000        ; 0.082      ; 0.669      ;
; 0.401 ; gameboy:dut|PPU_Wrapper:ppu|OAM_Search:oam_search|selected_count[3]                                       ; gameboy:dut|PPU_Wrapper:ppu|OAM_Search:oam_search|selected_count[3]                                       ; CLOCK2_50    ; CLOCK2_50   ; 0.000        ; 0.082      ; 0.669      ;
; 0.401 ; gameboy:dut|PPU_Wrapper:ppu|OAM_Search:oam_search|selected_count[1]                                       ; gameboy:dut|PPU_Wrapper:ppu|OAM_Search:oam_search|selected_count[1]                                       ; CLOCK2_50    ; CLOCK2_50   ; 0.000        ; 0.082      ; 0.669      ;
; 0.401 ; gameboy:dut|PPU_Wrapper:ppu|OAM_Search:oam_search|selected_count[0]                                       ; gameboy:dut|PPU_Wrapper:ppu|OAM_Search:oam_search|selected_count[0]                                       ; CLOCK2_50    ; CLOCK2_50   ; 0.000        ; 0.082      ; 0.669      ;
; 0.401 ; gameboy:dut|PPU_Wrapper:ppu|OAM_Search:oam_search|state.OAM_FETCH                                         ; gameboy:dut|PPU_Wrapper:ppu|OAM_Search:oam_search|state.OAM_FETCH                                         ; CLOCK2_50    ; CLOCK2_50   ; 0.000        ; 0.082      ; 0.669      ;
; 0.401 ; gameboy:dut|PPU_Wrapper:ppu|OAM_Search:oam_search|state.OAM_IDLE                                          ; gameboy:dut|PPU_Wrapper:ppu|OAM_Search:oam_search|state.OAM_IDLE                                          ; CLOCK2_50    ; CLOCK2_50   ; 0.000        ; 0.082      ; 0.669      ;
; 0.401 ; gameboy:dut|MMU:mmu|BRAM_handler:memory_units|DMA_controller:dma_guy|state.FINISHED                       ; gameboy:dut|MMU:mmu|BRAM_handler:memory_units|DMA_controller:dma_guy|state.FINISHED                       ; CLOCK2_50    ; CLOCK2_50   ; 0.000        ; 0.082      ; 0.669      ;
; 0.401 ; gameboy:dut|PPU_Wrapper:ppu|Pixel_Gen:Pixel_Gen_inst|Render_Sprites:render_sprites_inst|state.DUMP_PIXELS ; gameboy:dut|PPU_Wrapper:ppu|Pixel_Gen:Pixel_Gen_inst|Render_Sprites:render_sprites_inst|state.DUMP_PIXELS ; CLOCK2_50    ; CLOCK2_50   ; 0.000        ; 0.082      ; 0.669      ;
; 0.402 ; gameboy:dut|PPU_Wrapper:ppu|Pixel_Gen:Pixel_Gen_inst|Render_BG:render_bg_inst|bg_done                     ; gameboy:dut|PPU_Wrapper:ppu|Pixel_Gen:Pixel_Gen_inst|Render_BG:render_bg_inst|bg_done                     ; CLOCK2_50    ; CLOCK2_50   ; 0.000        ; 0.081      ; 0.669      ;
; 0.402 ; gameboy:dut|PPU_Wrapper:ppu|Pixel_Gen:Pixel_Gen_inst|Render_Sprites:render_sprites_inst|sprite_done       ; gameboy:dut|PPU_Wrapper:ppu|Pixel_Gen:Pixel_Gen_inst|Render_Sprites:render_sprites_inst|sprite_done       ; CLOCK2_50    ; CLOCK2_50   ; 0.000        ; 0.081      ; 0.669      ;
; 0.402 ; gameboy:dut|PPU_Wrapper:ppu|Pixel_Gen:Pixel_Gen_inst|Render_BG:render_bg_inst|pixel_index[2]              ; gameboy:dut|PPU_Wrapper:ppu|Pixel_Gen:Pixel_Gen_inst|Render_BG:render_bg_inst|pixel_index[2]              ; CLOCK2_50    ; CLOCK2_50   ; 0.000        ; 0.081      ; 0.669      ;
; 0.402 ; gameboy:dut|PPU_Wrapper:ppu|Pixel_Gen:Pixel_Gen_inst|Render_BG:render_bg_inst|pixel_index[1]              ; gameboy:dut|PPU_Wrapper:ppu|Pixel_Gen:Pixel_Gen_inst|Render_BG:render_bg_inst|pixel_index[1]              ; CLOCK2_50    ; CLOCK2_50   ; 0.000        ; 0.081      ; 0.669      ;
; 0.402 ; gameboy:dut|PPU_Wrapper:ppu|Pixel_Gen:Pixel_Gen_inst|Render_BG:render_bg_inst|pixel_index[0]              ; gameboy:dut|PPU_Wrapper:ppu|Pixel_Gen:Pixel_Gen_inst|Render_BG:render_bg_inst|pixel_index[0]              ; CLOCK2_50    ; CLOCK2_50   ; 0.000        ; 0.081      ; 0.669      ;
; 0.402 ; gameboy:dut|PPU_Wrapper:ppu|Pixel_Gen:Pixel_Gen_inst|Render_BG:render_bg_inst|state.BG_IDLE               ; gameboy:dut|PPU_Wrapper:ppu|Pixel_Gen:Pixel_Gen_inst|Render_BG:render_bg_inst|state.BG_IDLE               ; CLOCK2_50    ; CLOCK2_50   ; 0.000        ; 0.081      ; 0.669      ;
; 0.402 ; gameboy:dut|cpu:cpu|decoder:decoder|flopenr:imereg|q[0]                                                   ; gameboy:dut|cpu:cpu|decoder:decoder|flopenr:imereg|q[0]                                                   ; CLOCK2_50    ; CLOCK2_50   ; 0.000        ; 0.081      ; 0.669      ;
; 0.402 ; gameboy:dut|cpu:cpu|decoder:decoder|flopr:mpcflop|q[7]                                                    ; gameboy:dut|cpu:cpu|decoder:decoder|flopr:mpcflop|q[7]                                                    ; CLOCK2_50    ; CLOCK2_50   ; 0.000        ; 0.081      ; 0.669      ;
; 0.402 ; gameboy:dut|MMU:mmu|IO_handler:io_registers|NR52_R[7]                                                     ; gameboy:dut|MMU:mmu|IO_handler:io_registers|NR52_R[7]                                                     ; CLOCK2_50    ; CLOCK2_50   ; 0.000        ; 0.081      ; 0.669      ;
; 0.402 ; gameboy:dut|PPU_Wrapper:ppu|Pixel_Gen:Pixel_Gen_inst|Render_Sprites:render_sprites_inst|pixel_index[2]    ; gameboy:dut|PPU_Wrapper:ppu|Pixel_Gen:Pixel_Gen_inst|Render_Sprites:render_sprites_inst|pixel_index[2]    ; CLOCK2_50    ; CLOCK2_50   ; 0.000        ; 0.081      ; 0.669      ;
; 0.402 ; gameboy:dut|PPU_Wrapper:ppu|Pixel_Gen:Pixel_Gen_inst|Render_Sprites:render_sprites_inst|pixel_index[1]    ; gameboy:dut|PPU_Wrapper:ppu|Pixel_Gen:Pixel_Gen_inst|Render_Sprites:render_sprites_inst|pixel_index[1]    ; CLOCK2_50    ; CLOCK2_50   ; 0.000        ; 0.081      ; 0.669      ;
; 0.406 ; gameboy:dut|PPU_Wrapper:ppu|OAM_Search:oam_search|sort_i[0]                                               ; gameboy:dut|PPU_Wrapper:ppu|OAM_Search:oam_search|sort_i[0]                                               ; CLOCK2_50    ; CLOCK2_50   ; 0.000        ; 0.082      ; 0.674      ;
; 0.406 ; gameboy:dut|PPU_Wrapper:ppu|OAM_Search:oam_search|sort_j[2]                                               ; gameboy:dut|PPU_Wrapper:ppu|OAM_Search:oam_search|sort_j[2]                                               ; CLOCK2_50    ; CLOCK2_50   ; 0.000        ; 0.082      ; 0.674      ;
; 0.407 ; gameboy:dut|PPU_Wrapper:ppu|Pixel_Gen:Pixel_Gen_inst|Render_Sprites:render_sprites_inst|pixel_index[0]    ; gameboy:dut|PPU_Wrapper:ppu|Pixel_Gen:Pixel_Gen_inst|Render_Sprites:render_sprites_inst|pixel_index[0]    ; CLOCK2_50    ; CLOCK2_50   ; 0.000        ; 0.081      ; 0.674      ;
; 0.408 ; gameboy:dut|cpu:cpu|decoder:decoder|flopr:cbprereg|q[0]                                                   ; gameboy:dut|cpu:cpu|decoder:decoder|flopr:cbprereg|q[0]                                                   ; CLOCK2_50    ; CLOCK2_50   ; 0.000        ; 0.080      ; 0.674      ;
; 0.424 ; gameboy:dut|MMU:mmu|BRAM_handler:memory_units|DMA_controller:dma_guy|Counter:cycle_cnter|Q[11]            ; gameboy:dut|MMU:mmu|BRAM_handler:memory_units|DMA_controller:dma_guy|Counter:cycle_cnter|Q[11]            ; CLOCK2_50    ; CLOCK2_50   ; 0.000        ; 0.082      ; 0.692      ;
; 0.427 ; gameboy:dut|PPU_Wrapper:ppu|Pixel_Gen:Pixel_Gen_inst|Render_BG:render_bg_inst|state.BG_DONE               ; gameboy:dut|PPU_Wrapper:ppu|Pixel_Gen:Pixel_Gen_inst|Render_BG:render_bg_inst|state.BG_IDLE               ; CLOCK2_50    ; CLOCK2_50   ; 0.000        ; 0.081      ; 0.694      ;
; 0.428 ; gameboy:dut|MMU:mmu|IO_handler:io_registers|TMA_R[0]                                                      ; gameboy:dut|MMU:mmu|IO_handler:io_registers|TIMA_R[0]                                                     ; CLOCK2_50    ; CLOCK2_50   ; 0.000        ; 0.081      ; 0.695      ;
; 0.439 ; gameboy:dut|PPU_Wrapper:ppu|Pixel_Gen:Pixel_Gen_inst|Render_BG:render_bg_inst|state.BG_DONE               ; gameboy:dut|PPU_Wrapper:ppu|Pixel_Gen:Pixel_Gen_inst|Render_BG:render_bg_inst|bg_done                     ; CLOCK2_50    ; CLOCK2_50   ; 0.000        ; 0.081      ; 0.706      ;
; 0.440 ; gameboy:dut|PPU_Wrapper:ppu|OAM_Search:oam_search|sort_i[0]                                               ; gameboy:dut|PPU_Wrapper:ppu|OAM_Search:oam_search|sort_i[2]                                               ; CLOCK2_50    ; CLOCK2_50   ; 0.000        ; 0.082      ; 0.708      ;
; 0.442 ; gameboy:dut|MMU:mmu|IO_handler:io_registers|divider_ticks[10]                                             ; gameboy:dut|MMU:mmu|IO_handler:io_registers|divider_ticks[10]                                             ; CLOCK2_50    ; CLOCK2_50   ; 0.000        ; 0.081      ; 0.709      ;
; 0.442 ; gameboy:dut|PPU_Wrapper:ppu|OAM_Search:oam_search|sort_i[0]                                               ; gameboy:dut|PPU_Wrapper:ppu|OAM_Search:oam_search|sort_i[1]                                               ; CLOCK2_50    ; CLOCK2_50   ; 0.000        ; 0.082      ; 0.710      ;
; 0.443 ; gameboy:dut|PPU_Wrapper:ppu|Pixel_Gen:Pixel_Gen_inst|Render_BG:render_bg_inst|pixel_index[0]              ; gameboy:dut|PPU_Wrapper:ppu|Pixel_Gen:Pixel_Gen_inst|Render_BG:render_bg_inst|pixel_index[2]              ; CLOCK2_50    ; CLOCK2_50   ; 0.000        ; 0.081      ; 0.710      ;
; 0.444 ; gameboy:dut|PPU_Wrapper:ppu|Pixel_Gen:Pixel_Gen_inst|Render_Sprites:render_sprites_inst|pixel_index[1]    ; gameboy:dut|PPU_Wrapper:ppu|Pixel_Gen:Pixel_Gen_inst|Render_Sprites:render_sprites_inst|pixel_index[2]    ; CLOCK2_50    ; CLOCK2_50   ; 0.000        ; 0.081      ; 0.711      ;
; 0.448 ; gameboy:dut|PPU_Wrapper:ppu|Pixel_Gen:Pixel_Gen_inst|FIFO:sprite_fifo_inst|count[6]                       ; gameboy:dut|PPU_Wrapper:ppu|Pixel_Gen:Pixel_Gen_inst|FIFO:sprite_fifo_inst|count[6]                       ; CLOCK2_50    ; CLOCK2_50   ; 0.000        ; 0.082      ; 0.716      ;
; 0.450 ; gameboy:dut|PPU_Wrapper:ppu|PPU_Mode_controller:mode_ctrl|dot[7]                                          ; gameboy:dut|PPU_Wrapper:ppu|PPU_Mode_controller:mode_ctrl|fifo_clear                                      ; CLOCK2_50    ; CLOCK2_50   ; 0.000        ; 0.081      ; 0.717      ;
; 0.451 ; gameboy:dut|PPU_Wrapper:ppu|Pixel_Gen:Pixel_Gen_inst|Render_Sprites:render_sprites_inst|pixel_index[0]    ; gameboy:dut|PPU_Wrapper:ppu|Pixel_Gen:Pixel_Gen_inst|Render_Sprites:render_sprites_inst|pixel_index[1]    ; CLOCK2_50    ; CLOCK2_50   ; 0.000        ; 0.081      ; 0.718      ;
; 0.472 ; gameboy:dut|PPU_Wrapper:ppu|Pixel_Gen:Pixel_Gen_inst|Render_BG:render_bg_inst|state.BG_IDLE               ; gameboy:dut|PPU_Wrapper:ppu|Pixel_Gen:Pixel_Gen_inst|Render_BG:render_bg_inst|state.BG_FETCH_TILE         ; CLOCK2_50    ; CLOCK2_50   ; 0.000        ; 0.081      ; 0.739      ;
; 0.482 ; gameboy:dut|PPU_Wrapper:ppu|Pixel_Gen:Pixel_Gen_inst|Render_BG:render_bg_inst|state.BG_IDLE               ; gameboy:dut|PPU_Wrapper:ppu|Pixel_Gen:Pixel_Gen_inst|Render_BG:render_bg_inst|pixel_index[1]              ; CLOCK2_50    ; CLOCK2_50   ; 0.000        ; 0.081      ; 0.749      ;
; 0.518 ; gameboy:dut|PPU_Wrapper:ppu|Pixel_Gen:Pixel_Gen_inst|Render_BG:render_bg_inst|state.BG_PROCESS_PIXELS     ; gameboy:dut|PPU_Wrapper:ppu|Pixel_Gen:Pixel_Gen_inst|Render_BG:render_bg_inst|pixel_index[0]              ; CLOCK2_50    ; CLOCK2_50   ; 0.000        ; 0.081      ; 0.785      ;
; 0.551 ; gameboy:dut|MMU:mmu|IO_handler:io_registers|TMA_R[2]                                                      ; gameboy:dut|MMU:mmu|IO_handler:io_registers|TIMA_R[2]                                                     ; CLOCK2_50    ; CLOCK2_50   ; 0.000        ; 0.082      ; 0.819      ;
; 0.552 ; gameboy:dut|MMU:mmu|IO_handler:io_registers|TMA_R[6]                                                      ; gameboy:dut|MMU:mmu|IO_handler:io_registers|TIMA_R[6]                                                     ; CLOCK2_50    ; CLOCK2_50   ; 0.000        ; 0.081      ; 0.819      ;
; 0.575 ; gameboy:dut|PPU_Wrapper:ppu|PPU_Mode_controller:mode_ctrl|dot[8]                                          ; gameboy:dut|PPU_Wrapper:ppu|PPU_Mode_controller:mode_ctrl|fifo_clear                                      ; CLOCK2_50    ; CLOCK2_50   ; 0.000        ; 0.081      ; 0.842      ;
; 0.586 ; gameboy:dut|MMU:mmu|IO_handler:io_registers|TMA_R[3]                                                      ; gameboy:dut|MMU:mmu|IO_handler:io_registers|TIMA_R[3]                                                     ; CLOCK2_50    ; CLOCK2_50   ; 0.000        ; 0.081      ; 0.853      ;
; 0.595 ; gameboy:dut|PPU_Wrapper:ppu|Pixel_Gen:Pixel_Gen_inst|Render_Sprites:render_sprites_inst|state.SCAN_CHECK  ; gameboy:dut|PPU_Wrapper:ppu|Pixel_Gen:Pixel_Gen_inst|Render_Sprites:render_sprites_inst|state.DONE        ; CLOCK2_50    ; CLOCK2_50   ; 0.000        ; 0.082      ; 0.863      ;
; 0.598 ; gameboy:dut|PPU_Wrapper:ppu|Pixel_Gen:Pixel_Gen_inst|Render_Sprites:render_sprites_inst|state.SCAN_CHECK  ; gameboy:dut|PPU_Wrapper:ppu|Pixel_Gen:Pixel_Gen_inst|Render_Sprites:render_sprites_inst|state.FETCH_TILE  ; CLOCK2_50    ; CLOCK2_50   ; 0.000        ; 0.082      ; 0.866      ;
; 0.604 ; gameboy:dut|MMU:mmu|BRAM_handler:memory_units|DMA_controller:dma_guy|state.WRITING                        ; gameboy:dut|MMU:mmu|BRAM_handler:memory_units|DMA_controller:dma_guy|state.READING                        ; CLOCK2_50    ; CLOCK2_50   ; 0.000        ; 0.082      ; 0.872      ;
; 0.616 ; gameboy:dut|PPU_Wrapper:ppu|Pixel_Gen:Pixel_Gen_inst|Render_Sprites:render_sprites_inst|sprite_done       ; gameboy:dut|PPU_Wrapper:ppu|PPU_Mode_controller:mode_ctrl|mode[0]                                         ; CLOCK2_50    ; CLOCK2_50   ; 0.000        ; 0.082      ; 0.884      ;
; 0.616 ; gameboy:dut|PPU_Wrapper:ppu|OAM_Search:oam_search|state.OAM_SORT                                          ; gameboy:dut|PPU_Wrapper:ppu|OAM_Search:oam_search|state.OAM_DONE                                          ; CLOCK2_50    ; CLOCK2_50   ; 0.000        ; 0.082      ; 0.884      ;
; 0.627 ; gameboy:dut|PPU_Wrapper:ppu|Pixel_Gen:Pixel_Gen_inst|Render_Sprites:render_sprites_inst|sprite_done       ; gameboy:dut|PPU_Wrapper:ppu|PPU_Mode_controller:mode_ctrl|mode[1]                                         ; CLOCK2_50    ; CLOCK2_50   ; 0.000        ; 0.082      ; 0.895      ;
; 0.635 ; gameboy:dut|MMU:mmu|IO_handler:io_registers|TMA_R[4]                                                      ; gameboy:dut|MMU:mmu|IO_handler:io_registers|TIMA_R[4]                                                     ; CLOCK2_50    ; CLOCK2_50   ; 0.000        ; 0.082      ; 0.903      ;
; 0.635 ; gameboy:dut|MMU:mmu|IO_handler:io_registers|TMA_R[7]                                                      ; gameboy:dut|MMU:mmu|IO_handler:io_registers|TIMA_R[7]                                                     ; CLOCK2_50    ; CLOCK2_50   ; 0.000        ; 0.082      ; 0.903      ;
; 0.637 ; gameboy:dut|PPU_Wrapper:ppu|Pixel_Gen:Pixel_Gen_inst|Render_BG:render_bg_inst|state.BG_FETCH_TILE_DATA    ; gameboy:dut|PPU_Wrapper:ppu|Pixel_Gen:Pixel_Gen_inst|Render_BG:render_bg_inst|state.BG_PROCESS_PIXELS     ; CLOCK2_50    ; CLOCK2_50   ; 0.000        ; 0.081      ; 0.904      ;
; 0.640 ; gameboy:dut|MMU:mmu|IO_handler:io_registers|divider_ticks[3]                                              ; gameboy:dut|MMU:mmu|IO_handler:io_registers|divider_ticks[3]                                              ; CLOCK2_50    ; CLOCK2_50   ; 0.000        ; 0.081      ; 0.907      ;
; 0.640 ; gameboy:dut|MMU:mmu|IO_handler:io_registers|TMA_R[5]                                                      ; gameboy:dut|MMU:mmu|IO_handler:io_registers|TIMA_R[5]                                                     ; CLOCK2_50    ; CLOCK2_50   ; 0.000        ; 0.082      ; 0.908      ;
; 0.641 ; gameboy:dut|MMU:mmu|IO_handler:io_registers|divider_ticks[5]                                              ; gameboy:dut|MMU:mmu|IO_handler:io_registers|divider_ticks[5]                                              ; CLOCK2_50    ; CLOCK2_50   ; 0.000        ; 0.081      ; 0.908      ;
; 0.641 ; gameboy:dut|MMU:mmu|IO_handler:io_registers|DIV_R[3]                                                      ; gameboy:dut|MMU:mmu|IO_handler:io_registers|DIV_R[3]                                                      ; CLOCK2_50    ; CLOCK2_50   ; 0.000        ; 0.081      ; 0.908      ;
; 0.641 ; gameboy:dut|MMU:mmu|IO_handler:io_registers|DIV_R[1]                                                      ; gameboy:dut|MMU:mmu|IO_handler:io_registers|DIV_R[1]                                                      ; CLOCK2_50    ; CLOCK2_50   ; 0.000        ; 0.081      ; 0.908      ;
; 0.641 ; gameboy:dut|MMU:mmu|IO_handler:io_registers|DIV_R[5]                                                      ; gameboy:dut|MMU:mmu|IO_handler:io_registers|DIV_R[5]                                                      ; CLOCK2_50    ; CLOCK2_50   ; 0.000        ; 0.081      ; 0.908      ;
; 0.641 ; gameboy:dut|PPU_Wrapper:ppu|PPU_Mode_controller:mode_ctrl|line[1]                                         ; gameboy:dut|PPU_Wrapper:ppu|PPU_Mode_controller:mode_ctrl|line[1]                                         ; CLOCK2_50    ; CLOCK2_50   ; 0.000        ; 0.081      ; 0.908      ;
; 0.641 ; gameboy:dut|PPU_Wrapper:ppu|Pixel_Gen:Pixel_Gen_inst|FIFO:sprite_fifo_inst|count[2]                       ; gameboy:dut|PPU_Wrapper:ppu|Pixel_Gen:Pixel_Gen_inst|FIFO:sprite_fifo_inst|count[2]                       ; CLOCK2_50    ; CLOCK2_50   ; 0.000        ; 0.082      ; 0.909      ;
; 0.641 ; gameboy:dut|PPU_Wrapper:ppu|OAM_Search:oam_search|oam_index[1]                                            ; gameboy:dut|PPU_Wrapper:ppu|OAM_Search:oam_search|oam_index[1]                                            ; CLOCK2_50    ; CLOCK2_50   ; 0.000        ; 0.082      ; 0.909      ;
; 0.641 ; gameboy:dut|MMU:mmu|BRAM_handler:memory_units|DMA_controller:dma_guy|Counter:cycle_cnter|Q[10]            ; gameboy:dut|MMU:mmu|BRAM_handler:memory_units|DMA_controller:dma_guy|Counter:cycle_cnter|Q[10]            ; CLOCK2_50    ; CLOCK2_50   ; 0.000        ; 0.082      ; 0.909      ;
; 0.642 ; gameboy:dut|MMU:mmu|IO_handler:io_registers|divider_ticks[1]                                              ; gameboy:dut|MMU:mmu|IO_handler:io_registers|divider_ticks[1]                                              ; CLOCK2_50    ; CLOCK2_50   ; 0.000        ; 0.081      ; 0.909      ;
; 0.642 ; gameboy:dut|PPU_Wrapper:ppu|Pixel_Gen:Pixel_Gen_inst|FIFO:sprite_fifo_inst|count[1]                       ; gameboy:dut|PPU_Wrapper:ppu|Pixel_Gen:Pixel_Gen_inst|FIFO:sprite_fifo_inst|count[1]                       ; CLOCK2_50    ; CLOCK2_50   ; 0.000        ; 0.082      ; 0.910      ;
; 0.642 ; gameboy:dut|PPU_Wrapper:ppu|OAM_Search:oam_search|oam_index[2]                                            ; gameboy:dut|PPU_Wrapper:ppu|OAM_Search:oam_search|oam_index[2]                                            ; CLOCK2_50    ; CLOCK2_50   ; 0.000        ; 0.082      ; 0.910      ;
; 0.642 ; gameboy:dut|MMU:mmu|BRAM_handler:memory_units|DMA_controller:dma_guy|Counter:cycle_cnter|Q[9]             ; gameboy:dut|MMU:mmu|BRAM_handler:memory_units|DMA_controller:dma_guy|Counter:cycle_cnter|Q[9]             ; CLOCK2_50    ; CLOCK2_50   ; 0.000        ; 0.082      ; 0.910      ;
; 0.642 ; gameboy:dut|MMU:mmu|BRAM_handler:memory_units|DMA_controller:dma_guy|Counter:cycle_cnter|Q[8]             ; gameboy:dut|MMU:mmu|BRAM_handler:memory_units|DMA_controller:dma_guy|Counter:cycle_cnter|Q[8]             ; CLOCK2_50    ; CLOCK2_50   ; 0.000        ; 0.082      ; 0.910      ;
; 0.643 ; gameboy:dut|MMU:mmu|IO_handler:io_registers|tima_ticks[1]                                                 ; gameboy:dut|MMU:mmu|IO_handler:io_registers|tima_ticks[1]                                                 ; CLOCK2_50    ; CLOCK2_50   ; 0.000        ; 0.081      ; 0.910      ;
; 0.643 ; gameboy:dut|MMU:mmu|IO_handler:io_registers|tima_ticks[2]                                                 ; gameboy:dut|MMU:mmu|IO_handler:io_registers|tima_ticks[2]                                                 ; CLOCK2_50    ; CLOCK2_50   ; 0.000        ; 0.081      ; 0.910      ;
; 0.643 ; gameboy:dut|MMU:mmu|BRAM_handler:memory_units|DMA_controller:dma_guy|Counter:cycle_cnter|Q[1]             ; gameboy:dut|MMU:mmu|BRAM_handler:memory_units|DMA_controller:dma_guy|Counter:cycle_cnter|Q[1]             ; CLOCK2_50    ; CLOCK2_50   ; 0.000        ; 0.082      ; 0.911      ;
; 0.643 ; gameboy:dut|MMU:mmu|BRAM_handler:memory_units|DMA_controller:dma_guy|Counter:cycle_cnter|Q[2]             ; gameboy:dut|MMU:mmu|BRAM_handler:memory_units|DMA_controller:dma_guy|Counter:cycle_cnter|Q[2]             ; CLOCK2_50    ; CLOCK2_50   ; 0.000        ; 0.082      ; 0.911      ;
; 0.643 ; gameboy:dut|MMU:mmu|BRAM_handler:memory_units|DMA_controller:dma_guy|Counter:cycle_cnter|Q[5]             ; gameboy:dut|MMU:mmu|BRAM_handler:memory_units|DMA_controller:dma_guy|Counter:cycle_cnter|Q[5]             ; CLOCK2_50    ; CLOCK2_50   ; 0.000        ; 0.082      ; 0.911      ;
; 0.644 ; gameboy:dut|PPU_Wrapper:ppu|Pixel_Gen:Pixel_Gen_inst|FIFO:bg_fifo_inst|count[3]                           ; gameboy:dut|PPU_Wrapper:ppu|Pixel_Gen:Pixel_Gen_inst|FIFO:bg_fifo_inst|count[3]                           ; CLOCK2_50    ; CLOCK2_50   ; 0.000        ; 0.081      ; 0.911      ;
; 0.644 ; gameboy:dut|MMU:mmu|IO_handler:io_registers|divider_ticks[7]                                              ; gameboy:dut|MMU:mmu|IO_handler:io_registers|divider_ticks[7]                                              ; CLOCK2_50    ; CLOCK2_50   ; 0.000        ; 0.081      ; 0.911      ;
; 0.644 ; gameboy:dut|MMU:mmu|IO_handler:io_registers|divider_ticks[6]                                              ; gameboy:dut|MMU:mmu|IO_handler:io_registers|divider_ticks[6]                                              ; CLOCK2_50    ; CLOCK2_50   ; 0.000        ; 0.081      ; 0.911      ;
; 0.644 ; gameboy:dut|MMU:mmu|IO_handler:io_registers|DIV_R[6]                                                      ; gameboy:dut|MMU:mmu|IO_handler:io_registers|DIV_R[6]                                                      ; CLOCK2_50    ; CLOCK2_50   ; 0.000        ; 0.081      ; 0.911      ;
; 0.644 ; gameboy:dut|PPU_Wrapper:ppu|PPU_Mode_controller:mode_ctrl|line[2]                                         ; gameboy:dut|PPU_Wrapper:ppu|PPU_Mode_controller:mode_ctrl|line[2]                                         ; CLOCK2_50    ; CLOCK2_50   ; 0.000        ; 0.081      ; 0.911      ;
; 0.645 ; gameboy:dut|MMU:mmu|IO_handler:io_registers|divider_ticks[2]                                              ; gameboy:dut|MMU:mmu|IO_handler:io_registers|divider_ticks[2]                                              ; CLOCK2_50    ; CLOCK2_50   ; 0.000        ; 0.081      ; 0.912      ;
; 0.645 ; gameboy:dut|MMU:mmu|IO_handler:io_registers|divider_ticks[9]                                              ; gameboy:dut|MMU:mmu|IO_handler:io_registers|divider_ticks[9]                                              ; CLOCK2_50    ; CLOCK2_50   ; 0.000        ; 0.081      ; 0.912      ;
; 0.645 ; gameboy:dut|PPU_Wrapper:ppu|PPU_Mode_controller:mode_ctrl|line[3]                                         ; gameboy:dut|PPU_Wrapper:ppu|PPU_Mode_controller:mode_ctrl|line[3]                                         ; CLOCK2_50    ; CLOCK2_50   ; 0.000        ; 0.081      ; 0.912      ;
; 0.646 ; gameboy:dut|MMU:mmu|IO_handler:io_registers|divider_ticks[4]                                              ; gameboy:dut|MMU:mmu|IO_handler:io_registers|divider_ticks[4]                                              ; CLOCK2_50    ; CLOCK2_50   ; 0.000        ; 0.081      ; 0.913      ;
; 0.646 ; gameboy:dut|PPU_Wrapper:ppu|Pixel_Gen:Pixel_Gen_inst|FIFO:sprite_fifo_inst|count[3]                       ; gameboy:dut|PPU_Wrapper:ppu|Pixel_Gen:Pixel_Gen_inst|FIFO:sprite_fifo_inst|count[3]                       ; CLOCK2_50    ; CLOCK2_50   ; 0.000        ; 0.082      ; 0.914      ;
; 0.646 ; gameboy:dut|MMU:mmu|BRAM_handler:memory_units|DMA_controller:dma_guy|Counter:cycle_cnter|Q[6]             ; gameboy:dut|MMU:mmu|BRAM_handler:memory_units|DMA_controller:dma_guy|Counter:cycle_cnter|Q[6]             ; CLOCK2_50    ; CLOCK2_50   ; 0.000        ; 0.082      ; 0.914      ;
; 0.647 ; gameboy:dut|MMU:mmu|BRAM_handler:memory_units|DMA_controller:dma_guy|Counter:cycle_cnter|Q[4]             ; gameboy:dut|MMU:mmu|BRAM_handler:memory_units|DMA_controller:dma_guy|Counter:cycle_cnter|Q[4]             ; CLOCK2_50    ; CLOCK2_50   ; 0.000        ; 0.082      ; 0.915      ;
; 0.648 ; gameboy:dut|MMU:mmu|IO_handler:io_registers|divider_ticks[8]                                              ; gameboy:dut|MMU:mmu|IO_handler:io_registers|divider_ticks[8]                                              ; CLOCK2_50    ; CLOCK2_50   ; 0.000        ; 0.081      ; 0.915      ;
; 0.651 ; gameboy:dut|PPU_Wrapper:ppu|PPU_Mode_controller:mode_ctrl|line[7]                                         ; gameboy:dut|PPU_Wrapper:ppu|PPU_Mode_controller:mode_ctrl|line[7]                                         ; CLOCK2_50    ; CLOCK2_50   ; 0.000        ; 0.081      ; 0.918      ;
; 0.651 ; gameboy:dut|MMU:mmu|IO_handler:io_registers|tima_ticks[3]                                                 ; gameboy:dut|MMU:mmu|IO_handler:io_registers|tima_ticks[3]                                                 ; CLOCK2_50    ; CLOCK2_50   ; 0.000        ; 0.081      ; 0.918      ;
; 0.651 ; gameboy:dut|PPU_Wrapper:ppu|PPU_Mode_controller:mode_ctrl|dot[2]                                          ; gameboy:dut|PPU_Wrapper:ppu|PPU_Mode_controller:mode_ctrl|dot[2]                                          ; CLOCK2_50    ; CLOCK2_50   ; 0.000        ; 0.081      ; 0.918      ;
; 0.652 ; gameboy:dut|PPU_Wrapper:ppu|PPU_Mode_controller:mode_ctrl|line[5]                                         ; gameboy:dut|PPU_Wrapper:ppu|PPU_Mode_controller:mode_ctrl|line[5]                                         ; CLOCK2_50    ; CLOCK2_50   ; 0.000        ; 0.081      ; 0.919      ;
; 0.652 ; gameboy:dut|PPU_Wrapper:ppu|PPU_Mode_controller:mode_ctrl|dot[1]                                          ; gameboy:dut|PPU_Wrapper:ppu|PPU_Mode_controller:mode_ctrl|dot[1]                                          ; CLOCK2_50    ; CLOCK2_50   ; 0.000        ; 0.081      ; 0.919      ;
; 0.655 ; gameboy:dut|PPU_Wrapper:ppu|Pixel_Gen:Pixel_Gen_inst|FIFO:sprite_fifo_inst|count[5]                       ; gameboy:dut|PPU_Wrapper:ppu|Pixel_Gen:Pixel_Gen_inst|FIFO:sprite_fifo_inst|count[5]                       ; CLOCK2_50    ; CLOCK2_50   ; 0.000        ; 0.082      ; 0.923      ;
+-------+-----------------------------------------------------------------------------------------------------------+-----------------------------------------------------------------------------------------------------------+--------------+-------------+--------------+------------+------------+


+----------------------------------------------------------------------------------------------------------------------------------------------------------------------------------------------------------------------------------------------------------------------------------------------------------------------------------------------------------------------------------------------+
; Slow 1200mV 85C Model Hold: 'CLOCK_50'                                                                                                                                                                                                                                                                                                                                                       ;
+-------+---------------------------------------------------------------------------------------------------------------------------------------------+------------------------------------------------------------------------------------------------------------------------------------------------------------------+--------------+-------------+--------------+------------+------------+
; Slack ; From Node                                                                                                                                   ; To Node                                                                                                                                                          ; Launch Clock ; Latch Clock ; Relationship ; Clock Skew ; Data Delay ;
+-------+---------------------------------------------------------------------------------------------------------------------------------------------+------------------------------------------------------------------------------------------------------------------------------------------------------------------+--------------+-------------+--------------+------------+------------+
; 0.402 ; gameboy:dut|MMU:mmu|BRAM_handler:memory_units|MM_out_chooser:memory_out_muxer|dma_select[1]                                                 ; gameboy:dut|MMU:mmu|BRAM_handler:memory_units|MM_out_chooser:memory_out_muxer|dma_select[1]                                                                      ; CLOCK_50     ; CLOCK_50    ; 0.000        ; 0.081      ; 0.669      ;
; 0.599 ; gameboy:dut|MMU:mmu|BRAM_handler:memory_units|MM_out_chooser:memory_out_muxer|ppu_select[2]                                                 ; gameboy:dut|MMU:mmu|BRAM_handler:memory_units|MM_out_chooser:memory_out_muxer|ppu_memory_selector[2]                                                             ; CLOCK_50     ; CLOCK_50    ; 0.000        ; 0.081      ; 0.866      ;
; 0.599 ; gameboy:dut|MMU:mmu|BRAM_handler:memory_units|ROM_BANK:rom0|altsyncram:altsyncram_component|altsyncram_81a1:auto_generated|address_reg_a[0] ; gameboy:dut|MMU:mmu|BRAM_handler:memory_units|ROM_BANK:rom0|altsyncram:altsyncram_component|altsyncram_81a1:auto_generated|out_address_reg_a[0]                  ; CLOCK_50     ; CLOCK_50    ; 0.000        ; 0.081      ; 0.866      ;
; 0.628 ; gameboy:dut|PPU_Wrapper:ppu|Pixel_Gen:Pixel_Gen_inst|Render_Sprites:render_sprites_inst|row_offset[2]                                       ; gameboy:dut|MMU:mmu|BRAM_handler:memory_units|DUAL_VRAM_8KB:vram0|altsyncram:altsyncram_component|altsyncram_54g2:auto_generated|ram_block1a0~portb_address_reg0 ; CLOCK2_50    ; CLOCK_50    ; 0.000        ; 0.457      ; 1.347      ;
; 0.647 ; gameboy:dut|PPU_Wrapper:ppu|Pixel_Gen:Pixel_Gen_inst|Render_Sprites:render_sprites_inst|row_offset[3]                                       ; gameboy:dut|MMU:mmu|BRAM_handler:memory_units|DUAL_VRAM_8KB:vram0|altsyncram:altsyncram_component|altsyncram_54g2:auto_generated|ram_block1a0~portb_address_reg0 ; CLOCK2_50    ; CLOCK_50    ; 0.000        ; 0.457      ; 1.366      ;
; 0.650 ; gameboy:dut|MMU:mmu|BRAM_handler:memory_units|DMA_controller:dma_guy|Counter:dma_addr_cnter|Q[14]                                           ; gameboy:dut|MMU:mmu|BRAM_handler:memory_units|MM_out_chooser:memory_out_muxer|dma_select[0]                                                                      ; CLOCK2_50    ; CLOCK_50    ; 0.000        ; 0.102      ; 0.978      ;
; 0.696 ; gameboy:dut|MMU:mmu|BRAM_handler:memory_units|DMA_controller:dma_guy|Counter:dma_addr_cnter|Q[14]                                           ; gameboy:dut|MMU:mmu|BRAM_handler:memory_units|MM_out_chooser:memory_out_muxer|dma_select[2]                                                                      ; CLOCK2_50    ; CLOCK_50    ; 0.000        ; 0.102      ; 1.024      ;
; 0.697 ; gameboy:dut|MMU:mmu|BRAM_handler:memory_units|DMA_controller:dma_guy|Counter:dma_addr_cnter|Q[13]                                           ; gameboy:dut|MMU:mmu|BRAM_handler:memory_units|MM_out_chooser:memory_out_muxer|dma_select[0]                                                                      ; CLOCK2_50    ; CLOCK_50    ; 0.000        ; 0.102      ; 1.025      ;
; 0.784 ; gameboy:dut|PPU_Wrapper:ppu|Pixel_Gen:Pixel_Gen_inst|Render_Sprites:render_sprites_inst|row_offset[1]                                       ; gameboy:dut|MMU:mmu|BRAM_handler:memory_units|DUAL_VRAM_8KB:vram0|altsyncram:altsyncram_component|altsyncram_54g2:auto_generated|ram_block1a0~portb_address_reg0 ; CLOCK2_50    ; CLOCK_50    ; 0.000        ; 0.457      ; 1.503      ;
; 0.802 ; gameboy:dut|MMU:mmu|BRAM_handler:memory_units|DMA_controller:dma_guy|Counter:dma_addr_cnter|Q[15]                                           ; gameboy:dut|MMU:mmu|BRAM_handler:memory_units|MM_out_chooser:memory_out_muxer|dma_select[2]                                                                      ; CLOCK2_50    ; CLOCK_50    ; 0.000        ; 0.102      ; 1.130      ;
; 0.830 ; gameboy:dut|MMU:mmu|BRAM_handler:memory_units|DMA_controller:dma_guy|Counter:dma_addr_cnter|Q[15]                                           ; gameboy:dut|MMU:mmu|BRAM_handler:memory_units|MM_out_chooser:memory_out_muxer|dma_select[1]                                                                      ; CLOCK2_50    ; CLOCK_50    ; 0.000        ; 0.103      ; 1.159      ;
; 0.833 ; gameboy:dut|MMU:mmu|BRAM_handler:memory_units|DMA_controller:dma_guy|Counter:dma_addr_cnter|Q[5]                                            ; gameboy:dut|MMU:mmu|BRAM_handler:memory_units|DUAL_VRAM_8KB:vram0|altsyncram:altsyncram_component|altsyncram_54g2:auto_generated|ram_block1a1~porta_address_reg0 ; CLOCK2_50    ; CLOCK_50    ; 0.000        ; 0.458      ; 1.553      ;
; 0.836 ; gameboy:dut|MMU:mmu|BRAM_handler:memory_units|DMA_controller:dma_guy|Counter:dma_addr_cnter|Q[13]                                           ; gameboy:dut|MMU:mmu|BRAM_handler:memory_units|MM_out_chooser:memory_out_muxer|dma_select[2]                                                                      ; CLOCK2_50    ; CLOCK_50    ; 0.000        ; 0.102      ; 1.164      ;
; 0.889 ; gameboy:dut|MMU:mmu|BRAM_handler:memory_units|DMA_controller:dma_guy|Counter:dma_addr_cnter|Q[3]                                            ; gameboy:dut|MMU:mmu|BRAM_handler:memory_units|DUAL_VRAM_8KB:vram0|altsyncram:altsyncram_component|altsyncram_54g2:auto_generated|ram_block1a1~porta_address_reg0 ; CLOCK2_50    ; CLOCK_50    ; 0.000        ; 0.458      ; 1.609      ;
; 0.906 ; gameboy:dut|MMU:mmu|BRAM_handler:memory_units|DMA_controller:dma_guy|Counter:dma_addr_cnter|Q[3]                                            ; gameboy:dut|MMU:mmu|BRAM_handler:memory_units|DUAL_VRAM_8KB:vram0|altsyncram:altsyncram_component|altsyncram_54g2:auto_generated|ram_block1a2~porta_address_reg0 ; CLOCK2_50    ; CLOCK_50    ; 0.000        ; 0.459      ; 1.627      ;
; 0.983 ; gameboy:dut|MMU:mmu|BRAM_handler:memory_units|DMA_controller:dma_guy|Counter:oam_addr_cnter|Q[4]                                            ; gameboy:dut|MMU:mmu|BRAM_handler:memory_units|OAM_DUALBANK:oam|altsyncram:altsyncram_component|altsyncram_ttf2:auto_generated|ram_block1a0~porta_address_reg0    ; CLOCK2_50    ; CLOCK_50    ; 0.000        ; 0.462      ; 1.707      ;
; 0.989 ; gameboy:dut|MMU:mmu|BRAM_handler:memory_units|DMA_controller:dma_guy|Counter:dma_addr_cnter|Q[6]                                            ; gameboy:dut|MMU:mmu|BRAM_handler:memory_units|ROM_BANK:rom0|altsyncram:altsyncram_component|altsyncram_81a1:auto_generated|ram_block1a25~porta_address_reg0      ; CLOCK2_50    ; CLOCK_50    ; 0.000        ; 0.457      ; 1.708      ;
; 0.996 ; gameboy:dut|PPU_Wrapper:ppu|Pixel_Gen:Pixel_Gen_inst|Render_Sprites:render_sprites_inst|row_offset[3]                                       ; gameboy:dut|MMU:mmu|BRAM_handler:memory_units|DUAL_VRAM_8KB:vram0|altsyncram:altsyncram_component|altsyncram_54g2:auto_generated|ram_block1a2~portb_address_reg0 ; CLOCK2_50    ; CLOCK_50    ; 0.000        ; 0.460      ; 1.718      ;
; 0.997 ; gameboy:dut|PPU_Wrapper:ppu|Pixel_Gen:Pixel_Gen_inst|Render_Sprites:render_sprites_inst|row_offset[2]                                       ; gameboy:dut|MMU:mmu|BRAM_handler:memory_units|DUAL_VRAM_8KB:vram0|altsyncram:altsyncram_component|altsyncram_54g2:auto_generated|ram_block1a2~portb_address_reg0 ; CLOCK2_50    ; CLOCK_50    ; 0.000        ; 0.460      ; 1.719      ;
; 1.002 ; gameboy:dut|MMU:mmu|BRAM_handler:memory_units|DMA_controller:dma_guy|Counter:dma_addr_cnter|Q[6]                                            ; gameboy:dut|MMU:mmu|BRAM_handler:memory_units|ROM_BANK:rom0|altsyncram:altsyncram_component|altsyncram_81a1:auto_generated|ram_block1a24~porta_address_reg0      ; CLOCK2_50    ; CLOCK_50    ; 0.000        ; 0.472      ; 1.736      ;
; 1.003 ; gameboy:dut|MMU:mmu|BRAM_handler:memory_units|DMA_controller:dma_guy|Counter:dma_addr_cnter|Q[6]                                            ; gameboy:dut|MMU:mmu|BRAM_handler:memory_units|ROM_BANK:rom0|altsyncram:altsyncram_component|altsyncram_81a1:auto_generated|ram_block1a15~porta_address_reg0      ; CLOCK2_50    ; CLOCK_50    ; 0.000        ; 0.471      ; 1.736      ;
; 1.034 ; gameboy:dut|MMU:mmu|BRAM_handler:memory_units|hram_out_data[11]                                                                             ; gameboy:dut|MMU:mmu|BRAM_handler:memory_units|OAM_DUALBANK:oam|altsyncram:altsyncram_component|altsyncram_ttf2:auto_generated|ram_block1a0~porta_datain_reg0     ; CLOCK2_50    ; CLOCK_50    ; 0.000        ; 0.470      ; 1.766      ;
; 1.035 ; gameboy:dut|MMU:mmu|BRAM_handler:memory_units|DMA_controller:dma_guy|Counter:dma_addr_cnter|Q[7]                                            ; gameboy:dut|MMU:mmu|BRAM_handler:memory_units|ROM_BANK:rom0|altsyncram:altsyncram_component|altsyncram_81a1:auto_generated|ram_block1a24~porta_address_reg0      ; CLOCK2_50    ; CLOCK_50    ; 0.000        ; 0.474      ; 1.771      ;
; 1.037 ; gameboy:dut|MMU:mmu|BRAM_handler:memory_units|DMA_controller:dma_guy|Counter:dma_addr_cnter|Q[15]                                           ; gameboy:dut|MMU:mmu|BRAM_handler:memory_units|MM_out_chooser:memory_out_muxer|dma_select[0]                                                                      ; CLOCK2_50    ; CLOCK_50    ; 0.000        ; 0.102      ; 1.365      ;
; 1.050 ; gameboy:dut|MMU:mmu|BRAM_handler:memory_units|hram_out_data[1]                                                                              ; gameboy:dut|MMU:mmu|BRAM_handler:memory_units|OAM_DUALBANK:oam|altsyncram:altsyncram_component|altsyncram_ttf2:auto_generated|ram_block1a0~porta_datain_reg0     ; CLOCK2_50    ; CLOCK_50    ; 0.000        ; 0.462      ; 1.774      ;
; 1.067 ; gameboy:dut|MMU:mmu|BRAM_handler:memory_units|DMA_controller:dma_guy|Counter:dma_addr_cnter|Q[14]                                           ; gameboy:dut|MMU:mmu|BRAM_handler:memory_units|MM_out_chooser:memory_out_muxer|dma_select[1]                                                                      ; CLOCK2_50    ; CLOCK_50    ; 0.000        ; 0.103      ; 1.396      ;
; 1.067 ; gameboy:dut|MMU:mmu|BRAM_handler:memory_units|MM_out_chooser:memory_out_muxer|cpu_select[3]                                                 ; gameboy:dut|MMU:mmu|BRAM_handler:memory_units|MM_out_chooser:memory_out_muxer|cpu_memory_selector[3]                                                             ; CLOCK_50     ; CLOCK_50    ; 0.000        ; 0.079      ; 1.332      ;
; 1.072 ; gameboy:dut|MMU:mmu|BRAM_handler:memory_units|MM_out_chooser:memory_out_muxer|dma_select[0]                                                 ; gameboy:dut|MMU:mmu|BRAM_handler:memory_units|MM_out_chooser:memory_out_muxer|dma_memory_selector[0]                                                             ; CLOCK_50     ; CLOCK_50    ; 0.000        ; 0.077      ; 1.335      ;
; 1.082 ; gameboy:dut|MMU:mmu|BRAM_handler:memory_units|DMA_controller:dma_guy|Counter:dma_addr_cnter|Q[8]                                            ; gameboy:dut|MMU:mmu|BRAM_handler:memory_units|DUAL_VRAM_8KB:vram0|altsyncram:altsyncram_component|altsyncram_54g2:auto_generated|ram_block1a2~porta_address_reg0 ; CLOCK2_50    ; CLOCK_50    ; 0.000        ; 0.457      ; 1.801      ;
; 1.086 ; gameboy:dut|PPU_Wrapper:ppu|Pixel_Gen:Pixel_Gen_inst|Render_Sprites:render_sprites_inst|row_offset[1]                                       ; gameboy:dut|MMU:mmu|BRAM_handler:memory_units|DUAL_VRAM_8KB:vram0|altsyncram:altsyncram_component|altsyncram_54g2:auto_generated|ram_block1a4~portb_address_reg0 ; CLOCK2_50    ; CLOCK_50    ; 0.000        ; 0.455      ; 1.803      ;
; 1.096 ; gameboy:dut|MMU:mmu|BRAM_handler:memory_units|DMA_controller:dma_guy|Counter:dma_addr_cnter|Q[12]                                           ; gameboy:dut|MMU:mmu|BRAM_handler:memory_units|DUAL_VRAM_8KB:vram0|altsyncram:altsyncram_component|altsyncram_54g2:auto_generated|ram_block1a1~porta_address_reg0 ; CLOCK2_50    ; CLOCK_50    ; 0.000        ; 0.456      ; 1.814      ;
; 1.097 ; gameboy:dut|MMU:mmu|BRAM_handler:memory_units|MM_out_chooser:memory_out_muxer|cpu_select[0]                                                 ; gameboy:dut|MMU:mmu|BRAM_handler:memory_units|MM_out_chooser:memory_out_muxer|cpu_memory_selector[0]                                                             ; CLOCK_50     ; CLOCK_50    ; 0.000        ; 0.079      ; 1.362      ;
; 1.100 ; gameboy:dut|PPU_Wrapper:ppu|Pixel_Gen:Pixel_Gen_inst|Render_Sprites:render_sprites_inst|row_offset[1]                                       ; gameboy:dut|MMU:mmu|BRAM_handler:memory_units|OAM_DUALBANK:oam|altsyncram:altsyncram_component|altsyncram_ttf2:auto_generated|ram_block1a0~portb_address_reg0    ; CLOCK2_50    ; CLOCK_50    ; 0.000        ; 0.453      ; 1.815      ;
; 1.113 ; gameboy:dut|PPU_Wrapper:ppu|Pixel_Gen:Pixel_Gen_inst|Render_Sprites:render_sprites_inst|row_offset[1]                                       ; gameboy:dut|MMU:mmu|BRAM_handler:memory_units|DUAL_VRAM_8KB:vram0|altsyncram:altsyncram_component|altsyncram_54g2:auto_generated|ram_block1a1~portb_address_reg0 ; CLOCK2_50    ; CLOCK_50    ; 0.000        ; 0.459      ; 1.834      ;
; 1.129 ; gameboy:dut|MMU:mmu|BRAM_handler:memory_units|MM_out_chooser:memory_out_muxer|cpu_select[2]                                                 ; gameboy:dut|MMU:mmu|BRAM_handler:memory_units|MM_out_chooser:memory_out_muxer|cpu_memory_selector[2]                                                             ; CLOCK_50     ; CLOCK_50    ; 0.000        ; 0.077      ; 1.392      ;
; 1.130 ; gameboy:dut|MMU:mmu|BRAM_handler:memory_units|hram_out_data[3]                                                                              ; gameboy:dut|MMU:mmu|BRAM_handler:memory_units|OAM_DUALBANK:oam|altsyncram:altsyncram_component|altsyncram_ttf2:auto_generated|ram_block1a0~porta_datain_reg0     ; CLOCK2_50    ; CLOCK_50    ; 0.000        ; 0.462      ; 1.854      ;
; 1.139 ; gameboy:dut|PPU_Wrapper:ppu|Pixel_Gen:Pixel_Gen_inst|Render_Sprites:render_sprites_inst|row_offset[1]                                       ; gameboy:dut|MMU:mmu|BRAM_handler:memory_units|DUAL_VRAM_8KB:vram0|altsyncram:altsyncram_component|altsyncram_54g2:auto_generated|ram_block1a2~portb_address_reg0 ; CLOCK2_50    ; CLOCK_50    ; 0.000        ; 0.460      ; 1.861      ;
; 1.162 ; gameboy:dut|PPU_Wrapper:ppu|OAM_Search:oam_search|selected_sprites_reg[9].tile_index[6]                                                     ; gameboy:dut|MMU:mmu|BRAM_handler:memory_units|DUAL_VRAM_8KB:vram0|altsyncram:altsyncram_component|altsyncram_54g2:auto_generated|ram_block1a2~portb_address_reg0 ; CLOCK2_50    ; CLOCK_50    ; 0.000        ; 0.466      ; 1.890      ;
; 1.169 ; gameboy:dut|MMU:mmu|BRAM_handler:memory_units|DMA_controller:dma_guy|Counter:dma_addr_cnter|Q[12]                                           ; gameboy:dut|MMU:mmu|BRAM_handler:memory_units|ROM_BANK:rom0|altsyncram:altsyncram_component|altsyncram_81a1:auto_generated|ram_block1a24~porta_address_reg0      ; CLOCK2_50    ; CLOCK_50    ; 0.000        ; 0.472      ; 1.903      ;
; 1.177 ; gameboy:dut|PPU_Wrapper:ppu|OAM_Search:oam_search|selected_sprites_reg[9].tile_index[6]                                                     ; gameboy:dut|MMU:mmu|BRAM_handler:memory_units|DUAL_VRAM_8KB:vram0|altsyncram:altsyncram_component|altsyncram_54g2:auto_generated|ram_block1a1~portb_address_reg0 ; CLOCK2_50    ; CLOCK_50    ; 0.000        ; 0.465      ; 1.904      ;
; 1.178 ; gameboy:dut|MMU:mmu|BRAM_handler:memory_units|DMA_controller:dma_guy|Counter:dma_addr_cnter|Q[3]                                            ; gameboy:dut|MMU:mmu|BRAM_handler:memory_units|DUAL_VRAM_8KB:vram0|altsyncram:altsyncram_component|altsyncram_54g2:auto_generated|ram_block1a4~porta_address_reg0 ; CLOCK2_50    ; CLOCK_50    ; 0.000        ; 0.454      ; 1.894      ;
; 1.181 ; gameboy:dut|MMU:mmu|BRAM_handler:memory_units|DMA_controller:dma_guy|Counter:dma_addr_cnter|Q[12]                                           ; gameboy:dut|MMU:mmu|BRAM_handler:memory_units|ROM_BANK:rom0|altsyncram:altsyncram_component|altsyncram_81a1:auto_generated|ram_block1a7~porta_address_reg0       ; CLOCK2_50    ; CLOCK_50    ; 0.000        ; 0.457      ; 1.900      ;
; 1.186 ; gameboy:dut|PPU_Wrapper:ppu|OAM_Search:oam_search|selected_sprites_reg[9].tile_index[6]                                                     ; gameboy:dut|MMU:mmu|BRAM_handler:memory_units|DUAL_VRAM_8KB:vram0|altsyncram:altsyncram_component|altsyncram_54g2:auto_generated|ram_block1a0~portb_address_reg0 ; CLOCK2_50    ; CLOCK_50    ; 0.000        ; 0.463      ; 1.911      ;
; 1.189 ; gameboy:dut|MMU:mmu|BRAM_handler:memory_units|DMA_controller:dma_guy|Counter:dma_addr_cnter|Q[3]                                            ; gameboy:dut|MMU:mmu|BRAM_handler:memory_units|DUAL_VRAM_8KB:vram0|altsyncram:altsyncram_component|altsyncram_54g2:auto_generated|ram_block1a0~porta_address_reg0 ; CLOCK2_50    ; CLOCK_50    ; 0.000        ; 0.456      ; 1.907      ;
; 1.222 ; gameboy:dut|PPU_Wrapper:ppu|OAM_Search:oam_search|selected_sprites_reg[9].tile_index[6]                                                     ; gameboy:dut|MMU:mmu|BRAM_handler:memory_units|DUAL_VRAM_8KB:vram0|altsyncram:altsyncram_component|altsyncram_54g2:auto_generated|ram_block1a4~portb_address_reg0 ; CLOCK2_50    ; CLOCK_50    ; 0.000        ; 0.461      ; 1.945      ;
; 1.222 ; gameboy:dut|MMU:mmu|BRAM_handler:memory_units|DMA_controller:dma_guy|Counter:dma_addr_cnter|Q[12]                                           ; gameboy:dut|MMU:mmu|BRAM_handler:memory_units|DUAL_8KB:wram0|altsyncram:altsyncram_component|altsyncram_54g2:auto_generated|ram_block1a1~portb_address_reg0      ; CLOCK2_50    ; CLOCK_50    ; 0.000        ; 0.449      ; 1.933      ;
; 1.244 ; gameboy:dut|MMU:mmu|BRAM_handler:memory_units|hram_out_data[8]                                                                              ; gameboy:dut|MMU:mmu|BRAM_handler:memory_units|OAM_DUALBANK:oam|altsyncram:altsyncram_component|altsyncram_ttf2:auto_generated|ram_block1a0~porta_datain_reg0     ; CLOCK2_50    ; CLOCK_50    ; 0.000        ; 0.465      ; 1.971      ;
; 1.246 ; gameboy:dut|MMU:mmu|BRAM_handler:memory_units|DMA_controller:dma_guy|Counter:oam_addr_cnter|Q[7]                                            ; gameboy:dut|MMU:mmu|BRAM_handler:memory_units|OAM_DUALBANK:oam|altsyncram:altsyncram_component|altsyncram_ttf2:auto_generated|ram_block1a0~porta_address_reg0    ; CLOCK2_50    ; CLOCK_50    ; 0.000        ; 0.462      ; 1.970      ;
; 1.258 ; gameboy:dut|MMU:mmu|BRAM_handler:memory_units|DMA_controller:dma_guy|Counter:dma_addr_cnter|Q[2]                                            ; gameboy:dut|MMU:mmu|BRAM_handler:memory_units|DUAL_VRAM_8KB:vram0|altsyncram:altsyncram_component|altsyncram_54g2:auto_generated|ram_block1a0~porta_address_reg0 ; CLOCK2_50    ; CLOCK_50    ; 0.000        ; 0.456      ; 1.976      ;
; 1.259 ; gameboy:dut|MMU:mmu|BRAM_handler:memory_units|DMA_controller:dma_guy|Counter:dma_addr_cnter|Q[12]                                           ; gameboy:dut|MMU:mmu|BRAM_handler:memory_units|ROM_BANK:rom0|altsyncram:altsyncram_component|altsyncram_81a1:auto_generated|ram_block1a25~porta_address_reg0      ; CLOCK2_50    ; CLOCK_50    ; 0.000        ; 0.457      ; 1.978      ;
; 1.266 ; gameboy:dut|MMU:mmu|BRAM_handler:memory_units|hram_out_data[0]                                                                              ; gameboy:dut|MMU:mmu|BRAM_handler:memory_units|OAM_DUALBANK:oam|altsyncram:altsyncram_component|altsyncram_ttf2:auto_generated|ram_block1a0~porta_datain_reg0     ; CLOCK2_50    ; CLOCK_50    ; 0.000        ; 0.462      ; 1.990      ;
; 1.284 ; gameboy:dut|MMU:mmu|BRAM_handler:memory_units|DMA_controller:dma_guy|Counter:dma_addr_cnter|Q[2]                                            ; gameboy:dut|MMU:mmu|BRAM_handler:memory_units|DUAL_8KB:wram0|altsyncram:altsyncram_component|altsyncram_54g2:auto_generated|ram_block1a1~portb_address_reg0      ; CLOCK2_50    ; CLOCK_50    ; 0.000        ; 0.451      ; 1.997      ;
; 1.284 ; gameboy:dut|MMU:mmu|BRAM_handler:memory_units|DMA_controller:dma_guy|Counter:dma_addr_cnter|Q[6]                                            ; gameboy:dut|MMU:mmu|BRAM_handler:memory_units|ROM_BANK:rom0|altsyncram:altsyncram_component|altsyncram_81a1:auto_generated|ram_block1a7~porta_address_reg0       ; CLOCK2_50    ; CLOCK_50    ; 0.000        ; 0.457      ; 2.003      ;
; 1.299 ; gameboy:dut|MMU:mmu|BRAM_handler:memory_units|DMA_controller:dma_guy|Counter:dma_addr_cnter|Q[2]                                            ; gameboy:dut|MMU:mmu|BRAM_handler:memory_units|DUAL_VRAM_8KB:vram0|altsyncram:altsyncram_component|altsyncram_54g2:auto_generated|ram_block1a1~porta_address_reg0 ; CLOCK2_50    ; CLOCK_50    ; 0.000        ; 0.458      ; 2.019      ;
; 1.303 ; gameboy:dut|MMU:mmu|BRAM_handler:memory_units|DMA_controller:dma_guy|Counter:dma_addr_cnter|Q[6]                                            ; gameboy:dut|MMU:mmu|BRAM_handler:memory_units|DUAL_VRAM_8KB:vram0|altsyncram:altsyncram_component|altsyncram_54g2:auto_generated|ram_block1a1~porta_address_reg0 ; CLOCK2_50    ; CLOCK_50    ; 0.000        ; 0.456      ; 2.021      ;
; 1.307 ; gameboy:dut|MMU:mmu|BRAM_handler:memory_units|MM_out_chooser:memory_out_muxer|ppu_select[0]                                                 ; gameboy:dut|MMU:mmu|BRAM_handler:memory_units|MM_out_chooser:memory_out_muxer|ppu_memory_selector[0]                                                             ; CLOCK_50     ; CLOCK_50    ; 0.000        ; 0.076      ; 1.569      ;
; 1.310 ; gameboy:dut|PPU_Wrapper:ppu|OAM_Search:oam_search|selected_sprites_reg[9].tile_index[4]                                                     ; gameboy:dut|MMU:mmu|BRAM_handler:memory_units|DUAL_VRAM_8KB:vram0|altsyncram:altsyncram_component|altsyncram_54g2:auto_generated|ram_block1a1~portb_address_reg0 ; CLOCK2_50    ; CLOCK_50    ; 0.000        ; 0.465      ; 2.037      ;
; 1.315 ; gameboy:dut|PPU_Wrapper:ppu|OAM_Search:oam_search|selected_sprites_reg[9].tile_index[4]                                                     ; gameboy:dut|MMU:mmu|BRAM_handler:memory_units|DUAL_VRAM_8KB:vram0|altsyncram:altsyncram_component|altsyncram_54g2:auto_generated|ram_block1a0~portb_address_reg0 ; CLOCK2_50    ; CLOCK_50    ; 0.000        ; 0.463      ; 2.040      ;
; 1.322 ; gameboy:dut|MMU:mmu|BRAM_handler:memory_units|DMA_controller:dma_guy|Counter:dma_addr_cnter|Q[7]                                            ; gameboy:dut|MMU:mmu|BRAM_handler:memory_units|ROM_BANK:rom0|altsyncram:altsyncram_component|altsyncram_81a1:auto_generated|ram_block1a15~porta_address_reg0      ; CLOCK2_50    ; CLOCK_50    ; 0.000        ; 0.473      ; 2.057      ;
; 1.326 ; gameboy:dut|PPU_Wrapper:ppu|Pixel_Gen:Pixel_Gen_inst|Render_Sprites:render_sprites_inst|row_offset[3]                                       ; gameboy:dut|MMU:mmu|BRAM_handler:memory_units|OAM_DUALBANK:oam|altsyncram:altsyncram_component|altsyncram_ttf2:auto_generated|ram_block1a0~portb_address_reg0    ; CLOCK2_50    ; CLOCK_50    ; 0.000        ; 0.453      ; 2.041      ;
; 1.331 ; gameboy:dut|PPU_Wrapper:ppu|OAM_Search:oam_search|selected_sprites_reg[9].tile_index[4]                                                     ; gameboy:dut|MMU:mmu|BRAM_handler:memory_units|DUAL_VRAM_8KB:vram0|altsyncram:altsyncram_component|altsyncram_54g2:auto_generated|ram_block1a2~portb_address_reg0 ; CLOCK2_50    ; CLOCK_50    ; 0.000        ; 0.466      ; 2.059      ;
; 1.351 ; gameboy:dut|MMU:mmu|BRAM_handler:memory_units|DMA_controller:dma_guy|Counter:dma_addr_cnter|Q[6]                                            ; gameboy:dut|MMU:mmu|BRAM_handler:memory_units|DUAL_8KB:wram0|altsyncram:altsyncram_component|altsyncram_54g2:auto_generated|ram_block1a5~portb_address_reg0      ; CLOCK2_50    ; CLOCK_50    ; 0.000        ; 0.447      ; 2.060      ;
; 1.359 ; gameboy:dut|MMU:mmu|BRAM_handler:memory_units|DMA_controller:dma_guy|Counter:dma_addr_cnter|Q[7]                                            ; gameboy:dut|MMU:mmu|BRAM_handler:memory_units|DUAL_8KB:wram0|altsyncram:altsyncram_component|altsyncram_54g2:auto_generated|ram_block1a6~portb_address_reg0      ; CLOCK2_50    ; CLOCK_50    ; 0.000        ; 0.421      ; 2.042      ;
; 1.365 ; gameboy:dut|MMU:mmu|BRAM_handler:memory_units|DMA_controller:dma_guy|state.IDLE                                                             ; gameboy:dut|MMU:mmu|BRAM_handler:memory_units|MM_out_chooser:memory_out_muxer|dma_select[1]                                                                      ; CLOCK2_50    ; CLOCK_50    ; 0.000        ; 0.089      ; 1.680      ;
; 1.372 ; gameboy:dut|MMU:mmu|BRAM_handler:memory_units|DMA_controller:dma_guy|Counter:dma_addr_cnter|Q[6]                                            ; gameboy:dut|MMU:mmu|BRAM_handler:memory_units|DUAL_8KB:wram0|altsyncram:altsyncram_component|altsyncram_54g2:auto_generated|ram_block1a1~portb_address_reg0      ; CLOCK2_50    ; CLOCK_50    ; 0.000        ; 0.449      ; 2.083      ;
; 1.374 ; gameboy:dut|MMU:mmu|BRAM_handler:memory_units|MM_out_chooser:memory_out_muxer|dma_select[2]                                                 ; gameboy:dut|MMU:mmu|BRAM_handler:memory_units|MM_out_chooser:memory_out_muxer|dma_memory_selector[2]                                                             ; CLOCK_50     ; CLOCK_50    ; 0.000        ; 0.077      ; 1.637      ;
; 1.380 ; gameboy:dut|PPU_Wrapper:ppu|Pixel_Gen:Pixel_Gen_inst|Render_Sprites:render_sprites_inst|row_offset[2]                                       ; gameboy:dut|MMU:mmu|BRAM_handler:memory_units|OAM_DUALBANK:oam|altsyncram:altsyncram_component|altsyncram_ttf2:auto_generated|ram_block1a0~portb_address_reg0    ; CLOCK2_50    ; CLOCK_50    ; 0.000        ; 0.453      ; 2.095      ;
; 1.382 ; gameboy:dut|PPU_Wrapper:ppu|OAM_Search:oam_search|selected_sprites_reg[9].tile_index[4]                                                     ; gameboy:dut|MMU:mmu|BRAM_handler:memory_units|DUAL_VRAM_8KB:vram0|altsyncram:altsyncram_component|altsyncram_54g2:auto_generated|ram_block1a4~portb_address_reg0 ; CLOCK2_50    ; CLOCK_50    ; 0.000        ; 0.461      ; 2.105      ;
; 1.396 ; gameboy:dut|MMU:mmu|BRAM_handler:memory_units|DMA_controller:dma_guy|Counter:dma_addr_cnter|Q[13]                                           ; gameboy:dut|MMU:mmu|BRAM_handler:memory_units|ROM_BANK:rom0|altsyncram:altsyncram_component|altsyncram_81a1:auto_generated|ram_block1a15~porta_address_reg0      ; CLOCK2_50    ; CLOCK_50    ; 0.000        ; 0.471      ; 2.129      ;
; 1.424 ; gameboy:dut|MMU:mmu|BRAM_handler:memory_units|DMA_controller:dma_guy|Counter:dma_addr_cnter|Q[8]                                            ; gameboy:dut|MMU:mmu|BRAM_handler:memory_units|ROM_BANK:rom0|altsyncram:altsyncram_component|altsyncram_81a1:auto_generated|ram_block1a15~porta_address_reg0      ; CLOCK2_50    ; CLOCK_50    ; 0.000        ; 0.471      ; 2.157      ;
; 1.427 ; gameboy:dut|MMU:mmu|BRAM_handler:memory_units|DMA_controller:dma_guy|state.IDLE                                                             ; gameboy:dut|MMU:mmu|BRAM_handler:memory_units|MM_out_chooser:memory_out_muxer|cpu_select[0]                                                                      ; CLOCK2_50    ; CLOCK_50    ; 0.000        ; 0.087      ; 1.740      ;
; 1.430 ; gameboy:dut|MMU:mmu|BRAM_handler:memory_units|hram_out_data[15]                                                                             ; gameboy:dut|MMU:mmu|BRAM_handler:memory_units|OAM_DUALBANK:oam|altsyncram:altsyncram_component|altsyncram_ttf2:auto_generated|ram_block1a0~porta_datain_reg0     ; CLOCK2_50    ; CLOCK_50    ; 0.000        ; 0.465      ; 2.157      ;
; 1.430 ; gameboy:dut|MMU:mmu|BRAM_handler:memory_units|DMA_controller:dma_guy|Counter:oam_addr_cnter|Q[5]                                            ; gameboy:dut|MMU:mmu|BRAM_handler:memory_units|OAM_DUALBANK:oam|altsyncram:altsyncram_component|altsyncram_ttf2:auto_generated|ram_block1a0~porta_address_reg0    ; CLOCK2_50    ; CLOCK_50    ; 0.000        ; 0.462      ; 2.154      ;
; 1.437 ; gameboy:dut|MMU:mmu|BRAM_handler:memory_units|hram_out_data[10]                                                                             ; gameboy:dut|MMU:mmu|BRAM_handler:memory_units|OAM_DUALBANK:oam|altsyncram:altsyncram_component|altsyncram_ttf2:auto_generated|ram_block1a0~porta_datain_reg0     ; CLOCK2_50    ; CLOCK_50    ; 0.000        ; 0.465      ; 2.164      ;
; 1.442 ; gameboy:dut|cpu:cpu|flopenr:memfwdflop|q[15]                                                                                                ; gameboy:dut|MMU:mmu|BRAM_handler:memory_units|DUAL_VRAM_8KB:vram0|altsyncram:altsyncram_component|altsyncram_54g2:auto_generated|ram_block1a0~porta_datain_reg0  ; CLOCK2_50    ; CLOCK_50    ; 0.000        ; 0.462      ; 2.166      ;
; 1.448 ; gameboy:dut|MMU:mmu|BRAM_handler:memory_units|DMA_controller:dma_guy|Counter:dma_addr_cnter|Q[2]                                            ; gameboy:dut|MMU:mmu|BRAM_handler:memory_units|DUAL_8KB:exram0|altsyncram:altsyncram_component|altsyncram_54g2:auto_generated|ram_block1a0~portb_address_reg0     ; CLOCK2_50    ; CLOCK_50    ; 0.000        ; 0.450      ; 2.160      ;
; 1.450 ; gameboy:dut|MMU:mmu|BRAM_handler:memory_units|DMA_controller:dma_guy|Counter:oam_addr_cnter|Q[1]                                            ; gameboy:dut|MMU:mmu|BRAM_handler:memory_units|OAM_DUALBANK:oam|altsyncram:altsyncram_component|altsyncram_ttf2:auto_generated|ram_block1a0~porta_address_reg0    ; CLOCK2_50    ; CLOCK_50    ; 0.000        ; 0.462      ; 2.174      ;
; 1.451 ; gameboy:dut|PPU_Wrapper:ppu|OAM_Search:oam_search|selected_sprites_reg[9].tile_index[1]                                                     ; gameboy:dut|MMU:mmu|BRAM_handler:memory_units|DUAL_VRAM_8KB:vram0|altsyncram:altsyncram_component|altsyncram_54g2:auto_generated|ram_block1a2~portb_address_reg0 ; CLOCK2_50    ; CLOCK_50    ; 0.000        ; 0.452      ; 2.165      ;
; 1.455 ; gameboy:dut|MMU:mmu|BRAM_handler:memory_units|DMA_controller:dma_guy|Counter:dma_addr_cnter|Q[12]                                           ; gameboy:dut|MMU:mmu|BRAM_handler:memory_units|ROM_BANK:rom0|altsyncram:altsyncram_component|altsyncram_81a1:auto_generated|ram_block1a15~porta_address_reg0      ; CLOCK2_50    ; CLOCK_50    ; 0.000        ; 0.471      ; 2.188      ;
; 1.473 ; gameboy:dut|PPU_Wrapper:ppu|PPU_Mode_controller:mode_ctrl|mode[1]                                                                           ; gameboy:dut|MMU:mmu|BRAM_handler:memory_units|DUAL_VRAM_8KB:vram0|altsyncram:altsyncram_component|altsyncram_54g2:auto_generated|ram_block1a1~portb_address_reg0 ; CLOCK2_50    ; CLOCK_50    ; 0.000        ; 0.455      ; 2.190      ;
; 1.494 ; gameboy:dut|MMU:mmu|BRAM_handler:memory_units|DMA_controller:dma_guy|Counter:oam_addr_cnter|Q[6]                                            ; gameboy:dut|MMU:mmu|BRAM_handler:memory_units|OAM_DUALBANK:oam|altsyncram:altsyncram_component|altsyncram_ttf2:auto_generated|ram_block1a0~porta_address_reg0    ; CLOCK2_50    ; CLOCK_50    ; 0.000        ; 0.462      ; 2.218      ;
; 1.505 ; gameboy:dut|MMU:mmu|BRAM_handler:memory_units|DMA_controller:dma_guy|Counter:dma_addr_cnter|Q[12]                                           ; gameboy:dut|MMU:mmu|BRAM_handler:memory_units|DUAL_8KB:wram0|altsyncram:altsyncram_component|altsyncram_54g2:auto_generated|ram_block1a5~portb_address_reg0      ; CLOCK2_50    ; CLOCK_50    ; 0.000        ; 0.447      ; 2.214      ;
; 1.506 ; gameboy:dut|MMU:mmu|BRAM_handler:memory_units|DMA_controller:dma_guy|Counter:oam_addr_cnter|Q[2]                                            ; gameboy:dut|MMU:mmu|BRAM_handler:memory_units|OAM_DUALBANK:oam|altsyncram:altsyncram_component|altsyncram_ttf2:auto_generated|ram_block1a0~porta_address_reg0    ; CLOCK2_50    ; CLOCK_50    ; 0.000        ; 0.462      ; 2.230      ;
; 1.511 ; gameboy:dut|MMU:mmu|BRAM_handler:memory_units|DMA_controller:dma_guy|Counter:dma_addr_cnter|Q[12]                                           ; gameboy:dut|MMU:mmu|BRAM_handler:memory_units|DUAL_8KB:wram0|altsyncram:altsyncram_component|altsyncram_54g2:auto_generated|ram_block1a3~portb_address_reg0      ; CLOCK2_50    ; CLOCK_50    ; 0.000        ; 0.435      ; 2.208      ;
; 1.529 ; gameboy:dut|MMU:mmu|BRAM_handler:memory_units|DMA_controller:dma_guy|Counter:dma_addr_cnter|Q[12]                                           ; gameboy:dut|MMU:mmu|BRAM_handler:memory_units|DUAL_8KB:exram0|altsyncram:altsyncram_component|altsyncram_54g2:auto_generated|ram_block1a3~portb_address_reg0     ; CLOCK2_50    ; CLOCK_50    ; 0.000        ; 0.440      ; 2.231      ;
; 1.542 ; gameboy:dut|PPU_Wrapper:ppu|OAM_Search:oam_search|selected_sprites_reg[9].tile_index[5]                                                     ; gameboy:dut|MMU:mmu|BRAM_handler:memory_units|DUAL_VRAM_8KB:vram0|altsyncram:altsyncram_component|altsyncram_54g2:auto_generated|ram_block1a1~portb_address_reg0 ; CLOCK2_50    ; CLOCK_50    ; 0.000        ; 0.451      ; 2.255      ;
; 1.552 ; gameboy:dut|MMU:mmu|BRAM_handler:memory_units|DMA_controller:dma_guy|Counter:oam_addr_cnter|Q[3]                                            ; gameboy:dut|MMU:mmu|BRAM_handler:memory_units|OAM_DUALBANK:oam|altsyncram:altsyncram_component|altsyncram_ttf2:auto_generated|ram_block1a0~porta_address_reg0    ; CLOCK2_50    ; CLOCK_50    ; 0.000        ; 0.462      ; 2.276      ;
; 1.553 ; gameboy:dut|MMU:mmu|BRAM_handler:memory_units|DMA_controller:dma_guy|Counter:dma_addr_cnter|Q[2]                                            ; gameboy:dut|MMU:mmu|BRAM_handler:memory_units|DUAL_VRAM_8KB:vram0|altsyncram:altsyncram_component|altsyncram_54g2:auto_generated|ram_block1a4~porta_address_reg0 ; CLOCK2_50    ; CLOCK_50    ; 0.000        ; 0.454      ; 2.269      ;
; 1.553 ; gameboy:dut|MMU:mmu|BRAM_handler:memory_units|DMA_controller:dma_guy|Counter:dma_addr_cnter|Q[4]                                            ; gameboy:dut|MMU:mmu|BRAM_handler:memory_units|DUAL_8KB:wram0|altsyncram:altsyncram_component|altsyncram_54g2:auto_generated|ram_block1a1~portb_address_reg0      ; CLOCK2_50    ; CLOCK_50    ; 0.000        ; 0.451      ; 2.266      ;
; 1.555 ; gameboy:dut|MMU:mmu|BRAM_handler:memory_units|DMA_controller:dma_guy|Counter:dma_addr_cnter|Q[4]                                            ; gameboy:dut|MMU:mmu|BRAM_handler:memory_units|DUAL_8KB:wram0|altsyncram:altsyncram_component|altsyncram_54g2:auto_generated|ram_block1a5~portb_address_reg0      ; CLOCK2_50    ; CLOCK_50    ; 0.000        ; 0.449      ; 2.266      ;
; 1.557 ; gameboy:dut|MMU:mmu|BRAM_handler:memory_units|DMA_controller:dma_guy|Counter:dma_addr_cnter|Q[2]                                            ; gameboy:dut|MMU:mmu|BRAM_handler:memory_units|DUAL_VRAM_8KB:vram0|altsyncram:altsyncram_component|altsyncram_54g2:auto_generated|ram_block1a2~porta_address_reg0 ; CLOCK2_50    ; CLOCK_50    ; 0.000        ; 0.459      ; 2.278      ;
; 1.565 ; gameboy:dut|MMU:mmu|BRAM_handler:memory_units|MM_out_chooser:memory_out_muxer|cpu_select[1]                                                 ; gameboy:dut|MMU:mmu|BRAM_handler:memory_units|MM_out_chooser:memory_out_muxer|cpu_memory_selector[1]                                                             ; CLOCK_50     ; CLOCK_50    ; 0.000        ; 0.111      ; 1.862      ;
; 1.572 ; gameboy:dut|MMU:mmu|BRAM_handler:memory_units|hram_out_data[13]                                                                             ; gameboy:dut|MMU:mmu|BRAM_handler:memory_units|OAM_DUALBANK:oam|altsyncram:altsyncram_component|altsyncram_ttf2:auto_generated|ram_block1a0~porta_datain_reg0     ; CLOCK2_50    ; CLOCK_50    ; 0.000        ; 0.470      ; 2.304      ;
; 1.573 ; gameboy:dut|MMU:mmu|BRAM_handler:memory_units|DMA_controller:dma_guy|Counter:dma_addr_cnter|Q[3]                                            ; gameboy:dut|MMU:mmu|BRAM_handler:memory_units|DUAL_8KB:wram0|altsyncram:altsyncram_component|altsyncram_54g2:auto_generated|ram_block1a5~portb_address_reg0      ; CLOCK2_50    ; CLOCK_50    ; 0.000        ; 0.449      ; 2.284      ;
; 1.583 ; gameboy:dut|MMU:mmu|BRAM_handler:memory_units|DMA_controller:dma_guy|Counter:dma_addr_cnter|Q[4]                                            ; gameboy:dut|MMU:mmu|BRAM_handler:memory_units|DUAL_8KB:exram0|altsyncram:altsyncram_component|altsyncram_54g2:auto_generated|ram_block1a3~portb_address_reg0     ; CLOCK2_50    ; CLOCK_50    ; 0.000        ; 0.442      ; 2.287      ;
; 1.585 ; gameboy:dut|MMU:mmu|BRAM_handler:memory_units|DMA_controller:dma_guy|Counter:dma_addr_cnter|Q[4]                                            ; gameboy:dut|MMU:mmu|BRAM_handler:memory_units|DUAL_VRAM_8KB:vram0|altsyncram:altsyncram_component|altsyncram_54g2:auto_generated|ram_block1a4~porta_address_reg0 ; CLOCK2_50    ; CLOCK_50    ; 0.000        ; 0.454      ; 2.301      ;
; 1.587 ; gameboy:dut|MMU:mmu|BRAM_handler:memory_units|DMA_controller:dma_guy|Counter:dma_addr_cnter|Q[7]                                            ; gameboy:dut|MMU:mmu|BRAM_handler:memory_units|ROM_BANK:rom0|altsyncram:altsyncram_component|altsyncram_81a1:auto_generated|ram_block1a7~porta_address_reg0       ; CLOCK2_50    ; CLOCK_50    ; 0.000        ; 0.459      ; 2.308      ;
; 1.588 ; gameboy:dut|MMU:mmu|BRAM_handler:memory_units|DMA_controller:dma_guy|Counter:dma_addr_cnter|Q[2]                                            ; gameboy:dut|MMU:mmu|BRAM_handler:memory_units|ROM_BANK:rom0|altsyncram:altsyncram_component|altsyncram_81a1:auto_generated|ram_block1a25~porta_address_reg0      ; CLOCK2_50    ; CLOCK_50    ; 0.000        ; 0.459      ; 2.309      ;
; 1.599 ; gameboy:dut|MMU:mmu|BRAM_handler:memory_units|DMA_controller:dma_guy|Counter:dma_addr_cnter|Q[5]                                            ; gameboy:dut|MMU:mmu|BRAM_handler:memory_units|DUAL_VRAM_8KB:vram0|altsyncram:altsyncram_component|altsyncram_54g2:auto_generated|ram_block1a0~porta_address_reg0 ; CLOCK2_50    ; CLOCK_50    ; 0.000        ; 0.456      ; 2.317      ;
; 1.599 ; gameboy:dut|MMU:mmu|BRAM_handler:memory_units|DMA_controller:dma_guy|Counter:dma_addr_cnter|Q[4]                                            ; gameboy:dut|MMU:mmu|BRAM_handler:memory_units|MM_out_chooser:memory_out_muxer|dma_select[0]                                                                      ; CLOCK2_50    ; CLOCK_50    ; 0.000        ; 0.104      ; 1.929      ;
+-------+---------------------------------------------------------------------------------------------------------------------------------------------+------------------------------------------------------------------------------------------------------------------------------------------------------------------+--------------+-------------+--------------+------------+------------+


+-------------------------------------------------------------------------------------------------------------------------------------------------------------------------------------------------------+
; Slow 1200mV 85C Model Recovery: 'CLOCK2_50'                                                                                                                                                           ;
+---------+-----------+-----------------------------------------------------------------------------------------------------------+--------------+-------------+--------------+------------+------------+
; Slack   ; From Node ; To Node                                                                                                   ; Launch Clock ; Latch Clock ; Relationship ; Clock Skew ; Data Delay ;
+---------+-----------+-----------------------------------------------------------------------------------------------------------+--------------+-------------+--------------+------------+------------+
; 118.839 ; rst       ; gameboy:dut|PPU_Wrapper:ppu|OAM_Search:oam_search|state.OAM_FETCH                                         ; CLOCK_50     ; CLOCK2_50   ; 125.000      ; -0.096     ; 6.043      ;
; 118.839 ; rst       ; gameboy:dut|PPU_Wrapper:ppu|OAM_Search:oam_search|oam_index[0]                                            ; CLOCK_50     ; CLOCK2_50   ; 125.000      ; -0.096     ; 6.043      ;
; 118.839 ; rst       ; gameboy:dut|PPU_Wrapper:ppu|OAM_Search:oam_search|oam_index[5]                                            ; CLOCK_50     ; CLOCK2_50   ; 125.000      ; -0.096     ; 6.043      ;
; 118.839 ; rst       ; gameboy:dut|PPU_Wrapper:ppu|OAM_Search:oam_search|oam_index[4]                                            ; CLOCK_50     ; CLOCK2_50   ; 125.000      ; -0.096     ; 6.043      ;
; 118.839 ; rst       ; gameboy:dut|PPU_Wrapper:ppu|OAM_Search:oam_search|oam_index[3]                                            ; CLOCK_50     ; CLOCK2_50   ; 125.000      ; -0.096     ; 6.043      ;
; 118.839 ; rst       ; gameboy:dut|PPU_Wrapper:ppu|OAM_Search:oam_search|oam_index[2]                                            ; CLOCK_50     ; CLOCK2_50   ; 125.000      ; -0.096     ; 6.043      ;
; 118.839 ; rst       ; gameboy:dut|PPU_Wrapper:ppu|OAM_Search:oam_search|oam_index[1]                                            ; CLOCK_50     ; CLOCK2_50   ; 125.000      ; -0.096     ; 6.043      ;
; 119.170 ; rst       ; gameboy:dut|PPU_Wrapper:ppu|Pixel_Gen:Pixel_Gen_inst|Render_BG:render_bg_inst|bg_done                     ; CLOCK_50     ; CLOCK2_50   ; 125.000      ; -0.108     ; 5.700      ;
; 119.170 ; rst       ; gameboy:dut|PPU_Wrapper:ppu|Pixel_Gen:Pixel_Gen_inst|Render_Sprites:render_sprites_inst|sprite_done       ; CLOCK_50     ; CLOCK2_50   ; 125.000      ; -0.108     ; 5.700      ;
; 119.170 ; rst       ; gameboy:dut|PPU_Wrapper:ppu|Pixel_Gen:Pixel_Gen_inst|Render_BG:render_bg_inst|state.BG_PROCESS_PIXELS     ; CLOCK_50     ; CLOCK2_50   ; 125.000      ; -0.108     ; 5.700      ;
; 119.170 ; rst       ; gameboy:dut|PPU_Wrapper:ppu|Pixel_Gen:Pixel_Gen_inst|Render_BG:render_bg_inst|state.BG_FETCH_TILE_DATA    ; CLOCK_50     ; CLOCK2_50   ; 125.000      ; -0.108     ; 5.700      ;
; 119.170 ; rst       ; gameboy:dut|PPU_Wrapper:ppu|Pixel_Gen:Pixel_Gen_inst|Render_BG:render_bg_inst|state.BG_FETCH_TILE         ; CLOCK_50     ; CLOCK2_50   ; 125.000      ; -0.108     ; 5.700      ;
; 119.170 ; rst       ; gameboy:dut|PPU_Wrapper:ppu|Pixel_Gen:Pixel_Gen_inst|Render_BG:render_bg_inst|pixel_index[0]              ; CLOCK_50     ; CLOCK2_50   ; 125.000      ; -0.108     ; 5.700      ;
; 119.170 ; rst       ; gameboy:dut|PPU_Wrapper:ppu|Pixel_Gen:Pixel_Gen_inst|Render_BG:render_bg_inst|state.BG_IDLE               ; CLOCK_50     ; CLOCK2_50   ; 125.000      ; -0.108     ; 5.700      ;
; 119.170 ; rst       ; gameboy:dut|PPU_Wrapper:ppu|Pixel_Gen:Pixel_Gen_inst|Render_BG:render_bg_inst|state.BG_DONE               ; CLOCK_50     ; CLOCK2_50   ; 125.000      ; -0.108     ; 5.700      ;
; 119.170 ; rst       ; gameboy:dut|PPU_Wrapper:ppu|Pixel_Gen:Pixel_Gen_inst|Render_BG:render_bg_inst|pixel_index[2]              ; CLOCK_50     ; CLOCK2_50   ; 125.000      ; -0.108     ; 5.700      ;
; 119.170 ; rst       ; gameboy:dut|PPU_Wrapper:ppu|Pixel_Gen:Pixel_Gen_inst|Render_BG:render_bg_inst|pixel_index[1]              ; CLOCK_50     ; CLOCK2_50   ; 125.000      ; -0.108     ; 5.700      ;
; 119.170 ; rst       ; gameboy:dut|PPU_Wrapper:ppu|Pixel_Gen:Pixel_Gen_inst|Render_BG:render_bg_inst|pixel_total[3]              ; CLOCK_50     ; CLOCK2_50   ; 125.000      ; -0.108     ; 5.700      ;
; 119.415 ; rst       ; gameboy:dut|PPU_Wrapper:ppu|PPU_Mode_controller:mode_ctrl|mode[0]                                         ; CLOCK_50     ; CLOCK2_50   ; 125.000      ; -0.107     ; 5.456      ;
; 119.415 ; rst       ; gameboy:dut|PPU_Wrapper:ppu|PPU_Mode_controller:mode_ctrl|mode[1]                                         ; CLOCK_50     ; CLOCK2_50   ; 125.000      ; -0.107     ; 5.456      ;
; 119.415 ; rst       ; gameboy:dut|PPU_Wrapper:ppu|PPU_Mode_controller:mode_ctrl|line[4]                                         ; CLOCK_50     ; CLOCK2_50   ; 125.000      ; -0.107     ; 5.456      ;
; 119.415 ; rst       ; gameboy:dut|PPU_Wrapper:ppu|PPU_Mode_controller:mode_ctrl|line[7]                                         ; CLOCK_50     ; CLOCK2_50   ; 125.000      ; -0.107     ; 5.456      ;
; 119.415 ; rst       ; gameboy:dut|PPU_Wrapper:ppu|PPU_Mode_controller:mode_ctrl|line[6]                                         ; CLOCK_50     ; CLOCK2_50   ; 125.000      ; -0.107     ; 5.456      ;
; 119.415 ; rst       ; gameboy:dut|PPU_Wrapper:ppu|PPU_Mode_controller:mode_ctrl|line[5]                                         ; CLOCK_50     ; CLOCK2_50   ; 125.000      ; -0.107     ; 5.456      ;
; 119.415 ; rst       ; gameboy:dut|PPU_Wrapper:ppu|PPU_Mode_controller:mode_ctrl|line[3]                                         ; CLOCK_50     ; CLOCK2_50   ; 125.000      ; -0.107     ; 5.456      ;
; 119.415 ; rst       ; gameboy:dut|PPU_Wrapper:ppu|PPU_Mode_controller:mode_ctrl|line[2]                                         ; CLOCK_50     ; CLOCK2_50   ; 125.000      ; -0.107     ; 5.456      ;
; 119.415 ; rst       ; gameboy:dut|PPU_Wrapper:ppu|PPU_Mode_controller:mode_ctrl|line[1]                                         ; CLOCK_50     ; CLOCK2_50   ; 125.000      ; -0.107     ; 5.456      ;
; 119.415 ; rst       ; gameboy:dut|PPU_Wrapper:ppu|PPU_Mode_controller:mode_ctrl|line[0]                                         ; CLOCK_50     ; CLOCK2_50   ; 125.000      ; -0.107     ; 5.456      ;
; 119.430 ; rst       ; gameboy:dut|PPU_Wrapper:ppu|Pixel_Gen:Pixel_Gen_inst|Render_BG:render_bg_inst|push_bg                     ; CLOCK_50     ; CLOCK2_50   ; 125.000      ; -0.108     ; 5.440      ;
; 119.431 ; rst       ; gameboy:dut|PPU_Wrapper:ppu|Pixel_Mixer:pixel_mixer_inst|pixel_out_valid                                  ; CLOCK_50     ; CLOCK2_50   ; 125.000      ; -0.107     ; 5.440      ;
; 119.431 ; rst       ; gameboy:dut|PPU_Wrapper:ppu|Pixel_Gen:Pixel_Gen_inst|FIFO:bg_fifo_inst|count[4]                           ; CLOCK_50     ; CLOCK2_50   ; 125.000      ; -0.107     ; 5.440      ;
; 119.431 ; rst       ; gameboy:dut|PPU_Wrapper:ppu|Pixel_Gen:Pixel_Gen_inst|FIFO:bg_fifo_inst|count[3]                           ; CLOCK_50     ; CLOCK2_50   ; 125.000      ; -0.107     ; 5.440      ;
; 119.431 ; rst       ; gameboy:dut|PPU_Wrapper:ppu|Pixel_Gen:Pixel_Gen_inst|FIFO:bg_fifo_inst|count[2]                           ; CLOCK_50     ; CLOCK2_50   ; 125.000      ; -0.107     ; 5.440      ;
; 119.431 ; rst       ; gameboy:dut|PPU_Wrapper:ppu|Pixel_Gen:Pixel_Gen_inst|FIFO:bg_fifo_inst|count[1]                           ; CLOCK_50     ; CLOCK2_50   ; 125.000      ; -0.107     ; 5.440      ;
; 119.431 ; rst       ; gameboy:dut|PPU_Wrapper:ppu|Pixel_Gen:Pixel_Gen_inst|FIFO:bg_fifo_inst|count[0]                           ; CLOCK_50     ; CLOCK2_50   ; 125.000      ; -0.107     ; 5.440      ;
; 119.626 ; rst       ; gameboy:dut|PPU_Wrapper:ppu|Pixel_Gen:Pixel_Gen_inst|Render_BG:render_bg_inst|state.BG_FETCH_TILE_MAP     ; CLOCK_50     ; CLOCK2_50   ; 125.000      ; -0.114     ; 5.238      ;
; 122.285 ; rst       ; gameboy:dut|PPU_Wrapper:ppu|Pixel_Gen:Pixel_Gen_inst|Render_BG:render_bg_inst|scx_latched[7]              ; CLOCK_50     ; CLOCK2_50   ; 125.000      ; -0.109     ; 2.584      ;
; 122.285 ; rst       ; gameboy:dut|PPU_Wrapper:ppu|Pixel_Gen:Pixel_Gen_inst|Render_BG:render_bg_inst|scx_latched[6]              ; CLOCK_50     ; CLOCK2_50   ; 125.000      ; -0.109     ; 2.584      ;
; 122.285 ; rst       ; gameboy:dut|PPU_Wrapper:ppu|Pixel_Gen:Pixel_Gen_inst|Render_BG:render_bg_inst|scx_latched[5]              ; CLOCK_50     ; CLOCK2_50   ; 125.000      ; -0.109     ; 2.584      ;
; 122.285 ; rst       ; gameboy:dut|PPU_Wrapper:ppu|Pixel_Gen:Pixel_Gen_inst|Render_BG:render_bg_inst|scx_latched[4]              ; CLOCK_50     ; CLOCK2_50   ; 125.000      ; -0.109     ; 2.584      ;
; 122.285 ; rst       ; gameboy:dut|PPU_Wrapper:ppu|Pixel_Gen:Pixel_Gen_inst|Render_BG:render_bg_inst|scx_latched[3]              ; CLOCK_50     ; CLOCK2_50   ; 125.000      ; -0.109     ; 2.584      ;
; 122.285 ; rst       ; gameboy:dut|PPU_Wrapper:ppu|Pixel_Gen:Pixel_Gen_inst|Render_BG:render_bg_inst|pixel_total[7]              ; CLOCK_50     ; CLOCK2_50   ; 125.000      ; -0.109     ; 2.584      ;
; 122.285 ; rst       ; gameboy:dut|PPU_Wrapper:ppu|Pixel_Gen:Pixel_Gen_inst|Render_BG:render_bg_inst|pixel_total[6]              ; CLOCK_50     ; CLOCK2_50   ; 125.000      ; -0.109     ; 2.584      ;
; 122.285 ; rst       ; gameboy:dut|PPU_Wrapper:ppu|Pixel_Gen:Pixel_Gen_inst|Render_BG:render_bg_inst|pixel_total[5]              ; CLOCK_50     ; CLOCK2_50   ; 125.000      ; -0.109     ; 2.584      ;
; 122.285 ; rst       ; gameboy:dut|PPU_Wrapper:ppu|Pixel_Gen:Pixel_Gen_inst|Render_BG:render_bg_inst|pixel_total[4]              ; CLOCK_50     ; CLOCK2_50   ; 125.000      ; -0.109     ; 2.584      ;
; 122.317 ; rst       ; gameboy:dut|PPU_Wrapper:ppu|OAM_Search:oam_search|sort_i[3]                                               ; CLOCK_50     ; CLOCK2_50   ; 125.000      ; -0.098     ; 2.563      ;
; 122.317 ; rst       ; gameboy:dut|PPU_Wrapper:ppu|OAM_Search:oam_search|sort_i[2]                                               ; CLOCK_50     ; CLOCK2_50   ; 125.000      ; -0.098     ; 2.563      ;
; 122.317 ; rst       ; gameboy:dut|PPU_Wrapper:ppu|OAM_Search:oam_search|sort_i[1]                                               ; CLOCK_50     ; CLOCK2_50   ; 125.000      ; -0.098     ; 2.563      ;
; 122.317 ; rst       ; gameboy:dut|PPU_Wrapper:ppu|OAM_Search:oam_search|sort_i[0]                                               ; CLOCK_50     ; CLOCK2_50   ; 125.000      ; -0.098     ; 2.563      ;
; 122.570 ; rst       ; gameboy:dut|PPU_Wrapper:ppu|PPU_Mode_controller:mode_ctrl|fifo_clear                                      ; CLOCK_50     ; CLOCK2_50   ; 125.000      ; -0.094     ; 2.314      ;
; 122.570 ; rst       ; gameboy:dut|PPU_Wrapper:ppu|PPU_Mode_controller:mode_ctrl|dot[4]                                          ; CLOCK_50     ; CLOCK2_50   ; 125.000      ; -0.094     ; 2.314      ;
; 122.570 ; rst       ; gameboy:dut|PPU_Wrapper:ppu|PPU_Mode_controller:mode_ctrl|dot[8]                                          ; CLOCK_50     ; CLOCK2_50   ; 125.000      ; -0.094     ; 2.314      ;
; 122.570 ; rst       ; gameboy:dut|PPU_Wrapper:ppu|PPU_Mode_controller:mode_ctrl|dot[7]                                          ; CLOCK_50     ; CLOCK2_50   ; 125.000      ; -0.094     ; 2.314      ;
; 122.570 ; rst       ; gameboy:dut|PPU_Wrapper:ppu|PPU_Mode_controller:mode_ctrl|dot[6]                                          ; CLOCK_50     ; CLOCK2_50   ; 125.000      ; -0.094     ; 2.314      ;
; 122.570 ; rst       ; gameboy:dut|PPU_Wrapper:ppu|PPU_Mode_controller:mode_ctrl|dot[5]                                          ; CLOCK_50     ; CLOCK2_50   ; 125.000      ; -0.094     ; 2.314      ;
; 122.570 ; rst       ; gameboy:dut|PPU_Wrapper:ppu|PPU_Mode_controller:mode_ctrl|dot[3]                                          ; CLOCK_50     ; CLOCK2_50   ; 125.000      ; -0.094     ; 2.314      ;
; 122.570 ; rst       ; gameboy:dut|PPU_Wrapper:ppu|PPU_Mode_controller:mode_ctrl|dot[2]                                          ; CLOCK_50     ; CLOCK2_50   ; 125.000      ; -0.094     ; 2.314      ;
; 122.570 ; rst       ; gameboy:dut|PPU_Wrapper:ppu|PPU_Mode_controller:mode_ctrl|dot[1]                                          ; CLOCK_50     ; CLOCK2_50   ; 125.000      ; -0.094     ; 2.314      ;
; 122.570 ; rst       ; gameboy:dut|PPU_Wrapper:ppu|PPU_Mode_controller:mode_ctrl|dot[0]                                          ; CLOCK_50     ; CLOCK2_50   ; 125.000      ; -0.094     ; 2.314      ;
; 122.573 ; rst       ; gameboy:dut|PPU_Wrapper:ppu|Pixel_Gen:Pixel_Gen_inst|Render_Sprites:render_sprites_inst|state.IDLE        ; CLOCK_50     ; CLOCK2_50   ; 125.000      ; -0.095     ; 2.310      ;
; 122.573 ; rst       ; gameboy:dut|PPU_Wrapper:ppu|OAM_Search:oam_search|state.OAM_DONE                                          ; CLOCK_50     ; CLOCK2_50   ; 125.000      ; -0.095     ; 2.310      ;
; 122.573 ; rst       ; gameboy:dut|PPU_Wrapper:ppu|OAM_Search:oam_search|state.OAM_SORT                                          ; CLOCK_50     ; CLOCK2_50   ; 125.000      ; -0.095     ; 2.310      ;
; 122.573 ; rst       ; gameboy:dut|PPU_Wrapper:ppu|OAM_Search:oam_search|sort_phase                                              ; CLOCK_50     ; CLOCK2_50   ; 125.000      ; -0.095     ; 2.310      ;
; 122.573 ; rst       ; gameboy:dut|PPU_Wrapper:ppu|OAM_Search:oam_search|sort_j[3]                                               ; CLOCK_50     ; CLOCK2_50   ; 125.000      ; -0.095     ; 2.310      ;
; 122.573 ; rst       ; gameboy:dut|PPU_Wrapper:ppu|OAM_Search:oam_search|sort_j[2]                                               ; CLOCK_50     ; CLOCK2_50   ; 125.000      ; -0.095     ; 2.310      ;
; 122.573 ; rst       ; gameboy:dut|PPU_Wrapper:ppu|OAM_Search:oam_search|state.OAM_IDLE                                          ; CLOCK_50     ; CLOCK2_50   ; 125.000      ; -0.095     ; 2.310      ;
; 122.576 ; rst       ; gameboy:dut|PPU_Wrapper:ppu|Pixel_Gen:Pixel_Gen_inst|FIFO:sprite_fifo_inst|count[6]                       ; CLOCK_50     ; CLOCK2_50   ; 125.000      ; -0.096     ; 2.306      ;
; 122.576 ; rst       ; gameboy:dut|PPU_Wrapper:ppu|Pixel_Gen:Pixel_Gen_inst|FIFO:sprite_fifo_inst|count[5]                       ; CLOCK_50     ; CLOCK2_50   ; 125.000      ; -0.096     ; 2.306      ;
; 122.576 ; rst       ; gameboy:dut|PPU_Wrapper:ppu|Pixel_Gen:Pixel_Gen_inst|FIFO:sprite_fifo_inst|count[4]                       ; CLOCK_50     ; CLOCK2_50   ; 125.000      ; -0.096     ; 2.306      ;
; 122.576 ; rst       ; gameboy:dut|PPU_Wrapper:ppu|Pixel_Gen:Pixel_Gen_inst|FIFO:sprite_fifo_inst|count[3]                       ; CLOCK_50     ; CLOCK2_50   ; 125.000      ; -0.096     ; 2.306      ;
; 122.576 ; rst       ; gameboy:dut|PPU_Wrapper:ppu|Pixel_Gen:Pixel_Gen_inst|FIFO:sprite_fifo_inst|count[2]                       ; CLOCK_50     ; CLOCK2_50   ; 125.000      ; -0.096     ; 2.306      ;
; 122.576 ; rst       ; gameboy:dut|PPU_Wrapper:ppu|Pixel_Gen:Pixel_Gen_inst|FIFO:sprite_fifo_inst|count[1]                       ; CLOCK_50     ; CLOCK2_50   ; 125.000      ; -0.096     ; 2.306      ;
; 122.576 ; rst       ; gameboy:dut|PPU_Wrapper:ppu|Pixel_Gen:Pixel_Gen_inst|FIFO:sprite_fifo_inst|count[0]                       ; CLOCK_50     ; CLOCK2_50   ; 125.000      ; -0.096     ; 2.306      ;
; 122.607 ; rst       ; gameboy:dut|PPU_Wrapper:ppu|OAM_Search:oam_search|selected_count[1]                                       ; CLOCK_50     ; CLOCK2_50   ; 125.000      ; -0.097     ; 2.274      ;
; 122.607 ; rst       ; gameboy:dut|PPU_Wrapper:ppu|OAM_Search:oam_search|selected_count[3]                                       ; CLOCK_50     ; CLOCK2_50   ; 125.000      ; -0.097     ; 2.274      ;
; 122.607 ; rst       ; gameboy:dut|PPU_Wrapper:ppu|OAM_Search:oam_search|selected_count[0]                                       ; CLOCK_50     ; CLOCK2_50   ; 125.000      ; -0.097     ; 2.274      ;
; 122.607 ; rst       ; gameboy:dut|PPU_Wrapper:ppu|OAM_Search:oam_search|selected_count[2]                                       ; CLOCK_50     ; CLOCK2_50   ; 125.000      ; -0.097     ; 2.274      ;
; 122.660 ; rst       ; gameboy:dut|PPU_Wrapper:ppu|Pixel_Gen:Pixel_Gen_inst|Render_Sprites:render_sprites_inst|state.DONE        ; CLOCK_50     ; CLOCK2_50   ; 125.000      ; -0.096     ; 2.222      ;
; 122.660 ; rst       ; gameboy:dut|PPU_Wrapper:ppu|Pixel_Gen:Pixel_Gen_inst|Render_Sprites:render_sprites_inst|state.DUMP_PIXELS ; CLOCK_50     ; CLOCK2_50   ; 125.000      ; -0.096     ; 2.222      ;
; 122.660 ; rst       ; gameboy:dut|PPU_Wrapper:ppu|Pixel_Gen:Pixel_Gen_inst|Render_Sprites:render_sprites_inst|state.FETCH_TILE  ; CLOCK_50     ; CLOCK2_50   ; 125.000      ; -0.096     ; 2.222      ;
; 122.660 ; rst       ; gameboy:dut|PPU_Wrapper:ppu|Pixel_Gen:Pixel_Gen_inst|Render_Sprites:render_sprites_inst|state.SCAN_CHECK  ; CLOCK_50     ; CLOCK2_50   ; 125.000      ; -0.096     ; 2.222      ;
; 122.681 ; rst       ; gameboy:dut|PPU_Wrapper:ppu|Pixel_Gen:Pixel_Gen_inst|Render_Sprites:render_sprites_inst|x_coord[2]        ; CLOCK_50     ; CLOCK2_50   ; 125.000      ; -0.100     ; 2.197      ;
; 122.876 ; rst       ; gameboy:dut|PPU_Wrapper:ppu|Pixel_Gen:Pixel_Gen_inst|Render_Sprites:render_sprites_inst|pixel_index[2]    ; CLOCK_50     ; CLOCK2_50   ; 125.000      ; -0.097     ; 2.005      ;
; 122.876 ; rst       ; gameboy:dut|PPU_Wrapper:ppu|Pixel_Gen:Pixel_Gen_inst|Render_Sprites:render_sprites_inst|pixel_index[1]    ; CLOCK_50     ; CLOCK2_50   ; 125.000      ; -0.097     ; 2.005      ;
; 122.876 ; rst       ; gameboy:dut|PPU_Wrapper:ppu|Pixel_Gen:Pixel_Gen_inst|Render_Sprites:render_sprites_inst|pixel_index[0]    ; CLOCK_50     ; CLOCK2_50   ; 125.000      ; -0.097     ; 2.005      ;
; 122.933 ; rst       ; gameboy:dut|PPU_Wrapper:ppu|Pixel_Gen:Pixel_Gen_inst|Render_Sprites:render_sprites_inst|use_sprite        ; CLOCK_50     ; CLOCK2_50   ; 125.000      ; -0.097     ; 1.948      ;
; 122.951 ; rst       ; gameboy:dut|PPU_Wrapper:ppu|Pixel_Gen:Pixel_Gen_inst|Render_Sprites:render_sprites_inst|x_coord[8]        ; CLOCK_50     ; CLOCK2_50   ; 125.000      ; -0.099     ; 1.928      ;
; 122.951 ; rst       ; gameboy:dut|PPU_Wrapper:ppu|Pixel_Gen:Pixel_Gen_inst|Render_Sprites:render_sprites_inst|x_coord[5]        ; CLOCK_50     ; CLOCK2_50   ; 125.000      ; -0.099     ; 1.928      ;
; 122.951 ; rst       ; gameboy:dut|PPU_Wrapper:ppu|Pixel_Gen:Pixel_Gen_inst|Render_Sprites:render_sprites_inst|x_coord[9]        ; CLOCK_50     ; CLOCK2_50   ; 125.000      ; -0.099     ; 1.928      ;
; 122.951 ; rst       ; gameboy:dut|PPU_Wrapper:ppu|Pixel_Gen:Pixel_Gen_inst|Render_Sprites:render_sprites_inst|x_coord[7]        ; CLOCK_50     ; CLOCK2_50   ; 125.000      ; -0.099     ; 1.928      ;
; 122.951 ; rst       ; gameboy:dut|PPU_Wrapper:ppu|Pixel_Gen:Pixel_Gen_inst|Render_Sprites:render_sprites_inst|x_coord[6]        ; CLOCK_50     ; CLOCK2_50   ; 125.000      ; -0.099     ; 1.928      ;
; 122.951 ; rst       ; gameboy:dut|PPU_Wrapper:ppu|Pixel_Gen:Pixel_Gen_inst|Render_Sprites:render_sprites_inst|x_coord[4]        ; CLOCK_50     ; CLOCK2_50   ; 125.000      ; -0.099     ; 1.928      ;
; 122.951 ; rst       ; gameboy:dut|PPU_Wrapper:ppu|Pixel_Gen:Pixel_Gen_inst|Render_Sprites:render_sprites_inst|x_coord[3]        ; CLOCK_50     ; CLOCK2_50   ; 125.000      ; -0.099     ; 1.928      ;
; 123.308 ; rst       ; gameboy:dut|PPU_Wrapper:ppu|Pixel_Gen:Pixel_Gen_inst|Render_Sprites:render_sprites_inst|x_coord[1]        ; CLOCK_50     ; CLOCK2_50   ; 125.000      ; -0.103     ; 1.567      ;
; 123.308 ; rst       ; gameboy:dut|PPU_Wrapper:ppu|Pixel_Gen:Pixel_Gen_inst|Render_Sprites:render_sprites_inst|x_coord[0]        ; CLOCK_50     ; CLOCK2_50   ; 125.000      ; -0.103     ; 1.567      ;
+---------+-----------+-----------------------------------------------------------------------------------------------------------+--------------+-------------+--------------+------------+------------+


+-----------------------------------------------------------------------------------------------------------------------------------------------------------------------------------------------------+
; Slow 1200mV 85C Model Removal: 'CLOCK2_50'                                                                                                                                                          ;
+-------+-----------+-----------------------------------------------------------------------------------------------------------+--------------+-------------+--------------+------------+------------+
; Slack ; From Node ; To Node                                                                                                   ; Launch Clock ; Latch Clock ; Relationship ; Clock Skew ; Data Delay ;
+-------+-----------+-----------------------------------------------------------------------------------------------------------+--------------+-------------+--------------+------------+------------+
; 1.085 ; rst       ; gameboy:dut|PPU_Wrapper:ppu|Pixel_Gen:Pixel_Gen_inst|Render_Sprites:render_sprites_inst|x_coord[1]        ; CLOCK_50     ; CLOCK2_50   ; 0.000        ; 0.124      ; 1.435      ;
; 1.085 ; rst       ; gameboy:dut|PPU_Wrapper:ppu|Pixel_Gen:Pixel_Gen_inst|Render_Sprites:render_sprites_inst|x_coord[0]        ; CLOCK_50     ; CLOCK2_50   ; 0.000        ; 0.124      ; 1.435      ;
; 1.419 ; rst       ; gameboy:dut|PPU_Wrapper:ppu|Pixel_Gen:Pixel_Gen_inst|Render_Sprites:render_sprites_inst|x_coord[8]        ; CLOCK_50     ; CLOCK2_50   ; 0.000        ; 0.129      ; 1.774      ;
; 1.419 ; rst       ; gameboy:dut|PPU_Wrapper:ppu|Pixel_Gen:Pixel_Gen_inst|Render_Sprites:render_sprites_inst|x_coord[5]        ; CLOCK_50     ; CLOCK2_50   ; 0.000        ; 0.129      ; 1.774      ;
; 1.419 ; rst       ; gameboy:dut|PPU_Wrapper:ppu|Pixel_Gen:Pixel_Gen_inst|Render_Sprites:render_sprites_inst|x_coord[9]        ; CLOCK_50     ; CLOCK2_50   ; 0.000        ; 0.129      ; 1.774      ;
; 1.419 ; rst       ; gameboy:dut|PPU_Wrapper:ppu|Pixel_Gen:Pixel_Gen_inst|Render_Sprites:render_sprites_inst|x_coord[7]        ; CLOCK_50     ; CLOCK2_50   ; 0.000        ; 0.129      ; 1.774      ;
; 1.419 ; rst       ; gameboy:dut|PPU_Wrapper:ppu|Pixel_Gen:Pixel_Gen_inst|Render_Sprites:render_sprites_inst|x_coord[6]        ; CLOCK_50     ; CLOCK2_50   ; 0.000        ; 0.129      ; 1.774      ;
; 1.419 ; rst       ; gameboy:dut|PPU_Wrapper:ppu|Pixel_Gen:Pixel_Gen_inst|Render_Sprites:render_sprites_inst|x_coord[4]        ; CLOCK_50     ; CLOCK2_50   ; 0.000        ; 0.129      ; 1.774      ;
; 1.419 ; rst       ; gameboy:dut|PPU_Wrapper:ppu|Pixel_Gen:Pixel_Gen_inst|Render_Sprites:render_sprites_inst|x_coord[3]        ; CLOCK_50     ; CLOCK2_50   ; 0.000        ; 0.129      ; 1.774      ;
; 1.434 ; rst       ; gameboy:dut|PPU_Wrapper:ppu|Pixel_Gen:Pixel_Gen_inst|Render_Sprites:render_sprites_inst|use_sprite        ; CLOCK_50     ; CLOCK2_50   ; 0.000        ; 0.131      ; 1.791      ;
; 1.476 ; rst       ; gameboy:dut|PPU_Wrapper:ppu|Pixel_Gen:Pixel_Gen_inst|Render_Sprites:render_sprites_inst|pixel_index[2]    ; CLOCK_50     ; CLOCK2_50   ; 0.000        ; 0.130      ; 1.832      ;
; 1.476 ; rst       ; gameboy:dut|PPU_Wrapper:ppu|Pixel_Gen:Pixel_Gen_inst|Render_Sprites:render_sprites_inst|pixel_index[1]    ; CLOCK_50     ; CLOCK2_50   ; 0.000        ; 0.130      ; 1.832      ;
; 1.476 ; rst       ; gameboy:dut|PPU_Wrapper:ppu|Pixel_Gen:Pixel_Gen_inst|Render_Sprites:render_sprites_inst|pixel_index[0]    ; CLOCK_50     ; CLOCK2_50   ; 0.000        ; 0.130      ; 1.832      ;
; 1.685 ; rst       ; gameboy:dut|PPU_Wrapper:ppu|Pixel_Gen:Pixel_Gen_inst|Render_Sprites:render_sprites_inst|x_coord[2]        ; CLOCK_50     ; CLOCK2_50   ; 0.000        ; 0.128      ; 2.039      ;
; 1.716 ; rst       ; gameboy:dut|PPU_Wrapper:ppu|Pixel_Gen:Pixel_Gen_inst|Render_Sprites:render_sprites_inst|state.DONE        ; CLOCK_50     ; CLOCK2_50   ; 0.000        ; 0.132      ; 2.074      ;
; 1.716 ; rst       ; gameboy:dut|PPU_Wrapper:ppu|Pixel_Gen:Pixel_Gen_inst|Render_Sprites:render_sprites_inst|state.DUMP_PIXELS ; CLOCK_50     ; CLOCK2_50   ; 0.000        ; 0.132      ; 2.074      ;
; 1.716 ; rst       ; gameboy:dut|PPU_Wrapper:ppu|Pixel_Gen:Pixel_Gen_inst|Render_Sprites:render_sprites_inst|state.FETCH_TILE  ; CLOCK_50     ; CLOCK2_50   ; 0.000        ; 0.132      ; 2.074      ;
; 1.716 ; rst       ; gameboy:dut|PPU_Wrapper:ppu|Pixel_Gen:Pixel_Gen_inst|Render_Sprites:render_sprites_inst|state.SCAN_CHECK  ; CLOCK_50     ; CLOCK2_50   ; 0.000        ; 0.132      ; 2.074      ;
; 1.757 ; rst       ; gameboy:dut|PPU_Wrapper:ppu|OAM_Search:oam_search|selected_count[1]                                       ; CLOCK_50     ; CLOCK2_50   ; 0.000        ; 0.131      ; 2.114      ;
; 1.757 ; rst       ; gameboy:dut|PPU_Wrapper:ppu|OAM_Search:oam_search|selected_count[3]                                       ; CLOCK_50     ; CLOCK2_50   ; 0.000        ; 0.131      ; 2.114      ;
; 1.757 ; rst       ; gameboy:dut|PPU_Wrapper:ppu|OAM_Search:oam_search|selected_count[0]                                       ; CLOCK_50     ; CLOCK2_50   ; 0.000        ; 0.131      ; 2.114      ;
; 1.757 ; rst       ; gameboy:dut|PPU_Wrapper:ppu|OAM_Search:oam_search|selected_count[2]                                       ; CLOCK_50     ; CLOCK2_50   ; 0.000        ; 0.131      ; 2.114      ;
; 1.778 ; rst       ; gameboy:dut|PPU_Wrapper:ppu|Pixel_Gen:Pixel_Gen_inst|FIFO:sprite_fifo_inst|count[6]                       ; CLOCK_50     ; CLOCK2_50   ; 0.000        ; 0.132      ; 2.136      ;
; 1.778 ; rst       ; gameboy:dut|PPU_Wrapper:ppu|Pixel_Gen:Pixel_Gen_inst|FIFO:sprite_fifo_inst|count[5]                       ; CLOCK_50     ; CLOCK2_50   ; 0.000        ; 0.132      ; 2.136      ;
; 1.778 ; rst       ; gameboy:dut|PPU_Wrapper:ppu|Pixel_Gen:Pixel_Gen_inst|FIFO:sprite_fifo_inst|count[4]                       ; CLOCK_50     ; CLOCK2_50   ; 0.000        ; 0.132      ; 2.136      ;
; 1.778 ; rst       ; gameboy:dut|PPU_Wrapper:ppu|Pixel_Gen:Pixel_Gen_inst|FIFO:sprite_fifo_inst|count[3]                       ; CLOCK_50     ; CLOCK2_50   ; 0.000        ; 0.132      ; 2.136      ;
; 1.778 ; rst       ; gameboy:dut|PPU_Wrapper:ppu|Pixel_Gen:Pixel_Gen_inst|FIFO:sprite_fifo_inst|count[2]                       ; CLOCK_50     ; CLOCK2_50   ; 0.000        ; 0.132      ; 2.136      ;
; 1.778 ; rst       ; gameboy:dut|PPU_Wrapper:ppu|Pixel_Gen:Pixel_Gen_inst|FIFO:sprite_fifo_inst|count[1]                       ; CLOCK_50     ; CLOCK2_50   ; 0.000        ; 0.132      ; 2.136      ;
; 1.778 ; rst       ; gameboy:dut|PPU_Wrapper:ppu|Pixel_Gen:Pixel_Gen_inst|FIFO:sprite_fifo_inst|count[0]                       ; CLOCK_50     ; CLOCK2_50   ; 0.000        ; 0.132      ; 2.136      ;
; 1.783 ; rst       ; gameboy:dut|PPU_Wrapper:ppu|PPU_Mode_controller:mode_ctrl|fifo_clear                                      ; CLOCK_50     ; CLOCK2_50   ; 0.000        ; 0.133      ; 2.142      ;
; 1.783 ; rst       ; gameboy:dut|PPU_Wrapper:ppu|PPU_Mode_controller:mode_ctrl|dot[4]                                          ; CLOCK_50     ; CLOCK2_50   ; 0.000        ; 0.133      ; 2.142      ;
; 1.783 ; rst       ; gameboy:dut|PPU_Wrapper:ppu|PPU_Mode_controller:mode_ctrl|dot[8]                                          ; CLOCK_50     ; CLOCK2_50   ; 0.000        ; 0.133      ; 2.142      ;
; 1.783 ; rst       ; gameboy:dut|PPU_Wrapper:ppu|PPU_Mode_controller:mode_ctrl|dot[7]                                          ; CLOCK_50     ; CLOCK2_50   ; 0.000        ; 0.133      ; 2.142      ;
; 1.783 ; rst       ; gameboy:dut|PPU_Wrapper:ppu|PPU_Mode_controller:mode_ctrl|dot[6]                                          ; CLOCK_50     ; CLOCK2_50   ; 0.000        ; 0.133      ; 2.142      ;
; 1.783 ; rst       ; gameboy:dut|PPU_Wrapper:ppu|PPU_Mode_controller:mode_ctrl|dot[5]                                          ; CLOCK_50     ; CLOCK2_50   ; 0.000        ; 0.133      ; 2.142      ;
; 1.783 ; rst       ; gameboy:dut|PPU_Wrapper:ppu|PPU_Mode_controller:mode_ctrl|dot[3]                                          ; CLOCK_50     ; CLOCK2_50   ; 0.000        ; 0.133      ; 2.142      ;
; 1.783 ; rst       ; gameboy:dut|PPU_Wrapper:ppu|PPU_Mode_controller:mode_ctrl|dot[2]                                          ; CLOCK_50     ; CLOCK2_50   ; 0.000        ; 0.133      ; 2.142      ;
; 1.783 ; rst       ; gameboy:dut|PPU_Wrapper:ppu|PPU_Mode_controller:mode_ctrl|dot[1]                                          ; CLOCK_50     ; CLOCK2_50   ; 0.000        ; 0.133      ; 2.142      ;
; 1.783 ; rst       ; gameboy:dut|PPU_Wrapper:ppu|PPU_Mode_controller:mode_ctrl|dot[0]                                          ; CLOCK_50     ; CLOCK2_50   ; 0.000        ; 0.133      ; 2.142      ;
; 1.789 ; rst       ; gameboy:dut|PPU_Wrapper:ppu|Pixel_Gen:Pixel_Gen_inst|Render_Sprites:render_sprites_inst|state.IDLE        ; CLOCK_50     ; CLOCK2_50   ; 0.000        ; 0.133      ; 2.148      ;
; 1.789 ; rst       ; gameboy:dut|PPU_Wrapper:ppu|OAM_Search:oam_search|state.OAM_DONE                                          ; CLOCK_50     ; CLOCK2_50   ; 0.000        ; 0.133      ; 2.148      ;
; 1.789 ; rst       ; gameboy:dut|PPU_Wrapper:ppu|OAM_Search:oam_search|state.OAM_SORT                                          ; CLOCK_50     ; CLOCK2_50   ; 0.000        ; 0.133      ; 2.148      ;
; 1.789 ; rst       ; gameboy:dut|PPU_Wrapper:ppu|OAM_Search:oam_search|sort_phase                                              ; CLOCK_50     ; CLOCK2_50   ; 0.000        ; 0.133      ; 2.148      ;
; 1.789 ; rst       ; gameboy:dut|PPU_Wrapper:ppu|OAM_Search:oam_search|sort_j[3]                                               ; CLOCK_50     ; CLOCK2_50   ; 0.000        ; 0.133      ; 2.148      ;
; 1.789 ; rst       ; gameboy:dut|PPU_Wrapper:ppu|OAM_Search:oam_search|sort_j[2]                                               ; CLOCK_50     ; CLOCK2_50   ; 0.000        ; 0.133      ; 2.148      ;
; 1.789 ; rst       ; gameboy:dut|PPU_Wrapper:ppu|OAM_Search:oam_search|state.OAM_IDLE                                          ; CLOCK_50     ; CLOCK2_50   ; 0.000        ; 0.133      ; 2.148      ;
; 2.038 ; rst       ; gameboy:dut|PPU_Wrapper:ppu|OAM_Search:oam_search|sort_i[3]                                               ; CLOCK_50     ; CLOCK2_50   ; 0.000        ; 0.130      ; 2.394      ;
; 2.038 ; rst       ; gameboy:dut|PPU_Wrapper:ppu|OAM_Search:oam_search|sort_i[2]                                               ; CLOCK_50     ; CLOCK2_50   ; 0.000        ; 0.130      ; 2.394      ;
; 2.038 ; rst       ; gameboy:dut|PPU_Wrapper:ppu|OAM_Search:oam_search|sort_i[1]                                               ; CLOCK_50     ; CLOCK2_50   ; 0.000        ; 0.130      ; 2.394      ;
; 2.038 ; rst       ; gameboy:dut|PPU_Wrapper:ppu|OAM_Search:oam_search|sort_i[0]                                               ; CLOCK_50     ; CLOCK2_50   ; 0.000        ; 0.130      ; 2.394      ;
; 2.079 ; rst       ; gameboy:dut|PPU_Wrapper:ppu|Pixel_Gen:Pixel_Gen_inst|Render_BG:render_bg_inst|scx_latched[7]              ; CLOCK_50     ; CLOCK2_50   ; 0.000        ; 0.118      ; 2.423      ;
; 2.079 ; rst       ; gameboy:dut|PPU_Wrapper:ppu|Pixel_Gen:Pixel_Gen_inst|Render_BG:render_bg_inst|scx_latched[6]              ; CLOCK_50     ; CLOCK2_50   ; 0.000        ; 0.118      ; 2.423      ;
; 2.079 ; rst       ; gameboy:dut|PPU_Wrapper:ppu|Pixel_Gen:Pixel_Gen_inst|Render_BG:render_bg_inst|scx_latched[5]              ; CLOCK_50     ; CLOCK2_50   ; 0.000        ; 0.118      ; 2.423      ;
; 2.079 ; rst       ; gameboy:dut|PPU_Wrapper:ppu|Pixel_Gen:Pixel_Gen_inst|Render_BG:render_bg_inst|scx_latched[4]              ; CLOCK_50     ; CLOCK2_50   ; 0.000        ; 0.118      ; 2.423      ;
; 2.079 ; rst       ; gameboy:dut|PPU_Wrapper:ppu|Pixel_Gen:Pixel_Gen_inst|Render_BG:render_bg_inst|scx_latched[3]              ; CLOCK_50     ; CLOCK2_50   ; 0.000        ; 0.118      ; 2.423      ;
; 2.079 ; rst       ; gameboy:dut|PPU_Wrapper:ppu|Pixel_Gen:Pixel_Gen_inst|Render_BG:render_bg_inst|pixel_total[7]              ; CLOCK_50     ; CLOCK2_50   ; 0.000        ; 0.118      ; 2.423      ;
; 2.079 ; rst       ; gameboy:dut|PPU_Wrapper:ppu|Pixel_Gen:Pixel_Gen_inst|Render_BG:render_bg_inst|pixel_total[6]              ; CLOCK_50     ; CLOCK2_50   ; 0.000        ; 0.118      ; 2.423      ;
; 2.079 ; rst       ; gameboy:dut|PPU_Wrapper:ppu|Pixel_Gen:Pixel_Gen_inst|Render_BG:render_bg_inst|pixel_total[5]              ; CLOCK_50     ; CLOCK2_50   ; 0.000        ; 0.118      ; 2.423      ;
; 2.079 ; rst       ; gameboy:dut|PPU_Wrapper:ppu|Pixel_Gen:Pixel_Gen_inst|Render_BG:render_bg_inst|pixel_total[4]              ; CLOCK_50     ; CLOCK2_50   ; 0.000        ; 0.118      ; 2.423      ;
; 4.571 ; rst       ; gameboy:dut|PPU_Wrapper:ppu|Pixel_Gen:Pixel_Gen_inst|Render_BG:render_bg_inst|state.BG_FETCH_TILE_MAP     ; CLOCK_50     ; CLOCK2_50   ; 0.000        ; 0.113      ; 4.910      ;
; 4.784 ; rst       ; gameboy:dut|PPU_Wrapper:ppu|Pixel_Mixer:pixel_mixer_inst|pixel_out_valid                                  ; CLOCK_50     ; CLOCK2_50   ; 0.000        ; 0.120      ; 5.130      ;
; 4.784 ; rst       ; gameboy:dut|PPU_Wrapper:ppu|Pixel_Gen:Pixel_Gen_inst|FIFO:bg_fifo_inst|count[4]                           ; CLOCK_50     ; CLOCK2_50   ; 0.000        ; 0.120      ; 5.130      ;
; 4.784 ; rst       ; gameboy:dut|PPU_Wrapper:ppu|Pixel_Gen:Pixel_Gen_inst|FIFO:bg_fifo_inst|count[3]                           ; CLOCK_50     ; CLOCK2_50   ; 0.000        ; 0.120      ; 5.130      ;
; 4.784 ; rst       ; gameboy:dut|PPU_Wrapper:ppu|Pixel_Gen:Pixel_Gen_inst|FIFO:bg_fifo_inst|count[2]                           ; CLOCK_50     ; CLOCK2_50   ; 0.000        ; 0.120      ; 5.130      ;
; 4.784 ; rst       ; gameboy:dut|PPU_Wrapper:ppu|Pixel_Gen:Pixel_Gen_inst|FIFO:bg_fifo_inst|count[1]                           ; CLOCK_50     ; CLOCK2_50   ; 0.000        ; 0.120      ; 5.130      ;
; 4.784 ; rst       ; gameboy:dut|PPU_Wrapper:ppu|Pixel_Gen:Pixel_Gen_inst|FIFO:bg_fifo_inst|count[0]                           ; CLOCK_50     ; CLOCK2_50   ; 0.000        ; 0.120      ; 5.130      ;
; 4.793 ; rst       ; gameboy:dut|PPU_Wrapper:ppu|PPU_Mode_controller:mode_ctrl|mode[0]                                         ; CLOCK_50     ; CLOCK2_50   ; 0.000        ; 0.120      ; 5.139      ;
; 4.793 ; rst       ; gameboy:dut|PPU_Wrapper:ppu|PPU_Mode_controller:mode_ctrl|mode[1]                                         ; CLOCK_50     ; CLOCK2_50   ; 0.000        ; 0.120      ; 5.139      ;
; 4.793 ; rst       ; gameboy:dut|PPU_Wrapper:ppu|PPU_Mode_controller:mode_ctrl|line[4]                                         ; CLOCK_50     ; CLOCK2_50   ; 0.000        ; 0.120      ; 5.139      ;
; 4.793 ; rst       ; gameboy:dut|PPU_Wrapper:ppu|PPU_Mode_controller:mode_ctrl|line[7]                                         ; CLOCK_50     ; CLOCK2_50   ; 0.000        ; 0.120      ; 5.139      ;
; 4.793 ; rst       ; gameboy:dut|PPU_Wrapper:ppu|PPU_Mode_controller:mode_ctrl|line[6]                                         ; CLOCK_50     ; CLOCK2_50   ; 0.000        ; 0.120      ; 5.139      ;
; 4.793 ; rst       ; gameboy:dut|PPU_Wrapper:ppu|PPU_Mode_controller:mode_ctrl|line[5]                                         ; CLOCK_50     ; CLOCK2_50   ; 0.000        ; 0.120      ; 5.139      ;
; 4.793 ; rst       ; gameboy:dut|PPU_Wrapper:ppu|PPU_Mode_controller:mode_ctrl|line[3]                                         ; CLOCK_50     ; CLOCK2_50   ; 0.000        ; 0.120      ; 5.139      ;
; 4.793 ; rst       ; gameboy:dut|PPU_Wrapper:ppu|PPU_Mode_controller:mode_ctrl|line[2]                                         ; CLOCK_50     ; CLOCK2_50   ; 0.000        ; 0.120      ; 5.139      ;
; 4.793 ; rst       ; gameboy:dut|PPU_Wrapper:ppu|PPU_Mode_controller:mode_ctrl|line[1]                                         ; CLOCK_50     ; CLOCK2_50   ; 0.000        ; 0.120      ; 5.139      ;
; 4.793 ; rst       ; gameboy:dut|PPU_Wrapper:ppu|PPU_Mode_controller:mode_ctrl|line[0]                                         ; CLOCK_50     ; CLOCK2_50   ; 0.000        ; 0.120      ; 5.139      ;
; 4.796 ; rst       ; gameboy:dut|PPU_Wrapper:ppu|Pixel_Gen:Pixel_Gen_inst|Render_BG:render_bg_inst|push_bg                     ; CLOCK_50     ; CLOCK2_50   ; 0.000        ; 0.119      ; 5.141      ;
; 5.050 ; rst       ; gameboy:dut|PPU_Wrapper:ppu|Pixel_Gen:Pixel_Gen_inst|Render_BG:render_bg_inst|bg_done                     ; CLOCK_50     ; CLOCK2_50   ; 0.000        ; 0.119      ; 5.395      ;
; 5.050 ; rst       ; gameboy:dut|PPU_Wrapper:ppu|Pixel_Gen:Pixel_Gen_inst|Render_Sprites:render_sprites_inst|sprite_done       ; CLOCK_50     ; CLOCK2_50   ; 0.000        ; 0.119      ; 5.395      ;
; 5.050 ; rst       ; gameboy:dut|PPU_Wrapper:ppu|Pixel_Gen:Pixel_Gen_inst|Render_BG:render_bg_inst|state.BG_PROCESS_PIXELS     ; CLOCK_50     ; CLOCK2_50   ; 0.000        ; 0.119      ; 5.395      ;
; 5.050 ; rst       ; gameboy:dut|PPU_Wrapper:ppu|Pixel_Gen:Pixel_Gen_inst|Render_BG:render_bg_inst|state.BG_FETCH_TILE_DATA    ; CLOCK_50     ; CLOCK2_50   ; 0.000        ; 0.119      ; 5.395      ;
; 5.050 ; rst       ; gameboy:dut|PPU_Wrapper:ppu|Pixel_Gen:Pixel_Gen_inst|Render_BG:render_bg_inst|state.BG_FETCH_TILE         ; CLOCK_50     ; CLOCK2_50   ; 0.000        ; 0.119      ; 5.395      ;
; 5.050 ; rst       ; gameboy:dut|PPU_Wrapper:ppu|Pixel_Gen:Pixel_Gen_inst|Render_BG:render_bg_inst|pixel_index[0]              ; CLOCK_50     ; CLOCK2_50   ; 0.000        ; 0.119      ; 5.395      ;
; 5.050 ; rst       ; gameboy:dut|PPU_Wrapper:ppu|Pixel_Gen:Pixel_Gen_inst|Render_BG:render_bg_inst|state.BG_IDLE               ; CLOCK_50     ; CLOCK2_50   ; 0.000        ; 0.119      ; 5.395      ;
; 5.050 ; rst       ; gameboy:dut|PPU_Wrapper:ppu|Pixel_Gen:Pixel_Gen_inst|Render_BG:render_bg_inst|state.BG_DONE               ; CLOCK_50     ; CLOCK2_50   ; 0.000        ; 0.119      ; 5.395      ;
; 5.050 ; rst       ; gameboy:dut|PPU_Wrapper:ppu|Pixel_Gen:Pixel_Gen_inst|Render_BG:render_bg_inst|pixel_index[2]              ; CLOCK_50     ; CLOCK2_50   ; 0.000        ; 0.119      ; 5.395      ;
; 5.050 ; rst       ; gameboy:dut|PPU_Wrapper:ppu|Pixel_Gen:Pixel_Gen_inst|Render_BG:render_bg_inst|pixel_index[1]              ; CLOCK_50     ; CLOCK2_50   ; 0.000        ; 0.119      ; 5.395      ;
; 5.050 ; rst       ; gameboy:dut|PPU_Wrapper:ppu|Pixel_Gen:Pixel_Gen_inst|Render_BG:render_bg_inst|pixel_total[3]              ; CLOCK_50     ; CLOCK2_50   ; 0.000        ; 0.119      ; 5.395      ;
; 5.365 ; rst       ; gameboy:dut|PPU_Wrapper:ppu|OAM_Search:oam_search|state.OAM_FETCH                                         ; CLOCK_50     ; CLOCK2_50   ; 0.000        ; 0.132      ; 5.723      ;
; 5.365 ; rst       ; gameboy:dut|PPU_Wrapper:ppu|OAM_Search:oam_search|oam_index[0]                                            ; CLOCK_50     ; CLOCK2_50   ; 0.000        ; 0.132      ; 5.723      ;
; 5.365 ; rst       ; gameboy:dut|PPU_Wrapper:ppu|OAM_Search:oam_search|oam_index[5]                                            ; CLOCK_50     ; CLOCK2_50   ; 0.000        ; 0.132      ; 5.723      ;
; 5.365 ; rst       ; gameboy:dut|PPU_Wrapper:ppu|OAM_Search:oam_search|oam_index[4]                                            ; CLOCK_50     ; CLOCK2_50   ; 0.000        ; 0.132      ; 5.723      ;
; 5.365 ; rst       ; gameboy:dut|PPU_Wrapper:ppu|OAM_Search:oam_search|oam_index[3]                                            ; CLOCK_50     ; CLOCK2_50   ; 0.000        ; 0.132      ; 5.723      ;
; 5.365 ; rst       ; gameboy:dut|PPU_Wrapper:ppu|OAM_Search:oam_search|oam_index[2]                                            ; CLOCK_50     ; CLOCK2_50   ; 0.000        ; 0.132      ; 5.723      ;
; 5.365 ; rst       ; gameboy:dut|PPU_Wrapper:ppu|OAM_Search:oam_search|oam_index[1]                                            ; CLOCK_50     ; CLOCK2_50   ; 0.000        ; 0.132      ; 5.723      ;
+-------+-----------+-----------------------------------------------------------------------------------------------------------+--------------+-------------+--------------+------------+------------+


-----------------------------------------------
; Slow 1200mV 85C Model Metastability Summary ;
-----------------------------------------------
The design MTBF is not calculated because there are no specified synchronizers in the design.
Number of Synchronizer Chains Found: 43
Shortest Synchronizer Chain: 2 Registers
Fraction of Chains for which MTBFs Could Not be Calculated: 1.000
Worst Case Available Settling Time: 197.945 ns




+-------------------------------------------------+
; Slow 1200mV 0C Model Fmax Summary               ;
+-----------+-----------------+------------+------+
; Fmax      ; Restricted Fmax ; Clock Name ; Note ;
+-----------+-----------------+------------+------+
; 21.53 MHz ; 21.53 MHz       ; CLOCK2_50  ;      ;
; 26.0 MHz  ; 26.0 MHz        ; CLOCK_50   ;      ;
+-----------+-----------------+------------+------+
This panel reports FMAX for every clock in the design, regardless of the user-specified clock periods.  FMAX is only computed for paths where the source and destination registers or ports are driven by the same clock.  Paths of different clocks, including generated clocks, are ignored.  For paths between a clock and its inversion, FMAX is computed as if the rising and falling edges are scaled along with FMAX, such that the duty cycle (in terms of a percentage) is maintained. Altera recommends that you always use clock constraints and other slack reports for sign-off analysis.


+------------------------------------+
; Slow 1200mV 0C Model Setup Summary ;
+-----------+--------+---------------+
; Clock     ; Slack  ; End Point TNS ;
+-----------+--------+---------------+
; CLOCK2_50 ; 80.240 ; 0.000         ;
; CLOCK_50  ; 82.780 ; 0.000         ;
+-----------+--------+---------------+


+-----------------------------------+
; Slow 1200mV 0C Model Hold Summary ;
+-----------+-------+---------------+
; Clock     ; Slack ; End Point TNS ;
+-----------+-------+---------------+
; CLOCK2_50 ; 0.352 ; 0.000         ;
; CLOCK_50  ; 0.353 ; 0.000         ;
+-----------+-------+---------------+


+---------------------------------------+
; Slow 1200mV 0C Model Recovery Summary ;
+-----------+---------+-----------------+
; Clock     ; Slack   ; End Point TNS   ;
+-----------+---------+-----------------+
; CLOCK2_50 ; 119.351 ; 0.000           ;
+-----------+---------+-----------------+


+--------------------------------------+
; Slow 1200mV 0C Model Removal Summary ;
+-----------+-------+------------------+
; Clock     ; Slack ; End Point TNS    ;
+-----------+-------+------------------+
; CLOCK2_50 ; 0.990 ; 0.000            ;
+-----------+-------+------------------+


+--------------------------------------------------+
; Slow 1200mV 0C Model Minimum Pulse Width Summary ;
+-----------+---------+----------------------------+
; Clock     ; Slack   ; End Point TNS              ;
+-----------+---------+----------------------------+
; CLOCK_50  ; 52.146  ; 0.000                      ;
; CLOCK2_50 ; 124.776 ; 0.000                      ;
+-----------+---------+----------------------------+


+----------------------------------------------------------------------------------------------------------------------------------------------------------------------------------------------------------------------------------------------------------------------------------------------+
; Slow 1200mV 0C Model Setup: 'CLOCK2_50'                                                                                                                                                                                                                                                      ;
+--------+-------------------------------------------------------------------------------------------------------------------------------------------------+-------------------------------------------------------------+--------------+-------------+--------------+------------+------------+
; Slack  ; From Node                                                                                                                                       ; To Node                                                     ; Launch Clock ; Latch Clock ; Relationship ; Clock Skew ; Data Delay ;
+--------+-------------------------------------------------------------------------------------------------------------------------------------------------+-------------------------------------------------------------+--------------+-------------+--------------+------------+------------+
; 80.240 ; gameboy:dut|MMU:mmu|BRAM_handler:memory_units|ROM_BANK:rom0|altsyncram:altsyncram_component|altsyncram_81a1:auto_generated|ram_block1a5         ; gameboy:dut|MMU:mmu|IO_handler:io_registers|cpu_out_data[4] ; CLOCK_50     ; CLOCK2_50   ; 125.000      ; -0.330     ; 44.409     ;
; 80.273 ; gameboy:dut|MMU:mmu|BRAM_handler:memory_units|ROM_BANK:rom0|altsyncram:altsyncram_component|altsyncram_81a1:auto_generated|ram_block1a5         ; gameboy:dut|MMU:mmu|IO_handler:io_registers|cpu_out_data[1] ; CLOCK_50     ; CLOCK2_50   ; 125.000      ; -0.334     ; 44.372     ;
; 80.293 ; gameboy:dut|MMU:mmu|BRAM_handler:memory_units|ROM_BANK:rom0|altsyncram:altsyncram_component|altsyncram_81a1:auto_generated|ram_block1a5         ; gameboy:dut|MMU:mmu|IO_handler:io_registers|cpu_out_data[0] ; CLOCK_50     ; CLOCK2_50   ; 125.000      ; -0.334     ; 44.352     ;
; 80.339 ; gameboy:dut|MMU:mmu|BRAM_handler:memory_units|ROM_BANK:rom0|altsyncram:altsyncram_component|altsyncram_81a1:auto_generated|ram_block1a5         ; gameboy:dut|MMU:mmu|IO_handler:io_registers|cpu_out_data[5] ; CLOCK_50     ; CLOCK2_50   ; 125.000      ; -0.334     ; 44.306     ;
; 80.344 ; gameboy:dut|MMU:mmu|BRAM_handler:memory_units|ROM_BANK:rom0|altsyncram:altsyncram_component|altsyncram_81a1:auto_generated|ram_block1a2         ; gameboy:dut|MMU:mmu|IO_handler:io_registers|cpu_out_data[4] ; CLOCK_50     ; CLOCK2_50   ; 125.000      ; -0.325     ; 44.310     ;
; 80.373 ; gameboy:dut|MMU:mmu|BRAM_handler:memory_units|ROM_BANK:rom0|altsyncram:altsyncram_component|altsyncram_81a1:auto_generated|ram_block1a10        ; gameboy:dut|MMU:mmu|IO_handler:io_registers|cpu_out_data[4] ; CLOCK_50     ; CLOCK2_50   ; 125.000      ; -0.352     ; 44.254     ;
; 80.377 ; gameboy:dut|MMU:mmu|BRAM_handler:memory_units|ROM_BANK:rom0|altsyncram:altsyncram_component|altsyncram_81a1:auto_generated|ram_block1a2         ; gameboy:dut|MMU:mmu|IO_handler:io_registers|cpu_out_data[1] ; CLOCK_50     ; CLOCK2_50   ; 125.000      ; -0.329     ; 44.273     ;
; 80.397 ; gameboy:dut|MMU:mmu|BRAM_handler:memory_units|ROM_BANK:rom0|altsyncram:altsyncram_component|altsyncram_81a1:auto_generated|ram_block1a2         ; gameboy:dut|MMU:mmu|IO_handler:io_registers|cpu_out_data[0] ; CLOCK_50     ; CLOCK2_50   ; 125.000      ; -0.329     ; 44.253     ;
; 80.402 ; gameboy:dut|MMU:mmu|BRAM_handler:memory_units|ROM_BANK:rom0|altsyncram:altsyncram_component|altsyncram_81a1:auto_generated|ram_block1a30        ; gameboy:dut|MMU:mmu|IO_handler:io_registers|cpu_out_data[4] ; CLOCK_50     ; CLOCK2_50   ; 125.000      ; -0.320     ; 44.257     ;
; 80.406 ; gameboy:dut|MMU:mmu|BRAM_handler:memory_units|ROM_BANK:rom0|altsyncram:altsyncram_component|altsyncram_81a1:auto_generated|ram_block1a10        ; gameboy:dut|MMU:mmu|IO_handler:io_registers|cpu_out_data[1] ; CLOCK_50     ; CLOCK2_50   ; 125.000      ; -0.356     ; 44.217     ;
; 80.426 ; gameboy:dut|MMU:mmu|BRAM_handler:memory_units|ROM_BANK:rom0|altsyncram:altsyncram_component|altsyncram_81a1:auto_generated|ram_block1a10        ; gameboy:dut|MMU:mmu|IO_handler:io_registers|cpu_out_data[0] ; CLOCK_50     ; CLOCK2_50   ; 125.000      ; -0.356     ; 44.197     ;
; 80.435 ; gameboy:dut|MMU:mmu|BRAM_handler:memory_units|ROM_BANK:rom0|altsyncram:altsyncram_component|altsyncram_81a1:auto_generated|ram_block1a30        ; gameboy:dut|MMU:mmu|IO_handler:io_registers|cpu_out_data[1] ; CLOCK_50     ; CLOCK2_50   ; 125.000      ; -0.324     ; 44.220     ;
; 80.443 ; gameboy:dut|MMU:mmu|BRAM_handler:memory_units|ROM_BANK:rom0|altsyncram:altsyncram_component|altsyncram_81a1:auto_generated|ram_block1a2         ; gameboy:dut|MMU:mmu|IO_handler:io_registers|cpu_out_data[5] ; CLOCK_50     ; CLOCK2_50   ; 125.000      ; -0.329     ; 44.207     ;
; 80.455 ; gameboy:dut|MMU:mmu|BRAM_handler:memory_units|ROM_BANK:rom0|altsyncram:altsyncram_component|altsyncram_81a1:auto_generated|ram_block1a30        ; gameboy:dut|MMU:mmu|IO_handler:io_registers|cpu_out_data[0] ; CLOCK_50     ; CLOCK2_50   ; 125.000      ; -0.324     ; 44.200     ;
; 80.472 ; gameboy:dut|MMU:mmu|BRAM_handler:memory_units|ROM_BANK:rom0|altsyncram:altsyncram_component|altsyncram_81a1:auto_generated|ram_block1a10        ; gameboy:dut|MMU:mmu|IO_handler:io_registers|cpu_out_data[5] ; CLOCK_50     ; CLOCK2_50   ; 125.000      ; -0.356     ; 44.151     ;
; 80.501 ; gameboy:dut|MMU:mmu|BRAM_handler:memory_units|ROM_BANK:rom0|altsyncram:altsyncram_component|altsyncram_81a1:auto_generated|ram_block1a30        ; gameboy:dut|MMU:mmu|IO_handler:io_registers|cpu_out_data[5] ; CLOCK_50     ; CLOCK2_50   ; 125.000      ; -0.324     ; 44.154     ;
; 80.525 ; gameboy:dut|MMU:mmu|BRAM_handler:memory_units|ROM_BANK:rom0|altsyncram:altsyncram_component|altsyncram_81a1:auto_generated|ram_block1a5         ; gameboy:dut|MMU:mmu|IO_handler:io_registers|cpu_out_data[2] ; CLOCK_50     ; CLOCK2_50   ; 125.000      ; -0.334     ; 44.120     ;
; 80.595 ; gameboy:dut|MMU:mmu|BRAM_handler:memory_units|ROM_BANK:rom0|altsyncram:altsyncram_component|altsyncram_81a1:auto_generated|ram_block1a14        ; gameboy:dut|MMU:mmu|IO_handler:io_registers|cpu_out_data[4] ; CLOCK_50     ; CLOCK2_50   ; 125.000      ; -0.335     ; 44.049     ;
; 80.624 ; gameboy:dut|MMU:mmu|BRAM_handler:memory_units|MM_out_chooser:memory_out_muxer|cpu_memory_selector[2]                                            ; gameboy:dut|MMU:mmu|IO_handler:io_registers|cpu_out_data[4] ; CLOCK_50     ; CLOCK2_50   ; 125.000      ; -0.095     ; 44.260     ;
; 80.628 ; gameboy:dut|MMU:mmu|BRAM_handler:memory_units|ROM_BANK:rom0|altsyncram:altsyncram_component|altsyncram_81a1:auto_generated|ram_block1a14        ; gameboy:dut|MMU:mmu|IO_handler:io_registers|cpu_out_data[1] ; CLOCK_50     ; CLOCK2_50   ; 125.000      ; -0.339     ; 44.012     ;
; 80.629 ; gameboy:dut|MMU:mmu|BRAM_handler:memory_units|ROM_BANK:rom0|altsyncram:altsyncram_component|altsyncram_81a1:auto_generated|ram_block1a2         ; gameboy:dut|MMU:mmu|IO_handler:io_registers|cpu_out_data[2] ; CLOCK_50     ; CLOCK2_50   ; 125.000      ; -0.329     ; 44.021     ;
; 80.634 ; gameboy:dut|MMU:mmu|BRAM_handler:memory_units|ROM_BANK:rom0|altsyncram:altsyncram_component|altsyncram_81a1:auto_generated|ram_block1a5         ; gameboy:dut|MMU:mmu|IO_handler:io_registers|cpu_out_data[6] ; CLOCK_50     ; CLOCK2_50   ; 125.000      ; -0.334     ; 44.011     ;
; 80.648 ; gameboy:dut|MMU:mmu|BRAM_handler:memory_units|ROM_BANK:rom0|altsyncram:altsyncram_component|altsyncram_81a1:auto_generated|ram_block1a14        ; gameboy:dut|MMU:mmu|IO_handler:io_registers|cpu_out_data[0] ; CLOCK_50     ; CLOCK2_50   ; 125.000      ; -0.339     ; 43.992     ;
; 80.657 ; gameboy:dut|MMU:mmu|BRAM_handler:memory_units|MM_out_chooser:memory_out_muxer|cpu_memory_selector[2]                                            ; gameboy:dut|MMU:mmu|IO_handler:io_registers|cpu_out_data[1] ; CLOCK_50     ; CLOCK2_50   ; 125.000      ; -0.099     ; 44.223     ;
; 80.658 ; gameboy:dut|MMU:mmu|BRAM_handler:memory_units|ROM_BANK:rom0|altsyncram:altsyncram_component|altsyncram_81a1:auto_generated|ram_block1a10        ; gameboy:dut|MMU:mmu|IO_handler:io_registers|cpu_out_data[2] ; CLOCK_50     ; CLOCK2_50   ; 125.000      ; -0.356     ; 43.965     ;
; 80.677 ; gameboy:dut|MMU:mmu|BRAM_handler:memory_units|MM_out_chooser:memory_out_muxer|cpu_memory_selector[2]                                            ; gameboy:dut|MMU:mmu|IO_handler:io_registers|cpu_out_data[0] ; CLOCK_50     ; CLOCK2_50   ; 125.000      ; -0.099     ; 44.203     ;
; 80.687 ; gameboy:dut|MMU:mmu|BRAM_handler:memory_units|ROM_BANK:rom0|altsyncram:altsyncram_component|altsyncram_81a1:auto_generated|ram_block1a30        ; gameboy:dut|MMU:mmu|IO_handler:io_registers|cpu_out_data[2] ; CLOCK_50     ; CLOCK2_50   ; 125.000      ; -0.324     ; 43.968     ;
; 80.694 ; gameboy:dut|MMU:mmu|BRAM_handler:memory_units|ROM_BANK:rom0|altsyncram:altsyncram_component|altsyncram_81a1:auto_generated|ram_block1a14        ; gameboy:dut|MMU:mmu|IO_handler:io_registers|cpu_out_data[5] ; CLOCK_50     ; CLOCK2_50   ; 125.000      ; -0.339     ; 43.946     ;
; 80.723 ; gameboy:dut|MMU:mmu|BRAM_handler:memory_units|MM_out_chooser:memory_out_muxer|cpu_memory_selector[2]                                            ; gameboy:dut|MMU:mmu|IO_handler:io_registers|cpu_out_data[5] ; CLOCK_50     ; CLOCK2_50   ; 125.000      ; -0.099     ; 44.157     ;
; 80.738 ; gameboy:dut|MMU:mmu|BRAM_handler:memory_units|ROM_BANK:rom0|altsyncram:altsyncram_component|altsyncram_81a1:auto_generated|ram_block1a2         ; gameboy:dut|MMU:mmu|IO_handler:io_registers|cpu_out_data[6] ; CLOCK_50     ; CLOCK2_50   ; 125.000      ; -0.329     ; 43.912     ;
; 80.767 ; gameboy:dut|MMU:mmu|BRAM_handler:memory_units|ROM_BANK:rom0|altsyncram:altsyncram_component|altsyncram_81a1:auto_generated|ram_block1a10        ; gameboy:dut|MMU:mmu|IO_handler:io_registers|cpu_out_data[6] ; CLOCK_50     ; CLOCK2_50   ; 125.000      ; -0.356     ; 43.856     ;
; 80.772 ; gameboy:dut|MMU:mmu|BRAM_handler:memory_units|ROM_BANK:rom0|altsyncram:altsyncram_component|altsyncram_81a1:auto_generated|ram_block1a21        ; gameboy:dut|MMU:mmu|IO_handler:io_registers|cpu_out_data[4] ; CLOCK_50     ; CLOCK2_50   ; 125.000      ; -0.351     ; 43.856     ;
; 80.796 ; gameboy:dut|MMU:mmu|BRAM_handler:memory_units|ROM_BANK:rom0|altsyncram:altsyncram_component|altsyncram_81a1:auto_generated|ram_block1a30        ; gameboy:dut|MMU:mmu|IO_handler:io_registers|cpu_out_data[6] ; CLOCK_50     ; CLOCK2_50   ; 125.000      ; -0.324     ; 43.859     ;
; 80.805 ; gameboy:dut|MMU:mmu|BRAM_handler:memory_units|ROM_BANK:rom0|altsyncram:altsyncram_component|altsyncram_81a1:auto_generated|ram_block1a21        ; gameboy:dut|MMU:mmu|IO_handler:io_registers|cpu_out_data[1] ; CLOCK_50     ; CLOCK2_50   ; 125.000      ; -0.355     ; 43.819     ;
; 80.825 ; gameboy:dut|MMU:mmu|BRAM_handler:memory_units|ROM_BANK:rom0|altsyncram:altsyncram_component|altsyncram_81a1:auto_generated|ram_block1a21        ; gameboy:dut|MMU:mmu|IO_handler:io_registers|cpu_out_data[0] ; CLOCK_50     ; CLOCK2_50   ; 125.000      ; -0.355     ; 43.799     ;
; 80.860 ; gameboy:dut|MMU:mmu|BRAM_handler:memory_units|ROM_BANK:rom0|altsyncram:altsyncram_component|altsyncram_81a1:auto_generated|ram_block1a0         ; gameboy:dut|MMU:mmu|IO_handler:io_registers|cpu_out_data[4] ; CLOCK_50     ; CLOCK2_50   ; 125.000      ; -0.348     ; 43.771     ;
; 80.869 ; gameboy:dut|MMU:mmu|BRAM_handler:memory_units|ROM_BANK:rom0|altsyncram:altsyncram_component|altsyncram_81a1:auto_generated|ram_block1a5         ; gameboy:dut|MMU:mmu|IO_handler:io_registers|cpu_out_data[7] ; CLOCK_50     ; CLOCK2_50   ; 125.000      ; -0.330     ; 43.780     ;
; 80.870 ; gameboy:dut|MMU:mmu|BRAM_handler:memory_units|MM_out_chooser:memory_out_muxer|cpu_memory_selector[1]                                            ; gameboy:dut|MMU:mmu|IO_handler:io_registers|cpu_out_data[4] ; CLOCK_50     ; CLOCK2_50   ; 125.000      ; -0.095     ; 44.014     ;
; 80.871 ; gameboy:dut|MMU:mmu|BRAM_handler:memory_units|ROM_BANK:rom0|altsyncram:altsyncram_component|altsyncram_81a1:auto_generated|ram_block1a21        ; gameboy:dut|MMU:mmu|IO_handler:io_registers|cpu_out_data[5] ; CLOCK_50     ; CLOCK2_50   ; 125.000      ; -0.355     ; 43.753     ;
; 80.880 ; gameboy:dut|MMU:mmu|BRAM_handler:memory_units|ROM_BANK:rom0|altsyncram:altsyncram_component|altsyncram_81a1:auto_generated|ram_block1a14        ; gameboy:dut|MMU:mmu|IO_handler:io_registers|cpu_out_data[2] ; CLOCK_50     ; CLOCK2_50   ; 125.000      ; -0.339     ; 43.760     ;
; 80.884 ; gameboy:dut|MMU:mmu|BRAM_handler:memory_units|ROM_BANK:rom0|altsyncram:altsyncram_component|altsyncram_81a1:auto_generated|ram_block1a5         ; gameboy:dut|MMU:mmu|IO_handler:io_registers|cpu_out_data[3] ; CLOCK_50     ; CLOCK2_50   ; 125.000      ; -0.333     ; 43.762     ;
; 80.893 ; gameboy:dut|MMU:mmu|BRAM_handler:memory_units|ROM_BANK:rom0|altsyncram:altsyncram_component|altsyncram_81a1:auto_generated|ram_block1a0         ; gameboy:dut|MMU:mmu|IO_handler:io_registers|cpu_out_data[1] ; CLOCK_50     ; CLOCK2_50   ; 125.000      ; -0.352     ; 43.734     ;
; 80.894 ; gameboy:dut|MMU:mmu|BRAM_handler:memory_units|ROM_BANK:rom0|altsyncram:altsyncram_component|altsyncram_81a1:auto_generated|ram_block1a26        ; gameboy:dut|MMU:mmu|IO_handler:io_registers|cpu_out_data[4] ; CLOCK_50     ; CLOCK2_50   ; 125.000      ; -0.363     ; 43.722     ;
; 80.903 ; gameboy:dut|MMU:mmu|BRAM_handler:memory_units|MM_out_chooser:memory_out_muxer|cpu_memory_selector[1]                                            ; gameboy:dut|MMU:mmu|IO_handler:io_registers|cpu_out_data[1] ; CLOCK_50     ; CLOCK2_50   ; 125.000      ; -0.099     ; 43.977     ;
; 80.909 ; gameboy:dut|MMU:mmu|BRAM_handler:memory_units|ROM_BANK:rom0|altsyncram:altsyncram_component|altsyncram_81a1:auto_generated|ram_block1a18        ; gameboy:dut|MMU:mmu|IO_handler:io_registers|cpu_out_data[4] ; CLOCK_50     ; CLOCK2_50   ; 125.000      ; -0.360     ; 43.710     ;
; 80.909 ; gameboy:dut|MMU:mmu|BRAM_handler:memory_units|MM_out_chooser:memory_out_muxer|cpu_memory_selector[2]                                            ; gameboy:dut|MMU:mmu|IO_handler:io_registers|cpu_out_data[2] ; CLOCK_50     ; CLOCK2_50   ; 125.000      ; -0.099     ; 43.971     ;
; 80.913 ; gameboy:dut|MMU:mmu|BRAM_handler:memory_units|ROM_BANK:rom0|altsyncram:altsyncram_component|altsyncram_81a1:auto_generated|ram_block1a0         ; gameboy:dut|MMU:mmu|IO_handler:io_registers|cpu_out_data[0] ; CLOCK_50     ; CLOCK2_50   ; 125.000      ; -0.352     ; 43.714     ;
; 80.923 ; gameboy:dut|MMU:mmu|BRAM_handler:memory_units|MM_out_chooser:memory_out_muxer|cpu_memory_selector[1]                                            ; gameboy:dut|MMU:mmu|IO_handler:io_registers|cpu_out_data[0] ; CLOCK_50     ; CLOCK2_50   ; 125.000      ; -0.099     ; 43.957     ;
; 80.926 ; gameboy:dut|MMU:mmu|BRAM_handler:memory_units|MM_out_chooser:memory_out_muxer|cpu_memory_selector[0]                                            ; gameboy:dut|MMU:mmu|IO_handler:io_registers|cpu_out_data[4] ; CLOCK_50     ; CLOCK2_50   ; 125.000      ; -0.095     ; 43.958     ;
; 80.927 ; gameboy:dut|MMU:mmu|BRAM_handler:memory_units|ROM_BANK:rom0|altsyncram:altsyncram_component|altsyncram_81a1:auto_generated|ram_block1a26        ; gameboy:dut|MMU:mmu|IO_handler:io_registers|cpu_out_data[1] ; CLOCK_50     ; CLOCK2_50   ; 125.000      ; -0.367     ; 43.685     ;
; 80.942 ; gameboy:dut|MMU:mmu|BRAM_handler:memory_units|ROM_BANK:rom0|altsyncram:altsyncram_component|altsyncram_81a1:auto_generated|ram_block1a18        ; gameboy:dut|MMU:mmu|IO_handler:io_registers|cpu_out_data[1] ; CLOCK_50     ; CLOCK2_50   ; 125.000      ; -0.364     ; 43.673     ;
; 80.947 ; gameboy:dut|MMU:mmu|BRAM_handler:memory_units|ROM_BANK:rom0|altsyncram:altsyncram_component|altsyncram_81a1:auto_generated|ram_block1a26        ; gameboy:dut|MMU:mmu|IO_handler:io_registers|cpu_out_data[0] ; CLOCK_50     ; CLOCK2_50   ; 125.000      ; -0.367     ; 43.665     ;
; 80.959 ; gameboy:dut|MMU:mmu|BRAM_handler:memory_units|MM_out_chooser:memory_out_muxer|cpu_memory_selector[0]                                            ; gameboy:dut|MMU:mmu|IO_handler:io_registers|cpu_out_data[1] ; CLOCK_50     ; CLOCK2_50   ; 125.000      ; -0.099     ; 43.921     ;
; 80.959 ; gameboy:dut|MMU:mmu|BRAM_handler:memory_units|ROM_BANK:rom0|altsyncram:altsyncram_component|altsyncram_81a1:auto_generated|ram_block1a0         ; gameboy:dut|MMU:mmu|IO_handler:io_registers|cpu_out_data[5] ; CLOCK_50     ; CLOCK2_50   ; 125.000      ; -0.352     ; 43.668     ;
; 80.962 ; gameboy:dut|MMU:mmu|BRAM_handler:memory_units|ROM_BANK:rom0|altsyncram:altsyncram_component|altsyncram_81a1:auto_generated|ram_block1a18        ; gameboy:dut|MMU:mmu|IO_handler:io_registers|cpu_out_data[0] ; CLOCK_50     ; CLOCK2_50   ; 125.000      ; -0.364     ; 43.653     ;
; 80.969 ; gameboy:dut|MMU:mmu|BRAM_handler:memory_units|MM_out_chooser:memory_out_muxer|cpu_memory_selector[1]                                            ; gameboy:dut|MMU:mmu|IO_handler:io_registers|cpu_out_data[5] ; CLOCK_50     ; CLOCK2_50   ; 125.000      ; -0.099     ; 43.911     ;
; 80.973 ; gameboy:dut|MMU:mmu|BRAM_handler:memory_units|ROM_BANK:rom0|altsyncram:altsyncram_component|altsyncram_81a1:auto_generated|ram_block1a2         ; gameboy:dut|MMU:mmu|IO_handler:io_registers|cpu_out_data[7] ; CLOCK_50     ; CLOCK2_50   ; 125.000      ; -0.325     ; 43.681     ;
; 80.979 ; gameboy:dut|MMU:mmu|BRAM_handler:memory_units|MM_out_chooser:memory_out_muxer|cpu_memory_selector[0]                                            ; gameboy:dut|MMU:mmu|IO_handler:io_registers|cpu_out_data[0] ; CLOCK_50     ; CLOCK2_50   ; 125.000      ; -0.099     ; 43.901     ;
; 80.988 ; gameboy:dut|MMU:mmu|BRAM_handler:memory_units|ROM_BANK:rom0|altsyncram:altsyncram_component|altsyncram_81a1:auto_generated|ram_block1a2         ; gameboy:dut|MMU:mmu|IO_handler:io_registers|cpu_out_data[3] ; CLOCK_50     ; CLOCK2_50   ; 125.000      ; -0.328     ; 43.663     ;
; 80.989 ; gameboy:dut|MMU:mmu|BRAM_handler:memory_units|ROM_BANK:rom0|altsyncram:altsyncram_component|altsyncram_81a1:auto_generated|ram_block1a14        ; gameboy:dut|MMU:mmu|IO_handler:io_registers|cpu_out_data[6] ; CLOCK_50     ; CLOCK2_50   ; 125.000      ; -0.339     ; 43.651     ;
; 80.993 ; gameboy:dut|MMU:mmu|BRAM_handler:memory_units|ROM_BANK:rom0|altsyncram:altsyncram_component|altsyncram_81a1:auto_generated|ram_block1a26        ; gameboy:dut|MMU:mmu|IO_handler:io_registers|cpu_out_data[5] ; CLOCK_50     ; CLOCK2_50   ; 125.000      ; -0.367     ; 43.619     ;
; 81.002 ; gameboy:dut|MMU:mmu|BRAM_handler:memory_units|ROM_BANK:rom0|altsyncram:altsyncram_component|altsyncram_81a1:auto_generated|ram_block1a10        ; gameboy:dut|MMU:mmu|IO_handler:io_registers|cpu_out_data[7] ; CLOCK_50     ; CLOCK2_50   ; 125.000      ; -0.352     ; 43.625     ;
; 81.008 ; gameboy:dut|MMU:mmu|BRAM_handler:memory_units|ROM_BANK:rom0|altsyncram:altsyncram_component|altsyncram_81a1:auto_generated|ram_block1a18        ; gameboy:dut|MMU:mmu|IO_handler:io_registers|cpu_out_data[5] ; CLOCK_50     ; CLOCK2_50   ; 125.000      ; -0.364     ; 43.607     ;
; 81.017 ; gameboy:dut|MMU:mmu|BRAM_handler:memory_units|ROM_BANK:rom0|altsyncram:altsyncram_component|altsyncram_81a1:auto_generated|ram_block1a10        ; gameboy:dut|MMU:mmu|IO_handler:io_registers|cpu_out_data[3] ; CLOCK_50     ; CLOCK2_50   ; 125.000      ; -0.355     ; 43.607     ;
; 81.018 ; gameboy:dut|MMU:mmu|BRAM_handler:memory_units|MM_out_chooser:memory_out_muxer|cpu_memory_selector[2]                                            ; gameboy:dut|MMU:mmu|IO_handler:io_registers|cpu_out_data[6] ; CLOCK_50     ; CLOCK2_50   ; 125.000      ; -0.099     ; 43.862     ;
; 81.025 ; gameboy:dut|MMU:mmu|BRAM_handler:memory_units|MM_out_chooser:memory_out_muxer|cpu_memory_selector[0]                                            ; gameboy:dut|MMU:mmu|IO_handler:io_registers|cpu_out_data[5] ; CLOCK_50     ; CLOCK2_50   ; 125.000      ; -0.099     ; 43.855     ;
; 81.031 ; gameboy:dut|MMU:mmu|BRAM_handler:memory_units|ROM_BANK:rom0|altsyncram:altsyncram_component|altsyncram_81a1:auto_generated|ram_block1a30        ; gameboy:dut|MMU:mmu|IO_handler:io_registers|cpu_out_data[7] ; CLOCK_50     ; CLOCK2_50   ; 125.000      ; -0.320     ; 43.628     ;
; 81.046 ; gameboy:dut|MMU:mmu|BRAM_handler:memory_units|ROM_BANK:rom0|altsyncram:altsyncram_component|altsyncram_81a1:auto_generated|ram_block1a30        ; gameboy:dut|MMU:mmu|IO_handler:io_registers|cpu_out_data[3] ; CLOCK_50     ; CLOCK2_50   ; 125.000      ; -0.323     ; 43.610     ;
; 81.057 ; gameboy:dut|MMU:mmu|BRAM_handler:memory_units|ROM_BANK:rom0|altsyncram:altsyncram_component|altsyncram_81a1:auto_generated|ram_block1a21        ; gameboy:dut|MMU:mmu|IO_handler:io_registers|cpu_out_data[2] ; CLOCK_50     ; CLOCK2_50   ; 125.000      ; -0.355     ; 43.567     ;
; 81.145 ; gameboy:dut|MMU:mmu|BRAM_handler:memory_units|ROM_BANK:rom0|altsyncram:altsyncram_component|altsyncram_81a1:auto_generated|ram_block1a0         ; gameboy:dut|MMU:mmu|IO_handler:io_registers|cpu_out_data[2] ; CLOCK_50     ; CLOCK2_50   ; 125.000      ; -0.352     ; 43.482     ;
; 81.148 ; gameboy:dut|MMU:mmu|BRAM_handler:memory_units|ROM_BANK:rom0|altsyncram:altsyncram_component|altsyncram_81a1:auto_generated|ram_block1a9         ; gameboy:dut|MMU:mmu|IO_handler:io_registers|cpu_out_data[4] ; CLOCK_50     ; CLOCK2_50   ; 125.000      ; -0.350     ; 43.481     ;
; 81.155 ; gameboy:dut|MMU:mmu|BRAM_handler:memory_units|MM_out_chooser:memory_out_muxer|cpu_memory_selector[1]                                            ; gameboy:dut|MMU:mmu|IO_handler:io_registers|cpu_out_data[2] ; CLOCK_50     ; CLOCK2_50   ; 125.000      ; -0.099     ; 43.725     ;
; 81.157 ; gameboy:dut|MMU:mmu|BRAM_handler:memory_units|ROM_BANK:rom0|altsyncram:altsyncram_component|altsyncram_81a1:auto_generated|ram_block1a29        ; gameboy:dut|MMU:mmu|IO_handler:io_registers|cpu_out_data[4] ; CLOCK_50     ; CLOCK2_50   ; 125.000      ; -0.320     ; 43.502     ;
; 81.166 ; gameboy:dut|MMU:mmu|BRAM_handler:memory_units|ROM_BANK:rom0|altsyncram:altsyncram_component|altsyncram_81a1:auto_generated|ram_block1a21        ; gameboy:dut|MMU:mmu|IO_handler:io_registers|cpu_out_data[6] ; CLOCK_50     ; CLOCK2_50   ; 125.000      ; -0.355     ; 43.458     ;
; 81.179 ; gameboy:dut|MMU:mmu|BRAM_handler:memory_units|ROM_BANK:rom0|altsyncram:altsyncram_component|altsyncram_81a1:auto_generated|ram_block1a26        ; gameboy:dut|MMU:mmu|IO_handler:io_registers|cpu_out_data[2] ; CLOCK_50     ; CLOCK2_50   ; 125.000      ; -0.367     ; 43.433     ;
; 81.181 ; gameboy:dut|MMU:mmu|BRAM_handler:memory_units|ROM_BANK:rom0|altsyncram:altsyncram_component|altsyncram_81a1:auto_generated|ram_block1a9         ; gameboy:dut|MMU:mmu|IO_handler:io_registers|cpu_out_data[1] ; CLOCK_50     ; CLOCK2_50   ; 125.000      ; -0.354     ; 43.444     ;
; 81.190 ; gameboy:dut|MMU:mmu|BRAM_handler:memory_units|ROM_BANK:rom0|altsyncram:altsyncram_component|altsyncram_81a1:auto_generated|ram_block1a29        ; gameboy:dut|MMU:mmu|IO_handler:io_registers|cpu_out_data[1] ; CLOCK_50     ; CLOCK2_50   ; 125.000      ; -0.324     ; 43.465     ;
; 81.194 ; gameboy:dut|MMU:mmu|BRAM_handler:memory_units|ROM_BANK:rom0|altsyncram:altsyncram_component|altsyncram_81a1:auto_generated|ram_block1a18        ; gameboy:dut|MMU:mmu|IO_handler:io_registers|cpu_out_data[2] ; CLOCK_50     ; CLOCK2_50   ; 125.000      ; -0.364     ; 43.421     ;
; 81.201 ; gameboy:dut|MMU:mmu|BRAM_handler:memory_units|ROM_BANK:rom0|altsyncram:altsyncram_component|altsyncram_81a1:auto_generated|ram_block1a9         ; gameboy:dut|MMU:mmu|IO_handler:io_registers|cpu_out_data[0] ; CLOCK_50     ; CLOCK2_50   ; 125.000      ; -0.354     ; 43.424     ;
; 81.210 ; gameboy:dut|MMU:mmu|BRAM_handler:memory_units|ROM_BANK:rom0|altsyncram:altsyncram_component|altsyncram_81a1:auto_generated|ram_block1a29        ; gameboy:dut|MMU:mmu|IO_handler:io_registers|cpu_out_data[0] ; CLOCK_50     ; CLOCK2_50   ; 125.000      ; -0.324     ; 43.445     ;
; 81.211 ; gameboy:dut|MMU:mmu|BRAM_handler:memory_units|MM_out_chooser:memory_out_muxer|cpu_memory_selector[0]                                            ; gameboy:dut|MMU:mmu|IO_handler:io_registers|cpu_out_data[2] ; CLOCK_50     ; CLOCK2_50   ; 125.000      ; -0.099     ; 43.669     ;
; 81.224 ; gameboy:dut|MMU:mmu|BRAM_handler:memory_units|ROM_BANK:rom0|altsyncram:altsyncram_component|altsyncram_81a1:auto_generated|ram_block1a14        ; gameboy:dut|MMU:mmu|IO_handler:io_registers|cpu_out_data[7] ; CLOCK_50     ; CLOCK2_50   ; 125.000      ; -0.335     ; 43.420     ;
; 81.239 ; gameboy:dut|MMU:mmu|BRAM_handler:memory_units|ROM_BANK:rom0|altsyncram:altsyncram_component|altsyncram_81a1:auto_generated|ram_block1a14        ; gameboy:dut|MMU:mmu|IO_handler:io_registers|cpu_out_data[3] ; CLOCK_50     ; CLOCK2_50   ; 125.000      ; -0.338     ; 43.402     ;
; 81.247 ; gameboy:dut|MMU:mmu|BRAM_handler:memory_units|ROM_BANK:rom0|altsyncram:altsyncram_component|altsyncram_81a1:auto_generated|ram_block1a9         ; gameboy:dut|MMU:mmu|IO_handler:io_registers|cpu_out_data[5] ; CLOCK_50     ; CLOCK2_50   ; 125.000      ; -0.354     ; 43.378     ;
; 81.253 ; gameboy:dut|MMU:mmu|BRAM_handler:memory_units|MM_out_chooser:memory_out_muxer|cpu_memory_selector[2]                                            ; gameboy:dut|MMU:mmu|IO_handler:io_registers|cpu_out_data[7] ; CLOCK_50     ; CLOCK2_50   ; 125.000      ; -0.095     ; 43.631     ;
; 81.254 ; gameboy:dut|MMU:mmu|BRAM_handler:memory_units|ROM_BANK:rom0|altsyncram:altsyncram_component|altsyncram_81a1:auto_generated|ram_block1a0         ; gameboy:dut|MMU:mmu|IO_handler:io_registers|cpu_out_data[6] ; CLOCK_50     ; CLOCK2_50   ; 125.000      ; -0.352     ; 43.373     ;
; 81.256 ; gameboy:dut|MMU:mmu|BRAM_handler:memory_units|ROM_BANK:rom0|altsyncram:altsyncram_component|altsyncram_81a1:auto_generated|ram_block1a29        ; gameboy:dut|MMU:mmu|IO_handler:io_registers|cpu_out_data[5] ; CLOCK_50     ; CLOCK2_50   ; 125.000      ; -0.324     ; 43.399     ;
; 81.264 ; gameboy:dut|MMU:mmu|BRAM_handler:memory_units|MM_out_chooser:memory_out_muxer|cpu_memory_selector[1]                                            ; gameboy:dut|MMU:mmu|IO_handler:io_registers|cpu_out_data[6] ; CLOCK_50     ; CLOCK2_50   ; 125.000      ; -0.099     ; 43.616     ;
; 81.268 ; gameboy:dut|MMU:mmu|BRAM_handler:memory_units|MM_out_chooser:memory_out_muxer|cpu_memory_selector[2]                                            ; gameboy:dut|MMU:mmu|IO_handler:io_registers|cpu_out_data[3] ; CLOCK_50     ; CLOCK2_50   ; 125.000      ; -0.098     ; 43.613     ;
; 81.288 ; gameboy:dut|MMU:mmu|BRAM_handler:memory_units|ROM_BANK:rom0|altsyncram:altsyncram_component|altsyncram_81a1:auto_generated|ram_block1a26        ; gameboy:dut|MMU:mmu|IO_handler:io_registers|cpu_out_data[6] ; CLOCK_50     ; CLOCK2_50   ; 125.000      ; -0.367     ; 43.324     ;
; 81.303 ; gameboy:dut|MMU:mmu|BRAM_handler:memory_units|ROM_BANK:rom0|altsyncram:altsyncram_component|altsyncram_81a1:auto_generated|ram_block1a18        ; gameboy:dut|MMU:mmu|IO_handler:io_registers|cpu_out_data[6] ; CLOCK_50     ; CLOCK2_50   ; 125.000      ; -0.364     ; 43.312     ;
; 81.320 ; gameboy:dut|MMU:mmu|BRAM_handler:memory_units|MM_out_chooser:memory_out_muxer|cpu_memory_selector[0]                                            ; gameboy:dut|MMU:mmu|IO_handler:io_registers|cpu_out_data[6] ; CLOCK_50     ; CLOCK2_50   ; 125.000      ; -0.099     ; 43.560     ;
; 81.357 ; gameboy:dut|MMU:mmu|BRAM_handler:memory_units|ROM_BANK:rom0|altsyncram:altsyncram_component|altsyncram_81a1:auto_generated|out_address_reg_a[0] ; gameboy:dut|MMU:mmu|IO_handler:io_registers|cpu_out_data[4] ; CLOCK_50     ; CLOCK2_50   ; 125.000      ; -0.088     ; 43.534     ;
; 81.358 ; gameboy:dut|MMU:mmu|BRAM_handler:memory_units|ROM_BANK:rom0|altsyncram:altsyncram_component|altsyncram_81a1:auto_generated|ram_block1a27        ; gameboy:dut|MMU:mmu|IO_handler:io_registers|cpu_out_data[4] ; CLOCK_50     ; CLOCK2_50   ; 125.000      ; -0.333     ; 43.288     ;
; 81.360 ; gameboy:dut|MMU:mmu|BRAM_handler:memory_units|ROM_BANK:rom0|altsyncram:altsyncram_component|altsyncram_81a1:auto_generated|ram_block1a23        ; gameboy:dut|MMU:mmu|IO_handler:io_registers|cpu_out_data[4] ; CLOCK_50     ; CLOCK2_50   ; 125.000      ; -0.335     ; 43.284     ;
; 81.390 ; gameboy:dut|MMU:mmu|BRAM_handler:memory_units|ROM_BANK:rom0|altsyncram:altsyncram_component|altsyncram_81a1:auto_generated|out_address_reg_a[0] ; gameboy:dut|MMU:mmu|IO_handler:io_registers|cpu_out_data[1] ; CLOCK_50     ; CLOCK2_50   ; 125.000      ; -0.092     ; 43.497     ;
; 81.391 ; gameboy:dut|MMU:mmu|BRAM_handler:memory_units|ROM_BANK:rom0|altsyncram:altsyncram_component|altsyncram_81a1:auto_generated|ram_block1a27        ; gameboy:dut|MMU:mmu|IO_handler:io_registers|cpu_out_data[1] ; CLOCK_50     ; CLOCK2_50   ; 125.000      ; -0.337     ; 43.251     ;
; 81.393 ; gameboy:dut|MMU:mmu|BRAM_handler:memory_units|ROM_BANK:rom0|altsyncram:altsyncram_component|altsyncram_81a1:auto_generated|ram_block1a23        ; gameboy:dut|MMU:mmu|IO_handler:io_registers|cpu_out_data[1] ; CLOCK_50     ; CLOCK2_50   ; 125.000      ; -0.339     ; 43.247     ;
; 81.401 ; gameboy:dut|MMU:mmu|BRAM_handler:memory_units|ROM_BANK:rom0|altsyncram:altsyncram_component|altsyncram_81a1:auto_generated|ram_block1a21        ; gameboy:dut|MMU:mmu|IO_handler:io_registers|cpu_out_data[7] ; CLOCK_50     ; CLOCK2_50   ; 125.000      ; -0.351     ; 43.227     ;
; 81.410 ; gameboy:dut|MMU:mmu|BRAM_handler:memory_units|ROM_BANK:rom0|altsyncram:altsyncram_component|altsyncram_81a1:auto_generated|out_address_reg_a[0] ; gameboy:dut|MMU:mmu|IO_handler:io_registers|cpu_out_data[0] ; CLOCK_50     ; CLOCK2_50   ; 125.000      ; -0.092     ; 43.477     ;
+--------+-------------------------------------------------------------------------------------------------------------------------------------------------+-------------------------------------------------------------+--------------+-------------+--------------+------------+------------+


+-------------------------------------------------------------------------------------------------------------------------------------------------------------------------------------------------------------------------------------------------------------------------------------------------------------------------------------------------------+
; Slow 1200mV 0C Model Setup: 'CLOCK_50'                                                                                                                                                                                                                                                                                                                ;
+--------+----------------------------------------------------------------------------------------------------+-------------------------------------------------------------------------------------------------------------------------------------------------------------------+--------------+-------------+--------------+------------+------------+
; Slack  ; From Node                                                                                          ; To Node                                                                                                                                                           ; Launch Clock ; Latch Clock ; Relationship ; Clock Skew ; Data Delay ;
+--------+----------------------------------------------------------------------------------------------------+-------------------------------------------------------------------------------------------------------------------------------------------------------------------+--------------+-------------+--------------+------------+------------+
; 82.780 ; gameboy:dut|PPU_Wrapper:ppu|OAM_Search:oam_search|selected_sprites_reg[0].x[0]                     ; gameboy:dut|MMU:mmu|BRAM_handler:memory_units|DUAL_VRAM_8KB:vram0|altsyncram:altsyncram_component|altsyncram_54g2:auto_generated|ram_block1a6~portb_address_reg0  ; CLOCK2_50    ; CLOCK_50    ; 125.000      ; 0.182      ; 42.412     ;
; 83.079 ; gameboy:dut|PPU_Wrapper:ppu|OAM_Search:oam_search|selected_sprites_reg[0].x[0]                     ; gameboy:dut|MMU:mmu|BRAM_handler:memory_units|DUAL_VRAM_8KB:vram0|altsyncram:altsyncram_component|altsyncram_54g2:auto_generated|ram_block1a10~portb_address_reg0 ; CLOCK2_50    ; CLOCK_50    ; 125.000      ; 0.181      ; 42.112     ;
; 83.099 ; gameboy:dut|PPU_Wrapper:ppu|OAM_Search:oam_search|selected_sprites_reg[0].x[1]                     ; gameboy:dut|MMU:mmu|BRAM_handler:memory_units|DUAL_VRAM_8KB:vram0|altsyncram:altsyncram_component|altsyncram_54g2:auto_generated|ram_block1a6~portb_address_reg0  ; CLOCK2_50    ; CLOCK_50    ; 125.000      ; 0.187      ; 42.098     ;
; 83.209 ; gameboy:dut|PPU_Wrapper:ppu|OAM_Search:oam_search|selected_sprites_reg[0].x[0]                     ; gameboy:dut|MMU:mmu|BRAM_handler:memory_units|DUAL_VRAM_8KB:vram0|altsyncram:altsyncram_component|altsyncram_54g2:auto_generated|ram_block1a8~portb_address_reg0  ; CLOCK2_50    ; CLOCK_50    ; 125.000      ; 0.180      ; 41.981     ;
; 83.276 ; gameboy:dut|PPU_Wrapper:ppu|OAM_Search:oam_search|selected_sprites_reg[0].x[0]                     ; gameboy:dut|MMU:mmu|BRAM_handler:memory_units|MM_out_chooser:memory_out_muxer|ppu_select[2]                                                                       ; CLOCK2_50    ; CLOCK_50    ; 125.000      ; -0.127     ; 41.576     ;
; 83.398 ; gameboy:dut|PPU_Wrapper:ppu|OAM_Search:oam_search|selected_sprites_reg[0].x[1]                     ; gameboy:dut|MMU:mmu|BRAM_handler:memory_units|DUAL_VRAM_8KB:vram0|altsyncram:altsyncram_component|altsyncram_54g2:auto_generated|ram_block1a10~portb_address_reg0 ; CLOCK2_50    ; CLOCK_50    ; 125.000      ; 0.186      ; 41.798     ;
; 83.478 ; gameboy:dut|PPU_Wrapper:ppu|Pixel_Gen:Pixel_Gen_inst|Render_Sprites:render_sprites_inst|x_coord[0] ; gameboy:dut|MMU:mmu|BRAM_handler:memory_units|DUAL_VRAM_8KB:vram0|altsyncram:altsyncram_component|altsyncram_54g2:auto_generated|ram_block1a6~portb_address_reg0  ; CLOCK2_50    ; CLOCK_50    ; 125.000      ; 0.182      ; 41.714     ;
; 83.496 ; gameboy:dut|PPU_Wrapper:ppu|Pixel_Gen:Pixel_Gen_inst|Render_Sprites:render_sprites_inst|x_coord[2] ; gameboy:dut|MMU:mmu|BRAM_handler:memory_units|DUAL_VRAM_8KB:vram0|altsyncram:altsyncram_component|altsyncram_54g2:auto_generated|ram_block1a6~portb_address_reg0  ; CLOCK2_50    ; CLOCK_50    ; 125.000      ; 0.178      ; 41.692     ;
; 83.518 ; gameboy:dut|PPU_Wrapper:ppu|OAM_Search:oam_search|selected_sprites_reg[0].x[2]                     ; gameboy:dut|MMU:mmu|BRAM_handler:memory_units|DUAL_VRAM_8KB:vram0|altsyncram:altsyncram_component|altsyncram_54g2:auto_generated|ram_block1a6~portb_address_reg0  ; CLOCK2_50    ; CLOCK_50    ; 125.000      ; 0.182      ; 41.674     ;
; 83.519 ; gameboy:dut|PPU_Wrapper:ppu|OAM_Search:oam_search|selected_sprites_reg[0].x[0]                     ; gameboy:dut|MMU:mmu|BRAM_handler:memory_units|DUAL_VRAM_8KB:vram0|altsyncram:altsyncram_component|altsyncram_54g2:auto_generated|ram_block1a13~portb_address_reg0 ; CLOCK2_50    ; CLOCK_50    ; 125.000      ; 0.178      ; 41.669     ;
; 83.528 ; gameboy:dut|PPU_Wrapper:ppu|OAM_Search:oam_search|selected_sprites_reg[0].x[1]                     ; gameboy:dut|MMU:mmu|BRAM_handler:memory_units|DUAL_VRAM_8KB:vram0|altsyncram:altsyncram_component|altsyncram_54g2:auto_generated|ram_block1a8~portb_address_reg0  ; CLOCK2_50    ; CLOCK_50    ; 125.000      ; 0.185      ; 41.667     ;
; 83.595 ; gameboy:dut|PPU_Wrapper:ppu|OAM_Search:oam_search|selected_sprites_reg[0].x[1]                     ; gameboy:dut|MMU:mmu|BRAM_handler:memory_units|MM_out_chooser:memory_out_muxer|ppu_select[2]                                                                       ; CLOCK2_50    ; CLOCK_50    ; 125.000      ; -0.122     ; 41.262     ;
; 83.658 ; gameboy:dut|PPU_Wrapper:ppu|OAM_Search:oam_search|selected_sprites_reg[0].x[5]                     ; gameboy:dut|MMU:mmu|BRAM_handler:memory_units|DUAL_VRAM_8KB:vram0|altsyncram:altsyncram_component|altsyncram_54g2:auto_generated|ram_block1a6~portb_address_reg0  ; CLOCK2_50    ; CLOCK_50    ; 125.000      ; 0.182      ; 41.534     ;
; 83.688 ; gameboy:dut|PPU_Wrapper:ppu|OAM_Search:oam_search|selected_sprites_reg[0].x[0]                     ; gameboy:dut|MMU:mmu|BRAM_handler:memory_units|OAM_DUALBANK:oam|altsyncram:altsyncram_component|altsyncram_ttf2:auto_generated|ram_block1a0~portb_address_reg0     ; CLOCK2_50    ; CLOCK_50    ; 125.000      ; 0.193      ; 41.515     ;
; 83.742 ; gameboy:dut|PPU_Wrapper:ppu|OAM_Search:oam_search|selected_sprites_reg[0].x[3]                     ; gameboy:dut|MMU:mmu|BRAM_handler:memory_units|DUAL_VRAM_8KB:vram0|altsyncram:altsyncram_component|altsyncram_54g2:auto_generated|ram_block1a6~portb_address_reg0  ; CLOCK2_50    ; CLOCK_50    ; 125.000      ; 0.188      ; 41.456     ;
; 83.777 ; gameboy:dut|PPU_Wrapper:ppu|Pixel_Gen:Pixel_Gen_inst|Render_Sprites:render_sprites_inst|x_coord[0] ; gameboy:dut|MMU:mmu|BRAM_handler:memory_units|DUAL_VRAM_8KB:vram0|altsyncram:altsyncram_component|altsyncram_54g2:auto_generated|ram_block1a10~portb_address_reg0 ; CLOCK2_50    ; CLOCK_50    ; 125.000      ; 0.181      ; 41.414     ;
; 83.785 ; gameboy:dut|PPU_Wrapper:ppu|OAM_Search:oam_search|selected_sprites_reg[0].x[7]                     ; gameboy:dut|MMU:mmu|BRAM_handler:memory_units|DUAL_VRAM_8KB:vram0|altsyncram:altsyncram_component|altsyncram_54g2:auto_generated|ram_block1a6~portb_address_reg0  ; CLOCK2_50    ; CLOCK_50    ; 125.000      ; 0.182      ; 41.407     ;
; 83.795 ; gameboy:dut|PPU_Wrapper:ppu|Pixel_Gen:Pixel_Gen_inst|Render_Sprites:render_sprites_inst|x_coord[2] ; gameboy:dut|MMU:mmu|BRAM_handler:memory_units|DUAL_VRAM_8KB:vram0|altsyncram:altsyncram_component|altsyncram_54g2:auto_generated|ram_block1a10~portb_address_reg0 ; CLOCK2_50    ; CLOCK_50    ; 125.000      ; 0.177      ; 41.392     ;
; 83.805 ; gameboy:dut|PPU_Wrapper:ppu|OAM_Search:oam_search|selected_sprites_reg[0].x[4]                     ; gameboy:dut|MMU:mmu|BRAM_handler:memory_units|DUAL_VRAM_8KB:vram0|altsyncram:altsyncram_component|altsyncram_54g2:auto_generated|ram_block1a6~portb_address_reg0  ; CLOCK2_50    ; CLOCK_50    ; 125.000      ; 0.187      ; 41.392     ;
; 83.817 ; gameboy:dut|PPU_Wrapper:ppu|OAM_Search:oam_search|selected_sprites_reg[0].x[2]                     ; gameboy:dut|MMU:mmu|BRAM_handler:memory_units|DUAL_VRAM_8KB:vram0|altsyncram:altsyncram_component|altsyncram_54g2:auto_generated|ram_block1a10~portb_address_reg0 ; CLOCK2_50    ; CLOCK_50    ; 125.000      ; 0.181      ; 41.374     ;
; 83.838 ; gameboy:dut|PPU_Wrapper:ppu|OAM_Search:oam_search|selected_sprites_reg[0].x[1]                     ; gameboy:dut|MMU:mmu|BRAM_handler:memory_units|DUAL_VRAM_8KB:vram0|altsyncram:altsyncram_component|altsyncram_54g2:auto_generated|ram_block1a13~portb_address_reg0 ; CLOCK2_50    ; CLOCK_50    ; 125.000      ; 0.183      ; 41.355     ;
; 83.892 ; gameboy:dut|PPU_Wrapper:ppu|Pixel_Gen:Pixel_Gen_inst|Render_Sprites:render_sprites_inst|x_coord[1] ; gameboy:dut|MMU:mmu|BRAM_handler:memory_units|DUAL_VRAM_8KB:vram0|altsyncram:altsyncram_component|altsyncram_54g2:auto_generated|ram_block1a6~portb_address_reg0  ; CLOCK2_50    ; CLOCK_50    ; 125.000      ; 0.182      ; 41.300     ;
; 83.905 ; gameboy:dut|PPU_Wrapper:ppu|OAM_Search:oam_search|selected_sprites_reg[0].x[0]                     ; gameboy:dut|MMU:mmu|BRAM_handler:memory_units|DUAL_VRAM_8KB:vram0|altsyncram:altsyncram_component|altsyncram_54g2:auto_generated|ram_block1a0~portb_address_reg0  ; CLOCK2_50    ; CLOCK_50    ; 125.000      ; 0.196      ; 41.301     ;
; 83.907 ; gameboy:dut|PPU_Wrapper:ppu|Pixel_Gen:Pixel_Gen_inst|Render_Sprites:render_sprites_inst|x_coord[0] ; gameboy:dut|MMU:mmu|BRAM_handler:memory_units|DUAL_VRAM_8KB:vram0|altsyncram:altsyncram_component|altsyncram_54g2:auto_generated|ram_block1a8~portb_address_reg0  ; CLOCK2_50    ; CLOCK_50    ; 125.000      ; 0.180      ; 41.283     ;
; 83.925 ; gameboy:dut|PPU_Wrapper:ppu|Pixel_Gen:Pixel_Gen_inst|Render_Sprites:render_sprites_inst|x_coord[2] ; gameboy:dut|MMU:mmu|BRAM_handler:memory_units|DUAL_VRAM_8KB:vram0|altsyncram:altsyncram_component|altsyncram_54g2:auto_generated|ram_block1a8~portb_address_reg0  ; CLOCK2_50    ; CLOCK_50    ; 125.000      ; 0.176      ; 41.261     ;
; 83.936 ; gameboy:dut|PPU_Wrapper:ppu|OAM_Search:oam_search|selected_sprites_reg[0].x[0]                     ; gameboy:dut|MMU:mmu|BRAM_handler:memory_units|DUAL_VRAM_8KB:vram0|altsyncram:altsyncram_component|altsyncram_54g2:auto_generated|ram_block1a4~portb_address_reg0  ; CLOCK2_50    ; CLOCK_50    ; 125.000      ; 0.195      ; 41.269     ;
; 83.947 ; gameboy:dut|PPU_Wrapper:ppu|OAM_Search:oam_search|selected_sprites_reg[0].x[2]                     ; gameboy:dut|MMU:mmu|BRAM_handler:memory_units|DUAL_VRAM_8KB:vram0|altsyncram:altsyncram_component|altsyncram_54g2:auto_generated|ram_block1a8~portb_address_reg0  ; CLOCK2_50    ; CLOCK_50    ; 125.000      ; 0.180      ; 41.243     ;
; 83.951 ; gameboy:dut|PPU_Wrapper:ppu|OAM_Search:oam_search|selected_sprites_reg[0].x[0]                     ; gameboy:dut|MMU:mmu|BRAM_handler:memory_units|DUAL_VRAM_8KB:vram0|altsyncram:altsyncram_component|altsyncram_54g2:auto_generated|ram_block1a2~portb_address_reg0  ; CLOCK2_50    ; CLOCK_50    ; 125.000      ; 0.199      ; 41.258     ;
; 83.957 ; gameboy:dut|PPU_Wrapper:ppu|OAM_Search:oam_search|selected_sprites_reg[0].x[5]                     ; gameboy:dut|MMU:mmu|BRAM_handler:memory_units|DUAL_VRAM_8KB:vram0|altsyncram:altsyncram_component|altsyncram_54g2:auto_generated|ram_block1a10~portb_address_reg0 ; CLOCK2_50    ; CLOCK_50    ; 125.000      ; 0.181      ; 41.234     ;
; 83.974 ; gameboy:dut|PPU_Wrapper:ppu|OAM_Search:oam_search|selected_sprites_reg[0].x[0]                     ; gameboy:dut|MMU:mmu|BRAM_handler:memory_units|DUAL_VRAM_8KB:vram0|altsyncram:altsyncram_component|altsyncram_54g2:auto_generated|ram_block1a1~portb_address_reg0  ; CLOCK2_50    ; CLOCK_50    ; 125.000      ; 0.198      ; 41.234     ;
; 83.974 ; gameboy:dut|PPU_Wrapper:ppu|Pixel_Gen:Pixel_Gen_inst|Render_Sprites:render_sprites_inst|x_coord[0] ; gameboy:dut|MMU:mmu|BRAM_handler:memory_units|MM_out_chooser:memory_out_muxer|ppu_select[2]                                                                       ; CLOCK2_50    ; CLOCK_50    ; 125.000      ; -0.127     ; 40.878     ;
; 83.992 ; gameboy:dut|PPU_Wrapper:ppu|Pixel_Gen:Pixel_Gen_inst|Render_Sprites:render_sprites_inst|x_coord[2] ; gameboy:dut|MMU:mmu|BRAM_handler:memory_units|MM_out_chooser:memory_out_muxer|ppu_select[2]                                                                       ; CLOCK2_50    ; CLOCK_50    ; 125.000      ; -0.131     ; 40.856     ;
; 84.007 ; gameboy:dut|PPU_Wrapper:ppu|OAM_Search:oam_search|selected_sprites_reg[0].x[1]                     ; gameboy:dut|MMU:mmu|BRAM_handler:memory_units|OAM_DUALBANK:oam|altsyncram:altsyncram_component|altsyncram_ttf2:auto_generated|ram_block1a0~portb_address_reg0     ; CLOCK2_50    ; CLOCK_50    ; 125.000      ; 0.198      ; 41.201     ;
; 84.014 ; gameboy:dut|PPU_Wrapper:ppu|OAM_Search:oam_search|selected_sprites_reg[0].x[2]                     ; gameboy:dut|MMU:mmu|BRAM_handler:memory_units|MM_out_chooser:memory_out_muxer|ppu_select[2]                                                                       ; CLOCK2_50    ; CLOCK_50    ; 125.000      ; -0.127     ; 40.838     ;
; 84.041 ; gameboy:dut|PPU_Wrapper:ppu|OAM_Search:oam_search|selected_sprites_reg[0].x[3]                     ; gameboy:dut|MMU:mmu|BRAM_handler:memory_units|DUAL_VRAM_8KB:vram0|altsyncram:altsyncram_component|altsyncram_54g2:auto_generated|ram_block1a10~portb_address_reg0 ; CLOCK2_50    ; CLOCK_50    ; 125.000      ; 0.187      ; 41.156     ;
; 84.084 ; gameboy:dut|PPU_Wrapper:ppu|OAM_Search:oam_search|selected_sprites_reg[0].x[7]                     ; gameboy:dut|MMU:mmu|BRAM_handler:memory_units|DUAL_VRAM_8KB:vram0|altsyncram:altsyncram_component|altsyncram_54g2:auto_generated|ram_block1a10~portb_address_reg0 ; CLOCK2_50    ; CLOCK_50    ; 125.000      ; 0.181      ; 41.107     ;
; 84.087 ; gameboy:dut|PPU_Wrapper:ppu|OAM_Search:oam_search|selected_sprites_reg[0].x[5]                     ; gameboy:dut|MMU:mmu|BRAM_handler:memory_units|DUAL_VRAM_8KB:vram0|altsyncram:altsyncram_component|altsyncram_54g2:auto_generated|ram_block1a8~portb_address_reg0  ; CLOCK2_50    ; CLOCK_50    ; 125.000      ; 0.180      ; 41.103     ;
; 84.092 ; gameboy:dut|PPU_Wrapper:ppu|Pixel_Gen:Pixel_Gen_inst|Render_Sprites:render_sprites_inst|x_coord[3] ; gameboy:dut|MMU:mmu|BRAM_handler:memory_units|DUAL_VRAM_8KB:vram0|altsyncram:altsyncram_component|altsyncram_54g2:auto_generated|ram_block1a6~portb_address_reg0  ; CLOCK2_50    ; CLOCK_50    ; 125.000      ; 0.178      ; 41.096     ;
; 84.104 ; gameboy:dut|PPU_Wrapper:ppu|OAM_Search:oam_search|selected_sprites_reg[0].x[4]                     ; gameboy:dut|MMU:mmu|BRAM_handler:memory_units|DUAL_VRAM_8KB:vram0|altsyncram:altsyncram_component|altsyncram_54g2:auto_generated|ram_block1a10~portb_address_reg0 ; CLOCK2_50    ; CLOCK_50    ; 125.000      ; 0.186      ; 41.092     ;
; 84.152 ; gameboy:dut|PPU_Wrapper:ppu|OAM_Search:oam_search|selected_sprites_reg[0].x[6]                     ; gameboy:dut|MMU:mmu|BRAM_handler:memory_units|DUAL_VRAM_8KB:vram0|altsyncram:altsyncram_component|altsyncram_54g2:auto_generated|ram_block1a6~portb_address_reg0  ; CLOCK2_50    ; CLOCK_50    ; 125.000      ; 0.177      ; 41.035     ;
; 84.154 ; gameboy:dut|PPU_Wrapper:ppu|OAM_Search:oam_search|selected_sprites_reg[0].x[5]                     ; gameboy:dut|MMU:mmu|BRAM_handler:memory_units|MM_out_chooser:memory_out_muxer|ppu_select[2]                                                                       ; CLOCK2_50    ; CLOCK_50    ; 125.000      ; -0.127     ; 40.698     ;
; 84.171 ; gameboy:dut|PPU_Wrapper:ppu|OAM_Search:oam_search|selected_sprites_reg[0].x[3]                     ; gameboy:dut|MMU:mmu|BRAM_handler:memory_units|DUAL_VRAM_8KB:vram0|altsyncram:altsyncram_component|altsyncram_54g2:auto_generated|ram_block1a8~portb_address_reg0  ; CLOCK2_50    ; CLOCK_50    ; 125.000      ; 0.186      ; 41.025     ;
; 84.191 ; gameboy:dut|PPU_Wrapper:ppu|Pixel_Gen:Pixel_Gen_inst|Render_Sprites:render_sprites_inst|x_coord[1] ; gameboy:dut|MMU:mmu|BRAM_handler:memory_units|DUAL_VRAM_8KB:vram0|altsyncram:altsyncram_component|altsyncram_54g2:auto_generated|ram_block1a10~portb_address_reg0 ; CLOCK2_50    ; CLOCK_50    ; 125.000      ; 0.181      ; 41.000     ;
; 84.214 ; gameboy:dut|PPU_Wrapper:ppu|OAM_Search:oam_search|selected_sprites_reg[0].x[7]                     ; gameboy:dut|MMU:mmu|BRAM_handler:memory_units|DUAL_VRAM_8KB:vram0|altsyncram:altsyncram_component|altsyncram_54g2:auto_generated|ram_block1a8~portb_address_reg0  ; CLOCK2_50    ; CLOCK_50    ; 125.000      ; 0.180      ; 40.976     ;
; 84.217 ; gameboy:dut|PPU_Wrapper:ppu|Pixel_Gen:Pixel_Gen_inst|Render_Sprites:render_sprites_inst|x_coord[0] ; gameboy:dut|MMU:mmu|BRAM_handler:memory_units|DUAL_VRAM_8KB:vram0|altsyncram:altsyncram_component|altsyncram_54g2:auto_generated|ram_block1a13~portb_address_reg0 ; CLOCK2_50    ; CLOCK_50    ; 125.000      ; 0.178      ; 40.971     ;
; 84.218 ; gameboy:dut|PPU_Wrapper:ppu|Pixel_Gen:Pixel_Gen_inst|Render_Sprites:render_sprites_inst|x_coord[4] ; gameboy:dut|MMU:mmu|BRAM_handler:memory_units|DUAL_VRAM_8KB:vram0|altsyncram:altsyncram_component|altsyncram_54g2:auto_generated|ram_block1a6~portb_address_reg0  ; CLOCK2_50    ; CLOCK_50    ; 125.000      ; 0.178      ; 40.970     ;
; 84.224 ; gameboy:dut|PPU_Wrapper:ppu|OAM_Search:oam_search|selected_sprites_reg[0].x[1]                     ; gameboy:dut|MMU:mmu|BRAM_handler:memory_units|DUAL_VRAM_8KB:vram0|altsyncram:altsyncram_component|altsyncram_54g2:auto_generated|ram_block1a0~portb_address_reg0  ; CLOCK2_50    ; CLOCK_50    ; 125.000      ; 0.201      ; 40.987     ;
; 84.234 ; gameboy:dut|PPU_Wrapper:ppu|OAM_Search:oam_search|selected_sprites_reg[0].x[4]                     ; gameboy:dut|MMU:mmu|BRAM_handler:memory_units|DUAL_VRAM_8KB:vram0|altsyncram:altsyncram_component|altsyncram_54g2:auto_generated|ram_block1a8~portb_address_reg0  ; CLOCK2_50    ; CLOCK_50    ; 125.000      ; 0.185      ; 40.961     ;
; 84.235 ; gameboy:dut|PPU_Wrapper:ppu|Pixel_Gen:Pixel_Gen_inst|Render_Sprites:render_sprites_inst|x_coord[2] ; gameboy:dut|MMU:mmu|BRAM_handler:memory_units|DUAL_VRAM_8KB:vram0|altsyncram:altsyncram_component|altsyncram_54g2:auto_generated|ram_block1a13~portb_address_reg0 ; CLOCK2_50    ; CLOCK_50    ; 125.000      ; 0.174      ; 40.949     ;
; 84.238 ; gameboy:dut|PPU_Wrapper:ppu|OAM_Search:oam_search|selected_sprites_reg[0].x[3]                     ; gameboy:dut|MMU:mmu|BRAM_handler:memory_units|MM_out_chooser:memory_out_muxer|ppu_select[2]                                                                       ; CLOCK2_50    ; CLOCK_50    ; 125.000      ; -0.121     ; 40.620     ;
; 84.255 ; gameboy:dut|PPU_Wrapper:ppu|OAM_Search:oam_search|selected_sprites_reg[0].x[1]                     ; gameboy:dut|MMU:mmu|BRAM_handler:memory_units|DUAL_VRAM_8KB:vram0|altsyncram:altsyncram_component|altsyncram_54g2:auto_generated|ram_block1a4~portb_address_reg0  ; CLOCK2_50    ; CLOCK_50    ; 125.000      ; 0.200      ; 40.955     ;
; 84.257 ; gameboy:dut|PPU_Wrapper:ppu|OAM_Search:oam_search|selected_sprites_reg[0].x[2]                     ; gameboy:dut|MMU:mmu|BRAM_handler:memory_units|DUAL_VRAM_8KB:vram0|altsyncram:altsyncram_component|altsyncram_54g2:auto_generated|ram_block1a13~portb_address_reg0 ; CLOCK2_50    ; CLOCK_50    ; 125.000      ; 0.178      ; 40.931     ;
; 84.270 ; gameboy:dut|PPU_Wrapper:ppu|OAM_Search:oam_search|selected_sprites_reg[0].x[1]                     ; gameboy:dut|MMU:mmu|BRAM_handler:memory_units|DUAL_VRAM_8KB:vram0|altsyncram:altsyncram_component|altsyncram_54g2:auto_generated|ram_block1a2~portb_address_reg0  ; CLOCK2_50    ; CLOCK_50    ; 125.000      ; 0.204      ; 40.944     ;
; 84.281 ; gameboy:dut|PPU_Wrapper:ppu|OAM_Search:oam_search|selected_sprites_reg[0].x[7]                     ; gameboy:dut|MMU:mmu|BRAM_handler:memory_units|MM_out_chooser:memory_out_muxer|ppu_select[2]                                                                       ; CLOCK2_50    ; CLOCK_50    ; 125.000      ; -0.127     ; 40.571     ;
; 84.293 ; gameboy:dut|PPU_Wrapper:ppu|OAM_Search:oam_search|selected_sprites_reg[0].x[1]                     ; gameboy:dut|MMU:mmu|BRAM_handler:memory_units|DUAL_VRAM_8KB:vram0|altsyncram:altsyncram_component|altsyncram_54g2:auto_generated|ram_block1a1~portb_address_reg0  ; CLOCK2_50    ; CLOCK_50    ; 125.000      ; 0.203      ; 40.920     ;
; 84.301 ; gameboy:dut|PPU_Wrapper:ppu|OAM_Search:oam_search|selected_sprites_reg[0].x[4]                     ; gameboy:dut|MMU:mmu|BRAM_handler:memory_units|MM_out_chooser:memory_out_muxer|ppu_select[2]                                                                       ; CLOCK2_50    ; CLOCK_50    ; 125.000      ; -0.122     ; 40.556     ;
; 84.321 ; gameboy:dut|PPU_Wrapper:ppu|Pixel_Gen:Pixel_Gen_inst|Render_Sprites:render_sprites_inst|x_coord[1] ; gameboy:dut|MMU:mmu|BRAM_handler:memory_units|DUAL_VRAM_8KB:vram0|altsyncram:altsyncram_component|altsyncram_54g2:auto_generated|ram_block1a8~portb_address_reg0  ; CLOCK2_50    ; CLOCK_50    ; 125.000      ; 0.180      ; 40.869     ;
; 84.324 ; gameboy:dut|PPU_Wrapper:ppu|Pixel_Gen:Pixel_Gen_inst|Render_Sprites:render_sprites_inst|x_coord[6] ; gameboy:dut|MMU:mmu|BRAM_handler:memory_units|DUAL_VRAM_8KB:vram0|altsyncram:altsyncram_component|altsyncram_54g2:auto_generated|ram_block1a6~portb_address_reg0  ; CLOCK2_50    ; CLOCK_50    ; 125.000      ; 0.178      ; 40.864     ;
; 84.386 ; gameboy:dut|PPU_Wrapper:ppu|Pixel_Gen:Pixel_Gen_inst|Render_Sprites:render_sprites_inst|x_coord[0] ; gameboy:dut|MMU:mmu|BRAM_handler:memory_units|OAM_DUALBANK:oam|altsyncram:altsyncram_component|altsyncram_ttf2:auto_generated|ram_block1a0~portb_address_reg0     ; CLOCK2_50    ; CLOCK_50    ; 125.000      ; 0.193      ; 40.817     ;
; 84.388 ; gameboy:dut|PPU_Wrapper:ppu|Pixel_Gen:Pixel_Gen_inst|Render_Sprites:render_sprites_inst|x_coord[1] ; gameboy:dut|MMU:mmu|BRAM_handler:memory_units|MM_out_chooser:memory_out_muxer|ppu_select[2]                                                                       ; CLOCK2_50    ; CLOCK_50    ; 125.000      ; -0.127     ; 40.464     ;
; 84.391 ; gameboy:dut|PPU_Wrapper:ppu|Pixel_Gen:Pixel_Gen_inst|Render_Sprites:render_sprites_inst|x_coord[8] ; gameboy:dut|MMU:mmu|BRAM_handler:memory_units|DUAL_VRAM_8KB:vram0|altsyncram:altsyncram_component|altsyncram_54g2:auto_generated|ram_block1a6~portb_address_reg0  ; CLOCK2_50    ; CLOCK_50    ; 125.000      ; 0.178      ; 40.797     ;
; 84.391 ; gameboy:dut|PPU_Wrapper:ppu|Pixel_Gen:Pixel_Gen_inst|Render_Sprites:render_sprites_inst|x_coord[3] ; gameboy:dut|MMU:mmu|BRAM_handler:memory_units|DUAL_VRAM_8KB:vram0|altsyncram:altsyncram_component|altsyncram_54g2:auto_generated|ram_block1a10~portb_address_reg0 ; CLOCK2_50    ; CLOCK_50    ; 125.000      ; 0.177      ; 40.796     ;
; 84.393 ; gameboy:dut|PPU_Wrapper:ppu|Pixel_Gen:Pixel_Gen_inst|Render_Sprites:render_sprites_inst|x_coord[9] ; gameboy:dut|MMU:mmu|BRAM_handler:memory_units|DUAL_VRAM_8KB:vram0|altsyncram:altsyncram_component|altsyncram_54g2:auto_generated|ram_block1a6~portb_address_reg0  ; CLOCK2_50    ; CLOCK_50    ; 125.000      ; 0.178      ; 40.795     ;
; 84.397 ; gameboy:dut|PPU_Wrapper:ppu|OAM_Search:oam_search|selected_sprites_reg[0].x[5]                     ; gameboy:dut|MMU:mmu|BRAM_handler:memory_units|DUAL_VRAM_8KB:vram0|altsyncram:altsyncram_component|altsyncram_54g2:auto_generated|ram_block1a13~portb_address_reg0 ; CLOCK2_50    ; CLOCK_50    ; 125.000      ; 0.178      ; 40.791     ;
; 84.403 ; gameboy:dut|PPU_Wrapper:ppu|Pixel_Gen:Pixel_Gen_inst|Render_Sprites:render_sprites_inst|x_coord[5] ; gameboy:dut|MMU:mmu|BRAM_handler:memory_units|DUAL_VRAM_8KB:vram0|altsyncram:altsyncram_component|altsyncram_54g2:auto_generated|ram_block1a6~portb_address_reg0  ; CLOCK2_50    ; CLOCK_50    ; 125.000      ; 0.178      ; 40.785     ;
; 84.404 ; gameboy:dut|PPU_Wrapper:ppu|Pixel_Gen:Pixel_Gen_inst|Render_Sprites:render_sprites_inst|x_coord[2] ; gameboy:dut|MMU:mmu|BRAM_handler:memory_units|OAM_DUALBANK:oam|altsyncram:altsyncram_component|altsyncram_ttf2:auto_generated|ram_block1a0~portb_address_reg0     ; CLOCK2_50    ; CLOCK_50    ; 125.000      ; 0.189      ; 40.795     ;
; 84.426 ; gameboy:dut|PPU_Wrapper:ppu|OAM_Search:oam_search|selected_sprites_reg[0].x[2]                     ; gameboy:dut|MMU:mmu|BRAM_handler:memory_units|OAM_DUALBANK:oam|altsyncram:altsyncram_component|altsyncram_ttf2:auto_generated|ram_block1a0~portb_address_reg0     ; CLOCK2_50    ; CLOCK_50    ; 125.000      ; 0.193      ; 40.777     ;
; 84.451 ; gameboy:dut|PPU_Wrapper:ppu|OAM_Search:oam_search|selected_sprites_reg[0].x[6]                     ; gameboy:dut|MMU:mmu|BRAM_handler:memory_units|DUAL_VRAM_8KB:vram0|altsyncram:altsyncram_component|altsyncram_54g2:auto_generated|ram_block1a10~portb_address_reg0 ; CLOCK2_50    ; CLOCK_50    ; 125.000      ; 0.176      ; 40.735     ;
; 84.481 ; gameboy:dut|PPU_Wrapper:ppu|OAM_Search:oam_search|selected_sprites_reg[0].x[3]                     ; gameboy:dut|MMU:mmu|BRAM_handler:memory_units|DUAL_VRAM_8KB:vram0|altsyncram:altsyncram_component|altsyncram_54g2:auto_generated|ram_block1a13~portb_address_reg0 ; CLOCK2_50    ; CLOCK_50    ; 125.000      ; 0.184      ; 40.713     ;
; 84.517 ; gameboy:dut|PPU_Wrapper:ppu|Pixel_Gen:Pixel_Gen_inst|Render_Sprites:render_sprites_inst|x_coord[4] ; gameboy:dut|MMU:mmu|BRAM_handler:memory_units|DUAL_VRAM_8KB:vram0|altsyncram:altsyncram_component|altsyncram_54g2:auto_generated|ram_block1a10~portb_address_reg0 ; CLOCK2_50    ; CLOCK_50    ; 125.000      ; 0.177      ; 40.670     ;
; 84.521 ; gameboy:dut|PPU_Wrapper:ppu|Pixel_Gen:Pixel_Gen_inst|Render_Sprites:render_sprites_inst|x_coord[3] ; gameboy:dut|MMU:mmu|BRAM_handler:memory_units|DUAL_VRAM_8KB:vram0|altsyncram:altsyncram_component|altsyncram_54g2:auto_generated|ram_block1a8~portb_address_reg0  ; CLOCK2_50    ; CLOCK_50    ; 125.000      ; 0.176      ; 40.665     ;
; 84.524 ; gameboy:dut|PPU_Wrapper:ppu|OAM_Search:oam_search|selected_sprites_reg[0].x[7]                     ; gameboy:dut|MMU:mmu|BRAM_handler:memory_units|DUAL_VRAM_8KB:vram0|altsyncram:altsyncram_component|altsyncram_54g2:auto_generated|ram_block1a13~portb_address_reg0 ; CLOCK2_50    ; CLOCK_50    ; 125.000      ; 0.178      ; 40.664     ;
; 84.544 ; gameboy:dut|PPU_Wrapper:ppu|OAM_Search:oam_search|selected_sprites_reg[0].x[4]                     ; gameboy:dut|MMU:mmu|BRAM_handler:memory_units|DUAL_VRAM_8KB:vram0|altsyncram:altsyncram_component|altsyncram_54g2:auto_generated|ram_block1a13~portb_address_reg0 ; CLOCK2_50    ; CLOCK_50    ; 125.000      ; 0.183      ; 40.649     ;
; 84.566 ; gameboy:dut|PPU_Wrapper:ppu|OAM_Search:oam_search|selected_sprites_reg[0].x[5]                     ; gameboy:dut|MMU:mmu|BRAM_handler:memory_units|OAM_DUALBANK:oam|altsyncram:altsyncram_component|altsyncram_ttf2:auto_generated|ram_block1a0~portb_address_reg0     ; CLOCK2_50    ; CLOCK_50    ; 125.000      ; 0.193      ; 40.637     ;
; 84.581 ; gameboy:dut|PPU_Wrapper:ppu|OAM_Search:oam_search|selected_sprites_reg[0].x[6]                     ; gameboy:dut|MMU:mmu|BRAM_handler:memory_units|DUAL_VRAM_8KB:vram0|altsyncram:altsyncram_component|altsyncram_54g2:auto_generated|ram_block1a8~portb_address_reg0  ; CLOCK2_50    ; CLOCK_50    ; 125.000      ; 0.175      ; 40.604     ;
; 84.588 ; gameboy:dut|PPU_Wrapper:ppu|Pixel_Gen:Pixel_Gen_inst|Render_Sprites:render_sprites_inst|x_coord[3] ; gameboy:dut|MMU:mmu|BRAM_handler:memory_units|MM_out_chooser:memory_out_muxer|ppu_select[2]                                                                       ; CLOCK2_50    ; CLOCK_50    ; 125.000      ; -0.131     ; 40.260     ;
; 84.603 ; gameboy:dut|PPU_Wrapper:ppu|Pixel_Gen:Pixel_Gen_inst|Render_Sprites:render_sprites_inst|x_coord[0] ; gameboy:dut|MMU:mmu|BRAM_handler:memory_units|DUAL_VRAM_8KB:vram0|altsyncram:altsyncram_component|altsyncram_54g2:auto_generated|ram_block1a0~portb_address_reg0  ; CLOCK2_50    ; CLOCK_50    ; 125.000      ; 0.196      ; 40.603     ;
; 84.621 ; gameboy:dut|PPU_Wrapper:ppu|Pixel_Gen:Pixel_Gen_inst|Render_Sprites:render_sprites_inst|x_coord[2] ; gameboy:dut|MMU:mmu|BRAM_handler:memory_units|DUAL_VRAM_8KB:vram0|altsyncram:altsyncram_component|altsyncram_54g2:auto_generated|ram_block1a0~portb_address_reg0  ; CLOCK2_50    ; CLOCK_50    ; 125.000      ; 0.192      ; 40.581     ;
; 84.623 ; gameboy:dut|PPU_Wrapper:ppu|Pixel_Gen:Pixel_Gen_inst|Render_Sprites:render_sprites_inst|x_coord[6] ; gameboy:dut|MMU:mmu|BRAM_handler:memory_units|DUAL_VRAM_8KB:vram0|altsyncram:altsyncram_component|altsyncram_54g2:auto_generated|ram_block1a10~portb_address_reg0 ; CLOCK2_50    ; CLOCK_50    ; 125.000      ; 0.177      ; 40.564     ;
; 84.631 ; gameboy:dut|PPU_Wrapper:ppu|Pixel_Gen:Pixel_Gen_inst|Render_Sprites:render_sprites_inst|x_coord[1] ; gameboy:dut|MMU:mmu|BRAM_handler:memory_units|DUAL_VRAM_8KB:vram0|altsyncram:altsyncram_component|altsyncram_54g2:auto_generated|ram_block1a13~portb_address_reg0 ; CLOCK2_50    ; CLOCK_50    ; 125.000      ; 0.178      ; 40.557     ;
; 84.634 ; gameboy:dut|PPU_Wrapper:ppu|Pixel_Gen:Pixel_Gen_inst|Render_Sprites:render_sprites_inst|x_coord[0] ; gameboy:dut|MMU:mmu|BRAM_handler:memory_units|DUAL_VRAM_8KB:vram0|altsyncram:altsyncram_component|altsyncram_54g2:auto_generated|ram_block1a4~portb_address_reg0  ; CLOCK2_50    ; CLOCK_50    ; 125.000      ; 0.195      ; 40.571     ;
; 84.643 ; gameboy:dut|PPU_Wrapper:ppu|OAM_Search:oam_search|selected_sprites_reg[0].x[2]                     ; gameboy:dut|MMU:mmu|BRAM_handler:memory_units|DUAL_VRAM_8KB:vram0|altsyncram:altsyncram_component|altsyncram_54g2:auto_generated|ram_block1a0~portb_address_reg0  ; CLOCK2_50    ; CLOCK_50    ; 125.000      ; 0.196      ; 40.563     ;
; 84.647 ; gameboy:dut|PPU_Wrapper:ppu|Pixel_Gen:Pixel_Gen_inst|Render_Sprites:render_sprites_inst|x_coord[4] ; gameboy:dut|MMU:mmu|BRAM_handler:memory_units|DUAL_VRAM_8KB:vram0|altsyncram:altsyncram_component|altsyncram_54g2:auto_generated|ram_block1a8~portb_address_reg0  ; CLOCK2_50    ; CLOCK_50    ; 125.000      ; 0.176      ; 40.539     ;
; 84.648 ; gameboy:dut|PPU_Wrapper:ppu|OAM_Search:oam_search|selected_sprites_reg[0].x[6]                     ; gameboy:dut|MMU:mmu|BRAM_handler:memory_units|MM_out_chooser:memory_out_muxer|ppu_select[2]                                                                       ; CLOCK2_50    ; CLOCK_50    ; 125.000      ; -0.132     ; 40.199     ;
; 84.649 ; gameboy:dut|PPU_Wrapper:ppu|Pixel_Gen:Pixel_Gen_inst|Render_Sprites:render_sprites_inst|x_coord[0] ; gameboy:dut|MMU:mmu|BRAM_handler:memory_units|DUAL_VRAM_8KB:vram0|altsyncram:altsyncram_component|altsyncram_54g2:auto_generated|ram_block1a2~portb_address_reg0  ; CLOCK2_50    ; CLOCK_50    ; 125.000      ; 0.199      ; 40.560     ;
; 84.650 ; gameboy:dut|PPU_Wrapper:ppu|OAM_Search:oam_search|selected_sprites_reg[0].x[3]                     ; gameboy:dut|MMU:mmu|BRAM_handler:memory_units|OAM_DUALBANK:oam|altsyncram:altsyncram_component|altsyncram_ttf2:auto_generated|ram_block1a0~portb_address_reg0     ; CLOCK2_50    ; CLOCK_50    ; 125.000      ; 0.199      ; 40.559     ;
; 84.652 ; gameboy:dut|PPU_Wrapper:ppu|Pixel_Gen:Pixel_Gen_inst|Render_Sprites:render_sprites_inst|x_coord[2] ; gameboy:dut|MMU:mmu|BRAM_handler:memory_units|DUAL_VRAM_8KB:vram0|altsyncram:altsyncram_component|altsyncram_54g2:auto_generated|ram_block1a4~portb_address_reg0  ; CLOCK2_50    ; CLOCK_50    ; 125.000      ; 0.191      ; 40.549     ;
; 84.667 ; gameboy:dut|PPU_Wrapper:ppu|Pixel_Gen:Pixel_Gen_inst|Render_Sprites:render_sprites_inst|x_coord[2] ; gameboy:dut|MMU:mmu|BRAM_handler:memory_units|DUAL_VRAM_8KB:vram0|altsyncram:altsyncram_component|altsyncram_54g2:auto_generated|ram_block1a2~portb_address_reg0  ; CLOCK2_50    ; CLOCK_50    ; 125.000      ; 0.195      ; 40.538     ;
; 84.672 ; gameboy:dut|PPU_Wrapper:ppu|Pixel_Gen:Pixel_Gen_inst|Render_Sprites:render_sprites_inst|x_coord[0] ; gameboy:dut|MMU:mmu|BRAM_handler:memory_units|DUAL_VRAM_8KB:vram0|altsyncram:altsyncram_component|altsyncram_54g2:auto_generated|ram_block1a1~portb_address_reg0  ; CLOCK2_50    ; CLOCK_50    ; 125.000      ; 0.198      ; 40.536     ;
; 84.674 ; gameboy:dut|PPU_Wrapper:ppu|OAM_Search:oam_search|selected_sprites_reg[0].x[2]                     ; gameboy:dut|MMU:mmu|BRAM_handler:memory_units|DUAL_VRAM_8KB:vram0|altsyncram:altsyncram_component|altsyncram_54g2:auto_generated|ram_block1a4~portb_address_reg0  ; CLOCK2_50    ; CLOCK_50    ; 125.000      ; 0.195      ; 40.531     ;
; 84.689 ; gameboy:dut|PPU_Wrapper:ppu|OAM_Search:oam_search|selected_sprites_reg[0].x[2]                     ; gameboy:dut|MMU:mmu|BRAM_handler:memory_units|DUAL_VRAM_8KB:vram0|altsyncram:altsyncram_component|altsyncram_54g2:auto_generated|ram_block1a2~portb_address_reg0  ; CLOCK2_50    ; CLOCK_50    ; 125.000      ; 0.199      ; 40.520     ;
; 84.690 ; gameboy:dut|PPU_Wrapper:ppu|Pixel_Gen:Pixel_Gen_inst|Render_Sprites:render_sprites_inst|x_coord[8] ; gameboy:dut|MMU:mmu|BRAM_handler:memory_units|DUAL_VRAM_8KB:vram0|altsyncram:altsyncram_component|altsyncram_54g2:auto_generated|ram_block1a10~portb_address_reg0 ; CLOCK2_50    ; CLOCK_50    ; 125.000      ; 0.177      ; 40.497     ;
; 84.690 ; gameboy:dut|PPU_Wrapper:ppu|Pixel_Gen:Pixel_Gen_inst|Render_Sprites:render_sprites_inst|x_coord[2] ; gameboy:dut|MMU:mmu|BRAM_handler:memory_units|DUAL_VRAM_8KB:vram0|altsyncram:altsyncram_component|altsyncram_54g2:auto_generated|ram_block1a1~portb_address_reg0  ; CLOCK2_50    ; CLOCK_50    ; 125.000      ; 0.194      ; 40.514     ;
; 84.692 ; gameboy:dut|PPU_Wrapper:ppu|Pixel_Gen:Pixel_Gen_inst|Render_Sprites:render_sprites_inst|x_coord[9] ; gameboy:dut|MMU:mmu|BRAM_handler:memory_units|DUAL_VRAM_8KB:vram0|altsyncram:altsyncram_component|altsyncram_54g2:auto_generated|ram_block1a10~portb_address_reg0 ; CLOCK2_50    ; CLOCK_50    ; 125.000      ; 0.177      ; 40.495     ;
; 84.693 ; gameboy:dut|PPU_Wrapper:ppu|OAM_Search:oam_search|selected_sprites_reg[0].x[7]                     ; gameboy:dut|MMU:mmu|BRAM_handler:memory_units|OAM_DUALBANK:oam|altsyncram:altsyncram_component|altsyncram_ttf2:auto_generated|ram_block1a0~portb_address_reg0     ; CLOCK2_50    ; CLOCK_50    ; 125.000      ; 0.193      ; 40.510     ;
; 84.702 ; gameboy:dut|PPU_Wrapper:ppu|Pixel_Gen:Pixel_Gen_inst|Render_Sprites:render_sprites_inst|x_coord[5] ; gameboy:dut|MMU:mmu|BRAM_handler:memory_units|DUAL_VRAM_8KB:vram0|altsyncram:altsyncram_component|altsyncram_54g2:auto_generated|ram_block1a10~portb_address_reg0 ; CLOCK2_50    ; CLOCK_50    ; 125.000      ; 0.177      ; 40.485     ;
; 84.712 ; gameboy:dut|PPU_Wrapper:ppu|OAM_Search:oam_search|selected_sprites_reg[0].x[2]                     ; gameboy:dut|MMU:mmu|BRAM_handler:memory_units|DUAL_VRAM_8KB:vram0|altsyncram:altsyncram_component|altsyncram_54g2:auto_generated|ram_block1a1~portb_address_reg0  ; CLOCK2_50    ; CLOCK_50    ; 125.000      ; 0.198      ; 40.496     ;
; 84.713 ; gameboy:dut|PPU_Wrapper:ppu|OAM_Search:oam_search|selected_sprites_reg[0].x[4]                     ; gameboy:dut|MMU:mmu|BRAM_handler:memory_units|OAM_DUALBANK:oam|altsyncram:altsyncram_component|altsyncram_ttf2:auto_generated|ram_block1a0~portb_address_reg0     ; CLOCK2_50    ; CLOCK_50    ; 125.000      ; 0.198      ; 40.495     ;
; 84.714 ; gameboy:dut|PPU_Wrapper:ppu|Pixel_Gen:Pixel_Gen_inst|Render_Sprites:render_sprites_inst|x_coord[4] ; gameboy:dut|MMU:mmu|BRAM_handler:memory_units|MM_out_chooser:memory_out_muxer|ppu_select[2]                                                                       ; CLOCK2_50    ; CLOCK_50    ; 125.000      ; -0.131     ; 40.134     ;
; 84.747 ; gameboy:dut|PPU_Wrapper:ppu|OAM_Search:oam_search|selected_count[1]                                ; gameboy:dut|MMU:mmu|BRAM_handler:memory_units|DUAL_VRAM_8KB:vram0|altsyncram:altsyncram_component|altsyncram_54g2:auto_generated|ram_block1a6~portb_address_reg0  ; CLOCK2_50    ; CLOCK_50    ; 125.000      ; 0.174      ; 40.437     ;
+--------+----------------------------------------------------------------------------------------------------+-------------------------------------------------------------------------------------------------------------------------------------------------------------------+--------------+-------------+--------------+------------+------------+


+-----------------------------------------------------------------------------------------------------------------------------------------------------------------------------------------------------------------------------------------------------------------------------------------------------+
; Slow 1200mV 0C Model Hold: 'CLOCK2_50'                                                                                                                                                                                                                                                              ;
+-------+-----------------------------------------------------------------------------------------------------------+-----------------------------------------------------------------------------------------------------------+--------------+-------------+--------------+------------+------------+
; Slack ; From Node                                                                                                 ; To Node                                                                                                   ; Launch Clock ; Latch Clock ; Relationship ; Clock Skew ; Data Delay ;
+-------+-----------------------------------------------------------------------------------------------------------+-----------------------------------------------------------------------------------------------------------+--------------+-------------+--------------+------------+------------+
; 0.352 ; gameboy:dut|PPU_Wrapper:ppu|OAM_Search:oam_search|state.OAM_FETCH                                         ; gameboy:dut|PPU_Wrapper:ppu|OAM_Search:oam_search|state.OAM_FETCH                                         ; CLOCK2_50    ; CLOCK2_50   ; 0.000        ; 0.074      ; 0.597      ;
; 0.352 ; gameboy:dut|MMU:mmu|BRAM_handler:memory_units|DMA_controller:dma_guy|state.FINISHED                       ; gameboy:dut|MMU:mmu|BRAM_handler:memory_units|DMA_controller:dma_guy|state.FINISHED                       ; CLOCK2_50    ; CLOCK2_50   ; 0.000        ; 0.074      ; 0.597      ;
; 0.353 ; gameboy:dut|cpu:cpu|decoder:decoder|flopenr:imereg|q[0]                                                   ; gameboy:dut|cpu:cpu|decoder:decoder|flopenr:imereg|q[0]                                                   ; CLOCK2_50    ; CLOCK2_50   ; 0.000        ; 0.073      ; 0.597      ;
; 0.353 ; gameboy:dut|PPU_Wrapper:ppu|Pixel_Gen:Pixel_Gen_inst|Render_BG:render_bg_inst|bg_done                     ; gameboy:dut|PPU_Wrapper:ppu|Pixel_Gen:Pixel_Gen_inst|Render_BG:render_bg_inst|bg_done                     ; CLOCK2_50    ; CLOCK2_50   ; 0.000        ; 0.073      ; 0.597      ;
; 0.353 ; gameboy:dut|PPU_Wrapper:ppu|Pixel_Gen:Pixel_Gen_inst|Render_Sprites:render_sprites_inst|sprite_done       ; gameboy:dut|PPU_Wrapper:ppu|Pixel_Gen:Pixel_Gen_inst|Render_Sprites:render_sprites_inst|sprite_done       ; CLOCK2_50    ; CLOCK2_50   ; 0.000        ; 0.073      ; 0.597      ;
; 0.353 ; gameboy:dut|PPU_Wrapper:ppu|Pixel_Gen:Pixel_Gen_inst|Render_BG:render_bg_inst|pixel_index[2]              ; gameboy:dut|PPU_Wrapper:ppu|Pixel_Gen:Pixel_Gen_inst|Render_BG:render_bg_inst|pixel_index[2]              ; CLOCK2_50    ; CLOCK2_50   ; 0.000        ; 0.073      ; 0.597      ;
; 0.353 ; gameboy:dut|PPU_Wrapper:ppu|Pixel_Gen:Pixel_Gen_inst|Render_BG:render_bg_inst|pixel_index[1]              ; gameboy:dut|PPU_Wrapper:ppu|Pixel_Gen:Pixel_Gen_inst|Render_BG:render_bg_inst|pixel_index[1]              ; CLOCK2_50    ; CLOCK2_50   ; 0.000        ; 0.073      ; 0.597      ;
; 0.353 ; gameboy:dut|PPU_Wrapper:ppu|Pixel_Gen:Pixel_Gen_inst|Render_BG:render_bg_inst|pixel_index[0]              ; gameboy:dut|PPU_Wrapper:ppu|Pixel_Gen:Pixel_Gen_inst|Render_BG:render_bg_inst|pixel_index[0]              ; CLOCK2_50    ; CLOCK2_50   ; 0.000        ; 0.073      ; 0.597      ;
; 0.353 ; gameboy:dut|PPU_Wrapper:ppu|Pixel_Gen:Pixel_Gen_inst|Render_BG:render_bg_inst|state.BG_IDLE               ; gameboy:dut|PPU_Wrapper:ppu|Pixel_Gen:Pixel_Gen_inst|Render_BG:render_bg_inst|state.BG_IDLE               ; CLOCK2_50    ; CLOCK2_50   ; 0.000        ; 0.073      ; 0.597      ;
; 0.353 ; gameboy:dut|PPU_Wrapper:ppu|Pixel_Gen:Pixel_Gen_inst|Render_Sprites:render_sprites_inst|state.IDLE        ; gameboy:dut|PPU_Wrapper:ppu|Pixel_Gen:Pixel_Gen_inst|Render_Sprites:render_sprites_inst|state.IDLE        ; CLOCK2_50    ; CLOCK2_50   ; 0.000        ; 0.073      ; 0.597      ;
; 0.353 ; gameboy:dut|PPU_Wrapper:ppu|Pixel_Gen:Pixel_Gen_inst|Render_Sprites:render_sprites_inst|pixel_index[2]    ; gameboy:dut|PPU_Wrapper:ppu|Pixel_Gen:Pixel_Gen_inst|Render_Sprites:render_sprites_inst|pixel_index[2]    ; CLOCK2_50    ; CLOCK2_50   ; 0.000        ; 0.073      ; 0.597      ;
; 0.353 ; gameboy:dut|PPU_Wrapper:ppu|Pixel_Gen:Pixel_Gen_inst|Render_Sprites:render_sprites_inst|pixel_index[1]    ; gameboy:dut|PPU_Wrapper:ppu|Pixel_Gen:Pixel_Gen_inst|Render_Sprites:render_sprites_inst|pixel_index[1]    ; CLOCK2_50    ; CLOCK2_50   ; 0.000        ; 0.073      ; 0.597      ;
; 0.353 ; gameboy:dut|MMU:mmu|IO_handler:io_registers|start_dma                                                     ; gameboy:dut|MMU:mmu|IO_handler:io_registers|start_dma                                                     ; CLOCK2_50    ; CLOCK2_50   ; 0.000        ; 0.073      ; 0.597      ;
; 0.353 ; gameboy:dut|PPU_Wrapper:ppu|OAM_Search:oam_search|selected_count[2]                                       ; gameboy:dut|PPU_Wrapper:ppu|OAM_Search:oam_search|selected_count[2]                                       ; CLOCK2_50    ; CLOCK2_50   ; 0.000        ; 0.073      ; 0.597      ;
; 0.353 ; gameboy:dut|PPU_Wrapper:ppu|OAM_Search:oam_search|sort_i[2]                                               ; gameboy:dut|PPU_Wrapper:ppu|OAM_Search:oam_search|sort_i[2]                                               ; CLOCK2_50    ; CLOCK2_50   ; 0.000        ; 0.073      ; 0.597      ;
; 0.353 ; gameboy:dut|PPU_Wrapper:ppu|OAM_Search:oam_search|sort_i[1]                                               ; gameboy:dut|PPU_Wrapper:ppu|OAM_Search:oam_search|sort_i[1]                                               ; CLOCK2_50    ; CLOCK2_50   ; 0.000        ; 0.073      ; 0.597      ;
; 0.353 ; gameboy:dut|PPU_Wrapper:ppu|OAM_Search:oam_search|sort_i[3]                                               ; gameboy:dut|PPU_Wrapper:ppu|OAM_Search:oam_search|sort_i[3]                                               ; CLOCK2_50    ; CLOCK2_50   ; 0.000        ; 0.073      ; 0.597      ;
; 0.353 ; gameboy:dut|PPU_Wrapper:ppu|OAM_Search:oam_search|sort_j[3]                                               ; gameboy:dut|PPU_Wrapper:ppu|OAM_Search:oam_search|sort_j[3]                                               ; CLOCK2_50    ; CLOCK2_50   ; 0.000        ; 0.073      ; 0.597      ;
; 0.353 ; gameboy:dut|PPU_Wrapper:ppu|OAM_Search:oam_search|sort_phase                                              ; gameboy:dut|PPU_Wrapper:ppu|OAM_Search:oam_search|sort_phase                                              ; CLOCK2_50    ; CLOCK2_50   ; 0.000        ; 0.073      ; 0.597      ;
; 0.353 ; gameboy:dut|PPU_Wrapper:ppu|OAM_Search:oam_search|state.OAM_SORT                                          ; gameboy:dut|PPU_Wrapper:ppu|OAM_Search:oam_search|state.OAM_SORT                                          ; CLOCK2_50    ; CLOCK2_50   ; 0.000        ; 0.073      ; 0.597      ;
; 0.353 ; gameboy:dut|PPU_Wrapper:ppu|OAM_Search:oam_search|selected_count[3]                                       ; gameboy:dut|PPU_Wrapper:ppu|OAM_Search:oam_search|selected_count[3]                                       ; CLOCK2_50    ; CLOCK2_50   ; 0.000        ; 0.073      ; 0.597      ;
; 0.353 ; gameboy:dut|PPU_Wrapper:ppu|OAM_Search:oam_search|selected_count[1]                                       ; gameboy:dut|PPU_Wrapper:ppu|OAM_Search:oam_search|selected_count[1]                                       ; CLOCK2_50    ; CLOCK2_50   ; 0.000        ; 0.073      ; 0.597      ;
; 0.353 ; gameboy:dut|PPU_Wrapper:ppu|OAM_Search:oam_search|selected_count[0]                                       ; gameboy:dut|PPU_Wrapper:ppu|OAM_Search:oam_search|selected_count[0]                                       ; CLOCK2_50    ; CLOCK2_50   ; 0.000        ; 0.073      ; 0.597      ;
; 0.353 ; gameboy:dut|PPU_Wrapper:ppu|OAM_Search:oam_search|state.OAM_IDLE                                          ; gameboy:dut|PPU_Wrapper:ppu|OAM_Search:oam_search|state.OAM_IDLE                                          ; CLOCK2_50    ; CLOCK2_50   ; 0.000        ; 0.073      ; 0.597      ;
; 0.353 ; gameboy:dut|PPU_Wrapper:ppu|Pixel_Gen:Pixel_Gen_inst|Render_Sprites:render_sprites_inst|state.DUMP_PIXELS ; gameboy:dut|PPU_Wrapper:ppu|Pixel_Gen:Pixel_Gen_inst|Render_Sprites:render_sprites_inst|state.DUMP_PIXELS ; CLOCK2_50    ; CLOCK2_50   ; 0.000        ; 0.073      ; 0.597      ;
; 0.354 ; gameboy:dut|cpu:cpu|decoder:decoder|flopr:mpcflop|q[7]                                                    ; gameboy:dut|cpu:cpu|decoder:decoder|flopr:mpcflop|q[7]                                                    ; CLOCK2_50    ; CLOCK2_50   ; 0.000        ; 0.072      ; 0.597      ;
; 0.354 ; gameboy:dut|MMU:mmu|IO_handler:io_registers|NR52_R[7]                                                     ; gameboy:dut|MMU:mmu|IO_handler:io_registers|NR52_R[7]                                                     ; CLOCK2_50    ; CLOCK2_50   ; 0.000        ; 0.072      ; 0.597      ;
; 0.354 ; gameboy:dut|PPU_Wrapper:ppu|Pixel_Gen:Pixel_Gen_inst|Render_Sprites:render_sprites_inst|x_coord[8]        ; gameboy:dut|PPU_Wrapper:ppu|Pixel_Gen:Pixel_Gen_inst|Render_Sprites:render_sprites_inst|x_coord[8]        ; CLOCK2_50    ; CLOCK2_50   ; 0.000        ; 0.072      ; 0.597      ;
; 0.354 ; gameboy:dut|PPU_Wrapper:ppu|Pixel_Gen:Pixel_Gen_inst|Render_Sprites:render_sprites_inst|x_coord[9]        ; gameboy:dut|PPU_Wrapper:ppu|Pixel_Gen:Pixel_Gen_inst|Render_Sprites:render_sprites_inst|x_coord[9]        ; CLOCK2_50    ; CLOCK2_50   ; 0.000        ; 0.072      ; 0.597      ;
; 0.364 ; gameboy:dut|PPU_Wrapper:ppu|Pixel_Gen:Pixel_Gen_inst|Render_Sprites:render_sprites_inst|pixel_index[0]    ; gameboy:dut|PPU_Wrapper:ppu|Pixel_Gen:Pixel_Gen_inst|Render_Sprites:render_sprites_inst|pixel_index[0]    ; CLOCK2_50    ; CLOCK2_50   ; 0.000        ; 0.073      ; 0.608      ;
; 0.364 ; gameboy:dut|PPU_Wrapper:ppu|OAM_Search:oam_search|sort_i[0]                                               ; gameboy:dut|PPU_Wrapper:ppu|OAM_Search:oam_search|sort_i[0]                                               ; CLOCK2_50    ; CLOCK2_50   ; 0.000        ; 0.073      ; 0.608      ;
; 0.364 ; gameboy:dut|PPU_Wrapper:ppu|OAM_Search:oam_search|sort_j[2]                                               ; gameboy:dut|PPU_Wrapper:ppu|OAM_Search:oam_search|sort_j[2]                                               ; CLOCK2_50    ; CLOCK2_50   ; 0.000        ; 0.073      ; 0.608      ;
; 0.365 ; gameboy:dut|cpu:cpu|decoder:decoder|flopr:cbprereg|q[0]                                                   ; gameboy:dut|cpu:cpu|decoder:decoder|flopr:cbprereg|q[0]                                                   ; CLOCK2_50    ; CLOCK2_50   ; 0.000        ; 0.072      ; 0.608      ;
; 0.383 ; gameboy:dut|MMU:mmu|BRAM_handler:memory_units|DMA_controller:dma_guy|Counter:cycle_cnter|Q[11]            ; gameboy:dut|MMU:mmu|BRAM_handler:memory_units|DMA_controller:dma_guy|Counter:cycle_cnter|Q[11]            ; CLOCK2_50    ; CLOCK2_50   ; 0.000        ; 0.073      ; 0.627      ;
; 0.386 ; gameboy:dut|PPU_Wrapper:ppu|Pixel_Gen:Pixel_Gen_inst|Render_BG:render_bg_inst|state.BG_DONE               ; gameboy:dut|PPU_Wrapper:ppu|Pixel_Gen:Pixel_Gen_inst|Render_BG:render_bg_inst|state.BG_IDLE               ; CLOCK2_50    ; CLOCK2_50   ; 0.000        ; 0.073      ; 0.630      ;
; 0.395 ; gameboy:dut|MMU:mmu|IO_handler:io_registers|TMA_R[0]                                                      ; gameboy:dut|MMU:mmu|IO_handler:io_registers|TIMA_R[0]                                                     ; CLOCK2_50    ; CLOCK2_50   ; 0.000        ; 0.072      ; 0.638      ;
; 0.398 ; gameboy:dut|PPU_Wrapper:ppu|OAM_Search:oam_search|sort_i[0]                                               ; gameboy:dut|PPU_Wrapper:ppu|OAM_Search:oam_search|sort_i[2]                                               ; CLOCK2_50    ; CLOCK2_50   ; 0.000        ; 0.073      ; 0.642      ;
; 0.399 ; gameboy:dut|MMU:mmu|IO_handler:io_registers|divider_ticks[10]                                             ; gameboy:dut|MMU:mmu|IO_handler:io_registers|divider_ticks[10]                                             ; CLOCK2_50    ; CLOCK2_50   ; 0.000        ; 0.073      ; 0.643      ;
; 0.400 ; gameboy:dut|PPU_Wrapper:ppu|Pixel_Gen:Pixel_Gen_inst|Render_BG:render_bg_inst|pixel_index[0]              ; gameboy:dut|PPU_Wrapper:ppu|Pixel_Gen:Pixel_Gen_inst|Render_BG:render_bg_inst|pixel_index[2]              ; CLOCK2_50    ; CLOCK2_50   ; 0.000        ; 0.073      ; 0.644      ;
; 0.400 ; gameboy:dut|PPU_Wrapper:ppu|OAM_Search:oam_search|sort_i[0]                                               ; gameboy:dut|PPU_Wrapper:ppu|OAM_Search:oam_search|sort_i[1]                                               ; CLOCK2_50    ; CLOCK2_50   ; 0.000        ; 0.073      ; 0.644      ;
; 0.401 ; gameboy:dut|PPU_Wrapper:ppu|Pixel_Gen:Pixel_Gen_inst|Render_Sprites:render_sprites_inst|pixel_index[1]    ; gameboy:dut|PPU_Wrapper:ppu|Pixel_Gen:Pixel_Gen_inst|Render_Sprites:render_sprites_inst|pixel_index[2]    ; CLOCK2_50    ; CLOCK2_50   ; 0.000        ; 0.073      ; 0.645      ;
; 0.404 ; gameboy:dut|PPU_Wrapper:ppu|Pixel_Gen:Pixel_Gen_inst|Render_BG:render_bg_inst|state.BG_DONE               ; gameboy:dut|PPU_Wrapper:ppu|Pixel_Gen:Pixel_Gen_inst|Render_BG:render_bg_inst|bg_done                     ; CLOCK2_50    ; CLOCK2_50   ; 0.000        ; 0.073      ; 0.648      ;
; 0.406 ; gameboy:dut|PPU_Wrapper:ppu|Pixel_Gen:Pixel_Gen_inst|FIFO:sprite_fifo_inst|count[6]                       ; gameboy:dut|PPU_Wrapper:ppu|Pixel_Gen:Pixel_Gen_inst|FIFO:sprite_fifo_inst|count[6]                       ; CLOCK2_50    ; CLOCK2_50   ; 0.000        ; 0.073      ; 0.650      ;
; 0.407 ; gameboy:dut|PPU_Wrapper:ppu|Pixel_Gen:Pixel_Gen_inst|Render_Sprites:render_sprites_inst|pixel_index[0]    ; gameboy:dut|PPU_Wrapper:ppu|Pixel_Gen:Pixel_Gen_inst|Render_Sprites:render_sprites_inst|pixel_index[1]    ; CLOCK2_50    ; CLOCK2_50   ; 0.000        ; 0.073      ; 0.651      ;
; 0.414 ; gameboy:dut|PPU_Wrapper:ppu|PPU_Mode_controller:mode_ctrl|dot[7]                                          ; gameboy:dut|PPU_Wrapper:ppu|PPU_Mode_controller:mode_ctrl|fifo_clear                                      ; CLOCK2_50    ; CLOCK2_50   ; 0.000        ; 0.073      ; 0.658      ;
; 0.426 ; gameboy:dut|PPU_Wrapper:ppu|Pixel_Gen:Pixel_Gen_inst|Render_BG:render_bg_inst|state.BG_IDLE               ; gameboy:dut|PPU_Wrapper:ppu|Pixel_Gen:Pixel_Gen_inst|Render_BG:render_bg_inst|state.BG_FETCH_TILE         ; CLOCK2_50    ; CLOCK2_50   ; 0.000        ; 0.073      ; 0.670      ;
; 0.442 ; gameboy:dut|PPU_Wrapper:ppu|Pixel_Gen:Pixel_Gen_inst|Render_BG:render_bg_inst|state.BG_IDLE               ; gameboy:dut|PPU_Wrapper:ppu|Pixel_Gen:Pixel_Gen_inst|Render_BG:render_bg_inst|pixel_index[1]              ; CLOCK2_50    ; CLOCK2_50   ; 0.000        ; 0.073      ; 0.686      ;
; 0.471 ; gameboy:dut|PPU_Wrapper:ppu|Pixel_Gen:Pixel_Gen_inst|Render_BG:render_bg_inst|state.BG_PROCESS_PIXELS     ; gameboy:dut|PPU_Wrapper:ppu|Pixel_Gen:Pixel_Gen_inst|Render_BG:render_bg_inst|pixel_index[0]              ; CLOCK2_50    ; CLOCK2_50   ; 0.000        ; 0.073      ; 0.715      ;
; 0.506 ; gameboy:dut|MMU:mmu|IO_handler:io_registers|TMA_R[2]                                                      ; gameboy:dut|MMU:mmu|IO_handler:io_registers|TIMA_R[2]                                                     ; CLOCK2_50    ; CLOCK2_50   ; 0.000        ; 0.073      ; 0.750      ;
; 0.507 ; gameboy:dut|MMU:mmu|IO_handler:io_registers|TMA_R[6]                                                      ; gameboy:dut|MMU:mmu|IO_handler:io_registers|TIMA_R[6]                                                     ; CLOCK2_50    ; CLOCK2_50   ; 0.000        ; 0.072      ; 0.750      ;
; 0.527 ; gameboy:dut|PPU_Wrapper:ppu|PPU_Mode_controller:mode_ctrl|dot[8]                                          ; gameboy:dut|PPU_Wrapper:ppu|PPU_Mode_controller:mode_ctrl|fifo_clear                                      ; CLOCK2_50    ; CLOCK2_50   ; 0.000        ; 0.073      ; 0.771      ;
; 0.539 ; gameboy:dut|MMU:mmu|IO_handler:io_registers|TMA_R[3]                                                      ; gameboy:dut|MMU:mmu|IO_handler:io_registers|TIMA_R[3]                                                     ; CLOCK2_50    ; CLOCK2_50   ; 0.000        ; 0.072      ; 0.782      ;
; 0.546 ; gameboy:dut|PPU_Wrapper:ppu|Pixel_Gen:Pixel_Gen_inst|Render_Sprites:render_sprites_inst|state.SCAN_CHECK  ; gameboy:dut|PPU_Wrapper:ppu|Pixel_Gen:Pixel_Gen_inst|Render_Sprites:render_sprites_inst|state.DONE        ; CLOCK2_50    ; CLOCK2_50   ; 0.000        ; 0.073      ; 0.790      ;
; 0.550 ; gameboy:dut|PPU_Wrapper:ppu|Pixel_Gen:Pixel_Gen_inst|Render_Sprites:render_sprites_inst|state.SCAN_CHECK  ; gameboy:dut|PPU_Wrapper:ppu|Pixel_Gen:Pixel_Gen_inst|Render_Sprites:render_sprites_inst|state.FETCH_TILE  ; CLOCK2_50    ; CLOCK2_50   ; 0.000        ; 0.073      ; 0.794      ;
; 0.551 ; gameboy:dut|MMU:mmu|BRAM_handler:memory_units|DMA_controller:dma_guy|state.WRITING                        ; gameboy:dut|MMU:mmu|BRAM_handler:memory_units|DMA_controller:dma_guy|state.READING                        ; CLOCK2_50    ; CLOCK2_50   ; 0.000        ; 0.074      ; 0.796      ;
; 0.568 ; gameboy:dut|PPU_Wrapper:ppu|OAM_Search:oam_search|state.OAM_SORT                                          ; gameboy:dut|PPU_Wrapper:ppu|OAM_Search:oam_search|state.OAM_DONE                                          ; CLOCK2_50    ; CLOCK2_50   ; 0.000        ; 0.073      ; 0.812      ;
; 0.572 ; gameboy:dut|PPU_Wrapper:ppu|Pixel_Gen:Pixel_Gen_inst|Render_Sprites:render_sprites_inst|sprite_done       ; gameboy:dut|PPU_Wrapper:ppu|PPU_Mode_controller:mode_ctrl|mode[0]                                         ; CLOCK2_50    ; CLOCK2_50   ; 0.000        ; 0.073      ; 0.816      ;
; 0.581 ; gameboy:dut|MMU:mmu|IO_handler:io_registers|TMA_R[4]                                                      ; gameboy:dut|MMU:mmu|IO_handler:io_registers|TIMA_R[4]                                                     ; CLOCK2_50    ; CLOCK2_50   ; 0.000        ; 0.073      ; 0.825      ;
; 0.581 ; gameboy:dut|MMU:mmu|IO_handler:io_registers|TMA_R[7]                                                      ; gameboy:dut|MMU:mmu|IO_handler:io_registers|TIMA_R[7]                                                     ; CLOCK2_50    ; CLOCK2_50   ; 0.000        ; 0.073      ; 0.825      ;
; 0.581 ; gameboy:dut|PPU_Wrapper:ppu|Pixel_Gen:Pixel_Gen_inst|Render_Sprites:render_sprites_inst|sprite_done       ; gameboy:dut|PPU_Wrapper:ppu|PPU_Mode_controller:mode_ctrl|mode[1]                                         ; CLOCK2_50    ; CLOCK2_50   ; 0.000        ; 0.073      ; 0.825      ;
; 0.581 ; gameboy:dut|PPU_Wrapper:ppu|Pixel_Gen:Pixel_Gen_inst|Render_BG:render_bg_inst|state.BG_FETCH_TILE_DATA    ; gameboy:dut|PPU_Wrapper:ppu|Pixel_Gen:Pixel_Gen_inst|Render_BG:render_bg_inst|state.BG_PROCESS_PIXELS     ; CLOCK2_50    ; CLOCK2_50   ; 0.000        ; 0.073      ; 0.825      ;
; 0.585 ; gameboy:dut|MMU:mmu|IO_handler:io_registers|divider_ticks[5]                                              ; gameboy:dut|MMU:mmu|IO_handler:io_registers|divider_ticks[5]                                              ; CLOCK2_50    ; CLOCK2_50   ; 0.000        ; 0.073      ; 0.829      ;
; 0.585 ; gameboy:dut|MMU:mmu|IO_handler:io_registers|divider_ticks[3]                                              ; gameboy:dut|MMU:mmu|IO_handler:io_registers|divider_ticks[3]                                              ; CLOCK2_50    ; CLOCK2_50   ; 0.000        ; 0.073      ; 0.829      ;
; 0.585 ; gameboy:dut|MMU:mmu|IO_handler:io_registers|DIV_R[5]                                                      ; gameboy:dut|MMU:mmu|IO_handler:io_registers|DIV_R[5]                                                      ; CLOCK2_50    ; CLOCK2_50   ; 0.000        ; 0.073      ; 0.829      ;
; 0.585 ; gameboy:dut|PPU_Wrapper:ppu|OAM_Search:oam_search|oam_index[2]                                            ; gameboy:dut|PPU_Wrapper:ppu|OAM_Search:oam_search|oam_index[2]                                            ; CLOCK2_50    ; CLOCK2_50   ; 0.000        ; 0.074      ; 0.830      ;
; 0.586 ; gameboy:dut|MMU:mmu|IO_handler:io_registers|DIV_R[3]                                                      ; gameboy:dut|MMU:mmu|IO_handler:io_registers|DIV_R[3]                                                      ; CLOCK2_50    ; CLOCK2_50   ; 0.000        ; 0.073      ; 0.830      ;
; 0.586 ; gameboy:dut|MMU:mmu|IO_handler:io_registers|DIV_R[1]                                                      ; gameboy:dut|MMU:mmu|IO_handler:io_registers|DIV_R[1]                                                      ; CLOCK2_50    ; CLOCK2_50   ; 0.000        ; 0.073      ; 0.830      ;
; 0.586 ; gameboy:dut|MMU:mmu|IO_handler:io_registers|TMA_R[5]                                                      ; gameboy:dut|MMU:mmu|IO_handler:io_registers|TIMA_R[5]                                                     ; CLOCK2_50    ; CLOCK2_50   ; 0.000        ; 0.073      ; 0.830      ;
; 0.586 ; gameboy:dut|PPU_Wrapper:ppu|PPU_Mode_controller:mode_ctrl|line[1]                                         ; gameboy:dut|PPU_Wrapper:ppu|PPU_Mode_controller:mode_ctrl|line[1]                                         ; CLOCK2_50    ; CLOCK2_50   ; 0.000        ; 0.072      ; 0.829      ;
; 0.586 ; gameboy:dut|PPU_Wrapper:ppu|Pixel_Gen:Pixel_Gen_inst|FIFO:sprite_fifo_inst|count[1]                       ; gameboy:dut|PPU_Wrapper:ppu|Pixel_Gen:Pixel_Gen_inst|FIFO:sprite_fifo_inst|count[1]                       ; CLOCK2_50    ; CLOCK2_50   ; 0.000        ; 0.073      ; 0.830      ;
; 0.586 ; gameboy:dut|PPU_Wrapper:ppu|OAM_Search:oam_search|oam_index[1]                                            ; gameboy:dut|PPU_Wrapper:ppu|OAM_Search:oam_search|oam_index[1]                                            ; CLOCK2_50    ; CLOCK2_50   ; 0.000        ; 0.074      ; 0.831      ;
; 0.586 ; gameboy:dut|MMU:mmu|BRAM_handler:memory_units|DMA_controller:dma_guy|Counter:cycle_cnter|Q[8]             ; gameboy:dut|MMU:mmu|BRAM_handler:memory_units|DMA_controller:dma_guy|Counter:cycle_cnter|Q[8]             ; CLOCK2_50    ; CLOCK2_50   ; 0.000        ; 0.073      ; 0.830      ;
; 0.586 ; gameboy:dut|MMU:mmu|BRAM_handler:memory_units|DMA_controller:dma_guy|Counter:cycle_cnter|Q[10]            ; gameboy:dut|MMU:mmu|BRAM_handler:memory_units|DMA_controller:dma_guy|Counter:cycle_cnter|Q[10]            ; CLOCK2_50    ; CLOCK2_50   ; 0.000        ; 0.073      ; 0.830      ;
; 0.587 ; gameboy:dut|PPU_Wrapper:ppu|Pixel_Gen:Pixel_Gen_inst|FIFO:bg_fifo_inst|count[3]                           ; gameboy:dut|PPU_Wrapper:ppu|Pixel_Gen:Pixel_Gen_inst|FIFO:bg_fifo_inst|count[3]                           ; CLOCK2_50    ; CLOCK2_50   ; 0.000        ; 0.073      ; 0.831      ;
; 0.587 ; gameboy:dut|MMU:mmu|IO_handler:io_registers|divider_ticks[1]                                              ; gameboy:dut|MMU:mmu|IO_handler:io_registers|divider_ticks[1]                                              ; CLOCK2_50    ; CLOCK2_50   ; 0.000        ; 0.073      ; 0.831      ;
; 0.587 ; gameboy:dut|PPU_Wrapper:ppu|Pixel_Gen:Pixel_Gen_inst|FIFO:sprite_fifo_inst|count[2]                       ; gameboy:dut|PPU_Wrapper:ppu|Pixel_Gen:Pixel_Gen_inst|FIFO:sprite_fifo_inst|count[2]                       ; CLOCK2_50    ; CLOCK2_50   ; 0.000        ; 0.073      ; 0.831      ;
; 0.588 ; gameboy:dut|MMU:mmu|IO_handler:io_registers|divider_ticks[6]                                              ; gameboy:dut|MMU:mmu|IO_handler:io_registers|divider_ticks[6]                                              ; CLOCK2_50    ; CLOCK2_50   ; 0.000        ; 0.073      ; 0.832      ;
; 0.588 ; gameboy:dut|MMU:mmu|IO_handler:io_registers|DIV_R[6]                                                      ; gameboy:dut|MMU:mmu|IO_handler:io_registers|DIV_R[6]                                                      ; CLOCK2_50    ; CLOCK2_50   ; 0.000        ; 0.073      ; 0.832      ;
; 0.588 ; gameboy:dut|MMU:mmu|IO_handler:io_registers|tima_ticks[2]                                                 ; gameboy:dut|MMU:mmu|IO_handler:io_registers|tima_ticks[2]                                                 ; CLOCK2_50    ; CLOCK2_50   ; 0.000        ; 0.072      ; 0.831      ;
; 0.588 ; gameboy:dut|MMU:mmu|BRAM_handler:memory_units|DMA_controller:dma_guy|Counter:cycle_cnter|Q[2]             ; gameboy:dut|MMU:mmu|BRAM_handler:memory_units|DMA_controller:dma_guy|Counter:cycle_cnter|Q[2]             ; CLOCK2_50    ; CLOCK2_50   ; 0.000        ; 0.073      ; 0.832      ;
; 0.588 ; gameboy:dut|MMU:mmu|BRAM_handler:memory_units|DMA_controller:dma_guy|Counter:cycle_cnter|Q[9]             ; gameboy:dut|MMU:mmu|BRAM_handler:memory_units|DMA_controller:dma_guy|Counter:cycle_cnter|Q[9]             ; CLOCK2_50    ; CLOCK2_50   ; 0.000        ; 0.073      ; 0.832      ;
; 0.589 ; gameboy:dut|MMU:mmu|IO_handler:io_registers|divider_ticks[2]                                              ; gameboy:dut|MMU:mmu|IO_handler:io_registers|divider_ticks[2]                                              ; CLOCK2_50    ; CLOCK2_50   ; 0.000        ; 0.073      ; 0.833      ;
; 0.589 ; gameboy:dut|MMU:mmu|IO_handler:io_registers|divider_ticks[7]                                              ; gameboy:dut|MMU:mmu|IO_handler:io_registers|divider_ticks[7]                                              ; CLOCK2_50    ; CLOCK2_50   ; 0.000        ; 0.073      ; 0.833      ;
; 0.589 ; gameboy:dut|PPU_Wrapper:ppu|PPU_Mode_controller:mode_ctrl|line[2]                                         ; gameboy:dut|PPU_Wrapper:ppu|PPU_Mode_controller:mode_ctrl|line[2]                                         ; CLOCK2_50    ; CLOCK2_50   ; 0.000        ; 0.072      ; 0.832      ;
; 0.589 ; gameboy:dut|MMU:mmu|IO_handler:io_registers|tima_ticks[1]                                                 ; gameboy:dut|MMU:mmu|IO_handler:io_registers|tima_ticks[1]                                                 ; CLOCK2_50    ; CLOCK2_50   ; 0.000        ; 0.072      ; 0.832      ;
; 0.589 ; gameboy:dut|MMU:mmu|BRAM_handler:memory_units|DMA_controller:dma_guy|Counter:cycle_cnter|Q[1]             ; gameboy:dut|MMU:mmu|BRAM_handler:memory_units|DMA_controller:dma_guy|Counter:cycle_cnter|Q[1]             ; CLOCK2_50    ; CLOCK2_50   ; 0.000        ; 0.073      ; 0.833      ;
; 0.589 ; gameboy:dut|MMU:mmu|BRAM_handler:memory_units|DMA_controller:dma_guy|Counter:cycle_cnter|Q[5]             ; gameboy:dut|MMU:mmu|BRAM_handler:memory_units|DMA_controller:dma_guy|Counter:cycle_cnter|Q[5]             ; CLOCK2_50    ; CLOCK2_50   ; 0.000        ; 0.073      ; 0.833      ;
; 0.590 ; gameboy:dut|MMU:mmu|IO_handler:io_registers|divider_ticks[4]                                              ; gameboy:dut|MMU:mmu|IO_handler:io_registers|divider_ticks[4]                                              ; CLOCK2_50    ; CLOCK2_50   ; 0.000        ; 0.073      ; 0.834      ;
; 0.590 ; gameboy:dut|MMU:mmu|IO_handler:io_registers|divider_ticks[9]                                              ; gameboy:dut|MMU:mmu|IO_handler:io_registers|divider_ticks[9]                                              ; CLOCK2_50    ; CLOCK2_50   ; 0.000        ; 0.073      ; 0.834      ;
; 0.591 ; gameboy:dut|PPU_Wrapper:ppu|PPU_Mode_controller:mode_ctrl|line[3]                                         ; gameboy:dut|PPU_Wrapper:ppu|PPU_Mode_controller:mode_ctrl|line[3]                                         ; CLOCK2_50    ; CLOCK2_50   ; 0.000        ; 0.072      ; 0.834      ;
; 0.591 ; gameboy:dut|PPU_Wrapper:ppu|Pixel_Gen:Pixel_Gen_inst|FIFO:sprite_fifo_inst|count[3]                       ; gameboy:dut|PPU_Wrapper:ppu|Pixel_Gen:Pixel_Gen_inst|FIFO:sprite_fifo_inst|count[3]                       ; CLOCK2_50    ; CLOCK2_50   ; 0.000        ; 0.073      ; 0.835      ;
; 0.591 ; gameboy:dut|MMU:mmu|BRAM_handler:memory_units|DMA_controller:dma_guy|Counter:cycle_cnter|Q[4]             ; gameboy:dut|MMU:mmu|BRAM_handler:memory_units|DMA_controller:dma_guy|Counter:cycle_cnter|Q[4]             ; CLOCK2_50    ; CLOCK2_50   ; 0.000        ; 0.073      ; 0.835      ;
; 0.591 ; gameboy:dut|MMU:mmu|BRAM_handler:memory_units|DMA_controller:dma_guy|Counter:cycle_cnter|Q[6]             ; gameboy:dut|MMU:mmu|BRAM_handler:memory_units|DMA_controller:dma_guy|Counter:cycle_cnter|Q[6]             ; CLOCK2_50    ; CLOCK2_50   ; 0.000        ; 0.073      ; 0.835      ;
; 0.592 ; gameboy:dut|MMU:mmu|IO_handler:io_registers|divider_ticks[8]                                              ; gameboy:dut|MMU:mmu|IO_handler:io_registers|divider_ticks[8]                                              ; CLOCK2_50    ; CLOCK2_50   ; 0.000        ; 0.073      ; 0.836      ;
; 0.594 ; gameboy:dut|PPU_Wrapper:ppu|PPU_Mode_controller:mode_ctrl|dot[2]                                          ; gameboy:dut|PPU_Wrapper:ppu|PPU_Mode_controller:mode_ctrl|dot[2]                                          ; CLOCK2_50    ; CLOCK2_50   ; 0.000        ; 0.073      ; 0.838      ;
; 0.595 ; gameboy:dut|PPU_Wrapper:ppu|PPU_Mode_controller:mode_ctrl|dot[1]                                          ; gameboy:dut|PPU_Wrapper:ppu|PPU_Mode_controller:mode_ctrl|dot[1]                                          ; CLOCK2_50    ; CLOCK2_50   ; 0.000        ; 0.073      ; 0.839      ;
; 0.596 ; gameboy:dut|PPU_Wrapper:ppu|PPU_Mode_controller:mode_ctrl|line[7]                                         ; gameboy:dut|PPU_Wrapper:ppu|PPU_Mode_controller:mode_ctrl|line[7]                                         ; CLOCK2_50    ; CLOCK2_50   ; 0.000        ; 0.072      ; 0.839      ;
; 0.596 ; gameboy:dut|MMU:mmu|IO_handler:io_registers|tima_ticks[3]                                                 ; gameboy:dut|MMU:mmu|IO_handler:io_registers|tima_ticks[3]                                                 ; CLOCK2_50    ; CLOCK2_50   ; 0.000        ; 0.072      ; 0.839      ;
; 0.597 ; gameboy:dut|PPU_Wrapper:ppu|PPU_Mode_controller:mode_ctrl|line[5]                                         ; gameboy:dut|PPU_Wrapper:ppu|PPU_Mode_controller:mode_ctrl|line[5]                                         ; CLOCK2_50    ; CLOCK2_50   ; 0.000        ; 0.072      ; 0.840      ;
; 0.599 ; gameboy:dut|MMU:mmu|BRAM_handler:memory_units|DMA_controller:dma_guy|Counter:oam_addr_cnter|Q[13]         ; gameboy:dut|MMU:mmu|BRAM_handler:memory_units|DMA_controller:dma_guy|Counter:oam_addr_cnter|Q[13]         ; CLOCK2_50    ; CLOCK2_50   ; 0.000        ; 0.072      ; 0.842      ;
+-------+-----------------------------------------------------------------------------------------------------------+-----------------------------------------------------------------------------------------------------------+--------------+-------------+--------------+------------+------------+


+----------------------------------------------------------------------------------------------------------------------------------------------------------------------------------------------------------------------------------------------------------------------------------------------------------------------------------------------------------------------------------------------+
; Slow 1200mV 0C Model Hold: 'CLOCK_50'                                                                                                                                                                                                                                                                                                                                                        ;
+-------+---------------------------------------------------------------------------------------------------------------------------------------------+------------------------------------------------------------------------------------------------------------------------------------------------------------------+--------------+-------------+--------------+------------+------------+
; Slack ; From Node                                                                                                                                   ; To Node                                                                                                                                                          ; Launch Clock ; Latch Clock ; Relationship ; Clock Skew ; Data Delay ;
+-------+---------------------------------------------------------------------------------------------------------------------------------------------+------------------------------------------------------------------------------------------------------------------------------------------------------------------+--------------+-------------+--------------+------------+------------+
; 0.353 ; gameboy:dut|MMU:mmu|BRAM_handler:memory_units|MM_out_chooser:memory_out_muxer|dma_select[1]                                                 ; gameboy:dut|MMU:mmu|BRAM_handler:memory_units|MM_out_chooser:memory_out_muxer|dma_select[1]                                                                      ; CLOCK_50     ; CLOCK_50    ; 0.000        ; 0.073      ; 0.597      ;
; 0.547 ; gameboy:dut|MMU:mmu|BRAM_handler:memory_units|MM_out_chooser:memory_out_muxer|ppu_select[2]                                                 ; gameboy:dut|MMU:mmu|BRAM_handler:memory_units|MM_out_chooser:memory_out_muxer|ppu_memory_selector[2]                                                             ; CLOCK_50     ; CLOCK_50    ; 0.000        ; 0.072      ; 0.790      ;
; 0.547 ; gameboy:dut|MMU:mmu|BRAM_handler:memory_units|ROM_BANK:rom0|altsyncram:altsyncram_component|altsyncram_81a1:auto_generated|address_reg_a[0] ; gameboy:dut|MMU:mmu|BRAM_handler:memory_units|ROM_BANK:rom0|altsyncram:altsyncram_component|altsyncram_81a1:auto_generated|out_address_reg_a[0]                  ; CLOCK_50     ; CLOCK_50    ; 0.000        ; 0.072      ; 0.790      ;
; 0.589 ; gameboy:dut|MMU:mmu|BRAM_handler:memory_units|DMA_controller:dma_guy|Counter:dma_addr_cnter|Q[14]                                           ; gameboy:dut|MMU:mmu|BRAM_handler:memory_units|MM_out_chooser:memory_out_muxer|dma_select[0]                                                                      ; CLOCK2_50    ; CLOCK_50    ; 0.000        ; 0.090      ; 0.890      ;
; 0.608 ; gameboy:dut|PPU_Wrapper:ppu|Pixel_Gen:Pixel_Gen_inst|Render_Sprites:render_sprites_inst|row_offset[2]                                       ; gameboy:dut|MMU:mmu|BRAM_handler:memory_units|DUAL_VRAM_8KB:vram0|altsyncram:altsyncram_component|altsyncram_54g2:auto_generated|ram_block1a0~portb_address_reg0 ; CLOCK2_50    ; CLOCK_50    ; 0.000        ; 0.406      ; 1.255      ;
; 0.614 ; gameboy:dut|PPU_Wrapper:ppu|Pixel_Gen:Pixel_Gen_inst|Render_Sprites:render_sprites_inst|row_offset[3]                                       ; gameboy:dut|MMU:mmu|BRAM_handler:memory_units|DUAL_VRAM_8KB:vram0|altsyncram:altsyncram_component|altsyncram_54g2:auto_generated|ram_block1a0~portb_address_reg0 ; CLOCK2_50    ; CLOCK_50    ; 0.000        ; 0.406      ; 1.261      ;
; 0.646 ; gameboy:dut|MMU:mmu|BRAM_handler:memory_units|DMA_controller:dma_guy|Counter:dma_addr_cnter|Q[14]                                           ; gameboy:dut|MMU:mmu|BRAM_handler:memory_units|MM_out_chooser:memory_out_muxer|dma_select[2]                                                                      ; CLOCK2_50    ; CLOCK_50    ; 0.000        ; 0.090      ; 0.947      ;
; 0.648 ; gameboy:dut|MMU:mmu|BRAM_handler:memory_units|DMA_controller:dma_guy|Counter:dma_addr_cnter|Q[13]                                           ; gameboy:dut|MMU:mmu|BRAM_handler:memory_units|MM_out_chooser:memory_out_muxer|dma_select[0]                                                                      ; CLOCK2_50    ; CLOCK_50    ; 0.000        ; 0.090      ; 0.949      ;
; 0.713 ; gameboy:dut|MMU:mmu|BRAM_handler:memory_units|DMA_controller:dma_guy|Counter:dma_addr_cnter|Q[15]                                           ; gameboy:dut|MMU:mmu|BRAM_handler:memory_units|MM_out_chooser:memory_out_muxer|dma_select[2]                                                                      ; CLOCK2_50    ; CLOCK_50    ; 0.000        ; 0.090      ; 1.014      ;
; 0.748 ; gameboy:dut|PPU_Wrapper:ppu|Pixel_Gen:Pixel_Gen_inst|Render_Sprites:render_sprites_inst|row_offset[1]                                       ; gameboy:dut|MMU:mmu|BRAM_handler:memory_units|DUAL_VRAM_8KB:vram0|altsyncram:altsyncram_component|altsyncram_54g2:auto_generated|ram_block1a0~portb_address_reg0 ; CLOCK2_50    ; CLOCK_50    ; 0.000        ; 0.406      ; 1.395      ;
; 0.750 ; gameboy:dut|MMU:mmu|BRAM_handler:memory_units|DMA_controller:dma_guy|Counter:dma_addr_cnter|Q[15]                                           ; gameboy:dut|MMU:mmu|BRAM_handler:memory_units|MM_out_chooser:memory_out_muxer|dma_select[1]                                                                      ; CLOCK2_50    ; CLOCK_50    ; 0.000        ; 0.091      ; 1.052      ;
; 0.770 ; gameboy:dut|MMU:mmu|BRAM_handler:memory_units|DMA_controller:dma_guy|Counter:dma_addr_cnter|Q[13]                                           ; gameboy:dut|MMU:mmu|BRAM_handler:memory_units|MM_out_chooser:memory_out_muxer|dma_select[2]                                                                      ; CLOCK2_50    ; CLOCK_50    ; 0.000        ; 0.090      ; 1.071      ;
; 0.781 ; gameboy:dut|MMU:mmu|BRAM_handler:memory_units|DMA_controller:dma_guy|Counter:dma_addr_cnter|Q[5]                                            ; gameboy:dut|MMU:mmu|BRAM_handler:memory_units|DUAL_VRAM_8KB:vram0|altsyncram:altsyncram_component|altsyncram_54g2:auto_generated|ram_block1a1~porta_address_reg0 ; CLOCK2_50    ; CLOCK_50    ; 0.000        ; 0.407      ; 1.429      ;
; 0.838 ; gameboy:dut|MMU:mmu|BRAM_handler:memory_units|DMA_controller:dma_guy|Counter:dma_addr_cnter|Q[3]                                            ; gameboy:dut|MMU:mmu|BRAM_handler:memory_units|DUAL_VRAM_8KB:vram0|altsyncram:altsyncram_component|altsyncram_54g2:auto_generated|ram_block1a1~porta_address_reg0 ; CLOCK2_50    ; CLOCK_50    ; 0.000        ; 0.407      ; 1.486      ;
; 0.860 ; gameboy:dut|MMU:mmu|BRAM_handler:memory_units|DMA_controller:dma_guy|Counter:dma_addr_cnter|Q[3]                                            ; gameboy:dut|MMU:mmu|BRAM_handler:memory_units|DUAL_VRAM_8KB:vram0|altsyncram:altsyncram_component|altsyncram_54g2:auto_generated|ram_block1a2~porta_address_reg0 ; CLOCK2_50    ; CLOCK_50    ; 0.000        ; 0.408      ; 1.509      ;
; 0.925 ; gameboy:dut|PPU_Wrapper:ppu|Pixel_Gen:Pixel_Gen_inst|Render_Sprites:render_sprites_inst|row_offset[3]                                       ; gameboy:dut|MMU:mmu|BRAM_handler:memory_units|DUAL_VRAM_8KB:vram0|altsyncram:altsyncram_component|altsyncram_54g2:auto_generated|ram_block1a2~portb_address_reg0 ; CLOCK2_50    ; CLOCK_50    ; 0.000        ; 0.408      ; 1.574      ;
; 0.925 ; gameboy:dut|MMU:mmu|BRAM_handler:memory_units|DMA_controller:dma_guy|Counter:oam_addr_cnter|Q[4]                                            ; gameboy:dut|MMU:mmu|BRAM_handler:memory_units|OAM_DUALBANK:oam|altsyncram:altsyncram_component|altsyncram_ttf2:auto_generated|ram_block1a0~porta_address_reg0    ; CLOCK2_50    ; CLOCK_50    ; 0.000        ; 0.413      ; 1.579      ;
; 0.931 ; gameboy:dut|PPU_Wrapper:ppu|Pixel_Gen:Pixel_Gen_inst|Render_Sprites:render_sprites_inst|row_offset[2]                                       ; gameboy:dut|MMU:mmu|BRAM_handler:memory_units|DUAL_VRAM_8KB:vram0|altsyncram:altsyncram_component|altsyncram_54g2:auto_generated|ram_block1a2~portb_address_reg0 ; CLOCK2_50    ; CLOCK_50    ; 0.000        ; 0.408      ; 1.580      ;
; 0.931 ; gameboy:dut|MMU:mmu|BRAM_handler:memory_units|DMA_controller:dma_guy|Counter:dma_addr_cnter|Q[6]                                            ; gameboy:dut|MMU:mmu|BRAM_handler:memory_units|ROM_BANK:rom0|altsyncram:altsyncram_component|altsyncram_81a1:auto_generated|ram_block1a25~porta_address_reg0      ; CLOCK2_50    ; CLOCK_50    ; 0.000        ; 0.407      ; 1.579      ;
; 0.940 ; gameboy:dut|MMU:mmu|BRAM_handler:memory_units|DMA_controller:dma_guy|Counter:dma_addr_cnter|Q[15]                                           ; gameboy:dut|MMU:mmu|BRAM_handler:memory_units|MM_out_chooser:memory_out_muxer|dma_select[0]                                                                      ; CLOCK2_50    ; CLOCK_50    ; 0.000        ; 0.090      ; 1.241      ;
; 0.946 ; gameboy:dut|MMU:mmu|BRAM_handler:memory_units|DMA_controller:dma_guy|Counter:dma_addr_cnter|Q[6]                                            ; gameboy:dut|MMU:mmu|BRAM_handler:memory_units|ROM_BANK:rom0|altsyncram:altsyncram_component|altsyncram_81a1:auto_generated|ram_block1a24~porta_address_reg0      ; CLOCK2_50    ; CLOCK_50    ; 0.000        ; 0.420      ; 1.607      ;
; 0.947 ; gameboy:dut|MMU:mmu|BRAM_handler:memory_units|DMA_controller:dma_guy|Counter:dma_addr_cnter|Q[6]                                            ; gameboy:dut|MMU:mmu|BRAM_handler:memory_units|ROM_BANK:rom0|altsyncram:altsyncram_component|altsyncram_81a1:auto_generated|ram_block1a15~porta_address_reg0      ; CLOCK2_50    ; CLOCK_50    ; 0.000        ; 0.420      ; 1.608      ;
; 0.967 ; gameboy:dut|MMU:mmu|BRAM_handler:memory_units|hram_out_data[11]                                                                             ; gameboy:dut|MMU:mmu|BRAM_handler:memory_units|OAM_DUALBANK:oam|altsyncram:altsyncram_component|altsyncram_ttf2:auto_generated|ram_block1a0~porta_datain_reg0     ; CLOCK2_50    ; CLOCK_50    ; 0.000        ; 0.420      ; 1.628      ;
; 0.975 ; gameboy:dut|MMU:mmu|BRAM_handler:memory_units|hram_out_data[1]                                                                              ; gameboy:dut|MMU:mmu|BRAM_handler:memory_units|OAM_DUALBANK:oam|altsyncram:altsyncram_component|altsyncram_ttf2:auto_generated|ram_block1a0~porta_datain_reg0     ; CLOCK2_50    ; CLOCK_50    ; 0.000        ; 0.411      ; 1.627      ;
; 0.979 ; gameboy:dut|MMU:mmu|BRAM_handler:memory_units|DMA_controller:dma_guy|Counter:dma_addr_cnter|Q[7]                                            ; gameboy:dut|MMU:mmu|BRAM_handler:memory_units|ROM_BANK:rom0|altsyncram:altsyncram_component|altsyncram_81a1:auto_generated|ram_block1a24~porta_address_reg0      ; CLOCK2_50    ; CLOCK_50    ; 0.000        ; 0.422      ; 1.642      ;
; 0.984 ; gameboy:dut|MMU:mmu|BRAM_handler:memory_units|DMA_controller:dma_guy|Counter:dma_addr_cnter|Q[14]                                           ; gameboy:dut|MMU:mmu|BRAM_handler:memory_units|MM_out_chooser:memory_out_muxer|dma_select[1]                                                                      ; CLOCK2_50    ; CLOCK_50    ; 0.000        ; 0.091      ; 1.286      ;
; 0.990 ; gameboy:dut|MMU:mmu|BRAM_handler:memory_units|MM_out_chooser:memory_out_muxer|cpu_select[3]                                                 ; gameboy:dut|MMU:mmu|BRAM_handler:memory_units|MM_out_chooser:memory_out_muxer|cpu_memory_selector[3]                                                             ; CLOCK_50     ; CLOCK_50    ; 0.000        ; 0.071      ; 1.232      ;
; 0.998 ; gameboy:dut|MMU:mmu|BRAM_handler:memory_units|MM_out_chooser:memory_out_muxer|dma_select[0]                                                 ; gameboy:dut|MMU:mmu|BRAM_handler:memory_units|MM_out_chooser:memory_out_muxer|dma_memory_selector[0]                                                             ; CLOCK_50     ; CLOCK_50    ; 0.000        ; 0.069      ; 1.238      ;
; 1.010 ; gameboy:dut|MMU:mmu|BRAM_handler:memory_units|DMA_controller:dma_guy|Counter:dma_addr_cnter|Q[8]                                            ; gameboy:dut|MMU:mmu|BRAM_handler:memory_units|DUAL_VRAM_8KB:vram0|altsyncram:altsyncram_component|altsyncram_54g2:auto_generated|ram_block1a2~porta_address_reg0 ; CLOCK2_50    ; CLOCK_50    ; 0.000        ; 0.406      ; 1.657      ;
; 1.024 ; gameboy:dut|PPU_Wrapper:ppu|Pixel_Gen:Pixel_Gen_inst|Render_Sprites:render_sprites_inst|row_offset[1]                                       ; gameboy:dut|MMU:mmu|BRAM_handler:memory_units|DUAL_VRAM_8KB:vram0|altsyncram:altsyncram_component|altsyncram_54g2:auto_generated|ram_block1a4~portb_address_reg0 ; CLOCK2_50    ; CLOCK_50    ; 0.000        ; 0.404      ; 1.669      ;
; 1.026 ; gameboy:dut|MMU:mmu|BRAM_handler:memory_units|MM_out_chooser:memory_out_muxer|cpu_select[0]                                                 ; gameboy:dut|MMU:mmu|BRAM_handler:memory_units|MM_out_chooser:memory_out_muxer|cpu_memory_selector[0]                                                             ; CLOCK_50     ; CLOCK_50    ; 0.000        ; 0.070      ; 1.267      ;
; 1.027 ; gameboy:dut|MMU:mmu|BRAM_handler:memory_units|DMA_controller:dma_guy|Counter:dma_addr_cnter|Q[12]                                           ; gameboy:dut|MMU:mmu|BRAM_handler:memory_units|DUAL_VRAM_8KB:vram0|altsyncram:altsyncram_component|altsyncram_54g2:auto_generated|ram_block1a1~porta_address_reg0 ; CLOCK2_50    ; CLOCK_50    ; 0.000        ; 0.405      ; 1.673      ;
; 1.039 ; gameboy:dut|PPU_Wrapper:ppu|Pixel_Gen:Pixel_Gen_inst|Render_Sprites:render_sprites_inst|row_offset[1]                                       ; gameboy:dut|MMU:mmu|BRAM_handler:memory_units|OAM_DUALBANK:oam|altsyncram:altsyncram_component|altsyncram_ttf2:auto_generated|ram_block1a0~portb_address_reg0    ; CLOCK2_50    ; CLOCK_50    ; 0.000        ; 0.403      ; 1.683      ;
; 1.048 ; gameboy:dut|PPU_Wrapper:ppu|OAM_Search:oam_search|selected_sprites_reg[9].tile_index[6]                                                     ; gameboy:dut|MMU:mmu|BRAM_handler:memory_units|DUAL_VRAM_8KB:vram0|altsyncram:altsyncram_component|altsyncram_54g2:auto_generated|ram_block1a2~portb_address_reg0 ; CLOCK2_50    ; CLOCK_50    ; 0.000        ; 0.414      ; 1.703      ;
; 1.049 ; gameboy:dut|PPU_Wrapper:ppu|Pixel_Gen:Pixel_Gen_inst|Render_Sprites:render_sprites_inst|row_offset[1]                                       ; gameboy:dut|MMU:mmu|BRAM_handler:memory_units|DUAL_VRAM_8KB:vram0|altsyncram:altsyncram_component|altsyncram_54g2:auto_generated|ram_block1a1~portb_address_reg0 ; CLOCK2_50    ; CLOCK_50    ; 0.000        ; 0.407      ; 1.697      ;
; 1.052 ; gameboy:dut|MMU:mmu|BRAM_handler:memory_units|MM_out_chooser:memory_out_muxer|cpu_select[2]                                                 ; gameboy:dut|MMU:mmu|BRAM_handler:memory_units|MM_out_chooser:memory_out_muxer|cpu_memory_selector[2]                                                             ; CLOCK_50     ; CLOCK_50    ; 0.000        ; 0.068      ; 1.291      ;
; 1.062 ; gameboy:dut|PPU_Wrapper:ppu|OAM_Search:oam_search|selected_sprites_reg[9].tile_index[6]                                                     ; gameboy:dut|MMU:mmu|BRAM_handler:memory_units|DUAL_VRAM_8KB:vram0|altsyncram:altsyncram_component|altsyncram_54g2:auto_generated|ram_block1a1~portb_address_reg0 ; CLOCK2_50    ; CLOCK_50    ; 0.000        ; 0.413      ; 1.716      ;
; 1.068 ; gameboy:dut|MMU:mmu|BRAM_handler:memory_units|hram_out_data[3]                                                                              ; gameboy:dut|MMU:mmu|BRAM_handler:memory_units|OAM_DUALBANK:oam|altsyncram:altsyncram_component|altsyncram_ttf2:auto_generated|ram_block1a0~porta_datain_reg0     ; CLOCK2_50    ; CLOCK_50    ; 0.000        ; 0.411      ; 1.720      ;
; 1.070 ; gameboy:dut|PPU_Wrapper:ppu|OAM_Search:oam_search|selected_sprites_reg[9].tile_index[6]                                                     ; gameboy:dut|MMU:mmu|BRAM_handler:memory_units|DUAL_VRAM_8KB:vram0|altsyncram:altsyncram_component|altsyncram_54g2:auto_generated|ram_block1a0~portb_address_reg0 ; CLOCK2_50    ; CLOCK_50    ; 0.000        ; 0.412      ; 1.723      ;
; 1.076 ; gameboy:dut|PPU_Wrapper:ppu|Pixel_Gen:Pixel_Gen_inst|Render_Sprites:render_sprites_inst|row_offset[1]                                       ; gameboy:dut|MMU:mmu|BRAM_handler:memory_units|DUAL_VRAM_8KB:vram0|altsyncram:altsyncram_component|altsyncram_54g2:auto_generated|ram_block1a2~portb_address_reg0 ; CLOCK2_50    ; CLOCK_50    ; 0.000        ; 0.408      ; 1.725      ;
; 1.080 ; gameboy:dut|MMU:mmu|BRAM_handler:memory_units|DMA_controller:dma_guy|Counter:dma_addr_cnter|Q[12]                                           ; gameboy:dut|MMU:mmu|BRAM_handler:memory_units|ROM_BANK:rom0|altsyncram:altsyncram_component|altsyncram_81a1:auto_generated|ram_block1a24~porta_address_reg0      ; CLOCK2_50    ; CLOCK_50    ; 0.000        ; 0.420      ; 1.741      ;
; 1.089 ; gameboy:dut|MMU:mmu|BRAM_handler:memory_units|DMA_controller:dma_guy|Counter:dma_addr_cnter|Q[12]                                           ; gameboy:dut|MMU:mmu|BRAM_handler:memory_units|ROM_BANK:rom0|altsyncram:altsyncram_component|altsyncram_81a1:auto_generated|ram_block1a7~porta_address_reg0       ; CLOCK2_50    ; CLOCK_50    ; 0.000        ; 0.407      ; 1.737      ;
; 1.102 ; gameboy:dut|PPU_Wrapper:ppu|OAM_Search:oam_search|selected_sprites_reg[9].tile_index[6]                                                     ; gameboy:dut|MMU:mmu|BRAM_handler:memory_units|DUAL_VRAM_8KB:vram0|altsyncram:altsyncram_component|altsyncram_54g2:auto_generated|ram_block1a4~portb_address_reg0 ; CLOCK2_50    ; CLOCK_50    ; 0.000        ; 0.410      ; 1.753      ;
; 1.107 ; gameboy:dut|MMU:mmu|BRAM_handler:memory_units|DMA_controller:dma_guy|Counter:dma_addr_cnter|Q[3]                                            ; gameboy:dut|MMU:mmu|BRAM_handler:memory_units|DUAL_VRAM_8KB:vram0|altsyncram:altsyncram_component|altsyncram_54g2:auto_generated|ram_block1a4~porta_address_reg0 ; CLOCK2_50    ; CLOCK_50    ; 0.000        ; 0.404      ; 1.752      ;
; 1.117 ; gameboy:dut|MMU:mmu|BRAM_handler:memory_units|DMA_controller:dma_guy|Counter:dma_addr_cnter|Q[3]                                            ; gameboy:dut|MMU:mmu|BRAM_handler:memory_units|DUAL_VRAM_8KB:vram0|altsyncram:altsyncram_component|altsyncram_54g2:auto_generated|ram_block1a0~porta_address_reg0 ; CLOCK2_50    ; CLOCK_50    ; 0.000        ; 0.406      ; 1.764      ;
; 1.133 ; gameboy:dut|MMU:mmu|BRAM_handler:memory_units|DMA_controller:dma_guy|Counter:dma_addr_cnter|Q[12]                                           ; gameboy:dut|MMU:mmu|BRAM_handler:memory_units|DUAL_8KB:wram0|altsyncram:altsyncram_component|altsyncram_54g2:auto_generated|ram_block1a1~portb_address_reg0      ; CLOCK2_50    ; CLOCK_50    ; 0.000        ; 0.398      ; 1.772      ;
; 1.148 ; gameboy:dut|MMU:mmu|BRAM_handler:memory_units|DMA_controller:dma_guy|Counter:oam_addr_cnter|Q[7]                                            ; gameboy:dut|MMU:mmu|BRAM_handler:memory_units|OAM_DUALBANK:oam|altsyncram:altsyncram_component|altsyncram_ttf2:auto_generated|ram_block1a0~porta_address_reg0    ; CLOCK2_50    ; CLOCK_50    ; 0.000        ; 0.413      ; 1.802      ;
; 1.156 ; gameboy:dut|MMU:mmu|BRAM_handler:memory_units|DMA_controller:dma_guy|Counter:dma_addr_cnter|Q[12]                                           ; gameboy:dut|MMU:mmu|BRAM_handler:memory_units|ROM_BANK:rom0|altsyncram:altsyncram_component|altsyncram_81a1:auto_generated|ram_block1a25~porta_address_reg0      ; CLOCK2_50    ; CLOCK_50    ; 0.000        ; 0.407      ; 1.804      ;
; 1.168 ; gameboy:dut|MMU:mmu|BRAM_handler:memory_units|DMA_controller:dma_guy|Counter:dma_addr_cnter|Q[2]                                            ; gameboy:dut|MMU:mmu|BRAM_handler:memory_units|DUAL_VRAM_8KB:vram0|altsyncram:altsyncram_component|altsyncram_54g2:auto_generated|ram_block1a0~porta_address_reg0 ; CLOCK2_50    ; CLOCK_50    ; 0.000        ; 0.406      ; 1.815      ;
; 1.172 ; gameboy:dut|MMU:mmu|BRAM_handler:memory_units|hram_out_data[8]                                                                              ; gameboy:dut|MMU:mmu|BRAM_handler:memory_units|OAM_DUALBANK:oam|altsyncram:altsyncram_component|altsyncram_ttf2:auto_generated|ram_block1a0~porta_datain_reg0     ; CLOCK2_50    ; CLOCK_50    ; 0.000        ; 0.414      ; 1.827      ;
; 1.189 ; gameboy:dut|MMU:mmu|BRAM_handler:memory_units|hram_out_data[0]                                                                              ; gameboy:dut|MMU:mmu|BRAM_handler:memory_units|OAM_DUALBANK:oam|altsyncram:altsyncram_component|altsyncram_ttf2:auto_generated|ram_block1a0~porta_datain_reg0     ; CLOCK2_50    ; CLOCK_50    ; 0.000        ; 0.411      ; 1.841      ;
; 1.191 ; gameboy:dut|PPU_Wrapper:ppu|OAM_Search:oam_search|selected_sprites_reg[9].tile_index[4]                                                     ; gameboy:dut|MMU:mmu|BRAM_handler:memory_units|DUAL_VRAM_8KB:vram0|altsyncram:altsyncram_component|altsyncram_54g2:auto_generated|ram_block1a1~portb_address_reg0 ; CLOCK2_50    ; CLOCK_50    ; 0.000        ; 0.413      ; 1.845      ;
; 1.195 ; gameboy:dut|PPU_Wrapper:ppu|OAM_Search:oam_search|selected_sprites_reg[9].tile_index[4]                                                     ; gameboy:dut|MMU:mmu|BRAM_handler:memory_units|DUAL_VRAM_8KB:vram0|altsyncram:altsyncram_component|altsyncram_54g2:auto_generated|ram_block1a0~portb_address_reg0 ; CLOCK2_50    ; CLOCK_50    ; 0.000        ; 0.412      ; 1.848      ;
; 1.198 ; gameboy:dut|MMU:mmu|BRAM_handler:memory_units|DMA_controller:dma_guy|Counter:dma_addr_cnter|Q[6]                                            ; gameboy:dut|MMU:mmu|BRAM_handler:memory_units|ROM_BANK:rom0|altsyncram:altsyncram_component|altsyncram_81a1:auto_generated|ram_block1a7~porta_address_reg0       ; CLOCK2_50    ; CLOCK_50    ; 0.000        ; 0.407      ; 1.846      ;
; 1.198 ; gameboy:dut|MMU:mmu|BRAM_handler:memory_units|MM_out_chooser:memory_out_muxer|ppu_select[0]                                                 ; gameboy:dut|MMU:mmu|BRAM_handler:memory_units|MM_out_chooser:memory_out_muxer|ppu_memory_selector[0]                                                             ; CLOCK_50     ; CLOCK_50    ; 0.000        ; 0.069      ; 1.438      ;
; 1.201 ; gameboy:dut|MMU:mmu|BRAM_handler:memory_units|DMA_controller:dma_guy|Counter:dma_addr_cnter|Q[2]                                            ; gameboy:dut|MMU:mmu|BRAM_handler:memory_units|DUAL_8KB:wram0|altsyncram:altsyncram_component|altsyncram_54g2:auto_generated|ram_block1a1~portb_address_reg0      ; CLOCK2_50    ; CLOCK_50    ; 0.000        ; 0.400      ; 1.842      ;
; 1.204 ; gameboy:dut|PPU_Wrapper:ppu|OAM_Search:oam_search|selected_sprites_reg[9].tile_index[4]                                                     ; gameboy:dut|MMU:mmu|BRAM_handler:memory_units|DUAL_VRAM_8KB:vram0|altsyncram:altsyncram_component|altsyncram_54g2:auto_generated|ram_block1a2~portb_address_reg0 ; CLOCK2_50    ; CLOCK_50    ; 0.000        ; 0.414      ; 1.859      ;
; 1.212 ; gameboy:dut|MMU:mmu|BRAM_handler:memory_units|DMA_controller:dma_guy|Counter:dma_addr_cnter|Q[6]                                            ; gameboy:dut|MMU:mmu|BRAM_handler:memory_units|DUAL_VRAM_8KB:vram0|altsyncram:altsyncram_component|altsyncram_54g2:auto_generated|ram_block1a1~porta_address_reg0 ; CLOCK2_50    ; CLOCK_50    ; 0.000        ; 0.405      ; 1.858      ;
; 1.213 ; gameboy:dut|MMU:mmu|BRAM_handler:memory_units|DMA_controller:dma_guy|state.IDLE                                                             ; gameboy:dut|MMU:mmu|BRAM_handler:memory_units|MM_out_chooser:memory_out_muxer|dma_select[1]                                                                      ; CLOCK2_50    ; CLOCK_50    ; 0.000        ; 0.078      ; 1.502      ;
; 1.214 ; gameboy:dut|MMU:mmu|BRAM_handler:memory_units|DMA_controller:dma_guy|Counter:dma_addr_cnter|Q[2]                                            ; gameboy:dut|MMU:mmu|BRAM_handler:memory_units|DUAL_VRAM_8KB:vram0|altsyncram:altsyncram_component|altsyncram_54g2:auto_generated|ram_block1a1~porta_address_reg0 ; CLOCK2_50    ; CLOCK_50    ; 0.000        ; 0.407      ; 1.862      ;
; 1.227 ; gameboy:dut|MMU:mmu|BRAM_handler:memory_units|DMA_controller:dma_guy|Counter:dma_addr_cnter|Q[7]                                            ; gameboy:dut|MMU:mmu|BRAM_handler:memory_units|ROM_BANK:rom0|altsyncram:altsyncram_component|altsyncram_81a1:auto_generated|ram_block1a15~porta_address_reg0      ; CLOCK2_50    ; CLOCK_50    ; 0.000        ; 0.422      ; 1.890      ;
; 1.228 ; gameboy:dut|PPU_Wrapper:ppu|Pixel_Gen:Pixel_Gen_inst|Render_Sprites:render_sprites_inst|row_offset[3]                                       ; gameboy:dut|MMU:mmu|BRAM_handler:memory_units|OAM_DUALBANK:oam|altsyncram:altsyncram_component|altsyncram_ttf2:auto_generated|ram_block1a0~portb_address_reg0    ; CLOCK2_50    ; CLOCK_50    ; 0.000        ; 0.403      ; 1.872      ;
; 1.252 ; gameboy:dut|PPU_Wrapper:ppu|OAM_Search:oam_search|selected_sprites_reg[9].tile_index[4]                                                     ; gameboy:dut|MMU:mmu|BRAM_handler:memory_units|DUAL_VRAM_8KB:vram0|altsyncram:altsyncram_component|altsyncram_54g2:auto_generated|ram_block1a4~portb_address_reg0 ; CLOCK2_50    ; CLOCK_50    ; 0.000        ; 0.410      ; 1.903      ;
; 1.254 ; gameboy:dut|MMU:mmu|BRAM_handler:memory_units|MM_out_chooser:memory_out_muxer|dma_select[2]                                                 ; gameboy:dut|MMU:mmu|BRAM_handler:memory_units|MM_out_chooser:memory_out_muxer|dma_memory_selector[2]                                                             ; CLOCK_50     ; CLOCK_50    ; 0.000        ; 0.069      ; 1.494      ;
; 1.261 ; gameboy:dut|MMU:mmu|BRAM_handler:memory_units|DMA_controller:dma_guy|Counter:dma_addr_cnter|Q[6]                                            ; gameboy:dut|MMU:mmu|BRAM_handler:memory_units|DUAL_8KB:wram0|altsyncram:altsyncram_component|altsyncram_54g2:auto_generated|ram_block1a5~portb_address_reg0      ; CLOCK2_50    ; CLOCK_50    ; 0.000        ; 0.395      ; 1.897      ;
; 1.275 ; gameboy:dut|PPU_Wrapper:ppu|Pixel_Gen:Pixel_Gen_inst|Render_Sprites:render_sprites_inst|row_offset[2]                                       ; gameboy:dut|MMU:mmu|BRAM_handler:memory_units|OAM_DUALBANK:oam|altsyncram:altsyncram_component|altsyncram_ttf2:auto_generated|ram_block1a0~portb_address_reg0    ; CLOCK2_50    ; CLOCK_50    ; 0.000        ; 0.403      ; 1.919      ;
; 1.278 ; gameboy:dut|MMU:mmu|BRAM_handler:memory_units|DMA_controller:dma_guy|Counter:dma_addr_cnter|Q[6]                                            ; gameboy:dut|MMU:mmu|BRAM_handler:memory_units|DUAL_8KB:wram0|altsyncram:altsyncram_component|altsyncram_54g2:auto_generated|ram_block1a1~portb_address_reg0      ; CLOCK2_50    ; CLOCK_50    ; 0.000        ; 0.398      ; 1.917      ;
; 1.282 ; gameboy:dut|MMU:mmu|BRAM_handler:memory_units|DMA_controller:dma_guy|Counter:dma_addr_cnter|Q[8]                                            ; gameboy:dut|MMU:mmu|BRAM_handler:memory_units|ROM_BANK:rom0|altsyncram:altsyncram_component|altsyncram_81a1:auto_generated|ram_block1a15~porta_address_reg0      ; CLOCK2_50    ; CLOCK_50    ; 0.000        ; 0.420      ; 1.943      ;
; 1.282 ; gameboy:dut|MMU:mmu|BRAM_handler:memory_units|DMA_controller:dma_guy|Counter:dma_addr_cnter|Q[7]                                            ; gameboy:dut|MMU:mmu|BRAM_handler:memory_units|DUAL_8KB:wram0|altsyncram:altsyncram_component|altsyncram_54g2:auto_generated|ram_block1a6~portb_address_reg0      ; CLOCK2_50    ; CLOCK_50    ; 0.000        ; 0.370      ; 1.893      ;
; 1.298 ; gameboy:dut|cpu:cpu|flopenr:memfwdflop|q[15]                                                                                                ; gameboy:dut|MMU:mmu|BRAM_handler:memory_units|DUAL_VRAM_8KB:vram0|altsyncram:altsyncram_component|altsyncram_54g2:auto_generated|ram_block1a0~porta_datain_reg0  ; CLOCK2_50    ; CLOCK_50    ; 0.000        ; 0.410      ; 1.949      ;
; 1.301 ; gameboy:dut|MMU:mmu|BRAM_handler:memory_units|DMA_controller:dma_guy|Counter:oam_addr_cnter|Q[5]                                            ; gameboy:dut|MMU:mmu|BRAM_handler:memory_units|OAM_DUALBANK:oam|altsyncram:altsyncram_component|altsyncram_ttf2:auto_generated|ram_block1a0~porta_address_reg0    ; CLOCK2_50    ; CLOCK_50    ; 0.000        ; 0.413      ; 1.955      ;
; 1.305 ; gameboy:dut|MMU:mmu|BRAM_handler:memory_units|DMA_controller:dma_guy|Counter:dma_addr_cnter|Q[13]                                           ; gameboy:dut|MMU:mmu|BRAM_handler:memory_units|ROM_BANK:rom0|altsyncram:altsyncram_component|altsyncram_81a1:auto_generated|ram_block1a15~porta_address_reg0      ; CLOCK2_50    ; CLOCK_50    ; 0.000        ; 0.420      ; 1.966      ;
; 1.312 ; gameboy:dut|MMU:mmu|BRAM_handler:memory_units|DMA_controller:dma_guy|state.IDLE                                                             ; gameboy:dut|MMU:mmu|BRAM_handler:memory_units|MM_out_chooser:memory_out_muxer|cpu_select[0]                                                                      ; CLOCK2_50    ; CLOCK_50    ; 0.000        ; 0.076      ; 1.599      ;
; 1.316 ; gameboy:dut|PPU_Wrapper:ppu|OAM_Search:oam_search|selected_sprites_reg[9].tile_index[1]                                                     ; gameboy:dut|MMU:mmu|BRAM_handler:memory_units|DUAL_VRAM_8KB:vram0|altsyncram:altsyncram_component|altsyncram_54g2:auto_generated|ram_block1a2~portb_address_reg0 ; CLOCK2_50    ; CLOCK_50    ; 0.000        ; 0.401      ; 1.958      ;
; 1.322 ; gameboy:dut|MMU:mmu|BRAM_handler:memory_units|DMA_controller:dma_guy|Counter:oam_addr_cnter|Q[1]                                            ; gameboy:dut|MMU:mmu|BRAM_handler:memory_units|OAM_DUALBANK:oam|altsyncram:altsyncram_component|altsyncram_ttf2:auto_generated|ram_block1a0~porta_address_reg0    ; CLOCK2_50    ; CLOCK_50    ; 0.000        ; 0.413      ; 1.976      ;
; 1.323 ; gameboy:dut|PPU_Wrapper:ppu|PPU_Mode_controller:mode_ctrl|mode[1]                                                                           ; gameboy:dut|MMU:mmu|BRAM_handler:memory_units|DUAL_VRAM_8KB:vram0|altsyncram:altsyncram_component|altsyncram_54g2:auto_generated|ram_block1a1~portb_address_reg0 ; CLOCK2_50    ; CLOCK_50    ; 0.000        ; 0.403      ; 1.967      ;
; 1.329 ; gameboy:dut|MMU:mmu|BRAM_handler:memory_units|DMA_controller:dma_guy|Counter:dma_addr_cnter|Q[12]                                           ; gameboy:dut|MMU:mmu|BRAM_handler:memory_units|ROM_BANK:rom0|altsyncram:altsyncram_component|altsyncram_81a1:auto_generated|ram_block1a15~porta_address_reg0      ; CLOCK2_50    ; CLOCK_50    ; 0.000        ; 0.420      ; 1.990      ;
; 1.336 ; gameboy:dut|MMU:mmu|BRAM_handler:memory_units|hram_out_data[15]                                                                             ; gameboy:dut|MMU:mmu|BRAM_handler:memory_units|OAM_DUALBANK:oam|altsyncram:altsyncram_component|altsyncram_ttf2:auto_generated|ram_block1a0~porta_datain_reg0     ; CLOCK2_50    ; CLOCK_50    ; 0.000        ; 0.414      ; 1.991      ;
; 1.344 ; gameboy:dut|MMU:mmu|BRAM_handler:memory_units|hram_out_data[10]                                                                             ; gameboy:dut|MMU:mmu|BRAM_handler:memory_units|OAM_DUALBANK:oam|altsyncram:altsyncram_component|altsyncram_ttf2:auto_generated|ram_block1a0~porta_datain_reg0     ; CLOCK2_50    ; CLOCK_50    ; 0.000        ; 0.414      ; 1.999      ;
; 1.351 ; gameboy:dut|MMU:mmu|BRAM_handler:memory_units|DMA_controller:dma_guy|Counter:dma_addr_cnter|Q[2]                                            ; gameboy:dut|MMU:mmu|BRAM_handler:memory_units|DUAL_8KB:exram0|altsyncram:altsyncram_component|altsyncram_54g2:auto_generated|ram_block1a0~portb_address_reg0     ; CLOCK2_50    ; CLOCK_50    ; 0.000        ; 0.398      ; 1.990      ;
; 1.355 ; gameboy:dut|MMU:mmu|BRAM_handler:memory_units|DMA_controller:dma_guy|Counter:oam_addr_cnter|Q[6]                                            ; gameboy:dut|MMU:mmu|BRAM_handler:memory_units|OAM_DUALBANK:oam|altsyncram:altsyncram_component|altsyncram_ttf2:auto_generated|ram_block1a0~porta_address_reg0    ; CLOCK2_50    ; CLOCK_50    ; 0.000        ; 0.413      ; 2.009      ;
; 1.369 ; gameboy:dut|MMU:mmu|BRAM_handler:memory_units|DMA_controller:dma_guy|Counter:oam_addr_cnter|Q[2]                                            ; gameboy:dut|MMU:mmu|BRAM_handler:memory_units|OAM_DUALBANK:oam|altsyncram:altsyncram_component|altsyncram_ttf2:auto_generated|ram_block1a0~porta_address_reg0    ; CLOCK2_50    ; CLOCK_50    ; 0.000        ; 0.413      ; 2.023      ;
; 1.381 ; gameboy:dut|MMU:mmu|BRAM_handler:memory_units|DMA_controller:dma_guy|Counter:dma_addr_cnter|Q[12]                                           ; gameboy:dut|MMU:mmu|BRAM_handler:memory_units|DUAL_8KB:wram0|altsyncram:altsyncram_component|altsyncram_54g2:auto_generated|ram_block1a5~portb_address_reg0      ; CLOCK2_50    ; CLOCK_50    ; 0.000        ; 0.395      ; 2.017      ;
; 1.387 ; gameboy:dut|MMU:mmu|BRAM_handler:memory_units|DMA_controller:dma_guy|Counter:dma_addr_cnter|Q[12]                                           ; gameboy:dut|MMU:mmu|BRAM_handler:memory_units|DUAL_8KB:wram0|altsyncram:altsyncram_component|altsyncram_54g2:auto_generated|ram_block1a3~portb_address_reg0      ; CLOCK2_50    ; CLOCK_50    ; 0.000        ; 0.384      ; 2.012      ;
; 1.405 ; gameboy:dut|MMU:mmu|BRAM_handler:memory_units|DMA_controller:dma_guy|Counter:dma_addr_cnter|Q[12]                                           ; gameboy:dut|MMU:mmu|BRAM_handler:memory_units|DUAL_8KB:exram0|altsyncram:altsyncram_component|altsyncram_54g2:auto_generated|ram_block1a3~portb_address_reg0     ; CLOCK2_50    ; CLOCK_50    ; 0.000        ; 0.388      ; 2.034      ;
; 1.413 ; gameboy:dut|MMU:mmu|BRAM_handler:memory_units|hram_out_data[13]                                                                             ; gameboy:dut|MMU:mmu|BRAM_handler:memory_units|OAM_DUALBANK:oam|altsyncram:altsyncram_component|altsyncram_ttf2:auto_generated|ram_block1a0~porta_datain_reg0     ; CLOCK2_50    ; CLOCK_50    ; 0.000        ; 0.420      ; 2.074      ;
; 1.413 ; gameboy:dut|MMU:mmu|BRAM_handler:memory_units|MM_out_chooser:memory_out_muxer|cpu_select[1]                                                 ; gameboy:dut|MMU:mmu|BRAM_handler:memory_units|MM_out_chooser:memory_out_muxer|cpu_memory_selector[1]                                                             ; CLOCK_50     ; CLOCK_50    ; 0.000        ; 0.099      ; 1.683      ;
; 1.415 ; gameboy:dut|MMU:mmu|BRAM_handler:memory_units|DMA_controller:dma_guy|Counter:dma_addr_cnter|Q[4]                                            ; gameboy:dut|MMU:mmu|BRAM_handler:memory_units|DUAL_8KB:wram0|altsyncram:altsyncram_component|altsyncram_54g2:auto_generated|ram_block1a5~portb_address_reg0      ; CLOCK2_50    ; CLOCK_50    ; 0.000        ; 0.397      ; 2.053      ;
; 1.417 ; gameboy:dut|MMU:mmu|BRAM_handler:memory_units|DMA_controller:dma_guy|Counter:dma_addr_cnter|Q[4]                                            ; gameboy:dut|MMU:mmu|BRAM_handler:memory_units|DUAL_8KB:wram0|altsyncram:altsyncram_component|altsyncram_54g2:auto_generated|ram_block1a1~portb_address_reg0      ; CLOCK2_50    ; CLOCK_50    ; 0.000        ; 0.400      ; 2.058      ;
; 1.433 ; gameboy:dut|MMU:mmu|BRAM_handler:memory_units|DMA_controller:dma_guy|Counter:dma_addr_cnter|Q[3]                                            ; gameboy:dut|MMU:mmu|BRAM_handler:memory_units|DUAL_8KB:wram0|altsyncram:altsyncram_component|altsyncram_54g2:auto_generated|ram_block1a5~portb_address_reg0      ; CLOCK2_50    ; CLOCK_50    ; 0.000        ; 0.397      ; 2.071      ;
; 1.434 ; gameboy:dut|MMU:mmu|BRAM_handler:memory_units|DMA_controller:dma_guy|Counter:oam_addr_cnter|Q[3]                                            ; gameboy:dut|MMU:mmu|BRAM_handler:memory_units|OAM_DUALBANK:oam|altsyncram:altsyncram_component|altsyncram_ttf2:auto_generated|ram_block1a0~porta_address_reg0    ; CLOCK2_50    ; CLOCK_50    ; 0.000        ; 0.413      ; 2.088      ;
; 1.435 ; gameboy:dut|MMU:mmu|BRAM_handler:memory_units|DMA_controller:dma_guy|Counter:dma_addr_cnter|Q[2]                                            ; gameboy:dut|MMU:mmu|BRAM_handler:memory_units|DUAL_VRAM_8KB:vram0|altsyncram:altsyncram_component|altsyncram_54g2:auto_generated|ram_block1a2~porta_address_reg0 ; CLOCK2_50    ; CLOCK_50    ; 0.000        ; 0.408      ; 2.084      ;
; 1.439 ; gameboy:dut|PPU_Wrapper:ppu|OAM_Search:oam_search|selected_sprites_reg[9].tile_index[5]                                                     ; gameboy:dut|MMU:mmu|BRAM_handler:memory_units|DUAL_VRAM_8KB:vram0|altsyncram:altsyncram_component|altsyncram_54g2:auto_generated|ram_block1a1~portb_address_reg0 ; CLOCK2_50    ; CLOCK_50    ; 0.000        ; 0.400      ; 2.080      ;
; 1.444 ; gameboy:dut|MMU:mmu|BRAM_handler:memory_units|DMA_controller:dma_guy|Counter:dma_addr_cnter|Q[5]                                            ; gameboy:dut|MMU:mmu|BRAM_handler:memory_units|DUAL_VRAM_8KB:vram0|altsyncram:altsyncram_component|altsyncram_54g2:auto_generated|ram_block1a0~porta_address_reg0 ; CLOCK2_50    ; CLOCK_50    ; 0.000        ; 0.406      ; 2.091      ;
; 1.444 ; gameboy:dut|MMU:mmu|BRAM_handler:memory_units|DMA_controller:dma_guy|Counter:dma_addr_cnter|Q[2]                                            ; gameboy:dut|MMU:mmu|BRAM_handler:memory_units|DUAL_VRAM_8KB:vram0|altsyncram:altsyncram_component|altsyncram_54g2:auto_generated|ram_block1a4~porta_address_reg0 ; CLOCK2_50    ; CLOCK_50    ; 0.000        ; 0.404      ; 2.089      ;
; 1.450 ; gameboy:dut|MMU:mmu|BRAM_handler:memory_units|DMA_controller:dma_guy|Counter:dma_addr_cnter|Q[4]                                            ; gameboy:dut|MMU:mmu|BRAM_handler:memory_units|DUAL_8KB:exram0|altsyncram:altsyncram_component|altsyncram_54g2:auto_generated|ram_block1a3~portb_address_reg0     ; CLOCK2_50    ; CLOCK_50    ; 0.000        ; 0.390      ; 2.081      ;
; 1.453 ; gameboy:dut|MMU:mmu|BRAM_handler:memory_units|DMA_controller:dma_guy|Counter:dma_addr_cnter|Q[7]                                            ; gameboy:dut|MMU:mmu|BRAM_handler:memory_units|ROM_BANK:rom0|altsyncram:altsyncram_component|altsyncram_81a1:auto_generated|ram_block1a7~porta_address_reg0       ; CLOCK2_50    ; CLOCK_50    ; 0.000        ; 0.409      ; 2.103      ;
; 1.456 ; gameboy:dut|MMU:mmu|BRAM_handler:memory_units|DMA_controller:dma_guy|Counter:dma_addr_cnter|Q[5]                                            ; gameboy:dut|MMU:mmu|BRAM_handler:memory_units|DUAL_VRAM_8KB:vram0|altsyncram:altsyncram_component|altsyncram_54g2:auto_generated|ram_block1a4~porta_address_reg0 ; CLOCK2_50    ; CLOCK_50    ; 0.000        ; 0.404      ; 2.101      ;
; 1.457 ; gameboy:dut|PPU_Wrapper:ppu|Pixel_Gen:Pixel_Gen_inst|Render_BG:render_bg_inst|state.BG_FETCH_TILE_MAP                                       ; gameboy:dut|MMU:mmu|BRAM_handler:memory_units|MM_out_chooser:memory_out_muxer|ppu_select[0]                                                                      ; CLOCK2_50    ; CLOCK_50    ; 0.000        ; 0.094      ; 1.762      ;
; 1.457 ; gameboy:dut|MMU:mmu|BRAM_handler:memory_units|hram_out_data[2]                                                                              ; gameboy:dut|MMU:mmu|BRAM_handler:memory_units|OAM_DUALBANK:oam|altsyncram:altsyncram_component|altsyncram_ttf2:auto_generated|ram_block1a0~porta_datain_reg0     ; CLOCK2_50    ; CLOCK_50    ; 0.000        ; 0.417      ; 2.115      ;
+-------+---------------------------------------------------------------------------------------------------------------------------------------------+------------------------------------------------------------------------------------------------------------------------------------------------------------------+--------------+-------------+--------------+------------+------------+


+-------------------------------------------------------------------------------------------------------------------------------------------------------------------------------------------------------+
; Slow 1200mV 0C Model Recovery: 'CLOCK2_50'                                                                                                                                                            ;
+---------+-----------+-----------------------------------------------------------------------------------------------------------+--------------+-------------+--------------+------------+------------+
; Slack   ; From Node ; To Node                                                                                                   ; Launch Clock ; Latch Clock ; Relationship ; Clock Skew ; Data Delay ;
+---------+-----------+-----------------------------------------------------------------------------------------------------------+--------------+-------------+--------------+------------+------------+
; 119.351 ; rst       ; gameboy:dut|PPU_Wrapper:ppu|OAM_Search:oam_search|state.OAM_FETCH                                         ; CLOCK_50     ; CLOCK2_50   ; 125.000      ; -0.084     ; 5.544      ;
; 119.351 ; rst       ; gameboy:dut|PPU_Wrapper:ppu|OAM_Search:oam_search|oam_index[0]                                            ; CLOCK_50     ; CLOCK2_50   ; 125.000      ; -0.084     ; 5.544      ;
; 119.351 ; rst       ; gameboy:dut|PPU_Wrapper:ppu|OAM_Search:oam_search|oam_index[5]                                            ; CLOCK_50     ; CLOCK2_50   ; 125.000      ; -0.084     ; 5.544      ;
; 119.351 ; rst       ; gameboy:dut|PPU_Wrapper:ppu|OAM_Search:oam_search|oam_index[4]                                            ; CLOCK_50     ; CLOCK2_50   ; 125.000      ; -0.084     ; 5.544      ;
; 119.351 ; rst       ; gameboy:dut|PPU_Wrapper:ppu|OAM_Search:oam_search|oam_index[3]                                            ; CLOCK_50     ; CLOCK2_50   ; 125.000      ; -0.084     ; 5.544      ;
; 119.351 ; rst       ; gameboy:dut|PPU_Wrapper:ppu|OAM_Search:oam_search|oam_index[2]                                            ; CLOCK_50     ; CLOCK2_50   ; 125.000      ; -0.084     ; 5.544      ;
; 119.351 ; rst       ; gameboy:dut|PPU_Wrapper:ppu|OAM_Search:oam_search|oam_index[1]                                            ; CLOCK_50     ; CLOCK2_50   ; 125.000      ; -0.084     ; 5.544      ;
; 119.661 ; rst       ; gameboy:dut|PPU_Wrapper:ppu|Pixel_Gen:Pixel_Gen_inst|Render_BG:render_bg_inst|bg_done                     ; CLOCK_50     ; CLOCK2_50   ; 125.000      ; -0.095     ; 5.223      ;
; 119.661 ; rst       ; gameboy:dut|PPU_Wrapper:ppu|Pixel_Gen:Pixel_Gen_inst|Render_Sprites:render_sprites_inst|sprite_done       ; CLOCK_50     ; CLOCK2_50   ; 125.000      ; -0.095     ; 5.223      ;
; 119.661 ; rst       ; gameboy:dut|PPU_Wrapper:ppu|Pixel_Gen:Pixel_Gen_inst|Render_BG:render_bg_inst|state.BG_PROCESS_PIXELS     ; CLOCK_50     ; CLOCK2_50   ; 125.000      ; -0.095     ; 5.223      ;
; 119.661 ; rst       ; gameboy:dut|PPU_Wrapper:ppu|Pixel_Gen:Pixel_Gen_inst|Render_BG:render_bg_inst|state.BG_FETCH_TILE_DATA    ; CLOCK_50     ; CLOCK2_50   ; 125.000      ; -0.095     ; 5.223      ;
; 119.661 ; rst       ; gameboy:dut|PPU_Wrapper:ppu|Pixel_Gen:Pixel_Gen_inst|Render_BG:render_bg_inst|state.BG_FETCH_TILE         ; CLOCK_50     ; CLOCK2_50   ; 125.000      ; -0.095     ; 5.223      ;
; 119.661 ; rst       ; gameboy:dut|PPU_Wrapper:ppu|Pixel_Gen:Pixel_Gen_inst|Render_BG:render_bg_inst|pixel_index[0]              ; CLOCK_50     ; CLOCK2_50   ; 125.000      ; -0.095     ; 5.223      ;
; 119.661 ; rst       ; gameboy:dut|PPU_Wrapper:ppu|Pixel_Gen:Pixel_Gen_inst|Render_BG:render_bg_inst|state.BG_IDLE               ; CLOCK_50     ; CLOCK2_50   ; 125.000      ; -0.095     ; 5.223      ;
; 119.661 ; rst       ; gameboy:dut|PPU_Wrapper:ppu|Pixel_Gen:Pixel_Gen_inst|Render_BG:render_bg_inst|state.BG_DONE               ; CLOCK_50     ; CLOCK2_50   ; 125.000      ; -0.095     ; 5.223      ;
; 119.661 ; rst       ; gameboy:dut|PPU_Wrapper:ppu|Pixel_Gen:Pixel_Gen_inst|Render_BG:render_bg_inst|pixel_index[2]              ; CLOCK_50     ; CLOCK2_50   ; 125.000      ; -0.095     ; 5.223      ;
; 119.661 ; rst       ; gameboy:dut|PPU_Wrapper:ppu|Pixel_Gen:Pixel_Gen_inst|Render_BG:render_bg_inst|pixel_index[1]              ; CLOCK_50     ; CLOCK2_50   ; 125.000      ; -0.095     ; 5.223      ;
; 119.661 ; rst       ; gameboy:dut|PPU_Wrapper:ppu|Pixel_Gen:Pixel_Gen_inst|Render_BG:render_bg_inst|pixel_total[3]              ; CLOCK_50     ; CLOCK2_50   ; 125.000      ; -0.095     ; 5.223      ;
; 119.904 ; rst       ; gameboy:dut|PPU_Wrapper:ppu|PPU_Mode_controller:mode_ctrl|mode[0]                                         ; CLOCK_50     ; CLOCK2_50   ; 125.000      ; -0.094     ; 4.981      ;
; 119.904 ; rst       ; gameboy:dut|PPU_Wrapper:ppu|PPU_Mode_controller:mode_ctrl|mode[1]                                         ; CLOCK_50     ; CLOCK2_50   ; 125.000      ; -0.094     ; 4.981      ;
; 119.904 ; rst       ; gameboy:dut|PPU_Wrapper:ppu|PPU_Mode_controller:mode_ctrl|line[4]                                         ; CLOCK_50     ; CLOCK2_50   ; 125.000      ; -0.094     ; 4.981      ;
; 119.904 ; rst       ; gameboy:dut|PPU_Wrapper:ppu|PPU_Mode_controller:mode_ctrl|line[7]                                         ; CLOCK_50     ; CLOCK2_50   ; 125.000      ; -0.094     ; 4.981      ;
; 119.904 ; rst       ; gameboy:dut|PPU_Wrapper:ppu|PPU_Mode_controller:mode_ctrl|line[6]                                         ; CLOCK_50     ; CLOCK2_50   ; 125.000      ; -0.094     ; 4.981      ;
; 119.904 ; rst       ; gameboy:dut|PPU_Wrapper:ppu|PPU_Mode_controller:mode_ctrl|line[5]                                         ; CLOCK_50     ; CLOCK2_50   ; 125.000      ; -0.094     ; 4.981      ;
; 119.904 ; rst       ; gameboy:dut|PPU_Wrapper:ppu|PPU_Mode_controller:mode_ctrl|line[3]                                         ; CLOCK_50     ; CLOCK2_50   ; 125.000      ; -0.094     ; 4.981      ;
; 119.904 ; rst       ; gameboy:dut|PPU_Wrapper:ppu|PPU_Mode_controller:mode_ctrl|line[2]                                         ; CLOCK_50     ; CLOCK2_50   ; 125.000      ; -0.094     ; 4.981      ;
; 119.904 ; rst       ; gameboy:dut|PPU_Wrapper:ppu|PPU_Mode_controller:mode_ctrl|line[1]                                         ; CLOCK_50     ; CLOCK2_50   ; 125.000      ; -0.094     ; 4.981      ;
; 119.904 ; rst       ; gameboy:dut|PPU_Wrapper:ppu|PPU_Mode_controller:mode_ctrl|line[0]                                         ; CLOCK_50     ; CLOCK2_50   ; 125.000      ; -0.094     ; 4.981      ;
; 119.909 ; rst       ; gameboy:dut|PPU_Wrapper:ppu|Pixel_Gen:Pixel_Gen_inst|Render_BG:render_bg_inst|push_bg                     ; CLOCK_50     ; CLOCK2_50   ; 125.000      ; -0.095     ; 4.975      ;
; 119.914 ; rst       ; gameboy:dut|PPU_Wrapper:ppu|Pixel_Mixer:pixel_mixer_inst|pixel_out_valid                                  ; CLOCK_50     ; CLOCK2_50   ; 125.000      ; -0.095     ; 4.970      ;
; 119.914 ; rst       ; gameboy:dut|PPU_Wrapper:ppu|Pixel_Gen:Pixel_Gen_inst|FIFO:bg_fifo_inst|count[4]                           ; CLOCK_50     ; CLOCK2_50   ; 125.000      ; -0.095     ; 4.970      ;
; 119.914 ; rst       ; gameboy:dut|PPU_Wrapper:ppu|Pixel_Gen:Pixel_Gen_inst|FIFO:bg_fifo_inst|count[3]                           ; CLOCK_50     ; CLOCK2_50   ; 125.000      ; -0.095     ; 4.970      ;
; 119.914 ; rst       ; gameboy:dut|PPU_Wrapper:ppu|Pixel_Gen:Pixel_Gen_inst|FIFO:bg_fifo_inst|count[2]                           ; CLOCK_50     ; CLOCK2_50   ; 125.000      ; -0.095     ; 4.970      ;
; 119.914 ; rst       ; gameboy:dut|PPU_Wrapper:ppu|Pixel_Gen:Pixel_Gen_inst|FIFO:bg_fifo_inst|count[1]                           ; CLOCK_50     ; CLOCK2_50   ; 125.000      ; -0.095     ; 4.970      ;
; 119.914 ; rst       ; gameboy:dut|PPU_Wrapper:ppu|Pixel_Gen:Pixel_Gen_inst|FIFO:bg_fifo_inst|count[0]                           ; CLOCK_50     ; CLOCK2_50   ; 125.000      ; -0.095     ; 4.970      ;
; 120.111 ; rst       ; gameboy:dut|PPU_Wrapper:ppu|Pixel_Gen:Pixel_Gen_inst|Render_BG:render_bg_inst|state.BG_FETCH_TILE_MAP     ; CLOCK_50     ; CLOCK2_50   ; 125.000      ; -0.102     ; 4.766      ;
; 122.556 ; rst       ; gameboy:dut|PPU_Wrapper:ppu|Pixel_Gen:Pixel_Gen_inst|Render_BG:render_bg_inst|scx_latched[7]              ; CLOCK_50     ; CLOCK2_50   ; 125.000      ; -0.096     ; 2.327      ;
; 122.556 ; rst       ; gameboy:dut|PPU_Wrapper:ppu|Pixel_Gen:Pixel_Gen_inst|Render_BG:render_bg_inst|scx_latched[6]              ; CLOCK_50     ; CLOCK2_50   ; 125.000      ; -0.096     ; 2.327      ;
; 122.556 ; rst       ; gameboy:dut|PPU_Wrapper:ppu|Pixel_Gen:Pixel_Gen_inst|Render_BG:render_bg_inst|scx_latched[5]              ; CLOCK_50     ; CLOCK2_50   ; 125.000      ; -0.096     ; 2.327      ;
; 122.556 ; rst       ; gameboy:dut|PPU_Wrapper:ppu|Pixel_Gen:Pixel_Gen_inst|Render_BG:render_bg_inst|scx_latched[4]              ; CLOCK_50     ; CLOCK2_50   ; 125.000      ; -0.096     ; 2.327      ;
; 122.556 ; rst       ; gameboy:dut|PPU_Wrapper:ppu|Pixel_Gen:Pixel_Gen_inst|Render_BG:render_bg_inst|scx_latched[3]              ; CLOCK_50     ; CLOCK2_50   ; 125.000      ; -0.096     ; 2.327      ;
; 122.556 ; rst       ; gameboy:dut|PPU_Wrapper:ppu|Pixel_Gen:Pixel_Gen_inst|Render_BG:render_bg_inst|pixel_total[7]              ; CLOCK_50     ; CLOCK2_50   ; 125.000      ; -0.096     ; 2.327      ;
; 122.556 ; rst       ; gameboy:dut|PPU_Wrapper:ppu|Pixel_Gen:Pixel_Gen_inst|Render_BG:render_bg_inst|pixel_total[6]              ; CLOCK_50     ; CLOCK2_50   ; 125.000      ; -0.096     ; 2.327      ;
; 122.556 ; rst       ; gameboy:dut|PPU_Wrapper:ppu|Pixel_Gen:Pixel_Gen_inst|Render_BG:render_bg_inst|pixel_total[5]              ; CLOCK_50     ; CLOCK2_50   ; 125.000      ; -0.096     ; 2.327      ;
; 122.556 ; rst       ; gameboy:dut|PPU_Wrapper:ppu|Pixel_Gen:Pixel_Gen_inst|Render_BG:render_bg_inst|pixel_total[4]              ; CLOCK_50     ; CLOCK2_50   ; 125.000      ; -0.096     ; 2.327      ;
; 122.587 ; rst       ; gameboy:dut|PPU_Wrapper:ppu|OAM_Search:oam_search|sort_i[3]                                               ; CLOCK_50     ; CLOCK2_50   ; 125.000      ; -0.085     ; 2.307      ;
; 122.587 ; rst       ; gameboy:dut|PPU_Wrapper:ppu|OAM_Search:oam_search|sort_i[2]                                               ; CLOCK_50     ; CLOCK2_50   ; 125.000      ; -0.085     ; 2.307      ;
; 122.587 ; rst       ; gameboy:dut|PPU_Wrapper:ppu|OAM_Search:oam_search|sort_i[1]                                               ; CLOCK_50     ; CLOCK2_50   ; 125.000      ; -0.085     ; 2.307      ;
; 122.587 ; rst       ; gameboy:dut|PPU_Wrapper:ppu|OAM_Search:oam_search|sort_i[0]                                               ; CLOCK_50     ; CLOCK2_50   ; 125.000      ; -0.085     ; 2.307      ;
; 122.810 ; rst       ; gameboy:dut|PPU_Wrapper:ppu|Pixel_Gen:Pixel_Gen_inst|Render_Sprites:render_sprites_inst|state.IDLE        ; CLOCK_50     ; CLOCK2_50   ; 125.000      ; -0.083     ; 2.086      ;
; 122.810 ; rst       ; gameboy:dut|PPU_Wrapper:ppu|OAM_Search:oam_search|state.OAM_DONE                                          ; CLOCK_50     ; CLOCK2_50   ; 125.000      ; -0.083     ; 2.086      ;
; 122.810 ; rst       ; gameboy:dut|PPU_Wrapper:ppu|OAM_Search:oam_search|state.OAM_SORT                                          ; CLOCK_50     ; CLOCK2_50   ; 125.000      ; -0.083     ; 2.086      ;
; 122.810 ; rst       ; gameboy:dut|PPU_Wrapper:ppu|OAM_Search:oam_search|sort_phase                                              ; CLOCK_50     ; CLOCK2_50   ; 125.000      ; -0.083     ; 2.086      ;
; 122.810 ; rst       ; gameboy:dut|PPU_Wrapper:ppu|OAM_Search:oam_search|sort_j[3]                                               ; CLOCK_50     ; CLOCK2_50   ; 125.000      ; -0.083     ; 2.086      ;
; 122.810 ; rst       ; gameboy:dut|PPU_Wrapper:ppu|OAM_Search:oam_search|sort_j[2]                                               ; CLOCK_50     ; CLOCK2_50   ; 125.000      ; -0.083     ; 2.086      ;
; 122.810 ; rst       ; gameboy:dut|PPU_Wrapper:ppu|OAM_Search:oam_search|state.OAM_IDLE                                          ; CLOCK_50     ; CLOCK2_50   ; 125.000      ; -0.083     ; 2.086      ;
; 122.813 ; rst       ; gameboy:dut|PPU_Wrapper:ppu|PPU_Mode_controller:mode_ctrl|fifo_clear                                      ; CLOCK_50     ; CLOCK2_50   ; 125.000      ; -0.082     ; 2.084      ;
; 122.813 ; rst       ; gameboy:dut|PPU_Wrapper:ppu|PPU_Mode_controller:mode_ctrl|dot[4]                                          ; CLOCK_50     ; CLOCK2_50   ; 125.000      ; -0.082     ; 2.084      ;
; 122.813 ; rst       ; gameboy:dut|PPU_Wrapper:ppu|PPU_Mode_controller:mode_ctrl|dot[8]                                          ; CLOCK_50     ; CLOCK2_50   ; 125.000      ; -0.082     ; 2.084      ;
; 122.813 ; rst       ; gameboy:dut|PPU_Wrapper:ppu|PPU_Mode_controller:mode_ctrl|dot[7]                                          ; CLOCK_50     ; CLOCK2_50   ; 125.000      ; -0.082     ; 2.084      ;
; 122.813 ; rst       ; gameboy:dut|PPU_Wrapper:ppu|PPU_Mode_controller:mode_ctrl|dot[6]                                          ; CLOCK_50     ; CLOCK2_50   ; 125.000      ; -0.082     ; 2.084      ;
; 122.813 ; rst       ; gameboy:dut|PPU_Wrapper:ppu|PPU_Mode_controller:mode_ctrl|dot[5]                                          ; CLOCK_50     ; CLOCK2_50   ; 125.000      ; -0.082     ; 2.084      ;
; 122.813 ; rst       ; gameboy:dut|PPU_Wrapper:ppu|PPU_Mode_controller:mode_ctrl|dot[3]                                          ; CLOCK_50     ; CLOCK2_50   ; 125.000      ; -0.082     ; 2.084      ;
; 122.813 ; rst       ; gameboy:dut|PPU_Wrapper:ppu|PPU_Mode_controller:mode_ctrl|dot[2]                                          ; CLOCK_50     ; CLOCK2_50   ; 125.000      ; -0.082     ; 2.084      ;
; 122.813 ; rst       ; gameboy:dut|PPU_Wrapper:ppu|PPU_Mode_controller:mode_ctrl|dot[1]                                          ; CLOCK_50     ; CLOCK2_50   ; 125.000      ; -0.082     ; 2.084      ;
; 122.813 ; rst       ; gameboy:dut|PPU_Wrapper:ppu|PPU_Mode_controller:mode_ctrl|dot[0]                                          ; CLOCK_50     ; CLOCK2_50   ; 125.000      ; -0.082     ; 2.084      ;
; 122.816 ; rst       ; gameboy:dut|PPU_Wrapper:ppu|Pixel_Gen:Pixel_Gen_inst|FIFO:sprite_fifo_inst|count[6]                       ; CLOCK_50     ; CLOCK2_50   ; 125.000      ; -0.082     ; 2.081      ;
; 122.816 ; rst       ; gameboy:dut|PPU_Wrapper:ppu|Pixel_Gen:Pixel_Gen_inst|FIFO:sprite_fifo_inst|count[5]                       ; CLOCK_50     ; CLOCK2_50   ; 125.000      ; -0.082     ; 2.081      ;
; 122.816 ; rst       ; gameboy:dut|PPU_Wrapper:ppu|Pixel_Gen:Pixel_Gen_inst|FIFO:sprite_fifo_inst|count[4]                       ; CLOCK_50     ; CLOCK2_50   ; 125.000      ; -0.082     ; 2.081      ;
; 122.816 ; rst       ; gameboy:dut|PPU_Wrapper:ppu|Pixel_Gen:Pixel_Gen_inst|FIFO:sprite_fifo_inst|count[3]                       ; CLOCK_50     ; CLOCK2_50   ; 125.000      ; -0.082     ; 2.081      ;
; 122.816 ; rst       ; gameboy:dut|PPU_Wrapper:ppu|Pixel_Gen:Pixel_Gen_inst|FIFO:sprite_fifo_inst|count[2]                       ; CLOCK_50     ; CLOCK2_50   ; 125.000      ; -0.082     ; 2.081      ;
; 122.816 ; rst       ; gameboy:dut|PPU_Wrapper:ppu|Pixel_Gen:Pixel_Gen_inst|FIFO:sprite_fifo_inst|count[1]                       ; CLOCK_50     ; CLOCK2_50   ; 125.000      ; -0.082     ; 2.081      ;
; 122.816 ; rst       ; gameboy:dut|PPU_Wrapper:ppu|Pixel_Gen:Pixel_Gen_inst|FIFO:sprite_fifo_inst|count[0]                       ; CLOCK_50     ; CLOCK2_50   ; 125.000      ; -0.082     ; 2.081      ;
; 122.843 ; rst       ; gameboy:dut|PPU_Wrapper:ppu|OAM_Search:oam_search|selected_count[1]                                       ; CLOCK_50     ; CLOCK2_50   ; 125.000      ; -0.083     ; 2.053      ;
; 122.843 ; rst       ; gameboy:dut|PPU_Wrapper:ppu|OAM_Search:oam_search|selected_count[3]                                       ; CLOCK_50     ; CLOCK2_50   ; 125.000      ; -0.083     ; 2.053      ;
; 122.843 ; rst       ; gameboy:dut|PPU_Wrapper:ppu|OAM_Search:oam_search|selected_count[0]                                       ; CLOCK_50     ; CLOCK2_50   ; 125.000      ; -0.083     ; 2.053      ;
; 122.843 ; rst       ; gameboy:dut|PPU_Wrapper:ppu|OAM_Search:oam_search|selected_count[2]                                       ; CLOCK_50     ; CLOCK2_50   ; 125.000      ; -0.083     ; 2.053      ;
; 122.900 ; rst       ; gameboy:dut|PPU_Wrapper:ppu|Pixel_Gen:Pixel_Gen_inst|Render_Sprites:render_sprites_inst|state.DONE        ; CLOCK_50     ; CLOCK2_50   ; 125.000      ; -0.083     ; 1.996      ;
; 122.900 ; rst       ; gameboy:dut|PPU_Wrapper:ppu|Pixel_Gen:Pixel_Gen_inst|Render_Sprites:render_sprites_inst|state.DUMP_PIXELS ; CLOCK_50     ; CLOCK2_50   ; 125.000      ; -0.083     ; 1.996      ;
; 122.900 ; rst       ; gameboy:dut|PPU_Wrapper:ppu|Pixel_Gen:Pixel_Gen_inst|Render_Sprites:render_sprites_inst|state.FETCH_TILE  ; CLOCK_50     ; CLOCK2_50   ; 125.000      ; -0.083     ; 1.996      ;
; 122.900 ; rst       ; gameboy:dut|PPU_Wrapper:ppu|Pixel_Gen:Pixel_Gen_inst|Render_Sprites:render_sprites_inst|state.SCAN_CHECK  ; CLOCK_50     ; CLOCK2_50   ; 125.000      ; -0.083     ; 1.996      ;
; 122.916 ; rst       ; gameboy:dut|PPU_Wrapper:ppu|Pixel_Gen:Pixel_Gen_inst|Render_Sprites:render_sprites_inst|x_coord[2]        ; CLOCK_50     ; CLOCK2_50   ; 125.000      ; -0.087     ; 1.976      ;
; 123.092 ; rst       ; gameboy:dut|PPU_Wrapper:ppu|Pixel_Gen:Pixel_Gen_inst|Render_Sprites:render_sprites_inst|pixel_index[2]    ; CLOCK_50     ; CLOCK2_50   ; 125.000      ; -0.084     ; 1.803      ;
; 123.092 ; rst       ; gameboy:dut|PPU_Wrapper:ppu|Pixel_Gen:Pixel_Gen_inst|Render_Sprites:render_sprites_inst|pixel_index[1]    ; CLOCK_50     ; CLOCK2_50   ; 125.000      ; -0.084     ; 1.803      ;
; 123.092 ; rst       ; gameboy:dut|PPU_Wrapper:ppu|Pixel_Gen:Pixel_Gen_inst|Render_Sprites:render_sprites_inst|pixel_index[0]    ; CLOCK_50     ; CLOCK2_50   ; 125.000      ; -0.084     ; 1.803      ;
; 123.139 ; rst       ; gameboy:dut|PPU_Wrapper:ppu|Pixel_Gen:Pixel_Gen_inst|Render_Sprites:render_sprites_inst|use_sprite        ; CLOCK_50     ; CLOCK2_50   ; 125.000      ; -0.083     ; 1.757      ;
; 123.158 ; rst       ; gameboy:dut|PPU_Wrapper:ppu|Pixel_Gen:Pixel_Gen_inst|Render_Sprites:render_sprites_inst|x_coord[8]        ; CLOCK_50     ; CLOCK2_50   ; 125.000      ; -0.086     ; 1.735      ;
; 123.158 ; rst       ; gameboy:dut|PPU_Wrapper:ppu|Pixel_Gen:Pixel_Gen_inst|Render_Sprites:render_sprites_inst|x_coord[5]        ; CLOCK_50     ; CLOCK2_50   ; 125.000      ; -0.086     ; 1.735      ;
; 123.158 ; rst       ; gameboy:dut|PPU_Wrapper:ppu|Pixel_Gen:Pixel_Gen_inst|Render_Sprites:render_sprites_inst|x_coord[9]        ; CLOCK_50     ; CLOCK2_50   ; 125.000      ; -0.086     ; 1.735      ;
; 123.158 ; rst       ; gameboy:dut|PPU_Wrapper:ppu|Pixel_Gen:Pixel_Gen_inst|Render_Sprites:render_sprites_inst|x_coord[7]        ; CLOCK_50     ; CLOCK2_50   ; 125.000      ; -0.086     ; 1.735      ;
; 123.158 ; rst       ; gameboy:dut|PPU_Wrapper:ppu|Pixel_Gen:Pixel_Gen_inst|Render_Sprites:render_sprites_inst|x_coord[6]        ; CLOCK_50     ; CLOCK2_50   ; 125.000      ; -0.086     ; 1.735      ;
; 123.158 ; rst       ; gameboy:dut|PPU_Wrapper:ppu|Pixel_Gen:Pixel_Gen_inst|Render_Sprites:render_sprites_inst|x_coord[4]        ; CLOCK_50     ; CLOCK2_50   ; 125.000      ; -0.086     ; 1.735      ;
; 123.158 ; rst       ; gameboy:dut|PPU_Wrapper:ppu|Pixel_Gen:Pixel_Gen_inst|Render_Sprites:render_sprites_inst|x_coord[3]        ; CLOCK_50     ; CLOCK2_50   ; 125.000      ; -0.086     ; 1.735      ;
; 123.478 ; rst       ; gameboy:dut|PPU_Wrapper:ppu|Pixel_Gen:Pixel_Gen_inst|Render_Sprites:render_sprites_inst|x_coord[1]        ; CLOCK_50     ; CLOCK2_50   ; 125.000      ; -0.091     ; 1.410      ;
; 123.478 ; rst       ; gameboy:dut|PPU_Wrapper:ppu|Pixel_Gen:Pixel_Gen_inst|Render_Sprites:render_sprites_inst|x_coord[0]        ; CLOCK_50     ; CLOCK2_50   ; 125.000      ; -0.091     ; 1.410      ;
+---------+-----------+-----------------------------------------------------------------------------------------------------------+--------------+-------------+--------------+------------+------------+


+-----------------------------------------------------------------------------------------------------------------------------------------------------------------------------------------------------+
; Slow 1200mV 0C Model Removal: 'CLOCK2_50'                                                                                                                                                           ;
+-------+-----------+-----------------------------------------------------------------------------------------------------------+--------------+-------------+--------------+------------+------------+
; Slack ; From Node ; To Node                                                                                                   ; Launch Clock ; Latch Clock ; Relationship ; Clock Skew ; Data Delay ;
+-------+-----------+-----------------------------------------------------------------------------------------------------------+--------------+-------------+--------------+------------+------------+
; 0.990 ; rst       ; gameboy:dut|PPU_Wrapper:ppu|Pixel_Gen:Pixel_Gen_inst|Render_Sprites:render_sprites_inst|x_coord[1]        ; CLOCK_50     ; CLOCK2_50   ; 0.000        ; 0.111      ; 1.312      ;
; 0.990 ; rst       ; gameboy:dut|PPU_Wrapper:ppu|Pixel_Gen:Pixel_Gen_inst|Render_Sprites:render_sprites_inst|x_coord[0]        ; CLOCK_50     ; CLOCK2_50   ; 0.000        ; 0.111      ; 1.312      ;
; 1.304 ; rst       ; gameboy:dut|PPU_Wrapper:ppu|Pixel_Gen:Pixel_Gen_inst|Render_Sprites:render_sprites_inst|x_coord[8]        ; CLOCK_50     ; CLOCK2_50   ; 0.000        ; 0.115      ; 1.630      ;
; 1.304 ; rst       ; gameboy:dut|PPU_Wrapper:ppu|Pixel_Gen:Pixel_Gen_inst|Render_Sprites:render_sprites_inst|x_coord[5]        ; CLOCK_50     ; CLOCK2_50   ; 0.000        ; 0.115      ; 1.630      ;
; 1.304 ; rst       ; gameboy:dut|PPU_Wrapper:ppu|Pixel_Gen:Pixel_Gen_inst|Render_Sprites:render_sprites_inst|x_coord[9]        ; CLOCK_50     ; CLOCK2_50   ; 0.000        ; 0.115      ; 1.630      ;
; 1.304 ; rst       ; gameboy:dut|PPU_Wrapper:ppu|Pixel_Gen:Pixel_Gen_inst|Render_Sprites:render_sprites_inst|x_coord[7]        ; CLOCK_50     ; CLOCK2_50   ; 0.000        ; 0.115      ; 1.630      ;
; 1.304 ; rst       ; gameboy:dut|PPU_Wrapper:ppu|Pixel_Gen:Pixel_Gen_inst|Render_Sprites:render_sprites_inst|x_coord[6]        ; CLOCK_50     ; CLOCK2_50   ; 0.000        ; 0.115      ; 1.630      ;
; 1.304 ; rst       ; gameboy:dut|PPU_Wrapper:ppu|Pixel_Gen:Pixel_Gen_inst|Render_Sprites:render_sprites_inst|x_coord[4]        ; CLOCK_50     ; CLOCK2_50   ; 0.000        ; 0.115      ; 1.630      ;
; 1.304 ; rst       ; gameboy:dut|PPU_Wrapper:ppu|Pixel_Gen:Pixel_Gen_inst|Render_Sprites:render_sprites_inst|x_coord[3]        ; CLOCK_50     ; CLOCK2_50   ; 0.000        ; 0.115      ; 1.630      ;
; 1.313 ; rst       ; gameboy:dut|PPU_Wrapper:ppu|Pixel_Gen:Pixel_Gen_inst|Render_Sprites:render_sprites_inst|use_sprite        ; CLOCK_50     ; CLOCK2_50   ; 0.000        ; 0.119      ; 1.643      ;
; 1.352 ; rst       ; gameboy:dut|PPU_Wrapper:ppu|Pixel_Gen:Pixel_Gen_inst|Render_Sprites:render_sprites_inst|pixel_index[2]    ; CLOCK_50     ; CLOCK2_50   ; 0.000        ; 0.118      ; 1.681      ;
; 1.352 ; rst       ; gameboy:dut|PPU_Wrapper:ppu|Pixel_Gen:Pixel_Gen_inst|Render_Sprites:render_sprites_inst|pixel_index[1]    ; CLOCK_50     ; CLOCK2_50   ; 0.000        ; 0.118      ; 1.681      ;
; 1.352 ; rst       ; gameboy:dut|PPU_Wrapper:ppu|Pixel_Gen:Pixel_Gen_inst|Render_Sprites:render_sprites_inst|pixel_index[0]    ; CLOCK_50     ; CLOCK2_50   ; 0.000        ; 0.118      ; 1.681      ;
; 1.545 ; rst       ; gameboy:dut|PPU_Wrapper:ppu|Pixel_Gen:Pixel_Gen_inst|Render_Sprites:render_sprites_inst|x_coord[2]        ; CLOCK_50     ; CLOCK2_50   ; 0.000        ; 0.115      ; 1.871      ;
; 1.581 ; rst       ; gameboy:dut|PPU_Wrapper:ppu|Pixel_Gen:Pixel_Gen_inst|Render_Sprites:render_sprites_inst|state.DONE        ; CLOCK_50     ; CLOCK2_50   ; 0.000        ; 0.119      ; 1.911      ;
; 1.581 ; rst       ; gameboy:dut|PPU_Wrapper:ppu|Pixel_Gen:Pixel_Gen_inst|Render_Sprites:render_sprites_inst|state.DUMP_PIXELS ; CLOCK_50     ; CLOCK2_50   ; 0.000        ; 0.119      ; 1.911      ;
; 1.581 ; rst       ; gameboy:dut|PPU_Wrapper:ppu|Pixel_Gen:Pixel_Gen_inst|Render_Sprites:render_sprites_inst|state.FETCH_TILE  ; CLOCK_50     ; CLOCK2_50   ; 0.000        ; 0.119      ; 1.911      ;
; 1.581 ; rst       ; gameboy:dut|PPU_Wrapper:ppu|Pixel_Gen:Pixel_Gen_inst|Render_Sprites:render_sprites_inst|state.SCAN_CHECK  ; CLOCK_50     ; CLOCK2_50   ; 0.000        ; 0.119      ; 1.911      ;
; 1.614 ; rst       ; gameboy:dut|PPU_Wrapper:ppu|OAM_Search:oam_search|selected_count[1]                                       ; CLOCK_50     ; CLOCK2_50   ; 0.000        ; 0.119      ; 1.944      ;
; 1.614 ; rst       ; gameboy:dut|PPU_Wrapper:ppu|OAM_Search:oam_search|selected_count[3]                                       ; CLOCK_50     ; CLOCK2_50   ; 0.000        ; 0.119      ; 1.944      ;
; 1.614 ; rst       ; gameboy:dut|PPU_Wrapper:ppu|OAM_Search:oam_search|selected_count[0]                                       ; CLOCK_50     ; CLOCK2_50   ; 0.000        ; 0.119      ; 1.944      ;
; 1.614 ; rst       ; gameboy:dut|PPU_Wrapper:ppu|OAM_Search:oam_search|selected_count[2]                                       ; CLOCK_50     ; CLOCK2_50   ; 0.000        ; 0.119      ; 1.944      ;
; 1.635 ; rst       ; gameboy:dut|PPU_Wrapper:ppu|Pixel_Gen:Pixel_Gen_inst|FIFO:sprite_fifo_inst|count[6]                       ; CLOCK_50     ; CLOCK2_50   ; 0.000        ; 0.120      ; 1.966      ;
; 1.635 ; rst       ; gameboy:dut|PPU_Wrapper:ppu|Pixel_Gen:Pixel_Gen_inst|FIFO:sprite_fifo_inst|count[5]                       ; CLOCK_50     ; CLOCK2_50   ; 0.000        ; 0.120      ; 1.966      ;
; 1.635 ; rst       ; gameboy:dut|PPU_Wrapper:ppu|Pixel_Gen:Pixel_Gen_inst|FIFO:sprite_fifo_inst|count[4]                       ; CLOCK_50     ; CLOCK2_50   ; 0.000        ; 0.120      ; 1.966      ;
; 1.635 ; rst       ; gameboy:dut|PPU_Wrapper:ppu|Pixel_Gen:Pixel_Gen_inst|FIFO:sprite_fifo_inst|count[3]                       ; CLOCK_50     ; CLOCK2_50   ; 0.000        ; 0.120      ; 1.966      ;
; 1.635 ; rst       ; gameboy:dut|PPU_Wrapper:ppu|Pixel_Gen:Pixel_Gen_inst|FIFO:sprite_fifo_inst|count[2]                       ; CLOCK_50     ; CLOCK2_50   ; 0.000        ; 0.120      ; 1.966      ;
; 1.635 ; rst       ; gameboy:dut|PPU_Wrapper:ppu|Pixel_Gen:Pixel_Gen_inst|FIFO:sprite_fifo_inst|count[1]                       ; CLOCK_50     ; CLOCK2_50   ; 0.000        ; 0.120      ; 1.966      ;
; 1.635 ; rst       ; gameboy:dut|PPU_Wrapper:ppu|Pixel_Gen:Pixel_Gen_inst|FIFO:sprite_fifo_inst|count[0]                       ; CLOCK_50     ; CLOCK2_50   ; 0.000        ; 0.120      ; 1.966      ;
; 1.639 ; rst       ; gameboy:dut|PPU_Wrapper:ppu|PPU_Mode_controller:mode_ctrl|fifo_clear                                      ; CLOCK_50     ; CLOCK2_50   ; 0.000        ; 0.120      ; 1.970      ;
; 1.639 ; rst       ; gameboy:dut|PPU_Wrapper:ppu|PPU_Mode_controller:mode_ctrl|dot[4]                                          ; CLOCK_50     ; CLOCK2_50   ; 0.000        ; 0.120      ; 1.970      ;
; 1.639 ; rst       ; gameboy:dut|PPU_Wrapper:ppu|PPU_Mode_controller:mode_ctrl|dot[8]                                          ; CLOCK_50     ; CLOCK2_50   ; 0.000        ; 0.120      ; 1.970      ;
; 1.639 ; rst       ; gameboy:dut|PPU_Wrapper:ppu|PPU_Mode_controller:mode_ctrl|dot[7]                                          ; CLOCK_50     ; CLOCK2_50   ; 0.000        ; 0.120      ; 1.970      ;
; 1.639 ; rst       ; gameboy:dut|PPU_Wrapper:ppu|PPU_Mode_controller:mode_ctrl|dot[6]                                          ; CLOCK_50     ; CLOCK2_50   ; 0.000        ; 0.120      ; 1.970      ;
; 1.639 ; rst       ; gameboy:dut|PPU_Wrapper:ppu|PPU_Mode_controller:mode_ctrl|dot[5]                                          ; CLOCK_50     ; CLOCK2_50   ; 0.000        ; 0.120      ; 1.970      ;
; 1.639 ; rst       ; gameboy:dut|PPU_Wrapper:ppu|PPU_Mode_controller:mode_ctrl|dot[3]                                          ; CLOCK_50     ; CLOCK2_50   ; 0.000        ; 0.120      ; 1.970      ;
; 1.639 ; rst       ; gameboy:dut|PPU_Wrapper:ppu|PPU_Mode_controller:mode_ctrl|dot[2]                                          ; CLOCK_50     ; CLOCK2_50   ; 0.000        ; 0.120      ; 1.970      ;
; 1.639 ; rst       ; gameboy:dut|PPU_Wrapper:ppu|PPU_Mode_controller:mode_ctrl|dot[1]                                          ; CLOCK_50     ; CLOCK2_50   ; 0.000        ; 0.120      ; 1.970      ;
; 1.639 ; rst       ; gameboy:dut|PPU_Wrapper:ppu|PPU_Mode_controller:mode_ctrl|dot[0]                                          ; CLOCK_50     ; CLOCK2_50   ; 0.000        ; 0.120      ; 1.970      ;
; 1.643 ; rst       ; gameboy:dut|PPU_Wrapper:ppu|Pixel_Gen:Pixel_Gen_inst|Render_Sprites:render_sprites_inst|state.IDLE        ; CLOCK_50     ; CLOCK2_50   ; 0.000        ; 0.119      ; 1.973      ;
; 1.643 ; rst       ; gameboy:dut|PPU_Wrapper:ppu|OAM_Search:oam_search|state.OAM_DONE                                          ; CLOCK_50     ; CLOCK2_50   ; 0.000        ; 0.119      ; 1.973      ;
; 1.643 ; rst       ; gameboy:dut|PPU_Wrapper:ppu|OAM_Search:oam_search|state.OAM_SORT                                          ; CLOCK_50     ; CLOCK2_50   ; 0.000        ; 0.119      ; 1.973      ;
; 1.643 ; rst       ; gameboy:dut|PPU_Wrapper:ppu|OAM_Search:oam_search|sort_phase                                              ; CLOCK_50     ; CLOCK2_50   ; 0.000        ; 0.119      ; 1.973      ;
; 1.643 ; rst       ; gameboy:dut|PPU_Wrapper:ppu|OAM_Search:oam_search|sort_j[3]                                               ; CLOCK_50     ; CLOCK2_50   ; 0.000        ; 0.119      ; 1.973      ;
; 1.643 ; rst       ; gameboy:dut|PPU_Wrapper:ppu|OAM_Search:oam_search|sort_j[2]                                               ; CLOCK_50     ; CLOCK2_50   ; 0.000        ; 0.119      ; 1.973      ;
; 1.643 ; rst       ; gameboy:dut|PPU_Wrapper:ppu|OAM_Search:oam_search|state.OAM_IDLE                                          ; CLOCK_50     ; CLOCK2_50   ; 0.000        ; 0.119      ; 1.973      ;
; 1.876 ; rst       ; gameboy:dut|PPU_Wrapper:ppu|OAM_Search:oam_search|sort_i[3]                                               ; CLOCK_50     ; CLOCK2_50   ; 0.000        ; 0.117      ; 2.204      ;
; 1.876 ; rst       ; gameboy:dut|PPU_Wrapper:ppu|OAM_Search:oam_search|sort_i[2]                                               ; CLOCK_50     ; CLOCK2_50   ; 0.000        ; 0.117      ; 2.204      ;
; 1.876 ; rst       ; gameboy:dut|PPU_Wrapper:ppu|OAM_Search:oam_search|sort_i[1]                                               ; CLOCK_50     ; CLOCK2_50   ; 0.000        ; 0.117      ; 2.204      ;
; 1.876 ; rst       ; gameboy:dut|PPU_Wrapper:ppu|OAM_Search:oam_search|sort_i[0]                                               ; CLOCK_50     ; CLOCK2_50   ; 0.000        ; 0.117      ; 2.204      ;
; 1.915 ; rst       ; gameboy:dut|PPU_Wrapper:ppu|Pixel_Gen:Pixel_Gen_inst|Render_BG:render_bg_inst|scx_latched[7]              ; CLOCK_50     ; CLOCK2_50   ; 0.000        ; 0.106      ; 2.232      ;
; 1.915 ; rst       ; gameboy:dut|PPU_Wrapper:ppu|Pixel_Gen:Pixel_Gen_inst|Render_BG:render_bg_inst|scx_latched[6]              ; CLOCK_50     ; CLOCK2_50   ; 0.000        ; 0.106      ; 2.232      ;
; 1.915 ; rst       ; gameboy:dut|PPU_Wrapper:ppu|Pixel_Gen:Pixel_Gen_inst|Render_BG:render_bg_inst|scx_latched[5]              ; CLOCK_50     ; CLOCK2_50   ; 0.000        ; 0.106      ; 2.232      ;
; 1.915 ; rst       ; gameboy:dut|PPU_Wrapper:ppu|Pixel_Gen:Pixel_Gen_inst|Render_BG:render_bg_inst|scx_latched[4]              ; CLOCK_50     ; CLOCK2_50   ; 0.000        ; 0.106      ; 2.232      ;
; 1.915 ; rst       ; gameboy:dut|PPU_Wrapper:ppu|Pixel_Gen:Pixel_Gen_inst|Render_BG:render_bg_inst|scx_latched[3]              ; CLOCK_50     ; CLOCK2_50   ; 0.000        ; 0.106      ; 2.232      ;
; 1.915 ; rst       ; gameboy:dut|PPU_Wrapper:ppu|Pixel_Gen:Pixel_Gen_inst|Render_BG:render_bg_inst|pixel_total[7]              ; CLOCK_50     ; CLOCK2_50   ; 0.000        ; 0.106      ; 2.232      ;
; 1.915 ; rst       ; gameboy:dut|PPU_Wrapper:ppu|Pixel_Gen:Pixel_Gen_inst|Render_BG:render_bg_inst|pixel_total[6]              ; CLOCK_50     ; CLOCK2_50   ; 0.000        ; 0.106      ; 2.232      ;
; 1.915 ; rst       ; gameboy:dut|PPU_Wrapper:ppu|Pixel_Gen:Pixel_Gen_inst|Render_BG:render_bg_inst|pixel_total[5]              ; CLOCK_50     ; CLOCK2_50   ; 0.000        ; 0.106      ; 2.232      ;
; 1.915 ; rst       ; gameboy:dut|PPU_Wrapper:ppu|Pixel_Gen:Pixel_Gen_inst|Render_BG:render_bg_inst|pixel_total[4]              ; CLOCK_50     ; CLOCK2_50   ; 0.000        ; 0.106      ; 2.232      ;
; 4.200 ; rst       ; gameboy:dut|PPU_Wrapper:ppu|Pixel_Gen:Pixel_Gen_inst|Render_BG:render_bg_inst|state.BG_FETCH_TILE_MAP     ; CLOCK_50     ; CLOCK2_50   ; 0.000        ; 0.100      ; 4.511      ;
; 4.366 ; rst       ; gameboy:dut|PPU_Wrapper:ppu|Pixel_Mixer:pixel_mixer_inst|pixel_out_valid                                  ; CLOCK_50     ; CLOCK2_50   ; 0.000        ; 0.107      ; 4.684      ;
; 4.366 ; rst       ; gameboy:dut|PPU_Wrapper:ppu|Pixel_Gen:Pixel_Gen_inst|FIFO:bg_fifo_inst|count[4]                           ; CLOCK_50     ; CLOCK2_50   ; 0.000        ; 0.107      ; 4.684      ;
; 4.366 ; rst       ; gameboy:dut|PPU_Wrapper:ppu|Pixel_Gen:Pixel_Gen_inst|FIFO:bg_fifo_inst|count[3]                           ; CLOCK_50     ; CLOCK2_50   ; 0.000        ; 0.107      ; 4.684      ;
; 4.366 ; rst       ; gameboy:dut|PPU_Wrapper:ppu|Pixel_Gen:Pixel_Gen_inst|FIFO:bg_fifo_inst|count[2]                           ; CLOCK_50     ; CLOCK2_50   ; 0.000        ; 0.107      ; 4.684      ;
; 4.366 ; rst       ; gameboy:dut|PPU_Wrapper:ppu|Pixel_Gen:Pixel_Gen_inst|FIFO:bg_fifo_inst|count[1]                           ; CLOCK_50     ; CLOCK2_50   ; 0.000        ; 0.107      ; 4.684      ;
; 4.366 ; rst       ; gameboy:dut|PPU_Wrapper:ppu|Pixel_Gen:Pixel_Gen_inst|FIFO:bg_fifo_inst|count[0]                           ; CLOCK_50     ; CLOCK2_50   ; 0.000        ; 0.107      ; 4.684      ;
; 4.367 ; rst       ; gameboy:dut|PPU_Wrapper:ppu|Pixel_Gen:Pixel_Gen_inst|Render_BG:render_bg_inst|push_bg                     ; CLOCK_50     ; CLOCK2_50   ; 0.000        ; 0.106      ; 4.684      ;
; 4.378 ; rst       ; gameboy:dut|PPU_Wrapper:ppu|PPU_Mode_controller:mode_ctrl|mode[0]                                         ; CLOCK_50     ; CLOCK2_50   ; 0.000        ; 0.107      ; 4.696      ;
; 4.378 ; rst       ; gameboy:dut|PPU_Wrapper:ppu|PPU_Mode_controller:mode_ctrl|mode[1]                                         ; CLOCK_50     ; CLOCK2_50   ; 0.000        ; 0.107      ; 4.696      ;
; 4.378 ; rst       ; gameboy:dut|PPU_Wrapper:ppu|PPU_Mode_controller:mode_ctrl|line[4]                                         ; CLOCK_50     ; CLOCK2_50   ; 0.000        ; 0.107      ; 4.696      ;
; 4.378 ; rst       ; gameboy:dut|PPU_Wrapper:ppu|PPU_Mode_controller:mode_ctrl|line[7]                                         ; CLOCK_50     ; CLOCK2_50   ; 0.000        ; 0.107      ; 4.696      ;
; 4.378 ; rst       ; gameboy:dut|PPU_Wrapper:ppu|PPU_Mode_controller:mode_ctrl|line[6]                                         ; CLOCK_50     ; CLOCK2_50   ; 0.000        ; 0.107      ; 4.696      ;
; 4.378 ; rst       ; gameboy:dut|PPU_Wrapper:ppu|PPU_Mode_controller:mode_ctrl|line[5]                                         ; CLOCK_50     ; CLOCK2_50   ; 0.000        ; 0.107      ; 4.696      ;
; 4.378 ; rst       ; gameboy:dut|PPU_Wrapper:ppu|PPU_Mode_controller:mode_ctrl|line[3]                                         ; CLOCK_50     ; CLOCK2_50   ; 0.000        ; 0.107      ; 4.696      ;
; 4.378 ; rst       ; gameboy:dut|PPU_Wrapper:ppu|PPU_Mode_controller:mode_ctrl|line[2]                                         ; CLOCK_50     ; CLOCK2_50   ; 0.000        ; 0.107      ; 4.696      ;
; 4.378 ; rst       ; gameboy:dut|PPU_Wrapper:ppu|PPU_Mode_controller:mode_ctrl|line[1]                                         ; CLOCK_50     ; CLOCK2_50   ; 0.000        ; 0.107      ; 4.696      ;
; 4.378 ; rst       ; gameboy:dut|PPU_Wrapper:ppu|PPU_Mode_controller:mode_ctrl|line[0]                                         ; CLOCK_50     ; CLOCK2_50   ; 0.000        ; 0.107      ; 4.696      ;
; 4.586 ; rst       ; gameboy:dut|PPU_Wrapper:ppu|Pixel_Gen:Pixel_Gen_inst|Render_BG:render_bg_inst|bg_done                     ; CLOCK_50     ; CLOCK2_50   ; 0.000        ; 0.107      ; 4.904      ;
; 4.586 ; rst       ; gameboy:dut|PPU_Wrapper:ppu|Pixel_Gen:Pixel_Gen_inst|Render_Sprites:render_sprites_inst|sprite_done       ; CLOCK_50     ; CLOCK2_50   ; 0.000        ; 0.107      ; 4.904      ;
; 4.586 ; rst       ; gameboy:dut|PPU_Wrapper:ppu|Pixel_Gen:Pixel_Gen_inst|Render_BG:render_bg_inst|state.BG_PROCESS_PIXELS     ; CLOCK_50     ; CLOCK2_50   ; 0.000        ; 0.107      ; 4.904      ;
; 4.586 ; rst       ; gameboy:dut|PPU_Wrapper:ppu|Pixel_Gen:Pixel_Gen_inst|Render_BG:render_bg_inst|state.BG_FETCH_TILE_DATA    ; CLOCK_50     ; CLOCK2_50   ; 0.000        ; 0.107      ; 4.904      ;
; 4.586 ; rst       ; gameboy:dut|PPU_Wrapper:ppu|Pixel_Gen:Pixel_Gen_inst|Render_BG:render_bg_inst|state.BG_FETCH_TILE         ; CLOCK_50     ; CLOCK2_50   ; 0.000        ; 0.107      ; 4.904      ;
; 4.586 ; rst       ; gameboy:dut|PPU_Wrapper:ppu|Pixel_Gen:Pixel_Gen_inst|Render_BG:render_bg_inst|pixel_index[0]              ; CLOCK_50     ; CLOCK2_50   ; 0.000        ; 0.107      ; 4.904      ;
; 4.586 ; rst       ; gameboy:dut|PPU_Wrapper:ppu|Pixel_Gen:Pixel_Gen_inst|Render_BG:render_bg_inst|state.BG_IDLE               ; CLOCK_50     ; CLOCK2_50   ; 0.000        ; 0.107      ; 4.904      ;
; 4.586 ; rst       ; gameboy:dut|PPU_Wrapper:ppu|Pixel_Gen:Pixel_Gen_inst|Render_BG:render_bg_inst|state.BG_DONE               ; CLOCK_50     ; CLOCK2_50   ; 0.000        ; 0.107      ; 4.904      ;
; 4.586 ; rst       ; gameboy:dut|PPU_Wrapper:ppu|Pixel_Gen:Pixel_Gen_inst|Render_BG:render_bg_inst|pixel_index[2]              ; CLOCK_50     ; CLOCK2_50   ; 0.000        ; 0.107      ; 4.904      ;
; 4.586 ; rst       ; gameboy:dut|PPU_Wrapper:ppu|Pixel_Gen:Pixel_Gen_inst|Render_BG:render_bg_inst|pixel_index[1]              ; CLOCK_50     ; CLOCK2_50   ; 0.000        ; 0.107      ; 4.904      ;
; 4.586 ; rst       ; gameboy:dut|PPU_Wrapper:ppu|Pixel_Gen:Pixel_Gen_inst|Render_BG:render_bg_inst|pixel_total[3]              ; CLOCK_50     ; CLOCK2_50   ; 0.000        ; 0.107      ; 4.904      ;
; 4.874 ; rst       ; gameboy:dut|PPU_Wrapper:ppu|OAM_Search:oam_search|state.OAM_FETCH                                         ; CLOCK_50     ; CLOCK2_50   ; 0.000        ; 0.119      ; 5.204      ;
; 4.874 ; rst       ; gameboy:dut|PPU_Wrapper:ppu|OAM_Search:oam_search|oam_index[0]                                            ; CLOCK_50     ; CLOCK2_50   ; 0.000        ; 0.119      ; 5.204      ;
; 4.874 ; rst       ; gameboy:dut|PPU_Wrapper:ppu|OAM_Search:oam_search|oam_index[5]                                            ; CLOCK_50     ; CLOCK2_50   ; 0.000        ; 0.119      ; 5.204      ;
; 4.874 ; rst       ; gameboy:dut|PPU_Wrapper:ppu|OAM_Search:oam_search|oam_index[4]                                            ; CLOCK_50     ; CLOCK2_50   ; 0.000        ; 0.119      ; 5.204      ;
; 4.874 ; rst       ; gameboy:dut|PPU_Wrapper:ppu|OAM_Search:oam_search|oam_index[3]                                            ; CLOCK_50     ; CLOCK2_50   ; 0.000        ; 0.119      ; 5.204      ;
; 4.874 ; rst       ; gameboy:dut|PPU_Wrapper:ppu|OAM_Search:oam_search|oam_index[2]                                            ; CLOCK_50     ; CLOCK2_50   ; 0.000        ; 0.119      ; 5.204      ;
; 4.874 ; rst       ; gameboy:dut|PPU_Wrapper:ppu|OAM_Search:oam_search|oam_index[1]                                            ; CLOCK_50     ; CLOCK2_50   ; 0.000        ; 0.119      ; 5.204      ;
+-------+-----------+-----------------------------------------------------------------------------------------------------------+--------------+-------------+--------------+------------+------------+


----------------------------------------------
; Slow 1200mV 0C Model Metastability Summary ;
----------------------------------------------
The design MTBF is not calculated because there are no specified synchronizers in the design.
Number of Synchronizer Chains Found: 43
Shortest Synchronizer Chain: 2 Registers
Fraction of Chains for which MTBFs Could Not be Calculated: 1.000
Worst Case Available Settling Time: 202.333 ns




+-------------------------------------+
; Fast 1200mV 0C Model Setup Summary  ;
+-----------+---------+---------------+
; Clock     ; Slack   ; End Point TNS ;
+-----------+---------+---------------+
; CLOCK2_50 ; 100.459 ; 0.000         ;
; CLOCK_50  ; 102.158 ; 0.000         ;
+-----------+---------+---------------+


+-----------------------------------+
; Fast 1200mV 0C Model Hold Summary ;
+-----------+-------+---------------+
; Clock     ; Slack ; End Point TNS ;
+-----------+-------+---------------+
; CLOCK2_50 ; 0.180 ; 0.000         ;
; CLOCK_50  ; 0.181 ; 0.000         ;
+-----------+-------+---------------+


+---------------------------------------+
; Fast 1200mV 0C Model Recovery Summary ;
+-----------+---------+-----------------+
; Clock     ; Slack   ; End Point TNS   ;
+-----------+---------+-----------------+
; CLOCK2_50 ; 121.601 ; 0.000           ;
+-----------+---------+-----------------+


+--------------------------------------+
; Fast 1200mV 0C Model Removal Summary ;
+-----------+-------+------------------+
; Clock     ; Slack ; End Point TNS    ;
+-----------+-------+------------------+
; CLOCK2_50 ; 0.486 ; 0.000            ;
+-----------+-------+------------------+


+--------------------------------------------------+
; Fast 1200mV 0C Model Minimum Pulse Width Summary ;
+-----------+---------+----------------------------+
; Clock     ; Slack   ; End Point TNS              ;
+-----------+---------+----------------------------+
; CLOCK_50  ; 51.872  ; 0.000                      ;
; CLOCK2_50 ; 124.436 ; 0.000                      ;
+-----------+---------+----------------------------+


+----------------------------------------------------------------------------------------------------------------------------------------------------------------------------------------------------------------------------------------------------------------------------------------+
; Fast 1200mV 0C Model Setup: 'CLOCK2_50'                                                                                                                                                                                                                                                ;
+---------+------------------------------------------------------------------------------------------------------------------------------------------+-------------------------------------------------------------+--------------+-------------+--------------+------------+------------+
; Slack   ; From Node                                                                                                                                ; To Node                                                     ; Launch Clock ; Latch Clock ; Relationship ; Clock Skew ; Data Delay ;
+---------+------------------------------------------------------------------------------------------------------------------------------------------+-------------------------------------------------------------+--------------+-------------+--------------+------------+------------+
; 100.459 ; gameboy:dut|MMU:mmu|BRAM_handler:memory_units|ROM_BANK:rom0|altsyncram:altsyncram_component|altsyncram_81a1:auto_generated|ram_block1a5  ; gameboy:dut|MMU:mmu|IO_handler:io_registers|cpu_out_data[1] ; CLOCK_50     ; CLOCK2_50   ; 125.000      ; -0.177     ; 24.331     ;
; 100.463 ; gameboy:dut|MMU:mmu|BRAM_handler:memory_units|ROM_BANK:rom0|altsyncram:altsyncram_component|altsyncram_81a1:auto_generated|ram_block1a5  ; gameboy:dut|MMU:mmu|IO_handler:io_registers|cpu_out_data[4] ; CLOCK_50     ; CLOCK2_50   ; 125.000      ; -0.172     ; 24.332     ;
; 100.491 ; gameboy:dut|MMU:mmu|BRAM_handler:memory_units|ROM_BANK:rom0|altsyncram:altsyncram_component|altsyncram_81a1:auto_generated|ram_block1a5  ; gameboy:dut|MMU:mmu|IO_handler:io_registers|cpu_out_data[5] ; CLOCK_50     ; CLOCK2_50   ; 125.000      ; -0.177     ; 24.299     ;
; 100.501 ; gameboy:dut|MMU:mmu|BRAM_handler:memory_units|ROM_BANK:rom0|altsyncram:altsyncram_component|altsyncram_81a1:auto_generated|ram_block1a30 ; gameboy:dut|MMU:mmu|IO_handler:io_registers|cpu_out_data[1] ; CLOCK_50     ; CLOCK2_50   ; 125.000      ; -0.171     ; 24.295     ;
; 100.505 ; gameboy:dut|MMU:mmu|BRAM_handler:memory_units|ROM_BANK:rom0|altsyncram:altsyncram_component|altsyncram_81a1:auto_generated|ram_block1a30 ; gameboy:dut|MMU:mmu|IO_handler:io_registers|cpu_out_data[4] ; CLOCK_50     ; CLOCK2_50   ; 125.000      ; -0.166     ; 24.296     ;
; 100.522 ; gameboy:dut|MMU:mmu|BRAM_handler:memory_units|ROM_BANK:rom0|altsyncram:altsyncram_component|altsyncram_81a1:auto_generated|ram_block1a5  ; gameboy:dut|MMU:mmu|IO_handler:io_registers|cpu_out_data[0] ; CLOCK_50     ; CLOCK2_50   ; 125.000      ; -0.177     ; 24.268     ;
; 100.533 ; gameboy:dut|MMU:mmu|BRAM_handler:memory_units|ROM_BANK:rom0|altsyncram:altsyncram_component|altsyncram_81a1:auto_generated|ram_block1a30 ; gameboy:dut|MMU:mmu|IO_handler:io_registers|cpu_out_data[5] ; CLOCK_50     ; CLOCK2_50   ; 125.000      ; -0.171     ; 24.263     ;
; 100.564 ; gameboy:dut|MMU:mmu|BRAM_handler:memory_units|ROM_BANK:rom0|altsyncram:altsyncram_component|altsyncram_81a1:auto_generated|ram_block1a30 ; gameboy:dut|MMU:mmu|IO_handler:io_registers|cpu_out_data[0] ; CLOCK_50     ; CLOCK2_50   ; 125.000      ; -0.171     ; 24.232     ;
; 100.608 ; gameboy:dut|MMU:mmu|BRAM_handler:memory_units|ROM_BANK:rom0|altsyncram:altsyncram_component|altsyncram_81a1:auto_generated|ram_block1a5  ; gameboy:dut|MMU:mmu|IO_handler:io_registers|cpu_out_data[2] ; CLOCK_50     ; CLOCK2_50   ; 125.000      ; -0.177     ; 24.182     ;
; 100.621 ; gameboy:dut|MMU:mmu|BRAM_handler:memory_units|ROM_BANK:rom0|altsyncram:altsyncram_component|altsyncram_81a1:auto_generated|ram_block1a14 ; gameboy:dut|MMU:mmu|IO_handler:io_registers|cpu_out_data[1] ; CLOCK_50     ; CLOCK2_50   ; 125.000      ; -0.185     ; 24.161     ;
; 100.625 ; gameboy:dut|MMU:mmu|BRAM_handler:memory_units|ROM_BANK:rom0|altsyncram:altsyncram_component|altsyncram_81a1:auto_generated|ram_block1a14 ; gameboy:dut|MMU:mmu|IO_handler:io_registers|cpu_out_data[4] ; CLOCK_50     ; CLOCK2_50   ; 125.000      ; -0.180     ; 24.162     ;
; 100.626 ; gameboy:dut|MMU:mmu|BRAM_handler:memory_units|ROM_BANK:rom0|altsyncram:altsyncram_component|altsyncram_81a1:auto_generated|ram_block1a2  ; gameboy:dut|MMU:mmu|IO_handler:io_registers|cpu_out_data[1] ; CLOCK_50     ; CLOCK2_50   ; 125.000      ; -0.171     ; 24.170     ;
; 100.630 ; gameboy:dut|MMU:mmu|BRAM_handler:memory_units|ROM_BANK:rom0|altsyncram:altsyncram_component|altsyncram_81a1:auto_generated|ram_block1a2  ; gameboy:dut|MMU:mmu|IO_handler:io_registers|cpu_out_data[4] ; CLOCK_50     ; CLOCK2_50   ; 125.000      ; -0.166     ; 24.171     ;
; 100.650 ; gameboy:dut|MMU:mmu|BRAM_handler:memory_units|ROM_BANK:rom0|altsyncram:altsyncram_component|altsyncram_81a1:auto_generated|ram_block1a30 ; gameboy:dut|MMU:mmu|IO_handler:io_registers|cpu_out_data[2] ; CLOCK_50     ; CLOCK2_50   ; 125.000      ; -0.171     ; 24.146     ;
; 100.653 ; gameboy:dut|MMU:mmu|BRAM_handler:memory_units|ROM_BANK:rom0|altsyncram:altsyncram_component|altsyncram_81a1:auto_generated|ram_block1a14 ; gameboy:dut|MMU:mmu|IO_handler:io_registers|cpu_out_data[5] ; CLOCK_50     ; CLOCK2_50   ; 125.000      ; -0.185     ; 24.129     ;
; 100.658 ; gameboy:dut|MMU:mmu|BRAM_handler:memory_units|ROM_BANK:rom0|altsyncram:altsyncram_component|altsyncram_81a1:auto_generated|ram_block1a2  ; gameboy:dut|MMU:mmu|IO_handler:io_registers|cpu_out_data[5] ; CLOCK_50     ; CLOCK2_50   ; 125.000      ; -0.171     ; 24.138     ;
; 100.659 ; gameboy:dut|MMU:mmu|BRAM_handler:memory_units|ROM_BANK:rom0|altsyncram:altsyncram_component|altsyncram_81a1:auto_generated|ram_block1a10 ; gameboy:dut|MMU:mmu|IO_handler:io_registers|cpu_out_data[1] ; CLOCK_50     ; CLOCK2_50   ; 125.000      ; -0.198     ; 24.110     ;
; 100.661 ; gameboy:dut|MMU:mmu|BRAM_handler:memory_units|ROM_BANK:rom0|altsyncram:altsyncram_component|altsyncram_81a1:auto_generated|ram_block1a5  ; gameboy:dut|MMU:mmu|IO_handler:io_registers|cpu_out_data[6] ; CLOCK_50     ; CLOCK2_50   ; 125.000      ; -0.177     ; 24.129     ;
; 100.663 ; gameboy:dut|MMU:mmu|BRAM_handler:memory_units|ROM_BANK:rom0|altsyncram:altsyncram_component|altsyncram_81a1:auto_generated|ram_block1a10 ; gameboy:dut|MMU:mmu|IO_handler:io_registers|cpu_out_data[4] ; CLOCK_50     ; CLOCK2_50   ; 125.000      ; -0.193     ; 24.111     ;
; 100.684 ; gameboy:dut|MMU:mmu|BRAM_handler:memory_units|ROM_BANK:rom0|altsyncram:altsyncram_component|altsyncram_81a1:auto_generated|ram_block1a14 ; gameboy:dut|MMU:mmu|IO_handler:io_registers|cpu_out_data[0] ; CLOCK_50     ; CLOCK2_50   ; 125.000      ; -0.185     ; 24.098     ;
; 100.689 ; gameboy:dut|MMU:mmu|BRAM_handler:memory_units|ROM_BANK:rom0|altsyncram:altsyncram_component|altsyncram_81a1:auto_generated|ram_block1a2  ; gameboy:dut|MMU:mmu|IO_handler:io_registers|cpu_out_data[0] ; CLOCK_50     ; CLOCK2_50   ; 125.000      ; -0.171     ; 24.107     ;
; 100.691 ; gameboy:dut|MMU:mmu|BRAM_handler:memory_units|ROM_BANK:rom0|altsyncram:altsyncram_component|altsyncram_81a1:auto_generated|ram_block1a10 ; gameboy:dut|MMU:mmu|IO_handler:io_registers|cpu_out_data[5] ; CLOCK_50     ; CLOCK2_50   ; 125.000      ; -0.198     ; 24.078     ;
; 100.703 ; gameboy:dut|MMU:mmu|BRAM_handler:memory_units|ROM_BANK:rom0|altsyncram:altsyncram_component|altsyncram_81a1:auto_generated|ram_block1a30 ; gameboy:dut|MMU:mmu|IO_handler:io_registers|cpu_out_data[6] ; CLOCK_50     ; CLOCK2_50   ; 125.000      ; -0.171     ; 24.093     ;
; 100.722 ; gameboy:dut|MMU:mmu|BRAM_handler:memory_units|ROM_BANK:rom0|altsyncram:altsyncram_component|altsyncram_81a1:auto_generated|ram_block1a10 ; gameboy:dut|MMU:mmu|IO_handler:io_registers|cpu_out_data[0] ; CLOCK_50     ; CLOCK2_50   ; 125.000      ; -0.198     ; 24.047     ;
; 100.733 ; gameboy:dut|MMU:mmu|BRAM_handler:memory_units|MM_out_chooser:memory_out_muxer|cpu_memory_selector[2]                                     ; gameboy:dut|MMU:mmu|IO_handler:io_registers|cpu_out_data[1] ; CLOCK_50     ; CLOCK2_50   ; 125.000      ; -0.060     ; 24.174     ;
; 100.737 ; gameboy:dut|MMU:mmu|BRAM_handler:memory_units|MM_out_chooser:memory_out_muxer|cpu_memory_selector[2]                                     ; gameboy:dut|MMU:mmu|IO_handler:io_registers|cpu_out_data[4] ; CLOCK_50     ; CLOCK2_50   ; 125.000      ; -0.055     ; 24.175     ;
; 100.765 ; gameboy:dut|MMU:mmu|BRAM_handler:memory_units|MM_out_chooser:memory_out_muxer|cpu_memory_selector[2]                                     ; gameboy:dut|MMU:mmu|IO_handler:io_registers|cpu_out_data[5] ; CLOCK_50     ; CLOCK2_50   ; 125.000      ; -0.060     ; 24.142     ;
; 100.770 ; gameboy:dut|MMU:mmu|BRAM_handler:memory_units|ROM_BANK:rom0|altsyncram:altsyncram_component|altsyncram_81a1:auto_generated|ram_block1a14 ; gameboy:dut|MMU:mmu|IO_handler:io_registers|cpu_out_data[2] ; CLOCK_50     ; CLOCK2_50   ; 125.000      ; -0.185     ; 24.012     ;
; 100.775 ; gameboy:dut|MMU:mmu|BRAM_handler:memory_units|ROM_BANK:rom0|altsyncram:altsyncram_component|altsyncram_81a1:auto_generated|ram_block1a2  ; gameboy:dut|MMU:mmu|IO_handler:io_registers|cpu_out_data[2] ; CLOCK_50     ; CLOCK2_50   ; 125.000      ; -0.171     ; 24.021     ;
; 100.784 ; gameboy:dut|MMU:mmu|BRAM_handler:memory_units|ROM_BANK:rom0|altsyncram:altsyncram_component|altsyncram_81a1:auto_generated|ram_block1a21 ; gameboy:dut|MMU:mmu|IO_handler:io_registers|cpu_out_data[1] ; CLOCK_50     ; CLOCK2_50   ; 125.000      ; -0.202     ; 23.981     ;
; 100.788 ; gameboy:dut|MMU:mmu|BRAM_handler:memory_units|ROM_BANK:rom0|altsyncram:altsyncram_component|altsyncram_81a1:auto_generated|ram_block1a21 ; gameboy:dut|MMU:mmu|IO_handler:io_registers|cpu_out_data[4] ; CLOCK_50     ; CLOCK2_50   ; 125.000      ; -0.197     ; 23.982     ;
; 100.796 ; gameboy:dut|MMU:mmu|BRAM_handler:memory_units|MM_out_chooser:memory_out_muxer|cpu_memory_selector[2]                                     ; gameboy:dut|MMU:mmu|IO_handler:io_registers|cpu_out_data[0] ; CLOCK_50     ; CLOCK2_50   ; 125.000      ; -0.060     ; 24.111     ;
; 100.808 ; gameboy:dut|MMU:mmu|BRAM_handler:memory_units|ROM_BANK:rom0|altsyncram:altsyncram_component|altsyncram_81a1:auto_generated|ram_block1a10 ; gameboy:dut|MMU:mmu|IO_handler:io_registers|cpu_out_data[2] ; CLOCK_50     ; CLOCK2_50   ; 125.000      ; -0.198     ; 23.961     ;
; 100.816 ; gameboy:dut|MMU:mmu|BRAM_handler:memory_units|ROM_BANK:rom0|altsyncram:altsyncram_component|altsyncram_81a1:auto_generated|ram_block1a21 ; gameboy:dut|MMU:mmu|IO_handler:io_registers|cpu_out_data[5] ; CLOCK_50     ; CLOCK2_50   ; 125.000      ; -0.202     ; 23.949     ;
; 100.823 ; gameboy:dut|MMU:mmu|BRAM_handler:memory_units|ROM_BANK:rom0|altsyncram:altsyncram_component|altsyncram_81a1:auto_generated|ram_block1a14 ; gameboy:dut|MMU:mmu|IO_handler:io_registers|cpu_out_data[6] ; CLOCK_50     ; CLOCK2_50   ; 125.000      ; -0.185     ; 23.959     ;
; 100.828 ; gameboy:dut|MMU:mmu|BRAM_handler:memory_units|ROM_BANK:rom0|altsyncram:altsyncram_component|altsyncram_81a1:auto_generated|ram_block1a5  ; gameboy:dut|MMU:mmu|IO_handler:io_registers|cpu_out_data[7] ; CLOCK_50     ; CLOCK2_50   ; 125.000      ; -0.172     ; 23.967     ;
; 100.828 ; gameboy:dut|MMU:mmu|BRAM_handler:memory_units|ROM_BANK:rom0|altsyncram:altsyncram_component|altsyncram_81a1:auto_generated|ram_block1a2  ; gameboy:dut|MMU:mmu|IO_handler:io_registers|cpu_out_data[6] ; CLOCK_50     ; CLOCK2_50   ; 125.000      ; -0.171     ; 23.968     ;
; 100.833 ; gameboy:dut|MMU:mmu|BRAM_handler:memory_units|ROM_BANK:rom0|altsyncram:altsyncram_component|altsyncram_81a1:auto_generated|ram_block1a5  ; gameboy:dut|MMU:mmu|IO_handler:io_registers|cpu_out_data[3] ; CLOCK_50     ; CLOCK2_50   ; 125.000      ; -0.174     ; 23.960     ;
; 100.847 ; gameboy:dut|MMU:mmu|BRAM_handler:memory_units|ROM_BANK:rom0|altsyncram:altsyncram_component|altsyncram_81a1:auto_generated|ram_block1a21 ; gameboy:dut|MMU:mmu|IO_handler:io_registers|cpu_out_data[0] ; CLOCK_50     ; CLOCK2_50   ; 125.000      ; -0.202     ; 23.918     ;
; 100.861 ; gameboy:dut|MMU:mmu|BRAM_handler:memory_units|ROM_BANK:rom0|altsyncram:altsyncram_component|altsyncram_81a1:auto_generated|ram_block1a10 ; gameboy:dut|MMU:mmu|IO_handler:io_registers|cpu_out_data[6] ; CLOCK_50     ; CLOCK2_50   ; 125.000      ; -0.198     ; 23.908     ;
; 100.870 ; gameboy:dut|MMU:mmu|BRAM_handler:memory_units|ROM_BANK:rom0|altsyncram:altsyncram_component|altsyncram_81a1:auto_generated|ram_block1a0  ; gameboy:dut|MMU:mmu|IO_handler:io_registers|cpu_out_data[1] ; CLOCK_50     ; CLOCK2_50   ; 125.000      ; -0.198     ; 23.899     ;
; 100.870 ; gameboy:dut|MMU:mmu|BRAM_handler:memory_units|ROM_BANK:rom0|altsyncram:altsyncram_component|altsyncram_81a1:auto_generated|ram_block1a30 ; gameboy:dut|MMU:mmu|IO_handler:io_registers|cpu_out_data[7] ; CLOCK_50     ; CLOCK2_50   ; 125.000      ; -0.166     ; 23.931     ;
; 100.874 ; gameboy:dut|MMU:mmu|BRAM_handler:memory_units|ROM_BANK:rom0|altsyncram:altsyncram_component|altsyncram_81a1:auto_generated|ram_block1a0  ; gameboy:dut|MMU:mmu|IO_handler:io_registers|cpu_out_data[4] ; CLOCK_50     ; CLOCK2_50   ; 125.000      ; -0.193     ; 23.900     ;
; 100.875 ; gameboy:dut|MMU:mmu|BRAM_handler:memory_units|ROM_BANK:rom0|altsyncram:altsyncram_component|altsyncram_81a1:auto_generated|ram_block1a30 ; gameboy:dut|MMU:mmu|IO_handler:io_registers|cpu_out_data[3] ; CLOCK_50     ; CLOCK2_50   ; 125.000      ; -0.168     ; 23.924     ;
; 100.877 ; gameboy:dut|MMU:mmu|BRAM_handler:memory_units|MM_out_chooser:memory_out_muxer|cpu_memory_selector[1]                                     ; gameboy:dut|MMU:mmu|IO_handler:io_registers|cpu_out_data[1] ; CLOCK_50     ; CLOCK2_50   ; 125.000      ; -0.060     ; 24.030     ;
; 100.881 ; gameboy:dut|MMU:mmu|BRAM_handler:memory_units|MM_out_chooser:memory_out_muxer|cpu_memory_selector[1]                                     ; gameboy:dut|MMU:mmu|IO_handler:io_registers|cpu_out_data[4] ; CLOCK_50     ; CLOCK2_50   ; 125.000      ; -0.055     ; 24.031     ;
; 100.882 ; gameboy:dut|MMU:mmu|BRAM_handler:memory_units|MM_out_chooser:memory_out_muxer|cpu_memory_selector[2]                                     ; gameboy:dut|MMU:mmu|IO_handler:io_registers|cpu_out_data[2] ; CLOCK_50     ; CLOCK2_50   ; 125.000      ; -0.060     ; 24.025     ;
; 100.902 ; gameboy:dut|MMU:mmu|BRAM_handler:memory_units|ROM_BANK:rom0|altsyncram:altsyncram_component|altsyncram_81a1:auto_generated|ram_block1a0  ; gameboy:dut|MMU:mmu|IO_handler:io_registers|cpu_out_data[5] ; CLOCK_50     ; CLOCK2_50   ; 125.000      ; -0.198     ; 23.867     ;
; 100.909 ; gameboy:dut|MMU:mmu|BRAM_handler:memory_units|MM_out_chooser:memory_out_muxer|cpu_memory_selector[1]                                     ; gameboy:dut|MMU:mmu|IO_handler:io_registers|cpu_out_data[5] ; CLOCK_50     ; CLOCK2_50   ; 125.000      ; -0.060     ; 23.998     ;
; 100.933 ; gameboy:dut|MMU:mmu|BRAM_handler:memory_units|ROM_BANK:rom0|altsyncram:altsyncram_component|altsyncram_81a1:auto_generated|ram_block1a21 ; gameboy:dut|MMU:mmu|IO_handler:io_registers|cpu_out_data[2] ; CLOCK_50     ; CLOCK2_50   ; 125.000      ; -0.202     ; 23.832     ;
; 100.933 ; gameboy:dut|MMU:mmu|BRAM_handler:memory_units|ROM_BANK:rom0|altsyncram:altsyncram_component|altsyncram_81a1:auto_generated|ram_block1a0  ; gameboy:dut|MMU:mmu|IO_handler:io_registers|cpu_out_data[0] ; CLOCK_50     ; CLOCK2_50   ; 125.000      ; -0.198     ; 23.836     ;
; 100.935 ; gameboy:dut|MMU:mmu|BRAM_handler:memory_units|MM_out_chooser:memory_out_muxer|cpu_memory_selector[0]                                     ; gameboy:dut|MMU:mmu|IO_handler:io_registers|cpu_out_data[1] ; CLOCK_50     ; CLOCK2_50   ; 125.000      ; -0.060     ; 23.972     ;
; 100.935 ; gameboy:dut|MMU:mmu|BRAM_handler:memory_units|MM_out_chooser:memory_out_muxer|cpu_memory_selector[2]                                     ; gameboy:dut|MMU:mmu|IO_handler:io_registers|cpu_out_data[6] ; CLOCK_50     ; CLOCK2_50   ; 125.000      ; -0.060     ; 23.972     ;
; 100.939 ; gameboy:dut|MMU:mmu|BRAM_handler:memory_units|MM_out_chooser:memory_out_muxer|cpu_memory_selector[0]                                     ; gameboy:dut|MMU:mmu|IO_handler:io_registers|cpu_out_data[4] ; CLOCK_50     ; CLOCK2_50   ; 125.000      ; -0.055     ; 23.973     ;
; 100.940 ; gameboy:dut|MMU:mmu|BRAM_handler:memory_units|ROM_BANK:rom0|altsyncram:altsyncram_component|altsyncram_81a1:auto_generated|ram_block1a26 ; gameboy:dut|MMU:mmu|IO_handler:io_registers|cpu_out_data[1] ; CLOCK_50     ; CLOCK2_50   ; 125.000      ; -0.210     ; 23.817     ;
; 100.940 ; gameboy:dut|MMU:mmu|BRAM_handler:memory_units|MM_out_chooser:memory_out_muxer|cpu_memory_selector[1]                                     ; gameboy:dut|MMU:mmu|IO_handler:io_registers|cpu_out_data[0] ; CLOCK_50     ; CLOCK2_50   ; 125.000      ; -0.060     ; 23.967     ;
; 100.944 ; gameboy:dut|MMU:mmu|BRAM_handler:memory_units|ROM_BANK:rom0|altsyncram:altsyncram_component|altsyncram_81a1:auto_generated|ram_block1a26 ; gameboy:dut|MMU:mmu|IO_handler:io_registers|cpu_out_data[4] ; CLOCK_50     ; CLOCK2_50   ; 125.000      ; -0.205     ; 23.818     ;
; 100.967 ; gameboy:dut|MMU:mmu|BRAM_handler:memory_units|MM_out_chooser:memory_out_muxer|cpu_memory_selector[0]                                     ; gameboy:dut|MMU:mmu|IO_handler:io_registers|cpu_out_data[5] ; CLOCK_50     ; CLOCK2_50   ; 125.000      ; -0.060     ; 23.940     ;
; 100.969 ; gameboy:dut|MMU:mmu|BRAM_handler:memory_units|ROM_BANK:rom0|altsyncram:altsyncram_component|altsyncram_81a1:auto_generated|ram_block1a18 ; gameboy:dut|MMU:mmu|IO_handler:io_registers|cpu_out_data[1] ; CLOCK_50     ; CLOCK2_50   ; 125.000      ; -0.211     ; 23.787     ;
; 100.972 ; gameboy:dut|MMU:mmu|BRAM_handler:memory_units|ROM_BANK:rom0|altsyncram:altsyncram_component|altsyncram_81a1:auto_generated|ram_block1a26 ; gameboy:dut|MMU:mmu|IO_handler:io_registers|cpu_out_data[5] ; CLOCK_50     ; CLOCK2_50   ; 125.000      ; -0.210     ; 23.785     ;
; 100.973 ; gameboy:dut|MMU:mmu|BRAM_handler:memory_units|ROM_BANK:rom0|altsyncram:altsyncram_component|altsyncram_81a1:auto_generated|ram_block1a18 ; gameboy:dut|MMU:mmu|IO_handler:io_registers|cpu_out_data[4] ; CLOCK_50     ; CLOCK2_50   ; 125.000      ; -0.206     ; 23.788     ;
; 100.978 ; gameboy:dut|MMU:mmu|BRAM_handler:memory_units|ROM_BANK:rom0|altsyncram:altsyncram_component|altsyncram_81a1:auto_generated|ram_block1a9  ; gameboy:dut|MMU:mmu|IO_handler:io_registers|cpu_out_data[1] ; CLOCK_50     ; CLOCK2_50   ; 125.000      ; -0.200     ; 23.789     ;
; 100.982 ; gameboy:dut|MMU:mmu|BRAM_handler:memory_units|ROM_BANK:rom0|altsyncram:altsyncram_component|altsyncram_81a1:auto_generated|ram_block1a9  ; gameboy:dut|MMU:mmu|IO_handler:io_registers|cpu_out_data[4] ; CLOCK_50     ; CLOCK2_50   ; 125.000      ; -0.195     ; 23.790     ;
; 100.986 ; gameboy:dut|MMU:mmu|BRAM_handler:memory_units|ROM_BANK:rom0|altsyncram:altsyncram_component|altsyncram_81a1:auto_generated|ram_block1a21 ; gameboy:dut|MMU:mmu|IO_handler:io_registers|cpu_out_data[6] ; CLOCK_50     ; CLOCK2_50   ; 125.000      ; -0.202     ; 23.779     ;
; 100.990 ; gameboy:dut|MMU:mmu|BRAM_handler:memory_units|ROM_BANK:rom0|altsyncram:altsyncram_component|altsyncram_81a1:auto_generated|ram_block1a14 ; gameboy:dut|MMU:mmu|IO_handler:io_registers|cpu_out_data[7] ; CLOCK_50     ; CLOCK2_50   ; 125.000      ; -0.180     ; 23.797     ;
; 100.995 ; gameboy:dut|MMU:mmu|BRAM_handler:memory_units|ROM_BANK:rom0|altsyncram:altsyncram_component|altsyncram_81a1:auto_generated|ram_block1a2  ; gameboy:dut|MMU:mmu|IO_handler:io_registers|cpu_out_data[7] ; CLOCK_50     ; CLOCK2_50   ; 125.000      ; -0.166     ; 23.806     ;
; 100.995 ; gameboy:dut|MMU:mmu|BRAM_handler:memory_units|ROM_BANK:rom0|altsyncram:altsyncram_component|altsyncram_81a1:auto_generated|ram_block1a14 ; gameboy:dut|MMU:mmu|IO_handler:io_registers|cpu_out_data[3] ; CLOCK_50     ; CLOCK2_50   ; 125.000      ; -0.182     ; 23.790     ;
; 100.998 ; gameboy:dut|MMU:mmu|BRAM_handler:memory_units|MM_out_chooser:memory_out_muxer|cpu_memory_selector[0]                                     ; gameboy:dut|MMU:mmu|IO_handler:io_registers|cpu_out_data[0] ; CLOCK_50     ; CLOCK2_50   ; 125.000      ; -0.060     ; 23.909     ;
; 101.000 ; gameboy:dut|MMU:mmu|BRAM_handler:memory_units|ROM_BANK:rom0|altsyncram:altsyncram_component|altsyncram_81a1:auto_generated|ram_block1a2  ; gameboy:dut|MMU:mmu|IO_handler:io_registers|cpu_out_data[3] ; CLOCK_50     ; CLOCK2_50   ; 125.000      ; -0.168     ; 23.799     ;
; 101.001 ; gameboy:dut|MMU:mmu|BRAM_handler:memory_units|ROM_BANK:rom0|altsyncram:altsyncram_component|altsyncram_81a1:auto_generated|ram_block1a18 ; gameboy:dut|MMU:mmu|IO_handler:io_registers|cpu_out_data[5] ; CLOCK_50     ; CLOCK2_50   ; 125.000      ; -0.211     ; 23.755     ;
; 101.003 ; gameboy:dut|MMU:mmu|BRAM_handler:memory_units|ROM_BANK:rom0|altsyncram:altsyncram_component|altsyncram_81a1:auto_generated|ram_block1a26 ; gameboy:dut|MMU:mmu|IO_handler:io_registers|cpu_out_data[0] ; CLOCK_50     ; CLOCK2_50   ; 125.000      ; -0.210     ; 23.754     ;
; 101.010 ; gameboy:dut|MMU:mmu|BRAM_handler:memory_units|ROM_BANK:rom0|altsyncram:altsyncram_component|altsyncram_81a1:auto_generated|ram_block1a9  ; gameboy:dut|MMU:mmu|IO_handler:io_registers|cpu_out_data[5] ; CLOCK_50     ; CLOCK2_50   ; 125.000      ; -0.200     ; 23.757     ;
; 101.017 ; gameboy:dut|MMU:mmu|BRAM_handler:memory_units|ROM_BANK:rom0|altsyncram:altsyncram_component|altsyncram_81a1:auto_generated|ram_block1a29 ; gameboy:dut|MMU:mmu|IO_handler:io_registers|cpu_out_data[1] ; CLOCK_50     ; CLOCK2_50   ; 125.000      ; -0.171     ; 23.779     ;
; 101.019 ; gameboy:dut|MMU:mmu|BRAM_handler:memory_units|ROM_BANK:rom0|altsyncram:altsyncram_component|altsyncram_81a1:auto_generated|ram_block1a0  ; gameboy:dut|MMU:mmu|IO_handler:io_registers|cpu_out_data[2] ; CLOCK_50     ; CLOCK2_50   ; 125.000      ; -0.198     ; 23.750     ;
; 101.021 ; gameboy:dut|MMU:mmu|BRAM_handler:memory_units|ROM_BANK:rom0|altsyncram:altsyncram_component|altsyncram_81a1:auto_generated|ram_block1a29 ; gameboy:dut|MMU:mmu|IO_handler:io_registers|cpu_out_data[4] ; CLOCK_50     ; CLOCK2_50   ; 125.000      ; -0.166     ; 23.780     ;
; 101.026 ; gameboy:dut|MMU:mmu|BRAM_handler:memory_units|MM_out_chooser:memory_out_muxer|cpu_memory_selector[1]                                     ; gameboy:dut|MMU:mmu|IO_handler:io_registers|cpu_out_data[2] ; CLOCK_50     ; CLOCK2_50   ; 125.000      ; -0.060     ; 23.881     ;
; 101.028 ; gameboy:dut|MMU:mmu|BRAM_handler:memory_units|ROM_BANK:rom0|altsyncram:altsyncram_component|altsyncram_81a1:auto_generated|ram_block1a10 ; gameboy:dut|MMU:mmu|IO_handler:io_registers|cpu_out_data[7] ; CLOCK_50     ; CLOCK2_50   ; 125.000      ; -0.193     ; 23.746     ;
; 101.030 ; gameboy:dut|MMU:mmu|BRAM_handler:memory_units|ROM_BANK:rom0|altsyncram:altsyncram_component|altsyncram_81a1:auto_generated|ram_block1a27 ; gameboy:dut|MMU:mmu|IO_handler:io_registers|cpu_out_data[1] ; CLOCK_50     ; CLOCK2_50   ; 125.000      ; -0.184     ; 23.753     ;
; 101.032 ; gameboy:dut|MMU:mmu|BRAM_handler:memory_units|ROM_BANK:rom0|altsyncram:altsyncram_component|altsyncram_81a1:auto_generated|ram_block1a18 ; gameboy:dut|MMU:mmu|IO_handler:io_registers|cpu_out_data[0] ; CLOCK_50     ; CLOCK2_50   ; 125.000      ; -0.211     ; 23.724     ;
; 101.033 ; gameboy:dut|MMU:mmu|BRAM_handler:memory_units|ROM_BANK:rom0|altsyncram:altsyncram_component|altsyncram_81a1:auto_generated|ram_block1a10 ; gameboy:dut|MMU:mmu|IO_handler:io_registers|cpu_out_data[3] ; CLOCK_50     ; CLOCK2_50   ; 125.000      ; -0.195     ; 23.739     ;
; 101.034 ; gameboy:dut|MMU:mmu|BRAM_handler:memory_units|ROM_BANK:rom0|altsyncram:altsyncram_component|altsyncram_81a1:auto_generated|ram_block1a27 ; gameboy:dut|MMU:mmu|IO_handler:io_registers|cpu_out_data[4] ; CLOCK_50     ; CLOCK2_50   ; 125.000      ; -0.179     ; 23.754     ;
; 101.041 ; gameboy:dut|MMU:mmu|BRAM_handler:memory_units|ROM_BANK:rom0|altsyncram:altsyncram_component|altsyncram_81a1:auto_generated|ram_block1a9  ; gameboy:dut|MMU:mmu|IO_handler:io_registers|cpu_out_data[0] ; CLOCK_50     ; CLOCK2_50   ; 125.000      ; -0.200     ; 23.726     ;
; 101.049 ; gameboy:dut|MMU:mmu|BRAM_handler:memory_units|ROM_BANK:rom0|altsyncram:altsyncram_component|altsyncram_81a1:auto_generated|ram_block1a29 ; gameboy:dut|MMU:mmu|IO_handler:io_registers|cpu_out_data[5] ; CLOCK_50     ; CLOCK2_50   ; 125.000      ; -0.171     ; 23.747     ;
; 101.062 ; gameboy:dut|MMU:mmu|BRAM_handler:memory_units|ROM_BANK:rom0|altsyncram:altsyncram_component|altsyncram_81a1:auto_generated|ram_block1a27 ; gameboy:dut|MMU:mmu|IO_handler:io_registers|cpu_out_data[5] ; CLOCK_50     ; CLOCK2_50   ; 125.000      ; -0.184     ; 23.721     ;
; 101.072 ; gameboy:dut|MMU:mmu|BRAM_handler:memory_units|ROM_BANK:rom0|altsyncram:altsyncram_component|altsyncram_81a1:auto_generated|ram_block1a0  ; gameboy:dut|MMU:mmu|IO_handler:io_registers|cpu_out_data[6] ; CLOCK_50     ; CLOCK2_50   ; 125.000      ; -0.198     ; 23.697     ;
; 101.079 ; gameboy:dut|MMU:mmu|BRAM_handler:memory_units|MM_out_chooser:memory_out_muxer|cpu_memory_selector[1]                                     ; gameboy:dut|MMU:mmu|IO_handler:io_registers|cpu_out_data[6] ; CLOCK_50     ; CLOCK2_50   ; 125.000      ; -0.060     ; 23.828     ;
; 101.080 ; gameboy:dut|MMU:mmu|BRAM_handler:memory_units|ROM_BANK:rom0|altsyncram:altsyncram_component|altsyncram_81a1:auto_generated|ram_block1a29 ; gameboy:dut|MMU:mmu|IO_handler:io_registers|cpu_out_data[0] ; CLOCK_50     ; CLOCK2_50   ; 125.000      ; -0.171     ; 23.716     ;
; 101.084 ; gameboy:dut|MMU:mmu|BRAM_handler:memory_units|MM_out_chooser:memory_out_muxer|cpu_memory_selector[0]                                     ; gameboy:dut|MMU:mmu|IO_handler:io_registers|cpu_out_data[2] ; CLOCK_50     ; CLOCK2_50   ; 125.000      ; -0.060     ; 23.823     ;
; 101.089 ; gameboy:dut|MMU:mmu|BRAM_handler:memory_units|ROM_BANK:rom0|altsyncram:altsyncram_component|altsyncram_81a1:auto_generated|ram_block1a26 ; gameboy:dut|MMU:mmu|IO_handler:io_registers|cpu_out_data[2] ; CLOCK_50     ; CLOCK2_50   ; 125.000      ; -0.210     ; 23.668     ;
; 101.091 ; gameboy:dut|MMU:mmu|BRAM_handler:memory_units|ROM_BANK:rom0|altsyncram:altsyncram_component|altsyncram_81a1:auto_generated|ram_block1a23 ; gameboy:dut|MMU:mmu|IO_handler:io_registers|cpu_out_data[1] ; CLOCK_50     ; CLOCK2_50   ; 125.000      ; -0.182     ; 23.694     ;
; 101.093 ; gameboy:dut|MMU:mmu|BRAM_handler:memory_units|ROM_BANK:rom0|altsyncram:altsyncram_component|altsyncram_81a1:auto_generated|ram_block1a27 ; gameboy:dut|MMU:mmu|IO_handler:io_registers|cpu_out_data[0] ; CLOCK_50     ; CLOCK2_50   ; 125.000      ; -0.184     ; 23.690     ;
; 101.095 ; gameboy:dut|MMU:mmu|BRAM_handler:memory_units|ROM_BANK:rom0|altsyncram:altsyncram_component|altsyncram_81a1:auto_generated|ram_block1a23 ; gameboy:dut|MMU:mmu|IO_handler:io_registers|cpu_out_data[4] ; CLOCK_50     ; CLOCK2_50   ; 125.000      ; -0.177     ; 23.695     ;
; 101.102 ; gameboy:dut|MMU:mmu|BRAM_handler:memory_units|MM_out_chooser:memory_out_muxer|cpu_memory_selector[2]                                     ; gameboy:dut|MMU:mmu|IO_handler:io_registers|cpu_out_data[7] ; CLOCK_50     ; CLOCK2_50   ; 125.000      ; -0.055     ; 23.810     ;
; 101.107 ; gameboy:dut|MMU:mmu|BRAM_handler:memory_units|MM_out_chooser:memory_out_muxer|cpu_memory_selector[2]                                     ; gameboy:dut|MMU:mmu|IO_handler:io_registers|cpu_out_data[3] ; CLOCK_50     ; CLOCK2_50   ; 125.000      ; -0.057     ; 23.803     ;
; 101.112 ; gameboy:dut|MMU:mmu|BRAM_handler:memory_units|ROM_BANK:rom0|altsyncram:altsyncram_component|altsyncram_81a1:auto_generated|ram_block1a3  ; gameboy:dut|MMU:mmu|IO_handler:io_registers|cpu_out_data[1] ; CLOCK_50     ; CLOCK2_50   ; 125.000      ; -0.195     ; 23.660     ;
; 101.116 ; gameboy:dut|MMU:mmu|BRAM_handler:memory_units|ROM_BANK:rom0|altsyncram:altsyncram_component|altsyncram_81a1:auto_generated|ram_block1a3  ; gameboy:dut|MMU:mmu|IO_handler:io_registers|cpu_out_data[4] ; CLOCK_50     ; CLOCK2_50   ; 125.000      ; -0.190     ; 23.661     ;
; 101.118 ; gameboy:dut|MMU:mmu|BRAM_handler:memory_units|ROM_BANK:rom0|altsyncram:altsyncram_component|altsyncram_81a1:auto_generated|ram_block1a18 ; gameboy:dut|MMU:mmu|IO_handler:io_registers|cpu_out_data[2] ; CLOCK_50     ; CLOCK2_50   ; 125.000      ; -0.211     ; 23.638     ;
; 101.123 ; gameboy:dut|MMU:mmu|BRAM_handler:memory_units|ROM_BANK:rom0|altsyncram:altsyncram_component|altsyncram_81a1:auto_generated|ram_block1a23 ; gameboy:dut|MMU:mmu|IO_handler:io_registers|cpu_out_data[5] ; CLOCK_50     ; CLOCK2_50   ; 125.000      ; -0.182     ; 23.662     ;
; 101.127 ; gameboy:dut|MMU:mmu|BRAM_handler:memory_units|ROM_BANK:rom0|altsyncram:altsyncram_component|altsyncram_81a1:auto_generated|ram_block1a9  ; gameboy:dut|MMU:mmu|IO_handler:io_registers|cpu_out_data[2] ; CLOCK_50     ; CLOCK2_50   ; 125.000      ; -0.200     ; 23.640     ;
; 101.137 ; gameboy:dut|MMU:mmu|BRAM_handler:memory_units|MM_out_chooser:memory_out_muxer|cpu_memory_selector[0]                                     ; gameboy:dut|MMU:mmu|IO_handler:io_registers|cpu_out_data[6] ; CLOCK_50     ; CLOCK2_50   ; 125.000      ; -0.060     ; 23.770     ;
+---------+------------------------------------------------------------------------------------------------------------------------------------------+-------------------------------------------------------------+--------------+-------------+--------------+------------+------------+


+--------------------------------------------------------------------------------------------------------------------------------------------------------------------------------------------------------------------------------------------------------------------------------------------------------------------------------------------------------+
; Fast 1200mV 0C Model Setup: 'CLOCK_50'                                                                                                                                                                                                                                                                                                                 ;
+---------+----------------------------------------------------------------------------------------------------+-------------------------------------------------------------------------------------------------------------------------------------------------------------------+--------------+-------------+--------------+------------+------------+
; Slack   ; From Node                                                                                          ; To Node                                                                                                                                                           ; Launch Clock ; Latch Clock ; Relationship ; Clock Skew ; Data Delay ;
+---------+----------------------------------------------------------------------------------------------------+-------------------------------------------------------------------------------------------------------------------------------------------------------------------+--------------+-------------+--------------+------------+------------+
; 102.158 ; gameboy:dut|PPU_Wrapper:ppu|OAM_Search:oam_search|selected_sprites_reg[0].x[0]                     ; gameboy:dut|MMU:mmu|BRAM_handler:memory_units|DUAL_VRAM_8KB:vram0|altsyncram:altsyncram_component|altsyncram_54g2:auto_generated|ram_block1a6~portb_address_reg0  ; CLOCK2_50    ; CLOCK_50    ; 125.000      ; 0.079      ; 22.910     ;
; 102.344 ; gameboy:dut|PPU_Wrapper:ppu|OAM_Search:oam_search|selected_sprites_reg[0].x[0]                     ; gameboy:dut|MMU:mmu|BRAM_handler:memory_units|DUAL_VRAM_8KB:vram0|altsyncram:altsyncram_component|altsyncram_54g2:auto_generated|ram_block1a10~portb_address_reg0 ; CLOCK2_50    ; CLOCK_50    ; 125.000      ; 0.078      ; 22.723     ;
; 102.347 ; gameboy:dut|PPU_Wrapper:ppu|OAM_Search:oam_search|selected_sprites_reg[0].x[1]                     ; gameboy:dut|MMU:mmu|BRAM_handler:memory_units|DUAL_VRAM_8KB:vram0|altsyncram:altsyncram_component|altsyncram_54g2:auto_generated|ram_block1a6~portb_address_reg0  ; CLOCK2_50    ; CLOCK_50    ; 125.000      ; 0.085      ; 22.727     ;
; 102.395 ; gameboy:dut|PPU_Wrapper:ppu|OAM_Search:oam_search|selected_sprites_reg[0].x[0]                     ; gameboy:dut|MMU:mmu|BRAM_handler:memory_units|DUAL_VRAM_8KB:vram0|altsyncram:altsyncram_component|altsyncram_54g2:auto_generated|ram_block1a8~portb_address_reg0  ; CLOCK2_50    ; CLOCK_50    ; 125.000      ; 0.077      ; 22.671     ;
; 102.508 ; gameboy:dut|MMU:mmu|prev_cpu_addr_read[12]                                                         ; gameboy:dut|MMU:mmu|BRAM_handler:memory_units|OAM_DUALBANK:oam|altsyncram:altsyncram_component|altsyncram_ttf2:auto_generated|ram_block1a0~porta_datain_reg0      ; CLOCK2_50    ; CLOCK_50    ; 125.000      ; 0.100      ; 22.581     ;
; 102.512 ; gameboy:dut|PPU_Wrapper:ppu|OAM_Search:oam_search|selected_sprites_reg[0].x[0]                     ; gameboy:dut|MMU:mmu|BRAM_handler:memory_units|MM_out_chooser:memory_out_muxer|ppu_select[2]                                                                       ; CLOCK2_50    ; CLOCK_50    ; 125.000      ; -0.085     ; 22.370     ;
; 102.525 ; gameboy:dut|MMU:mmu|prev_cpu_addr_read[14]                                                         ; gameboy:dut|MMU:mmu|BRAM_handler:memory_units|OAM_DUALBANK:oam|altsyncram:altsyncram_component|altsyncram_ttf2:auto_generated|ram_block1a0~porta_datain_reg0      ; CLOCK2_50    ; CLOCK_50    ; 125.000      ; 0.100      ; 22.564     ;
; 102.533 ; gameboy:dut|PPU_Wrapper:ppu|OAM_Search:oam_search|selected_sprites_reg[0].x[1]                     ; gameboy:dut|MMU:mmu|BRAM_handler:memory_units|DUAL_VRAM_8KB:vram0|altsyncram:altsyncram_component|altsyncram_54g2:auto_generated|ram_block1a10~portb_address_reg0 ; CLOCK2_50    ; CLOCK_50    ; 125.000      ; 0.084      ; 22.540     ;
; 102.550 ; gameboy:dut|PPU_Wrapper:ppu|OAM_Search:oam_search|selected_sprites_reg[0].x[2]                     ; gameboy:dut|MMU:mmu|BRAM_handler:memory_units|DUAL_VRAM_8KB:vram0|altsyncram:altsyncram_component|altsyncram_54g2:auto_generated|ram_block1a6~portb_address_reg0  ; CLOCK2_50    ; CLOCK_50    ; 125.000      ; 0.079      ; 22.518     ;
; 102.563 ; gameboy:dut|PPU_Wrapper:ppu|OAM_Search:oam_search|selected_sprites_reg[0].x[0]                     ; gameboy:dut|MMU:mmu|BRAM_handler:memory_units|DUAL_VRAM_8KB:vram0|altsyncram:altsyncram_component|altsyncram_54g2:auto_generated|ram_block1a13~portb_address_reg0 ; CLOCK2_50    ; CLOCK_50    ; 125.000      ; 0.076      ; 22.502     ;
; 102.584 ; gameboy:dut|PPU_Wrapper:ppu|OAM_Search:oam_search|selected_sprites_reg[0].x[1]                     ; gameboy:dut|MMU:mmu|BRAM_handler:memory_units|DUAL_VRAM_8KB:vram0|altsyncram:altsyncram_component|altsyncram_54g2:auto_generated|ram_block1a8~portb_address_reg0  ; CLOCK2_50    ; CLOCK_50    ; 125.000      ; 0.083      ; 22.488     ;
; 102.638 ; gameboy:dut|PPU_Wrapper:ppu|Pixel_Gen:Pixel_Gen_inst|Render_Sprites:render_sprites_inst|x_coord[2] ; gameboy:dut|MMU:mmu|BRAM_handler:memory_units|DUAL_VRAM_8KB:vram0|altsyncram:altsyncram_component|altsyncram_54g2:auto_generated|ram_block1a6~portb_address_reg0  ; CLOCK2_50    ; CLOCK_50    ; 125.000      ; 0.080      ; 22.431     ;
; 102.640 ; gameboy:dut|PPU_Wrapper:ppu|OAM_Search:oam_search|selected_sprites_reg[0].x[5]                     ; gameboy:dut|MMU:mmu|BRAM_handler:memory_units|DUAL_VRAM_8KB:vram0|altsyncram:altsyncram_component|altsyncram_54g2:auto_generated|ram_block1a6~portb_address_reg0  ; CLOCK2_50    ; CLOCK_50    ; 125.000      ; 0.079      ; 22.428     ;
; 102.646 ; gameboy:dut|PPU_Wrapper:ppu|Pixel_Gen:Pixel_Gen_inst|Render_Sprites:render_sprites_inst|x_coord[0] ; gameboy:dut|MMU:mmu|BRAM_handler:memory_units|DUAL_VRAM_8KB:vram0|altsyncram:altsyncram_component|altsyncram_54g2:auto_generated|ram_block1a6~portb_address_reg0  ; CLOCK2_50    ; CLOCK_50    ; 125.000      ; 0.084      ; 22.427     ;
; 102.666 ; gameboy:dut|MMU:mmu|prev_cpu_addr_read[13]                                                         ; gameboy:dut|MMU:mmu|BRAM_handler:memory_units|OAM_DUALBANK:oam|altsyncram:altsyncram_component|altsyncram_ttf2:auto_generated|ram_block1a0~porta_datain_reg0      ; CLOCK2_50    ; CLOCK_50    ; 125.000      ; 0.100      ; 22.423     ;
; 102.692 ; gameboy:dut|MMU:mmu|BRAM_handler:memory_units|DMA_controller:dma_guy|state.IDLE                    ; gameboy:dut|MMU:mmu|BRAM_handler:memory_units|OAM_DUALBANK:oam|altsyncram:altsyncram_component|altsyncram_ttf2:auto_generated|ram_block1a0~porta_datain_reg0      ; CLOCK2_50    ; CLOCK_50    ; 125.000      ; 0.089      ; 22.386     ;
; 102.701 ; gameboy:dut|PPU_Wrapper:ppu|OAM_Search:oam_search|selected_sprites_reg[0].x[1]                     ; gameboy:dut|MMU:mmu|BRAM_handler:memory_units|MM_out_chooser:memory_out_muxer|ppu_select[2]                                                                       ; CLOCK2_50    ; CLOCK_50    ; 125.000      ; -0.079     ; 22.187     ;
; 102.711 ; gameboy:dut|PPU_Wrapper:ppu|OAM_Search:oam_search|selected_sprites_reg[0].x[3]                     ; gameboy:dut|MMU:mmu|BRAM_handler:memory_units|DUAL_VRAM_8KB:vram0|altsyncram:altsyncram_component|altsyncram_54g2:auto_generated|ram_block1a6~portb_address_reg0  ; CLOCK2_50    ; CLOCK_50    ; 125.000      ; 0.086      ; 22.364     ;
; 102.720 ; gameboy:dut|PPU_Wrapper:ppu|OAM_Search:oam_search|selected_sprites_reg[0].x[7]                     ; gameboy:dut|MMU:mmu|BRAM_handler:memory_units|DUAL_VRAM_8KB:vram0|altsyncram:altsyncram_component|altsyncram_54g2:auto_generated|ram_block1a6~portb_address_reg0  ; CLOCK2_50    ; CLOCK_50    ; 125.000      ; 0.079      ; 22.348     ;
; 102.723 ; gameboy:dut|MMU:mmu|prev_cpu_addr_read[11]                                                         ; gameboy:dut|MMU:mmu|BRAM_handler:memory_units|OAM_DUALBANK:oam|altsyncram:altsyncram_component|altsyncram_ttf2:auto_generated|ram_block1a0~porta_datain_reg0      ; CLOCK2_50    ; CLOCK_50    ; 125.000      ; 0.100      ; 22.366     ;
; 102.727 ; gameboy:dut|PPU_Wrapper:ppu|OAM_Search:oam_search|selected_sprites_reg[0].x[0]                     ; gameboy:dut|MMU:mmu|BRAM_handler:memory_units|OAM_DUALBANK:oam|altsyncram:altsyncram_component|altsyncram_ttf2:auto_generated|ram_block1a0~portb_address_reg0     ; CLOCK2_50    ; CLOCK_50    ; 125.000      ; 0.092      ; 22.354     ;
; 102.736 ; gameboy:dut|PPU_Wrapper:ppu|OAM_Search:oam_search|selected_sprites_reg[0].x[2]                     ; gameboy:dut|MMU:mmu|BRAM_handler:memory_units|DUAL_VRAM_8KB:vram0|altsyncram:altsyncram_component|altsyncram_54g2:auto_generated|ram_block1a10~portb_address_reg0 ; CLOCK2_50    ; CLOCK_50    ; 125.000      ; 0.078      ; 22.331     ;
; 102.741 ; gameboy:dut|PPU_Wrapper:ppu|OAM_Search:oam_search|selected_sprites_reg[0].x[4]                     ; gameboy:dut|MMU:mmu|BRAM_handler:memory_units|DUAL_VRAM_8KB:vram0|altsyncram:altsyncram_component|altsyncram_54g2:auto_generated|ram_block1a6~portb_address_reg0  ; CLOCK2_50    ; CLOCK_50    ; 125.000      ; 0.085      ; 22.333     ;
; 102.752 ; gameboy:dut|PPU_Wrapper:ppu|OAM_Search:oam_search|selected_sprites_reg[0].x[1]                     ; gameboy:dut|MMU:mmu|BRAM_handler:memory_units|DUAL_VRAM_8KB:vram0|altsyncram:altsyncram_component|altsyncram_54g2:auto_generated|ram_block1a13~portb_address_reg0 ; CLOCK2_50    ; CLOCK_50    ; 125.000      ; 0.082      ; 22.319     ;
; 102.787 ; gameboy:dut|PPU_Wrapper:ppu|OAM_Search:oam_search|selected_sprites_reg[0].x[2]                     ; gameboy:dut|MMU:mmu|BRAM_handler:memory_units|DUAL_VRAM_8KB:vram0|altsyncram:altsyncram_component|altsyncram_54g2:auto_generated|ram_block1a8~portb_address_reg0  ; CLOCK2_50    ; CLOCK_50    ; 125.000      ; 0.077      ; 22.279     ;
; 102.795 ; gameboy:dut|MMU:mmu|prev_cpu_addr_read[12]                                                         ; gameboy:dut|MMU:mmu|BRAM_handler:memory_units|DUAL_VRAM_8KB:vram0|altsyncram:altsyncram_component|altsyncram_54g2:auto_generated|ram_block1a6~porta_datain_reg0   ; CLOCK2_50    ; CLOCK_50    ; 125.000      ; 0.087      ; 22.281     ;
; 102.807 ; gameboy:dut|PPU_Wrapper:ppu|Pixel_Gen:Pixel_Gen_inst|Render_Sprites:render_sprites_inst|x_coord[1] ; gameboy:dut|MMU:mmu|BRAM_handler:memory_units|DUAL_VRAM_8KB:vram0|altsyncram:altsyncram_component|altsyncram_54g2:auto_generated|ram_block1a6~portb_address_reg0  ; CLOCK2_50    ; CLOCK_50    ; 125.000      ; 0.084      ; 22.266     ;
; 102.812 ; gameboy:dut|MMU:mmu|prev_cpu_addr_read[14]                                                         ; gameboy:dut|MMU:mmu|BRAM_handler:memory_units|DUAL_VRAM_8KB:vram0|altsyncram:altsyncram_component|altsyncram_54g2:auto_generated|ram_block1a6~porta_datain_reg0   ; CLOCK2_50    ; CLOCK_50    ; 125.000      ; 0.087      ; 22.264     ;
; 102.819 ; gameboy:dut|PPU_Wrapper:ppu|OAM_Search:oam_search|selected_sprites_reg[0].x[0]                     ; gameboy:dut|MMU:mmu|BRAM_handler:memory_units|DUAL_VRAM_8KB:vram0|altsyncram:altsyncram_component|altsyncram_54g2:auto_generated|ram_block1a4~portb_address_reg0  ; CLOCK2_50    ; CLOCK_50    ; 125.000      ; 0.094      ; 22.264     ;
; 102.824 ; gameboy:dut|PPU_Wrapper:ppu|Pixel_Gen:Pixel_Gen_inst|Render_Sprites:render_sprites_inst|x_coord[2] ; gameboy:dut|MMU:mmu|BRAM_handler:memory_units|DUAL_VRAM_8KB:vram0|altsyncram:altsyncram_component|altsyncram_54g2:auto_generated|ram_block1a10~portb_address_reg0 ; CLOCK2_50    ; CLOCK_50    ; 125.000      ; 0.079      ; 22.244     ;
; 102.826 ; gameboy:dut|PPU_Wrapper:ppu|OAM_Search:oam_search|selected_sprites_reg[0].x[5]                     ; gameboy:dut|MMU:mmu|BRAM_handler:memory_units|DUAL_VRAM_8KB:vram0|altsyncram:altsyncram_component|altsyncram_54g2:auto_generated|ram_block1a10~portb_address_reg0 ; CLOCK2_50    ; CLOCK_50    ; 125.000      ; 0.078      ; 22.241     ;
; 102.832 ; gameboy:dut|PPU_Wrapper:ppu|Pixel_Gen:Pixel_Gen_inst|Render_Sprites:render_sprites_inst|x_coord[0] ; gameboy:dut|MMU:mmu|BRAM_handler:memory_units|DUAL_VRAM_8KB:vram0|altsyncram:altsyncram_component|altsyncram_54g2:auto_generated|ram_block1a10~portb_address_reg0 ; CLOCK2_50    ; CLOCK_50    ; 125.000      ; 0.083      ; 22.240     ;
; 102.836 ; gameboy:dut|PPU_Wrapper:ppu|OAM_Search:oam_search|selected_sprites_reg[0].x[0]                     ; gameboy:dut|MMU:mmu|BRAM_handler:memory_units|DUAL_VRAM_8KB:vram0|altsyncram:altsyncram_component|altsyncram_54g2:auto_generated|ram_block1a0~portb_address_reg0  ; CLOCK2_50    ; CLOCK_50    ; 125.000      ; 0.095      ; 22.248     ;
; 102.867 ; gameboy:dut|PPU_Wrapper:ppu|OAM_Search:oam_search|selected_sprites_reg[0].x[0]                     ; gameboy:dut|MMU:mmu|BRAM_handler:memory_units|DUAL_VRAM_8KB:vram0|altsyncram:altsyncram_component|altsyncram_54g2:auto_generated|ram_block1a2~portb_address_reg0  ; CLOCK2_50    ; CLOCK_50    ; 125.000      ; 0.097      ; 22.219     ;
; 102.874 ; gameboy:dut|PPU_Wrapper:ppu|Pixel_Gen:Pixel_Gen_inst|Render_Sprites:render_sprites_inst|x_coord[3] ; gameboy:dut|MMU:mmu|BRAM_handler:memory_units|DUAL_VRAM_8KB:vram0|altsyncram:altsyncram_component|altsyncram_54g2:auto_generated|ram_block1a6~portb_address_reg0  ; CLOCK2_50    ; CLOCK_50    ; 125.000      ; 0.080      ; 22.195     ;
; 102.875 ; gameboy:dut|PPU_Wrapper:ppu|Pixel_Gen:Pixel_Gen_inst|Render_Sprites:render_sprites_inst|x_coord[2] ; gameboy:dut|MMU:mmu|BRAM_handler:memory_units|DUAL_VRAM_8KB:vram0|altsyncram:altsyncram_component|altsyncram_54g2:auto_generated|ram_block1a8~portb_address_reg0  ; CLOCK2_50    ; CLOCK_50    ; 125.000      ; 0.078      ; 22.192     ;
; 102.877 ; gameboy:dut|PPU_Wrapper:ppu|OAM_Search:oam_search|selected_sprites_reg[0].x[5]                     ; gameboy:dut|MMU:mmu|BRAM_handler:memory_units|DUAL_VRAM_8KB:vram0|altsyncram:altsyncram_component|altsyncram_54g2:auto_generated|ram_block1a8~portb_address_reg0  ; CLOCK2_50    ; CLOCK_50    ; 125.000      ; 0.077      ; 22.189     ;
; 102.878 ; gameboy:dut|PPU_Wrapper:ppu|OAM_Search:oam_search|selected_sprites_reg[0].x[0]                     ; gameboy:dut|MMU:mmu|BRAM_handler:memory_units|DUAL_VRAM_8KB:vram0|altsyncram:altsyncram_component|altsyncram_54g2:auto_generated|ram_block1a1~portb_address_reg0  ; CLOCK2_50    ; CLOCK_50    ; 125.000      ; 0.097      ; 22.208     ;
; 102.883 ; gameboy:dut|PPU_Wrapper:ppu|Pixel_Gen:Pixel_Gen_inst|Render_Sprites:render_sprites_inst|x_coord[0] ; gameboy:dut|MMU:mmu|BRAM_handler:memory_units|DUAL_VRAM_8KB:vram0|altsyncram:altsyncram_component|altsyncram_54g2:auto_generated|ram_block1a8~portb_address_reg0  ; CLOCK2_50    ; CLOCK_50    ; 125.000      ; 0.082      ; 22.188     ;
; 102.897 ; gameboy:dut|PPU_Wrapper:ppu|OAM_Search:oam_search|selected_sprites_reg[0].x[3]                     ; gameboy:dut|MMU:mmu|BRAM_handler:memory_units|DUAL_VRAM_8KB:vram0|altsyncram:altsyncram_component|altsyncram_54g2:auto_generated|ram_block1a10~portb_address_reg0 ; CLOCK2_50    ; CLOCK_50    ; 125.000      ; 0.085      ; 22.177     ;
; 102.904 ; gameboy:dut|PPU_Wrapper:ppu|OAM_Search:oam_search|selected_sprites_reg[0].x[2]                     ; gameboy:dut|MMU:mmu|BRAM_handler:memory_units|MM_out_chooser:memory_out_muxer|ppu_select[2]                                                                       ; CLOCK2_50    ; CLOCK_50    ; 125.000      ; -0.085     ; 21.978     ;
; 102.906 ; gameboy:dut|PPU_Wrapper:ppu|OAM_Search:oam_search|selected_sprites_reg[0].x[7]                     ; gameboy:dut|MMU:mmu|BRAM_handler:memory_units|DUAL_VRAM_8KB:vram0|altsyncram:altsyncram_component|altsyncram_54g2:auto_generated|ram_block1a10~portb_address_reg0 ; CLOCK2_50    ; CLOCK_50    ; 125.000      ; 0.078      ; 22.161     ;
; 102.916 ; gameboy:dut|PPU_Wrapper:ppu|OAM_Search:oam_search|selected_sprites_reg[0].x[1]                     ; gameboy:dut|MMU:mmu|BRAM_handler:memory_units|OAM_DUALBANK:oam|altsyncram:altsyncram_component|altsyncram_ttf2:auto_generated|ram_block1a0~portb_address_reg0     ; CLOCK2_50    ; CLOCK_50    ; 125.000      ; 0.098      ; 22.171     ;
; 102.927 ; gameboy:dut|PPU_Wrapper:ppu|OAM_Search:oam_search|selected_sprites_reg[0].x[4]                     ; gameboy:dut|MMU:mmu|BRAM_handler:memory_units|DUAL_VRAM_8KB:vram0|altsyncram:altsyncram_component|altsyncram_54g2:auto_generated|ram_block1a10~portb_address_reg0 ; CLOCK2_50    ; CLOCK_50    ; 125.000      ; 0.084      ; 22.146     ;
; 102.941 ; gameboy:dut|PPU_Wrapper:ppu|Pixel_Gen:Pixel_Gen_inst|Render_Sprites:render_sprites_inst|x_coord[4] ; gameboy:dut|MMU:mmu|BRAM_handler:memory_units|DUAL_VRAM_8KB:vram0|altsyncram:altsyncram_component|altsyncram_54g2:auto_generated|ram_block1a6~portb_address_reg0  ; CLOCK2_50    ; CLOCK_50    ; 125.000      ; 0.080      ; 22.128     ;
; 102.948 ; gameboy:dut|PPU_Wrapper:ppu|OAM_Search:oam_search|selected_sprites_reg[0].x[3]                     ; gameboy:dut|MMU:mmu|BRAM_handler:memory_units|DUAL_VRAM_8KB:vram0|altsyncram:altsyncram_component|altsyncram_54g2:auto_generated|ram_block1a8~portb_address_reg0  ; CLOCK2_50    ; CLOCK_50    ; 125.000      ; 0.084      ; 22.125     ;
; 102.953 ; gameboy:dut|MMU:mmu|prev_cpu_addr_read[13]                                                         ; gameboy:dut|MMU:mmu|BRAM_handler:memory_units|DUAL_VRAM_8KB:vram0|altsyncram:altsyncram_component|altsyncram_54g2:auto_generated|ram_block1a6~porta_datain_reg0   ; CLOCK2_50    ; CLOCK_50    ; 125.000      ; 0.087      ; 22.123     ;
; 102.955 ; gameboy:dut|PPU_Wrapper:ppu|OAM_Search:oam_search|selected_sprites_reg[0].x[2]                     ; gameboy:dut|MMU:mmu|BRAM_handler:memory_units|DUAL_VRAM_8KB:vram0|altsyncram:altsyncram_component|altsyncram_54g2:auto_generated|ram_block1a13~portb_address_reg0 ; CLOCK2_50    ; CLOCK_50    ; 125.000      ; 0.076      ; 22.110     ;
; 102.957 ; gameboy:dut|PPU_Wrapper:ppu|OAM_Search:oam_search|selected_sprites_reg[0].x[7]                     ; gameboy:dut|MMU:mmu|BRAM_handler:memory_units|DUAL_VRAM_8KB:vram0|altsyncram:altsyncram_component|altsyncram_54g2:auto_generated|ram_block1a8~portb_address_reg0  ; CLOCK2_50    ; CLOCK_50    ; 125.000      ; 0.077      ; 22.109     ;
; 102.977 ; gameboy:dut|MMU:mmu|prev_cpu_addr_read[12]                                                         ; gameboy:dut|MMU:mmu|BRAM_handler:memory_units|DUAL_8KB:wram0|altsyncram:altsyncram_component|altsyncram_54g2:auto_generated|ram_block1a7~porta_datain_reg0        ; CLOCK2_50    ; CLOCK_50    ; 125.000      ; 0.074      ; 22.086     ;
; 102.978 ; gameboy:dut|PPU_Wrapper:ppu|OAM_Search:oam_search|selected_sprites_reg[0].x[4]                     ; gameboy:dut|MMU:mmu|BRAM_handler:memory_units|DUAL_VRAM_8KB:vram0|altsyncram:altsyncram_component|altsyncram_54g2:auto_generated|ram_block1a8~portb_address_reg0  ; CLOCK2_50    ; CLOCK_50    ; 125.000      ; 0.083      ; 22.094     ;
; 102.979 ; gameboy:dut|MMU:mmu|BRAM_handler:memory_units|DMA_controller:dma_guy|state.IDLE                    ; gameboy:dut|MMU:mmu|BRAM_handler:memory_units|DUAL_VRAM_8KB:vram0|altsyncram:altsyncram_component|altsyncram_54g2:auto_generated|ram_block1a6~porta_datain_reg0   ; CLOCK2_50    ; CLOCK_50    ; 125.000      ; 0.076      ; 22.086     ;
; 102.983 ; gameboy:dut|PPU_Wrapper:ppu|Pixel_Gen:Pixel_Gen_inst|Render_Sprites:render_sprites_inst|x_coord[9] ; gameboy:dut|MMU:mmu|BRAM_handler:memory_units|DUAL_VRAM_8KB:vram0|altsyncram:altsyncram_component|altsyncram_54g2:auto_generated|ram_block1a6~portb_address_reg0  ; CLOCK2_50    ; CLOCK_50    ; 125.000      ; 0.080      ; 22.086     ;
; 102.987 ; gameboy:dut|PPU_Wrapper:ppu|Pixel_Gen:Pixel_Gen_inst|Render_Sprites:render_sprites_inst|x_coord[8] ; gameboy:dut|MMU:mmu|BRAM_handler:memory_units|DUAL_VRAM_8KB:vram0|altsyncram:altsyncram_component|altsyncram_54g2:auto_generated|ram_block1a6~portb_address_reg0  ; CLOCK2_50    ; CLOCK_50    ; 125.000      ; 0.080      ; 22.082     ;
; 102.992 ; gameboy:dut|PPU_Wrapper:ppu|Pixel_Gen:Pixel_Gen_inst|Render_Sprites:render_sprites_inst|x_coord[2] ; gameboy:dut|MMU:mmu|BRAM_handler:memory_units|MM_out_chooser:memory_out_muxer|ppu_select[2]                                                                       ; CLOCK2_50    ; CLOCK_50    ; 125.000      ; -0.084     ; 21.891     ;
; 102.993 ; gameboy:dut|PPU_Wrapper:ppu|Pixel_Gen:Pixel_Gen_inst|Render_Sprites:render_sprites_inst|x_coord[1] ; gameboy:dut|MMU:mmu|BRAM_handler:memory_units|DUAL_VRAM_8KB:vram0|altsyncram:altsyncram_component|altsyncram_54g2:auto_generated|ram_block1a10~portb_address_reg0 ; CLOCK2_50    ; CLOCK_50    ; 125.000      ; 0.083      ; 22.079     ;
; 102.994 ; gameboy:dut|PPU_Wrapper:ppu|OAM_Search:oam_search|selected_sprites_reg[0].x[5]                     ; gameboy:dut|MMU:mmu|BRAM_handler:memory_units|MM_out_chooser:memory_out_muxer|ppu_select[2]                                                                       ; CLOCK2_50    ; CLOCK_50    ; 125.000      ; -0.085     ; 21.888     ;
; 102.994 ; gameboy:dut|MMU:mmu|prev_cpu_addr_read[14]                                                         ; gameboy:dut|MMU:mmu|BRAM_handler:memory_units|DUAL_8KB:wram0|altsyncram:altsyncram_component|altsyncram_54g2:auto_generated|ram_block1a7~porta_datain_reg0        ; CLOCK2_50    ; CLOCK_50    ; 125.000      ; 0.074      ; 22.069     ;
; 103.000 ; gameboy:dut|PPU_Wrapper:ppu|Pixel_Gen:Pixel_Gen_inst|Render_Sprites:render_sprites_inst|x_coord[0] ; gameboy:dut|MMU:mmu|BRAM_handler:memory_units|MM_out_chooser:memory_out_muxer|ppu_select[2]                                                                       ; CLOCK2_50    ; CLOCK_50    ; 125.000      ; -0.080     ; 21.887     ;
; 103.002 ; gameboy:dut|PPU_Wrapper:ppu|Pixel_Gen:Pixel_Gen_inst|Render_Sprites:render_sprites_inst|x_coord[6] ; gameboy:dut|MMU:mmu|BRAM_handler:memory_units|DUAL_VRAM_8KB:vram0|altsyncram:altsyncram_component|altsyncram_54g2:auto_generated|ram_block1a6~portb_address_reg0  ; CLOCK2_50    ; CLOCK_50    ; 125.000      ; 0.080      ; 22.067     ;
; 103.008 ; gameboy:dut|PPU_Wrapper:ppu|OAM_Search:oam_search|selected_sprites_reg[0].x[1]                     ; gameboy:dut|MMU:mmu|BRAM_handler:memory_units|DUAL_VRAM_8KB:vram0|altsyncram:altsyncram_component|altsyncram_54g2:auto_generated|ram_block1a4~portb_address_reg0  ; CLOCK2_50    ; CLOCK_50    ; 125.000      ; 0.100      ; 22.081     ;
; 103.009 ; gameboy:dut|MMU:mmu|prev_cpu_addr_read[12]                                                         ; gameboy:dut|MMU:mmu|BRAM_handler:memory_units|ROM_BANK:rom0|altsyncram:altsyncram_component|altsyncram_81a1:auto_generated|ram_block1a21~porta_address_reg0       ; CLOCK2_50    ; CLOCK_50    ; 125.000      ; 0.077      ; 22.057     ;
; 103.010 ; gameboy:dut|MMU:mmu|prev_cpu_addr_read[11]                                                         ; gameboy:dut|MMU:mmu|BRAM_handler:memory_units|DUAL_VRAM_8KB:vram0|altsyncram:altsyncram_component|altsyncram_54g2:auto_generated|ram_block1a6~porta_datain_reg0   ; CLOCK2_50    ; CLOCK_50    ; 125.000      ; 0.087      ; 22.066     ;
; 103.012 ; gameboy:dut|PPU_Wrapper:ppu|OAM_Search:oam_search|selected_sprites_reg[0].x[6]                     ; gameboy:dut|MMU:mmu|BRAM_handler:memory_units|DUAL_VRAM_8KB:vram0|altsyncram:altsyncram_component|altsyncram_54g2:auto_generated|ram_block1a6~portb_address_reg0  ; CLOCK2_50    ; CLOCK_50    ; 125.000      ; 0.078      ; 22.055     ;
; 103.025 ; gameboy:dut|PPU_Wrapper:ppu|OAM_Search:oam_search|selected_sprites_reg[0].x[1]                     ; gameboy:dut|MMU:mmu|BRAM_handler:memory_units|DUAL_VRAM_8KB:vram0|altsyncram:altsyncram_component|altsyncram_54g2:auto_generated|ram_block1a0~portb_address_reg0  ; CLOCK2_50    ; CLOCK_50    ; 125.000      ; 0.101      ; 22.065     ;
; 103.026 ; gameboy:dut|MMU:mmu|prev_cpu_addr_read[14]                                                         ; gameboy:dut|MMU:mmu|BRAM_handler:memory_units|ROM_BANK:rom0|altsyncram:altsyncram_component|altsyncram_81a1:auto_generated|ram_block1a21~porta_address_reg0       ; CLOCK2_50    ; CLOCK_50    ; 125.000      ; 0.077      ; 22.040     ;
; 103.043 ; gameboy:dut|PPU_Wrapper:ppu|Pixel_Gen:Pixel_Gen_inst|Render_Sprites:render_sprites_inst|x_coord[2] ; gameboy:dut|MMU:mmu|BRAM_handler:memory_units|DUAL_VRAM_8KB:vram0|altsyncram:altsyncram_component|altsyncram_54g2:auto_generated|ram_block1a13~portb_address_reg0 ; CLOCK2_50    ; CLOCK_50    ; 125.000      ; 0.077      ; 22.023     ;
; 103.044 ; gameboy:dut|PPU_Wrapper:ppu|Pixel_Gen:Pixel_Gen_inst|Render_Sprites:render_sprites_inst|x_coord[1] ; gameboy:dut|MMU:mmu|BRAM_handler:memory_units|DUAL_VRAM_8KB:vram0|altsyncram:altsyncram_component|altsyncram_54g2:auto_generated|ram_block1a8~portb_address_reg0  ; CLOCK2_50    ; CLOCK_50    ; 125.000      ; 0.082      ; 22.027     ;
; 103.045 ; gameboy:dut|PPU_Wrapper:ppu|OAM_Search:oam_search|selected_sprites_reg[0].x[5]                     ; gameboy:dut|MMU:mmu|BRAM_handler:memory_units|DUAL_VRAM_8KB:vram0|altsyncram:altsyncram_component|altsyncram_54g2:auto_generated|ram_block1a13~portb_address_reg0 ; CLOCK2_50    ; CLOCK_50    ; 125.000      ; 0.076      ; 22.020     ;
; 103.051 ; gameboy:dut|PPU_Wrapper:ppu|Pixel_Gen:Pixel_Gen_inst|Render_Sprites:render_sprites_inst|x_coord[0] ; gameboy:dut|MMU:mmu|BRAM_handler:memory_units|DUAL_VRAM_8KB:vram0|altsyncram:altsyncram_component|altsyncram_54g2:auto_generated|ram_block1a13~portb_address_reg0 ; CLOCK2_50    ; CLOCK_50    ; 125.000      ; 0.081      ; 22.019     ;
; 103.054 ; gameboy:dut|PPU_Wrapper:ppu|Pixel_Gen:Pixel_Gen_inst|Render_Sprites:render_sprites_inst|x_coord[5] ; gameboy:dut|MMU:mmu|BRAM_handler:memory_units|DUAL_VRAM_8KB:vram0|altsyncram:altsyncram_component|altsyncram_54g2:auto_generated|ram_block1a6~portb_address_reg0  ; CLOCK2_50    ; CLOCK_50    ; 125.000      ; 0.080      ; 22.015     ;
; 103.056 ; gameboy:dut|PPU_Wrapper:ppu|OAM_Search:oam_search|selected_sprites_reg[0].x[1]                     ; gameboy:dut|MMU:mmu|BRAM_handler:memory_units|DUAL_VRAM_8KB:vram0|altsyncram:altsyncram_component|altsyncram_54g2:auto_generated|ram_block1a2~portb_address_reg0  ; CLOCK2_50    ; CLOCK_50    ; 125.000      ; 0.103      ; 22.036     ;
; 103.060 ; gameboy:dut|PPU_Wrapper:ppu|Pixel_Gen:Pixel_Gen_inst|Render_Sprites:render_sprites_inst|x_coord[3] ; gameboy:dut|MMU:mmu|BRAM_handler:memory_units|DUAL_VRAM_8KB:vram0|altsyncram:altsyncram_component|altsyncram_54g2:auto_generated|ram_block1a10~portb_address_reg0 ; CLOCK2_50    ; CLOCK_50    ; 125.000      ; 0.079      ; 22.008     ;
; 103.065 ; gameboy:dut|PPU_Wrapper:ppu|OAM_Search:oam_search|selected_sprites_reg[0].x[3]                     ; gameboy:dut|MMU:mmu|BRAM_handler:memory_units|MM_out_chooser:memory_out_muxer|ppu_select[2]                                                                       ; CLOCK2_50    ; CLOCK_50    ; 125.000      ; -0.078     ; 21.824     ;
; 103.067 ; gameboy:dut|PPU_Wrapper:ppu|OAM_Search:oam_search|selected_sprites_reg[0].x[1]                     ; gameboy:dut|MMU:mmu|BRAM_handler:memory_units|DUAL_VRAM_8KB:vram0|altsyncram:altsyncram_component|altsyncram_54g2:auto_generated|ram_block1a1~portb_address_reg0  ; CLOCK2_50    ; CLOCK_50    ; 125.000      ; 0.103      ; 22.025     ;
; 103.074 ; gameboy:dut|PPU_Wrapper:ppu|OAM_Search:oam_search|selected_sprites_reg[0].x[7]                     ; gameboy:dut|MMU:mmu|BRAM_handler:memory_units|MM_out_chooser:memory_out_muxer|ppu_select[2]                                                                       ; CLOCK2_50    ; CLOCK_50    ; 125.000      ; -0.085     ; 21.808     ;
; 103.095 ; gameboy:dut|PPU_Wrapper:ppu|OAM_Search:oam_search|selected_sprites_reg[0].x[4]                     ; gameboy:dut|MMU:mmu|BRAM_handler:memory_units|MM_out_chooser:memory_out_muxer|ppu_select[2]                                                                       ; CLOCK2_50    ; CLOCK_50    ; 125.000      ; -0.079     ; 21.793     ;
; 103.111 ; gameboy:dut|PPU_Wrapper:ppu|Pixel_Gen:Pixel_Gen_inst|Render_Sprites:render_sprites_inst|x_coord[3] ; gameboy:dut|MMU:mmu|BRAM_handler:memory_units|DUAL_VRAM_8KB:vram0|altsyncram:altsyncram_component|altsyncram_54g2:auto_generated|ram_block1a8~portb_address_reg0  ; CLOCK2_50    ; CLOCK_50    ; 125.000      ; 0.078      ; 21.956     ;
; 103.116 ; gameboy:dut|PPU_Wrapper:ppu|OAM_Search:oam_search|selected_sprites_reg[0].x[3]                     ; gameboy:dut|MMU:mmu|BRAM_handler:memory_units|DUAL_VRAM_8KB:vram0|altsyncram:altsyncram_component|altsyncram_54g2:auto_generated|ram_block1a13~portb_address_reg0 ; CLOCK2_50    ; CLOCK_50    ; 125.000      ; 0.083      ; 21.956     ;
; 103.119 ; gameboy:dut|PPU_Wrapper:ppu|OAM_Search:oam_search|selected_sprites_reg[0].x[2]                     ; gameboy:dut|MMU:mmu|BRAM_handler:memory_units|OAM_DUALBANK:oam|altsyncram:altsyncram_component|altsyncram_ttf2:auto_generated|ram_block1a0~portb_address_reg0     ; CLOCK2_50    ; CLOCK_50    ; 125.000      ; 0.092      ; 21.962     ;
; 103.125 ; gameboy:dut|PPU_Wrapper:ppu|OAM_Search:oam_search|selected_sprites_reg[0].x[7]                     ; gameboy:dut|MMU:mmu|BRAM_handler:memory_units|DUAL_VRAM_8KB:vram0|altsyncram:altsyncram_component|altsyncram_54g2:auto_generated|ram_block1a13~portb_address_reg0 ; CLOCK2_50    ; CLOCK_50    ; 125.000      ; 0.076      ; 21.940     ;
; 103.127 ; gameboy:dut|PPU_Wrapper:ppu|Pixel_Gen:Pixel_Gen_inst|Render_Sprites:render_sprites_inst|x_coord[4] ; gameboy:dut|MMU:mmu|BRAM_handler:memory_units|DUAL_VRAM_8KB:vram0|altsyncram:altsyncram_component|altsyncram_54g2:auto_generated|ram_block1a10~portb_address_reg0 ; CLOCK2_50    ; CLOCK_50    ; 125.000      ; 0.079      ; 21.941     ;
; 103.135 ; gameboy:dut|MMU:mmu|prev_cpu_addr_read[13]                                                         ; gameboy:dut|MMU:mmu|BRAM_handler:memory_units|DUAL_8KB:wram0|altsyncram:altsyncram_component|altsyncram_54g2:auto_generated|ram_block1a7~porta_datain_reg0        ; CLOCK2_50    ; CLOCK_50    ; 125.000      ; 0.074      ; 21.928     ;
; 103.146 ; gameboy:dut|PPU_Wrapper:ppu|OAM_Search:oam_search|selected_sprites_reg[0].x[4]                     ; gameboy:dut|MMU:mmu|BRAM_handler:memory_units|DUAL_VRAM_8KB:vram0|altsyncram:altsyncram_component|altsyncram_54g2:auto_generated|ram_block1a13~portb_address_reg0 ; CLOCK2_50    ; CLOCK_50    ; 125.000      ; 0.082      ; 21.925     ;
; 103.161 ; gameboy:dut|PPU_Wrapper:ppu|Pixel_Gen:Pixel_Gen_inst|Render_Sprites:render_sprites_inst|x_coord[1] ; gameboy:dut|MMU:mmu|BRAM_handler:memory_units|MM_out_chooser:memory_out_muxer|ppu_select[2]                                                                       ; CLOCK2_50    ; CLOCK_50    ; 125.000      ; -0.080     ; 21.726     ;
; 103.161 ; gameboy:dut|MMU:mmu|BRAM_handler:memory_units|DMA_controller:dma_guy|state.IDLE                    ; gameboy:dut|MMU:mmu|BRAM_handler:memory_units|DUAL_8KB:wram0|altsyncram:altsyncram_component|altsyncram_54g2:auto_generated|ram_block1a7~porta_datain_reg0        ; CLOCK2_50    ; CLOCK_50    ; 125.000      ; 0.063      ; 21.891     ;
; 103.166 ; gameboy:dut|MMU:mmu|prev_cpu_addr_read[9]                                                          ; gameboy:dut|MMU:mmu|BRAM_handler:memory_units|OAM_DUALBANK:oam|altsyncram:altsyncram_component|altsyncram_ttf2:auto_generated|ram_block1a0~porta_datain_reg0      ; CLOCK2_50    ; CLOCK_50    ; 125.000      ; 0.103      ; 21.926     ;
; 103.167 ; gameboy:dut|MMU:mmu|prev_cpu_addr_read[13]                                                         ; gameboy:dut|MMU:mmu|BRAM_handler:memory_units|ROM_BANK:rom0|altsyncram:altsyncram_component|altsyncram_81a1:auto_generated|ram_block1a21~porta_address_reg0       ; CLOCK2_50    ; CLOCK_50    ; 125.000      ; 0.077      ; 21.899     ;
; 103.168 ; gameboy:dut|MMU:mmu|prev_cpu_addr_read[10]                                                         ; gameboy:dut|MMU:mmu|BRAM_handler:memory_units|OAM_DUALBANK:oam|altsyncram:altsyncram_component|altsyncram_ttf2:auto_generated|ram_block1a0~porta_datain_reg0      ; CLOCK2_50    ; CLOCK_50    ; 125.000      ; 0.103      ; 21.924     ;
; 103.169 ; gameboy:dut|PPU_Wrapper:ppu|Pixel_Gen:Pixel_Gen_inst|Render_Sprites:render_sprites_inst|x_coord[9] ; gameboy:dut|MMU:mmu|BRAM_handler:memory_units|DUAL_VRAM_8KB:vram0|altsyncram:altsyncram_component|altsyncram_54g2:auto_generated|ram_block1a10~portb_address_reg0 ; CLOCK2_50    ; CLOCK_50    ; 125.000      ; 0.079      ; 21.899     ;
; 103.173 ; gameboy:dut|PPU_Wrapper:ppu|Pixel_Gen:Pixel_Gen_inst|Render_Sprites:render_sprites_inst|x_coord[8] ; gameboy:dut|MMU:mmu|BRAM_handler:memory_units|DUAL_VRAM_8KB:vram0|altsyncram:altsyncram_component|altsyncram_54g2:auto_generated|ram_block1a10~portb_address_reg0 ; CLOCK2_50    ; CLOCK_50    ; 125.000      ; 0.079      ; 21.895     ;
; 103.176 ; gameboy:dut|PPU_Wrapper:ppu|OAM_Search:oam_search|selected_count[1]                                ; gameboy:dut|MMU:mmu|BRAM_handler:memory_units|DUAL_VRAM_8KB:vram0|altsyncram:altsyncram_component|altsyncram_54g2:auto_generated|ram_block1a6~portb_address_reg0  ; CLOCK2_50    ; CLOCK_50    ; 125.000      ; 0.075      ; 21.888     ;
; 103.178 ; gameboy:dut|PPU_Wrapper:ppu|Pixel_Gen:Pixel_Gen_inst|Render_Sprites:render_sprites_inst|x_coord[4] ; gameboy:dut|MMU:mmu|BRAM_handler:memory_units|DUAL_VRAM_8KB:vram0|altsyncram:altsyncram_component|altsyncram_54g2:auto_generated|ram_block1a8~portb_address_reg0  ; CLOCK2_50    ; CLOCK_50    ; 125.000      ; 0.078      ; 21.889     ;
; 103.186 ; gameboy:dut|MMU:mmu|prev_cpu_addr_read[12]                                                         ; gameboy:dut|MMU:mmu|BRAM_handler:memory_units|ROM_BANK:rom0|altsyncram:altsyncram_component|altsyncram_81a1:auto_generated|ram_block1a12~porta_address_reg0       ; CLOCK2_50    ; CLOCK_50    ; 125.000      ; 0.068      ; 21.871     ;
; 103.188 ; gameboy:dut|PPU_Wrapper:ppu|Pixel_Gen:Pixel_Gen_inst|Render_Sprites:render_sprites_inst|x_coord[6] ; gameboy:dut|MMU:mmu|BRAM_handler:memory_units|DUAL_VRAM_8KB:vram0|altsyncram:altsyncram_component|altsyncram_54g2:auto_generated|ram_block1a10~portb_address_reg0 ; CLOCK2_50    ; CLOCK_50    ; 125.000      ; 0.079      ; 21.880     ;
; 103.189 ; gameboy:dut|PPU_Wrapper:ppu|OAM_Search:oam_search|selected_count[2]                                ; gameboy:dut|MMU:mmu|BRAM_handler:memory_units|DUAL_VRAM_8KB:vram0|altsyncram:altsyncram_component|altsyncram_54g2:auto_generated|ram_block1a6~portb_address_reg0  ; CLOCK2_50    ; CLOCK_50    ; 125.000      ; 0.075      ; 21.875     ;
; 103.192 ; gameboy:dut|MMU:mmu|prev_cpu_addr_read[11]                                                         ; gameboy:dut|MMU:mmu|BRAM_handler:memory_units|DUAL_8KB:wram0|altsyncram:altsyncram_component|altsyncram_54g2:auto_generated|ram_block1a7~porta_datain_reg0        ; CLOCK2_50    ; CLOCK_50    ; 125.000      ; 0.074      ; 21.871     ;
; 103.193 ; gameboy:dut|MMU:mmu|BRAM_handler:memory_units|DMA_controller:dma_guy|state.IDLE                    ; gameboy:dut|MMU:mmu|BRAM_handler:memory_units|ROM_BANK:rom0|altsyncram:altsyncram_component|altsyncram_81a1:auto_generated|ram_block1a21~porta_address_reg0       ; CLOCK2_50    ; CLOCK_50    ; 125.000      ; 0.066      ; 21.862     ;
; 103.198 ; gameboy:dut|PPU_Wrapper:ppu|OAM_Search:oam_search|selected_sprites_reg[0].x[6]                     ; gameboy:dut|MMU:mmu|BRAM_handler:memory_units|DUAL_VRAM_8KB:vram0|altsyncram:altsyncram_component|altsyncram_54g2:auto_generated|ram_block1a10~portb_address_reg0 ; CLOCK2_50    ; CLOCK_50    ; 125.000      ; 0.077      ; 21.868     ;
; 103.199 ; gameboy:dut|MMU:mmu|prev_cpu_addr_read[12]                                                         ; gameboy:dut|MMU:mmu|BRAM_handler:memory_units|DUAL_8KB:exram0|altsyncram:altsyncram_component|altsyncram_54g2:auto_generated|ram_block1a7~porta_datain_reg0       ; CLOCK2_50    ; CLOCK_50    ; 125.000      ; 0.069      ; 21.859     ;
+---------+----------------------------------------------------------------------------------------------------+-------------------------------------------------------------------------------------------------------------------------------------------------------------------+--------------+-------------+--------------+------------+------------+


+-----------------------------------------------------------------------------------------------------------------------------------------------------------------------------------------------------------------------------------------------------------------------------------------------------+
; Fast 1200mV 0C Model Hold: 'CLOCK2_50'                                                                                                                                                                                                                                                              ;
+-------+-----------------------------------------------------------------------------------------------------------+-----------------------------------------------------------------------------------------------------------+--------------+-------------+--------------+------------+------------+
; Slack ; From Node                                                                                                 ; To Node                                                                                                   ; Launch Clock ; Latch Clock ; Relationship ; Clock Skew ; Data Delay ;
+-------+-----------------------------------------------------------------------------------------------------------+-----------------------------------------------------------------------------------------------------------+--------------+-------------+--------------+------------+------------+
; 0.180 ; gameboy:dut|PPU_Wrapper:ppu|Pixel_Gen:Pixel_Gen_inst|Render_Sprites:render_sprites_inst|pixel_index[2]    ; gameboy:dut|PPU_Wrapper:ppu|Pixel_Gen:Pixel_Gen_inst|Render_Sprites:render_sprites_inst|pixel_index[2]    ; CLOCK2_50    ; CLOCK2_50   ; 0.000        ; 0.043      ; 0.307      ;
; 0.180 ; gameboy:dut|PPU_Wrapper:ppu|Pixel_Gen:Pixel_Gen_inst|Render_Sprites:render_sprites_inst|pixel_index[1]    ; gameboy:dut|PPU_Wrapper:ppu|Pixel_Gen:Pixel_Gen_inst|Render_Sprites:render_sprites_inst|pixel_index[1]    ; CLOCK2_50    ; CLOCK2_50   ; 0.000        ; 0.043      ; 0.307      ;
; 0.180 ; gameboy:dut|PPU_Wrapper:ppu|OAM_Search:oam_search|selected_count[2]                                       ; gameboy:dut|PPU_Wrapper:ppu|OAM_Search:oam_search|selected_count[2]                                       ; CLOCK2_50    ; CLOCK2_50   ; 0.000        ; 0.043      ; 0.307      ;
; 0.180 ; gameboy:dut|PPU_Wrapper:ppu|OAM_Search:oam_search|selected_count[3]                                       ; gameboy:dut|PPU_Wrapper:ppu|OAM_Search:oam_search|selected_count[3]                                       ; CLOCK2_50    ; CLOCK2_50   ; 0.000        ; 0.043      ; 0.307      ;
; 0.180 ; gameboy:dut|PPU_Wrapper:ppu|OAM_Search:oam_search|selected_count[1]                                       ; gameboy:dut|PPU_Wrapper:ppu|OAM_Search:oam_search|selected_count[1]                                       ; CLOCK2_50    ; CLOCK2_50   ; 0.000        ; 0.043      ; 0.307      ;
; 0.180 ; gameboy:dut|PPU_Wrapper:ppu|OAM_Search:oam_search|selected_count[0]                                       ; gameboy:dut|PPU_Wrapper:ppu|OAM_Search:oam_search|selected_count[0]                                       ; CLOCK2_50    ; CLOCK2_50   ; 0.000        ; 0.043      ; 0.307      ;
; 0.180 ; gameboy:dut|PPU_Wrapper:ppu|OAM_Search:oam_search|state.OAM_FETCH                                         ; gameboy:dut|PPU_Wrapper:ppu|OAM_Search:oam_search|state.OAM_FETCH                                         ; CLOCK2_50    ; CLOCK2_50   ; 0.000        ; 0.043      ; 0.307      ;
; 0.181 ; gameboy:dut|PPU_Wrapper:ppu|Pixel_Gen:Pixel_Gen_inst|Render_BG:render_bg_inst|bg_done                     ; gameboy:dut|PPU_Wrapper:ppu|Pixel_Gen:Pixel_Gen_inst|Render_BG:render_bg_inst|bg_done                     ; CLOCK2_50    ; CLOCK2_50   ; 0.000        ; 0.042      ; 0.307      ;
; 0.181 ; gameboy:dut|PPU_Wrapper:ppu|Pixel_Gen:Pixel_Gen_inst|Render_Sprites:render_sprites_inst|sprite_done       ; gameboy:dut|PPU_Wrapper:ppu|Pixel_Gen:Pixel_Gen_inst|Render_Sprites:render_sprites_inst|sprite_done       ; CLOCK2_50    ; CLOCK2_50   ; 0.000        ; 0.042      ; 0.307      ;
; 0.181 ; gameboy:dut|PPU_Wrapper:ppu|Pixel_Gen:Pixel_Gen_inst|Render_BG:render_bg_inst|pixel_index[2]              ; gameboy:dut|PPU_Wrapper:ppu|Pixel_Gen:Pixel_Gen_inst|Render_BG:render_bg_inst|pixel_index[2]              ; CLOCK2_50    ; CLOCK2_50   ; 0.000        ; 0.042      ; 0.307      ;
; 0.181 ; gameboy:dut|PPU_Wrapper:ppu|Pixel_Gen:Pixel_Gen_inst|Render_BG:render_bg_inst|pixel_index[1]              ; gameboy:dut|PPU_Wrapper:ppu|Pixel_Gen:Pixel_Gen_inst|Render_BG:render_bg_inst|pixel_index[1]              ; CLOCK2_50    ; CLOCK2_50   ; 0.000        ; 0.042      ; 0.307      ;
; 0.181 ; gameboy:dut|PPU_Wrapper:ppu|Pixel_Gen:Pixel_Gen_inst|Render_BG:render_bg_inst|pixel_index[0]              ; gameboy:dut|PPU_Wrapper:ppu|Pixel_Gen:Pixel_Gen_inst|Render_BG:render_bg_inst|pixel_index[0]              ; CLOCK2_50    ; CLOCK2_50   ; 0.000        ; 0.042      ; 0.307      ;
; 0.181 ; gameboy:dut|PPU_Wrapper:ppu|Pixel_Gen:Pixel_Gen_inst|Render_BG:render_bg_inst|state.BG_IDLE               ; gameboy:dut|PPU_Wrapper:ppu|Pixel_Gen:Pixel_Gen_inst|Render_BG:render_bg_inst|state.BG_IDLE               ; CLOCK2_50    ; CLOCK2_50   ; 0.000        ; 0.042      ; 0.307      ;
; 0.181 ; gameboy:dut|cpu:cpu|decoder:decoder|flopenr:imereg|q[0]                                                   ; gameboy:dut|cpu:cpu|decoder:decoder|flopenr:imereg|q[0]                                                   ; CLOCK2_50    ; CLOCK2_50   ; 0.000        ; 0.042      ; 0.307      ;
; 0.181 ; gameboy:dut|cpu:cpu|decoder:decoder|flopr:mpcflop|q[7]                                                    ; gameboy:dut|cpu:cpu|decoder:decoder|flopr:mpcflop|q[7]                                                    ; CLOCK2_50    ; CLOCK2_50   ; 0.000        ; 0.042      ; 0.307      ;
; 0.181 ; gameboy:dut|MMU:mmu|IO_handler:io_registers|NR52_R[7]                                                     ; gameboy:dut|MMU:mmu|IO_handler:io_registers|NR52_R[7]                                                     ; CLOCK2_50    ; CLOCK2_50   ; 0.000        ; 0.042      ; 0.307      ;
; 0.181 ; gameboy:dut|PPU_Wrapper:ppu|Pixel_Gen:Pixel_Gen_inst|Render_Sprites:render_sprites_inst|x_coord[8]        ; gameboy:dut|PPU_Wrapper:ppu|Pixel_Gen:Pixel_Gen_inst|Render_Sprites:render_sprites_inst|x_coord[8]        ; CLOCK2_50    ; CLOCK2_50   ; 0.000        ; 0.042      ; 0.307      ;
; 0.181 ; gameboy:dut|PPU_Wrapper:ppu|Pixel_Gen:Pixel_Gen_inst|Render_Sprites:render_sprites_inst|x_coord[9]        ; gameboy:dut|PPU_Wrapper:ppu|Pixel_Gen:Pixel_Gen_inst|Render_Sprites:render_sprites_inst|x_coord[9]        ; CLOCK2_50    ; CLOCK2_50   ; 0.000        ; 0.042      ; 0.307      ;
; 0.181 ; gameboy:dut|PPU_Wrapper:ppu|Pixel_Gen:Pixel_Gen_inst|Render_Sprites:render_sprites_inst|state.IDLE        ; gameboy:dut|PPU_Wrapper:ppu|Pixel_Gen:Pixel_Gen_inst|Render_Sprites:render_sprites_inst|state.IDLE        ; CLOCK2_50    ; CLOCK2_50   ; 0.000        ; 0.042      ; 0.307      ;
; 0.181 ; gameboy:dut|MMU:mmu|IO_handler:io_registers|start_dma                                                     ; gameboy:dut|MMU:mmu|IO_handler:io_registers|start_dma                                                     ; CLOCK2_50    ; CLOCK2_50   ; 0.000        ; 0.042      ; 0.307      ;
; 0.181 ; gameboy:dut|PPU_Wrapper:ppu|OAM_Search:oam_search|sort_i[2]                                               ; gameboy:dut|PPU_Wrapper:ppu|OAM_Search:oam_search|sort_i[2]                                               ; CLOCK2_50    ; CLOCK2_50   ; 0.000        ; 0.042      ; 0.307      ;
; 0.181 ; gameboy:dut|PPU_Wrapper:ppu|OAM_Search:oam_search|sort_i[1]                                               ; gameboy:dut|PPU_Wrapper:ppu|OAM_Search:oam_search|sort_i[1]                                               ; CLOCK2_50    ; CLOCK2_50   ; 0.000        ; 0.042      ; 0.307      ;
; 0.181 ; gameboy:dut|PPU_Wrapper:ppu|OAM_Search:oam_search|sort_i[3]                                               ; gameboy:dut|PPU_Wrapper:ppu|OAM_Search:oam_search|sort_i[3]                                               ; CLOCK2_50    ; CLOCK2_50   ; 0.000        ; 0.042      ; 0.307      ;
; 0.181 ; gameboy:dut|PPU_Wrapper:ppu|OAM_Search:oam_search|sort_j[3]                                               ; gameboy:dut|PPU_Wrapper:ppu|OAM_Search:oam_search|sort_j[3]                                               ; CLOCK2_50    ; CLOCK2_50   ; 0.000        ; 0.042      ; 0.307      ;
; 0.181 ; gameboy:dut|PPU_Wrapper:ppu|OAM_Search:oam_search|sort_phase                                              ; gameboy:dut|PPU_Wrapper:ppu|OAM_Search:oam_search|sort_phase                                              ; CLOCK2_50    ; CLOCK2_50   ; 0.000        ; 0.042      ; 0.307      ;
; 0.181 ; gameboy:dut|PPU_Wrapper:ppu|OAM_Search:oam_search|state.OAM_SORT                                          ; gameboy:dut|PPU_Wrapper:ppu|OAM_Search:oam_search|state.OAM_SORT                                          ; CLOCK2_50    ; CLOCK2_50   ; 0.000        ; 0.042      ; 0.307      ;
; 0.181 ; gameboy:dut|PPU_Wrapper:ppu|OAM_Search:oam_search|state.OAM_IDLE                                          ; gameboy:dut|PPU_Wrapper:ppu|OAM_Search:oam_search|state.OAM_IDLE                                          ; CLOCK2_50    ; CLOCK2_50   ; 0.000        ; 0.042      ; 0.307      ;
; 0.181 ; gameboy:dut|MMU:mmu|BRAM_handler:memory_units|DMA_controller:dma_guy|state.FINISHED                       ; gameboy:dut|MMU:mmu|BRAM_handler:memory_units|DMA_controller:dma_guy|state.FINISHED                       ; CLOCK2_50    ; CLOCK2_50   ; 0.000        ; 0.042      ; 0.307      ;
; 0.181 ; gameboy:dut|PPU_Wrapper:ppu|Pixel_Gen:Pixel_Gen_inst|Render_Sprites:render_sprites_inst|state.DUMP_PIXELS ; gameboy:dut|PPU_Wrapper:ppu|Pixel_Gen:Pixel_Gen_inst|Render_Sprites:render_sprites_inst|state.DUMP_PIXELS ; CLOCK2_50    ; CLOCK2_50   ; 0.000        ; 0.042      ; 0.307      ;
; 0.187 ; gameboy:dut|MMU:mmu|IO_handler:io_registers|TMA_R[0]                                                      ; gameboy:dut|MMU:mmu|IO_handler:io_registers|TIMA_R[0]                                                     ; CLOCK2_50    ; CLOCK2_50   ; 0.000        ; 0.042      ; 0.313      ;
; 0.187 ; gameboy:dut|PPU_Wrapper:ppu|Pixel_Gen:Pixel_Gen_inst|Render_Sprites:render_sprites_inst|pixel_index[0]    ; gameboy:dut|PPU_Wrapper:ppu|Pixel_Gen:Pixel_Gen_inst|Render_Sprites:render_sprites_inst|pixel_index[0]    ; CLOCK2_50    ; CLOCK2_50   ; 0.000        ; 0.043      ; 0.314      ;
; 0.188 ; gameboy:dut|cpu:cpu|decoder:decoder|flopr:cbprereg|q[0]                                                   ; gameboy:dut|cpu:cpu|decoder:decoder|flopr:cbprereg|q[0]                                                   ; CLOCK2_50    ; CLOCK2_50   ; 0.000        ; 0.042      ; 0.314      ;
; 0.188 ; gameboy:dut|PPU_Wrapper:ppu|OAM_Search:oam_search|sort_i[0]                                               ; gameboy:dut|PPU_Wrapper:ppu|OAM_Search:oam_search|sort_i[0]                                               ; CLOCK2_50    ; CLOCK2_50   ; 0.000        ; 0.042      ; 0.314      ;
; 0.188 ; gameboy:dut|PPU_Wrapper:ppu|OAM_Search:oam_search|sort_j[2]                                               ; gameboy:dut|PPU_Wrapper:ppu|OAM_Search:oam_search|sort_j[2]                                               ; CLOCK2_50    ; CLOCK2_50   ; 0.000        ; 0.042      ; 0.314      ;
; 0.190 ; gameboy:dut|MMU:mmu|BRAM_handler:memory_units|DMA_controller:dma_guy|Counter:cycle_cnter|Q[11]            ; gameboy:dut|MMU:mmu|BRAM_handler:memory_units|DMA_controller:dma_guy|Counter:cycle_cnter|Q[11]            ; CLOCK2_50    ; CLOCK2_50   ; 0.000        ; 0.042      ; 0.316      ;
; 0.194 ; gameboy:dut|PPU_Wrapper:ppu|Pixel_Gen:Pixel_Gen_inst|Render_BG:render_bg_inst|state.BG_DONE               ; gameboy:dut|PPU_Wrapper:ppu|Pixel_Gen:Pixel_Gen_inst|Render_BG:render_bg_inst|bg_done                     ; CLOCK2_50    ; CLOCK2_50   ; 0.000        ; 0.042      ; 0.320      ;
; 0.196 ; gameboy:dut|PPU_Wrapper:ppu|Pixel_Gen:Pixel_Gen_inst|Render_BG:render_bg_inst|state.BG_DONE               ; gameboy:dut|PPU_Wrapper:ppu|Pixel_Gen:Pixel_Gen_inst|Render_BG:render_bg_inst|state.BG_IDLE               ; CLOCK2_50    ; CLOCK2_50   ; 0.000        ; 0.042      ; 0.322      ;
; 0.199 ; gameboy:dut|PPU_Wrapper:ppu|OAM_Search:oam_search|sort_i[0]                                               ; gameboy:dut|PPU_Wrapper:ppu|OAM_Search:oam_search|sort_i[2]                                               ; CLOCK2_50    ; CLOCK2_50   ; 0.000        ; 0.042      ; 0.325      ;
; 0.200 ; gameboy:dut|MMU:mmu|IO_handler:io_registers|divider_ticks[10]                                             ; gameboy:dut|MMU:mmu|IO_handler:io_registers|divider_ticks[10]                                             ; CLOCK2_50    ; CLOCK2_50   ; 0.000        ; 0.041      ; 0.325      ;
; 0.200 ; gameboy:dut|PPU_Wrapper:ppu|Pixel_Gen:Pixel_Gen_inst|Render_Sprites:render_sprites_inst|pixel_index[1]    ; gameboy:dut|PPU_Wrapper:ppu|Pixel_Gen:Pixel_Gen_inst|Render_Sprites:render_sprites_inst|pixel_index[2]    ; CLOCK2_50    ; CLOCK2_50   ; 0.000        ; 0.043      ; 0.327      ;
; 0.201 ; gameboy:dut|PPU_Wrapper:ppu|Pixel_Gen:Pixel_Gen_inst|Render_BG:render_bg_inst|pixel_index[0]              ; gameboy:dut|PPU_Wrapper:ppu|Pixel_Gen:Pixel_Gen_inst|Render_BG:render_bg_inst|pixel_index[2]              ; CLOCK2_50    ; CLOCK2_50   ; 0.000        ; 0.042      ; 0.327      ;
; 0.201 ; gameboy:dut|PPU_Wrapper:ppu|PPU_Mode_controller:mode_ctrl|dot[7]                                          ; gameboy:dut|PPU_Wrapper:ppu|PPU_Mode_controller:mode_ctrl|fifo_clear                                      ; CLOCK2_50    ; CLOCK2_50   ; 0.000        ; 0.042      ; 0.327      ;
; 0.201 ; gameboy:dut|PPU_Wrapper:ppu|OAM_Search:oam_search|sort_i[0]                                               ; gameboy:dut|PPU_Wrapper:ppu|OAM_Search:oam_search|sort_i[1]                                               ; CLOCK2_50    ; CLOCK2_50   ; 0.000        ; 0.042      ; 0.327      ;
; 0.203 ; gameboy:dut|PPU_Wrapper:ppu|Pixel_Gen:Pixel_Gen_inst|FIFO:sprite_fifo_inst|count[6]                       ; gameboy:dut|PPU_Wrapper:ppu|Pixel_Gen:Pixel_Gen_inst|FIFO:sprite_fifo_inst|count[6]                       ; CLOCK2_50    ; CLOCK2_50   ; 0.000        ; 0.042      ; 0.329      ;
; 0.204 ; gameboy:dut|PPU_Wrapper:ppu|Pixel_Gen:Pixel_Gen_inst|Render_Sprites:render_sprites_inst|pixel_index[0]    ; gameboy:dut|PPU_Wrapper:ppu|Pixel_Gen:Pixel_Gen_inst|Render_Sprites:render_sprites_inst|pixel_index[1]    ; CLOCK2_50    ; CLOCK2_50   ; 0.000        ; 0.043      ; 0.331      ;
; 0.217 ; gameboy:dut|PPU_Wrapper:ppu|Pixel_Gen:Pixel_Gen_inst|Render_BG:render_bg_inst|state.BG_IDLE               ; gameboy:dut|PPU_Wrapper:ppu|Pixel_Gen:Pixel_Gen_inst|Render_BG:render_bg_inst|pixel_index[1]              ; CLOCK2_50    ; CLOCK2_50   ; 0.000        ; 0.042      ; 0.343      ;
; 0.221 ; gameboy:dut|PPU_Wrapper:ppu|Pixel_Gen:Pixel_Gen_inst|Render_BG:render_bg_inst|state.BG_IDLE               ; gameboy:dut|PPU_Wrapper:ppu|Pixel_Gen:Pixel_Gen_inst|Render_BG:render_bg_inst|state.BG_FETCH_TILE         ; CLOCK2_50    ; CLOCK2_50   ; 0.000        ; 0.042      ; 0.347      ;
; 0.244 ; gameboy:dut|PPU_Wrapper:ppu|Pixel_Gen:Pixel_Gen_inst|Render_BG:render_bg_inst|state.BG_PROCESS_PIXELS     ; gameboy:dut|PPU_Wrapper:ppu|Pixel_Gen:Pixel_Gen_inst|Render_BG:render_bg_inst|pixel_index[0]              ; CLOCK2_50    ; CLOCK2_50   ; 0.000        ; 0.042      ; 0.370      ;
; 0.247 ; gameboy:dut|MMU:mmu|IO_handler:io_registers|TMA_R[2]                                                      ; gameboy:dut|MMU:mmu|IO_handler:io_registers|TIMA_R[2]                                                     ; CLOCK2_50    ; CLOCK2_50   ; 0.000        ; 0.042      ; 0.373      ;
; 0.247 ; gameboy:dut|MMU:mmu|IO_handler:io_registers|TMA_R[6]                                                      ; gameboy:dut|MMU:mmu|IO_handler:io_registers|TIMA_R[6]                                                     ; CLOCK2_50    ; CLOCK2_50   ; 0.000        ; 0.042      ; 0.373      ;
; 0.252 ; gameboy:dut|MMU:mmu|IO_handler:io_registers|TMA_R[3]                                                      ; gameboy:dut|MMU:mmu|IO_handler:io_registers|TIMA_R[3]                                                     ; CLOCK2_50    ; CLOCK2_50   ; 0.000        ; 0.042      ; 0.378      ;
; 0.260 ; gameboy:dut|PPU_Wrapper:ppu|PPU_Mode_controller:mode_ctrl|dot[8]                                          ; gameboy:dut|PPU_Wrapper:ppu|PPU_Mode_controller:mode_ctrl|fifo_clear                                      ; CLOCK2_50    ; CLOCK2_50   ; 0.000        ; 0.042      ; 0.386      ;
; 0.272 ; gameboy:dut|PPU_Wrapper:ppu|Pixel_Gen:Pixel_Gen_inst|Render_Sprites:render_sprites_inst|sprite_done       ; gameboy:dut|PPU_Wrapper:ppu|PPU_Mode_controller:mode_ctrl|mode[1]                                         ; CLOCK2_50    ; CLOCK2_50   ; 0.000        ; 0.042      ; 0.398      ;
; 0.272 ; gameboy:dut|PPU_Wrapper:ppu|Pixel_Gen:Pixel_Gen_inst|Render_Sprites:render_sprites_inst|state.SCAN_CHECK  ; gameboy:dut|PPU_Wrapper:ppu|Pixel_Gen:Pixel_Gen_inst|Render_Sprites:render_sprites_inst|state.DONE        ; CLOCK2_50    ; CLOCK2_50   ; 0.000        ; 0.042      ; 0.398      ;
; 0.273 ; gameboy:dut|PPU_Wrapper:ppu|Pixel_Gen:Pixel_Gen_inst|Render_Sprites:render_sprites_inst|state.SCAN_CHECK  ; gameboy:dut|PPU_Wrapper:ppu|Pixel_Gen:Pixel_Gen_inst|Render_Sprites:render_sprites_inst|state.FETCH_TILE  ; CLOCK2_50    ; CLOCK2_50   ; 0.000        ; 0.042      ; 0.399      ;
; 0.274 ; gameboy:dut|PPU_Wrapper:ppu|Pixel_Gen:Pixel_Gen_inst|Render_Sprites:render_sprites_inst|sprite_done       ; gameboy:dut|PPU_Wrapper:ppu|PPU_Mode_controller:mode_ctrl|mode[0]                                         ; CLOCK2_50    ; CLOCK2_50   ; 0.000        ; 0.042      ; 0.400      ;
; 0.275 ; gameboy:dut|MMU:mmu|BRAM_handler:memory_units|DMA_controller:dma_guy|state.WRITING                        ; gameboy:dut|MMU:mmu|BRAM_handler:memory_units|DMA_controller:dma_guy|state.READING                        ; CLOCK2_50    ; CLOCK2_50   ; 0.000        ; 0.042      ; 0.401      ;
; 0.286 ; gameboy:dut|PPU_Wrapper:ppu|OAM_Search:oam_search|state.OAM_SORT                                          ; gameboy:dut|PPU_Wrapper:ppu|OAM_Search:oam_search|state.OAM_DONE                                          ; CLOCK2_50    ; CLOCK2_50   ; 0.000        ; 0.042      ; 0.412      ;
; 0.288 ; gameboy:dut|MMU:mmu|IO_handler:io_registers|TMA_R[4]                                                      ; gameboy:dut|MMU:mmu|IO_handler:io_registers|TIMA_R[4]                                                     ; CLOCK2_50    ; CLOCK2_50   ; 0.000        ; 0.042      ; 0.414      ;
; 0.288 ; gameboy:dut|MMU:mmu|IO_handler:io_registers|TMA_R[7]                                                      ; gameboy:dut|MMU:mmu|IO_handler:io_registers|TIMA_R[7]                                                     ; CLOCK2_50    ; CLOCK2_50   ; 0.000        ; 0.042      ; 0.414      ;
; 0.289 ; gameboy:dut|PPU_Wrapper:ppu|Pixel_Gen:Pixel_Gen_inst|Render_BG:render_bg_inst|state.BG_FETCH_TILE_DATA    ; gameboy:dut|PPU_Wrapper:ppu|Pixel_Gen:Pixel_Gen_inst|Render_BG:render_bg_inst|state.BG_PROCESS_PIXELS     ; CLOCK2_50    ; CLOCK2_50   ; 0.000        ; 0.042      ; 0.415      ;
; 0.292 ; gameboy:dut|MMU:mmu|IO_handler:io_registers|DIV_R[3]                                                      ; gameboy:dut|MMU:mmu|IO_handler:io_registers|DIV_R[3]                                                      ; CLOCK2_50    ; CLOCK2_50   ; 0.000        ; 0.042      ; 0.418      ;
; 0.292 ; gameboy:dut|MMU:mmu|IO_handler:io_registers|DIV_R[1]                                                      ; gameboy:dut|MMU:mmu|IO_handler:io_registers|DIV_R[1]                                                      ; CLOCK2_50    ; CLOCK2_50   ; 0.000        ; 0.042      ; 0.418      ;
; 0.292 ; gameboy:dut|MMU:mmu|IO_handler:io_registers|DIV_R[5]                                                      ; gameboy:dut|MMU:mmu|IO_handler:io_registers|DIV_R[5]                                                      ; CLOCK2_50    ; CLOCK2_50   ; 0.000        ; 0.042      ; 0.418      ;
; 0.292 ; gameboy:dut|MMU:mmu|IO_handler:io_registers|TMA_R[5]                                                      ; gameboy:dut|MMU:mmu|IO_handler:io_registers|TIMA_R[5]                                                     ; CLOCK2_50    ; CLOCK2_50   ; 0.000        ; 0.042      ; 0.418      ;
; 0.292 ; gameboy:dut|PPU_Wrapper:ppu|PPU_Mode_controller:mode_ctrl|line[1]                                         ; gameboy:dut|PPU_Wrapper:ppu|PPU_Mode_controller:mode_ctrl|line[1]                                         ; CLOCK2_50    ; CLOCK2_50   ; 0.000        ; 0.042      ; 0.418      ;
; 0.292 ; gameboy:dut|PPU_Wrapper:ppu|OAM_Search:oam_search|oam_index[2]                                            ; gameboy:dut|PPU_Wrapper:ppu|OAM_Search:oam_search|oam_index[2]                                            ; CLOCK2_50    ; CLOCK2_50   ; 0.000        ; 0.043      ; 0.419      ;
; 0.292 ; gameboy:dut|PPU_Wrapper:ppu|OAM_Search:oam_search|oam_index[1]                                            ; gameboy:dut|PPU_Wrapper:ppu|OAM_Search:oam_search|oam_index[1]                                            ; CLOCK2_50    ; CLOCK2_50   ; 0.000        ; 0.043      ; 0.419      ;
; 0.293 ; gameboy:dut|MMU:mmu|IO_handler:io_registers|divider_ticks[5]                                              ; gameboy:dut|MMU:mmu|IO_handler:io_registers|divider_ticks[5]                                              ; CLOCK2_50    ; CLOCK2_50   ; 0.000        ; 0.041      ; 0.418      ;
; 0.293 ; gameboy:dut|MMU:mmu|IO_handler:io_registers|divider_ticks[1]                                              ; gameboy:dut|MMU:mmu|IO_handler:io_registers|divider_ticks[1]                                              ; CLOCK2_50    ; CLOCK2_50   ; 0.000        ; 0.041      ; 0.418      ;
; 0.293 ; gameboy:dut|MMU:mmu|IO_handler:io_registers|divider_ticks[3]                                              ; gameboy:dut|MMU:mmu|IO_handler:io_registers|divider_ticks[3]                                              ; CLOCK2_50    ; CLOCK2_50   ; 0.000        ; 0.041      ; 0.418      ;
; 0.293 ; gameboy:dut|PPU_Wrapper:ppu|Pixel_Gen:Pixel_Gen_inst|FIFO:sprite_fifo_inst|count[1]                       ; gameboy:dut|PPU_Wrapper:ppu|Pixel_Gen:Pixel_Gen_inst|FIFO:sprite_fifo_inst|count[1]                       ; CLOCK2_50    ; CLOCK2_50   ; 0.000        ; 0.042      ; 0.419      ;
; 0.293 ; gameboy:dut|PPU_Wrapper:ppu|Pixel_Gen:Pixel_Gen_inst|FIFO:sprite_fifo_inst|count[2]                       ; gameboy:dut|PPU_Wrapper:ppu|Pixel_Gen:Pixel_Gen_inst|FIFO:sprite_fifo_inst|count[2]                       ; CLOCK2_50    ; CLOCK2_50   ; 0.000        ; 0.042      ; 0.419      ;
; 0.293 ; gameboy:dut|MMU:mmu|BRAM_handler:memory_units|DMA_controller:dma_guy|Counter:cycle_cnter|Q[9]             ; gameboy:dut|MMU:mmu|BRAM_handler:memory_units|DMA_controller:dma_guy|Counter:cycle_cnter|Q[9]             ; CLOCK2_50    ; CLOCK2_50   ; 0.000        ; 0.042      ; 0.419      ;
; 0.293 ; gameboy:dut|MMU:mmu|BRAM_handler:memory_units|DMA_controller:dma_guy|Counter:cycle_cnter|Q[5]             ; gameboy:dut|MMU:mmu|BRAM_handler:memory_units|DMA_controller:dma_guy|Counter:cycle_cnter|Q[5]             ; CLOCK2_50    ; CLOCK2_50   ; 0.000        ; 0.042      ; 0.419      ;
; 0.293 ; gameboy:dut|MMU:mmu|BRAM_handler:memory_units|DMA_controller:dma_guy|Counter:cycle_cnter|Q[8]             ; gameboy:dut|MMU:mmu|BRAM_handler:memory_units|DMA_controller:dma_guy|Counter:cycle_cnter|Q[8]             ; CLOCK2_50    ; CLOCK2_50   ; 0.000        ; 0.042      ; 0.419      ;
; 0.293 ; gameboy:dut|MMU:mmu|BRAM_handler:memory_units|DMA_controller:dma_guy|Counter:cycle_cnter|Q[10]            ; gameboy:dut|MMU:mmu|BRAM_handler:memory_units|DMA_controller:dma_guy|Counter:cycle_cnter|Q[10]            ; CLOCK2_50    ; CLOCK2_50   ; 0.000        ; 0.042      ; 0.419      ;
; 0.294 ; gameboy:dut|PPU_Wrapper:ppu|Pixel_Gen:Pixel_Gen_inst|FIFO:bg_fifo_inst|count[3]                           ; gameboy:dut|PPU_Wrapper:ppu|Pixel_Gen:Pixel_Gen_inst|FIFO:bg_fifo_inst|count[3]                           ; CLOCK2_50    ; CLOCK2_50   ; 0.000        ; 0.042      ; 0.420      ;
; 0.294 ; gameboy:dut|MMU:mmu|IO_handler:io_registers|DIV_R[6]                                                      ; gameboy:dut|MMU:mmu|IO_handler:io_registers|DIV_R[6]                                                      ; CLOCK2_50    ; CLOCK2_50   ; 0.000        ; 0.042      ; 0.420      ;
; 0.294 ; gameboy:dut|PPU_Wrapper:ppu|PPU_Mode_controller:mode_ctrl|line[2]                                         ; gameboy:dut|PPU_Wrapper:ppu|PPU_Mode_controller:mode_ctrl|line[2]                                         ; CLOCK2_50    ; CLOCK2_50   ; 0.000        ; 0.042      ; 0.420      ;
; 0.294 ; gameboy:dut|PPU_Wrapper:ppu|PPU_Mode_controller:mode_ctrl|line[3]                                         ; gameboy:dut|PPU_Wrapper:ppu|PPU_Mode_controller:mode_ctrl|line[3]                                         ; CLOCK2_50    ; CLOCK2_50   ; 0.000        ; 0.042      ; 0.420      ;
; 0.294 ; gameboy:dut|MMU:mmu|IO_handler:io_registers|tima_ticks[1]                                                 ; gameboy:dut|MMU:mmu|IO_handler:io_registers|tima_ticks[1]                                                 ; CLOCK2_50    ; CLOCK2_50   ; 0.000        ; 0.042      ; 0.420      ;
; 0.294 ; gameboy:dut|MMU:mmu|IO_handler:io_registers|tima_ticks[2]                                                 ; gameboy:dut|MMU:mmu|IO_handler:io_registers|tima_ticks[2]                                                 ; CLOCK2_50    ; CLOCK2_50   ; 0.000        ; 0.042      ; 0.420      ;
; 0.294 ; gameboy:dut|PPU_Wrapper:ppu|Pixel_Gen:Pixel_Gen_inst|FIFO:sprite_fifo_inst|count[3]                       ; gameboy:dut|PPU_Wrapper:ppu|Pixel_Gen:Pixel_Gen_inst|FIFO:sprite_fifo_inst|count[3]                       ; CLOCK2_50    ; CLOCK2_50   ; 0.000        ; 0.042      ; 0.420      ;
; 0.294 ; gameboy:dut|MMU:mmu|BRAM_handler:memory_units|DMA_controller:dma_guy|Counter:cycle_cnter|Q[1]             ; gameboy:dut|MMU:mmu|BRAM_handler:memory_units|DMA_controller:dma_guy|Counter:cycle_cnter|Q[1]             ; CLOCK2_50    ; CLOCK2_50   ; 0.000        ; 0.042      ; 0.420      ;
; 0.294 ; gameboy:dut|MMU:mmu|BRAM_handler:memory_units|DMA_controller:dma_guy|Counter:cycle_cnter|Q[2]             ; gameboy:dut|MMU:mmu|BRAM_handler:memory_units|DMA_controller:dma_guy|Counter:cycle_cnter|Q[2]             ; CLOCK2_50    ; CLOCK2_50   ; 0.000        ; 0.042      ; 0.420      ;
; 0.294 ; gameboy:dut|MMU:mmu|BRAM_handler:memory_units|DMA_controller:dma_guy|Counter:cycle_cnter|Q[4]             ; gameboy:dut|MMU:mmu|BRAM_handler:memory_units|DMA_controller:dma_guy|Counter:cycle_cnter|Q[4]             ; CLOCK2_50    ; CLOCK2_50   ; 0.000        ; 0.042      ; 0.420      ;
; 0.295 ; gameboy:dut|MMU:mmu|IO_handler:io_registers|divider_ticks[8]                                              ; gameboy:dut|MMU:mmu|IO_handler:io_registers|divider_ticks[8]                                              ; CLOCK2_50    ; CLOCK2_50   ; 0.000        ; 0.041      ; 0.420      ;
; 0.295 ; gameboy:dut|MMU:mmu|IO_handler:io_registers|divider_ticks[2]                                              ; gameboy:dut|MMU:mmu|IO_handler:io_registers|divider_ticks[2]                                              ; CLOCK2_50    ; CLOCK2_50   ; 0.000        ; 0.041      ; 0.420      ;
; 0.295 ; gameboy:dut|MMU:mmu|IO_handler:io_registers|divider_ticks[7]                                              ; gameboy:dut|MMU:mmu|IO_handler:io_registers|divider_ticks[7]                                              ; CLOCK2_50    ; CLOCK2_50   ; 0.000        ; 0.041      ; 0.420      ;
; 0.295 ; gameboy:dut|MMU:mmu|IO_handler:io_registers|divider_ticks[6]                                              ; gameboy:dut|MMU:mmu|IO_handler:io_registers|divider_ticks[6]                                              ; CLOCK2_50    ; CLOCK2_50   ; 0.000        ; 0.041      ; 0.420      ;
; 0.295 ; gameboy:dut|MMU:mmu|IO_handler:io_registers|divider_ticks[9]                                              ; gameboy:dut|MMU:mmu|IO_handler:io_registers|divider_ticks[9]                                              ; CLOCK2_50    ; CLOCK2_50   ; 0.000        ; 0.041      ; 0.420      ;
; 0.295 ; gameboy:dut|MMU:mmu|BRAM_handler:memory_units|DMA_controller:dma_guy|Counter:cycle_cnter|Q[6]             ; gameboy:dut|MMU:mmu|BRAM_handler:memory_units|DMA_controller:dma_guy|Counter:cycle_cnter|Q[6]             ; CLOCK2_50    ; CLOCK2_50   ; 0.000        ; 0.042      ; 0.421      ;
; 0.296 ; gameboy:dut|MMU:mmu|IO_handler:io_registers|divider_ticks[4]                                              ; gameboy:dut|MMU:mmu|IO_handler:io_registers|divider_ticks[4]                                              ; CLOCK2_50    ; CLOCK2_50   ; 0.000        ; 0.041      ; 0.421      ;
; 0.298 ; gameboy:dut|MMU:mmu|BRAM_handler:memory_units|DMA_controller:dma_guy|Counter:oam_addr_cnter|Q[15]         ; gameboy:dut|MMU:mmu|BRAM_handler:memory_units|DMA_controller:dma_guy|Counter:oam_addr_cnter|Q[15]         ; CLOCK2_50    ; CLOCK2_50   ; 0.000        ; 0.042      ; 0.424      ;
; 0.298 ; gameboy:dut|PPU_Wrapper:ppu|PPU_Mode_controller:mode_ctrl|line[5]                                         ; gameboy:dut|PPU_Wrapper:ppu|PPU_Mode_controller:mode_ctrl|line[5]                                         ; CLOCK2_50    ; CLOCK2_50   ; 0.000        ; 0.042      ; 0.424      ;
; 0.298 ; gameboy:dut|PPU_Wrapper:ppu|PPU_Mode_controller:mode_ctrl|line[7]                                         ; gameboy:dut|PPU_Wrapper:ppu|PPU_Mode_controller:mode_ctrl|line[7]                                         ; CLOCK2_50    ; CLOCK2_50   ; 0.000        ; 0.042      ; 0.424      ;
; 0.298 ; gameboy:dut|PPU_Wrapper:ppu|Pixel_Gen:Pixel_Gen_inst|Render_BG:render_bg_inst|state.BG_PROCESS_PIXELS     ; gameboy:dut|PPU_Wrapper:ppu|Pixel_Gen:Pixel_Gen_inst|Render_BG:render_bg_inst|pixel_total[5]              ; CLOCK2_50    ; CLOCK2_50   ; 0.000        ; 0.041      ; 0.423      ;
; 0.298 ; gameboy:dut|MMU:mmu|IO_handler:io_registers|tima_ticks[3]                                                 ; gameboy:dut|MMU:mmu|IO_handler:io_registers|tima_ticks[3]                                                 ; CLOCK2_50    ; CLOCK2_50   ; 0.000        ; 0.042      ; 0.424      ;
; 0.298 ; gameboy:dut|PPU_Wrapper:ppu|PPU_Mode_controller:mode_ctrl|dot[2]                                          ; gameboy:dut|PPU_Wrapper:ppu|PPU_Mode_controller:mode_ctrl|dot[2]                                          ; CLOCK2_50    ; CLOCK2_50   ; 0.000        ; 0.042      ; 0.424      ;
+-------+-----------------------------------------------------------------------------------------------------------+-----------------------------------------------------------------------------------------------------------+--------------+-------------+--------------+------------+------------+


+----------------------------------------------------------------------------------------------------------------------------------------------------------------------------------------------------------------------------------------------------------------------------------------------------------------------------------------------------------------------------------------------+
; Fast 1200mV 0C Model Hold: 'CLOCK_50'                                                                                                                                                                                                                                                                                                                                                        ;
+-------+---------------------------------------------------------------------------------------------------------------------------------------------+------------------------------------------------------------------------------------------------------------------------------------------------------------------+--------------+-------------+--------------+------------+------------+
; Slack ; From Node                                                                                                                                   ; To Node                                                                                                                                                          ; Launch Clock ; Latch Clock ; Relationship ; Clock Skew ; Data Delay ;
+-------+---------------------------------------------------------------------------------------------------------------------------------------------+------------------------------------------------------------------------------------------------------------------------------------------------------------------+--------------+-------------+--------------+------------+------------+
; 0.181 ; gameboy:dut|MMU:mmu|BRAM_handler:memory_units|MM_out_chooser:memory_out_muxer|dma_select[1]                                                 ; gameboy:dut|MMU:mmu|BRAM_handler:memory_units|MM_out_chooser:memory_out_muxer|dma_select[1]                                                                      ; CLOCK_50     ; CLOCK_50    ; 0.000        ; 0.042      ; 0.307      ;
; 0.246 ; gameboy:dut|PPU_Wrapper:ppu|Pixel_Gen:Pixel_Gen_inst|Render_Sprites:render_sprites_inst|row_offset[2]                                       ; gameboy:dut|MMU:mmu|BRAM_handler:memory_units|DUAL_VRAM_8KB:vram0|altsyncram:altsyncram_component|altsyncram_54g2:auto_generated|ram_block1a0~portb_address_reg0 ; CLOCK2_50    ; CLOCK_50    ; 0.000        ; 0.235      ; 0.625      ;
; 0.258 ; gameboy:dut|PPU_Wrapper:ppu|Pixel_Gen:Pixel_Gen_inst|Render_Sprites:render_sprites_inst|row_offset[3]                                       ; gameboy:dut|MMU:mmu|BRAM_handler:memory_units|DUAL_VRAM_8KB:vram0|altsyncram:altsyncram_component|altsyncram_54g2:auto_generated|ram_block1a0~portb_address_reg0 ; CLOCK2_50    ; CLOCK_50    ; 0.000        ; 0.235      ; 0.637      ;
; 0.261 ; gameboy:dut|MMU:mmu|BRAM_handler:memory_units|MM_out_chooser:memory_out_muxer|ppu_select[2]                                                 ; gameboy:dut|MMU:mmu|BRAM_handler:memory_units|MM_out_chooser:memory_out_muxer|ppu_memory_selector[2]                                                             ; CLOCK_50     ; CLOCK_50    ; 0.000        ; 0.041      ; 0.386      ;
; 0.262 ; gameboy:dut|MMU:mmu|BRAM_handler:memory_units|ROM_BANK:rom0|altsyncram:altsyncram_component|altsyncram_81a1:auto_generated|address_reg_a[0] ; gameboy:dut|MMU:mmu|BRAM_handler:memory_units|ROM_BANK:rom0|altsyncram:altsyncram_component|altsyncram_81a1:auto_generated|out_address_reg_a[0]                  ; CLOCK_50     ; CLOCK_50    ; 0.000        ; 0.041      ; 0.387      ;
; 0.277 ; gameboy:dut|MMU:mmu|BRAM_handler:memory_units|DMA_controller:dma_guy|Counter:dma_addr_cnter|Q[14]                                           ; gameboy:dut|MMU:mmu|BRAM_handler:memory_units|MM_out_chooser:memory_out_muxer|dma_select[0]                                                                      ; CLOCK2_50    ; CLOCK_50    ; 0.000        ; 0.051      ; 0.452      ;
; 0.288 ; gameboy:dut|MMU:mmu|BRAM_handler:memory_units|DMA_controller:dma_guy|Counter:dma_addr_cnter|Q[14]                                           ; gameboy:dut|MMU:mmu|BRAM_handler:memory_units|MM_out_chooser:memory_out_muxer|dma_select[2]                                                                      ; CLOCK2_50    ; CLOCK_50    ; 0.000        ; 0.051      ; 0.463      ;
; 0.288 ; gameboy:dut|MMU:mmu|BRAM_handler:memory_units|DMA_controller:dma_guy|Counter:dma_addr_cnter|Q[13]                                           ; gameboy:dut|MMU:mmu|BRAM_handler:memory_units|MM_out_chooser:memory_out_muxer|dma_select[0]                                                                      ; CLOCK2_50    ; CLOCK_50    ; 0.000        ; 0.051      ; 0.463      ;
; 0.321 ; gameboy:dut|PPU_Wrapper:ppu|Pixel_Gen:Pixel_Gen_inst|Render_Sprites:render_sprites_inst|row_offset[1]                                       ; gameboy:dut|MMU:mmu|BRAM_handler:memory_units|DUAL_VRAM_8KB:vram0|altsyncram:altsyncram_component|altsyncram_54g2:auto_generated|ram_block1a0~portb_address_reg0 ; CLOCK2_50    ; CLOCK_50    ; 0.000        ; 0.235      ; 0.700      ;
; 0.329 ; gameboy:dut|MMU:mmu|BRAM_handler:memory_units|DMA_controller:dma_guy|Counter:dma_addr_cnter|Q[15]                                           ; gameboy:dut|MMU:mmu|BRAM_handler:memory_units|MM_out_chooser:memory_out_muxer|dma_select[2]                                                                      ; CLOCK2_50    ; CLOCK_50    ; 0.000        ; 0.051      ; 0.504      ;
; 0.342 ; gameboy:dut|MMU:mmu|BRAM_handler:memory_units|DMA_controller:dma_guy|Counter:dma_addr_cnter|Q[5]                                            ; gameboy:dut|MMU:mmu|BRAM_handler:memory_units|DUAL_VRAM_8KB:vram0|altsyncram:altsyncram_component|altsyncram_54g2:auto_generated|ram_block1a1~porta_address_reg0 ; CLOCK2_50    ; CLOCK_50    ; 0.000        ; 0.233      ; 0.719      ;
; 0.346 ; gameboy:dut|MMU:mmu|BRAM_handler:memory_units|DMA_controller:dma_guy|Counter:dma_addr_cnter|Q[15]                                           ; gameboy:dut|MMU:mmu|BRAM_handler:memory_units|MM_out_chooser:memory_out_muxer|dma_select[1]                                                                      ; CLOCK2_50    ; CLOCK_50    ; 0.000        ; 0.051      ; 0.521      ;
; 0.359 ; gameboy:dut|MMU:mmu|BRAM_handler:memory_units|DMA_controller:dma_guy|Counter:dma_addr_cnter|Q[13]                                           ; gameboy:dut|MMU:mmu|BRAM_handler:memory_units|MM_out_chooser:memory_out_muxer|dma_select[2]                                                                      ; CLOCK2_50    ; CLOCK_50    ; 0.000        ; 0.051      ; 0.534      ;
; 0.378 ; gameboy:dut|MMU:mmu|BRAM_handler:memory_units|DMA_controller:dma_guy|Counter:dma_addr_cnter|Q[3]                                            ; gameboy:dut|MMU:mmu|BRAM_handler:memory_units|DUAL_VRAM_8KB:vram0|altsyncram:altsyncram_component|altsyncram_54g2:auto_generated|ram_block1a2~porta_address_reg0 ; CLOCK2_50    ; CLOCK_50    ; 0.000        ; 0.234      ; 0.756      ;
; 0.379 ; gameboy:dut|MMU:mmu|BRAM_handler:memory_units|DMA_controller:dma_guy|Counter:dma_addr_cnter|Q[3]                                            ; gameboy:dut|MMU:mmu|BRAM_handler:memory_units|DUAL_VRAM_8KB:vram0|altsyncram:altsyncram_component|altsyncram_54g2:auto_generated|ram_block1a1~porta_address_reg0 ; CLOCK2_50    ; CLOCK_50    ; 0.000        ; 0.233      ; 0.756      ;
; 0.406 ; gameboy:dut|MMU:mmu|BRAM_handler:memory_units|DMA_controller:dma_guy|Counter:oam_addr_cnter|Q[4]                                            ; gameboy:dut|MMU:mmu|BRAM_handler:memory_units|OAM_DUALBANK:oam|altsyncram:altsyncram_component|altsyncram_ttf2:auto_generated|ram_block1a0~porta_address_reg0    ; CLOCK2_50    ; CLOCK_50    ; 0.000        ; 0.236      ; 0.786      ;
; 0.419 ; gameboy:dut|MMU:mmu|BRAM_handler:memory_units|hram_out_data[11]                                                                             ; gameboy:dut|MMU:mmu|BRAM_handler:memory_units|OAM_DUALBANK:oam|altsyncram:altsyncram_component|altsyncram_ttf2:auto_generated|ram_block1a0~porta_datain_reg0     ; CLOCK2_50    ; CLOCK_50    ; 0.000        ; 0.244      ; 0.807      ;
; 0.422 ; gameboy:dut|PPU_Wrapper:ppu|Pixel_Gen:Pixel_Gen_inst|Render_Sprites:render_sprites_inst|row_offset[2]                                       ; gameboy:dut|MMU:mmu|BRAM_handler:memory_units|DUAL_VRAM_8KB:vram0|altsyncram:altsyncram_component|altsyncram_54g2:auto_generated|ram_block1a2~portb_address_reg0 ; CLOCK2_50    ; CLOCK_50    ; 0.000        ; 0.237      ; 0.803      ;
; 0.423 ; gameboy:dut|MMU:mmu|BRAM_handler:memory_units|DMA_controller:dma_guy|Counter:dma_addr_cnter|Q[6]                                            ; gameboy:dut|MMU:mmu|BRAM_handler:memory_units|ROM_BANK:rom0|altsyncram:altsyncram_component|altsyncram_81a1:auto_generated|ram_block1a25~porta_address_reg0      ; CLOCK2_50    ; CLOCK_50    ; 0.000        ; 0.234      ; 0.801      ;
; 0.428 ; gameboy:dut|PPU_Wrapper:ppu|Pixel_Gen:Pixel_Gen_inst|Render_Sprites:render_sprites_inst|row_offset[3]                                       ; gameboy:dut|MMU:mmu|BRAM_handler:memory_units|DUAL_VRAM_8KB:vram0|altsyncram:altsyncram_component|altsyncram_54g2:auto_generated|ram_block1a2~portb_address_reg0 ; CLOCK2_50    ; CLOCK_50    ; 0.000        ; 0.237      ; 0.809      ;
; 0.431 ; gameboy:dut|MMU:mmu|BRAM_handler:memory_units|hram_out_data[1]                                                                              ; gameboy:dut|MMU:mmu|BRAM_handler:memory_units|OAM_DUALBANK:oam|altsyncram:altsyncram_component|altsyncram_ttf2:auto_generated|ram_block1a0~porta_datain_reg0     ; CLOCK2_50    ; CLOCK_50    ; 0.000        ; 0.235      ; 0.810      ;
; 0.439 ; gameboy:dut|MMU:mmu|BRAM_handler:memory_units|DMA_controller:dma_guy|Counter:dma_addr_cnter|Q[6]                                            ; gameboy:dut|MMU:mmu|BRAM_handler:memory_units|ROM_BANK:rom0|altsyncram:altsyncram_component|altsyncram_81a1:auto_generated|ram_block1a15~porta_address_reg0      ; CLOCK2_50    ; CLOCK_50    ; 0.000        ; 0.243      ; 0.826      ;
; 0.439 ; gameboy:dut|MMU:mmu|BRAM_handler:memory_units|DMA_controller:dma_guy|Counter:dma_addr_cnter|Q[6]                                            ; gameboy:dut|MMU:mmu|BRAM_handler:memory_units|ROM_BANK:rom0|altsyncram:altsyncram_component|altsyncram_81a1:auto_generated|ram_block1a24~porta_address_reg0      ; CLOCK2_50    ; CLOCK_50    ; 0.000        ; 0.243      ; 0.826      ;
; 0.440 ; gameboy:dut|MMU:mmu|BRAM_handler:memory_units|DMA_controller:dma_guy|Counter:dma_addr_cnter|Q[15]                                           ; gameboy:dut|MMU:mmu|BRAM_handler:memory_units|MM_out_chooser:memory_out_muxer|dma_select[0]                                                                      ; CLOCK2_50    ; CLOCK_50    ; 0.000        ; 0.051      ; 0.615      ;
; 0.447 ; gameboy:dut|MMU:mmu|BRAM_handler:memory_units|DMA_controller:dma_guy|Counter:dma_addr_cnter|Q[7]                                            ; gameboy:dut|MMU:mmu|BRAM_handler:memory_units|ROM_BANK:rom0|altsyncram:altsyncram_component|altsyncram_81a1:auto_generated|ram_block1a24~porta_address_reg0      ; CLOCK2_50    ; CLOCK_50    ; 0.000        ; 0.244      ; 0.835      ;
; 0.456 ; gameboy:dut|MMU:mmu|BRAM_handler:memory_units|DMA_controller:dma_guy|Counter:dma_addr_cnter|Q[8]                                            ; gameboy:dut|MMU:mmu|BRAM_handler:memory_units|DUAL_VRAM_8KB:vram0|altsyncram:altsyncram_component|altsyncram_54g2:auto_generated|ram_block1a2~porta_address_reg0 ; CLOCK2_50    ; CLOCK_50    ; 0.000        ; 0.233      ; 0.833      ;
; 0.458 ; gameboy:dut|PPU_Wrapper:ppu|Pixel_Gen:Pixel_Gen_inst|Render_Sprites:render_sprites_inst|row_offset[1]                                       ; gameboy:dut|MMU:mmu|BRAM_handler:memory_units|DUAL_VRAM_8KB:vram0|altsyncram:altsyncram_component|altsyncram_54g2:auto_generated|ram_block1a1~portb_address_reg0 ; CLOCK2_50    ; CLOCK_50    ; 0.000        ; 0.236      ; 0.838      ;
; 0.461 ; gameboy:dut|MMU:mmu|BRAM_handler:memory_units|DMA_controller:dma_guy|Counter:dma_addr_cnter|Q[14]                                           ; gameboy:dut|MMU:mmu|BRAM_handler:memory_units|MM_out_chooser:memory_out_muxer|dma_select[1]                                                                      ; CLOCK2_50    ; CLOCK_50    ; 0.000        ; 0.051      ; 0.636      ;
; 0.462 ; gameboy:dut|PPU_Wrapper:ppu|Pixel_Gen:Pixel_Gen_inst|Render_Sprites:render_sprites_inst|row_offset[1]                                       ; gameboy:dut|MMU:mmu|BRAM_handler:memory_units|DUAL_VRAM_8KB:vram0|altsyncram:altsyncram_component|altsyncram_54g2:auto_generated|ram_block1a4~portb_address_reg0 ; CLOCK2_50    ; CLOCK_50    ; 0.000        ; 0.234      ; 0.840      ;
; 0.463 ; gameboy:dut|MMU:mmu|BRAM_handler:memory_units|DMA_controller:dma_guy|Counter:dma_addr_cnter|Q[12]                                           ; gameboy:dut|MMU:mmu|BRAM_handler:memory_units|DUAL_VRAM_8KB:vram0|altsyncram:altsyncram_component|altsyncram_54g2:auto_generated|ram_block1a1~porta_address_reg0 ; CLOCK2_50    ; CLOCK_50    ; 0.000        ; 0.232      ; 0.839      ;
; 0.473 ; gameboy:dut|PPU_Wrapper:ppu|Pixel_Gen:Pixel_Gen_inst|Render_Sprites:render_sprites_inst|row_offset[1]                                       ; gameboy:dut|MMU:mmu|BRAM_handler:memory_units|DUAL_VRAM_8KB:vram0|altsyncram:altsyncram_component|altsyncram_54g2:auto_generated|ram_block1a2~portb_address_reg0 ; CLOCK2_50    ; CLOCK_50    ; 0.000        ; 0.237      ; 0.854      ;
; 0.473 ; gameboy:dut|MMU:mmu|BRAM_handler:memory_units|hram_out_data[3]                                                                              ; gameboy:dut|MMU:mmu|BRAM_handler:memory_units|OAM_DUALBANK:oam|altsyncram:altsyncram_component|altsyncram_ttf2:auto_generated|ram_block1a0~porta_datain_reg0     ; CLOCK2_50    ; CLOCK_50    ; 0.000        ; 0.235      ; 0.852      ;
; 0.474 ; gameboy:dut|PPU_Wrapper:ppu|Pixel_Gen:Pixel_Gen_inst|Render_Sprites:render_sprites_inst|row_offset[1]                                       ; gameboy:dut|MMU:mmu|BRAM_handler:memory_units|OAM_DUALBANK:oam|altsyncram:altsyncram_component|altsyncram_ttf2:auto_generated|ram_block1a0~portb_address_reg0    ; CLOCK2_50    ; CLOCK_50    ; 0.000        ; 0.232      ; 0.850      ;
; 0.477 ; gameboy:dut|MMU:mmu|BRAM_handler:memory_units|MM_out_chooser:memory_out_muxer|cpu_select[3]                                                 ; gameboy:dut|MMU:mmu|BRAM_handler:memory_units|MM_out_chooser:memory_out_muxer|cpu_memory_selector[3]                                                             ; CLOCK_50     ; CLOCK_50    ; 0.000        ; 0.041      ; 0.602      ;
; 0.486 ; gameboy:dut|MMU:mmu|BRAM_handler:memory_units|MM_out_chooser:memory_out_muxer|dma_select[0]                                                 ; gameboy:dut|MMU:mmu|BRAM_handler:memory_units|MM_out_chooser:memory_out_muxer|dma_memory_selector[0]                                                             ; CLOCK_50     ; CLOCK_50    ; 0.000        ; 0.038      ; 0.608      ;
; 0.494 ; gameboy:dut|MMU:mmu|BRAM_handler:memory_units|MM_out_chooser:memory_out_muxer|cpu_select[0]                                                 ; gameboy:dut|MMU:mmu|BRAM_handler:memory_units|MM_out_chooser:memory_out_muxer|cpu_memory_selector[0]                                                             ; CLOCK_50     ; CLOCK_50    ; 0.000        ; 0.039      ; 0.617      ;
; 0.497 ; gameboy:dut|PPU_Wrapper:ppu|OAM_Search:oam_search|selected_sprites_reg[9].tile_index[6]                                                     ; gameboy:dut|MMU:mmu|BRAM_handler:memory_units|DUAL_VRAM_8KB:vram0|altsyncram:altsyncram_component|altsyncram_54g2:auto_generated|ram_block1a2~portb_address_reg0 ; CLOCK2_50    ; CLOCK_50    ; 0.000        ; 0.240      ; 0.881      ;
; 0.500 ; gameboy:dut|MMU:mmu|BRAM_handler:memory_units|DMA_controller:dma_guy|Counter:dma_addr_cnter|Q[3]                                            ; gameboy:dut|MMU:mmu|BRAM_handler:memory_units|DUAL_VRAM_8KB:vram0|altsyncram:altsyncram_component|altsyncram_54g2:auto_generated|ram_block1a0~porta_address_reg0 ; CLOCK2_50    ; CLOCK_50    ; 0.000        ; 0.232      ; 0.876      ;
; 0.502 ; gameboy:dut|MMU:mmu|BRAM_handler:memory_units|DMA_controller:dma_guy|Counter:dma_addr_cnter|Q[3]                                            ; gameboy:dut|MMU:mmu|BRAM_handler:memory_units|DUAL_VRAM_8KB:vram0|altsyncram:altsyncram_component|altsyncram_54g2:auto_generated|ram_block1a4~porta_address_reg0 ; CLOCK2_50    ; CLOCK_50    ; 0.000        ; 0.231      ; 0.877      ;
; 0.505 ; gameboy:dut|MMU:mmu|BRAM_handler:memory_units|MM_out_chooser:memory_out_muxer|cpu_select[2]                                                 ; gameboy:dut|MMU:mmu|BRAM_handler:memory_units|MM_out_chooser:memory_out_muxer|cpu_memory_selector[2]                                                             ; CLOCK_50     ; CLOCK_50    ; 0.000        ; 0.038      ; 0.627      ;
; 0.509 ; gameboy:dut|MMU:mmu|BRAM_handler:memory_units|DMA_controller:dma_guy|Counter:dma_addr_cnter|Q[12]                                           ; gameboy:dut|MMU:mmu|BRAM_handler:memory_units|ROM_BANK:rom0|altsyncram:altsyncram_component|altsyncram_81a1:auto_generated|ram_block1a24~porta_address_reg0      ; CLOCK2_50    ; CLOCK_50    ; 0.000        ; 0.243      ; 0.896      ;
; 0.510 ; gameboy:dut|PPU_Wrapper:ppu|OAM_Search:oam_search|selected_sprites_reg[9].tile_index[6]                                                     ; gameboy:dut|MMU:mmu|BRAM_handler:memory_units|DUAL_VRAM_8KB:vram0|altsyncram:altsyncram_component|altsyncram_54g2:auto_generated|ram_block1a1~portb_address_reg0 ; CLOCK2_50    ; CLOCK_50    ; 0.000        ; 0.239      ; 0.893      ;
; 0.515 ; gameboy:dut|MMU:mmu|BRAM_handler:memory_units|DMA_controller:dma_guy|Counter:dma_addr_cnter|Q[12]                                           ; gameboy:dut|MMU:mmu|BRAM_handler:memory_units|ROM_BANK:rom0|altsyncram:altsyncram_component|altsyncram_81a1:auto_generated|ram_block1a7~porta_address_reg0       ; CLOCK2_50    ; CLOCK_50    ; 0.000        ; 0.234      ; 0.893      ;
; 0.517 ; gameboy:dut|PPU_Wrapper:ppu|OAM_Search:oam_search|selected_sprites_reg[9].tile_index[6]                                                     ; gameboy:dut|MMU:mmu|BRAM_handler:memory_units|DUAL_VRAM_8KB:vram0|altsyncram:altsyncram_component|altsyncram_54g2:auto_generated|ram_block1a0~portb_address_reg0 ; CLOCK2_50    ; CLOCK_50    ; 0.000        ; 0.238      ; 0.899      ;
; 0.518 ; gameboy:dut|MMU:mmu|BRAM_handler:memory_units|DMA_controller:dma_guy|Counter:oam_addr_cnter|Q[7]                                            ; gameboy:dut|MMU:mmu|BRAM_handler:memory_units|OAM_DUALBANK:oam|altsyncram:altsyncram_component|altsyncram_ttf2:auto_generated|ram_block1a0~porta_address_reg0    ; CLOCK2_50    ; CLOCK_50    ; 0.000        ; 0.236      ; 0.898      ;
; 0.519 ; gameboy:dut|MMU:mmu|BRAM_handler:memory_units|hram_out_data[8]                                                                              ; gameboy:dut|MMU:mmu|BRAM_handler:memory_units|OAM_DUALBANK:oam|altsyncram:altsyncram_component|altsyncram_ttf2:auto_generated|ram_block1a0~porta_datain_reg0     ; CLOCK2_50    ; CLOCK_50    ; 0.000        ; 0.239      ; 0.902      ;
; 0.531 ; gameboy:dut|PPU_Wrapper:ppu|OAM_Search:oam_search|selected_sprites_reg[9].tile_index[6]                                                     ; gameboy:dut|MMU:mmu|BRAM_handler:memory_units|DUAL_VRAM_8KB:vram0|altsyncram:altsyncram_component|altsyncram_54g2:auto_generated|ram_block1a4~portb_address_reg0 ; CLOCK2_50    ; CLOCK_50    ; 0.000        ; 0.237      ; 0.912      ;
; 0.537 ; gameboy:dut|MMU:mmu|BRAM_handler:memory_units|DMA_controller:dma_guy|Counter:dma_addr_cnter|Q[12]                                           ; gameboy:dut|MMU:mmu|BRAM_handler:memory_units|DUAL_8KB:wram0|altsyncram:altsyncram_component|altsyncram_54g2:auto_generated|ram_block1a1~portb_address_reg0      ; CLOCK2_50    ; CLOCK_50    ; 0.000        ; 0.227      ; 0.908      ;
; 0.541 ; gameboy:dut|MMU:mmu|BRAM_handler:memory_units|hram_out_data[0]                                                                              ; gameboy:dut|MMU:mmu|BRAM_handler:memory_units|OAM_DUALBANK:oam|altsyncram:altsyncram_component|altsyncram_ttf2:auto_generated|ram_block1a0~porta_datain_reg0     ; CLOCK2_50    ; CLOCK_50    ; 0.000        ; 0.235      ; 0.920      ;
; 0.541 ; gameboy:dut|MMU:mmu|BRAM_handler:memory_units|DMA_controller:dma_guy|Counter:dma_addr_cnter|Q[12]                                           ; gameboy:dut|MMU:mmu|BRAM_handler:memory_units|ROM_BANK:rom0|altsyncram:altsyncram_component|altsyncram_81a1:auto_generated|ram_block1a25~porta_address_reg0      ; CLOCK2_50    ; CLOCK_50    ; 0.000        ; 0.234      ; 0.919      ;
; 0.546 ; gameboy:dut|MMU:mmu|BRAM_handler:memory_units|DMA_controller:dma_guy|Counter:dma_addr_cnter|Q[2]                                            ; gameboy:dut|MMU:mmu|BRAM_handler:memory_units|DUAL_VRAM_8KB:vram0|altsyncram:altsyncram_component|altsyncram_54g2:auto_generated|ram_block1a0~porta_address_reg0 ; CLOCK2_50    ; CLOCK_50    ; 0.000        ; 0.232      ; 0.922      ;
; 0.559 ; gameboy:dut|PPU_Wrapper:ppu|OAM_Search:oam_search|selected_sprites_reg[9].tile_index[4]                                                     ; gameboy:dut|MMU:mmu|BRAM_handler:memory_units|DUAL_VRAM_8KB:vram0|altsyncram:altsyncram_component|altsyncram_54g2:auto_generated|ram_block1a1~portb_address_reg0 ; CLOCK2_50    ; CLOCK_50    ; 0.000        ; 0.239      ; 0.942      ;
; 0.560 ; gameboy:dut|PPU_Wrapper:ppu|OAM_Search:oam_search|selected_sprites_reg[9].tile_index[4]                                                     ; gameboy:dut|MMU:mmu|BRAM_handler:memory_units|DUAL_VRAM_8KB:vram0|altsyncram:altsyncram_component|altsyncram_54g2:auto_generated|ram_block1a2~portb_address_reg0 ; CLOCK2_50    ; CLOCK_50    ; 0.000        ; 0.240      ; 0.944      ;
; 0.561 ; gameboy:dut|MMU:mmu|BRAM_handler:memory_units|DMA_controller:dma_guy|Counter:dma_addr_cnter|Q[6]                                            ; gameboy:dut|MMU:mmu|BRAM_handler:memory_units|DUAL_VRAM_8KB:vram0|altsyncram:altsyncram_component|altsyncram_54g2:auto_generated|ram_block1a1~porta_address_reg0 ; CLOCK2_50    ; CLOCK_50    ; 0.000        ; 0.232      ; 0.937      ;
; 0.562 ; gameboy:dut|MMU:mmu|BRAM_handler:memory_units|DMA_controller:dma_guy|Counter:dma_addr_cnter|Q[2]                                            ; gameboy:dut|MMU:mmu|BRAM_handler:memory_units|DUAL_VRAM_8KB:vram0|altsyncram:altsyncram_component|altsyncram_54g2:auto_generated|ram_block1a1~porta_address_reg0 ; CLOCK2_50    ; CLOCK_50    ; 0.000        ; 0.233      ; 0.939      ;
; 0.563 ; gameboy:dut|MMU:mmu|BRAM_handler:memory_units|DMA_controller:dma_guy|Counter:dma_addr_cnter|Q[2]                                            ; gameboy:dut|MMU:mmu|BRAM_handler:memory_units|DUAL_8KB:wram0|altsyncram:altsyncram_component|altsyncram_54g2:auto_generated|ram_block1a1~portb_address_reg0      ; CLOCK2_50    ; CLOCK_50    ; 0.000        ; 0.228      ; 0.935      ;
; 0.564 ; gameboy:dut|PPU_Wrapper:ppu|OAM_Search:oam_search|selected_sprites_reg[9].tile_index[4]                                                     ; gameboy:dut|MMU:mmu|BRAM_handler:memory_units|DUAL_VRAM_8KB:vram0|altsyncram:altsyncram_component|altsyncram_54g2:auto_generated|ram_block1a0~portb_address_reg0 ; CLOCK2_50    ; CLOCK_50    ; 0.000        ; 0.238      ; 0.946      ;
; 0.582 ; gameboy:dut|MMU:mmu|BRAM_handler:memory_units|DMA_controller:dma_guy|Counter:dma_addr_cnter|Q[6]                                            ; gameboy:dut|MMU:mmu|BRAM_handler:memory_units|ROM_BANK:rom0|altsyncram:altsyncram_component|altsyncram_81a1:auto_generated|ram_block1a7~porta_address_reg0       ; CLOCK2_50    ; CLOCK_50    ; 0.000        ; 0.234      ; 0.960      ;
; 0.587 ; gameboy:dut|MMU:mmu|BRAM_handler:memory_units|DMA_controller:dma_guy|Counter:dma_addr_cnter|Q[7]                                            ; gameboy:dut|MMU:mmu|BRAM_handler:memory_units|ROM_BANK:rom0|altsyncram:altsyncram_component|altsyncram_81a1:auto_generated|ram_block1a15~porta_address_reg0      ; CLOCK2_50    ; CLOCK_50    ; 0.000        ; 0.244      ; 0.975      ;
; 0.588 ; gameboy:dut|PPU_Wrapper:ppu|OAM_Search:oam_search|selected_sprites_reg[9].tile_index[4]                                                     ; gameboy:dut|MMU:mmu|BRAM_handler:memory_units|DUAL_VRAM_8KB:vram0|altsyncram:altsyncram_component|altsyncram_54g2:auto_generated|ram_block1a4~portb_address_reg0 ; CLOCK2_50    ; CLOCK_50    ; 0.000        ; 0.237      ; 0.969      ;
; 0.595 ; gameboy:dut|MMU:mmu|BRAM_handler:memory_units|MM_out_chooser:memory_out_muxer|ppu_select[0]                                                 ; gameboy:dut|MMU:mmu|BRAM_handler:memory_units|MM_out_chooser:memory_out_muxer|ppu_memory_selector[0]                                                             ; CLOCK_50     ; CLOCK_50    ; 0.000        ; 0.037      ; 0.716      ;
; 0.599 ; gameboy:dut|PPU_Wrapper:ppu|Pixel_Gen:Pixel_Gen_inst|Render_Sprites:render_sprites_inst|row_offset[3]                                       ; gameboy:dut|MMU:mmu|BRAM_handler:memory_units|OAM_DUALBANK:oam|altsyncram:altsyncram_component|altsyncram_ttf2:auto_generated|ram_block1a0~portb_address_reg0    ; CLOCK2_50    ; CLOCK_50    ; 0.000        ; 0.232      ; 0.975      ;
; 0.608 ; gameboy:dut|MMU:mmu|BRAM_handler:memory_units|hram_out_data[15]                                                                             ; gameboy:dut|MMU:mmu|BRAM_handler:memory_units|OAM_DUALBANK:oam|altsyncram:altsyncram_component|altsyncram_ttf2:auto_generated|ram_block1a0~porta_datain_reg0     ; CLOCK2_50    ; CLOCK_50    ; 0.000        ; 0.239      ; 0.991      ;
; 0.613 ; gameboy:dut|MMU:mmu|BRAM_handler:memory_units|hram_out_data[10]                                                                             ; gameboy:dut|MMU:mmu|BRAM_handler:memory_units|OAM_DUALBANK:oam|altsyncram:altsyncram_component|altsyncram_ttf2:auto_generated|ram_block1a0~porta_datain_reg0     ; CLOCK2_50    ; CLOCK_50    ; 0.000        ; 0.239      ; 0.996      ;
; 0.613 ; gameboy:dut|MMU:mmu|BRAM_handler:memory_units|DMA_controller:dma_guy|state.IDLE                                                             ; gameboy:dut|MMU:mmu|BRAM_handler:memory_units|MM_out_chooser:memory_out_muxer|dma_select[1]                                                                      ; CLOCK2_50    ; CLOCK_50    ; 0.000        ; 0.041      ; 0.778      ;
; 0.614 ; gameboy:dut|MMU:mmu|BRAM_handler:memory_units|DMA_controller:dma_guy|Counter:dma_addr_cnter|Q[13]                                           ; gameboy:dut|MMU:mmu|BRAM_handler:memory_units|ROM_BANK:rom0|altsyncram:altsyncram_component|altsyncram_81a1:auto_generated|ram_block1a15~porta_address_reg0      ; CLOCK2_50    ; CLOCK_50    ; 0.000        ; 0.243      ; 1.001      ;
; 0.615 ; gameboy:dut|MMU:mmu|BRAM_handler:memory_units|DMA_controller:dma_guy|Counter:dma_addr_cnter|Q[6]                                            ; gameboy:dut|MMU:mmu|BRAM_handler:memory_units|DUAL_8KB:wram0|altsyncram:altsyncram_component|altsyncram_54g2:auto_generated|ram_block1a1~portb_address_reg0      ; CLOCK2_50    ; CLOCK_50    ; 0.000        ; 0.227      ; 0.986      ;
; 0.616 ; gameboy:dut|MMU:mmu|BRAM_handler:memory_units|DMA_controller:dma_guy|Counter:dma_addr_cnter|Q[8]                                            ; gameboy:dut|MMU:mmu|BRAM_handler:memory_units|ROM_BANK:rom0|altsyncram:altsyncram_component|altsyncram_81a1:auto_generated|ram_block1a15~porta_address_reg0      ; CLOCK2_50    ; CLOCK_50    ; 0.000        ; 0.243      ; 1.003      ;
; 0.616 ; gameboy:dut|MMU:mmu|BRAM_handler:memory_units|DMA_controller:dma_guy|Counter:dma_addr_cnter|Q[6]                                            ; gameboy:dut|MMU:mmu|BRAM_handler:memory_units|DUAL_8KB:wram0|altsyncram:altsyncram_component|altsyncram_54g2:auto_generated|ram_block1a5~portb_address_reg0      ; CLOCK2_50    ; CLOCK_50    ; 0.000        ; 0.224      ; 0.984      ;
; 0.618 ; gameboy:dut|PPU_Wrapper:ppu|Pixel_Gen:Pixel_Gen_inst|Render_Sprites:render_sprites_inst|row_offset[2]                                       ; gameboy:dut|MMU:mmu|BRAM_handler:memory_units|OAM_DUALBANK:oam|altsyncram:altsyncram_component|altsyncram_ttf2:auto_generated|ram_block1a0~portb_address_reg0    ; CLOCK2_50    ; CLOCK_50    ; 0.000        ; 0.232      ; 0.994      ;
; 0.620 ; gameboy:dut|MMU:mmu|BRAM_handler:memory_units|DMA_controller:dma_guy|Counter:dma_addr_cnter|Q[7]                                            ; gameboy:dut|MMU:mmu|BRAM_handler:memory_units|DUAL_8KB:wram0|altsyncram:altsyncram_component|altsyncram_54g2:auto_generated|ram_block1a6~portb_address_reg0      ; CLOCK2_50    ; CLOCK_50    ; 0.000        ; 0.198      ; 0.962      ;
; 0.621 ; gameboy:dut|MMU:mmu|BRAM_handler:memory_units|DMA_controller:dma_guy|Counter:oam_addr_cnter|Q[5]                                            ; gameboy:dut|MMU:mmu|BRAM_handler:memory_units|OAM_DUALBANK:oam|altsyncram:altsyncram_component|altsyncram_ttf2:auto_generated|ram_block1a0~porta_address_reg0    ; CLOCK2_50    ; CLOCK_50    ; 0.000        ; 0.236      ; 1.001      ;
; 0.621 ; gameboy:dut|MMU:mmu|BRAM_handler:memory_units|MM_out_chooser:memory_out_muxer|dma_select[2]                                                 ; gameboy:dut|MMU:mmu|BRAM_handler:memory_units|MM_out_chooser:memory_out_muxer|dma_memory_selector[2]                                                             ; CLOCK_50     ; CLOCK_50    ; 0.000        ; 0.038      ; 0.743      ;
; 0.633 ; gameboy:dut|PPU_Wrapper:ppu|OAM_Search:oam_search|selected_sprites_reg[9].tile_index[1]                                                     ; gameboy:dut|MMU:mmu|BRAM_handler:memory_units|DUAL_VRAM_8KB:vram0|altsyncram:altsyncram_component|altsyncram_54g2:auto_generated|ram_block1a2~portb_address_reg0 ; CLOCK2_50    ; CLOCK_50    ; 0.000        ; 0.231      ; 1.008      ;
; 0.635 ; gameboy:dut|PPU_Wrapper:ppu|PPU_Mode_controller:mode_ctrl|mode[1]                                                                           ; gameboy:dut|MMU:mmu|BRAM_handler:memory_units|DUAL_VRAM_8KB:vram0|altsyncram:altsyncram_component|altsyncram_54g2:auto_generated|ram_block1a1~portb_address_reg0 ; CLOCK2_50    ; CLOCK_50    ; 0.000        ; 0.233      ; 1.012      ;
; 0.635 ; gameboy:dut|MMU:mmu|BRAM_handler:memory_units|DMA_controller:dma_guy|Counter:dma_addr_cnter|Q[2]                                            ; gameboy:dut|MMU:mmu|BRAM_handler:memory_units|DUAL_8KB:exram0|altsyncram:altsyncram_component|altsyncram_54g2:auto_generated|ram_block1a0~portb_address_reg0     ; CLOCK2_50    ; CLOCK_50    ; 0.000        ; 0.229      ; 1.008      ;
; 0.640 ; gameboy:dut|MMU:mmu|BRAM_handler:memory_units|DMA_controller:dma_guy|Counter:oam_addr_cnter|Q[1]                                            ; gameboy:dut|MMU:mmu|BRAM_handler:memory_units|OAM_DUALBANK:oam|altsyncram:altsyncram_component|altsyncram_ttf2:auto_generated|ram_block1a0~porta_address_reg0    ; CLOCK2_50    ; CLOCK_50    ; 0.000        ; 0.236      ; 1.020      ;
; 0.647 ; gameboy:dut|cpu:cpu|flopenr:memfwdflop|q[15]                                                                                                ; gameboy:dut|MMU:mmu|BRAM_handler:memory_units|DUAL_VRAM_8KB:vram0|altsyncram:altsyncram_component|altsyncram_54g2:auto_generated|ram_block1a0~porta_datain_reg0  ; CLOCK2_50    ; CLOCK_50    ; 0.000        ; 0.236      ; 1.027      ;
; 0.648 ; gameboy:dut|MMU:mmu|BRAM_handler:memory_units|DMA_controller:dma_guy|Counter:dma_addr_cnter|Q[12]                                           ; gameboy:dut|MMU:mmu|BRAM_handler:memory_units|ROM_BANK:rom0|altsyncram:altsyncram_component|altsyncram_81a1:auto_generated|ram_block1a15~porta_address_reg0      ; CLOCK2_50    ; CLOCK_50    ; 0.000        ; 0.243      ; 1.035      ;
; 0.648 ; gameboy:dut|MMU:mmu|BRAM_handler:memory_units|DMA_controller:dma_guy|state.IDLE                                                             ; gameboy:dut|MMU:mmu|BRAM_handler:memory_units|MM_out_chooser:memory_out_muxer|cpu_select[0]                                                                      ; CLOCK2_50    ; CLOCK_50    ; 0.000        ; 0.040      ; 0.812      ;
; 0.650 ; gameboy:dut|MMU:mmu|BRAM_handler:memory_units|DMA_controller:dma_guy|Counter:oam_addr_cnter|Q[6]                                            ; gameboy:dut|MMU:mmu|BRAM_handler:memory_units|OAM_DUALBANK:oam|altsyncram:altsyncram_component|altsyncram_ttf2:auto_generated|ram_block1a0~porta_address_reg0    ; CLOCK2_50    ; CLOCK_50    ; 0.000        ; 0.236      ; 1.030      ;
; 0.658 ; gameboy:dut|MMU:mmu|BRAM_handler:memory_units|DMA_controller:dma_guy|Counter:oam_addr_cnter|Q[2]                                            ; gameboy:dut|MMU:mmu|BRAM_handler:memory_units|OAM_DUALBANK:oam|altsyncram:altsyncram_component|altsyncram_ttf2:auto_generated|ram_block1a0~porta_address_reg0    ; CLOCK2_50    ; CLOCK_50    ; 0.000        ; 0.236      ; 1.038      ;
; 0.673 ; gameboy:dut|MMU:mmu|BRAM_handler:memory_units|hram_out_data[13]                                                                             ; gameboy:dut|MMU:mmu|BRAM_handler:memory_units|OAM_DUALBANK:oam|altsyncram:altsyncram_component|altsyncram_ttf2:auto_generated|ram_block1a0~porta_datain_reg0     ; CLOCK2_50    ; CLOCK_50    ; 0.000        ; 0.244      ; 1.061      ;
; 0.679 ; gameboy:dut|MMU:mmu|BRAM_handler:memory_units|DMA_controller:dma_guy|Counter:dma_addr_cnter|Q[12]                                           ; gameboy:dut|MMU:mmu|BRAM_handler:memory_units|DUAL_8KB:wram0|altsyncram:altsyncram_component|altsyncram_54g2:auto_generated|ram_block1a5~portb_address_reg0      ; CLOCK2_50    ; CLOCK_50    ; 0.000        ; 0.224      ; 1.047      ;
; 0.684 ; gameboy:dut|MMU:mmu|BRAM_handler:memory_units|DMA_controller:dma_guy|Counter:dma_addr_cnter|Q[4]                                            ; gameboy:dut|MMU:mmu|BRAM_handler:memory_units|DUAL_8KB:wram0|altsyncram:altsyncram_component|altsyncram_54g2:auto_generated|ram_block1a1~portb_address_reg0      ; CLOCK2_50    ; CLOCK_50    ; 0.000        ; 0.228      ; 1.056      ;
; 0.688 ; gameboy:dut|MMU:mmu|BRAM_handler:memory_units|DMA_controller:dma_guy|Counter:oam_addr_cnter|Q[3]                                            ; gameboy:dut|MMU:mmu|BRAM_handler:memory_units|OAM_DUALBANK:oam|altsyncram:altsyncram_component|altsyncram_ttf2:auto_generated|ram_block1a0~porta_address_reg0    ; CLOCK2_50    ; CLOCK_50    ; 0.000        ; 0.236      ; 1.068      ;
; 0.689 ; gameboy:dut|PPU_Wrapper:ppu|OAM_Search:oam_search|selected_sprites_reg[9].tile_index[5]                                                     ; gameboy:dut|MMU:mmu|BRAM_handler:memory_units|DUAL_VRAM_8KB:vram0|altsyncram:altsyncram_component|altsyncram_54g2:auto_generated|ram_block1a1~portb_address_reg0 ; CLOCK2_50    ; CLOCK_50    ; 0.000        ; 0.230      ; 1.063      ;
; 0.690 ; gameboy:dut|cpu:cpu|flopenr:memfwdflop|q[20]                                                                                                ; gameboy:dut|MMU:mmu|BRAM_handler:memory_units|OAM_DUALBANK:oam|altsyncram:altsyncram_component|altsyncram_ttf2:auto_generated|ram_block1a0~porta_datain_reg0     ; CLOCK2_50    ; CLOCK_50    ; 0.000        ; 0.235      ; 1.069      ;
; 0.691 ; gameboy:dut|MMU:mmu|BRAM_handler:memory_units|DMA_controller:dma_guy|Counter:dma_addr_cnter|Q[4]                                            ; gameboy:dut|MMU:mmu|BRAM_handler:memory_units|DUAL_8KB:wram0|altsyncram:altsyncram_component|altsyncram_54g2:auto_generated|ram_block1a5~portb_address_reg0      ; CLOCK2_50    ; CLOCK_50    ; 0.000        ; 0.225      ; 1.060      ;
; 0.692 ; gameboy:dut|MMU:mmu|BRAM_handler:memory_units|DMA_controller:dma_guy|Counter:dma_addr_cnter|Q[4]                                            ; gameboy:dut|MMU:mmu|BRAM_handler:memory_units|MM_out_chooser:memory_out_muxer|dma_select[0]                                                                      ; CLOCK2_50    ; CLOCK_50    ; 0.000        ; 0.052      ; 0.868      ;
; 0.693 ; gameboy:dut|MMU:mmu|BRAM_handler:memory_units|DMA_controller:dma_guy|Counter:dma_addr_cnter|Q[2]                                            ; gameboy:dut|MMU:mmu|BRAM_handler:memory_units|DUAL_VRAM_8KB:vram0|altsyncram:altsyncram_component|altsyncram_54g2:auto_generated|ram_block1a2~porta_address_reg0 ; CLOCK2_50    ; CLOCK_50    ; 0.000        ; 0.234      ; 1.071      ;
; 0.694 ; gameboy:dut|MMU:mmu|BRAM_handler:memory_units|hram_out_data[2]                                                                              ; gameboy:dut|MMU:mmu|BRAM_handler:memory_units|OAM_DUALBANK:oam|altsyncram:altsyncram_component|altsyncram_ttf2:auto_generated|ram_block1a0~porta_datain_reg0     ; CLOCK2_50    ; CLOCK_50    ; 0.000        ; 0.241      ; 1.079      ;
; 0.695 ; gameboy:dut|MMU:mmu|BRAM_handler:memory_units|DMA_controller:dma_guy|Counter:dma_addr_cnter|Q[2]                                            ; gameboy:dut|MMU:mmu|BRAM_handler:memory_units|ROM_BANK:rom0|altsyncram:altsyncram_component|altsyncram_81a1:auto_generated|ram_block1a25~porta_address_reg0      ; CLOCK2_50    ; CLOCK_50    ; 0.000        ; 0.235      ; 1.074      ;
; 0.696 ; gameboy:dut|MMU:mmu|BRAM_handler:memory_units|DMA_controller:dma_guy|Counter:dma_addr_cnter|Q[2]                                            ; gameboy:dut|MMU:mmu|BRAM_handler:memory_units|DUAL_VRAM_8KB:vram0|altsyncram:altsyncram_component|altsyncram_54g2:auto_generated|ram_block1a4~porta_address_reg0 ; CLOCK2_50    ; CLOCK_50    ; 0.000        ; 0.231      ; 1.071      ;
; 0.696 ; gameboy:dut|MMU:mmu|BRAM_handler:memory_units|DMA_controller:dma_guy|Counter:dma_addr_cnter|Q[12]                                           ; gameboy:dut|MMU:mmu|BRAM_handler:memory_units|DUAL_8KB:wram0|altsyncram:altsyncram_component|altsyncram_54g2:auto_generated|ram_block1a3~portb_address_reg0      ; CLOCK2_50    ; CLOCK_50    ; 0.000        ; 0.212      ; 1.052      ;
; 0.702 ; gameboy:dut|MMU:mmu|BRAM_handler:memory_units|DMA_controller:dma_guy|Counter:dma_addr_cnter|Q[12]                                           ; gameboy:dut|MMU:mmu|BRAM_handler:memory_units|DUAL_8KB:exram0|altsyncram:altsyncram_component|altsyncram_54g2:auto_generated|ram_block1a3~portb_address_reg0     ; CLOCK2_50    ; CLOCK_50    ; 0.000        ; 0.217      ; 1.063      ;
; 0.705 ; gameboy:dut|MMU:mmu|BRAM_handler:memory_units|DMA_controller:dma_guy|Counter:dma_addr_cnter|Q[3]                                            ; gameboy:dut|MMU:mmu|BRAM_handler:memory_units|DUAL_8KB:wram0|altsyncram:altsyncram_component|altsyncram_54g2:auto_generated|ram_block1a5~portb_address_reg0      ; CLOCK2_50    ; CLOCK_50    ; 0.000        ; 0.225      ; 1.074      ;
; 0.707 ; gameboy:dut|MMU:mmu|BRAM_handler:memory_units|DMA_controller:dma_guy|Counter:dma_addr_cnter|Q[5]                                            ; gameboy:dut|MMU:mmu|BRAM_handler:memory_units|DUAL_VRAM_8KB:vram0|altsyncram:altsyncram_component|altsyncram_54g2:auto_generated|ram_block1a0~porta_address_reg0 ; CLOCK2_50    ; CLOCK_50    ; 0.000        ; 0.232      ; 1.083      ;
; 0.708 ; gameboy:dut|MMU:mmu|BRAM_handler:memory_units|DMA_controller:dma_guy|Counter:dma_addr_cnter|Q[6]                                            ; gameboy:dut|MMU:mmu|BRAM_handler:memory_units|DUAL_VRAM_8KB:vram0|altsyncram:altsyncram_component|altsyncram_54g2:auto_generated|ram_block1a2~porta_address_reg0 ; CLOCK2_50    ; CLOCK_50    ; 0.000        ; 0.233      ; 1.085      ;
; 0.708 ; gameboy:dut|MMU:mmu|BRAM_handler:memory_units|MM_out_chooser:memory_out_muxer|cpu_select[1]                                                 ; gameboy:dut|MMU:mmu|BRAM_handler:memory_units|MM_out_chooser:memory_out_muxer|cpu_memory_selector[1]                                                             ; CLOCK_50     ; CLOCK_50    ; 0.000        ; 0.059      ; 0.851      ;
+-------+---------------------------------------------------------------------------------------------------------------------------------------------+------------------------------------------------------------------------------------------------------------------------------------------------------------------+--------------+-------------+--------------+------------+------------+


+-------------------------------------------------------------------------------------------------------------------------------------------------------------------------------------------------------+
; Fast 1200mV 0C Model Recovery: 'CLOCK2_50'                                                                                                                                                            ;
+---------+-----------+-----------------------------------------------------------------------------------------------------------+--------------+-------------+--------------+------------+------------+
; Slack   ; From Node ; To Node                                                                                                   ; Launch Clock ; Latch Clock ; Relationship ; Clock Skew ; Data Delay ;
+---------+-----------+-----------------------------------------------------------------------------------------------------------+--------------+-------------+--------------+------------+------------+
; 121.601 ; rst       ; gameboy:dut|PPU_Wrapper:ppu|OAM_Search:oam_search|state.OAM_FETCH                                         ; CLOCK_50     ; CLOCK2_50   ; 125.000      ; -0.043     ; 3.323      ;
; 121.601 ; rst       ; gameboy:dut|PPU_Wrapper:ppu|OAM_Search:oam_search|oam_index[0]                                            ; CLOCK_50     ; CLOCK2_50   ; 125.000      ; -0.043     ; 3.323      ;
; 121.601 ; rst       ; gameboy:dut|PPU_Wrapper:ppu|OAM_Search:oam_search|oam_index[5]                                            ; CLOCK_50     ; CLOCK2_50   ; 125.000      ; -0.043     ; 3.323      ;
; 121.601 ; rst       ; gameboy:dut|PPU_Wrapper:ppu|OAM_Search:oam_search|oam_index[4]                                            ; CLOCK_50     ; CLOCK2_50   ; 125.000      ; -0.043     ; 3.323      ;
; 121.601 ; rst       ; gameboy:dut|PPU_Wrapper:ppu|OAM_Search:oam_search|oam_index[3]                                            ; CLOCK_50     ; CLOCK2_50   ; 125.000      ; -0.043     ; 3.323      ;
; 121.601 ; rst       ; gameboy:dut|PPU_Wrapper:ppu|OAM_Search:oam_search|oam_index[2]                                            ; CLOCK_50     ; CLOCK2_50   ; 125.000      ; -0.043     ; 3.323      ;
; 121.601 ; rst       ; gameboy:dut|PPU_Wrapper:ppu|OAM_Search:oam_search|oam_index[1]                                            ; CLOCK_50     ; CLOCK2_50   ; 125.000      ; -0.043     ; 3.323      ;
; 121.798 ; rst       ; gameboy:dut|PPU_Wrapper:ppu|Pixel_Gen:Pixel_Gen_inst|Render_BG:render_bg_inst|bg_done                     ; CLOCK_50     ; CLOCK2_50   ; 125.000      ; -0.051     ; 3.118      ;
; 121.798 ; rst       ; gameboy:dut|PPU_Wrapper:ppu|Pixel_Gen:Pixel_Gen_inst|Render_Sprites:render_sprites_inst|sprite_done       ; CLOCK_50     ; CLOCK2_50   ; 125.000      ; -0.051     ; 3.118      ;
; 121.798 ; rst       ; gameboy:dut|PPU_Wrapper:ppu|Pixel_Gen:Pixel_Gen_inst|Render_BG:render_bg_inst|state.BG_PROCESS_PIXELS     ; CLOCK_50     ; CLOCK2_50   ; 125.000      ; -0.051     ; 3.118      ;
; 121.798 ; rst       ; gameboy:dut|PPU_Wrapper:ppu|Pixel_Gen:Pixel_Gen_inst|Render_BG:render_bg_inst|state.BG_FETCH_TILE_DATA    ; CLOCK_50     ; CLOCK2_50   ; 125.000      ; -0.051     ; 3.118      ;
; 121.798 ; rst       ; gameboy:dut|PPU_Wrapper:ppu|Pixel_Gen:Pixel_Gen_inst|Render_BG:render_bg_inst|state.BG_FETCH_TILE         ; CLOCK_50     ; CLOCK2_50   ; 125.000      ; -0.051     ; 3.118      ;
; 121.798 ; rst       ; gameboy:dut|PPU_Wrapper:ppu|Pixel_Gen:Pixel_Gen_inst|Render_BG:render_bg_inst|pixel_index[0]              ; CLOCK_50     ; CLOCK2_50   ; 125.000      ; -0.051     ; 3.118      ;
; 121.798 ; rst       ; gameboy:dut|PPU_Wrapper:ppu|Pixel_Gen:Pixel_Gen_inst|Render_BG:render_bg_inst|state.BG_IDLE               ; CLOCK_50     ; CLOCK2_50   ; 125.000      ; -0.051     ; 3.118      ;
; 121.798 ; rst       ; gameboy:dut|PPU_Wrapper:ppu|Pixel_Gen:Pixel_Gen_inst|Render_BG:render_bg_inst|state.BG_DONE               ; CLOCK_50     ; CLOCK2_50   ; 125.000      ; -0.051     ; 3.118      ;
; 121.798 ; rst       ; gameboy:dut|PPU_Wrapper:ppu|Pixel_Gen:Pixel_Gen_inst|Render_BG:render_bg_inst|pixel_index[2]              ; CLOCK_50     ; CLOCK2_50   ; 125.000      ; -0.051     ; 3.118      ;
; 121.798 ; rst       ; gameboy:dut|PPU_Wrapper:ppu|Pixel_Gen:Pixel_Gen_inst|Render_BG:render_bg_inst|pixel_index[1]              ; CLOCK_50     ; CLOCK2_50   ; 125.000      ; -0.051     ; 3.118      ;
; 121.798 ; rst       ; gameboy:dut|PPU_Wrapper:ppu|Pixel_Gen:Pixel_Gen_inst|Render_BG:render_bg_inst|pixel_total[3]              ; CLOCK_50     ; CLOCK2_50   ; 125.000      ; -0.051     ; 3.118      ;
; 121.925 ; rst       ; gameboy:dut|PPU_Wrapper:ppu|PPU_Mode_controller:mode_ctrl|mode[0]                                         ; CLOCK_50     ; CLOCK2_50   ; 125.000      ; -0.051     ; 2.991      ;
; 121.925 ; rst       ; gameboy:dut|PPU_Wrapper:ppu|PPU_Mode_controller:mode_ctrl|mode[1]                                         ; CLOCK_50     ; CLOCK2_50   ; 125.000      ; -0.051     ; 2.991      ;
; 121.925 ; rst       ; gameboy:dut|PPU_Wrapper:ppu|PPU_Mode_controller:mode_ctrl|line[4]                                         ; CLOCK_50     ; CLOCK2_50   ; 125.000      ; -0.051     ; 2.991      ;
; 121.925 ; rst       ; gameboy:dut|PPU_Wrapper:ppu|PPU_Mode_controller:mode_ctrl|line[7]                                         ; CLOCK_50     ; CLOCK2_50   ; 125.000      ; -0.051     ; 2.991      ;
; 121.925 ; rst       ; gameboy:dut|PPU_Wrapper:ppu|PPU_Mode_controller:mode_ctrl|line[6]                                         ; CLOCK_50     ; CLOCK2_50   ; 125.000      ; -0.051     ; 2.991      ;
; 121.925 ; rst       ; gameboy:dut|PPU_Wrapper:ppu|PPU_Mode_controller:mode_ctrl|line[5]                                         ; CLOCK_50     ; CLOCK2_50   ; 125.000      ; -0.051     ; 2.991      ;
; 121.925 ; rst       ; gameboy:dut|PPU_Wrapper:ppu|PPU_Mode_controller:mode_ctrl|line[3]                                         ; CLOCK_50     ; CLOCK2_50   ; 125.000      ; -0.051     ; 2.991      ;
; 121.925 ; rst       ; gameboy:dut|PPU_Wrapper:ppu|PPU_Mode_controller:mode_ctrl|line[2]                                         ; CLOCK_50     ; CLOCK2_50   ; 125.000      ; -0.051     ; 2.991      ;
; 121.925 ; rst       ; gameboy:dut|PPU_Wrapper:ppu|PPU_Mode_controller:mode_ctrl|line[1]                                         ; CLOCK_50     ; CLOCK2_50   ; 125.000      ; -0.051     ; 2.991      ;
; 121.925 ; rst       ; gameboy:dut|PPU_Wrapper:ppu|PPU_Mode_controller:mode_ctrl|line[0]                                         ; CLOCK_50     ; CLOCK2_50   ; 125.000      ; -0.051     ; 2.991      ;
; 121.935 ; rst       ; gameboy:dut|PPU_Wrapper:ppu|Pixel_Gen:Pixel_Gen_inst|Render_BG:render_bg_inst|push_bg                     ; CLOCK_50     ; CLOCK2_50   ; 125.000      ; -0.051     ; 2.981      ;
; 121.937 ; rst       ; gameboy:dut|PPU_Wrapper:ppu|Pixel_Mixer:pixel_mixer_inst|pixel_out_valid                                  ; CLOCK_50     ; CLOCK2_50   ; 125.000      ; -0.051     ; 2.979      ;
; 121.937 ; rst       ; gameboy:dut|PPU_Wrapper:ppu|Pixel_Gen:Pixel_Gen_inst|FIFO:bg_fifo_inst|count[4]                           ; CLOCK_50     ; CLOCK2_50   ; 125.000      ; -0.051     ; 2.979      ;
; 121.937 ; rst       ; gameboy:dut|PPU_Wrapper:ppu|Pixel_Gen:Pixel_Gen_inst|FIFO:bg_fifo_inst|count[3]                           ; CLOCK_50     ; CLOCK2_50   ; 125.000      ; -0.051     ; 2.979      ;
; 121.937 ; rst       ; gameboy:dut|PPU_Wrapper:ppu|Pixel_Gen:Pixel_Gen_inst|FIFO:bg_fifo_inst|count[2]                           ; CLOCK_50     ; CLOCK2_50   ; 125.000      ; -0.051     ; 2.979      ;
; 121.937 ; rst       ; gameboy:dut|PPU_Wrapper:ppu|Pixel_Gen:Pixel_Gen_inst|FIFO:bg_fifo_inst|count[1]                           ; CLOCK_50     ; CLOCK2_50   ; 125.000      ; -0.051     ; 2.979      ;
; 121.937 ; rst       ; gameboy:dut|PPU_Wrapper:ppu|Pixel_Gen:Pixel_Gen_inst|FIFO:bg_fifo_inst|count[0]                           ; CLOCK_50     ; CLOCK2_50   ; 125.000      ; -0.051     ; 2.979      ;
; 122.051 ; rst       ; gameboy:dut|PPU_Wrapper:ppu|Pixel_Gen:Pixel_Gen_inst|Render_BG:render_bg_inst|state.BG_FETCH_TILE_MAP     ; CLOCK_50     ; CLOCK2_50   ; 125.000      ; -0.054     ; 2.862      ;
; 123.559 ; rst       ; gameboy:dut|PPU_Wrapper:ppu|Pixel_Gen:Pixel_Gen_inst|Render_BG:render_bg_inst|scx_latched[7]              ; CLOCK_50     ; CLOCK2_50   ; 125.000      ; -0.052     ; 1.356      ;
; 123.559 ; rst       ; gameboy:dut|PPU_Wrapper:ppu|Pixel_Gen:Pixel_Gen_inst|Render_BG:render_bg_inst|scx_latched[6]              ; CLOCK_50     ; CLOCK2_50   ; 125.000      ; -0.052     ; 1.356      ;
; 123.559 ; rst       ; gameboy:dut|PPU_Wrapper:ppu|Pixel_Gen:Pixel_Gen_inst|Render_BG:render_bg_inst|scx_latched[5]              ; CLOCK_50     ; CLOCK2_50   ; 125.000      ; -0.052     ; 1.356      ;
; 123.559 ; rst       ; gameboy:dut|PPU_Wrapper:ppu|Pixel_Gen:Pixel_Gen_inst|Render_BG:render_bg_inst|scx_latched[4]              ; CLOCK_50     ; CLOCK2_50   ; 125.000      ; -0.052     ; 1.356      ;
; 123.559 ; rst       ; gameboy:dut|PPU_Wrapper:ppu|Pixel_Gen:Pixel_Gen_inst|Render_BG:render_bg_inst|scx_latched[3]              ; CLOCK_50     ; CLOCK2_50   ; 125.000      ; -0.052     ; 1.356      ;
; 123.559 ; rst       ; gameboy:dut|PPU_Wrapper:ppu|Pixel_Gen:Pixel_Gen_inst|Render_BG:render_bg_inst|pixel_total[7]              ; CLOCK_50     ; CLOCK2_50   ; 125.000      ; -0.052     ; 1.356      ;
; 123.559 ; rst       ; gameboy:dut|PPU_Wrapper:ppu|Pixel_Gen:Pixel_Gen_inst|Render_BG:render_bg_inst|pixel_total[6]              ; CLOCK_50     ; CLOCK2_50   ; 125.000      ; -0.052     ; 1.356      ;
; 123.559 ; rst       ; gameboy:dut|PPU_Wrapper:ppu|Pixel_Gen:Pixel_Gen_inst|Render_BG:render_bg_inst|pixel_total[5]              ; CLOCK_50     ; CLOCK2_50   ; 125.000      ; -0.052     ; 1.356      ;
; 123.559 ; rst       ; gameboy:dut|PPU_Wrapper:ppu|Pixel_Gen:Pixel_Gen_inst|Render_BG:render_bg_inst|pixel_total[4]              ; CLOCK_50     ; CLOCK2_50   ; 125.000      ; -0.052     ; 1.356      ;
; 123.585 ; rst       ; gameboy:dut|PPU_Wrapper:ppu|OAM_Search:oam_search|sort_i[3]                                               ; CLOCK_50     ; CLOCK2_50   ; 125.000      ; -0.044     ; 1.338      ;
; 123.585 ; rst       ; gameboy:dut|PPU_Wrapper:ppu|OAM_Search:oam_search|sort_i[2]                                               ; CLOCK_50     ; CLOCK2_50   ; 125.000      ; -0.044     ; 1.338      ;
; 123.585 ; rst       ; gameboy:dut|PPU_Wrapper:ppu|OAM_Search:oam_search|sort_i[1]                                               ; CLOCK_50     ; CLOCK2_50   ; 125.000      ; -0.044     ; 1.338      ;
; 123.585 ; rst       ; gameboy:dut|PPU_Wrapper:ppu|OAM_Search:oam_search|sort_i[0]                                               ; CLOCK_50     ; CLOCK2_50   ; 125.000      ; -0.044     ; 1.338      ;
; 123.708 ; rst       ; gameboy:dut|PPU_Wrapper:ppu|PPU_Mode_controller:mode_ctrl|fifo_clear                                      ; CLOCK_50     ; CLOCK2_50   ; 125.000      ; -0.042     ; 1.217      ;
; 123.708 ; rst       ; gameboy:dut|PPU_Wrapper:ppu|PPU_Mode_controller:mode_ctrl|dot[4]                                          ; CLOCK_50     ; CLOCK2_50   ; 125.000      ; -0.042     ; 1.217      ;
; 123.708 ; rst       ; gameboy:dut|PPU_Wrapper:ppu|PPU_Mode_controller:mode_ctrl|dot[8]                                          ; CLOCK_50     ; CLOCK2_50   ; 125.000      ; -0.042     ; 1.217      ;
; 123.708 ; rst       ; gameboy:dut|PPU_Wrapper:ppu|PPU_Mode_controller:mode_ctrl|dot[7]                                          ; CLOCK_50     ; CLOCK2_50   ; 125.000      ; -0.042     ; 1.217      ;
; 123.708 ; rst       ; gameboy:dut|PPU_Wrapper:ppu|PPU_Mode_controller:mode_ctrl|dot[6]                                          ; CLOCK_50     ; CLOCK2_50   ; 125.000      ; -0.042     ; 1.217      ;
; 123.708 ; rst       ; gameboy:dut|PPU_Wrapper:ppu|PPU_Mode_controller:mode_ctrl|dot[5]                                          ; CLOCK_50     ; CLOCK2_50   ; 125.000      ; -0.042     ; 1.217      ;
; 123.708 ; rst       ; gameboy:dut|PPU_Wrapper:ppu|PPU_Mode_controller:mode_ctrl|dot[3]                                          ; CLOCK_50     ; CLOCK2_50   ; 125.000      ; -0.042     ; 1.217      ;
; 123.708 ; rst       ; gameboy:dut|PPU_Wrapper:ppu|PPU_Mode_controller:mode_ctrl|dot[2]                                          ; CLOCK_50     ; CLOCK2_50   ; 125.000      ; -0.042     ; 1.217      ;
; 123.708 ; rst       ; gameboy:dut|PPU_Wrapper:ppu|PPU_Mode_controller:mode_ctrl|dot[1]                                          ; CLOCK_50     ; CLOCK2_50   ; 125.000      ; -0.042     ; 1.217      ;
; 123.708 ; rst       ; gameboy:dut|PPU_Wrapper:ppu|PPU_Mode_controller:mode_ctrl|dot[0]                                          ; CLOCK_50     ; CLOCK2_50   ; 125.000      ; -0.042     ; 1.217      ;
; 123.711 ; rst       ; gameboy:dut|PPU_Wrapper:ppu|Pixel_Gen:Pixel_Gen_inst|Render_Sprites:render_sprites_inst|state.IDLE        ; CLOCK_50     ; CLOCK2_50   ; 125.000      ; -0.042     ; 1.214      ;
; 123.711 ; rst       ; gameboy:dut|PPU_Wrapper:ppu|OAM_Search:oam_search|state.OAM_DONE                                          ; CLOCK_50     ; CLOCK2_50   ; 125.000      ; -0.042     ; 1.214      ;
; 123.711 ; rst       ; gameboy:dut|PPU_Wrapper:ppu|OAM_Search:oam_search|state.OAM_SORT                                          ; CLOCK_50     ; CLOCK2_50   ; 125.000      ; -0.042     ; 1.214      ;
; 123.711 ; rst       ; gameboy:dut|PPU_Wrapper:ppu|OAM_Search:oam_search|sort_phase                                              ; CLOCK_50     ; CLOCK2_50   ; 125.000      ; -0.042     ; 1.214      ;
; 123.711 ; rst       ; gameboy:dut|PPU_Wrapper:ppu|OAM_Search:oam_search|sort_j[3]                                               ; CLOCK_50     ; CLOCK2_50   ; 125.000      ; -0.042     ; 1.214      ;
; 123.711 ; rst       ; gameboy:dut|PPU_Wrapper:ppu|OAM_Search:oam_search|sort_j[2]                                               ; CLOCK_50     ; CLOCK2_50   ; 125.000      ; -0.042     ; 1.214      ;
; 123.711 ; rst       ; gameboy:dut|PPU_Wrapper:ppu|OAM_Search:oam_search|state.OAM_IDLE                                          ; CLOCK_50     ; CLOCK2_50   ; 125.000      ; -0.042     ; 1.214      ;
; 123.716 ; rst       ; gameboy:dut|PPU_Wrapper:ppu|Pixel_Gen:Pixel_Gen_inst|FIFO:sprite_fifo_inst|count[6]                       ; CLOCK_50     ; CLOCK2_50   ; 125.000      ; -0.043     ; 1.208      ;
; 123.716 ; rst       ; gameboy:dut|PPU_Wrapper:ppu|Pixel_Gen:Pixel_Gen_inst|FIFO:sprite_fifo_inst|count[5]                       ; CLOCK_50     ; CLOCK2_50   ; 125.000      ; -0.043     ; 1.208      ;
; 123.716 ; rst       ; gameboy:dut|PPU_Wrapper:ppu|Pixel_Gen:Pixel_Gen_inst|FIFO:sprite_fifo_inst|count[4]                       ; CLOCK_50     ; CLOCK2_50   ; 125.000      ; -0.043     ; 1.208      ;
; 123.716 ; rst       ; gameboy:dut|PPU_Wrapper:ppu|Pixel_Gen:Pixel_Gen_inst|FIFO:sprite_fifo_inst|count[3]                       ; CLOCK_50     ; CLOCK2_50   ; 125.000      ; -0.043     ; 1.208      ;
; 123.716 ; rst       ; gameboy:dut|PPU_Wrapper:ppu|Pixel_Gen:Pixel_Gen_inst|FIFO:sprite_fifo_inst|count[2]                       ; CLOCK_50     ; CLOCK2_50   ; 125.000      ; -0.043     ; 1.208      ;
; 123.716 ; rst       ; gameboy:dut|PPU_Wrapper:ppu|Pixel_Gen:Pixel_Gen_inst|FIFO:sprite_fifo_inst|count[1]                       ; CLOCK_50     ; CLOCK2_50   ; 125.000      ; -0.043     ; 1.208      ;
; 123.716 ; rst       ; gameboy:dut|PPU_Wrapper:ppu|Pixel_Gen:Pixel_Gen_inst|FIFO:sprite_fifo_inst|count[0]                       ; CLOCK_50     ; CLOCK2_50   ; 125.000      ; -0.043     ; 1.208      ;
; 123.731 ; rst       ; gameboy:dut|PPU_Wrapper:ppu|OAM_Search:oam_search|selected_count[1]                                       ; CLOCK_50     ; CLOCK2_50   ; 125.000      ; -0.043     ; 1.193      ;
; 123.731 ; rst       ; gameboy:dut|PPU_Wrapper:ppu|OAM_Search:oam_search|selected_count[3]                                       ; CLOCK_50     ; CLOCK2_50   ; 125.000      ; -0.043     ; 1.193      ;
; 123.731 ; rst       ; gameboy:dut|PPU_Wrapper:ppu|OAM_Search:oam_search|selected_count[0]                                       ; CLOCK_50     ; CLOCK2_50   ; 125.000      ; -0.043     ; 1.193      ;
; 123.731 ; rst       ; gameboy:dut|PPU_Wrapper:ppu|OAM_Search:oam_search|selected_count[2]                                       ; CLOCK_50     ; CLOCK2_50   ; 125.000      ; -0.043     ; 1.193      ;
; 123.781 ; rst       ; gameboy:dut|PPU_Wrapper:ppu|Pixel_Gen:Pixel_Gen_inst|Render_Sprites:render_sprites_inst|state.DONE        ; CLOCK_50     ; CLOCK2_50   ; 125.000      ; -0.043     ; 1.143      ;
; 123.781 ; rst       ; gameboy:dut|PPU_Wrapper:ppu|Pixel_Gen:Pixel_Gen_inst|Render_Sprites:render_sprites_inst|state.DUMP_PIXELS ; CLOCK_50     ; CLOCK2_50   ; 125.000      ; -0.043     ; 1.143      ;
; 123.781 ; rst       ; gameboy:dut|PPU_Wrapper:ppu|Pixel_Gen:Pixel_Gen_inst|Render_Sprites:render_sprites_inst|state.FETCH_TILE  ; CLOCK_50     ; CLOCK2_50   ; 125.000      ; -0.043     ; 1.143      ;
; 123.781 ; rst       ; gameboy:dut|PPU_Wrapper:ppu|Pixel_Gen:Pixel_Gen_inst|Render_Sprites:render_sprites_inst|state.SCAN_CHECK  ; CLOCK_50     ; CLOCK2_50   ; 125.000      ; -0.043     ; 1.143      ;
; 123.790 ; rst       ; gameboy:dut|PPU_Wrapper:ppu|Pixel_Gen:Pixel_Gen_inst|Render_Sprites:render_sprites_inst|x_coord[2]        ; CLOCK_50     ; CLOCK2_50   ; 125.000      ; -0.048     ; 1.129      ;
; 123.887 ; rst       ; gameboy:dut|PPU_Wrapper:ppu|Pixel_Gen:Pixel_Gen_inst|Render_Sprites:render_sprites_inst|pixel_index[2]    ; CLOCK_50     ; CLOCK2_50   ; 125.000      ; -0.044     ; 1.036      ;
; 123.887 ; rst       ; gameboy:dut|PPU_Wrapper:ppu|Pixel_Gen:Pixel_Gen_inst|Render_Sprites:render_sprites_inst|pixel_index[1]    ; CLOCK_50     ; CLOCK2_50   ; 125.000      ; -0.044     ; 1.036      ;
; 123.887 ; rst       ; gameboy:dut|PPU_Wrapper:ppu|Pixel_Gen:Pixel_Gen_inst|Render_Sprites:render_sprites_inst|pixel_index[0]    ; CLOCK_50     ; CLOCK2_50   ; 125.000      ; -0.044     ; 1.036      ;
; 123.919 ; rst       ; gameboy:dut|PPU_Wrapper:ppu|Pixel_Gen:Pixel_Gen_inst|Render_Sprites:render_sprites_inst|use_sprite        ; CLOCK_50     ; CLOCK2_50   ; 125.000      ; -0.044     ; 1.004      ;
; 123.939 ; rst       ; gameboy:dut|PPU_Wrapper:ppu|Pixel_Gen:Pixel_Gen_inst|Render_Sprites:render_sprites_inst|x_coord[8]        ; CLOCK_50     ; CLOCK2_50   ; 125.000      ; -0.047     ; 0.981      ;
; 123.939 ; rst       ; gameboy:dut|PPU_Wrapper:ppu|Pixel_Gen:Pixel_Gen_inst|Render_Sprites:render_sprites_inst|x_coord[5]        ; CLOCK_50     ; CLOCK2_50   ; 125.000      ; -0.047     ; 0.981      ;
; 123.939 ; rst       ; gameboy:dut|PPU_Wrapper:ppu|Pixel_Gen:Pixel_Gen_inst|Render_Sprites:render_sprites_inst|x_coord[9]        ; CLOCK_50     ; CLOCK2_50   ; 125.000      ; -0.047     ; 0.981      ;
; 123.939 ; rst       ; gameboy:dut|PPU_Wrapper:ppu|Pixel_Gen:Pixel_Gen_inst|Render_Sprites:render_sprites_inst|x_coord[7]        ; CLOCK_50     ; CLOCK2_50   ; 125.000      ; -0.047     ; 0.981      ;
; 123.939 ; rst       ; gameboy:dut|PPU_Wrapper:ppu|Pixel_Gen:Pixel_Gen_inst|Render_Sprites:render_sprites_inst|x_coord[6]        ; CLOCK_50     ; CLOCK2_50   ; 125.000      ; -0.047     ; 0.981      ;
; 123.939 ; rst       ; gameboy:dut|PPU_Wrapper:ppu|Pixel_Gen:Pixel_Gen_inst|Render_Sprites:render_sprites_inst|x_coord[4]        ; CLOCK_50     ; CLOCK2_50   ; 125.000      ; -0.047     ; 0.981      ;
; 123.939 ; rst       ; gameboy:dut|PPU_Wrapper:ppu|Pixel_Gen:Pixel_Gen_inst|Render_Sprites:render_sprites_inst|x_coord[3]        ; CLOCK_50     ; CLOCK2_50   ; 125.000      ; -0.047     ; 0.981      ;
; 124.142 ; rst       ; gameboy:dut|PPU_Wrapper:ppu|Pixel_Gen:Pixel_Gen_inst|Render_Sprites:render_sprites_inst|x_coord[1]        ; CLOCK_50     ; CLOCK2_50   ; 125.000      ; -0.051     ; 0.774      ;
; 124.142 ; rst       ; gameboy:dut|PPU_Wrapper:ppu|Pixel_Gen:Pixel_Gen_inst|Render_Sprites:render_sprites_inst|x_coord[0]        ; CLOCK_50     ; CLOCK2_50   ; 125.000      ; -0.051     ; 0.774      ;
+---------+-----------+-----------------------------------------------------------------------------------------------------------+--------------+-------------+--------------+------------+------------+


+-----------------------------------------------------------------------------------------------------------------------------------------------------------------------------------------------------+
; Fast 1200mV 0C Model Removal: 'CLOCK2_50'                                                                                                                                                           ;
+-------+-----------+-----------------------------------------------------------------------------------------------------------+--------------+-------------+--------------+------------+------------+
; Slack ; From Node ; To Node                                                                                                   ; Launch Clock ; Latch Clock ; Relationship ; Clock Skew ; Data Delay ;
+-------+-----------+-----------------------------------------------------------------------------------------------------------+--------------+-------------+--------------+------------+------------+
; 0.486 ; rst       ; gameboy:dut|PPU_Wrapper:ppu|Pixel_Gen:Pixel_Gen_inst|Render_Sprites:render_sprites_inst|x_coord[1]        ; CLOCK_50     ; CLOCK2_50   ; 0.000        ; 0.073      ; 0.683      ;
; 0.486 ; rst       ; gameboy:dut|PPU_Wrapper:ppu|Pixel_Gen:Pixel_Gen_inst|Render_Sprites:render_sprites_inst|x_coord[0]        ; CLOCK_50     ; CLOCK2_50   ; 0.000        ; 0.073      ; 0.683      ;
; 0.649 ; rst       ; gameboy:dut|PPU_Wrapper:ppu|Pixel_Gen:Pixel_Gen_inst|Render_Sprites:render_sprites_inst|x_coord[8]        ; CLOCK_50     ; CLOCK2_50   ; 0.000        ; 0.077      ; 0.850      ;
; 0.649 ; rst       ; gameboy:dut|PPU_Wrapper:ppu|Pixel_Gen:Pixel_Gen_inst|Render_Sprites:render_sprites_inst|x_coord[5]        ; CLOCK_50     ; CLOCK2_50   ; 0.000        ; 0.077      ; 0.850      ;
; 0.649 ; rst       ; gameboy:dut|PPU_Wrapper:ppu|Pixel_Gen:Pixel_Gen_inst|Render_Sprites:render_sprites_inst|x_coord[9]        ; CLOCK_50     ; CLOCK2_50   ; 0.000        ; 0.077      ; 0.850      ;
; 0.649 ; rst       ; gameboy:dut|PPU_Wrapper:ppu|Pixel_Gen:Pixel_Gen_inst|Render_Sprites:render_sprites_inst|x_coord[7]        ; CLOCK_50     ; CLOCK2_50   ; 0.000        ; 0.077      ; 0.850      ;
; 0.649 ; rst       ; gameboy:dut|PPU_Wrapper:ppu|Pixel_Gen:Pixel_Gen_inst|Render_Sprites:render_sprites_inst|x_coord[6]        ; CLOCK_50     ; CLOCK2_50   ; 0.000        ; 0.077      ; 0.850      ;
; 0.649 ; rst       ; gameboy:dut|PPU_Wrapper:ppu|Pixel_Gen:Pixel_Gen_inst|Render_Sprites:render_sprites_inst|x_coord[4]        ; CLOCK_50     ; CLOCK2_50   ; 0.000        ; 0.077      ; 0.850      ;
; 0.649 ; rst       ; gameboy:dut|PPU_Wrapper:ppu|Pixel_Gen:Pixel_Gen_inst|Render_Sprites:render_sprites_inst|x_coord[3]        ; CLOCK_50     ; CLOCK2_50   ; 0.000        ; 0.077      ; 0.850      ;
; 0.663 ; rst       ; gameboy:dut|PPU_Wrapper:ppu|Pixel_Gen:Pixel_Gen_inst|Render_Sprites:render_sprites_inst|use_sprite        ; CLOCK_50     ; CLOCK2_50   ; 0.000        ; 0.081      ; 0.868      ;
; 0.687 ; rst       ; gameboy:dut|PPU_Wrapper:ppu|Pixel_Gen:Pixel_Gen_inst|Render_Sprites:render_sprites_inst|pixel_index[2]    ; CLOCK_50     ; CLOCK2_50   ; 0.000        ; 0.081      ; 0.892      ;
; 0.687 ; rst       ; gameboy:dut|PPU_Wrapper:ppu|Pixel_Gen:Pixel_Gen_inst|Render_Sprites:render_sprites_inst|pixel_index[1]    ; CLOCK_50     ; CLOCK2_50   ; 0.000        ; 0.081      ; 0.892      ;
; 0.687 ; rst       ; gameboy:dut|PPU_Wrapper:ppu|Pixel_Gen:Pixel_Gen_inst|Render_Sprites:render_sprites_inst|pixel_index[0]    ; CLOCK_50     ; CLOCK2_50   ; 0.000        ; 0.081      ; 0.892      ;
; 0.774 ; rst       ; gameboy:dut|PPU_Wrapper:ppu|Pixel_Gen:Pixel_Gen_inst|Render_Sprites:render_sprites_inst|x_coord[2]        ; CLOCK_50     ; CLOCK2_50   ; 0.000        ; 0.077      ; 0.975      ;
; 0.781 ; rst       ; gameboy:dut|PPU_Wrapper:ppu|Pixel_Gen:Pixel_Gen_inst|Render_Sprites:render_sprites_inst|state.DONE        ; CLOCK_50     ; CLOCK2_50   ; 0.000        ; 0.081      ; 0.986      ;
; 0.781 ; rst       ; gameboy:dut|PPU_Wrapper:ppu|Pixel_Gen:Pixel_Gen_inst|Render_Sprites:render_sprites_inst|state.DUMP_PIXELS ; CLOCK_50     ; CLOCK2_50   ; 0.000        ; 0.081      ; 0.986      ;
; 0.781 ; rst       ; gameboy:dut|PPU_Wrapper:ppu|Pixel_Gen:Pixel_Gen_inst|Render_Sprites:render_sprites_inst|state.FETCH_TILE  ; CLOCK_50     ; CLOCK2_50   ; 0.000        ; 0.081      ; 0.986      ;
; 0.781 ; rst       ; gameboy:dut|PPU_Wrapper:ppu|Pixel_Gen:Pixel_Gen_inst|Render_Sprites:render_sprites_inst|state.SCAN_CHECK  ; CLOCK_50     ; CLOCK2_50   ; 0.000        ; 0.081      ; 0.986      ;
; 0.819 ; rst       ; gameboy:dut|PPU_Wrapper:ppu|OAM_Search:oam_search|selected_count[1]                                       ; CLOCK_50     ; CLOCK2_50   ; 0.000        ; 0.082      ; 1.025      ;
; 0.819 ; rst       ; gameboy:dut|PPU_Wrapper:ppu|OAM_Search:oam_search|selected_count[3]                                       ; CLOCK_50     ; CLOCK2_50   ; 0.000        ; 0.082      ; 1.025      ;
; 0.819 ; rst       ; gameboy:dut|PPU_Wrapper:ppu|OAM_Search:oam_search|selected_count[0]                                       ; CLOCK_50     ; CLOCK2_50   ; 0.000        ; 0.082      ; 1.025      ;
; 0.819 ; rst       ; gameboy:dut|PPU_Wrapper:ppu|OAM_Search:oam_search|selected_count[2]                                       ; CLOCK_50     ; CLOCK2_50   ; 0.000        ; 0.082      ; 1.025      ;
; 0.831 ; rst       ; gameboy:dut|PPU_Wrapper:ppu|Pixel_Gen:Pixel_Gen_inst|FIFO:sprite_fifo_inst|count[6]                       ; CLOCK_50     ; CLOCK2_50   ; 0.000        ; 0.081      ; 1.036      ;
; 0.831 ; rst       ; gameboy:dut|PPU_Wrapper:ppu|Pixel_Gen:Pixel_Gen_inst|FIFO:sprite_fifo_inst|count[5]                       ; CLOCK_50     ; CLOCK2_50   ; 0.000        ; 0.081      ; 1.036      ;
; 0.831 ; rst       ; gameboy:dut|PPU_Wrapper:ppu|Pixel_Gen:Pixel_Gen_inst|FIFO:sprite_fifo_inst|count[4]                       ; CLOCK_50     ; CLOCK2_50   ; 0.000        ; 0.081      ; 1.036      ;
; 0.831 ; rst       ; gameboy:dut|PPU_Wrapper:ppu|Pixel_Gen:Pixel_Gen_inst|FIFO:sprite_fifo_inst|count[3]                       ; CLOCK_50     ; CLOCK2_50   ; 0.000        ; 0.081      ; 1.036      ;
; 0.831 ; rst       ; gameboy:dut|PPU_Wrapper:ppu|Pixel_Gen:Pixel_Gen_inst|FIFO:sprite_fifo_inst|count[2]                       ; CLOCK_50     ; CLOCK2_50   ; 0.000        ; 0.081      ; 1.036      ;
; 0.831 ; rst       ; gameboy:dut|PPU_Wrapper:ppu|Pixel_Gen:Pixel_Gen_inst|FIFO:sprite_fifo_inst|count[1]                       ; CLOCK_50     ; CLOCK2_50   ; 0.000        ; 0.081      ; 1.036      ;
; 0.831 ; rst       ; gameboy:dut|PPU_Wrapper:ppu|Pixel_Gen:Pixel_Gen_inst|FIFO:sprite_fifo_inst|count[0]                       ; CLOCK_50     ; CLOCK2_50   ; 0.000        ; 0.081      ; 1.036      ;
; 0.835 ; rst       ; gameboy:dut|PPU_Wrapper:ppu|PPU_Mode_controller:mode_ctrl|fifo_clear                                      ; CLOCK_50     ; CLOCK2_50   ; 0.000        ; 0.082      ; 1.041      ;
; 0.835 ; rst       ; gameboy:dut|PPU_Wrapper:ppu|PPU_Mode_controller:mode_ctrl|dot[4]                                          ; CLOCK_50     ; CLOCK2_50   ; 0.000        ; 0.082      ; 1.041      ;
; 0.835 ; rst       ; gameboy:dut|PPU_Wrapper:ppu|PPU_Mode_controller:mode_ctrl|dot[8]                                          ; CLOCK_50     ; CLOCK2_50   ; 0.000        ; 0.082      ; 1.041      ;
; 0.835 ; rst       ; gameboy:dut|PPU_Wrapper:ppu|PPU_Mode_controller:mode_ctrl|dot[7]                                          ; CLOCK_50     ; CLOCK2_50   ; 0.000        ; 0.082      ; 1.041      ;
; 0.835 ; rst       ; gameboy:dut|PPU_Wrapper:ppu|PPU_Mode_controller:mode_ctrl|dot[6]                                          ; CLOCK_50     ; CLOCK2_50   ; 0.000        ; 0.082      ; 1.041      ;
; 0.835 ; rst       ; gameboy:dut|PPU_Wrapper:ppu|PPU_Mode_controller:mode_ctrl|dot[5]                                          ; CLOCK_50     ; CLOCK2_50   ; 0.000        ; 0.082      ; 1.041      ;
; 0.835 ; rst       ; gameboy:dut|PPU_Wrapper:ppu|PPU_Mode_controller:mode_ctrl|dot[3]                                          ; CLOCK_50     ; CLOCK2_50   ; 0.000        ; 0.082      ; 1.041      ;
; 0.835 ; rst       ; gameboy:dut|PPU_Wrapper:ppu|PPU_Mode_controller:mode_ctrl|dot[2]                                          ; CLOCK_50     ; CLOCK2_50   ; 0.000        ; 0.082      ; 1.041      ;
; 0.835 ; rst       ; gameboy:dut|PPU_Wrapper:ppu|PPU_Mode_controller:mode_ctrl|dot[1]                                          ; CLOCK_50     ; CLOCK2_50   ; 0.000        ; 0.082      ; 1.041      ;
; 0.835 ; rst       ; gameboy:dut|PPU_Wrapper:ppu|PPU_Mode_controller:mode_ctrl|dot[0]                                          ; CLOCK_50     ; CLOCK2_50   ; 0.000        ; 0.082      ; 1.041      ;
; 0.838 ; rst       ; gameboy:dut|PPU_Wrapper:ppu|Pixel_Gen:Pixel_Gen_inst|Render_Sprites:render_sprites_inst|state.IDLE        ; CLOCK_50     ; CLOCK2_50   ; 0.000        ; 0.082      ; 1.044      ;
; 0.838 ; rst       ; gameboy:dut|PPU_Wrapper:ppu|OAM_Search:oam_search|state.OAM_DONE                                          ; CLOCK_50     ; CLOCK2_50   ; 0.000        ; 0.082      ; 1.044      ;
; 0.838 ; rst       ; gameboy:dut|PPU_Wrapper:ppu|OAM_Search:oam_search|state.OAM_SORT                                          ; CLOCK_50     ; CLOCK2_50   ; 0.000        ; 0.082      ; 1.044      ;
; 0.838 ; rst       ; gameboy:dut|PPU_Wrapper:ppu|OAM_Search:oam_search|sort_phase                                              ; CLOCK_50     ; CLOCK2_50   ; 0.000        ; 0.082      ; 1.044      ;
; 0.838 ; rst       ; gameboy:dut|PPU_Wrapper:ppu|OAM_Search:oam_search|sort_j[3]                                               ; CLOCK_50     ; CLOCK2_50   ; 0.000        ; 0.082      ; 1.044      ;
; 0.838 ; rst       ; gameboy:dut|PPU_Wrapper:ppu|OAM_Search:oam_search|sort_j[2]                                               ; CLOCK_50     ; CLOCK2_50   ; 0.000        ; 0.082      ; 1.044      ;
; 0.838 ; rst       ; gameboy:dut|PPU_Wrapper:ppu|OAM_Search:oam_search|state.OAM_IDLE                                          ; CLOCK_50     ; CLOCK2_50   ; 0.000        ; 0.082      ; 1.044      ;
; 0.943 ; rst       ; gameboy:dut|PPU_Wrapper:ppu|OAM_Search:oam_search|sort_i[3]                                               ; CLOCK_50     ; CLOCK2_50   ; 0.000        ; 0.080      ; 1.147      ;
; 0.943 ; rst       ; gameboy:dut|PPU_Wrapper:ppu|OAM_Search:oam_search|sort_i[2]                                               ; CLOCK_50     ; CLOCK2_50   ; 0.000        ; 0.080      ; 1.147      ;
; 0.943 ; rst       ; gameboy:dut|PPU_Wrapper:ppu|OAM_Search:oam_search|sort_i[1]                                               ; CLOCK_50     ; CLOCK2_50   ; 0.000        ; 0.080      ; 1.147      ;
; 0.943 ; rst       ; gameboy:dut|PPU_Wrapper:ppu|OAM_Search:oam_search|sort_i[0]                                               ; CLOCK_50     ; CLOCK2_50   ; 0.000        ; 0.080      ; 1.147      ;
; 0.974 ; rst       ; gameboy:dut|PPU_Wrapper:ppu|Pixel_Gen:Pixel_Gen_inst|Render_BG:render_bg_inst|scx_latched[7]              ; CLOCK_50     ; CLOCK2_50   ; 0.000        ; 0.072      ; 1.170      ;
; 0.974 ; rst       ; gameboy:dut|PPU_Wrapper:ppu|Pixel_Gen:Pixel_Gen_inst|Render_BG:render_bg_inst|scx_latched[6]              ; CLOCK_50     ; CLOCK2_50   ; 0.000        ; 0.072      ; 1.170      ;
; 0.974 ; rst       ; gameboy:dut|PPU_Wrapper:ppu|Pixel_Gen:Pixel_Gen_inst|Render_BG:render_bg_inst|scx_latched[5]              ; CLOCK_50     ; CLOCK2_50   ; 0.000        ; 0.072      ; 1.170      ;
; 0.974 ; rst       ; gameboy:dut|PPU_Wrapper:ppu|Pixel_Gen:Pixel_Gen_inst|Render_BG:render_bg_inst|scx_latched[4]              ; CLOCK_50     ; CLOCK2_50   ; 0.000        ; 0.072      ; 1.170      ;
; 0.974 ; rst       ; gameboy:dut|PPU_Wrapper:ppu|Pixel_Gen:Pixel_Gen_inst|Render_BG:render_bg_inst|scx_latched[3]              ; CLOCK_50     ; CLOCK2_50   ; 0.000        ; 0.072      ; 1.170      ;
; 0.974 ; rst       ; gameboy:dut|PPU_Wrapper:ppu|Pixel_Gen:Pixel_Gen_inst|Render_BG:render_bg_inst|pixel_total[7]              ; CLOCK_50     ; CLOCK2_50   ; 0.000        ; 0.072      ; 1.170      ;
; 0.974 ; rst       ; gameboy:dut|PPU_Wrapper:ppu|Pixel_Gen:Pixel_Gen_inst|Render_BG:render_bg_inst|pixel_total[6]              ; CLOCK_50     ; CLOCK2_50   ; 0.000        ; 0.072      ; 1.170      ;
; 0.974 ; rst       ; gameboy:dut|PPU_Wrapper:ppu|Pixel_Gen:Pixel_Gen_inst|Render_BG:render_bg_inst|pixel_total[5]              ; CLOCK_50     ; CLOCK2_50   ; 0.000        ; 0.072      ; 1.170      ;
; 0.974 ; rst       ; gameboy:dut|PPU_Wrapper:ppu|Pixel_Gen:Pixel_Gen_inst|Render_BG:render_bg_inst|pixel_total[4]              ; CLOCK_50     ; CLOCK2_50   ; 0.000        ; 0.072      ; 1.170      ;
; 2.224 ; rst       ; gameboy:dut|PPU_Wrapper:ppu|Pixel_Gen:Pixel_Gen_inst|Render_BG:render_bg_inst|state.BG_FETCH_TILE_MAP     ; CLOCK_50     ; CLOCK2_50   ; 0.000        ; 0.070      ; 2.418      ;
; 2.316 ; rst       ; gameboy:dut|PPU_Wrapper:ppu|Pixel_Mixer:pixel_mixer_inst|pixel_out_valid                                  ; CLOCK_50     ; CLOCK2_50   ; 0.000        ; 0.073      ; 2.513      ;
; 2.316 ; rst       ; gameboy:dut|PPU_Wrapper:ppu|Pixel_Gen:Pixel_Gen_inst|FIFO:bg_fifo_inst|count[4]                           ; CLOCK_50     ; CLOCK2_50   ; 0.000        ; 0.073      ; 2.513      ;
; 2.316 ; rst       ; gameboy:dut|PPU_Wrapper:ppu|Pixel_Gen:Pixel_Gen_inst|FIFO:bg_fifo_inst|count[3]                           ; CLOCK_50     ; CLOCK2_50   ; 0.000        ; 0.073      ; 2.513      ;
; 2.316 ; rst       ; gameboy:dut|PPU_Wrapper:ppu|Pixel_Gen:Pixel_Gen_inst|FIFO:bg_fifo_inst|count[2]                           ; CLOCK_50     ; CLOCK2_50   ; 0.000        ; 0.073      ; 2.513      ;
; 2.316 ; rst       ; gameboy:dut|PPU_Wrapper:ppu|Pixel_Gen:Pixel_Gen_inst|FIFO:bg_fifo_inst|count[1]                           ; CLOCK_50     ; CLOCK2_50   ; 0.000        ; 0.073      ; 2.513      ;
; 2.316 ; rst       ; gameboy:dut|PPU_Wrapper:ppu|Pixel_Gen:Pixel_Gen_inst|FIFO:bg_fifo_inst|count[0]                           ; CLOCK_50     ; CLOCK2_50   ; 0.000        ; 0.073      ; 2.513      ;
; 2.321 ; rst       ; gameboy:dut|PPU_Wrapper:ppu|Pixel_Gen:Pixel_Gen_inst|Render_BG:render_bg_inst|push_bg                     ; CLOCK_50     ; CLOCK2_50   ; 0.000        ; 0.073      ; 2.518      ;
; 2.322 ; rst       ; gameboy:dut|PPU_Wrapper:ppu|PPU_Mode_controller:mode_ctrl|mode[0]                                         ; CLOCK_50     ; CLOCK2_50   ; 0.000        ; 0.073      ; 2.519      ;
; 2.322 ; rst       ; gameboy:dut|PPU_Wrapper:ppu|PPU_Mode_controller:mode_ctrl|mode[1]                                         ; CLOCK_50     ; CLOCK2_50   ; 0.000        ; 0.073      ; 2.519      ;
; 2.322 ; rst       ; gameboy:dut|PPU_Wrapper:ppu|PPU_Mode_controller:mode_ctrl|line[4]                                         ; CLOCK_50     ; CLOCK2_50   ; 0.000        ; 0.073      ; 2.519      ;
; 2.322 ; rst       ; gameboy:dut|PPU_Wrapper:ppu|PPU_Mode_controller:mode_ctrl|line[7]                                         ; CLOCK_50     ; CLOCK2_50   ; 0.000        ; 0.073      ; 2.519      ;
; 2.322 ; rst       ; gameboy:dut|PPU_Wrapper:ppu|PPU_Mode_controller:mode_ctrl|line[6]                                         ; CLOCK_50     ; CLOCK2_50   ; 0.000        ; 0.073      ; 2.519      ;
; 2.322 ; rst       ; gameboy:dut|PPU_Wrapper:ppu|PPU_Mode_controller:mode_ctrl|line[5]                                         ; CLOCK_50     ; CLOCK2_50   ; 0.000        ; 0.073      ; 2.519      ;
; 2.322 ; rst       ; gameboy:dut|PPU_Wrapper:ppu|PPU_Mode_controller:mode_ctrl|line[3]                                         ; CLOCK_50     ; CLOCK2_50   ; 0.000        ; 0.073      ; 2.519      ;
; 2.322 ; rst       ; gameboy:dut|PPU_Wrapper:ppu|PPU_Mode_controller:mode_ctrl|line[2]                                         ; CLOCK_50     ; CLOCK2_50   ; 0.000        ; 0.073      ; 2.519      ;
; 2.322 ; rst       ; gameboy:dut|PPU_Wrapper:ppu|PPU_Mode_controller:mode_ctrl|line[1]                                         ; CLOCK_50     ; CLOCK2_50   ; 0.000        ; 0.073      ; 2.519      ;
; 2.322 ; rst       ; gameboy:dut|PPU_Wrapper:ppu|PPU_Mode_controller:mode_ctrl|line[0]                                         ; CLOCK_50     ; CLOCK2_50   ; 0.000        ; 0.073      ; 2.519      ;
; 2.437 ; rst       ; gameboy:dut|PPU_Wrapper:ppu|Pixel_Gen:Pixel_Gen_inst|Render_BG:render_bg_inst|bg_done                     ; CLOCK_50     ; CLOCK2_50   ; 0.000        ; 0.073      ; 2.634      ;
; 2.437 ; rst       ; gameboy:dut|PPU_Wrapper:ppu|Pixel_Gen:Pixel_Gen_inst|Render_Sprites:render_sprites_inst|sprite_done       ; CLOCK_50     ; CLOCK2_50   ; 0.000        ; 0.073      ; 2.634      ;
; 2.437 ; rst       ; gameboy:dut|PPU_Wrapper:ppu|Pixel_Gen:Pixel_Gen_inst|Render_BG:render_bg_inst|state.BG_PROCESS_PIXELS     ; CLOCK_50     ; CLOCK2_50   ; 0.000        ; 0.073      ; 2.634      ;
; 2.437 ; rst       ; gameboy:dut|PPU_Wrapper:ppu|Pixel_Gen:Pixel_Gen_inst|Render_BG:render_bg_inst|state.BG_FETCH_TILE_DATA    ; CLOCK_50     ; CLOCK2_50   ; 0.000        ; 0.073      ; 2.634      ;
; 2.437 ; rst       ; gameboy:dut|PPU_Wrapper:ppu|Pixel_Gen:Pixel_Gen_inst|Render_BG:render_bg_inst|state.BG_FETCH_TILE         ; CLOCK_50     ; CLOCK2_50   ; 0.000        ; 0.073      ; 2.634      ;
; 2.437 ; rst       ; gameboy:dut|PPU_Wrapper:ppu|Pixel_Gen:Pixel_Gen_inst|Render_BG:render_bg_inst|pixel_index[0]              ; CLOCK_50     ; CLOCK2_50   ; 0.000        ; 0.073      ; 2.634      ;
; 2.437 ; rst       ; gameboy:dut|PPU_Wrapper:ppu|Pixel_Gen:Pixel_Gen_inst|Render_BG:render_bg_inst|state.BG_IDLE               ; CLOCK_50     ; CLOCK2_50   ; 0.000        ; 0.073      ; 2.634      ;
; 2.437 ; rst       ; gameboy:dut|PPU_Wrapper:ppu|Pixel_Gen:Pixel_Gen_inst|Render_BG:render_bg_inst|state.BG_DONE               ; CLOCK_50     ; CLOCK2_50   ; 0.000        ; 0.073      ; 2.634      ;
; 2.437 ; rst       ; gameboy:dut|PPU_Wrapper:ppu|Pixel_Gen:Pixel_Gen_inst|Render_BG:render_bg_inst|pixel_index[2]              ; CLOCK_50     ; CLOCK2_50   ; 0.000        ; 0.073      ; 2.634      ;
; 2.437 ; rst       ; gameboy:dut|PPU_Wrapper:ppu|Pixel_Gen:Pixel_Gen_inst|Render_BG:render_bg_inst|pixel_index[1]              ; CLOCK_50     ; CLOCK2_50   ; 0.000        ; 0.073      ; 2.634      ;
; 2.437 ; rst       ; gameboy:dut|PPU_Wrapper:ppu|Pixel_Gen:Pixel_Gen_inst|Render_BG:render_bg_inst|pixel_total[3]              ; CLOCK_50     ; CLOCK2_50   ; 0.000        ; 0.073      ; 2.634      ;
; 2.599 ; rst       ; gameboy:dut|PPU_Wrapper:ppu|OAM_Search:oam_search|state.OAM_FETCH                                         ; CLOCK_50     ; CLOCK2_50   ; 0.000        ; 0.082      ; 2.805      ;
; 2.599 ; rst       ; gameboy:dut|PPU_Wrapper:ppu|OAM_Search:oam_search|oam_index[0]                                            ; CLOCK_50     ; CLOCK2_50   ; 0.000        ; 0.082      ; 2.805      ;
; 2.599 ; rst       ; gameboy:dut|PPU_Wrapper:ppu|OAM_Search:oam_search|oam_index[5]                                            ; CLOCK_50     ; CLOCK2_50   ; 0.000        ; 0.082      ; 2.805      ;
; 2.599 ; rst       ; gameboy:dut|PPU_Wrapper:ppu|OAM_Search:oam_search|oam_index[4]                                            ; CLOCK_50     ; CLOCK2_50   ; 0.000        ; 0.082      ; 2.805      ;
; 2.599 ; rst       ; gameboy:dut|PPU_Wrapper:ppu|OAM_Search:oam_search|oam_index[3]                                            ; CLOCK_50     ; CLOCK2_50   ; 0.000        ; 0.082      ; 2.805      ;
; 2.599 ; rst       ; gameboy:dut|PPU_Wrapper:ppu|OAM_Search:oam_search|oam_index[2]                                            ; CLOCK_50     ; CLOCK2_50   ; 0.000        ; 0.082      ; 2.805      ;
; 2.599 ; rst       ; gameboy:dut|PPU_Wrapper:ppu|OAM_Search:oam_search|oam_index[1]                                            ; CLOCK_50     ; CLOCK2_50   ; 0.000        ; 0.082      ; 2.805      ;
+-------+-----------+-----------------------------------------------------------------------------------------------------------+--------------+-------------+--------------+------------+------------+


----------------------------------------------
; Fast 1200mV 0C Model Metastability Summary ;
----------------------------------------------
The design MTBF is not calculated because there are no specified synchronizers in the design.
Number of Synchronizer Chains Found: 43
Shortest Synchronizer Chain: 2 Registers
Fraction of Chains for which MTBFs Could Not be Calculated: 1.000
Worst Case Available Settling Time: 224.135 ns




+------------------------------------------------------------------------------+
; Multicorner Timing Analysis Summary                                          ;
+------------------+--------+-------+----------+---------+---------------------+
; Clock            ; Setup  ; Hold  ; Recovery ; Removal ; Minimum Pulse Width ;
+------------------+--------+-------+----------+---------+---------------------+
; Worst-case Slack ; 76.149 ; 0.180 ; 118.839  ; 0.486   ; 51.872              ;
;  CLOCK2_50       ; 76.149 ; 0.180 ; 118.839  ; 0.486   ; 124.436             ;
;  CLOCK_50        ; 78.990 ; 0.181 ; N/A      ; N/A     ; 51.872              ;
; Design-wide TNS  ; 0.0    ; 0.0   ; 0.0      ; 0.0     ; 0.0                 ;
;  CLOCK2_50       ; 0.000  ; 0.000 ; 0.000    ; 0.000   ; 0.000               ;
;  CLOCK_50        ; 0.000  ; 0.000 ; N/A      ; N/A     ; 0.000               ;
+------------------+--------+-------+----------+---------+---------------------+


+------------------------------------------------------------------------------------------------------------------------------------------------------------------------------------------------------------------------------------------------------------------------------------------------------------------------------------------------------------------------------------------------------------------+
; Board Trace Model Assignments                                                                                                                                                                                                                                                                                                                                                                                    ;
+---------------+--------------+-------------------+-------------------------+-------------------------+---------------+---------------------+----------------+------------------+--------+------------------+------------------------+------------------------+--------------+---------------+-----------------+-------+---------------------+--------------------+---------------+-----------------+-------------+
; Pin           ; I/O Standard ; Near Tline Length ; Near Tline L per Length ; Near Tline C per Length ; Near Series R ; Near Differential R ; Near Pull-up R ; Near Pull-down R ; Near C ; Far Tline Length ; Far Tline L per Length ; Far Tline C per Length ; Far Series R ; Far Pull-up R ; Far Pull-down R ; Far C ; Termination Voltage ; Far Differential R ; EBD File Name ; EBD Signal Name ; EBD Far-end ;
+---------------+--------------+-------------------+-------------------------+-------------------------+---------------+---------------------+----------------+------------------+--------+------------------+------------------------+------------------------+--------------+---------------+-----------------+-------+---------------------+--------------------+---------------+-----------------+-------------+
; LEDR[0]       ; 2.5 V        ; 0 in              ; 0 H/in                  ; 0 F/in                  ; short         ; -                   ; open           ; open             ; open   ; 0 in             ; 0 H/in                 ; 0 F/in                 ; short        ; open          ; open            ; open  ; 0 V                 ; -                  ; n/a           ; n/a             ; n/a         ;
; LEDR[1]       ; 2.5 V        ; 0 in              ; 0 H/in                  ; 0 F/in                  ; short         ; -                   ; open           ; open             ; open   ; 0 in             ; 0 H/in                 ; 0 F/in                 ; short        ; open          ; open            ; open  ; 0 V                 ; -                  ; n/a           ; n/a             ; n/a         ;
; LEDR[2]       ; 2.5 V        ; 0 in              ; 0 H/in                  ; 0 F/in                  ; short         ; -                   ; open           ; open             ; open   ; 0 in             ; 0 H/in                 ; 0 F/in                 ; short        ; open          ; open            ; open  ; 0 V                 ; -                  ; n/a           ; n/a             ; n/a         ;
; LEDR[3]       ; 2.5 V        ; 0 in              ; 0 H/in                  ; 0 F/in                  ; short         ; -                   ; open           ; open             ; open   ; 0 in             ; 0 H/in                 ; 0 F/in                 ; short        ; open          ; open            ; open  ; 0 V                 ; -                  ; n/a           ; n/a             ; n/a         ;
; LEDR[4]       ; 2.5 V        ; 0 in              ; 0 H/in                  ; 0 F/in                  ; short         ; -                   ; open           ; open             ; open   ; 0 in             ; 0 H/in                 ; 0 F/in                 ; short        ; open          ; open            ; open  ; 0 V                 ; -                  ; n/a           ; n/a             ; n/a         ;
; LEDR[5]       ; 2.5 V        ; 0 in              ; 0 H/in                  ; 0 F/in                  ; short         ; -                   ; open           ; open             ; open   ; 0 in             ; 0 H/in                 ; 0 F/in                 ; short        ; open          ; open            ; open  ; 0 V                 ; -                  ; n/a           ; n/a             ; n/a         ;
; LEDR[6]       ; 2.5 V        ; 0 in              ; 0 H/in                  ; 0 F/in                  ; short         ; -                   ; open           ; open             ; open   ; 0 in             ; 0 H/in                 ; 0 F/in                 ; short        ; open          ; open            ; open  ; 0 V                 ; -                  ; n/a           ; n/a             ; n/a         ;
; LEDR[7]       ; 2.5 V        ; 0 in              ; 0 H/in                  ; 0 F/in                  ; short         ; -                   ; open           ; open             ; open   ; 0 in             ; 0 H/in                 ; 0 F/in                 ; short        ; open          ; open            ; open  ; 0 V                 ; -                  ; n/a           ; n/a             ; n/a         ;
; LEDR[8]       ; 2.5 V        ; 0 in              ; 0 H/in                  ; 0 F/in                  ; short         ; -                   ; open           ; open             ; open   ; 0 in             ; 0 H/in                 ; 0 F/in                 ; short        ; open          ; open            ; open  ; 0 V                 ; -                  ; n/a           ; n/a             ; n/a         ;
; LEDR[9]       ; 2.5 V        ; 0 in              ; 0 H/in                  ; 0 F/in                  ; short         ; -                   ; open           ; open             ; open   ; 0 in             ; 0 H/in                 ; 0 F/in                 ; short        ; open          ; open            ; open  ; 0 V                 ; -                  ; n/a           ; n/a             ; n/a         ;
; LEDR[10]      ; 2.5 V        ; 0 in              ; 0 H/in                  ; 0 F/in                  ; short         ; -                   ; open           ; open             ; open   ; 0 in             ; 0 H/in                 ; 0 F/in                 ; short        ; open          ; open            ; open  ; 0 V                 ; -                  ; n/a           ; n/a             ; n/a         ;
; LEDR[11]      ; 2.5 V        ; 0 in              ; 0 H/in                  ; 0 F/in                  ; short         ; -                   ; open           ; open             ; open   ; 0 in             ; 0 H/in                 ; 0 F/in                 ; short        ; open          ; open            ; open  ; 0 V                 ; -                  ; n/a           ; n/a             ; n/a         ;
; LEDR[12]      ; 2.5 V        ; 0 in              ; 0 H/in                  ; 0 F/in                  ; short         ; -                   ; open           ; open             ; open   ; 0 in             ; 0 H/in                 ; 0 F/in                 ; short        ; open          ; open            ; open  ; 0 V                 ; -                  ; n/a           ; n/a             ; n/a         ;
; LEDR[13]      ; 2.5 V        ; 0 in              ; 0 H/in                  ; 0 F/in                  ; short         ; -                   ; open           ; open             ; open   ; 0 in             ; 0 H/in                 ; 0 F/in                 ; short        ; open          ; open            ; open  ; 0 V                 ; -                  ; n/a           ; n/a             ; n/a         ;
; LEDR[14]      ; 2.5 V        ; 0 in              ; 0 H/in                  ; 0 F/in                  ; short         ; -                   ; open           ; open             ; open   ; 0 in             ; 0 H/in                 ; 0 F/in                 ; short        ; open          ; open            ; open  ; 0 V                 ; -                  ; n/a           ; n/a             ; n/a         ;
; LEDR[15]      ; 2.5 V        ; 0 in              ; 0 H/in                  ; 0 F/in                  ; short         ; -                   ; open           ; open             ; open   ; 0 in             ; 0 H/in                 ; 0 F/in                 ; short        ; open          ; open            ; open  ; 0 V                 ; -                  ; n/a           ; n/a             ; n/a         ;
; LEDR[16]      ; 2.5 V        ; 0 in              ; 0 H/in                  ; 0 F/in                  ; short         ; -                   ; open           ; open             ; open   ; 0 in             ; 0 H/in                 ; 0 F/in                 ; short        ; open          ; open            ; open  ; 0 V                 ; -                  ; n/a           ; n/a             ; n/a         ;
; LEDR[17]      ; 2.5 V        ; 0 in              ; 0 H/in                  ; 0 F/in                  ; short         ; -                   ; open           ; open             ; open   ; 0 in             ; 0 H/in                 ; 0 F/in                 ; short        ; open          ; open            ; open  ; 0 V                 ; -                  ; n/a           ; n/a             ; n/a         ;
; LEDG[0]       ; 2.5 V        ; 0 in              ; 0 H/in                  ; 0 F/in                  ; short         ; -                   ; open           ; open             ; open   ; 0 in             ; 0 H/in                 ; 0 F/in                 ; short        ; open          ; open            ; open  ; 0 V                 ; -                  ; n/a           ; n/a             ; n/a         ;
; LEDG[1]       ; 2.5 V        ; 0 in              ; 0 H/in                  ; 0 F/in                  ; short         ; -                   ; open           ; open             ; open   ; 0 in             ; 0 H/in                 ; 0 F/in                 ; short        ; open          ; open            ; open  ; 0 V                 ; -                  ; n/a           ; n/a             ; n/a         ;
; LEDG[2]       ; 2.5 V        ; 0 in              ; 0 H/in                  ; 0 F/in                  ; short         ; -                   ; open           ; open             ; open   ; 0 in             ; 0 H/in                 ; 0 F/in                 ; short        ; open          ; open            ; open  ; 0 V                 ; -                  ; n/a           ; n/a             ; n/a         ;
; LEDG[3]       ; 2.5 V        ; 0 in              ; 0 H/in                  ; 0 F/in                  ; short         ; -                   ; open           ; open             ; open   ; 0 in             ; 0 H/in                 ; 0 F/in                 ; short        ; open          ; open            ; open  ; 0 V                 ; -                  ; n/a           ; n/a             ; n/a         ;
; LEDG[4]       ; 2.5 V        ; 0 in              ; 0 H/in                  ; 0 F/in                  ; short         ; -                   ; open           ; open             ; open   ; 0 in             ; 0 H/in                 ; 0 F/in                 ; short        ; open          ; open            ; open  ; 0 V                 ; -                  ; n/a           ; n/a             ; n/a         ;
; LEDG[5]       ; 2.5 V        ; 0 in              ; 0 H/in                  ; 0 F/in                  ; short         ; -                   ; open           ; open             ; open   ; 0 in             ; 0 H/in                 ; 0 F/in                 ; short        ; open          ; open            ; open  ; 0 V                 ; -                  ; n/a           ; n/a             ; n/a         ;
; LEDG[6]       ; 2.5 V        ; 0 in              ; 0 H/in                  ; 0 F/in                  ; short         ; -                   ; open           ; open             ; open   ; 0 in             ; 0 H/in                 ; 0 F/in                 ; short        ; open          ; open            ; open  ; 0 V                 ; -                  ; n/a           ; n/a             ; n/a         ;
; LEDG[7]       ; 2.5 V        ; 0 in              ; 0 H/in                  ; 0 F/in                  ; short         ; -                   ; open           ; open             ; open   ; 0 in             ; 0 H/in                 ; 0 F/in                 ; short        ; open          ; open            ; open  ; 0 V                 ; -                  ; n/a           ; n/a             ; n/a         ;
; LEDG[8]       ; 2.5 V        ; 0 in              ; 0 H/in                  ; 0 F/in                  ; short         ; -                   ; open           ; open             ; open   ; 0 in             ; 0 H/in                 ; 0 F/in                 ; short        ; open          ; open            ; open  ; 0 V                 ; -                  ; n/a           ; n/a             ; n/a         ;
; HEX0[0]       ; 2.5 V        ; 0 in              ; 0 H/in                  ; 0 F/in                  ; short         ; -                   ; open           ; open             ; open   ; 0 in             ; 0 H/in                 ; 0 F/in                 ; short        ; open          ; open            ; open  ; 0 V                 ; -                  ; n/a           ; n/a             ; n/a         ;
; HEX0[1]       ; 2.5 V        ; 0 in              ; 0 H/in                  ; 0 F/in                  ; short         ; -                   ; open           ; open             ; open   ; 0 in             ; 0 H/in                 ; 0 F/in                 ; short        ; open          ; open            ; open  ; 0 V                 ; -                  ; n/a           ; n/a             ; n/a         ;
; HEX0[2]       ; 2.5 V        ; 0 in              ; 0 H/in                  ; 0 F/in                  ; short         ; -                   ; open           ; open             ; open   ; 0 in             ; 0 H/in                 ; 0 F/in                 ; short        ; open          ; open            ; open  ; 0 V                 ; -                  ; n/a           ; n/a             ; n/a         ;
; HEX0[3]       ; 2.5 V        ; 0 in              ; 0 H/in                  ; 0 F/in                  ; short         ; -                   ; open           ; open             ; open   ; 0 in             ; 0 H/in                 ; 0 F/in                 ; short        ; open          ; open            ; open  ; 0 V                 ; -                  ; n/a           ; n/a             ; n/a         ;
; HEX0[4]       ; 2.5 V        ; 0 in              ; 0 H/in                  ; 0 F/in                  ; short         ; -                   ; open           ; open             ; open   ; 0 in             ; 0 H/in                 ; 0 F/in                 ; short        ; open          ; open            ; open  ; 0 V                 ; -                  ; n/a           ; n/a             ; n/a         ;
; HEX0[5]       ; 2.5 V        ; 0 in              ; 0 H/in                  ; 0 F/in                  ; short         ; -                   ; open           ; open             ; open   ; 0 in             ; 0 H/in                 ; 0 F/in                 ; short        ; open          ; open            ; open  ; 0 V                 ; -                  ; n/a           ; n/a             ; n/a         ;
; HEX0[6]       ; 2.5 V        ; 0 in              ; 0 H/in                  ; 0 F/in                  ; short         ; -                   ; open           ; open             ; open   ; 0 in             ; 0 H/in                 ; 0 F/in                 ; short        ; open          ; open            ; open  ; 0 V                 ; -                  ; n/a           ; n/a             ; n/a         ;
; HEX1[0]       ; 2.5 V        ; 0 in              ; 0 H/in                  ; 0 F/in                  ; short         ; -                   ; open           ; open             ; open   ; 0 in             ; 0 H/in                 ; 0 F/in                 ; short        ; open          ; open            ; open  ; 0 V                 ; -                  ; n/a           ; n/a             ; n/a         ;
; HEX1[1]       ; 2.5 V        ; 0 in              ; 0 H/in                  ; 0 F/in                  ; short         ; -                   ; open           ; open             ; open   ; 0 in             ; 0 H/in                 ; 0 F/in                 ; short        ; open          ; open            ; open  ; 0 V                 ; -                  ; n/a           ; n/a             ; n/a         ;
; HEX1[2]       ; 2.5 V        ; 0 in              ; 0 H/in                  ; 0 F/in                  ; short         ; -                   ; open           ; open             ; open   ; 0 in             ; 0 H/in                 ; 0 F/in                 ; short        ; open          ; open            ; open  ; 0 V                 ; -                  ; n/a           ; n/a             ; n/a         ;
; HEX1[3]       ; 2.5 V        ; 0 in              ; 0 H/in                  ; 0 F/in                  ; short         ; -                   ; open           ; open             ; open   ; 0 in             ; 0 H/in                 ; 0 F/in                 ; short        ; open          ; open            ; open  ; 0 V                 ; -                  ; n/a           ; n/a             ; n/a         ;
; HEX1[4]       ; 2.5 V        ; 0 in              ; 0 H/in                  ; 0 F/in                  ; short         ; -                   ; open           ; open             ; open   ; 0 in             ; 0 H/in                 ; 0 F/in                 ; short        ; open          ; open            ; open  ; 0 V                 ; -                  ; n/a           ; n/a             ; n/a         ;
; HEX1[5]       ; 2.5 V        ; 0 in              ; 0 H/in                  ; 0 F/in                  ; short         ; -                   ; open           ; open             ; open   ; 0 in             ; 0 H/in                 ; 0 F/in                 ; short        ; open          ; open            ; open  ; 0 V                 ; -                  ; n/a           ; n/a             ; n/a         ;
; HEX1[6]       ; 2.5 V        ; 0 in              ; 0 H/in                  ; 0 F/in                  ; short         ; -                   ; open           ; open             ; open   ; 0 in             ; 0 H/in                 ; 0 F/in                 ; short        ; open          ; open            ; open  ; 0 V                 ; -                  ; n/a           ; n/a             ; n/a         ;
; HEX2[0]       ; 2.5 V        ; 0 in              ; 0 H/in                  ; 0 F/in                  ; short         ; -                   ; open           ; open             ; open   ; 0 in             ; 0 H/in                 ; 0 F/in                 ; short        ; open          ; open            ; open  ; 0 V                 ; -                  ; n/a           ; n/a             ; n/a         ;
; HEX2[1]       ; 2.5 V        ; 0 in              ; 0 H/in                  ; 0 F/in                  ; short         ; -                   ; open           ; open             ; open   ; 0 in             ; 0 H/in                 ; 0 F/in                 ; short        ; open          ; open            ; open  ; 0 V                 ; -                  ; n/a           ; n/a             ; n/a         ;
; HEX2[2]       ; 2.5 V        ; 0 in              ; 0 H/in                  ; 0 F/in                  ; short         ; -                   ; open           ; open             ; open   ; 0 in             ; 0 H/in                 ; 0 F/in                 ; short        ; open          ; open            ; open  ; 0 V                 ; -                  ; n/a           ; n/a             ; n/a         ;
; HEX2[3]       ; 2.5 V        ; 0 in              ; 0 H/in                  ; 0 F/in                  ; short         ; -                   ; open           ; open             ; open   ; 0 in             ; 0 H/in                 ; 0 F/in                 ; short        ; open          ; open            ; open  ; 0 V                 ; -                  ; n/a           ; n/a             ; n/a         ;
; HEX2[4]       ; 2.5 V        ; 0 in              ; 0 H/in                  ; 0 F/in                  ; short         ; -                   ; open           ; open             ; open   ; 0 in             ; 0 H/in                 ; 0 F/in                 ; short        ; open          ; open            ; open  ; 0 V                 ; -                  ; n/a           ; n/a             ; n/a         ;
; HEX2[5]       ; 2.5 V        ; 0 in              ; 0 H/in                  ; 0 F/in                  ; short         ; -                   ; open           ; open             ; open   ; 0 in             ; 0 H/in                 ; 0 F/in                 ; short        ; open          ; open            ; open  ; 0 V                 ; -                  ; n/a           ; n/a             ; n/a         ;
; HEX2[6]       ; 2.5 V        ; 0 in              ; 0 H/in                  ; 0 F/in                  ; short         ; -                   ; open           ; open             ; open   ; 0 in             ; 0 H/in                 ; 0 F/in                 ; short        ; open          ; open            ; open  ; 0 V                 ; -                  ; n/a           ; n/a             ; n/a         ;
; HEX3[0]       ; 2.5 V        ; 0 in              ; 0 H/in                  ; 0 F/in                  ; short         ; -                   ; open           ; open             ; open   ; 0 in             ; 0 H/in                 ; 0 F/in                 ; short        ; open          ; open            ; open  ; 0 V                 ; -                  ; n/a           ; n/a             ; n/a         ;
; HEX3[1]       ; 2.5 V        ; 0 in              ; 0 H/in                  ; 0 F/in                  ; short         ; -                   ; open           ; open             ; open   ; 0 in             ; 0 H/in                 ; 0 F/in                 ; short        ; open          ; open            ; open  ; 0 V                 ; -                  ; n/a           ; n/a             ; n/a         ;
; HEX3[2]       ; 2.5 V        ; 0 in              ; 0 H/in                  ; 0 F/in                  ; short         ; -                   ; open           ; open             ; open   ; 0 in             ; 0 H/in                 ; 0 F/in                 ; short        ; open          ; open            ; open  ; 0 V                 ; -                  ; n/a           ; n/a             ; n/a         ;
; HEX3[3]       ; 2.5 V        ; 0 in              ; 0 H/in                  ; 0 F/in                  ; short         ; -                   ; open           ; open             ; open   ; 0 in             ; 0 H/in                 ; 0 F/in                 ; short        ; open          ; open            ; open  ; 0 V                 ; -                  ; n/a           ; n/a             ; n/a         ;
; HEX3[4]       ; 2.5 V        ; 0 in              ; 0 H/in                  ; 0 F/in                  ; short         ; -                   ; open           ; open             ; open   ; 0 in             ; 0 H/in                 ; 0 F/in                 ; short        ; open          ; open            ; open  ; 0 V                 ; -                  ; n/a           ; n/a             ; n/a         ;
; HEX3[5]       ; 2.5 V        ; 0 in              ; 0 H/in                  ; 0 F/in                  ; short         ; -                   ; open           ; open             ; open   ; 0 in             ; 0 H/in                 ; 0 F/in                 ; short        ; open          ; open            ; open  ; 0 V                 ; -                  ; n/a           ; n/a             ; n/a         ;
; HEX3[6]       ; 2.5 V        ; 0 in              ; 0 H/in                  ; 0 F/in                  ; short         ; -                   ; open           ; open             ; open   ; 0 in             ; 0 H/in                 ; 0 F/in                 ; short        ; open          ; open            ; open  ; 0 V                 ; -                  ; n/a           ; n/a             ; n/a         ;
; HEX4[0]       ; 2.5 V        ; 0 in              ; 0 H/in                  ; 0 F/in                  ; short         ; -                   ; open           ; open             ; open   ; 0 in             ; 0 H/in                 ; 0 F/in                 ; short        ; open          ; open            ; open  ; 0 V                 ; -                  ; n/a           ; n/a             ; n/a         ;
; HEX4[1]       ; 2.5 V        ; 0 in              ; 0 H/in                  ; 0 F/in                  ; short         ; -                   ; open           ; open             ; open   ; 0 in             ; 0 H/in                 ; 0 F/in                 ; short        ; open          ; open            ; open  ; 0 V                 ; -                  ; n/a           ; n/a             ; n/a         ;
; HEX4[2]       ; 2.5 V        ; 0 in              ; 0 H/in                  ; 0 F/in                  ; short         ; -                   ; open           ; open             ; open   ; 0 in             ; 0 H/in                 ; 0 F/in                 ; short        ; open          ; open            ; open  ; 0 V                 ; -                  ; n/a           ; n/a             ; n/a         ;
; HEX4[3]       ; 2.5 V        ; 0 in              ; 0 H/in                  ; 0 F/in                  ; short         ; -                   ; open           ; open             ; open   ; 0 in             ; 0 H/in                 ; 0 F/in                 ; short        ; open          ; open            ; open  ; 0 V                 ; -                  ; n/a           ; n/a             ; n/a         ;
; HEX4[4]       ; 2.5 V        ; 0 in              ; 0 H/in                  ; 0 F/in                  ; short         ; -                   ; open           ; open             ; open   ; 0 in             ; 0 H/in                 ; 0 F/in                 ; short        ; open          ; open            ; open  ; 0 V                 ; -                  ; n/a           ; n/a             ; n/a         ;
; HEX4[5]       ; 2.5 V        ; 0 in              ; 0 H/in                  ; 0 F/in                  ; short         ; -                   ; open           ; open             ; open   ; 0 in             ; 0 H/in                 ; 0 F/in                 ; short        ; open          ; open            ; open  ; 0 V                 ; -                  ; n/a           ; n/a             ; n/a         ;
; HEX4[6]       ; 2.5 V        ; 0 in              ; 0 H/in                  ; 0 F/in                  ; short         ; -                   ; open           ; open             ; open   ; 0 in             ; 0 H/in                 ; 0 F/in                 ; short        ; open          ; open            ; open  ; 0 V                 ; -                  ; n/a           ; n/a             ; n/a         ;
; HEX5[0]       ; 2.5 V        ; 0 in              ; 0 H/in                  ; 0 F/in                  ; short         ; -                   ; open           ; open             ; open   ; 0 in             ; 0 H/in                 ; 0 F/in                 ; short        ; open          ; open            ; open  ; 0 V                 ; -                  ; n/a           ; n/a             ; n/a         ;
; HEX5[1]       ; 2.5 V        ; 0 in              ; 0 H/in                  ; 0 F/in                  ; short         ; -                   ; open           ; open             ; open   ; 0 in             ; 0 H/in                 ; 0 F/in                 ; short        ; open          ; open            ; open  ; 0 V                 ; -                  ; n/a           ; n/a             ; n/a         ;
; HEX5[2]       ; 2.5 V        ; 0 in              ; 0 H/in                  ; 0 F/in                  ; short         ; -                   ; open           ; open             ; open   ; 0 in             ; 0 H/in                 ; 0 F/in                 ; short        ; open          ; open            ; open  ; 0 V                 ; -                  ; n/a           ; n/a             ; n/a         ;
; HEX5[3]       ; 2.5 V        ; 0 in              ; 0 H/in                  ; 0 F/in                  ; short         ; -                   ; open           ; open             ; open   ; 0 in             ; 0 H/in                 ; 0 F/in                 ; short        ; open          ; open            ; open  ; 0 V                 ; -                  ; n/a           ; n/a             ; n/a         ;
; HEX5[4]       ; 2.5 V        ; 0 in              ; 0 H/in                  ; 0 F/in                  ; short         ; -                   ; open           ; open             ; open   ; 0 in             ; 0 H/in                 ; 0 F/in                 ; short        ; open          ; open            ; open  ; 0 V                 ; -                  ; n/a           ; n/a             ; n/a         ;
; HEX5[5]       ; 2.5 V        ; 0 in              ; 0 H/in                  ; 0 F/in                  ; short         ; -                   ; open           ; open             ; open   ; 0 in             ; 0 H/in                 ; 0 F/in                 ; short        ; open          ; open            ; open  ; 0 V                 ; -                  ; n/a           ; n/a             ; n/a         ;
; HEX5[6]       ; 2.5 V        ; 0 in              ; 0 H/in                  ; 0 F/in                  ; short         ; -                   ; open           ; open             ; open   ; 0 in             ; 0 H/in                 ; 0 F/in                 ; short        ; open          ; open            ; open  ; 0 V                 ; -                  ; n/a           ; n/a             ; n/a         ;
; HEX6[0]       ; 2.5 V        ; 0 in              ; 0 H/in                  ; 0 F/in                  ; short         ; -                   ; open           ; open             ; open   ; 0 in             ; 0 H/in                 ; 0 F/in                 ; short        ; open          ; open            ; open  ; 0 V                 ; -                  ; n/a           ; n/a             ; n/a         ;
; HEX6[1]       ; 2.5 V        ; 0 in              ; 0 H/in                  ; 0 F/in                  ; short         ; -                   ; open           ; open             ; open   ; 0 in             ; 0 H/in                 ; 0 F/in                 ; short        ; open          ; open            ; open  ; 0 V                 ; -                  ; n/a           ; n/a             ; n/a         ;
; HEX6[2]       ; 2.5 V        ; 0 in              ; 0 H/in                  ; 0 F/in                  ; short         ; -                   ; open           ; open             ; open   ; 0 in             ; 0 H/in                 ; 0 F/in                 ; short        ; open          ; open            ; open  ; 0 V                 ; -                  ; n/a           ; n/a             ; n/a         ;
; HEX6[3]       ; 2.5 V        ; 0 in              ; 0 H/in                  ; 0 F/in                  ; short         ; -                   ; open           ; open             ; open   ; 0 in             ; 0 H/in                 ; 0 F/in                 ; short        ; open          ; open            ; open  ; 0 V                 ; -                  ; n/a           ; n/a             ; n/a         ;
; HEX6[4]       ; 2.5 V        ; 0 in              ; 0 H/in                  ; 0 F/in                  ; short         ; -                   ; open           ; open             ; open   ; 0 in             ; 0 H/in                 ; 0 F/in                 ; short        ; open          ; open            ; open  ; 0 V                 ; -                  ; n/a           ; n/a             ; n/a         ;
; HEX6[5]       ; 2.5 V        ; 0 in              ; 0 H/in                  ; 0 F/in                  ; short         ; -                   ; open           ; open             ; open   ; 0 in             ; 0 H/in                 ; 0 F/in                 ; short        ; open          ; open            ; open  ; 0 V                 ; -                  ; n/a           ; n/a             ; n/a         ;
; HEX6[6]       ; 2.5 V        ; 0 in              ; 0 H/in                  ; 0 F/in                  ; short         ; -                   ; open           ; open             ; open   ; 0 in             ; 0 H/in                 ; 0 F/in                 ; short        ; open          ; open            ; open  ; 0 V                 ; -                  ; n/a           ; n/a             ; n/a         ;
; HEX7[0]       ; 2.5 V        ; 0 in              ; 0 H/in                  ; 0 F/in                  ; short         ; -                   ; open           ; open             ; open   ; 0 in             ; 0 H/in                 ; 0 F/in                 ; short        ; open          ; open            ; open  ; 0 V                 ; -                  ; n/a           ; n/a             ; n/a         ;
; HEX7[1]       ; 2.5 V        ; 0 in              ; 0 H/in                  ; 0 F/in                  ; short         ; -                   ; open           ; open             ; open   ; 0 in             ; 0 H/in                 ; 0 F/in                 ; short        ; open          ; open            ; open  ; 0 V                 ; -                  ; n/a           ; n/a             ; n/a         ;
; HEX7[2]       ; 2.5 V        ; 0 in              ; 0 H/in                  ; 0 F/in                  ; short         ; -                   ; open           ; open             ; open   ; 0 in             ; 0 H/in                 ; 0 F/in                 ; short        ; open          ; open            ; open  ; 0 V                 ; -                  ; n/a           ; n/a             ; n/a         ;
; HEX7[3]       ; 2.5 V        ; 0 in              ; 0 H/in                  ; 0 F/in                  ; short         ; -                   ; open           ; open             ; open   ; 0 in             ; 0 H/in                 ; 0 F/in                 ; short        ; open          ; open            ; open  ; 0 V                 ; -                  ; n/a           ; n/a             ; n/a         ;
; HEX7[4]       ; 2.5 V        ; 0 in              ; 0 H/in                  ; 0 F/in                  ; short         ; -                   ; open           ; open             ; open   ; 0 in             ; 0 H/in                 ; 0 F/in                 ; short        ; open          ; open            ; open  ; 0 V                 ; -                  ; n/a           ; n/a             ; n/a         ;
; HEX7[5]       ; 2.5 V        ; 0 in              ; 0 H/in                  ; 0 F/in                  ; short         ; -                   ; open           ; open             ; open   ; 0 in             ; 0 H/in                 ; 0 F/in                 ; short        ; open          ; open            ; open  ; 0 V                 ; -                  ; n/a           ; n/a             ; n/a         ;
; HEX7[6]       ; 2.5 V        ; 0 in              ; 0 H/in                  ; 0 F/in                  ; short         ; -                   ; open           ; open             ; open   ; 0 in             ; 0 H/in                 ; 0 F/in                 ; short        ; open          ; open            ; open  ; 0 V                 ; -                  ; n/a           ; n/a             ; n/a         ;
; VGA_R[0]      ; 2.5 V        ; 0 in              ; 0 H/in                  ; 0 F/in                  ; short         ; -                   ; open           ; open             ; open   ; 0 in             ; 0 H/in                 ; 0 F/in                 ; short        ; open          ; open            ; open  ; 0 V                 ; -                  ; n/a           ; n/a             ; n/a         ;
; VGA_R[1]      ; 2.5 V        ; 0 in              ; 0 H/in                  ; 0 F/in                  ; short         ; -                   ; open           ; open             ; open   ; 0 in             ; 0 H/in                 ; 0 F/in                 ; short        ; open          ; open            ; open  ; 0 V                 ; -                  ; n/a           ; n/a             ; n/a         ;
; VGA_R[2]      ; 2.5 V        ; 0 in              ; 0 H/in                  ; 0 F/in                  ; short         ; -                   ; open           ; open             ; open   ; 0 in             ; 0 H/in                 ; 0 F/in                 ; short        ; open          ; open            ; open  ; 0 V                 ; -                  ; n/a           ; n/a             ; n/a         ;
; VGA_R[3]      ; 2.5 V        ; 0 in              ; 0 H/in                  ; 0 F/in                  ; short         ; -                   ; open           ; open             ; open   ; 0 in             ; 0 H/in                 ; 0 F/in                 ; short        ; open          ; open            ; open  ; 0 V                 ; -                  ; n/a           ; n/a             ; n/a         ;
; VGA_R[4]      ; 2.5 V        ; 0 in              ; 0 H/in                  ; 0 F/in                  ; short         ; -                   ; open           ; open             ; open   ; 0 in             ; 0 H/in                 ; 0 F/in                 ; short        ; open          ; open            ; open  ; 0 V                 ; -                  ; n/a           ; n/a             ; n/a         ;
; VGA_R[5]      ; 2.5 V        ; 0 in              ; 0 H/in                  ; 0 F/in                  ; short         ; -                   ; open           ; open             ; open   ; 0 in             ; 0 H/in                 ; 0 F/in                 ; short        ; open          ; open            ; open  ; 0 V                 ; -                  ; n/a           ; n/a             ; n/a         ;
; VGA_R[6]      ; 2.5 V        ; 0 in              ; 0 H/in                  ; 0 F/in                  ; short         ; -                   ; open           ; open             ; open   ; 0 in             ; 0 H/in                 ; 0 F/in                 ; short        ; open          ; open            ; open  ; 0 V                 ; -                  ; n/a           ; n/a             ; n/a         ;
; VGA_R[7]      ; 2.5 V        ; 0 in              ; 0 H/in                  ; 0 F/in                  ; short         ; -                   ; open           ; open             ; open   ; 0 in             ; 0 H/in                 ; 0 F/in                 ; short        ; open          ; open            ; open  ; 0 V                 ; -                  ; n/a           ; n/a             ; n/a         ;
; VGA_G[0]      ; 2.5 V        ; 0 in              ; 0 H/in                  ; 0 F/in                  ; short         ; -                   ; open           ; open             ; open   ; 0 in             ; 0 H/in                 ; 0 F/in                 ; short        ; open          ; open            ; open  ; 0 V                 ; -                  ; n/a           ; n/a             ; n/a         ;
; VGA_G[1]      ; 2.5 V        ; 0 in              ; 0 H/in                  ; 0 F/in                  ; short         ; -                   ; open           ; open             ; open   ; 0 in             ; 0 H/in                 ; 0 F/in                 ; short        ; open          ; open            ; open  ; 0 V                 ; -                  ; n/a           ; n/a             ; n/a         ;
; VGA_G[2]      ; 2.5 V        ; 0 in              ; 0 H/in                  ; 0 F/in                  ; short         ; -                   ; open           ; open             ; open   ; 0 in             ; 0 H/in                 ; 0 F/in                 ; short        ; open          ; open            ; open  ; 0 V                 ; -                  ; n/a           ; n/a             ; n/a         ;
; VGA_G[3]      ; 2.5 V        ; 0 in              ; 0 H/in                  ; 0 F/in                  ; short         ; -                   ; open           ; open             ; open   ; 0 in             ; 0 H/in                 ; 0 F/in                 ; short        ; open          ; open            ; open  ; 0 V                 ; -                  ; n/a           ; n/a             ; n/a         ;
; VGA_G[4]      ; 2.5 V        ; 0 in              ; 0 H/in                  ; 0 F/in                  ; short         ; -                   ; open           ; open             ; open   ; 0 in             ; 0 H/in                 ; 0 F/in                 ; short        ; open          ; open            ; open  ; 0 V                 ; -                  ; n/a           ; n/a             ; n/a         ;
; VGA_G[5]      ; 2.5 V        ; 0 in              ; 0 H/in                  ; 0 F/in                  ; short         ; -                   ; open           ; open             ; open   ; 0 in             ; 0 H/in                 ; 0 F/in                 ; short        ; open          ; open            ; open  ; 0 V                 ; -                  ; n/a           ; n/a             ; n/a         ;
; VGA_G[6]      ; 2.5 V        ; 0 in              ; 0 H/in                  ; 0 F/in                  ; short         ; -                   ; open           ; open             ; open   ; 0 in             ; 0 H/in                 ; 0 F/in                 ; short        ; open          ; open            ; open  ; 0 V                 ; -                  ; n/a           ; n/a             ; n/a         ;
; VGA_G[7]      ; 2.5 V        ; 0 in              ; 0 H/in                  ; 0 F/in                  ; short         ; -                   ; open           ; open             ; open   ; 0 in             ; 0 H/in                 ; 0 F/in                 ; short        ; open          ; open            ; open  ; 0 V                 ; -                  ; n/a           ; n/a             ; n/a         ;
; VGA_B[0]      ; 2.5 V        ; 0 in              ; 0 H/in                  ; 0 F/in                  ; short         ; -                   ; open           ; open             ; open   ; 0 in             ; 0 H/in                 ; 0 F/in                 ; short        ; open          ; open            ; open  ; 0 V                 ; -                  ; n/a           ; n/a             ; n/a         ;
; VGA_B[1]      ; 2.5 V        ; 0 in              ; 0 H/in                  ; 0 F/in                  ; short         ; -                   ; open           ; open             ; open   ; 0 in             ; 0 H/in                 ; 0 F/in                 ; short        ; open          ; open            ; open  ; 0 V                 ; -                  ; n/a           ; n/a             ; n/a         ;
; VGA_B[2]      ; 2.5 V        ; 0 in              ; 0 H/in                  ; 0 F/in                  ; short         ; -                   ; open           ; open             ; open   ; 0 in             ; 0 H/in                 ; 0 F/in                 ; short        ; open          ; open            ; open  ; 0 V                 ; -                  ; n/a           ; n/a             ; n/a         ;
; VGA_B[3]      ; 2.5 V        ; 0 in              ; 0 H/in                  ; 0 F/in                  ; short         ; -                   ; open           ; open             ; open   ; 0 in             ; 0 H/in                 ; 0 F/in                 ; short        ; open          ; open            ; open  ; 0 V                 ; -                  ; n/a           ; n/a             ; n/a         ;
; VGA_B[4]      ; 2.5 V        ; 0 in              ; 0 H/in                  ; 0 F/in                  ; short         ; -                   ; open           ; open             ; open   ; 0 in             ; 0 H/in                 ; 0 F/in                 ; short        ; open          ; open            ; open  ; 0 V                 ; -                  ; n/a           ; n/a             ; n/a         ;
; VGA_B[5]      ; 2.5 V        ; 0 in              ; 0 H/in                  ; 0 F/in                  ; short         ; -                   ; open           ; open             ; open   ; 0 in             ; 0 H/in                 ; 0 F/in                 ; short        ; open          ; open            ; open  ; 0 V                 ; -                  ; n/a           ; n/a             ; n/a         ;
; VGA_B[6]      ; 2.5 V        ; 0 in              ; 0 H/in                  ; 0 F/in                  ; short         ; -                   ; open           ; open             ; open   ; 0 in             ; 0 H/in                 ; 0 F/in                 ; short        ; open          ; open            ; open  ; 0 V                 ; -                  ; n/a           ; n/a             ; n/a         ;
; VGA_B[7]      ; 2.5 V        ; 0 in              ; 0 H/in                  ; 0 F/in                  ; short         ; -                   ; open           ; open             ; open   ; 0 in             ; 0 H/in                 ; 0 F/in                 ; short        ; open          ; open            ; open  ; 0 V                 ; -                  ; n/a           ; n/a             ; n/a         ;
; VGA_BLANK_N   ; 2.5 V        ; 0 in              ; 0 H/in                  ; 0 F/in                  ; short         ; -                   ; open           ; open             ; open   ; 0 in             ; 0 H/in                 ; 0 F/in                 ; short        ; open          ; open            ; open  ; 0 V                 ; -                  ; n/a           ; n/a             ; n/a         ;
; VGA_CLK       ; 2.5 V        ; 0 in              ; 0 H/in                  ; 0 F/in                  ; short         ; -                   ; open           ; open             ; open   ; 0 in             ; 0 H/in                 ; 0 F/in                 ; short        ; open          ; open            ; open  ; 0 V                 ; -                  ; n/a           ; n/a             ; n/a         ;
; VGA_SYNC_N    ; 2.5 V        ; 0 in              ; 0 H/in                  ; 0 F/in                  ; short         ; -                   ; open           ; open             ; open   ; 0 in             ; 0 H/in                 ; 0 F/in                 ; short        ; open          ; open            ; open  ; 0 V                 ; -                  ; n/a           ; n/a             ; n/a         ;
; VGA_VS        ; 2.5 V        ; 0 in              ; 0 H/in                  ; 0 F/in                  ; short         ; -                   ; open           ; open             ; open   ; 0 in             ; 0 H/in                 ; 0 F/in                 ; short        ; open          ; open            ; open  ; 0 V                 ; -                  ; n/a           ; n/a             ; n/a         ;
; VGA_HS        ; 2.5 V        ; 0 in              ; 0 H/in                  ; 0 F/in                  ; short         ; -                   ; open           ; open             ; open   ; 0 in             ; 0 H/in                 ; 0 F/in                 ; short        ; open          ; open            ; open  ; 0 V                 ; -                  ; n/a           ; n/a             ; n/a         ;
; ~ALTERA_DCLK~ ; 2.5 V        ; 0 in              ; 0 H/in                  ; 0 F/in                  ; short         ; -                   ; open           ; open             ; open   ; 0 in             ; 0 H/in                 ; 0 F/in                 ; short        ; open          ; open            ; open  ; 0 V                 ; -                  ; n/a           ; n/a             ; n/a         ;
; ~ALTERA_nCEO~ ; 2.5 V        ; 0 in              ; 0 H/in                  ; 0 F/in                  ; short         ; -                   ; open           ; open             ; open   ; 0 in             ; 0 H/in                 ; 0 F/in                 ; short        ; open          ; open            ; open  ; 0 V                 ; -                  ; n/a           ; n/a             ; n/a         ;
+---------------+--------------+-------------------+-------------------------+-------------------------+---------------+---------------------+----------------+------------------+--------+------------------+------------------------+------------------------+--------------+---------------+-----------------+-------+---------------------+--------------------+---------------+-----------------+-------------+


+----------------------------------------------------------------------------+
; Input Transition Times                                                     ;
+-------------------------+--------------+-----------------+-----------------+
; Pin                     ; I/O Standard ; 10-90 Rise Time ; 90-10 Fall Time ;
+-------------------------+--------------+-----------------+-----------------+
; KEY[1]                  ; 2.5 V        ; 2000 ps         ; 2000 ps         ;
; KEY[2]                  ; 2.5 V        ; 2000 ps         ; 2000 ps         ;
; KEY[3]                  ; 2.5 V        ; 2000 ps         ; 2000 ps         ;
; GPIO[8]                 ; 2.5 V        ; 2000 ps         ; 2000 ps         ;
; GPIO[9]                 ; 2.5 V        ; 2000 ps         ; 2000 ps         ;
; GPIO[10]                ; 2.5 V        ; 2000 ps         ; 2000 ps         ;
; GPIO[11]                ; 2.5 V        ; 2000 ps         ; 2000 ps         ;
; GPIO[12]                ; 2.5 V        ; 2000 ps         ; 2000 ps         ;
; GPIO[13]                ; 2.5 V        ; 2000 ps         ; 2000 ps         ;
; GPIO[14]                ; 2.5 V        ; 2000 ps         ; 2000 ps         ;
; GPIO[15]                ; 2.5 V        ; 2000 ps         ; 2000 ps         ;
; GPIO[16]                ; 2.5 V        ; 2000 ps         ; 2000 ps         ;
; GPIO[17]                ; 2.5 V        ; 2000 ps         ; 2000 ps         ;
; GPIO[18]                ; 2.5 V        ; 2000 ps         ; 2000 ps         ;
; GPIO[19]                ; 2.5 V        ; 2000 ps         ; 2000 ps         ;
; GPIO[20]                ; 2.5 V        ; 2000 ps         ; 2000 ps         ;
; GPIO[21]                ; 2.5 V        ; 2000 ps         ; 2000 ps         ;
; GPIO[22]                ; 2.5 V        ; 2000 ps         ; 2000 ps         ;
; GPIO[23]                ; 2.5 V        ; 2000 ps         ; 2000 ps         ;
; GPIO[24]                ; 2.5 V        ; 2000 ps         ; 2000 ps         ;
; GPIO[25]                ; 2.5 V        ; 2000 ps         ; 2000 ps         ;
; GPIO[26]                ; 2.5 V        ; 2000 ps         ; 2000 ps         ;
; GPIO[27]                ; 2.5 V        ; 2000 ps         ; 2000 ps         ;
; GPIO[28]                ; 2.5 V        ; 2000 ps         ; 2000 ps         ;
; GPIO[29]                ; 2.5 V        ; 2000 ps         ; 2000 ps         ;
; GPIO[30]                ; 2.5 V        ; 2000 ps         ; 2000 ps         ;
; GPIO[31]                ; 2.5 V        ; 2000 ps         ; 2000 ps         ;
; GPIO[32]                ; 2.5 V        ; 2000 ps         ; 2000 ps         ;
; GPIO[33]                ; 2.5 V        ; 2000 ps         ; 2000 ps         ;
; GPIO[34]                ; 2.5 V        ; 2000 ps         ; 2000 ps         ;
; GPIO[35]                ; 2.5 V        ; 2000 ps         ; 2000 ps         ;
; SW[0]                   ; 2.5 V        ; 2000 ps         ; 2000 ps         ;
; SW[1]                   ; 2.5 V        ; 2000 ps         ; 2000 ps         ;
; SW[2]                   ; 2.5 V        ; 2000 ps         ; 2000 ps         ;
; SW[3]                   ; 2.5 V        ; 2000 ps         ; 2000 ps         ;
; SW[4]                   ; 2.5 V        ; 2000 ps         ; 2000 ps         ;
; SW[5]                   ; 2.5 V        ; 2000 ps         ; 2000 ps         ;
; SW[6]                   ; 2.5 V        ; 2000 ps         ; 2000 ps         ;
; SW[7]                   ; 2.5 V        ; 2000 ps         ; 2000 ps         ;
; SW[8]                   ; 2.5 V        ; 2000 ps         ; 2000 ps         ;
; SW[9]                   ; 2.5 V        ; 2000 ps         ; 2000 ps         ;
; SW[10]                  ; 2.5 V        ; 2000 ps         ; 2000 ps         ;
; SW[11]                  ; 2.5 V        ; 2000 ps         ; 2000 ps         ;
; SW[12]                  ; 2.5 V        ; 2000 ps         ; 2000 ps         ;
; SW[13]                  ; 2.5 V        ; 2000 ps         ; 2000 ps         ;
; SW[14]                  ; 2.5 V        ; 2000 ps         ; 2000 ps         ;
; SW[15]                  ; 2.5 V        ; 2000 ps         ; 2000 ps         ;
; SW[16]                  ; 2.5 V        ; 2000 ps         ; 2000 ps         ;
; SW[17]                  ; 2.5 V        ; 2000 ps         ; 2000 ps         ;
; GPIO[0]                 ; 2.5 V        ; 2000 ps         ; 2000 ps         ;
; GPIO[1]                 ; 2.5 V        ; 2000 ps         ; 2000 ps         ;
; GPIO[2]                 ; 2.5 V        ; 2000 ps         ; 2000 ps         ;
; GPIO[3]                 ; 2.5 V        ; 2000 ps         ; 2000 ps         ;
; GPIO[4]                 ; 2.5 V        ; 2000 ps         ; 2000 ps         ;
; GPIO[5]                 ; 2.5 V        ; 2000 ps         ; 2000 ps         ;
; GPIO[6]                 ; 2.5 V        ; 2000 ps         ; 2000 ps         ;
; GPIO[7]                 ; 2.5 V        ; 2000 ps         ; 2000 ps         ;
; CLOCK_50                ; 2.5 V        ; 2000 ps         ; 2000 ps         ;
; CLOCK2_50               ; 2.5 V        ; 2000 ps         ; 2000 ps         ;
; KEY[0]                  ; 2.5 V        ; 2000 ps         ; 2000 ps         ;
; ~ALTERA_ASDO_DATA1~     ; 2.5 V        ; 2000 ps         ; 2000 ps         ;
; ~ALTERA_FLASH_nCE_nCSO~ ; 2.5 V        ; 2000 ps         ; 2000 ps         ;
; ~ALTERA_DATA0~          ; 2.5 V        ; 2000 ps         ; 2000 ps         ;
+-------------------------+--------------+-----------------+-----------------+


+--------------------------------------------------------------------------------------------------------------------------------------------------------------------------------------------------------------------------------------------------------------------------------------------------------------------------------------------------------------------------------------------------------------------------------------------------------------------------------------------------------------------------------------------------------------------------------------------------------------------------------------------------------------------------------------------+
; Signal Integrity Metrics (Slow 1200mv 0c Model)                                                                                                                                                                                                                                                                                                                                                                                                                                                                                                                                                                                                                                            ;
+---------------+--------------+---------------------+---------------------+------------------------------+------------------------------+---------------------+---------------------+--------------------------------------+--------------------------------------+-----------------------------+-----------------------------+----------------------------+----------------------------+-----------------------------+-----------------------------+--------------------+--------------------+-------------------------------------+-------------------------------------+----------------------------+----------------------------+---------------------------+---------------------------+
; Pin           ; I/O Standard ; Board Delay on Rise ; Board Delay on Fall ; Steady State Voh at FPGA Pin ; Steady State Vol at FPGA Pin ; Voh Max at FPGA Pin ; Vol Min at FPGA Pin ; Ringback Voltage on Rise at FPGA Pin ; Ringback Voltage on Fall at FPGA Pin ; 10-90 Rise Time at FPGA Pin ; 90-10 Fall Time at FPGA Pin ; Monotonic Rise at FPGA Pin ; Monotonic Fall at FPGA Pin ; Steady State Voh at Far-end ; Steady State Vol at Far-end ; Voh Max at Far-end ; Vol Min at Far-end ; Ringback Voltage on Rise at Far-end ; Ringback Voltage on Fall at Far-end ; 10-90 Rise Time at Far-end ; 90-10 Fall Time at Far-end ; Monotonic Rise at Far-end ; Monotonic Fall at Far-end ;
+---------------+--------------+---------------------+---------------------+------------------------------+------------------------------+---------------------+---------------------+--------------------------------------+--------------------------------------+-----------------------------+-----------------------------+----------------------------+----------------------------+-----------------------------+-----------------------------+--------------------+--------------------+-------------------------------------+-------------------------------------+----------------------------+----------------------------+---------------------------+---------------------------+
; LEDR[0]       ; 2.5 V        ; 0 s                 ; 0 s                 ; 2.32 V                       ; 3.07e-09 V                   ; 2.37 V              ; -0.00994 V          ; 0.186 V                              ; 0.028 V                              ; 4.98e-10 s                  ; 4.96e-10 s                  ; Yes                        ; Yes                        ; 2.32 V                      ; 3.07e-09 V                  ; 2.37 V             ; -0.00994 V         ; 0.186 V                             ; 0.028 V                             ; 4.98e-10 s                 ; 4.96e-10 s                 ; Yes                       ; Yes                       ;
; LEDR[1]       ; 2.5 V        ; 0 s                 ; 0 s                 ; 2.32 V                       ; 3.07e-09 V                   ; 2.37 V              ; -0.00994 V          ; 0.186 V                              ; 0.028 V                              ; 4.98e-10 s                  ; 4.96e-10 s                  ; Yes                        ; Yes                        ; 2.32 V                      ; 3.07e-09 V                  ; 2.37 V             ; -0.00994 V         ; 0.186 V                             ; 0.028 V                             ; 4.98e-10 s                 ; 4.96e-10 s                 ; Yes                       ; Yes                       ;
; LEDR[2]       ; 2.5 V        ; 0 s                 ; 0 s                 ; 2.32 V                       ; 4.49e-09 V                   ; 2.38 V              ; -0.00552 V          ; 0.096 V                              ; 0.019 V                              ; 4.18e-10 s                  ; 3.59e-10 s                  ; No                         ; Yes                        ; 2.32 V                      ; 4.49e-09 V                  ; 2.38 V             ; -0.00552 V         ; 0.096 V                             ; 0.019 V                             ; 4.18e-10 s                 ; 3.59e-10 s                 ; No                        ; Yes                       ;
; LEDR[3]       ; 2.5 V        ; 0 s                 ; 0 s                 ; 2.32 V                       ; 4.49e-09 V                   ; 2.38 V              ; -0.00552 V          ; 0.096 V                              ; 0.019 V                              ; 4.18e-10 s                  ; 3.59e-10 s                  ; No                         ; Yes                        ; 2.32 V                      ; 4.49e-09 V                  ; 2.38 V             ; -0.00552 V         ; 0.096 V                             ; 0.019 V                             ; 4.18e-10 s                 ; 3.59e-10 s                 ; No                        ; Yes                       ;
; LEDR[4]       ; 2.5 V        ; 0 s                 ; 0 s                 ; 2.32 V                       ; 4.49e-09 V                   ; 2.38 V              ; -0.00552 V          ; 0.096 V                              ; 0.019 V                              ; 4.18e-10 s                  ; 3.59e-10 s                  ; No                         ; Yes                        ; 2.32 V                      ; 4.49e-09 V                  ; 2.38 V             ; -0.00552 V         ; 0.096 V                             ; 0.019 V                             ; 4.18e-10 s                 ; 3.59e-10 s                 ; No                        ; Yes                       ;
; LEDR[5]       ; 2.5 V        ; 0 s                 ; 0 s                 ; 2.32 V                       ; 4.49e-09 V                   ; 2.38 V              ; -0.00552 V          ; 0.096 V                              ; 0.019 V                              ; 4.18e-10 s                  ; 3.59e-10 s                  ; No                         ; Yes                        ; 2.32 V                      ; 4.49e-09 V                  ; 2.38 V             ; -0.00552 V         ; 0.096 V                             ; 0.019 V                             ; 4.18e-10 s                 ; 3.59e-10 s                 ; No                        ; Yes                       ;
; LEDR[6]       ; 2.5 V        ; 0 s                 ; 0 s                 ; 2.32 V                       ; 4.49e-09 V                   ; 2.38 V              ; -0.00552 V          ; 0.096 V                              ; 0.019 V                              ; 4.18e-10 s                  ; 3.59e-10 s                  ; No                         ; Yes                        ; 2.32 V                      ; 4.49e-09 V                  ; 2.38 V             ; -0.00552 V         ; 0.096 V                             ; 0.019 V                             ; 4.18e-10 s                 ; 3.59e-10 s                 ; No                        ; Yes                       ;
; LEDR[7]       ; 2.5 V        ; 0 s                 ; 0 s                 ; 2.32 V                       ; 4.49e-09 V                   ; 2.38 V              ; -0.00552 V          ; 0.096 V                              ; 0.019 V                              ; 4.18e-10 s                  ; 3.59e-10 s                  ; No                         ; Yes                        ; 2.32 V                      ; 4.49e-09 V                  ; 2.38 V             ; -0.00552 V         ; 0.096 V                             ; 0.019 V                             ; 4.18e-10 s                 ; 3.59e-10 s                 ; No                        ; Yes                       ;
; LEDR[8]       ; 2.5 V        ; 0 s                 ; 0 s                 ; 2.32 V                       ; 4.49e-09 V                   ; 2.38 V              ; -0.00552 V          ; 0.096 V                              ; 0.019 V                              ; 4.18e-10 s                  ; 3.59e-10 s                  ; No                         ; Yes                        ; 2.32 V                      ; 4.49e-09 V                  ; 2.38 V             ; -0.00552 V         ; 0.096 V                             ; 0.019 V                             ; 4.18e-10 s                 ; 3.59e-10 s                 ; No                        ; Yes                       ;
; LEDR[9]       ; 2.5 V        ; 0 s                 ; 0 s                 ; 2.32 V                       ; 4.49e-09 V                   ; 2.38 V              ; -0.00552 V          ; 0.096 V                              ; 0.019 V                              ; 4.18e-10 s                  ; 3.59e-10 s                  ; No                         ; Yes                        ; 2.32 V                      ; 4.49e-09 V                  ; 2.38 V             ; -0.00552 V         ; 0.096 V                             ; 0.019 V                             ; 4.18e-10 s                 ; 3.59e-10 s                 ; No                        ; Yes                       ;
; LEDR[10]      ; 2.5 V        ; 0 s                 ; 0 s                 ; 2.32 V                       ; 3.07e-09 V                   ; 2.37 V              ; -0.00994 V          ; 0.186 V                              ; 0.028 V                              ; 4.98e-10 s                  ; 4.96e-10 s                  ; Yes                        ; Yes                        ; 2.32 V                      ; 3.07e-09 V                  ; 2.37 V             ; -0.00994 V         ; 0.186 V                             ; 0.028 V                             ; 4.98e-10 s                 ; 4.96e-10 s                 ; Yes                       ; Yes                       ;
; LEDR[11]      ; 2.5 V        ; 0 s                 ; 0 s                 ; 2.32 V                       ; 4.49e-09 V                   ; 2.38 V              ; -0.00552 V          ; 0.096 V                              ; 0.019 V                              ; 4.18e-10 s                  ; 3.59e-10 s                  ; No                         ; Yes                        ; 2.32 V                      ; 4.49e-09 V                  ; 2.38 V             ; -0.00552 V         ; 0.096 V                             ; 0.019 V                             ; 4.18e-10 s                 ; 3.59e-10 s                 ; No                        ; Yes                       ;
; LEDR[12]      ; 2.5 V        ; 0 s                 ; 0 s                 ; 2.32 V                       ; 4.49e-09 V                   ; 2.38 V              ; -0.00552 V          ; 0.096 V                              ; 0.019 V                              ; 4.18e-10 s                  ; 3.59e-10 s                  ; No                         ; Yes                        ; 2.32 V                      ; 4.49e-09 V                  ; 2.38 V             ; -0.00552 V         ; 0.096 V                             ; 0.019 V                             ; 4.18e-10 s                 ; 3.59e-10 s                 ; No                        ; Yes                       ;
; LEDR[13]      ; 2.5 V        ; 0 s                 ; 0 s                 ; 2.32 V                       ; 4.49e-09 V                   ; 2.38 V              ; -0.00552 V          ; 0.096 V                              ; 0.019 V                              ; 4.18e-10 s                  ; 3.59e-10 s                  ; No                         ; Yes                        ; 2.32 V                      ; 4.49e-09 V                  ; 2.38 V             ; -0.00552 V         ; 0.096 V                             ; 0.019 V                             ; 4.18e-10 s                 ; 3.59e-10 s                 ; No                        ; Yes                       ;
; LEDR[14]      ; 2.5 V        ; 0 s                 ; 0 s                 ; 2.32 V                       ; 4.49e-09 V                   ; 2.38 V              ; -0.00552 V          ; 0.096 V                              ; 0.019 V                              ; 4.18e-10 s                  ; 3.59e-10 s                  ; No                         ; Yes                        ; 2.32 V                      ; 4.49e-09 V                  ; 2.38 V             ; -0.00552 V         ; 0.096 V                             ; 0.019 V                             ; 4.18e-10 s                 ; 3.59e-10 s                 ; No                        ; Yes                       ;
; LEDR[15]      ; 2.5 V        ; 0 s                 ; 0 s                 ; 2.32 V                       ; 4.49e-09 V                   ; 2.38 V              ; -0.00552 V          ; 0.096 V                              ; 0.019 V                              ; 4.18e-10 s                  ; 3.59e-10 s                  ; No                         ; Yes                        ; 2.32 V                      ; 4.49e-09 V                  ; 2.38 V             ; -0.00552 V         ; 0.096 V                             ; 0.019 V                             ; 4.18e-10 s                 ; 3.59e-10 s                 ; No                        ; Yes                       ;
; LEDR[16]      ; 2.5 V        ; 0 s                 ; 0 s                 ; 2.32 V                       ; 4.49e-09 V                   ; 2.38 V              ; -0.00552 V          ; 0.096 V                              ; 0.019 V                              ; 4.18e-10 s                  ; 3.59e-10 s                  ; No                         ; Yes                        ; 2.32 V                      ; 4.49e-09 V                  ; 2.38 V             ; -0.00552 V         ; 0.096 V                             ; 0.019 V                             ; 4.18e-10 s                 ; 3.59e-10 s                 ; No                        ; Yes                       ;
; LEDR[17]      ; 2.5 V        ; 0 s                 ; 0 s                 ; 2.32 V                       ; 4.49e-09 V                   ; 2.38 V              ; -0.00552 V          ; 0.096 V                              ; 0.019 V                              ; 4.18e-10 s                  ; 3.59e-10 s                  ; No                         ; Yes                        ; 2.32 V                      ; 4.49e-09 V                  ; 2.38 V             ; -0.00552 V         ; 0.096 V                             ; 0.019 V                             ; 4.18e-10 s                 ; 3.59e-10 s                 ; No                        ; Yes                       ;
; LEDG[0]       ; 2.5 V        ; 0 s                 ; 0 s                 ; 2.32 V                       ; 4.49e-09 V                   ; 2.38 V              ; -0.00552 V          ; 0.096 V                              ; 0.019 V                              ; 4.18e-10 s                  ; 3.59e-10 s                  ; No                         ; Yes                        ; 2.32 V                      ; 4.49e-09 V                  ; 2.38 V             ; -0.00552 V         ; 0.096 V                             ; 0.019 V                             ; 4.18e-10 s                 ; 3.59e-10 s                 ; No                        ; Yes                       ;
; LEDG[1]       ; 2.5 V        ; 0 s                 ; 0 s                 ; 2.32 V                       ; 3.07e-09 V                   ; 2.37 V              ; -0.00994 V          ; 0.186 V                              ; 0.028 V                              ; 4.98e-10 s                  ; 4.96e-10 s                  ; Yes                        ; Yes                        ; 2.32 V                      ; 3.07e-09 V                  ; 2.37 V             ; -0.00994 V         ; 0.186 V                             ; 0.028 V                             ; 4.98e-10 s                 ; 4.96e-10 s                 ; Yes                       ; Yes                       ;
; LEDG[2]       ; 2.5 V        ; 0 s                 ; 0 s                 ; 2.32 V                       ; 3.07e-09 V                   ; 2.37 V              ; -0.00994 V          ; 0.186 V                              ; 0.028 V                              ; 4.98e-10 s                  ; 4.96e-10 s                  ; Yes                        ; Yes                        ; 2.32 V                      ; 3.07e-09 V                  ; 2.37 V             ; -0.00994 V         ; 0.186 V                             ; 0.028 V                             ; 4.98e-10 s                 ; 4.96e-10 s                 ; Yes                       ; Yes                       ;
; LEDG[3]       ; 2.5 V        ; 0 s                 ; 0 s                 ; 2.32 V                       ; 4.49e-09 V                   ; 2.38 V              ; -0.00552 V          ; 0.096 V                              ; 0.019 V                              ; 4.18e-10 s                  ; 3.59e-10 s                  ; No                         ; Yes                        ; 2.32 V                      ; 4.49e-09 V                  ; 2.38 V             ; -0.00552 V         ; 0.096 V                             ; 0.019 V                             ; 4.18e-10 s                 ; 3.59e-10 s                 ; No                        ; Yes                       ;
; LEDG[4]       ; 2.5 V        ; 0 s                 ; 0 s                 ; 2.32 V                       ; 4.49e-09 V                   ; 2.33 V              ; -0.00467 V          ; 0.226 V                              ; 0.087 V                              ; 2.91e-09 s                  ; 2.74e-09 s                  ; Yes                        ; Yes                        ; 2.32 V                      ; 4.49e-09 V                  ; 2.33 V             ; -0.00467 V         ; 0.226 V                             ; 0.087 V                             ; 2.91e-09 s                 ; 2.74e-09 s                 ; Yes                       ; Yes                       ;
; LEDG[5]       ; 2.5 V        ; 0 s                 ; 0 s                 ; 2.32 V                       ; 3.07e-09 V                   ; 2.37 V              ; -0.00994 V          ; 0.186 V                              ; 0.028 V                              ; 4.98e-10 s                  ; 4.96e-10 s                  ; Yes                        ; Yes                        ; 2.32 V                      ; 3.07e-09 V                  ; 2.37 V             ; -0.00994 V         ; 0.186 V                             ; 0.028 V                             ; 4.98e-10 s                 ; 4.96e-10 s                 ; Yes                       ; Yes                       ;
; LEDG[6]       ; 2.5 V        ; 0 s                 ; 0 s                 ; 2.32 V                       ; 4.49e-09 V                   ; 2.38 V              ; -0.00552 V          ; 0.096 V                              ; 0.019 V                              ; 4.18e-10 s                  ; 3.59e-10 s                  ; No                         ; Yes                        ; 2.32 V                      ; 4.49e-09 V                  ; 2.38 V             ; -0.00552 V         ; 0.096 V                             ; 0.019 V                             ; 4.18e-10 s                 ; 3.59e-10 s                 ; No                        ; Yes                       ;
; LEDG[7]       ; 2.5 V        ; 0 s                 ; 0 s                 ; 2.32 V                       ; 4.49e-09 V                   ; 2.38 V              ; -0.00552 V          ; 0.096 V                              ; 0.019 V                              ; 4.18e-10 s                  ; 3.59e-10 s                  ; No                         ; Yes                        ; 2.32 V                      ; 4.49e-09 V                  ; 2.38 V             ; -0.00552 V         ; 0.096 V                             ; 0.019 V                             ; 4.18e-10 s                 ; 3.59e-10 s                 ; No                        ; Yes                       ;
; LEDG[8]       ; 2.5 V        ; 0 s                 ; 0 s                 ; 2.32 V                       ; 4.49e-09 V                   ; 2.38 V              ; -0.00552 V          ; 0.096 V                              ; 0.019 V                              ; 4.18e-10 s                  ; 3.59e-10 s                  ; No                         ; Yes                        ; 2.32 V                      ; 4.49e-09 V                  ; 2.38 V             ; -0.00552 V         ; 0.096 V                             ; 0.019 V                             ; 4.18e-10 s                 ; 3.59e-10 s                 ; No                        ; Yes                       ;
; HEX0[0]       ; 2.5 V        ; 0 s                 ; 0 s                 ; 2.32 V                       ; 3.07e-09 V                   ; 2.37 V              ; -0.00994 V          ; 0.186 V                              ; 0.028 V                              ; 4.98e-10 s                  ; 4.96e-10 s                  ; Yes                        ; Yes                        ; 2.32 V                      ; 3.07e-09 V                  ; 2.37 V             ; -0.00994 V         ; 0.186 V                             ; 0.028 V                             ; 4.98e-10 s                 ; 4.96e-10 s                 ; Yes                       ; Yes                       ;
; HEX0[1]       ; 2.5 V        ; 0 s                 ; 0 s                 ; 2.32 V                       ; 4.49e-09 V                   ; 2.38 V              ; -0.00552 V          ; 0.096 V                              ; 0.019 V                              ; 4.18e-10 s                  ; 3.59e-10 s                  ; No                         ; Yes                        ; 2.32 V                      ; 4.49e-09 V                  ; 2.38 V             ; -0.00552 V         ; 0.096 V                             ; 0.019 V                             ; 4.18e-10 s                 ; 3.59e-10 s                 ; No                        ; Yes                       ;
; HEX0[2]       ; 2.5 V        ; 0 s                 ; 0 s                 ; 2.32 V                       ; 3.07e-09 V                   ; 2.37 V              ; -0.00994 V          ; 0.186 V                              ; 0.028 V                              ; 4.98e-10 s                  ; 4.96e-10 s                  ; Yes                        ; Yes                        ; 2.32 V                      ; 3.07e-09 V                  ; 2.37 V             ; -0.00994 V         ; 0.186 V                             ; 0.028 V                             ; 4.98e-10 s                 ; 4.96e-10 s                 ; Yes                       ; Yes                       ;
; HEX0[3]       ; 2.5 V        ; 0 s                 ; 0 s                 ; 2.32 V                       ; 4.49e-09 V                   ; 2.38 V              ; -0.00552 V          ; 0.096 V                              ; 0.019 V                              ; 4.18e-10 s                  ; 3.59e-10 s                  ; No                         ; Yes                        ; 2.32 V                      ; 4.49e-09 V                  ; 2.38 V             ; -0.00552 V         ; 0.096 V                             ; 0.019 V                             ; 4.18e-10 s                 ; 3.59e-10 s                 ; No                        ; Yes                       ;
; HEX0[4]       ; 2.5 V        ; 0 s                 ; 0 s                 ; 2.32 V                       ; 4.49e-09 V                   ; 2.38 V              ; -0.00552 V          ; 0.096 V                              ; 0.019 V                              ; 4.18e-10 s                  ; 3.59e-10 s                  ; No                         ; Yes                        ; 2.32 V                      ; 4.49e-09 V                  ; 2.38 V             ; -0.00552 V         ; 0.096 V                             ; 0.019 V                             ; 4.18e-10 s                 ; 3.59e-10 s                 ; No                        ; Yes                       ;
; HEX0[5]       ; 2.5 V        ; 0 s                 ; 0 s                 ; 2.32 V                       ; 3.07e-09 V                   ; 2.37 V              ; -0.00994 V          ; 0.186 V                              ; 0.028 V                              ; 4.98e-10 s                  ; 4.96e-10 s                  ; Yes                        ; Yes                        ; 2.32 V                      ; 3.07e-09 V                  ; 2.37 V             ; -0.00994 V         ; 0.186 V                             ; 0.028 V                             ; 4.98e-10 s                 ; 4.96e-10 s                 ; Yes                       ; Yes                       ;
; HEX0[6]       ; 2.5 V        ; 0 s                 ; 0 s                 ; 2.32 V                       ; 3.07e-09 V                   ; 2.38 V              ; -0.0144 V           ; 0.227 V                              ; 0.024 V                              ; 3.14e-10 s                  ; 3.39e-10 s                  ; Yes                        ; Yes                        ; 2.32 V                      ; 3.07e-09 V                  ; 2.38 V             ; -0.0144 V          ; 0.227 V                             ; 0.024 V                             ; 3.14e-10 s                 ; 3.39e-10 s                 ; Yes                       ; Yes                       ;
; HEX1[0]       ; 2.5 V        ; 0 s                 ; 0 s                 ; 2.32 V                       ; 4.49e-09 V                   ; 2.38 V              ; -0.00552 V          ; 0.096 V                              ; 0.019 V                              ; 4.18e-10 s                  ; 3.59e-10 s                  ; No                         ; Yes                        ; 2.32 V                      ; 4.49e-09 V                  ; 2.38 V             ; -0.00552 V         ; 0.096 V                             ; 0.019 V                             ; 4.18e-10 s                 ; 3.59e-10 s                 ; No                        ; Yes                       ;
; HEX1[1]       ; 2.5 V        ; 0 s                 ; 0 s                 ; 2.32 V                       ; 4.49e-09 V                   ; 2.38 V              ; -0.00552 V          ; 0.096 V                              ; 0.019 V                              ; 4.18e-10 s                  ; 3.59e-10 s                  ; No                         ; Yes                        ; 2.32 V                      ; 4.49e-09 V                  ; 2.38 V             ; -0.00552 V         ; 0.096 V                             ; 0.019 V                             ; 4.18e-10 s                 ; 3.59e-10 s                 ; No                        ; Yes                       ;
; HEX1[2]       ; 2.5 V        ; 0 s                 ; 0 s                 ; 2.32 V                       ; 4.49e-09 V                   ; 2.38 V              ; -0.00552 V          ; 0.096 V                              ; 0.019 V                              ; 4.18e-10 s                  ; 3.59e-10 s                  ; No                         ; Yes                        ; 2.32 V                      ; 4.49e-09 V                  ; 2.38 V             ; -0.00552 V         ; 0.096 V                             ; 0.019 V                             ; 4.18e-10 s                 ; 3.59e-10 s                 ; No                        ; Yes                       ;
; HEX1[3]       ; 2.5 V        ; 0 s                 ; 0 s                 ; 2.32 V                       ; 3.07e-09 V                   ; 2.37 V              ; -0.00994 V          ; 0.186 V                              ; 0.028 V                              ; 4.98e-10 s                  ; 4.96e-10 s                  ; Yes                        ; Yes                        ; 2.32 V                      ; 3.07e-09 V                  ; 2.37 V             ; -0.00994 V         ; 0.186 V                             ; 0.028 V                             ; 4.98e-10 s                 ; 4.96e-10 s                 ; Yes                       ; Yes                       ;
; HEX1[4]       ; 2.5 V        ; 0 s                 ; 0 s                 ; 2.32 V                       ; 3.07e-09 V                   ; 2.37 V              ; -0.00994 V          ; 0.186 V                              ; 0.028 V                              ; 4.98e-10 s                  ; 4.96e-10 s                  ; Yes                        ; Yes                        ; 2.32 V                      ; 3.07e-09 V                  ; 2.37 V             ; -0.00994 V         ; 0.186 V                             ; 0.028 V                             ; 4.98e-10 s                 ; 4.96e-10 s                 ; Yes                       ; Yes                       ;
; HEX1[5]       ; 2.5 V        ; 0 s                 ; 0 s                 ; 2.32 V                       ; 4.49e-09 V                   ; 2.38 V              ; -0.00552 V          ; 0.096 V                              ; 0.019 V                              ; 4.18e-10 s                  ; 3.59e-10 s                  ; No                         ; Yes                        ; 2.32 V                      ; 4.49e-09 V                  ; 2.38 V             ; -0.00552 V         ; 0.096 V                             ; 0.019 V                             ; 4.18e-10 s                 ; 3.59e-10 s                 ; No                        ; Yes                       ;
; HEX1[6]       ; 2.5 V        ; 0 s                 ; 0 s                 ; 2.32 V                       ; 4.49e-09 V                   ; 2.38 V              ; -0.00552 V          ; 0.096 V                              ; 0.019 V                              ; 4.18e-10 s                  ; 3.59e-10 s                  ; No                         ; Yes                        ; 2.32 V                      ; 4.49e-09 V                  ; 2.38 V             ; -0.00552 V         ; 0.096 V                             ; 0.019 V                             ; 4.18e-10 s                 ; 3.59e-10 s                 ; No                        ; Yes                       ;
; HEX2[0]       ; 2.5 V        ; 0 s                 ; 0 s                 ; 2.32 V                       ; 4.49e-09 V                   ; 2.33 V              ; -0.00467 V          ; 0.226 V                              ; 0.087 V                              ; 2.91e-09 s                  ; 2.74e-09 s                  ; Yes                        ; Yes                        ; 2.32 V                      ; 4.49e-09 V                  ; 2.33 V             ; -0.00467 V         ; 0.226 V                             ; 0.087 V                             ; 2.91e-09 s                 ; 2.74e-09 s                 ; Yes                       ; Yes                       ;
; HEX2[1]       ; 2.5 V        ; 0 s                 ; 0 s                 ; 2.32 V                       ; 3.07e-09 V                   ; 2.33 V              ; -0.00496 V          ; 0.223 V                              ; 0.086 V                              ; 2.9e-09 s                   ; 2.73e-09 s                  ; Yes                        ; Yes                        ; 2.32 V                      ; 3.07e-09 V                  ; 2.33 V             ; -0.00496 V         ; 0.223 V                             ; 0.086 V                             ; 2.9e-09 s                  ; 2.73e-09 s                 ; Yes                       ; Yes                       ;
; HEX2[2]       ; 2.5 V        ; 0 s                 ; 0 s                 ; 2.32 V                       ; 3.07e-09 V                   ; 2.38 V              ; -0.0144 V           ; 0.227 V                              ; 0.024 V                              ; 3.14e-10 s                  ; 3.39e-10 s                  ; Yes                        ; Yes                        ; 2.32 V                      ; 3.07e-09 V                  ; 2.38 V             ; -0.0144 V          ; 0.227 V                             ; 0.024 V                             ; 3.14e-10 s                 ; 3.39e-10 s                 ; Yes                       ; Yes                       ;
; HEX2[3]       ; 2.5 V        ; 0 s                 ; 0 s                 ; 2.32 V                       ; 4.49e-09 V                   ; 2.38 V              ; -0.00552 V          ; 0.096 V                              ; 0.019 V                              ; 4.18e-10 s                  ; 3.59e-10 s                  ; No                         ; Yes                        ; 2.32 V                      ; 4.49e-09 V                  ; 2.38 V             ; -0.00552 V         ; 0.096 V                             ; 0.019 V                             ; 4.18e-10 s                 ; 3.59e-10 s                 ; No                        ; Yes                       ;
; HEX2[4]       ; 2.5 V        ; 0 s                 ; 0 s                 ; 2.32 V                       ; 4.49e-09 V                   ; 2.38 V              ; -0.00552 V          ; 0.096 V                              ; 0.019 V                              ; 4.18e-10 s                  ; 3.59e-10 s                  ; No                         ; Yes                        ; 2.32 V                      ; 4.49e-09 V                  ; 2.38 V             ; -0.00552 V         ; 0.096 V                             ; 0.019 V                             ; 4.18e-10 s                 ; 3.59e-10 s                 ; No                        ; Yes                       ;
; HEX2[5]       ; 2.5 V        ; 0 s                 ; 0 s                 ; 2.32 V                       ; 4.49e-09 V                   ; 2.38 V              ; -0.00552 V          ; 0.096 V                              ; 0.019 V                              ; 4.18e-10 s                  ; 3.59e-10 s                  ; No                         ; Yes                        ; 2.32 V                      ; 4.49e-09 V                  ; 2.38 V             ; -0.00552 V         ; 0.096 V                             ; 0.019 V                             ; 4.18e-10 s                 ; 3.59e-10 s                 ; No                        ; Yes                       ;
; HEX2[6]       ; 2.5 V        ; 0 s                 ; 0 s                 ; 2.32 V                       ; 4.49e-09 V                   ; 2.38 V              ; -0.00552 V          ; 0.096 V                              ; 0.019 V                              ; 4.18e-10 s                  ; 3.59e-10 s                  ; No                         ; Yes                        ; 2.32 V                      ; 4.49e-09 V                  ; 2.38 V             ; -0.00552 V         ; 0.096 V                             ; 0.019 V                             ; 4.18e-10 s                 ; 3.59e-10 s                 ; No                        ; Yes                       ;
; HEX3[0]       ; 2.5 V        ; 0 s                 ; 0 s                 ; 2.32 V                       ; 4.49e-09 V                   ; 2.38 V              ; -0.00552 V          ; 0.096 V                              ; 0.019 V                              ; 4.18e-10 s                  ; 3.59e-10 s                  ; No                         ; Yes                        ; 2.32 V                      ; 4.49e-09 V                  ; 2.38 V             ; -0.00552 V         ; 0.096 V                             ; 0.019 V                             ; 4.18e-10 s                 ; 3.59e-10 s                 ; No                        ; Yes                       ;
; HEX3[1]       ; 2.5 V        ; 0 s                 ; 0 s                 ; 2.32 V                       ; 4.49e-09 V                   ; 2.38 V              ; -0.00552 V          ; 0.096 V                              ; 0.019 V                              ; 4.18e-10 s                  ; 3.59e-10 s                  ; No                         ; Yes                        ; 2.32 V                      ; 4.49e-09 V                  ; 2.38 V             ; -0.00552 V         ; 0.096 V                             ; 0.019 V                             ; 4.18e-10 s                 ; 3.59e-10 s                 ; No                        ; Yes                       ;
; HEX3[2]       ; 2.5 V        ; 0 s                 ; 0 s                 ; 2.32 V                       ; 3.07e-09 V                   ; 2.37 V              ; -0.00994 V          ; 0.186 V                              ; 0.028 V                              ; 4.98e-10 s                  ; 4.96e-10 s                  ; Yes                        ; Yes                        ; 2.32 V                      ; 3.07e-09 V                  ; 2.37 V             ; -0.00994 V         ; 0.186 V                             ; 0.028 V                             ; 4.98e-10 s                 ; 4.96e-10 s                 ; Yes                       ; Yes                       ;
; HEX3[3]       ; 2.5 V        ; 0 s                 ; 0 s                 ; 2.32 V                       ; 3.07e-09 V                   ; 2.37 V              ; -0.00994 V          ; 0.186 V                              ; 0.028 V                              ; 4.98e-10 s                  ; 4.96e-10 s                  ; Yes                        ; Yes                        ; 2.32 V                      ; 3.07e-09 V                  ; 2.37 V             ; -0.00994 V         ; 0.186 V                             ; 0.028 V                             ; 4.98e-10 s                 ; 4.96e-10 s                 ; Yes                       ; Yes                       ;
; HEX3[4]       ; 2.5 V        ; 0 s                 ; 0 s                 ; 2.32 V                       ; 3.07e-09 V                   ; 2.37 V              ; -0.00994 V          ; 0.186 V                              ; 0.028 V                              ; 4.98e-10 s                  ; 4.96e-10 s                  ; Yes                        ; Yes                        ; 2.32 V                      ; 3.07e-09 V                  ; 2.37 V             ; -0.00994 V         ; 0.186 V                             ; 0.028 V                             ; 4.98e-10 s                 ; 4.96e-10 s                 ; Yes                       ; Yes                       ;
; HEX3[5]       ; 2.5 V        ; 0 s                 ; 0 s                 ; 2.32 V                       ; 4.49e-09 V                   ; 2.38 V              ; -0.00552 V          ; 0.096 V                              ; 0.019 V                              ; 4.18e-10 s                  ; 3.59e-10 s                  ; No                         ; Yes                        ; 2.32 V                      ; 4.49e-09 V                  ; 2.38 V             ; -0.00552 V         ; 0.096 V                             ; 0.019 V                             ; 4.18e-10 s                 ; 3.59e-10 s                 ; No                        ; Yes                       ;
; HEX3[6]       ; 2.5 V        ; 0 s                 ; 0 s                 ; 2.32 V                       ; 4.49e-09 V                   ; 2.38 V              ; -0.00552 V          ; 0.096 V                              ; 0.019 V                              ; 4.18e-10 s                  ; 3.59e-10 s                  ; No                         ; Yes                        ; 2.32 V                      ; 4.49e-09 V                  ; 2.38 V             ; -0.00552 V         ; 0.096 V                             ; 0.019 V                             ; 4.18e-10 s                 ; 3.59e-10 s                 ; No                        ; Yes                       ;
; HEX4[0]       ; 2.5 V        ; 0 s                 ; 0 s                 ; 2.32 V                       ; 4.49e-09 V                   ; 2.38 V              ; -0.00552 V          ; 0.096 V                              ; 0.019 V                              ; 4.18e-10 s                  ; 3.59e-10 s                  ; No                         ; Yes                        ; 2.32 V                      ; 4.49e-09 V                  ; 2.38 V             ; -0.00552 V         ; 0.096 V                             ; 0.019 V                             ; 4.18e-10 s                 ; 3.59e-10 s                 ; No                        ; Yes                       ;
; HEX4[1]       ; 2.5 V        ; 0 s                 ; 0 s                 ; 2.32 V                       ; 3.07e-09 V                   ; 2.37 V              ; -0.00994 V          ; 0.186 V                              ; 0.028 V                              ; 4.98e-10 s                  ; 4.96e-10 s                  ; Yes                        ; Yes                        ; 2.32 V                      ; 3.07e-09 V                  ; 2.37 V             ; -0.00994 V         ; 0.186 V                             ; 0.028 V                             ; 4.98e-10 s                 ; 4.96e-10 s                 ; Yes                       ; Yes                       ;
; HEX4[2]       ; 2.5 V        ; 0 s                 ; 0 s                 ; 2.32 V                       ; 4.49e-09 V                   ; 2.38 V              ; -0.00552 V          ; 0.096 V                              ; 0.019 V                              ; 4.18e-10 s                  ; 3.59e-10 s                  ; No                         ; Yes                        ; 2.32 V                      ; 4.49e-09 V                  ; 2.38 V             ; -0.00552 V         ; 0.096 V                             ; 0.019 V                             ; 4.18e-10 s                 ; 3.59e-10 s                 ; No                        ; Yes                       ;
; HEX4[3]       ; 2.5 V        ; 0 s                 ; 0 s                 ; 2.32 V                       ; 4.49e-09 V                   ; 2.38 V              ; -0.00552 V          ; 0.096 V                              ; 0.019 V                              ; 4.18e-10 s                  ; 3.59e-10 s                  ; No                         ; Yes                        ; 2.32 V                      ; 4.49e-09 V                  ; 2.38 V             ; -0.00552 V         ; 0.096 V                             ; 0.019 V                             ; 4.18e-10 s                 ; 3.59e-10 s                 ; No                        ; Yes                       ;
; HEX4[4]       ; 2.5 V        ; 0 s                 ; 0 s                 ; 2.32 V                       ; 4.49e-09 V                   ; 2.38 V              ; -0.00552 V          ; 0.096 V                              ; 0.019 V                              ; 4.18e-10 s                  ; 3.59e-10 s                  ; No                         ; Yes                        ; 2.32 V                      ; 4.49e-09 V                  ; 2.38 V             ; -0.00552 V         ; 0.096 V                             ; 0.019 V                             ; 4.18e-10 s                 ; 3.59e-10 s                 ; No                        ; Yes                       ;
; HEX4[5]       ; 2.5 V        ; 0 s                 ; 0 s                 ; 2.32 V                       ; 4.49e-09 V                   ; 2.33 V              ; -0.00467 V          ; 0.226 V                              ; 0.087 V                              ; 2.91e-09 s                  ; 2.74e-09 s                  ; Yes                        ; Yes                        ; 2.32 V                      ; 4.49e-09 V                  ; 2.33 V             ; -0.00467 V         ; 0.226 V                             ; 0.087 V                             ; 2.91e-09 s                 ; 2.74e-09 s                 ; Yes                       ; Yes                       ;
; HEX4[6]       ; 2.5 V        ; 0 s                 ; 0 s                 ; 2.32 V                       ; 4.49e-09 V                   ; 2.38 V              ; -0.00552 V          ; 0.096 V                              ; 0.019 V                              ; 4.18e-10 s                  ; 3.59e-10 s                  ; No                         ; Yes                        ; 2.32 V                      ; 4.49e-09 V                  ; 2.38 V             ; -0.00552 V         ; 0.096 V                             ; 0.019 V                             ; 4.18e-10 s                 ; 3.59e-10 s                 ; No                        ; Yes                       ;
; HEX5[0]       ; 2.5 V        ; 0 s                 ; 0 s                 ; 2.32 V                       ; 4.49e-09 V                   ; 2.38 V              ; -0.00552 V          ; 0.096 V                              ; 0.019 V                              ; 4.18e-10 s                  ; 3.59e-10 s                  ; No                         ; Yes                        ; 2.32 V                      ; 4.49e-09 V                  ; 2.38 V             ; -0.00552 V         ; 0.096 V                             ; 0.019 V                             ; 4.18e-10 s                 ; 3.59e-10 s                 ; No                        ; Yes                       ;
; HEX5[1]       ; 2.5 V        ; 0 s                 ; 0 s                 ; 2.32 V                       ; 4.49e-09 V                   ; 2.38 V              ; -0.00552 V          ; 0.096 V                              ; 0.019 V                              ; 4.18e-10 s                  ; 3.59e-10 s                  ; No                         ; Yes                        ; 2.32 V                      ; 4.49e-09 V                  ; 2.38 V             ; -0.00552 V         ; 0.096 V                             ; 0.019 V                             ; 4.18e-10 s                 ; 3.59e-10 s                 ; No                        ; Yes                       ;
; HEX5[2]       ; 2.5 V        ; 0 s                 ; 0 s                 ; 2.32 V                       ; 4.49e-09 V                   ; 2.38 V              ; -0.00552 V          ; 0.096 V                              ; 0.019 V                              ; 4.18e-10 s                  ; 3.59e-10 s                  ; No                         ; Yes                        ; 2.32 V                      ; 4.49e-09 V                  ; 2.38 V             ; -0.00552 V         ; 0.096 V                             ; 0.019 V                             ; 4.18e-10 s                 ; 3.59e-10 s                 ; No                        ; Yes                       ;
; HEX5[3]       ; 2.5 V        ; 0 s                 ; 0 s                 ; 2.32 V                       ; 4.49e-09 V                   ; 2.38 V              ; -0.00552 V          ; 0.096 V                              ; 0.019 V                              ; 4.18e-10 s                  ; 3.59e-10 s                  ; No                         ; Yes                        ; 2.32 V                      ; 4.49e-09 V                  ; 2.38 V             ; -0.00552 V         ; 0.096 V                             ; 0.019 V                             ; 4.18e-10 s                 ; 3.59e-10 s                 ; No                        ; Yes                       ;
; HEX5[4]       ; 2.5 V        ; 0 s                 ; 0 s                 ; 2.32 V                       ; 4.49e-09 V                   ; 2.38 V              ; -0.00552 V          ; 0.096 V                              ; 0.019 V                              ; 4.18e-10 s                  ; 3.59e-10 s                  ; No                         ; Yes                        ; 2.32 V                      ; 4.49e-09 V                  ; 2.38 V             ; -0.00552 V         ; 0.096 V                             ; 0.019 V                             ; 4.18e-10 s                 ; 3.59e-10 s                 ; No                        ; Yes                       ;
; HEX5[5]       ; 2.5 V        ; 0 s                 ; 0 s                 ; 2.32 V                       ; 3.07e-09 V                   ; 2.37 V              ; -0.00994 V          ; 0.186 V                              ; 0.028 V                              ; 4.98e-10 s                  ; 4.96e-10 s                  ; Yes                        ; Yes                        ; 2.32 V                      ; 3.07e-09 V                  ; 2.37 V             ; -0.00994 V         ; 0.186 V                             ; 0.028 V                             ; 4.98e-10 s                 ; 4.96e-10 s                 ; Yes                       ; Yes                       ;
; HEX5[6]       ; 2.5 V        ; 0 s                 ; 0 s                 ; 2.32 V                       ; 3.07e-09 V                   ; 2.37 V              ; -0.00994 V          ; 0.186 V                              ; 0.028 V                              ; 4.98e-10 s                  ; 4.96e-10 s                  ; Yes                        ; Yes                        ; 2.32 V                      ; 3.07e-09 V                  ; 2.37 V             ; -0.00994 V         ; 0.186 V                             ; 0.028 V                             ; 4.98e-10 s                 ; 4.96e-10 s                 ; Yes                       ; Yes                       ;
; HEX6[0]       ; 2.5 V        ; 0 s                 ; 0 s                 ; 2.32 V                       ; 3.07e-09 V                   ; 2.38 V              ; -0.0144 V           ; 0.227 V                              ; 0.024 V                              ; 3.14e-10 s                  ; 3.39e-10 s                  ; Yes                        ; Yes                        ; 2.32 V                      ; 3.07e-09 V                  ; 2.38 V             ; -0.0144 V          ; 0.227 V                             ; 0.024 V                             ; 3.14e-10 s                 ; 3.39e-10 s                 ; Yes                       ; Yes                       ;
; HEX6[1]       ; 2.5 V        ; 0 s                 ; 0 s                 ; 2.32 V                       ; 4.49e-09 V                   ; 2.38 V              ; -0.00552 V          ; 0.096 V                              ; 0.019 V                              ; 4.18e-10 s                  ; 3.59e-10 s                  ; No                         ; Yes                        ; 2.32 V                      ; 4.49e-09 V                  ; 2.38 V             ; -0.00552 V         ; 0.096 V                             ; 0.019 V                             ; 4.18e-10 s                 ; 3.59e-10 s                 ; No                        ; Yes                       ;
; HEX6[2]       ; 2.5 V        ; 0 s                 ; 0 s                 ; 2.32 V                       ; 3.07e-09 V                   ; 2.37 V              ; -0.00994 V          ; 0.186 V                              ; 0.028 V                              ; 4.98e-10 s                  ; 4.96e-10 s                  ; Yes                        ; Yes                        ; 2.32 V                      ; 3.07e-09 V                  ; 2.37 V             ; -0.00994 V         ; 0.186 V                             ; 0.028 V                             ; 4.98e-10 s                 ; 4.96e-10 s                 ; Yes                       ; Yes                       ;
; HEX6[3]       ; 2.5 V        ; 0 s                 ; 0 s                 ; 2.32 V                       ; 4.49e-09 V                   ; 2.38 V              ; -0.00552 V          ; 0.096 V                              ; 0.019 V                              ; 4.18e-10 s                  ; 3.59e-10 s                  ; No                         ; Yes                        ; 2.32 V                      ; 4.49e-09 V                  ; 2.38 V             ; -0.00552 V         ; 0.096 V                             ; 0.019 V                             ; 4.18e-10 s                 ; 3.59e-10 s                 ; No                        ; Yes                       ;
; HEX6[4]       ; 2.5 V        ; 0 s                 ; 0 s                 ; 2.32 V                       ; 4.49e-09 V                   ; 2.38 V              ; -0.00552 V          ; 0.096 V                              ; 0.019 V                              ; 4.18e-10 s                  ; 3.59e-10 s                  ; No                         ; Yes                        ; 2.32 V                      ; 4.49e-09 V                  ; 2.38 V             ; -0.00552 V         ; 0.096 V                             ; 0.019 V                             ; 4.18e-10 s                 ; 3.59e-10 s                 ; No                        ; Yes                       ;
; HEX6[5]       ; 2.5 V        ; 0 s                 ; 0 s                 ; 2.32 V                       ; 3.07e-09 V                   ; 2.37 V              ; -0.00994 V          ; 0.186 V                              ; 0.028 V                              ; 4.98e-10 s                  ; 4.96e-10 s                  ; Yes                        ; Yes                        ; 2.32 V                      ; 3.07e-09 V                  ; 2.37 V             ; -0.00994 V         ; 0.186 V                             ; 0.028 V                             ; 4.98e-10 s                 ; 4.96e-10 s                 ; Yes                       ; Yes                       ;
; HEX6[6]       ; 2.5 V        ; 0 s                 ; 0 s                 ; 2.32 V                       ; 3.07e-09 V                   ; 2.37 V              ; -0.00994 V          ; 0.186 V                              ; 0.028 V                              ; 4.98e-10 s                  ; 4.96e-10 s                  ; Yes                        ; Yes                        ; 2.32 V                      ; 3.07e-09 V                  ; 2.37 V             ; -0.00994 V         ; 0.186 V                             ; 0.028 V                             ; 4.98e-10 s                 ; 4.96e-10 s                 ; Yes                       ; Yes                       ;
; HEX7[0]       ; 2.5 V        ; 0 s                 ; 0 s                 ; 2.32 V                       ; 3.07e-09 V                   ; 2.37 V              ; -0.00994 V          ; 0.186 V                              ; 0.028 V                              ; 4.98e-10 s                  ; 4.96e-10 s                  ; Yes                        ; Yes                        ; 2.32 V                      ; 3.07e-09 V                  ; 2.37 V             ; -0.00994 V         ; 0.186 V                             ; 0.028 V                             ; 4.98e-10 s                 ; 4.96e-10 s                 ; Yes                       ; Yes                       ;
; HEX7[1]       ; 2.5 V        ; 0 s                 ; 0 s                 ; 2.32 V                       ; 4.49e-09 V                   ; 2.38 V              ; -0.00552 V          ; 0.096 V                              ; 0.019 V                              ; 4.18e-10 s                  ; 3.59e-10 s                  ; No                         ; Yes                        ; 2.32 V                      ; 4.49e-09 V                  ; 2.38 V             ; -0.00552 V         ; 0.096 V                             ; 0.019 V                             ; 4.18e-10 s                 ; 3.59e-10 s                 ; No                        ; Yes                       ;
; HEX7[2]       ; 2.5 V        ; 0 s                 ; 0 s                 ; 2.32 V                       ; 4.49e-09 V                   ; 2.38 V              ; -0.00552 V          ; 0.096 V                              ; 0.019 V                              ; 4.18e-10 s                  ; 3.59e-10 s                  ; No                         ; Yes                        ; 2.32 V                      ; 4.49e-09 V                  ; 2.38 V             ; -0.00552 V         ; 0.096 V                             ; 0.019 V                             ; 4.18e-10 s                 ; 3.59e-10 s                 ; No                        ; Yes                       ;
; HEX7[3]       ; 2.5 V        ; 0 s                 ; 0 s                 ; 2.32 V                       ; 3.07e-09 V                   ; 2.37 V              ; -0.00994 V          ; 0.186 V                              ; 0.028 V                              ; 4.98e-10 s                  ; 4.96e-10 s                  ; Yes                        ; Yes                        ; 2.32 V                      ; 3.07e-09 V                  ; 2.37 V             ; -0.00994 V         ; 0.186 V                             ; 0.028 V                             ; 4.98e-10 s                 ; 4.96e-10 s                 ; Yes                       ; Yes                       ;
; HEX7[4]       ; 2.5 V        ; 0 s                 ; 0 s                 ; 2.32 V                       ; 4.49e-09 V                   ; 2.38 V              ; -0.00552 V          ; 0.096 V                              ; 0.019 V                              ; 4.18e-10 s                  ; 3.59e-10 s                  ; No                         ; Yes                        ; 2.32 V                      ; 4.49e-09 V                  ; 2.38 V             ; -0.00552 V         ; 0.096 V                             ; 0.019 V                             ; 4.18e-10 s                 ; 3.59e-10 s                 ; No                        ; Yes                       ;
; HEX7[5]       ; 2.5 V        ; 0 s                 ; 0 s                 ; 2.32 V                       ; 4.49e-09 V                   ; 2.38 V              ; -0.00552 V          ; 0.096 V                              ; 0.019 V                              ; 4.18e-10 s                  ; 3.59e-10 s                  ; No                         ; Yes                        ; 2.32 V                      ; 4.49e-09 V                  ; 2.38 V             ; -0.00552 V         ; 0.096 V                             ; 0.019 V                             ; 4.18e-10 s                 ; 3.59e-10 s                 ; No                        ; Yes                       ;
; HEX7[6]       ; 2.5 V        ; 0 s                 ; 0 s                 ; 2.32 V                       ; 4.49e-09 V                   ; 2.38 V              ; -0.00552 V          ; 0.096 V                              ; 0.019 V                              ; 4.18e-10 s                  ; 3.59e-10 s                  ; No                         ; Yes                        ; 2.32 V                      ; 4.49e-09 V                  ; 2.38 V             ; -0.00552 V         ; 0.096 V                             ; 0.019 V                             ; 4.18e-10 s                 ; 3.59e-10 s                 ; No                        ; Yes                       ;
; VGA_R[0]      ; 2.5 V        ; 0 s                 ; 0 s                 ; 2.32 V                       ; 4.49e-09 V                   ; 2.38 V              ; -0.00552 V          ; 0.096 V                              ; 0.019 V                              ; 4.18e-10 s                  ; 3.59e-10 s                  ; No                         ; Yes                        ; 2.32 V                      ; 4.49e-09 V                  ; 2.38 V             ; -0.00552 V         ; 0.096 V                             ; 0.019 V                             ; 4.18e-10 s                 ; 3.59e-10 s                 ; No                        ; Yes                       ;
; VGA_R[1]      ; 2.5 V        ; 0 s                 ; 0 s                 ; 2.32 V                       ; 4.49e-09 V                   ; 2.38 V              ; -0.00552 V          ; 0.096 V                              ; 0.019 V                              ; 4.18e-10 s                  ; 3.59e-10 s                  ; No                         ; Yes                        ; 2.32 V                      ; 4.49e-09 V                  ; 2.38 V             ; -0.00552 V         ; 0.096 V                             ; 0.019 V                             ; 4.18e-10 s                 ; 3.59e-10 s                 ; No                        ; Yes                       ;
; VGA_R[2]      ; 2.5 V        ; 0 s                 ; 0 s                 ; 2.32 V                       ; 4.49e-09 V                   ; 2.38 V              ; -0.00552 V          ; 0.096 V                              ; 0.019 V                              ; 4.18e-10 s                  ; 3.59e-10 s                  ; No                         ; Yes                        ; 2.32 V                      ; 4.49e-09 V                  ; 2.38 V             ; -0.00552 V         ; 0.096 V                             ; 0.019 V                             ; 4.18e-10 s                 ; 3.59e-10 s                 ; No                        ; Yes                       ;
; VGA_R[3]      ; 2.5 V        ; 0 s                 ; 0 s                 ; 2.32 V                       ; 4.49e-09 V                   ; 2.38 V              ; -0.00552 V          ; 0.096 V                              ; 0.019 V                              ; 4.18e-10 s                  ; 3.59e-10 s                  ; No                         ; Yes                        ; 2.32 V                      ; 4.49e-09 V                  ; 2.38 V             ; -0.00552 V         ; 0.096 V                             ; 0.019 V                             ; 4.18e-10 s                 ; 3.59e-10 s                 ; No                        ; Yes                       ;
; VGA_R[4]      ; 2.5 V        ; 0 s                 ; 0 s                 ; 2.32 V                       ; 4.49e-09 V                   ; 2.38 V              ; -0.00552 V          ; 0.096 V                              ; 0.019 V                              ; 4.18e-10 s                  ; 3.59e-10 s                  ; No                         ; Yes                        ; 2.32 V                      ; 4.49e-09 V                  ; 2.38 V             ; -0.00552 V         ; 0.096 V                             ; 0.019 V                             ; 4.18e-10 s                 ; 3.59e-10 s                 ; No                        ; Yes                       ;
; VGA_R[5]      ; 2.5 V        ; 0 s                 ; 0 s                 ; 2.32 V                       ; 4.49e-09 V                   ; 2.38 V              ; -0.00552 V          ; 0.096 V                              ; 0.019 V                              ; 4.18e-10 s                  ; 3.59e-10 s                  ; No                         ; Yes                        ; 2.32 V                      ; 4.49e-09 V                  ; 2.38 V             ; -0.00552 V         ; 0.096 V                             ; 0.019 V                             ; 4.18e-10 s                 ; 3.59e-10 s                 ; No                        ; Yes                       ;
; VGA_R[6]      ; 2.5 V        ; 0 s                 ; 0 s                 ; 2.32 V                       ; 3.07e-09 V                   ; 2.37 V              ; -0.00994 V          ; 0.186 V                              ; 0.028 V                              ; 4.98e-10 s                  ; 4.96e-10 s                  ; Yes                        ; Yes                        ; 2.32 V                      ; 3.07e-09 V                  ; 2.37 V             ; -0.00994 V         ; 0.186 V                             ; 0.028 V                             ; 4.98e-10 s                 ; 4.96e-10 s                 ; Yes                       ; Yes                       ;
; VGA_R[7]      ; 2.5 V        ; 0 s                 ; 0 s                 ; 2.32 V                       ; 4.49e-09 V                   ; 2.38 V              ; -0.00552 V          ; 0.096 V                              ; 0.019 V                              ; 4.18e-10 s                  ; 3.59e-10 s                  ; No                         ; Yes                        ; 2.32 V                      ; 4.49e-09 V                  ; 2.38 V             ; -0.00552 V         ; 0.096 V                             ; 0.019 V                             ; 4.18e-10 s                 ; 3.59e-10 s                 ; No                        ; Yes                       ;
; VGA_G[0]      ; 2.5 V        ; 0 s                 ; 0 s                 ; 2.32 V                       ; 4.49e-09 V                   ; 2.38 V              ; -0.00552 V          ; 0.096 V                              ; 0.019 V                              ; 4.18e-10 s                  ; 3.59e-10 s                  ; No                         ; Yes                        ; 2.32 V                      ; 4.49e-09 V                  ; 2.38 V             ; -0.00552 V         ; 0.096 V                             ; 0.019 V                             ; 4.18e-10 s                 ; 3.59e-10 s                 ; No                        ; Yes                       ;
; VGA_G[1]      ; 2.5 V        ; 0 s                 ; 0 s                 ; 2.32 V                       ; 4.49e-09 V                   ; 2.38 V              ; -0.00552 V          ; 0.096 V                              ; 0.019 V                              ; 4.18e-10 s                  ; 3.59e-10 s                  ; No                         ; Yes                        ; 2.32 V                      ; 4.49e-09 V                  ; 2.38 V             ; -0.00552 V         ; 0.096 V                             ; 0.019 V                             ; 4.18e-10 s                 ; 3.59e-10 s                 ; No                        ; Yes                       ;
; VGA_G[2]      ; 2.5 V        ; 0 s                 ; 0 s                 ; 2.32 V                       ; 4.49e-09 V                   ; 2.33 V              ; -0.00467 V          ; 0.226 V                              ; 0.087 V                              ; 2.91e-09 s                  ; 2.74e-09 s                  ; Yes                        ; Yes                        ; 2.32 V                      ; 4.49e-09 V                  ; 2.33 V             ; -0.00467 V         ; 0.226 V                             ; 0.087 V                             ; 2.91e-09 s                 ; 2.74e-09 s                 ; Yes                       ; Yes                       ;
; VGA_G[3]      ; 2.5 V        ; 0 s                 ; 0 s                 ; 2.32 V                       ; 4.49e-09 V                   ; 2.38 V              ; -0.00552 V          ; 0.096 V                              ; 0.019 V                              ; 4.18e-10 s                  ; 3.59e-10 s                  ; No                         ; Yes                        ; 2.32 V                      ; 4.49e-09 V                  ; 2.38 V             ; -0.00552 V         ; 0.096 V                             ; 0.019 V                             ; 4.18e-10 s                 ; 3.59e-10 s                 ; No                        ; Yes                       ;
; VGA_G[4]      ; 2.5 V        ; 0 s                 ; 0 s                 ; 2.32 V                       ; 4.49e-09 V                   ; 2.38 V              ; -0.00552 V          ; 0.096 V                              ; 0.019 V                              ; 4.18e-10 s                  ; 3.59e-10 s                  ; No                         ; Yes                        ; 2.32 V                      ; 4.49e-09 V                  ; 2.38 V             ; -0.00552 V         ; 0.096 V                             ; 0.019 V                             ; 4.18e-10 s                 ; 3.59e-10 s                 ; No                        ; Yes                       ;
; VGA_G[5]      ; 2.5 V        ; 0 s                 ; 0 s                 ; 2.32 V                       ; 4.49e-09 V                   ; 2.38 V              ; -0.00552 V          ; 0.096 V                              ; 0.019 V                              ; 4.18e-10 s                  ; 3.59e-10 s                  ; No                         ; Yes                        ; 2.32 V                      ; 4.49e-09 V                  ; 2.38 V             ; -0.00552 V         ; 0.096 V                             ; 0.019 V                             ; 4.18e-10 s                 ; 3.59e-10 s                 ; No                        ; Yes                       ;
; VGA_G[6]      ; 2.5 V        ; 0 s                 ; 0 s                 ; 2.32 V                       ; 3.07e-09 V                   ; 2.37 V              ; -0.00994 V          ; 0.186 V                              ; 0.028 V                              ; 4.98e-10 s                  ; 4.96e-10 s                  ; Yes                        ; Yes                        ; 2.32 V                      ; 3.07e-09 V                  ; 2.37 V             ; -0.00994 V         ; 0.186 V                             ; 0.028 V                             ; 4.98e-10 s                 ; 4.96e-10 s                 ; Yes                       ; Yes                       ;
; VGA_G[7]      ; 2.5 V        ; 0 s                 ; 0 s                 ; 2.32 V                       ; 3.07e-09 V                   ; 2.37 V              ; -0.00994 V          ; 0.186 V                              ; 0.028 V                              ; 4.98e-10 s                  ; 4.96e-10 s                  ; Yes                        ; Yes                        ; 2.32 V                      ; 3.07e-09 V                  ; 2.37 V             ; -0.00994 V         ; 0.186 V                             ; 0.028 V                             ; 4.98e-10 s                 ; 4.96e-10 s                 ; Yes                       ; Yes                       ;
; VGA_B[0]      ; 2.5 V        ; 0 s                 ; 0 s                 ; 2.32 V                       ; 4.49e-09 V                   ; 2.38 V              ; -0.00552 V          ; 0.096 V                              ; 0.019 V                              ; 4.18e-10 s                  ; 3.59e-10 s                  ; No                         ; Yes                        ; 2.32 V                      ; 4.49e-09 V                  ; 2.38 V             ; -0.00552 V         ; 0.096 V                             ; 0.019 V                             ; 4.18e-10 s                 ; 3.59e-10 s                 ; No                        ; Yes                       ;
; VGA_B[1]      ; 2.5 V        ; 0 s                 ; 0 s                 ; 2.32 V                       ; 4.49e-09 V                   ; 2.38 V              ; -0.00552 V          ; 0.096 V                              ; 0.019 V                              ; 4.18e-10 s                  ; 3.59e-10 s                  ; No                         ; Yes                        ; 2.32 V                      ; 4.49e-09 V                  ; 2.38 V             ; -0.00552 V         ; 0.096 V                             ; 0.019 V                             ; 4.18e-10 s                 ; 3.59e-10 s                 ; No                        ; Yes                       ;
; VGA_B[2]      ; 2.5 V        ; 0 s                 ; 0 s                 ; 2.32 V                       ; 4.49e-09 V                   ; 2.38 V              ; -0.00552 V          ; 0.096 V                              ; 0.019 V                              ; 4.18e-10 s                  ; 3.59e-10 s                  ; No                         ; Yes                        ; 2.32 V                      ; 4.49e-09 V                  ; 2.38 V             ; -0.00552 V         ; 0.096 V                             ; 0.019 V                             ; 4.18e-10 s                 ; 3.59e-10 s                 ; No                        ; Yes                       ;
; VGA_B[3]      ; 2.5 V        ; 0 s                 ; 0 s                 ; 2.32 V                       ; 4.49e-09 V                   ; 2.38 V              ; -0.00552 V          ; 0.096 V                              ; 0.019 V                              ; 4.18e-10 s                  ; 3.59e-10 s                  ; No                         ; Yes                        ; 2.32 V                      ; 4.49e-09 V                  ; 2.38 V             ; -0.00552 V         ; 0.096 V                             ; 0.019 V                             ; 4.18e-10 s                 ; 3.59e-10 s                 ; No                        ; Yes                       ;
; VGA_B[4]      ; 2.5 V        ; 0 s                 ; 0 s                 ; 2.32 V                       ; 4.49e-09 V                   ; 2.38 V              ; -0.00552 V          ; 0.096 V                              ; 0.019 V                              ; 4.18e-10 s                  ; 3.59e-10 s                  ; No                         ; Yes                        ; 2.32 V                      ; 4.49e-09 V                  ; 2.38 V             ; -0.00552 V         ; 0.096 V                             ; 0.019 V                             ; 4.18e-10 s                 ; 3.59e-10 s                 ; No                        ; Yes                       ;
; VGA_B[5]      ; 2.5 V        ; 0 s                 ; 0 s                 ; 2.32 V                       ; 4.49e-09 V                   ; 2.38 V              ; -0.00552 V          ; 0.096 V                              ; 0.019 V                              ; 4.18e-10 s                  ; 3.59e-10 s                  ; No                         ; Yes                        ; 2.32 V                      ; 4.49e-09 V                  ; 2.38 V             ; -0.00552 V         ; 0.096 V                             ; 0.019 V                             ; 4.18e-10 s                 ; 3.59e-10 s                 ; No                        ; Yes                       ;
; VGA_B[6]      ; 2.5 V        ; 0 s                 ; 0 s                 ; 2.32 V                       ; 3.07e-09 V                   ; 2.37 V              ; -0.00994 V          ; 0.186 V                              ; 0.028 V                              ; 4.98e-10 s                  ; 4.96e-10 s                  ; Yes                        ; Yes                        ; 2.32 V                      ; 3.07e-09 V                  ; 2.37 V             ; -0.00994 V         ; 0.186 V                             ; 0.028 V                             ; 4.98e-10 s                 ; 4.96e-10 s                 ; Yes                       ; Yes                       ;
; VGA_B[7]      ; 2.5 V        ; 0 s                 ; 0 s                 ; 2.32 V                       ; 3.07e-09 V                   ; 2.37 V              ; -0.00994 V          ; 0.186 V                              ; 0.028 V                              ; 4.98e-10 s                  ; 4.96e-10 s                  ; Yes                        ; Yes                        ; 2.32 V                      ; 3.07e-09 V                  ; 2.37 V             ; -0.00994 V         ; 0.186 V                             ; 0.028 V                             ; 4.98e-10 s                 ; 4.96e-10 s                 ; Yes                       ; Yes                       ;
; VGA_BLANK_N   ; 2.5 V        ; 0 s                 ; 0 s                 ; 2.32 V                       ; 4.49e-09 V                   ; 2.38 V              ; -0.00552 V          ; 0.096 V                              ; 0.019 V                              ; 4.18e-10 s                  ; 3.59e-10 s                  ; No                         ; Yes                        ; 2.32 V                      ; 4.49e-09 V                  ; 2.38 V             ; -0.00552 V         ; 0.096 V                             ; 0.019 V                             ; 4.18e-10 s                 ; 3.59e-10 s                 ; No                        ; Yes                       ;
; VGA_CLK       ; 2.5 V        ; 0 s                 ; 0 s                 ; 2.32 V                       ; 3.07e-09 V                   ; 2.37 V              ; -0.00994 V          ; 0.186 V                              ; 0.028 V                              ; 4.98e-10 s                  ; 4.96e-10 s                  ; Yes                        ; Yes                        ; 2.32 V                      ; 3.07e-09 V                  ; 2.37 V             ; -0.00994 V         ; 0.186 V                             ; 0.028 V                             ; 4.98e-10 s                 ; 4.96e-10 s                 ; Yes                       ; Yes                       ;
; VGA_SYNC_N    ; 2.5 V        ; 0 s                 ; 0 s                 ; 2.32 V                       ; 4.49e-09 V                   ; 2.38 V              ; -0.00552 V          ; 0.096 V                              ; 0.019 V                              ; 4.18e-10 s                  ; 3.59e-10 s                  ; No                         ; Yes                        ; 2.32 V                      ; 4.49e-09 V                  ; 2.38 V             ; -0.00552 V         ; 0.096 V                             ; 0.019 V                             ; 4.18e-10 s                 ; 3.59e-10 s                 ; No                        ; Yes                       ;
; VGA_VS        ; 2.5 V        ; 0 s                 ; 0 s                 ; 2.32 V                       ; 4.49e-09 V                   ; 2.38 V              ; -0.00552 V          ; 0.096 V                              ; 0.019 V                              ; 4.18e-10 s                  ; 3.59e-10 s                  ; No                         ; Yes                        ; 2.32 V                      ; 4.49e-09 V                  ; 2.38 V             ; -0.00552 V         ; 0.096 V                             ; 0.019 V                             ; 4.18e-10 s                 ; 3.59e-10 s                 ; No                        ; Yes                       ;
; VGA_HS        ; 2.5 V        ; 0 s                 ; 0 s                 ; 2.32 V                       ; 4.49e-09 V                   ; 2.38 V              ; -0.00552 V          ; 0.096 V                              ; 0.019 V                              ; 4.18e-10 s                  ; 3.59e-10 s                  ; No                         ; Yes                        ; 2.32 V                      ; 4.49e-09 V                  ; 2.38 V             ; -0.00552 V         ; 0.096 V                             ; 0.019 V                             ; 4.18e-10 s                 ; 3.59e-10 s                 ; No                        ; Yes                       ;
; ~ALTERA_DCLK~ ; 2.5 V        ; 0 s                 ; 0 s                 ; 2.32 V                       ; 2.67e-09 V                   ; 2.38 V              ; -0.0485 V           ; 0.167 V                              ; 0.096 V                              ; 2.95e-10 s                  ; 2.73e-10 s                  ; Yes                        ; Yes                        ; 2.32 V                      ; 2.67e-09 V                  ; 2.38 V             ; -0.0485 V          ; 0.167 V                             ; 0.096 V                             ; 2.95e-10 s                 ; 2.73e-10 s                 ; Yes                       ; Yes                       ;
; ~ALTERA_nCEO~ ; 2.5 V        ; 0 s                 ; 0 s                 ; 2.32 V                       ; 4.18e-09 V                   ; 2.38 V              ; -0.00483 V          ; 0.152 V                              ; 0.012 V                              ; 4.81e-10 s                  ; 6.29e-10 s                  ; Yes                        ; Yes                        ; 2.32 V                      ; 4.18e-09 V                  ; 2.38 V             ; -0.00483 V         ; 0.152 V                             ; 0.012 V                             ; 4.81e-10 s                 ; 6.29e-10 s                 ; Yes                       ; Yes                       ;
+---------------+--------------+---------------------+---------------------+------------------------------+------------------------------+---------------------+---------------------+--------------------------------------+--------------------------------------+-----------------------------+-----------------------------+----------------------------+----------------------------+-----------------------------+-----------------------------+--------------------+--------------------+-------------------------------------+-------------------------------------+----------------------------+----------------------------+---------------------------+---------------------------+


+--------------------------------------------------------------------------------------------------------------------------------------------------------------------------------------------------------------------------------------------------------------------------------------------------------------------------------------------------------------------------------------------------------------------------------------------------------------------------------------------------------------------------------------------------------------------------------------------------------------------------------------------------------------------------------------------+
; Signal Integrity Metrics (Slow 1200mv 85c Model)                                                                                                                                                                                                                                                                                                                                                                                                                                                                                                                                                                                                                                           ;
+---------------+--------------+---------------------+---------------------+------------------------------+------------------------------+---------------------+---------------------+--------------------------------------+--------------------------------------+-----------------------------+-----------------------------+----------------------------+----------------------------+-----------------------------+-----------------------------+--------------------+--------------------+-------------------------------------+-------------------------------------+----------------------------+----------------------------+---------------------------+---------------------------+
; Pin           ; I/O Standard ; Board Delay on Rise ; Board Delay on Fall ; Steady State Voh at FPGA Pin ; Steady State Vol at FPGA Pin ; Voh Max at FPGA Pin ; Vol Min at FPGA Pin ; Ringback Voltage on Rise at FPGA Pin ; Ringback Voltage on Fall at FPGA Pin ; 10-90 Rise Time at FPGA Pin ; 90-10 Fall Time at FPGA Pin ; Monotonic Rise at FPGA Pin ; Monotonic Fall at FPGA Pin ; Steady State Voh at Far-end ; Steady State Vol at Far-end ; Voh Max at Far-end ; Vol Min at Far-end ; Ringback Voltage on Rise at Far-end ; Ringback Voltage on Fall at Far-end ; 10-90 Rise Time at Far-end ; 90-10 Fall Time at Far-end ; Monotonic Rise at Far-end ; Monotonic Fall at Far-end ;
+---------------+--------------+---------------------+---------------------+------------------------------+------------------------------+---------------------+---------------------+--------------------------------------+--------------------------------------+-----------------------------+-----------------------------+----------------------------+----------------------------+-----------------------------+-----------------------------+--------------------+--------------------+-------------------------------------+-------------------------------------+----------------------------+----------------------------+---------------------------+---------------------------+
; LEDR[0]       ; 2.5 V        ; 0 s                 ; 0 s                 ; 2.32 V                       ; 4.67e-07 V                   ; 2.35 V              ; -0.00942 V          ; 0.116 V                              ; 0.033 V                              ; 6.66e-10 s                  ; 6.27e-10 s                  ; Yes                        ; Yes                        ; 2.32 V                      ; 4.67e-07 V                  ; 2.35 V             ; -0.00942 V         ; 0.116 V                             ; 0.033 V                             ; 6.66e-10 s                 ; 6.27e-10 s                 ; Yes                       ; Yes                       ;
; LEDR[1]       ; 2.5 V        ; 0 s                 ; 0 s                 ; 2.32 V                       ; 4.67e-07 V                   ; 2.35 V              ; -0.00942 V          ; 0.116 V                              ; 0.033 V                              ; 6.66e-10 s                  ; 6.27e-10 s                  ; Yes                        ; Yes                        ; 2.32 V                      ; 4.67e-07 V                  ; 2.35 V             ; -0.00942 V         ; 0.116 V                             ; 0.033 V                             ; 6.66e-10 s                 ; 6.27e-10 s                 ; Yes                       ; Yes                       ;
; LEDR[2]       ; 2.5 V        ; 0 s                 ; 0 s                 ; 2.32 V                       ; 6.92e-07 V                   ; 2.35 V              ; -0.00996 V          ; 0.121 V                              ; 0.03 V                               ; 4.64e-10 s                  ; 4.47e-10 s                  ; Yes                        ; Yes                        ; 2.32 V                      ; 6.92e-07 V                  ; 2.35 V             ; -0.00996 V         ; 0.121 V                             ; 0.03 V                              ; 4.64e-10 s                 ; 4.47e-10 s                 ; Yes                       ; Yes                       ;
; LEDR[3]       ; 2.5 V        ; 0 s                 ; 0 s                 ; 2.32 V                       ; 6.92e-07 V                   ; 2.35 V              ; -0.00996 V          ; 0.121 V                              ; 0.03 V                               ; 4.64e-10 s                  ; 4.47e-10 s                  ; Yes                        ; Yes                        ; 2.32 V                      ; 6.92e-07 V                  ; 2.35 V             ; -0.00996 V         ; 0.121 V                             ; 0.03 V                              ; 4.64e-10 s                 ; 4.47e-10 s                 ; Yes                       ; Yes                       ;
; LEDR[4]       ; 2.5 V        ; 0 s                 ; 0 s                 ; 2.32 V                       ; 6.92e-07 V                   ; 2.35 V              ; -0.00996 V          ; 0.121 V                              ; 0.03 V                               ; 4.64e-10 s                  ; 4.47e-10 s                  ; Yes                        ; Yes                        ; 2.32 V                      ; 6.92e-07 V                  ; 2.35 V             ; -0.00996 V         ; 0.121 V                             ; 0.03 V                              ; 4.64e-10 s                 ; 4.47e-10 s                 ; Yes                       ; Yes                       ;
; LEDR[5]       ; 2.5 V        ; 0 s                 ; 0 s                 ; 2.32 V                       ; 6.92e-07 V                   ; 2.35 V              ; -0.00996 V          ; 0.121 V                              ; 0.03 V                               ; 4.64e-10 s                  ; 4.47e-10 s                  ; Yes                        ; Yes                        ; 2.32 V                      ; 6.92e-07 V                  ; 2.35 V             ; -0.00996 V         ; 0.121 V                             ; 0.03 V                              ; 4.64e-10 s                 ; 4.47e-10 s                 ; Yes                       ; Yes                       ;
; LEDR[6]       ; 2.5 V        ; 0 s                 ; 0 s                 ; 2.32 V                       ; 6.92e-07 V                   ; 2.35 V              ; -0.00996 V          ; 0.121 V                              ; 0.03 V                               ; 4.64e-10 s                  ; 4.47e-10 s                  ; Yes                        ; Yes                        ; 2.32 V                      ; 6.92e-07 V                  ; 2.35 V             ; -0.00996 V         ; 0.121 V                             ; 0.03 V                              ; 4.64e-10 s                 ; 4.47e-10 s                 ; Yes                       ; Yes                       ;
; LEDR[7]       ; 2.5 V        ; 0 s                 ; 0 s                 ; 2.32 V                       ; 6.92e-07 V                   ; 2.35 V              ; -0.00996 V          ; 0.121 V                              ; 0.03 V                               ; 4.64e-10 s                  ; 4.47e-10 s                  ; Yes                        ; Yes                        ; 2.32 V                      ; 6.92e-07 V                  ; 2.35 V             ; -0.00996 V         ; 0.121 V                             ; 0.03 V                              ; 4.64e-10 s                 ; 4.47e-10 s                 ; Yes                       ; Yes                       ;
; LEDR[8]       ; 2.5 V        ; 0 s                 ; 0 s                 ; 2.32 V                       ; 6.92e-07 V                   ; 2.35 V              ; -0.00996 V          ; 0.121 V                              ; 0.03 V                               ; 4.64e-10 s                  ; 4.47e-10 s                  ; Yes                        ; Yes                        ; 2.32 V                      ; 6.92e-07 V                  ; 2.35 V             ; -0.00996 V         ; 0.121 V                             ; 0.03 V                              ; 4.64e-10 s                 ; 4.47e-10 s                 ; Yes                       ; Yes                       ;
; LEDR[9]       ; 2.5 V        ; 0 s                 ; 0 s                 ; 2.32 V                       ; 6.92e-07 V                   ; 2.35 V              ; -0.00996 V          ; 0.121 V                              ; 0.03 V                               ; 4.64e-10 s                  ; 4.47e-10 s                  ; Yes                        ; Yes                        ; 2.32 V                      ; 6.92e-07 V                  ; 2.35 V             ; -0.00996 V         ; 0.121 V                             ; 0.03 V                              ; 4.64e-10 s                 ; 4.47e-10 s                 ; Yes                       ; Yes                       ;
; LEDR[10]      ; 2.5 V        ; 0 s                 ; 0 s                 ; 2.32 V                       ; 4.67e-07 V                   ; 2.35 V              ; -0.00942 V          ; 0.116 V                              ; 0.033 V                              ; 6.66e-10 s                  ; 6.27e-10 s                  ; Yes                        ; Yes                        ; 2.32 V                      ; 4.67e-07 V                  ; 2.35 V             ; -0.00942 V         ; 0.116 V                             ; 0.033 V                             ; 6.66e-10 s                 ; 6.27e-10 s                 ; Yes                       ; Yes                       ;
; LEDR[11]      ; 2.5 V        ; 0 s                 ; 0 s                 ; 2.32 V                       ; 6.92e-07 V                   ; 2.35 V              ; -0.00996 V          ; 0.121 V                              ; 0.03 V                               ; 4.64e-10 s                  ; 4.47e-10 s                  ; Yes                        ; Yes                        ; 2.32 V                      ; 6.92e-07 V                  ; 2.35 V             ; -0.00996 V         ; 0.121 V                             ; 0.03 V                              ; 4.64e-10 s                 ; 4.47e-10 s                 ; Yes                       ; Yes                       ;
; LEDR[12]      ; 2.5 V        ; 0 s                 ; 0 s                 ; 2.32 V                       ; 6.92e-07 V                   ; 2.35 V              ; -0.00996 V          ; 0.121 V                              ; 0.03 V                               ; 4.64e-10 s                  ; 4.47e-10 s                  ; Yes                        ; Yes                        ; 2.32 V                      ; 6.92e-07 V                  ; 2.35 V             ; -0.00996 V         ; 0.121 V                             ; 0.03 V                              ; 4.64e-10 s                 ; 4.47e-10 s                 ; Yes                       ; Yes                       ;
; LEDR[13]      ; 2.5 V        ; 0 s                 ; 0 s                 ; 2.32 V                       ; 6.92e-07 V                   ; 2.35 V              ; -0.00996 V          ; 0.121 V                              ; 0.03 V                               ; 4.64e-10 s                  ; 4.47e-10 s                  ; Yes                        ; Yes                        ; 2.32 V                      ; 6.92e-07 V                  ; 2.35 V             ; -0.00996 V         ; 0.121 V                             ; 0.03 V                              ; 4.64e-10 s                 ; 4.47e-10 s                 ; Yes                       ; Yes                       ;
; LEDR[14]      ; 2.5 V        ; 0 s                 ; 0 s                 ; 2.32 V                       ; 6.92e-07 V                   ; 2.35 V              ; -0.00996 V          ; 0.121 V                              ; 0.03 V                               ; 4.64e-10 s                  ; 4.47e-10 s                  ; Yes                        ; Yes                        ; 2.32 V                      ; 6.92e-07 V                  ; 2.35 V             ; -0.00996 V         ; 0.121 V                             ; 0.03 V                              ; 4.64e-10 s                 ; 4.47e-10 s                 ; Yes                       ; Yes                       ;
; LEDR[15]      ; 2.5 V        ; 0 s                 ; 0 s                 ; 2.32 V                       ; 6.92e-07 V                   ; 2.35 V              ; -0.00996 V          ; 0.121 V                              ; 0.03 V                               ; 4.64e-10 s                  ; 4.47e-10 s                  ; Yes                        ; Yes                        ; 2.32 V                      ; 6.92e-07 V                  ; 2.35 V             ; -0.00996 V         ; 0.121 V                             ; 0.03 V                              ; 4.64e-10 s                 ; 4.47e-10 s                 ; Yes                       ; Yes                       ;
; LEDR[16]      ; 2.5 V        ; 0 s                 ; 0 s                 ; 2.32 V                       ; 6.92e-07 V                   ; 2.35 V              ; -0.00996 V          ; 0.121 V                              ; 0.03 V                               ; 4.64e-10 s                  ; 4.47e-10 s                  ; Yes                        ; Yes                        ; 2.32 V                      ; 6.92e-07 V                  ; 2.35 V             ; -0.00996 V         ; 0.121 V                             ; 0.03 V                              ; 4.64e-10 s                 ; 4.47e-10 s                 ; Yes                       ; Yes                       ;
; LEDR[17]      ; 2.5 V        ; 0 s                 ; 0 s                 ; 2.32 V                       ; 6.92e-07 V                   ; 2.35 V              ; -0.00996 V          ; 0.121 V                              ; 0.03 V                               ; 4.64e-10 s                  ; 4.47e-10 s                  ; Yes                        ; Yes                        ; 2.32 V                      ; 6.92e-07 V                  ; 2.35 V             ; -0.00996 V         ; 0.121 V                             ; 0.03 V                              ; 4.64e-10 s                 ; 4.47e-10 s                 ; Yes                       ; Yes                       ;
; LEDG[0]       ; 2.5 V        ; 0 s                 ; 0 s                 ; 2.32 V                       ; 6.92e-07 V                   ; 2.35 V              ; -0.00996 V          ; 0.121 V                              ; 0.03 V                               ; 4.64e-10 s                  ; 4.47e-10 s                  ; Yes                        ; Yes                        ; 2.32 V                      ; 6.92e-07 V                  ; 2.35 V             ; -0.00996 V         ; 0.121 V                             ; 0.03 V                              ; 4.64e-10 s                 ; 4.47e-10 s                 ; Yes                       ; Yes                       ;
; LEDG[1]       ; 2.5 V        ; 0 s                 ; 0 s                 ; 2.32 V                       ; 4.67e-07 V                   ; 2.35 V              ; -0.00942 V          ; 0.116 V                              ; 0.033 V                              ; 6.66e-10 s                  ; 6.27e-10 s                  ; Yes                        ; Yes                        ; 2.32 V                      ; 4.67e-07 V                  ; 2.35 V             ; -0.00942 V         ; 0.116 V                             ; 0.033 V                             ; 6.66e-10 s                 ; 6.27e-10 s                 ; Yes                       ; Yes                       ;
; LEDG[2]       ; 2.5 V        ; 0 s                 ; 0 s                 ; 2.32 V                       ; 4.67e-07 V                   ; 2.35 V              ; -0.00942 V          ; 0.116 V                              ; 0.033 V                              ; 6.66e-10 s                  ; 6.27e-10 s                  ; Yes                        ; Yes                        ; 2.32 V                      ; 4.67e-07 V                  ; 2.35 V             ; -0.00942 V         ; 0.116 V                             ; 0.033 V                             ; 6.66e-10 s                 ; 6.27e-10 s                 ; Yes                       ; Yes                       ;
; LEDG[3]       ; 2.5 V        ; 0 s                 ; 0 s                 ; 2.32 V                       ; 6.92e-07 V                   ; 2.35 V              ; -0.00996 V          ; 0.121 V                              ; 0.03 V                               ; 4.64e-10 s                  ; 4.47e-10 s                  ; Yes                        ; Yes                        ; 2.32 V                      ; 6.92e-07 V                  ; 2.35 V             ; -0.00996 V         ; 0.121 V                             ; 0.03 V                              ; 4.64e-10 s                 ; 4.47e-10 s                 ; Yes                       ; Yes                       ;
; LEDG[4]       ; 2.5 V        ; 0 s                 ; 0 s                 ; 2.32 V                       ; 6.92e-07 V                   ; 2.33 V              ; -0.00265 V          ; 0.133 V                              ; 0.056 V                              ; 3.55e-09 s                  ; 3.31e-09 s                  ; Yes                        ; Yes                        ; 2.32 V                      ; 6.92e-07 V                  ; 2.33 V             ; -0.00265 V         ; 0.133 V                             ; 0.056 V                             ; 3.55e-09 s                 ; 3.31e-09 s                 ; Yes                       ; Yes                       ;
; LEDG[5]       ; 2.5 V        ; 0 s                 ; 0 s                 ; 2.32 V                       ; 4.67e-07 V                   ; 2.35 V              ; -0.00942 V          ; 0.116 V                              ; 0.033 V                              ; 6.66e-10 s                  ; 6.27e-10 s                  ; Yes                        ; Yes                        ; 2.32 V                      ; 4.67e-07 V                  ; 2.35 V             ; -0.00942 V         ; 0.116 V                             ; 0.033 V                             ; 6.66e-10 s                 ; 6.27e-10 s                 ; Yes                       ; Yes                       ;
; LEDG[6]       ; 2.5 V        ; 0 s                 ; 0 s                 ; 2.32 V                       ; 6.92e-07 V                   ; 2.35 V              ; -0.00996 V          ; 0.121 V                              ; 0.03 V                               ; 4.64e-10 s                  ; 4.47e-10 s                  ; Yes                        ; Yes                        ; 2.32 V                      ; 6.92e-07 V                  ; 2.35 V             ; -0.00996 V         ; 0.121 V                             ; 0.03 V                              ; 4.64e-10 s                 ; 4.47e-10 s                 ; Yes                       ; Yes                       ;
; LEDG[7]       ; 2.5 V        ; 0 s                 ; 0 s                 ; 2.32 V                       ; 6.92e-07 V                   ; 2.35 V              ; -0.00996 V          ; 0.121 V                              ; 0.03 V                               ; 4.64e-10 s                  ; 4.47e-10 s                  ; Yes                        ; Yes                        ; 2.32 V                      ; 6.92e-07 V                  ; 2.35 V             ; -0.00996 V         ; 0.121 V                             ; 0.03 V                              ; 4.64e-10 s                 ; 4.47e-10 s                 ; Yes                       ; Yes                       ;
; LEDG[8]       ; 2.5 V        ; 0 s                 ; 0 s                 ; 2.32 V                       ; 6.92e-07 V                   ; 2.35 V              ; -0.00996 V          ; 0.121 V                              ; 0.03 V                               ; 4.64e-10 s                  ; 4.47e-10 s                  ; Yes                        ; Yes                        ; 2.32 V                      ; 6.92e-07 V                  ; 2.35 V             ; -0.00996 V         ; 0.121 V                             ; 0.03 V                              ; 4.64e-10 s                 ; 4.47e-10 s                 ; Yes                       ; Yes                       ;
; HEX0[0]       ; 2.5 V        ; 0 s                 ; 0 s                 ; 2.32 V                       ; 4.67e-07 V                   ; 2.35 V              ; -0.00942 V          ; 0.116 V                              ; 0.033 V                              ; 6.66e-10 s                  ; 6.27e-10 s                  ; Yes                        ; Yes                        ; 2.32 V                      ; 4.67e-07 V                  ; 2.35 V             ; -0.00942 V         ; 0.116 V                             ; 0.033 V                             ; 6.66e-10 s                 ; 6.27e-10 s                 ; Yes                       ; Yes                       ;
; HEX0[1]       ; 2.5 V        ; 0 s                 ; 0 s                 ; 2.32 V                       ; 6.92e-07 V                   ; 2.35 V              ; -0.00996 V          ; 0.121 V                              ; 0.03 V                               ; 4.64e-10 s                  ; 4.47e-10 s                  ; Yes                        ; Yes                        ; 2.32 V                      ; 6.92e-07 V                  ; 2.35 V             ; -0.00996 V         ; 0.121 V                             ; 0.03 V                              ; 4.64e-10 s                 ; 4.47e-10 s                 ; Yes                       ; Yes                       ;
; HEX0[2]       ; 2.5 V        ; 0 s                 ; 0 s                 ; 2.32 V                       ; 4.67e-07 V                   ; 2.35 V              ; -0.00942 V          ; 0.116 V                              ; 0.033 V                              ; 6.66e-10 s                  ; 6.27e-10 s                  ; Yes                        ; Yes                        ; 2.32 V                      ; 4.67e-07 V                  ; 2.35 V             ; -0.00942 V         ; 0.116 V                             ; 0.033 V                             ; 6.66e-10 s                 ; 6.27e-10 s                 ; Yes                       ; Yes                       ;
; HEX0[3]       ; 2.5 V        ; 0 s                 ; 0 s                 ; 2.32 V                       ; 6.92e-07 V                   ; 2.35 V              ; -0.00996 V          ; 0.121 V                              ; 0.03 V                               ; 4.64e-10 s                  ; 4.47e-10 s                  ; Yes                        ; Yes                        ; 2.32 V                      ; 6.92e-07 V                  ; 2.35 V             ; -0.00996 V         ; 0.121 V                             ; 0.03 V                              ; 4.64e-10 s                 ; 4.47e-10 s                 ; Yes                       ; Yes                       ;
; HEX0[4]       ; 2.5 V        ; 0 s                 ; 0 s                 ; 2.32 V                       ; 6.92e-07 V                   ; 2.35 V              ; -0.00996 V          ; 0.121 V                              ; 0.03 V                               ; 4.64e-10 s                  ; 4.47e-10 s                  ; Yes                        ; Yes                        ; 2.32 V                      ; 6.92e-07 V                  ; 2.35 V             ; -0.00996 V         ; 0.121 V                             ; 0.03 V                              ; 4.64e-10 s                 ; 4.47e-10 s                 ; Yes                       ; Yes                       ;
; HEX0[5]       ; 2.5 V        ; 0 s                 ; 0 s                 ; 2.32 V                       ; 4.67e-07 V                   ; 2.35 V              ; -0.00942 V          ; 0.116 V                              ; 0.033 V                              ; 6.66e-10 s                  ; 6.27e-10 s                  ; Yes                        ; Yes                        ; 2.32 V                      ; 4.67e-07 V                  ; 2.35 V             ; -0.00942 V         ; 0.116 V                             ; 0.033 V                             ; 6.66e-10 s                 ; 6.27e-10 s                 ; Yes                       ; Yes                       ;
; HEX0[6]       ; 2.5 V        ; 0 s                 ; 0 s                 ; 2.32 V                       ; 4.67e-07 V                   ; 2.36 V              ; -0.00552 V          ; 0.11 V                               ; 0.007 V                              ; 4.54e-10 s                  ; 4.35e-10 s                  ; Yes                        ; Yes                        ; 2.32 V                      ; 4.67e-07 V                  ; 2.36 V             ; -0.00552 V         ; 0.11 V                              ; 0.007 V                             ; 4.54e-10 s                 ; 4.35e-10 s                 ; Yes                       ; Yes                       ;
; HEX1[0]       ; 2.5 V        ; 0 s                 ; 0 s                 ; 2.32 V                       ; 6.92e-07 V                   ; 2.35 V              ; -0.00996 V          ; 0.121 V                              ; 0.03 V                               ; 4.64e-10 s                  ; 4.47e-10 s                  ; Yes                        ; Yes                        ; 2.32 V                      ; 6.92e-07 V                  ; 2.35 V             ; -0.00996 V         ; 0.121 V                             ; 0.03 V                              ; 4.64e-10 s                 ; 4.47e-10 s                 ; Yes                       ; Yes                       ;
; HEX1[1]       ; 2.5 V        ; 0 s                 ; 0 s                 ; 2.32 V                       ; 6.92e-07 V                   ; 2.35 V              ; -0.00996 V          ; 0.121 V                              ; 0.03 V                               ; 4.64e-10 s                  ; 4.47e-10 s                  ; Yes                        ; Yes                        ; 2.32 V                      ; 6.92e-07 V                  ; 2.35 V             ; -0.00996 V         ; 0.121 V                             ; 0.03 V                              ; 4.64e-10 s                 ; 4.47e-10 s                 ; Yes                       ; Yes                       ;
; HEX1[2]       ; 2.5 V        ; 0 s                 ; 0 s                 ; 2.32 V                       ; 6.92e-07 V                   ; 2.35 V              ; -0.00996 V          ; 0.121 V                              ; 0.03 V                               ; 4.64e-10 s                  ; 4.47e-10 s                  ; Yes                        ; Yes                        ; 2.32 V                      ; 6.92e-07 V                  ; 2.35 V             ; -0.00996 V         ; 0.121 V                             ; 0.03 V                              ; 4.64e-10 s                 ; 4.47e-10 s                 ; Yes                       ; Yes                       ;
; HEX1[3]       ; 2.5 V        ; 0 s                 ; 0 s                 ; 2.32 V                       ; 4.67e-07 V                   ; 2.35 V              ; -0.00942 V          ; 0.116 V                              ; 0.033 V                              ; 6.66e-10 s                  ; 6.27e-10 s                  ; Yes                        ; Yes                        ; 2.32 V                      ; 4.67e-07 V                  ; 2.35 V             ; -0.00942 V         ; 0.116 V                             ; 0.033 V                             ; 6.66e-10 s                 ; 6.27e-10 s                 ; Yes                       ; Yes                       ;
; HEX1[4]       ; 2.5 V        ; 0 s                 ; 0 s                 ; 2.32 V                       ; 4.67e-07 V                   ; 2.35 V              ; -0.00942 V          ; 0.116 V                              ; 0.033 V                              ; 6.66e-10 s                  ; 6.27e-10 s                  ; Yes                        ; Yes                        ; 2.32 V                      ; 4.67e-07 V                  ; 2.35 V             ; -0.00942 V         ; 0.116 V                             ; 0.033 V                             ; 6.66e-10 s                 ; 6.27e-10 s                 ; Yes                       ; Yes                       ;
; HEX1[5]       ; 2.5 V        ; 0 s                 ; 0 s                 ; 2.32 V                       ; 6.92e-07 V                   ; 2.35 V              ; -0.00996 V          ; 0.121 V                              ; 0.03 V                               ; 4.64e-10 s                  ; 4.47e-10 s                  ; Yes                        ; Yes                        ; 2.32 V                      ; 6.92e-07 V                  ; 2.35 V             ; -0.00996 V         ; 0.121 V                             ; 0.03 V                              ; 4.64e-10 s                 ; 4.47e-10 s                 ; Yes                       ; Yes                       ;
; HEX1[6]       ; 2.5 V        ; 0 s                 ; 0 s                 ; 2.32 V                       ; 6.92e-07 V                   ; 2.35 V              ; -0.00996 V          ; 0.121 V                              ; 0.03 V                               ; 4.64e-10 s                  ; 4.47e-10 s                  ; Yes                        ; Yes                        ; 2.32 V                      ; 6.92e-07 V                  ; 2.35 V             ; -0.00996 V         ; 0.121 V                             ; 0.03 V                              ; 4.64e-10 s                 ; 4.47e-10 s                 ; Yes                       ; Yes                       ;
; HEX2[0]       ; 2.5 V        ; 0 s                 ; 0 s                 ; 2.32 V                       ; 6.92e-07 V                   ; 2.33 V              ; -0.00265 V          ; 0.133 V                              ; 0.056 V                              ; 3.55e-09 s                  ; 3.31e-09 s                  ; Yes                        ; Yes                        ; 2.32 V                      ; 6.92e-07 V                  ; 2.33 V             ; -0.00265 V         ; 0.133 V                             ; 0.056 V                             ; 3.55e-09 s                 ; 3.31e-09 s                 ; Yes                       ; Yes                       ;
; HEX2[1]       ; 2.5 V        ; 0 s                 ; 0 s                 ; 2.32 V                       ; 4.67e-07 V                   ; 2.33 V              ; -0.00269 V          ; 0.13 V                               ; 0.055 V                              ; 3.54e-09 s                  ; 3.29e-09 s                  ; Yes                        ; Yes                        ; 2.32 V                      ; 4.67e-07 V                  ; 2.33 V             ; -0.00269 V         ; 0.13 V                              ; 0.055 V                             ; 3.54e-09 s                 ; 3.29e-09 s                 ; Yes                       ; Yes                       ;
; HEX2[2]       ; 2.5 V        ; 0 s                 ; 0 s                 ; 2.32 V                       ; 4.67e-07 V                   ; 2.36 V              ; -0.00552 V          ; 0.11 V                               ; 0.007 V                              ; 4.54e-10 s                  ; 4.35e-10 s                  ; Yes                        ; Yes                        ; 2.32 V                      ; 4.67e-07 V                  ; 2.36 V             ; -0.00552 V         ; 0.11 V                              ; 0.007 V                             ; 4.54e-10 s                 ; 4.35e-10 s                 ; Yes                       ; Yes                       ;
; HEX2[3]       ; 2.5 V        ; 0 s                 ; 0 s                 ; 2.32 V                       ; 6.92e-07 V                   ; 2.35 V              ; -0.00996 V          ; 0.121 V                              ; 0.03 V                               ; 4.64e-10 s                  ; 4.47e-10 s                  ; Yes                        ; Yes                        ; 2.32 V                      ; 6.92e-07 V                  ; 2.35 V             ; -0.00996 V         ; 0.121 V                             ; 0.03 V                              ; 4.64e-10 s                 ; 4.47e-10 s                 ; Yes                       ; Yes                       ;
; HEX2[4]       ; 2.5 V        ; 0 s                 ; 0 s                 ; 2.32 V                       ; 6.92e-07 V                   ; 2.35 V              ; -0.00996 V          ; 0.121 V                              ; 0.03 V                               ; 4.64e-10 s                  ; 4.47e-10 s                  ; Yes                        ; Yes                        ; 2.32 V                      ; 6.92e-07 V                  ; 2.35 V             ; -0.00996 V         ; 0.121 V                             ; 0.03 V                              ; 4.64e-10 s                 ; 4.47e-10 s                 ; Yes                       ; Yes                       ;
; HEX2[5]       ; 2.5 V        ; 0 s                 ; 0 s                 ; 2.32 V                       ; 6.92e-07 V                   ; 2.35 V              ; -0.00996 V          ; 0.121 V                              ; 0.03 V                               ; 4.64e-10 s                  ; 4.47e-10 s                  ; Yes                        ; Yes                        ; 2.32 V                      ; 6.92e-07 V                  ; 2.35 V             ; -0.00996 V         ; 0.121 V                             ; 0.03 V                              ; 4.64e-10 s                 ; 4.47e-10 s                 ; Yes                       ; Yes                       ;
; HEX2[6]       ; 2.5 V        ; 0 s                 ; 0 s                 ; 2.32 V                       ; 6.92e-07 V                   ; 2.35 V              ; -0.00996 V          ; 0.121 V                              ; 0.03 V                               ; 4.64e-10 s                  ; 4.47e-10 s                  ; Yes                        ; Yes                        ; 2.32 V                      ; 6.92e-07 V                  ; 2.35 V             ; -0.00996 V         ; 0.121 V                             ; 0.03 V                              ; 4.64e-10 s                 ; 4.47e-10 s                 ; Yes                       ; Yes                       ;
; HEX3[0]       ; 2.5 V        ; 0 s                 ; 0 s                 ; 2.32 V                       ; 6.92e-07 V                   ; 2.35 V              ; -0.00996 V          ; 0.121 V                              ; 0.03 V                               ; 4.64e-10 s                  ; 4.47e-10 s                  ; Yes                        ; Yes                        ; 2.32 V                      ; 6.92e-07 V                  ; 2.35 V             ; -0.00996 V         ; 0.121 V                             ; 0.03 V                              ; 4.64e-10 s                 ; 4.47e-10 s                 ; Yes                       ; Yes                       ;
; HEX3[1]       ; 2.5 V        ; 0 s                 ; 0 s                 ; 2.32 V                       ; 6.92e-07 V                   ; 2.35 V              ; -0.00996 V          ; 0.121 V                              ; 0.03 V                               ; 4.64e-10 s                  ; 4.47e-10 s                  ; Yes                        ; Yes                        ; 2.32 V                      ; 6.92e-07 V                  ; 2.35 V             ; -0.00996 V         ; 0.121 V                             ; 0.03 V                              ; 4.64e-10 s                 ; 4.47e-10 s                 ; Yes                       ; Yes                       ;
; HEX3[2]       ; 2.5 V        ; 0 s                 ; 0 s                 ; 2.32 V                       ; 4.67e-07 V                   ; 2.35 V              ; -0.00942 V          ; 0.116 V                              ; 0.033 V                              ; 6.66e-10 s                  ; 6.27e-10 s                  ; Yes                        ; Yes                        ; 2.32 V                      ; 4.67e-07 V                  ; 2.35 V             ; -0.00942 V         ; 0.116 V                             ; 0.033 V                             ; 6.66e-10 s                 ; 6.27e-10 s                 ; Yes                       ; Yes                       ;
; HEX3[3]       ; 2.5 V        ; 0 s                 ; 0 s                 ; 2.32 V                       ; 4.67e-07 V                   ; 2.35 V              ; -0.00942 V          ; 0.116 V                              ; 0.033 V                              ; 6.66e-10 s                  ; 6.27e-10 s                  ; Yes                        ; Yes                        ; 2.32 V                      ; 4.67e-07 V                  ; 2.35 V             ; -0.00942 V         ; 0.116 V                             ; 0.033 V                             ; 6.66e-10 s                 ; 6.27e-10 s                 ; Yes                       ; Yes                       ;
; HEX3[4]       ; 2.5 V        ; 0 s                 ; 0 s                 ; 2.32 V                       ; 4.67e-07 V                   ; 2.35 V              ; -0.00942 V          ; 0.116 V                              ; 0.033 V                              ; 6.66e-10 s                  ; 6.27e-10 s                  ; Yes                        ; Yes                        ; 2.32 V                      ; 4.67e-07 V                  ; 2.35 V             ; -0.00942 V         ; 0.116 V                             ; 0.033 V                             ; 6.66e-10 s                 ; 6.27e-10 s                 ; Yes                       ; Yes                       ;
; HEX3[5]       ; 2.5 V        ; 0 s                 ; 0 s                 ; 2.32 V                       ; 6.92e-07 V                   ; 2.35 V              ; -0.00996 V          ; 0.121 V                              ; 0.03 V                               ; 4.64e-10 s                  ; 4.47e-10 s                  ; Yes                        ; Yes                        ; 2.32 V                      ; 6.92e-07 V                  ; 2.35 V             ; -0.00996 V         ; 0.121 V                             ; 0.03 V                              ; 4.64e-10 s                 ; 4.47e-10 s                 ; Yes                       ; Yes                       ;
; HEX3[6]       ; 2.5 V        ; 0 s                 ; 0 s                 ; 2.32 V                       ; 6.92e-07 V                   ; 2.35 V              ; -0.00996 V          ; 0.121 V                              ; 0.03 V                               ; 4.64e-10 s                  ; 4.47e-10 s                  ; Yes                        ; Yes                        ; 2.32 V                      ; 6.92e-07 V                  ; 2.35 V             ; -0.00996 V         ; 0.121 V                             ; 0.03 V                              ; 4.64e-10 s                 ; 4.47e-10 s                 ; Yes                       ; Yes                       ;
; HEX4[0]       ; 2.5 V        ; 0 s                 ; 0 s                 ; 2.32 V                       ; 6.92e-07 V                   ; 2.35 V              ; -0.00996 V          ; 0.121 V                              ; 0.03 V                               ; 4.64e-10 s                  ; 4.47e-10 s                  ; Yes                        ; Yes                        ; 2.32 V                      ; 6.92e-07 V                  ; 2.35 V             ; -0.00996 V         ; 0.121 V                             ; 0.03 V                              ; 4.64e-10 s                 ; 4.47e-10 s                 ; Yes                       ; Yes                       ;
; HEX4[1]       ; 2.5 V        ; 0 s                 ; 0 s                 ; 2.32 V                       ; 4.67e-07 V                   ; 2.35 V              ; -0.00942 V          ; 0.116 V                              ; 0.033 V                              ; 6.66e-10 s                  ; 6.27e-10 s                  ; Yes                        ; Yes                        ; 2.32 V                      ; 4.67e-07 V                  ; 2.35 V             ; -0.00942 V         ; 0.116 V                             ; 0.033 V                             ; 6.66e-10 s                 ; 6.27e-10 s                 ; Yes                       ; Yes                       ;
; HEX4[2]       ; 2.5 V        ; 0 s                 ; 0 s                 ; 2.32 V                       ; 6.92e-07 V                   ; 2.35 V              ; -0.00996 V          ; 0.121 V                              ; 0.03 V                               ; 4.64e-10 s                  ; 4.47e-10 s                  ; Yes                        ; Yes                        ; 2.32 V                      ; 6.92e-07 V                  ; 2.35 V             ; -0.00996 V         ; 0.121 V                             ; 0.03 V                              ; 4.64e-10 s                 ; 4.47e-10 s                 ; Yes                       ; Yes                       ;
; HEX4[3]       ; 2.5 V        ; 0 s                 ; 0 s                 ; 2.32 V                       ; 6.92e-07 V                   ; 2.35 V              ; -0.00996 V          ; 0.121 V                              ; 0.03 V                               ; 4.64e-10 s                  ; 4.47e-10 s                  ; Yes                        ; Yes                        ; 2.32 V                      ; 6.92e-07 V                  ; 2.35 V             ; -0.00996 V         ; 0.121 V                             ; 0.03 V                              ; 4.64e-10 s                 ; 4.47e-10 s                 ; Yes                       ; Yes                       ;
; HEX4[4]       ; 2.5 V        ; 0 s                 ; 0 s                 ; 2.32 V                       ; 6.92e-07 V                   ; 2.35 V              ; -0.00996 V          ; 0.121 V                              ; 0.03 V                               ; 4.64e-10 s                  ; 4.47e-10 s                  ; Yes                        ; Yes                        ; 2.32 V                      ; 6.92e-07 V                  ; 2.35 V             ; -0.00996 V         ; 0.121 V                             ; 0.03 V                              ; 4.64e-10 s                 ; 4.47e-10 s                 ; Yes                       ; Yes                       ;
; HEX4[5]       ; 2.5 V        ; 0 s                 ; 0 s                 ; 2.32 V                       ; 6.92e-07 V                   ; 2.33 V              ; -0.00265 V          ; 0.133 V                              ; 0.056 V                              ; 3.55e-09 s                  ; 3.31e-09 s                  ; Yes                        ; Yes                        ; 2.32 V                      ; 6.92e-07 V                  ; 2.33 V             ; -0.00265 V         ; 0.133 V                             ; 0.056 V                             ; 3.55e-09 s                 ; 3.31e-09 s                 ; Yes                       ; Yes                       ;
; HEX4[6]       ; 2.5 V        ; 0 s                 ; 0 s                 ; 2.32 V                       ; 6.92e-07 V                   ; 2.35 V              ; -0.00996 V          ; 0.121 V                              ; 0.03 V                               ; 4.64e-10 s                  ; 4.47e-10 s                  ; Yes                        ; Yes                        ; 2.32 V                      ; 6.92e-07 V                  ; 2.35 V             ; -0.00996 V         ; 0.121 V                             ; 0.03 V                              ; 4.64e-10 s                 ; 4.47e-10 s                 ; Yes                       ; Yes                       ;
; HEX5[0]       ; 2.5 V        ; 0 s                 ; 0 s                 ; 2.32 V                       ; 6.92e-07 V                   ; 2.35 V              ; -0.00996 V          ; 0.121 V                              ; 0.03 V                               ; 4.64e-10 s                  ; 4.47e-10 s                  ; Yes                        ; Yes                        ; 2.32 V                      ; 6.92e-07 V                  ; 2.35 V             ; -0.00996 V         ; 0.121 V                             ; 0.03 V                              ; 4.64e-10 s                 ; 4.47e-10 s                 ; Yes                       ; Yes                       ;
; HEX5[1]       ; 2.5 V        ; 0 s                 ; 0 s                 ; 2.32 V                       ; 6.92e-07 V                   ; 2.35 V              ; -0.00996 V          ; 0.121 V                              ; 0.03 V                               ; 4.64e-10 s                  ; 4.47e-10 s                  ; Yes                        ; Yes                        ; 2.32 V                      ; 6.92e-07 V                  ; 2.35 V             ; -0.00996 V         ; 0.121 V                             ; 0.03 V                              ; 4.64e-10 s                 ; 4.47e-10 s                 ; Yes                       ; Yes                       ;
; HEX5[2]       ; 2.5 V        ; 0 s                 ; 0 s                 ; 2.32 V                       ; 6.92e-07 V                   ; 2.35 V              ; -0.00996 V          ; 0.121 V                              ; 0.03 V                               ; 4.64e-10 s                  ; 4.47e-10 s                  ; Yes                        ; Yes                        ; 2.32 V                      ; 6.92e-07 V                  ; 2.35 V             ; -0.00996 V         ; 0.121 V                             ; 0.03 V                              ; 4.64e-10 s                 ; 4.47e-10 s                 ; Yes                       ; Yes                       ;
; HEX5[3]       ; 2.5 V        ; 0 s                 ; 0 s                 ; 2.32 V                       ; 6.92e-07 V                   ; 2.35 V              ; -0.00996 V          ; 0.121 V                              ; 0.03 V                               ; 4.64e-10 s                  ; 4.47e-10 s                  ; Yes                        ; Yes                        ; 2.32 V                      ; 6.92e-07 V                  ; 2.35 V             ; -0.00996 V         ; 0.121 V                             ; 0.03 V                              ; 4.64e-10 s                 ; 4.47e-10 s                 ; Yes                       ; Yes                       ;
; HEX5[4]       ; 2.5 V        ; 0 s                 ; 0 s                 ; 2.32 V                       ; 6.92e-07 V                   ; 2.35 V              ; -0.00996 V          ; 0.121 V                              ; 0.03 V                               ; 4.64e-10 s                  ; 4.47e-10 s                  ; Yes                        ; Yes                        ; 2.32 V                      ; 6.92e-07 V                  ; 2.35 V             ; -0.00996 V         ; 0.121 V                             ; 0.03 V                              ; 4.64e-10 s                 ; 4.47e-10 s                 ; Yes                       ; Yes                       ;
; HEX5[5]       ; 2.5 V        ; 0 s                 ; 0 s                 ; 2.32 V                       ; 4.67e-07 V                   ; 2.35 V              ; -0.00942 V          ; 0.116 V                              ; 0.033 V                              ; 6.66e-10 s                  ; 6.27e-10 s                  ; Yes                        ; Yes                        ; 2.32 V                      ; 4.67e-07 V                  ; 2.35 V             ; -0.00942 V         ; 0.116 V                             ; 0.033 V                             ; 6.66e-10 s                 ; 6.27e-10 s                 ; Yes                       ; Yes                       ;
; HEX5[6]       ; 2.5 V        ; 0 s                 ; 0 s                 ; 2.32 V                       ; 4.67e-07 V                   ; 2.35 V              ; -0.00942 V          ; 0.116 V                              ; 0.033 V                              ; 6.66e-10 s                  ; 6.27e-10 s                  ; Yes                        ; Yes                        ; 2.32 V                      ; 4.67e-07 V                  ; 2.35 V             ; -0.00942 V         ; 0.116 V                             ; 0.033 V                             ; 6.66e-10 s                 ; 6.27e-10 s                 ; Yes                       ; Yes                       ;
; HEX6[0]       ; 2.5 V        ; 0 s                 ; 0 s                 ; 2.32 V                       ; 4.67e-07 V                   ; 2.36 V              ; -0.00552 V          ; 0.11 V                               ; 0.007 V                              ; 4.54e-10 s                  ; 4.35e-10 s                  ; Yes                        ; Yes                        ; 2.32 V                      ; 4.67e-07 V                  ; 2.36 V             ; -0.00552 V         ; 0.11 V                              ; 0.007 V                             ; 4.54e-10 s                 ; 4.35e-10 s                 ; Yes                       ; Yes                       ;
; HEX6[1]       ; 2.5 V        ; 0 s                 ; 0 s                 ; 2.32 V                       ; 6.92e-07 V                   ; 2.35 V              ; -0.00996 V          ; 0.121 V                              ; 0.03 V                               ; 4.64e-10 s                  ; 4.47e-10 s                  ; Yes                        ; Yes                        ; 2.32 V                      ; 6.92e-07 V                  ; 2.35 V             ; -0.00996 V         ; 0.121 V                             ; 0.03 V                              ; 4.64e-10 s                 ; 4.47e-10 s                 ; Yes                       ; Yes                       ;
; HEX6[2]       ; 2.5 V        ; 0 s                 ; 0 s                 ; 2.32 V                       ; 4.67e-07 V                   ; 2.35 V              ; -0.00942 V          ; 0.116 V                              ; 0.033 V                              ; 6.66e-10 s                  ; 6.27e-10 s                  ; Yes                        ; Yes                        ; 2.32 V                      ; 4.67e-07 V                  ; 2.35 V             ; -0.00942 V         ; 0.116 V                             ; 0.033 V                             ; 6.66e-10 s                 ; 6.27e-10 s                 ; Yes                       ; Yes                       ;
; HEX6[3]       ; 2.5 V        ; 0 s                 ; 0 s                 ; 2.32 V                       ; 6.92e-07 V                   ; 2.35 V              ; -0.00996 V          ; 0.121 V                              ; 0.03 V                               ; 4.64e-10 s                  ; 4.47e-10 s                  ; Yes                        ; Yes                        ; 2.32 V                      ; 6.92e-07 V                  ; 2.35 V             ; -0.00996 V         ; 0.121 V                             ; 0.03 V                              ; 4.64e-10 s                 ; 4.47e-10 s                 ; Yes                       ; Yes                       ;
; HEX6[4]       ; 2.5 V        ; 0 s                 ; 0 s                 ; 2.32 V                       ; 6.92e-07 V                   ; 2.35 V              ; -0.00996 V          ; 0.121 V                              ; 0.03 V                               ; 4.64e-10 s                  ; 4.47e-10 s                  ; Yes                        ; Yes                        ; 2.32 V                      ; 6.92e-07 V                  ; 2.35 V             ; -0.00996 V         ; 0.121 V                             ; 0.03 V                              ; 4.64e-10 s                 ; 4.47e-10 s                 ; Yes                       ; Yes                       ;
; HEX6[5]       ; 2.5 V        ; 0 s                 ; 0 s                 ; 2.32 V                       ; 4.67e-07 V                   ; 2.35 V              ; -0.00942 V          ; 0.116 V                              ; 0.033 V                              ; 6.66e-10 s                  ; 6.27e-10 s                  ; Yes                        ; Yes                        ; 2.32 V                      ; 4.67e-07 V                  ; 2.35 V             ; -0.00942 V         ; 0.116 V                             ; 0.033 V                             ; 6.66e-10 s                 ; 6.27e-10 s                 ; Yes                       ; Yes                       ;
; HEX6[6]       ; 2.5 V        ; 0 s                 ; 0 s                 ; 2.32 V                       ; 4.67e-07 V                   ; 2.35 V              ; -0.00942 V          ; 0.116 V                              ; 0.033 V                              ; 6.66e-10 s                  ; 6.27e-10 s                  ; Yes                        ; Yes                        ; 2.32 V                      ; 4.67e-07 V                  ; 2.35 V             ; -0.00942 V         ; 0.116 V                             ; 0.033 V                             ; 6.66e-10 s                 ; 6.27e-10 s                 ; Yes                       ; Yes                       ;
; HEX7[0]       ; 2.5 V        ; 0 s                 ; 0 s                 ; 2.32 V                       ; 4.67e-07 V                   ; 2.35 V              ; -0.00942 V          ; 0.116 V                              ; 0.033 V                              ; 6.66e-10 s                  ; 6.27e-10 s                  ; Yes                        ; Yes                        ; 2.32 V                      ; 4.67e-07 V                  ; 2.35 V             ; -0.00942 V         ; 0.116 V                             ; 0.033 V                             ; 6.66e-10 s                 ; 6.27e-10 s                 ; Yes                       ; Yes                       ;
; HEX7[1]       ; 2.5 V        ; 0 s                 ; 0 s                 ; 2.32 V                       ; 6.92e-07 V                   ; 2.35 V              ; -0.00996 V          ; 0.121 V                              ; 0.03 V                               ; 4.64e-10 s                  ; 4.47e-10 s                  ; Yes                        ; Yes                        ; 2.32 V                      ; 6.92e-07 V                  ; 2.35 V             ; -0.00996 V         ; 0.121 V                             ; 0.03 V                              ; 4.64e-10 s                 ; 4.47e-10 s                 ; Yes                       ; Yes                       ;
; HEX7[2]       ; 2.5 V        ; 0 s                 ; 0 s                 ; 2.32 V                       ; 6.92e-07 V                   ; 2.35 V              ; -0.00996 V          ; 0.121 V                              ; 0.03 V                               ; 4.64e-10 s                  ; 4.47e-10 s                  ; Yes                        ; Yes                        ; 2.32 V                      ; 6.92e-07 V                  ; 2.35 V             ; -0.00996 V         ; 0.121 V                             ; 0.03 V                              ; 4.64e-10 s                 ; 4.47e-10 s                 ; Yes                       ; Yes                       ;
; HEX7[3]       ; 2.5 V        ; 0 s                 ; 0 s                 ; 2.32 V                       ; 4.67e-07 V                   ; 2.35 V              ; -0.00942 V          ; 0.116 V                              ; 0.033 V                              ; 6.66e-10 s                  ; 6.27e-10 s                  ; Yes                        ; Yes                        ; 2.32 V                      ; 4.67e-07 V                  ; 2.35 V             ; -0.00942 V         ; 0.116 V                             ; 0.033 V                             ; 6.66e-10 s                 ; 6.27e-10 s                 ; Yes                       ; Yes                       ;
; HEX7[4]       ; 2.5 V        ; 0 s                 ; 0 s                 ; 2.32 V                       ; 6.92e-07 V                   ; 2.35 V              ; -0.00996 V          ; 0.121 V                              ; 0.03 V                               ; 4.64e-10 s                  ; 4.47e-10 s                  ; Yes                        ; Yes                        ; 2.32 V                      ; 6.92e-07 V                  ; 2.35 V             ; -0.00996 V         ; 0.121 V                             ; 0.03 V                              ; 4.64e-10 s                 ; 4.47e-10 s                 ; Yes                       ; Yes                       ;
; HEX7[5]       ; 2.5 V        ; 0 s                 ; 0 s                 ; 2.32 V                       ; 6.92e-07 V                   ; 2.35 V              ; -0.00996 V          ; 0.121 V                              ; 0.03 V                               ; 4.64e-10 s                  ; 4.47e-10 s                  ; Yes                        ; Yes                        ; 2.32 V                      ; 6.92e-07 V                  ; 2.35 V             ; -0.00996 V         ; 0.121 V                             ; 0.03 V                              ; 4.64e-10 s                 ; 4.47e-10 s                 ; Yes                       ; Yes                       ;
; HEX7[6]       ; 2.5 V        ; 0 s                 ; 0 s                 ; 2.32 V                       ; 6.92e-07 V                   ; 2.35 V              ; -0.00996 V          ; 0.121 V                              ; 0.03 V                               ; 4.64e-10 s                  ; 4.47e-10 s                  ; Yes                        ; Yes                        ; 2.32 V                      ; 6.92e-07 V                  ; 2.35 V             ; -0.00996 V         ; 0.121 V                             ; 0.03 V                              ; 4.64e-10 s                 ; 4.47e-10 s                 ; Yes                       ; Yes                       ;
; VGA_R[0]      ; 2.5 V        ; 0 s                 ; 0 s                 ; 2.32 V                       ; 6.92e-07 V                   ; 2.35 V              ; -0.00996 V          ; 0.121 V                              ; 0.03 V                               ; 4.64e-10 s                  ; 4.47e-10 s                  ; Yes                        ; Yes                        ; 2.32 V                      ; 6.92e-07 V                  ; 2.35 V             ; -0.00996 V         ; 0.121 V                             ; 0.03 V                              ; 4.64e-10 s                 ; 4.47e-10 s                 ; Yes                       ; Yes                       ;
; VGA_R[1]      ; 2.5 V        ; 0 s                 ; 0 s                 ; 2.32 V                       ; 6.92e-07 V                   ; 2.35 V              ; -0.00996 V          ; 0.121 V                              ; 0.03 V                               ; 4.64e-10 s                  ; 4.47e-10 s                  ; Yes                        ; Yes                        ; 2.32 V                      ; 6.92e-07 V                  ; 2.35 V             ; -0.00996 V         ; 0.121 V                             ; 0.03 V                              ; 4.64e-10 s                 ; 4.47e-10 s                 ; Yes                       ; Yes                       ;
; VGA_R[2]      ; 2.5 V        ; 0 s                 ; 0 s                 ; 2.32 V                       ; 6.92e-07 V                   ; 2.35 V              ; -0.00996 V          ; 0.121 V                              ; 0.03 V                               ; 4.64e-10 s                  ; 4.47e-10 s                  ; Yes                        ; Yes                        ; 2.32 V                      ; 6.92e-07 V                  ; 2.35 V             ; -0.00996 V         ; 0.121 V                             ; 0.03 V                              ; 4.64e-10 s                 ; 4.47e-10 s                 ; Yes                       ; Yes                       ;
; VGA_R[3]      ; 2.5 V        ; 0 s                 ; 0 s                 ; 2.32 V                       ; 6.92e-07 V                   ; 2.35 V              ; -0.00996 V          ; 0.121 V                              ; 0.03 V                               ; 4.64e-10 s                  ; 4.47e-10 s                  ; Yes                        ; Yes                        ; 2.32 V                      ; 6.92e-07 V                  ; 2.35 V             ; -0.00996 V         ; 0.121 V                             ; 0.03 V                              ; 4.64e-10 s                 ; 4.47e-10 s                 ; Yes                       ; Yes                       ;
; VGA_R[4]      ; 2.5 V        ; 0 s                 ; 0 s                 ; 2.32 V                       ; 6.92e-07 V                   ; 2.35 V              ; -0.00996 V          ; 0.121 V                              ; 0.03 V                               ; 4.64e-10 s                  ; 4.47e-10 s                  ; Yes                        ; Yes                        ; 2.32 V                      ; 6.92e-07 V                  ; 2.35 V             ; -0.00996 V         ; 0.121 V                             ; 0.03 V                              ; 4.64e-10 s                 ; 4.47e-10 s                 ; Yes                       ; Yes                       ;
; VGA_R[5]      ; 2.5 V        ; 0 s                 ; 0 s                 ; 2.32 V                       ; 6.92e-07 V                   ; 2.35 V              ; -0.00996 V          ; 0.121 V                              ; 0.03 V                               ; 4.64e-10 s                  ; 4.47e-10 s                  ; Yes                        ; Yes                        ; 2.32 V                      ; 6.92e-07 V                  ; 2.35 V             ; -0.00996 V         ; 0.121 V                             ; 0.03 V                              ; 4.64e-10 s                 ; 4.47e-10 s                 ; Yes                       ; Yes                       ;
; VGA_R[6]      ; 2.5 V        ; 0 s                 ; 0 s                 ; 2.32 V                       ; 4.67e-07 V                   ; 2.35 V              ; -0.00942 V          ; 0.116 V                              ; 0.033 V                              ; 6.66e-10 s                  ; 6.27e-10 s                  ; Yes                        ; Yes                        ; 2.32 V                      ; 4.67e-07 V                  ; 2.35 V             ; -0.00942 V         ; 0.116 V                             ; 0.033 V                             ; 6.66e-10 s                 ; 6.27e-10 s                 ; Yes                       ; Yes                       ;
; VGA_R[7]      ; 2.5 V        ; 0 s                 ; 0 s                 ; 2.32 V                       ; 6.92e-07 V                   ; 2.35 V              ; -0.00996 V          ; 0.121 V                              ; 0.03 V                               ; 4.64e-10 s                  ; 4.47e-10 s                  ; Yes                        ; Yes                        ; 2.32 V                      ; 6.92e-07 V                  ; 2.35 V             ; -0.00996 V         ; 0.121 V                             ; 0.03 V                              ; 4.64e-10 s                 ; 4.47e-10 s                 ; Yes                       ; Yes                       ;
; VGA_G[0]      ; 2.5 V        ; 0 s                 ; 0 s                 ; 2.32 V                       ; 6.92e-07 V                   ; 2.35 V              ; -0.00996 V          ; 0.121 V                              ; 0.03 V                               ; 4.64e-10 s                  ; 4.47e-10 s                  ; Yes                        ; Yes                        ; 2.32 V                      ; 6.92e-07 V                  ; 2.35 V             ; -0.00996 V         ; 0.121 V                             ; 0.03 V                              ; 4.64e-10 s                 ; 4.47e-10 s                 ; Yes                       ; Yes                       ;
; VGA_G[1]      ; 2.5 V        ; 0 s                 ; 0 s                 ; 2.32 V                       ; 6.92e-07 V                   ; 2.35 V              ; -0.00996 V          ; 0.121 V                              ; 0.03 V                               ; 4.64e-10 s                  ; 4.47e-10 s                  ; Yes                        ; Yes                        ; 2.32 V                      ; 6.92e-07 V                  ; 2.35 V             ; -0.00996 V         ; 0.121 V                             ; 0.03 V                              ; 4.64e-10 s                 ; 4.47e-10 s                 ; Yes                       ; Yes                       ;
; VGA_G[2]      ; 2.5 V        ; 0 s                 ; 0 s                 ; 2.32 V                       ; 6.92e-07 V                   ; 2.33 V              ; -0.00265 V          ; 0.133 V                              ; 0.056 V                              ; 3.55e-09 s                  ; 3.31e-09 s                  ; Yes                        ; Yes                        ; 2.32 V                      ; 6.92e-07 V                  ; 2.33 V             ; -0.00265 V         ; 0.133 V                             ; 0.056 V                             ; 3.55e-09 s                 ; 3.31e-09 s                 ; Yes                       ; Yes                       ;
; VGA_G[3]      ; 2.5 V        ; 0 s                 ; 0 s                 ; 2.32 V                       ; 6.92e-07 V                   ; 2.35 V              ; -0.00996 V          ; 0.121 V                              ; 0.03 V                               ; 4.64e-10 s                  ; 4.47e-10 s                  ; Yes                        ; Yes                        ; 2.32 V                      ; 6.92e-07 V                  ; 2.35 V             ; -0.00996 V         ; 0.121 V                             ; 0.03 V                              ; 4.64e-10 s                 ; 4.47e-10 s                 ; Yes                       ; Yes                       ;
; VGA_G[4]      ; 2.5 V        ; 0 s                 ; 0 s                 ; 2.32 V                       ; 6.92e-07 V                   ; 2.35 V              ; -0.00996 V          ; 0.121 V                              ; 0.03 V                               ; 4.64e-10 s                  ; 4.47e-10 s                  ; Yes                        ; Yes                        ; 2.32 V                      ; 6.92e-07 V                  ; 2.35 V             ; -0.00996 V         ; 0.121 V                             ; 0.03 V                              ; 4.64e-10 s                 ; 4.47e-10 s                 ; Yes                       ; Yes                       ;
; VGA_G[5]      ; 2.5 V        ; 0 s                 ; 0 s                 ; 2.32 V                       ; 6.92e-07 V                   ; 2.35 V              ; -0.00996 V          ; 0.121 V                              ; 0.03 V                               ; 4.64e-10 s                  ; 4.47e-10 s                  ; Yes                        ; Yes                        ; 2.32 V                      ; 6.92e-07 V                  ; 2.35 V             ; -0.00996 V         ; 0.121 V                             ; 0.03 V                              ; 4.64e-10 s                 ; 4.47e-10 s                 ; Yes                       ; Yes                       ;
; VGA_G[6]      ; 2.5 V        ; 0 s                 ; 0 s                 ; 2.32 V                       ; 4.67e-07 V                   ; 2.35 V              ; -0.00942 V          ; 0.116 V                              ; 0.033 V                              ; 6.66e-10 s                  ; 6.27e-10 s                  ; Yes                        ; Yes                        ; 2.32 V                      ; 4.67e-07 V                  ; 2.35 V             ; -0.00942 V         ; 0.116 V                             ; 0.033 V                             ; 6.66e-10 s                 ; 6.27e-10 s                 ; Yes                       ; Yes                       ;
; VGA_G[7]      ; 2.5 V        ; 0 s                 ; 0 s                 ; 2.32 V                       ; 4.67e-07 V                   ; 2.35 V              ; -0.00942 V          ; 0.116 V                              ; 0.033 V                              ; 6.66e-10 s                  ; 6.27e-10 s                  ; Yes                        ; Yes                        ; 2.32 V                      ; 4.67e-07 V                  ; 2.35 V             ; -0.00942 V         ; 0.116 V                             ; 0.033 V                             ; 6.66e-10 s                 ; 6.27e-10 s                 ; Yes                       ; Yes                       ;
; VGA_B[0]      ; 2.5 V        ; 0 s                 ; 0 s                 ; 2.32 V                       ; 6.92e-07 V                   ; 2.35 V              ; -0.00996 V          ; 0.121 V                              ; 0.03 V                               ; 4.64e-10 s                  ; 4.47e-10 s                  ; Yes                        ; Yes                        ; 2.32 V                      ; 6.92e-07 V                  ; 2.35 V             ; -0.00996 V         ; 0.121 V                             ; 0.03 V                              ; 4.64e-10 s                 ; 4.47e-10 s                 ; Yes                       ; Yes                       ;
; VGA_B[1]      ; 2.5 V        ; 0 s                 ; 0 s                 ; 2.32 V                       ; 6.92e-07 V                   ; 2.35 V              ; -0.00996 V          ; 0.121 V                              ; 0.03 V                               ; 4.64e-10 s                  ; 4.47e-10 s                  ; Yes                        ; Yes                        ; 2.32 V                      ; 6.92e-07 V                  ; 2.35 V             ; -0.00996 V         ; 0.121 V                             ; 0.03 V                              ; 4.64e-10 s                 ; 4.47e-10 s                 ; Yes                       ; Yes                       ;
; VGA_B[2]      ; 2.5 V        ; 0 s                 ; 0 s                 ; 2.32 V                       ; 6.92e-07 V                   ; 2.35 V              ; -0.00996 V          ; 0.121 V                              ; 0.03 V                               ; 4.64e-10 s                  ; 4.47e-10 s                  ; Yes                        ; Yes                        ; 2.32 V                      ; 6.92e-07 V                  ; 2.35 V             ; -0.00996 V         ; 0.121 V                             ; 0.03 V                              ; 4.64e-10 s                 ; 4.47e-10 s                 ; Yes                       ; Yes                       ;
; VGA_B[3]      ; 2.5 V        ; 0 s                 ; 0 s                 ; 2.32 V                       ; 6.92e-07 V                   ; 2.35 V              ; -0.00996 V          ; 0.121 V                              ; 0.03 V                               ; 4.64e-10 s                  ; 4.47e-10 s                  ; Yes                        ; Yes                        ; 2.32 V                      ; 6.92e-07 V                  ; 2.35 V             ; -0.00996 V         ; 0.121 V                             ; 0.03 V                              ; 4.64e-10 s                 ; 4.47e-10 s                 ; Yes                       ; Yes                       ;
; VGA_B[4]      ; 2.5 V        ; 0 s                 ; 0 s                 ; 2.32 V                       ; 6.92e-07 V                   ; 2.35 V              ; -0.00996 V          ; 0.121 V                              ; 0.03 V                               ; 4.64e-10 s                  ; 4.47e-10 s                  ; Yes                        ; Yes                        ; 2.32 V                      ; 6.92e-07 V                  ; 2.35 V             ; -0.00996 V         ; 0.121 V                             ; 0.03 V                              ; 4.64e-10 s                 ; 4.47e-10 s                 ; Yes                       ; Yes                       ;
; VGA_B[5]      ; 2.5 V        ; 0 s                 ; 0 s                 ; 2.32 V                       ; 6.92e-07 V                   ; 2.35 V              ; -0.00996 V          ; 0.121 V                              ; 0.03 V                               ; 4.64e-10 s                  ; 4.47e-10 s                  ; Yes                        ; Yes                        ; 2.32 V                      ; 6.92e-07 V                  ; 2.35 V             ; -0.00996 V         ; 0.121 V                             ; 0.03 V                              ; 4.64e-10 s                 ; 4.47e-10 s                 ; Yes                       ; Yes                       ;
; VGA_B[6]      ; 2.5 V        ; 0 s                 ; 0 s                 ; 2.32 V                       ; 4.67e-07 V                   ; 2.35 V              ; -0.00942 V          ; 0.116 V                              ; 0.033 V                              ; 6.66e-10 s                  ; 6.27e-10 s                  ; Yes                        ; Yes                        ; 2.32 V                      ; 4.67e-07 V                  ; 2.35 V             ; -0.00942 V         ; 0.116 V                             ; 0.033 V                             ; 6.66e-10 s                 ; 6.27e-10 s                 ; Yes                       ; Yes                       ;
; VGA_B[7]      ; 2.5 V        ; 0 s                 ; 0 s                 ; 2.32 V                       ; 4.67e-07 V                   ; 2.35 V              ; -0.00942 V          ; 0.116 V                              ; 0.033 V                              ; 6.66e-10 s                  ; 6.27e-10 s                  ; Yes                        ; Yes                        ; 2.32 V                      ; 4.67e-07 V                  ; 2.35 V             ; -0.00942 V         ; 0.116 V                             ; 0.033 V                             ; 6.66e-10 s                 ; 6.27e-10 s                 ; Yes                       ; Yes                       ;
; VGA_BLANK_N   ; 2.5 V        ; 0 s                 ; 0 s                 ; 2.32 V                       ; 6.92e-07 V                   ; 2.35 V              ; -0.00996 V          ; 0.121 V                              ; 0.03 V                               ; 4.64e-10 s                  ; 4.47e-10 s                  ; Yes                        ; Yes                        ; 2.32 V                      ; 6.92e-07 V                  ; 2.35 V             ; -0.00996 V         ; 0.121 V                             ; 0.03 V                              ; 4.64e-10 s                 ; 4.47e-10 s                 ; Yes                       ; Yes                       ;
; VGA_CLK       ; 2.5 V        ; 0 s                 ; 0 s                 ; 2.32 V                       ; 4.67e-07 V                   ; 2.35 V              ; -0.00942 V          ; 0.116 V                              ; 0.033 V                              ; 6.66e-10 s                  ; 6.27e-10 s                  ; Yes                        ; Yes                        ; 2.32 V                      ; 4.67e-07 V                  ; 2.35 V             ; -0.00942 V         ; 0.116 V                             ; 0.033 V                             ; 6.66e-10 s                 ; 6.27e-10 s                 ; Yes                       ; Yes                       ;
; VGA_SYNC_N    ; 2.5 V        ; 0 s                 ; 0 s                 ; 2.32 V                       ; 6.92e-07 V                   ; 2.35 V              ; -0.00996 V          ; 0.121 V                              ; 0.03 V                               ; 4.64e-10 s                  ; 4.47e-10 s                  ; Yes                        ; Yes                        ; 2.32 V                      ; 6.92e-07 V                  ; 2.35 V             ; -0.00996 V         ; 0.121 V                             ; 0.03 V                              ; 4.64e-10 s                 ; 4.47e-10 s                 ; Yes                       ; Yes                       ;
; VGA_VS        ; 2.5 V        ; 0 s                 ; 0 s                 ; 2.32 V                       ; 6.92e-07 V                   ; 2.35 V              ; -0.00996 V          ; 0.121 V                              ; 0.03 V                               ; 4.64e-10 s                  ; 4.47e-10 s                  ; Yes                        ; Yes                        ; 2.32 V                      ; 6.92e-07 V                  ; 2.35 V             ; -0.00996 V         ; 0.121 V                             ; 0.03 V                              ; 4.64e-10 s                 ; 4.47e-10 s                 ; Yes                       ; Yes                       ;
; VGA_HS        ; 2.5 V        ; 0 s                 ; 0 s                 ; 2.32 V                       ; 6.92e-07 V                   ; 2.35 V              ; -0.00996 V          ; 0.121 V                              ; 0.03 V                               ; 4.64e-10 s                  ; 4.47e-10 s                  ; Yes                        ; Yes                        ; 2.32 V                      ; 6.92e-07 V                  ; 2.35 V             ; -0.00996 V         ; 0.121 V                             ; 0.03 V                              ; 4.64e-10 s                 ; 4.47e-10 s                 ; Yes                       ; Yes                       ;
; ~ALTERA_DCLK~ ; 2.5 V        ; 0 s                 ; 0 s                 ; 2.32 V                       ; 3.75e-07 V                   ; 2.35 V              ; -0.0109 V           ; 0.084 V                              ; 0.027 V                              ; 4.31e-10 s                  ; 3.61e-10 s                  ; Yes                        ; Yes                        ; 2.32 V                      ; 3.75e-07 V                  ; 2.35 V             ; -0.0109 V          ; 0.084 V                             ; 0.027 V                             ; 4.31e-10 s                 ; 3.61e-10 s                 ; Yes                       ; Yes                       ;
; ~ALTERA_nCEO~ ; 2.5 V        ; 0 s                 ; 0 s                 ; 2.32 V                       ; 6.15e-07 V                   ; 2.35 V              ; -0.00712 V          ; 0.093 V                              ; 0.02 V                               ; 6.21e-10 s                  ; 7.9e-10 s                   ; Yes                        ; Yes                        ; 2.32 V                      ; 6.15e-07 V                  ; 2.35 V             ; -0.00712 V         ; 0.093 V                             ; 0.02 V                              ; 6.21e-10 s                 ; 7.9e-10 s                  ; Yes                       ; Yes                       ;
+---------------+--------------+---------------------+---------------------+------------------------------+------------------------------+---------------------+---------------------+--------------------------------------+--------------------------------------+-----------------------------+-----------------------------+----------------------------+----------------------------+-----------------------------+-----------------------------+--------------------+--------------------+-------------------------------------+-------------------------------------+----------------------------+----------------------------+---------------------------+---------------------------+


+--------------------------------------------------------------------------------------------------------------------------------------------------------------------------------------------------------------------------------------------------------------------------------------------------------------------------------------------------------------------------------------------------------------------------------------------------------------------------------------------------------------------------------------------------------------------------------------------------------------------------------------------------------------------------------------------+
; Signal Integrity Metrics (Fast 1200mv 0c Model)                                                                                                                                                                                                                                                                                                                                                                                                                                                                                                                                                                                                                                            ;
+---------------+--------------+---------------------+---------------------+------------------------------+------------------------------+---------------------+---------------------+--------------------------------------+--------------------------------------+-----------------------------+-----------------------------+----------------------------+----------------------------+-----------------------------+-----------------------------+--------------------+--------------------+-------------------------------------+-------------------------------------+----------------------------+----------------------------+---------------------------+---------------------------+
; Pin           ; I/O Standard ; Board Delay on Rise ; Board Delay on Fall ; Steady State Voh at FPGA Pin ; Steady State Vol at FPGA Pin ; Voh Max at FPGA Pin ; Vol Min at FPGA Pin ; Ringback Voltage on Rise at FPGA Pin ; Ringback Voltage on Fall at FPGA Pin ; 10-90 Rise Time at FPGA Pin ; 90-10 Fall Time at FPGA Pin ; Monotonic Rise at FPGA Pin ; Monotonic Fall at FPGA Pin ; Steady State Voh at Far-end ; Steady State Vol at Far-end ; Voh Max at Far-end ; Vol Min at Far-end ; Ringback Voltage on Rise at Far-end ; Ringback Voltage on Fall at Far-end ; 10-90 Rise Time at Far-end ; 90-10 Fall Time at Far-end ; Monotonic Rise at Far-end ; Monotonic Fall at Far-end ;
+---------------+--------------+---------------------+---------------------+------------------------------+------------------------------+---------------------+---------------------+--------------------------------------+--------------------------------------+-----------------------------+-----------------------------+----------------------------+----------------------------+-----------------------------+-----------------------------+--------------------+--------------------+-------------------------------------+-------------------------------------+----------------------------+----------------------------+---------------------------+---------------------------+
; LEDR[0]       ; 2.5 V        ; 0 s                 ; 0 s                 ; 2.62 V                       ; 2.74e-08 V                   ; 2.71 V              ; -0.0317 V           ; 0.148 V                              ; 0.064 V                              ; 4.51e-10 s                  ; 4.15e-10 s                  ; No                         ; Yes                        ; 2.62 V                      ; 2.74e-08 V                  ; 2.71 V             ; -0.0317 V          ; 0.148 V                             ; 0.064 V                             ; 4.51e-10 s                 ; 4.15e-10 s                 ; No                        ; Yes                       ;
; LEDR[1]       ; 2.5 V        ; 0 s                 ; 0 s                 ; 2.62 V                       ; 2.74e-08 V                   ; 2.71 V              ; -0.0317 V           ; 0.148 V                              ; 0.064 V                              ; 4.51e-10 s                  ; 4.15e-10 s                  ; No                         ; Yes                        ; 2.62 V                      ; 2.74e-08 V                  ; 2.71 V             ; -0.0317 V          ; 0.148 V                             ; 0.064 V                             ; 4.51e-10 s                 ; 4.15e-10 s                 ; No                        ; Yes                       ;
; LEDR[2]       ; 2.5 V        ; 0 s                 ; 0 s                 ; 2.62 V                       ; 4.05e-08 V                   ; 2.72 V              ; -0.0349 V           ; 0.173 V                              ; 0.1 V                                ; 2.72e-10 s                  ; 2.69e-10 s                  ; Yes                        ; Yes                        ; 2.62 V                      ; 4.05e-08 V                  ; 2.72 V             ; -0.0349 V          ; 0.173 V                             ; 0.1 V                               ; 2.72e-10 s                 ; 2.69e-10 s                 ; Yes                       ; Yes                       ;
; LEDR[3]       ; 2.5 V        ; 0 s                 ; 0 s                 ; 2.62 V                       ; 4.05e-08 V                   ; 2.72 V              ; -0.0349 V           ; 0.173 V                              ; 0.1 V                                ; 2.72e-10 s                  ; 2.69e-10 s                  ; Yes                        ; Yes                        ; 2.62 V                      ; 4.05e-08 V                  ; 2.72 V             ; -0.0349 V          ; 0.173 V                             ; 0.1 V                               ; 2.72e-10 s                 ; 2.69e-10 s                 ; Yes                       ; Yes                       ;
; LEDR[4]       ; 2.5 V        ; 0 s                 ; 0 s                 ; 2.62 V                       ; 4.05e-08 V                   ; 2.72 V              ; -0.0349 V           ; 0.173 V                              ; 0.1 V                                ; 2.72e-10 s                  ; 2.69e-10 s                  ; Yes                        ; Yes                        ; 2.62 V                      ; 4.05e-08 V                  ; 2.72 V             ; -0.0349 V          ; 0.173 V                             ; 0.1 V                               ; 2.72e-10 s                 ; 2.69e-10 s                 ; Yes                       ; Yes                       ;
; LEDR[5]       ; 2.5 V        ; 0 s                 ; 0 s                 ; 2.62 V                       ; 4.05e-08 V                   ; 2.72 V              ; -0.0349 V           ; 0.173 V                              ; 0.1 V                                ; 2.72e-10 s                  ; 2.69e-10 s                  ; Yes                        ; Yes                        ; 2.62 V                      ; 4.05e-08 V                  ; 2.72 V             ; -0.0349 V          ; 0.173 V                             ; 0.1 V                               ; 2.72e-10 s                 ; 2.69e-10 s                 ; Yes                       ; Yes                       ;
; LEDR[6]       ; 2.5 V        ; 0 s                 ; 0 s                 ; 2.62 V                       ; 4.05e-08 V                   ; 2.72 V              ; -0.0349 V           ; 0.173 V                              ; 0.1 V                                ; 2.72e-10 s                  ; 2.69e-10 s                  ; Yes                        ; Yes                        ; 2.62 V                      ; 4.05e-08 V                  ; 2.72 V             ; -0.0349 V          ; 0.173 V                             ; 0.1 V                               ; 2.72e-10 s                 ; 2.69e-10 s                 ; Yes                       ; Yes                       ;
; LEDR[7]       ; 2.5 V        ; 0 s                 ; 0 s                 ; 2.62 V                       ; 4.05e-08 V                   ; 2.72 V              ; -0.0349 V           ; 0.173 V                              ; 0.1 V                                ; 2.72e-10 s                  ; 2.69e-10 s                  ; Yes                        ; Yes                        ; 2.62 V                      ; 4.05e-08 V                  ; 2.72 V             ; -0.0349 V          ; 0.173 V                             ; 0.1 V                               ; 2.72e-10 s                 ; 2.69e-10 s                 ; Yes                       ; Yes                       ;
; LEDR[8]       ; 2.5 V        ; 0 s                 ; 0 s                 ; 2.62 V                       ; 4.05e-08 V                   ; 2.72 V              ; -0.0349 V           ; 0.173 V                              ; 0.1 V                                ; 2.72e-10 s                  ; 2.69e-10 s                  ; Yes                        ; Yes                        ; 2.62 V                      ; 4.05e-08 V                  ; 2.72 V             ; -0.0349 V          ; 0.173 V                             ; 0.1 V                               ; 2.72e-10 s                 ; 2.69e-10 s                 ; Yes                       ; Yes                       ;
; LEDR[9]       ; 2.5 V        ; 0 s                 ; 0 s                 ; 2.62 V                       ; 4.05e-08 V                   ; 2.72 V              ; -0.0349 V           ; 0.173 V                              ; 0.1 V                                ; 2.72e-10 s                  ; 2.69e-10 s                  ; Yes                        ; Yes                        ; 2.62 V                      ; 4.05e-08 V                  ; 2.72 V             ; -0.0349 V          ; 0.173 V                             ; 0.1 V                               ; 2.72e-10 s                 ; 2.69e-10 s                 ; Yes                       ; Yes                       ;
; LEDR[10]      ; 2.5 V        ; 0 s                 ; 0 s                 ; 2.62 V                       ; 2.74e-08 V                   ; 2.71 V              ; -0.0317 V           ; 0.148 V                              ; 0.064 V                              ; 4.51e-10 s                  ; 4.15e-10 s                  ; No                         ; Yes                        ; 2.62 V                      ; 2.74e-08 V                  ; 2.71 V             ; -0.0317 V          ; 0.148 V                             ; 0.064 V                             ; 4.51e-10 s                 ; 4.15e-10 s                 ; No                        ; Yes                       ;
; LEDR[11]      ; 2.5 V        ; 0 s                 ; 0 s                 ; 2.62 V                       ; 4.05e-08 V                   ; 2.72 V              ; -0.0349 V           ; 0.173 V                              ; 0.1 V                                ; 2.72e-10 s                  ; 2.69e-10 s                  ; Yes                        ; Yes                        ; 2.62 V                      ; 4.05e-08 V                  ; 2.72 V             ; -0.0349 V          ; 0.173 V                             ; 0.1 V                               ; 2.72e-10 s                 ; 2.69e-10 s                 ; Yes                       ; Yes                       ;
; LEDR[12]      ; 2.5 V        ; 0 s                 ; 0 s                 ; 2.62 V                       ; 4.05e-08 V                   ; 2.72 V              ; -0.0349 V           ; 0.173 V                              ; 0.1 V                                ; 2.72e-10 s                  ; 2.69e-10 s                  ; Yes                        ; Yes                        ; 2.62 V                      ; 4.05e-08 V                  ; 2.72 V             ; -0.0349 V          ; 0.173 V                             ; 0.1 V                               ; 2.72e-10 s                 ; 2.69e-10 s                 ; Yes                       ; Yes                       ;
; LEDR[13]      ; 2.5 V        ; 0 s                 ; 0 s                 ; 2.62 V                       ; 4.05e-08 V                   ; 2.72 V              ; -0.0349 V           ; 0.173 V                              ; 0.1 V                                ; 2.72e-10 s                  ; 2.69e-10 s                  ; Yes                        ; Yes                        ; 2.62 V                      ; 4.05e-08 V                  ; 2.72 V             ; -0.0349 V          ; 0.173 V                             ; 0.1 V                               ; 2.72e-10 s                 ; 2.69e-10 s                 ; Yes                       ; Yes                       ;
; LEDR[14]      ; 2.5 V        ; 0 s                 ; 0 s                 ; 2.62 V                       ; 4.05e-08 V                   ; 2.72 V              ; -0.0349 V           ; 0.173 V                              ; 0.1 V                                ; 2.72e-10 s                  ; 2.69e-10 s                  ; Yes                        ; Yes                        ; 2.62 V                      ; 4.05e-08 V                  ; 2.72 V             ; -0.0349 V          ; 0.173 V                             ; 0.1 V                               ; 2.72e-10 s                 ; 2.69e-10 s                 ; Yes                       ; Yes                       ;
; LEDR[15]      ; 2.5 V        ; 0 s                 ; 0 s                 ; 2.62 V                       ; 4.05e-08 V                   ; 2.72 V              ; -0.0349 V           ; 0.173 V                              ; 0.1 V                                ; 2.72e-10 s                  ; 2.69e-10 s                  ; Yes                        ; Yes                        ; 2.62 V                      ; 4.05e-08 V                  ; 2.72 V             ; -0.0349 V          ; 0.173 V                             ; 0.1 V                               ; 2.72e-10 s                 ; 2.69e-10 s                 ; Yes                       ; Yes                       ;
; LEDR[16]      ; 2.5 V        ; 0 s                 ; 0 s                 ; 2.62 V                       ; 4.05e-08 V                   ; 2.72 V              ; -0.0349 V           ; 0.173 V                              ; 0.1 V                                ; 2.72e-10 s                  ; 2.69e-10 s                  ; Yes                        ; Yes                        ; 2.62 V                      ; 4.05e-08 V                  ; 2.72 V             ; -0.0349 V          ; 0.173 V                             ; 0.1 V                               ; 2.72e-10 s                 ; 2.69e-10 s                 ; Yes                       ; Yes                       ;
; LEDR[17]      ; 2.5 V        ; 0 s                 ; 0 s                 ; 2.62 V                       ; 4.05e-08 V                   ; 2.72 V              ; -0.0349 V           ; 0.173 V                              ; 0.1 V                                ; 2.72e-10 s                  ; 2.69e-10 s                  ; Yes                        ; Yes                        ; 2.62 V                      ; 4.05e-08 V                  ; 2.72 V             ; -0.0349 V          ; 0.173 V                             ; 0.1 V                               ; 2.72e-10 s                 ; 2.69e-10 s                 ; Yes                       ; Yes                       ;
; LEDG[0]       ; 2.5 V        ; 0 s                 ; 0 s                 ; 2.62 V                       ; 4.05e-08 V                   ; 2.72 V              ; -0.0349 V           ; 0.173 V                              ; 0.1 V                                ; 2.72e-10 s                  ; 2.69e-10 s                  ; Yes                        ; Yes                        ; 2.62 V                      ; 4.05e-08 V                  ; 2.72 V             ; -0.0349 V          ; 0.173 V                             ; 0.1 V                               ; 2.72e-10 s                 ; 2.69e-10 s                 ; Yes                       ; Yes                       ;
; LEDG[1]       ; 2.5 V        ; 0 s                 ; 0 s                 ; 2.62 V                       ; 2.74e-08 V                   ; 2.71 V              ; -0.0317 V           ; 0.148 V                              ; 0.064 V                              ; 4.51e-10 s                  ; 4.15e-10 s                  ; No                         ; Yes                        ; 2.62 V                      ; 2.74e-08 V                  ; 2.71 V             ; -0.0317 V          ; 0.148 V                             ; 0.064 V                             ; 4.51e-10 s                 ; 4.15e-10 s                 ; No                        ; Yes                       ;
; LEDG[2]       ; 2.5 V        ; 0 s                 ; 0 s                 ; 2.62 V                       ; 2.74e-08 V                   ; 2.71 V              ; -0.0317 V           ; 0.148 V                              ; 0.064 V                              ; 4.51e-10 s                  ; 4.15e-10 s                  ; No                         ; Yes                        ; 2.62 V                      ; 2.74e-08 V                  ; 2.71 V             ; -0.0317 V          ; 0.148 V                             ; 0.064 V                             ; 4.51e-10 s                 ; 4.15e-10 s                 ; No                        ; Yes                       ;
; LEDG[3]       ; 2.5 V        ; 0 s                 ; 0 s                 ; 2.62 V                       ; 4.05e-08 V                   ; 2.72 V              ; -0.0349 V           ; 0.173 V                              ; 0.1 V                                ; 2.72e-10 s                  ; 2.69e-10 s                  ; Yes                        ; Yes                        ; 2.62 V                      ; 4.05e-08 V                  ; 2.72 V             ; -0.0349 V          ; 0.173 V                             ; 0.1 V                               ; 2.72e-10 s                 ; 2.69e-10 s                 ; Yes                       ; Yes                       ;
; LEDG[4]       ; 2.5 V        ; 0 s                 ; 0 s                 ; 2.62 V                       ; 4.05e-08 V                   ; 2.64 V              ; -0.0113 V           ; 0.208 V                              ; 0.179 V                              ; 2.38e-09 s                  ; 2.23e-09 s                  ; No                         ; Yes                        ; 2.62 V                      ; 4.05e-08 V                  ; 2.64 V             ; -0.0113 V          ; 0.208 V                             ; 0.179 V                             ; 2.38e-09 s                 ; 2.23e-09 s                 ; No                        ; Yes                       ;
; LEDG[5]       ; 2.5 V        ; 0 s                 ; 0 s                 ; 2.62 V                       ; 2.74e-08 V                   ; 2.71 V              ; -0.0317 V           ; 0.148 V                              ; 0.064 V                              ; 4.51e-10 s                  ; 4.15e-10 s                  ; No                         ; Yes                        ; 2.62 V                      ; 2.74e-08 V                  ; 2.71 V             ; -0.0317 V          ; 0.148 V                             ; 0.064 V                             ; 4.51e-10 s                 ; 4.15e-10 s                 ; No                        ; Yes                       ;
; LEDG[6]       ; 2.5 V        ; 0 s                 ; 0 s                 ; 2.62 V                       ; 4.05e-08 V                   ; 2.72 V              ; -0.0349 V           ; 0.173 V                              ; 0.1 V                                ; 2.72e-10 s                  ; 2.69e-10 s                  ; Yes                        ; Yes                        ; 2.62 V                      ; 4.05e-08 V                  ; 2.72 V             ; -0.0349 V          ; 0.173 V                             ; 0.1 V                               ; 2.72e-10 s                 ; 2.69e-10 s                 ; Yes                       ; Yes                       ;
; LEDG[7]       ; 2.5 V        ; 0 s                 ; 0 s                 ; 2.62 V                       ; 4.05e-08 V                   ; 2.72 V              ; -0.0349 V           ; 0.173 V                              ; 0.1 V                                ; 2.72e-10 s                  ; 2.69e-10 s                  ; Yes                        ; Yes                        ; 2.62 V                      ; 4.05e-08 V                  ; 2.72 V             ; -0.0349 V          ; 0.173 V                             ; 0.1 V                               ; 2.72e-10 s                 ; 2.69e-10 s                 ; Yes                       ; Yes                       ;
; LEDG[8]       ; 2.5 V        ; 0 s                 ; 0 s                 ; 2.62 V                       ; 4.05e-08 V                   ; 2.72 V              ; -0.0349 V           ; 0.173 V                              ; 0.1 V                                ; 2.72e-10 s                  ; 2.69e-10 s                  ; Yes                        ; Yes                        ; 2.62 V                      ; 4.05e-08 V                  ; 2.72 V             ; -0.0349 V          ; 0.173 V                             ; 0.1 V                               ; 2.72e-10 s                 ; 2.69e-10 s                 ; Yes                       ; Yes                       ;
; HEX0[0]       ; 2.5 V        ; 0 s                 ; 0 s                 ; 2.62 V                       ; 2.74e-08 V                   ; 2.71 V              ; -0.0317 V           ; 0.148 V                              ; 0.064 V                              ; 4.51e-10 s                  ; 4.15e-10 s                  ; No                         ; Yes                        ; 2.62 V                      ; 2.74e-08 V                  ; 2.71 V             ; -0.0317 V          ; 0.148 V                             ; 0.064 V                             ; 4.51e-10 s                 ; 4.15e-10 s                 ; No                        ; Yes                       ;
; HEX0[1]       ; 2.5 V        ; 0 s                 ; 0 s                 ; 2.62 V                       ; 4.05e-08 V                   ; 2.72 V              ; -0.0349 V           ; 0.173 V                              ; 0.1 V                                ; 2.72e-10 s                  ; 2.69e-10 s                  ; Yes                        ; Yes                        ; 2.62 V                      ; 4.05e-08 V                  ; 2.72 V             ; -0.0349 V          ; 0.173 V                             ; 0.1 V                               ; 2.72e-10 s                 ; 2.69e-10 s                 ; Yes                       ; Yes                       ;
; HEX0[2]       ; 2.5 V        ; 0 s                 ; 0 s                 ; 2.62 V                       ; 2.74e-08 V                   ; 2.71 V              ; -0.0317 V           ; 0.148 V                              ; 0.064 V                              ; 4.51e-10 s                  ; 4.15e-10 s                  ; No                         ; Yes                        ; 2.62 V                      ; 2.74e-08 V                  ; 2.71 V             ; -0.0317 V          ; 0.148 V                             ; 0.064 V                             ; 4.51e-10 s                 ; 4.15e-10 s                 ; No                        ; Yes                       ;
; HEX0[3]       ; 2.5 V        ; 0 s                 ; 0 s                 ; 2.62 V                       ; 4.05e-08 V                   ; 2.72 V              ; -0.0349 V           ; 0.173 V                              ; 0.1 V                                ; 2.72e-10 s                  ; 2.69e-10 s                  ; Yes                        ; Yes                        ; 2.62 V                      ; 4.05e-08 V                  ; 2.72 V             ; -0.0349 V          ; 0.173 V                             ; 0.1 V                               ; 2.72e-10 s                 ; 2.69e-10 s                 ; Yes                       ; Yes                       ;
; HEX0[4]       ; 2.5 V        ; 0 s                 ; 0 s                 ; 2.62 V                       ; 4.05e-08 V                   ; 2.72 V              ; -0.0349 V           ; 0.173 V                              ; 0.1 V                                ; 2.72e-10 s                  ; 2.69e-10 s                  ; Yes                        ; Yes                        ; 2.62 V                      ; 4.05e-08 V                  ; 2.72 V             ; -0.0349 V          ; 0.173 V                             ; 0.1 V                               ; 2.72e-10 s                 ; 2.69e-10 s                 ; Yes                       ; Yes                       ;
; HEX0[5]       ; 2.5 V        ; 0 s                 ; 0 s                 ; 2.62 V                       ; 2.74e-08 V                   ; 2.71 V              ; -0.0317 V           ; 0.148 V                              ; 0.064 V                              ; 4.51e-10 s                  ; 4.15e-10 s                  ; No                         ; Yes                        ; 2.62 V                      ; 2.74e-08 V                  ; 2.71 V             ; -0.0317 V          ; 0.148 V                             ; 0.064 V                             ; 4.51e-10 s                 ; 4.15e-10 s                 ; No                        ; Yes                       ;
; HEX0[6]       ; 2.5 V        ; 0 s                 ; 0 s                 ; 2.62 V                       ; 2.74e-08 V                   ; 2.73 V              ; -0.0384 V           ; 0.169 V                              ; 0.089 V                              ; 2.7e-10 s                   ; 2.62e-10 s                  ; Yes                        ; Yes                        ; 2.62 V                      ; 2.74e-08 V                  ; 2.73 V             ; -0.0384 V          ; 0.169 V                             ; 0.089 V                             ; 2.7e-10 s                  ; 2.62e-10 s                 ; Yes                       ; Yes                       ;
; HEX1[0]       ; 2.5 V        ; 0 s                 ; 0 s                 ; 2.62 V                       ; 4.05e-08 V                   ; 2.72 V              ; -0.0349 V           ; 0.173 V                              ; 0.1 V                                ; 2.72e-10 s                  ; 2.69e-10 s                  ; Yes                        ; Yes                        ; 2.62 V                      ; 4.05e-08 V                  ; 2.72 V             ; -0.0349 V          ; 0.173 V                             ; 0.1 V                               ; 2.72e-10 s                 ; 2.69e-10 s                 ; Yes                       ; Yes                       ;
; HEX1[1]       ; 2.5 V        ; 0 s                 ; 0 s                 ; 2.62 V                       ; 4.05e-08 V                   ; 2.72 V              ; -0.0349 V           ; 0.173 V                              ; 0.1 V                                ; 2.72e-10 s                  ; 2.69e-10 s                  ; Yes                        ; Yes                        ; 2.62 V                      ; 4.05e-08 V                  ; 2.72 V             ; -0.0349 V          ; 0.173 V                             ; 0.1 V                               ; 2.72e-10 s                 ; 2.69e-10 s                 ; Yes                       ; Yes                       ;
; HEX1[2]       ; 2.5 V        ; 0 s                 ; 0 s                 ; 2.62 V                       ; 4.05e-08 V                   ; 2.72 V              ; -0.0349 V           ; 0.173 V                              ; 0.1 V                                ; 2.72e-10 s                  ; 2.69e-10 s                  ; Yes                        ; Yes                        ; 2.62 V                      ; 4.05e-08 V                  ; 2.72 V             ; -0.0349 V          ; 0.173 V                             ; 0.1 V                               ; 2.72e-10 s                 ; 2.69e-10 s                 ; Yes                       ; Yes                       ;
; HEX1[3]       ; 2.5 V        ; 0 s                 ; 0 s                 ; 2.62 V                       ; 2.74e-08 V                   ; 2.71 V              ; -0.0317 V           ; 0.148 V                              ; 0.064 V                              ; 4.51e-10 s                  ; 4.15e-10 s                  ; No                         ; Yes                        ; 2.62 V                      ; 2.74e-08 V                  ; 2.71 V             ; -0.0317 V          ; 0.148 V                             ; 0.064 V                             ; 4.51e-10 s                 ; 4.15e-10 s                 ; No                        ; Yes                       ;
; HEX1[4]       ; 2.5 V        ; 0 s                 ; 0 s                 ; 2.62 V                       ; 2.74e-08 V                   ; 2.71 V              ; -0.0317 V           ; 0.148 V                              ; 0.064 V                              ; 4.51e-10 s                  ; 4.15e-10 s                  ; No                         ; Yes                        ; 2.62 V                      ; 2.74e-08 V                  ; 2.71 V             ; -0.0317 V          ; 0.148 V                             ; 0.064 V                             ; 4.51e-10 s                 ; 4.15e-10 s                 ; No                        ; Yes                       ;
; HEX1[5]       ; 2.5 V        ; 0 s                 ; 0 s                 ; 2.62 V                       ; 4.05e-08 V                   ; 2.72 V              ; -0.0349 V           ; 0.173 V                              ; 0.1 V                                ; 2.72e-10 s                  ; 2.69e-10 s                  ; Yes                        ; Yes                        ; 2.62 V                      ; 4.05e-08 V                  ; 2.72 V             ; -0.0349 V          ; 0.173 V                             ; 0.1 V                               ; 2.72e-10 s                 ; 2.69e-10 s                 ; Yes                       ; Yes                       ;
; HEX1[6]       ; 2.5 V        ; 0 s                 ; 0 s                 ; 2.62 V                       ; 4.05e-08 V                   ; 2.72 V              ; -0.0349 V           ; 0.173 V                              ; 0.1 V                                ; 2.72e-10 s                  ; 2.69e-10 s                  ; Yes                        ; Yes                        ; 2.62 V                      ; 4.05e-08 V                  ; 2.72 V             ; -0.0349 V          ; 0.173 V                             ; 0.1 V                               ; 2.72e-10 s                 ; 2.69e-10 s                 ; Yes                       ; Yes                       ;
; HEX2[0]       ; 2.5 V        ; 0 s                 ; 0 s                 ; 2.62 V                       ; 4.05e-08 V                   ; 2.64 V              ; -0.0113 V           ; 0.208 V                              ; 0.179 V                              ; 2.38e-09 s                  ; 2.23e-09 s                  ; No                         ; Yes                        ; 2.62 V                      ; 4.05e-08 V                  ; 2.64 V             ; -0.0113 V          ; 0.208 V                             ; 0.179 V                             ; 2.38e-09 s                 ; 2.23e-09 s                 ; No                        ; Yes                       ;
; HEX2[1]       ; 2.5 V        ; 0 s                 ; 0 s                 ; 2.62 V                       ; 2.74e-08 V                   ; 2.64 V              ; -0.0117 V           ; 0.202 V                              ; 0.176 V                              ; 2.38e-09 s                  ; 2.22e-09 s                  ; No                         ; Yes                        ; 2.62 V                      ; 2.74e-08 V                  ; 2.64 V             ; -0.0117 V          ; 0.202 V                             ; 0.176 V                             ; 2.38e-09 s                 ; 2.22e-09 s                 ; No                        ; Yes                       ;
; HEX2[2]       ; 2.5 V        ; 0 s                 ; 0 s                 ; 2.62 V                       ; 2.74e-08 V                   ; 2.73 V              ; -0.0384 V           ; 0.169 V                              ; 0.089 V                              ; 2.7e-10 s                   ; 2.62e-10 s                  ; Yes                        ; Yes                        ; 2.62 V                      ; 2.74e-08 V                  ; 2.73 V             ; -0.0384 V          ; 0.169 V                             ; 0.089 V                             ; 2.7e-10 s                  ; 2.62e-10 s                 ; Yes                       ; Yes                       ;
; HEX2[3]       ; 2.5 V        ; 0 s                 ; 0 s                 ; 2.62 V                       ; 4.05e-08 V                   ; 2.72 V              ; -0.0349 V           ; 0.173 V                              ; 0.1 V                                ; 2.72e-10 s                  ; 2.69e-10 s                  ; Yes                        ; Yes                        ; 2.62 V                      ; 4.05e-08 V                  ; 2.72 V             ; -0.0349 V          ; 0.173 V                             ; 0.1 V                               ; 2.72e-10 s                 ; 2.69e-10 s                 ; Yes                       ; Yes                       ;
; HEX2[4]       ; 2.5 V        ; 0 s                 ; 0 s                 ; 2.62 V                       ; 4.05e-08 V                   ; 2.72 V              ; -0.0349 V           ; 0.173 V                              ; 0.1 V                                ; 2.72e-10 s                  ; 2.69e-10 s                  ; Yes                        ; Yes                        ; 2.62 V                      ; 4.05e-08 V                  ; 2.72 V             ; -0.0349 V          ; 0.173 V                             ; 0.1 V                               ; 2.72e-10 s                 ; 2.69e-10 s                 ; Yes                       ; Yes                       ;
; HEX2[5]       ; 2.5 V        ; 0 s                 ; 0 s                 ; 2.62 V                       ; 4.05e-08 V                   ; 2.72 V              ; -0.0349 V           ; 0.173 V                              ; 0.1 V                                ; 2.72e-10 s                  ; 2.69e-10 s                  ; Yes                        ; Yes                        ; 2.62 V                      ; 4.05e-08 V                  ; 2.72 V             ; -0.0349 V          ; 0.173 V                             ; 0.1 V                               ; 2.72e-10 s                 ; 2.69e-10 s                 ; Yes                       ; Yes                       ;
; HEX2[6]       ; 2.5 V        ; 0 s                 ; 0 s                 ; 2.62 V                       ; 4.05e-08 V                   ; 2.72 V              ; -0.0349 V           ; 0.173 V                              ; 0.1 V                                ; 2.72e-10 s                  ; 2.69e-10 s                  ; Yes                        ; Yes                        ; 2.62 V                      ; 4.05e-08 V                  ; 2.72 V             ; -0.0349 V          ; 0.173 V                             ; 0.1 V                               ; 2.72e-10 s                 ; 2.69e-10 s                 ; Yes                       ; Yes                       ;
; HEX3[0]       ; 2.5 V        ; 0 s                 ; 0 s                 ; 2.62 V                       ; 4.05e-08 V                   ; 2.72 V              ; -0.0349 V           ; 0.173 V                              ; 0.1 V                                ; 2.72e-10 s                  ; 2.69e-10 s                  ; Yes                        ; Yes                        ; 2.62 V                      ; 4.05e-08 V                  ; 2.72 V             ; -0.0349 V          ; 0.173 V                             ; 0.1 V                               ; 2.72e-10 s                 ; 2.69e-10 s                 ; Yes                       ; Yes                       ;
; HEX3[1]       ; 2.5 V        ; 0 s                 ; 0 s                 ; 2.62 V                       ; 4.05e-08 V                   ; 2.72 V              ; -0.0349 V           ; 0.173 V                              ; 0.1 V                                ; 2.72e-10 s                  ; 2.69e-10 s                  ; Yes                        ; Yes                        ; 2.62 V                      ; 4.05e-08 V                  ; 2.72 V             ; -0.0349 V          ; 0.173 V                             ; 0.1 V                               ; 2.72e-10 s                 ; 2.69e-10 s                 ; Yes                       ; Yes                       ;
; HEX3[2]       ; 2.5 V        ; 0 s                 ; 0 s                 ; 2.62 V                       ; 2.74e-08 V                   ; 2.71 V              ; -0.0317 V           ; 0.148 V                              ; 0.064 V                              ; 4.51e-10 s                  ; 4.15e-10 s                  ; No                         ; Yes                        ; 2.62 V                      ; 2.74e-08 V                  ; 2.71 V             ; -0.0317 V          ; 0.148 V                             ; 0.064 V                             ; 4.51e-10 s                 ; 4.15e-10 s                 ; No                        ; Yes                       ;
; HEX3[3]       ; 2.5 V        ; 0 s                 ; 0 s                 ; 2.62 V                       ; 2.74e-08 V                   ; 2.71 V              ; -0.0317 V           ; 0.148 V                              ; 0.064 V                              ; 4.51e-10 s                  ; 4.15e-10 s                  ; No                         ; Yes                        ; 2.62 V                      ; 2.74e-08 V                  ; 2.71 V             ; -0.0317 V          ; 0.148 V                             ; 0.064 V                             ; 4.51e-10 s                 ; 4.15e-10 s                 ; No                        ; Yes                       ;
; HEX3[4]       ; 2.5 V        ; 0 s                 ; 0 s                 ; 2.62 V                       ; 2.74e-08 V                   ; 2.71 V              ; -0.0317 V           ; 0.148 V                              ; 0.064 V                              ; 4.51e-10 s                  ; 4.15e-10 s                  ; No                         ; Yes                        ; 2.62 V                      ; 2.74e-08 V                  ; 2.71 V             ; -0.0317 V          ; 0.148 V                             ; 0.064 V                             ; 4.51e-10 s                 ; 4.15e-10 s                 ; No                        ; Yes                       ;
; HEX3[5]       ; 2.5 V        ; 0 s                 ; 0 s                 ; 2.62 V                       ; 4.05e-08 V                   ; 2.72 V              ; -0.0349 V           ; 0.173 V                              ; 0.1 V                                ; 2.72e-10 s                  ; 2.69e-10 s                  ; Yes                        ; Yes                        ; 2.62 V                      ; 4.05e-08 V                  ; 2.72 V             ; -0.0349 V          ; 0.173 V                             ; 0.1 V                               ; 2.72e-10 s                 ; 2.69e-10 s                 ; Yes                       ; Yes                       ;
; HEX3[6]       ; 2.5 V        ; 0 s                 ; 0 s                 ; 2.62 V                       ; 4.05e-08 V                   ; 2.72 V              ; -0.0349 V           ; 0.173 V                              ; 0.1 V                                ; 2.72e-10 s                  ; 2.69e-10 s                  ; Yes                        ; Yes                        ; 2.62 V                      ; 4.05e-08 V                  ; 2.72 V             ; -0.0349 V          ; 0.173 V                             ; 0.1 V                               ; 2.72e-10 s                 ; 2.69e-10 s                 ; Yes                       ; Yes                       ;
; HEX4[0]       ; 2.5 V        ; 0 s                 ; 0 s                 ; 2.62 V                       ; 4.05e-08 V                   ; 2.72 V              ; -0.0349 V           ; 0.173 V                              ; 0.1 V                                ; 2.72e-10 s                  ; 2.69e-10 s                  ; Yes                        ; Yes                        ; 2.62 V                      ; 4.05e-08 V                  ; 2.72 V             ; -0.0349 V          ; 0.173 V                             ; 0.1 V                               ; 2.72e-10 s                 ; 2.69e-10 s                 ; Yes                       ; Yes                       ;
; HEX4[1]       ; 2.5 V        ; 0 s                 ; 0 s                 ; 2.62 V                       ; 2.74e-08 V                   ; 2.71 V              ; -0.0317 V           ; 0.148 V                              ; 0.064 V                              ; 4.51e-10 s                  ; 4.15e-10 s                  ; No                         ; Yes                        ; 2.62 V                      ; 2.74e-08 V                  ; 2.71 V             ; -0.0317 V          ; 0.148 V                             ; 0.064 V                             ; 4.51e-10 s                 ; 4.15e-10 s                 ; No                        ; Yes                       ;
; HEX4[2]       ; 2.5 V        ; 0 s                 ; 0 s                 ; 2.62 V                       ; 4.05e-08 V                   ; 2.72 V              ; -0.0349 V           ; 0.173 V                              ; 0.1 V                                ; 2.72e-10 s                  ; 2.69e-10 s                  ; Yes                        ; Yes                        ; 2.62 V                      ; 4.05e-08 V                  ; 2.72 V             ; -0.0349 V          ; 0.173 V                             ; 0.1 V                               ; 2.72e-10 s                 ; 2.69e-10 s                 ; Yes                       ; Yes                       ;
; HEX4[3]       ; 2.5 V        ; 0 s                 ; 0 s                 ; 2.62 V                       ; 4.05e-08 V                   ; 2.72 V              ; -0.0349 V           ; 0.173 V                              ; 0.1 V                                ; 2.72e-10 s                  ; 2.69e-10 s                  ; Yes                        ; Yes                        ; 2.62 V                      ; 4.05e-08 V                  ; 2.72 V             ; -0.0349 V          ; 0.173 V                             ; 0.1 V                               ; 2.72e-10 s                 ; 2.69e-10 s                 ; Yes                       ; Yes                       ;
; HEX4[4]       ; 2.5 V        ; 0 s                 ; 0 s                 ; 2.62 V                       ; 4.05e-08 V                   ; 2.72 V              ; -0.0349 V           ; 0.173 V                              ; 0.1 V                                ; 2.72e-10 s                  ; 2.69e-10 s                  ; Yes                        ; Yes                        ; 2.62 V                      ; 4.05e-08 V                  ; 2.72 V             ; -0.0349 V          ; 0.173 V                             ; 0.1 V                               ; 2.72e-10 s                 ; 2.69e-10 s                 ; Yes                       ; Yes                       ;
; HEX4[5]       ; 2.5 V        ; 0 s                 ; 0 s                 ; 2.62 V                       ; 4.05e-08 V                   ; 2.64 V              ; -0.0113 V           ; 0.208 V                              ; 0.179 V                              ; 2.38e-09 s                  ; 2.23e-09 s                  ; No                         ; Yes                        ; 2.62 V                      ; 4.05e-08 V                  ; 2.64 V             ; -0.0113 V          ; 0.208 V                             ; 0.179 V                             ; 2.38e-09 s                 ; 2.23e-09 s                 ; No                        ; Yes                       ;
; HEX4[6]       ; 2.5 V        ; 0 s                 ; 0 s                 ; 2.62 V                       ; 4.05e-08 V                   ; 2.72 V              ; -0.0349 V           ; 0.173 V                              ; 0.1 V                                ; 2.72e-10 s                  ; 2.69e-10 s                  ; Yes                        ; Yes                        ; 2.62 V                      ; 4.05e-08 V                  ; 2.72 V             ; -0.0349 V          ; 0.173 V                             ; 0.1 V                               ; 2.72e-10 s                 ; 2.69e-10 s                 ; Yes                       ; Yes                       ;
; HEX5[0]       ; 2.5 V        ; 0 s                 ; 0 s                 ; 2.62 V                       ; 4.05e-08 V                   ; 2.72 V              ; -0.0349 V           ; 0.173 V                              ; 0.1 V                                ; 2.72e-10 s                  ; 2.69e-10 s                  ; Yes                        ; Yes                        ; 2.62 V                      ; 4.05e-08 V                  ; 2.72 V             ; -0.0349 V          ; 0.173 V                             ; 0.1 V                               ; 2.72e-10 s                 ; 2.69e-10 s                 ; Yes                       ; Yes                       ;
; HEX5[1]       ; 2.5 V        ; 0 s                 ; 0 s                 ; 2.62 V                       ; 4.05e-08 V                   ; 2.72 V              ; -0.0349 V           ; 0.173 V                              ; 0.1 V                                ; 2.72e-10 s                  ; 2.69e-10 s                  ; Yes                        ; Yes                        ; 2.62 V                      ; 4.05e-08 V                  ; 2.72 V             ; -0.0349 V          ; 0.173 V                             ; 0.1 V                               ; 2.72e-10 s                 ; 2.69e-10 s                 ; Yes                       ; Yes                       ;
; HEX5[2]       ; 2.5 V        ; 0 s                 ; 0 s                 ; 2.62 V                       ; 4.05e-08 V                   ; 2.72 V              ; -0.0349 V           ; 0.173 V                              ; 0.1 V                                ; 2.72e-10 s                  ; 2.69e-10 s                  ; Yes                        ; Yes                        ; 2.62 V                      ; 4.05e-08 V                  ; 2.72 V             ; -0.0349 V          ; 0.173 V                             ; 0.1 V                               ; 2.72e-10 s                 ; 2.69e-10 s                 ; Yes                       ; Yes                       ;
; HEX5[3]       ; 2.5 V        ; 0 s                 ; 0 s                 ; 2.62 V                       ; 4.05e-08 V                   ; 2.72 V              ; -0.0349 V           ; 0.173 V                              ; 0.1 V                                ; 2.72e-10 s                  ; 2.69e-10 s                  ; Yes                        ; Yes                        ; 2.62 V                      ; 4.05e-08 V                  ; 2.72 V             ; -0.0349 V          ; 0.173 V                             ; 0.1 V                               ; 2.72e-10 s                 ; 2.69e-10 s                 ; Yes                       ; Yes                       ;
; HEX5[4]       ; 2.5 V        ; 0 s                 ; 0 s                 ; 2.62 V                       ; 4.05e-08 V                   ; 2.72 V              ; -0.0349 V           ; 0.173 V                              ; 0.1 V                                ; 2.72e-10 s                  ; 2.69e-10 s                  ; Yes                        ; Yes                        ; 2.62 V                      ; 4.05e-08 V                  ; 2.72 V             ; -0.0349 V          ; 0.173 V                             ; 0.1 V                               ; 2.72e-10 s                 ; 2.69e-10 s                 ; Yes                       ; Yes                       ;
; HEX5[5]       ; 2.5 V        ; 0 s                 ; 0 s                 ; 2.62 V                       ; 2.74e-08 V                   ; 2.71 V              ; -0.0317 V           ; 0.148 V                              ; 0.064 V                              ; 4.51e-10 s                  ; 4.15e-10 s                  ; No                         ; Yes                        ; 2.62 V                      ; 2.74e-08 V                  ; 2.71 V             ; -0.0317 V          ; 0.148 V                             ; 0.064 V                             ; 4.51e-10 s                 ; 4.15e-10 s                 ; No                        ; Yes                       ;
; HEX5[6]       ; 2.5 V        ; 0 s                 ; 0 s                 ; 2.62 V                       ; 2.74e-08 V                   ; 2.71 V              ; -0.0317 V           ; 0.148 V                              ; 0.064 V                              ; 4.51e-10 s                  ; 4.15e-10 s                  ; No                         ; Yes                        ; 2.62 V                      ; 2.74e-08 V                  ; 2.71 V             ; -0.0317 V          ; 0.148 V                             ; 0.064 V                             ; 4.51e-10 s                 ; 4.15e-10 s                 ; No                        ; Yes                       ;
; HEX6[0]       ; 2.5 V        ; 0 s                 ; 0 s                 ; 2.62 V                       ; 2.74e-08 V                   ; 2.73 V              ; -0.0384 V           ; 0.169 V                              ; 0.089 V                              ; 2.7e-10 s                   ; 2.62e-10 s                  ; Yes                        ; Yes                        ; 2.62 V                      ; 2.74e-08 V                  ; 2.73 V             ; -0.0384 V          ; 0.169 V                             ; 0.089 V                             ; 2.7e-10 s                  ; 2.62e-10 s                 ; Yes                       ; Yes                       ;
; HEX6[1]       ; 2.5 V        ; 0 s                 ; 0 s                 ; 2.62 V                       ; 4.05e-08 V                   ; 2.72 V              ; -0.0349 V           ; 0.173 V                              ; 0.1 V                                ; 2.72e-10 s                  ; 2.69e-10 s                  ; Yes                        ; Yes                        ; 2.62 V                      ; 4.05e-08 V                  ; 2.72 V             ; -0.0349 V          ; 0.173 V                             ; 0.1 V                               ; 2.72e-10 s                 ; 2.69e-10 s                 ; Yes                       ; Yes                       ;
; HEX6[2]       ; 2.5 V        ; 0 s                 ; 0 s                 ; 2.62 V                       ; 2.74e-08 V                   ; 2.71 V              ; -0.0317 V           ; 0.148 V                              ; 0.064 V                              ; 4.51e-10 s                  ; 4.15e-10 s                  ; No                         ; Yes                        ; 2.62 V                      ; 2.74e-08 V                  ; 2.71 V             ; -0.0317 V          ; 0.148 V                             ; 0.064 V                             ; 4.51e-10 s                 ; 4.15e-10 s                 ; No                        ; Yes                       ;
; HEX6[3]       ; 2.5 V        ; 0 s                 ; 0 s                 ; 2.62 V                       ; 4.05e-08 V                   ; 2.72 V              ; -0.0349 V           ; 0.173 V                              ; 0.1 V                                ; 2.72e-10 s                  ; 2.69e-10 s                  ; Yes                        ; Yes                        ; 2.62 V                      ; 4.05e-08 V                  ; 2.72 V             ; -0.0349 V          ; 0.173 V                             ; 0.1 V                               ; 2.72e-10 s                 ; 2.69e-10 s                 ; Yes                       ; Yes                       ;
; HEX6[4]       ; 2.5 V        ; 0 s                 ; 0 s                 ; 2.62 V                       ; 4.05e-08 V                   ; 2.72 V              ; -0.0349 V           ; 0.173 V                              ; 0.1 V                                ; 2.72e-10 s                  ; 2.69e-10 s                  ; Yes                        ; Yes                        ; 2.62 V                      ; 4.05e-08 V                  ; 2.72 V             ; -0.0349 V          ; 0.173 V                             ; 0.1 V                               ; 2.72e-10 s                 ; 2.69e-10 s                 ; Yes                       ; Yes                       ;
; HEX6[5]       ; 2.5 V        ; 0 s                 ; 0 s                 ; 2.62 V                       ; 2.74e-08 V                   ; 2.71 V              ; -0.0317 V           ; 0.148 V                              ; 0.064 V                              ; 4.51e-10 s                  ; 4.15e-10 s                  ; No                         ; Yes                        ; 2.62 V                      ; 2.74e-08 V                  ; 2.71 V             ; -0.0317 V          ; 0.148 V                             ; 0.064 V                             ; 4.51e-10 s                 ; 4.15e-10 s                 ; No                        ; Yes                       ;
; HEX6[6]       ; 2.5 V        ; 0 s                 ; 0 s                 ; 2.62 V                       ; 2.74e-08 V                   ; 2.71 V              ; -0.0317 V           ; 0.148 V                              ; 0.064 V                              ; 4.51e-10 s                  ; 4.15e-10 s                  ; No                         ; Yes                        ; 2.62 V                      ; 2.74e-08 V                  ; 2.71 V             ; -0.0317 V          ; 0.148 V                             ; 0.064 V                             ; 4.51e-10 s                 ; 4.15e-10 s                 ; No                        ; Yes                       ;
; HEX7[0]       ; 2.5 V        ; 0 s                 ; 0 s                 ; 2.62 V                       ; 2.74e-08 V                   ; 2.71 V              ; -0.0317 V           ; 0.148 V                              ; 0.064 V                              ; 4.51e-10 s                  ; 4.15e-10 s                  ; No                         ; Yes                        ; 2.62 V                      ; 2.74e-08 V                  ; 2.71 V             ; -0.0317 V          ; 0.148 V                             ; 0.064 V                             ; 4.51e-10 s                 ; 4.15e-10 s                 ; No                        ; Yes                       ;
; HEX7[1]       ; 2.5 V        ; 0 s                 ; 0 s                 ; 2.62 V                       ; 4.05e-08 V                   ; 2.72 V              ; -0.0349 V           ; 0.173 V                              ; 0.1 V                                ; 2.72e-10 s                  ; 2.69e-10 s                  ; Yes                        ; Yes                        ; 2.62 V                      ; 4.05e-08 V                  ; 2.72 V             ; -0.0349 V          ; 0.173 V                             ; 0.1 V                               ; 2.72e-10 s                 ; 2.69e-10 s                 ; Yes                       ; Yes                       ;
; HEX7[2]       ; 2.5 V        ; 0 s                 ; 0 s                 ; 2.62 V                       ; 4.05e-08 V                   ; 2.72 V              ; -0.0349 V           ; 0.173 V                              ; 0.1 V                                ; 2.72e-10 s                  ; 2.69e-10 s                  ; Yes                        ; Yes                        ; 2.62 V                      ; 4.05e-08 V                  ; 2.72 V             ; -0.0349 V          ; 0.173 V                             ; 0.1 V                               ; 2.72e-10 s                 ; 2.69e-10 s                 ; Yes                       ; Yes                       ;
; HEX7[3]       ; 2.5 V        ; 0 s                 ; 0 s                 ; 2.62 V                       ; 2.74e-08 V                   ; 2.71 V              ; -0.0317 V           ; 0.148 V                              ; 0.064 V                              ; 4.51e-10 s                  ; 4.15e-10 s                  ; No                         ; Yes                        ; 2.62 V                      ; 2.74e-08 V                  ; 2.71 V             ; -0.0317 V          ; 0.148 V                             ; 0.064 V                             ; 4.51e-10 s                 ; 4.15e-10 s                 ; No                        ; Yes                       ;
; HEX7[4]       ; 2.5 V        ; 0 s                 ; 0 s                 ; 2.62 V                       ; 4.05e-08 V                   ; 2.72 V              ; -0.0349 V           ; 0.173 V                              ; 0.1 V                                ; 2.72e-10 s                  ; 2.69e-10 s                  ; Yes                        ; Yes                        ; 2.62 V                      ; 4.05e-08 V                  ; 2.72 V             ; -0.0349 V          ; 0.173 V                             ; 0.1 V                               ; 2.72e-10 s                 ; 2.69e-10 s                 ; Yes                       ; Yes                       ;
; HEX7[5]       ; 2.5 V        ; 0 s                 ; 0 s                 ; 2.62 V                       ; 4.05e-08 V                   ; 2.72 V              ; -0.0349 V           ; 0.173 V                              ; 0.1 V                                ; 2.72e-10 s                  ; 2.69e-10 s                  ; Yes                        ; Yes                        ; 2.62 V                      ; 4.05e-08 V                  ; 2.72 V             ; -0.0349 V          ; 0.173 V                             ; 0.1 V                               ; 2.72e-10 s                 ; 2.69e-10 s                 ; Yes                       ; Yes                       ;
; HEX7[6]       ; 2.5 V        ; 0 s                 ; 0 s                 ; 2.62 V                       ; 4.05e-08 V                   ; 2.72 V              ; -0.0349 V           ; 0.173 V                              ; 0.1 V                                ; 2.72e-10 s                  ; 2.69e-10 s                  ; Yes                        ; Yes                        ; 2.62 V                      ; 4.05e-08 V                  ; 2.72 V             ; -0.0349 V          ; 0.173 V                             ; 0.1 V                               ; 2.72e-10 s                 ; 2.69e-10 s                 ; Yes                       ; Yes                       ;
; VGA_R[0]      ; 2.5 V        ; 0 s                 ; 0 s                 ; 2.62 V                       ; 4.05e-08 V                   ; 2.72 V              ; -0.0349 V           ; 0.173 V                              ; 0.1 V                                ; 2.72e-10 s                  ; 2.69e-10 s                  ; Yes                        ; Yes                        ; 2.62 V                      ; 4.05e-08 V                  ; 2.72 V             ; -0.0349 V          ; 0.173 V                             ; 0.1 V                               ; 2.72e-10 s                 ; 2.69e-10 s                 ; Yes                       ; Yes                       ;
; VGA_R[1]      ; 2.5 V        ; 0 s                 ; 0 s                 ; 2.62 V                       ; 4.05e-08 V                   ; 2.72 V              ; -0.0349 V           ; 0.173 V                              ; 0.1 V                                ; 2.72e-10 s                  ; 2.69e-10 s                  ; Yes                        ; Yes                        ; 2.62 V                      ; 4.05e-08 V                  ; 2.72 V             ; -0.0349 V          ; 0.173 V                             ; 0.1 V                               ; 2.72e-10 s                 ; 2.69e-10 s                 ; Yes                       ; Yes                       ;
; VGA_R[2]      ; 2.5 V        ; 0 s                 ; 0 s                 ; 2.62 V                       ; 4.05e-08 V                   ; 2.72 V              ; -0.0349 V           ; 0.173 V                              ; 0.1 V                                ; 2.72e-10 s                  ; 2.69e-10 s                  ; Yes                        ; Yes                        ; 2.62 V                      ; 4.05e-08 V                  ; 2.72 V             ; -0.0349 V          ; 0.173 V                             ; 0.1 V                               ; 2.72e-10 s                 ; 2.69e-10 s                 ; Yes                       ; Yes                       ;
; VGA_R[3]      ; 2.5 V        ; 0 s                 ; 0 s                 ; 2.62 V                       ; 4.05e-08 V                   ; 2.72 V              ; -0.0349 V           ; 0.173 V                              ; 0.1 V                                ; 2.72e-10 s                  ; 2.69e-10 s                  ; Yes                        ; Yes                        ; 2.62 V                      ; 4.05e-08 V                  ; 2.72 V             ; -0.0349 V          ; 0.173 V                             ; 0.1 V                               ; 2.72e-10 s                 ; 2.69e-10 s                 ; Yes                       ; Yes                       ;
; VGA_R[4]      ; 2.5 V        ; 0 s                 ; 0 s                 ; 2.62 V                       ; 4.05e-08 V                   ; 2.72 V              ; -0.0349 V           ; 0.173 V                              ; 0.1 V                                ; 2.72e-10 s                  ; 2.69e-10 s                  ; Yes                        ; Yes                        ; 2.62 V                      ; 4.05e-08 V                  ; 2.72 V             ; -0.0349 V          ; 0.173 V                             ; 0.1 V                               ; 2.72e-10 s                 ; 2.69e-10 s                 ; Yes                       ; Yes                       ;
; VGA_R[5]      ; 2.5 V        ; 0 s                 ; 0 s                 ; 2.62 V                       ; 4.05e-08 V                   ; 2.72 V              ; -0.0349 V           ; 0.173 V                              ; 0.1 V                                ; 2.72e-10 s                  ; 2.69e-10 s                  ; Yes                        ; Yes                        ; 2.62 V                      ; 4.05e-08 V                  ; 2.72 V             ; -0.0349 V          ; 0.173 V                             ; 0.1 V                               ; 2.72e-10 s                 ; 2.69e-10 s                 ; Yes                       ; Yes                       ;
; VGA_R[6]      ; 2.5 V        ; 0 s                 ; 0 s                 ; 2.62 V                       ; 2.74e-08 V                   ; 2.71 V              ; -0.0317 V           ; 0.148 V                              ; 0.064 V                              ; 4.51e-10 s                  ; 4.15e-10 s                  ; No                         ; Yes                        ; 2.62 V                      ; 2.74e-08 V                  ; 2.71 V             ; -0.0317 V          ; 0.148 V                             ; 0.064 V                             ; 4.51e-10 s                 ; 4.15e-10 s                 ; No                        ; Yes                       ;
; VGA_R[7]      ; 2.5 V        ; 0 s                 ; 0 s                 ; 2.62 V                       ; 4.05e-08 V                   ; 2.72 V              ; -0.0349 V           ; 0.173 V                              ; 0.1 V                                ; 2.72e-10 s                  ; 2.69e-10 s                  ; Yes                        ; Yes                        ; 2.62 V                      ; 4.05e-08 V                  ; 2.72 V             ; -0.0349 V          ; 0.173 V                             ; 0.1 V                               ; 2.72e-10 s                 ; 2.69e-10 s                 ; Yes                       ; Yes                       ;
; VGA_G[0]      ; 2.5 V        ; 0 s                 ; 0 s                 ; 2.62 V                       ; 4.05e-08 V                   ; 2.72 V              ; -0.0349 V           ; 0.173 V                              ; 0.1 V                                ; 2.72e-10 s                  ; 2.69e-10 s                  ; Yes                        ; Yes                        ; 2.62 V                      ; 4.05e-08 V                  ; 2.72 V             ; -0.0349 V          ; 0.173 V                             ; 0.1 V                               ; 2.72e-10 s                 ; 2.69e-10 s                 ; Yes                       ; Yes                       ;
; VGA_G[1]      ; 2.5 V        ; 0 s                 ; 0 s                 ; 2.62 V                       ; 4.05e-08 V                   ; 2.72 V              ; -0.0349 V           ; 0.173 V                              ; 0.1 V                                ; 2.72e-10 s                  ; 2.69e-10 s                  ; Yes                        ; Yes                        ; 2.62 V                      ; 4.05e-08 V                  ; 2.72 V             ; -0.0349 V          ; 0.173 V                             ; 0.1 V                               ; 2.72e-10 s                 ; 2.69e-10 s                 ; Yes                       ; Yes                       ;
; VGA_G[2]      ; 2.5 V        ; 0 s                 ; 0 s                 ; 2.62 V                       ; 4.05e-08 V                   ; 2.64 V              ; -0.0113 V           ; 0.208 V                              ; 0.179 V                              ; 2.38e-09 s                  ; 2.23e-09 s                  ; No                         ; Yes                        ; 2.62 V                      ; 4.05e-08 V                  ; 2.64 V             ; -0.0113 V          ; 0.208 V                             ; 0.179 V                             ; 2.38e-09 s                 ; 2.23e-09 s                 ; No                        ; Yes                       ;
; VGA_G[3]      ; 2.5 V        ; 0 s                 ; 0 s                 ; 2.62 V                       ; 4.05e-08 V                   ; 2.72 V              ; -0.0349 V           ; 0.173 V                              ; 0.1 V                                ; 2.72e-10 s                  ; 2.69e-10 s                  ; Yes                        ; Yes                        ; 2.62 V                      ; 4.05e-08 V                  ; 2.72 V             ; -0.0349 V          ; 0.173 V                             ; 0.1 V                               ; 2.72e-10 s                 ; 2.69e-10 s                 ; Yes                       ; Yes                       ;
; VGA_G[4]      ; 2.5 V        ; 0 s                 ; 0 s                 ; 2.62 V                       ; 4.05e-08 V                   ; 2.72 V              ; -0.0349 V           ; 0.173 V                              ; 0.1 V                                ; 2.72e-10 s                  ; 2.69e-10 s                  ; Yes                        ; Yes                        ; 2.62 V                      ; 4.05e-08 V                  ; 2.72 V             ; -0.0349 V          ; 0.173 V                             ; 0.1 V                               ; 2.72e-10 s                 ; 2.69e-10 s                 ; Yes                       ; Yes                       ;
; VGA_G[5]      ; 2.5 V        ; 0 s                 ; 0 s                 ; 2.62 V                       ; 4.05e-08 V                   ; 2.72 V              ; -0.0349 V           ; 0.173 V                              ; 0.1 V                                ; 2.72e-10 s                  ; 2.69e-10 s                  ; Yes                        ; Yes                        ; 2.62 V                      ; 4.05e-08 V                  ; 2.72 V             ; -0.0349 V          ; 0.173 V                             ; 0.1 V                               ; 2.72e-10 s                 ; 2.69e-10 s                 ; Yes                       ; Yes                       ;
; VGA_G[6]      ; 2.5 V        ; 0 s                 ; 0 s                 ; 2.62 V                       ; 2.74e-08 V                   ; 2.71 V              ; -0.0317 V           ; 0.148 V                              ; 0.064 V                              ; 4.51e-10 s                  ; 4.15e-10 s                  ; No                         ; Yes                        ; 2.62 V                      ; 2.74e-08 V                  ; 2.71 V             ; -0.0317 V          ; 0.148 V                             ; 0.064 V                             ; 4.51e-10 s                 ; 4.15e-10 s                 ; No                        ; Yes                       ;
; VGA_G[7]      ; 2.5 V        ; 0 s                 ; 0 s                 ; 2.62 V                       ; 2.74e-08 V                   ; 2.71 V              ; -0.0317 V           ; 0.148 V                              ; 0.064 V                              ; 4.51e-10 s                  ; 4.15e-10 s                  ; No                         ; Yes                        ; 2.62 V                      ; 2.74e-08 V                  ; 2.71 V             ; -0.0317 V          ; 0.148 V                             ; 0.064 V                             ; 4.51e-10 s                 ; 4.15e-10 s                 ; No                        ; Yes                       ;
; VGA_B[0]      ; 2.5 V        ; 0 s                 ; 0 s                 ; 2.62 V                       ; 4.05e-08 V                   ; 2.72 V              ; -0.0349 V           ; 0.173 V                              ; 0.1 V                                ; 2.72e-10 s                  ; 2.69e-10 s                  ; Yes                        ; Yes                        ; 2.62 V                      ; 4.05e-08 V                  ; 2.72 V             ; -0.0349 V          ; 0.173 V                             ; 0.1 V                               ; 2.72e-10 s                 ; 2.69e-10 s                 ; Yes                       ; Yes                       ;
; VGA_B[1]      ; 2.5 V        ; 0 s                 ; 0 s                 ; 2.62 V                       ; 4.05e-08 V                   ; 2.72 V              ; -0.0349 V           ; 0.173 V                              ; 0.1 V                                ; 2.72e-10 s                  ; 2.69e-10 s                  ; Yes                        ; Yes                        ; 2.62 V                      ; 4.05e-08 V                  ; 2.72 V             ; -0.0349 V          ; 0.173 V                             ; 0.1 V                               ; 2.72e-10 s                 ; 2.69e-10 s                 ; Yes                       ; Yes                       ;
; VGA_B[2]      ; 2.5 V        ; 0 s                 ; 0 s                 ; 2.62 V                       ; 4.05e-08 V                   ; 2.72 V              ; -0.0349 V           ; 0.173 V                              ; 0.1 V                                ; 2.72e-10 s                  ; 2.69e-10 s                  ; Yes                        ; Yes                        ; 2.62 V                      ; 4.05e-08 V                  ; 2.72 V             ; -0.0349 V          ; 0.173 V                             ; 0.1 V                               ; 2.72e-10 s                 ; 2.69e-10 s                 ; Yes                       ; Yes                       ;
; VGA_B[3]      ; 2.5 V        ; 0 s                 ; 0 s                 ; 2.62 V                       ; 4.05e-08 V                   ; 2.72 V              ; -0.0349 V           ; 0.173 V                              ; 0.1 V                                ; 2.72e-10 s                  ; 2.69e-10 s                  ; Yes                        ; Yes                        ; 2.62 V                      ; 4.05e-08 V                  ; 2.72 V             ; -0.0349 V          ; 0.173 V                             ; 0.1 V                               ; 2.72e-10 s                 ; 2.69e-10 s                 ; Yes                       ; Yes                       ;
; VGA_B[4]      ; 2.5 V        ; 0 s                 ; 0 s                 ; 2.62 V                       ; 4.05e-08 V                   ; 2.72 V              ; -0.0349 V           ; 0.173 V                              ; 0.1 V                                ; 2.72e-10 s                  ; 2.69e-10 s                  ; Yes                        ; Yes                        ; 2.62 V                      ; 4.05e-08 V                  ; 2.72 V             ; -0.0349 V          ; 0.173 V                             ; 0.1 V                               ; 2.72e-10 s                 ; 2.69e-10 s                 ; Yes                       ; Yes                       ;
; VGA_B[5]      ; 2.5 V        ; 0 s                 ; 0 s                 ; 2.62 V                       ; 4.05e-08 V                   ; 2.72 V              ; -0.0349 V           ; 0.173 V                              ; 0.1 V                                ; 2.72e-10 s                  ; 2.69e-10 s                  ; Yes                        ; Yes                        ; 2.62 V                      ; 4.05e-08 V                  ; 2.72 V             ; -0.0349 V          ; 0.173 V                             ; 0.1 V                               ; 2.72e-10 s                 ; 2.69e-10 s                 ; Yes                       ; Yes                       ;
; VGA_B[6]      ; 2.5 V        ; 0 s                 ; 0 s                 ; 2.62 V                       ; 2.74e-08 V                   ; 2.71 V              ; -0.0317 V           ; 0.148 V                              ; 0.064 V                              ; 4.51e-10 s                  ; 4.15e-10 s                  ; No                         ; Yes                        ; 2.62 V                      ; 2.74e-08 V                  ; 2.71 V             ; -0.0317 V          ; 0.148 V                             ; 0.064 V                             ; 4.51e-10 s                 ; 4.15e-10 s                 ; No                        ; Yes                       ;
; VGA_B[7]      ; 2.5 V        ; 0 s                 ; 0 s                 ; 2.62 V                       ; 2.74e-08 V                   ; 2.71 V              ; -0.0317 V           ; 0.148 V                              ; 0.064 V                              ; 4.51e-10 s                  ; 4.15e-10 s                  ; No                         ; Yes                        ; 2.62 V                      ; 2.74e-08 V                  ; 2.71 V             ; -0.0317 V          ; 0.148 V                             ; 0.064 V                             ; 4.51e-10 s                 ; 4.15e-10 s                 ; No                        ; Yes                       ;
; VGA_BLANK_N   ; 2.5 V        ; 0 s                 ; 0 s                 ; 2.62 V                       ; 4.05e-08 V                   ; 2.72 V              ; -0.0349 V           ; 0.173 V                              ; 0.1 V                                ; 2.72e-10 s                  ; 2.69e-10 s                  ; Yes                        ; Yes                        ; 2.62 V                      ; 4.05e-08 V                  ; 2.72 V             ; -0.0349 V          ; 0.173 V                             ; 0.1 V                               ; 2.72e-10 s                 ; 2.69e-10 s                 ; Yes                       ; Yes                       ;
; VGA_CLK       ; 2.5 V        ; 0 s                 ; 0 s                 ; 2.62 V                       ; 2.74e-08 V                   ; 2.71 V              ; -0.0317 V           ; 0.148 V                              ; 0.064 V                              ; 4.51e-10 s                  ; 4.15e-10 s                  ; No                         ; Yes                        ; 2.62 V                      ; 2.74e-08 V                  ; 2.71 V             ; -0.0317 V          ; 0.148 V                             ; 0.064 V                             ; 4.51e-10 s                 ; 4.15e-10 s                 ; No                        ; Yes                       ;
; VGA_SYNC_N    ; 2.5 V        ; 0 s                 ; 0 s                 ; 2.62 V                       ; 4.05e-08 V                   ; 2.72 V              ; -0.0349 V           ; 0.173 V                              ; 0.1 V                                ; 2.72e-10 s                  ; 2.69e-10 s                  ; Yes                        ; Yes                        ; 2.62 V                      ; 4.05e-08 V                  ; 2.72 V             ; -0.0349 V          ; 0.173 V                             ; 0.1 V                               ; 2.72e-10 s                 ; 2.69e-10 s                 ; Yes                       ; Yes                       ;
; VGA_VS        ; 2.5 V        ; 0 s                 ; 0 s                 ; 2.62 V                       ; 4.05e-08 V                   ; 2.72 V              ; -0.0349 V           ; 0.173 V                              ; 0.1 V                                ; 2.72e-10 s                  ; 2.69e-10 s                  ; Yes                        ; Yes                        ; 2.62 V                      ; 4.05e-08 V                  ; 2.72 V             ; -0.0349 V          ; 0.173 V                             ; 0.1 V                               ; 2.72e-10 s                 ; 2.69e-10 s                 ; Yes                       ; Yes                       ;
; VGA_HS        ; 2.5 V        ; 0 s                 ; 0 s                 ; 2.62 V                       ; 4.05e-08 V                   ; 2.72 V              ; -0.0349 V           ; 0.173 V                              ; 0.1 V                                ; 2.72e-10 s                  ; 2.69e-10 s                  ; Yes                        ; Yes                        ; 2.62 V                      ; 4.05e-08 V                  ; 2.72 V             ; -0.0349 V          ; 0.173 V                             ; 0.1 V                               ; 2.72e-10 s                 ; 2.69e-10 s                 ; Yes                       ; Yes                       ;
; ~ALTERA_DCLK~ ; 2.5 V        ; 0 s                 ; 0 s                 ; 2.62 V                       ; 2.22e-08 V                   ; 2.74 V              ; -0.06 V             ; 0.158 V                              ; 0.08 V                               ; 2.68e-10 s                  ; 2.19e-10 s                  ; Yes                        ; Yes                        ; 2.62 V                      ; 2.22e-08 V                  ; 2.74 V             ; -0.06 V            ; 0.158 V                             ; 0.08 V                              ; 2.68e-10 s                 ; 2.19e-10 s                 ; Yes                       ; Yes                       ;
; ~ALTERA_nCEO~ ; 2.5 V        ; 0 s                 ; 0 s                 ; 2.62 V                       ; 3.54e-08 V                   ; 2.7 V               ; -0.00943 V          ; 0.276 V                              ; 0.035 V                              ; 3.19e-10 s                  ; 4.99e-10 s                  ; No                         ; Yes                        ; 2.62 V                      ; 3.54e-08 V                  ; 2.7 V              ; -0.00943 V         ; 0.276 V                             ; 0.035 V                             ; 3.19e-10 s                 ; 4.99e-10 s                 ; No                        ; Yes                       ;
+---------------+--------------+---------------------+---------------------+------------------------------+------------------------------+---------------------+---------------------+--------------------------------------+--------------------------------------+-----------------------------+-----------------------------+----------------------------+----------------------------+-----------------------------+-----------------------------+--------------------+--------------------+-------------------------------------+-------------------------------------+----------------------------+----------------------------+---------------------------+---------------------------+


+------------------------------------------------------------------------+
; Setup Transfers                                                        ;
+------------+-----------+--------------+----------+----------+----------+
; From Clock ; To Clock  ; RR Paths     ; FR Paths ; RF Paths ; FF Paths ;
+------------+-----------+--------------+----------+----------+----------+
; CLOCK2_50  ; CLOCK2_50 ; > 2147483647 ; 0        ; 0        ; 0        ;
; CLOCK_50   ; CLOCK2_50 ; > 2147483647 ; 0        ; 0        ; 0        ;
; CLOCK2_50  ; CLOCK_50  ; > 2147483647 ; 0        ; 0        ; 0        ;
; CLOCK_50   ; CLOCK_50  ; > 2147483647 ; 0        ; 0        ; 0        ;
+------------+-----------+--------------+----------+----------+----------+
Entries labeled "false path" only account for clock-to-clock false paths and not path-based false paths. As a result, actual path counts may be lower than reported.


+------------------------------------------------------------------------+
; Hold Transfers                                                         ;
+------------+-----------+--------------+----------+----------+----------+
; From Clock ; To Clock  ; RR Paths     ; FR Paths ; RF Paths ; FF Paths ;
+------------+-----------+--------------+----------+----------+----------+
; CLOCK2_50  ; CLOCK2_50 ; > 2147483647 ; 0        ; 0        ; 0        ;
; CLOCK_50   ; CLOCK2_50 ; > 2147483647 ; 0        ; 0        ; 0        ;
; CLOCK2_50  ; CLOCK_50  ; > 2147483647 ; 0        ; 0        ; 0        ;
; CLOCK_50   ; CLOCK_50  ; > 2147483647 ; 0        ; 0        ; 0        ;
+------------+-----------+--------------+----------+----------+----------+
Entries labeled "false path" only account for clock-to-clock false paths and not path-based false paths. As a result, actual path counts may be lower than reported.


+--------------------------------------------------------------------+
; Recovery Transfers                                                 ;
+------------+-----------+----------+----------+----------+----------+
; From Clock ; To Clock  ; RR Paths ; FR Paths ; RF Paths ; FF Paths ;
+------------+-----------+----------+----------+----------+----------+
; CLOCK_50   ; CLOCK2_50 ; 95       ; 0        ; 0        ; 0        ;
+------------+-----------+----------+----------+----------+----------+
Entries labeled "false path" only account for clock-to-clock false paths and not path-based false paths. As a result, actual path counts may be lower than reported.


+--------------------------------------------------------------------+
; Removal Transfers                                                  ;
+------------+-----------+----------+----------+----------+----------+
; From Clock ; To Clock  ; RR Paths ; FR Paths ; RF Paths ; FF Paths ;
+------------+-----------+----------+----------+----------+----------+
; CLOCK_50   ; CLOCK2_50 ; 95       ; 0        ; 0        ; 0        ;
+------------+-----------+----------+----------+----------+----------+
Entries labeled "false path" only account for clock-to-clock false paths and not path-based false paths. As a result, actual path counts may be lower than reported.


---------------
; Report TCCS ;
---------------
No dedicated SERDES Transmitter circuitry present in device or used in design


---------------
; Report RSKM ;
---------------
No non-DPA dedicated SERDES Receiver circuitry present in device or used in design


+------------------------------------------------+
; Unconstrained Paths Summary                    ;
+---------------------------------+-------+------+
; Property                        ; Setup ; Hold ;
+---------------------------------+-------+------+
; Illegal Clocks                  ; 0     ; 0    ;
; Unconstrained Clocks            ; 0     ; 0    ;
; Unconstrained Input Ports       ; 10    ; 10   ;
; Unconstrained Input Port Paths  ; 10    ; 10   ;
; Unconstrained Output Ports      ; 10    ; 10   ;
; Unconstrained Output Port Paths ; 10    ; 10   ;
+---------------------------------+-------+------+


+--------------------------------------------+
; Clock Status Summary                       ;
+-----------+-----------+------+-------------+
; Target    ; Clock     ; Type ; Status      ;
+-----------+-----------+------+-------------+
; CLOCK2_50 ; CLOCK2_50 ; Base ; Constrained ;
; CLOCK_50  ; CLOCK_50  ; Base ; Constrained ;
+-----------+-----------+------+-------------+


+---------------------------------------------------------------------------------------------------+
; Unconstrained Input Ports                                                                         ;
+------------+--------------------------------------------------------------------------------------+
; Input Port ; Comment                                                                              ;
+------------+--------------------------------------------------------------------------------------+
; CLOCK_50   ; No input delay, min/max delays, false-path exceptions, or max skew assignments found ;
; GPIO[0]    ; No input delay, min/max delays, false-path exceptions, or max skew assignments found ;
; GPIO[1]    ; No input delay, min/max delays, false-path exceptions, or max skew assignments found ;
; GPIO[2]    ; No input delay, min/max delays, false-path exceptions, or max skew assignments found ;
; GPIO[3]    ; No input delay, min/max delays, false-path exceptions, or max skew assignments found ;
; GPIO[4]    ; No input delay, min/max delays, false-path exceptions, or max skew assignments found ;
; GPIO[5]    ; No input delay, min/max delays, false-path exceptions, or max skew assignments found ;
; GPIO[6]    ; No input delay, min/max delays, false-path exceptions, or max skew assignments found ;
; GPIO[7]    ; No input delay, min/max delays, false-path exceptions, or max skew assignments found ;
; KEY[0]     ; No input delay, min/max delays, false-path exceptions, or max skew assignments found ;
+------------+--------------------------------------------------------------------------------------+


+-----------------------------------------------------------------------------------------------------+
; Unconstrained Output Ports                                                                          ;
+-------------+---------------------------------------------------------------------------------------+
; Output Port ; Comment                                                                               ;
+-------------+---------------------------------------------------------------------------------------+
; LEDG[0]     ; No output delay, min/max delays, false-path exceptions, or max skew assignments found ;
; LEDR[0]     ; No output delay, min/max delays, false-path exceptions, or max skew assignments found ;
; LEDR[1]     ; No output delay, min/max delays, false-path exceptions, or max skew assignments found ;
; LEDR[2]     ; No output delay, min/max delays, false-path exceptions, or max skew assignments found ;
; LEDR[3]     ; No output delay, min/max delays, false-path exceptions, or max skew assignments found ;
; LEDR[4]     ; No output delay, min/max delays, false-path exceptions, or max skew assignments found ;
; LEDR[5]     ; No output delay, min/max delays, false-path exceptions, or max skew assignments found ;
; LEDR[6]     ; No output delay, min/max delays, false-path exceptions, or max skew assignments found ;
; LEDR[7]     ; No output delay, min/max delays, false-path exceptions, or max skew assignments found ;
; VGA_CLK     ; No output delay, min/max delays, false-path exceptions, or max skew assignments found ;
+-------------+---------------------------------------------------------------------------------------+


+---------------------------------------------------------------------------------------------------+
; Unconstrained Input Ports                                                                         ;
+------------+--------------------------------------------------------------------------------------+
; Input Port ; Comment                                                                              ;
+------------+--------------------------------------------------------------------------------------+
; CLOCK_50   ; No input delay, min/max delays, false-path exceptions, or max skew assignments found ;
; GPIO[0]    ; No input delay, min/max delays, false-path exceptions, or max skew assignments found ;
; GPIO[1]    ; No input delay, min/max delays, false-path exceptions, or max skew assignments found ;
; GPIO[2]    ; No input delay, min/max delays, false-path exceptions, or max skew assignments found ;
; GPIO[3]    ; No input delay, min/max delays, false-path exceptions, or max skew assignments found ;
; GPIO[4]    ; No input delay, min/max delays, false-path exceptions, or max skew assignments found ;
; GPIO[5]    ; No input delay, min/max delays, false-path exceptions, or max skew assignments found ;
; GPIO[6]    ; No input delay, min/max delays, false-path exceptions, or max skew assignments found ;
; GPIO[7]    ; No input delay, min/max delays, false-path exceptions, or max skew assignments found ;
; KEY[0]     ; No input delay, min/max delays, false-path exceptions, or max skew assignments found ;
+------------+--------------------------------------------------------------------------------------+


+-----------------------------------------------------------------------------------------------------+
; Unconstrained Output Ports                                                                          ;
+-------------+---------------------------------------------------------------------------------------+
; Output Port ; Comment                                                                               ;
+-------------+---------------------------------------------------------------------------------------+
; LEDG[0]     ; No output delay, min/max delays, false-path exceptions, or max skew assignments found ;
; LEDR[0]     ; No output delay, min/max delays, false-path exceptions, or max skew assignments found ;
; LEDR[1]     ; No output delay, min/max delays, false-path exceptions, or max skew assignments found ;
; LEDR[2]     ; No output delay, min/max delays, false-path exceptions, or max skew assignments found ;
; LEDR[3]     ; No output delay, min/max delays, false-path exceptions, or max skew assignments found ;
; LEDR[4]     ; No output delay, min/max delays, false-path exceptions, or max skew assignments found ;
; LEDR[5]     ; No output delay, min/max delays, false-path exceptions, or max skew assignments found ;
; LEDR[6]     ; No output delay, min/max delays, false-path exceptions, or max skew assignments found ;
; LEDR[7]     ; No output delay, min/max delays, false-path exceptions, or max skew assignments found ;
; VGA_CLK     ; No output delay, min/max delays, false-path exceptions, or max skew assignments found ;
+-------------+---------------------------------------------------------------------------------------+


+--------------------------+
; Timing Analyzer Messages ;
+--------------------------+
Info: *******************************************************************
Info: Running Quartus Prime Timing Analyzer
    Info: Version 23.1std.1 Build 993 05/14/2024 SC Standard Edition
    Info: Processing started: Sun Mar 30 16:28:08 2025
Info: Command: quartus_sta gameboy -c chipInterface
Info: qsta_default_script.tcl version: #1
Warning (18236): Number of processors has not been specified which may cause overloading on shared machines.  Set the global assignment NUM_PARALLEL_PROCESSORS in your QSF to an appropriate value for best performance.
Info (20030): Parallel compilation is enabled and will use 16 of the 20 processors detected
Info (21077): Low junction temperature is 0 degrees C
Info (21077): High junction temperature is 85 degrees C
Info (332104): Reading SDC File: 'gameboy.sdc'
Info: Found TIMING_ANALYZER_REPORT_SCRIPT_INCLUDE_DEFAULT_ANALYSIS = ON
Info: Analyzing Slow 1200mV 85C Model
Info (332146): Worst-case setup slack is 76.149
    Info (332119):     Slack       End Point TNS Clock 
    Info (332119): ========= =================== =====================
    Info (332119):    76.149               0.000 CLOCK2_50 
    Info (332119):    78.990               0.000 CLOCK_50 
Info (332146): Worst-case hold slack is 0.401
    Info (332119):     Slack       End Point TNS Clock 
    Info (332119): ========= =================== =====================
    Info (332119):     0.401               0.000 CLOCK2_50 
    Info (332119):     0.402               0.000 CLOCK_50 
Info (332146): Worst-case recovery slack is 118.839
    Info (332119):     Slack       End Point TNS Clock 
    Info (332119): ========= =================== =====================
    Info (332119):   118.839               0.000 CLOCK2_50 
Info (332146): Worst-case removal slack is 1.085
    Info (332119):     Slack       End Point TNS Clock 
    Info (332119): ========= =================== =====================
    Info (332119):     1.085               0.000 CLOCK2_50 
Info (332146): Worst-case minimum pulse width slack is 52.128
    Info (332119):     Slack       End Point TNS Clock 
    Info (332119): ========= =================== =====================
    Info (332119):    52.128               0.000 CLOCK_50 
    Info (332119):   124.756               0.000 CLOCK2_50 
Info (332114): Report Metastability: Found 43 synchronizer chains.
    Info (332114): The design MTBF is not calculated because there are no specified synchronizers in the design.
    Info (332114): Number of Synchronizer Chains Found: 43
    Info (332114): Shortest Synchronizer Chain: 2 Registers
    Info (332114): Fraction of Chains for which MTBFs Could Not be Calculated: 1.000
    Info (332114): Worst Case Available Settling Time: 197.945 ns
    Info (332114): 
Info: Analyzing Slow 1200mV 0C Model
Info (334003): Started post-fitting delay annotation
Info (334004): Delay annotation completed successfully
Info (332146): Worst-case setup slack is 80.240
    Info (332119):     Slack       End Point TNS Clock 
    Info (332119): ========= =================== =====================
    Info (332119):    80.240               0.000 CLOCK2_50 
    Info (332119):    82.780               0.000 CLOCK_50 
Info (332146): Worst-case hold slack is 0.352
    Info (332119):     Slack       End Point TNS Clock 
    Info (332119): ========= =================== =====================
    Info (332119):     0.352               0.000 CLOCK2_50 
    Info (332119):     0.353               0.000 CLOCK_50 
Info (332146): Worst-case recovery slack is 119.351
    Info (332119):     Slack       End Point TNS Clock 
    Info (332119): ========= =================== =====================
    Info (332119):   119.351               0.000 CLOCK2_50 
Info (332146): Worst-case removal slack is 0.990
    Info (332119):     Slack       End Point TNS Clock 
    Info (332119): ========= =================== =====================
    Info (332119):     0.990               0.000 CLOCK2_50 
Info (332146): Worst-case minimum pulse width slack is 52.146
    Info (332119):     Slack       End Point TNS Clock 
    Info (332119): ========= =================== =====================
    Info (332119):    52.146               0.000 CLOCK_50 
    Info (332119):   124.776               0.000 CLOCK2_50 
Info (332114): Report Metastability: Found 43 synchronizer chains.
    Info (332114): The design MTBF is not calculated because there are no specified synchronizers in the design.
    Info (332114): Number of Synchronizer Chains Found: 43
    Info (332114): Shortest Synchronizer Chain: 2 Registers
    Info (332114): Fraction of Chains for which MTBFs Could Not be Calculated: 1.000
    Info (332114): Worst Case Available Settling Time: 202.333 ns
    Info (332114): 
Info: Analyzing Fast 1200mV 0C Model
Info (332146): Worst-case setup slack is 100.459
    Info (332119):     Slack       End Point TNS Clock 
    Info (332119): ========= =================== =====================
    Info (332119):   100.459               0.000 CLOCK2_50 
    Info (332119):   102.158               0.000 CLOCK_50 
Info (332146): Worst-case hold slack is 0.180
    Info (332119):     Slack       End Point TNS Clock 
    Info (332119): ========= =================== =====================
    Info (332119):     0.180               0.000 CLOCK2_50 
    Info (332119):     0.181               0.000 CLOCK_50 
Info (332146): Worst-case recovery slack is 121.601
    Info (332119):     Slack       End Point TNS Clock 
    Info (332119): ========= =================== =====================
    Info (332119):   121.601               0.000 CLOCK2_50 
Info (332146): Worst-case removal slack is 0.486
    Info (332119):     Slack       End Point TNS Clock 
    Info (332119): ========= =================== =====================
    Info (332119):     0.486               0.000 CLOCK2_50 
Info (332146): Worst-case minimum pulse width slack is 51.872
    Info (332119):     Slack       End Point TNS Clock 
    Info (332119): ========= =================== =====================
    Info (332119):    51.872               0.000 CLOCK_50 
    Info (332119):   124.436               0.000 CLOCK2_50 
Info (332114): Report Metastability: Found 43 synchronizer chains.
    Info (332114): The design MTBF is not calculated because there are no specified synchronizers in the design.
    Info (332114): Number of Synchronizer Chains Found: 43
    Info (332114): Shortest Synchronizer Chain: 2 Registers
    Info (332114): Fraction of Chains for which MTBFs Could Not be Calculated: 1.000
    Info (332114): Worst Case Available Settling Time: 224.135 ns
    Info (332114): 
Info (332102): Design is not fully constrained for setup requirements
Info (332102): Design is not fully constrained for hold requirements
Info: Quartus Prime Timing Analyzer was successful. 0 errors, 1 warning
    Info: Peak virtual memory: 776 megabytes
    Info: Processing ended: Sun Mar 30 16:28:19 2025
    Info: Elapsed time: 00:00:11
    Info: Total CPU time (on all processors): 00:00:19


