WIDTH=16;
DEPTH=16384;
ADDRESS_RADIX=HEX;
DATA_RADIX=HEX;
CONTENT BEGIN
0000 : 0cc3;
0002 : 0002;
0004 : 0000;
0006 : 0000;
0008 : 0cc3;
000A : ff02;
000C : ffff;
000E : ffff;
0010 : ffff;
0012 : ffff;
0014 : ffff;
0016 : ffff;
0018 : ffff;
001A : ffff;
001C : ffff;
001E : ffff;
0020 : ffff;
0022 : ffff;
0024 : ffff;
0026 : ffff;
0028 : e187;
002A : 165f;
002C : 1900;
002E : 235e;
0030 : d556;
0032 : e9e1;
0034 : ffff;
0036 : ffff;
0038 : ffff;
003A : ffff;
003C : ffff;
003E : ffff;
0040 : 7ec3;
0042 : ff01;
0044 : ffff;
0046 : ffff;
0048 : bec3;
004A : ff26;
004C : ffff;
004E : ffff;
0050 : bec3;
0052 : ff26;
0054 : ffff;
0056 : ffff;
0058 : 5bc3;
005A : f500;
005C : d5e5;
005E : cdc5;
0060 : 006b;
0062 : 013e;
0064 : cce0;
0066 : d1c1;
0068 : f1e1;
006A : f0d9;
006C : efcd;
006E : 0078;
0070 : 009f;
0072 : 00a4;
0074 : 00ba;
0076 : 27ea;
0078 : e1f0;
007A : 07fe;
007C : 0828;
007E : 06fe;
0080 : 3ec8;
0082 : e006;
0084 : c9e1;
0086 : 01f0;
0088 : 55fe;
008A : 0820;
008C : 293e;
008E : cbe0;
0090 : 013e;
0092 : 0818;
0094 : 29fe;
0096 : 3ec0;
0098 : e055;
009A : afcb;
009C : 02e0;
009E : f0c9;
00A0 : e001;
00A2 : c9d0;
00A4 : 01f0;
00A6 : d0e0;
00A8 : cbf0;
00AA : 29fe;
00AC : f0c8;
00AE : e0cf;
00B0 : 3e01;
00B2 : e0ff;
00B4 : 3ecf;
00B6 : e080;
00B8 : c902;
00BA : 01f0;
00BC : d0e0;
00BE : cbf0;
00C0 : 29fe;
00C2 : f0c8;
00C4 : e0cf;
00C6 : fb01;
00C8 : 98cd;
00CA : 3e0a;
00CC : e080;
00CE : c902;
00D0 : cdf0;
00D2 : 02fe;
00D4 : afc0;
00D6 : 0fe0;
00D8 : c9fb;
00DA : ffff;
00DC : ffff;
00DE : ffff;
00E0 : ffff;
00E2 : ffff;
00E4 : ffff;
00E6 : ffff;
00E8 : ffff;
00EA : ffff;
00EC : ffff;
00EE : ffff;
00F0 : ffff;
00F2 : ffff;
00F4 : ffff;
00F6 : ffff;
00F8 : ffff;
00FA : ffff;
00FC : ffff;
00FE : ffff;
0100 : c300;
0102 : 0150;
0104 : edce;
0106 : 6666;
0108 : 0dcc;
010A : 0b00;
010C : 7303;
010E : 8300;
0110 : 0c00;
0112 : 0d00;
0114 : 0800;
0116 : 1f11;
0118 : 8988;
011A : 0e00;
011C : ccdc;
011E : e66e;
0120 : dddd;
0122 : 99d9;
0124 : bbbb;
0126 : 6367;
0128 : 0e6e;
012A : ccec;
012C : dcdd;
012E : 9f99;
0130 : b9bb;
0132 : 3e33;
0134 : 4554;
0136 : 5254;
0138 : 5349;
013A : 0000;
013C : 0000;
013E : 0000;
0140 : 0000;
0142 : 0000;
0144 : 0000;
0146 : 0000;
0148 : 0000;
014A : 0100;
014C : 0a01;
014E : bf16;
0150 : 0cc3;
0152 : cd02;
0154 : 29e3;
0156 : 41f0;
0158 : 03e6;
015A : fa20;
015C : f046;
015E : e641;
0160 : 2003;
0162 : 7efa;
0164 : c9a0;
0166 : 867b;
0168 : 2227;
016A : 8e7a;
016C : 2227;
016E : 003e;
0170 : 278e;
0172 : 3e77;
0174 : e001;
0176 : d0e0;
0178 : 993e;
017A : 3232;
017C : c977;
017E : c5f5;
0180 : e5d5;
0182 : cef0;
0184 : 28a7;
0186 : f012;
0188 : fecb;
018A : 2029;
018C : af0c;
018E : cee0;
0190 : cff0;
0192 : 01e0;
0194 : 0221;
0196 : 36ff;
0198 : cd81;
019A : 21e0;
019C : cccd;
019E : cd23;
01A0 : 23b7;
01A2 : 9ecd;
01A4 : cd23;
01A6 : 238c;
01A8 : 7dcd;
01AA : cd23;
01AC : 236e;
01AE : 5fcd;
01B0 : cd23;
01B2 : 2350;
01B4 : 41cd;
01B6 : cd23;
01B8 : 2332;
01BA : 23cd;
01BC : cd23;
01BE : 22f8;
01C0 : e9cd;
01C2 : cd22;
01C4 : 22da;
01C6 : cbcd;
01C8 : cd22;
01CA : 22bc;
01CC : adcd;
01CE : cd22;
01D0 : 229e;
01D2 : d7cd;
01D4 : cd1e;
01D6 : ffb6;
01D8 : cacd;
01DA : fa18;
01DC : c0ce;
01DE : 28a7;
01E0 : f01a;
01E2 : fe98;
01E4 : 2003;
01E6 : 2114;
01E8 : 986d;
01EA : 3bcd;
01EC : 3e24;
01EE : e001;
01F0 : 21e0;
01F2 : 9c6d;
01F4 : 3bcd;
01F6 : af24;
01F8 : ceea;
01FA : 21c0;
01FC : ffe2;
01FE : af34;
0200 : 43e0;
0202 : 42e0;
0204 : e03c;
0206 : e185;
0208 : c1d1;
020A : d9f1;
020C : 21af;
020E : dfff;
0210 : 100e;
0212 : 0006;
0214 : 0532;
0216 : fc20;
0218 : 200d;
021A : 3ef9;
021C : f301;
021E : 0fe0;
0220 : ffe0;
0222 : e0af;
0224 : e042;
0226 : e043;
0228 : e0a4;
022A : e041;
022C : e001;
022E : 3e02;
0230 : e080;
0232 : f040;
0234 : fe44;
0236 : 2094;
0238 : 3efa;
023A : e003;
023C : 3e40;
023E : e0e4;
0240 : e047;
0242 : 3e48;
0244 : e0c4;
0246 : 2149;
0248 : ff26;
024A : 803e;
024C : 3e32;
024E : 32ff;
0250 : 7736;
0252 : 013e;
0254 : 00ea;
0256 : 3120;
0258 : cfff;
025A : 21af;
025C : dfff;
025E : 0006;
0260 : 0532;
0262 : fc20;
0264 : ff21;
0266 : 0ecf;
0268 : 0610;
026A : 3200;
026C : 2005;
026E : 0dfc;
0270 : f920;
0272 : ff21;
0274 : 0e9f;
0276 : af20;
0278 : 0006;
027A : 0532;
027C : fc20;
027E : 200d;
0280 : 21f9;
0282 : feff;
0284 : 0006;
0286 : 0532;
0288 : fc20;
028A : fe21;
028C : 06ff;
028E : 3280;
0290 : 2005;
0292 : 0efc;
0294 : 06b6;
0296 : 210c;
0298 : 2a7f;
029A : e22a;
029C : 050c;
029E : fa20;
02A0 : 95cd;
02A2 : cd27;
02A4 : 7ff3;
02A6 : 093e;
02A8 : ffe0;
02AA : 373e;
02AC : c0e0;
02AE : 1c3e;
02B0 : c1e0;
02B2 : 243e;
02B4 : e1e0;
02B6 : 803e;
02B8 : 40e0;
02BA : affb;
02BC : 0fe0;
02BE : 4ae0;
02C0 : 4be0;
02C2 : 06e0;
02C4 : a6cd;
02C6 : cd29;
02C8 : 02f8;
02CA : f0cd;
02CC : f07f;
02CE : e680;
02D0 : fe0f;
02D2 : ca0f;
02D4 : 021b;
02D6 : a621;
02D8 : 06ff;
02DA : 7e02;
02DC : 28a7;
02DE : 3501;
02E0 : 052c;
02E2 : f720;
02E4 : c5f0;
02E6 : 28a7;
02E8 : 3e04;
02EA : e009;
02EC : f0ff;
02EE : a785;
02F0 : fb28;
02F2 : e0af;
02F4 : c385;
02F6 : 02c4;
02F8 : e1f0;
02FA : ceef;
02FC : e21b;
02FE : 441c;
0300 : 7b12;
0302 : 0612;
0304 : 261d;
0306 : ae1d;
0308 : 7903;
030A : 4404;
030C : 8c14;
030E : 0714;
0310 : c01a;
0312 : 161d;
0314 : 1f1f;
0316 : 251f;
0318 : b015;
031A : 7b14;
031C : bf15;
031E : 2915;
0320 : 7a16;
0322 : eb16;
0324 : 1316;
0326 : 7719;
0328 : 2c06;
032A : 2507;
032C : e408;
032E : 3108;
0330 : eb0b;
0332 : d20c;
0334 : 320a;
0336 : 230d;
0338 : 120e;
033A : 9911;
033C : 8a0d;
033E : ce0e;
0340 : 411d;
0342 : 691e;
0344 : 9303;
0346 : 6703;
0348 : e611;
034A : fc11;
034C : 1c11;
034E : c712;
0350 : f705;
0352 : b305;
0354 : 0512;
0356 : 2413;
0358 : 5113;
035A : 6713;
035C : 7e13;
035E : b513;
0360 : e513;
0362 : 1b13;
0364 : a013;
0366 : ea03;
0368 : cd27;
036A : 2820;
036C : d7cd;
036E : 1127;
0370 : 4a07;
0372 : ebcd;
0374 : cd27;
0376 : 178a;
0378 : 0021;
037A : 11c3;
037C : 6450;
037E : 221a;
0380 : 7c13;
0382 : c4fe;
0384 : f820;
0386 : d33e;
0388 : 40e0;
038A : fa3e;
038C : a6e0;
038E : 253e;
0390 : e1e0;
0392 : f0c9;
0394 : a7a6;
0396 : 3ec0;
0398 : e0fa;
039A : 3ea6;
039C : e035;
039E : c9e1;
03A0 : 81f0;
03A2 : 20a7;
03A4 : f004;
03A6 : a7a6;
03A8 : 3ec0;
03AA : e006;
03AC : c9e1;
03AE : 20cd;
03B0 : af28;
03B2 : e9e0;
03B4 : 98e0;
03B6 : 9ce0;
03B8 : 9be0;
03BA : fbe0;
03BC : 9fe0;
03BE : e3e0;
03C0 : c7e0;
03C2 : 93cd;
03C4 : cd22;
03C6 : 2651;
03C8 : d7cd;
03CA : 2127;
03CC : c800;
03CE : 2f3e;
03D0 : 7c22;
03D2 : ccfe;
03D4 : f820;
03D6 : 0121;
03D8 : cdc8;
03DA : 26a9;
03DC : 0c21;
03DE : cdc8;
03E0 : 26a9;
03E2 : 4121;
03E4 : 06ca;
03E6 : 3e0c;
03E8 : 228e;
03EA : 2005;
03EC : 11fc;
03EE : 4b6f;
03F0 : ebcd;
03F2 : cd27;
03F4 : 178a;
03F6 : 0021;
03F8 : 36c0;
03FA : 2c80;
03FC : 1036;
03FE : 362c;
0400 : 3e58;
0402 : ea03;
0404 : dfe8;
0406 : d33e;
0408 : 40e0;
040A : 073e;
040C : e1e0;
040E : 7d3e;
0410 : a6e0;
0412 : 043e;
0414 : c6e0;
0416 : e4f0;
0418 : c0a7;
041A : 133e;
041C : c6e0;
041E : 3ec9;
0420 : e037;
0422 : 3ec0;
0424 : e009;
0426 : afc2;
0428 : c5e0;
042A : b0e0;
042C : ede0;
042E : eae0;
0430 : 623e;
0432 : ebe0;
0434 : b03e;
0436 : ece0;
0438 : e4f0;
043A : 02fe;
043C : 023e;
043E : 1a20;
0440 : 773e;
0442 : c0e0;
0444 : 093e;
0446 : c3e0;
0448 : 023e;
044A : c4e0;
044C : 633e;
044E : ebe0;
0450 : b03e;
0452 : ece0;
0454 : 113e;
0456 : b0e0;
0458 : 013e;
045A : e4e0;
045C : 0a3e;
045E : e1e0;
0460 : 20cd;
0462 : cd28;
0464 : 27ad;
0466 : d711;
0468 : cd4c;
046A : 27eb;
046C : 8acd;
046E : 3e17;
0470 : e0d3;
0472 : c940;
0474 : ff3e;
0476 : e9e0;
0478 : f0c9;
047A : a7a6;
047C : 0a20;
047E : c621;
0480 : 35ff;
0482 : 9b28;
0484 : 7d3e;
0486 : a6e0;
0488 : 98cd;
048A : 3e0a;
048C : e055;
048E : 3e01;
0490 : e080;
0492 : f002;
0494 : a7cc;
0496 : 0a28;
0498 : cbf0;
049A : 20a7;
049C : af3a;
049E : cce0;
04A0 : 6718;
04A2 : 81f0;
04A4 : f047;
04A6 : cbc5;
04A8 : 2050;
04AA : cb48;
04AC : 2060;
04AE : cb53;
04B0 : 2068;
04B2 : cb54;
04B4 : c858;
04B6 : 3ea7;
04B8 : 2808;
04BA : 782c;
04BC : 08fe;
04BE : f0c0;
04C0 : fecb;
04C2 : 2829;
04C4 : 3e12;
04C6 : e029;
04C8 : 3e01;
04CA : e081;
04CC : f002;
04CE : a7cc;
04D0 : fb28;
04D2 : cbf0;
04D4 : 28a7;
04D6 : 3e32;
04D8 : e02a;
04DA : afe1;
04DC : a6e0;
04DE : c2e0;
04E0 : c3e0;
04E2 : c4e0;
04E4 : e4e0;
04E6 : f5c9;
04E8 : 80f0;
04EA : 7fcb;
04EC : 0228;
04EE : f4e0;
04F0 : 18f1;
04F2 : eee6;
04F4 : e001;
04F6 : a7c5;
04F8 : 103e;
04FA : 0228;
04FC : 603e;
04FE : 01ea;
0500 : c9c0;
0502 : c0a7;
0504 : 18af;
0506 : a7ec;
0508 : afc8;
050A : e918;
050C : e4f0;
050E : c8a7;
0510 : 98cd;
0512 : af0a;
0514 : 01e0;
0516 : 803e;
0518 : 02e0;
051A : 81f0;
051C : 5fcb;
051E : 0d28;
0520 : 333e;
0522 : 01e0;
0524 : 813e;
0526 : 02e0;
0528 : 063e;
052A : e1e0;
052C : 21c9;
052E : ffb0;
0530 : e4f0;
0532 : 02fe;
0534 : 1006;
0536 : 0228;
0538 : 1d06;
053A : b87e;
053C : 3ec0;
053E : e006;
0540 : c9e1;
0542 : e4f0;
0544 : c8a7;
0546 : e9f0;
0548 : fffe;
054A : f0c8;
054C : a7ea;
054E : 0528;
0550 : e03d;
0552 : 18ea;
0554 : f01c;
0556 : 67eb;
0558 : ecf0;
055A : 2a6f;
055C : f047;
055E : a8ed;
0560 : e0a0;
0562 : 7881;
0564 : ede0;
0566 : e02a;
0568 : 7cea;
056A : ebe0;
056C : e07d;
056E : 18ec;
0570 : af03;
0572 : 81e0;
0574 : 80f0;
0576 : eee0;
0578 : edf0;
057A : 80e0;
057C : afc9;
057E : ede0;
0580 : ef18;
0582 : f0c9;
0584 : a7e4;
0586 : f0c8;
0588 : fee9;
058A : c0ff;
058C : 80f0;
058E : f047;
0590 : b8ed;
0592 : 1928;
0594 : ebf0;
0596 : f067;
0598 : 6fec;
059A : edf0;
059C : f022;
059E : 22ea;
05A0 : e07c;
05A2 : 7deb;
05A4 : ece0;
05A6 : e078;
05A8 : afed;
05AA : eae0;
05AC : f0c9;
05AE : 3cea;
05B0 : eae0;
05B2 : f0c9;
05B4 : a7e4;
05B6 : f0c8;
05B8 : a7e9;
05BA : f0c0;
05BC : e0ee;
05BE : c980;
05C0 : 0221;
05C2 : cbff;
05C4 : 18fe;
05C6 : 3e0a;
05C8 : e003;
05CA : f0cd;
05CC : fecb;
05CE : 2029;
05D0 : cdef;
05D2 : 144f;
05D4 : 803e;
05D6 : 10ea;
05D8 : cdc2;
05DA : 2671;
05DC : cee0;
05DE : e0af;
05E0 : e001;
05E2 : e0cf;
05E4 : e0dc;
05E6 : e0d2;
05E8 : e0d3;
05EA : e0d4;
05EC : e0d5;
05EE : cde3;
05F0 : 7ff3;
05F2 : 2b3e;
05F4 : e1e0;
05F6 : f0c9;
05F8 : fecb;
05FA : 2829;
05FC : f016;
05FE : a7f0;
0600 : 1e28;
0602 : e0af;
0604 : 11f0;
0606 : c201;
0608 : 92cd;
060A : cd14;
060C : 1517;
060E : 71cd;
0610 : 1826;
0612 : f00d;
0614 : cb81;
0616 : 2047;
0618 : cb07;
061A : 205f;
061C : cd03;
061E : 14b0;
0620 : cbf0;
0622 : 29fe;
0624 : 1e28;
0626 : ccf0;
0628 : c8a7;
062A : e0af;
062C : 3ecc;
062E : e039;
0630 : f0cf;
0632 : fed0;
0634 : 2850;
0636 : 472d;
0638 : c1f0;
063A : c8b8;
063C : e078;
063E : 3ec1;
0640 : e001;
0642 : c9f0;
0644 : 81f0;
0646 : 5fcb;
0648 : 2220;
064A : 47cb;
064C : 1e20;
064E : ccf0;
0650 : c8a7;
0652 : e0af;
0654 : f0cc;
0656 : fecf;
0658 : 2850;
065A : f009;
065C : e0c1;
065E : 3ecf;
0660 : e001;
0662 : c9ce;
0664 : 8acd;
0666 : 3e17;
0668 : e016;
066A : c9e1;
066C : 503e;
066E : ed18;
0670 : 0221;
0672 : cbff;
0674 : 18fe;
0676 : 3e1f;
0678 : e003;
067A : f0cd;
067C : fecb;
067E : 2029;
0680 : cdef;
0682 : 0aa1;
0684 : a1cd;
0686 : cd0a;
0688 : 0aa1;
068A : 0006;
068C : 0021;
068E : cdc3;
0690 : 0aa1;
0692 : 0522;
0694 : f920;
0696 : 20cd;
0698 : cd28;
069A : 27ad;
069C : 1411;
069E : cd52;
06A0 : 27eb;
06A2 : 8acd;
06A4 : 3e17;
06A6 : cd2f;
06A8 : 1fdd;
06AA : 033e;
06AC : cee0;
06AE : e0af;
06B0 : e001;
06B2 : e0cf;
06B4 : e0dc;
06B6 : e0d2;
06B8 : e0d3;
06BA : e0d4;
06BC : e0d5;
06BE : e0e3;
06C0 : 21cc;
06C2 : c400;
06C4 : 0a06;
06C6 : 283e;
06C8 : 0522;
06CA : fc20;
06CC : d6f0;
06CE : c2a7;
06D0 : 076d;
06D2 : 17cd;
06D4 : 3e15;
06D6 : e0d3;
06D8 : 2140;
06DA : c080;
06DC : 0511;
06DE : 0607;
06E0 : cd20;
06E2 : 0725;
06E4 : 0021;
06E6 : 11c2;
06E8 : 26ed;
06EA : 020e;
06EC : 76cd;
06EE : cd17;
06F0 : 080e;
06F2 : 71cd;
06F4 : af26;
06F6 : d7e0;
06F8 : d8e0;
06FA : d9e0;
06FC : dae0;
06FE : dbe0;
0700 : 173e;
0702 : e1e0;
0704 : 40c9;
0706 : ae28;
0708 : 4000;
070A : ae30;
070C : 4820;
070E : af28;
0710 : 4800;
0712 : af30;
0714 : 7820;
0716 : c028;
0718 : 7800;
071A : c030;
071C : 8020;
071E : c128;
0720 : 8000;
0722 : c130;
0724 : 1a20;
0726 : 1322;
0728 : 2005;
072A : c9fa;
072C : cbf0;
072E : 29fe;
0730 : 2328;
0732 : ccf0;
0734 : 28a7;
0736 : f013;
0738 : fed0;
073A : 2860;
073C : fe2d;
073E : 3006;
0740 : e002;
0742 : f0ac;
0744 : e0ad;
0746 : afcf;
0748 : cce0;
074A : 1011;
074C : cdc2;
074E : 1766;
0750 : ad21;
0752 : 18ff;
0754 : f068;
0756 : cb81;
0758 : 285f;
075A : 3e04;
075C : 1860;
075E : f04d;
0760 : a7cc;
0762 : 5028;
0764 : cff0;
0766 : 60fe;
0768 : 3820;
076A : 8acd;
076C : f017;
076E : a7d6;
0770 : 1820;
0772 : 183e;
0774 : e1e0;
0776 : cbf0;
0778 : 29fe;
077A : afc0;
077C : a0e0;
077E : 063e;
0780 : e011;
0782 : 21ff;
0784 : c9a2;
0786 : 68cd;
0788 : c91b;
078A : cbf0;
078C : 29fe;
078E : 28c2;
0790 : af08;
0792 : a0e0;
0794 : 063e;
0796 : e011;
0798 : 21ff;
079A : c9a2;
079C : 68cd;
079E : c31b;
07A0 : 0828;
07A2 : d0f0;
07A4 : 06fe;
07A6 : 0230;
07A8 : ade0;
07AA : acf0;
07AC : cfe0;
07AE : e0af;
07B0 : 3ccc;
07B2 : cee0;
07B4 : 0011;
07B6 : cdc2;
07B8 : 1766;
07BA : ac21;
07BC : 7eff;
07BE : 60cb;
07C0 : 1420;
07C2 : 68cb;
07C4 : 2220;
07C6 : 70cb;
07C8 : 2420;
07CA : 78cb;
07CC : 1328;
07CE : 03fe;
07D0 : 0f30;
07D2 : 03c6;
07D4 : 0518;
07D6 : 05fe;
07D8 : 0728;
07DA : 773c;
07DC : 013e;
07DE : e0ea;
07E0 : cddf;
07E2 : 080e;
07E4 : 71cd;
07E6 : c926;
07E8 : 28a7;
07EA : 3df6;
07EC : ed18;
07EE : 03fe;
07F0 : ef38;
07F2 : 03d6;
07F4 : e518;
07F6 : 6040;
07F8 : 7040;
07FA : 8040;
07FC : 6050;
07FE : 7050;
0800 : 8050;
0802 : 6078;
0804 : 7078;
0806 : 8078;
0808 : 6088;
080A : 7088;
080C : 8088;
080E : acf0;
0810 : 0111;
0812 : 21c2;
0814 : 07f6;
0816 : 55cd;
0818 : f017;
081A : 11ad;
081C : c211;
081E : 0221;
0820 : cd08;
0822 : 1755;
0824 : cdc9;
0826 : 2820;
0828 : eaaf;
082A : c210;
082C : 98e0;
082E : 9ce0;
0830 : 9be0;
0832 : fbe0;
0834 : 9fe0;
0836 : cce0;
0838 : 01e0;
083A : cee0;
083C : d0e0;
083E : cfe0;
0840 : d1e0;
0842 : 51cd;
0844 : cd26;
0846 : 2293;
0848 : f2cd;
084A : af1f;
084C : e3e0;
084E : 8acd;
0850 : 1117;
0852 : 537c;
0854 : 3ed5;
0856 : e001;
0858 : e0a9;
085A : cdc5;
085C : 27eb;
085E : 21d1;
0860 : 9c00;
0862 : eecd;
0864 : 1127;
0866 : 2839;
0868 : 6321;
086A : 0e9c;
086C : cd0a;
086E : 1f7d;
0870 : 0021;
0872 : 11c2;
0874 : 26bf;
0876 : b6cd;
0878 : 2126;
087A : c210;
087C : c711;
087E : cd26;
0880 : 26b6;
0882 : 5121;
0884 : 3e99;
0886 : e030;
0888 : 369e;
088A : 2d00;
088C : 0336;
088E : e8cd;
0890 : af1a;
0892 : a0e0;
0894 : cbf0;
0896 : 29fe;
0898 : d411;
089A : f008;
089C : 28ac;
089E : 1105;
08A0 : 08c4;
08A2 : adf0;
08A4 : b021;
08A6 : 7798;
08A8 : 9c26;
08AA : 2177;
08AC : c080;
08AE : 1006;
08B0 : 25cd;
08B2 : 3e07;
08B4 : e077;
08B6 : 3ec0;
08B8 : e0d3;
08BA : 3e40;
08BC : e019;
08BE : 3ee1;
08C0 : e001;
08C2 : c9cd;
08C4 : 8418;
08C6 : 00c0;
08C8 : 8c18;
08CA : 20c0;
08CC : 8420;
08CE : 00c1;
08D0 : 8c20;
08D2 : 20c1;
08D4 : 8418;
08D6 : 00ae;
08D8 : 8c18;
08DA : 20ae;
08DC : 8420;
08DE : 00af;
08E0 : 8c20;
08E2 : 20af;
08E4 : 083e;
08E6 : ffe0;
08E8 : e0af;
08EA : f00f;
08EC : fecb;
08EE : c229;
08F0 : 09f6;
08F2 : 98cd;
08F4 : cd0a;
08F6 : 0a98;
08F8 : e0af;
08FA : 3ecc;
08FC : e029;
08FE : 3e01;
0900 : e081;
0902 : f002;
0904 : a7cc;
0906 : fb28;
0908 : 01f0;
090A : 55fe;
090C : e420;
090E : 1611;
0910 : 0e00;
0912 : 210a;
0914 : c902;
0916 : 0a06;
0918 : e0af;
091A : cdcc;
091C : 0a98;
091E : e02a;
0920 : 3e01;
0922 : e081;
0924 : f002;
0926 : a7cc;
0928 : fb28;
092A : 2005;
092C : 19eb;
092E : 200d;
0930 : f0e5;
0932 : feac;
0934 : 2805;
0936 : 213d;
0938 : ca22;
093A : 4011;
093C : 1900;
093E : fe3c;
0940 : 2005;
0942 : 11fa;
0944 : ca22;
0946 : 0a0e;
0948 : 0a06;
094A : 221a;
094C : 051c;
094E : fa20;
0950 : 11d5;
0952 : ffd6;
0954 : d119;
0956 : 21e5;
0958 : ffd6;
095A : e519;
095C : e1d1;
095E : 200d;
0960 : 11e7;
0962 : ffd6;
0964 : 0a06;
0966 : fe7c;
0968 : 28c8;
096A : 3e09;
096C : 222f;
096E : 2005;
0970 : 19fc;
0972 : f018;
0974 : 98cd;
0976 : cd0a;
0978 : 0a98;
097A : e0af;
097C : 3ecc;
097E : e029;
0980 : 3e01;
0982 : e081;
0984 : f002;
0986 : a7cc;
0988 : fb28;
098A : 01f0;
098C : 55fe;
098E : e420;
0990 : 0021;
0992 : 06c3;
0994 : af00;
0996 : cce0;
0998 : cd2a;
099A : 0a98;
099C : 01e0;
099E : 813e;
09A0 : 02e0;
09A2 : ccf0;
09A4 : 28a7;
09A6 : 04fb;
09A8 : eb20;
09AA : 98cd;
09AC : cd0a;
09AE : 0a98;
09B0 : e0af;
09B2 : 3ecc;
09B4 : e030;
09B6 : 3e01;
09B8 : e081;
09BA : f002;
09BC : a7cc;
09BE : fb28;
09C0 : 01f0;
09C2 : 56fe;
09C4 : e420;
09C6 : 8ccd;
09C8 : 3e0a;
09CA : e009;
09CC : 3eff;
09CE : e01c;
09D0 : 3ee1;
09D2 : e002;
09D4 : 3ee3;
09D6 : e003;
09D8 : f0cd;
09DA : fecb;
09DC : 2829;
09DE : 2105;
09E0 : ff02;
09E2 : fecb;
09E4 : 0021;
09E6 : 2ac3;
09E8 : 03ea;
09EA : 2ac2;
09EC : 13ea;
09EE : 7cc2;
09F0 : afe0;
09F2 : e07d;
09F4 : c9b0;
09F6 : adf0;
09F8 : 473c;
09FA : 4221;
09FC : 11ca;
09FE : ffc0;
0A00 : 2805;
0A02 : 1903;
0A04 : fa18;
0A06 : 98cd;
0A08 : af0a;
0A0A : cce0;
0A0C : 553e;
0A0E : 01e0;
0A10 : 803e;
0A12 : 02e0;
0A14 : ccf0;
0A16 : 28a7;
0A18 : f0fb;
0A1A : fe01;
0A1C : 2029;
0A1E : 11e7;
0A20 : 0016;
0A22 : 0a0e;
0A24 : 0a06;
0A26 : e0af;
0A28 : e0cc;
0A2A : 3e01;
0A2C : e080;
0A2E : f002;
0A30 : a7cc;
0A32 : fb28;
0A34 : 01f0;
0A36 : 0522;
0A38 : ec20;
0A3A : 0d19;
0A3C : e620;
0A3E : 98cd;
0A40 : af0a;
0A42 : cce0;
0A44 : 553e;
0A46 : 01e0;
0A48 : 803e;
0A4A : 02e0;
0A4C : ccf0;
0A4E : 28a7;
0A50 : f0fb;
0A52 : fe01;
0A54 : 2029;
0A56 : 06e7;
0A58 : 2100;
0A5A : c300;
0A5C : e0af;
0A5E : e0cc;
0A60 : 3e01;
0A62 : e080;
0A64 : f002;
0A66 : a7cc;
0A68 : fb28;
0A6A : 01f0;
0A6C : 0422;
0A6E : ec20;
0A70 : 98cd;
0A72 : af0a;
0A74 : cce0;
0A76 : 563e;
0A78 : 01e0;
0A7A : 803e;
0A7C : 02e0;
0A7E : ccf0;
0A80 : 28a7;
0A82 : f0fb;
0A84 : fe01;
0A86 : 2030;
0A88 : c3e7;
0A8A : 09c6;
0A8C : 4221;
0A8E : 3eca;
0A90 : 0680;
0A92 : 220a;
0A94 : 2005;
0A96 : c9fc;
0A98 : 06c5;
0A9A : 40fa;
0A9C : 2005;
0A9E : c1fc;
0AA0 : e5c9;
0AA2 : f0c5;
0AA4 : e6fc;
0AA6 : 4ffc;
0AA8 : 0326;
0AAA : 04f0;
0AAC : af47;
0AAE : 2805;
0AB0 : 3c0a;
0AB2 : 3c3c;
0AB4 : fe3c;
0AB6 : 281c;
0AB8 : 18f4;
0ABA : 57f3;
0ABC : aef0;
0ABE : 255f;
0AC0 : 0728;
0AC2 : b1b2;
0AC4 : fce6;
0AC6 : 28b9;
0AC8 : 7ae1;
0ACA : aee0;
0ACC : e07b;
0ACE : c1fc;
0AD0 : c9e1;
0AD2 : 013e;
0AD4 : ffe0;
0AD6 : e3f0;
0AD8 : 20a7;
0ADA : 0627;
0ADC : 0e44;
0ADE : cd20;
0AE0 : 113f;
0AE2 : 023e;
0AE4 : cde0;
0AE6 : defa;
0AE8 : a7c0;
0AEA : 0528;
0AEC : 803e;
0AEE : 10ea;
0AF0 : cdc2;
0AF2 : 2683;
0AF4 : 96cd;
0AF6 : cd26;
0AF8 : 1517;
0AFA : e0af;
0AFC : 3ed6;
0AFE : e01a;
0B00 : c9e1;
0B02 : 05fe;
0B04 : 21c0;
0B06 : c030;
0B08 : 1206;
0B0A : f036;
0B0C : 3623;
0B0E : 2310;
0B10 : b636;
0B12 : 3623;
0B14 : 2380;
0B16 : 2005;
0B18 : faf1;
0B1A : c3ff;
0B1C : 0a06;
0B1E : 0021;
0B20 : 3dc4;
0B22 : 0628;
0B24 : 052c;
0B26 : f920;
0B28 : f218;
0B2A : 2f36;
0B2C : 033e;
0B2E : cee0;
0B30 : 3ec9;
0B32 : e001;
0B34 : 21ff;
0B36 : c09c;
0B38 : 22af;
0B3A : 5036;
0B3C : 362c;
0B3E : 2c27;
0B40 : 0036;
0B42 : 0dcd;
0B44 : cd1c;
0B46 : 1c88;
0B48 : bbcd;
0B4A : cd24;
0B4C : 209c;
0B4E : 3ecd;
0B50 : cd21;
0B52 : 25a1;
0B54 : 4dcd;
0B56 : cd22;
0B58 : 0b9b;
0B5A : d5f0;
0B5C : 28a7;
0B5E : 3e14;
0B60 : e077;
0B62 : e0cf;
0B64 : 3eb1;
0B66 : e0aa;
0B68 : 3ed1;
0B6A : e01b;
0B6C : 3ee1;
0B6E : e005;
0B70 : 18a7;
0B72 : f010;
0B74 : fee1;
0B76 : 2001;
0B78 : 3e1b;
0B7A : e0aa;
0B7C : e0cf;
0B7E : 3eb1;
0B80 : e077;
0B82 : afd1;
0B84 : dce0;
0B86 : d2e0;
0B88 : d3e0;
0B8A : d4e0;
0B8C : cbf0;
0B8E : 29fe;
0B90 : 0220;
0B92 : cee0;
0B94 : f0cd;
0B96 : cd0b;
0B98 : 0c8c;
0B9A : 11c9;
0B9C : 0020;
0B9E : 0221;
0BA0 : 3ec8;
0BA2 : 0e2f;
0BA4 : 0612;
0BA6 : e50a;
0BA8 : 20be;
0BAA : 230a;
0BAC : 2005;
0BAE : e1f9;
0BB0 : 0d19;
0BB2 : f120;
0BB4 : e1e5;
0BB6 : e079;
0BB8 : feb1;
0BBA : fa0c;
0BBC : dfe9;
0BBE : 0730;
0BC0 : 08fe;
0BC2 : cdc0;
0BC4 : 1517;
0BC6 : fec9;
0BC8 : c808;
0BCA : f0fa;
0BCC : fedf;
0BCE : c802;
0BD0 : 083e;
0BD2 : e8ea;
0BD4 : c9df;
0BD6 : cbf0;
0BD8 : 29fe;
0BDA : 5228;
0BDC : 013e;
0BDE : 7fea;
0BE0 : e0df;
0BE2 : f0ab;
0BE4 : e0cf;
0BE6 : aff1;
0BE8 : f2e0;
0BEA : cfe0;
0BEC : cbcd;
0BEE : c91c;
0BF0 : ccf0;
0BF2 : c8a7;
0BF4 : 3021;
0BF6 : 11c0;
0BF8 : 0004;
0BFA : e0af;
0BFC : f0cc;
0BFE : fed0;
0C00 : 28aa;
0C02 : fe61;
0C04 : 2877;
0C06 : fe49;
0C08 : 2894;
0C0A : 47cb;
0C0C : 28a7;
0C0E : cb51;
0C10 : 207f;
0C12 : fe6f;
0C14 : 3013;
0C16 : 3e17;
0C18 : 9012;
0C1A : 0c4f;
0C1C : 983e;
0C1E : 1977;
0C20 : 08d6;
0C22 : 2005;
0C24 : 3ef9;
0C26 : 0df0;
0C28 : 0428;
0C2A : 1977;
0C2C : f918;
0C2E : dcf0;
0C30 : 28a7;
0C32 : f607;
0C34 : e080;
0C36 : afb1;
0C38 : dce0;
0C3A : ff3e;
0C3C : d0e0;
0C3E : cbf0;
0C40 : 29fe;
0C42 : b1f0;
0C44 : 0720;
0C46 : cfe0;
0C48 : 013e;
0C4A : cee0;
0C4C : e0c9;
0C4E : c9cf;
0C50 : d1f0;
0C52 : aafe;
0C54 : 2628;
0C56 : 773e;
0C58 : d1e0;
0C5A : 013e;
0C5C : e1e0;
0C5E : ce18;
0C60 : 130e;
0C62 : c118;
0C64 : d1f0;
0C66 : 77fe;
0C68 : 1228;
0C6A : aa3e;
0C6C : d1e0;
0C6E : 1b3e;
0C70 : e1e0;
0C72 : 053e;
0C74 : a7e0;
0C76 : 010e;
0C78 : 1206;
0C7A : a018;
0C7C : 013e;
0C7E : efe0;
0C80 : ac18;
0C82 : 7fe6;
0C84 : 05fe;
0C86 : a630;
0C88 : d2e0;
0C8A : ae18;
0C8C : d3f0;
0C8E : 28a7;
0C90 : cb07;
0C92 : c87f;
0C94 : 07e6;
0C96 : 0a18;
0C98 : d2f0;
0C9A : c8a7;
0C9C : d3e0;
0C9E : e0af;
0CA0 : c9d2;
0CA2 : c54f;
0CA4 : 2221;
0CA6 : 11c8;
0CA8 : ffe0;
0CAA : 0d19;
0CAC : fc20;
0CAE : 2211;
0CB0 : 0ec8;
0CB2 : 0611;
0CB4 : 1a0a;
0CB6 : 1c22;
0CB8 : 2005;
0CBA : d5fa;
0CBC : 1611;
0CBE : 1900;
0CC0 : e5d1;
0CC2 : 1621;
0CC4 : 1900;
0CC6 : d1e5;
0CC8 : 0de1;
0CCA : e720;
0CCC : 11c1;
0CCE : c400;
0CD0 : 0a06;
0CD2 : 221a;
0CD4 : 0513;
0CD6 : fa20;
0CD8 : 11d5;
0CDA : 0016;
0CDC : d119;
0CDE : 200d;
0CE0 : 3eec;
0CE2 : e002;
0CE4 : e0e3;
0CE6 : afd4;
0CE8 : d3e0;
0CEA : f0c9;
0CEC : a7a6;
0CEE : 3ec0;
0CF0 : e001;
0CF2 : 3eff;
0CF4 : e003;
0CF6 : f0cd;
0CF8 : fed1;
0CFA : 2077;
0CFC : f00c;
0CFE : fed0;
0D00 : 20aa;
0D02 : 3e10;
0D04 : e001;
0D06 : 18ef;
0D08 : fe0a;
0D0A : 20aa;
0D0C : f006;
0D0E : fed0;
0D10 : 2877;
0D12 : 06f0;
0D14 : 0e34;
0D16 : cd43;
0D18 : 113f;
0D1A : e0af;
0D1C : f0e3;
0D1E : fed1;
0D20 : 3eaa;
0D22 : 201e;
0D24 : 3e02;
0D26 : e01d;
0D28 : 3ee1;
0D2A : e028;
0D2C : 3ea6;
0D2E : e01d;
0D30 : c9c6;
0D32 : a6f0;
0D34 : c0a7;
0D36 : eff0;
0D38 : 20a7;
0D3A : f005;
0D3C : 3cd7;
0D3E : d7e0;
0D40 : 6fcd;
0D42 : 110f;
0D44 : 26f9;
0D46 : cbf0;
0D48 : 29fe;
0D4A : 0328;
0D4C : 0b11;
0D4E : 2127;
0D50 : c200;
0D52 : 030e;
0D54 : 76cd;
0D56 : 3e17;
0D58 : e019;
0D5A : f0a6;
0D5C : a7ef;
0D5E : 0528;
0D60 : 2021;
0D62 : 36c2;
0D64 : 3e80;
0D66 : cd03;
0D68 : 2673;
0D6A : 203e;
0D6C : e1e0;
0D6E : 093e;
0D70 : e8ea;
0D72 : f0df;
0D74 : fed7;
0D76 : c005;
0D78 : 113e;
0D7A : e8ea;
0D7C : c9df;
0D7E : d7f0;
0D80 : 05fe;
0D82 : 0720;
0D84 : c6f0;
0D86 : 28a7;
0D88 : 1808;
0D8A : f022;
0D8C : cb81;
0D8E : 285f;
0D90 : 3e1c;
0D92 : e060;
0D94 : e0cf;
0D96 : 18ce;
0D98 : 3e1d;
0D9A : e001;
0D9C : f0ff;
0D9E : 28cc;
0DA0 : f00c;
0DA2 : fecb;
0DA4 : 2829;
0DA6 : f0d7;
0DA8 : fed0;
0DAA : 2860;
0DAC : cd09;
0DAE : 0dbd;
0DB0 : 033e;
0DB2 : 73cd;
0DB4 : c926;
0DB6 : 1f3e;
0DB8 : e1e0;
0DBA : cce0;
0DBC : f0c9;
0DBE : a7a6;
0DC0 : 2320;
0DC2 : c621;
0DC4 : 35ff;
0DC6 : 193e;
0DC8 : a6e0;
0DCA : 60cd;
0DCC : 210f;
0DCE : c201;
0DD0 : ee7e;
0DD2 : 2230;
0DD4 : 60fe;
0DD6 : 17cc;
0DD8 : 2c0f;
0DDA : 7ef5;
0DDC : 01ee;
0DDE : 2e77;
0DE0 : 3213;
0DE2 : 2df1;
0DE4 : f077;
0DE6 : fed7;
0DE8 : 2005;
0DEA : f028;
0DEC : 21c6;
0DEE : c221;
0DF0 : 06fe;
0DF2 : 1b28;
0DF4 : 08fe;
0DF6 : 1b30;
0DF8 : fe7e;
0DFA : 3072;
0DFC : fe06;
0DFE : c869;
0E00 : 3434;
0E02 : 36c9;
0E04 : 2c69;
0E06 : 362c;
0E08 : 3e57;
0E0A : ea06;
0E0C : dfe0;
0E0E : 2dc9;
0E10 : 8036;
0E12 : f0c9;
0E14 : a7a7;
0E16 : 3ec0;
0E18 : e00f;
0E1A : 21a7;
0E1C : c223;
0E1E : ee7e;
0E20 : 7701;
0E22 : f0c9;
0E24 : a7a6;
0E26 : f0c0;
0E28 : a7ef;
0E2A : 0520;
0E2C : d8f0;
0E2E : e03c;
0E30 : cdd8;
0E32 : 0f6f;
0E34 : 1d11;
0E36 : f027;
0E38 : fecb;
0E3A : 2829;
0E3C : 1103;
0E3E : 2729;
0E40 : 0021;
0E42 : 0ec2;
0E44 : cd02;
0E46 : 1776;
0E48 : 193e;
0E4A : a6e0;
0E4C : eff0;
0E4E : 28a7;
0E50 : 2105;
0E52 : c210;
0E54 : 8036;
0E56 : 023e;
0E58 : 73cd;
0E5A : 3e26;
0E5C : e021;
0E5E : 3ee1;
0E60 : ea09;
0E62 : dfe8;
0E64 : d8f0;
0E66 : 05fe;
0E68 : 3ec0;
0E6A : ea11;
0E6C : dfe8;
0E6E : f0c9;
0E70 : fed8;
0E72 : 2005;
0E74 : f007;
0E76 : a7c6;
0E78 : 0828;
0E7A : 2218;
0E7C : 81f0;
0E7E : 5fcb;
0E80 : 1c28;
0E82 : 603e;
0E84 : cfe0;
0E86 : cee0;
0E88 : 1d18;
0E8A : 013e;
0E8C : ffe0;
0E8E : ccf0;
0E90 : 0c28;
0E92 : cbf0;
0E94 : 29fe;
0E96 : d728;
0E98 : d0f0;
0E9A : 60fe;
0E9C : 0928;
0E9E : aecd;
0EA0 : 3e0e;
0EA2 : cd02;
0EA4 : 2673;
0EA6 : 3ec9;
0EA8 : e01f;
0EAA : e0e1;
0EAC : c9cc;
0EAE : a6f0;
0EB0 : 20a7;
0EB2 : 211c;
0EB4 : ffc6;
0EB6 : 3e35;
0EB8 : e019;
0EBA : cda6;
0EBC : 0f60;
0EBE : 1121;
0EC0 : 7ec2;
0EC2 : 08ee;
0EC4 : fe22;
0EC6 : cc68;
0EC8 : 0f17;
0ECA : 7e2c;
0ECC : 01ee;
0ECE : f077;
0ED0 : fed8;
0ED2 : 2005;
0ED4 : f032;
0ED6 : 21c6;
0ED8 : c201;
0EDA : 05fe;
0EDC : 2528;
0EDE : 06fe;
0EE0 : 1128;
0EE2 : 08fe;
0EE4 : 2130;
0EE6 : fe7e;
0EE8 : 3072;
0EEA : fe18;
0EEC : c861;
0EEE : 3434;
0EF0 : 3434;
0EF2 : 2dc9;
0EF4 : 0036;
0EF6 : 362c;
0EF8 : 2c61;
0EFA : 362c;
0EFC : 3e56;
0EFE : ea06;
0F00 : dfe0;
0F02 : 2dc9;
0F04 : 8036;
0F06 : f0c9;
0F08 : a7a7;
0F0A : 3ec0;
0F0C : e00f;
0F0E : 21a7;
0F10 : c203;
0F12 : ee7e;
0F14 : 7701;
0F16 : f5c9;
0F18 : f0e5;
0F1A : fed7;
0F1C : 2805;
0F1E : f01a;
0F20 : fed8;
0F22 : 2805;
0F24 : f014;
0F26 : fecb;
0F28 : 2029;
0F2A : 210e;
0F2C : c060;
0F2E : 2406;
0F30 : 3c11;
0F32 : 1a0f;
0F34 : 1322;
0F36 : 2005;
0F38 : e1fa;
0F3A : c9f1;
0F3C : 3042;
0F3E : 000d;
0F40 : 3842;
0F42 : 00b2;
0F44 : 4042;
0F46 : 000e;
0F48 : 4842;
0F4A : 001c;
0F4C : 5842;
0F4E : 000e;
0F50 : 6042;
0F52 : 001d;
0F54 : 6842;
0F56 : 00b5;
0F58 : 7042;
0F5A : 00bb;
0F5C : 7842;
0F5E : 001d;
0F60 : 6021;
0F62 : 11c0;
0F64 : 0004;
0F66 : 0906;
0F68 : 77af;
0F6A : 0519;
0F6C : fb20;
0F6E : cdc9;
0F70 : 2820;
0F72 : ac21;
0F74 : 0155;
0F76 : 1000;
0F78 : e4cd;
0F7A : cd27;
0F7C : 2795;
0F7E : 0021;
0F80 : 1198;
0F82 : 54e4;
0F84 : 0406;
0F86 : f0cd;
0F88 : 2127;
0F8A : 9980;
0F8C : 0606;
0F8E : f0cd;
0F90 : f027;
0F92 : fecb;
0F94 : 2029;
0F96 : 2122;
0F98 : 9841;
0F9A : bd36;
0F9C : 362c;
0F9E : 2cb2;
0FA0 : 2e36;
0FA2 : 362c;
0FA4 : 2cbe;
0FA6 : 2e36;
0FA8 : 0121;
0FAA : 369a;
0FAC : 2cb4;
0FAE : b536;
0FB0 : 362c;
0FB2 : 2cbb;
0FB4 : 2e36;
0FB6 : 362c;
0FB8 : f0bc;
0FBA : a7ef;
0FBC : 0320;
0FBE : 85cd;
0FC0 : f010;
0FC2 : a7d7;
0FC4 : 4928;
0FC6 : 05fe;
0FC8 : 1620;
0FCA : a521;
0FCC : 0698;
0FCE : f00b;
0FD0 : fecb;
0FD2 : 1129;
0FD4 : 10f3;
0FD6 : 0328;
0FD8 : fe11;
0FDA : cd10;
0FDC : 10d8;
0FDE : 043e;
0FE0 : f04f;
0FE2 : fecb;
0FE4 : 3e29;
0FE6 : 2093;
0FE8 : 3e02;
0FEA : e08f;
0FEC : 21a0;
0FEE : 99e7;
0FF0 : 6acd;
0FF2 : f010;
0FF4 : a7d9;
0FF6 : 1728;
0FF8 : ac3e;
0FFA : a0e0;
0FFC : f021;
0FFE : 0e99;
1000 : cd01;
1002 : 106a;
1004 : a621;
1006 : 1198;
1008 : 1109;
100A : 0906;
100C : d8cd;
100E : f010;
1010 : a7d8;
1012 : 3e28;
1014 : 05fe;
1016 : 1620;
1018 : a521;
101A : 0698;
101C : f00b;
101E : fecb;
1020 : 1129;
1022 : 10fe;
1024 : 0328;
1026 : f311;
1028 : cd10;
102A : 10d8;
102C : 043e;
102E : f04f;
1030 : fecb;
1032 : 3e29;
1034 : 208f;
1036 : 3e02;
1038 : e093;
103A : 21a0;
103C : 9827;
103E : 6acd;
1040 : f010;
1042 : a7da;
1044 : 0c28;
1046 : ac3e;
1048 : a0e0;
104A : 3021;
104C : 0e98;
104E : cd01;
1050 : 106a;
1052 : dbf0;
1054 : 28a7;
1056 : 210b;
1058 : 98a7;
105A : ed11;
105C : 0610;
105E : cd06;
1060 : 10d8;
1062 : d33e;
1064 : 40e0;
1066 : 8acd;
1068 : c917;
106A : a0f0;
106C : 11e5;
106E : 0020;
1070 : 0206;
1072 : 22e5;
1074 : 773c;
1076 : e13c;
1078 : 0519;
107A : f620;
107C : 11e1;
107E : 0003;
1080 : 0d19;
1082 : e620;
1084 : 21c9;
1086 : ffd7;
1088 : d811;
108A : f0ff;
108C : a7d9;
108E : 3a20;
1090 : daf0;
1092 : 20a7;
1094 : f03c;
1096 : a7db;
1098 : 2120;
109A : fe7e;
109C : 2804;
109E : 1a11;
10A0 : 04fe;
10A2 : 3ec0;
10A4 : 1205;
10A6 : 0a18;
10A8 : fe1a;
10AA : c003;
10AC : 033e;
10AE : 0518;
10B0 : 0536;
10B2 : e0af;
10B4 : afdb;
10B6 : d9e0;
10B8 : dae0;
10BA : 7ec9;
10BC : 04fe;
10BE : 0620;
10C0 : d9e0;
10C2 : e0af;
10C4 : c9db;
10C6 : dae0;
10C8 : f818;
10CA : fe7e;
10CC : 2805;
10CE : 18e1;
10D0 : 1adb;
10D2 : 05fe;
10D4 : cd28;
10D6 : d418;
10D8 : e5c5;
10DA : 221a;
10DC : 0513;
10DE : fa20;
10E0 : 11e1;
10E2 : 0020;
10E4 : c119;
10E6 : b63e;
10E8 : 0522;
10EA : fc20;
10EC : b0c9;
10EE : b2b1;
10F0 : b1b3;
10F2 : b43e;
10F4 : bbb5;
10F6 : bc2e;
10F8 : 2d2f;
10FA : 3d2e;
10FC : 3e0e;
10FE : b2bd;
1100 : be2e;
1102 : 2f2e;
1104 : 2e2d;
1106 : 0e3d;
1108 : b53e;
110A : 41b0;
110C : 3db5;
110E : b51d;
1110 : b1be;
1112 : 013e;
1114 : ffe0;
1116 : a6f0;
1118 : c0a7;
111A : 8acd;
111C : af17;
111E : efe0;
1120 : 2706;
1122 : 790e;
1124 : 3fcd;
1126 : cd11;
1128 : 7ff3;
112A : d7f0;
112C : 05fe;
112E : 0a28;
1130 : d8f0;
1132 : 05fe;
1134 : 0428;
1136 : 013e;
1138 : d6e0;
113A : 163e;
113C : e1e0;
113E : f0c9;
1140 : a7cc;
1142 : 1428;
1144 : e0af;
1146 : f0cc;
1148 : fecb;
114A : f029;
114C : 20d0;
114E : b811;
1150 : 0828;
1152 : 023e;
1154 : cfe0;
1156 : cee0;
1158 : c9e1;
115A : e079;
115C : e0cf;
115E : c9ce;
1160 : c8b9;
1162 : e078;
1164 : e1cf;
1166 : cdc9;
1168 : 11b2;
116A : e621;
116C : 119c;
116E : 141b;
1170 : 0706;
1172 : 37cd;
1174 : 2114;
1176 : 9ce7;
1178 : 2211;
117A : 0614;
117C : cd07;
117E : 1437;
1180 : 0821;
1182 : 369d;
1184 : 2c72;
1186 : c436;
1188 : 2821;
118A : 369d;
118C : 2cb7;
118E : b836;
1190 : 7111;
1192 : 2127;
1194 : c200;
1196 : 030e;
1198 : 76cd;
119A : 3e17;
119C : cd03;
119E : 2673;
11A0 : db3e;
11A2 : 40e0;
11A4 : bb3e;
11A6 : a6e0;
11A8 : 273e;
11AA : e1e0;
11AC : 103e;
11AE : e8ea;
11B0 : c9df;
11B2 : 20cd;
11B4 : 2128;
11B6 : 55ac;
11B8 : 0001;
11BA : cd10;
11BC : 27e4;
11BE : ff21;
11C0 : cd9f;
11C2 : 2798;
11C4 : c021;
11C6 : 119d;
11C8 : 51c4;
11CA : 0406;
11CC : f0cd;
11CE : 2127;
11D0 : 9cec;
11D2 : 2911;
11D4 : 0614;
11D6 : cd07;
11D8 : 1437;
11DA : ed21;
11DC : 119c;
11DE : 1430;
11E0 : 0706;
11E2 : 37cd;
11E4 : c914;
11E6 : a6f0;
11E8 : c0a7;
11EA : 1021;
11EC : 36c2;
11EE : 2e00;
11F0 : 3620;
11F2 : 3e00;
11F4 : e0ff;
11F6 : 3ea6;
11F8 : e028;
11FA : c9e1;
11FC : a6f0;
11FE : 28a7;
1200 : cd04;
1202 : 13fa;
1204 : 3ec9;
1206 : e029;
1208 : 21e1;
120A : c213;
120C : 3536;
120E : 232e;
1210 : 3536;
1212 : ff3e;
1214 : a6e0;
1216 : 2f3e;
1218 : d7cd;
121A : c91f;
121C : a6f0;
121E : 28a7;
1220 : cd04;
1222 : 13fa;
1224 : 3ec9;
1226 : e002;
1228 : 21e1;
122A : 9d08;
122C : 2f06;
122E : ffcd;
1230 : 2119;
1232 : 9d09;
1234 : ffcd;
1236 : 2119;
1238 : 9d28;
123A : ffcd;
123C : 2119;
123E : 9d29;
1240 : ffcd;
1242 : c919;
1244 : a6f0;
1246 : 20a7;
1248 : 3e2e;
124A : e00a;
124C : 21a6;
124E : c201;
1250 : 7e35;
1252 : 58fe;
1254 : 2120;
1256 : 1021;
1258 : 36c2;
125A : 2c00;
125C : 20c6;
125E : 3622;
1260 : 2c4c;
1262 : 4036;
1264 : 202e;
1266 : 8036;
1268 : 033e;
126A : 73cd;
126C : 3e26;
126E : e003;
1270 : 3ee1;
1272 : ea04;
1274 : dff8;
1276 : cdc9;
1278 : 13fa;
127A : f0c9;
127C : a7a6;
127E : 1d20;
1280 : 0a3e;
1282 : a6e0;
1284 : 1121;
1286 : 35c2;
1288 : 012e;
128A : 7e35;
128C : d0fe;
128E : 0d20;
1290 : 9c3e;
1292 : c9e0;
1294 : 823e;
1296 : cae0;
1298 : 2c3e;
129A : e1e0;
129C : f0c9;
129E : a7a7;
12A0 : 0b20;
12A2 : 063e;
12A4 : a7e0;
12A6 : 1321;
12A8 : 7ec2;
12AA : 01ee;
12AC : 3e77;
12AE : cd03;
12B0 : 2673;
12B2 : f0c9;
12B4 : a7a6;
12B6 : 3ec0;
12B8 : e006;
12BA : f0a6;
12BC : d6ca;
12BE : 5f82;
12C0 : 0016;
12C2 : f521;
12C4 : 1912;
12C6 : d1e5;
12C8 : c9f0;
12CA : f067;
12CC : 6fca;
12CE : cd1a;
12D0 : 19fe;
12D2 : 11e5;
12D4 : 0020;
12D6 : 0619;
12D8 : cdb6;
12DA : 19ff;
12DC : 23e1;
12DE : 023e;
12E0 : e0ea;
12E2 : 7cdf;
12E4 : c9e0;
12E6 : e07d;
12E8 : feca;
12EA : c092;
12EC : ff3e;
12EE : a6e0;
12F0 : 2d3e;
12F2 : e1e0;
12F4 : b3c9;
12F6 : 3dbc;
12F8 : bbbe;
12FA : 1db5;
12FC : bdb2;
12FE : 1db5;
1300 : bc2e;
1302 : 0e3d;
1304 : f03e;
1306 : a7a6;
1308 : cdc0;
130A : 2820;
130C : adcd;
130E : cd27;
1310 : 2293;
1312 : 933e;
1314 : 40e0;
1316 : 053e;
1318 : e1e0;
131A : f0c9;
131C : a7a6;
131E : 3ec0;
1320 : e02e;
1322 : c9e1;
1324 : b2cd;
1326 : 1111;
1328 : 2783;
132A : 0021;
132C : 0ec2;
132E : cd03;
1330 : 1776;
1332 : f3f0;
1334 : 03ea;
1336 : 3ec2;
1338 : cd03;
133A : 2673;
133C : e0af;
133E : 3ef3;
1340 : e0db;
1342 : 3e40;
1344 : e0bb;
1346 : 3ea6;
1348 : e02f;
134A : 3ee1;
134C : ea10;
134E : dfe8;
1350 : f0c9;
1352 : a7a6;
1354 : 21c0;
1356 : c210;
1358 : 0036;
135A : 202e;
135C : 0036;
135E : a03e;
1360 : a6e0;
1362 : 303e;
1364 : e1e0;
1366 : f0c9;
1368 : a7a6;
136A : 0428;
136C : facd;
136E : c913;
1370 : 313e;
1372 : e1e0;
1374 : 803e;
1376 : a6e0;
1378 : 2f3e;
137A : d7cd;
137C : c91f;
137E : a6f0;
1380 : 20a7;
1382 : 3e2e;
1384 : e00a;
1386 : 21a6;
1388 : c201;
138A : 7e35;
138C : 6afe;
138E : 2120;
1390 : 1021;
1392 : 36c2;
1394 : 2c00;
1396 : 10c6;
1398 : 3622;
139A : 2c54;
139C : 5c36;
139E : 202e;
13A0 : 8036;
13A2 : 033e;
13A4 : 73cd;
13A6 : 3e26;
13A8 : e032;
13AA : 3ee1;
13AC : ea04;
13AE : dff8;
13B0 : cdc9;
13B2 : 13fa;
13B4 : f0c9;
13B6 : a7a6;
13B8 : 1520;
13BA : 0a3e;
13BC : a6e0;
13BE : 1121;
13C0 : 35c2;
13C2 : 012e;
13C4 : 7e35;
13C6 : e0fe;
13C8 : 0520;
13CA : 333e;
13CC : e1e0;
13CE : f0c9;
13D0 : a7a7;
13D2 : 0b20;
13D4 : 063e;
13D6 : a7e0;
13D8 : 1321;
13DA : 7ec2;
13DC : 01ee;
13DE : 3e77;
13E0 : cd03;
13E2 : 2673;
13E4 : cdc9;
13E6 : 2820;
13E8 : adcd;
13EA : cd27;
13EC : 7ff3;
13EE : 93cd;
13F0 : 3e22;
13F2 : e093;
13F4 : 3e40;
13F6 : e010;
13F8 : c9e1;
13FA : a7f0;
13FC : c0a7;
13FE : 0a3e;
1400 : a7e0;
1402 : 033e;
1404 : f8ea;
1406 : 06df;
1408 : 2102;
140A : c210;
140C : ee7e;
140E : 7780;
1410 : 202e;
1412 : 2005;
1414 : 3ef7;
1416 : cd03;
1418 : 2673;
141A : c2c9;
141C : caca;
141E : caca;
1420 : caca;
1422 : cbc3;
1424 : 4858;
1426 : 4848;
1428 : c848;
142A : 7373;
142C : 7373;
142E : 7373;
1430 : 74c9;
1432 : 7474;
1434 : 7474;
1436 : 1a74;
1438 : 1377;
143A : 11d5;
143C : 0020;
143E : d119;
1440 : 2005;
1442 : c9f4;
1444 : 013e;
1446 : ffe0;
1448 : e0af;
144A : e001;
144C : e002;
144E : cd0f;
1450 : 2820;
1452 : adcd;
1454 : 1127;
1456 : 4cd7;
1458 : ebcd;
145A : cd27;
145C : 178a;
145E : 0021;
1460 : 11c2;
1462 : 26cf;
1464 : 020e;
1466 : 76cd;
1468 : 1117;
146A : c201;
146C : 8dcd;
146E : f014;
1470 : 1ec0;
1472 : 1212;
1474 : fe13;
1476 : 3e37;
1478 : 281c;
147A : 3e02;
147C : 121d;
147E : 71cd;
1480 : cd26;
1482 : 1517;
1484 : d33e;
1486 : 40e0;
1488 : 0e3e;
148A : e1e0;
148C : 3ec9;
148E : ea01;
1490 : dfe0;
1492 : c1f0;
1494 : d6f5;
1496 : 871c;
1498 : 064f;
149A : 2100;
149C : 14a8;
149E : 2a09;
14A0 : 1312;
14A2 : 127e;
14A4 : f113;
14A6 : c912;
14A8 : 3770;
14AA : 7770;
14AC : 3780;
14AE : 7780;
14B0 : 0011;
14B2 : cdc2;
14B4 : 1766;
14B6 : c121;
14B8 : 7eff;
14BA : 58cb;
14BC : 63c2;
14BE : cb15;
14C0 : c240;
14C2 : 1563;
14C4 : 48cb;
14C6 : 4120;
14C8 : cb1c;
14CA : 2060;
14CC : cb26;
14CE : 2068;
14D0 : cb2d;
14D2 : 2070;
14D4 : cb16;
14D6 : ca78;
14D8 : 155f;
14DA : 1efe;
14DC : 0930;
14DE : 02c6;
14E0 : cd77;
14E2 : 148d;
14E4 : 17cd;
14E6 : cd15;
14E8 : 2671;
14EA : fec9;
14EC : 381e;
14EE : d6f8;
14F0 : 1802;
14F2 : feed;
14F4 : 281d;
14F6 : fef0;
14F8 : 281f;
14FA : 3cec;
14FC : e218;
14FE : 1cfe;
1500 : e528;
1502 : 1efe;
1504 : e128;
1506 : 183d;
1508 : f5d7;
150A : c5f0;
150C : 28a7;
150E : f103;
1510 : b618;
1512 : 3ef1;
1514 : 180e;
1516 : f05b;
1518 : d6c1;
151A : fe17;
151C : 2008;
151E : 3e02;
1520 : eaff;
1522 : dfe8;
1524 : 11c9;
1526 : c210;
1528 : 66cd;
152A : 2117;
152C : ffc0;
152E : cb7e;
1530 : 2058;
1532 : cb30;
1534 : 2040;
1536 : 1c40;
1538 : cb1c;
153A : 2060;
153C : cb0e;
153E : 2868;
1540 : fe1e;
1542 : 2837;
1544 : 3e1a;
1546 : 0637;
1548 : 181c;
154A : fe08;
154C : 2877;
154E : 3e10;
1550 : 0677;
1552 : 771d;
1554 : 3ef5;
1556 : ea01;
1558 : dfe0;
155A : 12f1;
155C : 7813;
155E : cd12;
1560 : 2671;
1562 : 3ec9;
1564 : ea02;
1566 : dfe0;
1568 : c0f0;
156A : 37fe;
156C : 103e;
156E : 0228;
1570 : 123e;
1572 : e1e0;
1574 : 18af;
1576 : 3ee7;
1578 : 180f;
157A : cdf7;
157C : 2820;
157E : 3f11;
1580 : cd4e;
1582 : 27eb;
1584 : fccd;
1586 : cd18;
1588 : 178a;
158A : 0021;
158C : 11c2;
158E : 26db;
1590 : 010e;
1592 : 76cd;
1594 : 1117;
1596 : c201;
1598 : c2f0;
159A : 1521;
159C : cd16;
159E : 174e;
15A0 : 71cd;
15A2 : cd26;
15A4 : 1795;
15A6 : cacd;
15A8 : 3e18;
15AA : e0d3;
15AC : 3e40;
15AE : e011;
15B0 : f0e1;
15B2 : a7c7;
15B4 : 0420;
15B6 : 17cd;
15B8 : c915;
15BA : 153e;
15BC : e1e0;
15BE : 11c9;
15C0 : c200;
15C2 : 66cd;
15C4 : 2117;
15C6 : ffc2;
15C8 : 0a3e;
15CA : 58cb;
15CC : ee20;
15CE : 40cb;
15D0 : ea20;
15D2 : 083e;
15D4 : 48cb;
15D6 : e420;
15D8 : cb7e;
15DA : 2060;
15DC : cb14;
15DE : 2068;
15E0 : cb26;
15E2 : 2070;
15E4 : cb28;
15E6 : 2878;
15E8 : fe1a;
15EA : 3005;
15EC : c616;
15EE : 1805;
15F0 : fe05;
15F2 : 2809;
15F4 : 3c0e;
15F6 : 1177;
15F8 : c201;
15FA : 1521;
15FC : cd16;
15FE : 174e;
1600 : 95cd;
1602 : cd17;
1604 : 2671;
1606 : a7c9;
1608 : f928;
160A : 183d;
160C : fee9;
160E : 3805;
1610 : d6f2;
1612 : 1805;
1614 : 40e1;
1616 : 4030;
1618 : 4040;
161A : 4050;
161C : 4060;
161E : 5070;
1620 : 5030;
1622 : 5040;
1624 : 5050;
1626 : 5060;
1628 : cd70;
162A : 2820;
162C : a711;
162E : cd4f;
1630 : 27eb;
1632 : 8acd;
1634 : 2117;
1636 : c200;
1638 : e111;
163A : 0e26;
163C : cd02;
163E : 1776;
1640 : 0111;
1642 : f0c2;
1644 : 21c3;
1646 : 16d2;
1648 : 4ecd;
164A : 1117;
164C : c211;
164E : c4f0;
1650 : 4121;
1652 : cd17;
1654 : 174e;
1656 : 71cd;
1658 : cd26;
165A : 17af;
165C : cacd;
165E : 3e18;
1660 : e0d3;
1662 : 3e40;
1664 : e013;
1666 : f0e1;
1668 : a7c7;
166A : 0420;
166C : 17cd;
166E : c915;
1670 : 153e;
1672 : e1e0;
1674 : e0c9;
1676 : afe1;
1678 : c912;
167A : 0011;
167C : cdc2;
167E : 1766;
1680 : c321;
1682 : 3eff;
1684 : cb0a;
1686 : 2058;
1688 : 3eec;
168A : cb14;
168C : 2040;
168E : 3ee6;
1690 : cb08;
1692 : 2048;
1694 : 7ee0;
1696 : 60cb;
1698 : 1420;
169A : 68cb;
169C : 2620;
169E : 70cb;
16A0 : 2820;
16A2 : 78cb;
16A4 : 1a28;
16A6 : 05fe;
16A8 : 1630;
16AA : 05c6;
16AC : 0518;
16AE : 09fe;
16B0 : 0e28;
16B2 : 773c;
16B4 : 0111;
16B6 : 21c2;
16B8 : 16d2;
16BA : 4ecd;
16BC : cd17;
16BE : 17af;
16C0 : 71cd;
16C2 : c926;
16C4 : 28a7;
16C6 : 3df9;
16C8 : e918;
16CA : 05fe;
16CC : f238;
16CE : 05d6;
16D0 : e118;
16D2 : 1840;
16D4 : 2840;
16D6 : 3840;
16D8 : 4840;
16DA : 5840;
16DC : 1850;
16DE : 2850;
16E0 : 3850;
16E2 : 4850;
16E4 : 5850;
16E6 : e1e0;
16E8 : 12af;
16EA : 11c9;
16EC : c210;
16EE : 66cd;
16F0 : 2117;
16F2 : ffc4;
16F4 : 0a3e;
16F6 : 58cb;
16F8 : ec20;
16FA : 40cb;
16FC : e820;
16FE : 133e;
1700 : 48cb;
1702 : e220;
1704 : cb7e;
1706 : 2060;
1708 : cb14;
170A : 2068;
170C : cb26;
170E : 2070;
1710 : cb28;
1712 : 2878;
1714 : fe1a;
1716 : 3003;
1718 : c616;
171A : 1803;
171C : fe05;
171E : 2805;
1720 : 3c0e;
1722 : 1177;
1724 : c211;
1726 : 4121;
1728 : cd17;
172A : 174e;
172C : afcd;
172E : cd17;
1730 : 2671;
1732 : a7c9;
1734 : f928;
1736 : 183d;
1738 : fee9;
173A : 3803;
173C : d6f2;
173E : 1803;
1740 : 40e1;
1742 : 4070;
1744 : 4080;
1746 : 5090;
1748 : 5070;
174A : 5080;
174C : 0090;
174E : 3ef5;
1750 : ea01;
1752 : dfe0;
1754 : f5f1;
1756 : 4f87;
1758 : 0006;
175A : 2a09;
175C : 1312;
175E : 127e;
1760 : f113;
1762 : 20c6;
1764 : c912;
1766 : 81f0;
1768 : f047;
176A : a7a6;
176C : 3ec0;
176E : e010;
1770 : 1aa6;
1772 : 80ee;
1774 : c912;
1776 : 06e5;
1778 : 1a06;
177A : 1322;
177C : 2005;
177E : e1fa;
1780 : 103e;
1782 : 6f85;
1784 : 200d;
1786 : 36ef;
1788 : c980;
178A : 21af;
178C : c000;
178E : a006;
1790 : 0522;
1792 : fc20;
1794 : cdc9;
1796 : 18fc;
1798 : c2f0;
179A : 5421;
179C : 11d6;
179E : 001b;
17A0 : 28a7;
17A2 : 3d04;
17A4 : 1819;
17A6 : 23f9;
17A8 : e523;
17AA : cdd1;
17AC : 1800;
17AE : cdc9;
17B0 : 18fc;
17B2 : c3f0;
17B4 : 0021;
17B6 : 11d0;
17B8 : 00a2;
17BA : 28a7;
17BC : 3d04;
17BE : 1819;
17C0 : f0f9;
17C2 : 11c4;
17C4 : 001b;
17C6 : 28a7;
17C8 : 3d04;
17CA : 1819;
17CC : 23f9;
17CE : e523;
17D0 : cdd1;
17D2 : 1800;
17D4 : 06c9;
17D6 : 7e03;
17D8 : f0e6;
17DA : 0b20;
17DC : 3a1c;
17DE : 0fe6;
17E0 : 0f20;
17E2 : 051c;
17E4 : f120;
17E6 : 7ec9;
17E8 : f0e6;
17EA : 37cb;
17EC : 1c12;
17EE : e63a;
17F0 : 120f;
17F2 : 051c;
17F4 : f120;
17F6 : 06c9;
17F8 : 3a03;
17FA : 1b12;
17FC : 2005;
17FE : c9fa;
1800 : e07a;
1802 : 7bfb;
1804 : fce0;
1806 : 030e;
1808 : a221;
180A : d5c0;
180C : 0306;
180E : 961a;
1810 : 1038;
1812 : 0520;
1814 : 1b2d;
1816 : 2005;
1818 : d1f5;
181A : 1313;
181C : 0d13;
181E : e820;
1820 : 5e18;
1822 : f0d1;
1824 : 57fb;
1826 : fcf0;
1828 : d55f;
182A : 21c5;
182C : 0006;
182E : e519;
1830 : 2bd1;
1832 : 2b2b;
1834 : 280d;
1836 : cd05;
1838 : 17f7;
183A : f818;
183C : a221;
183E : 06c0;
1840 : 3a03;
1842 : 1d12;
1844 : 2005;
1846 : c1fa;
1848 : 79d1;
184A : c8e0;
184C : 1221;
184E : 1900;
1850 : 11e5;
1852 : 0006;
1854 : e519;
1856 : e1d1;
1858 : 280d;
185A : 0607;
185C : cd06;
185E : 17f9;
1860 : f618;
1862 : 603e;
1864 : 0506;
1866 : 1b12;
1868 : 2005;
186A : 3efb;
186C : 120a;
186E : e07a;
1870 : 7bc9;
1872 : cae0;
1874 : e0af;
1876 : e09c;
1878 : 3ec6;
187A : ea01;
187C : dfe8;
187E : c7e0;
1880 : ac11;
1882 : f0c9;
1884 : 67fb;
1886 : fcf0;
1888 : 066f;
188A : e503;
188C : c5d5;
188E : d5cd;
1890 : c117;
1892 : 21d1;
1894 : 0020;
1896 : e519;
1898 : e1d1;
189A : 11d5;
189C : 0003;
189E : d119;
18A0 : 2005;
18A2 : 2be8;
18A4 : 062b;
18A6 : 1103;
18A8 : c9a4;
18AA : 0ed5;
18AC : 2a06;
18AE : 28a7;
18B0 : 1205;
18B2 : 0d13;
18B4 : f720;
18B6 : e5d1;
18B8 : 2021;
18BA : 1900;
18BC : d1e5;
18BE : 05e1;
18C0 : e820;
18C2 : 51cd;
18C4 : 3e26;
18C6 : e001;
18C8 : c9e8;
18CA : e8f0;
18CC : c8a7;
18CE : a421;
18D0 : 1199;
18D2 : c9a4;
18D4 : 060e;
18D6 : 06e5;
18D8 : 1a06;
18DA : 1c22;
18DC : 2005;
18DE : 1cfa;
18E0 : 1c2c;
18E2 : 0d2c;
18E4 : 1128;
18E6 : 41cb;
18E8 : ed20;
18EA : 11e1;
18EC : 0020;
18EE : e519;
18F0 : 3ed1;
18F2 : 8230;
18F4 : 1857;
18F6 : e1df;
18F8 : e0af;
18FA : c9e8;
18FC : a421;
18FE : 11c9;
1900 : 0020;
1902 : 603e;
1904 : 030e;
1906 : 0e06;
1908 : 22e5;
190A : 2005;
190C : e1fc;
190E : 0d19;
1910 : f420;
1912 : f0c9;
1914 : 21c8;
1916 : 99e4;
1918 : e011;
191A : 3dff;
191C : 0328;
191E : 1819;
1920 : f0fa;
1922 : 5fc6;
1924 : 0016;
1926 : f019;
1928 : 57c9;
192A : caf0;
192C : f05f;
192E : a7a6;
1930 : 1220;
1932 : 073e;
1934 : a6e0;
1936 : 9cf0;
1938 : 01ee;
193A : 9ce0;
193C : 281a;
193E : 3e02;
1940 : cd2f;
1942 : 19fe;
1944 : 81f0;
1946 : f047;
1948 : 4f80;
194A : 173e;
194C : 70cb;
194E : 3720;
1950 : 71cb;
1952 : 2b20;
1954 : 78cb;
1956 : 5820;
1958 : 79cb;
195A : 4c20;
195C : 40cb;
195E : 6c20;
1960 : 48cb;
1962 : eec2;
1964 : cb19;
1966 : c858;
1968 : cd1a;
196A : 19fe;
196C : 17cd;
196E : af15;
1970 : c7e0;
1972 : c0f0;
1974 : 37fe;
1976 : 113e;
1978 : 0228;
197A : 133e;
197C : e1e0;
197E : f0c9;
1980 : 3daa;
1982 : aae0;
1984 : 3ec0;
1986 : e009;
1988 : 06aa;
198A : f026;
198C : a7f4;
198E : 0228;
1990 : 2706;
1992 : b81a;
1994 : 0a20;
1996 : 2e3e;
1998 : 123c;
199A : 013e;
199C : e0ea;
199E : c9df;
19A0 : 2ffe;
19A2 : f420;
19A4 : 0a3e;
19A6 : f118;
19A8 : aaf0;
19AA : e03d;
19AC : c0aa;
19AE : 093e;
19B0 : aae0;
19B2 : 2606;
19B4 : f4f0;
19B6 : 28a7;
19B8 : 0602;
19BA : 1a27;
19BC : 0afe;
19BE : 0520;
19C0 : 303e;
19C2 : 183d;
19C4 : fed4;
19C6 : 202f;
19C8 : 78f9;
19CA : cd18;
19CC : cd1a;
19CE : 19fe;
19D0 : 023e;
19D2 : e0ea;
19D4 : f0df;
19D6 : 3cc6;
19D8 : 06fe;
19DA : 8c28;
19DC : c6e0;
19DE : 1a13;
19E0 : 60fe;
19E2 : 0320;
19E4 : 0a3e;
19E6 : 7a12;
19E8 : c9e0;
19EA : e07b;
19EC : c9ca;
19EE : c6f0;
19F0 : c8a7;
19F2 : cd1a;
19F4 : 19fe;
19F6 : c6f0;
19F8 : e03d;
19FA : 1bc6;
19FC : e918;
19FE : f047;
1A00 : e641;
1A02 : 2003;
1A04 : 70fa;
1A06 : cdc9;
1A08 : 2820;
1A0A : eaaf;
1A0C : c210;
1A0E : 98e0;
1A10 : 9ce0;
1A12 : 9be0;
1A14 : fbe0;
1A16 : 9fe0;
1A18 : 2f3e;
1A1A : d7cd;
1A1C : cd1f;
1A1E : 1ff2;
1A20 : 51cd;
1A22 : af26;
1A24 : e3e0;
1A26 : 8acd;
1A28 : f017;
1A2A : 11c0;
1A2C : 3ff7;
1A2E : c321;
1A30 : feff;
1A32 : 3e77;
1A34 : 2850;
1A36 : 3e08;
1A38 : 21f1;
1A3A : ffc2;
1A3C : 8f11;
1A3E : d53e;
1A40 : e6e0;
1A42 : e07e;
1A44 : cda9;
1A46 : 27eb;
1A48 : 21d1;
1A4A : 9c00;
1A4C : eecd;
1A4E : 1127;
1A50 : 2839;
1A52 : 6321;
1A54 : 0e9c;
1A56 : cd0a;
1A58 : 1f7d;
1A5A : 9826;
1A5C : e6f0;
1A5E : f06f;
1A60 : 77a9;
1A62 : 9c26;
1A64 : f077;
1A66 : a7f4;
1A68 : 0728;
1A6A : 3623;
1A6C : 2627;
1A6E : 3698;
1A70 : 2127;
1A72 : c200;
1A74 : bf11;
1A76 : cd26;
1A78 : 26b6;
1A7A : 1021;
1A7C : 11c2;
1A7E : 26c7;
1A80 : b6cd;
1A82 : 2126;
1A84 : 9951;
1A86 : c0f0;
1A88 : 77fe;
1A8A : 253e;
1A8C : 0128;
1A8E : e0af;
1A90 : e69e;
1A92 : 320f;
1A94 : 0228;
1A96 : 0236;
1A98 : e8cd;
1A9A : fa1a;
1A9C : c0de;
1A9E : 28a7;
1AA0 : 3e05;
1AA2 : ea80;
1AA4 : c210;
1AA6 : 07cd;
1AA8 : cd20;
1AAA : 2007;
1AAC : 07cd;
1AAE : cd20;
1AB0 : 2683;
1AB2 : e0af;
1AB4 : f0a0;
1AB6 : fec0;
1AB8 : 2077;
1ABA : 3e25;
1ABC : e034;
1ABE : f099;
1AC0 : 21c4;
1AC2 : 98b0;
1AC4 : 2677;
1AC6 : 779c;
1AC8 : 28a7;
1ACA : 4715;
1ACC : e4f0;
1ACE : 28a7;
1AD0 : cd05;
1AD2 : 1b1b;
1AD4 : 0a18;
1AD6 : 1178;
1AD8 : ffc0;
1ADA : 0221;
1ADC : cd9a;
1ADE : 1b68;
1AE0 : d33e;
1AE2 : 40e0;
1AE4 : e0af;
1AE6 : c9e1;
1AE8 : a9f0;
1AEA : f05f;
1AEC : a7f4;
1AEE : 0a28;
1AF0 : 0a3e;
1AF2 : fe83;
1AF4 : 3815;
1AF6 : 3e02;
1AF8 : 5f14;
1AFA : 0621;
1AFC : 161b;
1AFE : 1900;
1B00 : e07e;
1B02 : e099;
1B04 : c99a;
1B06 : 3034;
1B08 : 282c;
1B0A : 2024;
1B0C : 151b;
1B0E : 0a10;
1B10 : 0809;
1B12 : 0607;
1B14 : 0505;
1B16 : 0404;
1B18 : 0303;
1B1A : 2102;
1B1C : 99c2;
1B1E : 4011;
1B20 : 0e1b;
1B22 : 0604;
1B24 : e50a;
1B26 : 771a;
1B28 : 7ce5;
1B2A : 30c6;
1B2C : 1a67;
1B2E : e177;
1B30 : 132c;
1B32 : 2005;
1B34 : e1f1;
1B36 : 11d5;
1B38 : 0020;
1B3A : d119;
1B3C : 200d;
1B3E : c9e4;
1B40 : 2f85;
1B42 : 8682;
1B44 : 2f83;
1B46 : 802f;
1B48 : 8582;
1B4A : 822f;
1B4C : 8284;
1B4E : 2f83;
1B50 : 2f83;
1B52 : 2f87;
1B54 : 852f;
1B56 : 832f;
1B58 : 862f;
1B5A : 8082;
1B5C : 2f81;
1B5E : 2f83;
1B60 : 8386;
1B62 : 852f;
1B64 : 852f;
1B66 : 2f2f;
1B68 : 0547;
1B6A : 0328;
1B6C : 1819;
1B6E : f0fa;
1B70 : 4704;
1B72 : 803e;
1B74 : 2805;
1B76 : fe08;
1B78 : 2080;
1B7A : 3ef7;
1B7C : 182f;
1B7E : fef5;
1B80 : 282f;
1B82 : f008;
1B84 : e604;
1B86 : f607;
1B88 : 1880;
1B8A : e002;
1B8C : f5a0;
1B8E : e67d;
1B90 : fe0f;
1B92 : 200b;
1B94 : f00b;
1B96 : fea0;
1B98 : 282f;
1B9A : f105;
1B9C : 2f3e;
1B9E : 0118;
1BA0 : 77f1;
1BA2 : f5e5;
1BA4 : c5f0;
1BA6 : 20a7;
1BA8 : 1104;
1BAA : 3000;
1BAC : f119;
1BAE : e177;
1BB0 : 7d23;
1BB2 : 0fe6;
1BB4 : 0cfe;
1BB6 : b720;
1BB8 : e0af;
1BBA : 7ca0;
1BBC : 0fe6;
1BBE : 0afe;
1BC0 : 0628;
1BC2 : 1611;
1BC4 : 1900;
1BC6 : a718;
1BC8 : fe7d;
1BCA : 202c;
1BCC : c9f5;
1BCE : 0dcd;
1BD0 : f01c;
1BD2 : a7ab;
1BD4 : cdc0;
1BD6 : 050c;
1BD8 : 42cd;
1BDA : cd05;
1BDC : 0583;
1BDE : bbcd;
1BE0 : cd24;
1BE2 : 209c;
1BE4 : 3ecd;
1BE6 : cd21;
1BE8 : 25a1;
1BEA : 4dcd;
1BEC : cd22;
1BEE : 1f91;
1BF0 : b3cd;
1BF2 : c905;
1BF4 : 57cb;
1BF6 : fac8;
1BF8 : c0de;
1BFA : 01ee;
1BFC : deea;
1BFE : 28c0;
1C00 : 3e09;
1C02 : ea80;
1C04 : c210;
1C06 : 96cd;
1C08 : c926;
1C0A : 18af;
1C0C : f0f6;
1C0E : e680;
1C10 : fe0f;
1C12 : ca0f;
1C14 : 021b;
1C16 : e4f0;
1C18 : c0a7;
1C1A : 81f0;
1C1C : 5fcb;
1C1E : d428;
1C20 : c5f0;
1C22 : 20a7;
1C24 : 2145;
1C26 : ff40;
1C28 : abf0;
1C2A : 01ee;
1C2C : abe0;
1C2E : 2a28;
1C30 : decb;
1C32 : 013e;
1C34 : 7fea;
1C36 : 21df;
1C38 : 994e;
1C3A : 4e11;
1C3C : 069d;
1C3E : f004;
1C40 : e641;
1C42 : 2003;
1C44 : 2afa;
1C46 : 1312;
1C48 : 2005;
1C4A : 3ef4;
1C4C : ea80;
1C4E : c210;
1C50 : 00ea;
1C52 : cdc2;
1C54 : 2683;
1C56 : 96cd;
1C58 : c926;
1C5A : 9ecb;
1C5C : 023e;
1C5E : 7fea;
1C60 : fadf;
1C62 : c0de;
1C64 : 28a7;
1C66 : afe6;
1C68 : e618;
1C6A : cbf0;
1C6C : 29fe;
1C6E : f0c0;
1C70 : eeab;
1C72 : e001;
1C74 : 28ab;
1C76 : 3e33;
1C78 : ea01;
1C7A : df7f;
1C7C : d0f0;
1C7E : f2e0;
1C80 : cff0;
1C82 : f1e0;
1C84 : cbcd;
1C86 : c91c;
1C88 : abf0;
1C8A : c8a7;
1C8C : ccf0;
1C8E : 3928;
1C90 : e0af;
1C92 : f0cc;
1C94 : fecb;
1C96 : 2029;
1C98 : 3e08;
1C9A : e094;
1C9C : e0cf;
1C9E : e1ce;
1CA0 : afc9;
1CA2 : cfe0;
1CA4 : d0f0;
1CA6 : 94fe;
1CA8 : 1f28;
1CAA : f2f0;
1CAC : d0e0;
1CAE : f1f0;
1CB0 : cfe0;
1CB2 : 023e;
1CB4 : 7fea;
1CB6 : afdf;
1CB8 : abe0;
1CBA : ee21;
1CBC : 0698;
1CBE : 0e8e;
1CC0 : cd05;
1CC2 : 19ff;
1CC4 : 0d2c;
1CC6 : f920;
1CC8 : e1c9;
1CCA : 21c9;
1CCC : 98ee;
1CCE : 050e;
1CD0 : dd11;
1CD2 : 1a1c;
1CD4 : fecd;
1CD6 : 1319;
1CD8 : 0d2c;
1CDA : f720;
1CDC : 19c9;
1CDE : 1e0a;
1CE0 : 0e1c;
1CE2 : 803e;
1CE4 : 00ea;
1CE6 : eac2;
1CE8 : c210;
1CEA : 83cd;
1CEC : cd26;
1CEE : 2696;
1CF0 : e0af;
1CF2 : e098;
1CF4 : cd9c;
1CF6 : 2293;
1CF8 : 873e;
1CFA : d7cd;
1CFC : 3e1f;
1CFE : e046;
1D00 : 3ea6;
1D02 : e00d;
1D04 : c9e1;
1D06 : 81f0;
1D08 : 47cb;
1D0A : 0320;
1D0C : 5fcb;
1D0E : afc8;
1D10 : e3e0;
1D12 : c5f0;
1D14 : 3ea7;
1D16 : 2016;
1D18 : f00a;
1D1A : fec0;
1D1C : 3e37;
1D1E : 2810;
1D20 : 3e02;
1D22 : e012;
1D24 : c9e1;
1D26 : a6f0;
1D28 : c0a7;
1D2A : 0221;
1D2C : 11c8;
1D2E : 2889;
1D30 : 04cd;
1D32 : f028;
1D34 : a7c3;
1D36 : 2e28;
1D38 : 4011;
1D3A : 2100;
1D3C : c827;
1D3E : 84cd;
1D40 : 111d;
1D42 : 0100;
1D44 : 8721;
1D46 : cdc8;
1D48 : 1d84;
1D4A : 0011;
1D4C : 2103;
1D4E : c8e7;
1D50 : 84cd;
1D52 : 111d;
1D54 : 1200;
1D56 : 4721;
1D58 : cdc9;
1D5A : 1d84;
1D5C : a021;
1D5E : 06c0;
1D60 : af03;
1D62 : 0522;
1D64 : fc20;
1D66 : 803e;
1D68 : a6e0;
1D6A : 803e;
1D6C : 00ea;
1D6E : eac2;
1D70 : c210;
1D72 : 83cd;
1D74 : cd26;
1D76 : 2696;
1D78 : f3cd;
1D7A : 3e7f;
1D7C : e025;
1D7E : 3e9e;
1D80 : e00b;
1D82 : c9e1;
1D84 : 21e5;
1D86 : c0a0;
1D88 : 0306;
1D8A : 22af;
1D8C : 2005;
1D8E : f0fc;
1D90 : 47c3;
1D92 : 2104;
1D94 : c0a0;
1D96 : 66cd;
1D98 : 0501;
1D9A : f720;
1D9C : 06e1;
1D9E : 1103;
1DA0 : c0a2;
1DA2 : e61a;
1DA4 : 20f0;
1DA6 : 1a0a;
1DA8 : 0fe6;
1DAA : 0b20;
1DAC : 051d;
1DAE : f220;
1DB0 : 1ac9;
1DB2 : f0e6;
1DB4 : 37cb;
1DB6 : 1a22;
1DB8 : 0fe6;
1DBA : 1d22;
1DBC : 2005;
1DBE : c9f2;
1DC0 : a6f0;
1DC2 : c0a7;
1DC4 : 013e;
1DC6 : c6ea;
1DC8 : 3ec0;
1DCA : e005;
1DCC : c9a6;
1DCE : a6f0;
1DD0 : c0a7;
1DD2 : 0221;
1DD4 : 11c8;
1DD6 : 510f;
1DD8 : 04cd;
1DDA : cd28;
1DDC : 178a;
1DDE : 0021;
1DE0 : 11c2;
1DE2 : 2735;
1DE4 : 0a0e;
1DE6 : 76cd;
1DE8 : 3e17;
1DEA : 2110;
1DEC : c266;
1DEE : 2e77;
1DF0 : 7776;
1DF2 : 0e21;
1DF4 : 11c2;
1DF6 : 1e31;
1DF8 : 0a06;
1DFA : 221a;
1DFC : 1322;
1DFE : 11d5;
1E00 : 000e;
1E02 : d119;
1E04 : 2005;
1E06 : f0f3;
1E08 : fec4;
1E0A : 2005;
1E0C : 3e02;
1E0E : 3c09;
1E10 : 2147;
1E12 : c200;
1E14 : 1011;
1E16 : af00;
1E18 : 1977;
1E1A : 2005;
1E1C : f0fb;
1E1E : c6c4;
1E20 : ea0a;
1E22 : dfe8;
1E24 : 253e;
1E26 : 9ee0;
1E28 : 1b3e;
1E2A : a6e0;
1E2C : 233e;
1E2E : e1e0;
1E30 : 1cc9;
1E32 : 1e0f;
1E34 : 2032;
1E36 : 2618;
1E38 : 281d;
1E3A : 3e2b;
1E3C : cd0a;
1E3E : 2673;
1E40 : f0c9;
1E42 : fea6;
1E44 : 2814;
1E46 : a7f4;
1E48 : 21c0;
1E4A : c20e;
1E4C : 1011;
1E4E : 0600;
1E50 : e50a;
1E52 : 2035;
1E54 : 2c15;
1E56 : 773a;
1E58 : e67d;
1E5A : f6f0;
1E5C : 6f03;
1E5E : ee7e;
1E60 : 7701;
1E62 : 50fe;
1E64 : 2328;
1E66 : 51fe;
1E68 : 2528;
1E6A : 19e1;
1E6C : 2005;
1E6E : 3ee2;
1E70 : cd0a;
1E72 : 2673;
1E74 : e9fa;
1E76 : a7df;
1E78 : cdc0;
1E7A : 178a;
1E7C : c4f0;
1E7E : 05fe;
1E80 : 263e;
1E82 : 0228;
1E84 : 053e;
1E86 : e1e0;
1E88 : 2dc9;
1E8A : 362d;
1E8C : 1867;
1E8E : 2ddb;
1E90 : 362d;
1E92 : 185d;
1E94 : afd5;
1E96 : c6ea;
1E98 : 11c0;
1E9A : c0c0;
1E9C : 6f1a;
1E9E : 1a13;
1EA0 : b567;
1EA2 : 3aca;
1EA4 : 2b26;
1EA6 : 127c;
1EA8 : 7d1b;
1EAA : 1112;
1EAC : 0001;
1EAE : c221;
1EB0 : d5c0;
1EB2 : 66cd;
1EB4 : 1101;
1EB6 : c0c4;
1EB8 : a521;
1EBA : cd99;
1EBC : 2a36;
1EBE : e0af;
1EC0 : d1a6;
1EC2 : a021;
1EC4 : cdc0;
1EC6 : 0166;
1EC8 : a211;
1ECA : 21c0;
1ECC : 9a25;
1ECE : 3acd;
1ED0 : 3e2a;
1ED2 : ea02;
1ED4 : dfe0;
1ED6 : fac9;
1ED8 : c0c6;
1EDA : c8a7;
1EDC : c5fa;
1EDE : fec0;
1EE0 : 2804;
1EE2 : 11b2;
1EE4 : 0040;
1EE6 : 2301;
1EE8 : 2198;
1EEA : c0ac;
1EEC : 28a7;
1EEE : 1123;
1EF0 : 0100;
1EF2 : 8301;
1EF4 : 2198;
1EF6 : c0b1;
1EF8 : 01fe;
1EFA : 1628;
1EFC : 0011;
1EFE : 0103;
1F00 : 98e3;
1F02 : b621;
1F04 : fec0;
1F06 : 2802;
1F08 : 1109;
1F0A : 1200;
1F0C : 4301;
1F0E : 2199;
1F10 : c0bb;
1F12 : d9cd;
1F14 : c925;
1F16 : 81f0;
1F18 : c8a7;
1F1A : 023e;
1F1C : e1e0;
1F1E : f0c9;
1F20 : a7a6;
1F22 : 3ec0;
1F24 : ea04;
1F26 : dfe8;
1F28 : c5f0;
1F2A : 28a7;
1F2C : 3e0a;
1F2E : e03f;
1F30 : 3ea6;
1F32 : e01b;
1F34 : 18cc;
1F36 : 3e37;
1F38 : cd2f;
1F3A : 1fd7;
1F3C : 4321;
1F3E : 11c8;
1F40 : 293e;
1F42 : 070e;
1F44 : 7dcd;
1F46 : 211f;
1F48 : c983;
1F4A : 7611;
1F4C : 0e29;
1F4E : cd06;
1F50 : 1f7d;
1F52 : c0f0;
1F54 : 37fe;
1F56 : 1420;
1F58 : a221;
1F5A : 7ec0;
1F5C : 5806;
1F5E : 20fe;
1F60 : 0f30;
1F62 : fe04;
1F64 : 3015;
1F66 : 040a;
1F68 : 10fe;
1F6A : 0530;
1F6C : 043e;
1F6E : e1e0;
1F70 : 78c9;
1F72 : f3e0;
1F74 : 903e;
1F76 : a6e0;
1F78 : 343e;
1F7A : e1e0;
1F7C : 06c9;
1F7E : e508;
1F80 : 221a;
1F82 : 0513;
1F84 : fa20;
1F86 : d5e1;
1F88 : 2011;
1F8A : 1900;
1F8C : 0dd1;
1F8E : ed20;
1F90 : f0c9;
1F92 : fec0;
1F94 : c037;
1F96 : e1f0;
1F98 : c0a7;
1F9A : e3f0;
1F9C : 05fe;
1F9E : 21c0;
1FA0 : c0ac;
1FA2 : 0501;
1FA4 : 7e00;
1FA6 : 4011;
1FA8 : a700;
1FAA : 1720;
1FAC : 7e09;
1FAE : 0011;
1FB0 : a701;
1FB2 : 0f20;
1FB4 : 7e09;
1FB6 : 0011;
1FB8 : a703;
1FBA : 0720;
1FBC : 1109;
1FBE : 1200;
1FC0 : a77e;
1FC2 : 36c8;
1FC4 : f000;
1FC6 : 47a9;
1FC8 : c504;
1FCA : 21d5;
1FCC : c0a0;
1FCE : 66cd;
1FD0 : d101;
1FD2 : 05c1;
1FD4 : f320;
1FD6 : f5c9;
1FD8 : 023e;
1FDA : e3e0;
1FDC : 21f1;
1FDE : c802;
1FE0 : 120e;
1FE2 : 2011;
1FE4 : e500;
1FE6 : 0a06;
1FE8 : 0522;
1FEA : fc20;
1FEC : 19e1;
1FEE : 200d;
1FF0 : c9f4;
1FF2 : c221;
1FF4 : 11cb;
1FF6 : 0016;
1FF8 : 020e;
1FFA : 2f3e;
1FFC : 0a06;
1FFE : 0522;
2000 : fc20;
2002 : 0d19;
2004 : f620;
2006 : 21c9;
2008 : c200;
200A : 0036;
200C : 362c;
200E : 2c18;
2010 : 3f36;
2012 : fa2c;
2014 : c213;
2016 : e677;
2018 : 4ffc;
201A : e4f0;
201C : 20a7;
201E : f005;
2020 : a7c5;
2022 : 1d28;
2024 : c326;
2026 : b0f0;
2028 : 5e6f;
202A : 7c23;
202C : c4fe;
202E : 0320;
2030 : 0021;
2032 : 7dc3;
2034 : b0e0;
2036 : d3f0;
2038 : 28a7;
203A : f62a;
203C : e080;
203E : 18d3;
2040 : 2624;
2042 : f003;
2044 : 4704;
2046 : 05af;
2048 : 0a28;
204A : 3c3c;
204C : 3c3c;
204E : 1cfe;
2050 : f428;
2052 : f318;
2054 : f057;
2056 : 5fae;
2058 : 2825;
205A : b207;
205C : e6b1;
205E : b9fc;
2060 : e128;
2062 : e07a;
2064 : 7bae;
2066 : 13ea;
2068 : cdc2;
206A : 2696;
206C : 9af0;
206E : 99e0;
2070 : fac9;
2072 : c0c7;
2074 : 28a7;
2076 : f00c;
2078 : e681;
207A : feb0;
207C : 2080;
207E : af25;
2080 : c7ea;
2082 : f0c0;
2084 : a7a7;
2086 : 2920;
2088 : 98f0;
208A : 20a7;
208C : f024;
208E : a7e3;
2090 : 1f20;
2092 : 033e;
2094 : a7e0;
2096 : e521;
2098 : 34ff;
209A : 2618;
209C : 80f0;
209E : b0e6;
20A0 : 80fe;
20A2 : cd28;
20A4 : e521;
20A6 : 36ff;
20A8 : f000;
20AA : a799;
20AC : 0728;
20AE : e03d;
20B0 : cd99;
20B2 : 2683;
20B4 : f0c9;
20B6 : fe98;
20B8 : c803;
20BA : e3f0;
20BC : c0a7;
20BE : 9af0;
20C0 : 99e0;
20C2 : 0121;
20C4 : 7ec2;
20C6 : a0e0;
20C8 : 08c6;
20CA : cd77;
20CC : 2683;
20CE : 73cd;
20D0 : a725;
20D2 : f0c8;
20D4 : 21a0;
20D6 : c201;
20D8 : cd77;
20DA : 2683;
20DC : 013e;
20DE : 98e0;
20E0 : c7ea;
20E2 : f0c0;
20E4 : a7e5;
20E6 : 1b28;
20E8 : f04f;
20EA : fec0;
20EC : 2837;
20EE : 1137;
20F0 : c0c0;
20F2 : 6f1a;
20F4 : 1a13;
20F6 : 0667;
20F8 : 0d00;
20FA : 7c09;
20FC : 7d12;
20FE : 121b;
2100 : e0af;
2102 : fae5;
2104 : c201;
2106 : 18fe;
2108 : fac0;
210A : c202;
210C : 3ffe;
210E : 21c0;
2110 : fffb;
2112 : fe7e;
2114 : 2001;
2116 : cd0d;
2118 : 7ff3;
211A : 013e;
211C : e1e0;
211E : 023e;
2120 : f0ea;
2122 : c9df;
2124 : c934;
2126 : 0daf;
2128 : 0428;
212A : 273c;
212C : f918;
212E : 165f;
2130 : 2100;
2132 : c0a0;
2134 : 66cd;
2136 : 3e01;
2138 : ea01;
213A : c0ce;
213C : c218;
213E : 98f0;
2140 : 02fe;
2142 : 3ec0;
2144 : ea02;
2146 : dff8;
2148 : e0af;
214A : 11a0;
214C : c0a3;
214E : 4221;
2150 : 06c8;
2152 : 0e10;
2154 : e50a;
2156 : fe2a;
2158 : ca2f;
215A : 21d8;
215C : 200d;
215E : e1f7;
2160 : 127c;
2162 : 7d13;
2164 : 1312;
2166 : a0f0;
2168 : e03c;
216A : d5a0;
216C : 2011;
216E : 1900;
2170 : 05d1;
2172 : df20;
2174 : 033e;
2176 : 98e0;
2178 : e03d;
217A : f0a6;
217C : a7a0;
217E : 47c8;
2180 : 9e21;
2182 : f0ff;
2184 : fec0;
2186 : 2877;
2188 : 7812;
218A : 2786;
218C : 3e22;
218E : 8e00;
2190 : 7727;
2192 : 1630;
2194 : 9936;
2196 : 362b;
2198 : 1899;
219A : 7e0f;
219C : 90b7;
219E : 3b28;
21A0 : 3938;
21A2 : 7727;
21A4 : f0e6;
21A6 : 90fe;
21A8 : 3128;
21AA : 0e78;
21AC : 2106;
21AE : c0ac;
21B0 : 0006;
21B2 : 01fe;
21B4 : 1928;
21B6 : b121;
21B8 : 06c0;
21BA : fe01;
21BC : 2802;
21BE : 2110;
21C0 : c0b6;
21C2 : 0206;
21C4 : 03fe;
21C6 : 0728;
21C8 : bb21;
21CA : 06c0;
21CC : 0e04;
21CE : 3407;
21D0 : e078;
21D2 : 79dc;
21D4 : e0ea;
21D6 : c9df;
21D8 : 18e1;
21DA : af90;
21DC : 9ee0;
21DE : ca18;
21E0 : 98f0;
21E2 : 03fe;
21E4 : f0c0;
21E6 : a7a6;
21E8 : 11c0;
21EA : c0a3;
21EC : 9cf0;
21EE : 47cb;
21F0 : 3c20;
21F2 : a71a;
21F4 : 5228;
21F6 : 30d6;
21F8 : 1367;
21FA : 6f1a;
21FC : 9cf0;
21FE : 06fe;
2200 : 8c3e;
2202 : 0220;
2204 : 2f3e;
2206 : 0a0e;
2208 : 0d22;
220A : fc20;
220C : 1a13;
220E : 20a7;
2210 : f0e5;
2212 : 3c9c;
2214 : 9ce0;
2216 : 07fe;
2218 : 0528;
221A : 0a3e;
221C : a6e0;
221E : afc9;
2220 : 9ce0;
2222 : 0d3e;
2224 : a6e0;
2226 : 013e;
2228 : e3e0;
222A : e0af;
222C : c998;
222E : 671a;
2230 : 30d6;
2232 : 134f;
2234 : 6f1a;
2236 : 0a06;
2238 : e57e;
223A : 7761;
223C : 23e1;
223E : 2005;
2240 : 13f7;
2242 : a71a;
2244 : e820;
2246 : c918;
2248 : 07cd;
224A : 1820;
224C : f0dd;
224E : a7a6;
2250 : f0c0;
2252 : fee3;
2254 : c001;
2256 : a311;
2258 : 1ac0;
225A : 1367;
225C : 6f1a;
225E : e5d5;
2260 : e001;
2262 : 09ff;
2264 : e5d1;
2266 : 0a06;
2268 : 122a;
226A : 0513;
226C : fa20;
226E : e5e1;
2270 : 01d1;
2272 : ffe0;
2274 : 7c09;
2276 : c7fe;
2278 : eb20;
227A : 13d1;
227C : a71a;
227E : da20;
2280 : 0221;
2282 : 3ec8;
2284 : 062f;
2286 : 220a;
2288 : 2005;
228A : cdfc;
228C : 2293;
228E : 023e;
2290 : e3e0;
2292 : 21c9;
2294 : c0a3;
2296 : 06af;
2298 : 2209;
229A : 2005;
229C : c9fc;
229E : e3f0;
22A0 : 02fe;
22A2 : 21c0;
22A4 : 9a22;
22A6 : 2211;
22A8 : cdca;
22AA : 24ac;
22AC : f0c9;
22AE : fee3;
22B0 : c003;
22B2 : 0221;
22B4 : 119a;
22B6 : ca02;
22B8 : accd;
22BA : c924;
22BC : e3f0;
22BE : 04fe;
22C0 : 21c0;
22C2 : 99e2;
22C4 : e211;
22C6 : cdc9;
22C8 : 24ac;
22CA : f0c9;
22CC : fee3;
22CE : c005;
22D0 : c221;
22D2 : 1199;
22D4 : c9c2;
22D6 : accd;
22D8 : c924;
22DA : e3f0;
22DC : 06fe;
22DE : 21c0;
22E0 : 99a2;
22E2 : a211;
22E4 : cdc9;
22E6 : 24ac;
22E8 : f0c9;
22EA : fee3;
22EC : c007;
22EE : 8221;
22F0 : 1199;
22F2 : c982;
22F4 : accd;
22F6 : c924;
22F8 : e3f0;
22FA : 08fe;
22FC : 21c0;
22FE : 9962;
2300 : 6211;
2302 : cdc9;
2304 : 24ac;
2306 : c5f0;
2308 : f0a7;
230A : 20e1;
230C : a708;
230E : 3ec0;
2310 : ea01;
2312 : dff8;
2314 : fec9;
2316 : c01a;
2318 : d4f0;
231A : 28a7;
231C : 3ef2;
231E : ea05;
2320 : dfe0;
2322 : f0c9;
2324 : fee3;
2326 : c009;
2328 : 4221;
232A : 1199;
232C : c942;
232E : accd;
2330 : c924;
2332 : e3f0;
2334 : 0afe;
2336 : 21c0;
2338 : 9922;
233A : 2211;
233C : cdc9;
233E : 24ac;
2340 : f0c9;
2342 : fee3;
2344 : c00b;
2346 : 0221;
2348 : 1199;
234A : c902;
234C : accd;
234E : c924;
2350 : e3f0;
2352 : 0cfe;
2354 : 21c0;
2356 : 98e2;
2358 : e211;
235A : cdc8;
235C : 24ac;
235E : f0c9;
2360 : fee3;
2362 : c00d;
2364 : c221;
2366 : 1198;
2368 : c8c2;
236A : accd;
236C : c924;
236E : e3f0;
2370 : 0efe;
2372 : 21c0;
2374 : 98a2;
2376 : a211;
2378 : cdc8;
237A : 24ac;
237C : f0c9;
237E : fee3;
2380 : c00f;
2382 : 8221;
2384 : 1198;
2386 : c882;
2388 : accd;
238A : c924;
238C : e3f0;
238E : 10fe;
2390 : 21c0;
2392 : 9862;
2394 : 6211;
2396 : cdc8;
2398 : 24ac;
239A : 4bcd;
239C : c924;
239E : e3f0;
23A0 : 11fe;
23A2 : 21c0;
23A4 : 9842;
23A6 : 4211;
23A8 : cdc8;
23AA : 24ac;
23AC : 6d21;
23AE : cd9c;
23B0 : 243b;
23B2 : 013e;
23B4 : e0e0;
23B6 : f0c9;
23B8 : fee3;
23BA : c012;
23BC : 2221;
23BE : 1198;
23C0 : c822;
23C2 : accd;
23C4 : 2124;
23C6 : 986d;
23C8 : 3bcd;
23CA : c924;
23CC : e3f0;
23CE : 13fe;
23D0 : eac0;
23D2 : c0c7;
23D4 : 0221;
23D6 : 1198;
23D8 : c802;
23DA : accd;
23DC : af24;
23DE : e3e0;
23E0 : c5f0;
23E2 : f0a7;
23E4 : 20e1;
23E6 : a748;
23E8 : 21c0;
23EA : 994e;
23EC : 9f11;
23EE : 0eff;
23F0 : f002;
23F2 : fec0;
23F4 : 2837;
23F6 : 2108;
23F8 : 9950;
23FA : 9e11;
23FC : 0eff;
23FE : cd01;
2400 : 2a3c;
2402 : c0f0;
2404 : 37fe;
2406 : 2328;
2408 : 9ef0;
240A : 20a7;
240C : 3e1e;
240E : e064;
2410 : 3ea6;
2412 : ea02;
2414 : dfe8;
2416 : c5f0;
2418 : 28a7;
241A : e003;
241C : c9d5;
241E : c3f0;
2420 : 09fe;
2422 : 053e;
2424 : 0220;
2426 : 223e;
2428 : e1e0;
242A : cdc9;
242C : 2007;
242E : fec9;
2430 : c01a;
2432 : d4f0;
2434 : 28a7;
2436 : afb2;
2438 : d4e0;
243A : f0c9;
243C : a7e1;
243E : f0c0;
2440 : fec0;
2442 : c037;
2444 : a211;
2446 : cdc0;
2448 : 2a36;
244A : f0c9;
244C : a7e1;
244E : f0c0;
2450 : fec0;
2452 : c037;
2454 : a921;
2456 : 7eff;
2458 : 14fe;
245A : cdc8;
245C : 249d;
245E : 9ff0;
2460 : e657;
2462 : c0f0;
2464 : e67a;
2466 : cb0f;
2468 : 5737;
246A : 9ef0;
246C : f0e6;
246E : 37cb;
2470 : b8b2;
2472 : c8d8;
2474 : cd34;
2476 : 249d;
2478 : 0fe6;
247A : 214f;
247C : 98f1;
247E : 2671;
2480 : 719c;
2482 : e678;
2484 : 28f0;
2486 : cb0d;
2488 : 4f37;
248A : fe7d;
248C : 28f0;
248E : 2105;
2490 : 98f0;
2492 : ea18;
2494 : 083e;
2496 : e0ea;
2498 : cddf;
249A : 1ae8;
249C : 7ec9;
249E : a747;
24A0 : afc8;
24A2 : 3cb7;
24A4 : 0527;
24A6 : 0228;
24A8 : f818;
24AA : c947;
24AC : 0a06;
24AE : 771a;
24B0 : 1c2c;
24B2 : 2005;
24B4 : f0f9;
24B6 : 3ce3;
24B8 : e3e0;
24BA : 21c9;
24BC : c200;
24BE : fe7e;
24C0 : c880;
24C2 : 032e;
24C4 : e07e;
24C6 : f0a0;
24C8 : 4781;
24CA : 48cb;
24CC : 1220;
24CE : 40cb;
24D0 : 3728;
24D2 : e67e;
24D4 : 2803;
24D6 : 3503;
24D8 : 1418;
24DA : f67e;
24DC : 7703;
24DE : 0e18;
24E0 : e67e;
24E2 : fe03;
24E4 : 2803;
24E6 : 3403;
24E8 : 0418;
24EA : e67e;
24EC : 77fc;
24EE : 033e;
24F0 : e0ea;
24F2 : cddf;
24F4 : 2683;
24F6 : 73cd;
24F8 : a725;
24FA : 0d28;
24FC : eaaf;
24FE : dfe0;
2500 : 0321;
2502 : f0c2;
2504 : 77a0;
2506 : 83cd;
2508 : 2126;
250A : c202;
250C : 81f0;
250E : f047;
2510 : 4f80;
2512 : e07e;
2514 : cba0;
2516 : 3e60;
2518 : 2017;
251A : cb0c;
251C : 2861;
251E : f02d;
2520 : 3daa;
2522 : aae0;
2524 : 3ec0;
2526 : e009;
2528 : 7eaa;
252A : 08c6;
252C : cd77;
252E : 2683;
2530 : 043e;
2532 : e0ea;
2534 : cddf;
2536 : 2573;
2538 : c8a7;
253A : 0221;
253C : afc2;
253E : e0ea;
2540 : f0df;
2542 : 77a0;
2544 : 83cd;
2546 : 3e26;
2548 : e001;
254A : c9aa;
254C : 68cb;
254E : 173e;
2550 : 0c20;
2552 : 69cb;
2554 : f328;
2556 : aaf0;
2558 : e03d;
255A : c0aa;
255C : 093e;
255E : aae0;
2560 : d67e;
2562 : 7708;
2564 : 043e;
2566 : e0ea;
2568 : cddf;
256A : 2683;
256C : 73cd;
256E : a725;
2570 : 18c8;
2572 : 21c7;
2574 : c010;
2576 : 0406;
2578 : e02a;
257A : 2ab2;
257C : 28a7;
257E : e017;
2580 : e5b3;
2582 : cdc5;
2584 : 29e3;
2586 : c67c;
2588 : 6730;
258A : fe7e;
258C : 202f;
258E : c10b;
2590 : 2ce1;
2592 : 052c;
2594 : e220;
2596 : e0af;
2598 : c99b;
259A : e1c1;
259C : 013e;
259E : 9be0;
25A0 : f0c9;
25A2 : fe98;
25A4 : c001;
25A6 : 1021;
25A8 : 06c0;
25AA : 2a04;
25AC : b2e0;
25AE : a72a;
25B0 : 1d28;
25B2 : b3e0;
25B4 : c5e5;
25B6 : e3cd;
25B8 : e529;
25BA : c1d1;
25BC : f0e1;
25BE : e641;
25C0 : 2003;
25C2 : 7efa;
25C4 : 7a12;
25C6 : 30c6;
25C8 : 2a57;
25CA : 2c12;
25CC : 2005;
25CE : 3edc;
25D0 : e002;
25D2 : 2198;
25D4 : c200;
25D6 : 8036;
25D8 : fac9;
25DA : c0c6;
25DC : 02fe;
25DE : 4628;
25E0 : 7ed5;
25E2 : 28b7;
25E4 : 3d54;
25E6 : 7e22;
25E8 : 273c;
25EA : e677;
25EC : 020f;
25EE : 2a0d;
25F0 : 37cb;
25F2 : 0fe6;
25F4 : 0128;
25F6 : c502;
25F8 : c3f0;
25FA : 0447;
25FC : cde5;
25FE : 0166;
2600 : 05e1;
2602 : f820;
2604 : 23c1;
2606 : e523;
2608 : 2321;
260A : 0900;
260C : cdd1;
260E : 2a3a;
2610 : f0d1;
2612 : 47c3;
2614 : 2104;
2616 : c0a0;
2618 : cde5;
261A : 0166;
261C : 05e1;
261E : f820;
2620 : 023e;
2622 : c6ea;
2624 : c9c0;
2626 : a211;
2628 : 21c0;
262A : 9a25;
262C : 3acd;
262E : 3e2a;
2630 : ea02;
2632 : dfe0;
2634 : eaaf;
2636 : c0c6;
2638 : d1c9;
263A : 213e;
263C : a6e0;
263E : eaaf;
2640 : c0c6;
2642 : c5fa;
2644 : 3cc0;
2646 : c5ea;
2648 : fec0;
264A : c005;
264C : 043e;
264E : e1e0;
2650 : 21c9;
2652 : c0ac;
2654 : 1b06;
2656 : 22af;
2658 : 2005;
265A : 21fc;
265C : c0a0;
265E : 0306;
2660 : 0522;
2662 : fc20;
2664 : 7ec9;
2666 : f0e6;
2668 : 37cb;
266A : 7e12;
266C : 0fe6;
266E : 121c;
2670 : 3ec9;
2672 : e002;
2674 : af8f;
2676 : 8ee0;
2678 : c03e;
267A : 8de0;
267C : 0021;
267E : cdc2;
2680 : 2a89;
2682 : 3ec9;
2684 : e001;
2686 : 3e8f;
2688 : e010;
268A : 3e8e;
268C : e0c0;
268E : 218d;
2690 : c200;
2692 : 89cd;
2694 : c92a;
2696 : 013e;
2698 : 8fe0;
269A : 203e;
269C : 8ee0;
269E : c03e;
26A0 : 8de0;
26A2 : 1021;
26A4 : cdc2;
26A6 : 2a89;
26A8 : 06c9;
26AA : 3e20;
26AC : 118e;
26AE : 0020;
26B0 : 1977;
26B2 : 2005;
26B4 : c9fb;
26B6 : fe1a;
26B8 : c8ff;
26BA : 1322;
26BC : f818;
26BE : 00d9;
26C0 : 3f18;
26C2 : 8000;
26C4 : 0000;
26C6 : 00ff;
26C8 : 8f80;
26CA : 8000;
26CC : 0000;
26CE : 00ff;
26D0 : 3770;
26D2 : 001c;
26D4 : 0000;
26D6 : 3738;
26D8 : 001c;
26DA : 0000;
26DC : 3440;
26DE : 0020;
26E0 : 0000;
26E2 : 1c40;
26E4 : 0020;
26E6 : 0000;
26E8 : 7440;
26EA : 0020;
26EC : 0000;
26EE : 6840;
26F0 : 0021;
26F2 : 0000;
26F4 : 6878;
26F6 : 0021;
26F8 : 0000;
26FA : 6060;
26FC : 802a;
26FE : 0000;
2700 : 7260;
2702 : 802a;
2704 : 0020;
2706 : 3868;
2708 : 803e;
270A : 0000;
270C : 6060;
270E : 8036;
2710 : 0000;
2712 : 7260;
2714 : 8036;
2716 : 0020;
2718 : 3868;
271A : 8032;
271C : 0000;
271E : 6060;
2720 : 802e;
2722 : 0000;
2724 : 3868;
2726 : 803c;
2728 : 0000;
272A : 6060;
272C : 803a;
272E : 0000;
2730 : 3868;
2732 : 8030;
2734 : 8000;
2736 : 403f;
2738 : 0044;
273A : 8000;
273C : 203f;
273E : 004a;
2740 : 8000;
2742 : 303f;
2744 : 0046;
2746 : 8000;
2748 : 2077;
274A : 0048;
274C : 8000;
274E : 4887;
2750 : 004c;
2752 : 8000;
2754 : 5887;
2756 : 004e;
2758 : 8000;
275A : 4d67;
275C : 0050;
275E : 8000;
2760 : 5d67;
2762 : 0052;
2764 : 8000;
2766 : 888f;
2768 : 0054;
276A : 8000;
276C : 988f;
276E : 0055;
2770 : 0000;
2772 : 575f;
2774 : 002c;
2776 : 8000;
2778 : 5080;
277A : 0034;
277C : 8000;
277E : 6080;
2780 : 0034;
2782 : 0020;
2784 : 576f;
2786 : 0058;
2788 : 8000;
278A : 5580;
278C : 0034;
278E : 8000;
2790 : 5b80;
2792 : 0034;
2794 : 2120;
2796 : 9bff;
2798 : 0001;
279A : 3e04;
279C : 322f;
279E : 780b;
27A0 : 20b1;
27A2 : c9f8;
27A4 : 122a;
27A6 : 0b13;
27A8 : b178;
27AA : f820;
27AC : cdc9;
27AE : 27c3;
27B0 : a001;
27B2 : cd00;
27B4 : 27a4;
27B6 : 3f21;
27B8 : 1132;
27BA : 8300;
27BC : 0001;
27BE : cd0d;
27C0 : 27a4;
27C2 : 21c9;
27C4 : 415f;
27C6 : 3801;
27C8 : 1101;
27CA : 8000;
27CC : 122a;
27CE : 1213;
27D0 : 0b13;
27D2 : b178;
27D4 : f620;
27D6 : cdc9;
27D8 : 27c3;
27DA : a001;
27DC : cd0d;
27DE : 27a4;
27E0 : 01c9;
27E2 : 1000;
27E4 : 0011;
27E6 : cd80;
27E8 : 27a4;
27EA : 21c9;
27EC : 9800;
27EE : 1206;
27F0 : 0ee5;
27F2 : 1a14;
27F4 : 1322;
27F6 : 200d;
27F8 : e1fa;
27FA : 11d5;
27FC : 0020;
27FE : d119;
2800 : 2005;
2802 : c9ed;
2804 : 0a06;
2806 : 1ae5;
2808 : fffe;
280A : 0e28;
280C : 1322;
280E : 2005;
2810 : e1f6;
2812 : 11d5;
2814 : 0020;
2816 : d119;
2818 : ea18;
281A : 3ee1;
281C : e002;
281E : c9e3;
2820 : fff0;
2822 : a1e0;
2824 : 87cb;
2826 : ffe0;
2828 : 44f0;
282A : 91fe;
282C : fa20;
282E : 40f0;
2830 : 7fe6;
2832 : 40e0;
2834 : a1f0;
2836 : ffe0;
2838 : 2fc9;
283A : 112f;
283C : 1d12;
283E : 2f2f;
2840 : 2f2f;
2842 : 292f;
2844 : 2929;
2846 : 2f2f;
2848 : 2f2f;
284A : 1d1c;
284C : 1b0a;
284E : 2f1d;
2850 : 2f2f;
2852 : 2929;
2854 : 2929;
2856 : 2f29;
2858 : 2f2f;
285A : 2f2f;
285C : 181d;
285E : 2f2f;
2860 : 2f2f;
2862 : 2f2f;
2864 : 2929;
2866 : 2f2f;
2868 : 0c2f;
286A : 1718;
286C : 121d;
286E : 1e17;
2870 : 290e;
2872 : 2929;
2874 : 2929;
2876 : 2929;
2878 : 2f29;
287A : 102f;
287C : 160a;
287E : 2f0e;
2880 : 2f2f;
2882 : 292f;
2884 : 2929;
2886 : 2f29;
2888 : 1c2f;
288A : 1712;
288C : 1510;
288E : 2f0e;
2890 : 2f2f;
2892 : 2f2f;
2894 : 2f00;
2896 : 2f26;
2898 : 0004;
289A : 2f2f;
289C : 2f2f;
289E : 2f2f;
28A0 : 2f2f;
28A2 : 2f2f;
28A4 : 002f;
28A6 : 0d2f;
28A8 : 1e18;
28AA : 150b;
28AC : 2f0e;
28AE : 2f2f;
28B0 : 2f2f;
28B2 : 2f00;
28B4 : 2f26;
28B6 : 0001;
28B8 : 2f00;
28BA : 2f2f;
28BC : 2f2f;
28BE : 2f2f;
28C0 : 2f2f;
28C2 : 002f;
28C4 : 1d2f;
28C6 : 121b;
28C8 : 1519;
28CA : 2f0e;
28CC : 2f2f;
28CE : 2f2f;
28D0 : 2f00;
28D2 : 2f26;
28D4 : 0003;
28D6 : 2f00;
28D8 : 2f2f;
28DA : 2f2f;
28DC : 2f2f;
28DE : 2f2f;
28E0 : 002f;
28E2 : 1d2f;
28E4 : 1d0e;
28E6 : 121b;
28E8 : 2f1c;
28EA : 2f2f;
28EC : 2f2f;
28EE : 2f00;
28F0 : 2f26;
28F2 : 0201;
28F4 : 0000;
28F6 : 2f2f;
28F8 : 2f2f;
28FA : 2f2f;
28FC : 2f2f;
28FE : 002f;
2900 : 0d2f;
2902 : 181b;
2904 : 1c19;
2906 : 2f2f;
2908 : 2f2f;
290A : 2f2f;
290C : 2f2f;
290E : 2f2f;
2910 : 2f2f;
2912 : 002f;
2914 : 2f2f;
2916 : 2f2f;
2918 : 2f2f;
291A : 2f2f;
291C : 2f2f;
291E : 292f;
2920 : 2929;
2922 : 2929;
2924 : 2929;
2926 : 2929;
2928 : 1d29;
292A : 1211;
292C : 2f1c;
292E : 1d1c;
2930 : 100a;
2932 : 2f0e;
2934 : 2f2f;
2936 : 2f2f;
2938 : 2f2f;
293A : 002f;
293C : ff2f;
293E : 6261;
2940 : 6262;
2942 : 6262;
2944 : 6362;
2946 : 2f64;
2948 : 2f2f;
294A : 2f2f;
294C : 652f;
294E : 2f64;
2950 : 0a10;
2952 : 0e16;
2954 : 652f;
2956 : 2f64;
2958 : adad;
295A : adad;
295C : 652f;
295E : 2f64;
2960 : 1f18;
2962 : 1b0e;
2964 : 652f;
2966 : 2f64;
2968 : adad;
296A : adad;
296C : 652f;
296E : 6966;
2970 : 6969;
2972 : 6969;
2974 : 6a69;
2976 : 1519;
2978 : 0a0e;
297A : 0e1c;
297C : 2f2f;
297E : 2929;
2980 : 2929;
2982 : 2929;
2984 : 2f2f;
2986 : 1d2f;
2988 : 221b;
298A : 2f2f;
298C : 2f2f;
298E : 292f;
2990 : 2929;
2992 : 2f2f;
2994 : 2f2f;
2996 : 2f2f;
2998 : 100a;
299A : 120a;
299C : 2717;
299E : 2f2f;
29A0 : 2929;
29A2 : 2929;
29A4 : 2f29;
29A6 : 203e;
29A8 : 00e0;
29AA : 00f0;
29AC : 00f0;
29AE : 00f0;
29B0 : 00f0;
29B2 : e62f;
29B4 : cb0f;
29B6 : 4737;
29B8 : 103e;
29BA : 00e0;
29BC : 00f0;
29BE : 00f0;
29C0 : 00f0;
29C2 : 00f0;
29C4 : 00f0;
29C6 : 00f0;
29C8 : 00f0;
29CA : 00f0;
29CC : 00f0;
29CE : 00f0;
29D0 : e62f;
29D2 : b00f;
29D4 : f04f;
29D6 : a980;
29D8 : e0a1;
29DA : 7981;
29DC : 80e0;
29DE : 303e;
29E0 : 00e0;
29E2 : f0c9;
29E4 : d6b2;
29E6 : cb10;
29E8 : cb3f;
29EA : cb3f;
29EC : 113f;
29EE : 0000;
29F0 : 215f;
29F2 : 9800;
29F4 : 2006;
29F6 : 0519;
29F8 : fc20;
29FA : b3f0;
29FC : 08d6;
29FE : 3fcb;
2A00 : 3fcb;
2A02 : 3fcb;
2A04 : 0011;
2A06 : 5f00;
2A08 : 7c19;
2A0A : b5e0;
2A0C : e07d;
2A0E : c9b4;
2A10 : b5f0;
2A12 : f057;
2A14 : 5fb4;
2A16 : 0406;
2A18 : 1acb;
2A1A : 1bcb;
2A1C : 2005;
2A1E : 7bf9;
2A20 : 84d6;
2A22 : fee6;
2A24 : 0707;
2A26 : 08c6;
2A28 : b2e0;
2A2A : b4f0;
2A2C : 1fe6;
2A2E : 1717;
2A30 : c617;
2A32 : e008;
2A34 : c9b3;
2A36 : e0f0;
2A38 : c8a7;
2A3A : 030e;
2A3C : e0af;
2A3E : 1ae0;
2A40 : cb47;
2A42 : e637;
2A44 : 200f;
2A46 : f028;
2A48 : a7e0;
2A4A : 003e;
2A4C : 0220;
2A4E : 2f3e;
2A50 : 7822;
2A52 : 0fe6;
2A54 : 2120;
2A56 : e0f0;
2A58 : 3ea7;
2A5A : 2000;
2A5C : 3e09;
2A5E : b901;
2A60 : 003e;
2A62 : 0228;
2A64 : 2f3e;
2A66 : 1d22;
2A68 : 200d;
2A6A : afd4;
2A6C : e0e0;
2A6E : f5c9;
2A70 : 013e;
2A72 : e0e0;
2A74 : 18f1;
2A76 : f5d9;
2A78 : 013e;
2A7A : e0e0;
2A7C : 18f1;
2A7E : 3ee7;
2A80 : e0c0;
2A82 : 3e46;
2A84 : 3d28;
2A86 : fd20;
2A88 : 7cc9;
2A8A : 96e0;
2A8C : e07d;
2A8E : 7e97;
2A90 : 28a7;
2A92 : fe1d;
2A94 : 2880;
2A96 : f017;
2A98 : 6796;
2A9A : 97f0;
2A9C : 116f;
2A9E : 0010;
2AA0 : f019;
2AA2 : 3d8f;
2AA4 : 8fe0;
2AA6 : 18c8;
2AA8 : afe0;
2AAA : 95e0;
2AAC : e918;
2AAE : 95e0;
2AB0 : 0706;
2AB2 : 8611;
2AB4 : 2aff;
2AB6 : 1312;
2AB8 : 2005;
2ABA : f0fa;
2ABC : 2189;
2ABE : 2b64;
2AC0 : 5f07;
2AC2 : 0016;
2AC4 : 5e19;
2AC6 : 5623;
2AC8 : 6f1a;
2ACA : 1a13;
2ACC : 1367;
2ACE : e01a;
2AD0 : 1390;
2AD2 : e01a;
2AD4 : 5e91;
2AD6 : 5623;
2AD8 : f023;
2ADA : e08c;
2ADC : 7e94;
2ADE : fffe;
2AE0 : c728;
2AE2 : fdfe;
2AE4 : 0e20;
2AE6 : 8cf0;
2AE8 : 20ee;
2AEA : 94e0;
2AEC : 7e23;
2AEE : 0818;
2AF0 : 1313;
2AF2 : e418;
2AF4 : fefe;
2AF6 : f828;
2AF8 : 89e0;
2AFA : 87f0;
2AFC : 1a47;
2AFE : f04f;
2B00 : cb8b;
2B02 : 2077;
2B04 : f006;
2B06 : 8090;
2B08 : 1889;
2B0A : 780a;
2B0C : f0f5;
2B0E : 4790;
2B10 : 90f1;
2B12 : de99;
2B14 : e008;
2B16 : f093;
2B18 : 4788;
2B1A : 1a13;
2B1C : 4f13;
2B1E : 8bf0;
2B20 : 6fcb;
2B22 : 0620;
2B24 : 91f0;
2B26 : 8980;
2B28 : 0a18;
2B2A : f578;
2B2C : 91f0;
2B2E : f147;
2B30 : 9990;
2B32 : 08de;
2B34 : 92e0;
2B36 : f0e5;
2B38 : 678d;
2B3A : 8ef0;
2B3C : f06f;
2B3E : a795;
2B40 : 0428;
2B42 : ff3e;
2B44 : 0218;
2B46 : 93f0;
2B48 : f022;
2B4A : 2292;
2B4C : 89f0;
2B4E : f022;
2B50 : 4794;
2B52 : 8bf0;
2B54 : 47b0;
2B56 : 8af0;
2B58 : 22b0;
2B5A : e07c;
2B5C : 7d8d;
2B5E : 8ee0;
2B60 : c3e1;
2B62 : 2ad8;
2B64 : 2c20;
2B66 : 2c24;
2B68 : 2c28;
2B6A : 2c2c;
2B6C : 2c30;
2B6E : 2c34;
2B70 : 2c38;
2B72 : 2c3c;
2B74 : 2c40;
2B76 : 2c44;
2B78 : 2c48;
2B7A : 2c4c;
2B7C : 2c50;
2B7E : 2c54;
2B80 : 2c58;
2B82 : 2c5c;
2B84 : 2c60;
2B86 : 2c64;
2B88 : 2c68;
2B8A : 2c6c;
2B8C : 2c70;
2B8E : 2c74;
2B90 : 2c78;
2B92 : 2c7c;
2B94 : 2c80;
2B96 : 2c84;
2B98 : 2c88;
2B9A : 2c8c;
2B9C : 2c90;
2B9E : 2c94;
2BA0 : 2c98;
2BA2 : 2c9c;
2BA4 : 2ca0;
2BA6 : 2ca4;
2BA8 : 2ca8;
2BAA : 2cac;
2BAC : 2cb0;
2BAE : 2cb4;
2BB0 : 2cb8;
2BB2 : 2cbc;
2BB4 : 2cc0;
2BB6 : 2cc4;
2BB8 : 2cc8;
2BBA : 2ccc;
2BBC : 30c7;
2BBE : 2ccc;
2BC0 : 2cd0;
2BC2 : 2cd4;
2BC4 : 2cd8;
2BC6 : 2cdc;
2BC8 : 2ce0;
2BCA : 2ce4;
2BCC : 30ea;
2BCE : 30ee;
2BD0 : 2ce8;
2BD2 : 2cec;
2BD4 : 30f2;
2BD6 : 30f6;
2BD8 : 2cf0;
2BDA : 2cf4;
2BDC : 2cf8;
2BDE : 2cfc;
2BE0 : 2d00;
2BE2 : 2d04;
2BE4 : 30fa;
2BE6 : 30fe;
2BE8 : 2d04;
2BEA : 2d08;
2BEC : 2d08;
2BEE : 2d0c;
2BF0 : 2d10;
2BF2 : 2d14;
2BF4 : 2d18;
2BF6 : 2d1c;
2BF8 : 2d20;
2BFA : 2d24;
2BFC : 2d28;
2BFE : 2d2c;
2C00 : 2d30;
2C02 : 2d34;
2C04 : 2d38;
2C06 : 2d3c;
2C08 : 2d40;
2C0A : 2d44;
2C0C : 2d48;
2C0E : 2d4c;
2C10 : 2d50;
2C12 : 2d54;
2C14 : 310a;
2C16 : 310e;
2C18 : 3112;
2C1A : 3112;
2C1C : 3102;
2C1E : 3106;
2C20 : 2d58;
2C22 : f0ef;
2C24 : 2d68;
2C26 : f0ef;
2C28 : 2d7a;
2C2A : f0ef;
2C2C : 2d89;
2C2E : f0ef;
2C30 : 2d9a;
2C32 : f0ef;
2C34 : 2dac;
2C36 : f0ef;
2C38 : 2dbd;
2C3A : f0ef;
2C3C : 2dcb;
2C3E : f0ef;
2C40 : 2ddc;
2C42 : f0ef;
2C44 : 2deb;
2C46 : f0ef;
2C48 : 2dfc;
2C4A : f0ef;
2C4C : 2e0b;
2C4E : f0ef;
2C50 : 2e1c;
2C52 : f0ef;
2C54 : 2e2e;
2C56 : f0ef;
2C58 : 2e40;
2C5A : f0ef;
2C5C : 2e52;
2C5E : f0ef;
2C60 : 2e64;
2C62 : f0ef;
2C64 : 2e76;
2C66 : f0ef;
2C68 : 2e86;
2C6A : f0ef;
2C6C : 2e98;
2C6E : f0ef;
2C70 : 2ea8;
2C72 : f0ef;
2C74 : 2eb9;
2C76 : f0ef;
2C78 : 2eca;
2C7A : f0ef;
2C7C : 2edb;
2C7E : f0ef;
2C80 : 2f0b;
2C82 : f0ef;
2C84 : 2f1c;
2C86 : f0ef;
2C88 : 2eec;
2C8A : f0ef;
2C8C : 2efa;
2C8E : f0ef;
2C90 : 2f2d;
2C92 : e800;
2C94 : 2f36;
2C96 : e800;
2C98 : 2f3f;
2C9A : e800;
2C9C : 2f48;
2C9E : e800;
2CA0 : 2f51;
2CA2 : 0000;
2CA4 : 2f55;
2CA6 : 0000;
2CA8 : 2f59;
2CAA : 0000;
2CAC : 2f5d;
2CAE : 0000;
2CB0 : 2f61;
2CB2 : 0000;
2CB4 : 2f65;
2CB6 : 0000;
2CB8 : 2f69;
2CBA : 0000;
2CBC : 2f6d;
2CBE : 0000;
2CC0 : 2f71;
2CC2 : 0000;
2CC4 : 2f75;
2CC6 : 0000;
2CC8 : 2f79;
2CCA : f8f0;
2CCC : 2f84;
2CCE : f8f0;
2CD0 : 2f8f;
2CD2 : f0f0;
2CD4 : 2fa3;
2CD6 : f0f0;
2CD8 : 2fb8;
2CDA : f8f8;
2CDC : 2fc1;
2CDE : f8f8;
2CE0 : 2fca;
2CE2 : f8f8;
2CE4 : 2fd1;
2CE6 : f8f8;
2CE8 : 2fd8;
2CEA : f8f0;
2CEC : 2fe3;
2CEE : f8f0;
2CF0 : 2fee;
2CF2 : f0f0;
2CF4 : 3003;
2CF6 : f0f0;
2CF8 : 3019;
2CFA : f8f8;
2CFC : 3022;
2CFE : f8f8;
2D00 : 302b;
2D02 : f8f8;
2D04 : 3032;
2D06 : f8f8;
2D08 : 3039;
2D0A : f8f8;
2D0C : 3040;
2D0E : f8f8;
2D10 : 3047;
2D12 : f8f8;
2D14 : 304e;
2D16 : f8f8;
2D18 : 3055;
2D1A : f8f8;
2D1C : 305c;
2D1E : f8f8;
2D20 : 3067;
2D22 : f8f8;
2D24 : 306e;
2D26 : f8f8;
2D28 : 3075;
2D2A : f8f8;
2D2C : 307c;
2D2E : f8f8;
2D30 : 3083;
2D32 : f8f8;
2D34 : 308c;
2D36 : f8f8;
2D38 : 3095;
2D3A : f8f8;
2D3C : 309e;
2D3E : f8f8;
2D40 : 30a7;
2D42 : f8f8;
2D44 : 30b0;
2D46 : f8f8;
2D48 : 30b9;
2D4A : f8f8;
2D4C : 30c0;
2D4E : f8f8;
2D50 : 3146;
2D52 : f0f0;
2D54 : 315d;
2D56 : f8f8;
2D58 : 31a9;
2D5A : fefe;
2D5C : fefe;
2D5E : fefe;
2D60 : fefe;
2D62 : 8484;
2D64 : fe84;
2D66 : ff84;
2D68 : 31a9;
2D6A : fefe;
2D6C : fefe;
2D6E : 84fe;
2D70 : fefe;
2D72 : 84fe;
2D74 : fefe;
2D76 : 84fe;
2D78 : ff84;
2D7A : 31a9;
2D7C : fefe;
2D7E : fefe;
2D80 : fefe;
2D82 : fe84;
2D84 : 8484;
2D86 : fe84;
2D88 : a9ff;
2D8A : fe31;
2D8C : fefe;
2D8E : 84fe;
2D90 : fe84;
2D92 : fefe;
2D94 : fe84;
2D96 : fefe;
2D98 : ff84;
2D9A : 31a9;
2D9C : fefe;
2D9E : fefe;
2DA0 : fefe;
2DA2 : fefe;
2DA4 : 8181;
2DA6 : fe81;
2DA8 : fefe;
2DAA : ff81;
2DAC : 31a9;
2DAE : fefe;
2DB0 : fefe;
2DB2 : 81fe;
2DB4 : fe81;
2DB6 : 81fe;
2DB8 : fefe;
2DBA : 81fe;
2DBC : a9ff;
2DBE : fe31;
2DC0 : fefe;
2DC2 : 81fe;
2DC4 : fefe;
2DC6 : 81fe;
2DC8 : 8181;
2DCA : a9ff;
2DCC : fe31;
2DCE : fefe;
2DD0 : fefe;
2DD2 : fe81;
2DD4 : fefe;
2DD6 : fe81;
2DD8 : 81fe;
2DDA : ff81;
2DDC : 31a9;
2DDE : fefe;
2DE0 : fefe;
2DE2 : fefe;
2DE4 : fefe;
2DE6 : 8b8a;
2DE8 : 8f8b;
2DEA : a9ff;
2DEC : fe31;
2DEE : fe80;
2DF0 : fefe;
2DF2 : fe88;
2DF4 : fefe;
2DF6 : fe88;
2DF8 : fefe;
2DFA : ff89;
2DFC : 31a9;
2DFE : fefe;
2E00 : fefe;
2E02 : fefe;
2E04 : fefe;
2E06 : 8b8a;
2E08 : 8f8b;
2E0A : a9ff;
2E0C : fe31;
2E0E : fe80;
2E10 : fefe;
2E12 : fe88;
2E14 : fefe;
2E16 : fe88;
2E18 : fefe;
2E1A : ff89;
2E1C : 31a9;
2E1E : fefe;
2E20 : fefe;
2E22 : fefe;
2E24 : fefe;
2E26 : 83fe;
2E28 : fe83;
2E2A : 83fe;
2E2C : ff83;
2E2E : 31a9;
2E30 : fefe;
2E32 : fefe;
2E34 : fefe;
2E36 : fefe;
2E38 : 83fe;
2E3A : fe83;
2E3C : 83fe;
2E3E : ff83;
2E40 : 31a9;
2E42 : fefe;
2E44 : fefe;
2E46 : fefe;
2E48 : fefe;
2E4A : 83fe;
2E4C : fe83;
2E4E : 83fe;
2E50 : ff83;
2E52 : 31a9;
2E54 : fefe;
2E56 : fefe;
2E58 : fefe;
2E5A : fefe;
2E5C : 83fe;
2E5E : fe83;
2E60 : 83fe;
2E62 : ff83;
2E64 : 31a9;
2E66 : fefe;
2E68 : fefe;
2E6A : fefe;
2E6C : fefe;
2E6E : 8282;
2E70 : fefe;
2E72 : 82fe;
2E74 : ff82;
2E76 : 31a9;
2E78 : fefe;
2E7A : fefe;
2E7C : 82fe;
2E7E : fefe;
2E80 : 8282;
2E82 : fefe;
2E84 : ff82;
2E86 : 31a9;
2E88 : fefe;
2E8A : fefe;
2E8C : fefe;
2E8E : fefe;
2E90 : 8282;
2E92 : fefe;
2E94 : 82fe;
2E96 : ff82;
2E98 : 31a9;
2E9A : fefe;
2E9C : fefe;
2E9E : 82fe;
2EA0 : fefe;
2EA2 : 8282;
2EA4 : fefe;
2EA6 : ff82;
2EA8 : 31a9;
2EAA : fefe;
2EAC : fefe;
2EAE : fefe;
2EB0 : fefe;
2EB2 : 86fe;
2EB4 : fe86;
2EB6 : 8686;
2EB8 : a9ff;
2EBA : fe31;
2EBC : fefe;
2EBE : 86fe;
2EC0 : fefe;
2EC2 : 86fe;
2EC4 : fe86;
2EC6 : fefe;
2EC8 : ff86;
2ECA : 31a9;
2ECC : fefe;
2ECE : fefe;
2ED0 : fefe;
2ED2 : fefe;
2ED4 : 86fe;
2ED6 : fe86;
2ED8 : 8686;
2EDA : a9ff;
2EDC : fe31;
2EDE : fefe;
2EE0 : 86fe;
2EE2 : fefe;
2EE4 : 86fe;
2EE6 : fe86;
2EE8 : fefe;
2EEA : ff86;
2EEC : 31a9;
2EEE : fefe;
2EF0 : fefe;
2EF2 : 85fe;
2EF4 : fefe;
2EF6 : 8585;
2EF8 : ff85;
2EFA : 31a9;
2EFC : fefe;
2EFE : fefe;
2F00 : 85fe;
2F02 : fefe;
2F04 : 8585;
2F06 : fefe;
2F08 : 85fe;
2F0A : a9ff;
2F0C : fe31;
2F0E : fefe;
2F10 : fefe;
2F12 : fefe;
2F14 : 85fe;
2F16 : 8585;
2F18 : fefe;
2F1A : ff85;
2F1C : 31a9;
2F1E : fefe;
2F20 : fefe;
2F22 : 85fe;
2F24 : fefe;
2F26 : 85fe;
2F28 : fe85;
2F2A : 85fe;
2F2C : c9ff;
2F2E : 0a31;
2F30 : 1d25;
2F32 : 1922;
2F34 : ff0e;
2F36 : 31c9;
2F38 : 250b;
2F3A : 221d;
2F3C : 0e19;
2F3E : c9ff;
2F40 : 0c31;
2F42 : 1d25;
2F44 : 1922;
2F46 : ff0e;
2F48 : 31c9;
2F4A : 182f;
2F4C : 0f0f;
2F4E : 2f2f;
2F50 : c9ff;
2F52 : 0031;
2F54 : c9ff;
2F56 : 0131;
2F58 : c9ff;
2F5A : 0231;
2F5C : c9ff;
2F5E : 0331;
2F60 : c9ff;
2F62 : 0431;
2F64 : c9ff;
2F66 : 0531;
2F68 : c9ff;
2F6A : 0631;
2F6C : c9ff;
2F6E : 0731;
2F70 : c9ff;
2F72 : 0831;
2F74 : c9ff;
2F76 : 0931;
2F78 : d9ff;
2F7A : 2f31;
2F7C : 2f01;
2F7E : 2011;
2F80 : 3021;
2F82 : ff31;
2F84 : 31d9;
2F86 : 032f;
2F88 : 1312;
2F8A : 2322;
2F8C : 3332;
2F8E : a9ff;
2F90 : 2f31;
2F92 : fd05;
2F94 : 2f05;
2F96 : 152f;
2F98 : 1704;
2F9A : 2524;
2F9C : 2726;
2F9E : 3534;
2FA0 : 2f36;
2FA2 : a9ff;
2FA4 : 0831;
2FA6 : fd37;
2FA8 : fd37;
2FAA : 1808;
2FAC : 1419;
2FAE : 281b;
2FB0 : 2a29;
2FB2 : 602b;
2FB4 : 3670;
2FB6 : ff2f;
2FB8 : 31d9;
2FBA : fdb9;
2FBC : bab9;
2FBE : bafd;
2FC0 : d9ff;
2FC2 : 8231;
2FC4 : 82fd;
2FC6 : fd83;
2FC8 : ff83;
2FCA : 31d9;
2FCC : 0a09;
2FCE : 3b3a;
2FD0 : d9ff;
2FD2 : 0b31;
2FD4 : 7c40;
2FD6 : ff6f;
2FD8 : 31d9;
2FDA : 0f2f;
2FDC : 1f2f;
2FDE : 2c5f;
2FE0 : 3f2f;
2FE2 : d9ff;
2FE4 : 6c31;
2FE6 : 4b3c;
2FE8 : 5b4c;
2FEA : 6b5c;
2FEC : ff2f;
2FEE : 31a9;
2FF0 : 4d2f;
2FF2 : 4dfd;
2FF4 : 2f2f;
2FF6 : 5e5d;
2FF8 : 5f4e;
2FFA : 6e6d;
2FFC : 2f2f;
2FFE : fd7d;
3000 : 2f7d;
3002 : a9ff;
3004 : 0831;
3006 : fd77;
3008 : fd77;
300A : 1808;
300C : 4378;
300E : 7a53;
3010 : 507b;
3012 : 2f2f;
3014 : fd02;
3016 : 2f7d;
3018 : d9ff;
301A : b931;
301C : b9fd;
301E : fdba;
3020 : ffba;
3022 : 31d9;
3024 : fd82;
3026 : 8382;
3028 : 83fd;
302A : d9ff;
302C : 0931;
302E : 3a0a;
3030 : ff3b;
3032 : 31d9;
3034 : 400b;
3036 : 6f7c;
3038 : d9ff;
303A : dc31;
303C : e0dd;
303E : ffe1;
3040 : 31d9;
3042 : dfde;
3044 : e1e0;
3046 : d9ff;
3048 : de31;
304A : e0e2;
304C : ffe4;
304E : 31d9;
3050 : eedc;
3052 : e3e0;
3054 : d9ff;
3056 : e531;
3058 : e7e6;
305A : ffe8;
305C : 31d9;
305E : e6fd;
3060 : e5fd;
3062 : e8fd;
3064 : e7fd;
3066 : d9ff;
3068 : e931;
306A : ebea;
306C : ffec;
306E : 31d9;
3070 : eaed;
3072 : eceb;
3074 : d9ff;
3076 : f231;
3078 : f3f4;
307A : ffbf;
307C : 31d9;
307E : f2f4;
3080 : f3bf;
3082 : d9ff;
3084 : c231;
3086 : c2fd;
3088 : fdc3;
308A : ffc3;
308C : 31d9;
308E : fdc4;
3090 : c5c4;
3092 : c5fd;
3094 : d9ff;
3096 : dc31;
3098 : dcfd;
309A : fdef;
309C : ffef;
309E : 31d9;
30A0 : fdf0;
30A2 : f1f0;
30A4 : f1fd;
30A6 : d9ff;
30A8 : dc31;
30AA : f0fd;
30AC : fdf1;
30AE : ffef;
30B0 : 31d9;
30B2 : fdf0;
30B4 : efdc;
30B6 : f1fd;
30B8 : d9ff;
30BA : bd31;
30BC : bbbe;
30BE : ffbc;
30C0 : 31d9;
30C2 : bab9;
30C4 : dbda;
30C6 : cbff;
30C8 : e030;
30CA : f5f0;
30CC : c031;
30CE : c5c1;
30D0 : ccc6;
30D2 : 75cd;
30D4 : a476;
30D6 : a6a5;
30D8 : 54a7;
30DA : 5655;
30DC : 4457;
30DE : 4645;
30E0 : a047;
30E2 : a2a1;
30E4 : 9ca3;
30E6 : 9e9d;
30E8 : ff9f;
30EA : 3116;
30EC : e8f8;
30EE : 311c;
30F0 : e8f0;
30F2 : 3125;
30F4 : 0000;
30F6 : 312b;
30F8 : 0000;
30FA : 3131;
30FC : 0000;
30FE : 313a;
3100 : 0000;
3102 : 319d;
3104 : 0000;
3106 : 31a3;
3108 : 0000;
310A : 3164;
310C : f8d8;
310E : 317c;
3110 : f8e8;
3112 : 318e;
3114 : f8f0;
3116 : 322d;
3118 : 6463;
311A : ff65;
311C : 322d;
311E : 6463;
3120 : 6665;
3122 : 6867;
3124 : 2dff;
3126 : 4132;
3128 : 4141;
312A : 2dff;
312C : 4232;
312E : 4242;
3130 : 2dff;
3132 : 5232;
3134 : 5252;
3136 : 6262;
3138 : ff62;
313A : 322d;
313C : 5151;
313E : 6151;
3140 : 6161;
3142 : 7171;
3144 : ff71;
3146 : 31a9;
3148 : 2f2f;
314A : 2f2f;
314C : 2f2f;
314E : 2f2f;
3150 : 6463;
3152 : 64fd;
3154 : 63fd;
3156 : 6766;
3158 : 67fd;
315A : 66fd;
315C : d9ff;
315E : 2f31;
3160 : 632f;
3162 : ff64;
3164 : 31d9;
3166 : fd00;
3168 : 1000;
316A : 10fd;
316C : fd4f;
316E : 804f;
3170 : 80fd;
3172 : fd80;
3174 : 8180;
3176 : 81fd;
3178 : fd97;
317A : ff97;
317C : 31d9;
317E : fd98;
3180 : 9998;
3182 : 99fd;
3184 : fd80;
3186 : 9a80;
3188 : 9afd;
318A : fd9b;
318C : ff9b;
318E : 31d9;
3190 : fda8;
3192 : a9a8;
3194 : a9fd;
3196 : fdaa;
3198 : abaa;
319A : abfd;
319C : d9ff;
319E : 4131;
31A0 : 2f2f;
31A2 : d9ff;
31A4 : 5231;
31A6 : 622f;
31A8 : 00ff;
31AA : 0000;
31AC : 0008;
31AE : 0010;
31B0 : 0818;
31B2 : 0800;
31B4 : 0808;
31B6 : 0810;
31B8 : 1018;
31BA : 1000;
31BC : 1008;
31BE : 1010;
31C0 : 1818;
31C2 : 1800;
31C4 : 1808;
31C6 : 1810;
31C8 : 0018;
31CA : 0000;
31CC : 0008;
31CE : 0010;
31D0 : 0018;
31D2 : 0020;
31D4 : 0028;
31D6 : 0030;
31D8 : 0038;
31DA : 0000;
31DC : 0808;
31DE : 0800;
31E0 : 1008;
31E2 : 1000;
31E4 : 1808;
31E6 : 1800;
31E8 : 2008;
31EA : 2000;
31EC : 2808;
31EE : 2800;
31F0 : 3008;
31F2 : 3000;
31F4 : 0008;
31F6 : 0008;
31F8 : 0810;
31FA : 0808;
31FC : 1010;
31FE : 1000;
3200 : 1008;
3202 : 1010;
3204 : 1818;
3206 : 1800;
3208 : 1808;
320A : 1810;
320C : 2018;
320E : 2000;
3210 : 2008;
3212 : 2010;
3214 : 2818;
3216 : 2800;
3218 : 2808;
321A : 2810;
321C : 3018;
321E : 3000;
3220 : 3008;
3222 : 3010;
3224 : 3818;
3226 : 3800;
3228 : 3808;
322A : 3810;
322C : 0018;
322E : 0000;
3230 : 0008;
3232 : 0810;
3234 : 0800;
3236 : 0808;
3238 : 1010;
323A : 1000;
323C : 1008;
323E : 7f10;
3240 : 7f7f;
3242 : 7f7f;
3244 : 7f7f;
3246 : 7f7f;
3248 : 7c7f;
324A : 787c;
324C : 7879;
324E : ff7b;
3250 : ffff;
3252 : ffff;
3254 : ffff;
3256 : ffff;
3258 : 00ff;
325A : 0000;
325C : 00ff;
325E : ff00;
3260 : ffff;
3262 : ffff;
3264 : ffff;
3266 : ffff;
3268 : 3fff;
326A : 1f3f;
326C : 1f9f;
326E : 78df;
3270 : 787b;
3272 : 7c79;
3274 : 7f7c;
3276 : 7f7f;
3278 : 7f7f;
327A : 7f7f;
327C : 7f7f;
327E : 007f;
3280 : 0000;
3282 : 00ff;
3284 : ff00;
3286 : ffff;
3288 : ffff;
328A : ffff;
328C : ffff;
328E : 1fff;
3290 : 1fdf;
3292 : 3f9f;
3294 : ff3f;
3296 : ffff;
3298 : ffff;
329A : ffff;
329C : ffff;
329E : 78ff;
32A0 : 787a;
32A2 : 787a;
32A4 : 787a;
32A6 : 787a;
32A8 : 787a;
32AA : 787a;
32AC : 787a;
32AE : 1f7a;
32B0 : 1f5f;
32B2 : 1f5f;
32B4 : 1f5f;
32B6 : 1f5f;
32B8 : 1f5f;
32BA : 1f5f;
32BC : 1f5f;
32BE : ff5f;
32C0 : ffff;
32C2 : ffff;
32C4 : ffff;
32C6 : f8f8;
32C8 : f2f0;
32CA : f5e1;
32CC : f2e3;
32CE : ffe6;
32D0 : ffff;
32D2 : ffff;
32D4 : ffff;
32D6 : 0000;
32D8 : 0000;
32DA : ffff;
32DC : 00ff;
32DE : ff00;
32E0 : ffff;
32E2 : ffff;
32E4 : ffff;
32E6 : 1f1f;
32E8 : 4f0f;
32EA : af87;
32EC : 4fc7;
32EE : f267;
32F0 : f2e6;
32F2 : f2e6;
32F4 : f2e6;
32F6 : f2e6;
32F8 : f2e6;
32FA : f2e6;
32FC : f2e6;
32FE : 4fe6;
3300 : 4f67;
3302 : 4f67;
3304 : 4f67;
3306 : 4f67;
3308 : 4f67;
330A : 4f67;
330C : 4f67;
330E : f267;
3310 : f5e6;
3312 : f2e3;
3314 : f8e1;
3316 : fff0;
3318 : fff8;
331A : ffff;
331C : ffff;
331E : 00ff;
3320 : ff00;
3322 : 00ff;
3324 : 00ff;
3326 : ff00;
3328 : ff00;
332A : ffff;
332C : ffff;
332E : 4fff;
3330 : af67;
3332 : 4fc7;
3334 : 1f87;
3336 : ff0f;
3338 : ff1f;
333A : ffff;
333C : ffff;
333E : 78ff;
3340 : 787b;
3342 : 7c79;
3344 : 7f7c;
3346 : 7f7f;
3348 : 7c7f;
334A : 787c;
334C : 7879;
334E : 1f7b;
3350 : 1fdf;
3352 : 3f9f;
3354 : ff3f;
3356 : ffff;
3358 : 3fff;
335A : 1f3f;
335C : 1f9f;
335E : 00df;
3360 : 0000;
3362 : 00ff;
3364 : ff00;
3366 : ffff;
3368 : 00ff;
336A : 0000;
336C : 00ff;
336E : 0000;
3370 : 0000;
3372 : 007f;
3374 : 7f00;
3376 : 7f7f;
3378 : 7f7f;
337A : 7f7f;
337C : 7f7f;
337E : 787f;
3380 : 787a;
3382 : 787a;
3384 : 787a;
3386 : 787a;
3388 : 007a;
338A : 0002;
338C : 007a;
338E : 1f7a;
3390 : 1f5f;
3392 : 1f5f;
3394 : 1f5f;
3396 : 1f5f;
3398 : 005f;
339A : 0040;
339C : 005f;
339E : 005f;
33A0 : 0000;
33A2 : 00ff;
33A4 : 0000;
33A6 : 00ff;
33A8 : 00ff;
33AA : 0000;
33AC : 00ff;
33AE : 0000;
33B0 : 0000;
33B2 : 3f00;
33B4 : 3f3f;
33B6 : 303f;
33B8 : 3030;
33BA : 3330;
33BC : 3332;
33BE : 0030;
33C0 : 0000;
33C2 : ff00;
33C4 : ffff;
33C6 : 00ff;
33C8 : 0000;
33CA : ff00;
33CC : ff02;
33CE : 0020;
33D0 : 0000;
33D2 : fc00;
33D4 : fcfc;
33D6 : 0cfc;
33D8 : 0c0c;
33DA : cc0c;
33DC : cc0c;
33DE : 330c;
33E0 : 3330;
33E2 : 3330;
33E4 : 3330;
33E6 : 3330;
33E8 : 3330;
33EA : 3330;
33EC : 3332;
33EE : cc30;
33F0 : cc0c;
33F2 : cc4c;
33F4 : cc0c;
33F6 : cc0c;
33F8 : cc0c;
33FA : cc8c;
33FC : cc0c;
33FE : 330c;
3400 : 3330;
3402 : 3030;
3404 : 3030;
3406 : 3f30;
3408 : 3f3f;
340A : 003f;
340C : 0000;
340E : ff00;
3410 : ff04;
3412 : 0040;
3414 : 0000;
3416 : ff00;
3418 : ffff;
341A : 00ff;
341C : 0000;
341E : cc00;
3420 : cc0c;
3422 : 0c4c;
3424 : 0c0c;
3426 : fc0c;
3428 : fcfc;
342A : 00fc;
342C : 0000;
342E : 0000;
3430 : ff00;
3432 : ffff;
3434 : ff00;
3436 : ff02;
3438 : ff20;
343A : ff00;
343C : ff04;
343E : ff00;
3440 : ff00;
3442 : ff02;
3444 : ff40;
3446 : ff00;
3448 : ff08;
344A : ff01;
344C : ff43;
344E : ff07;
3450 : ff04;
3452 : ff40;
3454 : ff02;
3456 : ff00;
3458 : ff00;
345A : ffff;
345C : 00ff;
345E : ff00;
3460 : ff00;
3462 : ff40;
3464 : ff02;
3466 : ff00;
3468 : ff10;
346A : ff80;
346C : ffc2;
346E : fee0;
3470 : fe06;
3472 : fe46;
3474 : fe06;
3476 : fe06;
3478 : fe16;
347A : fe86;
347C : fe06;
347E : 7f06;
3480 : 7f64;
3482 : 7f60;
3484 : 7f62;
3486 : 7f60;
3488 : 7f60;
348A : 7f68;
348C : 7f62;
348E : ff60;
3490 : ff02;
3492 : ff40;
3494 : ff00;
3496 : ff00;
3498 : ff08;
349A : ff80;
349C : f01f;
349E : ff10;
34A0 : ff02;
34A2 : ff20;
34A4 : ff00;
34A6 : ff00;
34A8 : ff04;
34AA : ff00;
34AC : 00ff;
34AE : ff00;
34B0 : ff07;
34B2 : ff13;
34B4 : ff01;
34B6 : ff00;
34B8 : ff40;
34BA : ff00;
34BC : 08ff;
34BE : 0008;
34C0 : ff00;
34C2 : ffff;
34C4 : ffff;
34C6 : ff00;
34C8 : ff02;
34CA : ff20;
34CC : 00ff;
34CE : ff00;
34D0 : ffe0;
34D2 : ffc8;
34D4 : ff80;
34D6 : ff00;
34D8 : ff02;
34DA : ff00;
34DC : 08ff;
34DE : ff08;
34E0 : ff00;
34E2 : ff02;
34E4 : ff40;
34E6 : ff00;
34E8 : ff02;
34EA : ff00;
34EC : 0ff8;
34EE : f008;
34F0 : f010;
34F2 : f010;
34F4 : f010;
34F6 : f050;
34F8 : f010;
34FA : f010;
34FC : f010;
34FE : 0f10;
3500 : 0f08;
3502 : 0f0a;
3504 : 0f08;
3506 : 0f08;
3508 : 0f08;
350A : 0f08;
350C : 0f09;
350E : 0008;
3510 : 0000;
3512 : 007f;
3514 : 7f00;
3516 : 7f7f;
3518 : 7c7f;
351A : 787c;
351C : 7879;
351E : 007b;
3520 : 0000;
3522 : 00ff;
3524 : ff00;
3526 : ffff;
3528 : 3fff;
352A : 1f3f;
352C : 1f9f;
352E : 7fdf;
3530 : 7f7f;
3532 : 7f7f;
3534 : 7f7f;
3536 : 7f7f;
3538 : 007f;
353A : 0000;
353C : 007f;
353E : 0000;
3540 : 0000;
3542 : 0000;
3544 : aa00;
3546 : 00aa;
3548 : 0000;
354A : 0000;
354C : 0000;
354E : 0000;
3550 : 0000;
3552 : 0f00;
3554 : 1f0f;
3556 : 381f;
3558 : 3338;
355A : 3630;
355C : 3430;
355E : 0030;
3560 : 0000;
3562 : ff00;
3564 : ffff;
3566 : 00ff;
3568 : ff00;
356A : 0000;
356C : 0000;
356E : 0000;
3570 : 0000;
3572 : f000;
3574 : f8f0;
3576 : 1cf8;
3578 : cc1c;
357A : 6c0c;
357C : 2c0c;
357E : 340c;
3580 : 3430;
3582 : 3430;
3584 : 3430;
3586 : 3430;
3588 : 3430;
358A : 3430;
358C : 3430;
358E : 2c30;
3590 : 2c0c;
3592 : 2c0c;
3594 : 2c0c;
3596 : 2c0c;
3598 : 2c0c;
359A : 2c0c;
359C : 2c0c;
359E : 340c;
35A0 : 3630;
35A2 : 3330;
35A4 : 3830;
35A6 : 1f38;
35A8 : 0f1f;
35AA : 000f;
35AC : 0000;
35AE : 0000;
35B0 : 007b;
35B2 : 0079;
35B4 : 007c;
35B6 : 007f;
35B8 : 007f;
35BA : 0000;
35BC : 007f;
35BE : 0000;
35C0 : 00df;
35C2 : 009f;
35C4 : 003f;
35C6 : 00ff;
35C8 : 00ff;
35CA : 0000;
35CC : 00ff;
35CE : 0000;
35D0 : 0000;
35D2 : ff00;
35D4 : 0000;
35D6 : ff00;
35D8 : ffff;
35DA : 00ff;
35DC : 0000;
35DE : 2c00;
35E0 : 6c0c;
35E2 : cc0c;
35E4 : 1c0c;
35E6 : f81c;
35E8 : f0f8;
35EA : 00f0;
35EC : 0000;
35EE : 0800;
35F0 : ff08;
35F2 : ffff;
35F4 : ff02;
35F6 : ff00;
35F8 : ff20;
35FA : ff00;
35FC : ff02;
35FE : 0000;
3600 : ff00;
3602 : ffff;
3604 : ffff;
3606 : ff00;
3608 : ff02;
360A : ff20;
360C : 08ff;
360E : ff08;
3610 : ff07;
3612 : ff13;
3614 : ff01;
3616 : ff00;
3618 : ff40;
361A : ff00;
361C : 00ff;
361E : ff00;
3620 : ffe0;
3622 : ffc8;
3624 : ff80;
3626 : ff00;
3628 : ff02;
362A : ff00;
362C : 00ff;
362E : 0800;
3630 : 0808;
3632 : 0808;
3634 : 0808;
3636 : 0808;
3638 : 0808;
363A : 0808;
363C : 0808;
363E : ff08;
3640 : ff00;
3642 : ff02;
3644 : ff00;
3646 : ff20;
3648 : ff02;
364A : ff00;
364C : 08ff;
364E : f008;
3650 : ff10;
3652 : f01f;
3654 : f01f;
3656 : f01f;
3658 : f01f;
365A : ff1f;
365C : f05f;
365E : 0010;
3660 : ff00;
3662 : 00ff;
3664 : 00ff;
3666 : 00ff;
3668 : 00ff;
366A : ffff;
366C : 00ff;
366E : 0800;
3670 : ff08;
3672 : 00ff;
3674 : 00ff;
3676 : 00ff;
3678 : 00ff;
367A : ffff;
367C : 08ff;
367E : 0f08;
3680 : ff08;
3682 : 0ff8;
3684 : 0ff8;
3686 : 0ff8;
3688 : 0ff8;
368A : fff8;
368C : 0ffa;
368E : ff08;
3690 : ff07;
3692 : ff43;
3694 : ff01;
3696 : ff00;
3698 : ff00;
369A : ff80;
369C : f01f;
369E : ff10;
36A0 : ffe0;
36A2 : ffc2;
36A4 : ff80;
36A6 : ff00;
36A8 : ff22;
36AA : ff00;
36AC : 0ff8;
36AE : 0008;
36B0 : 0000;
36B2 : 0000;
36B4 : 3c00;
36B6 : 3c00;
36B8 : 0000;
36BA : 0000;
36BC : 0000;
36BE : 0000;
36C0 : 3c00;
36C2 : 4e00;
36C4 : 4e00;
36C6 : 7e00;
36C8 : 4e00;
36CA : 4e00;
36CC : 0000;
36CE : 0000;
36D0 : 7c00;
36D2 : 6600;
36D4 : 7c00;
36D6 : 6600;
36D8 : 6600;
36DA : 7c00;
36DC : 0000;
36DE : 0000;
36E0 : 3c00;
36E2 : 6600;
36E4 : 6000;
36E6 : 6000;
36E8 : 6600;
36EA : 3c00;
36EC : 0000;
36EE : dd00;
36F0 : ff44;
36F2 : ff44;
36F4 : 77ff;
36F6 : ff11;
36F8 : ff11;
36FA : ddff;
36FC : ff44;
36FE : ff44;
3700 : 77ff;
3702 : ff11;
3704 : ff11;
3706 : ddff;
3708 : ff44;
370A : ff44;
370C : 77ff;
370E : ff11;
3710 : ff11;
3712 : ddff;
3714 : ff44;
3716 : ff44;
3718 : 77ff;
371A : ff11;
371C : ff11;
371E : 00ff;
3720 : 7e00;
3722 : 1800;
3724 : 1800;
3726 : 1800;
3728 : 1800;
372A : 1800;
372C : 0000;
372E : 0000;
3730 : 6600;
3732 : 6600;
3734 : 3c00;
3736 : 1800;
3738 : 1800;
373A : 1800;
373C : 0000;
373E : ff00;
3740 : f7ff;
3742 : dd89;
3744 : ffa3;
3746 : b781;
3748 : fdc9;
374A : d783;
374C : ffa9;
374E : ff81;
3750 : ffff;
3752 : ff81;
3754 : e7bd;
3756 : e7a5;
3758 : ffa5;
375A : ffbd;
375C : ff81;
375E : ffff;
3760 : ffff;
3762 : ff81;
3764 : ff81;
3766 : ff99;
3768 : ff99;
376A : ff81;
376C : ff81;
376E : ffff;
3770 : 81ff;
3772 : bd81;
3774 : bdbd;
3776 : bdbd;
3778 : bdbd;
377A : 81bd;
377C : ff81;
377E : ffff;
3780 : 81ff;
3782 : 81ff;
3784 : 81ff;
3786 : 81ff;
3788 : 81ff;
378A : 81ff;
378C : ffff;
378E : ffff;
3790 : ffff;
3792 : c381;
3794 : df81;
3796 : df85;
3798 : ff85;
379A : ffbd;
379C : ff81;
379E : ffff;
37A0 : 81ff;
37A2 : bdff;
37A4 : a5ff;
37A6 : a5e7;
37A8 : bde7;
37AA : 81ff;
37AC : ffff;
37AE : ffff;
37B0 : 81ff;
37B2 : bd81;
37B4 : bd83;
37B6 : bd83;
37B8 : bd83;
37BA : 8183;
37BC : ffff;
37BE : edff;
37C0 : bf93;
37C2 : f5c1;
37C4 : df8b;
37C6 : fda1;
37C8 : af83;
37CA : fbd1;
37CC : df85;
37CE : fda1;
37D0 : ef83;
37D2 : bb91;
37D4 : efc5;
37D6 : bd91;
37D8 : f7c3;
37DA : df89;
37DC : ffa1;
37DE : ffff;
37E0 : dbff;
37E2 : ffa4;
37E4 : b580;
37E6 : ffca;
37E8 : dd80;
37EA : f7a2;
37EC : ff88;
37EE : ffff;
37F0 : 57ff;
37F2 : fda8;
37F4 : df02;
37F6 : 7b20;
37F8 : ee84;
37FA : bb11;
37FC : ff44;
37FE : ffff;
3800 : ff00;
3802 : ff00;
3804 : ff00;
3806 : ff00;
3808 : ff00;
380A : ff00;
380C : ff00;
380E : 0000;
3810 : 00ff;
3812 : 00ff;
3814 : 00ff;
3816 : 00ff;
3818 : 00ff;
381A : 00ff;
381C : 00ff;
381E : ffff;
3820 : ffff;
3822 : ffff;
3824 : ffff;
3826 : ffff;
3828 : ffff;
382A : ffff;
382C : ffff;
382E : ffff;
3830 : 77ff;
3832 : df89;
3834 : fb21;
3836 : af05;
3838 : fd51;
383A : d703;
383C : ff29;
383E : 00ff;
3840 : 3c00;
3842 : 6600;
3844 : 6600;
3846 : 6600;
3848 : 6600;
384A : 3c00;
384C : 0000;
384E : 0000;
3850 : 1800;
3852 : 3800;
3854 : 1800;
3856 : 1800;
3858 : 1800;
385A : 3c00;
385C : 0000;
385E : 0000;
3860 : 3c00;
3862 : 4e00;
3864 : 0e00;
3866 : 3c00;
3868 : 7000;
386A : 7e00;
386C : 0000;
386E : 0000;
3870 : 7c00;
3872 : 0e00;
3874 : 3c00;
3876 : 0e00;
3878 : 0e00;
387A : 7c00;
387C : 0000;
387E : 0000;
3880 : 3c00;
3882 : 6c00;
3884 : 4c00;
3886 : 4e00;
3888 : 7e00;
388A : 0c00;
388C : 0000;
388E : 0000;
3890 : 7c00;
3892 : 6000;
3894 : 7c00;
3896 : 0e00;
3898 : 4e00;
389A : 3c00;
389C : 0000;
389E : 0000;
38A0 : 3c00;
38A2 : 6000;
38A4 : 7c00;
38A6 : 6600;
38A8 : 6600;
38AA : 3c00;
38AC : 0000;
38AE : 0000;
38B0 : 7e00;
38B2 : 0600;
38B4 : 0c00;
38B6 : 1800;
38B8 : 3800;
38BA : 3800;
38BC : 0000;
38BE : 0000;
38C0 : 3c00;
38C2 : 4e00;
38C4 : 3c00;
38C6 : 4e00;
38C8 : 4e00;
38CA : 3c00;
38CC : 0000;
38CE : 0000;
38D0 : 3c00;
38D2 : 4e00;
38D4 : 4e00;
38D6 : 3e00;
38D8 : 0e00;
38DA : 3c00;
38DC : 0000;
38DE : 0000;
38E0 : 7c00;
38E2 : 6600;
38E4 : 6600;
38E6 : 7c00;
38E8 : 6000;
38EA : 6000;
38EC : 0000;
38EE : 0000;
38F0 : 7e00;
38F2 : 6000;
38F4 : 7c00;
38F6 : 6000;
38F8 : 6000;
38FA : 7e00;
38FC : 0000;
38FE : 0000;
3900 : 7e00;
3902 : 6000;
3904 : 6000;
3906 : 7c00;
3908 : 6000;
390A : 6000;
390C : 0000;
390E : 0000;
3910 : 3c00;
3912 : 6600;
3914 : 6600;
3916 : 6600;
3918 : 6600;
391A : 3c00;
391C : 0000;
391E : 0000;
3920 : 3c00;
3922 : 6600;
3924 : 6000;
3926 : 6e00;
3928 : 6600;
392A : 3e00;
392C : 0000;
392E : 0000;
3930 : 4600;
3932 : 6e00;
3934 : 7e00;
3936 : 5600;
3938 : 4600;
393A : 4600;
393C : 0000;
393E : 0000;
3940 : 4600;
3942 : 4600;
3944 : 4600;
3946 : 4600;
3948 : 4e00;
394A : 3c00;
394C : 0000;
394E : 0000;
3950 : 3c00;
3952 : 6000;
3954 : 3c00;
3956 : 0e00;
3958 : 4e00;
395A : 3c00;
395C : 0000;
395E : 0000;
3960 : 3c00;
3962 : 1800;
3964 : 1800;
3966 : 1800;
3968 : 1800;
396A : 3c00;
396C : 0000;
396E : 0000;
3970 : 6000;
3972 : 6000;
3974 : 6000;
3976 : 6000;
3978 : 6000;
397A : 7e00;
397C : 0000;
397E : 0000;
3980 : 4600;
3982 : 4600;
3984 : 4600;
3986 : 4600;
3988 : 2c00;
398A : 1800;
398C : 0000;
398E : 0000;
3990 : 7c00;
3992 : 6600;
3994 : 6600;
3996 : 7c00;
3998 : 6800;
399A : 6600;
399C : 0000;
399E : 0000;
39A0 : 4600;
39A2 : 6600;
39A4 : 7600;
39A6 : 5e00;
39A8 : 4e00;
39AA : 4600;
39AC : 0000;
39AE : 0000;
39B0 : 7c00;
39B2 : 4e00;
39B4 : 4e00;
39B6 : 4e00;
39B8 : 4e00;
39BA : 7c00;
39BC : 0000;
39BE : ff00;
39C0 : ffff;
39C2 : ff00;
39C4 : ff00;
39C6 : ff00;
39C8 : ff10;
39CA : ff80;
39CC : ff02;
39CE : 0000;
39D0 : ff00;
39D2 : ffff;
39D4 : ffff;
39D6 : ff00;
39D8 : ff02;
39DA : ff20;
39DC : 80ff;
39DE : 8080;
39E0 : 8080;
39E2 : 8080;
39E4 : 8080;
39E6 : 8080;
39E8 : 8080;
39EA : 8080;
39EC : 8080;
39EE : 8080;
39F0 : ff80;
39F2 : 00ff;
39F4 : 00ff;
39F6 : 00ff;
39F8 : 00ff;
39FA : ffff;
39FC : 80ff;
39FE : 8080;
3A00 : ff80;
3A02 : ffff;
3A04 : ff00;
3A06 : ff02;
3A08 : ff20;
3A0A : ff00;
3A0C : ff00;
3A0E : ff00;
3A10 : 0000;
3A12 : 0000;
3A14 : 0000;
3A16 : 0000;
3A18 : 0000;
3A1A : 0000;
3A1C : 0000;
3A1E : 0700;
3A20 : 1807;
3A22 : 211f;
3A24 : 473e;
3A26 : 5f7f;
3A28 : 397f;
3A2A : 7b30;
3A2C : fb62;
3A2E : ffb2;
3A30 : ffa0;
3A32 : 7fc2;
3A34 : 7f54;
3A36 : 3f5c;
3A38 : 7f2e;
3A3A : bf63;
3A3C : 37f8;
3A3E : 01ff;
3A40 : 0101;
3A42 : 0101;
3A44 : 0101;
3A46 : 0101;
3A48 : 0101;
3A4A : 0101;
3A4C : 8301;
3A4E : 0183;
3A50 : 0101;
3A52 : 0101;
3A54 : 0101;
3A56 : 0101;
3A58 : 0101;
3A5A : 0101;
3A5C : ff01;
3A5E : ffff;
3A60 : 01ff;
3A62 : 0101;
3A64 : 0101;
3A66 : 0101;
3A68 : 0101;
3A6A : 0101;
3A6C : 8301;
3A6E : ff83;
3A70 : d9ff;
3A72 : d987;
3A74 : d987;
3A76 : d987;
3A78 : d987;
3A7A : d987;
3A7C : d987;
3A7E : d987;
3A80 : d987;
3A82 : d987;
3A84 : d987;
3A86 : d987;
3A88 : d987;
3A8A : d987;
3A8C : ff87;
3A8E : d9ff;
3A90 : d987;
3A92 : d987;
3A94 : d987;
3A96 : d987;
3A98 : d987;
3A9A : d987;
3A9C : d987;
3A9E : 0087;
3AA0 : 0038;
3AA2 : 0038;
3AA4 : 0038;
3AA6 : 0038;
3AA8 : 0038;
3AAA : 0038;
3AAC : 0038;
3AAE : 7c38;
3AB0 : 7c00;
3AB2 : 7c00;
3AB4 : 7c00;
3AB6 : 7c00;
3AB8 : 7c00;
3ABA : 7f00;
3ABC : ff00;
3ABE : 0000;
3AC0 : 0000;
3AC2 : 0800;
3AC4 : 0800;
3AC6 : 0800;
3AC8 : 0800;
3ACA : 1c00;
3ACC : 1c00;
3ACE : 0000;
3AD0 : 0000;
3AD2 : 010e;
3AD4 : 1e1d;
3AD6 : 2a06;
3AD8 : 272a;
3ADA : 1027;
3ADC : 0c13;
3ADE : 000d;
3AE0 : c000;
3AE2 : 20c0;
3AE4 : 1020;
3AE6 : d0d0;
3AE8 : f010;
3AEA : c830;
3AEC : 08e8;
3AEE : 04e8;
3AF0 : 0307;
3AF2 : 0c03;
3AF4 : 100c;
3AF6 : 3510;
3AF8 : 2a20;
3AFA : 3f20;
3AFC : 0c3f;
3AFE : 280c;
3B00 : d8e8;
3B02 : 40c0;
3B04 : 2040;
3B06 : 5020;
3B08 : b010;
3B0A : f010;
3B0C : c0f0;
3B0E : 00c0;
3B10 : 01e0;
3B12 : 3271;
3B14 : 3442;
3B16 : 5535;
3B18 : 4f54;
3B1A : 214e;
3B1C : 1827;
3B1E : 001b;
3B20 : 8000;
3B22 : 4080;
3B24 : 2040;
3B26 : a0a0;
3B28 : e020;
3B2A : 9060;
3B2C : 08f0;
3B2E : b8c8;
3B30 : 84b8;
3B32 : 8484;
3B34 : fc84;
3B36 : 92fc;
3B38 : 9292;
3B3A : 6c92;
3B3C : ee6c;
3B3E : 07ee;
3B40 : 1f07;
3B42 : 3e18;
3B44 : 7f20;
3B46 : 7f4f;
3B48 : 705f;
3B4A : a270;
3B4C : b0a2;
3B4E : b4b0;
3B50 : 64b4;
3B52 : 3c64;
3B54 : 2e3c;
3B56 : 272e;
3B58 : 1027;
3B5A : 6c10;
3B5C : cf7c;
3B5E : 03b3;
3B60 : 0303;
3B62 : 0303;
3B64 : 0702;
3B66 : 0906;
3B68 : 1609;
3B6A : 1217;
3B6C : 0e11;
3B6E : 080f;
3B70 : 0809;
3B72 : 0f08;
3B74 : 080f;
3B76 : 0908;
3B78 : 0a09;
3B7A : 060a;
3B7C : 0e06;
3B7E : 030e;
3B80 : 0303;
3B82 : 0303;
3B84 : 1f02;
3B86 : 211e;
3B88 : 4a21;
3B8A : 4a55;
3B8C : 0a75;
3B8E : 0a35;
3B90 : 0815;
3B92 : 0f08;
3B94 : 080f;
3B96 : 0908;
3B98 : 0a09;
3B9A : 060a;
3B9C : 0e06;
3B9E : 000e;
3BA0 : 6600;
3BA2 : 6c00;
3BA4 : 7800;
3BA6 : 7800;
3BA8 : 6c00;
3BAA : 6600;
3BAC : 0000;
3BAE : 0000;
3BB0 : 4600;
3BB2 : 2c00;
3BB4 : 1800;
3BB6 : 3800;
3BB8 : 6400;
3BBA : 4200;
3BBC : 0000;
3BBE : fd00;
3BC0 : fdfd;
3BC2 : fdfd;
3BC4 : fdfd;
3BC6 : fdfd;
3BC8 : fdfd;
3BCA : fdfd;
3BCC : fdfd;
3BCE : f8fd;
3BD0 : e000;
3BD2 : c000;
3BD4 : 8000;
3BD6 : 8000;
3BD8 : 0000;
3BDA : 0000;
3BDC : 0000;
3BDE : 7f00;
3BE0 : 1f00;
3BE2 : 0f00;
3BE4 : 0700;
3BE6 : 0700;
3BE8 : 0300;
3BEA : 0300;
3BEC : 0300;
3BEE : 0000;
3BF0 : 8000;
3BF2 : 8000;
3BF4 : c000;
3BF6 : e000;
3BF8 : f800;
3BFA : ff00;
3BFC : ff00;
3BFE : 0300;
3C00 : 0700;
3C02 : 0700;
3C04 : 0f00;
3C06 : 1f00;
3C08 : 7f00;
3C0A : ff00;
3C0C : ff00;
3C0E : ff00;
3C10 : ffff;
3C12 : 00ff;
3C14 : ffff;
3C16 : 00ff;
3C18 : ffff;
3C1A : 0000;
3C1C : ffff;
3C1E : ff00;
3C20 : ff00;
3C22 : ff00;
3C24 : fe01;
3C26 : fe02;
3C28 : fc02;
3C2A : fc04;
3C2C : fc04;
3C2E : ff04;
3C30 : ff02;
3C32 : ff01;
3C34 : 0101;
3C36 : ff01;
3C38 : 0101;
3C3A : ff01;
3C3C : 0101;
3C3E : 0201;
3C40 : 0202;
3C42 : 0302;
3C44 : 0403;
3C46 : 0805;
3C48 : 1109;
3C4A : 2112;
3C4C : 4326;
3C4E : 004c;
3C50 : 0100;
3C52 : 0201;
3C54 : 0402;
3C56 : 0804;
3C58 : 1009;
3C5A : 2013;
3C5C : 2027;
3C5E : 872f;
3C60 : 0698;
3C62 : 0e39;
3C64 : 1e71;
3C66 : 3ce1;
3C68 : 3cc3;
3C6A : 78c3;
3C6C : 7887;
3C6E : 4087;
3C70 : 404f;
3C72 : 804f;
3C74 : 809f;
3C76 : 809f;
3C78 : 809f;
3C7A : 809f;
3C7C : 809f;
3C7E : f89f;
3C80 : f007;
3C82 : f00f;
3C84 : f00f;
3C86 : f00f;
3C88 : f00f;
3C8A : f00f;
3C8C : f80f;
3C8E : 4007;
3C90 : 405f;
3C92 : 204f;
3C94 : 202f;
3C96 : 1027;
3C98 : 0f11;
3C9A : 040f;
3C9C : 0704;
3C9E : 7807;
3CA0 : 7c87;
3CA2 : 3c83;
3CA4 : 1ec3;
3CA6 : 0fe1;
3CA8 : fff0;
3CAA : ffff;
3CAC : ff00;
3CAE : ffff;
3CB0 : ff00;
3CB2 : ff00;
3CB4 : 0000;
3CB6 : ff00;
3CB8 : 0000;
3CBA : ff00;
3CBC : 0000;
3CBE : 0200;
3CC0 : 0200;
3CC2 : 0200;
3CC4 : 0200;
3CC6 : 0200;
3CC8 : 0200;
3CCA : 0200;
3CCC : 0200;
3CCE : 1000;
3CD0 : 3800;
3CD2 : 7c00;
3CD4 : fe00;
3CD6 : fe00;
3CD8 : fe00;
3CDA : 7c00;
3CDC : 0000;
3CDE : 0200;
3CE0 : 0103;
3CE2 : 0201;
3CE4 : 0402;
3CE6 : 0d04;
3CE8 : 0a08;
3CEA : 0f08;
3CEC : 030f;
3CEE : 2803;
3CF0 : f0e8;
3CF2 : 30d0;
3CF4 : 0830;
3CF6 : 5408;
3CF8 : ac04;
3CFA : fc04;
3CFC : 30fc;
3CFE : 0030;
3D00 : 0300;
3D02 : 0303;
3D04 : 0303;
3D06 : 0702;
3D08 : 0906;
3D0A : 0809;
3D0C : 0b08;
3D0E : 000b;
3D10 : c000;
3D12 : c4c0;
3D14 : e8c4;
3D16 : 9068;
3D18 : a8f0;
3D1A : 48f8;
3D1C : f878;
3D1E : 00b8;
3D20 : 0700;
3D22 : 0707;
3D24 : 0707;
3D26 : 0704;
3D28 : 0b04;
3D2A : 100b;
3D2C : 1710;
3D2E : 0017;
3D30 : 8000;
3D32 : 8080;
3D34 : e080;
3D36 : 90e0;
3D38 : a8f0;
3D3A : 48f8;
3D3C : b878;
3D3E : 08b8;
3D40 : 0f08;
3D42 : 080f;
3D44 : 0f08;
3D46 : 090f;
3D48 : 0909;
3D4A : 0609;
3D4C : 0e06;
3D4E : e40e;
3D50 : 22e4;
3D52 : 2022;
3D54 : e020;
3D56 : 20e0;
3D58 : 2020;
3D5A : c020;
3D5C : e0c0;
3D5E : 18e0;
3D60 : 9818;
3D62 : 9898;
3D64 : f898;
3D66 : 9cf8;
3D68 : 3c98;
3D6A : 3c3c;
3D6C : 7e3c;
3D6E : 7f7e;
3D70 : fe00;
3D72 : 7efe;
3D74 : fe7e;
3D76 : 7eda;
3D78 : 7e5a;
3D7A : fc7e;
3D7C : f8fc;
3D7E : fef8;
3D80 : fe0e;
3D82 : 7efe;
3D84 : fe7e;
3D86 : 7eda;
3D88 : 7e5a;
3D8A : fc7e;
3D8C : f8fc;
3D8E : 80f8;
3D90 : 8380;
3D92 : 8383;
3D94 : c383;
3D96 : ef02;
3D98 : 972e;
3D9A : 4797;
3D9C : 2444;
3D9E : 0024;
3DA0 : c000;
3DA2 : c0c0;
3DA4 : c0c0;
3DA6 : e040;
3DA8 : f860;
3DAA : e4f8;
3DAC : 3424;
3DAE : 1734;
3DB0 : 1714;
3DB2 : 1714;
3DB4 : 1c14;
3DB6 : 171f;
3DB8 : 0f17;
3DBA : 1e0f;
3DBC : 001e;
3DBE : f400;
3DC0 : f824;
3DC2 : e828;
3DC4 : 3828;
3DC6 : e8f8;
3DC8 : 90e8;
3DCA : 7090;
3DCC : 7870;
3DCE : 0378;
3DD0 : 0303;
3DD2 : 0303;
3DD4 : 0f02;
3DD6 : 110e;
3DD8 : 3711;
3DDA : 7137;
3DDC : 7d52;
3DDE : c04e;
3DE0 : c0c0;
3DE2 : c0c0;
3DE4 : c040;
3DE6 : a040;
3DE8 : 10a0;
3DEA : ff10;
3DEC : cfff;
3DEE : 7f33;
3DF0 : 3f40;
3DF2 : 083f;
3DF4 : 0f08;
3DF6 : 090f;
3DF8 : 0909;
3DFA : 0609;
3DFC : 0e06;
3DFE : fc0e;
3E00 : 20fc;
3E02 : 2020;
3E04 : e020;
3E06 : 20e0;
3E08 : 2020;
3E0A : c020;
3E0C : e0c0;
3E0E : 03e0;
3E10 : 0303;
3E12 : 0303;
3E14 : 0702;
3E16 : 0906;
3E18 : 3309;
3E1A : 7733;
3E1C : 7354;
3E1E : 184c;
3E20 : d818;
3E22 : d8d8;
3E24 : f8d8;
3E26 : dc78;
3E28 : bc58;
3E2A : 3cbc;
3E2C : 7e3c;
3E2E : 097e;
3E30 : 070e;
3E32 : 0807;
3E34 : 080f;
3E36 : 090f;
3E38 : 0a0f;
3E3A : 060e;
3E3C : 0e06;
3E3E : 000e;
3E40 : 0300;
3E42 : 0303;
3E44 : 0303;
3E46 : ff02;
3E48 : c97e;
3E4A : 783f;
3E4C : 097f;
3E4E : 040f;
3E50 : 0704;
3E52 : b807;
3E54 : c0bf;
3E56 : ffff;
3E58 : 00ff;
3E5A : 0000;
3E5C : 0000;
3E5E : 0000;
3E60 : 7800;
3E62 : 7878;
3E64 : 7b78;
3E66 : 6048;
3E68 : b65f;
3E6A : 84b0;
3E6C : b884;
3E6E : 84b8;
3E70 : 8484;
3E72 : 8484;
3E74 : fa84;
3E76 : 92fa;
3E78 : 9e92;
3E7A : 679e;
3E7C : e067;
3E7E : 00e0;
3E80 : 0000;
3E82 : 7800;
3E84 : 7878;
3E86 : 7878;
3E88 : 4048;
3E8A : b47e;
3E8C : 84b0;
3E8E : 2a84;
3E90 : 2f7b;
3E92 : 2f2f;
3E94 : 2f2f;
3E96 : 2f2f;
3E98 : 2f2f;
3E9A : 7b2f;
3E9C : 3130;
3E9E : 3131;
3EA0 : 3131;
3EA2 : 2a32;
3EA4 : 2f7c;
3EA6 : 2f2f;
3EA8 : 2f2f;
3EAA : 2f2f;
3EAC : 2f2f;
3EAE : 7c2f;
3EB0 : 1c44;
3EB2 : 180c;
3EB4 : 0e1b;
3EB6 : 2a45;
3EB8 : 2f7d;
3EBA : 2f2f;
3EBC : 2f2f;
3EBE : 2f2f;
3EC0 : 2f2f;
3EC2 : 7d2f;
3EC4 : 4667;
3EC6 : 4646;
3EC8 : 4646;
3ECA : 2a68;
3ECC : 2f7b;
3ECE : 2f2f;
3ED0 : 2f2f;
3ED2 : 2f2f;
3ED4 : 2f2f;
3ED6 : 7b2f;
3ED8 : 2f2f;
3EDA : 2f2f;
3EDC : 002f;
3EDE : 2a2f;
3EE0 : 2f7c;
3EE2 : 2f2f;
3EE4 : 2f2f;
3EE6 : 2f2f;
3EE8 : 2f2f;
3EEA : 7c2f;
3EEC : 3443;
3EEE : 3434;
3EF0 : 3434;
3EF2 : 2a34;
3EF4 : 2f7d;
3EF6 : 2f2f;
3EF8 : 2f2f;
3EFA : 2f2f;
3EFC : 2f2f;
3EFE : 7d2f;
3F00 : 3130;
3F02 : 3131;
3F04 : 3131;
3F06 : 2a32;
3F08 : 2f7b;
3F0A : 2f2f;
3F0C : 2f2f;
3F0E : 2f2f;
3F10 : 2f2f;
3F12 : 7b2f;
3F14 : 1536;
3F16 : 1f0e;
3F18 : 150e;
3F1A : 2a37;
3F1C : 2f7c;
3F1E : 2f2f;
3F20 : 2f2f;
3F22 : 2f2f;
3F24 : 2f2f;
3F26 : 7c2f;
3F28 : 2f36;
3F2A : 2f2f;
3F2C : 2f2f;
3F2E : 2a37;
3F30 : 2f7d;
3F32 : 2f2f;
3F34 : 2f2f;
3F36 : 2f2f;
3F38 : 2f2f;
3F3A : 7d2f;
3F3C : 4240;
3F3E : 4242;
3F40 : 4242;
3F42 : 2a41;
3F44 : 2f7b;
3F46 : 2f2f;
3F48 : 2f2f;
3F4A : 2f2f;
3F4C : 2f2f;
3F4E : 7b2f;
3F50 : 1536;
3F52 : 1712;
3F54 : 1c0e;
3F56 : 2a37;
3F58 : 2f7c;
3F5A : 2f2f;
3F5C : 2f2f;
3F5E : 2f2f;
3F60 : 2f2f;
3F62 : 7c2f;
3F64 : 2f36;
3F66 : 2f2f;
3F68 : 2f2f;
3F6A : 2a37;
3F6C : 2f7d;
3F6E : 2f2f;
3F70 : 2f2f;
3F72 : 2f2f;
3F74 : 2f2f;
3F76 : 7d2f;
3F78 : 3433;
3F7A : 3434;
3F7C : 3434;
3F7E : 2a35;
3F80 : 2f7b;
3F82 : 2f2f;
3F84 : 2f2f;
3F86 : 2f2f;
3F88 : 2f2f;
3F8A : 7b2f;
3F8C : 382b;
3F8E : 3939;
3F90 : 3939;
3F92 : 2a3a;
3F94 : 2f7c;
3F96 : 2f2f;
3F98 : 2f2f;
3F9A : 2f2f;
3F9C : 2f2f;
3F9E : 7c2f;
3FA0 : 3b2b;
3FA2 : 2f2f;
3FA4 : 2f2f;
3FA6 : 2a3c;
3FA8 : 2f7d;
3FAA : 2f2f;
3FAC : 2f2f;
3FAE : 2f2f;
3FB0 : 2f2f;
3FB2 : 7d2f;
3FB4 : 3b2b;
3FB6 : 2f2f;
3FB8 : 2f2f;
3FBA : 2a3c;
3FBC : 2f7b;
3FBE : 2f2f;
3FC0 : 2f2f;
3FC2 : 2f2f;
3FC4 : 2f2f;
3FC6 : 7b2f;
3FC8 : 3b2b;
3FCA : 2f2f;
3FCC : 2f2f;
3FCE : 2a3c;
3FD0 : 2f7c;
3FD2 : 2f2f;
3FD4 : 2f2f;
3FD6 : 2f2f;
3FD8 : 2f2f;
3FDA : 7c2f;
3FDC : 3b2b;
3FDE : 2f2f;
3FE0 : 2f2f;
3FE2 : 2a3c;
3FE4 : 2f7d;
3FE6 : 2f2f;
3FE8 : 2f2f;
3FEA : 2f2f;
3FEC : 2f2f;
3FEE : 7d2f;
3FF0 : 3d2b;
3FF2 : 3e3e;
3FF4 : 3e3e;
3FF6 : 2a3f;
3FF8 : 2f7b;
3FFA : 2f2f;
3FFC : 2f2f;
3FFE : 2f2f;
4000 : 2f2f;
4002 : 7b2f;
4004 : 3130;
4006 : 3131;
4008 : 3131;
400A : 2a32;
400C : 2f7c;
400E : 2f2f;
4010 : 2f2f;
4012 : 2f2f;
4014 : 2f2f;
4016 : 7c2f;
4018 : 1536;
401A : 1f0e;
401C : 150e;
401E : 2a37;
4020 : 2f7d;
4022 : 2f2f;
4024 : 2f2f;
4026 : 2f2f;
4028 : 2f2f;
402A : 7d2f;
402C : 2f36;
402E : 2f2f;
4030 : 2f2f;
4032 : 2a37;
4034 : 2f7b;
4036 : 2f2f;
4038 : 2f2f;
403A : 2f2f;
403C : 2f2f;
403E : 7b2f;
4040 : 4240;
4042 : 4242;
4044 : 4242;
4046 : 2a41;
4048 : 2f7c;
404A : 2f2f;
404C : 2f2f;
404E : 2f2f;
4050 : 2f2f;
4052 : 7c2f;
4054 : 1136;
4056 : 1012;
4058 : 2f11;
405A : 2a37;
405C : 2f7d;
405E : 2f2f;
4060 : 2f2f;
4062 : 2f2f;
4064 : 2f2f;
4066 : 7d2f;
4068 : 2f36;
406A : 2f2f;
406C : 2f2f;
406E : 2a37;
4070 : 2f7b;
4072 : 2f2f;
4074 : 2f2f;
4076 : 2f2f;
4078 : 2f2f;
407A : 7b2f;
407C : 3433;
407E : 3434;
4080 : 3434;
4082 : 2a35;
4084 : 2f7c;
4086 : 2f2f;
4088 : 2f2f;
408A : 2f2f;
408C : 2f2f;
408E : 7c2f;
4090 : 8e2b;
4092 : 8e8e;
4094 : 8e8e;
4096 : 2a8e;
4098 : 2f7d;
409A : 2f2f;
409C : 2f2f;
409E : 2f2f;
40A0 : 2f2f;
40A2 : 7d2f;
40A4 : 3130;
40A6 : 3131;
40A8 : 3131;
40AA : 2a32;
40AC : 2f7b;
40AE : 2f2f;
40B0 : 2f2f;
40B2 : 2f2f;
40B4 : 2f2f;
40B6 : 7b2f;
40B8 : 1536;
40BA : 1712;
40BC : 1c0e;
40BE : 2a37;
40C0 : 2f7c;
40C2 : 2f2f;
40C4 : 2f2f;
40C6 : 2f2f;
40C8 : 2f2f;
40CA : 7c2f;
40CC : 2f36;
40CE : 022f;
40D0 : 2f05;
40D2 : 2a37;
40D4 : 2f7d;
40D6 : 2f2f;
40D8 : 2f2f;
40DA : 2f2f;
40DC : 2f2f;
40DE : 7d2f;
40E0 : 3433;
40E2 : 3434;
40E4 : 3434;
40E6 : 2a35;
40E8 : 2f7b;
40EA : 2f2f;
40EC : 2f2f;
40EE : 2f2f;
40F0 : 2f2f;
40F2 : 7b2f;
40F4 : 382b;
40F6 : 3939;
40F8 : 3939;
40FA : 2a3a;
40FC : 2f7c;
40FE : 2f2f;
4100 : 2f2f;
4102 : 2f2f;
4104 : 2f2f;
4106 : 7c2f;
4108 : 3b2b;
410A : 2f2f;
410C : 2f2f;
410E : 2a3c;
4110 : 2f7d;
4112 : 2f2f;
4114 : 2f2f;
4116 : 2f2f;
4118 : 2f2f;
411A : 7d2f;
411C : 3b2b;
411E : 2f2f;
4120 : 2f2f;
4122 : 2a3c;
4124 : 2f7b;
4126 : 2f2f;
4128 : 2f2f;
412A : 2f2f;
412C : 2f2f;
412E : 7b2f;
4130 : 3b2b;
4132 : 2f2f;
4134 : 2f2f;
4136 : 2a3c;
4138 : 2f7c;
413A : 2f2f;
413C : 2f2f;
413E : 2f2f;
4140 : 2f2f;
4142 : 7c2f;
4144 : 3b2b;
4146 : 2f2f;
4148 : 2f2f;
414A : 2a3c;
414C : 2f7d;
414E : 2f2f;
4150 : 2f2f;
4152 : 2f2f;
4154 : 2f2f;
4156 : 7d2f;
4158 : 3d2b;
415A : 3e3e;
415C : 3e3e;
415E : 003f;
4160 : 663c;
4162 : 6666;
4164 : 3c66;
4166 : 0000;
4168 : 3818;
416A : 1818;
416C : 3c18;
416E : 0000;
4170 : 4e3c;
4172 : 3c0e;
4174 : 7e70;
4176 : 0000;
4178 : 0e7c;
417A : 0e3c;
417C : 7c0e;
417E : 0000;
4180 : 6c3c;
4182 : 4e4c;
4184 : 0c7e;
4186 : 0000;
4188 : 607c;
418A : 0e7c;
418C : 3c4e;
418E : 0000;
4190 : 603c;
4192 : 667c;
4194 : 3c66;
4196 : 0000;
4198 : 067e;
419A : 180c;
419C : 3838;
419E : 0000;
41A0 : 4e3c;
41A2 : 4e3c;
41A4 : 3c4e;
41A6 : 0000;
41A8 : 4e3c;
41AA : 3e4e;
41AC : 3c0e;
41AE : 0000;
41B0 : 4e3c;
41B2 : 7e4e;
41B4 : 4e4e;
41B6 : 0000;
41B8 : 667c;
41BA : 667c;
41BC : 7c66;
41BE : 0000;
41C0 : 663c;
41C2 : 6060;
41C4 : 3c66;
41C6 : 0000;
41C8 : 4e7c;
41CA : 4e4e;
41CC : 7c4e;
41CE : 0000;
41D0 : 607e;
41D2 : 607c;
41D4 : 7e60;
41D6 : 0000;
41D8 : 607e;
41DA : 7c60;
41DC : 6060;
41DE : 0000;
41E0 : 663c;
41E2 : 6e60;
41E4 : 3e66;
41E6 : 0000;
41E8 : 4646;
41EA : 467e;
41EC : 4646;
41EE : 0000;
41F0 : 183c;
41F2 : 1818;
41F4 : 3c18;
41F6 : 0000;
41F8 : 0c1e;
41FA : 6c0c;
41FC : 386c;
41FE : 0000;
4200 : 6c66;
4202 : 7878;
4204 : 666c;
4206 : 0000;
4208 : 6060;
420A : 6060;
420C : 7e60;
420E : 0000;
4210 : 6e46;
4212 : 567e;
4214 : 4646;
4216 : 0000;
4218 : 6646;
421A : 5e76;
421C : 464e;
421E : 0000;
4220 : 663c;
4222 : 6666;
4224 : 3c66;
4226 : 0000;
4228 : 667c;
422A : 7c66;
422C : 6060;
422E : 0000;
4230 : 623c;
4232 : 6a62;
4234 : 3a64;
4236 : 0000;
4238 : 667c;
423A : 7c66;
423C : 6668;
423E : 0000;
4240 : 603c;
4242 : 0e3c;
4244 : 3c4e;
4246 : 0000;
4248 : 187e;
424A : 1818;
424C : 1818;
424E : 0000;
4250 : 4646;
4252 : 4646;
4254 : 3c4e;
4256 : 0000;
4258 : 4646;
425A : 4646;
425C : 182c;
425E : 0000;
4260 : 4646;
4262 : 7e56;
4264 : 466e;
4266 : 0000;
4268 : 2c46;
426A : 3818;
426C : 4264;
426E : 0000;
4270 : 6666;
4272 : 183c;
4274 : 1818;
4276 : 0000;
4278 : 0e7e;
427A : 381c;
427C : 7e70;
427E : 0000;
4280 : 0000;
4282 : 0000;
4284 : 6060;
4286 : 0000;
4288 : 0000;
428A : 3c3c;
428C : 0000;
428E : 0000;
4290 : 2200;
4292 : 0814;
4294 : 2214;
4296 : 0000;
4298 : 3600;
429A : 5f36;
429C : 5f49;
429E : 7f41;
42A0 : 3e41;
42A2 : 1c22;
42A4 : 0814;
42A6 : ff08;
42A8 : ffff;
42AA : c181;
42AC : c1bf;
42AE : c1bf;
42B0 : c1bf;
42B2 : 81bf;
42B4 : ffff;
42B6 : aaff;
42B8 : 00aa;
42BA : 0000;
42BC : 0000;
42BE : 0000;
42C0 : 0000;
42C2 : 0000;
42C4 : 0000;
42C6 : fe00;
42C8 : fefe;
42CA : fefe;
42CC : fefe;
42CE : fefe;
42D0 : fefe;
42D2 : fefe;
42D4 : fefe;
42D6 : 7ffe;
42D8 : 7f7f;
42DA : 7f7f;
42DC : 7f7f;
42DE : 7f7f;
42E0 : 7f7f;
42E2 : 7f7f;
42E4 : 7f7f;
42E6 : ff7f;
42E8 : ff00;
42EA : ff40;
42EC : ff02;
42EE : ff00;
42F0 : ff10;
42F2 : ff80;
42F4 : ff02;
42F6 : f000;
42F8 : ff10;
42FA : ff1f;
42FC : ff00;
42FE : ff40;
4300 : ff00;
4302 : ff02;
4304 : ff40;
4306 : 0f00;
4308 : ff08;
430A : fff8;
430C : ff00;
430E : ff02;
4310 : ff00;
4312 : ff40;
4314 : ff02;
4316 : 0000;
4318 : 0000;
431A : 0000;
431C : 0000;
431E : 0000;
4320 : 0000;
4322 : 0000;
4324 : 0000;
4326 : 0000;
4328 : 0000;
432A : 1800;
432C : 3818;
432E : 1838;
4330 : 1818;
4332 : 1818;
4334 : 3c18;
4336 : 003c;
4338 : 0000;
433A : 3c00;
433C : 4e3c;
433E : 4e4e;
4340 : 3e4e;
4342 : 0e3e;
4344 : 3c0e;
4346 : 003c;
4348 : 0000;
434A : 3c00;
434C : 4e3c;
434E : 3c4e;
4350 : 4e3c;
4352 : 4e4e;
4354 : 3c4e;
4356 : 003c;
4358 : 3800;
435A : 4438;
435C : ba44;
435E : a2ba;
4360 : baa2;
4362 : 44ba;
4364 : 3844;
4366 : c638;
4368 : e6c6;
436A : e6e6;
436C : d6e6;
436E : d6d6;
4370 : ced6;
4372 : cece;
4374 : c6ce;
4376 : c0c6;
4378 : c0c0;
437A : 00c0;
437C : db00;
437E : dddb;
4380 : d9dd;
4382 : d9d9;
4384 : d9d9;
4386 : 00d9;
4388 : 3000;
438A : 7830;
438C : 3378;
438E : b633;
4390 : b7b6;
4392 : b6b7;
4394 : b3b6;
4396 : 00b3;
4398 : 0000;
439A : 0000;
439C : cd00;
439E : 6ecd;
43A0 : ec6e;
43A2 : 0cec;
43A4 : ec0c;
43A6 : 01ec;
43A8 : 0101;
43AA : 0101;
43AC : 8f01;
43AE : d98f;
43B0 : d9d9;
43B2 : d9d9;
43B4 : cfd9;
43B6 : 80cf;
43B8 : 8080;
43BA : 8080;
43BC : 9e80;
43BE : b39e;
43C0 : b3b3;
43C2 : b3b3;
43C4 : 9eb3;
43C6 : ff9e;
43C8 : ff00;
43CA : ff00;
43CC : ef00;
43CE : ff00;
43D0 : ff00;
43D2 : ff00;
43D4 : ff00;
43D6 : ff00;
43D8 : ff00;
43DA : ff00;
43DC : e700;
43DE : e700;
43E0 : ff00;
43E2 : ff00;
43E4 : ff00;
43E6 : 0000;
43E8 : ffff;
43EA : 00ff;
43EC : 00ff;
43EE : ffff;
43F0 : 0000;
43F2 : ffff;
43F4 : ff00;
43F6 : 0000;
43F8 : ffff;
43FA : 01ff;
43FC : 02ff;
43FE : fefe;
4400 : 0402;
4402 : fcfc;
4404 : fc04;
4406 : 0004;
4408 : ffff;
440A : 80ff;
440C : 40ff;
440E : ff7f;
4410 : e040;
4412 : ff3f;
4414 : bf20;
4416 : ff60;
4418 : ff00;
441A : ff00;
441C : fe01;
441E : fe02;
4420 : fc02;
4422 : fc04;
4424 : fc04;
4426 : ff04;
4428 : ff00;
442A : ff00;
442C : 7f80;
442E : ff40;
4430 : ff40;
4432 : ff20;
4434 : bf20;
4436 : ff60;
4438 : ffff;
443A : ffff;
443C : ffff;
443E : ffff;
4440 : ffff;
4442 : 00ff;
4444 : 0000;
4446 : ff00;
4448 : ff02;
444A : ff01;
444C : ff01;
444E : ff01;
4450 : ff01;
4452 : ff01;
4454 : ff01;
4456 : 7f01;
4458 : ffc0;
445A : ff80;
445C : ff80;
445E : ff80;
4460 : ff80;
4462 : ff80;
4464 : ff80;
4466 : fe80;
4468 : fe02;
446A : ff02;
446C : fc03;
446E : f805;
4470 : f109;
4472 : e112;
4474 : c326;
4476 : 7f4c;
4478 : 7fc0;
447A : ffc0;
447C : bfc0;
447E : 9f60;
4480 : af70;
4482 : 2758;
4484 : 33dc;
4486 : ffce;
4488 : ff00;
448A : fe01;
448C : fc02;
448E : f804;
4490 : f009;
4492 : e013;
4494 : e027;
4496 : 872f;
4498 : 0698;
449A : 0e39;
449C : 1e71;
449E : 3ce1;
44A0 : 3cc3;
44A2 : 78c3;
44A4 : 7887;
44A6 : 3587;
44A8 : 32cb;
44AA : 3acd;
44AC : 79c5;
44AE : 7886;
44B0 : 7887;
44B2 : 7c87;
44B4 : 7c83;
44B6 : ff83;
44B8 : ff00;
44BA : 7f80;
44BC : 3fc0;
44BE : 9fe0;
44C0 : 4f70;
44C2 : 67b8;
44C4 : 379c;
44C6 : c0cc;
44C8 : c04f;
44CA : 804f;
44CC : 809f;
44CE : 809f;
44D0 : 809f;
44D2 : 809f;
44D4 : 809f;
44D6 : f89f;
44D8 : f007;
44DA : f00f;
44DC : f00f;
44DE : f00f;
44E0 : f00f;
44E2 : f00f;
44E4 : f80f;
44E6 : 7c07;
44E8 : 7e83;
44EA : 7e81;
44EC : 3e81;
44EE : 3fc1;
44F0 : 1fc0;
44F2 : 1fe0;
44F4 : 1fe0;
44F6 : 33e0;
44F8 : 1bce;
44FA : 09e6;
44FC : 0df7;
44FE : 0df3;
4500 : 0df3;
4502 : 0df3;
4504 : 09f3;
4506 : c0f7;
4508 : c05f;
450A : e04f;
450C : e02f;
450E : f027;
4510 : bf11;
4512 : 0c4f;
4514 : 07f4;
4516 : 78ff;
4518 : 7c87;
451A : 3c83;
451C : 1ec3;
451E : 0fe1;
4520 : fff0;
4522 : ffff;
4524 : ff00;
4526 : 0fff;
4528 : 0ff0;
452A : 0ef0;
452C : 0ef1;
452E : 06f1;
4530 : fff9;
4532 : c5ff;
4534 : ff3f;
4536 : 1bff;
4538 : 13e6;
453A : 37ee;
453C : 27cc;
453E : 4fdc;
4540 : fcb8;
4542 : fcf3;
4544 : e0a3;
4546 : feff;
4548 : fe02;
454A : bf02;
454C : 1c43;
454E : b8e5;
4550 : b149;
4552 : a152;
4554 : 4366;
4556 : ffcc;
4558 : ff00;
455A : ff00;
455C : ff00;
455E : ff00;
4560 : ff00;
4562 : ef00;
4564 : c710;
4566 : ff38;
4568 : fb00;
456A : fb04;
456C : fb04;
456E : fb04;
4570 : f104;
4572 : f10e;
4574 : f10e;
4576 : 830e;
4578 : 017c;
457A : 01fe;
457C : 01fe;
457E : 83fe;
4580 : ff7c;
4582 : 8300;
4584 : 837c;
4586 : f17c;
4588 : e00e;
458A : e01f;
458C : e01f;
458E : e01f;
4590 : e01f;
4592 : 801f;
4594 : 807f;
4596 : f77f;
4598 : eb08;
459A : f714;
459C : f708;
459E : e308;
45A0 : e31c;
45A2 : 631c;
45A4 : 019c;
45A6 : 00fe;
45A8 : 6000;
45AA : 7060;
45AC : 7870;
45AE : 7878;
45B0 : 7078;
45B2 : 6070;
45B4 : 0060;
45B6 : 0000;
45B8 : 3000;
45BA : 7030;
45BC : 3070;
45BE : 3030;
45C0 : 3030;
45C2 : 7830;
45C4 : 0078;
45C6 : e000;
45C8 : f0e0;
45CA : fbe0;
45CC : fce0;
45CE : fce0;
45D0 : fce1;
45D2 : fce1;
45D4 : fce1;
45D6 : 00e1;
45D8 : 0000;
45DA : ff00;
45DC : 0000;
45DE : 0000;
45E0 : 00ff;
45E2 : 0000;
45E4 : 0000;
45E6 : 0700;
45E8 : 0f07;
45EA : df07;
45EC : 3f07;
45EE : 3f07;
45F0 : 3f87;
45F2 : 3f87;
45F4 : 3f87;
45F6 : fc87;
45F8 : fce1;
45FA : fce1;
45FC : fce1;
45FE : fce1;
4600 : fce1;
4602 : fce1;
4604 : fce1;
4606 : 3fe1;
4608 : 3f87;
460A : 3f87;
460C : 3f87;
460E : 3f87;
4610 : 3f87;
4612 : 3f87;
4614 : 3f87;
4616 : fc87;
4618 : fce1;
461A : fce1;
461C : fce1;
461E : fce1;
4620 : ffe0;
4622 : ffe7;
4624 : e0ef;
4626 : 00ff;
4628 : 0000;
462A : 0000;
462C : 0000;
462E : 00ff;
4630 : ff00;
4632 : ffff;
4634 : 00ff;
4636 : 3fff;
4638 : 3f87;
463A : 3f87;
463C : 3f87;
463E : 3f87;
4640 : ff07;
4642 : ffe7;
4644 : 07f7;
4646 : f8ff;
4648 : e000;
464A : c000;
464C : 8000;
464E : 8000;
4650 : 0000;
4652 : 0000;
4654 : 0000;
4656 : 7f00;
4658 : 1f00;
465A : 0f00;
465C : 0700;
465E : 0700;
4660 : 0300;
4662 : 0300;
4664 : 0300;
4666 : 0000;
4668 : 8000;
466A : 8000;
466C : c000;
466E : e000;
4670 : f800;
4672 : ff00;
4674 : ff00;
4676 : 0300;
4678 : 0700;
467A : 0700;
467C : 0f00;
467E : 1f00;
4680 : 7f00;
4682 : ff00;
4684 : ff00;
4686 : 0100;
4688 : 0101;
468A : 8101;
468C : c181;
468E : c1c1;
4690 : e1c1;
4692 : f1e1;
4694 : f9f1;
4696 : fef9;
4698 : fefe;
469A : fefe;
469C : fefe;
469E : fefe;
46A0 : fefe;
46A2 : fefe;
46A4 : fefe;
46A6 : 7efe;
46A8 : 7f7e;
46AA : 7f7f;
46AC : 7f7f;
46AE : 7f7f;
46B0 : 7f7f;
46B2 : 7f7f;
46B4 : 7f7f;
46B6 : 7f7f;
46B8 : 3f7f;
46BA : 9f3f;
46BC : 8f9f;
46BE : cf8f;
46C0 : e7cf;
46C2 : f3e7;
46C4 : f7f3;
46C6 : e0f7;
46C8 : e0e0;
46CA : e0e0;
46CC : e0e0;
46CE : e0e0;
46D0 : c0e0;
46D2 : c0c0;
46D4 : 80c0;
46D6 : f080;
46D8 : f0f0;
46DA : f0f0;
46DC : f0f0;
46DE : f0f0;
46E0 : f0f0;
46E2 : f0f0;
46E4 : f0f0;
46E6 : 00f0;
46E8 : 7c00;
46EA : 477c;
46EC : 4147;
46EE : 4041;
46F0 : 4040;
46F2 : 4040;
46F4 : 7f40;
46F6 : 0040;
46F8 : 0100;
46FA : 0101;
46FC : 8101;
46FE : c181;
4700 : 41c1;
4702 : 6141;
4704 : e161;
4706 : 0061;
4708 : fe00;
470A : 06fe;
470C : 0606;
470E : 0606;
4710 : 0606;
4712 : 0606;
4714 : fe06;
4716 : 0006;
4718 : 1b00;
471A : 321b;
471C : 5932;
471E : 4c59;
4720 : 8c4c;
4722 : 868c;
4724 : ff86;
4726 : 0083;
4728 : ff00;
472A : 01ff;
472C : 0101;
472E : 8101;
4730 : 4181;
4732 : 4141;
4734 : 3f41;
4736 : 0021;
4738 : be00;
473A : 88be;
473C : 8888;
473E : 8888;
4740 : 8888;
4742 : 8088;
4744 : 8080;
4746 : 0080;
4748 : 8800;
474A : d888;
474C : a8d8;
474E : 88a8;
4750 : 8888;
4752 : 0088;
4754 : 0000;
4756 : 7f00;
4758 : 7f40;
475A : 7f40;
475C : 7f40;
475E : 7f40;
4760 : 7f40;
4762 : 7f40;
4764 : 4740;
4766 : e17f;
4768 : e161;
476A : e161;
476C : e161;
476E : e161;
4770 : c161;
4772 : c1c1;
4774 : 81c1;
4776 : fe81;
4778 : fe06;
477A : fe06;
477C : fe06;
477E : fe06;
4780 : fe06;
4782 : fe06;
4784 : 0606;
4786 : fffe;
4788 : ff83;
478A : 7f81;
478C : 7f40;
478E : 7f40;
4790 : 3f40;
4792 : 3f20;
4794 : 1020;
4796 : 1f1f;
4798 : 9f11;
479A : cf91;
479C : c7c9;
479E : e3c5;
47A0 : f363;
47A2 : f933;
47A4 : 0819;
47A6 : 80f8;
47A8 : 8080;
47AA : 8080;
47AC : 8080;
47AE : 8080;
47B0 : 8080;
47B2 : 8080;
47B4 : 8080;
47B6 : 5f80;
47B8 : 787f;
47BA : 6078;
47BC : 5060;
47BE : 5070;
47C0 : 4870;
47C2 : 4478;
47C4 : 7e7c;
47C6 : 017e;
47C8 : 0101;
47CA : 0101;
47CC : 0101;
47CE : 0101;
47D0 : 0101;
47D2 : 0101;
47D4 : 0101;
47D6 : 0601;
47D8 : 06fe;
47DA : 06fe;
47DC : 06fe;
47DE : 06fe;
47E0 : 06fe;
47E2 : 06fe;
47E4 : fefe;
47E6 : 08fe;
47E8 : 440f;
47EA : 6447;
47EC : 7267;
47EE : 5173;
47F0 : 5971;
47F2 : 4c79;
47F4 : 7e7c;
47F6 : 0c7e;
47F8 : 06fc;
47FA : 03fe;
47FC : 01ff;
47FE : 01ff;
4800 : 00ff;
4802 : 80ff;
4804 : 7fff;
4806 : 007f;
4808 : 0000;
480A : 0000;
480C : 8000;
480E : 8080;
4810 : c080;
4812 : c0c0;
4814 : e0c0;
4816 : 7ee0;
4818 : 7f7e;
481A : 7f7f;
481C : 7f7f;
481E : 7f7f;
4820 : 7f7f;
4822 : 7f7f;
4824 : 7f7f;
4826 : 007f;
4828 : 0300;
482A : 0203;
482C : 0202;
482E : 0202;
4830 : 0202;
4832 : 0202;
4834 : 0302;
4836 : 0002;
4838 : fb00;
483A : 0afb;
483C : 120a;
483E : 2212;
4840 : 2222;
4842 : 4222;
4844 : c342;
4846 : 0042;
4848 : fd00;
484A : 0dfd;
484C : 0c0d;
484E : 0c0c;
4850 : 0c0c;
4852 : 0c0c;
4854 : fc0c;
4856 : 000c;
4858 : fc00;
485A : 0cfc;
485C : 8c0c;
485E : 4c8c;
4860 : 4c4c;
4862 : 2c4c;
4864 : 3c2c;
4866 : 032c;
4868 : 0302;
486A : 0302;
486C : 0303;
486E : 0203;
4870 : 0002;
4872 : 0000;
4874 : 0000;
4876 : 8300;
4878 : 8382;
487A : 0382;
487C : 0302;
487E : 0302;
4880 : 0302;
4882 : 0302;
4884 : 0202;
4886 : fc03;
4888 : fc0c;
488A : fc0c;
488C : fc0c;
488E : fc0c;
4890 : fc0c;
4892 : fc0c;
4894 : 0c0c;
4896 : 1cfc;
4898 : 1c1c;
489A : 0c1c;
489C : 0c0c;
489E : 040c;
48A0 : 0004;
48A2 : 0000;
48A4 : 0000;
48A6 : 0200;
48A8 : 0203;
48AA : 0203;
48AC : 0203;
48AE : 0203;
48B0 : 0203;
48B2 : 0203;
48B4 : 0303;
48B6 : 0c03;
48B8 : 0cfc;
48BA : 0cfc;
48BC : 0cfc;
48BE : 0cfc;
48C0 : 0cfc;
48C2 : 0cfc;
48C4 : fcfc;
48C6 : 03fc;
48C8 : 0303;
48CA : 0303;
48CC : 0303;
48CE : 0303;
48D0 : 0303;
48D2 : 0303;
48D4 : 0303;
48D6 : fc03;
48D8 : fcfc;
48DA : fcfc;
48DC : fcfc;
48DE : fcfc;
48E0 : fcfc;
48E2 : fcfc;
48E4 : fcfc;
48E6 : fffc;
48E8 : ff00;
48EA : ff00;
48EC : ff00;
48EE : ff00;
48F0 : ff00;
48F2 : ff00;
48F4 : ff00;
48F6 : 0000;
48F8 : 00ff;
48FA : 00ff;
48FC : 00ff;
48FE : 00ff;
4900 : 00ff;
4902 : 00ff;
4904 : 00ff;
4906 : ffff;
4908 : ffff;
490A : ffff;
490C : ffff;
490E : ffff;
4910 : ffff;
4912 : ffff;
4914 : ffff;
4916 : 00ff;
4918 : 0100;
491A : 0301;
491C : 0703;
491E : 0f07;
4920 : 1f0f;
4922 : 3f1f;
4924 : 7f3f;
4926 : 007f;
4928 : ff00;
492A : 83ff;
492C : 8383;
492E : 8383;
4930 : 8383;
4932 : 8383;
4934 : ff83;
4936 : 0083;
4938 : 7f00;
493A : 207f;
493C : 1020;
493E : 0810;
4940 : 0408;
4942 : 0204;
4944 : 0102;
4946 : 0001;
4948 : f300;
494A : 32f3;
494C : 3232;
494E : 3232;
4950 : 3232;
4952 : 3232;
4954 : f332;
4956 : ff32;
4958 : ff83;
495A : ff83;
495C : ff83;
495E : ff83;
4960 : ff83;
4962 : ff83;
4964 : 8383;
4966 : 00ff;
4968 : 0000;
496A : 0100;
496C : 0301;
496E : 0703;
4970 : 0f07;
4972 : 1f0b;
4974 : 2313;
4976 : f33f;
4978 : 73b2;
497A : 3372;
497C : 1333;
497E : 0213;
4980 : 0002;
4982 : 0000;
4984 : 0000;
4986 : 8300;
4988 : 83ff;
498A : 83ff;
498C : 83ff;
498E : 83ff;
4990 : 83ff;
4992 : 83ff;
4994 : ffff;
4996 : 43ff;
4998 : 237f;
499A : 133f;
499C : 0b1f;
499E : 070f;
49A0 : 0307;
49A2 : 0103;
49A4 : 0001;
49A6 : 0000;
49A8 : 0000;
49AA : 0000;
49AC : 0000;
49AE : 0000;
49B0 : 1000;
49B2 : 3010;
49B4 : 7030;
49B6 : 0070;
49B8 : 7800;
49BA : 9c78;
49BC : 1c9c;
49BE : 781c;
49C0 : e078;
49C2 : fce0;
49C4 : 00fc;
49C6 : ff00;
49C8 : 0000;
49CA : 0000;
49CC : 0000;
49CE : 0000;
49D0 : 0000;
49D2 : 0000;
49D4 : 0000;
49D6 : 1b00;
49D8 : 1b1b;
49DA : 091b;
49DC : 0009;
49DE : 0000;
49E0 : 0000;
49E2 : 0000;
49E4 : 0000;
49E6 : 0000;
49E8 : 0000;
49EA : 0000;
49EC : 0000;
49EE : 6000;
49F0 : 6060;
49F2 : 2060;
49F4 : 0020;
49F6 : 1b00;
49F8 : 1b1b;
49FA : 091b;
49FC : 0009;
49FE : 0000;
4A00 : 6000;
4A02 : 6060;
4A04 : 0060;
4A06 : 2f00;
4A08 : 2f2f;
4A0A : 2f2f;
4A0C : 2f2f;
4A0E : 2f2f;
4A10 : 2f2f;
4A12 : 2f2f;
4A14 : 2f2f;
4A16 : 2f2f;
4A18 : 2f2f;
4A1A : 9b2f;
4A1C : 161d;
4A1E : 0a2f;
4A20 : 0d17;
4A22 : 332f;
4A24 : 0901;
4A26 : 0708;
4A28 : 0e2f;
4A2A : 1815;
4A2C : 101b;
4A2E : 2f9c;
4A30 : 0e1d;
4A32 : 1b1d;
4A34 : 1c12;
4A36 : 152f;
4A38 : 0c12;
4A3A : 170e;
4A3C : 0e1c;
4A3E : 2f0d;
4A40 : 181d;
4A42 : 2f2f;
4A44 : 2f2f;
4A46 : 0b2f;
4A48 : 151e;
4A4A : 0e15;
4A4C : 251d;
4A4E : 1b19;
4A50 : 1818;
4A52 : 2f0f;
4A54 : 2f2f;
4A56 : 2f2f;
4A58 : 2f2f;
4A5A : 1c2f;
4A5C : 0f18;
4A5E : 201d;
4A60 : 1b0a;
4A62 : 2f0e;
4A64 : 170a;
4A66 : 2f0d;
4A68 : 2f2f;
4A6A : 2f2f;
4A6C : 2f2f;
4A6E : 1e1c;
4A70 : 250b;
4A72 : 1215;
4A74 : 0e0c;
4A76 : 1c17;
4A78 : 0d0e;
4A7A : 1d2f;
4A7C : 2f18;
4A7E : 2f2f;
4A80 : 2f2f;
4A82 : 2f2f;
4A84 : 172f;
4A86 : 1712;
4A88 : 0e1d;
4A8A : 0d17;
4A8C : 2418;
4A8E : 2f2f;
4A90 : 2f2f;
4A92 : 2f2f;
4A94 : 2f2f;
4A96 : 2f2f;
4A98 : 2f2f;
4A9A : 2f2f;
4A9C : 2f2f;
4A9E : 2f2f;
4AA0 : 2f2f;
4AA2 : 2f2f;
4AA4 : 2f2f;
4AA6 : 2f2f;
4AA8 : 0133;
4AAA : 0809;
4AAC : 2f09;
4AAE : 1e0b;
4AB0 : 1515;
4AB2 : 1d0e;
4AB4 : 1925;
4AB6 : 181b;
4AB8 : 0f18;
4ABA : 2f2f;
4ABC : 2f2f;
4ABE : 2f2f;
4AC0 : 1c2f;
4AC2 : 0f18;
4AC4 : 201d;
4AC6 : 1b0a;
4AC8 : 240e;
4ACA : 2f2f;
4ACC : 2f2f;
4ACE : 2f2f;
4AD0 : 2f2f;
4AD2 : 3033;
4AD4 : 3231;
4AD6 : 2f31;
4AD8 : 3534;
4ADA : 3736;
4ADC : 3938;
4ADE : 2f2f;
4AE0 : 2f2f;
4AE2 : 2f2f;
4AE4 : 2f2f;
4AE6 : 2f2f;
4AE8 : 2f2f;
4AEA : 2f2f;
4AEC : 2f2f;
4AEE : 2f2f;
4AF0 : 2f2f;
4AF2 : 2f2f;
4AF4 : 2f2f;
4AF6 : 0a2f;
4AF8 : 1515;
4AFA : 1b2f;
4AFC : 1012;
4AFE : 1d11;
4B00 : 2f1c;
4B02 : 0e1b;
4B04 : 0e1c;
4B06 : 1f1b;
4B08 : 0d0e;
4B0A : 2f24;
4B0C : 2f2f;
4B0E : 2f2f;
4B10 : 2f2f;
4B12 : 2f2f;
4B14 : 2f2f;
4B16 : 2f2f;
4B18 : 2f2f;
4B1A : 2f2f;
4B1C : 2f2f;
4B1E : 2f2f;
4B20 : 182f;
4B22 : 121b;
4B24 : 1210;
4B26 : 0a17;
4B28 : 2f15;
4B2A : 180c;
4B2C : 0c17;
4B2E : 190e;
4B30 : 9c1d;
4B32 : 2f2f;
4B34 : 0e0d;
4B36 : 121c;
4B38 : 1710;
4B3A : 0a2f;
4B3C : 0d17;
4B3E : 192f;
4B40 : 181b;
4B42 : 1b10;
4B44 : 160a;
4B46 : 0b2f;
4B48 : 2f22;
4B4A : 150a;
4B4C : 210e;
4B4E : 220e;
4B50 : 192f;
4B52 : 230a;
4B54 : 1211;
4B56 : 171d;
4B58 : 1f18;
4B5A : 2f9d;
4B5C : 2f2f;
4B5E : 2f2f;
4B60 : 2f2f;
4B62 : 2f2f;
4B64 : 2f2f;
4B66 : 2f2f;
4B68 : 2f2f;
4B6A : 2f2f;
4B6C : 2f2f;
4B6E : 8e2f;
4B70 : 8e8e;
4B72 : 8e8e;
4B74 : 8e8e;
4B76 : 8e8e;
4B78 : 8e8e;
4B7A : 8e8e;
4B7C : 8e8e;
4B7E : 8e8e;
4B80 : 8e8e;
4B82 : 5a8e;
4B84 : 5b5b;
4B86 : 5b5b;
4B88 : 5b5b;
4B8A : 5b5b;
4B8C : 5b5b;
4B8E : 5b5b;
4B90 : 5b5b;
4B92 : 5b5b;
4B94 : 5b5b;
4B96 : 5d5c;
4B98 : 8180;
4B9A : 8382;
4B9C : 9190;
4B9E : 8192;
4BA0 : 8382;
4BA2 : 6c90;
4BA4 : 6e6d;
4BA6 : 706f;
4BA8 : 7271;
4BAA : 5d5e;
4BAC : 8584;
4BAE : 8786;
4BB0 : 9493;
4BB2 : 8595;
4BB4 : 8786;
4BB6 : 7393;
4BB8 : 7574;
4BBA : 7776;
4BBC : 2f78;
4BBE : 5d5e;
4BC0 : 882f;
4BC2 : 2f89;
4BC4 : 9796;
4BC6 : 8898;
4BC8 : 2f89;
4BCA : 7996;
4BCC : 7b7a;
4BCE : 7d7c;
4BD0 : 2f7e;
4BD2 : 5d5e;
4BD4 : 8a2f;
4BD6 : 2f8b;
4BD8 : 8f8e;
4BDA : 8a6b;
4BDC : 2f8b;
4BDE : 7f8e;
4BE0 : 6766;
4BE2 : 6968;
4BE4 : 2f6a;
4BE6 : 5f5e;
4BE8 : 6060;
4BEA : 6060;
4BEC : 6060;
4BEE : 6060;
4BF0 : 6060;
4BF2 : 6060;
4BF4 : 6060;
4BF6 : 6060;
4BF8 : 6060;
4BFA : 8e61;
4BFC : 3c3c;
4BFE : 3c3c;
4C00 : 3c3c;
4C02 : 3c3c;
4C04 : 3c3c;
4C06 : 3c3c;
4C08 : 3d3c;
4C0A : 3c3e;
4C0C : 3c3c;
4C0E : 8e8e;
4C10 : 8c8c;
4C12 : 6362;
4C14 : 8c8c;
4C16 : 8c3a;
4C18 : 8c8c;
4C1A : 8c8c;
4C1C : 423a;
4C1E : 3b43;
4C20 : 8c8c;
4C22 : 8e8e;
4C24 : 8c3a;
4C26 : 6564;
4C28 : 8c8c;
4C2A : 8c8c;
4C2C : 8c3b;
4C2E : 8c8c;
4C30 : 448c;
4C32 : 8c45;
4C34 : 8c8c;
4C36 : 8e8e;
4C38 : 8c8c;
4C3A : 8c8c;
4C3C : 8c8c;
4C3E : 8c8c;
4C40 : 8c8c;
4C42 : 8c8c;
4C44 : 4746;
4C46 : 4948;
4C48 : 403f;
4C4A : 8e8e;
4C4C : 8c8c;
4C4E : 8c8c;
4C50 : 8c3a;
4C52 : 8c8c;
4C54 : 538c;
4C56 : 8c54;
4C58 : 4b4a;
4C5A : 4d4c;
4C5C : 4342;
4C5E : 8e8e;
4C60 : 8c8c;
4C62 : 8c8c;
4C64 : 8c8c;
4C66 : 8c8c;
4C68 : 5554;
4C6A : 5756;
4C6C : 4f4e;
4C6E : 5150;
4C70 : 4552;
4C72 : 418e;
4C74 : 4141;
4C76 : 4141;
4C78 : 4141;
4C7A : 4141;
4C7C : 4141;
4C7E : 4141;
4C80 : 4141;
4C82 : 4141;
4C84 : 4141;
4C86 : 2f41;
4C88 : 592f;
4C8A : 1519;
4C8C : 220a;
4C8E : 1b0e;
4C90 : 2f2f;
4C92 : 992f;
4C94 : 1519;
4C96 : 220a;
4C98 : 1b0e;
4C9A : 2f2f;
4C9C : 9a2f;
4C9E : 9a9a;
4CA0 : 9a9a;
4CA2 : 9a9a;
4CA4 : 2f2f;
4CA6 : 9a2f;
4CA8 : 9a9a;
4CAA : 9a9a;
4CAC : 9a9a;
4CAE : 2f2f;
4CB0 : 2f2f;
4CB2 : 332f;
4CB4 : 3130;
4CB6 : 3132;
4CB8 : 342f;
4CBA : 3635;
4CBC : 3837;
4CBE : 2f39;
4CC0 : 2f2f;
4CC2 : 2f2f;
4CC4 : 2f2f;
4CC6 : 2f2f;
4CC8 : 2f2f;
4CCA : 2f2f;
4CCC : 2f2f;
4CCE : 2f2f;
4CD0 : 2f2f;
4CD2 : 2f2f;
4CD4 : 2f2f;
4CD6 : 472f;
4CD8 : 4848;
4CDA : 4848;
4CDC : 4848;
4CDE : 4848;
4CE0 : 4848;
4CE2 : 4848;
4CE4 : 4848;
4CE6 : 4848;
4CE8 : 4848;
4CEA : 4a49;
4CEC : 2c2c;
4CEE : 2c2c;
4CF0 : 2c2c;
4CF2 : 2c2c;
4CF4 : 2c2c;
4CF6 : 2c2c;
4CF8 : 2c2c;
4CFA : 2c2c;
4CFC : 2c2c;
4CFE : 4a4b;
4D00 : 2c2c;
4D02 : 502c;
4D04 : 5151;
4D06 : 5151;
4D08 : 5151;
4D0A : 5151;
4D0C : 5251;
4D0E : 2c2c;
4D10 : 2c2c;
4D12 : 4a4b;
4D14 : 2c2c;
4D16 : 532c;
4D18 : 0a10;
4D1A : 0e16;
4D1C : 1d2f;
4D1E : 1922;
4D20 : 540e;
4D22 : 2c2c;
4D24 : 2c2c;
4D26 : 4a4b;
4D28 : 552c;
4D2A : 6d56;
4D2C : 5858;
4D2E : 5858;
4D30 : a958;
4D32 : 5858;
4D34 : 6e58;
4D36 : 5656;
4D38 : 2c5a;
4D3A : 4a4b;
4D3C : 5b2c;
4D3E : 7778;
4D40 : 7f7e;
4D42 : 9b9a;
4D44 : aa2f;
4D46 : 7779;
4D48 : 7f7e;
4D4A : 9b9a;
4D4C : 2c5c;
4D4E : 4a4b;
4D50 : 2d2c;
4D52 : 4f4f;
4D54 : 4f4f;
4D56 : 4f4f;
4D58 : ac4f;
4D5A : 4f4f;
4D5C : 4f4f;
4D5E : 4f4f;
4D60 : 2c2e;
4D62 : 4a4b;
4D64 : 2c2c;
4D66 : 2c2c;
4D68 : 2c2c;
4D6A : 2c2c;
4D6C : 2c2c;
4D6E : 2c2c;
4D70 : 2c2c;
4D72 : 2c2c;
4D74 : 2c2c;
4D76 : 4a4b;
4D78 : 2c2c;
4D7A : 2c2c;
4D7C : 2c2c;
4D7E : 2c2c;
4D80 : 2c2c;
4D82 : 2c2c;
4D84 : 2c2c;
4D86 : 2c2c;
4D88 : 2c2c;
4D8A : 4a4b;
4D8C : 2c2c;
4D8E : 502c;
4D90 : 5151;
4D92 : 5151;
4D94 : 5151;
4D96 : 5151;
4D98 : 5151;
4D9A : 2c52;
4D9C : 2c2c;
4D9E : 4a4b;
4DA0 : 2c2c;
4DA2 : 532c;
4DA4 : 1e16;
4DA6 : 121c;
4DA8 : 2f0c;
4DAA : 221d;
4DAC : 0e19;
4DAE : 2c54;
4DB0 : 2c2c;
4DB2 : 4a4b;
4DB4 : 552c;
4DB6 : 6d56;
4DB8 : 5858;
4DBA : 5858;
4DBC : a958;
4DBE : 5858;
4DC0 : 5858;
4DC2 : 566e;
4DC4 : 2c5a;
4DC6 : 4a4b;
4DC8 : 5b2c;
4DCA : 7778;
4DCC : 7f7e;
4DCE : 9b9a;
4DD0 : aa2f;
4DD2 : 7779;
4DD4 : 7f7e;
4DD6 : 9b9a;
4DD8 : 2c5c;
4DDA : 4a4b;
4DDC : 712c;
4DDE : 7272;
4DE0 : 7272;
4DE2 : 7272;
4DE4 : ab72;
4DE6 : 7272;
4DE8 : 7272;
4DEA : 7272;
4DEC : 2c74;
4DEE : 4a4b;
4DF0 : 5b2c;
4DF2 : 777a;
4DF4 : 7f7e;
4DF6 : 9b9a;
4DF8 : aa2f;
4DFA : 9d2f;
4DFC : 9c9c;
4DFE : 2f2f;
4E00 : 2c5c;
4E02 : 4a4b;
4E04 : 2d2c;
4E06 : 4f4f;
4E08 : 4f4f;
4E0A : 4f4f;
4E0C : ac4f;
4E0E : 4f4f;
4E10 : 4f4f;
4E12 : 4f4f;
4E14 : 2c2e;
4E16 : 4a4b;
4E18 : 2c2c;
4E1A : 2c2c;
4E1C : 2c2c;
4E1E : 2c2c;
4E20 : 2c2c;
4E22 : 2c2c;
4E24 : 2c2c;
4E26 : 2c2c;
4E28 : 2c2c;
4E2A : 4c4b;
4E2C : 4d4d;
4E2E : 4d4d;
4E30 : 4d4d;
4E32 : 4d4d;
4E34 : 4d4d;
4E36 : 4d4d;
4E38 : 4d4d;
4E3A : 4d4d;
4E3C : 4d4d;
4E3E : 474e;
4E40 : 4848;
4E42 : 4848;
4E44 : 4848;
4E46 : 4848;
4E48 : 4848;
4E4A : 4848;
4E4C : 4848;
4E4E : 4848;
4E50 : 4848;
4E52 : 4a49;
4E54 : 0a2f;
4E56 : 1d25;
4E58 : 1922;
4E5A : 2f0e;
4E5C : 2c2c;
4E5E : 2c2c;
4E60 : 2c2c;
4E62 : 2c2c;
4E64 : 2c2c;
4E66 : 4a4b;
4E68 : 2c2c;
4E6A : 2c2c;
4E6C : 2c2c;
4E6E : 2c2c;
4E70 : 2c2c;
4E72 : 2c2c;
4E74 : 2c2c;
4E76 : 2c2c;
4E78 : 2c2c;
4E7A : 4a4b;
4E7C : 2c2c;
4E7E : 2c2c;
4E80 : 502c;
4E82 : 5151;
4E84 : 5151;
4E86 : 5251;
4E88 : 2c2c;
4E8A : 2c2c;
4E8C : 2c2c;
4E8E : 4a4b;
4E90 : 2c2c;
4E92 : 2c2c;
4E94 : 532c;
4E96 : 0e15;
4E98 : 0e1f;
4E9A : 5415;
4E9C : 2c2c;
4E9E : 2c2c;
4EA0 : 2c2c;
4EA2 : 4a4b;
4EA4 : 2c2c;
4EA6 : 552c;
4EA8 : 5756;
4EAA : 6c58;
4EAC : 6c58;
4EAE : 5958;
4EB0 : 5a56;
4EB2 : 2c2c;
4EB4 : 2c2c;
4EB6 : 4a4b;
4EB8 : 2c2c;
4EBA : 5b2c;
4EBC : 6f90;
4EBE : 6f91;
4EC0 : 6f92;
4EC2 : 6f93;
4EC4 : 5c94;
4EC6 : 2c2c;
4EC8 : 2c2c;
4ECA : 4a4b;
4ECC : 2c2c;
4ECE : 712c;
4ED0 : 7372;
4ED2 : 7372;
4ED4 : 7372;
4ED6 : 7372;
4ED8 : 7472;
4EDA : 2c2c;
4EDC : 2c2c;
4EDE : 4a4b;
4EE0 : 2c2c;
4EE2 : 5b2c;
4EE4 : 6f95;
4EE6 : 6f96;
4EE8 : 6f97;
4EEA : 6f98;
4EEC : 5c99;
4EEE : 2c2c;
4EF0 : 2c2c;
4EF2 : 4a4b;
4EF4 : 2c2c;
4EF6 : 2d2c;
4EF8 : 6b4f;
4EFA : 6b4f;
4EFC : 6b4f;
4EFE : 6b4f;
4F00 : 2e4f;
4F02 : 2c2c;
4F04 : 2c2c;
4F06 : 4a4b;
4F08 : 2c2c;
4F0A : 502c;
4F0C : 5151;
4F0E : 5151;
4F10 : 5151;
4F12 : 5151;
4F14 : 5251;
4F16 : 2c2c;
4F18 : 2c2c;
4F1A : 4a4b;
4F1C : 2c2c;
4F1E : 532c;
4F20 : 181d;
4F22 : 2519;
4F24 : 0c1c;
4F26 : 1b18;
4F28 : 540e;
4F2A : 2c2c;
4F2C : 2c2c;
4F2E : 4a4b;
4F30 : 5655;
4F32 : 6d70;
4F34 : 5858;
4F36 : 5858;
4F38 : 5858;
4F3A : 5858;
4F3C : 6e58;
4F3E : 5656;
4F40 : 5a56;
4F42 : 4a4b;
4F44 : 015b;
4F46 : 606f;
4F48 : 6060;
4F4A : 6060;
4F4C : 2f60;
4F4E : 602f;
4F50 : 6060;
4F52 : 6060;
4F54 : 5c60;
4F56 : 4a4b;
4F58 : 025b;
4F5A : 606f;
4F5C : 6060;
4F5E : 6060;
4F60 : 2f60;
4F62 : 602f;
4F64 : 6060;
4F66 : 6060;
4F68 : 5c60;
4F6A : 4a4b;
4F6C : 035b;
4F6E : 606f;
4F70 : 6060;
4F72 : 6060;
4F74 : 2f60;
4F76 : 602f;
4F78 : 6060;
4F7A : 6060;
4F7C : 5c60;
4F7E : 4a4b;
4F80 : 4f2d;
4F82 : 4f6b;
4F84 : 4f4f;
4F86 : 4f4f;
4F88 : 4f4f;
4F8A : 4f4f;
4F8C : 4f4f;
4F8E : 4f4f;
4F90 : 2e4f;
4F92 : 4c4b;
4F94 : 4d4d;
4F96 : 4d4d;
4F98 : 4d4d;
4F9A : 4d4d;
4F9C : 4d4d;
4F9E : 4d4d;
4FA0 : 4d4d;
4FA2 : 4d4d;
4FA4 : 4d4d;
4FA6 : 474e;
4FA8 : 4848;
4FAA : 4848;
4FAC : 4848;
4FAE : 4848;
4FB0 : 4848;
4FB2 : 4848;
4FB4 : 4848;
4FB6 : 4848;
4FB8 : 4848;
4FBA : 4a49;
4FBC : 0b2f;
4FBE : 1d25;
4FC0 : 1922;
4FC2 : 2f0e;
4FC4 : 2c2c;
4FC6 : 2c2c;
4FC8 : 2c2c;
4FCA : 2c2c;
4FCC : 2c2c;
4FCE : 4a4b;
4FD0 : 2c2c;
4FD2 : 2c2c;
4FD4 : 2c2c;
4FD6 : 2c2c;
4FD8 : 2c2c;
4FDA : 2c2c;
4FDC : 2c2c;
4FDE : 2c2c;
4FE0 : 2c2c;
4FE2 : 4a4b;
4FE4 : 2c2c;
4FE6 : 5150;
4FE8 : 5151;
4FEA : 5151;
4FEC : 2c52;
4FEE : 502c;
4FF0 : 5151;
4FF2 : 5151;
4FF4 : 2c52;
4FF6 : 4a4b;
4FF8 : 2c2c;
4FFA : 1553;
4FFC : 1f0e;
4FFE : 150e;
5000 : 2c54;
5002 : 532c;
5004 : 1211;
5006 : 1110;
5008 : 2c54;
500A : 4a4b;
500C : 5655;
500E : 5857;
5010 : 586c;
5012 : 586c;
5014 : 5659;
5016 : 755a;
5018 : 6c58;
501A : 6c58;
501C : 5a6e;
501E : 4a4b;
5020 : 905b;
5022 : 916f;
5024 : 926f;
5026 : 936f;
5028 : 946f;
502A : 5b5c;
502C : 6f90;
502E : 6f91;
5030 : 5c92;
5032 : 4a4b;
5034 : 7271;
5036 : 7273;
5038 : 7273;
503A : 7273;
503C : 7273;
503E : 7174;
5040 : 7372;
5042 : 7372;
5044 : 7472;
5046 : 4a4b;
5048 : 955b;
504A : 966f;
504C : 976f;
504E : 986f;
5050 : 996f;
5052 : 5b5c;
5054 : 6f93;
5056 : 6f94;
5058 : 5c95;
505A : 4a4b;
505C : 4f2d;
505E : 4f6b;
5060 : 4f6b;
5062 : 4f6b;
5064 : 4f6b;
5066 : 2d2e;
5068 : 6b4f;
506A : 6b4f;
506C : 2e4f;
506E : 4a4b;
5070 : 2c2c;
5072 : 502c;
5074 : 5151;
5076 : 5151;
5078 : 5151;
507A : 5151;
507C : 5251;
507E : 2c2c;
5080 : 2c2c;
5082 : 4a4b;
5084 : 2c2c;
5086 : 532c;
5088 : 181d;
508A : 2519;
508C : 0c1c;
508E : 1b18;
5090 : 540e;
5092 : 2c2c;
5094 : 2c2c;
5096 : 4a4b;
5098 : 5655;
509A : 6d70;
509C : 5858;
509E : 5858;
50A0 : 5858;
50A2 : 5858;
50A4 : 6e58;
50A6 : 5656;
50A8 : 5a56;
50AA : 4a4b;
50AC : 015b;
50AE : 606f;
50B0 : 6060;
50B2 : 6060;
50B4 : 2f60;
50B6 : 602f;
50B8 : 6060;
50BA : 6060;
50BC : 5c60;
50BE : 4a4b;
50C0 : 025b;
50C2 : 606f;
50C4 : 6060;
50C6 : 6060;
50C8 : 2f60;
50CA : 602f;
50CC : 6060;
50CE : 6060;
50D0 : 5c60;
50D2 : 4a4b;
50D4 : 035b;
50D6 : 606f;
50D8 : 6060;
50DA : 6060;
50DC : 2f60;
50DE : 602f;
50E0 : 6060;
50E2 : 6060;
50E4 : 5c60;
50E6 : 4a4b;
50E8 : 4f2d;
50EA : 4f6b;
50EC : 4f4f;
50EE : 4f4f;
50F0 : 4f4f;
50F2 : 4f4f;
50F4 : 4f4f;
50F6 : 4f4f;
50F8 : 2e4f;
50FA : 4c4b;
50FC : 4d4d;
50FE : 4d4d;
5100 : 4d4d;
5102 : 4d4d;
5104 : 4d4d;
5106 : 4d4d;
5108 : 4d4d;
510A : 4d4d;
510C : 4d4d;
510E : cd4e;
5110 : cdcd;
5112 : cdcd;
5114 : cdcd;
5116 : cdcd;
5118 : 8ccd;
511A : cac9;
511C : 8c8c;
511E : 8c8c;
5120 : 8c8c;
5122 : 8c8c;
5124 : cccb;
5126 : 8c8c;
5128 : 8c8c;
512A : 8c8c;
512C : d7ce;
512E : d7d7;
5130 : d7d7;
5132 : d7d7;
5134 : d7d7;
5136 : 2fcf;
5138 : 2f2f;
513A : 2f2f;
513C : 2f2f;
513E : 2f2f;
5140 : 2fd0;
5142 : 2f2f;
5144 : 2f2f;
5146 : 2f2f;
5148 : d12f;
514A : 2fd2;
514C : 2f2f;
514E : 2f2f;
5150 : 2f2f;
5152 : d32f;
5154 : 7cd4;
5156 : 7c7c;
5158 : 7c7c;
515A : 2f7c;
515C : d52f;
515E : 7dd6;
5160 : 7d7d;
5162 : 2f7d;
5164 : 2f2f;
5166 : d82f;
5168 : 7b2f;
516A : 7b7b;
516C : 2f7b;
516E : 2f2f;
5170 : d82f;
5172 : 7c2f;
5174 : 7c7c;
5176 : 2f7c;
5178 : 2f2f;
517A : d82f;
517C : 2f2f;
517E : 2f2f;
5180 : 2f2f;
5182 : 2f2f;
5184 : d82f;
5186 : 2f2f;
5188 : 2f2f;
518A : 2f2f;
518C : 7c2f;
518E : 7c7c;
5190 : 2f7c;
5192 : 2f2f;
5194 : 2f2f;
5196 : 2f2f;
5198 : 2f2f;
519A : 7d7c;
519C : 2f7d;
519E : 2f2f;
51A0 : 2f2f;
51A2 : 2f2f;
51A4 : 2f7d;
51A6 : 2f2f;
51A8 : 2fd9;
51AA : 2f2f;
51AC : 2f2f;
51AE : b77b;
51B0 : d9b8;
51B2 : 2fb7;
51B4 : 7c7c;
51B6 : 7c7c;
51B8 : 7d7c;
51BA : 7d7d;
51BC : 7d7d;
51BE : 7d7d;
51C0 : 7d7d;
51C2 : ff7d;
51C4 : 4a4a;
51C6 : 4a4a;
51C8 : 4a4a;
51CA : 6959;
51CC : 6969;
51CE : 6969;
51D0 : 4969;
51D2 : 4a4a;
51D4 : 4a4a;
51D6 : 4a4a;
51D8 : 5a5a;
51DA : 5a5a;
51DC : 5a5a;
51DE : 8585;
51E0 : 8585;
51E2 : 8585;
51E4 : 8585;
51E6 : 5a5a;
51E8 : 3938;
51EA : 5a38;
51EC : 6a6a;
51EE : 6a6a;
51F0 : 6a6a;
51F2 : 6a6a;
51F4 : 6a6a;
51F6 : 6a6a;
51F8 : 6a6a;
51FA : 6a6a;
51FC : 6a6a;
51FE : 6a6a;
5200 : 0707;
5202 : 0707;
5204 : 0707;
5206 : 0707;
5208 : 0707;
520A : 0707;
520C : 0707;
520E : 0707;
5210 : 0707;
5212 : 0707;
5214 : 4847;
5216 : 4848;
5218 : 4848;
521A : 4848;
521C : 4848;
521E : 4848;
5220 : 4848;
5222 : 4848;
5224 : 4848;
5226 : 4948;
5228 : 2c4a;
522A : 2c2c;
522C : 2c2c;
522E : 2c2c;
5230 : 2c2c;
5232 : 2c2c;
5234 : 2c2c;
5236 : 2c2c;
5238 : 2c2c;
523A : 4b2c;
523C : 2c4a;
523E : 162c;
5240 : 1b0a;
5242 : 1812;
5244 : 1f2f;
5246 : 241c;
5248 : 1e15;
524A : 1012;
524C : 2c12;
524E : 4b2c;
5250 : 2c4a;
5252 : 2c2c;
5254 : 2c2c;
5256 : 2c2c;
5258 : 2c2c;
525A : 5150;
525C : 5151;
525E : 5251;
5260 : 2c2c;
5262 : 4b2c;
5264 : 2c4a;
5266 : 2c2c;
5268 : 2c2c;
526A : 2c2c;
526C : 2c2c;
526E : 1153;
5270 : 1012;
5272 : 5411;
5274 : 2c2c;
5276 : 4b2c;
5278 : 2c4a;
527A : 552c;
527C : 5656;
527E : 2c5a;
5280 : 2c2c;
5282 : 5875;
5284 : 586c;
5286 : 6e6c;
5288 : 2c5a;
528A : 4b2c;
528C : 2c4a;
528E : 5b2c;
5290 : 2f2f;
5292 : 2c5c;
5294 : 2c2c;
5296 : 905b;
5298 : 916f;
529A : 926f;
529C : 2c5c;
529E : 4b2c;
52A0 : 2c4a;
52A2 : 5b2c;
52A4 : 2f2f;
52A6 : 2c5c;
52A8 : 2c2c;
52AA : 7271;
52AC : 7273;
52AE : 7273;
52B0 : 2c74;
52B2 : 4b2c;
52B4 : 2c4a;
52B6 : 2d2c;
52B8 : 4f4f;
52BA : 2c2e;
52BC : 2c2c;
52BE : 935b;
52C0 : 946f;
52C2 : 956f;
52C4 : 2c5c;
52C6 : 4b2c;
52C8 : 2c4a;
52CA : 162c;
52CC : 1b0a;
52CE : 1812;
52D0 : 2c2c;
52D2 : 4f2d;
52D4 : 4f6b;
52D6 : 4f6b;
52D8 : 2c2e;
52DA : 4b2c;
52DC : 2c4a;
52DE : 2c2c;
52E0 : 2c2c;
52E2 : 2c2c;
52E4 : 2c2c;
52E6 : 5150;
52E8 : 5151;
52EA : 5251;
52EC : 2c2c;
52EE : 4b2c;
52F0 : 2c4a;
52F2 : 2c2c;
52F4 : 2c2c;
52F6 : 2c2c;
52F8 : 2c2c;
52FA : 1153;
52FC : 1012;
52FE : 5411;
5300 : 2c2c;
5302 : 4b2c;
5304 : 2c4a;
5306 : 552c;
5308 : 5656;
530A : 2c5a;
530C : 2c2c;
530E : 5875;
5310 : 586c;
5312 : 6e6c;
5314 : 2c5a;
5316 : 4b2c;
5318 : 2c4a;
531A : 5b2c;
531C : 2f2f;
531E : 2c5c;
5320 : 2c2c;
5322 : 905b;
5324 : 916f;
5326 : 926f;
5328 : 2c5c;
532A : 4b2c;
532C : 2c4a;
532E : 5b2c;
5330 : 2f2f;
5332 : 2c5c;
5334 : 2c2c;
5336 : 7271;
5338 : 7273;
533A : 7273;
533C : 2c74;
533E : 4b2c;
5340 : 2c4a;
5342 : 2d2c;
5344 : 4f4f;
5346 : 2c2e;
5348 : 2c2c;
534A : 935b;
534C : 946f;
534E : 956f;
5350 : 2c5c;
5352 : 4b2c;
5354 : 2c4a;
5356 : 152c;
5358 : 121e;
535A : 1210;
535C : 2c2c;
535E : 4f2d;
5360 : 4f6b;
5362 : 4f6b;
5364 : 2c2e;
5366 : 4b2c;
5368 : 4d4c;
536A : 4d4d;
536C : 4d4d;
536E : 4d4d;
5370 : 4d4d;
5372 : 4d4d;
5374 : 4d4d;
5376 : 4d4d;
5378 : 4d4d;
537A : 4e4d;
537C : b28e;
537E : 2f2f;
5380 : 2f2f;
5382 : 2f2f;
5384 : 2f2f;
5386 : 2f2f;
5388 : 30b3;
538A : 3131;
538C : 3131;
538E : 3231;
5390 : b08e;
5392 : 2f2f;
5394 : 2f2f;
5396 : 2f2f;
5398 : 2f2f;
539A : 2f2f;
539C : 36b5;
539E : 2f2f;
53A0 : 2f2f;
53A2 : 372f;
53A4 : b08e;
53A6 : 2f2f;
53A8 : 2f2f;
53AA : 2f2f;
53AC : 2f2f;
53AE : 2f2f;
53B0 : 36b5;
53B2 : 2f2f;
53B4 : 2f2f;
53B6 : 372f;
53B8 : b08e;
53BA : 2f2f;
53BC : 2f2f;
53BE : 2f2f;
53C0 : 2f2f;
53C2 : 2f2f;
53C4 : 40b5;
53C6 : 4242;
53C8 : 4242;
53CA : 4142;
53CC : b08e;
53CE : 2f2f;
53D0 : 2f2f;
53D2 : 2f2f;
53D4 : 2f2f;
53D6 : 2f2f;
53D8 : 36b5;
53DA : 1211;
53DC : 1110;
53DE : 372f;
53E0 : b08e;
53E2 : 2f2f;
53E4 : 2f2f;
53E6 : 2f2f;
53E8 : 2f2f;
53EA : 2f2f;
53EC : 36b5;
53EE : 2f2f;
53F0 : 2f2f;
53F2 : 372f;
53F4 : b08e;
53F6 : 2f2f;
53F8 : 2f2f;
53FA : 2f2f;
53FC : 2f2f;
53FE : 2f2f;
5400 : 33b5;
5402 : 3434;
5404 : 3434;
5406 : 3534;
5408 : b08e;
540A : 2f2f;
540C : 2f2f;
540E : 2f2f;
5410 : 2f2f;
5412 : 2f2f;
5414 : 2bb5;
5416 : 8e8e;
5418 : 8e8e;
541A : 8e8e;
541C : b08e;
541E : 2f2f;
5420 : 2f2f;
5422 : 2f2f;
5424 : 2f2f;
5426 : 2f2f;
5428 : 30b5;
542A : 3131;
542C : 3131;
542E : 3231;
5430 : b08e;
5432 : 2f2f;
5434 : 2f2f;
5436 : 2f2f;
5438 : 2f2f;
543A : 2f2f;
543C : 36b5;
543E : 1215;
5440 : 0e17;
5442 : 371c;
5444 : b08e;
5446 : 2f2f;
5448 : 2f2f;
544A : 2f2f;
544C : 2f2f;
544E : 2f2f;
5450 : 36b5;
5452 : 2f2f;
5454 : 2f2f;
5456 : 372f;
5458 : b08e;
545A : 2f2f;
545C : 2f2f;
545E : 2f2f;
5460 : 2f2f;
5462 : 2f2f;
5464 : 33b5;
5466 : 3434;
5468 : 3434;
546A : 3534;
546C : b08e;
546E : 2f2f;
5470 : 2f2f;
5472 : 2f2f;
5474 : 2f2f;
5476 : 2f2f;
5478 : 2bb5;
547A : 3938;
547C : 3939;
547E : 3a39;
5480 : b08e;
5482 : 2f2f;
5484 : 2f2f;
5486 : 2f2f;
5488 : 2f2f;
548A : 2f2f;
548C : 2bb5;
548E : 2f3b;
5490 : 2f2f;
5492 : 3c2f;
5494 : b08e;
5496 : 2f2f;
5498 : 2f2f;
549A : 2f2f;
549C : 2f2f;
549E : 2f2f;
54A0 : 2bb5;
54A2 : 2f3b;
54A4 : 2f2f;
54A6 : 3c2f;
54A8 : b08e;
54AA : 2f2f;
54AC : 2f2f;
54AE : 2f2f;
54B0 : 2f2f;
54B2 : 2f2f;
54B4 : 2bb5;
54B6 : 2f3b;
54B8 : 2f2f;
54BA : 3c2f;
54BC : b08e;
54BE : 2f2f;
54C0 : 2f2f;
54C2 : 2f2f;
54C4 : 2f2f;
54C6 : 2f2f;
54C8 : 2bb5;
54CA : 2f3b;
54CC : 2f2f;
54CE : 3c2f;
54D0 : b18e;
54D2 : 2f2f;
54D4 : 2f2f;
54D6 : 2f2f;
54D8 : 2f2f;
54DA : 2f2f;
54DC : 2bb4;
54DE : 3e3d;
54E0 : 3e3e;
54E2 : 3f3e;
54E4 : 0707;
54E6 : 0707;
54E8 : 0707;
54EA : 8784;
54EC : 8c87;
54EE : 8787;
54F0 : 878c;
54F2 : 8c87;
54F4 : 8787;
54F6 : 0786;
54F8 : 1e07;
54FA : 1e1e;
54FC : 1e1e;
54FE : 2f79;
5500 : 8d2f;
5502 : 2f2f;
5504 : 2f8d;
5506 : 8d2f;
5508 : 2f2f;
550A : 0788;
550C : b407;
550E : bbb5;
5510 : bc2e;
5512 : 2f79;
5514 : 8d2f;
5516 : 2f2f;
5518 : 2f8d;
551A : 8d2f;
551C : 2f2f;
551E : 0788;
5520 : bf07;
5522 : bfbf;
5524 : bfbf;
5526 : 8a89;
5528 : 8e8a;
552A : 8a8a;
552C : 8a8e;
552E : 8e8a;
5530 : 8a8a;
5532 : 078b;
5534 : 0606;
5536 : 0606;
5538 : 0606;
553A : 0606;
553C : 0606;
553E : 0606;
5540 : 0606;
5542 : 0606;
5544 : 0606;
5546 : 0606;
5548 : 1616;
554A : 1616;
554C : 1616;
554E : 1616;
5550 : 1616;
5552 : 1616;
5554 : 1616;
5556 : 1616;
5558 : 1616;
555A : 1616;
555C : 0707;
555E : 0707;
5560 : 0707;
5562 : 8784;
5564 : 8c87;
5566 : 8787;
5568 : 878c;
556A : 8c87;
556C : 8787;
556E : 0786;
5570 : 1e07;
5572 : 1e1e;
5574 : 1e1e;
5576 : 2f79;
5578 : 8d2f;
557A : 2f2f;
557C : 2f8d;
557E : 8d2f;
5580 : 2f2f;
5582 : 0788;
5584 : bd07;
5586 : 2eb2;
5588 : 2ebe;
558A : 2f79;
558C : 8d2f;
558E : 2f2f;
5590 : 2f8d;
5592 : 8d2f;
5594 : 2f2f;
5596 : 0788;
5598 : bf07;
559A : bfbf;
559C : bfbf;
559E : 8a89;
55A0 : 8e8a;
55A2 : 8a8a;
55A4 : 8a8e;
55A6 : 8e8a;
55A8 : 8a8a;
55AA : 078b;
55AC : 0101;
55AE : 0101;
55B0 : 0101;
55B2 : 0202;
55B4 : 0303;
55B6 : 0101;
55B8 : 0101;
55BA : 0202;
55BC : 0000;
55BE : 0000;
55C0 : 0000;
55C2 : 0000;
55C4 : 0707;
55C6 : 1f18;
55C8 : 3e21;
55CA : 7f47;
55CC : fef2;
55CE : 1e12;
55D0 : 1e12;
55D2 : 1e12;
55D4 : 7e7e;
55D6 : 83ff;
55D8 : 81ff;
55DA : ffff;
55DC : 0000;
55DE : 0000;
55E0 : 0000;
55E2 : 0000;
55E4 : 0707;
55E6 : 1f18;
55E8 : 3e21;
55EA : 7f47;
55EC : fc04;
55EE : fe02;
55F0 : fe02;
55F2 : fd07;
55F4 : fd07;
55F6 : ff1f;
55F8 : ffff;
55FA : faff;
55FC : 0000;
55FE : 0000;
5600 : 0000;
5602 : 0000;
5604 : 0000;
5606 : 0000;
5608 : 0707;
560A : 1f18;
560C : ffff;
560E : 1177;
5610 : 11ff;
5612 : ffff;
5614 : 44dd;
5616 : 44ff;
5618 : ffff;
561A : 1177;
561C : ffff;
561E : ffff;
5620 : ffff;
5622 : ffff;
5624 : ffff;
5626 : ffff;
5628 : ffff;
562A : ffff;
562C : 0000;
562E : 0303;
5630 : 0405;
5632 : 0303;
5634 : 0000;
5636 : 1818;
5638 : 242c;
563A : 1a1a;
563C : 0808;
563E : 4040;
5640 : 0707;
5642 : 1f18;
5644 : bfa0;
5646 : 3f3b;
5648 : 447c;
564A : 447c;
564C : 1010;
564E : 0202;
5650 : e0e0;
5652 : f818;
5654 : fd05;
5656 : fc8c;
5658 : 4878;
565A : 746c;
565C : 0000;
565E : 0707;
5660 : 1f18;
5662 : 3f20;
5664 : 3f30;
5666 : 1d1f;
5668 : 223e;
566A : 223e;
566C : 8080;
566E : 8080;
5670 : 8080;
5672 : 8080;
5674 : 0000;
5676 : c0c0;
5678 : e0e0;
567A : e0e0;
567C : 0000;
567E : 7c7c;
5680 : 6666;
5682 : 6666;
5684 : 7c7c;
5686 : 6060;
5688 : 6060;
568A : 0000;
568C : 0000;
568E : 3c3c;
5690 : 6060;
5692 : 3c3c;
5694 : 0e0e;
5696 : 4e4e;
5698 : 3c3c;
569A : 0000;
569C : 0707;
569E : 181f;
56A0 : 203e;
56A2 : 4f7f;
56A4 : 5f7f;
56A6 : 7070;
56A8 : a2a2;
56AA : b0b0;
56AC : 0404;
56AE : 0407;
56B0 : 0404;
56B2 : 0d04;
56B4 : 0d04;
56B6 : 0404;
56B8 : 0404;
56BA : 0203;
56BC : 7f5f;
56BE : 3039;
56C0 : 627b;
56C2 : b2fb;
56C4 : a0ff;
56C6 : c2ff;
56C8 : 547f;
56CA : 5c7f;
56CC : 0000;
56CE : 0000;
56D0 : 0000;
56D2 : 0303;
56D4 : 0404;
56D6 : 0808;
56D8 : 0909;
56DA : 0404;
56DC : 7f5f;
56DE : 3039;
56E0 : 627b;
56E2 : b2fb;
56E4 : a0ff;
56E6 : c2ff;
56E8 : 547f;
56EA : 5c7f;
56EC : f818;
56EE : fc04;
56F0 : fe02;
56F2 : fe02;
56F4 : fd07;
56F6 : fd07;
56F8 : ffff;
56FA : faff;
56FC : 3f20;
56FE : 7f40;
5700 : 7f40;
5702 : bfe0;
5704 : bfe0;
5706 : fff8;
5708 : 7f7f;
570A : 5f7f;
570C : 11ff;
570E : ffff;
5710 : 44dd;
5712 : 44ff;
5714 : ffff;
5716 : 1177;
5718 : 11ff;
571A : ffff;
571C : 0000;
571E : 0000;
5720 : 0000;
5722 : 0000;
5724 : 0000;
5726 : 0000;
5728 : 8080;
572A : 40c0;
572C : 0000;
572E : 0000;
5730 : 0000;
5732 : 0404;
5734 : 0808;
5736 : 141c;
5738 : 1414;
573A : 0808;
573C : 1f18;
573E : 3f20;
5740 : 7f40;
5742 : 7f40;
5744 : bfe0;
5746 : bfe0;
5748 : 7f7f;
574A : 5f7f;
574C : 44dd;
574E : 44ff;
5750 : ffff;
5752 : 1177;
5754 : 11ff;
5756 : ffff;
5758 : 44dd;
575A : 44ff;
575C : 0000;
575E : 0000;
5760 : 0000;
5762 : 2020;
5764 : 1010;
5766 : 2838;
5768 : 2828;
576A : 9090;
576C : 0000;
576E : 4646;
5770 : 4646;
5772 : 7e7e;
5774 : 4646;
5776 : 4646;
5778 : 4646;
577A : 0000;
577C : 0000;
577E : 7e7e;
5780 : 1818;
5782 : 1818;
5784 : 1818;
5786 : 1818;
5788 : 1818;
578A : 0000;
578C : ffff;
578E : ffff;
5790 : ffff;
5792 : ffff;
5794 : ffff;
5796 : ffff;
5798 : 0000;
579A : ee00;
579C : b4b4;
579E : 6464;
57A0 : 3c3c;
57A2 : 2e2e;
57A4 : 2727;
57A6 : 7070;
57A8 : 9cfc;
57AA : 9ff7;
57AC : 0000;
57AE : 0000;
57B0 : 0000;
57B2 : 0101;
57B4 : 0101;
57B6 : 0202;
57B8 : 0202;
57BA : 0202;
57BC : 2e3f;
57BE : 637f;
57C0 : 98ff;
57C2 : 1ff7;
57C4 : 1cf7;
57C6 : d7f7;
57C8 : 3f34;
57CA : bfac;
57CC : 0303;
57CE : 0101;
57D0 : 0101;
57D2 : 0000;
57D4 : 0000;
57D6 : 0606;
57D8 : 0505;
57DA : 0707;
57DC : aeff;
57DE : 23ff;
57E0 : 18ff;
57E2 : 9ff7;
57E4 : 9cf7;
57E6 : 5777;
57E8 : 3f34;
57EA : 7f6c;
57EC : 0000;
57EE : 0000;
57F0 : 0000;
57F2 : 0101;
57F4 : 0101;
57F6 : 0202;
57F8 : 0202;
57FA : 0202;
57FC : 2f3f;
57FE : 7c7f;
5800 : 9cf7;
5802 : 1ff3;
5804 : 1ff0;
5806 : dff0;
5808 : 3f30;
580A : bfa0;
580C : f4ff;
580E : 3eff;
5810 : 38ef;
5812 : f8cf;
5814 : fb0f;
5816 : fa0e;
5818 : fc0c;
581A : fc04;
581C : 20e0;
581E : 20e0;
5820 : 20e0;
5822 : 40c0;
5824 : 8080;
5826 : 0000;
5828 : 0000;
582A : 0000;
582C : 0000;
582E : 0000;
5830 : 0000;
5832 : 0000;
5834 : 0101;
5836 : 0101;
5838 : 0202;
583A : 0202;
583C : 2f3f;
583E : 3c3f;
5840 : 5c77;
5842 : 9ff3;
5844 : 1ff0;
5846 : 1ff0;
5848 : fff0;
584A : 3f20;
584C : f4ff;
584E : 3eff;
5850 : 38ef;
5852 : f9cf;
5854 : fa0e;
5856 : fa0e;
5858 : fc0c;
585A : fc04;
585C : 40c0;
585E : 40c0;
5860 : 40c0;
5862 : 8080;
5864 : 0000;
5866 : 0000;
5868 : 0000;
586A : 0000;
586C : 1cf7;
586E : 34f7;
5870 : bff7;
5872 : 7f6c;
5874 : 1f10;
5876 : 5f50;
5878 : 3f32;
587A : fff1;
587C : 0000;
587E : 4646;
5880 : 4646;
5882 : 5656;
5884 : 7e7e;
5886 : 6e6e;
5888 : 4646;
588A : 0000;
588C : 0000;
588E : 3c3c;
5890 : 1818;
5892 : 1818;
5894 : 1818;
5896 : 1818;
5898 : 3c3c;
589A : 0000;
589C : 0000;
589E : 0000;
58A0 : 0000;
58A2 : 0000;
58A4 : 0000;
58A6 : 0000;
58A8 : 0000;
58AA : 0000;
58AC : 0202;
58AE : 0101;
58B0 : 0000;
58B2 : 0000;
58B4 : 0000;
58B6 : 0000;
58B8 : 0000;
58BA : 0000;
58BC : 7f40;
58BE : ffc0;
58C0 : 3f20;
58C2 : 3f22;
58C4 : 1f11;
58C6 : 7e72;
58C8 : bfbf;
58CA : ffff;
58CC : 0707;
58CE : 0706;
58D0 : 0706;
58D2 : 0706;
58D4 : 0707;
58D6 : 0000;
58D8 : 0000;
58DA : 0000;
58DC : ffc0;
58DE : ff00;
58E0 : ff00;
58E2 : ff02;
58E4 : ffff;
58E6 : 0000;
58E8 : 0000;
58EA : 0000;
58EC : 0202;
58EE : 0101;
58F0 : 0000;
58F2 : 0000;
58F4 : 0000;
58F6 : 0000;
58F8 : 0000;
58FA : 0000;
58FC : 7f40;
58FE : ffc0;
5900 : 3f20;
5902 : 3f20;
5904 : 1f11;
5906 : 7e72;
5908 : ffff;
590A : ffff;
590C : fe02;
590E : fe02;
5910 : fc04;
5912 : fc04;
5914 : f888;
5916 : 7e4e;
5918 : ffff;
591A : ffff;
591C : 0000;
591E : 0000;
5920 : 8080;
5922 : 4040;
5924 : 0000;
5926 : 0000;
5928 : 0000;
592A : 0707;
592C : 0000;
592E : 0000;
5930 : 00ff;
5932 : 02fd;
5934 : 32cd;
5936 : f609;
5938 : f708;
593A : ff00;
593C : 0000;
593E : 0000;
5940 : 00ff;
5942 : 00ff;
5944 : 00ff;
5946 : 03fc;
5948 : 33cc;
594A : f708;
594C : 447c;
594E : 3f3f;
5950 : 1f10;
5952 : 1f10;
5954 : 1f12;
5956 : 1f19;
5958 : 3f3f;
595A : 3e3e;
595C : f2ce;
595E : da8e;
5960 : f909;
5962 : f909;
5964 : fe4e;
5966 : f898;
5968 : fcfc;
596A : 7c7c;
596C : 0707;
596E : 181f;
5970 : 203e;
5972 : 4f7f;
5974 : 5f7f;
5976 : 7070;
5978 : a2a2;
597A : b0b0;
597C : 0000;
597E : 4646;
5980 : 6666;
5982 : 7676;
5984 : 5e5e;
5986 : 4e4e;
5988 : 4646;
598A : 0000;
598C : 0000;
598E : 1818;
5990 : 1818;
5992 : 1818;
5994 : 1818;
5996 : 0000;
5998 : 1818;
599A : 0000;
599C : 1e12;
599E : 1e12;
59A0 : 1e12;
59A2 : 1e12;
59A4 : 7e7e;
59A6 : 83bf;
59A8 : 81ff;
59AA : ffff;
59AC : 0000;
59AE : e0e0;
59B0 : f818;
59B2 : fc04;
59B4 : fc0c;
59B6 : c8f8;
59B8 : 342c;
59BA : 322e;
59BC : 0000;
59BE : 4646;
59C0 : 4646;
59C2 : 4646;
59C4 : 4646;
59C6 : 2c2c;
59C8 : 1818;
59CA : 0000;
59CC : 0000;
59CE : 3636;
59D0 : 495f;
59D2 : 415f;
59D4 : 417f;
59D6 : 223e;
59D8 : 141c;
59DA : 0808;
59DC : 02fe;
59DE : 05fd;
59E0 : 05fd;
59E2 : 1fff;
59E4 : fcff;
59E6 : feff;
59E8 : 38ef;
59EA : 39ef;
59EC : 0400;
59EE : 0400;
59F0 : 0400;
59F2 : 0501;
59F4 : 0501;
59F6 : 0703;
59F8 : 0606;
59FA : 0c0c;
59FC : c0ca;
59FE : c0c8;
5A00 : c0ca;
5A02 : 8088;
5A04 : 8788;
5A06 : 0008;
5A08 : 000a;
5A0A : 0008;
5A0C : 136f;
5A0E : 132f;
5A10 : 136f;
5A12 : 112f;
5A14 : d12d;
5A16 : 102c;
5A18 : 106c;
5A1A : 102c;
5A1C : 20a0;
5A1E : 20a0;
5A20 : 20a0;
5A22 : a0a0;
5A24 : a0a0;
5A26 : e0e0;
5A28 : 6060;
5A2A : 3030;
5A2C : a808;
5A2E : 1808;
5A30 : a808;
5A32 : 4808;
5A34 : a808;
5A36 : 1808;
5A38 : a808;
5A3A : 4808;
5A3C : fe00;
5A3E : ff00;
5A40 : ff7f;
5A42 : c17f;
5A44 : c17f;
5A46 : eb7f;
5A48 : c17f;
5A4A : ff01;
5A4C : 0000;
5A4E : 0000;
5A50 : 0000;
5A52 : 00ff;
5A54 : 0000;
5A56 : 00ff;
5A58 : 0000;
5A5A : 00ff;
5A5C : 1010;
5A5E : 0b0b;
5A60 : 0407;
5A62 : 0407;
5A64 : 0203;
5A66 : 0101;
5A68 : 0000;
5A6A : 0000;
5A6C : b4b4;
5A6E : e4e4;
5A70 : bcbc;
5A72 : 6eee;
5A74 : 27e7;
5A76 : 10f0;
5A78 : 9cfc;
5A7A : 5f77;
5A7C : 0000;
5A7E : 0000;
5A80 : 0707;
5A82 : 181f;
5A84 : 203f;
5A86 : 407f;
5A88 : 407f;
5A8A : 407f;
5A8C : 0000;
5A8E : 0000;
5A90 : 0000;
5A92 : 8080;
5A94 : 40c0;
5A96 : 40c0;
5A98 : 40c0;
5A9A : 8080;
5A9C : 0302;
5A9E : 0405;
5AA0 : 0407;
5AA2 : 0704;
5AA4 : 0704;
5AA6 : 0604;
5AA8 : 0504;
5AAA : 0704;
5AAC : face;
5AAE : fc0c;
5AB0 : f808;
5AB2 : f808;
5AB4 : f808;
5AB6 : f808;
5AB8 : f808;
5ABA : f888;
5ABC : 3c00;
5ABE : 7e00;
5AC0 : 6710;
5AC2 : c324;
5AC4 : c324;
5AC6 : c324;
5AC8 : c324;
5ACA : c334;
5ACC : 3c00;
5ACE : 6600;
5AD0 : e700;
5AD2 : c32c;
5AD4 : c33c;
5AD6 : c33c;
5AD8 : 423c;
5ADA : 6618;
5ADC : 0000;
5ADE : 0000;
5AE0 : 0000;
5AE2 : 2020;
5AE4 : 9090;
5AE6 : a8b8;
5AE8 : a8a8;
5AEA : 1010;
5AEC : 100a;
5AEE : 0806;
5AF0 : 0402;
5AF2 : 0400;
5AF4 : 0400;
5AF6 : 0400;
5AF8 : 0400;
5AFA : 0400;
5AFC : 5017;
5AFE : 6028;
5B00 : 602a;
5B02 : 6028;
5B04 : 602a;
5B06 : 6028;
5B08 : 6728;
5B0A : 6068;
5B0C : 2bde;
5B0E : 172e;
5B10 : 176e;
5B12 : 172e;
5B14 : 176e;
5B16 : 172e;
5B18 : d72e;
5B1A : 172e;
5B1C : 4898;
5B1E : 50b0;
5B20 : 60a0;
5B22 : 20a0;
5B24 : 20a0;
5B26 : 20a0;
5B28 : 20a0;
5B2A : 20a0;
5B2C : a808;
5B2E : 1808;
5B30 : a808;
5B32 : 4808;
5B34 : b808;
5B36 : 3f08;
5B38 : bf08;
5B3A : 7f09;
5B3C : 7f00;
5B3E : ff00;
5B40 : ff7e;
5B42 : c17e;
5B44 : c17e;
5B46 : eb7e;
5B48 : c17e;
5B4A : ff00;
5B4C : 0000;
5B4E : 0000;
5B50 : 00ff;
5B52 : 00ff;
5B54 : 00ff;
5B56 : 00ff;
5B58 : 00ff;
5B5A : 00ff;
5B5C : 0000;
5B5E : 3838;
5B60 : 2434;
5B62 : 243c;
5B64 : 273f;
5B66 : 273c;
5B68 : 273c;
5B6A : 2f3f;
5B6C : 3c37;
5B6E : 1417;
5B70 : 1f17;
5B72 : 1f1c;
5B74 : fff0;
5B76 : ff00;
5B78 : ff02;
5B7A : ffff;
5B7C : a0bf;
5B7E : a0bf;
5B80 : b8bf;
5B82 : 7f7f;
5B84 : 2f2f;
5B86 : 7f7f;
5B88 : 9cf7;
5B8A : 9cf7;
5B8C : 05fd;
5B8E : 05fd;
5B90 : 1dfd;
5B92 : ffff;
5B94 : f4f7;
5B96 : feff;
5B98 : 38ef;
5B9A : 38ef;
5B9C : 0101;
5B9E : 0101;
5BA0 : 0101;
5BA2 : 0202;
5BA4 : 0202;
5BA6 : 0202;
5BA8 : 0101;
5BAA : 0000;
5BAC : 0202;
5BAE : 0202;
5BB0 : 0101;
5BB2 : 0000;
5BB4 : 0000;
5BB6 : 0000;
5BB8 : 0000;
5BBA : 0000;
5BBC : c334;
5BBE : 433c;
5BC0 : 433c;
5BC2 : 6618;
5BC4 : 6618;
5BC6 : 7608;
5BC8 : 3608;
5BCA : 3408;
5BCC : 2618;
5BCE : 2418;
5BD0 : 2418;
5BD2 : 3408;
5BD4 : 1800;
5BD6 : 0800;
5BD8 : 0800;
5BDA : 0800;
5BDC : 0000;
5BDE : 0f0f;
5BE0 : 101f;
5BE2 : 203c;
5BE4 : 4070;
5BE6 : 4373;
5BE8 : 4c67;
5BEA : 283f;
5BEC : 0000;
5BEE : 8080;
5BF0 : 5cdc;
5BF2 : 223e;
5BF4 : e232;
5BF6 : c1b1;
5BF8 : 4bc3;
5BFA : 7c27;
5BFC : 0000;
5BFE : 0000;
5C00 : 0000;
5C02 : 0000;
5C04 : e0e0;
5C06 : 10d0;
5C08 : d0d0;
5C0A : 20e0;
5C0C : 505c;
5C0E : 507c;
5C10 : 3039;
5C12 : 4c7c;
5C14 : 82ee;
5C16 : 84c0;
5C18 : 4360;
5C1A : 2631;
5C1C : 3c1f;
5C1E : 62bb;
5C20 : 41f1;
5C22 : 4161;
5C24 : 03c3;
5C26 : 04f7;
5C28 : 08ee;
5C2A : 609c;
5C2C : 1090;
5C2E : 0808;
5C30 : 1818;
5C32 : 643c;
5C34 : c2f2;
5C36 : 60e3;
5C38 : 2039;
5C3A : 00f2;
5C3C : ff00;
5C3E : ff00;
5C40 : ffff;
5C42 : 00ff;
5C44 : 00ff;
5C46 : 00ff;
5C48 : ff00;
5C4A : ff00;
5C4C : ffff;
5C4E : 00ff;
5C50 : ffff;
5C52 : ff00;
5C54 : ff00;
5C56 : ffff;
5C58 : ffff;
5C5A : ffff;
5C5C : 3838;
5C5E : 0000;
5C60 : 0000;
5C62 : 0000;
5C64 : 0000;
5C66 : 0000;
5C68 : 0000;
5C6A : 0000;
5C6C : 0000;
5C6E : 0000;
5C70 : 0000;
5C72 : 0000;
5C74 : 0e0e;
5C76 : 1111;
5C78 : 1111;
5C7A : 1212;
5C7C : 1ff3;
5C7E : 3ff0;
5C80 : bff0;
5C82 : 7f60;
5C84 : 1f10;
5C86 : 5f50;
5C88 : 3f30;
5C8A : fff1;
5C8C : fbcf;
5C8E : fc0c;
5C90 : f808;
5C92 : f808;
5C94 : f808;
5C96 : f808;
5C98 : f808;
5C9A : f888;
5C9C : 7a4e;
5C9E : d9c9;
5CA0 : f909;
5CA2 : fe0e;
5CA4 : f848;
5CA6 : f898;
5CA8 : fcfc;
5CAA : 7c7c;
5CAC : bfa0;
5CAE : 7f40;
5CB0 : ffe0;
5CB2 : 3f20;
5CB4 : 1f11;
5CB6 : 7e72;
5CB8 : ffff;
5CBA : ffff;
5CBC : 3c00;
5CBE : 1c00;
5CC0 : 1c00;
5CC2 : 1800;
5CC4 : 0800;
5CC6 : 0000;
5CC8 : 0000;
5CCA : 0000;
5CCC : ff00;
5CCE : ab00;
5CD0 : 5500;
5CD2 : ff00;
5CD4 : 0000;
5CD6 : 0000;
5CD8 : 0000;
5CDA : 0000;
5CDC : 1500;
5CDE : 1800;
5CE0 : 1500;
5CE2 : 1200;
5CE4 : 1500;
5CE6 : 1800;
5CE8 : 1500;
5CEA : 1200;
5CEC : 4040;
5CEE : c040;
5CF0 : 4040;
5CF2 : 4040;
5CF4 : 4040;
5CF6 : c040;
5CF8 : 4040;
5CFA : 4040;
5CFC : 320e;
5CFE : 320e;
5D00 : 320e;
5D02 : 320e;
5D04 : 330f;
5D06 : b38f;
5D08 : f3ce;
5D0A : 73ee;
5D0C : 0000;
5D0E : 0000;
5D10 : 0000;
5D12 : 0000;
5D14 : 0000;
5D16 : 0000;
5D18 : 8080;
5D1A : 40c0;
5D1C : 0000;
5D1E : 0000;
5D20 : 8080;
5D22 : 4747;
5D24 : 181f;
5D26 : 203f;
5D28 : 407f;
5D2A : 407f;
5D2C : 407f;
5D2E : a0bf;
5D30 : a0bf;
5D32 : b8bf;
5D34 : 7f7f;
5D36 : 3f3f;
5D38 : 7c77;
5D3A : 9cf7;
5D3C : e6f2;
5D3E : e6f2;
5D40 : e6f2;
5D42 : e6f2;
5D44 : e6f2;
5D46 : e6f2;
5D48 : e6f2;
5D4A : e6f2;
5D4C : 0000;
5D4E : 0101;
5D50 : 0101;
5D52 : 0101;
5D54 : 0202;
5D56 : 0202;
5D58 : 0202;
5D5A : 0101;
5D5C : 9ff3;
5D5E : 1ff0;
5D60 : 3ff0;
5D62 : bfe0;
5D64 : 7f70;
5D66 : 1f10;
5D68 : 5f50;
5D6A : 3f31;
5D6C : 223e;
5D6E : 1f1f;
5D70 : 1f10;
5D72 : 1f10;
5D74 : 1f12;
5D76 : 1f19;
5D78 : 3f3f;
5D7A : 3e3e;
5D7C : 1e12;
5D7E : 1e12;
5D80 : 1e12;
5D82 : 1e12;
5D84 : 7e7e;
5D86 : 83ff;
5D88 : 81ff;
5D8A : ffff;
5D8C : 0101;
5D8E : 0101;
5D90 : 0101;
5D92 : 0202;
5D94 : 0202;
5D96 : 0202;
5D98 : 0101;
5D9A : 0000;
5D9C : e060;
5D9E : 8080;
5DA0 : 8080;
5DA2 : 8080;
5DA4 : 8080;
5DA6 : 8080;
5DA8 : 8080;
5DAA : 8080;
5DAC : 0407;
5DAE : 0407;
5DB0 : 0407;
5DB2 : 0407;
5DB4 : 0407;
5DB6 : 0407;
5DB8 : 0407;
5DBA : 0407;
5DBC : 090b;
5DBE : 0a0b;
5DC0 : 0a0f;
5DC2 : 1217;
5DC4 : 1c17;
5DC6 : 1714;
5DC8 : 1417;
5DCA : 242f;
5DCC : 0000;
5DCE : 7070;
5DD0 : 8f8f;
5DD2 : 9f98;
5DD4 : ffe0;
5DD6 : 9ff0;
5DD8 : 5778;
5DDA : 4c7f;
5DDC : 2f3b;
5DDE : dfd0;
5DE0 : fff0;
5DE2 : ffc0;
5DE4 : ffc0;
5DE6 : ffff;
5DE8 : 0000;
5DEA : 0000;
5DEC : ffff;
5DEE : ffff;
5DF0 : ffff;
5DF2 : f8ff;
5DF4 : f0f8;
5DF6 : e1f2;
5DF8 : e3f5;
5DFA : e6f2;
5DFC : ffff;
5DFE : 81ff;
5E00 : 81c3;
5E02 : 85df;
5E04 : 85df;
5E06 : bdff;
5E08 : 81ff;
5E0A : ffff;
5E0C : ffff;
5E0E : ffff;
5E10 : ffff;
5E12 : 1fff;
5E14 : 0f1f;
5E16 : 874f;
5E18 : c7af;
5E1A : 674f;
5E1C : ffff;
5E1E : ffff;
5E20 : ffff;
5E22 : 00ff;
5E24 : 0000;
5E26 : ff00;
5E28 : ffff;
5E2A : 0000;
5E2C : 674f;
5E2E : 674f;
5E30 : 674f;
5E32 : 674f;
5E34 : 674f;
5E36 : 674f;
5E38 : 674f;
5E3A : 674f;
5E3C : e6f2;
5E3E : e3f5;
5E40 : e1f2;
5E42 : f0f8;
5E44 : f8ff;
5E46 : ffff;
5E48 : ffff;
5E4A : ffff;
5E4C : 0000;
5E4E : ffff;
5E50 : ff00;
5E52 : 0000;
5E54 : 00ff;
5E56 : ffff;
5E58 : ffff;
5E5A : ffff;
5E5C : 674f;
5E5E : c7af;
5E60 : 874f;
5E62 : 0f1f;
5E64 : 1fff;
5E66 : ffff;
5E68 : ffff;
5E6A : ffff;
5E6C : ffff;
5E6E : ffff;
5E70 : ffff;
5E72 : 00ff;
5E74 : 0000;
5E76 : ef00;
5E78 : cfe7;
5E7A : 0c24;
5E7C : 0c24;
5E7E : 0c24;
5E80 : 0c24;
5E82 : 0c24;
5E84 : 0c24;
5E86 : 0c24;
5E88 : 0c24;
5E8A : 0c24;
5E8C : 0c24;
5E8E : cfe7;
5E90 : ef00;
5E92 : 0000;
5E94 : 00ff;
5E96 : ffff;
5E98 : ffff;
5E9A : ffff;
5E9C : 0707;
5E9E : 1f18;
5EA0 : 3e21;
5EA2 : 7f47;
5EA4 : 7f5f;
5EA6 : 3039;
5EA8 : 627b;
5EAA : b2fb;
5EAC : e0e0;
5EAE : f818;
5EB0 : 7c84;
5EB2 : fee2;
5EB4 : fefa;
5EB6 : 0c9c;
5EB8 : 46de;
5EBA : 4ddf;
5EBC : a0ff;
5EBE : c2ff;
5EC0 : 547f;
5EC2 : 5c7f;
5EC4 : 2e3f;
5EC6 : 233f;
5EC8 : 181f;
5ECA : 0707;
5ECC : 05ff;
5ECE : 43ff;
5ED0 : 2afe;
5ED2 : 3afe;
5ED4 : 74fc;
5ED6 : c4fc;
5ED8 : 18f8;
5EDA : e0e0;
5EDC : 0707;
5EDE : 181f;
5EE0 : 203e;
5EE2 : 4f7f;
5EE4 : 5f7f;
5EE6 : 7070;
5EE8 : a2a2;
5EEA : b0b0;
5EEC : e0e0;
5EEE : 18f8;
5EF0 : 047c;
5EF2 : f2fe;
5EF4 : fafe;
5EF6 : 0e0e;
5EF8 : 4545;
5EFA : 0d0d;
5EFC : b4b4;
5EFE : 6464;
5F00 : 3c3c;
5F02 : 2e2e;
5F04 : 2727;
5F06 : 1010;
5F08 : 0c0c;
5F0A : 0303;
5F0C : 2d2d;
5F0E : 2626;
5F10 : 3c3c;
5F12 : 7474;
5F14 : e4e4;
5F16 : 0808;
5F18 : 3030;
5F1A : c0c0;
5F1C : 242f;
5F1E : 242f;
5F20 : 242f;
5F22 : 242f;
5F24 : 7c67;
5F26 : a7bc;
5F28 : e4ff;
5F2A : 1b1b;
5F2C : 0000;
5F2E : 0000;
5F30 : 0101;
5F32 : 0101;
5F34 : 0303;
5F36 : 0303;
5F38 : 0203;
5F3A : 0407;
5F3C : 0704;
5F3E : 0407;
5F40 : 0407;
5F42 : 0404;
5F44 : 0606;
5F46 : 0505;
5F48 : 0505;
5F4A : 0606;
5F4C : 0407;
5F4E : 0407;
5F50 : 0704;
5F52 : 0404;
5F54 : 0404;
5F56 : 0707;
5F58 : 0707;
5F5A : 0606;
5F5C : 0606;
5F5E : 0606;
5F60 : 0404;
5F62 : 0707;
5F64 : 0505;
5F66 : 0303;
5F68 : 0505;
5F6A : 0e0e;
5F6C : 1f0f;
5F6E : 1001;
5F70 : 1001;
5F72 : 1001;
5F74 : 0801;
5F76 : 0701;
5F78 : 0904;
5F7A : 0f00;
5F7C : 0108;
5F7E : f1f8;
5F80 : c14e;
5F82 : c702;
5F84 : bd8c;
5F86 : ad84;
5F88 : cf62;
5F8A : fe7e;
5F8C : 90ec;
5F8E : 9fef;
5F90 : f7fa;
5F92 : e7da;
5F94 : bdbd;
5F96 : adb5;
5F98 : efd2;
5F9A : 7f7f;
5F9C : f8f8;
5F9E : e818;
5FA0 : 8838;
5FA2 : 08b8;
5FA4 : 10b0;
5FA6 : e0e0;
5FA8 : 30d0;
5FAA : f0f0;
5FAC : 1818;
5FAE : 3030;
5FB0 : 6060;
5FB2 : c0c0;
5FB4 : c0c0;
5FB6 : ffff;
5FB8 : 8383;
5FBA : 6260;
5FBC : 000a;
5FBE : 0008;
5FC0 : 0708;
5FC2 : 0008;
5FC4 : 0108;
5FC6 : f1f8;
5FC8 : f1f8;
5FCA : 0108;
5FCC : 106c;
5FCE : 102c;
5FD0 : d12c;
5FD2 : 112c;
5FD4 : 90ac;
5FD6 : 9fef;
5FD8 : 9fef;
5FDA : 90ec;
5FDC : 1818;
5FDE : 0c0c;
5FE0 : c606;
5FE2 : c303;
5FE4 : 0303;
5FE6 : ffff;
5FE8 : c1c1;
5FEA : 4606;
5FEC : 0400;
5FEE : 0c00;
5FF0 : 1002;
5FF2 : 1002;
5FF4 : 1002;
5FF6 : 1002;
5FF8 : 1002;
5FFA : 1002;
5FFC : 4c0c;
5FFE : 4c0c;
6000 : 4909;
6002 : 4b0b;
6004 : 4a0a;
6006 : 5010;
6008 : 5212;
600A : 5010;
600C : 337e;
600E : 337e;
6010 : 93be;
6012 : d3fe;
6014 : 537e;
6016 : 0b3e;
6018 : 4b7e;
601A : 0b3e;
601C : 20a0;
601E : 3090;
6020 : 4898;
6022 : 4898;
6024 : 4898;
6026 : 4898;
6028 : 4898;
602A : 4898;
602C : 0000;
602E : 0000;
6030 : 0000;
6032 : 0000;
6034 : 0101;
6036 : 0101;
6038 : 0202;
603A : 0202;
603C : 0202;
603E : 0202;
6040 : 0202;
6042 : 0100;
6044 : 0202;
6046 : 0202;
6048 : 0202;
604A : 0302;
604C : 0302;
604E : 0202;
6050 : 0202;
6052 : 0302;
6054 : 0202;
6056 : 0606;
6058 : 0a0e;
605A : 0a0e;
605C : 0a0b;
605E : 0a0b;
6060 : 0a0f;
6062 : 0a0a;
6064 : 0606;
6066 : 0a0a;
6068 : 121a;
606A : 1f1f;
606C : 0000;
606E : 0000;
6070 : 1f1f;
6072 : 203f;
6074 : 477f;
6076 : 4c7c;
6078 : 4c7c;
607A : 4c7c;
607C : 0000;
607E : 0000;
6080 : e0e0;
6082 : 30f0;
6084 : 18f8;
6086 : 98f8;
6088 : 98f8;
608A : 98f8;
608C : 4f7f;
608E : 407f;
6090 : 4f7f;
6092 : 4c7c;
6094 : 4c7c;
6096 : 7c7c;
6098 : 0000;
609A : 0000;
609C : 98f8;
609E : 18f8;
60A0 : 98f8;
60A2 : 98f8;
60A4 : 98f8;
60A6 : f8f8;
60A8 : 0000;
60AA : 0000;
60AC : 0000;
60AE : 7c7c;
60B0 : 4e4e;
60B2 : 4e4e;
60B4 : 4e4e;
60B6 : 4e4e;
60B8 : 7c7c;
60BA : 0000;
60BC : 0000;
60BE : 7e7e;
60C0 : 6060;
60C2 : 7c7c;
60C4 : 6060;
60C6 : 6060;
60C8 : 7e7e;
60CA : 0000;
60CC : 0000;
60CE : 4646;
60D0 : 4646;
60D2 : 4646;
60D4 : 4646;
60D6 : 4e4e;
60D8 : 3c3c;
60DA : 0000;
60DC : 0000;
60DE : 3c3c;
60E0 : 6666;
60E2 : 6060;
60E4 : 6060;
60E6 : 6666;
60E8 : 3c3c;
60EA : 0000;
60EC : 0000;
60EE : 4646;
60F0 : 6e6e;
60F2 : 7e7e;
60F4 : 5656;
60F6 : 4646;
60F8 : 4646;
60FA : 0000;
60FC : 0000;
60FE : 3c3c;
6100 : 4e4e;
6102 : 4e4e;
6104 : 7e7e;
6106 : 4e4e;
6108 : 4e4e;
610A : 0000;
610C : 00ff;
610E : 0000;
6110 : 0000;
6112 : 0000;
6114 : 0000;
6116 : 0000;
6118 : 0000;
611A : 0000;
611C : 0000;
611E : 0000;
6120 : 0000;
6122 : 0000;
6124 : 0101;
6126 : 01ff;
6128 : ff01;
612A : ffff;
612C : 0000;
612E : 0000;
6130 : 0000;
6132 : 0000;
6134 : f0f0;
6136 : b0f0;
6138 : b0f0;
613A : f0f0;
613C : 0000;
613E : 0000;
6140 : 0707;
6142 : 1f18;
6144 : 3f20;
6146 : 3f30;
6148 : 1718;
614A : 2c3f;
614C : 4f7b;
614E : 5f70;
6150 : 9f90;
6152 : 9f90;
6154 : 7f70;
6156 : 1f11;
6158 : 3e3e;
615A : 3e3e;
615C : 0000;
615E : 7c7c;
6160 : 6666;
6162 : 6666;
6164 : 7c7c;
6166 : 6868;
6168 : 6666;
616A : 0000;
616C : 0000;
616E : 3c3c;
6170 : 6666;
6172 : 6666;
6174 : 6666;
6176 : 6666;
6178 : 3c3c;
617A : 0000;
617C : 0000;
617E : 6060;
6180 : 6060;
6182 : 6060;
6184 : 6060;
6186 : 6060;
6188 : 7e7e;
618A : 0000;
618C : 0000;
618E : 3c3c;
6190 : 6666;
6192 : 6060;
6194 : 6e6e;
6196 : 6666;
6198 : 3e3e;
619A : 0000;
619C : ee00;
619E : 0000;
61A0 : ffff;
61A2 : ffff;
61A4 : ffff;
61A6 : ffff;
61A8 : ffff;
61AA : ffff;
61AC : 0100;
61AE : 0200;
61B0 : 0200;
61B2 : 0400;
61B4 : 0800;
61B6 : 0800;
61B8 : 1000;
61BA : 1000;
61BC : 8080;
61BE : 40c0;
61C0 : 40c0;
61C2 : 20e0;
61C4 : 5030;
61C6 : 5030;
61C8 : 4838;
61CA : 2818;
61CC : 0000;
61CE : 0000;
61D0 : 0000;
61D2 : 0000;
61D4 : 0300;
61D6 : 0300;
61D8 : 0200;
61DA : 0200;
61DC : 0000;
61DE : 0000;
61E0 : 0000;
61E2 : 0000;
61E4 : f808;
61E6 : 1808;
61E8 : a808;
61EA : 4808;
61EC : 8000;
61EE : 8000;
61F0 : 8000;
61F2 : 8000;
61F4 : 0000;
61F6 : 0000;
61F8 : 0000;
61FA : 0000;
61FC : 2000;
61FE : 2000;
6200 : 2000;
6202 : 201f;
6204 : 4000;
6206 : 4000;
6208 : 4000;
620A : 4000;
620C : 241c;
620E : 340c;
6210 : 340c;
6212 : fc04;
6214 : 320e;
6216 : 320e;
6218 : 320e;
621A : 320e;
621C : 0000;
621E : 0000;
6220 : 0000;
6222 : 0000;
6224 : 0000;
6226 : 0000;
6228 : 0000;
622A : 0000;
622C : 0000;
622E : 0000;
6230 : 0000;
6232 : 0000;
6234 : 1f00;
6236 : 1800;
6238 : 1500;
623A : 1200;
623C : 0000;
623E : 0000;
6240 : 0000;
6242 : 0000;
6244 : c040;
6246 : c040;
6248 : 4040;
624A : 4040;
624C : 0200;
624E : 0300;
6250 : 0200;
6252 : 0200;
6254 : 0200;
6256 : 0300;
6258 : 0200;
625A : 0200;
625C : af08;
625E : 1a08;
6260 : ad08;
6262 : 4f08;
6264 : a808;
6266 : 1808;
6268 : a808;
626A : 4808;
626C : 0000;
626E : 0000;
6270 : 0000;
6272 : 0000;
6274 : 0000;
6276 : 0000;
6278 : 0100;
627A : 0200;
627C : 4000;
627E : 4015;
6280 : 4015;
6282 : 4015;
6284 : c015;
6286 : c115;
6288 : 4317;
628A : 4616;
628C : 0c24;
628E : 0c34;
6290 : 0434;
6292 : 0efc;
6294 : 0e32;
6296 : 0e32;
6298 : 0e32;
629A : 0032;
629C : 0000;
629E : 0000;
62A0 : 0000;
62A2 : 0000;
62A4 : 0000;
62A6 : 0000;
62A8 : 0000;
62AA : 0000;
62AC : 0000;
62AE : 0000;
62B0 : 2a00;
62B2 : 0120;
62B4 : 1d00;
62B6 : 0901;
62B8 : 0700;
62BA : 0b01;
62BC : 0300;
62BE : 0420;
62C0 : 2000;
62C2 : 0620;
62C4 : 0a00;
62C6 : 1780;
62C8 : 0600;
62CA : 0601;
62CC : 0400;
62CE : 0501;
62D0 : 1e00;
62D2 : 0b80;
62D4 : 0600;
62D6 : 1c80;
62D8 : 0a00;
62DA : 0810;
62DC : 0411;
62DE : 0201;
62E0 : 0400;
62E2 : 0601;
62E4 : 0000;
62E6 : 0610;
62E8 : 0400;
62EA : 0510;
62EC : 1a00;
62EE : 2480;
62F0 : 1500;
62F2 : 0701;
62F4 : 2000;
62F6 : 0410;
62F8 : 0500;
62FA : 0310;
62FC : 0d00;
62FE : 0610;
6300 : 0300;
6302 : 0510;
6304 : 2500;
6306 : 1580;
6308 : 1b00;
630A : 0410;
630C : 1300;
630E : 0380;
6310 : 1c00;
6312 : 1980;
6314 : 1a00;
6316 : 0601;
6318 : 0a00;
631A : 0120;
631C : 0900;
631E : 0220;
6320 : 1400;
6322 : 0310;
6324 : 0e00;
6326 : 1680;
6328 : 0a00;
632A : 0a10;
632C : 0611;
632E : 1610;
6330 : 1300;
6332 : 2580;
6334 : 1c00;
6336 : 0601;
6338 : 0300;
633A : 0220;
633C : 0e00;
633E : 0320;
6340 : 0400;
6342 : 0220;
6344 : 0300;
6346 : 0520;
6348 : 0d00;
634A : 2180;
634C : 1300;
634E : 0701;
6350 : 0500;
6352 : 0601;
6354 : 0400;
6356 : 0501;
6358 : 0600;
635A : 0320;
635C : 0500;
635E : 0220;
6360 : 1c00;
6362 : 0320;
6364 : 0e00;
6366 : 1280;
6368 : 0c00;
636A : 0410;
636C : 0200;
636E : 0801;
6370 : 1000;
6372 : 0801;
6374 : 1e00;
6376 : 1980;
6378 : 1000;
637A : 0310;
637C : 0400;
637E : 0510;
6380 : 2400;
6382 : 1c80;
6384 : 0500;
6386 : 0501;
6388 : 1100;
638A : 0320;
638C : 1200;
638E : 2080;
6390 : 0a00;
6392 : 0110;
6394 : 0611;
6396 : 0001;
6398 : 0400;
639A : 0410;
639C : 0400;
639E : 0310;
63A0 : 0200;
63A2 : 1910;
63A4 : 0400;
63A6 : 0710;
63A8 : 0a00;
63AA : 0000;
63AC : 0000;
63AE : 0000;
63B0 : 4d00;
63B2 : 0820;
63B4 : 0621;
63B6 : 0b20;
63B8 : 0700;
63BA : 0620;
63BC : 6400;
63BE : 0010;
63C0 : 0611;
63C2 : 0510;
63C4 : 2f00;
63C6 : 1680;
63C8 : 1700;
63CA : 0520;
63CC : 0600;
63CE : 0620;
63D0 : 1000;
63D2 : 1880;
63D4 : 3400;
63D6 : 0501;
63D8 : 0100;
63DA : 0e10;
63DC : 0611;
63DE : 2010;
63E0 : 0a00;
63E2 : 0a80;
63E4 : 2b00;
63E6 : 0620;
63E8 : 0600;
63EA : 0520;
63EC : 0500;
63EE : 0620;
63F0 : 0a00;
63F2 : 0c80;
63F4 : 0a00;
63F6 : 0701;
63F8 : 0200;
63FA : 0b10;
63FC : 0500;
63FE : 0410;
6400 : 0d00;
6402 : 1c80;
6404 : 7500;
6406 : 0601;
6408 : 0e00;
640A : 1f80;
640C : 1a00;
640E : 0601;
6410 : 0000;
6412 : 0710;
6414 : 0500;
6416 : 0610;
6418 : 0400;
641A : 0810;
641C : 0300;
641E : 0810;
6420 : 0c00;
6422 : 0f80;
6424 : 0a00;
6426 : 0701;
6428 : 0000;
642A : 3d10;
642C : 0500;
642E : 1f80;
6430 : 0000;
6432 : 0000;
6434 : 0000;
6436 : 0000;
6438 : 0000;
643A : 0000;
643C : 0000;
643E : 0000;
6440 : 0000;
6442 : 0000;
6444 : 0000;
6446 : 0000;
6448 : 0000;
644A : 0000;
644C : 0000;
644E : 0000;
6450 : 1810;
6452 : 0400;
6454 : 0008;
6456 : 0804;
6458 : 0008;
645A : 1404;
645C : 0810;
645E : 1010;
6460 : 1814;
6462 : 0014;
6464 : 040c;
6466 : 0018;
6468 : 1414;
646A : 0408;
646C : 0c04;
646E : 1800;
6470 : 0004;
6472 : 0c08;
6474 : 180c;
6476 : 0c00;
6478 : 0008;
647A : 1018;
647C : 1414;
647E : 0818;
6480 : 65aa;
6482 : 65c6;
6484 : 66fc;
6486 : 6628;
6488 : 6734;
648A : 66af;
648C : 65f1;
648E : 6654;
6490 : 65b2;
6492 : 65ce;
6494 : 6714;
6496 : 65ce;
6498 : 65ce;
649A : 66c3;
649C : 65f7;
649E : 6660;
64A0 : 67d4;
64A2 : 67dc;
64A4 : 679d;
64A6 : 67a5;
64A8 : 67e4;
64AA : 67e4;
64AC : 67e4;
64AE : 67ad;
64B0 : 6f3f;
64B2 : 6f4a;
64B4 : 6f55;
64B6 : 6f60;
64B8 : 6f6b;
64BA : 6f76;
64BC : 6f81;
64BE : 6f8c;
64C0 : 6f97;
64C2 : 6fa2;
64C4 : 6fad;
64C6 : 6fb8;
64C8 : 6fc3;
64CA : 6fce;
64CC : 6fd9;
64CE : 6fe4;
64D0 : 6fef;
64D2 : f5c9;
64D4 : d5c5;
64D6 : fae5;
64D8 : df7f;
64DA : 01fe;
64DC : 4628;
64DE : 02fe;
64E0 : 7b28;
64E2 : 7efa;
64E4 : a7df;
64E6 : 7b20;
64E8 : e4f0;
64EA : 28a7;
64EC : af0d;
64EE : e0ea;
64F0 : eadf;
64F2 : dfe8;
64F4 : f0ea;
64F6 : eadf;
64F8 : dff8;
64FA : d2cd;
64FC : cd64;
64FE : 69dd;
6500 : fdcd;
6502 : cd69;
6504 : 683c;
6506 : 21cd;
6508 : cd6a;
650A : 6c44;
650C : 65cd;
650E : af6a;
6510 : e0ea;
6512 : eadf;
6514 : dfe8;
6516 : f0ea;
6518 : eadf;
651A : dff8;
651C : 7fea;
651E : e1df;
6520 : c1d1;
6522 : c9f1;
6524 : c7cd;
6526 : af69;
6528 : e1ea;
652A : eadf;
652C : dff1;
652E : f9ea;
6530 : 21df;
6532 : dfbf;
6534 : becb;
6536 : 9f21;
6538 : cbdf;
653A : 21be;
653C : dfaf;
653E : becb;
6540 : cf21;
6542 : cbdf;
6544 : 21be;
6546 : 6ee9;
6548 : 98cd;
654A : 3e69;
654C : ea30;
654E : df7e;
6550 : 7b21;
6552 : cd65;
6554 : 695d;
6556 : b718;
6558 : 7f21;
655A : 1865;
655C : aff6;
655E : 7eea;
6560 : 18df;
6562 : 2185;
6564 : df7e;
6566 : 7e35;
6568 : 28fe;
656A : ec28;
656C : 20fe;
656E : e028;
6570 : 18fe;
6572 : e428;
6574 : 10fe;
6576 : 9720;
6578 : 1834;
657A : b294;
657C : 83e3;
657E : b2c7;
6580 : c1e3;
6582 : fac7;
6584 : dff1;
6586 : 01fe;
6588 : fac9;
658A : dfe1;
658C : 05fe;
658E : fac9;
6590 : dfe1;
6592 : 07fe;
6594 : fac9;
6596 : dfe1;
6598 : 08fe;
659A : 00c9;
659C : d0b5;
659E : c740;
65A0 : b500;
65A2 : 4020;
65A4 : 00c7;
65A6 : a1b6;
65A8 : c780;
65AA : 053e;
65AC : 9b21;
65AE : c365;
65B0 : 6936;
65B2 : 8bcd;
65B4 : a769;
65B6 : 21c0;
65B8 : dfe4;
65BA : 7e34;
65BC : 02fe;
65BE : 1328;
65C0 : a021;
65C2 : c365;
65C4 : 6956;
65C6 : 033e;
65C8 : a521;
65CA : c365;
65CC : 6936;
65CE : 8bcd;
65D0 : a769;
65D2 : afc0;
65D4 : e1ea;
65D6 : e0df;
65D8 : 3e10;
65DA : e008;
65DC : 3e12;
65DE : e080;
65E0 : 2114;
65E2 : df9f;
65E4 : becb;
65E6 : 00c9;
65E8 : e180;
65EA : 87c1;
65EC : 8000;
65EE : ace1;
65F0 : 2187;
65F2 : 65e7;
65F4 : 36c3;
65F6 : 2169;
65F8 : dfe4;
65FA : 7e34;
65FC : 04fe;
65FE : 1728;
6600 : 0bfe;
6602 : 1928;
6604 : 0ffe;
6606 : 0f28;
6608 : 18fe;
660A : 0eca;
660C : c966;
660E : 013e;
6610 : f021;
6612 : 77df;
6614 : d3c3;
6616 : 2165;
6618 : 65ec;
661A : 56c3;
661C : 2169;
661E : 65e7;
6620 : 56c3;
6622 : 4869;
6624 : 42bc;
6626 : 8766;
6628 : 83cd;
662A : c865;
662C : 95cd;
662E : c865;
6630 : 8fcd;
6632 : c865;
6634 : 89cd;
6636 : c865;
6638 : 023e;
663A : 2321;
663C : c366;
663E : 6936;
6640 : b000;
6642 : b6f1;
6644 : 00c7;
6646 : f1b0;
6648 : c7c4;
664A : b000;
664C : cef1;
664E : 00c7;
6650 : f1b0;
6652 : c7db;
6654 : 8fcd;
6656 : c865;
6658 : 073e;
665A : 4021;
665C : c366;
665E : 6936;
6660 : 8bcd;
6662 : a769;
6664 : 21c0;
6666 : dfe4;
6668 : 7e34;
666A : 01fe;
666C : 1228;
666E : 02fe;
6670 : 1328;
6672 : 03fe;
6674 : 1428;
6676 : 04fe;
6678 : 1528;
667A : 05fe;
667C : d3ca;
667E : c965;
6680 : 4521;
6682 : 1866;
6684 : 210d;
6686 : 664a;
6688 : 0818;
668A : 4f21;
668C : 1866;
668E : 2103;
6690 : 6640;
6692 : 56c3;
6694 : 3e69;
6696 : e380;
6698 : c400;
669A : 8393;
669C : 7383;
669E : 5363;
66A0 : 3343;
66A2 : 1323;
66A4 : 0000;
66A6 : 4323;
66A8 : 8363;
66AA : c3a3;
66AC : e3d3;
66AE : cdff;
66B0 : 6583;
66B2 : cdc8;
66B4 : 6595;
66B6 : cdc8;
66B8 : 658f;
66BA : 3ec8;
66BC : 2106;
66BE : 6695;
66C0 : 36c3;
66C2 : cd69;
66C4 : 698b;
66C6 : c0a7;
66C8 : e421;
66CA : 4edf;
66CC : 0634;
66CE : 2100;
66D0 : 669a;
66D2 : 7e09;
66D4 : caa7;
66D6 : 65d3;
66D8 : 215f;
66DA : 66a5;
66DC : 7e09;
66DE : 0657;
66E0 : 0e86;
66E2 : 7b12;
66E4 : 0ce2;
66E6 : e27a;
66E8 : 780c;
66EA : c9e2;
66EC : 803b;
66EE : 87b2;
66F0 : a287;
66F2 : 6293;
66F4 : 2343;
66F6 : 8000;
66F8 : 8040;
66FA : 8040;
66FC : 83cd;
66FE : c865;
6700 : 95cd;
6702 : c865;
6704 : 8fcd;
6706 : c865;
6708 : 89cd;
670A : c865;
670C : 033e;
670E : ec21;
6710 : c366;
6712 : 6936;
6714 : 8bcd;
6716 : a769;
6718 : 21c0;
671A : dfe4;
671C : 344e;
671E : 0006;
6720 : f121;
6722 : 0966;
6724 : a77e;
6726 : d3ca;
6728 : 5f65;
672A : f721;
672C : 0966;
672E : 577e;
6730 : 8706;
6732 : ad18;
6734 : 8fcd;
6736 : c865;
6738 : 283e;
673A : 4021;
673C : c367;
673E : 6936;
6740 : 80b7;
6742 : ff90;
6744 : 0083;
6746 : 45d1;
6748 : 0080;
674A : 54f1;
674C : 0080;
674E : 65d5;
6750 : 0080;
6752 : 6670;
6754 : 6580;
6756 : 6565;
6758 : 5764;
675A : 5556;
675C : 5454;
675E : 5454;
6760 : 4754;
6762 : 4646;
6764 : 4545;
6766 : 4445;
6768 : 4444;
676A : 3434;
676C : 3434;
676E : 3434;
6770 : 3434;
6772 : 3434;
6774 : 3434;
6776 : 3434;
6778 : 7034;
677A : 7060;
677C : 7070;
677E : 9080;
6780 : d0a0;
6782 : e0f0;
6784 : c0d0;
6786 : a0b0;
6788 : 8090;
678A : 6070;
678C : 4050;
678E : 3030;
6790 : 2020;
6792 : 2020;
6794 : 2020;
6796 : 2020;
6798 : 2020;
679A : 1020;
679C : 3e10;
679E : 2130;
67A0 : 674d;
67A2 : 36c3;
67A4 : 3e69;
67A6 : 2130;
67A8 : 6751;
67AA : 36c3;
67AC : cd69;
67AE : 698b;
67B0 : c0a7;
67B2 : fc21;
67B4 : 7edf;
67B6 : fe4f;
67B8 : ca24;
67BA : 67e9;
67BC : 0634;
67BE : c500;
67C0 : 5521;
67C2 : 0967;
67C4 : e07e;
67C6 : c122;
67C8 : 7921;
67CA : 0967;
67CC : e07e;
67CE : 3e21;
67D0 : e080;
67D2 : c923;
67D4 : 203e;
67D6 : 4921;
67D8 : c367;
67DA : 6936;
67DC : 123e;
67DE : 4521;
67E0 : c367;
67E2 : 6936;
67E4 : 8bcd;
67E6 : a769;
67E8 : afc0;
67EA : f9ea;
67EC : 3edf;
67EE : e008;
67F0 : 3e21;
67F2 : e080;
67F4 : 2123;
67F6 : dfcf;
67F8 : becb;
67FA : 80c9;
67FC : 203a;
67FE : c660;
6800 : d921;
6802 : cd6e;
6804 : 690d;
6806 : 04f0;
6808 : 1fe6;
680A : 3e47;
680C : 80d0;
680E : f5ea;
6810 : 21df;
6812 : 67fb;
6814 : 64c3;
6816 : f069;
6818 : e604;
681A : 470f;
681C : f421;
681E : 34df;
6820 : 217e;
6822 : dff5;
6824 : 0efe;
6826 : 0a30;
6828 : 3434;
682A : e67e;
682C : b0f0;
682E : 1d0e;
6830 : c9e2;
6832 : 1efe;
6834 : e2ca;
6836 : 3568;
6838 : 3535;
683A : ee18;
683C : f0fa;
683E : fedf;
6840 : ca01;
6842 : 686b;
6844 : 02fe;
6846 : 00ca;
6848 : fa68;
684A : dff1;
684C : 01fe;
684E : b6ca;
6850 : fe68;
6852 : ca02;
6854 : 6817;
6856 : 80c9;
6858 : 2080;
685A : 879d;
685C : f880;
685E : 9820;
6860 : 8087;
6862 : 20fb;
6864 : 8796;
6866 : f680;
6868 : 9520;
686A : 2187;
686C : 6ea9;
686E : 0dcd;
6870 : 2169;
6872 : 685a;
6874 : ea7e;
6876 : dff6;
6878 : 013e;
687A : f5ea;
687C : 21df;
687E : 6857;
6880 : 64c3;
6882 : 3e69;
6884 : ea00;
6886 : dff5;
6888 : 5f21;
688A : 7e68;
688C : f6ea;
688E : 21df;
6890 : 685c;
6892 : ec18;
6894 : 013e;
6896 : f5ea;
6898 : 21df;
689A : 6864;
689C : ea7e;
689E : dff6;
68A0 : 6121;
68A2 : 1868;
68A4 : 3edb;
68A6 : ea02;
68A8 : dff5;
68AA : 6921;
68AC : 7e68;
68AE : f6ea;
68B0 : 21df;
68B2 : 6866;
68B4 : ca18;
68B6 : f421;
68B8 : 34df;
68BA : fe2a;
68BC : 2809;
68BE : fec4;
68C0 : 2813;
68C2 : fed1;
68C4 : 2817;
68C6 : fede;
68C8 : 2820;
68CA : 2a17;
68CC : 00fe;
68CE : fec8;
68D0 : 2801;
68D2 : fe05;
68D4 : 2802;
68D6 : c905;
68D8 : 3434;
68DA : 0218;
68DC : 3535;
68DE : e07e;
68E0 : c91d;
68E2 : eaaf;
68E4 : dff1;
68E6 : 1ae0;
68E8 : bf21;
68EA : cbdf;
68EC : 21be;
68EE : df9f;
68F0 : becb;
68F2 : af21;
68F4 : cbdf;
68F6 : 21be;
68F8 : dfcf;
68FA : becb;
68FC : e9fa;
68FE : fedf;
6900 : 2805;
6902 : 2105;
6904 : 6ee9;
6906 : 2a18;
6908 : c921;
690A : 186e;
690C : e525;
690E : f1ea;
6910 : 21df;
6912 : dfbf;
6914 : fecb;
6916 : eaaf;
6918 : dff4;
691A : f5ea;
691C : eadf;
691E : dff6;
6920 : 1ae0;
6922 : 9f21;
6924 : cbdf;
6926 : 21fe;
6928 : dfaf;
692A : fecb;
692C : cf21;
692E : cbdf;
6930 : e1fe;
6932 : 98cd;
6934 : c969;
6936 : 1df5;
6938 : 71fa;
693A : 12df;
693C : f11c;
693E : 121c;
6940 : af1d;
6942 : 1c12;
6944 : 121c;
6946 : 121c;
6948 : fe7b;
694A : 28e5;
694C : fe09;
694E : 28f5;
6950 : fe13;
6952 : 28fd;
6954 : c916;
6956 : 0ec5;
6958 : 0610;
695A : 1805;
695C : c513;
695E : 160e;
6960 : 0406;
6962 : 0c18;
6964 : 0ec5;
6966 : 061a;
6968 : 1805;
696A : c505;
696C : 200e;
696E : 0406;
6970 : e22a;
6972 : 050c;
6974 : fa20;
6976 : c9c1;
6978 : ea1c;
697A : df71;
697C : 3d1c;
697E : 27cb;
6980 : 064f;
6982 : 0900;
6984 : 234e;
6986 : 6946;
6988 : 7c60;
698A : d5c9;
698C : 626b;
698E : 2a34;
6990 : 20be;
6992 : 2d03;
6994 : 77af;
6996 : c9d1;
6998 : 0ec5;
699A : 2a30;
699C : 0ce2;
699E : fe79;
69A0 : 2040;
69A2 : c1f8;
69A4 : afc9;
69A6 : e1ea;
69A8 : eadf;
69AA : dfe9;
69AC : f1ea;
69AE : eadf;
69B0 : dff9;
69B2 : 9fea;
69B4 : eadf;
69B6 : dfaf;
69B8 : bfea;
69BA : eadf;
69BC : dfcf;
69BE : ff3e;
69C0 : 25e0;
69C2 : 033e;
69C4 : 78ea;
69C6 : 3edf;
69C8 : e008;
69CA : e012;
69CC : e017;
69CE : 3e21;
69D0 : e080;
69D2 : e014;
69D4 : e019;
69D6 : af23;
69D8 : 10e0;
69DA : 1ae0;
69DC : 11c9;
69DE : dfe0;
69E0 : a71a;
69E2 : 0c28;
69E4 : 9f21;
69E6 : cbdf;
69E8 : 21fe;
69EA : 6480;
69EC : 78cd;
69EE : e969;
69F0 : 1a1c;
69F2 : 28a7;
69F4 : 2107;
69F6 : 6490;
69F8 : 7ccd;
69FA : e969;
69FC : 11c9;
69FE : dff8;
6A00 : a71a;
6A02 : 0c28;
6A04 : cf21;
6A06 : cbdf;
6A08 : 21fe;
6A0A : 64a0;
6A0C : 78cd;
6A0E : e969;
6A10 : 1a1c;
6A12 : 28a7;
6A14 : 2107;
6A16 : 64a8;
6A18 : 7ccd;
6A1A : e969;
6A1C : cdc9;
6A1E : 69a5;
6A20 : 21c9;
6A22 : dfe8;
6A24 : a72a;
6A26 : fec8;
6A28 : 28ff;
6A2A : 77f2;
6A2C : 2147;
6A2E : 64b0;
6A30 : 1fe6;
6A32 : 7ccd;
6A34 : cd69;
6A36 : 6b13;
6A38 : 3ccd;
6A3A : c96a;
6A3C : e9fa;
6A3E : a7df;
6A40 : 21c8;
6A42 : 6abe;
6A44 : 283d;
6A46 : 2306;
6A48 : 2323;
6A4A : 1823;
6A4C : 2af7;
6A4E : 78ea;
6A50 : 2adf;
6A52 : 76ea;
6A54 : 2adf;
6A56 : 79ea;
6A58 : 2adf;
6A5A : 7aea;
6A5C : afdf;
6A5E : 75ea;
6A60 : eadf;
6A62 : df77;
6A64 : fac9;
6A66 : dfe9;
6A68 : 28a7;
6A6A : 213d;
6A6C : df75;
6A6E : 78fa;
6A70 : fedf;
6A72 : 2801;
6A74 : fe37;
6A76 : 2803;
6A78 : 342f;
6A7A : be2a;
6A7C : 3320;
6A7E : 362d;
6A80 : 2c00;
6A82 : 342c;
6A84 : 79fa;
6A86 : cbdf;
6A88 : ca46;
6A8A : 6a8f;
6A8C : 7afa;
6A8E : 47df;
6A90 : f1fa;
6A92 : a7df;
6A94 : 0428;
6A96 : d0cb;
6A98 : f0cb;
6A9A : f9fa;
6A9C : a7df;
6A9E : 0428;
6AA0 : d8cb;
6AA2 : f8cb;
6AA4 : e078;
6AA6 : c925;
6AA8 : ff3e;
6AAA : f918;
6AAC : 79fa;
6AAE : 18df;
6AB0 : fade;
6AB2 : dff9;
6AB4 : 20a7;
6AB6 : faf1;
6AB8 : dff1;
6ABA : 20a7;
6ABC : c9eb;
6ABE : 2401;
6AC0 : 56ef;
6AC2 : 0001;
6AC4 : 00e5;
6AC6 : 2001;
6AC8 : 00fd;
6ACA : 2001;
6ACC : f7de;
6ACE : 1803;
6AD0 : f77f;
6AD2 : 1803;
6AD4 : 7ff7;
6AD6 : 4803;
6AD8 : 5bdf;
6ADA : 1801;
6ADC : e7db;
6ADE : 0001;
6AE0 : f7fd;
6AE2 : 2003;
6AE4 : f77f;
6AE6 : 2001;
6AE8 : f7ed;
6AEA : 2001;
6AEC : f7ed;
6AEE : 2001;
6AF0 : f7ed;
6AF2 : 2001;
6AF4 : f7ed;
6AF6 : 2001;
6AF8 : f7ed;
6AFA : 2001;
6AFC : f7ef;
6AFE : 2001;
6B00 : f7ef;
6B02 : 4f2a;
6B04 : 477e;
6B06 : 120a;
6B08 : 031c;
6B0A : 120a;
6B0C : 2ac9;
6B0E : 1c12;
6B10 : 122a;
6B12 : cdc9;
6B14 : 69c7;
6B16 : eaaf;
6B18 : df75;
6B1A : 77ea;
6B1C : 11df;
6B1E : df80;
6B20 : 0006;
6B22 : 122a;
6B24 : cd1c;
6B26 : 6b0d;
6B28 : 9011;
6B2A : cddf;
6B2C : 6b0d;
6B2E : a011;
6B30 : cddf;
6B32 : 6b0d;
6B34 : b011;
6B36 : cddf;
6B38 : 6b0d;
6B3A : c011;
6B3C : cddf;
6B3E : 6b0d;
6B40 : 9021;
6B42 : 11df;
6B44 : df94;
6B46 : 02cd;
6B48 : 216b;
6B4A : dfa0;
6B4C : a411;
6B4E : cddf;
6B50 : 6b02;
6B52 : b021;
6B54 : 11df;
6B56 : dfb4;
6B58 : 02cd;
6B5A : 216b;
6B5C : dfc0;
6B5E : c411;
6B60 : cddf;
6B62 : 6b02;
6B64 : 1001;
6B66 : 2104;
6B68 : df92;
6B6A : 0136;
6B6C : 8579;
6B6E : 056f;
6B70 : f820;
6B72 : eaaf;
6B74 : df9e;
6B76 : aeea;
6B78 : eadf;
6B7A : dfbe;
6B7C : e5c9;
6B7E : e0af;
6B80 : 6b1a;
6B82 : cd62;
6B84 : 6998;
6B86 : 18e1;
6B88 : cd2a;
6B8A : 6bb9;
6B8C : cecd;
6B8E : 5f6b;
6B90 : b9cd;
6B92 : cd6b;
6B94 : 6bce;
6B96 : cd57;
6B98 : 6bb9;
6B9A : cecd;
6B9C : 4f6b;
6B9E : 2c2c;
6BA0 : 2c73;
6BA2 : 2c72;
6BA4 : 2d71;
6BA6 : 2d2d;
6BA8 : e52d;
6BAA : 7021;
6BAC : 7edf;
6BAE : fee1;
6BB0 : 2803;
6BB2 : cdca;
6BB4 : 6bb9;
6BB6 : 5ec3;
6BB8 : d56c;
6BBA : 5f2a;
6BBC : 573a;
6BBE : 7b13;
6BC0 : 7a22;
6BC2 : d132;
6BC4 : d5c9;
6BC6 : 5f2a;
6BC8 : 573a;
6BCA : 1313;
6BCC : f118;
6BCE : 4f2a;
6BD0 : 473a;
6BD2 : 470a;
6BD4 : e1c9;
6BD6 : 2c18;
6BD8 : 70fa;
6BDA : fedf;
6BDC : 2003;
6BDE : fa10;
6BE0 : dfb8;
6BE2 : 7fcb;
6BE4 : 0928;
6BE6 : fe7e;
6BE8 : 2006;
6BEA : 3e04;
6BEC : e040;
6BEE : e51c;
6BF0 : c67d;
6BF2 : 6f09;
6BF4 : a77e;
6BF6 : dd20;
6BF8 : c67d;
6BFA : 6f04;
6BFC : 7ecb;
6BFE : d520;
6C00 : cde1;
6C02 : 6d67;
6C04 : 2d2d;
6C06 : 39c3;
6C08 : 2d6d;
6C0A : 2d2d;
6C0C : cd2d;
6C0E : 6bc5;
6C10 : c67d;
6C12 : 5f04;
6C14 : cd54;
6C16 : 6b02;
6C18 : 00fe;
6C1A : 1f28;
6C1C : fffe;
6C1E : 0428;
6C20 : c32c;
6C22 : 6c5c;
6C24 : e52d;
6C26 : c5cd;
6C28 : cd6b;
6C2A : 6bce;
6C2C : cd5f;
6C2E : 6bb9;
6C30 : cecd;
6C32 : 576b;
6C34 : 7be1;
6C36 : 7a22;
6C38 : 1832;
6C3A : 21d5;
6C3C : dfe9;
6C3E : 0036;
6C40 : a5cd;
6C42 : c969;
6C44 : e921;
6C46 : 7edf;
6C48 : c8a7;
6C4A : 013e;
6C4C : 70ea;
6C4E : 21df;
6C50 : df90;
6C52 : 2a2c;
6C54 : caa7;
6C56 : 6c04;
6C58 : c235;
6C5A : 6bd8;
6C5C : 2c2c;
6C5E : cecd;
6C60 : fe6b;
6C62 : ca00;
6C64 : 6c09;
6C66 : 9dfe;
6C68 : 89ca;
6C6A : e66b;
6C6C : fef0;
6C6E : 20a0;
6C70 : 781a;
6C72 : 0fe6;
6C74 : 064f;
6C76 : e500;
6C78 : 8111;
6C7A : 1adf;
6C7C : 136f;
6C7E : 671a;
6C80 : 7e09;
6C82 : 2de1;
6C84 : cd22;
6C86 : 6bb9;
6C88 : cecd;
6C8A : 786b;
6C8C : 064f;
6C8E : cd00;
6C90 : 6bb9;
6C92 : 70fa;
6C94 : fedf;
6C96 : ca04;
6C98 : 6cbc;
6C9A : 7de5;
6C9C : 05c6;
6C9E : 5d6f;
6CA0 : 2c54;
6CA2 : 792c;
6CA4 : 01fe;
6CA6 : 0f28;
6CA8 : 0036;
6CAA : 0221;
6CAC : 096e;
6CAE : 122a;
6CB0 : 7e1c;
6CB2 : e112;
6CB4 : d3c3;
6CB6 : 366c;
6CB8 : e101;
6CBA : 1718;
6CBC : 11e5;
6CBE : dfc6;
6CC0 : 9421;
6CC2 : 096e;
6CC4 : 122a;
6CC6 : 7b1c;
6CC8 : cbfe;
6CCA : f820;
6CCC : 200e;
6CCE : c421;
6CD0 : 18df;
6CD2 : e52e;
6CD4 : 70fa;
6CD6 : fedf;
6CD8 : 2801;
6CDA : fe21;
6CDC : 2802;
6CDE : 0e19;
6CE0 : fa1a;
6CE2 : dfbf;
6CE4 : 7fcb;
6CE6 : 0520;
6CE8 : e2af;
6CEA : 803e;
6CEC : 0ce2;
6CEE : 2c2c;
6CF0 : 2c2c;
6CF2 : 5f2a;
6CF4 : 0016;
6CF6 : 1518;
6CF8 : 160e;
6CFA : 0518;
6CFC : 100e;
6CFE : 003e;
6D00 : 2c0c;
6D02 : 2c2c;
6D04 : a73a;
6D06 : 4f20;
6D08 : 5f2a;
6D0A : 2a2c;
6D0C : e557;
6D0E : 2c2c;
6D10 : a72a;
6D12 : 0228;
6D14 : 011e;
6D16 : 2c2c;
6D18 : 0036;
6D1A : 7e2c;
6D1C : cbe1;
6D1E : 207f;
6D20 : 7a13;
6D22 : 0ce2;
6D24 : e27b;
6D26 : 2a0c;
6D28 : 0ce2;
6D2A : f67e;
6D2C : e280;
6D2E : f67d;
6D30 : 6f05;
6D32 : 86cb;
6D34 : 2de1;
6D36 : 323a;
6D38 : 112d;
6D3A : df70;
6D3C : fe1a;
6D3E : 2804;
6D40 : 3c09;
6D42 : 1112;
6D44 : 0010;
6D46 : c319;
6D48 : 6c52;
6D4A : 9e21;
6D4C : 34df;
6D4E : ae21;
6D50 : 34df;
6D52 : be21;
6D54 : 34df;
6D56 : 06c9;
6D58 : e500;
6D5A : 2ce1;
6D5C : ac18;
6D5E : cb78;
6D60 : 6f3f;
6D62 : 0026;
6D64 : 5e19;
6D66 : e5c9;
6D68 : c67d;
6D6A : 6f06;
6D6C : e67e;
6D6E : 280f;
6D70 : ea18;
6D72 : df71;
6D74 : 70fa;
6D76 : 0edf;
6D78 : fe13;
6D7A : 2801;
6D7C : 0e0e;
6D7E : fe18;
6D80 : 2802;
6D82 : 0e08;
6D84 : fe1d;
6D86 : 2803;
6D88 : e102;
6D8A : 2cc9;
6D8C : 5f2a;
6D8E : 577e;
6D90 : 7dd5;
6D92 : 04c6;
6D94 : 466f;
6D96 : 71fa;
6D98 : fedf;
6D9A : 1801;
6D9C : fe09;
6D9E : 1803;
6DA0 : 2100;
6DA2 : ffff;
6DA4 : 1c18;
6DA6 : cb11;
6DA8 : cd6d;
6DAA : 6d5e;
6DAC : 40cb;
6DAE : 0220;
6DB0 : 33cb;
6DB2 : e67b;
6DB4 : cb0f;
6DB6 : 285f;
6DB8 : 2606;
6DBA : f6ff;
6DBC : 18f0;
6DBE : 2602;
6DC0 : 6f00;
6DC2 : 19d1;
6DC4 : e27d;
6DC6 : 7c0c;
6DC8 : 18e2;
6DCA : 00be;
6DCC : 0000;
6DCE : 0000;
6DD0 : 1000;
6DD2 : 0f00;
6DD4 : 0000;
6DD6 : 0011;
6DD8 : f00f;
6DDA : 1201;
6DDC : ff10;
6DDE : 01ef;
6DE0 : 1012;
6DE2 : efff;
6DE4 : 1201;
6DE6 : ff10;
6DE8 : 01ef;
6DEA : 1012;
6DEC : efff;
6DEE : 1201;
6DF0 : ff10;
6DF2 : 01ef;
6DF4 : 1012;
6DF6 : efff;
6DF8 : 1201;
6DFA : ff10;
6DFC : 01ef;
6DFE : 1012;
6E00 : efff;
6E02 : 0f00;
6E04 : 002c;
6E06 : 009c;
6E08 : 0106;
6E0A : 016b;
6E0C : 01c9;
6E0E : 0223;
6E10 : 0277;
6E12 : 02c6;
6E14 : 0312;
6E16 : 0356;
6E18 : 039b;
6E1A : 03da;
6E1C : 0416;
6E1E : 044e;
6E20 : 0483;
6E22 : 04b5;
6E24 : 04e5;
6E26 : 0511;
6E28 : 053b;
6E2A : 0563;
6E2C : 0589;
6E2E : 05ac;
6E30 : 05ce;
6E32 : 05ed;
6E34 : 060a;
6E36 : 0627;
6E38 : 0642;
6E3A : 065b;
6E3C : 0672;
6E3E : 0689;
6E40 : 069e;
6E42 : 06b2;
6E44 : 06c4;
6E46 : 06d6;
6E48 : 06e7;
6E4A : 06f7;
6E4C : 0706;
6E4E : 0714;
6E50 : 0721;
6E52 : 072d;
6E54 : 0739;
6E56 : 0744;
6E58 : 074f;
6E5A : 0759;
6E5C : 0762;
6E5E : 076b;
6E60 : 0773;
6E62 : 077b;
6E64 : 0783;
6E66 : 078a;
6E68 : 0790;
6E6A : 0797;
6E6C : 079d;
6E6E : 07a2;
6E70 : 07a7;
6E72 : 07ac;
6E74 : 07b1;
6E76 : 07b6;
6E78 : 07ba;
6E7A : 07be;
6E7C : 07c1;
6E7E : 07c4;
6E80 : 07c8;
6E82 : 07cb;
6E84 : 07ce;
6E86 : 07d1;
6E88 : 07d4;
6E8A : 07d6;
6E8C : 07d9;
6E8E : 07db;
6E90 : 07dd;
6E92 : 07df;
6E94 : 0000;
6E96 : 0000;
6E98 : c000;
6E9A : 00a1;
6E9C : 003a;
6E9E : b1c0;
6EA0 : 2900;
6EA2 : c001;
6EA4 : 0061;
6EA6 : 003a;
6EA8 : 12c0;
6EAA : 4534;
6EAC : 9a67;
6EAE : debc;
6EB0 : 98fe;
6EB2 : b77a;
6EB4 : a8be;
6EB6 : 5476;
6EB8 : 0131;
6EBA : 4423;
6EBC : 6755;
6EBE : 9a88;
6EC0 : a9bb;
6EC2 : 7688;
6EC4 : 4455;
6EC6 : 2233;
6EC8 : 0111;
6ECA : 4523;
6ECC : 8967;
6ECE : cdab;
6ED0 : feef;
6ED2 : badc;
6ED4 : 7698;
6ED6 : 3254;
6ED8 : a110;
6EDA : 2382;
6EDC : 4534;
6EDE : 6756;
6EE0 : 8978;
6EE2 : ab9a;
6EE4 : cdbc;
6EE6 : 3264;
6EE8 : 1110;
6EEA : 5623;
6EEC : 9978;
6EEE : 7698;
6EF0 : 9a67;
6EF2 : fedf;
6EF4 : 85c9;
6EF6 : 1142;
6EF8 : 0231;
6EFA : 0804;
6EFC : 2010;
6EFE : 0c40;
6F00 : 3018;
6F02 : 0005;
6F04 : 0301;
6F06 : 0a05;
6F08 : 2814;
6F0A : 0f50;
6F0C : 3c1e;
6F0E : 0603;
6F10 : 180c;
6F12 : 6030;
6F14 : 2412;
6F16 : 0848;
6F18 : 0010;
6F1A : 0e07;
6F1C : 381c;
6F1E : 1570;
6F20 : 542a;
6F22 : 0804;
6F24 : 2010;
6F26 : 8040;
6F28 : 3018;
6F2A : 0460;
6F2C : 1209;
6F2E : 4824;
6F30 : 1b90;
6F32 : 6c36;
6F34 : 180c;
6F36 : 0a04;
6F38 : 2814;
6F3A : a050;
6F3C : 3c1e;
6F3E : 0078;
6F40 : 6f0e;
6F42 : 7cf9;
6F44 : 7cff;
6F46 : 7d11;
6F48 : 7d21;
6F4A : 0500;
6F4C : 486f;
6F4E : 447e;
6F50 : 4a7e;
6F52 : 4c7e;
6F54 : 007e;
6F56 : 6f0e;
6F58 : 763b;
6F5A : 7633;
6F5C : 7641;
6F5E : 7663;
6F60 : f900;
6F62 : 006e;
6F64 : fc76;
6F66 : 0275;
6F68 : 0076;
6F6A : 0000;
6F6C : 6f0e;
6F6E : 714c;
6F70 : 7142;
6F72 : 7156;
6F74 : 7162;
6F76 : 0e00;
6F78 : c66f;
6F7A : b872;
6F7C : d472;
6F7E : 0272;
6F80 : 0073;
6F82 : 6f0e;
6F84 : 7008;
6F86 : 6ffa;
6F88 : 0000;
6F8A : 0000;
6F8C : 0500;
6F8E : 9d6f;
6F90 : 917e;
6F92 : a97e;
6F94 : b57e;
6F96 : 007e;
6F98 : 6f0e;
6F9A : 7c28;
6F9C : 7c24;
6F9E : 7c2a;
6FA0 : 7c2c;
6FA2 : 0e00;
6FA4 : 006f;
6FA6 : 0000;
6FA8 : 007a;
6FAA : 0000;
6FAC : 0000;
6FAE : 6f0e;
6FB0 : 0000;
6FB2 : 7a26;
6FB4 : 7a2a;
6FB6 : 0000;
6FB8 : 0e00;
6FBA : 736f;
6FBC : 6f7a;
6FBE : 757a;
6FC0 : 007a;
6FC2 : 0000;
6FC4 : 6f0e;
6FC6 : 7adf;
6FC8 : 7ae3;
6FCA : 7ae5;
6FCC : 7ae7;
6FCE : 0e00;
6FD0 : 656f;
6FD2 : 6b7b;
6FD4 : 6f7b;
6FD6 : 737b;
6FD8 : 007b;
6FDA : 6f0e;
6FDC : 786c;
6FDE : 7876;
6FE0 : 787e;
6FE2 : 7886;
6FE4 : 2b00;
6FE6 : 436f;
6FE8 : 4b75;
6FEA : 5175;
6FEC : 0075;
6FEE : 0000;
6FF0 : 6f0e;
6FF2 : 758d;
6FF4 : 7595;
6FF6 : 759b;
6FF8 : 0000;
6FFA : 7016;
6FFC : 7034;
6FFE : 7016;
7000 : 704d;
7002 : 7093;
7004 : ffff;
7006 : 6ffa;
7008 : 7062;
700A : 7074;
700C : 7062;
700E : 7085;
7010 : 70f4;
7012 : ffff;
7014 : 7008;
7016 : 749d;
7018 : 4100;
701A : 44a2;
701C : 564c;
701E : 424c;
7020 : 444c;
7022 : 3e4c;
7024 : 3c4c;
7026 : 444c;
7028 : 564c;
702A : 424c;
702C : 444c;
702E : 3e4c;
7030 : 3c4c;
7032 : 004c;
7034 : 4c44;
7036 : 3e44;
7038 : 484e;
703A : 4842;
703C : 3a42;
703E : 444c;
7040 : 4c3e;
7042 : 4448;
7044 : 3e42;
7046 : 343c;
7048 : 423c;
704A : 484c;
704C : 4400;
704E : 444c;
7050 : 4e3e;
7052 : 4248;
7054 : 4248;
7056 : 523a;
7058 : 4c48;
705A : 4c52;
705C : 3a44;
705E : a842;
7060 : 0044;
7062 : 649d;
7064 : 4100;
7066 : 26a3;
7068 : 3c3e;
706A : 2c26;
706C : 3e34;
706E : 3436;
7070 : 2c3e;
7072 : 0034;
7074 : 3e26;
7076 : 2230;
7078 : 2c3a;
707A : 361e;
707C : a230;
707E : 3634;
7080 : 3034;
7082 : 2a2c;
7084 : a300;
7086 : 3e26;
7088 : 2230;
708A : 2a3a;
708C : 342c;
708E : 2c34;
7090 : 1422;
7092 : a200;
7094 : 4e52;
7096 : 484c;
7098 : 4244;
709A : 4844;
709C : 444c;
709E : 4e48;
70A0 : 4e4c;
70A2 : 52a3;
70A4 : a242;
70A6 : 4844;
70A8 : 4ca3;
70AA : 4c48;
70AC : 5056;
70AE : 56a2;
70B0 : a35a;
70B2 : 5a5c;
70B4 : 56a2;
70B6 : 5052;
70B8 : 504c;
70BA : a84a;
70BC : a74c;
70BE : a152;
70C0 : 5856;
70C2 : 56a3;
70C4 : 52a2;
70C6 : 524e;
70C8 : 4e4c;
70CA : a748;
70CC : a156;
70CE : 5c5a;
70D0 : 5aa3;
70D2 : 56a2;
70D4 : 5654;
70D6 : 5450;
70D8 : 5a4c;
70DA : 4c54;
70DC : 5a54;
70DE : 6660;
70E0 : 6454;
70E2 : 6054;
70E4 : a354;
70E6 : a25c;
70E8 : 5c60;
70EA : 5c5a;
70EC : 56a1;
70EE : a45a;
70F0 : a256;
70F2 : 0001;
70F4 : 34a2;
70F6 : 443a;
70F8 : 303a;
70FA : 343a;
70FC : 2c3a;
70FE : 2a3a;
7100 : 2c3a;
7102 : 443a;
7104 : 303a;
7106 : 343a;
7108 : 2c3a;
710A : 2a3a;
710C : 2c3a;
710E : 2c34;
7110 : 3e26;
7112 : 3238;
7114 : 2a38;
7116 : 3238;
7118 : a338;
711A : 4234;
711C : a22a;
711E : 3a34;
7120 : 3a42;
7122 : 3a30;
7124 : 342e;
7126 : 3426;
7128 : 342e;
712A : 30a8;
712C : 32a2;
712E : 2a38;
7130 : 3238;
7132 : a838;
7134 : a334;
7136 : 2a34;
7138 : 1c24;
713A : 2420;
713C : 302c;
713E : a834;
7140 : 0026;
7142 : 7168;
7144 : 7168;
7146 : 71ae;
7148 : ffff;
714A : 7142;
714C : 71cb;
714E : 71cb;
7150 : 721d;
7152 : ffff;
7154 : 714c;
7156 : 723a;
7158 : 723a;
715A : 727f;
715C : 727f;
715E : ffff;
7160 : 7156;
7162 : 72a3;
7164 : ffff;
7166 : 7162;
7168 : 849d;
716A : 8100;
716C : 52a3;
716E : 48a2;
7170 : a34a;
7172 : a24e;
7174 : 484a;
7176 : 44a3;
7178 : 44a2;
717A : a34a;
717C : a252;
717E : 4a4e;
7180 : 48a7;
7182 : 4aa2;
7184 : 4ea3;
7186 : a352;
7188 : 444a;
718A : 0144;
718C : 01a2;
718E : 4ea3;
7190 : 54a2;
7192 : 5ca3;
7194 : 58a2;
7196 : a754;
7198 : a252;
719A : a34a;
719C : a252;
719E : 4a4e;
71A0 : 48a3;
71A2 : 48a2;
71A4 : a34a;
71A6 : 524e;
71A8 : 4aa3;
71AA : 4444;
71AC : 0001;
71AE : 509d;
71B0 : 8100;
71B2 : 3aa4;
71B4 : 3632;
71B6 : a430;
71B8 : 2c32;
71BA : 2aa8;
71BC : 01a3;
71BE : 3aa4;
71C0 : 3632;
71C2 : a330;
71C4 : 3a32;
71C6 : 44a4;
71C8 : 0142;
71CA : 9d00;
71CC : 0043;
71CE : a381;
71D0 : a248;
71D2 : 4442;
71D4 : a148;
71D6 : 4e52;
71D8 : 44a2;
71DA : a742;
71DC : a23a;
71DE : 4a44;
71E0 : a201;
71E2 : 4448;
71E4 : 42a1;
71E6 : a242;
71E8 : 423a;
71EA : a344;
71EC : 4a48;
71EE : 44a3;
71F0 : 3a3a;
71F2 : a201;
71F4 : a31e;
71F6 : a23c;
71F8 : 4a44;
71FA : 4aa1;
71FC : a24a;
71FE : 4448;
7200 : 40a7;
7202 : 3aa2;
7204 : a140;
7206 : 4044;
7208 : 3ca2;
720A : 423a;
720C : 423a;
720E : 4844;
7210 : 4a42;
7212 : a142;
7214 : 4a44;
7216 : 013a;
7218 : 3aa3;
721A : 013a;
721C : 9d00;
721E : 0030;
7220 : a481;
7222 : 2c32;
7224 : 2a30;
7226 : 222c;
7228 : 22a4;
722A : 30a3;
722C : a401;
722E : 2c32;
7230 : 2a30;
7232 : 2ca3;
7234 : a432;
7236 : 363a;
7238 : 0001;
723A : c99d;
723C : 206e;
723E : 22a2;
7240 : 223a;
7242 : 223a;
7244 : 223a;
7246 : 2c3a;
7248 : 2c44;
724A : 2c44;
724C : 2c44;
724E : 2a44;
7250 : 2a42;
7252 : 2242;
7254 : 223a;
7256 : 2c3a;
7258 : 2c44;
725A : 2c44;
725C : 3044;
725E : 3632;
7260 : 011e;
7262 : 011e;
7264 : 2c1e;
7266 : 1a24;
7268 : 0132;
726A : 1a32;
726C : 2828;
726E : 3001;
7270 : 0148;
7272 : 0148;
7274 : 013a;
7276 : 2c42;
7278 : 2c3a;
727A : a33a;
727C : 012c;
727E : 9d00;
7280 : 6ec9;
7282 : a220;
7284 : 5244;
7286 : 5244;
7288 : 5244;
728A : 5244;
728C : 5242;
728E : 5242;
7290 : 5242;
7292 : 5242;
7294 : 5244;
7296 : 5244;
7298 : 5244;
729A : 5244;
729C : 5242;
729E : 5242;
72A0 : 01a4;
72A2 : a200;
72A4 : 0601;
72A6 : 0601;
72A8 : a101;
72AA : 0606;
72AC : 01a2;
72AE : 0106;
72B0 : 0106;
72B2 : 0106;
72B4 : 0606;
72B6 : 0006;
72B8 : 730b;
72BA : 733f;
72BC : 7367;
72BE : 7367;
72C0 : 73c9;
72C2 : ffff;
72C4 : 72b8;
72C6 : 7308;
72C8 : 733c;
72CA : 738e;
72CC : 738e;
72CE : 744b;
72D0 : ffff;
72D2 : 72c6;
72D4 : 731f;
72D6 : 7353;
72D8 : 73b5;
72DA : 73b5;
72DC : 73b5;
72DE : 73b5;
72E0 : 73b5;
72E2 : 73b5;
72E4 : 74c0;
72E6 : 74de;
72E8 : 74de;
72EA : 74de;
72EC : 74ee;
72EE : 74fe;
72F0 : 74fe;
72F2 : 750e;
72F4 : 750e;
72F6 : 751e;
72F8 : 751e;
72FA : 750e;
72FC : 752e;
72FE : ffff;
7300 : 72d4;
7302 : 7333;
7304 : ffff;
7306 : 7302;
7308 : 01a5;
730A : 9d00;
730C : 0062;
730E : a280;
7310 : a13a;
7312 : 3a3a;
7314 : 30a2;
7316 : 3a30;
7318 : 3aa1;
731A : a23a;
731C : 3030;
731E : 9d00;
7320 : 6ee9;
7322 : a2a0;
7324 : a13a;
7326 : 3a3a;
7328 : 30a2;
732A : 3a30;
732C : 3aa1;
732E : a23a;
7330 : 3030;
7332 : a200;
7334 : a106;
7336 : 0606;
7338 : 06a2;
733A : 0006;
733C : 01a5;
733E : 9d00;
7340 : 0032;
7342 : a280;
7344 : a13a;
7346 : 3a3a;
7348 : 30a2;
734A : 3a30;
734C : 3aa1;
734E : a23a;
7350 : 3030;
7352 : 9d00;
7354 : 6ee9;
7356 : a2a0;
7358 : a13a;
735A : 3a3a;
735C : 30a2;
735E : 3a30;
7360 : 3aa1;
7362 : a23a;
7364 : 3030;
7366 : 9d00;
7368 : 0082;
736A : a280;
736C : 483a;
736E : 5052;
7370 : a152;
7372 : 4848;
7374 : 4aa2;
7376 : 4844;
7378 : 40a1;
737A : a240;
737C : 3e44;
737E : a140;
7380 : 3a3a;
7382 : 3ea2;
7384 : 3a38;
7386 : 3230;
7388 : 3a38;
738A : 3230;
738C : 003e;
738E : 539d;
7390 : 4000;
7392 : 30a2;
7394 : 4040;
7396 : 4044;
7398 : 3ea1;
739A : a240;
739C : 3e44;
739E : a140;
73A0 : 3a38;
73A2 : 3ea2;
73A4 : 3a38;
73A6 : 2ea1;
73A8 : a230;
73AA : 3038;
73AC : 2830;
73AE : 2c2c;
73B0 : 2830;
73B2 : 382c;
73B4 : 9d00;
73B6 : 6ee9;
73B8 : a2a0;
73BA : a13a;
73BC : 3a3a;
73BE : 30a2;
73C0 : 3a30;
73C2 : 3aa1;
73C4 : a23a;
73C6 : 3030;
73C8 : a800;
73CA : a23a;
73CC : 383e;
73CE : 3aa8;
73D0 : 3ea3;
73D2 : 40a2;
73D4 : 40a1;
73D6 : a240;
73D8 : 3e44;
73DA : a140;
73DC : 4040;
73DE : 44a2;
73E0 : a83e;
73E2 : a340;
73E4 : a244;
73E6 : a148;
73E8 : 4848;
73EA : 4aa2;
73EC : 4844;
73EE : 48a1;
73F0 : a248;
73F2 : 444a;
73F4 : 48a8;
73F6 : 4ca3;
73F8 : 4ea2;
73FA : 4ea1;
73FC : a24e;
73FE : 4e4e;
7400 : 4e52;
7402 : 4c4e;
7404 : a14e;
7406 : 4e4e;
7408 : 4ea2;
740A : 524e;
740C : 4e4e;
740E : 4e4c;
7410 : 4ea1;
7412 : a24e;
7414 : 4e4e;
7416 : a14c;
7418 : 4c4c;
741A : 4ca2;
741C : 4a4c;
741E : 4aa1;
7420 : a24a;
7422 : 444a;
7424 : 403e;
7426 : 3644;
7428 : a144;
742A : 4040;
742C : 36a2;
742E : 40a3;
7430 : 36a1;
7432 : a23a;
7434 : 3036;
7436 : a144;
7438 : 4040;
743A : 36a2;
743C : 40a3;
743E : 36a1;
7440 : a23a;
7442 : 2e36;
7444 : 36a5;
7446 : 01a8;
7448 : 38a3;
744A : a800;
744C : a230;
744E : 3030;
7450 : 30a8;
7452 : 36a3;
7454 : 01a5;
7456 : 01a8;
7458 : 3ea3;
745A : 40a2;
745C : 40a1;
745E : a240;
7460 : 3e44;
7462 : a140;
7464 : 4040;
7466 : 44a2;
7468 : a83e;
746A : a336;
746C : a23a;
746E : a13e;
7470 : 4440;
7472 : 3ea2;
7474 : 4844;
7476 : 4848;
7478 : 3e3a;
747A : 40a1;
747C : a244;
747E : 443e;
7480 : 4646;
7482 : 3a46;
7484 : a13e;
7486 : 4440;
7488 : 3ea2;
748A : 3a44;
748C : 3ea1;
748E : a240;
7490 : 403a;
7492 : a13a;
7494 : 403e;
7496 : 3ea2;
7498 : 2c3e;
749A : 3e3a;
749C : 3026;
749E : 30a1;
74A0 : a230;
74A2 : a330;
74A4 : a130;
74A6 : 3430;
74A8 : 30a2;
74AA : 2e28;
74AC : 2ea1;
74AE : a22e;
74B0 : a32e;
74B2 : a12e;
74B4 : 322e;
74B6 : 2ea2;
74B8 : a528;
74BA : a826;
74BC : a301;
74BE : 002c;
74C0 : 3aa2;
74C2 : 3aa1;
74C4 : a23a;
74C6 : 2c32;
74C8 : a13a;
74CA : 3a3a;
74CC : 38a2;
74CE : 3a30;
74D0 : 3aa1;
74D2 : a23a;
74D4 : 2c32;
74D6 : a13a;
74D8 : 3a3a;
74DA : 2ca2;
74DC : 001e;
74DE : 28a2;
74E0 : 40a1;
74E2 : a228;
74E4 : 361e;
74E6 : a128;
74E8 : 2840;
74EA : 1ea2;
74EC : 0036;
74EE : 28a2;
74F0 : 40a1;
74F2 : a228;
74F4 : 361e;
74F6 : a128;
74F8 : 2840;
74FA : 2ca2;
74FC : 0044;
74FE : 1ea2;
7500 : 36a1;
7502 : a21e;
7504 : 361e;
7506 : a128;
7508 : 2840;
750A : 28a2;
750C : 0040;
750E : 1ea2;
7510 : 36a1;
7512 : a21e;
7514 : 361e;
7516 : a11e;
7518 : 1e36;
751A : 1ea2;
751C : 0036;
751E : 22a2;
7520 : 3aa1;
7522 : a222;
7524 : 3a22;
7526 : a122;
7528 : 223a;
752A : 22a2;
752C : 003a;
752E : 1ea2;
7530 : 36a1;
7532 : a21e;
7534 : 361e;
7536 : a11e;
7538 : 1e36;
753A : a4a2;
753C : 003e;
753E : 3e36;
7540 : a444;
7542 : 5744;
7544 : 6275;
7546 : ff75;
7548 : 45ff;
754A : 5e75;
754C : ff75;
754E : 4bff;
7550 : 7c75;
7552 : ff75;
7554 : 51ff;
7556 : 9d75;
7558 : 0020;
755A : aa81;
755C : 0001;
755E : 709d;
7560 : 8100;
7562 : 42a2;
7564 : 3832;
7566 : 4642;
7568 : 3c34;
756A : 4a46;
756C : 4238;
756E : 4c4a;
7570 : 423c;
7572 : 464c;
7574 : 3c34;
7576 : 4046;
7578 : 342e;
757A : 0040;
757C : e99d;
757E : 216e;
7580 : 42a8;
7582 : 2aa3;
7584 : 42a8;
7586 : 2aa3;
7588 : 42a8;
758A : 2aa3;
758C : a100;
758E : ac75;
7590 : ff75;
7592 : 8fff;
7594 : a875;
7596 : ff75;
7598 : 95ff;
759A : ee75;
759C : ff75;
759E : 9bff;
75A0 : 9d75;
75A2 : 0020;
75A4 : aa81;
75A6 : 0001;
75A8 : 709d;
75AA : 8100;
75AC : 4ca2;
75AE : 5042;
75B0 : 5442;
75B2 : 5042;
75B4 : 5642;
75B6 : 5442;
75B8 : 5042;
75BA : 5442;
75BC : 4c42;
75BE : 5042;
75C0 : 5442;
75C2 : 5042;
75C4 : 5642;
75C6 : 5442;
75C8 : 5042;
75CA : 5442;
75CC : 5a42;
75CE : 5646;
75D0 : 5446;
75D2 : 5046;
75D4 : 4e46;
75D6 : 5046;
75D8 : 5446;
75DA : 5046;
75DC : 5046;
75DE : 4c3e;
75E0 : 4c3e;
75E2 : 4a3e;
75E4 : 4a3e;
75E6 : 463e;
75E8 : 4a3e;
75EA : 503e;
75EC : 003e;
75EE : e99d;
75F0 : 216e;
75F2 : 4ca5;
75F4 : 464a;
75F6 : 3842;
75F8 : 423e;
75FA : 0042;
75FC : 7604;
75FE : 0000;
7600 : 7614;
7602 : 7623;
7604 : b29d;
7606 : 8000;
7608 : 60a2;
760A : 605c;
760C : 605c;
760E : 6062;
7610 : a45c;
7612 : 0060;
7614 : 929d;
7616 : 8000;
7618 : 52a2;
761A : 524e;
761C : 524e;
761E : 5254;
7620 : a44e;
7622 : 9d52;
7624 : 6ee9;
7626 : a220;
7628 : 6062;
762A : 6062;
762C : 6662;
762E : 6062;
7630 : 62a3;
7632 : 6f01;
7634 : 6976;
7636 : 6977;
7638 : 0077;
763A : bf00;
763C : aa76;
763E : 3c77;
7640 : 0c78;
7642 : eb77;
7644 : eb77;
7646 : f577;
7648 : eb77;
764A : eb77;
764C : fe77;
764E : f577;
7650 : eb77;
7652 : eb77;
7654 : fe77;
7656 : f577;
7658 : 0777;
765A : 1178;
765C : fe78;
765E : f577;
7660 : eb77;
7662 : 5b77;
7664 : 5b77;
7666 : 1a77;
7668 : 1a78;
766A : 1a78;
766C : 1a78;
766E : 9d78;
7670 : 00c3;
7672 : a280;
7674 : 3e3c;
7676 : 3e3c;
7678 : 5038;
767A : 01a3;
767C : 3ca2;
767E : 3c3e;
7680 : 383e;
7682 : a350;
7684 : a201;
7686 : 4801;
7688 : 4601;
768A : 4201;
768C : 4601;
768E : 42a1;
7690 : a246;
7692 : 4242;
7694 : a338;
7696 : 013c;
7698 : 3ea2;
769A : 3e42;
769C : 3c42;
769E : a354;
76A0 : a201;
76A2 : 423e;
76A4 : 423e;
76A6 : 543c;
76A8 : 01a3;
76AA : 01a2;
76AC : 0156;
76AE : 0154;
76B0 : 0154;
76B2 : a250;
76B4 : a101;
76B6 : 5450;
76B8 : 50a2;
76BA : a34e;
76BC : 0150;
76BE : 9d00;
76C0 : 0074;
76C2 : a280;
76C4 : 3836;
76C6 : 3836;
76C8 : 3e2e;
76CA : 01a3;
76CC : 36a2;
76CE : 3638;
76D0 : 2e38;
76D2 : a33e;
76D4 : a201;
76D6 : 3601;
76D8 : 3601;
76DA : 3201;
76DC : 3601;
76DE : 3236;
76E0 : 3032;
76E2 : 36a3;
76E4 : a201;
76E6 : 3c38;
76E8 : 3c38;
76EA : 4e36;
76EC : 01a3;
76EE : 38a2;
76F0 : 383c;
76F2 : 363c;
76F4 : a34e;
76F6 : a201;
76F8 : 5001;
76FA : 4e01;
76FC : 4601;
76FE : 4601;
7700 : 01a2;
7702 : 48a1;
7704 : a24e;
7706 : 4648;
7708 : 40a3;
770A : 0001;
770C : e99d;
770E : 206e;
7710 : 48a2;
7712 : 4846;
7714 : 3e46;
7716 : a320;
7718 : a201;
771A : 4648;
771C : 4648;
771E : 203e;
7720 : 01a3;
7722 : 2ea2;
7724 : 2e3c;
7726 : 2424;
7728 : 2424;
772A : 2a3c;
772C : 2a3e;
772E : a63e;
7730 : a32e;
7732 : a101;
7734 : a201;
7736 : 4648;
7738 : 4648;
773A : 2e2e;
773C : 01a3;
773E : 48a2;
7740 : 4846;
7742 : 2e46;
7744 : a32e;
7746 : a201;
7748 : 3c2a;
774A : 3c2a;
774C : 3e2e;
774E : 3e2e;
7750 : 422e;
7752 : 422e;
7754 : 38a6;
7756 : 01a3;
7758 : 01a1;
775A : a800;
775C : a201;
775E : 0b06;
7760 : 01a8;
7762 : 06a2;
7764 : a50b;
7766 : 0101;
7768 : 9d00;
776A : 00c5;
776C : a180;
776E : 4a46;
7770 : 46a4;
7772 : 01a2;
7774 : 50a3;
7776 : 4aa8;
7778 : 01a3;
777A : 42a1;
777C : a446;
777E : a242;
7780 : a301;
7782 : a14e;
7784 : 504e;
7786 : 46a4;
7788 : 01a7;
778A : 40a1;
778C : a446;
778E : a240;
7790 : a301;
7792 : a146;
7794 : 4a46;
7796 : 42a4;
7798 : 01a7;
779A : 36a1;
779C : a438;
779E : a236;
77A0 : a301;
77A2 : a73c;
77A4 : a442;
77A6 : a240;
77A8 : 0001;
77AA : 849d;
77AC : 4100;
77AE : 40a1;
77B0 : a442;
77B2 : a240;
77B4 : a301;
77B6 : a840;
77B8 : a342;
77BA : a101;
77BC : 403c;
77BE : 3ca4;
77C0 : 01a2;
77C2 : 3ca3;
77C4 : 3ca1;
77C6 : a440;
77C8 : a740;
77CA : a101;
77CC : 3236;
77CE : 2ea4;
77D0 : 01a2;
77D2 : 40a3;
77D4 : 36a1;
77D6 : a438;
77D8 : a732;
77DA : a101;
77DC : 322e;
77DE : 2ea4;
77E0 : 01a2;
77E2 : 2aa3;
77E4 : 30a7;
77E6 : 2ea4;
77E8 : 01a2;
77EA : a200;
77EC : 3838;
77EE : 3801;
77F0 : 3838;
77F2 : 3801;
77F4 : 2e00;
77F6 : 012e;
77F8 : 2e2e;
77FA : 012e;
77FC : 002e;
77FE : 2a2a;
7800 : 2a01;
7802 : 2a2a;
7804 : 2a01;
7806 : a200;
7808 : 3838;
780A : 3801;
780C : 3636;
780E : 3601;
7810 : 3200;
7812 : 0132;
7814 : 2e32;
7816 : 012e;
7818 : 002e;
781A : 06a2;
781C : 010b;
781E : 0606;
7820 : 010b;
7822 : 0606;
7824 : 010b;
7826 : 0606;
7828 : 010b;
782A : 0606;
782C : 010b;
782E : 0606;
7830 : 010b;
7832 : 0606;
7834 : 010b;
7836 : 0106;
7838 : 010b;
783A : 000b;
783C : 669d;
783E : 8100;
7840 : 58a7;
7842 : a35a;
7844 : a758;
7846 : a45e;
7848 : a25a;
784A : a701;
784C : 5450;
784E : 58a3;
7850 : 5aa7;
7852 : 58a4;
7854 : 01a2;
7856 : 50a7;
7858 : 4ea3;
785A : 4ea7;
785C : 5458;
785E : 4aa3;
7860 : 5aa7;
7862 : a35e;
7864 : a75a;
7866 : a454;
7868 : a250;
786A : 0001;
786C : 788e;
786E : 7911;
7870 : 788e;
7872 : 7996;
7874 : 0000;
7876 : 78ad;
7878 : 7938;
787A : 78ad;
787C : 79ba;
787E : 78d5;
7880 : 795e;
7882 : 78d5;
7884 : 79dd;
7886 : 78fe;
7888 : 7984;
788A : 78fe;
788C : 7984;
788E : d19d;
7890 : 8000;
7892 : 5ca2;
7894 : 5ca1;
7896 : a25a;
7898 : 5c5c;
789A : 5256;
789C : 564e;
789E : 52a2;
78A0 : 52a1;
78A2 : a250;
78A4 : 5252;
78A6 : 484c;
78A8 : a144;
78AA : 524c;
78AC : 9d00;
78AE : 00b2;
78B0 : a280;
78B2 : a152;
78B4 : 5252;
78B6 : 52a2;
78B8 : 52a1;
78BA : a252;
78BC : a144;
78BE : 4444;
78C0 : 44a2;
78C2 : 4c01;
78C4 : 4ca1;
78C6 : a24c;
78C8 : a14c;
78CA : 4c4c;
78CC : 3aa2;
78CE : 3aa1;
78D0 : a23a;
78D2 : 013a;
78D4 : 9d00;
78D6 : 6ee9;
78D8 : a220;
78DA : a15c;
78DC : 5c5c;
78DE : 5ca2;
78E0 : 5ca1;
78E2 : a25c;
78E4 : a14e;
78E6 : 5252;
78E8 : 56a2;
78EA : a201;
78EC : a15c;
78EE : 5c5c;
78F0 : 5ca2;
78F2 : 5ca1;
78F4 : a25c;
78F6 : a144;
78F8 : 4848;
78FA : 4ca2;
78FC : 0001;
78FE : 06a2;
7900 : 01a7;
7902 : 0ba2;
7904 : 0b0b;
7906 : a201;
7908 : a706;
790A : a201;
790C : 0b0b;
790E : 010b;
7910 : a200;
7912 : a148;
7914 : 5248;
7916 : 44a2;
7918 : 44a1;
791A : a252;
791C : a142;
791E : 5242;
7920 : 48a2;
7922 : 48a1;
7924 : a252;
7926 : a14c;
7928 : 524c;
792A : 44a2;
792C : 44a1;
792E : a252;
7930 : 4448;
7932 : 48a1;
7934 : 5652;
7936 : 005a;
7938 : a13a;
793A : 3a3a;
793C : 3aa2;
793E : 3aa1;
7940 : a23a;
7942 : a13a;
7944 : 3a3a;
7946 : 3aa2;
7948 : 3aa1;
794A : a23a;
794C : a13a;
794E : 3a3a;
7950 : 3aa2;
7952 : 3aa1;
7954 : a23a;
7956 : a136;
7958 : 3636;
795A : 36a2;
795C : 0001;
795E : a148;
7960 : 4848;
7962 : 48a2;
7964 : 48a1;
7966 : a248;
7968 : a148;
796A : 4848;
796C : 48a2;
796E : 48a1;
7970 : a248;
7972 : a144;
7974 : 4444;
7976 : 44a2;
7978 : 44a1;
797A : a244;
797C : a142;
797E : 4242;
7980 : 42a2;
7982 : 0001;
7984 : 01a2;
7986 : 010b;
7988 : 010b;
798A : 010b;
798C : 010b;
798E : 010b;
7990 : 010b;
7992 : 0b0b;
7994 : 0001;
7996 : 48a2;
7998 : 48a1;
799A : a252;
799C : a144;
799E : 5244;
79A0 : 42a2;
79A2 : 42a1;
79A4 : a252;
79A6 : a148;
79A8 : 5248;
79AA : 4ca2;
79AC : 4ca1;
79AE : a252;
79B0 : a148;
79B2 : 5248;
79B4 : 44a2;
79B6 : a352;
79B8 : 005c;
79BA : a13a;
79BC : 3a3a;
79BE : 3aa2;
79C0 : 3aa1;
79C2 : a23a;
79C4 : a13a;
79C6 : 3a3a;
79C8 : 3aa2;
79CA : 3aa1;
79CC : a23a;
79CE : a13a;
79D0 : 3a3a;
79D2 : 3aa2;
79D4 : 3aa1;
79D6 : a23a;
79D8 : 3a01;
79DA : 4ca3;
79DC : 4800;
79DE : 48a1;
79E0 : a248;
79E2 : a148;
79E4 : 4848;
79E6 : 48a2;
79E8 : 48a1;
79EA : a248;
79EC : a148;
79EE : 4848;
79F0 : 44a2;
79F2 : 44a1;
79F4 : a244;
79F6 : a144;
79F8 : 4444;
79FA : 01a2;
79FC : a34c;
79FE : 0044;
7A00 : 7a04;
7A02 : 0000;
7A04 : c29d;
7A06 : 4000;
7A08 : 5ca2;
7A0A : 5ca1;
7A0C : a25a;
7A0E : 5c5c;
7A10 : 5256;
7A12 : 564e;
7A14 : 52a2;
7A16 : 52a1;
7A18 : a250;
7A1A : 5252;
7A1C : 484c;
7A1E : 44a1;
7A20 : a242;
7A22 : a444;
7A24 : 0001;
7A26 : 7a2c;
7A28 : 0000;
7A2A : 7a4b;
7A2C : c29d;
7A2E : 8000;
7A30 : 5ca2;
7A32 : 5ca1;
7A34 : a25a;
7A36 : 5c5c;
7A38 : 5256;
7A3A : 564e;
7A3C : 52a2;
7A3E : 52a1;
7A40 : a250;
7A42 : 4c52;
7A44 : 5244;
7A46 : 5ca3;
7A48 : 01a4;
7A4A : 9d00;
7A4C : 6ee9;
7A4E : a220;
7A50 : a15c;
7A52 : 5c5c;
7A54 : 5ca2;
7A56 : 5ca1;
7A58 : a25c;
7A5A : 524e;
7A5C : 0156;
7A5E : 5ca2;
7A60 : 5ca1;
7A62 : a25c;
7A64 : a15c;
7A66 : 5c5c;
7A68 : 52a2;
7A6A : 444c;
7A6C : a501;
7A6E : 7701;
7A70 : 007a;
7A72 : 9600;
7A74 : b47a;
7A76 : 9d7a;
7A78 : 00c2;
7A7A : a280;
7A7C : a15c;
7A7E : 5a5c;
7A80 : 5ca2;
7A82 : 565c;
7A84 : 4e52;
7A86 : a256;
7A88 : a152;
7A8A : 5052;
7A8C : 52a2;
7A8E : 444c;
7A90 : a352;
7A92 : a45c;
7A94 : 0001;
7A96 : c29d;
7A98 : 4000;
7A9A : 4ea2;
7A9C : 4ea1;
7A9E : a252;
7AA0 : 4e56;
7AA2 : 48a3;
7AA4 : a248;
7AA6 : a14c;
7AA8 : 4a4c;
7AAA : 4ca2;
7AAC : 3444;
7AAE : a34c;
7AB0 : a54c;
7AB2 : 0001;
7AB4 : e99d;
7AB6 : 206e;
7AB8 : 5ca2;
7ABA : 5ca1;
7ABC : a25c;
7ABE : a15c;
7AC0 : 5c5c;
7AC2 : 4ea2;
7AC4 : a152;
7AC6 : 5656;
7AC8 : 56a2;
7ACA : 5ca2;
7ACC : 5ca1;
7ACE : a25c;
7AD0 : a15c;
7AD2 : 5c5c;
7AD4 : 52a2;
7AD6 : a14c;
7AD8 : 4444;
7ADA : 01a2;
7ADC : 01a5;
7ADE : e900;
7AE0 : 007a;
7AE2 : 0800;
7AE4 : 257b;
7AE6 : 4f7b;
7AE8 : 9d7b;
7AEA : 00c2;
7AEC : a280;
7AEE : a15c;
7AF0 : 5a5c;
7AF2 : 5ca2;
7AF4 : 565c;
7AF6 : 4e52;
7AF8 : a256;
7AFA : a152;
7AFC : 5052;
7AFE : 52a2;
7B00 : 444c;
7B02 : a352;
7B04 : a45c;
7B06 : 0001;
7B08 : b29d;
7B0A : 8000;
7B0C : 4ea2;
7B0E : 4ea1;
7B10 : a252;
7B12 : 4e56;
7B14 : 48a3;
7B16 : a248;
7B18 : a14c;
7B1A : 4a4c;
7B1C : 4ca2;
7B1E : 3444;
7B20 : a34c;
7B22 : a54c;
7B24 : 9d01;
7B26 : 6ee9;
7B28 : a220;
7B2A : a15c;
7B2C : 5c5c;
7B2E : 5ca2;
7B30 : 5ca1;
7B32 : 4e5c;
7B34 : 5c56;
7B36 : 4e56;
7B38 : 3e44;
7B3A : a244;
7B3C : a15c;
7B3E : 5c5c;
7B40 : 5ca2;
7B42 : 5ca1;
7B44 : 525c;
7B46 : 444c;
7B48 : 5c4c;
7B4A : a201;
7B4C : a501;
7B4E : a201;
7B50 : 0b0b;
7B52 : 0b0b;
7B54 : 0ba2;
7B56 : 0b0b;
7B58 : a201;
7B5A : 0b0b;
7B5C : 0b0b;
7B5E : 0ba2;
7B60 : 0b0b;
7B62 : a501;
7B64 : 7701;
7B66 : ce7b;
7B68 : 007b;
7B6A : 9600;
7B6C : f27b;
7B6E : a87b;
7B70 : 027b;
7B72 : bb7c;
7B74 : 127b;
7B76 : 9d7c;
7B78 : 00d1;
7B7A : a280;
7B7C : a15c;
7B7E : 5a5c;
7B80 : 5ca2;
7B82 : 565c;
7B84 : 4e52;
7B86 : a256;
7B88 : a152;
7B8A : 5052;
7B8C : 52a2;
7B8E : 4c52;
7B90 : 4448;
7B92 : 4ca1;
7B94 : 0052;
7B96 : 52a2;
7B98 : 01a7;
7B9A : 44a2;
7B9C : 4444;
7B9E : 4c01;
7BA0 : 01a7;
7BA2 : 3aa2;
7BA4 : 3a3a;
7BA6 : 0001;
7BA8 : 5ca2;
7BAA : 01a7;
7BAC : 4ea2;
7BAE : 5652;
7BB0 : a201;
7BB2 : a75c;
7BB4 : a201;
7BB6 : 4844;
7BB8 : 014c;
7BBA : a200;
7BBC : a706;
7BBE : a201;
7BC0 : 0b0b;
7BC2 : 010b;
7BC4 : 06a2;
7BC6 : 01a7;
7BC8 : 0ba2;
7BCA : 0b0b;
7BCC : 0001;
7BCE : 48a2;
7BD0 : 48a1;
7BD2 : a252;
7BD4 : a144;
7BD6 : 5244;
7BD8 : 42a2;
7BDA : 42a1;
7BDC : a252;
7BDE : a148;
7BE0 : 5248;
7BE2 : 4ca2;
7BE4 : 4ca1;
7BE6 : a252;
7BE8 : a148;
7BEA : 5248;
7BEC : 5ca2;
7BEE : a352;
7BF0 : 005c;
7BF2 : 3a01;
7BF4 : 3a01;
7BF6 : 3a01;
7BF8 : 3a01;
7BFA : 3a01;
7BFC : 3a01;
7BFE : 3a01;
7C00 : 34a3;
7C02 : 4801;
7C04 : 4801;
7C06 : 4801;
7C08 : 4801;
7C0A : 4401;
7C0C : 4401;
7C0E : 4c01;
7C10 : 44a3;
7C12 : 01a2;
7C14 : 010b;
7C16 : 010b;
7C18 : 010b;
7C1A : 010b;
7C1C : 010b;
7C1E : a20b;
7C20 : 0b01;
7C22 : 010b;
7C24 : 7c2e;
7C26 : 0000;
7C28 : 7c63;
7C2A : 7c97;
7C2C : 7ccb;
7C2E : b39d;
7C30 : 8000;
7C32 : 52a6;
7C34 : 50a1;
7C36 : 52a6;
7C38 : 50a1;
7C3A : 52a6;
7C3C : 48a1;
7C3E : 01a3;
7C40 : 4ca6;
7C42 : 4aa1;
7C44 : 4ca6;
7C46 : 4aa1;
7C48 : 4ca6;
7C4A : 42a1;
7C4C : 01a3;
7C4E : 3ea6;
7C50 : 42a1;
7C52 : 44a6;
7C54 : 48a1;
7C56 : 4ca6;
7C58 : 50a1;
7C5A : 52a6;
7C5C : 56a1;
7C5E : 52a6;
7C60 : 6aa1;
7C62 : 9d00;
7C64 : 0093;
7C66 : a6c0;
7C68 : a142;
7C6A : a640;
7C6C : a142;
7C6E : a640;
7C70 : a142;
7C72 : a342;
7C74 : a601;
7C76 : a13a;
7C78 : a638;
7C7A : a13a;
7C7C : a638;
7C7E : a13a;
7C80 : a33a;
7C82 : a601;
7C84 : a138;
7C86 : a638;
7C88 : a13a;
7C8A : a63e;
7C8C : a142;
7C8E : a644;
7C90 : a148;
7C92 : a64c;
7C94 : a142;
7C96 : 9d42;
7C98 : 6ee9;
7C9A : a6a0;
7C9C : a148;
7C9E : a646;
7CA0 : a148;
7CA2 : a646;
7CA4 : a148;
7CA6 : a352;
7CA8 : a601;
7CAA : a144;
7CAC : a642;
7CAE : a144;
7CB0 : a642;
7CB2 : a144;
7CB4 : a34c;
7CB6 : a601;
7CB8 : a148;
7CBA : a63a;
7CBC : a13e;
7CBE : a642;
7CC0 : a144;
7CC2 : a648;
7CC4 : a14c;
7CC6 : a650;
7CC8 : a152;
7CCA : a63a;
7CCC : a10b;
7CCE : a606;
7CD0 : a10b;
7CD2 : a606;
7CD4 : a10b;
7CD6 : a306;
7CD8 : a601;
7CDA : a10b;
7CDC : a606;
7CDE : a10b;
7CE0 : a606;
7CE2 : a10b;
7CE4 : a306;
7CE6 : a601;
7CE8 : a10b;
7CEA : a606;
7CEC : a10b;
7CEE : a606;
7CF0 : a10b;
7CF2 : a306;
7CF4 : a601;
7CF6 : a10b;
7CF8 : 2e06;
7CFA : ff7d;
7CFC : 01ff;
7CFE : 297d;
7D00 : 357d;
7D02 : 5b7d;
7D04 : 827d;
7D06 : 5b7d;
7D08 : a47d;
7D0A : c67d;
7D0C : ff7d;
7D0E : 03ff;
7D10 : 3b7d;
7D12 : 6c7d;
7D14 : 937d;
7D16 : 6c7d;
7D18 : b57d;
7D1A : 077d;
7D1C : ff7e;
7D1E : 13ff;
7D20 : 3e7d;
7D22 : 417d;
7D24 : ff7d;
7D26 : 23ff;
7D28 : 9d7d;
7D2A : 0060;
7D2C : 0081;
7D2E : 209d;
7D30 : 8100;
7D32 : 01aa;
7D34 : a300;
7D36 : 5001;
7D38 : 5854;
7D3A : a500;
7D3C : 0001;
7D3E : 01a5;
7D40 : a300;
7D42 : 0601;
7D44 : 0601;
7D46 : a201;
7D48 : 0606;
7D4A : 01a3;
7D4C : a306;
7D4E : 0601;
7D50 : 0601;
7D52 : a201;
7D54 : 0606;
7D56 : 0101;
7D58 : 0606;
7D5A : a700;
7D5C : a25a;
7D5E : a75e;
7D60 : a25a;
7D62 : a758;
7D64 : a258;
7D66 : a754;
7D68 : a258;
7D6A : 0054;
7D6C : c99d;
7D6E : 206e;
7D70 : 5aa2;
7D72 : 6862;
7D74 : 5a70;
7D76 : 6862;
7D78 : 5a70;
7D7A : 6664;
7D7C : 5a6c;
7D7E : 6664;
7D80 : 006c;
7D82 : 54a7;
7D84 : 50a2;
7D86 : 54a7;
7D88 : 50a2;
7D8A : 50a7;
7D8C : 4ca2;
7D8E : 4aa7;
7D90 : 50a2;
7D92 : 5800;
7D94 : 645e;
7D96 : 586c;
7D98 : 645e;
7D9A : 506c;
7D9C : 5854;
7D9E : 505e;
7DA0 : 5e58;
7DA2 : 0064;
7DA4 : 54a7;
7DA6 : 50a2;
7DA8 : 54a7;
7DAA : 50a2;
7DAC : 50a7;
7DAE : 4ca2;
7DB0 : 4aa7;
7DB2 : 46a2;
7DB4 : 5800;
7DB6 : 645e;
7DB8 : 586c;
7DBA : 645e;
7DBC : 506c;
7DBE : 5854;
7DC0 : 505e;
7DC2 : 5e58;
7DC4 : 0064;
7DC6 : 4aa7;
7DC8 : 4ca2;
7DCA : 4aa7;
7DCC : 46a2;
7DCE : 46a7;
7DD0 : 44a2;
7DD2 : 46a7;
7DD4 : 4aa2;
7DD6 : 4ca7;
7DD8 : 50a2;
7DDA : 4ca7;
7DDC : 4aa2;
7DDE : 4aa7;
7DE0 : 46a2;
7DE2 : 4aa7;
7DE4 : 4ca2;
7DE6 : 50a7;
7DE8 : 4ea2;
7DEA : 50a7;
7DEC : 52a2;
7DEE : 58a7;
7DF0 : 54a2;
7DF2 : 5aa7;
7DF4 : 54a2;
7DF6 : 52a7;
7DF8 : 50a2;
7DFA : 4ca7;
7DFC : 4aa2;
7DFE : 42a2;
7E00 : 3c38;
7E02 : a34a;
7E04 : 0142;
7E06 : 4a00;
7E08 : 5852;
7E0A : 4a5e;
7E0C : 5e58;
7E0E : 5462;
7E10 : 6862;
7E12 : 546c;
7E14 : 6862;
7E16 : 466c;
7E18 : 544c;
7E1A : 465e;
7E1C : 544c;
7E1E : 505a;
7E20 : 5e58;
7E22 : 5064;
7E24 : 645e;
7E26 : 4a6c;
7E28 : 5850;
7E2A : 4a5e;
7E2C : 5e58;
7E2E : 4e62;
7E30 : 5a54;
7E32 : 4e62;
7E34 : 5a54;
7E36 : 5066;
7E38 : 5e58;
7E3A : 5064;
7E3C : 645e;
7E3E : a868;
7E40 : a35a;
7E42 : 0001;
7E44 : 7e4e;
7E46 : 0000;
7E48 : 7e5e;
7E4A : 7e6d;
7E4C : 7e7d;
7E4E : b19d;
7E50 : 8000;
7E52 : 01a7;
7E54 : 5ea1;
7E56 : a65e;
7E58 : a168;
7E5A : a45e;
7E5C : 0068;
7E5E : 919d;
7E60 : 8000;
7E62 : 01a7;
7E64 : 54a1;
7E66 : a654;
7E68 : a15e;
7E6A : a458;
7E6C : 9d5e;
7E6E : 6ee9;
7E70 : a720;
7E72 : a101;
7E74 : 4e4e;
7E76 : 58a6;
7E78 : 50a1;
7E7A : 58a3;
7E7C : a701;
7E7E : a101;
7E80 : 0606;
7E82 : 0ba6;
7E84 : 06a1;
7E86 : 06a0;
7E88 : 0606;
7E8A : 0606;
7E8C : 0606;
7E8E : a306;
7E90 : bb01;
7E92 : 287e;
7E94 : bb7f;
7E96 : 737e;
7E98 : ff7f;
7E9A : 91ff;
7E9C : e57e;
7E9E : 4f7e;
7EA0 : e57f;
7EA2 : 967e;
7EA4 : ff7f;
7EA6 : 9dff;
7EA8 : fb7e;
7EAA : 617e;
7EAC : fb7f;
7EAE : ae7e;
7EB0 : ff7f;
7EB2 : a9ff;
7EB4 : 117e;
7EB6 : ff7f;
7EB8 : b5ff;
7EBA : 9d7e;
7EBC : 0082;
7EBE : a280;
7EC0 : a154;
7EC2 : 5454;
7EC4 : 4a54;
7EC6 : 4a46;
7EC8 : 54a2;
7ECA : 54a1;
7ECC : 5454;
7ECE : 5c58;
7ED0 : a258;
7ED2 : a154;
7ED4 : 5454;
7ED6 : 5458;
7ED8 : 5452;
7EDA : 58a1;
7EDC : 585c;
7EDE : a25c;
7EE0 : a158;
7EE2 : 5856;
7EE4 : 9d00;
7EE6 : 0062;
7EE8 : a280;
7EEA : 4401;
7EEC : 4001;
7EEE : 4401;
7EF0 : 4601;
7EF2 : 4401;
7EF4 : 4401;
7EF6 : 4001;
7EF8 : 4001;
7EFA : 9d00;
7EFC : 6ee9;
7EFE : a220;
7F00 : 5454;
7F02 : 524a;
7F04 : 5454;
7F06 : 584a;
7F08 : 5454;
7F0A : 5452;
7F0C : 544e;
7F0E : 524a;
7F10 : a200;
7F12 : 0b06;
7F14 : 0b06;
7F16 : 0b06;
7F18 : 0b06;
7F1A : 0b06;
7F1C : 0b06;
7F1E : a106;
7F20 : 0b0b;
7F22 : a206;
7F24 : a10b;
7F26 : 0006;
7F28 : 5ea2;
7F2A : 5ea1;
7F2C : 5e5e;
7F2E : 5054;
7F30 : a254;
7F32 : a15e;
7F34 : 5e5e;
7F36 : 625e;
7F38 : 6266;
7F3A : 5ea2;
7F3C : 5ea1;
7F3E : a25c;
7F40 : a158;
7F42 : 5458;
7F44 : 52a1;
7F46 : 5254;
7F48 : a254;
7F4A : a152;
7F4C : 524e;
7F4E : a200;
7F50 : 4601;
7F52 : 4a01;
7F54 : 4601;
7F56 : 4a01;
7F58 : 4601;
7F5A : 4601;
7F5C : 4601;
7F5E : 4601;
7F60 : a200;
7F62 : 5446;
7F64 : 5454;
7F66 : 5446;
7F68 : 5454;
7F6A : 5446;
7F6C : 5852;
7F6E : 5244;
7F70 : 584a;
7F72 : a200;
7F74 : a162;
7F76 : 6262;
7F78 : 5e62;
7F7A : 5e5a;
7F7C : 62a2;
7F7E : 62a1;
7F80 : 6262;
7F82 : 5a5e;
7F84 : a25e;
7F86 : a162;
7F88 : 4e4a;
7F8A : 52a2;
7F8C : 4aa1;
7F8E : a35c;
7F90 : a158;
7F92 : a654;
7F94 : 006c;
7F96 : 01a2;
7F98 : 014a;
7F9A : 014a;
7F9C : 014a;
7F9E : 014a;
7FA0 : 46a1;
7FA2 : a246;
7FA4 : a146;
7FA6 : 4646;
7FA8 : 46a3;
7FAA : 44a2;
7FAC : 0001;
7FAE : 42a2;
7FB0 : 505a;
7FB2 : 425a;
7FB4 : 505a;
7FB6 : 4a5a;
7FB8 : 52a1;
7FBA : a252;
7FBC : a152;
7FBE : 5252;
7FC0 : 52a3;
7FC2 : 54a2;
7FC4 : 0001;
7FC6 : 0000;
7FC8 : 0000;
7FCA : 0000;
7FCC : 0000;
7FCE : 0000;
7FD0 : 0000;
7FD2 : 0000;
7FD4 : 0000;
7FD6 : 0000;
7FD8 : 0000;
7FDA : 0000;
7FDC : 0000;
7FDE : 0000;
7FE0 : 0000;
7FE2 : 0000;
7FE4 : 0000;
7FE6 : 0000;
7FE8 : 0000;
7FEA : 0000;
7FEC : 0000;
7FEE : 0000;
7FF0 : d3c3;
7FF2 : c364;
7FF4 : 69a5;
7FF6 : 0000;
7FF8 : 0000;
7FFA : 0000;
7FFC : 0000;
7FFE : 0000;
END; 
