Timing Analyzer report for sound_check_top
Wed Mar 12 13:23:43 2025
Quartus Prime Version 23.1std.1 Build 993 05/14/2024 SC Standard Edition


---------------------
; Table of Contents ;
---------------------
  1. Legal Notice
  2. Timing Analyzer Summary
  3. Parallel Compilation
  4. SDC File List
  5. Clocks
  6. Slow 1200mV 85C Model Fmax Summary
  7. Timing Closure Recommendations
  8. Slow 1200mV 85C Model Setup Summary
  9. Slow 1200mV 85C Model Hold Summary
 10. Slow 1200mV 85C Model Recovery Summary
 11. Slow 1200mV 85C Model Removal Summary
 12. Slow 1200mV 85C Model Minimum Pulse Width Summary
 13. Slow 1200mV 85C Model Setup: 'CLOCK_50'
 14. Slow 1200mV 85C Model Setup: 'wm8731_configurator:u_config|i2c_master:u_i2c|state.I2C_COMPLETE'
 15. Slow 1200mV 85C Model Hold: 'CLOCK_50'
 16. Slow 1200mV 85C Model Hold: 'wm8731_configurator:u_config|i2c_master:u_i2c|state.I2C_COMPLETE'
 17. Slow 1200mV 85C Model Metastability Summary
 18. Slow 1200mV 0C Model Fmax Summary
 19. Slow 1200mV 0C Model Setup Summary
 20. Slow 1200mV 0C Model Hold Summary
 21. Slow 1200mV 0C Model Recovery Summary
 22. Slow 1200mV 0C Model Removal Summary
 23. Slow 1200mV 0C Model Minimum Pulse Width Summary
 24. Slow 1200mV 0C Model Setup: 'CLOCK_50'
 25. Slow 1200mV 0C Model Setup: 'wm8731_configurator:u_config|i2c_master:u_i2c|state.I2C_COMPLETE'
 26. Slow 1200mV 0C Model Hold: 'CLOCK_50'
 27. Slow 1200mV 0C Model Hold: 'wm8731_configurator:u_config|i2c_master:u_i2c|state.I2C_COMPLETE'
 28. Slow 1200mV 0C Model Metastability Summary
 29. Fast 1200mV 0C Model Setup Summary
 30. Fast 1200mV 0C Model Hold Summary
 31. Fast 1200mV 0C Model Recovery Summary
 32. Fast 1200mV 0C Model Removal Summary
 33. Fast 1200mV 0C Model Minimum Pulse Width Summary
 34. Fast 1200mV 0C Model Setup: 'CLOCK_50'
 35. Fast 1200mV 0C Model Setup: 'wm8731_configurator:u_config|i2c_master:u_i2c|state.I2C_COMPLETE'
 36. Fast 1200mV 0C Model Hold: 'CLOCK_50'
 37. Fast 1200mV 0C Model Hold: 'wm8731_configurator:u_config|i2c_master:u_i2c|state.I2C_COMPLETE'
 38. Fast 1200mV 0C Model Metastability Summary
 39. Multicorner Timing Analysis Summary
 40. Board Trace Model Assignments
 41. Input Transition Times
 42. Signal Integrity Metrics (Slow 1200mv 0c Model)
 43. Signal Integrity Metrics (Slow 1200mv 85c Model)
 44. Signal Integrity Metrics (Fast 1200mv 0c Model)
 45. Setup Transfers
 46. Hold Transfers
 47. Report TCCS
 48. Report RSKM
 49. Unconstrained Paths Summary
 50. Clock Status Summary
 51. Unconstrained Input Ports
 52. Unconstrained Output Ports
 53. Unconstrained Input Ports
 54. Unconstrained Output Ports
 55. Timing Analyzer Messages



----------------
; Legal Notice ;
----------------
Copyright (C) 2024  Intel Corporation. All rights reserved.
Your use of Intel Corporation's design tools, logic functions 
and other software and tools, and any partner logic 
functions, and any output files from any of the foregoing 
(including device programming or simulation files), and any 
associated documentation or information are expressly subject 
to the terms and conditions of the Intel Program License 
Subscription Agreement, the Intel Quartus Prime License Agreement,
the Intel FPGA IP License Agreement, or other applicable license
agreement, including, without limitation, that your use is for
the sole purpose of programming logic devices manufactured by
Intel and sold by Intel or its authorized distributors.  Please
refer to the applicable agreement for further details, at
https://fpgasoftware.intel.com/eula.



+------------------------------------------------------------------------------------+
; Timing Analyzer Summary                                                            ;
+-----------------------+------------------------------------------------------------+
; Quartus Prime Version ; Version 23.1std.1 Build 993 05/14/2024 SC Standard Edition ;
; Timing Analyzer       ; Legacy Timing Analyzer                                     ;
; Revision Name         ; sound_check_top                                            ;
; Device Family         ; Cyclone IV E                                               ;
; Device Name           ; EP4CE115F29C7                                              ;
; Timing Models         ; Final                                                      ;
; Delay Model           ; Combined                                                   ;
; Rise/Fall Delays      ; Enabled                                                    ;
+-----------------------+------------------------------------------------------------+


+------------------------------------------+
; Parallel Compilation                     ;
+----------------------------+-------------+
; Processors                 ; Number      ;
+----------------------------+-------------+
; Number detected on machine ; 20          ;
; Maximum allowed            ; 12          ;
;                            ;             ;
; Average used               ; 1.03        ;
; Maximum used               ; 12          ;
;                            ;             ;
; Usage by Processor         ; % Time Used ;
;     Processor 1            ; 100.0%      ;
;     Processor 2            ;   0.3%      ;
;     Processors 3-12        ;   0.3%      ;
+----------------------------+-------------+


+-------------------------------------------------------------+
; SDC File List                                               ;
+-------------------------+--------+--------------------------+
; SDC File Path           ; Status ; Read at                  ;
+-------------------------+--------+--------------------------+
; sound_check_top.out.sdc ; OK     ; Wed Mar 12 13:23:42 2025 ;
+-------------------------+--------+--------------------------+


+-----------------------------------------------------------------------------------------------------------------------------------------------------------------------------------------------------------------------------------------------------------------------------------------------------+
; Clocks                                                                                                                                                                                                                                                                                              ;
+------------------------------------------------------------------+------+--------+------------+-------+--------+------------+-----------+-------------+-------+--------+-----------+------------+----------+--------+--------+----------------------------------------------------------------------+
; Clock Name                                                       ; Type ; Period ; Frequency  ; Rise  ; Fall   ; Duty Cycle ; Divide by ; Multiply by ; Phase ; Offset ; Edge List ; Edge Shift ; Inverted ; Master ; Source ; Targets                                                              ;
+------------------------------------------------------------------+------+--------+------------+-------+--------+------------+-----------+-------------+-------+--------+-----------+------------+----------+--------+--------+----------------------------------------------------------------------+
; CLOCK_50                                                         ; Base ; 20.000 ; 50.0 MHz   ; 0.000 ; 10.000 ;            ;           ;             ;       ;        ;           ;            ;          ;        ;        ; { CLOCK_50 }                                                         ;
; wm8731_configurator:u_config|i2c_master:u_i2c|state.I2C_COMPLETE ; Base ; 1.000  ; 1000.0 MHz ; 0.000 ; 0.500  ;            ;           ;             ;       ;        ;           ;            ;          ;        ;        ; { wm8731_configurator:u_config|i2c_master:u_i2c|state.I2C_COMPLETE } ;
+------------------------------------------------------------------+------+--------+------------+-------+--------+------------+-----------+-------------+-------+--------+-----------+------------+----------+--------+--------+----------------------------------------------------------------------+


+--------------------------------------------------------------------------------------------------------+
; Slow 1200mV 85C Model Fmax Summary                                                                     ;
+------------+-----------------+------------------------------------------------------------------+------+
; Fmax       ; Restricted Fmax ; Clock Name                                                       ; Note ;
+------------+-----------------+------------------------------------------------------------------+------+
; 228.57 MHz ; 228.57 MHz      ; CLOCK_50                                                         ;      ;
; 407.5 MHz  ; 407.5 MHz       ; wm8731_configurator:u_config|i2c_master:u_i2c|state.I2C_COMPLETE ;      ;
+------------+-----------------+------------------------------------------------------------------+------+
This panel reports FMAX for every clock in the design, regardless of the user-specified clock periods.  FMAX is only computed for paths where the source and destination registers or ports are driven by the same clock.  Paths of different clocks, including generated clocks, are ignored.  For paths between a clock and its inversion, FMAX is computed as if the rising and falling edges are scaled along with FMAX, such that the duty cycle (in terms of a percentage) is maintained. Altera recommends that you always use clock constraints and other slack reports for sign-off analysis.


----------------------------------
; Timing Closure Recommendations ;
----------------------------------
HTML report is unavailable in plain text report export.


+-------------------------------------------------------------------------------------------+
; Slow 1200mV 85C Model Setup Summary                                                       ;
+------------------------------------------------------------------+--------+---------------+
; Clock                                                            ; Slack  ; End Point TNS ;
+------------------------------------------------------------------+--------+---------------+
; CLOCK_50                                                         ; -1.777 ; -3.809        ;
; wm8731_configurator:u_config|i2c_master:u_i2c|state.I2C_COMPLETE ; -1.454 ; -20.665       ;
+------------------------------------------------------------------+--------+---------------+


+------------------------------------------------------------------------------------------+
; Slow 1200mV 85C Model Hold Summary                                                       ;
+------------------------------------------------------------------+-------+---------------+
; Clock                                                            ; Slack ; End Point TNS ;
+------------------------------------------------------------------+-------+---------------+
; CLOCK_50                                                         ; 0.402 ; 0.000         ;
; wm8731_configurator:u_config|i2c_master:u_i2c|state.I2C_COMPLETE ; 0.402 ; 0.000         ;
+------------------------------------------------------------------+-------+---------------+


------------------------------------------
; Slow 1200mV 85C Model Recovery Summary ;
------------------------------------------
No paths to report.


-----------------------------------------
; Slow 1200mV 85C Model Removal Summary ;
-----------------------------------------
No paths to report.


+-------------------------------------------------------------------------------------------+
; Slow 1200mV 85C Model Minimum Pulse Width Summary                                         ;
+------------------------------------------------------------------+--------+---------------+
; Clock                                                            ; Slack  ; End Point TNS ;
+------------------------------------------------------------------+--------+---------------+
; wm8731_configurator:u_config|i2c_master:u_i2c|state.I2C_COMPLETE ; -1.285 ; -23.130       ;
; CLOCK_50                                                         ; 9.755  ; 0.000         ;
+------------------------------------------------------------------+--------+---------------+


+------------------------------------------------------------------------------------------------------------------------------------------------------------------------------------------------------------------------------------------------------------------------+
; Slow 1200mV 85C Model Setup: 'CLOCK_50'                                                                                                                                                                                                                                ;
+--------+------------------------------------------------------------------+------------------------------------------------------------------+------------------------------------------------------------------+-------------+--------------+------------+------------+
; Slack  ; From Node                                                        ; To Node                                                          ; Launch Clock                                                     ; Latch Clock ; Relationship ; Clock Skew ; Data Delay ;
+--------+------------------------------------------------------------------+------------------------------------------------------------------+------------------------------------------------------------------+-------------+--------------+------------+------------+
; -1.777 ; wm8731_configurator:u_config|command_word[8]                     ; wm8731_configurator:u_config|i2c_master:u_i2c|sda_reg            ; wm8731_configurator:u_config|i2c_master:u_i2c|state.I2C_COMPLETE ; CLOCK_50    ; 1.000        ; 0.105      ; 2.870      ;
; -1.653 ; wm8731_configurator:u_config|transfer_enable                     ; wm8731_configurator:u_config|i2c_master:u_i2c|state.I2C_IDLE     ; wm8731_configurator:u_config|i2c_master:u_i2c|state.I2C_COMPLETE ; CLOCK_50    ; 1.000        ; 0.105      ; 2.746      ;
; -1.621 ; wm8731_configurator:u_config|command_word[10]                    ; wm8731_configurator:u_config|i2c_master:u_i2c|sda_reg            ; wm8731_configurator:u_config|i2c_master:u_i2c|state.I2C_COMPLETE ; CLOCK_50    ; 1.000        ; 0.105      ; 2.714      ;
; -1.568 ; wm8731_configurator:u_config|command_word[9]                     ; wm8731_configurator:u_config|i2c_master:u_i2c|sda_reg            ; wm8731_configurator:u_config|i2c_master:u_i2c|state.I2C_COMPLETE ; CLOCK_50    ; 1.000        ; 0.105      ; 2.661      ;
; -1.548 ; wm8731_configurator:u_config|command_word[4]                     ; wm8731_configurator:u_config|i2c_master:u_i2c|sda_reg            ; wm8731_configurator:u_config|i2c_master:u_i2c|state.I2C_COMPLETE ; CLOCK_50    ; 1.000        ; 0.105      ; 2.641      ;
; -1.536 ; wm8731_configurator:u_config|command_word[2]                     ; wm8731_configurator:u_config|i2c_master:u_i2c|sda_reg            ; wm8731_configurator:u_config|i2c_master:u_i2c|state.I2C_COMPLETE ; CLOCK_50    ; 1.000        ; 0.103      ; 2.627      ;
; -1.469 ; wm8731_configurator:u_config|command_word[12]                    ; wm8731_configurator:u_config|i2c_master:u_i2c|sda_reg            ; wm8731_configurator:u_config|i2c_master:u_i2c|state.I2C_COMPLETE ; CLOCK_50    ; 1.000        ; -0.294     ; 2.163      ;
; -1.386 ; wm8731_configurator:u_config|command_word[6]                     ; wm8731_configurator:u_config|i2c_master:u_i2c|sda_reg            ; wm8731_configurator:u_config|i2c_master:u_i2c|state.I2C_COMPLETE ; CLOCK_50    ; 1.000        ; 0.105      ; 2.479      ;
; -1.378 ; wm8731_configurator:u_config|command_word[11]                    ; wm8731_configurator:u_config|i2c_master:u_i2c|sda_reg            ; wm8731_configurator:u_config|i2c_master:u_i2c|state.I2C_COMPLETE ; CLOCK_50    ; 1.000        ; 0.105      ; 2.471      ;
; -1.374 ; wm8731_configurator:u_config|command_word[0]                     ; wm8731_configurator:u_config|i2c_master:u_i2c|sda_reg            ; wm8731_configurator:u_config|i2c_master:u_i2c|state.I2C_COMPLETE ; CLOCK_50    ; 1.000        ; 0.103      ; 2.465      ;
; -1.362 ; wm8731_configurator:u_config|command_word[7]                     ; wm8731_configurator:u_config|i2c_master:u_i2c|sda_reg            ; wm8731_configurator:u_config|i2c_master:u_i2c|state.I2C_COMPLETE ; CLOCK_50    ; 1.000        ; 0.105      ; 2.455      ;
; -1.104 ; wm8731_configurator:u_config|i2c_master:u_i2c|state.I2C_COMPLETE ; wm8731_configurator:u_config|i2c_master:u_i2c|state.I2C_IDLE     ; wm8731_configurator:u_config|i2c_master:u_i2c|state.I2C_COMPLETE ; CLOCK_50    ; 0.500        ; 2.959      ; 4.783      ;
; -1.058 ; wm8731_configurator:u_config|i2c_master:u_i2c|state.I2C_COMPLETE ; wm8731_configurator:u_config|i2c_master:u_i2c|sda_reg            ; wm8731_configurator:u_config|i2c_master:u_i2c|state.I2C_COMPLETE ; CLOCK_50    ; 0.500        ; 2.959      ; 4.737      ;
; -0.558 ; wm8731_configurator:u_config|i2c_master:u_i2c|state.I2C_COMPLETE ; wm8731_configurator:u_config|i2c_master:u_i2c|state.I2C_IDLE     ; wm8731_configurator:u_config|i2c_master:u_i2c|state.I2C_COMPLETE ; CLOCK_50    ; 1.000        ; 2.959      ; 4.737      ;
; -0.524 ; wm8731_configurator:u_config|i2c_master:u_i2c|state.I2C_COMPLETE ; wm8731_configurator:u_config|i2c_master:u_i2c|sda_reg            ; wm8731_configurator:u_config|i2c_master:u_i2c|state.I2C_COMPLETE ; CLOCK_50    ; 1.000        ; 2.959      ; 4.703      ;
; -0.379 ; wm8731_configurator:u_config|transfer_enable                     ; wm8731_configurator:u_config|i2c_master:u_i2c|state.I2C_START    ; wm8731_configurator:u_config|i2c_master:u_i2c|state.I2C_COMPLETE ; CLOCK_50    ; 1.000        ; 0.105      ; 1.472      ;
; 15.625 ; wm8731_configurator:u_config|i2c_master:u_i2c|bit_count[1]       ; wm8731_configurator:u_config|i2c_master:u_i2c|sda_reg            ; CLOCK_50                                                         ; CLOCK_50    ; 20.000       ; -0.078     ; 4.295      ;
; 16.368 ; wm8731_configurator:u_config|i2c_master:u_i2c|bit_count[0]       ; wm8731_configurator:u_config|i2c_master:u_i2c|sda_reg            ; CLOCK_50                                                         ; CLOCK_50    ; 20.000       ; -0.078     ; 3.552      ;
; 16.929 ; wm8731_configurator:u_config|i2c_master:u_i2c|bit_count[4]       ; wm8731_configurator:u_config|i2c_master:u_i2c|bit_count[0]       ; CLOCK_50                                                         ; CLOCK_50    ; 20.000       ; -0.081     ; 2.988      ;
; 16.929 ; wm8731_configurator:u_config|i2c_master:u_i2c|bit_count[4]       ; wm8731_configurator:u_config|i2c_master:u_i2c|bit_count[3]       ; CLOCK_50                                                         ; CLOCK_50    ; 20.000       ; -0.081     ; 2.988      ;
; 16.929 ; wm8731_configurator:u_config|i2c_master:u_i2c|bit_count[4]       ; wm8731_configurator:u_config|i2c_master:u_i2c|bit_count[1]       ; CLOCK_50                                                         ; CLOCK_50    ; 20.000       ; -0.081     ; 2.988      ;
; 16.929 ; wm8731_configurator:u_config|i2c_master:u_i2c|bit_count[4]       ; wm8731_configurator:u_config|i2c_master:u_i2c|bit_count[2]       ; CLOCK_50                                                         ; CLOCK_50    ; 20.000       ; -0.081     ; 2.988      ;
; 16.955 ; wm8731_configurator:u_config|i2c_master:u_i2c|bit_count[0]       ; wm8731_configurator:u_config|i2c_master:u_i2c|bit_count[0]       ; CLOCK_50                                                         ; CLOCK_50    ; 20.000       ; -0.081     ; 2.962      ;
; 16.955 ; wm8731_configurator:u_config|i2c_master:u_i2c|bit_count[0]       ; wm8731_configurator:u_config|i2c_master:u_i2c|bit_count[3]       ; CLOCK_50                                                         ; CLOCK_50    ; 20.000       ; -0.081     ; 2.962      ;
; 16.955 ; wm8731_configurator:u_config|i2c_master:u_i2c|bit_count[0]       ; wm8731_configurator:u_config|i2c_master:u_i2c|bit_count[1]       ; CLOCK_50                                                         ; CLOCK_50    ; 20.000       ; -0.081     ; 2.962      ;
; 16.955 ; wm8731_configurator:u_config|i2c_master:u_i2c|bit_count[0]       ; wm8731_configurator:u_config|i2c_master:u_i2c|bit_count[2]       ; CLOCK_50                                                         ; CLOCK_50    ; 20.000       ; -0.081     ; 2.962      ;
; 16.998 ; wm8731_configurator:u_config|i2c_master:u_i2c|bit_count[0]       ; wm8731_configurator:u_config|i2c_master:u_i2c|bit_count[4]       ; CLOCK_50                                                         ; CLOCK_50    ; 20.000       ; -0.081     ; 2.919      ;
; 17.032 ; wm8731_configurator:u_config|i2c_master:u_i2c|bit_count[1]       ; wm8731_configurator:u_config|i2c_master:u_i2c|bit_count[0]       ; CLOCK_50                                                         ; CLOCK_50    ; 20.000       ; -0.081     ; 2.885      ;
; 17.032 ; wm8731_configurator:u_config|i2c_master:u_i2c|bit_count[1]       ; wm8731_configurator:u_config|i2c_master:u_i2c|bit_count[3]       ; CLOCK_50                                                         ; CLOCK_50    ; 20.000       ; -0.081     ; 2.885      ;
; 17.032 ; wm8731_configurator:u_config|i2c_master:u_i2c|bit_count[1]       ; wm8731_configurator:u_config|i2c_master:u_i2c|bit_count[1]       ; CLOCK_50                                                         ; CLOCK_50    ; 20.000       ; -0.081     ; 2.885      ;
; 17.032 ; wm8731_configurator:u_config|i2c_master:u_i2c|bit_count[1]       ; wm8731_configurator:u_config|i2c_master:u_i2c|bit_count[2]       ; CLOCK_50                                                         ; CLOCK_50    ; 20.000       ; -0.081     ; 2.885      ;
; 17.064 ; wm8731_configurator:u_config|i2c_master:u_i2c|bit_count[3]       ; wm8731_configurator:u_config|i2c_master:u_i2c|sda_reg            ; CLOCK_50                                                         ; CLOCK_50    ; 20.000       ; -0.078     ; 2.856      ;
; 17.079 ; wm8731_configurator:u_config|i2c_master:u_i2c|bit_count[2]       ; wm8731_configurator:u_config|i2c_master:u_i2c|bit_count[4]       ; CLOCK_50                                                         ; CLOCK_50    ; 20.000       ; -0.081     ; 2.838      ;
; 17.084 ; wm8731_configurator:u_config|i2c_master:u_i2c|bit_count[1]       ; wm8731_configurator:u_config|i2c_master:u_i2c|bit_count[4]       ; CLOCK_50                                                         ; CLOCK_50    ; 20.000       ; -0.081     ; 2.833      ;
; 17.231 ; wm8731_configurator:u_config|i2c_master:u_i2c|bit_count[3]       ; wm8731_configurator:u_config|i2c_master:u_i2c|bit_count[0]       ; CLOCK_50                                                         ; CLOCK_50    ; 20.000       ; -0.081     ; 2.686      ;
; 17.231 ; wm8731_configurator:u_config|i2c_master:u_i2c|bit_count[3]       ; wm8731_configurator:u_config|i2c_master:u_i2c|bit_count[3]       ; CLOCK_50                                                         ; CLOCK_50    ; 20.000       ; -0.081     ; 2.686      ;
; 17.231 ; wm8731_configurator:u_config|i2c_master:u_i2c|bit_count[3]       ; wm8731_configurator:u_config|i2c_master:u_i2c|bit_count[1]       ; CLOCK_50                                                         ; CLOCK_50    ; 20.000       ; -0.081     ; 2.686      ;
; 17.231 ; wm8731_configurator:u_config|i2c_master:u_i2c|bit_count[3]       ; wm8731_configurator:u_config|i2c_master:u_i2c|bit_count[2]       ; CLOCK_50                                                         ; CLOCK_50    ; 20.000       ; -0.081     ; 2.686      ;
; 17.242 ; wm8731_configurator:u_config|i2c_master:u_i2c|bit_count[3]       ; wm8731_configurator:u_config|i2c_master:u_i2c|bit_count[4]       ; CLOCK_50                                                         ; CLOCK_50    ; 20.000       ; -0.081     ; 2.675      ;
; 17.296 ; wm8731_configurator:u_config|i2c_master:u_i2c|state.I2C_IDLE     ; wm8731_configurator:u_config|i2c_master:u_i2c|state.I2C_IDLE     ; CLOCK_50                                                         ; CLOCK_50    ; 20.000       ; -0.080     ; 2.622      ;
; 17.320 ; wm8731_configurator:u_config|i2c_master:u_i2c|bit_count[2]       ; wm8731_configurator:u_config|i2c_master:u_i2c|sda_reg            ; CLOCK_50                                                         ; CLOCK_50    ; 20.000       ; -0.078     ; 2.600      ;
; 17.527 ; wm8731_configurator:u_config|i2c_master:u_i2c|state.I2C_WAIT_ACK ; wm8731_configurator:u_config|i2c_master:u_i2c|sda_reg            ; CLOCK_50                                                         ; CLOCK_50    ; 20.000       ; -0.078     ; 2.393      ;
; 17.566 ; wm8731_configurator:u_config|i2c_master:u_i2c|state.I2C_START    ; wm8731_configurator:u_config|i2c_master:u_i2c|bit_count[0]       ; CLOCK_50                                                         ; CLOCK_50    ; 20.000       ; -0.083     ; 2.349      ;
; 17.566 ; wm8731_configurator:u_config|i2c_master:u_i2c|state.I2C_START    ; wm8731_configurator:u_config|i2c_master:u_i2c|bit_count[3]       ; CLOCK_50                                                         ; CLOCK_50    ; 20.000       ; -0.083     ; 2.349      ;
; 17.566 ; wm8731_configurator:u_config|i2c_master:u_i2c|state.I2C_START    ; wm8731_configurator:u_config|i2c_master:u_i2c|bit_count[1]       ; CLOCK_50                                                         ; CLOCK_50    ; 20.000       ; -0.083     ; 2.349      ;
; 17.566 ; wm8731_configurator:u_config|i2c_master:u_i2c|state.I2C_START    ; wm8731_configurator:u_config|i2c_master:u_i2c|bit_count[2]       ; CLOCK_50                                                         ; CLOCK_50    ; 20.000       ; -0.083     ; 2.349      ;
; 17.577 ; wm8731_configurator:u_config|i2c_master:u_i2c|bit_count[4]       ; wm8731_configurator:u_config|i2c_master:u_i2c|bit_count[4]       ; CLOCK_50                                                         ; CLOCK_50    ; 20.000       ; -0.081     ; 2.340      ;
; 17.618 ; wm8731_configurator:u_config|i2c_master:u_i2c|bit_count[2]       ; wm8731_configurator:u_config|i2c_master:u_i2c|bit_count[3]       ; CLOCK_50                                                         ; CLOCK_50    ; 20.000       ; -0.081     ; 2.299      ;
; 17.637 ; wm8731_configurator:u_config|i2c_master:u_i2c|state.I2C_IDLE     ; wm8731_configurator:u_config|i2c_master:u_i2c|sda_reg            ; CLOCK_50                                                         ; CLOCK_50    ; 20.000       ; -0.080     ; 2.281      ;
; 17.818 ; wm8731_configurator:u_config|i2c_master:u_i2c|bit_count[4]       ; wm8731_configurator:u_config|i2c_master:u_i2c|state.I2C_WAIT_ACK ; CLOCK_50                                                         ; CLOCK_50    ; 20.000       ; -0.081     ; 2.099      ;
; 17.842 ; wm8731_configurator:u_config|i2c_master:u_i2c|bit_count[0]       ; wm8731_configurator:u_config|i2c_master:u_i2c|state.I2C_WAIT_ACK ; CLOCK_50                                                         ; CLOCK_50    ; 20.000       ; -0.081     ; 2.075      ;
; 17.919 ; wm8731_configurator:u_config|i2c_master:u_i2c|bit_count[1]       ; wm8731_configurator:u_config|i2c_master:u_i2c|state.I2C_WAIT_ACK ; CLOCK_50                                                         ; CLOCK_50    ; 20.000       ; -0.081     ; 1.998      ;
; 17.990 ; wm8731_configurator:u_config|i2c_master:u_i2c|state.I2C_SEND     ; wm8731_configurator:u_config|i2c_master:u_i2c|bit_count[0]       ; CLOCK_50                                                         ; CLOCK_50    ; 20.000       ; -0.081     ; 1.927      ;
; 17.990 ; wm8731_configurator:u_config|i2c_master:u_i2c|state.I2C_SEND     ; wm8731_configurator:u_config|i2c_master:u_i2c|bit_count[3]       ; CLOCK_50                                                         ; CLOCK_50    ; 20.000       ; -0.081     ; 1.927      ;
; 17.990 ; wm8731_configurator:u_config|i2c_master:u_i2c|state.I2C_SEND     ; wm8731_configurator:u_config|i2c_master:u_i2c|bit_count[1]       ; CLOCK_50                                                         ; CLOCK_50    ; 20.000       ; -0.081     ; 1.927      ;
; 17.990 ; wm8731_configurator:u_config|i2c_master:u_i2c|state.I2C_SEND     ; wm8731_configurator:u_config|i2c_master:u_i2c|bit_count[2]       ; CLOCK_50                                                         ; CLOCK_50    ; 20.000       ; -0.081     ; 1.927      ;
; 18.066 ; wm8731_configurator:u_config|i2c_master:u_i2c|bit_count[2]       ; wm8731_configurator:u_config|i2c_master:u_i2c|bit_count[0]       ; CLOCK_50                                                         ; CLOCK_50    ; 20.000       ; -0.081     ; 1.851      ;
; 18.066 ; wm8731_configurator:u_config|i2c_master:u_i2c|bit_count[2]       ; wm8731_configurator:u_config|i2c_master:u_i2c|bit_count[1]       ; CLOCK_50                                                         ; CLOCK_50    ; 20.000       ; -0.081     ; 1.851      ;
; 18.066 ; wm8731_configurator:u_config|i2c_master:u_i2c|bit_count[2]       ; wm8731_configurator:u_config|i2c_master:u_i2c|bit_count[2]       ; CLOCK_50                                                         ; CLOCK_50    ; 20.000       ; -0.081     ; 1.851      ;
; 18.073 ; wm8731_configurator:u_config|i2c_master:u_i2c|bit_count[4]       ; wm8731_configurator:u_config|i2c_master:u_i2c|state.I2C_SEND     ; CLOCK_50                                                         ; CLOCK_50    ; 20.000       ; -0.081     ; 1.844      ;
; 18.106 ; wm8731_configurator:u_config|i2c_master:u_i2c|bit_count[0]       ; wm8731_configurator:u_config|i2c_master:u_i2c|state.I2C_SEND     ; CLOCK_50                                                         ; CLOCK_50    ; 20.000       ; -0.081     ; 1.811      ;
; 18.118 ; wm8731_configurator:u_config|i2c_master:u_i2c|bit_count[3]       ; wm8731_configurator:u_config|i2c_master:u_i2c|state.I2C_WAIT_ACK ; CLOCK_50                                                         ; CLOCK_50    ; 20.000       ; -0.081     ; 1.799      ;
; 18.183 ; wm8731_configurator:u_config|i2c_master:u_i2c|bit_count[1]       ; wm8731_configurator:u_config|i2c_master:u_i2c|state.I2C_SEND     ; CLOCK_50                                                         ; CLOCK_50    ; 20.000       ; -0.081     ; 1.734      ;
; 18.382 ; wm8731_configurator:u_config|i2c_master:u_i2c|bit_count[3]       ; wm8731_configurator:u_config|i2c_master:u_i2c|state.I2C_SEND     ; CLOCK_50                                                         ; CLOCK_50    ; 20.000       ; -0.081     ; 1.535      ;
; 18.401 ; wm8731_configurator:u_config|i2c_master:u_i2c|state.I2C_SEND     ; wm8731_configurator:u_config|i2c_master:u_i2c|bit_count[4]       ; CLOCK_50                                                         ; CLOCK_50    ; 20.000       ; -0.081     ; 1.516      ;
; 18.415 ; wm8731_configurator:u_config|i2c_master:u_i2c|state.I2C_WAIT_ACK ; wm8731_configurator:u_config|i2c_master:u_i2c|state.I2C_STOP     ; CLOCK_50                                                         ; CLOCK_50    ; 20.000       ; -0.074     ; 1.509      ;
; 18.417 ; wm8731_configurator:u_config|i2c_master:u_i2c|state.I2C_START    ; wm8731_configurator:u_config|i2c_master:u_i2c|state.I2C_SEND     ; CLOCK_50                                                         ; CLOCK_50    ; 20.000       ; -0.083     ; 1.498      ;
; 18.462 ; wm8731_configurator:u_config|i2c_master:u_i2c|state.I2C_START    ; wm8731_configurator:u_config|i2c_master:u_i2c|bit_count[4]       ; CLOCK_50                                                         ; CLOCK_50    ; 20.000       ; -0.083     ; 1.453      ;
; 18.641 ; wm8731_configurator:u_config|i2c_master:u_i2c|state.I2C_SEND     ; wm8731_configurator:u_config|i2c_master:u_i2c|sda_reg            ; CLOCK_50                                                         ; CLOCK_50    ; 20.000       ; -0.078     ; 1.279      ;
; 18.799 ; wm8731_configurator:u_config|i2c_master:u_i2c|bit_count[2]       ; wm8731_configurator:u_config|i2c_master:u_i2c|state.I2C_SEND     ; CLOCK_50                                                         ; CLOCK_50    ; 20.000       ; -0.081     ; 1.118      ;
; 18.870 ; wm8731_configurator:u_config|i2c_master:u_i2c|state.I2C_SEND     ; wm8731_configurator:u_config|i2c_master:u_i2c|state.I2C_WAIT_ACK ; CLOCK_50                                                         ; CLOCK_50    ; 20.000       ; -0.081     ; 1.047      ;
; 18.880 ; wm8731_configurator:u_config|i2c_master:u_i2c|state.I2C_SEND     ; wm8731_configurator:u_config|i2c_master:u_i2c|scl_reg            ; CLOCK_50                                                         ; CLOCK_50    ; 20.000       ; -0.081     ; 1.037      ;
; 18.892 ; wm8731_configurator:u_config|i2c_master:u_i2c|bit_count[2]       ; wm8731_configurator:u_config|i2c_master:u_i2c|state.I2C_WAIT_ACK ; CLOCK_50                                                         ; CLOCK_50    ; 20.000       ; -0.081     ; 1.025      ;
; 19.095 ; wm8731_configurator:u_config|i2c_master:u_i2c|state.I2C_IDLE     ; wm8731_configurator:u_config|i2c_master:u_i2c|state.I2C_START    ; CLOCK_50                                                         ; CLOCK_50    ; 20.000       ; -0.080     ; 0.823      ;
; 19.128 ; wm8731_configurator:u_config|i2c_master:u_i2c|state.I2C_STOP     ; wm8731_configurator:u_config|i2c_master:u_i2c|state.I2C_COMPLETE ; CLOCK_50                                                         ; CLOCK_50    ; 20.000       ; -0.081     ; 0.789      ;
; 19.183 ; wm8731_configurator:u_config|i2c_master:u_i2c|state.I2C_SEND     ; wm8731_configurator:u_config|i2c_master:u_i2c|state.I2C_SEND     ; CLOCK_50                                                         ; CLOCK_50    ; 20.000       ; -0.081     ; 0.734      ;
+--------+------------------------------------------------------------------+------------------------------------------------------------------+------------------------------------------------------------------+-------------+--------------+------------+------------+


+-----------------------------------------------------------------------------------------------------------------------------------------------------------------------------------------------------------------------------------------------------------------------------------+
; Slow 1200mV 85C Model Setup: 'wm8731_configurator:u_config|i2c_master:u_i2c|state.I2C_COMPLETE'                                                                                                                                                                                   ;
+--------+-------------------------------------------+-----------------------------------------------+------------------------------------------------------------------+------------------------------------------------------------------+--------------+------------+------------+
; Slack  ; From Node                                 ; To Node                                       ; Launch Clock                                                     ; Latch Clock                                                      ; Relationship ; Clock Skew ; Data Delay ;
+--------+-------------------------------------------+-----------------------------------------------+------------------------------------------------------------------+------------------------------------------------------------------+--------------+------------+------------+
; -1.454 ; wm8731_configurator:u_config|reg_index[6] ; wm8731_configurator:u_config|reg_index[6]     ; wm8731_configurator:u_config|i2c_master:u_i2c|state.I2C_COMPLETE ; wm8731_configurator:u_config|i2c_master:u_i2c|state.I2C_COMPLETE ; 1.000        ; -0.081     ; 2.371      ;
; -1.454 ; wm8731_configurator:u_config|reg_index[6] ; wm8731_configurator:u_config|reg_index[5]     ; wm8731_configurator:u_config|i2c_master:u_i2c|state.I2C_COMPLETE ; wm8731_configurator:u_config|i2c_master:u_i2c|state.I2C_COMPLETE ; 1.000        ; -0.081     ; 2.371      ;
; -1.454 ; wm8731_configurator:u_config|reg_index[6] ; wm8731_configurator:u_config|reg_index[1]     ; wm8731_configurator:u_config|i2c_master:u_i2c|state.I2C_COMPLETE ; wm8731_configurator:u_config|i2c_master:u_i2c|state.I2C_COMPLETE ; 1.000        ; -0.081     ; 2.371      ;
; -1.454 ; wm8731_configurator:u_config|reg_index[6] ; wm8731_configurator:u_config|reg_index[2]     ; wm8731_configurator:u_config|i2c_master:u_i2c|state.I2C_COMPLETE ; wm8731_configurator:u_config|i2c_master:u_i2c|state.I2C_COMPLETE ; 1.000        ; -0.081     ; 2.371      ;
; -1.454 ; wm8731_configurator:u_config|reg_index[6] ; wm8731_configurator:u_config|reg_index[3]     ; wm8731_configurator:u_config|i2c_master:u_i2c|state.I2C_COMPLETE ; wm8731_configurator:u_config|i2c_master:u_i2c|state.I2C_COMPLETE ; 1.000        ; -0.081     ; 2.371      ;
; -1.454 ; wm8731_configurator:u_config|reg_index[6] ; wm8731_configurator:u_config|reg_index[4]     ; wm8731_configurator:u_config|i2c_master:u_i2c|state.I2C_COMPLETE ; wm8731_configurator:u_config|i2c_master:u_i2c|state.I2C_COMPLETE ; 1.000        ; -0.081     ; 2.371      ;
; -1.396 ; wm8731_configurator:u_config|reg_index[4] ; wm8731_configurator:u_config|reg_index[6]     ; wm8731_configurator:u_config|i2c_master:u_i2c|state.I2C_COMPLETE ; wm8731_configurator:u_config|i2c_master:u_i2c|state.I2C_COMPLETE ; 1.000        ; -0.081     ; 2.313      ;
; -1.396 ; wm8731_configurator:u_config|reg_index[4] ; wm8731_configurator:u_config|reg_index[5]     ; wm8731_configurator:u_config|i2c_master:u_i2c|state.I2C_COMPLETE ; wm8731_configurator:u_config|i2c_master:u_i2c|state.I2C_COMPLETE ; 1.000        ; -0.081     ; 2.313      ;
; -1.396 ; wm8731_configurator:u_config|reg_index[4] ; wm8731_configurator:u_config|reg_index[1]     ; wm8731_configurator:u_config|i2c_master:u_i2c|state.I2C_COMPLETE ; wm8731_configurator:u_config|i2c_master:u_i2c|state.I2C_COMPLETE ; 1.000        ; -0.081     ; 2.313      ;
; -1.396 ; wm8731_configurator:u_config|reg_index[4] ; wm8731_configurator:u_config|reg_index[2]     ; wm8731_configurator:u_config|i2c_master:u_i2c|state.I2C_COMPLETE ; wm8731_configurator:u_config|i2c_master:u_i2c|state.I2C_COMPLETE ; 1.000        ; -0.081     ; 2.313      ;
; -1.396 ; wm8731_configurator:u_config|reg_index[4] ; wm8731_configurator:u_config|reg_index[3]     ; wm8731_configurator:u_config|i2c_master:u_i2c|state.I2C_COMPLETE ; wm8731_configurator:u_config|i2c_master:u_i2c|state.I2C_COMPLETE ; 1.000        ; -0.081     ; 2.313      ;
; -1.396 ; wm8731_configurator:u_config|reg_index[4] ; wm8731_configurator:u_config|reg_index[4]     ; wm8731_configurator:u_config|i2c_master:u_i2c|state.I2C_COMPLETE ; wm8731_configurator:u_config|i2c_master:u_i2c|state.I2C_COMPLETE ; 1.000        ; -0.081     ; 2.313      ;
; -1.168 ; wm8731_configurator:u_config|reg_index[1] ; wm8731_configurator:u_config|reg_index[6]     ; wm8731_configurator:u_config|i2c_master:u_i2c|state.I2C_COMPLETE ; wm8731_configurator:u_config|i2c_master:u_i2c|state.I2C_COMPLETE ; 1.000        ; -0.081     ; 2.085      ;
; -1.168 ; wm8731_configurator:u_config|reg_index[1] ; wm8731_configurator:u_config|reg_index[5]     ; wm8731_configurator:u_config|i2c_master:u_i2c|state.I2C_COMPLETE ; wm8731_configurator:u_config|i2c_master:u_i2c|state.I2C_COMPLETE ; 1.000        ; -0.081     ; 2.085      ;
; -1.168 ; wm8731_configurator:u_config|reg_index[1] ; wm8731_configurator:u_config|reg_index[1]     ; wm8731_configurator:u_config|i2c_master:u_i2c|state.I2C_COMPLETE ; wm8731_configurator:u_config|i2c_master:u_i2c|state.I2C_COMPLETE ; 1.000        ; -0.081     ; 2.085      ;
; -1.168 ; wm8731_configurator:u_config|reg_index[1] ; wm8731_configurator:u_config|reg_index[2]     ; wm8731_configurator:u_config|i2c_master:u_i2c|state.I2C_COMPLETE ; wm8731_configurator:u_config|i2c_master:u_i2c|state.I2C_COMPLETE ; 1.000        ; -0.081     ; 2.085      ;
; -1.168 ; wm8731_configurator:u_config|reg_index[1] ; wm8731_configurator:u_config|reg_index[3]     ; wm8731_configurator:u_config|i2c_master:u_i2c|state.I2C_COMPLETE ; wm8731_configurator:u_config|i2c_master:u_i2c|state.I2C_COMPLETE ; 1.000        ; -0.081     ; 2.085      ;
; -1.168 ; wm8731_configurator:u_config|reg_index[1] ; wm8731_configurator:u_config|reg_index[4]     ; wm8731_configurator:u_config|i2c_master:u_i2c|state.I2C_COMPLETE ; wm8731_configurator:u_config|i2c_master:u_i2c|state.I2C_COMPLETE ; 1.000        ; -0.081     ; 2.085      ;
; -1.150 ; wm8731_configurator:u_config|reg_index[0] ; wm8731_configurator:u_config|command_word[4]  ; wm8731_configurator:u_config|i2c_master:u_i2c|state.I2C_COMPLETE ; wm8731_configurator:u_config|i2c_master:u_i2c|state.I2C_COMPLETE ; 1.000        ; -0.080     ; 2.068      ;
; -1.133 ; wm8731_configurator:u_config|reg_index[6] ; wm8731_configurator:u_config|command_word[8]  ; wm8731_configurator:u_config|i2c_master:u_i2c|state.I2C_COMPLETE ; wm8731_configurator:u_config|i2c_master:u_i2c|state.I2C_COMPLETE ; 1.000        ; -0.080     ; 2.051      ;
; -1.133 ; wm8731_configurator:u_config|reg_index[5] ; wm8731_configurator:u_config|reg_index[6]     ; wm8731_configurator:u_config|i2c_master:u_i2c|state.I2C_COMPLETE ; wm8731_configurator:u_config|i2c_master:u_i2c|state.I2C_COMPLETE ; 1.000        ; -0.081     ; 2.050      ;
; -1.133 ; wm8731_configurator:u_config|reg_index[5] ; wm8731_configurator:u_config|reg_index[5]     ; wm8731_configurator:u_config|i2c_master:u_i2c|state.I2C_COMPLETE ; wm8731_configurator:u_config|i2c_master:u_i2c|state.I2C_COMPLETE ; 1.000        ; -0.081     ; 2.050      ;
; -1.133 ; wm8731_configurator:u_config|reg_index[5] ; wm8731_configurator:u_config|reg_index[1]     ; wm8731_configurator:u_config|i2c_master:u_i2c|state.I2C_COMPLETE ; wm8731_configurator:u_config|i2c_master:u_i2c|state.I2C_COMPLETE ; 1.000        ; -0.081     ; 2.050      ;
; -1.133 ; wm8731_configurator:u_config|reg_index[5] ; wm8731_configurator:u_config|reg_index[2]     ; wm8731_configurator:u_config|i2c_master:u_i2c|state.I2C_COMPLETE ; wm8731_configurator:u_config|i2c_master:u_i2c|state.I2C_COMPLETE ; 1.000        ; -0.081     ; 2.050      ;
; -1.133 ; wm8731_configurator:u_config|reg_index[5] ; wm8731_configurator:u_config|reg_index[3]     ; wm8731_configurator:u_config|i2c_master:u_i2c|state.I2C_COMPLETE ; wm8731_configurator:u_config|i2c_master:u_i2c|state.I2C_COMPLETE ; 1.000        ; -0.081     ; 2.050      ;
; -1.133 ; wm8731_configurator:u_config|reg_index[5] ; wm8731_configurator:u_config|reg_index[4]     ; wm8731_configurator:u_config|i2c_master:u_i2c|state.I2C_COMPLETE ; wm8731_configurator:u_config|i2c_master:u_i2c|state.I2C_COMPLETE ; 1.000        ; -0.081     ; 2.050      ;
; -1.131 ; wm8731_configurator:u_config|reg_index[6] ; wm8731_configurator:u_config|command_word[6]  ; wm8731_configurator:u_config|i2c_master:u_i2c|state.I2C_COMPLETE ; wm8731_configurator:u_config|i2c_master:u_i2c|state.I2C_COMPLETE ; 1.000        ; -0.080     ; 2.049      ;
; -1.106 ; wm8731_configurator:u_config|reg_index[0] ; wm8731_configurator:u_config|command_word[7]  ; wm8731_configurator:u_config|i2c_master:u_i2c|state.I2C_COMPLETE ; wm8731_configurator:u_config|i2c_master:u_i2c|state.I2C_COMPLETE ; 1.000        ; -0.080     ; 2.024      ;
; -1.075 ; wm8731_configurator:u_config|reg_index[2] ; wm8731_configurator:u_config|reg_index[6]     ; wm8731_configurator:u_config|i2c_master:u_i2c|state.I2C_COMPLETE ; wm8731_configurator:u_config|i2c_master:u_i2c|state.I2C_COMPLETE ; 1.000        ; -0.081     ; 1.992      ;
; -1.075 ; wm8731_configurator:u_config|reg_index[2] ; wm8731_configurator:u_config|reg_index[5]     ; wm8731_configurator:u_config|i2c_master:u_i2c|state.I2C_COMPLETE ; wm8731_configurator:u_config|i2c_master:u_i2c|state.I2C_COMPLETE ; 1.000        ; -0.081     ; 1.992      ;
; -1.075 ; wm8731_configurator:u_config|reg_index[2] ; wm8731_configurator:u_config|reg_index[1]     ; wm8731_configurator:u_config|i2c_master:u_i2c|state.I2C_COMPLETE ; wm8731_configurator:u_config|i2c_master:u_i2c|state.I2C_COMPLETE ; 1.000        ; -0.081     ; 1.992      ;
; -1.075 ; wm8731_configurator:u_config|reg_index[2] ; wm8731_configurator:u_config|reg_index[2]     ; wm8731_configurator:u_config|i2c_master:u_i2c|state.I2C_COMPLETE ; wm8731_configurator:u_config|i2c_master:u_i2c|state.I2C_COMPLETE ; 1.000        ; -0.081     ; 1.992      ;
; -1.075 ; wm8731_configurator:u_config|reg_index[2] ; wm8731_configurator:u_config|reg_index[3]     ; wm8731_configurator:u_config|i2c_master:u_i2c|state.I2C_COMPLETE ; wm8731_configurator:u_config|i2c_master:u_i2c|state.I2C_COMPLETE ; 1.000        ; -0.081     ; 1.992      ;
; -1.075 ; wm8731_configurator:u_config|reg_index[2] ; wm8731_configurator:u_config|reg_index[4]     ; wm8731_configurator:u_config|i2c_master:u_i2c|state.I2C_COMPLETE ; wm8731_configurator:u_config|i2c_master:u_i2c|state.I2C_COMPLETE ; 1.000        ; -0.081     ; 1.992      ;
; -1.075 ; wm8731_configurator:u_config|reg_index[4] ; wm8731_configurator:u_config|command_word[8]  ; wm8731_configurator:u_config|i2c_master:u_i2c|state.I2C_COMPLETE ; wm8731_configurator:u_config|i2c_master:u_i2c|state.I2C_COMPLETE ; 1.000        ; -0.080     ; 1.993      ;
; -1.073 ; wm8731_configurator:u_config|reg_index[4] ; wm8731_configurator:u_config|command_word[6]  ; wm8731_configurator:u_config|i2c_master:u_i2c|state.I2C_COMPLETE ; wm8731_configurator:u_config|i2c_master:u_i2c|state.I2C_COMPLETE ; 1.000        ; -0.080     ; 1.991      ;
; -1.053 ; wm8731_configurator:u_config|reg_index[1] ; wm8731_configurator:u_config|command_word[0]  ; wm8731_configurator:u_config|i2c_master:u_i2c|state.I2C_COMPLETE ; wm8731_configurator:u_config|i2c_master:u_i2c|state.I2C_COMPLETE ; 1.000        ; -0.079     ; 1.972      ;
; -1.048 ; wm8731_configurator:u_config|reg_index[0] ; wm8731_configurator:u_config|command_word[0]  ; wm8731_configurator:u_config|i2c_master:u_i2c|state.I2C_COMPLETE ; wm8731_configurator:u_config|i2c_master:u_i2c|state.I2C_COMPLETE ; 1.000        ; -0.079     ; 1.967      ;
; -1.026 ; wm8731_configurator:u_config|reg_index[1] ; wm8731_configurator:u_config|command_word[2]  ; wm8731_configurator:u_config|i2c_master:u_i2c|state.I2C_COMPLETE ; wm8731_configurator:u_config|i2c_master:u_i2c|state.I2C_COMPLETE ; 1.000        ; -0.079     ; 1.945      ;
; -0.998 ; wm8731_configurator:u_config|reg_index[1] ; wm8731_configurator:u_config|command_word[11] ; wm8731_configurator:u_config|i2c_master:u_i2c|state.I2C_COMPLETE ; wm8731_configurator:u_config|i2c_master:u_i2c|state.I2C_COMPLETE ; 1.000        ; -0.080     ; 1.916      ;
; -0.998 ; wm8731_configurator:u_config|reg_index[0] ; wm8731_configurator:u_config|reg_index[6]     ; wm8731_configurator:u_config|i2c_master:u_i2c|state.I2C_COMPLETE ; wm8731_configurator:u_config|i2c_master:u_i2c|state.I2C_COMPLETE ; 1.000        ; -0.081     ; 1.915      ;
; -0.987 ; wm8731_configurator:u_config|reg_index[6] ; wm8731_configurator:u_config|reg_index[0]     ; wm8731_configurator:u_config|i2c_master:u_i2c|state.I2C_COMPLETE ; wm8731_configurator:u_config|i2c_master:u_i2c|state.I2C_COMPLETE ; 1.000        ; -0.081     ; 1.904      ;
; -0.982 ; wm8731_configurator:u_config|reg_index[6] ; wm8731_configurator:u_config|transfer_enable  ; wm8731_configurator:u_config|i2c_master:u_i2c|state.I2C_COMPLETE ; wm8731_configurator:u_config|i2c_master:u_i2c|state.I2C_COMPLETE ; 1.000        ; -0.081     ; 1.899      ;
; -0.964 ; wm8731_configurator:u_config|reg_index[0] ; wm8731_configurator:u_config|command_word[2]  ; wm8731_configurator:u_config|i2c_master:u_i2c|state.I2C_COMPLETE ; wm8731_configurator:u_config|i2c_master:u_i2c|state.I2C_COMPLETE ; 1.000        ; -0.079     ; 1.883      ;
; -0.948 ; wm8731_configurator:u_config|reg_index[1] ; wm8731_configurator:u_config|command_word[7]  ; wm8731_configurator:u_config|i2c_master:u_i2c|state.I2C_COMPLETE ; wm8731_configurator:u_config|i2c_master:u_i2c|state.I2C_COMPLETE ; 1.000        ; -0.080     ; 1.866      ;
; -0.947 ; wm8731_configurator:u_config|reg_index[1] ; wm8731_configurator:u_config|command_word[4]  ; wm8731_configurator:u_config|i2c_master:u_i2c|state.I2C_COMPLETE ; wm8731_configurator:u_config|i2c_master:u_i2c|state.I2C_COMPLETE ; 1.000        ; -0.080     ; 1.865      ;
; -0.943 ; wm8731_configurator:u_config|reg_index[3] ; wm8731_configurator:u_config|reg_index[6]     ; wm8731_configurator:u_config|i2c_master:u_i2c|state.I2C_COMPLETE ; wm8731_configurator:u_config|i2c_master:u_i2c|state.I2C_COMPLETE ; 1.000        ; -0.081     ; 1.860      ;
; -0.943 ; wm8731_configurator:u_config|reg_index[3] ; wm8731_configurator:u_config|reg_index[5]     ; wm8731_configurator:u_config|i2c_master:u_i2c|state.I2C_COMPLETE ; wm8731_configurator:u_config|i2c_master:u_i2c|state.I2C_COMPLETE ; 1.000        ; -0.081     ; 1.860      ;
; -0.943 ; wm8731_configurator:u_config|reg_index[3] ; wm8731_configurator:u_config|reg_index[1]     ; wm8731_configurator:u_config|i2c_master:u_i2c|state.I2C_COMPLETE ; wm8731_configurator:u_config|i2c_master:u_i2c|state.I2C_COMPLETE ; 1.000        ; -0.081     ; 1.860      ;
; -0.943 ; wm8731_configurator:u_config|reg_index[3] ; wm8731_configurator:u_config|reg_index[2]     ; wm8731_configurator:u_config|i2c_master:u_i2c|state.I2C_COMPLETE ; wm8731_configurator:u_config|i2c_master:u_i2c|state.I2C_COMPLETE ; 1.000        ; -0.081     ; 1.860      ;
; -0.943 ; wm8731_configurator:u_config|reg_index[3] ; wm8731_configurator:u_config|reg_index[3]     ; wm8731_configurator:u_config|i2c_master:u_i2c|state.I2C_COMPLETE ; wm8731_configurator:u_config|i2c_master:u_i2c|state.I2C_COMPLETE ; 1.000        ; -0.081     ; 1.860      ;
; -0.943 ; wm8731_configurator:u_config|reg_index[3] ; wm8731_configurator:u_config|reg_index[4]     ; wm8731_configurator:u_config|i2c_master:u_i2c|state.I2C_COMPLETE ; wm8731_configurator:u_config|i2c_master:u_i2c|state.I2C_COMPLETE ; 1.000        ; -0.081     ; 1.860      ;
; -0.929 ; wm8731_configurator:u_config|reg_index[4] ; wm8731_configurator:u_config|reg_index[0]     ; wm8731_configurator:u_config|i2c_master:u_i2c|state.I2C_COMPLETE ; wm8731_configurator:u_config|i2c_master:u_i2c|state.I2C_COMPLETE ; 1.000        ; -0.081     ; 1.846      ;
; -0.924 ; wm8731_configurator:u_config|reg_index[4] ; wm8731_configurator:u_config|transfer_enable  ; wm8731_configurator:u_config|i2c_master:u_i2c|state.I2C_COMPLETE ; wm8731_configurator:u_config|i2c_master:u_i2c|state.I2C_COMPLETE ; 1.000        ; -0.081     ; 1.841      ;
; -0.921 ; wm8731_configurator:u_config|reg_index[3] ; wm8731_configurator:u_config|command_word[11] ; wm8731_configurator:u_config|i2c_master:u_i2c|state.I2C_COMPLETE ; wm8731_configurator:u_config|i2c_master:u_i2c|state.I2C_COMPLETE ; 1.000        ; -0.080     ; 1.839      ;
; -0.917 ; wm8731_configurator:u_config|reg_index[3] ; wm8731_configurator:u_config|command_word[4]  ; wm8731_configurator:u_config|i2c_master:u_i2c|state.I2C_COMPLETE ; wm8731_configurator:u_config|i2c_master:u_i2c|state.I2C_COMPLETE ; 1.000        ; -0.080     ; 1.835      ;
; -0.906 ; wm8731_configurator:u_config|reg_index[0] ; wm8731_configurator:u_config|reg_index[5]     ; wm8731_configurator:u_config|i2c_master:u_i2c|state.I2C_COMPLETE ; wm8731_configurator:u_config|i2c_master:u_i2c|state.I2C_COMPLETE ; 1.000        ; -0.081     ; 1.823      ;
; -0.898 ; wm8731_configurator:u_config|reg_index[3] ; wm8731_configurator:u_config|command_word[0]  ; wm8731_configurator:u_config|i2c_master:u_i2c|state.I2C_COMPLETE ; wm8731_configurator:u_config|i2c_master:u_i2c|state.I2C_COMPLETE ; 1.000        ; -0.079     ; 1.817      ;
; -0.898 ; wm8731_configurator:u_config|reg_index[0] ; wm8731_configurator:u_config|command_word[11] ; wm8731_configurator:u_config|i2c_master:u_i2c|state.I2C_COMPLETE ; wm8731_configurator:u_config|i2c_master:u_i2c|state.I2C_COMPLETE ; 1.000        ; -0.080     ; 1.816      ;
; -0.880 ; wm8731_configurator:u_config|reg_index[3] ; wm8731_configurator:u_config|command_word[7]  ; wm8731_configurator:u_config|i2c_master:u_i2c|state.I2C_COMPLETE ; wm8731_configurator:u_config|i2c_master:u_i2c|state.I2C_COMPLETE ; 1.000        ; -0.080     ; 1.798      ;
; -0.866 ; wm8731_configurator:u_config|reg_index[0] ; wm8731_configurator:u_config|reg_index[4]     ; wm8731_configurator:u_config|i2c_master:u_i2c|state.I2C_COMPLETE ; wm8731_configurator:u_config|i2c_master:u_i2c|state.I2C_COMPLETE ; 1.000        ; -0.081     ; 1.783      ;
; -0.865 ; wm8731_configurator:u_config|reg_index[3] ; wm8731_configurator:u_config|command_word[2]  ; wm8731_configurator:u_config|i2c_master:u_i2c|state.I2C_COMPLETE ; wm8731_configurator:u_config|i2c_master:u_i2c|state.I2C_COMPLETE ; 1.000        ; -0.079     ; 1.784      ;
; -0.847 ; wm8731_configurator:u_config|reg_index[1] ; wm8731_configurator:u_config|command_word[8]  ; wm8731_configurator:u_config|i2c_master:u_i2c|state.I2C_COMPLETE ; wm8731_configurator:u_config|i2c_master:u_i2c|state.I2C_COMPLETE ; 1.000        ; -0.080     ; 1.765      ;
; -0.845 ; wm8731_configurator:u_config|reg_index[1] ; wm8731_configurator:u_config|command_word[6]  ; wm8731_configurator:u_config|i2c_master:u_i2c|state.I2C_COMPLETE ; wm8731_configurator:u_config|i2c_master:u_i2c|state.I2C_COMPLETE ; 1.000        ; -0.080     ; 1.763      ;
; -0.814 ; wm8731_configurator:u_config|reg_index[1] ; wm8731_configurator:u_config|command_word[10] ; wm8731_configurator:u_config|i2c_master:u_i2c|state.I2C_COMPLETE ; wm8731_configurator:u_config|i2c_master:u_i2c|state.I2C_COMPLETE ; 1.000        ; -0.080     ; 1.732      ;
; -0.812 ; wm8731_configurator:u_config|reg_index[5] ; wm8731_configurator:u_config|command_word[8]  ; wm8731_configurator:u_config|i2c_master:u_i2c|state.I2C_COMPLETE ; wm8731_configurator:u_config|i2c_master:u_i2c|state.I2C_COMPLETE ; 1.000        ; -0.080     ; 1.730      ;
; -0.810 ; wm8731_configurator:u_config|reg_index[5] ; wm8731_configurator:u_config|command_word[6]  ; wm8731_configurator:u_config|i2c_master:u_i2c|state.I2C_COMPLETE ; wm8731_configurator:u_config|i2c_master:u_i2c|state.I2C_COMPLETE ; 1.000        ; -0.080     ; 1.728      ;
; -0.793 ; wm8731_configurator:u_config|reg_index[5] ; wm8731_configurator:u_config|command_word[9]  ; wm8731_configurator:u_config|i2c_master:u_i2c|state.I2C_COMPLETE ; wm8731_configurator:u_config|i2c_master:u_i2c|state.I2C_COMPLETE ; 1.000        ; -0.080     ; 1.711      ;
; -0.780 ; wm8731_configurator:u_config|reg_index[2] ; wm8731_configurator:u_config|command_word[0]  ; wm8731_configurator:u_config|i2c_master:u_i2c|state.I2C_COMPLETE ; wm8731_configurator:u_config|i2c_master:u_i2c|state.I2C_COMPLETE ; 1.000        ; -0.079     ; 1.699      ;
; -0.774 ; wm8731_configurator:u_config|reg_index[0] ; wm8731_configurator:u_config|reg_index[3]     ; wm8731_configurator:u_config|i2c_master:u_i2c|state.I2C_COMPLETE ; wm8731_configurator:u_config|i2c_master:u_i2c|state.I2C_COMPLETE ; 1.000        ; -0.081     ; 1.691      ;
; -0.773 ; wm8731_configurator:u_config|reg_index[3] ; wm8731_configurator:u_config|command_word[10] ; wm8731_configurator:u_config|i2c_master:u_i2c|state.I2C_COMPLETE ; wm8731_configurator:u_config|i2c_master:u_i2c|state.I2C_COMPLETE ; 1.000        ; -0.080     ; 1.691      ;
; -0.768 ; wm8731_configurator:u_config|reg_index[0] ; wm8731_configurator:u_config|command_word[12] ; wm8731_configurator:u_config|i2c_master:u_i2c|state.I2C_COMPLETE ; wm8731_configurator:u_config|i2c_master:u_i2c|state.I2C_COMPLETE ; 1.000        ; 0.302      ; 2.068      ;
; -0.754 ; wm8731_configurator:u_config|reg_index[2] ; wm8731_configurator:u_config|command_word[8]  ; wm8731_configurator:u_config|i2c_master:u_i2c|state.I2C_COMPLETE ; wm8731_configurator:u_config|i2c_master:u_i2c|state.I2C_COMPLETE ; 1.000        ; -0.080     ; 1.672      ;
; -0.752 ; wm8731_configurator:u_config|reg_index[2] ; wm8731_configurator:u_config|command_word[6]  ; wm8731_configurator:u_config|i2c_master:u_i2c|state.I2C_COMPLETE ; wm8731_configurator:u_config|i2c_master:u_i2c|state.I2C_COMPLETE ; 1.000        ; -0.080     ; 1.670      ;
; -0.746 ; wm8731_configurator:u_config|reg_index[2] ; wm8731_configurator:u_config|command_word[2]  ; wm8731_configurator:u_config|i2c_master:u_i2c|state.I2C_COMPLETE ; wm8731_configurator:u_config|i2c_master:u_i2c|state.I2C_COMPLETE ; 1.000        ; -0.079     ; 1.665      ;
; -0.734 ; wm8731_configurator:u_config|reg_index[0] ; wm8731_configurator:u_config|reg_index[2]     ; wm8731_configurator:u_config|i2c_master:u_i2c|state.I2C_COMPLETE ; wm8731_configurator:u_config|i2c_master:u_i2c|state.I2C_COMPLETE ; 1.000        ; -0.081     ; 1.651      ;
; -0.718 ; wm8731_configurator:u_config|reg_index[0] ; wm8731_configurator:u_config|command_word[10] ; wm8731_configurator:u_config|i2c_master:u_i2c|state.I2C_COMPLETE ; wm8731_configurator:u_config|i2c_master:u_i2c|state.I2C_COMPLETE ; 1.000        ; -0.080     ; 1.636      ;
; -0.705 ; wm8731_configurator:u_config|reg_index[2] ; wm8731_configurator:u_config|command_word[9]  ; wm8731_configurator:u_config|i2c_master:u_i2c|state.I2C_COMPLETE ; wm8731_configurator:u_config|i2c_master:u_i2c|state.I2C_COMPLETE ; 1.000        ; -0.080     ; 1.623      ;
; -0.701 ; wm8731_configurator:u_config|reg_index[1] ; wm8731_configurator:u_config|reg_index[0]     ; wm8731_configurator:u_config|i2c_master:u_i2c|state.I2C_COMPLETE ; wm8731_configurator:u_config|i2c_master:u_i2c|state.I2C_COMPLETE ; 1.000        ; -0.081     ; 1.618      ;
; -0.696 ; wm8731_configurator:u_config|reg_index[1] ; wm8731_configurator:u_config|transfer_enable  ; wm8731_configurator:u_config|i2c_master:u_i2c|state.I2C_COMPLETE ; wm8731_configurator:u_config|i2c_master:u_i2c|state.I2C_COMPLETE ; 1.000        ; -0.081     ; 1.613      ;
; -0.671 ; wm8731_configurator:u_config|reg_index[6] ; wm8731_configurator:u_config|command_word[12] ; wm8731_configurator:u_config|i2c_master:u_i2c|state.I2C_COMPLETE ; wm8731_configurator:u_config|i2c_master:u_i2c|state.I2C_COMPLETE ; 1.000        ; 0.302      ; 1.971      ;
; -0.666 ; wm8731_configurator:u_config|reg_index[5] ; wm8731_configurator:u_config|reg_index[0]     ; wm8731_configurator:u_config|i2c_master:u_i2c|state.I2C_COMPLETE ; wm8731_configurator:u_config|i2c_master:u_i2c|state.I2C_COMPLETE ; 1.000        ; -0.081     ; 1.583      ;
; -0.661 ; wm8731_configurator:u_config|reg_index[5] ; wm8731_configurator:u_config|transfer_enable  ; wm8731_configurator:u_config|i2c_master:u_i2c|state.I2C_COMPLETE ; wm8731_configurator:u_config|i2c_master:u_i2c|state.I2C_COMPLETE ; 1.000        ; -0.081     ; 1.578      ;
; -0.657 ; wm8731_configurator:u_config|reg_index[2] ; wm8731_configurator:u_config|command_word[11] ; wm8731_configurator:u_config|i2c_master:u_i2c|state.I2C_COMPLETE ; wm8731_configurator:u_config|i2c_master:u_i2c|state.I2C_COMPLETE ; 1.000        ; -0.080     ; 1.575      ;
; -0.648 ; wm8731_configurator:u_config|reg_index[0] ; wm8731_configurator:u_config|command_word[9]  ; wm8731_configurator:u_config|i2c_master:u_i2c|state.I2C_COMPLETE ; wm8731_configurator:u_config|i2c_master:u_i2c|state.I2C_COMPLETE ; 1.000        ; -0.080     ; 1.566      ;
; -0.643 ; wm8731_configurator:u_config|reg_index[4] ; wm8731_configurator:u_config|command_word[9]  ; wm8731_configurator:u_config|i2c_master:u_i2c|state.I2C_COMPLETE ; wm8731_configurator:u_config|i2c_master:u_i2c|state.I2C_COMPLETE ; 1.000        ; -0.080     ; 1.561      ;
; -0.633 ; wm8731_configurator:u_config|reg_index[3] ; wm8731_configurator:u_config|command_word[8]  ; wm8731_configurator:u_config|i2c_master:u_i2c|state.I2C_COMPLETE ; wm8731_configurator:u_config|i2c_master:u_i2c|state.I2C_COMPLETE ; 1.000        ; -0.080     ; 1.551      ;
; -0.631 ; wm8731_configurator:u_config|reg_index[3] ; wm8731_configurator:u_config|command_word[6]  ; wm8731_configurator:u_config|i2c_master:u_i2c|state.I2C_COMPLETE ; wm8731_configurator:u_config|i2c_master:u_i2c|state.I2C_COMPLETE ; 1.000        ; -0.080     ; 1.549      ;
; -0.609 ; wm8731_configurator:u_config|reg_index[2] ; wm8731_configurator:u_config|command_word[4]  ; wm8731_configurator:u_config|i2c_master:u_i2c|state.I2C_COMPLETE ; wm8731_configurator:u_config|i2c_master:u_i2c|state.I2C_COMPLETE ; 1.000        ; -0.080     ; 1.527      ;
; -0.608 ; wm8731_configurator:u_config|reg_index[2] ; wm8731_configurator:u_config|reg_index[0]     ; wm8731_configurator:u_config|i2c_master:u_i2c|state.I2C_COMPLETE ; wm8731_configurator:u_config|i2c_master:u_i2c|state.I2C_COMPLETE ; 1.000        ; -0.081     ; 1.525      ;
; -0.606 ; wm8731_configurator:u_config|reg_index[2] ; wm8731_configurator:u_config|command_word[7]  ; wm8731_configurator:u_config|i2c_master:u_i2c|state.I2C_COMPLETE ; wm8731_configurator:u_config|i2c_master:u_i2c|state.I2C_COMPLETE ; 1.000        ; -0.080     ; 1.524      ;
; -0.603 ; wm8731_configurator:u_config|reg_index[2] ; wm8731_configurator:u_config|transfer_enable  ; wm8731_configurator:u_config|i2c_master:u_i2c|state.I2C_COMPLETE ; wm8731_configurator:u_config|i2c_master:u_i2c|state.I2C_COMPLETE ; 1.000        ; -0.081     ; 1.520      ;
; -0.578 ; wm8731_configurator:u_config|reg_index[4] ; wm8731_configurator:u_config|command_word[0]  ; wm8731_configurator:u_config|i2c_master:u_i2c|state.I2C_COMPLETE ; wm8731_configurator:u_config|i2c_master:u_i2c|state.I2C_COMPLETE ; 1.000        ; -0.079     ; 1.497      ;
; -0.578 ; wm8731_configurator:u_config|reg_index[4] ; wm8731_configurator:u_config|command_word[2]  ; wm8731_configurator:u_config|i2c_master:u_i2c|state.I2C_COMPLETE ; wm8731_configurator:u_config|i2c_master:u_i2c|state.I2C_COMPLETE ; 1.000        ; -0.079     ; 1.497      ;
; -0.568 ; wm8731_configurator:u_config|reg_index[1] ; wm8731_configurator:u_config|command_word[12] ; wm8731_configurator:u_config|i2c_master:u_i2c|state.I2C_COMPLETE ; wm8731_configurator:u_config|i2c_master:u_i2c|state.I2C_COMPLETE ; 1.000        ; 0.302      ; 1.868      ;
; -0.537 ; wm8731_configurator:u_config|reg_index[3] ; wm8731_configurator:u_config|command_word[12] ; wm8731_configurator:u_config|i2c_master:u_i2c|state.I2C_COMPLETE ; wm8731_configurator:u_config|i2c_master:u_i2c|state.I2C_COMPLETE ; 1.000        ; 0.302      ; 1.837      ;
; -0.527 ; wm8731_configurator:u_config|reg_index[5] ; wm8731_configurator:u_config|command_word[0]  ; wm8731_configurator:u_config|i2c_master:u_i2c|state.I2C_COMPLETE ; wm8731_configurator:u_config|i2c_master:u_i2c|state.I2C_COMPLETE ; 1.000        ; -0.079     ; 1.446      ;
; -0.527 ; wm8731_configurator:u_config|reg_index[5] ; wm8731_configurator:u_config|command_word[2]  ; wm8731_configurator:u_config|i2c_master:u_i2c|state.I2C_COMPLETE ; wm8731_configurator:u_config|i2c_master:u_i2c|state.I2C_COMPLETE ; 1.000        ; -0.079     ; 1.446      ;
; -0.476 ; wm8731_configurator:u_config|reg_index[3] ; wm8731_configurator:u_config|reg_index[0]     ; wm8731_configurator:u_config|i2c_master:u_i2c|state.I2C_COMPLETE ; wm8731_configurator:u_config|i2c_master:u_i2c|state.I2C_COMPLETE ; 1.000        ; -0.081     ; 1.393      ;
; -0.472 ; wm8731_configurator:u_config|reg_index[0] ; wm8731_configurator:u_config|command_word[8]  ; wm8731_configurator:u_config|i2c_master:u_i2c|state.I2C_COMPLETE ; wm8731_configurator:u_config|i2c_master:u_i2c|state.I2C_COMPLETE ; 1.000        ; -0.080     ; 1.390      ;
+--------+-------------------------------------------+-----------------------------------------------+------------------------------------------------------------------+------------------------------------------------------------------+--------------+------------+------------+


+-----------------------------------------------------------------------------------------------------------------------------------------------------------------------------------------------------------------------------------------------------------------------+
; Slow 1200mV 85C Model Hold: 'CLOCK_50'                                                                                                                                                                                                                                ;
+-------+------------------------------------------------------------------+------------------------------------------------------------------+------------------------------------------------------------------+-------------+--------------+------------+------------+
; Slack ; From Node                                                        ; To Node                                                          ; Launch Clock                                                     ; Latch Clock ; Relationship ; Clock Skew ; Data Delay ;
+-------+------------------------------------------------------------------+------------------------------------------------------------------+------------------------------------------------------------------+-------------+--------------+------------+------------+
; 0.402 ; wm8731_configurator:u_config|i2c_master:u_i2c|state.I2C_SEND     ; wm8731_configurator:u_config|i2c_master:u_i2c|state.I2C_SEND     ; CLOCK_50                                                         ; CLOCK_50    ; 0.000        ; 0.081      ; 0.669      ;
; 0.402 ; wm8731_configurator:u_config|i2c_master:u_i2c|bit_count[4]       ; wm8731_configurator:u_config|i2c_master:u_i2c|bit_count[4]       ; CLOCK_50                                                         ; CLOCK_50    ; 0.000        ; 0.081      ; 0.669      ;
; 0.429 ; wm8731_configurator:u_config|i2c_master:u_i2c|state.I2C_STOP     ; wm8731_configurator:u_config|i2c_master:u_i2c|state.I2C_COMPLETE ; CLOCK_50                                                         ; CLOCK_50    ; 0.000        ; 0.081      ; 0.696      ;
; 0.435 ; wm8731_configurator:u_config|i2c_master:u_i2c|state.I2C_IDLE     ; wm8731_configurator:u_config|i2c_master:u_i2c|state.I2C_START    ; CLOCK_50                                                         ; CLOCK_50    ; 0.000        ; 0.080      ; 0.701      ;
; 0.605 ; wm8731_configurator:u_config|i2c_master:u_i2c|bit_count[2]       ; wm8731_configurator:u_config|i2c_master:u_i2c|state.I2C_WAIT_ACK ; CLOCK_50                                                         ; CLOCK_50    ; 0.000        ; 0.081      ; 0.872      ;
; 0.677 ; wm8731_configurator:u_config|i2c_master:u_i2c|state.I2C_SEND     ; wm8731_configurator:u_config|i2c_master:u_i2c|scl_reg            ; CLOCK_50                                                         ; CLOCK_50    ; 0.000        ; 0.081      ; 0.944      ;
; 0.685 ; wm8731_configurator:u_config|i2c_master:u_i2c|state.I2C_SEND     ; wm8731_configurator:u_config|i2c_master:u_i2c|bit_count[1]       ; CLOCK_50                                                         ; CLOCK_50    ; 0.000        ; 0.081      ; 0.952      ;
; 0.686 ; wm8731_configurator:u_config|i2c_master:u_i2c|state.I2C_SEND     ; wm8731_configurator:u_config|i2c_master:u_i2c|state.I2C_WAIT_ACK ; CLOCK_50                                                         ; CLOCK_50    ; 0.000        ; 0.081      ; 0.953      ;
; 0.688 ; wm8731_configurator:u_config|i2c_master:u_i2c|state.I2C_SEND     ; wm8731_configurator:u_config|i2c_master:u_i2c|bit_count[3]       ; CLOCK_50                                                         ; CLOCK_50    ; 0.000        ; 0.081      ; 0.955      ;
; 0.688 ; wm8731_configurator:u_config|i2c_master:u_i2c|state.I2C_SEND     ; wm8731_configurator:u_config|i2c_master:u_i2c|bit_count[2]       ; CLOCK_50                                                         ; CLOCK_50    ; 0.000        ; 0.081      ; 0.955      ;
; 0.691 ; wm8731_configurator:u_config|i2c_master:u_i2c|state.I2C_SEND     ; wm8731_configurator:u_config|i2c_master:u_i2c|bit_count[0]       ; CLOCK_50                                                         ; CLOCK_50    ; 0.000        ; 0.081      ; 0.958      ;
; 0.722 ; wm8731_configurator:u_config|i2c_master:u_i2c|bit_count[2]       ; wm8731_configurator:u_config|i2c_master:u_i2c|state.I2C_SEND     ; CLOCK_50                                                         ; CLOCK_50    ; 0.000        ; 0.081      ; 0.989      ;
; 0.777 ; wm8731_configurator:u_config|transfer_enable                     ; wm8731_configurator:u_config|i2c_master:u_i2c|state.I2C_START    ; wm8731_configurator:u_config|i2c_master:u_i2c|state.I2C_COMPLETE ; CLOCK_50    ; 0.000        ; 0.351      ; 1.344      ;
; 0.936 ; wm8731_configurator:u_config|i2c_master:u_i2c|bit_count[2]       ; wm8731_configurator:u_config|i2c_master:u_i2c|bit_count[4]       ; CLOCK_50                                                         ; CLOCK_50    ; 0.000        ; 0.081      ; 1.203      ;
; 0.937 ; wm8731_configurator:u_config|i2c_master:u_i2c|state.I2C_SEND     ; wm8731_configurator:u_config|i2c_master:u_i2c|sda_reg            ; CLOCK_50                                                         ; CLOCK_50    ; 0.000        ; 0.083      ; 1.206      ;
; 0.972 ; wm8731_configurator:u_config|i2c_master:u_i2c|state.I2C_SEND     ; wm8731_configurator:u_config|i2c_master:u_i2c|bit_count[4]       ; CLOCK_50                                                         ; CLOCK_50    ; 0.000        ; 0.081      ; 1.239      ;
; 0.981 ; wm8731_configurator:u_config|i2c_master:u_i2c|state.I2C_COMPLETE ; wm8731_configurator:u_config|i2c_master:u_i2c|sda_reg            ; wm8731_configurator:u_config|i2c_master:u_i2c|state.I2C_COMPLETE ; CLOCK_50    ; 0.000        ; 3.071      ; 4.500      ;
; 1.011 ; wm8731_configurator:u_config|i2c_master:u_i2c|state.I2C_COMPLETE ; wm8731_configurator:u_config|i2c_master:u_i2c|state.I2C_IDLE     ; wm8731_configurator:u_config|i2c_master:u_i2c|state.I2C_COMPLETE ; CLOCK_50    ; 0.000        ; 3.071      ; 4.530      ;
; 1.025 ; wm8731_configurator:u_config|i2c_master:u_i2c|state.I2C_START    ; wm8731_configurator:u_config|i2c_master:u_i2c|state.I2C_SEND     ; CLOCK_50                                                         ; CLOCK_50    ; 0.000        ; 0.078      ; 1.289      ;
; 1.093 ; wm8731_configurator:u_config|i2c_master:u_i2c|state.I2C_START    ; wm8731_configurator:u_config|i2c_master:u_i2c|bit_count[4]       ; CLOCK_50                                                         ; CLOCK_50    ; 0.000        ; 0.078      ; 1.357      ;
; 1.120 ; wm8731_configurator:u_config|i2c_master:u_i2c|bit_count[3]       ; wm8731_configurator:u_config|i2c_master:u_i2c|bit_count[3]       ; CLOCK_50                                                         ; CLOCK_50    ; 0.000        ; 0.081      ; 1.387      ;
; 1.160 ; wm8731_configurator:u_config|i2c_master:u_i2c|state.I2C_WAIT_ACK ; wm8731_configurator:u_config|i2c_master:u_i2c|state.I2C_STOP     ; CLOCK_50                                                         ; CLOCK_50    ; 0.000        ; 0.088      ; 1.434      ;
; 1.166 ; wm8731_configurator:u_config|i2c_master:u_i2c|bit_count[3]       ; wm8731_configurator:u_config|i2c_master:u_i2c|state.I2C_SEND     ; CLOCK_50                                                         ; CLOCK_50    ; 0.000        ; 0.081      ; 1.433      ;
; 1.241 ; wm8731_configurator:u_config|i2c_master:u_i2c|bit_count[0]       ; wm8731_configurator:u_config|i2c_master:u_i2c|bit_count[0]       ; CLOCK_50                                                         ; CLOCK_50    ; 0.000        ; 0.081      ; 1.508      ;
; 1.261 ; wm8731_configurator:u_config|i2c_master:u_i2c|bit_count[1]       ; wm8731_configurator:u_config|i2c_master:u_i2c|bit_count[1]       ; CLOCK_50                                                         ; CLOCK_50    ; 0.000        ; 0.081      ; 1.528      ;
; 1.276 ; wm8731_configurator:u_config|i2c_master:u_i2c|bit_count[2]       ; wm8731_configurator:u_config|i2c_master:u_i2c|bit_count[2]       ; CLOCK_50                                                         ; CLOCK_50    ; 0.000        ; 0.081      ; 1.543      ;
; 1.336 ; wm8731_configurator:u_config|i2c_master:u_i2c|bit_count[1]       ; wm8731_configurator:u_config|i2c_master:u_i2c|state.I2C_SEND     ; CLOCK_50                                                         ; CLOCK_50    ; 0.000        ; 0.081      ; 1.603      ;
; 1.405 ; wm8731_configurator:u_config|i2c_master:u_i2c|bit_count[3]       ; wm8731_configurator:u_config|i2c_master:u_i2c|state.I2C_WAIT_ACK ; CLOCK_50                                                         ; CLOCK_50    ; 0.000        ; 0.081      ; 1.672      ;
; 1.437 ; wm8731_configurator:u_config|i2c_master:u_i2c|bit_count[0]       ; wm8731_configurator:u_config|i2c_master:u_i2c|state.I2C_SEND     ; CLOCK_50                                                         ; CLOCK_50    ; 0.000        ; 0.081      ; 1.704      ;
; 1.456 ; wm8731_configurator:u_config|i2c_master:u_i2c|bit_count[4]       ; wm8731_configurator:u_config|i2c_master:u_i2c|state.I2C_SEND     ; CLOCK_50                                                         ; CLOCK_50    ; 0.000        ; 0.081      ; 1.723      ;
; 1.472 ; wm8731_configurator:u_config|i2c_master:u_i2c|bit_count[2]       ; wm8731_configurator:u_config|i2c_master:u_i2c|bit_count[3]       ; CLOCK_50                                                         ; CLOCK_50    ; 0.000        ; 0.081      ; 1.739      ;
; 1.479 ; wm8731_configurator:u_config|i2c_master:u_i2c|bit_count[1]       ; wm8731_configurator:u_config|i2c_master:u_i2c|bit_count[3]       ; CLOCK_50                                                         ; CLOCK_50    ; 0.000        ; 0.081      ; 1.746      ;
; 1.508 ; wm8731_configurator:u_config|i2c_master:u_i2c|bit_count[3]       ; wm8731_configurator:u_config|i2c_master:u_i2c|bit_count[4]       ; CLOCK_50                                                         ; CLOCK_50    ; 0.000        ; 0.081      ; 1.775      ;
; 1.523 ; wm8731_configurator:u_config|i2c_master:u_i2c|state.I2C_COMPLETE ; wm8731_configurator:u_config|i2c_master:u_i2c|sda_reg            ; wm8731_configurator:u_config|i2c_master:u_i2c|state.I2C_COMPLETE ; CLOCK_50    ; -0.500       ; 3.071      ; 4.542      ;
; 1.556 ; wm8731_configurator:u_config|i2c_master:u_i2c|bit_count[0]       ; wm8731_configurator:u_config|i2c_master:u_i2c|bit_count[1]       ; CLOCK_50                                                         ; CLOCK_50    ; 0.000        ; 0.081      ; 1.823      ;
; 1.557 ; wm8731_configurator:u_config|i2c_master:u_i2c|bit_count[2]       ; wm8731_configurator:u_config|i2c_master:u_i2c|bit_count[0]       ; CLOCK_50                                                         ; CLOCK_50    ; 0.000        ; 0.081      ; 1.824      ;
; 1.557 ; wm8731_configurator:u_config|i2c_master:u_i2c|bit_count[2]       ; wm8731_configurator:u_config|i2c_master:u_i2c|bit_count[1]       ; CLOCK_50                                                         ; CLOCK_50    ; 0.000        ; 0.081      ; 1.824      ;
; 1.565 ; wm8731_configurator:u_config|i2c_master:u_i2c|bit_count[0]       ; wm8731_configurator:u_config|i2c_master:u_i2c|bit_count[3]       ; CLOCK_50                                                         ; CLOCK_50    ; 0.000        ; 0.081      ; 1.832      ;
; 1.566 ; wm8731_configurator:u_config|i2c_master:u_i2c|state.I2C_COMPLETE ; wm8731_configurator:u_config|i2c_master:u_i2c|state.I2C_IDLE     ; wm8731_configurator:u_config|i2c_master:u_i2c|state.I2C_COMPLETE ; CLOCK_50    ; -0.500       ; 3.071      ; 4.585      ;
; 1.575 ; wm8731_configurator:u_config|i2c_master:u_i2c|bit_count[1]       ; wm8731_configurator:u_config|i2c_master:u_i2c|state.I2C_WAIT_ACK ; CLOCK_50                                                         ; CLOCK_50    ; 0.000        ; 0.081      ; 1.842      ;
; 1.597 ; wm8731_configurator:u_config|i2c_master:u_i2c|bit_count[1]       ; wm8731_configurator:u_config|i2c_master:u_i2c|bit_count[2]       ; CLOCK_50                                                         ; CLOCK_50    ; 0.000        ; 0.081      ; 1.864      ;
; 1.676 ; wm8731_configurator:u_config|i2c_master:u_i2c|bit_count[0]       ; wm8731_configurator:u_config|i2c_master:u_i2c|state.I2C_WAIT_ACK ; CLOCK_50                                                         ; CLOCK_50    ; 0.000        ; 0.081      ; 1.943      ;
; 1.676 ; wm8731_configurator:u_config|i2c_master:u_i2c|bit_count[4]       ; wm8731_configurator:u_config|i2c_master:u_i2c|state.I2C_WAIT_ACK ; CLOCK_50                                                         ; CLOCK_50    ; 0.000        ; 0.081      ; 1.943      ;
; 1.678 ; wm8731_configurator:u_config|i2c_master:u_i2c|bit_count[1]       ; wm8731_configurator:u_config|i2c_master:u_i2c|bit_count[4]       ; CLOCK_50                                                         ; CLOCK_50    ; 0.000        ; 0.081      ; 1.945      ;
; 1.683 ; wm8731_configurator:u_config|i2c_master:u_i2c|bit_count[0]       ; wm8731_configurator:u_config|i2c_master:u_i2c|bit_count[2]       ; CLOCK_50                                                         ; CLOCK_50    ; 0.000        ; 0.081      ; 1.950      ;
; 1.687 ; wm8731_configurator:u_config|command_word[7]                     ; wm8731_configurator:u_config|i2c_master:u_i2c|sda_reg            ; wm8731_configurator:u_config|i2c_master:u_i2c|state.I2C_COMPLETE ; CLOCK_50    ; 0.000        ; 0.350      ; 2.253      ;
; 1.709 ; wm8731_configurator:u_config|i2c_master:u_i2c|state.I2C_IDLE     ; wm8731_configurator:u_config|i2c_master:u_i2c|sda_reg            ; CLOCK_50                                                         ; CLOCK_50    ; 0.000        ; 0.080      ; 1.975      ;
; 1.712 ; wm8731_configurator:u_config|command_word[11]                    ; wm8731_configurator:u_config|i2c_master:u_i2c|sda_reg            ; wm8731_configurator:u_config|i2c_master:u_i2c|state.I2C_COMPLETE ; CLOCK_50    ; 0.000        ; 0.350      ; 2.278      ;
; 1.720 ; wm8731_configurator:u_config|command_word[0]                     ; wm8731_configurator:u_config|i2c_master:u_i2c|sda_reg            ; wm8731_configurator:u_config|i2c_master:u_i2c|state.I2C_COMPLETE ; CLOCK_50    ; 0.000        ; 0.349      ; 2.285      ;
; 1.750 ; wm8731_configurator:u_config|command_word[6]                     ; wm8731_configurator:u_config|i2c_master:u_i2c|sda_reg            ; wm8731_configurator:u_config|i2c_master:u_i2c|state.I2C_COMPLETE ; CLOCK_50    ; 0.000        ; 0.350      ; 2.316      ;
; 1.758 ; wm8731_configurator:u_config|i2c_master:u_i2c|bit_count[2]       ; wm8731_configurator:u_config|i2c_master:u_i2c|sda_reg            ; CLOCK_50                                                         ; CLOCK_50    ; 0.000        ; 0.083      ; 2.027      ;
; 1.779 ; wm8731_configurator:u_config|i2c_master:u_i2c|bit_count[0]       ; wm8731_configurator:u_config|i2c_master:u_i2c|bit_count[4]       ; CLOCK_50                                                         ; CLOCK_50    ; 0.000        ; 0.081      ; 2.046      ;
; 1.833 ; wm8731_configurator:u_config|command_word[12]                    ; wm8731_configurator:u_config|i2c_master:u_i2c|sda_reg            ; wm8731_configurator:u_config|i2c_master:u_i2c|state.I2C_COMPLETE ; CLOCK_50    ; 0.000        ; -0.032     ; 2.017      ;
; 1.843 ; wm8731_configurator:u_config|command_word[2]                     ; wm8731_configurator:u_config|i2c_master:u_i2c|sda_reg            ; wm8731_configurator:u_config|i2c_master:u_i2c|state.I2C_COMPLETE ; CLOCK_50    ; 0.000        ; 0.349      ; 2.408      ;
; 1.864 ; wm8731_configurator:u_config|command_word[9]                     ; wm8731_configurator:u_config|i2c_master:u_i2c|sda_reg            ; wm8731_configurator:u_config|i2c_master:u_i2c|state.I2C_COMPLETE ; CLOCK_50    ; 0.000        ; 0.350      ; 2.430      ;
; 1.873 ; wm8731_configurator:u_config|command_word[4]                     ; wm8731_configurator:u_config|i2c_master:u_i2c|sda_reg            ; wm8731_configurator:u_config|i2c_master:u_i2c|state.I2C_COMPLETE ; CLOCK_50    ; 0.000        ; 0.350      ; 2.439      ;
; 1.925 ; wm8731_configurator:u_config|command_word[10]                    ; wm8731_configurator:u_config|i2c_master:u_i2c|sda_reg            ; wm8731_configurator:u_config|i2c_master:u_i2c|state.I2C_COMPLETE ; CLOCK_50    ; 0.000        ; 0.350      ; 2.491      ;
; 1.955 ; wm8731_configurator:u_config|i2c_master:u_i2c|state.I2C_WAIT_ACK ; wm8731_configurator:u_config|i2c_master:u_i2c|sda_reg            ; CLOCK_50                                                         ; CLOCK_50    ; 0.000        ; 0.083      ; 2.224      ;
; 2.004 ; wm8731_configurator:u_config|transfer_enable                     ; wm8731_configurator:u_config|i2c_master:u_i2c|state.I2C_IDLE     ; wm8731_configurator:u_config|i2c_master:u_i2c|state.I2C_COMPLETE ; CLOCK_50    ; 0.000        ; 0.351      ; 2.571      ;
; 2.048 ; wm8731_configurator:u_config|i2c_master:u_i2c|state.I2C_START    ; wm8731_configurator:u_config|i2c_master:u_i2c|bit_count[0]       ; CLOCK_50                                                         ; CLOCK_50    ; 0.000        ; 0.078      ; 2.312      ;
; 2.048 ; wm8731_configurator:u_config|i2c_master:u_i2c|state.I2C_START    ; wm8731_configurator:u_config|i2c_master:u_i2c|bit_count[3]       ; CLOCK_50                                                         ; CLOCK_50    ; 0.000        ; 0.078      ; 2.312      ;
; 2.048 ; wm8731_configurator:u_config|i2c_master:u_i2c|state.I2C_START    ; wm8731_configurator:u_config|i2c_master:u_i2c|bit_count[1]       ; CLOCK_50                                                         ; CLOCK_50    ; 0.000        ; 0.078      ; 2.312      ;
; 2.048 ; wm8731_configurator:u_config|i2c_master:u_i2c|state.I2C_START    ; wm8731_configurator:u_config|i2c_master:u_i2c|bit_count[2]       ; CLOCK_50                                                         ; CLOCK_50    ; 0.000        ; 0.078      ; 2.312      ;
; 2.055 ; wm8731_configurator:u_config|command_word[8]                     ; wm8731_configurator:u_config|i2c_master:u_i2c|sda_reg            ; wm8731_configurator:u_config|i2c_master:u_i2c|state.I2C_COMPLETE ; CLOCK_50    ; 0.000        ; 0.350      ; 2.621      ;
; 2.154 ; wm8731_configurator:u_config|i2c_master:u_i2c|state.I2C_IDLE     ; wm8731_configurator:u_config|i2c_master:u_i2c|state.I2C_IDLE     ; CLOCK_50                                                         ; CLOCK_50    ; 0.000        ; 0.080      ; 2.420      ;
; 2.374 ; wm8731_configurator:u_config|i2c_master:u_i2c|bit_count[3]       ; wm8731_configurator:u_config|i2c_master:u_i2c|sda_reg            ; CLOCK_50                                                         ; CLOCK_50    ; 0.000        ; 0.083      ; 2.643      ;
; 2.388 ; wm8731_configurator:u_config|i2c_master:u_i2c|bit_count[0]       ; wm8731_configurator:u_config|i2c_master:u_i2c|sda_reg            ; CLOCK_50                                                         ; CLOCK_50    ; 0.000        ; 0.083      ; 2.657      ;
; 2.390 ; wm8731_configurator:u_config|i2c_master:u_i2c|bit_count[3]       ; wm8731_configurator:u_config|i2c_master:u_i2c|bit_count[0]       ; CLOCK_50                                                         ; CLOCK_50    ; 0.000        ; 0.081      ; 2.657      ;
; 2.390 ; wm8731_configurator:u_config|i2c_master:u_i2c|bit_count[3]       ; wm8731_configurator:u_config|i2c_master:u_i2c|bit_count[1]       ; CLOCK_50                                                         ; CLOCK_50    ; 0.000        ; 0.081      ; 2.657      ;
; 2.390 ; wm8731_configurator:u_config|i2c_master:u_i2c|bit_count[3]       ; wm8731_configurator:u_config|i2c_master:u_i2c|bit_count[2]       ; CLOCK_50                                                         ; CLOCK_50    ; 0.000        ; 0.081      ; 2.657      ;
; 2.560 ; wm8731_configurator:u_config|i2c_master:u_i2c|bit_count[1]       ; wm8731_configurator:u_config|i2c_master:u_i2c|bit_count[0]       ; CLOCK_50                                                         ; CLOCK_50    ; 0.000        ; 0.081      ; 2.827      ;
; 2.669 ; wm8731_configurator:u_config|i2c_master:u_i2c|bit_count[4]       ; wm8731_configurator:u_config|i2c_master:u_i2c|bit_count[0]       ; CLOCK_50                                                         ; CLOCK_50    ; 0.000        ; 0.081      ; 2.936      ;
; 2.669 ; wm8731_configurator:u_config|i2c_master:u_i2c|bit_count[4]       ; wm8731_configurator:u_config|i2c_master:u_i2c|bit_count[3]       ; CLOCK_50                                                         ; CLOCK_50    ; 0.000        ; 0.081      ; 2.936      ;
; 2.669 ; wm8731_configurator:u_config|i2c_master:u_i2c|bit_count[4]       ; wm8731_configurator:u_config|i2c_master:u_i2c|bit_count[1]       ; CLOCK_50                                                         ; CLOCK_50    ; 0.000        ; 0.081      ; 2.936      ;
; 2.669 ; wm8731_configurator:u_config|i2c_master:u_i2c|bit_count[4]       ; wm8731_configurator:u_config|i2c_master:u_i2c|bit_count[2]       ; CLOCK_50                                                         ; CLOCK_50    ; 0.000        ; 0.081      ; 2.936      ;
; 2.782 ; wm8731_configurator:u_config|i2c_master:u_i2c|bit_count[1]       ; wm8731_configurator:u_config|i2c_master:u_i2c|sda_reg            ; CLOCK_50                                                         ; CLOCK_50    ; 0.000        ; 0.083      ; 3.051      ;
+-------+------------------------------------------------------------------+------------------------------------------------------------------+------------------------------------------------------------------+-------------+--------------+------------+------------+


+-------------------------------------------------------------------------------------------------------------------------------------------------------------------------------------------------------------------------------------------------------------------------------------+
; Slow 1200mV 85C Model Hold: 'wm8731_configurator:u_config|i2c_master:u_i2c|state.I2C_COMPLETE'                                                                                                                                                                                      ;
+-------+----------------------------------------------+-----------------------------------------------+------------------------------------------------------------------+------------------------------------------------------------------+--------------+------------+------------+
; Slack ; From Node                                    ; To Node                                       ; Launch Clock                                                     ; Latch Clock                                                      ; Relationship ; Clock Skew ; Data Delay ;
+-------+----------------------------------------------+-----------------------------------------------+------------------------------------------------------------------+------------------------------------------------------------------+--------------+------------+------------+
; 0.402 ; wm8731_configurator:u_config|transfer_enable ; wm8731_configurator:u_config|transfer_enable  ; wm8731_configurator:u_config|i2c_master:u_i2c|state.I2C_COMPLETE ; wm8731_configurator:u_config|i2c_master:u_i2c|state.I2C_COMPLETE ; 0.000        ; 0.081      ; 0.669      ;
; 0.402 ; wm8731_configurator:u_config|reg_index[0]    ; wm8731_configurator:u_config|reg_index[0]     ; wm8731_configurator:u_config|i2c_master:u_i2c|state.I2C_COMPLETE ; wm8731_configurator:u_config|i2c_master:u_i2c|state.I2C_COMPLETE ; 0.000        ; 0.081      ; 0.669      ;
; 0.596 ; wm8731_configurator:u_config|reg_index[5]    ; wm8731_configurator:u_config|command_word[12] ; wm8731_configurator:u_config|i2c_master:u_i2c|state.I2C_COMPLETE ; wm8731_configurator:u_config|i2c_master:u_i2c|state.I2C_COMPLETE ; 0.000        ; 0.480      ; 1.262      ;
; 0.669 ; wm8731_configurator:u_config|reg_index[5]    ; wm8731_configurator:u_config|reg_index[5]     ; wm8731_configurator:u_config|i2c_master:u_i2c|state.I2C_COMPLETE ; wm8731_configurator:u_config|i2c_master:u_i2c|state.I2C_COMPLETE ; 0.000        ; 0.081      ; 0.936      ;
; 0.681 ; wm8731_configurator:u_config|reg_index[4]    ; wm8731_configurator:u_config|reg_index[4]     ; wm8731_configurator:u_config|i2c_master:u_i2c|state.I2C_COMPLETE ; wm8731_configurator:u_config|i2c_master:u_i2c|state.I2C_COMPLETE ; 0.000        ; 0.081      ; 0.948      ;
; 0.690 ; wm8731_configurator:u_config|reg_index[0]    ; wm8731_configurator:u_config|reg_index[1]     ; wm8731_configurator:u_config|i2c_master:u_i2c|state.I2C_COMPLETE ; wm8731_configurator:u_config|i2c_master:u_i2c|state.I2C_COMPLETE ; 0.000        ; 0.081      ; 0.957      ;
; 0.703 ; wm8731_configurator:u_config|reg_index[2]    ; wm8731_configurator:u_config|reg_index[2]     ; wm8731_configurator:u_config|i2c_master:u_i2c|state.I2C_COMPLETE ; wm8731_configurator:u_config|i2c_master:u_i2c|state.I2C_COMPLETE ; 0.000        ; 0.081      ; 0.970      ;
; 0.710 ; wm8731_configurator:u_config|reg_index[3]    ; wm8731_configurator:u_config|reg_index[3]     ; wm8731_configurator:u_config|i2c_master:u_i2c|state.I2C_COMPLETE ; wm8731_configurator:u_config|i2c_master:u_i2c|state.I2C_COMPLETE ; 0.000        ; 0.081      ; 0.977      ;
; 0.729 ; wm8731_configurator:u_config|reg_index[1]    ; wm8731_configurator:u_config|reg_index[1]     ; wm8731_configurator:u_config|i2c_master:u_i2c|state.I2C_COMPLETE ; wm8731_configurator:u_config|i2c_master:u_i2c|state.I2C_COMPLETE ; 0.000        ; 0.081      ; 0.996      ;
; 0.784 ; wm8731_configurator:u_config|reg_index[2]    ; wm8731_configurator:u_config|command_word[12] ; wm8731_configurator:u_config|i2c_master:u_i2c|state.I2C_COMPLETE ; wm8731_configurator:u_config|i2c_master:u_i2c|state.I2C_COMPLETE ; 0.000        ; 0.480      ; 1.450      ;
; 0.787 ; wm8731_configurator:u_config|reg_index[4]    ; wm8731_configurator:u_config|command_word[12] ; wm8731_configurator:u_config|i2c_master:u_i2c|state.I2C_COMPLETE ; wm8731_configurator:u_config|i2c_master:u_i2c|state.I2C_COMPLETE ; 0.000        ; 0.480      ; 1.453      ;
; 0.836 ; wm8731_configurator:u_config|reg_index[6]    ; wm8731_configurator:u_config|reg_index[6]     ; wm8731_configurator:u_config|i2c_master:u_i2c|state.I2C_COMPLETE ; wm8731_configurator:u_config|i2c_master:u_i2c|state.I2C_COMPLETE ; 0.000        ; 0.081      ; 1.103      ;
; 0.862 ; wm8731_configurator:u_config|reg_index[6]    ; wm8731_configurator:u_config|command_word[7]  ; wm8731_configurator:u_config|i2c_master:u_i2c|state.I2C_COMPLETE ; wm8731_configurator:u_config|i2c_master:u_i2c|state.I2C_COMPLETE ; 0.000        ; 0.081      ; 1.129      ;
; 0.864 ; wm8731_configurator:u_config|reg_index[6]    ; wm8731_configurator:u_config|command_word[4]  ; wm8731_configurator:u_config|i2c_master:u_i2c|state.I2C_COMPLETE ; wm8731_configurator:u_config|i2c_master:u_i2c|state.I2C_COMPLETE ; 0.000        ; 0.081      ; 1.131      ;
; 0.872 ; wm8731_configurator:u_config|reg_index[6]    ; wm8731_configurator:u_config|command_word[11] ; wm8731_configurator:u_config|i2c_master:u_i2c|state.I2C_COMPLETE ; wm8731_configurator:u_config|i2c_master:u_i2c|state.I2C_COMPLETE ; 0.000        ; 0.081      ; 1.139      ;
; 0.936 ; wm8731_configurator:u_config|reg_index[5]    ; wm8731_configurator:u_config|command_word[7]  ; wm8731_configurator:u_config|i2c_master:u_i2c|state.I2C_COMPLETE ; wm8731_configurator:u_config|i2c_master:u_i2c|state.I2C_COMPLETE ; 0.000        ; 0.081      ; 1.203      ;
; 0.937 ; wm8731_configurator:u_config|reg_index[5]    ; wm8731_configurator:u_config|command_word[10] ; wm8731_configurator:u_config|i2c_master:u_i2c|state.I2C_COMPLETE ; wm8731_configurator:u_config|i2c_master:u_i2c|state.I2C_COMPLETE ; 0.000        ; 0.081      ; 1.204      ;
; 0.937 ; wm8731_configurator:u_config|reg_index[5]    ; wm8731_configurator:u_config|command_word[4]  ; wm8731_configurator:u_config|i2c_master:u_i2c|state.I2C_COMPLETE ; wm8731_configurator:u_config|i2c_master:u_i2c|state.I2C_COMPLETE ; 0.000        ; 0.081      ; 1.204      ;
; 0.938 ; wm8731_configurator:u_config|reg_index[5]    ; wm8731_configurator:u_config|command_word[11] ; wm8731_configurator:u_config|i2c_master:u_i2c|state.I2C_COMPLETE ; wm8731_configurator:u_config|i2c_master:u_i2c|state.I2C_COMPLETE ; 0.000        ; 0.081      ; 1.205      ;
; 0.956 ; wm8731_configurator:u_config|reg_index[4]    ; wm8731_configurator:u_config|command_word[7]  ; wm8731_configurator:u_config|i2c_master:u_i2c|state.I2C_COMPLETE ; wm8731_configurator:u_config|i2c_master:u_i2c|state.I2C_COMPLETE ; 0.000        ; 0.081      ; 1.223      ;
; 0.956 ; wm8731_configurator:u_config|reg_index[4]    ; wm8731_configurator:u_config|command_word[4]  ; wm8731_configurator:u_config|i2c_master:u_i2c|state.I2C_COMPLETE ; wm8731_configurator:u_config|i2c_master:u_i2c|state.I2C_COMPLETE ; 0.000        ; 0.081      ; 1.223      ;
; 0.968 ; wm8731_configurator:u_config|reg_index[4]    ; wm8731_configurator:u_config|command_word[10] ; wm8731_configurator:u_config|i2c_master:u_i2c|state.I2C_COMPLETE ; wm8731_configurator:u_config|i2c_master:u_i2c|state.I2C_COMPLETE ; 0.000        ; 0.081      ; 1.235      ;
; 0.969 ; wm8731_configurator:u_config|reg_index[4]    ; wm8731_configurator:u_config|command_word[11] ; wm8731_configurator:u_config|i2c_master:u_i2c|state.I2C_COMPLETE ; wm8731_configurator:u_config|i2c_master:u_i2c|state.I2C_COMPLETE ; 0.000        ; 0.081      ; 1.236      ;
; 0.971 ; wm8731_configurator:u_config|reg_index[6]    ; wm8731_configurator:u_config|command_word[10] ; wm8731_configurator:u_config|i2c_master:u_i2c|state.I2C_COMPLETE ; wm8731_configurator:u_config|i2c_master:u_i2c|state.I2C_COMPLETE ; 0.000        ; 0.081      ; 1.238      ;
; 0.973 ; wm8731_configurator:u_config|reg_index[6]    ; wm8731_configurator:u_config|command_word[9]  ; wm8731_configurator:u_config|i2c_master:u_i2c|state.I2C_COMPLETE ; wm8731_configurator:u_config|i2c_master:u_i2c|state.I2C_COMPLETE ; 0.000        ; 0.081      ; 1.240      ;
; 0.975 ; wm8731_configurator:u_config|reg_index[3]    ; wm8731_configurator:u_config|reg_index[0]     ; wm8731_configurator:u_config|i2c_master:u_i2c|state.I2C_COMPLETE ; wm8731_configurator:u_config|i2c_master:u_i2c|state.I2C_COMPLETE ; 0.000        ; 0.081      ; 1.242      ;
; 0.987 ; wm8731_configurator:u_config|reg_index[3]    ; wm8731_configurator:u_config|transfer_enable  ; wm8731_configurator:u_config|i2c_master:u_i2c|state.I2C_COMPLETE ; wm8731_configurator:u_config|i2c_master:u_i2c|state.I2C_COMPLETE ; 0.000        ; 0.081      ; 1.254      ;
; 0.987 ; wm8731_configurator:u_config|reg_index[3]    ; wm8731_configurator:u_config|command_word[9]  ; wm8731_configurator:u_config|i2c_master:u_i2c|state.I2C_COMPLETE ; wm8731_configurator:u_config|i2c_master:u_i2c|state.I2C_COMPLETE ; 0.000        ; 0.081      ; 1.254      ;
; 0.991 ; wm8731_configurator:u_config|reg_index[0]    ; wm8731_configurator:u_config|command_word[6]  ; wm8731_configurator:u_config|i2c_master:u_i2c|state.I2C_COMPLETE ; wm8731_configurator:u_config|i2c_master:u_i2c|state.I2C_COMPLETE ; 0.000        ; 0.081      ; 1.258      ;
; 0.995 ; wm8731_configurator:u_config|reg_index[2]    ; wm8731_configurator:u_config|command_word[10] ; wm8731_configurator:u_config|i2c_master:u_i2c|state.I2C_COMPLETE ; wm8731_configurator:u_config|i2c_master:u_i2c|state.I2C_COMPLETE ; 0.000        ; 0.081      ; 1.262      ;
; 0.996 ; wm8731_configurator:u_config|reg_index[5]    ; wm8731_configurator:u_config|reg_index[6]     ; wm8731_configurator:u_config|i2c_master:u_i2c|state.I2C_COMPLETE ; wm8731_configurator:u_config|i2c_master:u_i2c|state.I2C_COMPLETE ; 0.000        ; 0.081      ; 1.263      ;
; 0.998 ; wm8731_configurator:u_config|reg_index[4]    ; wm8731_configurator:u_config|reg_index[5]     ; wm8731_configurator:u_config|i2c_master:u_i2c|state.I2C_COMPLETE ; wm8731_configurator:u_config|i2c_master:u_i2c|state.I2C_COMPLETE ; 0.000        ; 0.081      ; 1.265      ;
; 1.001 ; wm8731_configurator:u_config|reg_index[0]    ; wm8731_configurator:u_config|command_word[8]  ; wm8731_configurator:u_config|i2c_master:u_i2c|state.I2C_COMPLETE ; wm8731_configurator:u_config|i2c_master:u_i2c|state.I2C_COMPLETE ; 0.000        ; 0.081      ; 1.268      ;
; 1.003 ; wm8731_configurator:u_config|reg_index[0]    ; wm8731_configurator:u_config|reg_index[2]     ; wm8731_configurator:u_config|i2c_master:u_i2c|state.I2C_COMPLETE ; wm8731_configurator:u_config|i2c_master:u_i2c|state.I2C_COMPLETE ; 0.000        ; 0.081      ; 1.270      ;
; 1.008 ; wm8731_configurator:u_config|reg_index[0]    ; wm8731_configurator:u_config|reg_index[3]     ; wm8731_configurator:u_config|i2c_master:u_i2c|state.I2C_COMPLETE ; wm8731_configurator:u_config|i2c_master:u_i2c|state.I2C_COMPLETE ; 0.000        ; 0.081      ; 1.275      ;
; 1.010 ; wm8731_configurator:u_config|reg_index[3]    ; wm8731_configurator:u_config|command_word[12] ; wm8731_configurator:u_config|i2c_master:u_i2c|state.I2C_COMPLETE ; wm8731_configurator:u_config|i2c_master:u_i2c|state.I2C_COMPLETE ; 0.000        ; 0.480      ; 1.676      ;
; 1.018 ; wm8731_configurator:u_config|reg_index[6]    ; wm8731_configurator:u_config|command_word[2]  ; wm8731_configurator:u_config|i2c_master:u_i2c|state.I2C_COMPLETE ; wm8731_configurator:u_config|i2c_master:u_i2c|state.I2C_COMPLETE ; 0.000        ; 0.083      ; 1.287      ;
; 1.018 ; wm8731_configurator:u_config|reg_index[6]    ; wm8731_configurator:u_config|command_word[0]  ; wm8731_configurator:u_config|i2c_master:u_i2c|state.I2C_COMPLETE ; wm8731_configurator:u_config|i2c_master:u_i2c|state.I2C_COMPLETE ; 0.000        ; 0.083      ; 1.287      ;
; 1.021 ; wm8731_configurator:u_config|reg_index[2]    ; wm8731_configurator:u_config|reg_index[3]     ; wm8731_configurator:u_config|i2c_master:u_i2c|state.I2C_COMPLETE ; wm8731_configurator:u_config|i2c_master:u_i2c|state.I2C_COMPLETE ; 0.000        ; 0.081      ; 1.288      ;
; 1.037 ; wm8731_configurator:u_config|reg_index[3]    ; wm8731_configurator:u_config|reg_index[4]     ; wm8731_configurator:u_config|i2c_master:u_i2c|state.I2C_COMPLETE ; wm8731_configurator:u_config|i2c_master:u_i2c|state.I2C_COMPLETE ; 0.000        ; 0.081      ; 1.304      ;
; 1.039 ; wm8731_configurator:u_config|reg_index[1]    ; wm8731_configurator:u_config|reg_index[2]     ; wm8731_configurator:u_config|i2c_master:u_i2c|state.I2C_COMPLETE ; wm8731_configurator:u_config|i2c_master:u_i2c|state.I2C_COMPLETE ; 0.000        ; 0.081      ; 1.306      ;
; 1.042 ; wm8731_configurator:u_config|reg_index[3]    ; wm8731_configurator:u_config|reg_index[5]     ; wm8731_configurator:u_config|i2c_master:u_i2c|state.I2C_COMPLETE ; wm8731_configurator:u_config|i2c_master:u_i2c|state.I2C_COMPLETE ; 0.000        ; 0.081      ; 1.309      ;
; 1.044 ; wm8731_configurator:u_config|reg_index[1]    ; wm8731_configurator:u_config|reg_index[3]     ; wm8731_configurator:u_config|i2c_master:u_i2c|state.I2C_COMPLETE ; wm8731_configurator:u_config|i2c_master:u_i2c|state.I2C_COMPLETE ; 0.000        ; 0.081      ; 1.311      ;
; 1.077 ; wm8731_configurator:u_config|reg_index[1]    ; wm8731_configurator:u_config|command_word[12] ; wm8731_configurator:u_config|i2c_master:u_i2c|state.I2C_COMPLETE ; wm8731_configurator:u_config|i2c_master:u_i2c|state.I2C_COMPLETE ; 0.000        ; 0.480      ; 1.743      ;
; 1.081 ; wm8731_configurator:u_config|reg_index[5]    ; wm8731_configurator:u_config|command_word[2]  ; wm8731_configurator:u_config|i2c_master:u_i2c|state.I2C_COMPLETE ; wm8731_configurator:u_config|i2c_master:u_i2c|state.I2C_COMPLETE ; 0.000        ; 0.083      ; 1.350      ;
; 1.081 ; wm8731_configurator:u_config|reg_index[5]    ; wm8731_configurator:u_config|command_word[0]  ; wm8731_configurator:u_config|i2c_master:u_i2c|state.I2C_COMPLETE ; wm8731_configurator:u_config|i2c_master:u_i2c|state.I2C_COMPLETE ; 0.000        ; 0.083      ; 1.350      ;
; 1.090 ; wm8731_configurator:u_config|reg_index[2]    ; wm8731_configurator:u_config|reg_index[0]     ; wm8731_configurator:u_config|i2c_master:u_i2c|state.I2C_COMPLETE ; wm8731_configurator:u_config|i2c_master:u_i2c|state.I2C_COMPLETE ; 0.000        ; 0.081      ; 1.357      ;
; 1.102 ; wm8731_configurator:u_config|reg_index[2]    ; wm8731_configurator:u_config|transfer_enable  ; wm8731_configurator:u_config|i2c_master:u_i2c|state.I2C_COMPLETE ; wm8731_configurator:u_config|i2c_master:u_i2c|state.I2C_COMPLETE ; 0.000        ; 0.081      ; 1.369      ;
; 1.119 ; wm8731_configurator:u_config|reg_index[4]    ; wm8731_configurator:u_config|reg_index[6]     ; wm8731_configurator:u_config|i2c_master:u_i2c|state.I2C_COMPLETE ; wm8731_configurator:u_config|i2c_master:u_i2c|state.I2C_COMPLETE ; 0.000        ; 0.081      ; 1.386      ;
; 1.125 ; wm8731_configurator:u_config|reg_index[3]    ; wm8731_configurator:u_config|command_word[6]  ; wm8731_configurator:u_config|i2c_master:u_i2c|state.I2C_COMPLETE ; wm8731_configurator:u_config|i2c_master:u_i2c|state.I2C_COMPLETE ; 0.000        ; 0.081      ; 1.392      ;
; 1.127 ; wm8731_configurator:u_config|reg_index[2]    ; wm8731_configurator:u_config|command_word[7]  ; wm8731_configurator:u_config|i2c_master:u_i2c|state.I2C_COMPLETE ; wm8731_configurator:u_config|i2c_master:u_i2c|state.I2C_COMPLETE ; 0.000        ; 0.081      ; 1.394      ;
; 1.127 ; wm8731_configurator:u_config|reg_index[3]    ; wm8731_configurator:u_config|command_word[8]  ; wm8731_configurator:u_config|i2c_master:u_i2c|state.I2C_COMPLETE ; wm8731_configurator:u_config|i2c_master:u_i2c|state.I2C_COMPLETE ; 0.000        ; 0.081      ; 1.394      ;
; 1.129 ; wm8731_configurator:u_config|reg_index[0]    ; wm8731_configurator:u_config|reg_index[4]     ; wm8731_configurator:u_config|i2c_master:u_i2c|state.I2C_COMPLETE ; wm8731_configurator:u_config|i2c_master:u_i2c|state.I2C_COMPLETE ; 0.000        ; 0.081      ; 1.396      ;
; 1.130 ; wm8731_configurator:u_config|reg_index[2]    ; wm8731_configurator:u_config|command_word[4]  ; wm8731_configurator:u_config|i2c_master:u_i2c|state.I2C_COMPLETE ; wm8731_configurator:u_config|i2c_master:u_i2c|state.I2C_COMPLETE ; 0.000        ; 0.081      ; 1.397      ;
; 1.134 ; wm8731_configurator:u_config|reg_index[0]    ; wm8731_configurator:u_config|reg_index[5]     ; wm8731_configurator:u_config|i2c_master:u_i2c|state.I2C_COMPLETE ; wm8731_configurator:u_config|i2c_master:u_i2c|state.I2C_COMPLETE ; 0.000        ; 0.081      ; 1.401      ;
; 1.136 ; wm8731_configurator:u_config|reg_index[2]    ; wm8731_configurator:u_config|command_word[11] ; wm8731_configurator:u_config|i2c_master:u_i2c|state.I2C_COMPLETE ; wm8731_configurator:u_config|i2c_master:u_i2c|state.I2C_COMPLETE ; 0.000        ; 0.081      ; 1.403      ;
; 1.142 ; wm8731_configurator:u_config|reg_index[2]    ; wm8731_configurator:u_config|reg_index[4]     ; wm8731_configurator:u_config|i2c_master:u_i2c|state.I2C_COMPLETE ; wm8731_configurator:u_config|i2c_master:u_i2c|state.I2C_COMPLETE ; 0.000        ; 0.081      ; 1.409      ;
; 1.144 ; wm8731_configurator:u_config|reg_index[0]    ; wm8731_configurator:u_config|command_word[9]  ; wm8731_configurator:u_config|i2c_master:u_i2c|state.I2C_COMPLETE ; wm8731_configurator:u_config|i2c_master:u_i2c|state.I2C_COMPLETE ; 0.000        ; 0.081      ; 1.411      ;
; 1.147 ; wm8731_configurator:u_config|reg_index[2]    ; wm8731_configurator:u_config|reg_index[5]     ; wm8731_configurator:u_config|i2c_master:u_i2c|state.I2C_COMPLETE ; wm8731_configurator:u_config|i2c_master:u_i2c|state.I2C_COMPLETE ; 0.000        ; 0.081      ; 1.414      ;
; 1.151 ; wm8731_configurator:u_config|reg_index[4]    ; wm8731_configurator:u_config|command_word[0]  ; wm8731_configurator:u_config|i2c_master:u_i2c|state.I2C_COMPLETE ; wm8731_configurator:u_config|i2c_master:u_i2c|state.I2C_COMPLETE ; 0.000        ; 0.083      ; 1.420      ;
; 1.152 ; wm8731_configurator:u_config|reg_index[4]    ; wm8731_configurator:u_config|command_word[2]  ; wm8731_configurator:u_config|i2c_master:u_i2c|state.I2C_COMPLETE ; wm8731_configurator:u_config|i2c_master:u_i2c|state.I2C_COMPLETE ; 0.000        ; 0.083      ; 1.421      ;
; 1.154 ; wm8731_configurator:u_config|reg_index[4]    ; wm8731_configurator:u_config|command_word[9]  ; wm8731_configurator:u_config|i2c_master:u_i2c|state.I2C_COMPLETE ; wm8731_configurator:u_config|i2c_master:u_i2c|state.I2C_COMPLETE ; 0.000        ; 0.081      ; 1.421      ;
; 1.163 ; wm8731_configurator:u_config|reg_index[3]    ; wm8731_configurator:u_config|reg_index[6]     ; wm8731_configurator:u_config|i2c_master:u_i2c|state.I2C_COMPLETE ; wm8731_configurator:u_config|i2c_master:u_i2c|state.I2C_COMPLETE ; 0.000        ; 0.081      ; 1.430      ;
; 1.164 ; wm8731_configurator:u_config|reg_index[5]    ; wm8731_configurator:u_config|reg_index[0]     ; wm8731_configurator:u_config|i2c_master:u_i2c|state.I2C_COMPLETE ; wm8731_configurator:u_config|i2c_master:u_i2c|state.I2C_COMPLETE ; 0.000        ; 0.081      ; 1.431      ;
; 1.165 ; wm8731_configurator:u_config|reg_index[1]    ; wm8731_configurator:u_config|reg_index[4]     ; wm8731_configurator:u_config|i2c_master:u_i2c|state.I2C_COMPLETE ; wm8731_configurator:u_config|i2c_master:u_i2c|state.I2C_COMPLETE ; 0.000        ; 0.081      ; 1.432      ;
; 1.170 ; wm8731_configurator:u_config|reg_index[1]    ; wm8731_configurator:u_config|reg_index[5]     ; wm8731_configurator:u_config|i2c_master:u_i2c|state.I2C_COMPLETE ; wm8731_configurator:u_config|i2c_master:u_i2c|state.I2C_COMPLETE ; 0.000        ; 0.081      ; 1.437      ;
; 1.176 ; wm8731_configurator:u_config|reg_index[5]    ; wm8731_configurator:u_config|transfer_enable  ; wm8731_configurator:u_config|i2c_master:u_i2c|state.I2C_COMPLETE ; wm8731_configurator:u_config|i2c_master:u_i2c|state.I2C_COMPLETE ; 0.000        ; 0.081      ; 1.443      ;
; 1.181 ; wm8731_configurator:u_config|reg_index[2]    ; wm8731_configurator:u_config|command_word[2]  ; wm8731_configurator:u_config|i2c_master:u_i2c|state.I2C_COMPLETE ; wm8731_configurator:u_config|i2c_master:u_i2c|state.I2C_COMPLETE ; 0.000        ; 0.083      ; 1.450      ;
; 1.205 ; wm8731_configurator:u_config|reg_index[2]    ; wm8731_configurator:u_config|command_word[6]  ; wm8731_configurator:u_config|i2c_master:u_i2c|state.I2C_COMPLETE ; wm8731_configurator:u_config|i2c_master:u_i2c|state.I2C_COMPLETE ; 0.000        ; 0.081      ; 1.472      ;
; 1.205 ; wm8731_configurator:u_config|reg_index[1]    ; wm8731_configurator:u_config|command_word[10] ; wm8731_configurator:u_config|i2c_master:u_i2c|state.I2C_COMPLETE ; wm8731_configurator:u_config|i2c_master:u_i2c|state.I2C_COMPLETE ; 0.000        ; 0.081      ; 1.472      ;
; 1.207 ; wm8731_configurator:u_config|reg_index[2]    ; wm8731_configurator:u_config|command_word[0]  ; wm8731_configurator:u_config|i2c_master:u_i2c|state.I2C_COMPLETE ; wm8731_configurator:u_config|i2c_master:u_i2c|state.I2C_COMPLETE ; 0.000        ; 0.083      ; 1.476      ;
; 1.207 ; wm8731_configurator:u_config|reg_index[2]    ; wm8731_configurator:u_config|command_word[8]  ; wm8731_configurator:u_config|i2c_master:u_i2c|state.I2C_COMPLETE ; wm8731_configurator:u_config|i2c_master:u_i2c|state.I2C_COMPLETE ; 0.000        ; 0.081      ; 1.474      ;
; 1.210 ; wm8731_configurator:u_config|reg_index[3]    ; wm8731_configurator:u_config|command_word[10] ; wm8731_configurator:u_config|i2c_master:u_i2c|state.I2C_COMPLETE ; wm8731_configurator:u_config|i2c_master:u_i2c|state.I2C_COMPLETE ; 0.000        ; 0.081      ; 1.477      ;
; 1.212 ; wm8731_configurator:u_config|reg_index[6]    ; wm8731_configurator:u_config|command_word[12] ; wm8731_configurator:u_config|i2c_master:u_i2c|state.I2C_COMPLETE ; wm8731_configurator:u_config|i2c_master:u_i2c|state.I2C_COMPLETE ; 0.000        ; 0.480      ; 1.878      ;
; 1.224 ; wm8731_configurator:u_config|reg_index[0]    ; wm8731_configurator:u_config|command_word[10] ; wm8731_configurator:u_config|i2c_master:u_i2c|state.I2C_COMPLETE ; wm8731_configurator:u_config|i2c_master:u_i2c|state.I2C_COMPLETE ; 0.000        ; 0.081      ; 1.491      ;
; 1.228 ; wm8731_configurator:u_config|reg_index[5]    ; wm8731_configurator:u_config|command_word[9]  ; wm8731_configurator:u_config|i2c_master:u_i2c|state.I2C_COMPLETE ; wm8731_configurator:u_config|i2c_master:u_i2c|state.I2C_COMPLETE ; 0.000        ; 0.081      ; 1.495      ;
; 1.248 ; wm8731_configurator:u_config|reg_index[1]    ; wm8731_configurator:u_config|reg_index[0]     ; wm8731_configurator:u_config|i2c_master:u_i2c|state.I2C_COMPLETE ; wm8731_configurator:u_config|i2c_master:u_i2c|state.I2C_COMPLETE ; 0.000        ; 0.081      ; 1.515      ;
; 1.249 ; wm8731_configurator:u_config|reg_index[2]    ; wm8731_configurator:u_config|command_word[9]  ; wm8731_configurator:u_config|i2c_master:u_i2c|state.I2C_COMPLETE ; wm8731_configurator:u_config|i2c_master:u_i2c|state.I2C_COMPLETE ; 0.000        ; 0.081      ; 1.516      ;
; 1.255 ; wm8731_configurator:u_config|reg_index[0]    ; wm8731_configurator:u_config|reg_index[6]     ; wm8731_configurator:u_config|i2c_master:u_i2c|state.I2C_COMPLETE ; wm8731_configurator:u_config|i2c_master:u_i2c|state.I2C_COMPLETE ; 0.000        ; 0.081      ; 1.522      ;
; 1.260 ; wm8731_configurator:u_config|reg_index[1]    ; wm8731_configurator:u_config|transfer_enable  ; wm8731_configurator:u_config|i2c_master:u_i2c|state.I2C_COMPLETE ; wm8731_configurator:u_config|i2c_master:u_i2c|state.I2C_COMPLETE ; 0.000        ; 0.081      ; 1.527      ;
; 1.262 ; wm8731_configurator:u_config|reg_index[0]    ; wm8731_configurator:u_config|command_word[12] ; wm8731_configurator:u_config|i2c_master:u_i2c|state.I2C_COMPLETE ; wm8731_configurator:u_config|i2c_master:u_i2c|state.I2C_COMPLETE ; 0.000        ; 0.480      ; 1.928      ;
; 1.268 ; wm8731_configurator:u_config|reg_index[2]    ; wm8731_configurator:u_config|reg_index[6]     ; wm8731_configurator:u_config|i2c_master:u_i2c|state.I2C_COMPLETE ; wm8731_configurator:u_config|i2c_master:u_i2c|state.I2C_COMPLETE ; 0.000        ; 0.081      ; 1.535      ;
; 1.278 ; wm8731_configurator:u_config|reg_index[5]    ; wm8731_configurator:u_config|command_word[6]  ; wm8731_configurator:u_config|i2c_master:u_i2c|state.I2C_COMPLETE ; wm8731_configurator:u_config|i2c_master:u_i2c|state.I2C_COMPLETE ; 0.000        ; 0.081      ; 1.545      ;
; 1.280 ; wm8731_configurator:u_config|reg_index[5]    ; wm8731_configurator:u_config|command_word[8]  ; wm8731_configurator:u_config|i2c_master:u_i2c|state.I2C_COMPLETE ; wm8731_configurator:u_config|i2c_master:u_i2c|state.I2C_COMPLETE ; 0.000        ; 0.081      ; 1.547      ;
; 1.291 ; wm8731_configurator:u_config|reg_index[1]    ; wm8731_configurator:u_config|reg_index[6]     ; wm8731_configurator:u_config|i2c_master:u_i2c|state.I2C_COMPLETE ; wm8731_configurator:u_config|i2c_master:u_i2c|state.I2C_COMPLETE ; 0.000        ; 0.081      ; 1.558      ;
; 1.303 ; wm8731_configurator:u_config|reg_index[3]    ; wm8731_configurator:u_config|command_word[2]  ; wm8731_configurator:u_config|i2c_master:u_i2c|state.I2C_COMPLETE ; wm8731_configurator:u_config|i2c_master:u_i2c|state.I2C_COMPLETE ; 0.000        ; 0.083      ; 1.572      ;
; 1.328 ; wm8731_configurator:u_config|reg_index[3]    ; wm8731_configurator:u_config|command_word[0]  ; wm8731_configurator:u_config|i2c_master:u_i2c|state.I2C_COMPLETE ; wm8731_configurator:u_config|i2c_master:u_i2c|state.I2C_COMPLETE ; 0.000        ; 0.083      ; 1.597      ;
; 1.363 ; wm8731_configurator:u_config|reg_index[3]    ; wm8731_configurator:u_config|command_word[11] ; wm8731_configurator:u_config|i2c_master:u_i2c|state.I2C_COMPLETE ; wm8731_configurator:u_config|i2c_master:u_i2c|state.I2C_COMPLETE ; 0.000        ; 0.081      ; 1.630      ;
; 1.363 ; wm8731_configurator:u_config|reg_index[1]    ; wm8731_configurator:u_config|command_word[6]  ; wm8731_configurator:u_config|i2c_master:u_i2c|state.I2C_COMPLETE ; wm8731_configurator:u_config|i2c_master:u_i2c|state.I2C_COMPLETE ; 0.000        ; 0.081      ; 1.630      ;
; 1.365 ; wm8731_configurator:u_config|reg_index[1]    ; wm8731_configurator:u_config|command_word[8]  ; wm8731_configurator:u_config|i2c_master:u_i2c|state.I2C_COMPLETE ; wm8731_configurator:u_config|i2c_master:u_i2c|state.I2C_COMPLETE ; 0.000        ; 0.081      ; 1.632      ;
; 1.372 ; wm8731_configurator:u_config|reg_index[3]    ; wm8731_configurator:u_config|command_word[7]  ; wm8731_configurator:u_config|i2c_master:u_i2c|state.I2C_COMPLETE ; wm8731_configurator:u_config|i2c_master:u_i2c|state.I2C_COMPLETE ; 0.000        ; 0.081      ; 1.639      ;
; 1.374 ; wm8731_configurator:u_config|reg_index[3]    ; wm8731_configurator:u_config|command_word[4]  ; wm8731_configurator:u_config|i2c_master:u_i2c|state.I2C_COMPLETE ; wm8731_configurator:u_config|i2c_master:u_i2c|state.I2C_COMPLETE ; 0.000        ; 0.081      ; 1.641      ;
; 1.390 ; wm8731_configurator:u_config|reg_index[1]    ; wm8731_configurator:u_config|command_word[11] ; wm8731_configurator:u_config|i2c_master:u_i2c|state.I2C_COMPLETE ; wm8731_configurator:u_config|i2c_master:u_i2c|state.I2C_COMPLETE ; 0.000        ; 0.081      ; 1.657      ;
; 1.397 ; wm8731_configurator:u_config|reg_index[0]    ; wm8731_configurator:u_config|command_word[2]  ; wm8731_configurator:u_config|i2c_master:u_i2c|state.I2C_COMPLETE ; wm8731_configurator:u_config|i2c_master:u_i2c|state.I2C_COMPLETE ; 0.000        ; 0.083      ; 1.666      ;
; 1.401 ; wm8731_configurator:u_config|reg_index[0]    ; wm8731_configurator:u_config|command_word[11] ; wm8731_configurator:u_config|i2c_master:u_i2c|state.I2C_COMPLETE ; wm8731_configurator:u_config|i2c_master:u_i2c|state.I2C_COMPLETE ; 0.000        ; 0.081      ; 1.668      ;
; 1.425 ; wm8731_configurator:u_config|reg_index[0]    ; wm8731_configurator:u_config|command_word[0]  ; wm8731_configurator:u_config|i2c_master:u_i2c|state.I2C_COMPLETE ; wm8731_configurator:u_config|i2c_master:u_i2c|state.I2C_COMPLETE ; 0.000        ; 0.083      ; 1.694      ;
; 1.435 ; wm8731_configurator:u_config|reg_index[1]    ; wm8731_configurator:u_config|command_word[2]  ; wm8731_configurator:u_config|i2c_master:u_i2c|state.I2C_COMPLETE ; wm8731_configurator:u_config|i2c_master:u_i2c|state.I2C_COMPLETE ; 0.000        ; 0.083      ; 1.704      ;
; 1.460 ; wm8731_configurator:u_config|reg_index[1]    ; wm8731_configurator:u_config|command_word[4]  ; wm8731_configurator:u_config|i2c_master:u_i2c|state.I2C_COMPLETE ; wm8731_configurator:u_config|i2c_master:u_i2c|state.I2C_COMPLETE ; 0.000        ; 0.081      ; 1.727      ;
; 1.460 ; wm8731_configurator:u_config|reg_index[1]    ; wm8731_configurator:u_config|command_word[0]  ; wm8731_configurator:u_config|i2c_master:u_i2c|state.I2C_COMPLETE ; wm8731_configurator:u_config|i2c_master:u_i2c|state.I2C_COMPLETE ; 0.000        ; 0.083      ; 1.729      ;
; 1.461 ; wm8731_configurator:u_config|reg_index[1]    ; wm8731_configurator:u_config|command_word[7]  ; wm8731_configurator:u_config|i2c_master:u_i2c|state.I2C_COMPLETE ; wm8731_configurator:u_config|i2c_master:u_i2c|state.I2C_COMPLETE ; 0.000        ; 0.081      ; 1.728      ;
+-------+----------------------------------------------+-----------------------------------------------+------------------------------------------------------------------+------------------------------------------------------------------+--------------+------------+------------+


-----------------------------------------------
; Slow 1200mV 85C Model Metastability Summary ;
-----------------------------------------------
No synchronizer chains to report.


+--------------------------------------------------------------------------------------------------------------------------------------------------+
; Slow 1200mV 0C Model Fmax Summary                                                                                                                ;
+------------+-----------------+------------------------------------------------------------------+------------------------------------------------+
; Fmax       ; Restricted Fmax ; Clock Name                                                       ; Note                                           ;
+------------+-----------------+------------------------------------------------------------------+------------------------------------------------+
; 247.28 MHz ; 247.28 MHz      ; CLOCK_50                                                         ;                                                ;
; 447.83 MHz ; 437.64 MHz      ; wm8731_configurator:u_config|i2c_master:u_i2c|state.I2C_COMPLETE ; limit due to minimum period restriction (tmin) ;
+------------+-----------------+------------------------------------------------------------------+------------------------------------------------+
This panel reports FMAX for every clock in the design, regardless of the user-specified clock periods.  FMAX is only computed for paths where the source and destination registers or ports are driven by the same clock.  Paths of different clocks, including generated clocks, are ignored.  For paths between a clock and its inversion, FMAX is computed as if the rising and falling edges are scaled along with FMAX, such that the duty cycle (in terms of a percentage) is maintained. Altera recommends that you always use clock constraints and other slack reports for sign-off analysis.


+-------------------------------------------------------------------------------------------+
; Slow 1200mV 0C Model Setup Summary                                                        ;
+------------------------------------------------------------------+--------+---------------+
; Clock                                                            ; Slack  ; End Point TNS ;
+------------------------------------------------------------------+--------+---------------+
; CLOCK_50                                                         ; -1.505 ; -3.109        ;
; wm8731_configurator:u_config|i2c_master:u_i2c|state.I2C_COMPLETE ; -1.233 ; -17.109       ;
+------------------------------------------------------------------+--------+---------------+


+------------------------------------------------------------------------------------------+
; Slow 1200mV 0C Model Hold Summary                                                        ;
+------------------------------------------------------------------+-------+---------------+
; Clock                                                            ; Slack ; End Point TNS ;
+------------------------------------------------------------------+-------+---------------+
; CLOCK_50                                                         ; 0.354 ; 0.000         ;
; wm8731_configurator:u_config|i2c_master:u_i2c|state.I2C_COMPLETE ; 0.354 ; 0.000         ;
+------------------------------------------------------------------+-------+---------------+


-----------------------------------------
; Slow 1200mV 0C Model Recovery Summary ;
-----------------------------------------
No paths to report.


----------------------------------------
; Slow 1200mV 0C Model Removal Summary ;
----------------------------------------
No paths to report.


+-------------------------------------------------------------------------------------------+
; Slow 1200mV 0C Model Minimum Pulse Width Summary                                          ;
+------------------------------------------------------------------+--------+---------------+
; Clock                                                            ; Slack  ; End Point TNS ;
+------------------------------------------------------------------+--------+---------------+
; wm8731_configurator:u_config|i2c_master:u_i2c|state.I2C_COMPLETE ; -1.285 ; -23.130       ;
; CLOCK_50                                                         ; 9.776  ; 0.000         ;
+------------------------------------------------------------------+--------+---------------+


+------------------------------------------------------------------------------------------------------------------------------------------------------------------------------------------------------------------------------------------------------------------------+
; Slow 1200mV 0C Model Setup: 'CLOCK_50'                                                                                                                                                                                                                                 ;
+--------+------------------------------------------------------------------+------------------------------------------------------------------+------------------------------------------------------------------+-------------+--------------+------------+------------+
; Slack  ; From Node                                                        ; To Node                                                          ; Launch Clock                                                     ; Latch Clock ; Relationship ; Clock Skew ; Data Delay ;
+--------+------------------------------------------------------------------+------------------------------------------------------------------+------------------------------------------------------------------+-------------+--------------+------------+------------+
; -1.505 ; wm8731_configurator:u_config|command_word[8]                     ; wm8731_configurator:u_config|i2c_master:u_i2c|sda_reg            ; wm8731_configurator:u_config|i2c_master:u_i2c|state.I2C_COMPLETE ; CLOCK_50    ; 1.000        ; 0.135      ; 2.629      ;
; -1.393 ; wm8731_configurator:u_config|transfer_enable                     ; wm8731_configurator:u_config|i2c_master:u_i2c|state.I2C_IDLE     ; wm8731_configurator:u_config|i2c_master:u_i2c|state.I2C_COMPLETE ; CLOCK_50    ; 1.000        ; 0.136      ; 2.518      ;
; -1.372 ; wm8731_configurator:u_config|command_word[10]                    ; wm8731_configurator:u_config|i2c_master:u_i2c|sda_reg            ; wm8731_configurator:u_config|i2c_master:u_i2c|state.I2C_COMPLETE ; CLOCK_50    ; 1.000        ; 0.135      ; 2.496      ;
; -1.310 ; wm8731_configurator:u_config|command_word[9]                     ; wm8731_configurator:u_config|i2c_master:u_i2c|sda_reg            ; wm8731_configurator:u_config|i2c_master:u_i2c|state.I2C_COMPLETE ; CLOCK_50    ; 1.000        ; 0.135      ; 2.434      ;
; -1.256 ; wm8731_configurator:u_config|command_word[2]                     ; wm8731_configurator:u_config|i2c_master:u_i2c|sda_reg            ; wm8731_configurator:u_config|i2c_master:u_i2c|state.I2C_COMPLETE ; CLOCK_50    ; 1.000        ; 0.134      ; 2.379      ;
; -1.255 ; wm8731_configurator:u_config|command_word[4]                     ; wm8731_configurator:u_config|i2c_master:u_i2c|sda_reg            ; wm8731_configurator:u_config|i2c_master:u_i2c|state.I2C_COMPLETE ; CLOCK_50    ; 1.000        ; 0.135      ; 2.379      ;
; -1.221 ; wm8731_configurator:u_config|command_word[12]                    ; wm8731_configurator:u_config|i2c_master:u_i2c|sda_reg            ; wm8731_configurator:u_config|i2c_master:u_i2c|state.I2C_COMPLETE ; CLOCK_50    ; 1.000        ; -0.229     ; 1.981      ;
; -1.150 ; wm8731_configurator:u_config|command_word[11]                    ; wm8731_configurator:u_config|i2c_master:u_i2c|sda_reg            ; wm8731_configurator:u_config|i2c_master:u_i2c|state.I2C_COMPLETE ; CLOCK_50    ; 1.000        ; 0.135      ; 2.274      ;
; -1.121 ; wm8731_configurator:u_config|command_word[6]                     ; wm8731_configurator:u_config|i2c_master:u_i2c|sda_reg            ; wm8731_configurator:u_config|i2c_master:u_i2c|state.I2C_COMPLETE ; CLOCK_50    ; 1.000        ; 0.135      ; 2.245      ;
; -1.108 ; wm8731_configurator:u_config|command_word[0]                     ; wm8731_configurator:u_config|i2c_master:u_i2c|sda_reg            ; wm8731_configurator:u_config|i2c_master:u_i2c|state.I2C_COMPLETE ; CLOCK_50    ; 1.000        ; 0.134      ; 2.231      ;
; -1.083 ; wm8731_configurator:u_config|command_word[7]                     ; wm8731_configurator:u_config|i2c_master:u_i2c|sda_reg            ; wm8731_configurator:u_config|i2c_master:u_i2c|state.I2C_COMPLETE ; CLOCK_50    ; 1.000        ; 0.135      ; 2.207      ;
; -0.968 ; wm8731_configurator:u_config|i2c_master:u_i2c|state.I2C_COMPLETE ; wm8731_configurator:u_config|i2c_master:u_i2c|state.I2C_IDLE     ; wm8731_configurator:u_config|i2c_master:u_i2c|state.I2C_COMPLETE ; CLOCK_50    ; 0.500        ; 2.688      ; 4.358      ;
; -0.875 ; wm8731_configurator:u_config|i2c_master:u_i2c|state.I2C_COMPLETE ; wm8731_configurator:u_config|i2c_master:u_i2c|sda_reg            ; wm8731_configurator:u_config|i2c_master:u_i2c|state.I2C_COMPLETE ; CLOCK_50    ; 0.500        ; 2.688      ; 4.265      ;
; -0.506 ; wm8731_configurator:u_config|i2c_master:u_i2c|state.I2C_COMPLETE ; wm8731_configurator:u_config|i2c_master:u_i2c|sda_reg            ; wm8731_configurator:u_config|i2c_master:u_i2c|state.I2C_COMPLETE ; CLOCK_50    ; 1.000        ; 2.688      ; 4.396      ;
; -0.479 ; wm8731_configurator:u_config|i2c_master:u_i2c|state.I2C_COMPLETE ; wm8731_configurator:u_config|i2c_master:u_i2c|state.I2C_IDLE     ; wm8731_configurator:u_config|i2c_master:u_i2c|state.I2C_COMPLETE ; CLOCK_50    ; 1.000        ; 2.688      ; 4.369      ;
; -0.211 ; wm8731_configurator:u_config|transfer_enable                     ; wm8731_configurator:u_config|i2c_master:u_i2c|state.I2C_START    ; wm8731_configurator:u_config|i2c_master:u_i2c|state.I2C_COMPLETE ; CLOCK_50    ; 1.000        ; 0.136      ; 1.336      ;
; 15.956 ; wm8731_configurator:u_config|i2c_master:u_i2c|bit_count[1]       ; wm8731_configurator:u_config|i2c_master:u_i2c|sda_reg            ; CLOCK_50                                                         ; CLOCK_50    ; 20.000       ; -0.070     ; 3.973      ;
; 16.701 ; wm8731_configurator:u_config|i2c_master:u_i2c|bit_count[0]       ; wm8731_configurator:u_config|i2c_master:u_i2c|sda_reg            ; CLOCK_50                                                         ; CLOCK_50    ; 20.000       ; -0.070     ; 3.228      ;
; 17.202 ; wm8731_configurator:u_config|i2c_master:u_i2c|bit_count[4]       ; wm8731_configurator:u_config|i2c_master:u_i2c|bit_count[0]       ; CLOCK_50                                                         ; CLOCK_50    ; 20.000       ; -0.072     ; 2.725      ;
; 17.202 ; wm8731_configurator:u_config|i2c_master:u_i2c|bit_count[4]       ; wm8731_configurator:u_config|i2c_master:u_i2c|bit_count[3]       ; CLOCK_50                                                         ; CLOCK_50    ; 20.000       ; -0.072     ; 2.725      ;
; 17.202 ; wm8731_configurator:u_config|i2c_master:u_i2c|bit_count[4]       ; wm8731_configurator:u_config|i2c_master:u_i2c|bit_count[1]       ; CLOCK_50                                                         ; CLOCK_50    ; 20.000       ; -0.072     ; 2.725      ;
; 17.202 ; wm8731_configurator:u_config|i2c_master:u_i2c|bit_count[4]       ; wm8731_configurator:u_config|i2c_master:u_i2c|bit_count[2]       ; CLOCK_50                                                         ; CLOCK_50    ; 20.000       ; -0.072     ; 2.725      ;
; 17.209 ; wm8731_configurator:u_config|i2c_master:u_i2c|bit_count[0]       ; wm8731_configurator:u_config|i2c_master:u_i2c|bit_count[0]       ; CLOCK_50                                                         ; CLOCK_50    ; 20.000       ; -0.072     ; 2.718      ;
; 17.209 ; wm8731_configurator:u_config|i2c_master:u_i2c|bit_count[0]       ; wm8731_configurator:u_config|i2c_master:u_i2c|bit_count[3]       ; CLOCK_50                                                         ; CLOCK_50    ; 20.000       ; -0.072     ; 2.718      ;
; 17.209 ; wm8731_configurator:u_config|i2c_master:u_i2c|bit_count[0]       ; wm8731_configurator:u_config|i2c_master:u_i2c|bit_count[1]       ; CLOCK_50                                                         ; CLOCK_50    ; 20.000       ; -0.072     ; 2.718      ;
; 17.209 ; wm8731_configurator:u_config|i2c_master:u_i2c|bit_count[0]       ; wm8731_configurator:u_config|i2c_master:u_i2c|bit_count[2]       ; CLOCK_50                                                         ; CLOCK_50    ; 20.000       ; -0.072     ; 2.718      ;
; 17.294 ; wm8731_configurator:u_config|i2c_master:u_i2c|bit_count[3]       ; wm8731_configurator:u_config|i2c_master:u_i2c|sda_reg            ; CLOCK_50                                                         ; CLOCK_50    ; 20.000       ; -0.070     ; 2.635      ;
; 17.307 ; wm8731_configurator:u_config|i2c_master:u_i2c|bit_count[1]       ; wm8731_configurator:u_config|i2c_master:u_i2c|bit_count[0]       ; CLOCK_50                                                         ; CLOCK_50    ; 20.000       ; -0.072     ; 2.620      ;
; 17.307 ; wm8731_configurator:u_config|i2c_master:u_i2c|bit_count[1]       ; wm8731_configurator:u_config|i2c_master:u_i2c|bit_count[3]       ; CLOCK_50                                                         ; CLOCK_50    ; 20.000       ; -0.072     ; 2.620      ;
; 17.307 ; wm8731_configurator:u_config|i2c_master:u_i2c|bit_count[1]       ; wm8731_configurator:u_config|i2c_master:u_i2c|bit_count[1]       ; CLOCK_50                                                         ; CLOCK_50    ; 20.000       ; -0.072     ; 2.620      ;
; 17.307 ; wm8731_configurator:u_config|i2c_master:u_i2c|bit_count[1]       ; wm8731_configurator:u_config|i2c_master:u_i2c|bit_count[2]       ; CLOCK_50                                                         ; CLOCK_50    ; 20.000       ; -0.072     ; 2.620      ;
; 17.323 ; wm8731_configurator:u_config|i2c_master:u_i2c|bit_count[0]       ; wm8731_configurator:u_config|i2c_master:u_i2c|bit_count[4]       ; CLOCK_50                                                         ; CLOCK_50    ; 20.000       ; -0.072     ; 2.604      ;
; 17.386 ; wm8731_configurator:u_config|i2c_master:u_i2c|bit_count[1]       ; wm8731_configurator:u_config|i2c_master:u_i2c|bit_count[4]       ; CLOCK_50                                                         ; CLOCK_50    ; 20.000       ; -0.072     ; 2.541      ;
; 17.396 ; wm8731_configurator:u_config|i2c_master:u_i2c|bit_count[2]       ; wm8731_configurator:u_config|i2c_master:u_i2c|bit_count[4]       ; CLOCK_50                                                         ; CLOCK_50    ; 20.000       ; -0.072     ; 2.531      ;
; 17.470 ; wm8731_configurator:u_config|i2c_master:u_i2c|bit_count[3]       ; wm8731_configurator:u_config|i2c_master:u_i2c|bit_count[0]       ; CLOCK_50                                                         ; CLOCK_50    ; 20.000       ; -0.072     ; 2.457      ;
; 17.470 ; wm8731_configurator:u_config|i2c_master:u_i2c|bit_count[3]       ; wm8731_configurator:u_config|i2c_master:u_i2c|bit_count[3]       ; CLOCK_50                                                         ; CLOCK_50    ; 20.000       ; -0.072     ; 2.457      ;
; 17.470 ; wm8731_configurator:u_config|i2c_master:u_i2c|bit_count[3]       ; wm8731_configurator:u_config|i2c_master:u_i2c|bit_count[1]       ; CLOCK_50                                                         ; CLOCK_50    ; 20.000       ; -0.072     ; 2.457      ;
; 17.470 ; wm8731_configurator:u_config|i2c_master:u_i2c|bit_count[3]       ; wm8731_configurator:u_config|i2c_master:u_i2c|bit_count[2]       ; CLOCK_50                                                         ; CLOCK_50    ; 20.000       ; -0.072     ; 2.457      ;
; 17.525 ; wm8731_configurator:u_config|i2c_master:u_i2c|bit_count[3]       ; wm8731_configurator:u_config|i2c_master:u_i2c|bit_count[4]       ; CLOCK_50                                                         ; CLOCK_50    ; 20.000       ; -0.072     ; 2.402      ;
; 17.557 ; wm8731_configurator:u_config|i2c_master:u_i2c|bit_count[2]       ; wm8731_configurator:u_config|i2c_master:u_i2c|sda_reg            ; CLOCK_50                                                         ; CLOCK_50    ; 20.000       ; -0.070     ; 2.372      ;
; 17.567 ; wm8731_configurator:u_config|i2c_master:u_i2c|state.I2C_IDLE     ; wm8731_configurator:u_config|i2c_master:u_i2c|state.I2C_IDLE     ; CLOCK_50                                                         ; CLOCK_50    ; 20.000       ; -0.072     ; 2.360      ;
; 17.710 ; wm8731_configurator:u_config|i2c_master:u_i2c|state.I2C_WAIT_ACK ; wm8731_configurator:u_config|i2c_master:u_i2c|sda_reg            ; CLOCK_50                                                         ; CLOCK_50    ; 20.000       ; -0.070     ; 2.219      ;
; 17.793 ; wm8731_configurator:u_config|i2c_master:u_i2c|state.I2C_START    ; wm8731_configurator:u_config|i2c_master:u_i2c|bit_count[0]       ; CLOCK_50                                                         ; CLOCK_50    ; 20.000       ; -0.074     ; 2.132      ;
; 17.793 ; wm8731_configurator:u_config|i2c_master:u_i2c|state.I2C_START    ; wm8731_configurator:u_config|i2c_master:u_i2c|bit_count[3]       ; CLOCK_50                                                         ; CLOCK_50    ; 20.000       ; -0.074     ; 2.132      ;
; 17.793 ; wm8731_configurator:u_config|i2c_master:u_i2c|state.I2C_START    ; wm8731_configurator:u_config|i2c_master:u_i2c|bit_count[1]       ; CLOCK_50                                                         ; CLOCK_50    ; 20.000       ; -0.074     ; 2.132      ;
; 17.793 ; wm8731_configurator:u_config|i2c_master:u_i2c|state.I2C_START    ; wm8731_configurator:u_config|i2c_master:u_i2c|bit_count[2]       ; CLOCK_50                                                         ; CLOCK_50    ; 20.000       ; -0.074     ; 2.132      ;
; 17.834 ; wm8731_configurator:u_config|i2c_master:u_i2c|bit_count[4]       ; wm8731_configurator:u_config|i2c_master:u_i2c|bit_count[4]       ; CLOCK_50                                                         ; CLOCK_50    ; 20.000       ; -0.072     ; 2.093      ;
; 17.844 ; wm8731_configurator:u_config|i2c_master:u_i2c|state.I2C_IDLE     ; wm8731_configurator:u_config|i2c_master:u_i2c|sda_reg            ; CLOCK_50                                                         ; CLOCK_50    ; 20.000       ; -0.072     ; 2.083      ;
; 17.866 ; wm8731_configurator:u_config|i2c_master:u_i2c|bit_count[2]       ; wm8731_configurator:u_config|i2c_master:u_i2c|bit_count[3]       ; CLOCK_50                                                         ; CLOCK_50    ; 20.000       ; -0.072     ; 2.061      ;
; 18.015 ; wm8731_configurator:u_config|i2c_master:u_i2c|bit_count[4]       ; wm8731_configurator:u_config|i2c_master:u_i2c|state.I2C_WAIT_ACK ; CLOCK_50                                                         ; CLOCK_50    ; 20.000       ; -0.072     ; 1.912      ;
; 18.022 ; wm8731_configurator:u_config|i2c_master:u_i2c|bit_count[0]       ; wm8731_configurator:u_config|i2c_master:u_i2c|state.I2C_WAIT_ACK ; CLOCK_50                                                         ; CLOCK_50    ; 20.000       ; -0.072     ; 1.905      ;
; 18.120 ; wm8731_configurator:u_config|i2c_master:u_i2c|bit_count[1]       ; wm8731_configurator:u_config|i2c_master:u_i2c|state.I2C_WAIT_ACK ; CLOCK_50                                                         ; CLOCK_50    ; 20.000       ; -0.072     ; 1.807      ;
; 18.176 ; wm8731_configurator:u_config|i2c_master:u_i2c|state.I2C_SEND     ; wm8731_configurator:u_config|i2c_master:u_i2c|bit_count[0]       ; CLOCK_50                                                         ; CLOCK_50    ; 20.000       ; -0.072     ; 1.751      ;
; 18.176 ; wm8731_configurator:u_config|i2c_master:u_i2c|state.I2C_SEND     ; wm8731_configurator:u_config|i2c_master:u_i2c|bit_count[3]       ; CLOCK_50                                                         ; CLOCK_50    ; 20.000       ; -0.072     ; 1.751      ;
; 18.176 ; wm8731_configurator:u_config|i2c_master:u_i2c|state.I2C_SEND     ; wm8731_configurator:u_config|i2c_master:u_i2c|bit_count[1]       ; CLOCK_50                                                         ; CLOCK_50    ; 20.000       ; -0.072     ; 1.751      ;
; 18.176 ; wm8731_configurator:u_config|i2c_master:u_i2c|state.I2C_SEND     ; wm8731_configurator:u_config|i2c_master:u_i2c|bit_count[2]       ; CLOCK_50                                                         ; CLOCK_50    ; 20.000       ; -0.072     ; 1.751      ;
; 18.234 ; wm8731_configurator:u_config|i2c_master:u_i2c|bit_count[2]       ; wm8731_configurator:u_config|i2c_master:u_i2c|bit_count[0]       ; CLOCK_50                                                         ; CLOCK_50    ; 20.000       ; -0.072     ; 1.693      ;
; 18.234 ; wm8731_configurator:u_config|i2c_master:u_i2c|bit_count[2]       ; wm8731_configurator:u_config|i2c_master:u_i2c|bit_count[1]       ; CLOCK_50                                                         ; CLOCK_50    ; 20.000       ; -0.072     ; 1.693      ;
; 18.234 ; wm8731_configurator:u_config|i2c_master:u_i2c|bit_count[2]       ; wm8731_configurator:u_config|i2c_master:u_i2c|bit_count[2]       ; CLOCK_50                                                         ; CLOCK_50    ; 20.000       ; -0.072     ; 1.693      ;
; 18.261 ; wm8731_configurator:u_config|i2c_master:u_i2c|bit_count[4]       ; wm8731_configurator:u_config|i2c_master:u_i2c|state.I2C_SEND     ; CLOCK_50                                                         ; CLOCK_50    ; 20.000       ; -0.072     ; 1.666      ;
; 18.268 ; wm8731_configurator:u_config|i2c_master:u_i2c|bit_count[0]       ; wm8731_configurator:u_config|i2c_master:u_i2c|state.I2C_SEND     ; CLOCK_50                                                         ; CLOCK_50    ; 20.000       ; -0.072     ; 1.659      ;
; 18.283 ; wm8731_configurator:u_config|i2c_master:u_i2c|bit_count[3]       ; wm8731_configurator:u_config|i2c_master:u_i2c|state.I2C_WAIT_ACK ; CLOCK_50                                                         ; CLOCK_50    ; 20.000       ; -0.072     ; 1.644      ;
; 18.366 ; wm8731_configurator:u_config|i2c_master:u_i2c|bit_count[1]       ; wm8731_configurator:u_config|i2c_master:u_i2c|state.I2C_SEND     ; CLOCK_50                                                         ; CLOCK_50    ; 20.000       ; -0.072     ; 1.561      ;
; 18.529 ; wm8731_configurator:u_config|i2c_master:u_i2c|bit_count[3]       ; wm8731_configurator:u_config|i2c_master:u_i2c|state.I2C_SEND     ; CLOCK_50                                                         ; CLOCK_50    ; 20.000       ; -0.072     ; 1.398      ;
; 18.535 ; wm8731_configurator:u_config|i2c_master:u_i2c|state.I2C_WAIT_ACK ; wm8731_configurator:u_config|i2c_master:u_i2c|state.I2C_STOP     ; CLOCK_50                                                         ; CLOCK_50    ; 20.000       ; -0.066     ; 1.398      ;
; 18.566 ; wm8731_configurator:u_config|i2c_master:u_i2c|state.I2C_SEND     ; wm8731_configurator:u_config|i2c_master:u_i2c|bit_count[4]       ; CLOCK_50                                                         ; CLOCK_50    ; 20.000       ; -0.072     ; 1.361      ;
; 18.589 ; wm8731_configurator:u_config|i2c_master:u_i2c|state.I2C_START    ; wm8731_configurator:u_config|i2c_master:u_i2c|state.I2C_SEND     ; CLOCK_50                                                         ; CLOCK_50    ; 20.000       ; -0.074     ; 1.336      ;
; 18.597 ; wm8731_configurator:u_config|i2c_master:u_i2c|state.I2C_START    ; wm8731_configurator:u_config|i2c_master:u_i2c|bit_count[4]       ; CLOCK_50                                                         ; CLOCK_50    ; 20.000       ; -0.074     ; 1.328      ;
; 18.755 ; wm8731_configurator:u_config|i2c_master:u_i2c|state.I2C_SEND     ; wm8731_configurator:u_config|i2c_master:u_i2c|sda_reg            ; CLOCK_50                                                         ; CLOCK_50    ; 20.000       ; -0.070     ; 1.174      ;
; 18.920 ; wm8731_configurator:u_config|i2c_master:u_i2c|bit_count[2]       ; wm8731_configurator:u_config|i2c_master:u_i2c|state.I2C_SEND     ; CLOCK_50                                                         ; CLOCK_50    ; 20.000       ; -0.072     ; 1.007      ;
; 18.994 ; wm8731_configurator:u_config|i2c_master:u_i2c|state.I2C_SEND     ; wm8731_configurator:u_config|i2c_master:u_i2c|state.I2C_WAIT_ACK ; CLOCK_50                                                         ; CLOCK_50    ; 20.000       ; -0.072     ; 0.933      ;
; 19.004 ; wm8731_configurator:u_config|i2c_master:u_i2c|state.I2C_SEND     ; wm8731_configurator:u_config|i2c_master:u_i2c|scl_reg            ; CLOCK_50                                                         ; CLOCK_50    ; 20.000       ; -0.072     ; 0.923      ;
; 19.006 ; wm8731_configurator:u_config|i2c_master:u_i2c|bit_count[2]       ; wm8731_configurator:u_config|i2c_master:u_i2c|state.I2C_WAIT_ACK ; CLOCK_50                                                         ; CLOCK_50    ; 20.000       ; -0.072     ; 0.921      ;
; 19.179 ; wm8731_configurator:u_config|i2c_master:u_i2c|state.I2C_IDLE     ; wm8731_configurator:u_config|i2c_master:u_i2c|state.I2C_START    ; CLOCK_50                                                         ; CLOCK_50    ; 20.000       ; -0.072     ; 0.748      ;
; 19.217 ; wm8731_configurator:u_config|i2c_master:u_i2c|state.I2C_STOP     ; wm8731_configurator:u_config|i2c_master:u_i2c|state.I2C_COMPLETE ; CLOCK_50                                                         ; CLOCK_50    ; 20.000       ; -0.072     ; 0.710      ;
; 19.268 ; wm8731_configurator:u_config|i2c_master:u_i2c|state.I2C_SEND     ; wm8731_configurator:u_config|i2c_master:u_i2c|state.I2C_SEND     ; CLOCK_50                                                         ; CLOCK_50    ; 20.000       ; -0.072     ; 0.659      ;
+--------+------------------------------------------------------------------+------------------------------------------------------------------+------------------------------------------------------------------+-------------+--------------+------------+------------+


+-----------------------------------------------------------------------------------------------------------------------------------------------------------------------------------------------------------------------------------------------------------------------------------+
; Slow 1200mV 0C Model Setup: 'wm8731_configurator:u_config|i2c_master:u_i2c|state.I2C_COMPLETE'                                                                                                                                                                                    ;
+--------+-------------------------------------------+-----------------------------------------------+------------------------------------------------------------------+------------------------------------------------------------------+--------------+------------+------------+
; Slack  ; From Node                                 ; To Node                                       ; Launch Clock                                                     ; Latch Clock                                                      ; Relationship ; Clock Skew ; Data Delay ;
+--------+-------------------------------------------+-----------------------------------------------+------------------------------------------------------------------+------------------------------------------------------------------+--------------+------------+------------+
; -1.233 ; wm8731_configurator:u_config|reg_index[6] ; wm8731_configurator:u_config|reg_index[6]     ; wm8731_configurator:u_config|i2c_master:u_i2c|state.I2C_COMPLETE ; wm8731_configurator:u_config|i2c_master:u_i2c|state.I2C_COMPLETE ; 1.000        ; -0.072     ; 2.160      ;
; -1.233 ; wm8731_configurator:u_config|reg_index[6] ; wm8731_configurator:u_config|reg_index[5]     ; wm8731_configurator:u_config|i2c_master:u_i2c|state.I2C_COMPLETE ; wm8731_configurator:u_config|i2c_master:u_i2c|state.I2C_COMPLETE ; 1.000        ; -0.072     ; 2.160      ;
; -1.233 ; wm8731_configurator:u_config|reg_index[6] ; wm8731_configurator:u_config|reg_index[1]     ; wm8731_configurator:u_config|i2c_master:u_i2c|state.I2C_COMPLETE ; wm8731_configurator:u_config|i2c_master:u_i2c|state.I2C_COMPLETE ; 1.000        ; -0.072     ; 2.160      ;
; -1.233 ; wm8731_configurator:u_config|reg_index[6] ; wm8731_configurator:u_config|reg_index[2]     ; wm8731_configurator:u_config|i2c_master:u_i2c|state.I2C_COMPLETE ; wm8731_configurator:u_config|i2c_master:u_i2c|state.I2C_COMPLETE ; 1.000        ; -0.072     ; 2.160      ;
; -1.233 ; wm8731_configurator:u_config|reg_index[6] ; wm8731_configurator:u_config|reg_index[3]     ; wm8731_configurator:u_config|i2c_master:u_i2c|state.I2C_COMPLETE ; wm8731_configurator:u_config|i2c_master:u_i2c|state.I2C_COMPLETE ; 1.000        ; -0.072     ; 2.160      ;
; -1.233 ; wm8731_configurator:u_config|reg_index[6] ; wm8731_configurator:u_config|reg_index[4]     ; wm8731_configurator:u_config|i2c_master:u_i2c|state.I2C_COMPLETE ; wm8731_configurator:u_config|i2c_master:u_i2c|state.I2C_COMPLETE ; 1.000        ; -0.072     ; 2.160      ;
; -1.187 ; wm8731_configurator:u_config|reg_index[4] ; wm8731_configurator:u_config|reg_index[6]     ; wm8731_configurator:u_config|i2c_master:u_i2c|state.I2C_COMPLETE ; wm8731_configurator:u_config|i2c_master:u_i2c|state.I2C_COMPLETE ; 1.000        ; -0.072     ; 2.114      ;
; -1.187 ; wm8731_configurator:u_config|reg_index[4] ; wm8731_configurator:u_config|reg_index[5]     ; wm8731_configurator:u_config|i2c_master:u_i2c|state.I2C_COMPLETE ; wm8731_configurator:u_config|i2c_master:u_i2c|state.I2C_COMPLETE ; 1.000        ; -0.072     ; 2.114      ;
; -1.187 ; wm8731_configurator:u_config|reg_index[4] ; wm8731_configurator:u_config|reg_index[1]     ; wm8731_configurator:u_config|i2c_master:u_i2c|state.I2C_COMPLETE ; wm8731_configurator:u_config|i2c_master:u_i2c|state.I2C_COMPLETE ; 1.000        ; -0.072     ; 2.114      ;
; -1.187 ; wm8731_configurator:u_config|reg_index[4] ; wm8731_configurator:u_config|reg_index[2]     ; wm8731_configurator:u_config|i2c_master:u_i2c|state.I2C_COMPLETE ; wm8731_configurator:u_config|i2c_master:u_i2c|state.I2C_COMPLETE ; 1.000        ; -0.072     ; 2.114      ;
; -1.187 ; wm8731_configurator:u_config|reg_index[4] ; wm8731_configurator:u_config|reg_index[3]     ; wm8731_configurator:u_config|i2c_master:u_i2c|state.I2C_COMPLETE ; wm8731_configurator:u_config|i2c_master:u_i2c|state.I2C_COMPLETE ; 1.000        ; -0.072     ; 2.114      ;
; -1.187 ; wm8731_configurator:u_config|reg_index[4] ; wm8731_configurator:u_config|reg_index[4]     ; wm8731_configurator:u_config|i2c_master:u_i2c|state.I2C_COMPLETE ; wm8731_configurator:u_config|i2c_master:u_i2c|state.I2C_COMPLETE ; 1.000        ; -0.072     ; 2.114      ;
; -0.964 ; wm8731_configurator:u_config|reg_index[1] ; wm8731_configurator:u_config|reg_index[6]     ; wm8731_configurator:u_config|i2c_master:u_i2c|state.I2C_COMPLETE ; wm8731_configurator:u_config|i2c_master:u_i2c|state.I2C_COMPLETE ; 1.000        ; -0.072     ; 1.891      ;
; -0.964 ; wm8731_configurator:u_config|reg_index[1] ; wm8731_configurator:u_config|reg_index[5]     ; wm8731_configurator:u_config|i2c_master:u_i2c|state.I2C_COMPLETE ; wm8731_configurator:u_config|i2c_master:u_i2c|state.I2C_COMPLETE ; 1.000        ; -0.072     ; 1.891      ;
; -0.964 ; wm8731_configurator:u_config|reg_index[1] ; wm8731_configurator:u_config|reg_index[1]     ; wm8731_configurator:u_config|i2c_master:u_i2c|state.I2C_COMPLETE ; wm8731_configurator:u_config|i2c_master:u_i2c|state.I2C_COMPLETE ; 1.000        ; -0.072     ; 1.891      ;
; -0.964 ; wm8731_configurator:u_config|reg_index[1] ; wm8731_configurator:u_config|reg_index[2]     ; wm8731_configurator:u_config|i2c_master:u_i2c|state.I2C_COMPLETE ; wm8731_configurator:u_config|i2c_master:u_i2c|state.I2C_COMPLETE ; 1.000        ; -0.072     ; 1.891      ;
; -0.964 ; wm8731_configurator:u_config|reg_index[1] ; wm8731_configurator:u_config|reg_index[3]     ; wm8731_configurator:u_config|i2c_master:u_i2c|state.I2C_COMPLETE ; wm8731_configurator:u_config|i2c_master:u_i2c|state.I2C_COMPLETE ; 1.000        ; -0.072     ; 1.891      ;
; -0.964 ; wm8731_configurator:u_config|reg_index[1] ; wm8731_configurator:u_config|reg_index[4]     ; wm8731_configurator:u_config|i2c_master:u_i2c|state.I2C_COMPLETE ; wm8731_configurator:u_config|i2c_master:u_i2c|state.I2C_COMPLETE ; 1.000        ; -0.072     ; 1.891      ;
; -0.954 ; wm8731_configurator:u_config|reg_index[0] ; wm8731_configurator:u_config|command_word[4]  ; wm8731_configurator:u_config|i2c_master:u_i2c|state.I2C_COMPLETE ; wm8731_configurator:u_config|i2c_master:u_i2c|state.I2C_COMPLETE ; 1.000        ; -0.072     ; 1.881      ;
; -0.951 ; wm8731_configurator:u_config|reg_index[6] ; wm8731_configurator:u_config|command_word[8]  ; wm8731_configurator:u_config|i2c_master:u_i2c|state.I2C_COMPLETE ; wm8731_configurator:u_config|i2c_master:u_i2c|state.I2C_COMPLETE ; 1.000        ; -0.072     ; 1.878      ;
; -0.949 ; wm8731_configurator:u_config|reg_index[6] ; wm8731_configurator:u_config|command_word[6]  ; wm8731_configurator:u_config|i2c_master:u_i2c|state.I2C_COMPLETE ; wm8731_configurator:u_config|i2c_master:u_i2c|state.I2C_COMPLETE ; 1.000        ; -0.072     ; 1.876      ;
; -0.949 ; wm8731_configurator:u_config|reg_index[5] ; wm8731_configurator:u_config|reg_index[6]     ; wm8731_configurator:u_config|i2c_master:u_i2c|state.I2C_COMPLETE ; wm8731_configurator:u_config|i2c_master:u_i2c|state.I2C_COMPLETE ; 1.000        ; -0.072     ; 1.876      ;
; -0.949 ; wm8731_configurator:u_config|reg_index[5] ; wm8731_configurator:u_config|reg_index[5]     ; wm8731_configurator:u_config|i2c_master:u_i2c|state.I2C_COMPLETE ; wm8731_configurator:u_config|i2c_master:u_i2c|state.I2C_COMPLETE ; 1.000        ; -0.072     ; 1.876      ;
; -0.949 ; wm8731_configurator:u_config|reg_index[5] ; wm8731_configurator:u_config|reg_index[1]     ; wm8731_configurator:u_config|i2c_master:u_i2c|state.I2C_COMPLETE ; wm8731_configurator:u_config|i2c_master:u_i2c|state.I2C_COMPLETE ; 1.000        ; -0.072     ; 1.876      ;
; -0.949 ; wm8731_configurator:u_config|reg_index[5] ; wm8731_configurator:u_config|reg_index[2]     ; wm8731_configurator:u_config|i2c_master:u_i2c|state.I2C_COMPLETE ; wm8731_configurator:u_config|i2c_master:u_i2c|state.I2C_COMPLETE ; 1.000        ; -0.072     ; 1.876      ;
; -0.949 ; wm8731_configurator:u_config|reg_index[5] ; wm8731_configurator:u_config|reg_index[3]     ; wm8731_configurator:u_config|i2c_master:u_i2c|state.I2C_COMPLETE ; wm8731_configurator:u_config|i2c_master:u_i2c|state.I2C_COMPLETE ; 1.000        ; -0.072     ; 1.876      ;
; -0.949 ; wm8731_configurator:u_config|reg_index[5] ; wm8731_configurator:u_config|reg_index[4]     ; wm8731_configurator:u_config|i2c_master:u_i2c|state.I2C_COMPLETE ; wm8731_configurator:u_config|i2c_master:u_i2c|state.I2C_COMPLETE ; 1.000        ; -0.072     ; 1.876      ;
; -0.905 ; wm8731_configurator:u_config|reg_index[4] ; wm8731_configurator:u_config|command_word[8]  ; wm8731_configurator:u_config|i2c_master:u_i2c|state.I2C_COMPLETE ; wm8731_configurator:u_config|i2c_master:u_i2c|state.I2C_COMPLETE ; 1.000        ; -0.072     ; 1.832      ;
; -0.903 ; wm8731_configurator:u_config|reg_index[4] ; wm8731_configurator:u_config|command_word[6]  ; wm8731_configurator:u_config|i2c_master:u_i2c|state.I2C_COMPLETE ; wm8731_configurator:u_config|i2c_master:u_i2c|state.I2C_COMPLETE ; 1.000        ; -0.072     ; 1.830      ;
; -0.893 ; wm8731_configurator:u_config|reg_index[0] ; wm8731_configurator:u_config|command_word[7]  ; wm8731_configurator:u_config|i2c_master:u_i2c|state.I2C_COMPLETE ; wm8731_configurator:u_config|i2c_master:u_i2c|state.I2C_COMPLETE ; 1.000        ; -0.072     ; 1.820      ;
; -0.885 ; wm8731_configurator:u_config|reg_index[2] ; wm8731_configurator:u_config|reg_index[6]     ; wm8731_configurator:u_config|i2c_master:u_i2c|state.I2C_COMPLETE ; wm8731_configurator:u_config|i2c_master:u_i2c|state.I2C_COMPLETE ; 1.000        ; -0.072     ; 1.812      ;
; -0.885 ; wm8731_configurator:u_config|reg_index[2] ; wm8731_configurator:u_config|reg_index[5]     ; wm8731_configurator:u_config|i2c_master:u_i2c|state.I2C_COMPLETE ; wm8731_configurator:u_config|i2c_master:u_i2c|state.I2C_COMPLETE ; 1.000        ; -0.072     ; 1.812      ;
; -0.885 ; wm8731_configurator:u_config|reg_index[2] ; wm8731_configurator:u_config|reg_index[1]     ; wm8731_configurator:u_config|i2c_master:u_i2c|state.I2C_COMPLETE ; wm8731_configurator:u_config|i2c_master:u_i2c|state.I2C_COMPLETE ; 1.000        ; -0.072     ; 1.812      ;
; -0.885 ; wm8731_configurator:u_config|reg_index[2] ; wm8731_configurator:u_config|reg_index[2]     ; wm8731_configurator:u_config|i2c_master:u_i2c|state.I2C_COMPLETE ; wm8731_configurator:u_config|i2c_master:u_i2c|state.I2C_COMPLETE ; 1.000        ; -0.072     ; 1.812      ;
; -0.885 ; wm8731_configurator:u_config|reg_index[2] ; wm8731_configurator:u_config|reg_index[3]     ; wm8731_configurator:u_config|i2c_master:u_i2c|state.I2C_COMPLETE ; wm8731_configurator:u_config|i2c_master:u_i2c|state.I2C_COMPLETE ; 1.000        ; -0.072     ; 1.812      ;
; -0.885 ; wm8731_configurator:u_config|reg_index[2] ; wm8731_configurator:u_config|reg_index[4]     ; wm8731_configurator:u_config|i2c_master:u_i2c|state.I2C_COMPLETE ; wm8731_configurator:u_config|i2c_master:u_i2c|state.I2C_COMPLETE ; 1.000        ; -0.072     ; 1.812      ;
; -0.878 ; wm8731_configurator:u_config|reg_index[0] ; wm8731_configurator:u_config|command_word[0]  ; wm8731_configurator:u_config|i2c_master:u_i2c|state.I2C_COMPLETE ; wm8731_configurator:u_config|i2c_master:u_i2c|state.I2C_COMPLETE ; 1.000        ; -0.070     ; 1.807      ;
; -0.867 ; wm8731_configurator:u_config|reg_index[1] ; wm8731_configurator:u_config|command_word[0]  ; wm8731_configurator:u_config|i2c_master:u_i2c|state.I2C_COMPLETE ; wm8731_configurator:u_config|i2c_master:u_i2c|state.I2C_COMPLETE ; 1.000        ; -0.070     ; 1.796      ;
; -0.835 ; wm8731_configurator:u_config|reg_index[1] ; wm8731_configurator:u_config|command_word[2]  ; wm8731_configurator:u_config|i2c_master:u_i2c|state.I2C_COMPLETE ; wm8731_configurator:u_config|i2c_master:u_i2c|state.I2C_COMPLETE ; 1.000        ; -0.070     ; 1.764      ;
; -0.805 ; wm8731_configurator:u_config|reg_index[6] ; wm8731_configurator:u_config|reg_index[0]     ; wm8731_configurator:u_config|i2c_master:u_i2c|state.I2C_COMPLETE ; wm8731_configurator:u_config|i2c_master:u_i2c|state.I2C_COMPLETE ; 1.000        ; -0.072     ; 1.732      ;
; -0.797 ; wm8731_configurator:u_config|reg_index[0] ; wm8731_configurator:u_config|reg_index[6]     ; wm8731_configurator:u_config|i2c_master:u_i2c|state.I2C_COMPLETE ; wm8731_configurator:u_config|i2c_master:u_i2c|state.I2C_COMPLETE ; 1.000        ; -0.072     ; 1.724      ;
; -0.791 ; wm8731_configurator:u_config|reg_index[6] ; wm8731_configurator:u_config|transfer_enable  ; wm8731_configurator:u_config|i2c_master:u_i2c|state.I2C_COMPLETE ; wm8731_configurator:u_config|i2c_master:u_i2c|state.I2C_COMPLETE ; 1.000        ; -0.072     ; 1.718      ;
; -0.791 ; wm8731_configurator:u_config|reg_index[1] ; wm8731_configurator:u_config|command_word[11] ; wm8731_configurator:u_config|i2c_master:u_i2c|state.I2C_COMPLETE ; wm8731_configurator:u_config|i2c_master:u_i2c|state.I2C_COMPLETE ; 1.000        ; -0.072     ; 1.718      ;
; -0.778 ; wm8731_configurator:u_config|reg_index[0] ; wm8731_configurator:u_config|command_word[2]  ; wm8731_configurator:u_config|i2c_master:u_i2c|state.I2C_COMPLETE ; wm8731_configurator:u_config|i2c_master:u_i2c|state.I2C_COMPLETE ; 1.000        ; -0.070     ; 1.707      ;
; -0.770 ; wm8731_configurator:u_config|reg_index[3] ; wm8731_configurator:u_config|reg_index[6]     ; wm8731_configurator:u_config|i2c_master:u_i2c|state.I2C_COMPLETE ; wm8731_configurator:u_config|i2c_master:u_i2c|state.I2C_COMPLETE ; 1.000        ; -0.072     ; 1.697      ;
; -0.770 ; wm8731_configurator:u_config|reg_index[3] ; wm8731_configurator:u_config|reg_index[5]     ; wm8731_configurator:u_config|i2c_master:u_i2c|state.I2C_COMPLETE ; wm8731_configurator:u_config|i2c_master:u_i2c|state.I2C_COMPLETE ; 1.000        ; -0.072     ; 1.697      ;
; -0.770 ; wm8731_configurator:u_config|reg_index[3] ; wm8731_configurator:u_config|reg_index[1]     ; wm8731_configurator:u_config|i2c_master:u_i2c|state.I2C_COMPLETE ; wm8731_configurator:u_config|i2c_master:u_i2c|state.I2C_COMPLETE ; 1.000        ; -0.072     ; 1.697      ;
; -0.770 ; wm8731_configurator:u_config|reg_index[3] ; wm8731_configurator:u_config|reg_index[2]     ; wm8731_configurator:u_config|i2c_master:u_i2c|state.I2C_COMPLETE ; wm8731_configurator:u_config|i2c_master:u_i2c|state.I2C_COMPLETE ; 1.000        ; -0.072     ; 1.697      ;
; -0.770 ; wm8731_configurator:u_config|reg_index[3] ; wm8731_configurator:u_config|reg_index[3]     ; wm8731_configurator:u_config|i2c_master:u_i2c|state.I2C_COMPLETE ; wm8731_configurator:u_config|i2c_master:u_i2c|state.I2C_COMPLETE ; 1.000        ; -0.072     ; 1.697      ;
; -0.770 ; wm8731_configurator:u_config|reg_index[3] ; wm8731_configurator:u_config|reg_index[4]     ; wm8731_configurator:u_config|i2c_master:u_i2c|state.I2C_COMPLETE ; wm8731_configurator:u_config|i2c_master:u_i2c|state.I2C_COMPLETE ; 1.000        ; -0.072     ; 1.697      ;
; -0.759 ; wm8731_configurator:u_config|reg_index[4] ; wm8731_configurator:u_config|reg_index[0]     ; wm8731_configurator:u_config|i2c_master:u_i2c|state.I2C_COMPLETE ; wm8731_configurator:u_config|i2c_master:u_i2c|state.I2C_COMPLETE ; 1.000        ; -0.072     ; 1.686      ;
; -0.751 ; wm8731_configurator:u_config|reg_index[1] ; wm8731_configurator:u_config|command_word[7]  ; wm8731_configurator:u_config|i2c_master:u_i2c|state.I2C_COMPLETE ; wm8731_configurator:u_config|i2c_master:u_i2c|state.I2C_COMPLETE ; 1.000        ; -0.072     ; 1.678      ;
; -0.749 ; wm8731_configurator:u_config|reg_index[1] ; wm8731_configurator:u_config|command_word[4]  ; wm8731_configurator:u_config|i2c_master:u_i2c|state.I2C_COMPLETE ; wm8731_configurator:u_config|i2c_master:u_i2c|state.I2C_COMPLETE ; 1.000        ; -0.072     ; 1.676      ;
; -0.748 ; wm8731_configurator:u_config|reg_index[3] ; wm8731_configurator:u_config|command_word[0]  ; wm8731_configurator:u_config|i2c_master:u_i2c|state.I2C_COMPLETE ; wm8731_configurator:u_config|i2c_master:u_i2c|state.I2C_COMPLETE ; 1.000        ; -0.070     ; 1.677      ;
; -0.745 ; wm8731_configurator:u_config|reg_index[4] ; wm8731_configurator:u_config|transfer_enable  ; wm8731_configurator:u_config|i2c_master:u_i2c|state.I2C_COMPLETE ; wm8731_configurator:u_config|i2c_master:u_i2c|state.I2C_COMPLETE ; 1.000        ; -0.072     ; 1.672      ;
; -0.722 ; wm8731_configurator:u_config|reg_index[3] ; wm8731_configurator:u_config|command_word[4]  ; wm8731_configurator:u_config|i2c_master:u_i2c|state.I2C_COMPLETE ; wm8731_configurator:u_config|i2c_master:u_i2c|state.I2C_COMPLETE ; 1.000        ; -0.072     ; 1.649      ;
; -0.718 ; wm8731_configurator:u_config|reg_index[3] ; wm8731_configurator:u_config|command_word[2]  ; wm8731_configurator:u_config|i2c_master:u_i2c|state.I2C_COMPLETE ; wm8731_configurator:u_config|i2c_master:u_i2c|state.I2C_COMPLETE ; 1.000        ; -0.070     ; 1.647      ;
; -0.716 ; wm8731_configurator:u_config|reg_index[3] ; wm8731_configurator:u_config|command_word[11] ; wm8731_configurator:u_config|i2c_master:u_i2c|state.I2C_COMPLETE ; wm8731_configurator:u_config|i2c_master:u_i2c|state.I2C_COMPLETE ; 1.000        ; -0.072     ; 1.643      ;
; -0.713 ; wm8731_configurator:u_config|reg_index[3] ; wm8731_configurator:u_config|command_word[7]  ; wm8731_configurator:u_config|i2c_master:u_i2c|state.I2C_COMPLETE ; wm8731_configurator:u_config|i2c_master:u_i2c|state.I2C_COMPLETE ; 1.000        ; -0.072     ; 1.640      ;
; -0.709 ; wm8731_configurator:u_config|reg_index[0] ; wm8731_configurator:u_config|command_word[11] ; wm8731_configurator:u_config|i2c_master:u_i2c|state.I2C_COMPLETE ; wm8731_configurator:u_config|i2c_master:u_i2c|state.I2C_COMPLETE ; 1.000        ; -0.072     ; 1.636      ;
; -0.706 ; wm8731_configurator:u_config|reg_index[0] ; wm8731_configurator:u_config|reg_index[5]     ; wm8731_configurator:u_config|i2c_master:u_i2c|state.I2C_COMPLETE ; wm8731_configurator:u_config|i2c_master:u_i2c|state.I2C_COMPLETE ; 1.000        ; -0.072     ; 1.633      ;
; -0.682 ; wm8731_configurator:u_config|reg_index[1] ; wm8731_configurator:u_config|command_word[8]  ; wm8731_configurator:u_config|i2c_master:u_i2c|state.I2C_COMPLETE ; wm8731_configurator:u_config|i2c_master:u_i2c|state.I2C_COMPLETE ; 1.000        ; -0.072     ; 1.609      ;
; -0.681 ; wm8731_configurator:u_config|reg_index[0] ; wm8731_configurator:u_config|reg_index[4]     ; wm8731_configurator:u_config|i2c_master:u_i2c|state.I2C_COMPLETE ; wm8731_configurator:u_config|i2c_master:u_i2c|state.I2C_COMPLETE ; 1.000        ; -0.072     ; 1.608      ;
; -0.680 ; wm8731_configurator:u_config|reg_index[1] ; wm8731_configurator:u_config|command_word[6]  ; wm8731_configurator:u_config|i2c_master:u_i2c|state.I2C_COMPLETE ; wm8731_configurator:u_config|i2c_master:u_i2c|state.I2C_COMPLETE ; 1.000        ; -0.072     ; 1.607      ;
; -0.667 ; wm8731_configurator:u_config|reg_index[5] ; wm8731_configurator:u_config|command_word[8]  ; wm8731_configurator:u_config|i2c_master:u_i2c|state.I2C_COMPLETE ; wm8731_configurator:u_config|i2c_master:u_i2c|state.I2C_COMPLETE ; 1.000        ; -0.072     ; 1.594      ;
; -0.665 ; wm8731_configurator:u_config|reg_index[5] ; wm8731_configurator:u_config|command_word[6]  ; wm8731_configurator:u_config|i2c_master:u_i2c|state.I2C_COMPLETE ; wm8731_configurator:u_config|i2c_master:u_i2c|state.I2C_COMPLETE ; 1.000        ; -0.072     ; 1.592      ;
; -0.641 ; wm8731_configurator:u_config|reg_index[2] ; wm8731_configurator:u_config|command_word[0]  ; wm8731_configurator:u_config|i2c_master:u_i2c|state.I2C_COMPLETE ; wm8731_configurator:u_config|i2c_master:u_i2c|state.I2C_COMPLETE ; 1.000        ; -0.070     ; 1.570      ;
; -0.640 ; wm8731_configurator:u_config|reg_index[1] ; wm8731_configurator:u_config|command_word[10] ; wm8731_configurator:u_config|i2c_master:u_i2c|state.I2C_COMPLETE ; wm8731_configurator:u_config|i2c_master:u_i2c|state.I2C_COMPLETE ; 1.000        ; -0.072     ; 1.567      ;
; -0.622 ; wm8731_configurator:u_config|reg_index[0] ; wm8731_configurator:u_config|command_word[12] ; wm8731_configurator:u_config|i2c_master:u_i2c|state.I2C_COMPLETE ; wm8731_configurator:u_config|i2c_master:u_i2c|state.I2C_COMPLETE ; 1.000        ; 0.278      ; 1.899      ;
; -0.609 ; wm8731_configurator:u_config|reg_index[2] ; wm8731_configurator:u_config|command_word[2]  ; wm8731_configurator:u_config|i2c_master:u_i2c|state.I2C_COMPLETE ; wm8731_configurator:u_config|i2c_master:u_i2c|state.I2C_COMPLETE ; 1.000        ; -0.070     ; 1.538      ;
; -0.603 ; wm8731_configurator:u_config|reg_index[2] ; wm8731_configurator:u_config|command_word[8]  ; wm8731_configurator:u_config|i2c_master:u_i2c|state.I2C_COMPLETE ; wm8731_configurator:u_config|i2c_master:u_i2c|state.I2C_COMPLETE ; 1.000        ; -0.072     ; 1.530      ;
; -0.602 ; wm8731_configurator:u_config|reg_index[5] ; wm8731_configurator:u_config|command_word[9]  ; wm8731_configurator:u_config|i2c_master:u_i2c|state.I2C_COMPLETE ; wm8731_configurator:u_config|i2c_master:u_i2c|state.I2C_COMPLETE ; 1.000        ; -0.072     ; 1.529      ;
; -0.601 ; wm8731_configurator:u_config|reg_index[2] ; wm8731_configurator:u_config|command_word[6]  ; wm8731_configurator:u_config|i2c_master:u_i2c|state.I2C_COMPLETE ; wm8731_configurator:u_config|i2c_master:u_i2c|state.I2C_COMPLETE ; 1.000        ; -0.072     ; 1.528      ;
; -0.590 ; wm8731_configurator:u_config|reg_index[0] ; wm8731_configurator:u_config|reg_index[3]     ; wm8731_configurator:u_config|i2c_master:u_i2c|state.I2C_COMPLETE ; wm8731_configurator:u_config|i2c_master:u_i2c|state.I2C_COMPLETE ; 1.000        ; -0.072     ; 1.517      ;
; -0.584 ; wm8731_configurator:u_config|reg_index[3] ; wm8731_configurator:u_config|command_word[10] ; wm8731_configurator:u_config|i2c_master:u_i2c|state.I2C_COMPLETE ; wm8731_configurator:u_config|i2c_master:u_i2c|state.I2C_COMPLETE ; 1.000        ; -0.072     ; 1.511      ;
; -0.565 ; wm8731_configurator:u_config|reg_index[0] ; wm8731_configurator:u_config|reg_index[2]     ; wm8731_configurator:u_config|i2c_master:u_i2c|state.I2C_COMPLETE ; wm8731_configurator:u_config|i2c_master:u_i2c|state.I2C_COMPLETE ; 1.000        ; -0.072     ; 1.492      ;
; -0.564 ; wm8731_configurator:u_config|reg_index[0] ; wm8731_configurator:u_config|command_word[10] ; wm8731_configurator:u_config|i2c_master:u_i2c|state.I2C_COMPLETE ; wm8731_configurator:u_config|i2c_master:u_i2c|state.I2C_COMPLETE ; 1.000        ; -0.072     ; 1.491      ;
; -0.562 ; wm8731_configurator:u_config|reg_index[6] ; wm8731_configurator:u_config|command_word[12] ; wm8731_configurator:u_config|i2c_master:u_i2c|state.I2C_COMPLETE ; wm8731_configurator:u_config|i2c_master:u_i2c|state.I2C_COMPLETE ; 1.000        ; 0.278      ; 1.839      ;
; -0.545 ; wm8731_configurator:u_config|reg_index[1] ; wm8731_configurator:u_config|reg_index[0]     ; wm8731_configurator:u_config|i2c_master:u_i2c|state.I2C_COMPLETE ; wm8731_configurator:u_config|i2c_master:u_i2c|state.I2C_COMPLETE ; 1.000        ; -0.072     ; 1.472      ;
; -0.543 ; wm8731_configurator:u_config|reg_index[2] ; wm8731_configurator:u_config|command_word[9]  ; wm8731_configurator:u_config|i2c_master:u_i2c|state.I2C_COMPLETE ; wm8731_configurator:u_config|i2c_master:u_i2c|state.I2C_COMPLETE ; 1.000        ; -0.072     ; 1.470      ;
; -0.540 ; wm8731_configurator:u_config|reg_index[1] ; wm8731_configurator:u_config|transfer_enable  ; wm8731_configurator:u_config|i2c_master:u_i2c|state.I2C_COMPLETE ; wm8731_configurator:u_config|i2c_master:u_i2c|state.I2C_COMPLETE ; 1.000        ; -0.072     ; 1.467      ;
; -0.523 ; wm8731_configurator:u_config|reg_index[2] ; wm8731_configurator:u_config|command_word[11] ; wm8731_configurator:u_config|i2c_master:u_i2c|state.I2C_COMPLETE ; wm8731_configurator:u_config|i2c_master:u_i2c|state.I2C_COMPLETE ; 1.000        ; -0.072     ; 1.450      ;
; -0.521 ; wm8731_configurator:u_config|reg_index[5] ; wm8731_configurator:u_config|reg_index[0]     ; wm8731_configurator:u_config|i2c_master:u_i2c|state.I2C_COMPLETE ; wm8731_configurator:u_config|i2c_master:u_i2c|state.I2C_COMPLETE ; 1.000        ; -0.072     ; 1.448      ;
; -0.507 ; wm8731_configurator:u_config|reg_index[5] ; wm8731_configurator:u_config|transfer_enable  ; wm8731_configurator:u_config|i2c_master:u_i2c|state.I2C_COMPLETE ; wm8731_configurator:u_config|i2c_master:u_i2c|state.I2C_COMPLETE ; 1.000        ; -0.072     ; 1.434      ;
; -0.477 ; wm8731_configurator:u_config|reg_index[4] ; wm8731_configurator:u_config|command_word[9]  ; wm8731_configurator:u_config|i2c_master:u_i2c|state.I2C_COMPLETE ; wm8731_configurator:u_config|i2c_master:u_i2c|state.I2C_COMPLETE ; 1.000        ; -0.072     ; 1.404      ;
; -0.467 ; wm8731_configurator:u_config|reg_index[0] ; wm8731_configurator:u_config|command_word[9]  ; wm8731_configurator:u_config|i2c_master:u_i2c|state.I2C_COMPLETE ; wm8731_configurator:u_config|i2c_master:u_i2c|state.I2C_COMPLETE ; 1.000        ; -0.072     ; 1.394      ;
; -0.462 ; wm8731_configurator:u_config|reg_index[3] ; wm8731_configurator:u_config|command_word[8]  ; wm8731_configurator:u_config|i2c_master:u_i2c|state.I2C_COMPLETE ; wm8731_configurator:u_config|i2c_master:u_i2c|state.I2C_COMPLETE ; 1.000        ; -0.072     ; 1.389      ;
; -0.460 ; wm8731_configurator:u_config|reg_index[3] ; wm8731_configurator:u_config|command_word[6]  ; wm8731_configurator:u_config|i2c_master:u_i2c|state.I2C_COMPLETE ; wm8731_configurator:u_config|i2c_master:u_i2c|state.I2C_COMPLETE ; 1.000        ; -0.072     ; 1.387      ;
; -0.458 ; wm8731_configurator:u_config|reg_index[1] ; wm8731_configurator:u_config|command_word[12] ; wm8731_configurator:u_config|i2c_master:u_i2c|state.I2C_COMPLETE ; wm8731_configurator:u_config|i2c_master:u_i2c|state.I2C_COMPLETE ; 1.000        ; 0.278      ; 1.735      ;
; -0.457 ; wm8731_configurator:u_config|reg_index[2] ; wm8731_configurator:u_config|reg_index[0]     ; wm8731_configurator:u_config|i2c_master:u_i2c|state.I2C_COMPLETE ; wm8731_configurator:u_config|i2c_master:u_i2c|state.I2C_COMPLETE ; 1.000        ; -0.072     ; 1.384      ;
; -0.450 ; wm8731_configurator:u_config|reg_index[4] ; wm8731_configurator:u_config|command_word[0]  ; wm8731_configurator:u_config|i2c_master:u_i2c|state.I2C_COMPLETE ; wm8731_configurator:u_config|i2c_master:u_i2c|state.I2C_COMPLETE ; 1.000        ; -0.070     ; 1.379      ;
; -0.450 ; wm8731_configurator:u_config|reg_index[4] ; wm8731_configurator:u_config|command_word[2]  ; wm8731_configurator:u_config|i2c_master:u_i2c|state.I2C_COMPLETE ; wm8731_configurator:u_config|i2c_master:u_i2c|state.I2C_COMPLETE ; 1.000        ; -0.070     ; 1.379      ;
; -0.445 ; wm8731_configurator:u_config|reg_index[2] ; wm8731_configurator:u_config|command_word[4]  ; wm8731_configurator:u_config|i2c_master:u_i2c|state.I2C_COMPLETE ; wm8731_configurator:u_config|i2c_master:u_i2c|state.I2C_COMPLETE ; 1.000        ; -0.072     ; 1.372      ;
; -0.443 ; wm8731_configurator:u_config|reg_index[2] ; wm8731_configurator:u_config|transfer_enable  ; wm8731_configurator:u_config|i2c_master:u_i2c|state.I2C_COMPLETE ; wm8731_configurator:u_config|i2c_master:u_i2c|state.I2C_COMPLETE ; 1.000        ; -0.072     ; 1.370      ;
; -0.442 ; wm8731_configurator:u_config|reg_index[2] ; wm8731_configurator:u_config|command_word[7]  ; wm8731_configurator:u_config|i2c_master:u_i2c|state.I2C_COMPLETE ; wm8731_configurator:u_config|i2c_master:u_i2c|state.I2C_COMPLETE ; 1.000        ; -0.072     ; 1.369      ;
; -0.398 ; wm8731_configurator:u_config|reg_index[3] ; wm8731_configurator:u_config|command_word[12] ; wm8731_configurator:u_config|i2c_master:u_i2c|state.I2C_COMPLETE ; wm8731_configurator:u_config|i2c_master:u_i2c|state.I2C_COMPLETE ; 1.000        ; 0.278      ; 1.675      ;
; -0.386 ; wm8731_configurator:u_config|reg_index[5] ; wm8731_configurator:u_config|command_word[0]  ; wm8731_configurator:u_config|i2c_master:u_i2c|state.I2C_COMPLETE ; wm8731_configurator:u_config|i2c_master:u_i2c|state.I2C_COMPLETE ; 1.000        ; -0.070     ; 1.315      ;
; -0.386 ; wm8731_configurator:u_config|reg_index[5] ; wm8731_configurator:u_config|command_word[2]  ; wm8731_configurator:u_config|i2c_master:u_i2c|state.I2C_COMPLETE ; wm8731_configurator:u_config|i2c_master:u_i2c|state.I2C_COMPLETE ; 1.000        ; -0.070     ; 1.315      ;
; -0.342 ; wm8731_configurator:u_config|reg_index[3] ; wm8731_configurator:u_config|reg_index[0]     ; wm8731_configurator:u_config|i2c_master:u_i2c|state.I2C_COMPLETE ; wm8731_configurator:u_config|i2c_master:u_i2c|state.I2C_COMPLETE ; 1.000        ; -0.072     ; 1.269      ;
; -0.328 ; wm8731_configurator:u_config|reg_index[3] ; wm8731_configurator:u_config|transfer_enable  ; wm8731_configurator:u_config|i2c_master:u_i2c|state.I2C_COMPLETE ; wm8731_configurator:u_config|i2c_master:u_i2c|state.I2C_COMPLETE ; 1.000        ; -0.072     ; 1.255      ;
+--------+-------------------------------------------+-----------------------------------------------+------------------------------------------------------------------+------------------------------------------------------------------+--------------+------------+------------+


+-----------------------------------------------------------------------------------------------------------------------------------------------------------------------------------------------------------------------------------------------------------------------+
; Slow 1200mV 0C Model Hold: 'CLOCK_50'                                                                                                                                                                                                                                 ;
+-------+------------------------------------------------------------------+------------------------------------------------------------------+------------------------------------------------------------------+-------------+--------------+------------+------------+
; Slack ; From Node                                                        ; To Node                                                          ; Launch Clock                                                     ; Latch Clock ; Relationship ; Clock Skew ; Data Delay ;
+-------+------------------------------------------------------------------+------------------------------------------------------------------+------------------------------------------------------------------+-------------+--------------+------------+------------+
; 0.354 ; wm8731_configurator:u_config|i2c_master:u_i2c|state.I2C_SEND     ; wm8731_configurator:u_config|i2c_master:u_i2c|state.I2C_SEND     ; CLOCK_50                                                         ; CLOCK_50    ; 0.000        ; 0.072      ; 0.597      ;
; 0.354 ; wm8731_configurator:u_config|i2c_master:u_i2c|bit_count[4]       ; wm8731_configurator:u_config|i2c_master:u_i2c|bit_count[4]       ; CLOCK_50                                                         ; CLOCK_50    ; 0.000        ; 0.072      ; 0.597      ;
; 0.395 ; wm8731_configurator:u_config|i2c_master:u_i2c|state.I2C_IDLE     ; wm8731_configurator:u_config|i2c_master:u_i2c|state.I2C_START    ; CLOCK_50                                                         ; CLOCK_50    ; 0.000        ; 0.072      ; 0.638      ;
; 0.396 ; wm8731_configurator:u_config|i2c_master:u_i2c|state.I2C_STOP     ; wm8731_configurator:u_config|i2c_master:u_i2c|state.I2C_COMPLETE ; CLOCK_50                                                         ; CLOCK_50    ; 0.000        ; 0.072      ; 0.639      ;
; 0.554 ; wm8731_configurator:u_config|i2c_master:u_i2c|bit_count[2]       ; wm8731_configurator:u_config|i2c_master:u_i2c|state.I2C_WAIT_ACK ; CLOCK_50                                                         ; CLOCK_50    ; 0.000        ; 0.072      ; 0.797      ;
; 0.629 ; wm8731_configurator:u_config|i2c_master:u_i2c|state.I2C_SEND     ; wm8731_configurator:u_config|i2c_master:u_i2c|scl_reg            ; CLOCK_50                                                         ; CLOCK_50    ; 0.000        ; 0.072      ; 0.872      ;
; 0.637 ; wm8731_configurator:u_config|i2c_master:u_i2c|state.I2C_SEND     ; wm8731_configurator:u_config|i2c_master:u_i2c|bit_count[1]       ; CLOCK_50                                                         ; CLOCK_50    ; 0.000        ; 0.072      ; 0.880      ;
; 0.638 ; wm8731_configurator:u_config|i2c_master:u_i2c|state.I2C_SEND     ; wm8731_configurator:u_config|i2c_master:u_i2c|state.I2C_WAIT_ACK ; CLOCK_50                                                         ; CLOCK_50    ; 0.000        ; 0.072      ; 0.881      ;
; 0.640 ; wm8731_configurator:u_config|i2c_master:u_i2c|state.I2C_SEND     ; wm8731_configurator:u_config|i2c_master:u_i2c|bit_count[3]       ; CLOCK_50                                                         ; CLOCK_50    ; 0.000        ; 0.072      ; 0.883      ;
; 0.640 ; wm8731_configurator:u_config|i2c_master:u_i2c|state.I2C_SEND     ; wm8731_configurator:u_config|i2c_master:u_i2c|bit_count[2]       ; CLOCK_50                                                         ; CLOCK_50    ; 0.000        ; 0.072      ; 0.883      ;
; 0.643 ; wm8731_configurator:u_config|i2c_master:u_i2c|state.I2C_SEND     ; wm8731_configurator:u_config|i2c_master:u_i2c|bit_count[0]       ; CLOCK_50                                                         ; CLOCK_50    ; 0.000        ; 0.072      ; 0.886      ;
; 0.659 ; wm8731_configurator:u_config|i2c_master:u_i2c|bit_count[2]       ; wm8731_configurator:u_config|i2c_master:u_i2c|state.I2C_SEND     ; CLOCK_50                                                         ; CLOCK_50    ; 0.000        ; 0.072      ; 0.902      ;
; 0.666 ; wm8731_configurator:u_config|transfer_enable                     ; wm8731_configurator:u_config|i2c_master:u_i2c|state.I2C_START    ; wm8731_configurator:u_config|i2c_master:u_i2c|state.I2C_COMPLETE ; CLOCK_50    ; 0.000        ; 0.356      ; 1.223      ;
; 0.844 ; wm8731_configurator:u_config|i2c_master:u_i2c|bit_count[2]       ; wm8731_configurator:u_config|i2c_master:u_i2c|bit_count[4]       ; CLOCK_50                                                         ; CLOCK_50    ; 0.000        ; 0.072      ; 1.087      ;
; 0.856 ; wm8731_configurator:u_config|i2c_master:u_i2c|state.I2C_SEND     ; wm8731_configurator:u_config|i2c_master:u_i2c|sda_reg            ; CLOCK_50                                                         ; CLOCK_50    ; 0.000        ; 0.074      ; 1.101      ;
; 0.897 ; wm8731_configurator:u_config|i2c_master:u_i2c|state.I2C_SEND     ; wm8731_configurator:u_config|i2c_master:u_i2c|bit_count[4]       ; CLOCK_50                                                         ; CLOCK_50    ; 0.000        ; 0.072      ; 1.140      ;
; 0.947 ; wm8731_configurator:u_config|i2c_master:u_i2c|state.I2C_START    ; wm8731_configurator:u_config|i2c_master:u_i2c|state.I2C_SEND     ; CLOCK_50                                                         ; CLOCK_50    ; 0.000        ; 0.070      ; 1.188      ;
; 0.977 ; wm8731_configurator:u_config|i2c_master:u_i2c|state.I2C_COMPLETE ; wm8731_configurator:u_config|i2c_master:u_i2c|state.I2C_IDLE     ; wm8731_configurator:u_config|i2c_master:u_i2c|state.I2C_COMPLETE ; CLOCK_50    ; 0.000        ; 2.788      ; 4.179      ;
; 1.005 ; wm8731_configurator:u_config|i2c_master:u_i2c|state.I2C_START    ; wm8731_configurator:u_config|i2c_master:u_i2c|bit_count[4]       ; CLOCK_50                                                         ; CLOCK_50    ; 0.000        ; 0.070      ; 1.246      ;
; 1.005 ; wm8731_configurator:u_config|i2c_master:u_i2c|state.I2C_COMPLETE ; wm8731_configurator:u_config|i2c_master:u_i2c|sda_reg            ; wm8731_configurator:u_config|i2c_master:u_i2c|state.I2C_COMPLETE ; CLOCK_50    ; 0.000        ; 2.788      ; 4.207      ;
; 1.019 ; wm8731_configurator:u_config|i2c_master:u_i2c|bit_count[3]       ; wm8731_configurator:u_config|i2c_master:u_i2c|bit_count[3]       ; CLOCK_50                                                         ; CLOCK_50    ; 0.000        ; 0.072      ; 1.262      ;
; 1.037 ; wm8731_configurator:u_config|i2c_master:u_i2c|state.I2C_WAIT_ACK ; wm8731_configurator:u_config|i2c_master:u_i2c|state.I2C_STOP     ; CLOCK_50                                                         ; CLOCK_50    ; 0.000        ; 0.078      ; 1.286      ;
; 1.071 ; wm8731_configurator:u_config|i2c_master:u_i2c|bit_count[3]       ; wm8731_configurator:u_config|i2c_master:u_i2c|state.I2C_SEND     ; CLOCK_50                                                         ; CLOCK_50    ; 0.000        ; 0.072      ; 1.314      ;
; 1.137 ; wm8731_configurator:u_config|i2c_master:u_i2c|bit_count[0]       ; wm8731_configurator:u_config|i2c_master:u_i2c|bit_count[0]       ; CLOCK_50                                                         ; CLOCK_50    ; 0.000        ; 0.072      ; 1.380      ;
; 1.154 ; wm8731_configurator:u_config|i2c_master:u_i2c|bit_count[1]       ; wm8731_configurator:u_config|i2c_master:u_i2c|bit_count[1]       ; CLOCK_50                                                         ; CLOCK_50    ; 0.000        ; 0.072      ; 1.397      ;
; 1.167 ; wm8731_configurator:u_config|i2c_master:u_i2c|bit_count[2]       ; wm8731_configurator:u_config|i2c_master:u_i2c|bit_count[2]       ; CLOCK_50                                                         ; CLOCK_50    ; 0.000        ; 0.072      ; 1.410      ;
; 1.242 ; wm8731_configurator:u_config|i2c_master:u_i2c|bit_count[1]       ; wm8731_configurator:u_config|i2c_master:u_i2c|state.I2C_SEND     ; CLOCK_50                                                         ; CLOCK_50    ; 0.000        ; 0.072      ; 1.485      ;
; 1.262 ; wm8731_configurator:u_config|i2c_master:u_i2c|bit_count[3]       ; wm8731_configurator:u_config|i2c_master:u_i2c|state.I2C_WAIT_ACK ; CLOCK_50                                                         ; CLOCK_50    ; 0.000        ; 0.072      ; 1.505      ;
; 1.307 ; wm8731_configurator:u_config|i2c_master:u_i2c|bit_count[0]       ; wm8731_configurator:u_config|i2c_master:u_i2c|state.I2C_SEND     ; CLOCK_50                                                         ; CLOCK_50    ; 0.000        ; 0.072      ; 1.550      ;
; 1.334 ; wm8731_configurator:u_config|i2c_master:u_i2c|bit_count[4]       ; wm8731_configurator:u_config|i2c_master:u_i2c|state.I2C_SEND     ; CLOCK_50                                                         ; CLOCK_50    ; 0.000        ; 0.072      ; 1.577      ;
; 1.338 ; wm8731_configurator:u_config|i2c_master:u_i2c|bit_count[2]       ; wm8731_configurator:u_config|i2c_master:u_i2c|bit_count[3]       ; CLOCK_50                                                         ; CLOCK_50    ; 0.000        ; 0.072      ; 1.581      ;
; 1.342 ; wm8731_configurator:u_config|i2c_master:u_i2c|bit_count[1]       ; wm8731_configurator:u_config|i2c_master:u_i2c|bit_count[3]       ; CLOCK_50                                                         ; CLOCK_50    ; 0.000        ; 0.072      ; 1.585      ;
; 1.358 ; wm8731_configurator:u_config|i2c_master:u_i2c|bit_count[3]       ; wm8731_configurator:u_config|i2c_master:u_i2c|bit_count[4]       ; CLOCK_50                                                         ; CLOCK_50    ; 0.000        ; 0.072      ; 1.601      ;
; 1.387 ; wm8731_configurator:u_config|i2c_master:u_i2c|state.I2C_COMPLETE ; wm8731_configurator:u_config|i2c_master:u_i2c|sda_reg            ; wm8731_configurator:u_config|i2c_master:u_i2c|state.I2C_COMPLETE ; CLOCK_50    ; -0.500       ; 2.788      ; 4.089      ;
; 1.419 ; wm8731_configurator:u_config|i2c_master:u_i2c|bit_count[0]       ; wm8731_configurator:u_config|i2c_master:u_i2c|bit_count[3]       ; CLOCK_50                                                         ; CLOCK_50    ; 0.000        ; 0.072      ; 1.662      ;
; 1.422 ; wm8731_configurator:u_config|i2c_master:u_i2c|bit_count[0]       ; wm8731_configurator:u_config|i2c_master:u_i2c|bit_count[1]       ; CLOCK_50                                                         ; CLOCK_50    ; 0.000        ; 0.072      ; 1.665      ;
; 1.426 ; wm8731_configurator:u_config|i2c_master:u_i2c|bit_count[2]       ; wm8731_configurator:u_config|i2c_master:u_i2c|bit_count[0]       ; CLOCK_50                                                         ; CLOCK_50    ; 0.000        ; 0.072      ; 1.669      ;
; 1.426 ; wm8731_configurator:u_config|i2c_master:u_i2c|bit_count[2]       ; wm8731_configurator:u_config|i2c_master:u_i2c|bit_count[1]       ; CLOCK_50                                                         ; CLOCK_50    ; 0.000        ; 0.072      ; 1.669      ;
; 1.436 ; wm8731_configurator:u_config|i2c_master:u_i2c|bit_count[1]       ; wm8731_configurator:u_config|i2c_master:u_i2c|state.I2C_WAIT_ACK ; CLOCK_50                                                         ; CLOCK_50    ; 0.000        ; 0.072      ; 1.679      ;
; 1.444 ; wm8731_configurator:u_config|i2c_master:u_i2c|bit_count[1]       ; wm8731_configurator:u_config|i2c_master:u_i2c|bit_count[2]       ; CLOCK_50                                                         ; CLOCK_50    ; 0.000        ; 0.072      ; 1.687      ;
; 1.472 ; wm8731_configurator:u_config|i2c_master:u_i2c|state.I2C_COMPLETE ; wm8731_configurator:u_config|i2c_master:u_i2c|state.I2C_IDLE     ; wm8731_configurator:u_config|i2c_master:u_i2c|state.I2C_COMPLETE ; CLOCK_50    ; -0.500       ; 2.788      ; 4.174      ;
; 1.498 ; wm8731_configurator:u_config|i2c_master:u_i2c|bit_count[0]       ; wm8731_configurator:u_config|i2c_master:u_i2c|state.I2C_WAIT_ACK ; CLOCK_50                                                         ; CLOCK_50    ; 0.000        ; 0.072      ; 1.741      ;
; 1.498 ; wm8731_configurator:u_config|command_word[11]                    ; wm8731_configurator:u_config|i2c_master:u_i2c|sda_reg            ; wm8731_configurator:u_config|i2c_master:u_i2c|state.I2C_COMPLETE ; CLOCK_50    ; 0.000        ; 0.356      ; 2.055      ;
; 1.521 ; wm8731_configurator:u_config|i2c_master:u_i2c|bit_count[0]       ; wm8731_configurator:u_config|i2c_master:u_i2c|bit_count[2]       ; CLOCK_50                                                         ; CLOCK_50    ; 0.000        ; 0.072      ; 1.764      ;
; 1.522 ; wm8731_configurator:u_config|command_word[7]                     ; wm8731_configurator:u_config|i2c_master:u_i2c|sda_reg            ; wm8731_configurator:u_config|i2c_master:u_i2c|state.I2C_COMPLETE ; CLOCK_50    ; 0.000        ; 0.356      ; 2.079      ;
; 1.525 ; wm8731_configurator:u_config|i2c_master:u_i2c|bit_count[4]       ; wm8731_configurator:u_config|i2c_master:u_i2c|state.I2C_WAIT_ACK ; CLOCK_50                                                         ; CLOCK_50    ; 0.000        ; 0.072      ; 1.768      ;
; 1.532 ; wm8731_configurator:u_config|i2c_master:u_i2c|bit_count[1]       ; wm8731_configurator:u_config|i2c_master:u_i2c|bit_count[4]       ; CLOCK_50                                                         ; CLOCK_50    ; 0.000        ; 0.072      ; 1.775      ;
; 1.544 ; wm8731_configurator:u_config|i2c_master:u_i2c|state.I2C_IDLE     ; wm8731_configurator:u_config|i2c_master:u_i2c|sda_reg            ; CLOCK_50                                                         ; CLOCK_50    ; 0.000        ; 0.072      ; 1.787      ;
; 1.553 ; wm8731_configurator:u_config|command_word[0]                     ; wm8731_configurator:u_config|i2c_master:u_i2c|sda_reg            ; wm8731_configurator:u_config|i2c_master:u_i2c|state.I2C_COMPLETE ; CLOCK_50    ; 0.000        ; 0.354      ; 2.108      ;
; 1.579 ; wm8731_configurator:u_config|command_word[6]                     ; wm8731_configurator:u_config|i2c_master:u_i2c|sda_reg            ; wm8731_configurator:u_config|i2c_master:u_i2c|state.I2C_COMPLETE ; CLOCK_50    ; 0.000        ; 0.356      ; 2.136      ;
; 1.594 ; wm8731_configurator:u_config|i2c_master:u_i2c|bit_count[0]       ; wm8731_configurator:u_config|i2c_master:u_i2c|bit_count[4]       ; CLOCK_50                                                         ; CLOCK_50    ; 0.000        ; 0.072      ; 1.837      ;
; 1.615 ; wm8731_configurator:u_config|command_word[12]                    ; wm8731_configurator:u_config|i2c_master:u_i2c|sda_reg            ; wm8731_configurator:u_config|i2c_master:u_i2c|state.I2C_COMPLETE ; CLOCK_50    ; 0.000        ; 0.006      ; 1.822      ;
; 1.616 ; wm8731_configurator:u_config|i2c_master:u_i2c|bit_count[2]       ; wm8731_configurator:u_config|i2c_master:u_i2c|sda_reg            ; CLOCK_50                                                         ; CLOCK_50    ; 0.000        ; 0.074      ; 1.861      ;
; 1.644 ; wm8731_configurator:u_config|command_word[9]                     ; wm8731_configurator:u_config|i2c_master:u_i2c|sda_reg            ; wm8731_configurator:u_config|i2c_master:u_i2c|state.I2C_COMPLETE ; CLOCK_50    ; 0.000        ; 0.356      ; 2.201      ;
; 1.664 ; wm8731_configurator:u_config|command_word[2]                     ; wm8731_configurator:u_config|i2c_master:u_i2c|sda_reg            ; wm8731_configurator:u_config|i2c_master:u_i2c|state.I2C_COMPLETE ; CLOCK_50    ; 0.000        ; 0.354      ; 2.219      ;
; 1.688 ; wm8731_configurator:u_config|command_word[10]                    ; wm8731_configurator:u_config|i2c_master:u_i2c|sda_reg            ; wm8731_configurator:u_config|i2c_master:u_i2c|state.I2C_COMPLETE ; CLOCK_50    ; 0.000        ; 0.356      ; 2.245      ;
; 1.696 ; wm8731_configurator:u_config|command_word[4]                     ; wm8731_configurator:u_config|i2c_master:u_i2c|sda_reg            ; wm8731_configurator:u_config|i2c_master:u_i2c|state.I2C_COMPLETE ; CLOCK_50    ; 0.000        ; 0.356      ; 2.253      ;
; 1.743 ; wm8731_configurator:u_config|i2c_master:u_i2c|state.I2C_WAIT_ACK ; wm8731_configurator:u_config|i2c_master:u_i2c|sda_reg            ; CLOCK_50                                                         ; CLOCK_50    ; 0.000        ; 0.074      ; 1.988      ;
; 1.776 ; wm8731_configurator:u_config|transfer_enable                     ; wm8731_configurator:u_config|i2c_master:u_i2c|state.I2C_IDLE     ; wm8731_configurator:u_config|i2c_master:u_i2c|state.I2C_COMPLETE ; CLOCK_50    ; 0.000        ; 0.356      ; 2.333      ;
; 1.814 ; wm8731_configurator:u_config|command_word[8]                     ; wm8731_configurator:u_config|i2c_master:u_i2c|sda_reg            ; wm8731_configurator:u_config|i2c_master:u_i2c|state.I2C_COMPLETE ; CLOCK_50    ; 0.000        ; 0.356      ; 2.371      ;
; 1.875 ; wm8731_configurator:u_config|i2c_master:u_i2c|state.I2C_START    ; wm8731_configurator:u_config|i2c_master:u_i2c|bit_count[0]       ; CLOCK_50                                                         ; CLOCK_50    ; 0.000        ; 0.070      ; 2.116      ;
; 1.875 ; wm8731_configurator:u_config|i2c_master:u_i2c|state.I2C_START    ; wm8731_configurator:u_config|i2c_master:u_i2c|bit_count[3]       ; CLOCK_50                                                         ; CLOCK_50    ; 0.000        ; 0.070      ; 2.116      ;
; 1.875 ; wm8731_configurator:u_config|i2c_master:u_i2c|state.I2C_START    ; wm8731_configurator:u_config|i2c_master:u_i2c|bit_count[1]       ; CLOCK_50                                                         ; CLOCK_50    ; 0.000        ; 0.070      ; 2.116      ;
; 1.875 ; wm8731_configurator:u_config|i2c_master:u_i2c|state.I2C_START    ; wm8731_configurator:u_config|i2c_master:u_i2c|bit_count[2]       ; CLOCK_50                                                         ; CLOCK_50    ; 0.000        ; 0.070      ; 2.116      ;
; 1.980 ; wm8731_configurator:u_config|i2c_master:u_i2c|state.I2C_IDLE     ; wm8731_configurator:u_config|i2c_master:u_i2c|state.I2C_IDLE     ; CLOCK_50                                                         ; CLOCK_50    ; 0.000        ; 0.072      ; 2.223      ;
; 2.138 ; wm8731_configurator:u_config|i2c_master:u_i2c|bit_count[3]       ; wm8731_configurator:u_config|i2c_master:u_i2c|sda_reg            ; CLOCK_50                                                         ; CLOCK_50    ; 0.000        ; 0.074      ; 2.383      ;
; 2.179 ; wm8731_configurator:u_config|i2c_master:u_i2c|bit_count[3]       ; wm8731_configurator:u_config|i2c_master:u_i2c|bit_count[0]       ; CLOCK_50                                                         ; CLOCK_50    ; 0.000        ; 0.072      ; 2.422      ;
; 2.179 ; wm8731_configurator:u_config|i2c_master:u_i2c|bit_count[3]       ; wm8731_configurator:u_config|i2c_master:u_i2c|bit_count[1]       ; CLOCK_50                                                         ; CLOCK_50    ; 0.000        ; 0.072      ; 2.422      ;
; 2.179 ; wm8731_configurator:u_config|i2c_master:u_i2c|bit_count[3]       ; wm8731_configurator:u_config|i2c_master:u_i2c|bit_count[2]       ; CLOCK_50                                                         ; CLOCK_50    ; 0.000        ; 0.072      ; 2.422      ;
; 2.203 ; wm8731_configurator:u_config|i2c_master:u_i2c|bit_count[0]       ; wm8731_configurator:u_config|i2c_master:u_i2c|sda_reg            ; CLOCK_50                                                         ; CLOCK_50    ; 0.000        ; 0.074      ; 2.448      ;
; 2.353 ; wm8731_configurator:u_config|i2c_master:u_i2c|bit_count[1]       ; wm8731_configurator:u_config|i2c_master:u_i2c|bit_count[0]       ; CLOCK_50                                                         ; CLOCK_50    ; 0.000        ; 0.072      ; 2.596      ;
; 2.442 ; wm8731_configurator:u_config|i2c_master:u_i2c|bit_count[4]       ; wm8731_configurator:u_config|i2c_master:u_i2c|bit_count[0]       ; CLOCK_50                                                         ; CLOCK_50    ; 0.000        ; 0.072      ; 2.685      ;
; 2.442 ; wm8731_configurator:u_config|i2c_master:u_i2c|bit_count[4]       ; wm8731_configurator:u_config|i2c_master:u_i2c|bit_count[3]       ; CLOCK_50                                                         ; CLOCK_50    ; 0.000        ; 0.072      ; 2.685      ;
; 2.442 ; wm8731_configurator:u_config|i2c_master:u_i2c|bit_count[4]       ; wm8731_configurator:u_config|i2c_master:u_i2c|bit_count[1]       ; CLOCK_50                                                         ; CLOCK_50    ; 0.000        ; 0.072      ; 2.685      ;
; 2.442 ; wm8731_configurator:u_config|i2c_master:u_i2c|bit_count[4]       ; wm8731_configurator:u_config|i2c_master:u_i2c|bit_count[2]       ; CLOCK_50                                                         ; CLOCK_50    ; 0.000        ; 0.072      ; 2.685      ;
; 2.536 ; wm8731_configurator:u_config|i2c_master:u_i2c|bit_count[1]       ; wm8731_configurator:u_config|i2c_master:u_i2c|sda_reg            ; CLOCK_50                                                         ; CLOCK_50    ; 0.000        ; 0.074      ; 2.781      ;
+-------+------------------------------------------------------------------+------------------------------------------------------------------+------------------------------------------------------------------+-------------+--------------+------------+------------+


+-------------------------------------------------------------------------------------------------------------------------------------------------------------------------------------------------------------------------------------------------------------------------------------+
; Slow 1200mV 0C Model Hold: 'wm8731_configurator:u_config|i2c_master:u_i2c|state.I2C_COMPLETE'                                                                                                                                                                                       ;
+-------+----------------------------------------------+-----------------------------------------------+------------------------------------------------------------------+------------------------------------------------------------------+--------------+------------+------------+
; Slack ; From Node                                    ; To Node                                       ; Launch Clock                                                     ; Latch Clock                                                      ; Relationship ; Clock Skew ; Data Delay ;
+-------+----------------------------------------------+-----------------------------------------------+------------------------------------------------------------------+------------------------------------------------------------------+--------------+------------+------------+
; 0.354 ; wm8731_configurator:u_config|transfer_enable ; wm8731_configurator:u_config|transfer_enable  ; wm8731_configurator:u_config|i2c_master:u_i2c|state.I2C_COMPLETE ; wm8731_configurator:u_config|i2c_master:u_i2c|state.I2C_COMPLETE ; 0.000        ; 0.072      ; 0.597      ;
; 0.354 ; wm8731_configurator:u_config|reg_index[0]    ; wm8731_configurator:u_config|reg_index[0]     ; wm8731_configurator:u_config|i2c_master:u_i2c|state.I2C_COMPLETE ; wm8731_configurator:u_config|i2c_master:u_i2c|state.I2C_COMPLETE ; 0.000        ; 0.072      ; 0.597      ;
; 0.541 ; wm8731_configurator:u_config|reg_index[5]    ; wm8731_configurator:u_config|command_word[12] ; wm8731_configurator:u_config|i2c_master:u_i2c|state.I2C_COMPLETE ; wm8731_configurator:u_config|i2c_master:u_i2c|state.I2C_COMPLETE ; 0.000        ; 0.437      ; 1.149      ;
; 0.612 ; wm8731_configurator:u_config|reg_index[5]    ; wm8731_configurator:u_config|reg_index[5]     ; wm8731_configurator:u_config|i2c_master:u_i2c|state.I2C_COMPLETE ; wm8731_configurator:u_config|i2c_master:u_i2c|state.I2C_COMPLETE ; 0.000        ; 0.072      ; 0.855      ;
; 0.623 ; wm8731_configurator:u_config|reg_index[4]    ; wm8731_configurator:u_config|reg_index[4]     ; wm8731_configurator:u_config|i2c_master:u_i2c|state.I2C_COMPLETE ; wm8731_configurator:u_config|i2c_master:u_i2c|state.I2C_COMPLETE ; 0.000        ; 0.072      ; 0.866      ;
; 0.633 ; wm8731_configurator:u_config|reg_index[0]    ; wm8731_configurator:u_config|reg_index[1]     ; wm8731_configurator:u_config|i2c_master:u_i2c|state.I2C_COMPLETE ; wm8731_configurator:u_config|i2c_master:u_i2c|state.I2C_COMPLETE ; 0.000        ; 0.072      ; 0.876      ;
; 0.643 ; wm8731_configurator:u_config|reg_index[2]    ; wm8731_configurator:u_config|reg_index[2]     ; wm8731_configurator:u_config|i2c_master:u_i2c|state.I2C_COMPLETE ; wm8731_configurator:u_config|i2c_master:u_i2c|state.I2C_COMPLETE ; 0.000        ; 0.072      ; 0.886      ;
; 0.648 ; wm8731_configurator:u_config|reg_index[3]    ; wm8731_configurator:u_config|reg_index[3]     ; wm8731_configurator:u_config|i2c_master:u_i2c|state.I2C_COMPLETE ; wm8731_configurator:u_config|i2c_master:u_i2c|state.I2C_COMPLETE ; 0.000        ; 0.072      ; 0.891      ;
; 0.671 ; wm8731_configurator:u_config|reg_index[1]    ; wm8731_configurator:u_config|reg_index[1]     ; wm8731_configurator:u_config|i2c_master:u_i2c|state.I2C_COMPLETE ; wm8731_configurator:u_config|i2c_master:u_i2c|state.I2C_COMPLETE ; 0.000        ; 0.072      ; 0.914      ;
; 0.689 ; wm8731_configurator:u_config|reg_index[2]    ; wm8731_configurator:u_config|command_word[12] ; wm8731_configurator:u_config|i2c_master:u_i2c|state.I2C_COMPLETE ; wm8731_configurator:u_config|i2c_master:u_i2c|state.I2C_COMPLETE ; 0.000        ; 0.437      ; 1.297      ;
; 0.711 ; wm8731_configurator:u_config|reg_index[4]    ; wm8731_configurator:u_config|command_word[12] ; wm8731_configurator:u_config|i2c_master:u_i2c|state.I2C_COMPLETE ; wm8731_configurator:u_config|i2c_master:u_i2c|state.I2C_COMPLETE ; 0.000        ; 0.437      ; 1.319      ;
; 0.775 ; wm8731_configurator:u_config|reg_index[6]    ; wm8731_configurator:u_config|reg_index[6]     ; wm8731_configurator:u_config|i2c_master:u_i2c|state.I2C_COMPLETE ; wm8731_configurator:u_config|i2c_master:u_i2c|state.I2C_COMPLETE ; 0.000        ; 0.072      ; 1.018      ;
; 0.787 ; wm8731_configurator:u_config|reg_index[6]    ; wm8731_configurator:u_config|command_word[11] ; wm8731_configurator:u_config|i2c_master:u_i2c|state.I2C_COMPLETE ; wm8731_configurator:u_config|i2c_master:u_i2c|state.I2C_COMPLETE ; 0.000        ; 0.073      ; 1.031      ;
; 0.799 ; wm8731_configurator:u_config|reg_index[6]    ; wm8731_configurator:u_config|command_word[7]  ; wm8731_configurator:u_config|i2c_master:u_i2c|state.I2C_COMPLETE ; wm8731_configurator:u_config|i2c_master:u_i2c|state.I2C_COMPLETE ; 0.000        ; 0.073      ; 1.043      ;
; 0.801 ; wm8731_configurator:u_config|reg_index[6]    ; wm8731_configurator:u_config|command_word[4]  ; wm8731_configurator:u_config|i2c_master:u_i2c|state.I2C_COMPLETE ; wm8731_configurator:u_config|i2c_master:u_i2c|state.I2C_COMPLETE ; 0.000        ; 0.073      ; 1.045      ;
; 0.863 ; wm8731_configurator:u_config|reg_index[5]    ; wm8731_configurator:u_config|command_word[7]  ; wm8731_configurator:u_config|i2c_master:u_i2c|state.I2C_COMPLETE ; wm8731_configurator:u_config|i2c_master:u_i2c|state.I2C_COMPLETE ; 0.000        ; 0.073      ; 1.107      ;
; 0.864 ; wm8731_configurator:u_config|reg_index[5]    ; wm8731_configurator:u_config|command_word[4]  ; wm8731_configurator:u_config|i2c_master:u_i2c|state.I2C_COMPLETE ; wm8731_configurator:u_config|i2c_master:u_i2c|state.I2C_COMPLETE ; 0.000        ; 0.073      ; 1.108      ;
; 0.866 ; wm8731_configurator:u_config|reg_index[5]    ; wm8731_configurator:u_config|command_word[10] ; wm8731_configurator:u_config|i2c_master:u_i2c|state.I2C_COMPLETE ; wm8731_configurator:u_config|i2c_master:u_i2c|state.I2C_COMPLETE ; 0.000        ; 0.073      ; 1.110      ;
; 0.866 ; wm8731_configurator:u_config|reg_index[5]    ; wm8731_configurator:u_config|command_word[11] ; wm8731_configurator:u_config|i2c_master:u_i2c|state.I2C_COMPLETE ; wm8731_configurator:u_config|i2c_master:u_i2c|state.I2C_COMPLETE ; 0.000        ; 0.073      ; 1.110      ;
; 0.880 ; wm8731_configurator:u_config|reg_index[3]    ; wm8731_configurator:u_config|reg_index[0]     ; wm8731_configurator:u_config|i2c_master:u_i2c|state.I2C_COMPLETE ; wm8731_configurator:u_config|i2c_master:u_i2c|state.I2C_COMPLETE ; 0.000        ; 0.072      ; 1.123      ;
; 0.885 ; wm8731_configurator:u_config|reg_index[4]    ; wm8731_configurator:u_config|command_word[7]  ; wm8731_configurator:u_config|i2c_master:u_i2c|state.I2C_COMPLETE ; wm8731_configurator:u_config|i2c_master:u_i2c|state.I2C_COMPLETE ; 0.000        ; 0.073      ; 1.129      ;
; 0.886 ; wm8731_configurator:u_config|reg_index[4]    ; wm8731_configurator:u_config|command_word[4]  ; wm8731_configurator:u_config|i2c_master:u_i2c|state.I2C_COMPLETE ; wm8731_configurator:u_config|i2c_master:u_i2c|state.I2C_COMPLETE ; 0.000        ; 0.073      ; 1.130      ;
; 0.895 ; wm8731_configurator:u_config|reg_index[6]    ; wm8731_configurator:u_config|command_word[10] ; wm8731_configurator:u_config|i2c_master:u_i2c|state.I2C_COMPLETE ; wm8731_configurator:u_config|i2c_master:u_i2c|state.I2C_COMPLETE ; 0.000        ; 0.073      ; 1.139      ;
; 0.896 ; wm8731_configurator:u_config|reg_index[3]    ; wm8731_configurator:u_config|transfer_enable  ; wm8731_configurator:u_config|i2c_master:u_i2c|state.I2C_COMPLETE ; wm8731_configurator:u_config|i2c_master:u_i2c|state.I2C_COMPLETE ; 0.000        ; 0.072      ; 1.139      ;
; 0.897 ; wm8731_configurator:u_config|reg_index[4]    ; wm8731_configurator:u_config|command_word[10] ; wm8731_configurator:u_config|i2c_master:u_i2c|state.I2C_COMPLETE ; wm8731_configurator:u_config|i2c_master:u_i2c|state.I2C_COMPLETE ; 0.000        ; 0.073      ; 1.141      ;
; 0.898 ; wm8731_configurator:u_config|reg_index[6]    ; wm8731_configurator:u_config|command_word[9]  ; wm8731_configurator:u_config|i2c_master:u_i2c|state.I2C_COMPLETE ; wm8731_configurator:u_config|i2c_master:u_i2c|state.I2C_COMPLETE ; 0.000        ; 0.073      ; 1.142      ;
; 0.898 ; wm8731_configurator:u_config|reg_index[4]    ; wm8731_configurator:u_config|command_word[11] ; wm8731_configurator:u_config|i2c_master:u_i2c|state.I2C_COMPLETE ; wm8731_configurator:u_config|i2c_master:u_i2c|state.I2C_COMPLETE ; 0.000        ; 0.073      ; 1.142      ;
; 0.900 ; wm8731_configurator:u_config|reg_index[5]    ; wm8731_configurator:u_config|reg_index[6]     ; wm8731_configurator:u_config|i2c_master:u_i2c|state.I2C_COMPLETE ; wm8731_configurator:u_config|i2c_master:u_i2c|state.I2C_COMPLETE ; 0.000        ; 0.072      ; 1.143      ;
; 0.903 ; wm8731_configurator:u_config|reg_index[3]    ; wm8731_configurator:u_config|command_word[9]  ; wm8731_configurator:u_config|i2c_master:u_i2c|state.I2C_COMPLETE ; wm8731_configurator:u_config|i2c_master:u_i2c|state.I2C_COMPLETE ; 0.000        ; 0.073      ; 1.147      ;
; 0.906 ; wm8731_configurator:u_config|reg_index[0]    ; wm8731_configurator:u_config|reg_index[2]     ; wm8731_configurator:u_config|i2c_master:u_i2c|state.I2C_COMPLETE ; wm8731_configurator:u_config|i2c_master:u_i2c|state.I2C_COMPLETE ; 0.000        ; 0.072      ; 1.149      ;
; 0.910 ; wm8731_configurator:u_config|reg_index[4]    ; wm8731_configurator:u_config|reg_index[5]     ; wm8731_configurator:u_config|i2c_master:u_i2c|state.I2C_COMPLETE ; wm8731_configurator:u_config|i2c_master:u_i2c|state.I2C_COMPLETE ; 0.000        ; 0.072      ; 1.153      ;
; 0.914 ; wm8731_configurator:u_config|reg_index[0]    ; wm8731_configurator:u_config|command_word[6]  ; wm8731_configurator:u_config|i2c_master:u_i2c|state.I2C_COMPLETE ; wm8731_configurator:u_config|i2c_master:u_i2c|state.I2C_COMPLETE ; 0.000        ; 0.073      ; 1.158      ;
; 0.917 ; wm8731_configurator:u_config|reg_index[0]    ; wm8731_configurator:u_config|reg_index[3]     ; wm8731_configurator:u_config|i2c_master:u_i2c|state.I2C_COMPLETE ; wm8731_configurator:u_config|i2c_master:u_i2c|state.I2C_COMPLETE ; 0.000        ; 0.072      ; 1.160      ;
; 0.923 ; wm8731_configurator:u_config|reg_index[6]    ; wm8731_configurator:u_config|command_word[2]  ; wm8731_configurator:u_config|i2c_master:u_i2c|state.I2C_COMPLETE ; wm8731_configurator:u_config|i2c_master:u_i2c|state.I2C_COMPLETE ; 0.000        ; 0.074      ; 1.168      ;
; 0.923 ; wm8731_configurator:u_config|reg_index[6]    ; wm8731_configurator:u_config|command_word[0]  ; wm8731_configurator:u_config|i2c_master:u_i2c|state.I2C_COMPLETE ; wm8731_configurator:u_config|i2c_master:u_i2c|state.I2C_COMPLETE ; 0.000        ; 0.074      ; 1.168      ;
; 0.926 ; wm8731_configurator:u_config|reg_index[3]    ; wm8731_configurator:u_config|command_word[12] ; wm8731_configurator:u_config|i2c_master:u_i2c|state.I2C_COMPLETE ; wm8731_configurator:u_config|i2c_master:u_i2c|state.I2C_COMPLETE ; 0.000        ; 0.437      ; 1.534      ;
; 0.929 ; wm8731_configurator:u_config|reg_index[2]    ; wm8731_configurator:u_config|command_word[10] ; wm8731_configurator:u_config|i2c_master:u_i2c|state.I2C_COMPLETE ; wm8731_configurator:u_config|i2c_master:u_i2c|state.I2C_COMPLETE ; 0.000        ; 0.073      ; 1.173      ;
; 0.929 ; wm8731_configurator:u_config|reg_index[2]    ; wm8731_configurator:u_config|reg_index[3]     ; wm8731_configurator:u_config|i2c_master:u_i2c|state.I2C_COMPLETE ; wm8731_configurator:u_config|i2c_master:u_i2c|state.I2C_COMPLETE ; 0.000        ; 0.072      ; 1.172      ;
; 0.931 ; wm8731_configurator:u_config|reg_index[0]    ; wm8731_configurator:u_config|command_word[8]  ; wm8731_configurator:u_config|i2c_master:u_i2c|state.I2C_COMPLETE ; wm8731_configurator:u_config|i2c_master:u_i2c|state.I2C_COMPLETE ; 0.000        ; 0.073      ; 1.175      ;
; 0.936 ; wm8731_configurator:u_config|reg_index[3]    ; wm8731_configurator:u_config|reg_index[4]     ; wm8731_configurator:u_config|i2c_master:u_i2c|state.I2C_COMPLETE ; wm8731_configurator:u_config|i2c_master:u_i2c|state.I2C_COMPLETE ; 0.000        ; 0.072      ; 1.179      ;
; 0.939 ; wm8731_configurator:u_config|reg_index[1]    ; wm8731_configurator:u_config|reg_index[2]     ; wm8731_configurator:u_config|i2c_master:u_i2c|state.I2C_COMPLETE ; wm8731_configurator:u_config|i2c_master:u_i2c|state.I2C_COMPLETE ; 0.000        ; 0.072      ; 1.182      ;
; 0.947 ; wm8731_configurator:u_config|reg_index[3]    ; wm8731_configurator:u_config|reg_index[5]     ; wm8731_configurator:u_config|i2c_master:u_i2c|state.I2C_COMPLETE ; wm8731_configurator:u_config|i2c_master:u_i2c|state.I2C_COMPLETE ; 0.000        ; 0.072      ; 1.190      ;
; 0.950 ; wm8731_configurator:u_config|reg_index[1]    ; wm8731_configurator:u_config|reg_index[3]     ; wm8731_configurator:u_config|i2c_master:u_i2c|state.I2C_COMPLETE ; wm8731_configurator:u_config|i2c_master:u_i2c|state.I2C_COMPLETE ; 0.000        ; 0.072      ; 1.193      ;
; 0.982 ; wm8731_configurator:u_config|reg_index[1]    ; wm8731_configurator:u_config|command_word[12] ; wm8731_configurator:u_config|i2c_master:u_i2c|state.I2C_COMPLETE ; wm8731_configurator:u_config|i2c_master:u_i2c|state.I2C_COMPLETE ; 0.000        ; 0.437      ; 1.590      ;
; 0.991 ; wm8731_configurator:u_config|reg_index[2]    ; wm8731_configurator:u_config|reg_index[0]     ; wm8731_configurator:u_config|i2c_master:u_i2c|state.I2C_COMPLETE ; wm8731_configurator:u_config|i2c_master:u_i2c|state.I2C_COMPLETE ; 0.000        ; 0.072      ; 1.234      ;
; 0.995 ; wm8731_configurator:u_config|reg_index[5]    ; wm8731_configurator:u_config|command_word[2]  ; wm8731_configurator:u_config|i2c_master:u_i2c|state.I2C_COMPLETE ; wm8731_configurator:u_config|i2c_master:u_i2c|state.I2C_COMPLETE ; 0.000        ; 0.074      ; 1.240      ;
; 0.995 ; wm8731_configurator:u_config|reg_index[5]    ; wm8731_configurator:u_config|command_word[0]  ; wm8731_configurator:u_config|i2c_master:u_i2c|state.I2C_COMPLETE ; wm8731_configurator:u_config|i2c_master:u_i2c|state.I2C_COMPLETE ; 0.000        ; 0.074      ; 1.240      ;
; 1.007 ; wm8731_configurator:u_config|reg_index[2]    ; wm8731_configurator:u_config|transfer_enable  ; wm8731_configurator:u_config|i2c_master:u_i2c|state.I2C_COMPLETE ; wm8731_configurator:u_config|i2c_master:u_i2c|state.I2C_COMPLETE ; 0.000        ; 0.072      ; 1.250      ;
; 1.009 ; wm8731_configurator:u_config|reg_index[4]    ; wm8731_configurator:u_config|reg_index[6]     ; wm8731_configurator:u_config|i2c_master:u_i2c|state.I2C_COMPLETE ; wm8731_configurator:u_config|i2c_master:u_i2c|state.I2C_COMPLETE ; 0.000        ; 0.072      ; 1.252      ;
; 1.016 ; wm8731_configurator:u_config|reg_index[0]    ; wm8731_configurator:u_config|reg_index[4]     ; wm8731_configurator:u_config|i2c_master:u_i2c|state.I2C_COMPLETE ; wm8731_configurator:u_config|i2c_master:u_i2c|state.I2C_COMPLETE ; 0.000        ; 0.072      ; 1.259      ;
; 1.022 ; wm8731_configurator:u_config|reg_index[2]    ; wm8731_configurator:u_config|command_word[11] ; wm8731_configurator:u_config|i2c_master:u_i2c|state.I2C_COMPLETE ; wm8731_configurator:u_config|i2c_master:u_i2c|state.I2C_COMPLETE ; 0.000        ; 0.073      ; 1.266      ;
; 1.027 ; wm8731_configurator:u_config|reg_index[0]    ; wm8731_configurator:u_config|reg_index[5]     ; wm8731_configurator:u_config|i2c_master:u_i2c|state.I2C_COMPLETE ; wm8731_configurator:u_config|i2c_master:u_i2c|state.I2C_COMPLETE ; 0.000        ; 0.072      ; 1.270      ;
; 1.028 ; wm8731_configurator:u_config|reg_index[2]    ; wm8731_configurator:u_config|reg_index[4]     ; wm8731_configurator:u_config|i2c_master:u_i2c|state.I2C_COMPLETE ; wm8731_configurator:u_config|i2c_master:u_i2c|state.I2C_COMPLETE ; 0.000        ; 0.072      ; 1.271      ;
; 1.037 ; wm8731_configurator:u_config|reg_index[4]    ; wm8731_configurator:u_config|command_word[2]  ; wm8731_configurator:u_config|i2c_master:u_i2c|state.I2C_COMPLETE ; wm8731_configurator:u_config|i2c_master:u_i2c|state.I2C_COMPLETE ; 0.000        ; 0.074      ; 1.282      ;
; 1.037 ; wm8731_configurator:u_config|reg_index[4]    ; wm8731_configurator:u_config|command_word[0]  ; wm8731_configurator:u_config|i2c_master:u_i2c|state.I2C_COMPLETE ; wm8731_configurator:u_config|i2c_master:u_i2c|state.I2C_COMPLETE ; 0.000        ; 0.074      ; 1.282      ;
; 1.039 ; wm8731_configurator:u_config|reg_index[2]    ; wm8731_configurator:u_config|reg_index[5]     ; wm8731_configurator:u_config|i2c_master:u_i2c|state.I2C_COMPLETE ; wm8731_configurator:u_config|i2c_master:u_i2c|state.I2C_COMPLETE ; 0.000        ; 0.072      ; 1.282      ;
; 1.043 ; wm8731_configurator:u_config|reg_index[3]    ; wm8731_configurator:u_config|command_word[6]  ; wm8731_configurator:u_config|i2c_master:u_i2c|state.I2C_COMPLETE ; wm8731_configurator:u_config|i2c_master:u_i2c|state.I2C_COMPLETE ; 0.000        ; 0.073      ; 1.287      ;
; 1.045 ; wm8731_configurator:u_config|reg_index[2]    ; wm8731_configurator:u_config|command_word[7]  ; wm8731_configurator:u_config|i2c_master:u_i2c|state.I2C_COMPLETE ; wm8731_configurator:u_config|i2c_master:u_i2c|state.I2C_COMPLETE ; 0.000        ; 0.073      ; 1.289      ;
; 1.045 ; wm8731_configurator:u_config|reg_index[3]    ; wm8731_configurator:u_config|command_word[8]  ; wm8731_configurator:u_config|i2c_master:u_i2c|state.I2C_COMPLETE ; wm8731_configurator:u_config|i2c_master:u_i2c|state.I2C_COMPLETE ; 0.000        ; 0.073      ; 1.289      ;
; 1.046 ; wm8731_configurator:u_config|reg_index[3]    ; wm8731_configurator:u_config|reg_index[6]     ; wm8731_configurator:u_config|i2c_master:u_i2c|state.I2C_COMPLETE ; wm8731_configurator:u_config|i2c_master:u_i2c|state.I2C_COMPLETE ; 0.000        ; 0.072      ; 1.289      ;
; 1.048 ; wm8731_configurator:u_config|reg_index[2]    ; wm8731_configurator:u_config|command_word[4]  ; wm8731_configurator:u_config|i2c_master:u_i2c|state.I2C_COMPLETE ; wm8731_configurator:u_config|i2c_master:u_i2c|state.I2C_COMPLETE ; 0.000        ; 0.073      ; 1.292      ;
; 1.049 ; wm8731_configurator:u_config|reg_index[5]    ; wm8731_configurator:u_config|reg_index[0]     ; wm8731_configurator:u_config|i2c_master:u_i2c|state.I2C_COMPLETE ; wm8731_configurator:u_config|i2c_master:u_i2c|state.I2C_COMPLETE ; 0.000        ; 0.072      ; 1.292      ;
; 1.049 ; wm8731_configurator:u_config|reg_index[1]    ; wm8731_configurator:u_config|reg_index[4]     ; wm8731_configurator:u_config|i2c_master:u_i2c|state.I2C_COMPLETE ; wm8731_configurator:u_config|i2c_master:u_i2c|state.I2C_COMPLETE ; 0.000        ; 0.072      ; 1.292      ;
; 1.058 ; wm8731_configurator:u_config|reg_index[0]    ; wm8731_configurator:u_config|command_word[9]  ; wm8731_configurator:u_config|i2c_master:u_i2c|state.I2C_COMPLETE ; wm8731_configurator:u_config|i2c_master:u_i2c|state.I2C_COMPLETE ; 0.000        ; 0.073      ; 1.302      ;
; 1.060 ; wm8731_configurator:u_config|reg_index[2]    ; wm8731_configurator:u_config|command_word[2]  ; wm8731_configurator:u_config|i2c_master:u_i2c|state.I2C_COMPLETE ; wm8731_configurator:u_config|i2c_master:u_i2c|state.I2C_COMPLETE ; 0.000        ; 0.074      ; 1.305      ;
; 1.060 ; wm8731_configurator:u_config|reg_index[1]    ; wm8731_configurator:u_config|reg_index[5]     ; wm8731_configurator:u_config|i2c_master:u_i2c|state.I2C_COMPLETE ; wm8731_configurator:u_config|i2c_master:u_i2c|state.I2C_COMPLETE ; 0.000        ; 0.072      ; 1.303      ;
; 1.065 ; wm8731_configurator:u_config|reg_index[6]    ; wm8731_configurator:u_config|command_word[12] ; wm8731_configurator:u_config|i2c_master:u_i2c|state.I2C_COMPLETE ; wm8731_configurator:u_config|i2c_master:u_i2c|state.I2C_COMPLETE ; 0.000        ; 0.437      ; 1.673      ;
; 1.065 ; wm8731_configurator:u_config|reg_index[5]    ; wm8731_configurator:u_config|transfer_enable  ; wm8731_configurator:u_config|i2c_master:u_i2c|state.I2C_COMPLETE ; wm8731_configurator:u_config|i2c_master:u_i2c|state.I2C_COMPLETE ; 0.000        ; 0.072      ; 1.308      ;
; 1.071 ; wm8731_configurator:u_config|reg_index[4]    ; wm8731_configurator:u_config|command_word[9]  ; wm8731_configurator:u_config|i2c_master:u_i2c|state.I2C_COMPLETE ; wm8731_configurator:u_config|i2c_master:u_i2c|state.I2C_COMPLETE ; 0.000        ; 0.073      ; 1.315      ;
; 1.082 ; wm8731_configurator:u_config|reg_index[2]    ; wm8731_configurator:u_config|command_word[0]  ; wm8731_configurator:u_config|i2c_master:u_i2c|state.I2C_COMPLETE ; wm8731_configurator:u_config|i2c_master:u_i2c|state.I2C_COMPLETE ; 0.000        ; 0.074      ; 1.327      ;
; 1.088 ; wm8731_configurator:u_config|reg_index[2]    ; wm8731_configurator:u_config|command_word[6]  ; wm8731_configurator:u_config|i2c_master:u_i2c|state.I2C_COMPLETE ; wm8731_configurator:u_config|i2c_master:u_i2c|state.I2C_COMPLETE ; 0.000        ; 0.073      ; 1.332      ;
; 1.090 ; wm8731_configurator:u_config|reg_index[2]    ; wm8731_configurator:u_config|command_word[8]  ; wm8731_configurator:u_config|i2c_master:u_i2c|state.I2C_COMPLETE ; wm8731_configurator:u_config|i2c_master:u_i2c|state.I2C_COMPLETE ; 0.000        ; 0.073      ; 1.334      ;
; 1.092 ; wm8731_configurator:u_config|reg_index[1]    ; wm8731_configurator:u_config|command_word[10] ; wm8731_configurator:u_config|i2c_master:u_i2c|state.I2C_COMPLETE ; wm8731_configurator:u_config|i2c_master:u_i2c|state.I2C_COMPLETE ; 0.000        ; 0.073      ; 1.336      ;
; 1.113 ; wm8731_configurator:u_config|reg_index[0]    ; wm8731_configurator:u_config|command_word[10] ; wm8731_configurator:u_config|i2c_master:u_i2c|state.I2C_COMPLETE ; wm8731_configurator:u_config|i2c_master:u_i2c|state.I2C_COMPLETE ; 0.000        ; 0.073      ; 1.357      ;
; 1.119 ; wm8731_configurator:u_config|reg_index[3]    ; wm8731_configurator:u_config|command_word[10] ; wm8731_configurator:u_config|i2c_master:u_i2c|state.I2C_COMPLETE ; wm8731_configurator:u_config|i2c_master:u_i2c|state.I2C_COMPLETE ; 0.000        ; 0.073      ; 1.363      ;
; 1.126 ; wm8731_configurator:u_config|reg_index[0]    ; wm8731_configurator:u_config|reg_index[6]     ; wm8731_configurator:u_config|i2c_master:u_i2c|state.I2C_COMPLETE ; wm8731_configurator:u_config|i2c_master:u_i2c|state.I2C_COMPLETE ; 0.000        ; 0.072      ; 1.369      ;
; 1.128 ; wm8731_configurator:u_config|reg_index[5]    ; wm8731_configurator:u_config|command_word[9]  ; wm8731_configurator:u_config|i2c_master:u_i2c|state.I2C_COMPLETE ; wm8731_configurator:u_config|i2c_master:u_i2c|state.I2C_COMPLETE ; 0.000        ; 0.073      ; 1.372      ;
; 1.134 ; wm8731_configurator:u_config|reg_index[1]    ; wm8731_configurator:u_config|transfer_enable  ; wm8731_configurator:u_config|i2c_master:u_i2c|state.I2C_COMPLETE ; wm8731_configurator:u_config|i2c_master:u_i2c|state.I2C_COMPLETE ; 0.000        ; 0.072      ; 1.377      ;
; 1.136 ; wm8731_configurator:u_config|reg_index[2]    ; wm8731_configurator:u_config|command_word[9]  ; wm8731_configurator:u_config|i2c_master:u_i2c|state.I2C_COMPLETE ; wm8731_configurator:u_config|i2c_master:u_i2c|state.I2C_COMPLETE ; 0.000        ; 0.073      ; 1.380      ;
; 1.137 ; wm8731_configurator:u_config|reg_index[0]    ; wm8731_configurator:u_config|command_word[12] ; wm8731_configurator:u_config|i2c_master:u_i2c|state.I2C_COMPLETE ; wm8731_configurator:u_config|i2c_master:u_i2c|state.I2C_COMPLETE ; 0.000        ; 0.437      ; 1.745      ;
; 1.138 ; wm8731_configurator:u_config|reg_index[2]    ; wm8731_configurator:u_config|reg_index[6]     ; wm8731_configurator:u_config|i2c_master:u_i2c|state.I2C_COMPLETE ; wm8731_configurator:u_config|i2c_master:u_i2c|state.I2C_COMPLETE ; 0.000        ; 0.072      ; 1.381      ;
; 1.139 ; wm8731_configurator:u_config|reg_index[1]    ; wm8731_configurator:u_config|reg_index[0]     ; wm8731_configurator:u_config|i2c_master:u_i2c|state.I2C_COMPLETE ; wm8731_configurator:u_config|i2c_master:u_i2c|state.I2C_COMPLETE ; 0.000        ; 0.072      ; 1.382      ;
; 1.145 ; wm8731_configurator:u_config|reg_index[5]    ; wm8731_configurator:u_config|command_word[6]  ; wm8731_configurator:u_config|i2c_master:u_i2c|state.I2C_COMPLETE ; wm8731_configurator:u_config|i2c_master:u_i2c|state.I2C_COMPLETE ; 0.000        ; 0.073      ; 1.389      ;
; 1.147 ; wm8731_configurator:u_config|reg_index[5]    ; wm8731_configurator:u_config|command_word[8]  ; wm8731_configurator:u_config|i2c_master:u_i2c|state.I2C_COMPLETE ; wm8731_configurator:u_config|i2c_master:u_i2c|state.I2C_COMPLETE ; 0.000        ; 0.073      ; 1.391      ;
; 1.159 ; wm8731_configurator:u_config|reg_index[1]    ; wm8731_configurator:u_config|reg_index[6]     ; wm8731_configurator:u_config|i2c_master:u_i2c|state.I2C_COMPLETE ; wm8731_configurator:u_config|i2c_master:u_i2c|state.I2C_COMPLETE ; 0.000        ; 0.072      ; 1.402      ;
; 1.168 ; wm8731_configurator:u_config|reg_index[3]    ; wm8731_configurator:u_config|command_word[2]  ; wm8731_configurator:u_config|i2c_master:u_i2c|state.I2C_COMPLETE ; wm8731_configurator:u_config|i2c_master:u_i2c|state.I2C_COMPLETE ; 0.000        ; 0.074      ; 1.413      ;
; 1.188 ; wm8731_configurator:u_config|reg_index[3]    ; wm8731_configurator:u_config|command_word[0]  ; wm8731_configurator:u_config|i2c_master:u_i2c|state.I2C_COMPLETE ; wm8731_configurator:u_config|i2c_master:u_i2c|state.I2C_COMPLETE ; 0.000        ; 0.074      ; 1.433      ;
; 1.241 ; wm8731_configurator:u_config|reg_index[1]    ; wm8731_configurator:u_config|command_word[6]  ; wm8731_configurator:u_config|i2c_master:u_i2c|state.I2C_COMPLETE ; wm8731_configurator:u_config|i2c_master:u_i2c|state.I2C_COMPLETE ; 0.000        ; 0.073      ; 1.485      ;
; 1.243 ; wm8731_configurator:u_config|reg_index[1]    ; wm8731_configurator:u_config|command_word[8]  ; wm8731_configurator:u_config|i2c_master:u_i2c|state.I2C_COMPLETE ; wm8731_configurator:u_config|i2c_master:u_i2c|state.I2C_COMPLETE ; 0.000        ; 0.073      ; 1.487      ;
; 1.256 ; wm8731_configurator:u_config|reg_index[1]    ; wm8731_configurator:u_config|command_word[11] ; wm8731_configurator:u_config|i2c_master:u_i2c|state.I2C_COMPLETE ; wm8731_configurator:u_config|i2c_master:u_i2c|state.I2C_COMPLETE ; 0.000        ; 0.073      ; 1.500      ;
; 1.256 ; wm8731_configurator:u_config|reg_index[0]    ; wm8731_configurator:u_config|command_word[2]  ; wm8731_configurator:u_config|i2c_master:u_i2c|state.I2C_COMPLETE ; wm8731_configurator:u_config|i2c_master:u_i2c|state.I2C_COMPLETE ; 0.000        ; 0.074      ; 1.501      ;
; 1.258 ; wm8731_configurator:u_config|reg_index[3]    ; wm8731_configurator:u_config|command_word[7]  ; wm8731_configurator:u_config|i2c_master:u_i2c|state.I2C_COMPLETE ; wm8731_configurator:u_config|i2c_master:u_i2c|state.I2C_COMPLETE ; 0.000        ; 0.073      ; 1.502      ;
; 1.260 ; wm8731_configurator:u_config|reg_index[3]    ; wm8731_configurator:u_config|command_word[4]  ; wm8731_configurator:u_config|i2c_master:u_i2c|state.I2C_COMPLETE ; wm8731_configurator:u_config|i2c_master:u_i2c|state.I2C_COMPLETE ; 0.000        ; 0.073      ; 1.504      ;
; 1.260 ; wm8731_configurator:u_config|reg_index[3]    ; wm8731_configurator:u_config|command_word[11] ; wm8731_configurator:u_config|i2c_master:u_i2c|state.I2C_COMPLETE ; wm8731_configurator:u_config|i2c_master:u_i2c|state.I2C_COMPLETE ; 0.000        ; 0.073      ; 1.504      ;
; 1.271 ; wm8731_configurator:u_config|reg_index[0]    ; wm8731_configurator:u_config|command_word[11] ; wm8731_configurator:u_config|i2c_master:u_i2c|state.I2C_COMPLETE ; wm8731_configurator:u_config|i2c_master:u_i2c|state.I2C_COMPLETE ; 0.000        ; 0.073      ; 1.515      ;
; 1.279 ; wm8731_configurator:u_config|reg_index[0]    ; wm8731_configurator:u_config|command_word[0]  ; wm8731_configurator:u_config|i2c_master:u_i2c|state.I2C_COMPLETE ; wm8731_configurator:u_config|i2c_master:u_i2c|state.I2C_COMPLETE ; 0.000        ; 0.074      ; 1.524      ;
; 1.294 ; wm8731_configurator:u_config|reg_index[1]    ; wm8731_configurator:u_config|command_word[2]  ; wm8731_configurator:u_config|i2c_master:u_i2c|state.I2C_COMPLETE ; wm8731_configurator:u_config|i2c_master:u_i2c|state.I2C_COMPLETE ; 0.000        ; 0.074      ; 1.539      ;
; 1.315 ; wm8731_configurator:u_config|reg_index[1]    ; wm8731_configurator:u_config|command_word[0]  ; wm8731_configurator:u_config|i2c_master:u_i2c|state.I2C_COMPLETE ; wm8731_configurator:u_config|i2c_master:u_i2c|state.I2C_COMPLETE ; 0.000        ; 0.074      ; 1.560      ;
; 1.322 ; wm8731_configurator:u_config|reg_index[1]    ; wm8731_configurator:u_config|command_word[4]  ; wm8731_configurator:u_config|i2c_master:u_i2c|state.I2C_COMPLETE ; wm8731_configurator:u_config|i2c_master:u_i2c|state.I2C_COMPLETE ; 0.000        ; 0.073      ; 1.566      ;
; 1.324 ; wm8731_configurator:u_config|reg_index[1]    ; wm8731_configurator:u_config|command_word[7]  ; wm8731_configurator:u_config|i2c_master:u_i2c|state.I2C_COMPLETE ; wm8731_configurator:u_config|i2c_master:u_i2c|state.I2C_COMPLETE ; 0.000        ; 0.073      ; 1.568      ;
+-------+----------------------------------------------+-----------------------------------------------+------------------------------------------------------------------+------------------------------------------------------------------+--------------+------------+------------+


----------------------------------------------
; Slow 1200mV 0C Model Metastability Summary ;
----------------------------------------------
No synchronizer chains to report.


+-------------------------------------------------------------------------------------------+
; Fast 1200mV 0C Model Setup Summary                                                        ;
+------------------------------------------------------------------+--------+---------------+
; Clock                                                            ; Slack  ; End Point TNS ;
+------------------------------------------------------------------+--------+---------------+
; CLOCK_50                                                         ; -0.444 ; -0.721        ;
; wm8731_configurator:u_config|i2c_master:u_i2c|state.I2C_COMPLETE ; -0.173 ; -1.195        ;
+------------------------------------------------------------------+--------+---------------+


+------------------------------------------------------------------------------------------+
; Fast 1200mV 0C Model Hold Summary                                                        ;
+------------------------------------------------------------------+-------+---------------+
; Clock                                                            ; Slack ; End Point TNS ;
+------------------------------------------------------------------+-------+---------------+
; CLOCK_50                                                         ; 0.181 ; 0.000         ;
; wm8731_configurator:u_config|i2c_master:u_i2c|state.I2C_COMPLETE ; 0.181 ; 0.000         ;
+------------------------------------------------------------------+-------+---------------+


-----------------------------------------
; Fast 1200mV 0C Model Recovery Summary ;
-----------------------------------------
No paths to report.


----------------------------------------
; Fast 1200mV 0C Model Removal Summary ;
----------------------------------------
No paths to report.


+-------------------------------------------------------------------------------------------+
; Fast 1200mV 0C Model Minimum Pulse Width Summary                                          ;
+------------------------------------------------------------------+--------+---------------+
; Clock                                                            ; Slack  ; End Point TNS ;
+------------------------------------------------------------------+--------+---------------+
; wm8731_configurator:u_config|i2c_master:u_i2c|state.I2C_COMPLETE ; -1.000 ; -18.000       ;
; CLOCK_50                                                         ; 9.437  ; 0.000         ;
+------------------------------------------------------------------+--------+---------------+


+------------------------------------------------------------------------------------------------------------------------------------------------------------------------------------------------------------------------------------------------------------------------+
; Fast 1200mV 0C Model Setup: 'CLOCK_50'                                                                                                                                                                                                                                 ;
+--------+------------------------------------------------------------------+------------------------------------------------------------------+------------------------------------------------------------------+-------------+--------------+------------+------------+
; Slack  ; From Node                                                        ; To Node                                                          ; Launch Clock                                                     ; Latch Clock ; Relationship ; Clock Skew ; Data Delay ;
+--------+------------------------------------------------------------------+------------------------------------------------------------------+------------------------------------------------------------------+-------------+--------------+------------+------------+
; -0.444 ; wm8731_configurator:u_config|i2c_master:u_i2c|state.I2C_COMPLETE ; wm8731_configurator:u_config|i2c_master:u_i2c|sda_reg            ; wm8731_configurator:u_config|i2c_master:u_i2c|state.I2C_COMPLETE ; CLOCK_50    ; 0.500        ; 1.582      ; 2.608      ;
; -0.318 ; wm8731_configurator:u_config|command_word[8]                     ; wm8731_configurator:u_config|i2c_master:u_i2c|sda_reg            ; wm8731_configurator:u_config|i2c_master:u_i2c|state.I2C_COMPLETE ; CLOCK_50    ; 1.000        ; 0.069      ; 1.364      ;
; -0.277 ; wm8731_configurator:u_config|transfer_enable                     ; wm8731_configurator:u_config|i2c_master:u_i2c|state.I2C_IDLE     ; wm8731_configurator:u_config|i2c_master:u_i2c|state.I2C_COMPLETE ; CLOCK_50    ; 1.000        ; 0.069      ; 1.323      ;
; -0.269 ; wm8731_configurator:u_config|i2c_master:u_i2c|state.I2C_COMPLETE ; wm8731_configurator:u_config|i2c_master:u_i2c|state.I2C_IDLE     ; wm8731_configurator:u_config|i2c_master:u_i2c|state.I2C_COMPLETE ; CLOCK_50    ; 0.500        ; 1.582      ; 2.433      ;
; -0.239 ; wm8731_configurator:u_config|command_word[10]                    ; wm8731_configurator:u_config|i2c_master:u_i2c|sda_reg            ; wm8731_configurator:u_config|i2c_master:u_i2c|state.I2C_COMPLETE ; CLOCK_50    ; 1.000        ; 0.069      ; 1.285      ;
; -0.225 ; wm8731_configurator:u_config|command_word[4]                     ; wm8731_configurator:u_config|i2c_master:u_i2c|sda_reg            ; wm8731_configurator:u_config|i2c_master:u_i2c|state.I2C_COMPLETE ; CLOCK_50    ; 1.000        ; 0.069      ; 1.271      ;
; -0.214 ; wm8731_configurator:u_config|command_word[2]                     ; wm8731_configurator:u_config|i2c_master:u_i2c|sda_reg            ; wm8731_configurator:u_config|i2c_master:u_i2c|state.I2C_COMPLETE ; CLOCK_50    ; 1.000        ; 0.068      ; 1.259      ;
; -0.197 ; wm8731_configurator:u_config|command_word[9]                     ; wm8731_configurator:u_config|i2c_master:u_i2c|sda_reg            ; wm8731_configurator:u_config|i2c_master:u_i2c|state.I2C_COMPLETE ; CLOCK_50    ; 1.000        ; 0.069      ; 1.243      ;
; -0.152 ; wm8731_configurator:u_config|command_word[6]                     ; wm8731_configurator:u_config|i2c_master:u_i2c|sda_reg            ; wm8731_configurator:u_config|i2c_master:u_i2c|state.I2C_COMPLETE ; CLOCK_50    ; 1.000        ; 0.069      ; 1.198      ;
; -0.148 ; wm8731_configurator:u_config|command_word[12]                    ; wm8731_configurator:u_config|i2c_master:u_i2c|sda_reg            ; wm8731_configurator:u_config|i2c_master:u_i2c|state.I2C_COMPLETE ; CLOCK_50    ; 1.000        ; -0.120     ; 1.005      ;
; -0.141 ; wm8731_configurator:u_config|command_word[0]                     ; wm8731_configurator:u_config|i2c_master:u_i2c|sda_reg            ; wm8731_configurator:u_config|i2c_master:u_i2c|state.I2C_COMPLETE ; CLOCK_50    ; 1.000        ; 0.068      ; 1.186      ;
; -0.137 ; wm8731_configurator:u_config|command_word[7]                     ; wm8731_configurator:u_config|i2c_master:u_i2c|sda_reg            ; wm8731_configurator:u_config|i2c_master:u_i2c|state.I2C_COMPLETE ; CLOCK_50    ; 1.000        ; 0.069      ; 1.183      ;
; -0.096 ; wm8731_configurator:u_config|command_word[11]                    ; wm8731_configurator:u_config|i2c_master:u_i2c|sda_reg            ; wm8731_configurator:u_config|i2c_master:u_i2c|state.I2C_COMPLETE ; CLOCK_50    ; 1.000        ; 0.069      ; 1.142      ;
; 0.315  ; wm8731_configurator:u_config|i2c_master:u_i2c|state.I2C_COMPLETE ; wm8731_configurator:u_config|i2c_master:u_i2c|state.I2C_IDLE     ; wm8731_configurator:u_config|i2c_master:u_i2c|state.I2C_COMPLETE ; CLOCK_50    ; 1.000        ; 1.582      ; 2.349      ;
; 0.319  ; wm8731_configurator:u_config|transfer_enable                     ; wm8731_configurator:u_config|i2c_master:u_i2c|state.I2C_START    ; wm8731_configurator:u_config|i2c_master:u_i2c|state.I2C_COMPLETE ; CLOCK_50    ; 1.000        ; 0.069      ; 0.727      ;
; 0.355  ; wm8731_configurator:u_config|i2c_master:u_i2c|state.I2C_COMPLETE ; wm8731_configurator:u_config|i2c_master:u_i2c|sda_reg            ; wm8731_configurator:u_config|i2c_master:u_i2c|state.I2C_COMPLETE ; CLOCK_50    ; 1.000        ; 1.582      ; 2.309      ;
; 17.796 ; wm8731_configurator:u_config|i2c_master:u_i2c|bit_count[1]       ; wm8731_configurator:u_config|i2c_master:u_i2c|sda_reg            ; CLOCK_50                                                         ; CLOCK_50    ; 20.000       ; -0.040     ; 2.151      ;
; 18.208 ; wm8731_configurator:u_config|i2c_master:u_i2c|bit_count[0]       ; wm8731_configurator:u_config|i2c_master:u_i2c|sda_reg            ; CLOCK_50                                                         ; CLOCK_50    ; 20.000       ; -0.040     ; 1.739      ;
; 18.505 ; wm8731_configurator:u_config|i2c_master:u_i2c|bit_count[0]       ; wm8731_configurator:u_config|i2c_master:u_i2c|bit_count[0]       ; CLOCK_50                                                         ; CLOCK_50    ; 20.000       ; -0.042     ; 1.440      ;
; 18.505 ; wm8731_configurator:u_config|i2c_master:u_i2c|bit_count[0]       ; wm8731_configurator:u_config|i2c_master:u_i2c|bit_count[3]       ; CLOCK_50                                                         ; CLOCK_50    ; 20.000       ; -0.042     ; 1.440      ;
; 18.505 ; wm8731_configurator:u_config|i2c_master:u_i2c|bit_count[0]       ; wm8731_configurator:u_config|i2c_master:u_i2c|bit_count[1]       ; CLOCK_50                                                         ; CLOCK_50    ; 20.000       ; -0.042     ; 1.440      ;
; 18.505 ; wm8731_configurator:u_config|i2c_master:u_i2c|bit_count[0]       ; wm8731_configurator:u_config|i2c_master:u_i2c|bit_count[2]       ; CLOCK_50                                                         ; CLOCK_50    ; 20.000       ; -0.042     ; 1.440      ;
; 18.521 ; wm8731_configurator:u_config|i2c_master:u_i2c|bit_count[4]       ; wm8731_configurator:u_config|i2c_master:u_i2c|bit_count[0]       ; CLOCK_50                                                         ; CLOCK_50    ; 20.000       ; -0.042     ; 1.424      ;
; 18.521 ; wm8731_configurator:u_config|i2c_master:u_i2c|bit_count[4]       ; wm8731_configurator:u_config|i2c_master:u_i2c|bit_count[3]       ; CLOCK_50                                                         ; CLOCK_50    ; 20.000       ; -0.042     ; 1.424      ;
; 18.521 ; wm8731_configurator:u_config|i2c_master:u_i2c|bit_count[4]       ; wm8731_configurator:u_config|i2c_master:u_i2c|bit_count[1]       ; CLOCK_50                                                         ; CLOCK_50    ; 20.000       ; -0.042     ; 1.424      ;
; 18.521 ; wm8731_configurator:u_config|i2c_master:u_i2c|bit_count[4]       ; wm8731_configurator:u_config|i2c_master:u_i2c|bit_count[2]       ; CLOCK_50                                                         ; CLOCK_50    ; 20.000       ; -0.042     ; 1.424      ;
; 18.523 ; wm8731_configurator:u_config|i2c_master:u_i2c|bit_count[0]       ; wm8731_configurator:u_config|i2c_master:u_i2c|bit_count[4]       ; CLOCK_50                                                         ; CLOCK_50    ; 20.000       ; -0.042     ; 1.422      ;
; 18.542 ; wm8731_configurator:u_config|i2c_master:u_i2c|bit_count[3]       ; wm8731_configurator:u_config|i2c_master:u_i2c|sda_reg            ; CLOCK_50                                                         ; CLOCK_50    ; 20.000       ; -0.040     ; 1.405      ;
; 18.548 ; wm8731_configurator:u_config|i2c_master:u_i2c|bit_count[1]       ; wm8731_configurator:u_config|i2c_master:u_i2c|bit_count[0]       ; CLOCK_50                                                         ; CLOCK_50    ; 20.000       ; -0.042     ; 1.397      ;
; 18.548 ; wm8731_configurator:u_config|i2c_master:u_i2c|bit_count[1]       ; wm8731_configurator:u_config|i2c_master:u_i2c|bit_count[3]       ; CLOCK_50                                                         ; CLOCK_50    ; 20.000       ; -0.042     ; 1.397      ;
; 18.548 ; wm8731_configurator:u_config|i2c_master:u_i2c|bit_count[1]       ; wm8731_configurator:u_config|i2c_master:u_i2c|bit_count[1]       ; CLOCK_50                                                         ; CLOCK_50    ; 20.000       ; -0.042     ; 1.397      ;
; 18.548 ; wm8731_configurator:u_config|i2c_master:u_i2c|bit_count[1]       ; wm8731_configurator:u_config|i2c_master:u_i2c|bit_count[2]       ; CLOCK_50                                                         ; CLOCK_50    ; 20.000       ; -0.042     ; 1.397      ;
; 18.563 ; wm8731_configurator:u_config|i2c_master:u_i2c|bit_count[2]       ; wm8731_configurator:u_config|i2c_master:u_i2c|bit_count[4]       ; CLOCK_50                                                         ; CLOCK_50    ; 20.000       ; -0.042     ; 1.382      ;
; 18.595 ; wm8731_configurator:u_config|i2c_master:u_i2c|bit_count[1]       ; wm8731_configurator:u_config|i2c_master:u_i2c|bit_count[4]       ; CLOCK_50                                                         ; CLOCK_50    ; 20.000       ; -0.042     ; 1.350      ;
; 18.622 ; wm8731_configurator:u_config|i2c_master:u_i2c|state.I2C_IDLE     ; wm8731_configurator:u_config|i2c_master:u_i2c|state.I2C_IDLE     ; CLOCK_50                                                         ; CLOCK_50    ; 20.000       ; -0.041     ; 1.324      ;
; 18.639 ; wm8731_configurator:u_config|i2c_master:u_i2c|bit_count[3]       ; wm8731_configurator:u_config|i2c_master:u_i2c|bit_count[0]       ; CLOCK_50                                                         ; CLOCK_50    ; 20.000       ; -0.042     ; 1.306      ;
; 18.639 ; wm8731_configurator:u_config|i2c_master:u_i2c|bit_count[3]       ; wm8731_configurator:u_config|i2c_master:u_i2c|bit_count[3]       ; CLOCK_50                                                         ; CLOCK_50    ; 20.000       ; -0.042     ; 1.306      ;
; 18.639 ; wm8731_configurator:u_config|i2c_master:u_i2c|bit_count[3]       ; wm8731_configurator:u_config|i2c_master:u_i2c|bit_count[1]       ; CLOCK_50                                                         ; CLOCK_50    ; 20.000       ; -0.042     ; 1.306      ;
; 18.639 ; wm8731_configurator:u_config|i2c_master:u_i2c|bit_count[3]       ; wm8731_configurator:u_config|i2c_master:u_i2c|bit_count[2]       ; CLOCK_50                                                         ; CLOCK_50    ; 20.000       ; -0.042     ; 1.306      ;
; 18.668 ; wm8731_configurator:u_config|i2c_master:u_i2c|bit_count[2]       ; wm8731_configurator:u_config|i2c_master:u_i2c|sda_reg            ; CLOCK_50                                                         ; CLOCK_50    ; 20.000       ; -0.040     ; 1.279      ;
; 18.674 ; wm8731_configurator:u_config|i2c_master:u_i2c|bit_count[3]       ; wm8731_configurator:u_config|i2c_master:u_i2c|bit_count[4]       ; CLOCK_50                                                         ; CLOCK_50    ; 20.000       ; -0.042     ; 1.271      ;
; 18.751 ; wm8731_configurator:u_config|i2c_master:u_i2c|state.I2C_WAIT_ACK ; wm8731_configurator:u_config|i2c_master:u_i2c|sda_reg            ; CLOCK_50                                                         ; CLOCK_50    ; 20.000       ; -0.040     ; 1.196      ;
; 18.798 ; wm8731_configurator:u_config|i2c_master:u_i2c|state.I2C_START    ; wm8731_configurator:u_config|i2c_master:u_i2c|bit_count[0]       ; CLOCK_50                                                         ; CLOCK_50    ; 20.000       ; -0.043     ; 1.146      ;
; 18.798 ; wm8731_configurator:u_config|i2c_master:u_i2c|state.I2C_START    ; wm8731_configurator:u_config|i2c_master:u_i2c|bit_count[3]       ; CLOCK_50                                                         ; CLOCK_50    ; 20.000       ; -0.043     ; 1.146      ;
; 18.798 ; wm8731_configurator:u_config|i2c_master:u_i2c|state.I2C_START    ; wm8731_configurator:u_config|i2c_master:u_i2c|bit_count[1]       ; CLOCK_50                                                         ; CLOCK_50    ; 20.000       ; -0.043     ; 1.146      ;
; 18.798 ; wm8731_configurator:u_config|i2c_master:u_i2c|state.I2C_START    ; wm8731_configurator:u_config|i2c_master:u_i2c|bit_count[2]       ; CLOCK_50                                                         ; CLOCK_50    ; 20.000       ; -0.043     ; 1.146      ;
; 18.804 ; wm8731_configurator:u_config|i2c_master:u_i2c|bit_count[4]       ; wm8731_configurator:u_config|i2c_master:u_i2c|bit_count[4]       ; CLOCK_50                                                         ; CLOCK_50    ; 20.000       ; -0.042     ; 1.141      ;
; 18.855 ; wm8731_configurator:u_config|i2c_master:u_i2c|bit_count[2]       ; wm8731_configurator:u_config|i2c_master:u_i2c|bit_count[3]       ; CLOCK_50                                                         ; CLOCK_50    ; 20.000       ; -0.042     ; 1.090      ;
; 18.881 ; wm8731_configurator:u_config|i2c_master:u_i2c|state.I2C_IDLE     ; wm8731_configurator:u_config|i2c_master:u_i2c|sda_reg            ; CLOCK_50                                                         ; CLOCK_50    ; 20.000       ; -0.041     ; 1.065      ;
; 18.917 ; wm8731_configurator:u_config|i2c_master:u_i2c|bit_count[0]       ; wm8731_configurator:u_config|i2c_master:u_i2c|state.I2C_WAIT_ACK ; CLOCK_50                                                         ; CLOCK_50    ; 20.000       ; -0.042     ; 1.028      ;
; 18.956 ; wm8731_configurator:u_config|i2c_master:u_i2c|bit_count[4]       ; wm8731_configurator:u_config|i2c_master:u_i2c|state.I2C_WAIT_ACK ; CLOCK_50                                                         ; CLOCK_50    ; 20.000       ; -0.042     ; 0.989      ;
; 18.960 ; wm8731_configurator:u_config|i2c_master:u_i2c|bit_count[1]       ; wm8731_configurator:u_config|i2c_master:u_i2c|state.I2C_WAIT_ACK ; CLOCK_50                                                         ; CLOCK_50    ; 20.000       ; -0.042     ; 0.985      ;
; 19.021 ; wm8731_configurator:u_config|i2c_master:u_i2c|state.I2C_SEND     ; wm8731_configurator:u_config|i2c_master:u_i2c|bit_count[0]       ; CLOCK_50                                                         ; CLOCK_50    ; 20.000       ; -0.042     ; 0.924      ;
; 19.021 ; wm8731_configurator:u_config|i2c_master:u_i2c|state.I2C_SEND     ; wm8731_configurator:u_config|i2c_master:u_i2c|bit_count[3]       ; CLOCK_50                                                         ; CLOCK_50    ; 20.000       ; -0.042     ; 0.924      ;
; 19.021 ; wm8731_configurator:u_config|i2c_master:u_i2c|state.I2C_SEND     ; wm8731_configurator:u_config|i2c_master:u_i2c|bit_count[1]       ; CLOCK_50                                                         ; CLOCK_50    ; 20.000       ; -0.042     ; 0.924      ;
; 19.021 ; wm8731_configurator:u_config|i2c_master:u_i2c|state.I2C_SEND     ; wm8731_configurator:u_config|i2c_master:u_i2c|bit_count[2]       ; CLOCK_50                                                         ; CLOCK_50    ; 20.000       ; -0.042     ; 0.924      ;
; 19.051 ; wm8731_configurator:u_config|i2c_master:u_i2c|bit_count[3]       ; wm8731_configurator:u_config|i2c_master:u_i2c|state.I2C_WAIT_ACK ; CLOCK_50                                                         ; CLOCK_50    ; 20.000       ; -0.042     ; 0.894      ;
; 19.061 ; wm8731_configurator:u_config|i2c_master:u_i2c|bit_count[0]       ; wm8731_configurator:u_config|i2c_master:u_i2c|state.I2C_SEND     ; CLOCK_50                                                         ; CLOCK_50    ; 20.000       ; -0.042     ; 0.884      ;
; 19.067 ; wm8731_configurator:u_config|i2c_master:u_i2c|bit_count[4]       ; wm8731_configurator:u_config|i2c_master:u_i2c|state.I2C_SEND     ; CLOCK_50                                                         ; CLOCK_50    ; 20.000       ; -0.042     ; 0.878      ;
; 19.073 ; wm8731_configurator:u_config|i2c_master:u_i2c|bit_count[2]       ; wm8731_configurator:u_config|i2c_master:u_i2c|bit_count[2]       ; CLOCK_50                                                         ; CLOCK_50    ; 20.000       ; -0.042     ; 0.872      ;
; 19.081 ; wm8731_configurator:u_config|i2c_master:u_i2c|bit_count[2]       ; wm8731_configurator:u_config|i2c_master:u_i2c|bit_count[0]       ; CLOCK_50                                                         ; CLOCK_50    ; 20.000       ; -0.042     ; 0.864      ;
; 19.081 ; wm8731_configurator:u_config|i2c_master:u_i2c|bit_count[2]       ; wm8731_configurator:u_config|i2c_master:u_i2c|bit_count[1]       ; CLOCK_50                                                         ; CLOCK_50    ; 20.000       ; -0.042     ; 0.864      ;
; 19.104 ; wm8731_configurator:u_config|i2c_master:u_i2c|bit_count[1]       ; wm8731_configurator:u_config|i2c_master:u_i2c|state.I2C_SEND     ; CLOCK_50                                                         ; CLOCK_50    ; 20.000       ; -0.042     ; 0.841      ;
; 19.173 ; wm8731_configurator:u_config|i2c_master:u_i2c|state.I2C_WAIT_ACK ; wm8731_configurator:u_config|i2c_master:u_i2c|state.I2C_STOP     ; CLOCK_50                                                         ; CLOCK_50    ; 20.000       ; -0.037     ; 0.777      ;
; 19.195 ; wm8731_configurator:u_config|i2c_master:u_i2c|bit_count[3]       ; wm8731_configurator:u_config|i2c_master:u_i2c|state.I2C_SEND     ; CLOCK_50                                                         ; CLOCK_50    ; 20.000       ; -0.042     ; 0.750      ;
; 19.210 ; wm8731_configurator:u_config|i2c_master:u_i2c|state.I2C_START    ; wm8731_configurator:u_config|i2c_master:u_i2c|state.I2C_SEND     ; CLOCK_50                                                         ; CLOCK_50    ; 20.000       ; -0.043     ; 0.734      ;
; 19.217 ; wm8731_configurator:u_config|i2c_master:u_i2c|state.I2C_SEND     ; wm8731_configurator:u_config|i2c_master:u_i2c|bit_count[4]       ; CLOCK_50                                                         ; CLOCK_50    ; 20.000       ; -0.042     ; 0.728      ;
; 19.230 ; wm8731_configurator:u_config|i2c_master:u_i2c|state.I2C_START    ; wm8731_configurator:u_config|i2c_master:u_i2c|bit_count[4]       ; CLOCK_50                                                         ; CLOCK_50    ; 20.000       ; -0.043     ; 0.714      ;
; 19.333 ; wm8731_configurator:u_config|i2c_master:u_i2c|state.I2C_SEND     ; wm8731_configurator:u_config|i2c_master:u_i2c|sda_reg            ; CLOCK_50                                                         ; CLOCK_50    ; 20.000       ; -0.040     ; 0.614      ;
; 19.412 ; wm8731_configurator:u_config|i2c_master:u_i2c|bit_count[2]       ; wm8731_configurator:u_config|i2c_master:u_i2c|state.I2C_SEND     ; CLOCK_50                                                         ; CLOCK_50    ; 20.000       ; -0.042     ; 0.533      ;
; 19.432 ; wm8731_configurator:u_config|i2c_master:u_i2c|state.I2C_SEND     ; wm8731_configurator:u_config|i2c_master:u_i2c|state.I2C_WAIT_ACK ; CLOCK_50                                                         ; CLOCK_50    ; 20.000       ; -0.042     ; 0.513      ;
; 19.441 ; wm8731_configurator:u_config|i2c_master:u_i2c|state.I2C_SEND     ; wm8731_configurator:u_config|i2c_master:u_i2c|scl_reg            ; CLOCK_50                                                         ; CLOCK_50    ; 20.000       ; -0.042     ; 0.504      ;
; 19.461 ; wm8731_configurator:u_config|i2c_master:u_i2c|bit_count[2]       ; wm8731_configurator:u_config|i2c_master:u_i2c|state.I2C_WAIT_ACK ; CLOCK_50                                                         ; CLOCK_50    ; 20.000       ; -0.042     ; 0.484      ;
; 19.563 ; wm8731_configurator:u_config|i2c_master:u_i2c|state.I2C_IDLE     ; wm8731_configurator:u_config|i2c_master:u_i2c|state.I2C_START    ; CLOCK_50                                                         ; CLOCK_50    ; 20.000       ; -0.041     ; 0.383      ;
; 19.574 ; wm8731_configurator:u_config|i2c_master:u_i2c|state.I2C_STOP     ; wm8731_configurator:u_config|i2c_master:u_i2c|state.I2C_COMPLETE ; CLOCK_50                                                         ; CLOCK_50    ; 20.000       ; -0.041     ; 0.372      ;
; 19.595 ; wm8731_configurator:u_config|i2c_master:u_i2c|state.I2C_SEND     ; wm8731_configurator:u_config|i2c_master:u_i2c|state.I2C_SEND     ; CLOCK_50                                                         ; CLOCK_50    ; 20.000       ; -0.042     ; 0.350      ;
+--------+------------------------------------------------------------------+------------------------------------------------------------------+------------------------------------------------------------------+-------------+--------------+------------+------------+


+-----------------------------------------------------------------------------------------------------------------------------------------------------------------------------------------------------------------------------------------------------------------------------------+
; Fast 1200mV 0C Model Setup: 'wm8731_configurator:u_config|i2c_master:u_i2c|state.I2C_COMPLETE'                                                                                                                                                                                    ;
+--------+-------------------------------------------+-----------------------------------------------+------------------------------------------------------------------+------------------------------------------------------------------+--------------+------------+------------+
; Slack  ; From Node                                 ; To Node                                       ; Launch Clock                                                     ; Latch Clock                                                      ; Relationship ; Clock Skew ; Data Delay ;
+--------+-------------------------------------------+-----------------------------------------------+------------------------------------------------------------------+------------------------------------------------------------------+--------------+------------+------------+
; -0.173 ; wm8731_configurator:u_config|reg_index[6] ; wm8731_configurator:u_config|reg_index[6]     ; wm8731_configurator:u_config|i2c_master:u_i2c|state.I2C_COMPLETE ; wm8731_configurator:u_config|i2c_master:u_i2c|state.I2C_COMPLETE ; 1.000        ; -0.042     ; 1.118      ;
; -0.173 ; wm8731_configurator:u_config|reg_index[6] ; wm8731_configurator:u_config|reg_index[5]     ; wm8731_configurator:u_config|i2c_master:u_i2c|state.I2C_COMPLETE ; wm8731_configurator:u_config|i2c_master:u_i2c|state.I2C_COMPLETE ; 1.000        ; -0.042     ; 1.118      ;
; -0.173 ; wm8731_configurator:u_config|reg_index[6] ; wm8731_configurator:u_config|reg_index[1]     ; wm8731_configurator:u_config|i2c_master:u_i2c|state.I2C_COMPLETE ; wm8731_configurator:u_config|i2c_master:u_i2c|state.I2C_COMPLETE ; 1.000        ; -0.042     ; 1.118      ;
; -0.173 ; wm8731_configurator:u_config|reg_index[6] ; wm8731_configurator:u_config|reg_index[2]     ; wm8731_configurator:u_config|i2c_master:u_i2c|state.I2C_COMPLETE ; wm8731_configurator:u_config|i2c_master:u_i2c|state.I2C_COMPLETE ; 1.000        ; -0.042     ; 1.118      ;
; -0.173 ; wm8731_configurator:u_config|reg_index[6] ; wm8731_configurator:u_config|reg_index[3]     ; wm8731_configurator:u_config|i2c_master:u_i2c|state.I2C_COMPLETE ; wm8731_configurator:u_config|i2c_master:u_i2c|state.I2C_COMPLETE ; 1.000        ; -0.042     ; 1.118      ;
; -0.173 ; wm8731_configurator:u_config|reg_index[6] ; wm8731_configurator:u_config|reg_index[4]     ; wm8731_configurator:u_config|i2c_master:u_i2c|state.I2C_COMPLETE ; wm8731_configurator:u_config|i2c_master:u_i2c|state.I2C_COMPLETE ; 1.000        ; -0.042     ; 1.118      ;
; -0.136 ; wm8731_configurator:u_config|reg_index[4] ; wm8731_configurator:u_config|reg_index[6]     ; wm8731_configurator:u_config|i2c_master:u_i2c|state.I2C_COMPLETE ; wm8731_configurator:u_config|i2c_master:u_i2c|state.I2C_COMPLETE ; 1.000        ; -0.042     ; 1.081      ;
; -0.136 ; wm8731_configurator:u_config|reg_index[4] ; wm8731_configurator:u_config|reg_index[5]     ; wm8731_configurator:u_config|i2c_master:u_i2c|state.I2C_COMPLETE ; wm8731_configurator:u_config|i2c_master:u_i2c|state.I2C_COMPLETE ; 1.000        ; -0.042     ; 1.081      ;
; -0.136 ; wm8731_configurator:u_config|reg_index[4] ; wm8731_configurator:u_config|reg_index[1]     ; wm8731_configurator:u_config|i2c_master:u_i2c|state.I2C_COMPLETE ; wm8731_configurator:u_config|i2c_master:u_i2c|state.I2C_COMPLETE ; 1.000        ; -0.042     ; 1.081      ;
; -0.136 ; wm8731_configurator:u_config|reg_index[4] ; wm8731_configurator:u_config|reg_index[2]     ; wm8731_configurator:u_config|i2c_master:u_i2c|state.I2C_COMPLETE ; wm8731_configurator:u_config|i2c_master:u_i2c|state.I2C_COMPLETE ; 1.000        ; -0.042     ; 1.081      ;
; -0.136 ; wm8731_configurator:u_config|reg_index[4] ; wm8731_configurator:u_config|reg_index[3]     ; wm8731_configurator:u_config|i2c_master:u_i2c|state.I2C_COMPLETE ; wm8731_configurator:u_config|i2c_master:u_i2c|state.I2C_COMPLETE ; 1.000        ; -0.042     ; 1.081      ;
; -0.136 ; wm8731_configurator:u_config|reg_index[4] ; wm8731_configurator:u_config|reg_index[4]     ; wm8731_configurator:u_config|i2c_master:u_i2c|state.I2C_COMPLETE ; wm8731_configurator:u_config|i2c_master:u_i2c|state.I2C_COMPLETE ; 1.000        ; -0.042     ; 1.081      ;
; -0.069 ; wm8731_configurator:u_config|reg_index[0] ; wm8731_configurator:u_config|command_word[4]  ; wm8731_configurator:u_config|i2c_master:u_i2c|state.I2C_COMPLETE ; wm8731_configurator:u_config|i2c_master:u_i2c|state.I2C_COMPLETE ; 1.000        ; -0.042     ; 1.014      ;
; -0.051 ; wm8731_configurator:u_config|reg_index[1] ; wm8731_configurator:u_config|reg_index[6]     ; wm8731_configurator:u_config|i2c_master:u_i2c|state.I2C_COMPLETE ; wm8731_configurator:u_config|i2c_master:u_i2c|state.I2C_COMPLETE ; 1.000        ; -0.042     ; 0.996      ;
; -0.051 ; wm8731_configurator:u_config|reg_index[1] ; wm8731_configurator:u_config|reg_index[5]     ; wm8731_configurator:u_config|i2c_master:u_i2c|state.I2C_COMPLETE ; wm8731_configurator:u_config|i2c_master:u_i2c|state.I2C_COMPLETE ; 1.000        ; -0.042     ; 0.996      ;
; -0.051 ; wm8731_configurator:u_config|reg_index[1] ; wm8731_configurator:u_config|reg_index[1]     ; wm8731_configurator:u_config|i2c_master:u_i2c|state.I2C_COMPLETE ; wm8731_configurator:u_config|i2c_master:u_i2c|state.I2C_COMPLETE ; 1.000        ; -0.042     ; 0.996      ;
; -0.051 ; wm8731_configurator:u_config|reg_index[1] ; wm8731_configurator:u_config|reg_index[2]     ; wm8731_configurator:u_config|i2c_master:u_i2c|state.I2C_COMPLETE ; wm8731_configurator:u_config|i2c_master:u_i2c|state.I2C_COMPLETE ; 1.000        ; -0.042     ; 0.996      ;
; -0.051 ; wm8731_configurator:u_config|reg_index[1] ; wm8731_configurator:u_config|reg_index[3]     ; wm8731_configurator:u_config|i2c_master:u_i2c|state.I2C_COMPLETE ; wm8731_configurator:u_config|i2c_master:u_i2c|state.I2C_COMPLETE ; 1.000        ; -0.042     ; 0.996      ;
; -0.051 ; wm8731_configurator:u_config|reg_index[1] ; wm8731_configurator:u_config|reg_index[4]     ; wm8731_configurator:u_config|i2c_master:u_i2c|state.I2C_COMPLETE ; wm8731_configurator:u_config|i2c_master:u_i2c|state.I2C_COMPLETE ; 1.000        ; -0.042     ; 0.996      ;
; -0.045 ; wm8731_configurator:u_config|reg_index[0] ; wm8731_configurator:u_config|command_word[7]  ; wm8731_configurator:u_config|i2c_master:u_i2c|state.I2C_COMPLETE ; wm8731_configurator:u_config|i2c_master:u_i2c|state.I2C_COMPLETE ; 1.000        ; -0.042     ; 0.990      ;
; -0.025 ; wm8731_configurator:u_config|reg_index[1] ; wm8731_configurator:u_config|command_word[0]  ; wm8731_configurator:u_config|i2c_master:u_i2c|state.I2C_COMPLETE ; wm8731_configurator:u_config|i2c_master:u_i2c|state.I2C_COMPLETE ; 1.000        ; -0.041     ; 0.971      ;
; -0.014 ; wm8731_configurator:u_config|reg_index[1] ; wm8731_configurator:u_config|command_word[2]  ; wm8731_configurator:u_config|i2c_master:u_i2c|state.I2C_COMPLETE ; wm8731_configurator:u_config|i2c_master:u_i2c|state.I2C_COMPLETE ; 1.000        ; -0.041     ; 0.960      ;
; -0.008 ; wm8731_configurator:u_config|reg_index[5] ; wm8731_configurator:u_config|reg_index[6]     ; wm8731_configurator:u_config|i2c_master:u_i2c|state.I2C_COMPLETE ; wm8731_configurator:u_config|i2c_master:u_i2c|state.I2C_COMPLETE ; 1.000        ; -0.042     ; 0.953      ;
; -0.008 ; wm8731_configurator:u_config|reg_index[5] ; wm8731_configurator:u_config|reg_index[5]     ; wm8731_configurator:u_config|i2c_master:u_i2c|state.I2C_COMPLETE ; wm8731_configurator:u_config|i2c_master:u_i2c|state.I2C_COMPLETE ; 1.000        ; -0.042     ; 0.953      ;
; -0.008 ; wm8731_configurator:u_config|reg_index[5] ; wm8731_configurator:u_config|reg_index[1]     ; wm8731_configurator:u_config|i2c_master:u_i2c|state.I2C_COMPLETE ; wm8731_configurator:u_config|i2c_master:u_i2c|state.I2C_COMPLETE ; 1.000        ; -0.042     ; 0.953      ;
; -0.008 ; wm8731_configurator:u_config|reg_index[5] ; wm8731_configurator:u_config|reg_index[2]     ; wm8731_configurator:u_config|i2c_master:u_i2c|state.I2C_COMPLETE ; wm8731_configurator:u_config|i2c_master:u_i2c|state.I2C_COMPLETE ; 1.000        ; -0.042     ; 0.953      ;
; -0.008 ; wm8731_configurator:u_config|reg_index[5] ; wm8731_configurator:u_config|reg_index[3]     ; wm8731_configurator:u_config|i2c_master:u_i2c|state.I2C_COMPLETE ; wm8731_configurator:u_config|i2c_master:u_i2c|state.I2C_COMPLETE ; 1.000        ; -0.042     ; 0.953      ;
; -0.008 ; wm8731_configurator:u_config|reg_index[5] ; wm8731_configurator:u_config|reg_index[4]     ; wm8731_configurator:u_config|i2c_master:u_i2c|state.I2C_COMPLETE ; wm8731_configurator:u_config|i2c_master:u_i2c|state.I2C_COMPLETE ; 1.000        ; -0.042     ; 0.953      ;
; -0.003 ; wm8731_configurator:u_config|reg_index[6] ; wm8731_configurator:u_config|command_word[8]  ; wm8731_configurator:u_config|i2c_master:u_i2c|state.I2C_COMPLETE ; wm8731_configurator:u_config|i2c_master:u_i2c|state.I2C_COMPLETE ; 1.000        ; -0.042     ; 0.948      ;
; -0.003 ; wm8731_configurator:u_config|reg_index[2] ; wm8731_configurator:u_config|reg_index[6]     ; wm8731_configurator:u_config|i2c_master:u_i2c|state.I2C_COMPLETE ; wm8731_configurator:u_config|i2c_master:u_i2c|state.I2C_COMPLETE ; 1.000        ; -0.042     ; 0.948      ;
; -0.003 ; wm8731_configurator:u_config|reg_index[2] ; wm8731_configurator:u_config|reg_index[5]     ; wm8731_configurator:u_config|i2c_master:u_i2c|state.I2C_COMPLETE ; wm8731_configurator:u_config|i2c_master:u_i2c|state.I2C_COMPLETE ; 1.000        ; -0.042     ; 0.948      ;
; -0.003 ; wm8731_configurator:u_config|reg_index[2] ; wm8731_configurator:u_config|reg_index[1]     ; wm8731_configurator:u_config|i2c_master:u_i2c|state.I2C_COMPLETE ; wm8731_configurator:u_config|i2c_master:u_i2c|state.I2C_COMPLETE ; 1.000        ; -0.042     ; 0.948      ;
; -0.003 ; wm8731_configurator:u_config|reg_index[2] ; wm8731_configurator:u_config|reg_index[2]     ; wm8731_configurator:u_config|i2c_master:u_i2c|state.I2C_COMPLETE ; wm8731_configurator:u_config|i2c_master:u_i2c|state.I2C_COMPLETE ; 1.000        ; -0.042     ; 0.948      ;
; -0.003 ; wm8731_configurator:u_config|reg_index[2] ; wm8731_configurator:u_config|reg_index[3]     ; wm8731_configurator:u_config|i2c_master:u_i2c|state.I2C_COMPLETE ; wm8731_configurator:u_config|i2c_master:u_i2c|state.I2C_COMPLETE ; 1.000        ; -0.042     ; 0.948      ;
; -0.003 ; wm8731_configurator:u_config|reg_index[2] ; wm8731_configurator:u_config|reg_index[4]     ; wm8731_configurator:u_config|i2c_master:u_i2c|state.I2C_COMPLETE ; wm8731_configurator:u_config|i2c_master:u_i2c|state.I2C_COMPLETE ; 1.000        ; -0.042     ; 0.948      ;
; -0.001 ; wm8731_configurator:u_config|reg_index[6] ; wm8731_configurator:u_config|command_word[6]  ; wm8731_configurator:u_config|i2c_master:u_i2c|state.I2C_COMPLETE ; wm8731_configurator:u_config|i2c_master:u_i2c|state.I2C_COMPLETE ; 1.000        ; -0.042     ; 0.946      ;
; 0.007  ; wm8731_configurator:u_config|reg_index[0] ; wm8731_configurator:u_config|command_word[0]  ; wm8731_configurator:u_config|i2c_master:u_i2c|state.I2C_COMPLETE ; wm8731_configurator:u_config|i2c_master:u_i2c|state.I2C_COMPLETE ; 1.000        ; -0.041     ; 0.939      ;
; 0.015  ; wm8731_configurator:u_config|reg_index[1] ; wm8731_configurator:u_config|command_word[11] ; wm8731_configurator:u_config|i2c_master:u_i2c|state.I2C_COMPLETE ; wm8731_configurator:u_config|i2c_master:u_i2c|state.I2C_COMPLETE ; 1.000        ; -0.042     ; 0.930      ;
; 0.021  ; wm8731_configurator:u_config|reg_index[0] ; wm8731_configurator:u_config|command_word[2]  ; wm8731_configurator:u_config|i2c_master:u_i2c|state.I2C_COMPLETE ; wm8731_configurator:u_config|i2c_master:u_i2c|state.I2C_COMPLETE ; 1.000        ; -0.041     ; 0.925      ;
; 0.025  ; wm8731_configurator:u_config|reg_index[4] ; wm8731_configurator:u_config|command_word[8]  ; wm8731_configurator:u_config|i2c_master:u_i2c|state.I2C_COMPLETE ; wm8731_configurator:u_config|i2c_master:u_i2c|state.I2C_COMPLETE ; 1.000        ; -0.042     ; 0.920      ;
; 0.028  ; wm8731_configurator:u_config|reg_index[4] ; wm8731_configurator:u_config|command_word[6]  ; wm8731_configurator:u_config|i2c_master:u_i2c|state.I2C_COMPLETE ; wm8731_configurator:u_config|i2c_master:u_i2c|state.I2C_COMPLETE ; 1.000        ; -0.042     ; 0.917      ;
; 0.036  ; wm8731_configurator:u_config|reg_index[1] ; wm8731_configurator:u_config|command_word[7]  ; wm8731_configurator:u_config|i2c_master:u_i2c|state.I2C_COMPLETE ; wm8731_configurator:u_config|i2c_master:u_i2c|state.I2C_COMPLETE ; 1.000        ; -0.042     ; 0.909      ;
; 0.037  ; wm8731_configurator:u_config|reg_index[1] ; wm8731_configurator:u_config|command_word[4]  ; wm8731_configurator:u_config|i2c_master:u_i2c|state.I2C_COMPLETE ; wm8731_configurator:u_config|i2c_master:u_i2c|state.I2C_COMPLETE ; 1.000        ; -0.042     ; 0.908      ;
; 0.041  ; wm8731_configurator:u_config|reg_index[0] ; wm8731_configurator:u_config|reg_index[6]     ; wm8731_configurator:u_config|i2c_master:u_i2c|state.I2C_COMPLETE ; wm8731_configurator:u_config|i2c_master:u_i2c|state.I2C_COMPLETE ; 1.000        ; -0.042     ; 0.904      ;
; 0.045  ; wm8731_configurator:u_config|reg_index[6] ; wm8731_configurator:u_config|reg_index[0]     ; wm8731_configurator:u_config|i2c_master:u_i2c|state.I2C_COMPLETE ; wm8731_configurator:u_config|i2c_master:u_i2c|state.I2C_COMPLETE ; 1.000        ; -0.042     ; 0.900      ;
; 0.047  ; wm8731_configurator:u_config|reg_index[3] ; wm8731_configurator:u_config|command_word[11] ; wm8731_configurator:u_config|i2c_master:u_i2c|state.I2C_COMPLETE ; wm8731_configurator:u_config|i2c_master:u_i2c|state.I2C_COMPLETE ; 1.000        ; -0.042     ; 0.898      ;
; 0.049  ; wm8731_configurator:u_config|reg_index[6] ; wm8731_configurator:u_config|transfer_enable  ; wm8731_configurator:u_config|i2c_master:u_i2c|state.I2C_COMPLETE ; wm8731_configurator:u_config|i2c_master:u_i2c|state.I2C_COMPLETE ; 1.000        ; -0.042     ; 0.896      ;
; 0.057  ; wm8731_configurator:u_config|reg_index[3] ; wm8731_configurator:u_config|command_word[4]  ; wm8731_configurator:u_config|i2c_master:u_i2c|state.I2C_COMPLETE ; wm8731_configurator:u_config|i2c_master:u_i2c|state.I2C_COMPLETE ; 1.000        ; -0.042     ; 0.888      ;
; 0.061  ; wm8731_configurator:u_config|reg_index[3] ; wm8731_configurator:u_config|command_word[0]  ; wm8731_configurator:u_config|i2c_master:u_i2c|state.I2C_COMPLETE ; wm8731_configurator:u_config|i2c_master:u_i2c|state.I2C_COMPLETE ; 1.000        ; -0.041     ; 0.885      ;
; 0.064  ; wm8731_configurator:u_config|reg_index[0] ; wm8731_configurator:u_config|command_word[11] ; wm8731_configurator:u_config|i2c_master:u_i2c|state.I2C_COMPLETE ; wm8731_configurator:u_config|i2c_master:u_i2c|state.I2C_COMPLETE ; 1.000        ; -0.042     ; 0.881      ;
; 0.072  ; wm8731_configurator:u_config|reg_index[3] ; wm8731_configurator:u_config|reg_index[6]     ; wm8731_configurator:u_config|i2c_master:u_i2c|state.I2C_COMPLETE ; wm8731_configurator:u_config|i2c_master:u_i2c|state.I2C_COMPLETE ; 1.000        ; -0.042     ; 0.873      ;
; 0.072  ; wm8731_configurator:u_config|reg_index[3] ; wm8731_configurator:u_config|reg_index[5]     ; wm8731_configurator:u_config|i2c_master:u_i2c|state.I2C_COMPLETE ; wm8731_configurator:u_config|i2c_master:u_i2c|state.I2C_COMPLETE ; 1.000        ; -0.042     ; 0.873      ;
; 0.072  ; wm8731_configurator:u_config|reg_index[3] ; wm8731_configurator:u_config|reg_index[1]     ; wm8731_configurator:u_config|i2c_master:u_i2c|state.I2C_COMPLETE ; wm8731_configurator:u_config|i2c_master:u_i2c|state.I2C_COMPLETE ; 1.000        ; -0.042     ; 0.873      ;
; 0.072  ; wm8731_configurator:u_config|reg_index[3] ; wm8731_configurator:u_config|reg_index[2]     ; wm8731_configurator:u_config|i2c_master:u_i2c|state.I2C_COMPLETE ; wm8731_configurator:u_config|i2c_master:u_i2c|state.I2C_COMPLETE ; 1.000        ; -0.042     ; 0.873      ;
; 0.072  ; wm8731_configurator:u_config|reg_index[3] ; wm8731_configurator:u_config|reg_index[3]     ; wm8731_configurator:u_config|i2c_master:u_i2c|state.I2C_COMPLETE ; wm8731_configurator:u_config|i2c_master:u_i2c|state.I2C_COMPLETE ; 1.000        ; -0.042     ; 0.873      ;
; 0.072  ; wm8731_configurator:u_config|reg_index[3] ; wm8731_configurator:u_config|reg_index[4]     ; wm8731_configurator:u_config|i2c_master:u_i2c|state.I2C_COMPLETE ; wm8731_configurator:u_config|i2c_master:u_i2c|state.I2C_COMPLETE ; 1.000        ; -0.042     ; 0.873      ;
; 0.074  ; wm8731_configurator:u_config|reg_index[0] ; wm8731_configurator:u_config|reg_index[5]     ; wm8731_configurator:u_config|i2c_master:u_i2c|state.I2C_COMPLETE ; wm8731_configurator:u_config|i2c_master:u_i2c|state.I2C_COMPLETE ; 1.000        ; -0.042     ; 0.871      ;
; 0.082  ; wm8731_configurator:u_config|reg_index[4] ; wm8731_configurator:u_config|reg_index[0]     ; wm8731_configurator:u_config|i2c_master:u_i2c|state.I2C_COMPLETE ; wm8731_configurator:u_config|i2c_master:u_i2c|state.I2C_COMPLETE ; 1.000        ; -0.042     ; 0.863      ;
; 0.086  ; wm8731_configurator:u_config|reg_index[3] ; wm8731_configurator:u_config|command_word[7]  ; wm8731_configurator:u_config|i2c_master:u_i2c|state.I2C_COMPLETE ; wm8731_configurator:u_config|i2c_master:u_i2c|state.I2C_COMPLETE ; 1.000        ; -0.042     ; 0.859      ;
; 0.086  ; wm8731_configurator:u_config|reg_index[4] ; wm8731_configurator:u_config|transfer_enable  ; wm8731_configurator:u_config|i2c_master:u_i2c|state.I2C_COMPLETE ; wm8731_configurator:u_config|i2c_master:u_i2c|state.I2C_COMPLETE ; 1.000        ; -0.042     ; 0.859      ;
; 0.101  ; wm8731_configurator:u_config|reg_index[1] ; wm8731_configurator:u_config|command_word[10] ; wm8731_configurator:u_config|i2c_master:u_i2c|state.I2C_COMPLETE ; wm8731_configurator:u_config|i2c_master:u_i2c|state.I2C_COMPLETE ; 1.000        ; -0.042     ; 0.844      ;
; 0.102  ; wm8731_configurator:u_config|reg_index[0] ; wm8731_configurator:u_config|command_word[12] ; wm8731_configurator:u_config|i2c_master:u_i2c|state.I2C_COMPLETE ; wm8731_configurator:u_config|i2c_master:u_i2c|state.I2C_COMPLETE ; 1.000        ; 0.140      ; 1.025      ;
; 0.109  ; wm8731_configurator:u_config|reg_index[0] ; wm8731_configurator:u_config|reg_index[4]     ; wm8731_configurator:u_config|i2c_master:u_i2c|state.I2C_COMPLETE ; wm8731_configurator:u_config|i2c_master:u_i2c|state.I2C_COMPLETE ; 1.000        ; -0.042     ; 0.836      ;
; 0.110  ; wm8731_configurator:u_config|reg_index[5] ; wm8731_configurator:u_config|command_word[9]  ; wm8731_configurator:u_config|i2c_master:u_i2c|state.I2C_COMPLETE ; wm8731_configurator:u_config|i2c_master:u_i2c|state.I2C_COMPLETE ; 1.000        ; -0.042     ; 0.835      ;
; 0.116  ; wm8731_configurator:u_config|reg_index[3] ; wm8731_configurator:u_config|command_word[10] ; wm8731_configurator:u_config|i2c_master:u_i2c|state.I2C_COMPLETE ; wm8731_configurator:u_config|i2c_master:u_i2c|state.I2C_COMPLETE ; 1.000        ; -0.042     ; 0.829      ;
; 0.118  ; wm8731_configurator:u_config|reg_index[1] ; wm8731_configurator:u_config|command_word[8]  ; wm8731_configurator:u_config|i2c_master:u_i2c|state.I2C_COMPLETE ; wm8731_configurator:u_config|i2c_master:u_i2c|state.I2C_COMPLETE ; 1.000        ; -0.042     ; 0.827      ;
; 0.120  ; wm8731_configurator:u_config|reg_index[1] ; wm8731_configurator:u_config|command_word[6]  ; wm8731_configurator:u_config|i2c_master:u_i2c|state.I2C_COMPLETE ; wm8731_configurator:u_config|i2c_master:u_i2c|state.I2C_COMPLETE ; 1.000        ; -0.042     ; 0.825      ;
; 0.131  ; wm8731_configurator:u_config|reg_index[3] ; wm8731_configurator:u_config|command_word[2]  ; wm8731_configurator:u_config|i2c_master:u_i2c|state.I2C_COMPLETE ; wm8731_configurator:u_config|i2c_master:u_i2c|state.I2C_COMPLETE ; 1.000        ; -0.041     ; 0.815      ;
; 0.135  ; wm8731_configurator:u_config|reg_index[2] ; wm8731_configurator:u_config|command_word[0]  ; wm8731_configurator:u_config|i2c_master:u_i2c|state.I2C_COMPLETE ; wm8731_configurator:u_config|i2c_master:u_i2c|state.I2C_COMPLETE ; 1.000        ; -0.041     ; 0.811      ;
; 0.137  ; wm8731_configurator:u_config|reg_index[6] ; wm8731_configurator:u_config|command_word[12] ; wm8731_configurator:u_config|i2c_master:u_i2c|state.I2C_COMPLETE ; wm8731_configurator:u_config|i2c_master:u_i2c|state.I2C_COMPLETE ; 1.000        ; 0.140      ; 0.990      ;
; 0.142  ; wm8731_configurator:u_config|reg_index[0] ; wm8731_configurator:u_config|reg_index[3]     ; wm8731_configurator:u_config|i2c_master:u_i2c|state.I2C_COMPLETE ; wm8731_configurator:u_config|i2c_master:u_i2c|state.I2C_COMPLETE ; 1.000        ; -0.042     ; 0.803      ;
; 0.147  ; wm8731_configurator:u_config|reg_index[0] ; wm8731_configurator:u_config|command_word[10] ; wm8731_configurator:u_config|i2c_master:u_i2c|state.I2C_COMPLETE ; wm8731_configurator:u_config|i2c_master:u_i2c|state.I2C_COMPLETE ; 1.000        ; -0.042     ; 0.798      ;
; 0.148  ; wm8731_configurator:u_config|reg_index[2] ; wm8731_configurator:u_config|command_word[2]  ; wm8731_configurator:u_config|i2c_master:u_i2c|state.I2C_COMPLETE ; wm8731_configurator:u_config|i2c_master:u_i2c|state.I2C_COMPLETE ; 1.000        ; -0.041     ; 0.798      ;
; 0.154  ; wm8731_configurator:u_config|reg_index[2] ; wm8731_configurator:u_config|command_word[9]  ; wm8731_configurator:u_config|i2c_master:u_i2c|state.I2C_COMPLETE ; wm8731_configurator:u_config|i2c_master:u_i2c|state.I2C_COMPLETE ; 1.000        ; -0.042     ; 0.791      ;
; 0.159  ; wm8731_configurator:u_config|reg_index[5] ; wm8731_configurator:u_config|command_word[8]  ; wm8731_configurator:u_config|i2c_master:u_i2c|state.I2C_COMPLETE ; wm8731_configurator:u_config|i2c_master:u_i2c|state.I2C_COMPLETE ; 1.000        ; -0.042     ; 0.786      ;
; 0.162  ; wm8731_configurator:u_config|reg_index[5] ; wm8731_configurator:u_config|command_word[6]  ; wm8731_configurator:u_config|i2c_master:u_i2c|state.I2C_COMPLETE ; wm8731_configurator:u_config|i2c_master:u_i2c|state.I2C_COMPLETE ; 1.000        ; -0.042     ; 0.783      ;
; 0.167  ; wm8731_configurator:u_config|reg_index[1] ; wm8731_configurator:u_config|reg_index[0]     ; wm8731_configurator:u_config|i2c_master:u_i2c|state.I2C_COMPLETE ; wm8731_configurator:u_config|i2c_master:u_i2c|state.I2C_COMPLETE ; 1.000        ; -0.042     ; 0.778      ;
; 0.169  ; wm8731_configurator:u_config|reg_index[2] ; wm8731_configurator:u_config|command_word[8]  ; wm8731_configurator:u_config|i2c_master:u_i2c|state.I2C_COMPLETE ; wm8731_configurator:u_config|i2c_master:u_i2c|state.I2C_COMPLETE ; 1.000        ; -0.042     ; 0.776      ;
; 0.171  ; wm8731_configurator:u_config|reg_index[2] ; wm8731_configurator:u_config|command_word[6]  ; wm8731_configurator:u_config|i2c_master:u_i2c|state.I2C_COMPLETE ; wm8731_configurator:u_config|i2c_master:u_i2c|state.I2C_COMPLETE ; 1.000        ; -0.042     ; 0.774      ;
; 0.171  ; wm8731_configurator:u_config|reg_index[1] ; wm8731_configurator:u_config|transfer_enable  ; wm8731_configurator:u_config|i2c_master:u_i2c|state.I2C_COMPLETE ; wm8731_configurator:u_config|i2c_master:u_i2c|state.I2C_COMPLETE ; 1.000        ; -0.042     ; 0.774      ;
; 0.171  ; wm8731_configurator:u_config|reg_index[0] ; wm8731_configurator:u_config|command_word[9]  ; wm8731_configurator:u_config|i2c_master:u_i2c|state.I2C_COMPLETE ; wm8731_configurator:u_config|i2c_master:u_i2c|state.I2C_COMPLETE ; 1.000        ; -0.042     ; 0.774      ;
; 0.177  ; wm8731_configurator:u_config|reg_index[0] ; wm8731_configurator:u_config|reg_index[2]     ; wm8731_configurator:u_config|i2c_master:u_i2c|state.I2C_COMPLETE ; wm8731_configurator:u_config|i2c_master:u_i2c|state.I2C_COMPLETE ; 1.000        ; -0.042     ; 0.768      ;
; 0.187  ; wm8731_configurator:u_config|reg_index[2] ; wm8731_configurator:u_config|command_word[11] ; wm8731_configurator:u_config|i2c_master:u_i2c|state.I2C_COMPLETE ; wm8731_configurator:u_config|i2c_master:u_i2c|state.I2C_COMPLETE ; 1.000        ; -0.042     ; 0.758      ;
; 0.188  ; wm8731_configurator:u_config|reg_index[4] ; wm8731_configurator:u_config|command_word[9]  ; wm8731_configurator:u_config|i2c_master:u_i2c|state.I2C_COMPLETE ; wm8731_configurator:u_config|i2c_master:u_i2c|state.I2C_COMPLETE ; 1.000        ; -0.042     ; 0.757      ;
; 0.193  ; wm8731_configurator:u_config|reg_index[3] ; wm8731_configurator:u_config|command_word[8]  ; wm8731_configurator:u_config|i2c_master:u_i2c|state.I2C_COMPLETE ; wm8731_configurator:u_config|i2c_master:u_i2c|state.I2C_COMPLETE ; 1.000        ; -0.042     ; 0.752      ;
; 0.196  ; wm8731_configurator:u_config|reg_index[3] ; wm8731_configurator:u_config|command_word[6]  ; wm8731_configurator:u_config|i2c_master:u_i2c|state.I2C_COMPLETE ; wm8731_configurator:u_config|i2c_master:u_i2c|state.I2C_COMPLETE ; 1.000        ; -0.042     ; 0.749      ;
; 0.203  ; wm8731_configurator:u_config|reg_index[2] ; wm8731_configurator:u_config|command_word[4]  ; wm8731_configurator:u_config|i2c_master:u_i2c|state.I2C_COMPLETE ; wm8731_configurator:u_config|i2c_master:u_i2c|state.I2C_COMPLETE ; 1.000        ; -0.042     ; 0.742      ;
; 0.206  ; wm8731_configurator:u_config|reg_index[1] ; wm8731_configurator:u_config|command_word[12] ; wm8731_configurator:u_config|i2c_master:u_i2c|state.I2C_COMPLETE ; wm8731_configurator:u_config|i2c_master:u_i2c|state.I2C_COMPLETE ; 1.000        ; 0.140      ; 0.921      ;
; 0.207  ; wm8731_configurator:u_config|reg_index[2] ; wm8731_configurator:u_config|command_word[7]  ; wm8731_configurator:u_config|i2c_master:u_i2c|state.I2C_COMPLETE ; wm8731_configurator:u_config|i2c_master:u_i2c|state.I2C_COMPLETE ; 1.000        ; -0.042     ; 0.738      ;
; 0.209  ; wm8731_configurator:u_config|reg_index[4] ; wm8731_configurator:u_config|command_word[2]  ; wm8731_configurator:u_config|i2c_master:u_i2c|state.I2C_COMPLETE ; wm8731_configurator:u_config|i2c_master:u_i2c|state.I2C_COMPLETE ; 1.000        ; -0.041     ; 0.737      ;
; 0.210  ; wm8731_configurator:u_config|reg_index[4] ; wm8731_configurator:u_config|command_word[0]  ; wm8731_configurator:u_config|i2c_master:u_i2c|state.I2C_COMPLETE ; wm8731_configurator:u_config|i2c_master:u_i2c|state.I2C_COMPLETE ; 1.000        ; -0.041     ; 0.736      ;
; 0.210  ; wm8731_configurator:u_config|reg_index[5] ; wm8731_configurator:u_config|reg_index[0]     ; wm8731_configurator:u_config|i2c_master:u_i2c|state.I2C_COMPLETE ; wm8731_configurator:u_config|i2c_master:u_i2c|state.I2C_COMPLETE ; 1.000        ; -0.042     ; 0.735      ;
; 0.214  ; wm8731_configurator:u_config|reg_index[5] ; wm8731_configurator:u_config|transfer_enable  ; wm8731_configurator:u_config|i2c_master:u_i2c|state.I2C_COMPLETE ; wm8731_configurator:u_config|i2c_master:u_i2c|state.I2C_COMPLETE ; 1.000        ; -0.042     ; 0.731      ;
; 0.215  ; wm8731_configurator:u_config|reg_index[2] ; wm8731_configurator:u_config|reg_index[0]     ; wm8731_configurator:u_config|i2c_master:u_i2c|state.I2C_COMPLETE ; wm8731_configurator:u_config|i2c_master:u_i2c|state.I2C_COMPLETE ; 1.000        ; -0.042     ; 0.730      ;
; 0.219  ; wm8731_configurator:u_config|reg_index[2] ; wm8731_configurator:u_config|transfer_enable  ; wm8731_configurator:u_config|i2c_master:u_i2c|state.I2C_COMPLETE ; wm8731_configurator:u_config|i2c_master:u_i2c|state.I2C_COMPLETE ; 1.000        ; -0.042     ; 0.726      ;
; 0.227  ; wm8731_configurator:u_config|reg_index[3] ; wm8731_configurator:u_config|command_word[12] ; wm8731_configurator:u_config|i2c_master:u_i2c|state.I2C_COMPLETE ; wm8731_configurator:u_config|i2c_master:u_i2c|state.I2C_COMPLETE ; 1.000        ; 0.140      ; 0.900      ;
; 0.235  ; wm8731_configurator:u_config|reg_index[5] ; wm8731_configurator:u_config|command_word[0]  ; wm8731_configurator:u_config|i2c_master:u_i2c|state.I2C_COMPLETE ; wm8731_configurator:u_config|i2c_master:u_i2c|state.I2C_COMPLETE ; 1.000        ; -0.041     ; 0.711      ;
; 0.235  ; wm8731_configurator:u_config|reg_index[5] ; wm8731_configurator:u_config|command_word[2]  ; wm8731_configurator:u_config|i2c_master:u_i2c|state.I2C_COMPLETE ; wm8731_configurator:u_config|i2c_master:u_i2c|state.I2C_COMPLETE ; 1.000        ; -0.041     ; 0.711      ;
; 0.261  ; wm8731_configurator:u_config|reg_index[0] ; wm8731_configurator:u_config|command_word[8]  ; wm8731_configurator:u_config|i2c_master:u_i2c|state.I2C_COMPLETE ; wm8731_configurator:u_config|i2c_master:u_i2c|state.I2C_COMPLETE ; 1.000        ; -0.042     ; 0.684      ;
; 0.272  ; wm8731_configurator:u_config|reg_index[2] ; wm8731_configurator:u_config|command_word[10] ; wm8731_configurator:u_config|i2c_master:u_i2c|state.I2C_COMPLETE ; wm8731_configurator:u_config|i2c_master:u_i2c|state.I2C_COMPLETE ; 1.000        ; -0.042     ; 0.673      ;
+--------+-------------------------------------------+-----------------------------------------------+------------------------------------------------------------------+------------------------------------------------------------------+--------------+------------+------------+


+-----------------------------------------------------------------------------------------------------------------------------------------------------------------------------------------------------------------------------------------------------------------------+
; Fast 1200mV 0C Model Hold: 'CLOCK_50'                                                                                                                                                                                                                                 ;
+-------+------------------------------------------------------------------+------------------------------------------------------------------+------------------------------------------------------------------+-------------+--------------+------------+------------+
; Slack ; From Node                                                        ; To Node                                                          ; Launch Clock                                                     ; Latch Clock ; Relationship ; Clock Skew ; Data Delay ;
+-------+------------------------------------------------------------------+------------------------------------------------------------------+------------------------------------------------------------------+-------------+--------------+------------+------------+
; 0.181 ; wm8731_configurator:u_config|i2c_master:u_i2c|state.I2C_SEND     ; wm8731_configurator:u_config|i2c_master:u_i2c|state.I2C_SEND     ; CLOCK_50                                                         ; CLOCK_50    ; 0.000        ; 0.042      ; 0.307      ;
; 0.181 ; wm8731_configurator:u_config|i2c_master:u_i2c|bit_count[4]       ; wm8731_configurator:u_config|i2c_master:u_i2c|bit_count[4]       ; CLOCK_50                                                         ; CLOCK_50    ; 0.000        ; 0.042      ; 0.307      ;
; 0.189 ; wm8731_configurator:u_config|i2c_master:u_i2c|state.I2C_STOP     ; wm8731_configurator:u_config|i2c_master:u_i2c|state.I2C_COMPLETE ; CLOCK_50                                                         ; CLOCK_50    ; 0.000        ; 0.041      ; 0.314      ;
; 0.202 ; wm8731_configurator:u_config|i2c_master:u_i2c|state.I2C_IDLE     ; wm8731_configurator:u_config|i2c_master:u_i2c|state.I2C_START    ; CLOCK_50                                                         ; CLOCK_50    ; 0.000        ; 0.041      ; 0.327      ;
; 0.276 ; wm8731_configurator:u_config|i2c_master:u_i2c|bit_count[2]       ; wm8731_configurator:u_config|i2c_master:u_i2c|state.I2C_WAIT_ACK ; CLOCK_50                                                         ; CLOCK_50    ; 0.000        ; 0.042      ; 0.402      ;
; 0.297 ; wm8731_configurator:u_config|i2c_master:u_i2c|state.I2C_SEND     ; wm8731_configurator:u_config|i2c_master:u_i2c|scl_reg            ; CLOCK_50                                                         ; CLOCK_50    ; 0.000        ; 0.042      ; 0.423      ;
; 0.297 ; wm8731_configurator:u_config|transfer_enable                     ; wm8731_configurator:u_config|i2c_master:u_i2c|state.I2C_START    ; wm8731_configurator:u_config|i2c_master:u_i2c|state.I2C_COMPLETE ; CLOCK_50    ; 0.000        ; 0.201      ; 0.612      ;
; 0.304 ; wm8731_configurator:u_config|i2c_master:u_i2c|state.I2C_SEND     ; wm8731_configurator:u_config|i2c_master:u_i2c|bit_count[1]       ; CLOCK_50                                                         ; CLOCK_50    ; 0.000        ; 0.042      ; 0.430      ;
; 0.305 ; wm8731_configurator:u_config|i2c_master:u_i2c|state.I2C_SEND     ; wm8731_configurator:u_config|i2c_master:u_i2c|state.I2C_WAIT_ACK ; CLOCK_50                                                         ; CLOCK_50    ; 0.000        ; 0.042      ; 0.431      ;
; 0.307 ; wm8731_configurator:u_config|i2c_master:u_i2c|state.I2C_SEND     ; wm8731_configurator:u_config|i2c_master:u_i2c|bit_count[3]       ; CLOCK_50                                                         ; CLOCK_50    ; 0.000        ; 0.042      ; 0.433      ;
; 0.307 ; wm8731_configurator:u_config|i2c_master:u_i2c|state.I2C_SEND     ; wm8731_configurator:u_config|i2c_master:u_i2c|bit_count[2]       ; CLOCK_50                                                         ; CLOCK_50    ; 0.000        ; 0.042      ; 0.433      ;
; 0.310 ; wm8731_configurator:u_config|i2c_master:u_i2c|state.I2C_SEND     ; wm8731_configurator:u_config|i2c_master:u_i2c|bit_count[0]       ; CLOCK_50                                                         ; CLOCK_50    ; 0.000        ; 0.042      ; 0.436      ;
; 0.335 ; wm8731_configurator:u_config|i2c_master:u_i2c|bit_count[2]       ; wm8731_configurator:u_config|i2c_master:u_i2c|state.I2C_SEND     ; CLOCK_50                                                         ; CLOCK_50    ; 0.000        ; 0.042      ; 0.461      ;
; 0.348 ; wm8731_configurator:u_config|i2c_master:u_i2c|state.I2C_COMPLETE ; wm8731_configurator:u_config|i2c_master:u_i2c|sda_reg            ; wm8731_configurator:u_config|i2c_master:u_i2c|state.I2C_COMPLETE ; CLOCK_50    ; 0.000        ; 1.643      ; 2.210      ;
; 0.386 ; wm8731_configurator:u_config|i2c_master:u_i2c|state.I2C_COMPLETE ; wm8731_configurator:u_config|i2c_master:u_i2c|state.I2C_IDLE     ; wm8731_configurator:u_config|i2c_master:u_i2c|state.I2C_COMPLETE ; CLOCK_50    ; 0.000        ; 1.643      ; 2.248      ;
; 0.420 ; wm8731_configurator:u_config|i2c_master:u_i2c|state.I2C_SEND     ; wm8731_configurator:u_config|i2c_master:u_i2c|sda_reg            ; CLOCK_50                                                         ; CLOCK_50    ; 0.000        ; 0.043      ; 0.547      ;
; 0.428 ; wm8731_configurator:u_config|i2c_master:u_i2c|bit_count[2]       ; wm8731_configurator:u_config|i2c_master:u_i2c|bit_count[4]       ; CLOCK_50                                                         ; CLOCK_50    ; 0.000        ; 0.042      ; 0.554      ;
; 0.444 ; wm8731_configurator:u_config|i2c_master:u_i2c|state.I2C_SEND     ; wm8731_configurator:u_config|i2c_master:u_i2c|bit_count[4]       ; CLOCK_50                                                         ; CLOCK_50    ; 0.000        ; 0.042      ; 0.570      ;
; 0.460 ; wm8731_configurator:u_config|i2c_master:u_i2c|state.I2C_START    ; wm8731_configurator:u_config|i2c_master:u_i2c|state.I2C_SEND     ; CLOCK_50                                                         ; CLOCK_50    ; 0.000        ; 0.040      ; 0.584      ;
; 0.495 ; wm8731_configurator:u_config|i2c_master:u_i2c|state.I2C_START    ; wm8731_configurator:u_config|i2c_master:u_i2c|bit_count[4]       ; CLOCK_50                                                         ; CLOCK_50    ; 0.000        ; 0.040      ; 0.619      ;
; 0.513 ; wm8731_configurator:u_config|i2c_master:u_i2c|bit_count[3]       ; wm8731_configurator:u_config|i2c_master:u_i2c|bit_count[3]       ; CLOCK_50                                                         ; CLOCK_50    ; 0.000        ; 0.042      ; 0.639      ;
; 0.517 ; wm8731_configurator:u_config|i2c_master:u_i2c|bit_count[3]       ; wm8731_configurator:u_config|i2c_master:u_i2c|state.I2C_SEND     ; CLOCK_50                                                         ; CLOCK_50    ; 0.000        ; 0.042      ; 0.643      ;
; 0.528 ; wm8731_configurator:u_config|i2c_master:u_i2c|state.I2C_WAIT_ACK ; wm8731_configurator:u_config|i2c_master:u_i2c|state.I2C_STOP     ; CLOCK_50                                                         ; CLOCK_50    ; 0.000        ; 0.046      ; 0.658      ;
; 0.569 ; wm8731_configurator:u_config|i2c_master:u_i2c|bit_count[0]       ; wm8731_configurator:u_config|i2c_master:u_i2c|bit_count[0]       ; CLOCK_50                                                         ; CLOCK_50    ; 0.000        ; 0.042      ; 0.695      ;
; 0.577 ; wm8731_configurator:u_config|i2c_master:u_i2c|bit_count[1]       ; wm8731_configurator:u_config|i2c_master:u_i2c|bit_count[1]       ; CLOCK_50                                                         ; CLOCK_50    ; 0.000        ; 0.042      ; 0.703      ;
; 0.588 ; wm8731_configurator:u_config|i2c_master:u_i2c|bit_count[2]       ; wm8731_configurator:u_config|i2c_master:u_i2c|bit_count[2]       ; CLOCK_50                                                         ; CLOCK_50    ; 0.000        ; 0.042      ; 0.714      ;
; 0.594 ; wm8731_configurator:u_config|i2c_master:u_i2c|bit_count[1]       ; wm8731_configurator:u_config|i2c_master:u_i2c|state.I2C_SEND     ; CLOCK_50                                                         ; CLOCK_50    ; 0.000        ; 0.042      ; 0.720      ;
; 0.625 ; wm8731_configurator:u_config|i2c_master:u_i2c|bit_count[3]       ; wm8731_configurator:u_config|i2c_master:u_i2c|state.I2C_WAIT_ACK ; CLOCK_50                                                         ; CLOCK_50    ; 0.000        ; 0.042      ; 0.751      ;
; 0.642 ; wm8731_configurator:u_config|i2c_master:u_i2c|bit_count[0]       ; wm8731_configurator:u_config|i2c_master:u_i2c|state.I2C_SEND     ; CLOCK_50                                                         ; CLOCK_50    ; 0.000        ; 0.042      ; 0.768      ;
; 0.669 ; wm8731_configurator:u_config|i2c_master:u_i2c|bit_count[3]       ; wm8731_configurator:u_config|i2c_master:u_i2c|bit_count[4]       ; CLOCK_50                                                         ; CLOCK_50    ; 0.000        ; 0.042      ; 0.795      ;
; 0.680 ; wm8731_configurator:u_config|i2c_master:u_i2c|bit_count[4]       ; wm8731_configurator:u_config|i2c_master:u_i2c|state.I2C_SEND     ; CLOCK_50                                                         ; CLOCK_50    ; 0.000        ; 0.042      ; 0.806      ;
; 0.683 ; wm8731_configurator:u_config|i2c_master:u_i2c|bit_count[2]       ; wm8731_configurator:u_config|i2c_master:u_i2c|bit_count[3]       ; CLOCK_50                                                         ; CLOCK_50    ; 0.000        ; 0.042      ; 0.809      ;
; 0.687 ; wm8731_configurator:u_config|i2c_master:u_i2c|bit_count[1]       ; wm8731_configurator:u_config|i2c_master:u_i2c|bit_count[3]       ; CLOCK_50                                                         ; CLOCK_50    ; 0.000        ; 0.042      ; 0.813      ;
; 0.702 ; wm8731_configurator:u_config|i2c_master:u_i2c|bit_count[1]       ; wm8731_configurator:u_config|i2c_master:u_i2c|state.I2C_WAIT_ACK ; CLOCK_50                                                         ; CLOCK_50    ; 0.000        ; 0.042      ; 0.828      ;
; 0.707 ; wm8731_configurator:u_config|command_word[7]                     ; wm8731_configurator:u_config|i2c_master:u_i2c|sda_reg            ; wm8731_configurator:u_config|i2c_master:u_i2c|state.I2C_COMPLETE ; CLOCK_50    ; 0.000        ; 0.201      ; 1.022      ;
; 0.714 ; wm8731_configurator:u_config|command_word[0]                     ; wm8731_configurator:u_config|i2c_master:u_i2c|sda_reg            ; wm8731_configurator:u_config|i2c_master:u_i2c|state.I2C_COMPLETE ; CLOCK_50    ; 0.000        ; 0.200      ; 1.028      ;
; 0.716 ; wm8731_configurator:u_config|i2c_master:u_i2c|bit_count[0]       ; wm8731_configurator:u_config|i2c_master:u_i2c|bit_count[1]       ; CLOCK_50                                                         ; CLOCK_50    ; 0.000        ; 0.042      ; 0.842      ;
; 0.724 ; wm8731_configurator:u_config|command_word[6]                     ; wm8731_configurator:u_config|i2c_master:u_i2c|sda_reg            ; wm8731_configurator:u_config|i2c_master:u_i2c|state.I2C_COMPLETE ; CLOCK_50    ; 0.000        ; 0.201      ; 1.039      ;
; 0.730 ; wm8731_configurator:u_config|i2c_master:u_i2c|bit_count[0]       ; wm8731_configurator:u_config|i2c_master:u_i2c|bit_count[3]       ; CLOCK_50                                                         ; CLOCK_50    ; 0.000        ; 0.042      ; 0.856      ;
; 0.735 ; wm8731_configurator:u_config|i2c_master:u_i2c|bit_count[2]       ; wm8731_configurator:u_config|i2c_master:u_i2c|bit_count[0]       ; CLOCK_50                                                         ; CLOCK_50    ; 0.000        ; 0.042      ; 0.861      ;
; 0.735 ; wm8731_configurator:u_config|i2c_master:u_i2c|bit_count[2]       ; wm8731_configurator:u_config|i2c_master:u_i2c|bit_count[1]       ; CLOCK_50                                                         ; CLOCK_50    ; 0.000        ; 0.042      ; 0.861      ;
; 0.737 ; wm8731_configurator:u_config|i2c_master:u_i2c|bit_count[1]       ; wm8731_configurator:u_config|i2c_master:u_i2c|bit_count[2]       ; CLOCK_50                                                         ; CLOCK_50    ; 0.000        ; 0.042      ; 0.863      ;
; 0.745 ; wm8731_configurator:u_config|command_word[11]                    ; wm8731_configurator:u_config|i2c_master:u_i2c|sda_reg            ; wm8731_configurator:u_config|i2c_master:u_i2c|state.I2C_COMPLETE ; CLOCK_50    ; 0.000        ; 0.201      ; 1.060      ;
; 0.746 ; wm8731_configurator:u_config|i2c_master:u_i2c|bit_count[1]       ; wm8731_configurator:u_config|i2c_master:u_i2c|bit_count[4]       ; CLOCK_50                                                         ; CLOCK_50    ; 0.000        ; 0.042      ; 0.872      ;
; 0.750 ; wm8731_configurator:u_config|i2c_master:u_i2c|bit_count[0]       ; wm8731_configurator:u_config|i2c_master:u_i2c|state.I2C_WAIT_ACK ; CLOCK_50                                                         ; CLOCK_50    ; 0.000        ; 0.042      ; 0.876      ;
; 0.773 ; wm8731_configurator:u_config|command_word[2]                     ; wm8731_configurator:u_config|i2c_master:u_i2c|sda_reg            ; wm8731_configurator:u_config|i2c_master:u_i2c|state.I2C_COMPLETE ; CLOCK_50    ; 0.000        ; 0.200      ; 1.087      ;
; 0.780 ; wm8731_configurator:u_config|i2c_master:u_i2c|bit_count[0]       ; wm8731_configurator:u_config|i2c_master:u_i2c|bit_count[2]       ; CLOCK_50                                                         ; CLOCK_50    ; 0.000        ; 0.042      ; 0.906      ;
; 0.783 ; wm8731_configurator:u_config|command_word[4]                     ; wm8731_configurator:u_config|i2c_master:u_i2c|sda_reg            ; wm8731_configurator:u_config|i2c_master:u_i2c|state.I2C_COMPLETE ; CLOCK_50    ; 0.000        ; 0.201      ; 1.098      ;
; 0.794 ; wm8731_configurator:u_config|i2c_master:u_i2c|bit_count[0]       ; wm8731_configurator:u_config|i2c_master:u_i2c|bit_count[4]       ; CLOCK_50                                                         ; CLOCK_50    ; 0.000        ; 0.042      ; 0.920      ;
; 0.794 ; wm8731_configurator:u_config|i2c_master:u_i2c|bit_count[4]       ; wm8731_configurator:u_config|i2c_master:u_i2c|state.I2C_WAIT_ACK ; CLOCK_50                                                         ; CLOCK_50    ; 0.000        ; 0.042      ; 0.920      ;
; 0.806 ; wm8731_configurator:u_config|i2c_master:u_i2c|bit_count[2]       ; wm8731_configurator:u_config|i2c_master:u_i2c|sda_reg            ; CLOCK_50                                                         ; CLOCK_50    ; 0.000        ; 0.043      ; 0.933      ;
; 0.813 ; wm8731_configurator:u_config|command_word[12]                    ; wm8731_configurator:u_config|i2c_master:u_i2c|sda_reg            ; wm8731_configurator:u_config|i2c_master:u_i2c|state.I2C_COMPLETE ; CLOCK_50    ; 0.000        ; 0.019      ; 0.946      ;
; 0.829 ; wm8731_configurator:u_config|command_word[9]                     ; wm8731_configurator:u_config|i2c_master:u_i2c|sda_reg            ; wm8731_configurator:u_config|i2c_master:u_i2c|state.I2C_COMPLETE ; CLOCK_50    ; 0.000        ; 0.201      ; 1.144      ;
; 0.832 ; wm8731_configurator:u_config|i2c_master:u_i2c|state.I2C_IDLE     ; wm8731_configurator:u_config|i2c_master:u_i2c|sda_reg            ; CLOCK_50                                                         ; CLOCK_50    ; 0.000        ; 0.041      ; 0.957      ;
; 0.832 ; wm8731_configurator:u_config|command_word[10]                    ; wm8731_configurator:u_config|i2c_master:u_i2c|sda_reg            ; wm8731_configurator:u_config|i2c_master:u_i2c|state.I2C_COMPLETE ; CLOCK_50    ; 0.000        ; 0.201      ; 1.147      ;
; 0.870 ; wm8731_configurator:u_config|command_word[8]                     ; wm8731_configurator:u_config|i2c_master:u_i2c|sda_reg            ; wm8731_configurator:u_config|i2c_master:u_i2c|state.I2C_COMPLETE ; CLOCK_50    ; 0.000        ; 0.201      ; 1.185      ;
; 0.882 ; wm8731_configurator:u_config|i2c_master:u_i2c|state.I2C_WAIT_ACK ; wm8731_configurator:u_config|i2c_master:u_i2c|sda_reg            ; CLOCK_50                                                         ; CLOCK_50    ; 0.000        ; 0.043      ; 1.009      ;
; 0.915 ; wm8731_configurator:u_config|transfer_enable                     ; wm8731_configurator:u_config|i2c_master:u_i2c|state.I2C_IDLE     ; wm8731_configurator:u_config|i2c_master:u_i2c|state.I2C_COMPLETE ; CLOCK_50    ; 0.000        ; 0.201      ; 1.230      ;
; 0.941 ; wm8731_configurator:u_config|i2c_master:u_i2c|state.I2C_START    ; wm8731_configurator:u_config|i2c_master:u_i2c|bit_count[0]       ; CLOCK_50                                                         ; CLOCK_50    ; 0.000        ; 0.040      ; 1.065      ;
; 0.941 ; wm8731_configurator:u_config|i2c_master:u_i2c|state.I2C_START    ; wm8731_configurator:u_config|i2c_master:u_i2c|bit_count[3]       ; CLOCK_50                                                         ; CLOCK_50    ; 0.000        ; 0.040      ; 1.065      ;
; 0.941 ; wm8731_configurator:u_config|i2c_master:u_i2c|state.I2C_START    ; wm8731_configurator:u_config|i2c_master:u_i2c|bit_count[1]       ; CLOCK_50                                                         ; CLOCK_50    ; 0.000        ; 0.040      ; 1.065      ;
; 0.941 ; wm8731_configurator:u_config|i2c_master:u_i2c|state.I2C_START    ; wm8731_configurator:u_config|i2c_master:u_i2c|bit_count[2]       ; CLOCK_50                                                         ; CLOCK_50    ; 0.000        ; 0.040      ; 1.065      ;
; 0.973 ; wm8731_configurator:u_config|i2c_master:u_i2c|state.I2C_COMPLETE ; wm8731_configurator:u_config|i2c_master:u_i2c|state.I2C_IDLE     ; wm8731_configurator:u_config|i2c_master:u_i2c|state.I2C_COMPLETE ; CLOCK_50    ; -0.500       ; 1.643      ; 2.335      ;
; 0.978 ; wm8731_configurator:u_config|i2c_master:u_i2c|state.I2C_IDLE     ; wm8731_configurator:u_config|i2c_master:u_i2c|state.I2C_IDLE     ; CLOCK_50                                                         ; CLOCK_50    ; 0.000        ; 0.041      ; 1.103      ;
; 1.083 ; wm8731_configurator:u_config|i2c_master:u_i2c|bit_count[3]       ; wm8731_configurator:u_config|i2c_master:u_i2c|sda_reg            ; CLOCK_50                                                         ; CLOCK_50    ; 0.000        ; 0.043      ; 1.210      ;
; 1.086 ; wm8731_configurator:u_config|i2c_master:u_i2c|bit_count[0]       ; wm8731_configurator:u_config|i2c_master:u_i2c|sda_reg            ; CLOCK_50                                                         ; CLOCK_50    ; 0.000        ; 0.043      ; 1.213      ;
; 1.098 ; wm8731_configurator:u_config|i2c_master:u_i2c|bit_count[3]       ; wm8731_configurator:u_config|i2c_master:u_i2c|bit_count[0]       ; CLOCK_50                                                         ; CLOCK_50    ; 0.000        ; 0.042      ; 1.224      ;
; 1.098 ; wm8731_configurator:u_config|i2c_master:u_i2c|bit_count[3]       ; wm8731_configurator:u_config|i2c_master:u_i2c|bit_count[1]       ; CLOCK_50                                                         ; CLOCK_50    ; 0.000        ; 0.042      ; 1.224      ;
; 1.098 ; wm8731_configurator:u_config|i2c_master:u_i2c|bit_count[3]       ; wm8731_configurator:u_config|i2c_master:u_i2c|bit_count[2]       ; CLOCK_50                                                         ; CLOCK_50    ; 0.000        ; 0.042      ; 1.224      ;
; 1.141 ; wm8731_configurator:u_config|i2c_master:u_i2c|state.I2C_COMPLETE ; wm8731_configurator:u_config|i2c_master:u_i2c|sda_reg            ; wm8731_configurator:u_config|i2c_master:u_i2c|state.I2C_COMPLETE ; CLOCK_50    ; -0.500       ; 1.643      ; 2.503      ;
; 1.175 ; wm8731_configurator:u_config|i2c_master:u_i2c|bit_count[1]       ; wm8731_configurator:u_config|i2c_master:u_i2c|bit_count[0]       ; CLOCK_50                                                         ; CLOCK_50    ; 0.000        ; 0.042      ; 1.301      ;
; 1.253 ; wm8731_configurator:u_config|i2c_master:u_i2c|bit_count[1]       ; wm8731_configurator:u_config|i2c_master:u_i2c|sda_reg            ; CLOCK_50                                                         ; CLOCK_50    ; 0.000        ; 0.043      ; 1.380      ;
; 1.256 ; wm8731_configurator:u_config|i2c_master:u_i2c|bit_count[4]       ; wm8731_configurator:u_config|i2c_master:u_i2c|bit_count[0]       ; CLOCK_50                                                         ; CLOCK_50    ; 0.000        ; 0.042      ; 1.382      ;
; 1.256 ; wm8731_configurator:u_config|i2c_master:u_i2c|bit_count[4]       ; wm8731_configurator:u_config|i2c_master:u_i2c|bit_count[3]       ; CLOCK_50                                                         ; CLOCK_50    ; 0.000        ; 0.042      ; 1.382      ;
; 1.256 ; wm8731_configurator:u_config|i2c_master:u_i2c|bit_count[4]       ; wm8731_configurator:u_config|i2c_master:u_i2c|bit_count[1]       ; CLOCK_50                                                         ; CLOCK_50    ; 0.000        ; 0.042      ; 1.382      ;
; 1.256 ; wm8731_configurator:u_config|i2c_master:u_i2c|bit_count[4]       ; wm8731_configurator:u_config|i2c_master:u_i2c|bit_count[2]       ; CLOCK_50                                                         ; CLOCK_50    ; 0.000        ; 0.042      ; 1.382      ;
+-------+------------------------------------------------------------------+------------------------------------------------------------------+------------------------------------------------------------------+-------------+--------------+------------+------------+


+-------------------------------------------------------------------------------------------------------------------------------------------------------------------------------------------------------------------------------------------------------------------------------------+
; Fast 1200mV 0C Model Hold: 'wm8731_configurator:u_config|i2c_master:u_i2c|state.I2C_COMPLETE'                                                                                                                                                                                       ;
+-------+----------------------------------------------+-----------------------------------------------+------------------------------------------------------------------+------------------------------------------------------------------+--------------+------------+------------+
; Slack ; From Node                                    ; To Node                                       ; Launch Clock                                                     ; Latch Clock                                                      ; Relationship ; Clock Skew ; Data Delay ;
+-------+----------------------------------------------+-----------------------------------------------+------------------------------------------------------------------+------------------------------------------------------------------+--------------+------------+------------+
; 0.181 ; wm8731_configurator:u_config|transfer_enable ; wm8731_configurator:u_config|transfer_enable  ; wm8731_configurator:u_config|i2c_master:u_i2c|state.I2C_COMPLETE ; wm8731_configurator:u_config|i2c_master:u_i2c|state.I2C_COMPLETE ; 0.000        ; 0.042      ; 0.307      ;
; 0.181 ; wm8731_configurator:u_config|reg_index[0]    ; wm8731_configurator:u_config|reg_index[0]     ; wm8731_configurator:u_config|i2c_master:u_i2c|state.I2C_COMPLETE ; wm8731_configurator:u_config|i2c_master:u_i2c|state.I2C_COMPLETE ; 0.000        ; 0.042      ; 0.307      ;
; 0.249 ; wm8731_configurator:u_config|reg_index[5]    ; wm8731_configurator:u_config|command_word[12] ; wm8731_configurator:u_config|i2c_master:u_i2c|state.I2C_COMPLETE ; wm8731_configurator:u_config|i2c_master:u_i2c|state.I2C_COMPLETE ; 0.000        ; 0.231      ; 0.564      ;
; 0.306 ; wm8731_configurator:u_config|reg_index[5]    ; wm8731_configurator:u_config|reg_index[5]     ; wm8731_configurator:u_config|i2c_master:u_i2c|state.I2C_COMPLETE ; wm8731_configurator:u_config|i2c_master:u_i2c|state.I2C_COMPLETE ; 0.000        ; 0.042      ; 0.432      ;
; 0.312 ; wm8731_configurator:u_config|reg_index[4]    ; wm8731_configurator:u_config|reg_index[4]     ; wm8731_configurator:u_config|i2c_master:u_i2c|state.I2C_COMPLETE ; wm8731_configurator:u_config|i2c_master:u_i2c|state.I2C_COMPLETE ; 0.000        ; 0.042      ; 0.438      ;
; 0.316 ; wm8731_configurator:u_config|reg_index[0]    ; wm8731_configurator:u_config|reg_index[1]     ; wm8731_configurator:u_config|i2c_master:u_i2c|state.I2C_COMPLETE ; wm8731_configurator:u_config|i2c_master:u_i2c|state.I2C_COMPLETE ; 0.000        ; 0.042      ; 0.442      ;
; 0.325 ; wm8731_configurator:u_config|reg_index[2]    ; wm8731_configurator:u_config|command_word[12] ; wm8731_configurator:u_config|i2c_master:u_i2c|state.I2C_COMPLETE ; wm8731_configurator:u_config|i2c_master:u_i2c|state.I2C_COMPLETE ; 0.000        ; 0.231      ; 0.640      ;
; 0.326 ; wm8731_configurator:u_config|reg_index[2]    ; wm8731_configurator:u_config|reg_index[2]     ; wm8731_configurator:u_config|i2c_master:u_i2c|state.I2C_COMPLETE ; wm8731_configurator:u_config|i2c_master:u_i2c|state.I2C_COMPLETE ; 0.000        ; 0.042      ; 0.452      ;
; 0.330 ; wm8731_configurator:u_config|reg_index[3]    ; wm8731_configurator:u_config|reg_index[3]     ; wm8731_configurator:u_config|i2c_master:u_i2c|state.I2C_COMPLETE ; wm8731_configurator:u_config|i2c_master:u_i2c|state.I2C_COMPLETE ; 0.000        ; 0.042      ; 0.456      ;
; 0.339 ; wm8731_configurator:u_config|reg_index[1]    ; wm8731_configurator:u_config|reg_index[1]     ; wm8731_configurator:u_config|i2c_master:u_i2c|state.I2C_COMPLETE ; wm8731_configurator:u_config|i2c_master:u_i2c|state.I2C_COMPLETE ; 0.000        ; 0.042      ; 0.465      ;
; 0.344 ; wm8731_configurator:u_config|reg_index[4]    ; wm8731_configurator:u_config|command_word[12] ; wm8731_configurator:u_config|i2c_master:u_i2c|state.I2C_COMPLETE ; wm8731_configurator:u_config|i2c_master:u_i2c|state.I2C_COMPLETE ; 0.000        ; 0.231      ; 0.659      ;
; 0.375 ; wm8731_configurator:u_config|reg_index[6]    ; wm8731_configurator:u_config|reg_index[6]     ; wm8731_configurator:u_config|i2c_master:u_i2c|state.I2C_COMPLETE ; wm8731_configurator:u_config|i2c_master:u_i2c|state.I2C_COMPLETE ; 0.000        ; 0.042      ; 0.501      ;
; 0.387 ; wm8731_configurator:u_config|reg_index[6]    ; wm8731_configurator:u_config|command_word[11] ; wm8731_configurator:u_config|i2c_master:u_i2c|state.I2C_COMPLETE ; wm8731_configurator:u_config|i2c_master:u_i2c|state.I2C_COMPLETE ; 0.000        ; 0.042      ; 0.513      ;
; 0.389 ; wm8731_configurator:u_config|reg_index[6]    ; wm8731_configurator:u_config|command_word[7]  ; wm8731_configurator:u_config|i2c_master:u_i2c|state.I2C_COMPLETE ; wm8731_configurator:u_config|i2c_master:u_i2c|state.I2C_COMPLETE ; 0.000        ; 0.042      ; 0.515      ;
; 0.391 ; wm8731_configurator:u_config|reg_index[6]    ; wm8731_configurator:u_config|command_word[4]  ; wm8731_configurator:u_config|i2c_master:u_i2c|state.I2C_COMPLETE ; wm8731_configurator:u_config|i2c_master:u_i2c|state.I2C_COMPLETE ; 0.000        ; 0.042      ; 0.517      ;
; 0.425 ; wm8731_configurator:u_config|reg_index[5]    ; wm8731_configurator:u_config|command_word[7]  ; wm8731_configurator:u_config|i2c_master:u_i2c|state.I2C_COMPLETE ; wm8731_configurator:u_config|i2c_master:u_i2c|state.I2C_COMPLETE ; 0.000        ; 0.042      ; 0.551      ;
; 0.426 ; wm8731_configurator:u_config|reg_index[5]    ; wm8731_configurator:u_config|command_word[4]  ; wm8731_configurator:u_config|i2c_master:u_i2c|state.I2C_COMPLETE ; wm8731_configurator:u_config|i2c_master:u_i2c|state.I2C_COMPLETE ; 0.000        ; 0.042      ; 0.552      ;
; 0.428 ; wm8731_configurator:u_config|reg_index[5]    ; wm8731_configurator:u_config|command_word[10] ; wm8731_configurator:u_config|i2c_master:u_i2c|state.I2C_COMPLETE ; wm8731_configurator:u_config|i2c_master:u_i2c|state.I2C_COMPLETE ; 0.000        ; 0.042      ; 0.554      ;
; 0.429 ; wm8731_configurator:u_config|reg_index[5]    ; wm8731_configurator:u_config|command_word[11] ; wm8731_configurator:u_config|i2c_master:u_i2c|state.I2C_COMPLETE ; wm8731_configurator:u_config|i2c_master:u_i2c|state.I2C_COMPLETE ; 0.000        ; 0.042      ; 0.555      ;
; 0.432 ; wm8731_configurator:u_config|reg_index[6]    ; wm8731_configurator:u_config|command_word[10] ; wm8731_configurator:u_config|i2c_master:u_i2c|state.I2C_COMPLETE ; wm8731_configurator:u_config|i2c_master:u_i2c|state.I2C_COMPLETE ; 0.000        ; 0.042      ; 0.558      ;
; 0.435 ; wm8731_configurator:u_config|reg_index[6]    ; wm8731_configurator:u_config|command_word[9]  ; wm8731_configurator:u_config|i2c_master:u_i2c|state.I2C_COMPLETE ; wm8731_configurator:u_config|i2c_master:u_i2c|state.I2C_COMPLETE ; 0.000        ; 0.042      ; 0.561      ;
; 0.436 ; wm8731_configurator:u_config|reg_index[3]    ; wm8731_configurator:u_config|command_word[9]  ; wm8731_configurator:u_config|i2c_master:u_i2c|state.I2C_COMPLETE ; wm8731_configurator:u_config|i2c_master:u_i2c|state.I2C_COMPLETE ; 0.000        ; 0.042      ; 0.562      ;
; 0.437 ; wm8731_configurator:u_config|reg_index[4]    ; wm8731_configurator:u_config|command_word[7]  ; wm8731_configurator:u_config|i2c_master:u_i2c|state.I2C_COMPLETE ; wm8731_configurator:u_config|i2c_master:u_i2c|state.I2C_COMPLETE ; 0.000        ; 0.042      ; 0.563      ;
; 0.437 ; wm8731_configurator:u_config|reg_index[4]    ; wm8731_configurator:u_config|command_word[4]  ; wm8731_configurator:u_config|i2c_master:u_i2c|state.I2C_COMPLETE ; wm8731_configurator:u_config|i2c_master:u_i2c|state.I2C_COMPLETE ; 0.000        ; 0.042      ; 0.563      ;
; 0.443 ; wm8731_configurator:u_config|reg_index[4]    ; wm8731_configurator:u_config|command_word[11] ; wm8731_configurator:u_config|i2c_master:u_i2c|state.I2C_COMPLETE ; wm8731_configurator:u_config|i2c_master:u_i2c|state.I2C_COMPLETE ; 0.000        ; 0.042      ; 0.569      ;
; 0.443 ; wm8731_configurator:u_config|reg_index[4]    ; wm8731_configurator:u_config|command_word[10] ; wm8731_configurator:u_config|i2c_master:u_i2c|state.I2C_COMPLETE ; wm8731_configurator:u_config|i2c_master:u_i2c|state.I2C_COMPLETE ; 0.000        ; 0.042      ; 0.569      ;
; 0.443 ; wm8731_configurator:u_config|reg_index[2]    ; wm8731_configurator:u_config|command_word[10] ; wm8731_configurator:u_config|i2c_master:u_i2c|state.I2C_COMPLETE ; wm8731_configurator:u_config|i2c_master:u_i2c|state.I2C_COMPLETE ; 0.000        ; 0.042      ; 0.569      ;
; 0.448 ; wm8731_configurator:u_config|reg_index[0]    ; wm8731_configurator:u_config|command_word[6]  ; wm8731_configurator:u_config|i2c_master:u_i2c|state.I2C_COMPLETE ; wm8731_configurator:u_config|i2c_master:u_i2c|state.I2C_COMPLETE ; 0.000        ; 0.042      ; 0.574      ;
; 0.452 ; wm8731_configurator:u_config|reg_index[0]    ; wm8731_configurator:u_config|command_word[8]  ; wm8731_configurator:u_config|i2c_master:u_i2c|state.I2C_COMPLETE ; wm8731_configurator:u_config|i2c_master:u_i2c|state.I2C_COMPLETE ; 0.000        ; 0.042      ; 0.578      ;
; 0.457 ; wm8731_configurator:u_config|reg_index[3]    ; wm8731_configurator:u_config|command_word[12] ; wm8731_configurator:u_config|i2c_master:u_i2c|state.I2C_COMPLETE ; wm8731_configurator:u_config|i2c_master:u_i2c|state.I2C_COMPLETE ; 0.000        ; 0.231      ; 0.772      ;
; 0.458 ; wm8731_configurator:u_config|reg_index[6]    ; wm8731_configurator:u_config|command_word[2]  ; wm8731_configurator:u_config|i2c_master:u_i2c|state.I2C_COMPLETE ; wm8731_configurator:u_config|i2c_master:u_i2c|state.I2C_COMPLETE ; 0.000        ; 0.043      ; 0.585      ;
; 0.458 ; wm8731_configurator:u_config|reg_index[6]    ; wm8731_configurator:u_config|command_word[0]  ; wm8731_configurator:u_config|i2c_master:u_i2c|state.I2C_COMPLETE ; wm8731_configurator:u_config|i2c_master:u_i2c|state.I2C_COMPLETE ; 0.000        ; 0.043      ; 0.585      ;
; 0.461 ; wm8731_configurator:u_config|reg_index[4]    ; wm8731_configurator:u_config|reg_index[5]     ; wm8731_configurator:u_config|i2c_master:u_i2c|state.I2C_COMPLETE ; wm8731_configurator:u_config|i2c_master:u_i2c|state.I2C_COMPLETE ; 0.000        ; 0.042      ; 0.587      ;
; 0.464 ; wm8731_configurator:u_config|reg_index[3]    ; wm8731_configurator:u_config|transfer_enable  ; wm8731_configurator:u_config|i2c_master:u_i2c|state.I2C_COMPLETE ; wm8731_configurator:u_config|i2c_master:u_i2c|state.I2C_COMPLETE ; 0.000        ; 0.042      ; 0.590      ;
; 0.464 ; wm8731_configurator:u_config|reg_index[5]    ; wm8731_configurator:u_config|reg_index[6]     ; wm8731_configurator:u_config|i2c_master:u_i2c|state.I2C_COMPLETE ; wm8731_configurator:u_config|i2c_master:u_i2c|state.I2C_COMPLETE ; 0.000        ; 0.042      ; 0.590      ;
; 0.466 ; wm8731_configurator:u_config|reg_index[3]    ; wm8731_configurator:u_config|reg_index[0]     ; wm8731_configurator:u_config|i2c_master:u_i2c|state.I2C_COMPLETE ; wm8731_configurator:u_config|i2c_master:u_i2c|state.I2C_COMPLETE ; 0.000        ; 0.042      ; 0.592      ;
; 0.469 ; wm8731_configurator:u_config|reg_index[0]    ; wm8731_configurator:u_config|reg_index[2]     ; wm8731_configurator:u_config|i2c_master:u_i2c|state.I2C_COMPLETE ; wm8731_configurator:u_config|i2c_master:u_i2c|state.I2C_COMPLETE ; 0.000        ; 0.042      ; 0.595      ;
; 0.472 ; wm8731_configurator:u_config|reg_index[0]    ; wm8731_configurator:u_config|reg_index[3]     ; wm8731_configurator:u_config|i2c_master:u_i2c|state.I2C_COMPLETE ; wm8731_configurator:u_config|i2c_master:u_i2c|state.I2C_COMPLETE ; 0.000        ; 0.042      ; 0.598      ;
; 0.475 ; wm8731_configurator:u_config|reg_index[2]    ; wm8731_configurator:u_config|reg_index[3]     ; wm8731_configurator:u_config|i2c_master:u_i2c|state.I2C_COMPLETE ; wm8731_configurator:u_config|i2c_master:u_i2c|state.I2C_COMPLETE ; 0.000        ; 0.042      ; 0.601      ;
; 0.478 ; wm8731_configurator:u_config|reg_index[1]    ; wm8731_configurator:u_config|command_word[12] ; wm8731_configurator:u_config|i2c_master:u_i2c|state.I2C_COMPLETE ; wm8731_configurator:u_config|i2c_master:u_i2c|state.I2C_COMPLETE ; 0.000        ; 0.231      ; 0.793      ;
; 0.488 ; wm8731_configurator:u_config|reg_index[3]    ; wm8731_configurator:u_config|reg_index[4]     ; wm8731_configurator:u_config|i2c_master:u_i2c|state.I2C_COMPLETE ; wm8731_configurator:u_config|i2c_master:u_i2c|state.I2C_COMPLETE ; 0.000        ; 0.042      ; 0.614      ;
; 0.489 ; wm8731_configurator:u_config|reg_index[5]    ; wm8731_configurator:u_config|command_word[2]  ; wm8731_configurator:u_config|i2c_master:u_i2c|state.I2C_COMPLETE ; wm8731_configurator:u_config|i2c_master:u_i2c|state.I2C_COMPLETE ; 0.000        ; 0.043      ; 0.616      ;
; 0.489 ; wm8731_configurator:u_config|reg_index[5]    ; wm8731_configurator:u_config|command_word[0]  ; wm8731_configurator:u_config|i2c_master:u_i2c|state.I2C_COMPLETE ; wm8731_configurator:u_config|i2c_master:u_i2c|state.I2C_COMPLETE ; 0.000        ; 0.043      ; 0.616      ;
; 0.491 ; wm8731_configurator:u_config|reg_index[3]    ; wm8731_configurator:u_config|reg_index[5]     ; wm8731_configurator:u_config|i2c_master:u_i2c|state.I2C_COMPLETE ; wm8731_configurator:u_config|i2c_master:u_i2c|state.I2C_COMPLETE ; 0.000        ; 0.042      ; 0.617      ;
; 0.491 ; wm8731_configurator:u_config|reg_index[1]    ; wm8731_configurator:u_config|reg_index[2]     ; wm8731_configurator:u_config|i2c_master:u_i2c|state.I2C_COMPLETE ; wm8731_configurator:u_config|i2c_master:u_i2c|state.I2C_COMPLETE ; 0.000        ; 0.042      ; 0.617      ;
; 0.494 ; wm8731_configurator:u_config|reg_index[1]    ; wm8731_configurator:u_config|reg_index[3]     ; wm8731_configurator:u_config|i2c_master:u_i2c|state.I2C_COMPLETE ; wm8731_configurator:u_config|i2c_master:u_i2c|state.I2C_COMPLETE ; 0.000        ; 0.042      ; 0.620      ;
; 0.499 ; wm8731_configurator:u_config|reg_index[2]    ; wm8731_configurator:u_config|command_word[7]  ; wm8731_configurator:u_config|i2c_master:u_i2c|state.I2C_COMPLETE ; wm8731_configurator:u_config|i2c_master:u_i2c|state.I2C_COMPLETE ; 0.000        ; 0.042      ; 0.625      ;
; 0.502 ; wm8731_configurator:u_config|reg_index[2]    ; wm8731_configurator:u_config|command_word[4]  ; wm8731_configurator:u_config|i2c_master:u_i2c|state.I2C_COMPLETE ; wm8731_configurator:u_config|i2c_master:u_i2c|state.I2C_COMPLETE ; 0.000        ; 0.042      ; 0.628      ;
; 0.504 ; wm8731_configurator:u_config|reg_index[3]    ; wm8731_configurator:u_config|command_word[6]  ; wm8731_configurator:u_config|i2c_master:u_i2c|state.I2C_COMPLETE ; wm8731_configurator:u_config|i2c_master:u_i2c|state.I2C_COMPLETE ; 0.000        ; 0.042      ; 0.630      ;
; 0.506 ; wm8731_configurator:u_config|reg_index[3]    ; wm8731_configurator:u_config|command_word[8]  ; wm8731_configurator:u_config|i2c_master:u_i2c|state.I2C_COMPLETE ; wm8731_configurator:u_config|i2c_master:u_i2c|state.I2C_COMPLETE ; 0.000        ; 0.042      ; 0.632      ;
; 0.512 ; wm8731_configurator:u_config|reg_index[2]    ; wm8731_configurator:u_config|command_word[11] ; wm8731_configurator:u_config|i2c_master:u_i2c|state.I2C_COMPLETE ; wm8731_configurator:u_config|i2c_master:u_i2c|state.I2C_COMPLETE ; 0.000        ; 0.042      ; 0.638      ;
; 0.517 ; wm8731_configurator:u_config|reg_index[4]    ; wm8731_configurator:u_config|command_word[9]  ; wm8731_configurator:u_config|i2c_master:u_i2c|state.I2C_COMPLETE ; wm8731_configurator:u_config|i2c_master:u_i2c|state.I2C_COMPLETE ; 0.000        ; 0.042      ; 0.643      ;
; 0.517 ; wm8731_configurator:u_config|reg_index[2]    ; wm8731_configurator:u_config|transfer_enable  ; wm8731_configurator:u_config|i2c_master:u_i2c|state.I2C_COMPLETE ; wm8731_configurator:u_config|i2c_master:u_i2c|state.I2C_COMPLETE ; 0.000        ; 0.042      ; 0.643      ;
; 0.518 ; wm8731_configurator:u_config|reg_index[4]    ; wm8731_configurator:u_config|command_word[2]  ; wm8731_configurator:u_config|i2c_master:u_i2c|state.I2C_COMPLETE ; wm8731_configurator:u_config|i2c_master:u_i2c|state.I2C_COMPLETE ; 0.000        ; 0.043      ; 0.645      ;
; 0.518 ; wm8731_configurator:u_config|reg_index[4]    ; wm8731_configurator:u_config|command_word[0]  ; wm8731_configurator:u_config|i2c_master:u_i2c|state.I2C_COMPLETE ; wm8731_configurator:u_config|i2c_master:u_i2c|state.I2C_COMPLETE ; 0.000        ; 0.043      ; 0.645      ;
; 0.519 ; wm8731_configurator:u_config|reg_index[2]    ; wm8731_configurator:u_config|reg_index[0]     ; wm8731_configurator:u_config|i2c_master:u_i2c|state.I2C_COMPLETE ; wm8731_configurator:u_config|i2c_master:u_i2c|state.I2C_COMPLETE ; 0.000        ; 0.042      ; 0.645      ;
; 0.521 ; wm8731_configurator:u_config|reg_index[0]    ; wm8731_configurator:u_config|command_word[9]  ; wm8731_configurator:u_config|i2c_master:u_i2c|state.I2C_COMPLETE ; wm8731_configurator:u_config|i2c_master:u_i2c|state.I2C_COMPLETE ; 0.000        ; 0.042      ; 0.647      ;
; 0.524 ; wm8731_configurator:u_config|reg_index[4]    ; wm8731_configurator:u_config|reg_index[6]     ; wm8731_configurator:u_config|i2c_master:u_i2c|state.I2C_COMPLETE ; wm8731_configurator:u_config|i2c_master:u_i2c|state.I2C_COMPLETE ; 0.000        ; 0.042      ; 0.650      ;
; 0.535 ; wm8731_configurator:u_config|reg_index[0]    ; wm8731_configurator:u_config|reg_index[4]     ; wm8731_configurator:u_config|i2c_master:u_i2c|state.I2C_COMPLETE ; wm8731_configurator:u_config|i2c_master:u_i2c|state.I2C_COMPLETE ; 0.000        ; 0.042      ; 0.661      ;
; 0.538 ; wm8731_configurator:u_config|reg_index[6]    ; wm8731_configurator:u_config|command_word[12] ; wm8731_configurator:u_config|i2c_master:u_i2c|state.I2C_COMPLETE ; wm8731_configurator:u_config|i2c_master:u_i2c|state.I2C_COMPLETE ; 0.000        ; 0.231      ; 0.853      ;
; 0.538 ; wm8731_configurator:u_config|reg_index[0]    ; wm8731_configurator:u_config|reg_index[5]     ; wm8731_configurator:u_config|i2c_master:u_i2c|state.I2C_COMPLETE ; wm8731_configurator:u_config|i2c_master:u_i2c|state.I2C_COMPLETE ; 0.000        ; 0.042      ; 0.664      ;
; 0.538 ; wm8731_configurator:u_config|reg_index[2]    ; wm8731_configurator:u_config|reg_index[4]     ; wm8731_configurator:u_config|i2c_master:u_i2c|state.I2C_COMPLETE ; wm8731_configurator:u_config|i2c_master:u_i2c|state.I2C_COMPLETE ; 0.000        ; 0.042      ; 0.664      ;
; 0.541 ; wm8731_configurator:u_config|reg_index[2]    ; wm8731_configurator:u_config|reg_index[5]     ; wm8731_configurator:u_config|i2c_master:u_i2c|state.I2C_COMPLETE ; wm8731_configurator:u_config|i2c_master:u_i2c|state.I2C_COMPLETE ; 0.000        ; 0.042      ; 0.667      ;
; 0.548 ; wm8731_configurator:u_config|reg_index[3]    ; wm8731_configurator:u_config|command_word[10] ; wm8731_configurator:u_config|i2c_master:u_i2c|state.I2C_COMPLETE ; wm8731_configurator:u_config|i2c_master:u_i2c|state.I2C_COMPLETE ; 0.000        ; 0.042      ; 0.674      ;
; 0.552 ; wm8731_configurator:u_config|reg_index[2]    ; wm8731_configurator:u_config|command_word[2]  ; wm8731_configurator:u_config|i2c_master:u_i2c|state.I2C_COMPLETE ; wm8731_configurator:u_config|i2c_master:u_i2c|state.I2C_COMPLETE ; 0.000        ; 0.043      ; 0.679      ;
; 0.553 ; wm8731_configurator:u_config|reg_index[5]    ; wm8731_configurator:u_config|command_word[9]  ; wm8731_configurator:u_config|i2c_master:u_i2c|state.I2C_COMPLETE ; wm8731_configurator:u_config|i2c_master:u_i2c|state.I2C_COMPLETE ; 0.000        ; 0.042      ; 0.679      ;
; 0.554 ; wm8731_configurator:u_config|reg_index[3]    ; wm8731_configurator:u_config|reg_index[6]     ; wm8731_configurator:u_config|i2c_master:u_i2c|state.I2C_COMPLETE ; wm8731_configurator:u_config|i2c_master:u_i2c|state.I2C_COMPLETE ; 0.000        ; 0.042      ; 0.680      ;
; 0.555 ; wm8731_configurator:u_config|reg_index[0]    ; wm8731_configurator:u_config|command_word[12] ; wm8731_configurator:u_config|i2c_master:u_i2c|state.I2C_COMPLETE ; wm8731_configurator:u_config|i2c_master:u_i2c|state.I2C_COMPLETE ; 0.000        ; 0.231      ; 0.870      ;
; 0.556 ; wm8731_configurator:u_config|reg_index[0]    ; wm8731_configurator:u_config|command_word[10] ; wm8731_configurator:u_config|i2c_master:u_i2c|state.I2C_COMPLETE ; wm8731_configurator:u_config|i2c_master:u_i2c|state.I2C_COMPLETE ; 0.000        ; 0.042      ; 0.682      ;
; 0.557 ; wm8731_configurator:u_config|reg_index[2]    ; wm8731_configurator:u_config|command_word[9]  ; wm8731_configurator:u_config|i2c_master:u_i2c|state.I2C_COMPLETE ; wm8731_configurator:u_config|i2c_master:u_i2c|state.I2C_COMPLETE ; 0.000        ; 0.042      ; 0.683      ;
; 0.557 ; wm8731_configurator:u_config|reg_index[1]    ; wm8731_configurator:u_config|command_word[10] ; wm8731_configurator:u_config|i2c_master:u_i2c|state.I2C_COMPLETE ; wm8731_configurator:u_config|i2c_master:u_i2c|state.I2C_COMPLETE ; 0.000        ; 0.042      ; 0.683      ;
; 0.557 ; wm8731_configurator:u_config|reg_index[1]    ; wm8731_configurator:u_config|reg_index[4]     ; wm8731_configurator:u_config|i2c_master:u_i2c|state.I2C_COMPLETE ; wm8731_configurator:u_config|i2c_master:u_i2c|state.I2C_COMPLETE ; 0.000        ; 0.042      ; 0.683      ;
; 0.559 ; wm8731_configurator:u_config|reg_index[5]    ; wm8731_configurator:u_config|transfer_enable  ; wm8731_configurator:u_config|i2c_master:u_i2c|state.I2C_COMPLETE ; wm8731_configurator:u_config|i2c_master:u_i2c|state.I2C_COMPLETE ; 0.000        ; 0.042      ; 0.685      ;
; 0.560 ; wm8731_configurator:u_config|reg_index[1]    ; wm8731_configurator:u_config|reg_index[5]     ; wm8731_configurator:u_config|i2c_master:u_i2c|state.I2C_COMPLETE ; wm8731_configurator:u_config|i2c_master:u_i2c|state.I2C_COMPLETE ; 0.000        ; 0.042      ; 0.686      ;
; 0.561 ; wm8731_configurator:u_config|reg_index[5]    ; wm8731_configurator:u_config|reg_index[0]     ; wm8731_configurator:u_config|i2c_master:u_i2c|state.I2C_COMPLETE ; wm8731_configurator:u_config|i2c_master:u_i2c|state.I2C_COMPLETE ; 0.000        ; 0.042      ; 0.687      ;
; 0.561 ; wm8731_configurator:u_config|reg_index[2]    ; wm8731_configurator:u_config|command_word[0]  ; wm8731_configurator:u_config|i2c_master:u_i2c|state.I2C_COMPLETE ; wm8731_configurator:u_config|i2c_master:u_i2c|state.I2C_COMPLETE ; 0.000        ; 0.043      ; 0.688      ;
; 0.577 ; wm8731_configurator:u_config|reg_index[1]    ; wm8731_configurator:u_config|transfer_enable  ; wm8731_configurator:u_config|i2c_master:u_i2c|state.I2C_COMPLETE ; wm8731_configurator:u_config|i2c_master:u_i2c|state.I2C_COMPLETE ; 0.000        ; 0.042      ; 0.703      ;
; 0.578 ; wm8731_configurator:u_config|reg_index[2]    ; wm8731_configurator:u_config|command_word[6]  ; wm8731_configurator:u_config|i2c_master:u_i2c|state.I2C_COMPLETE ; wm8731_configurator:u_config|i2c_master:u_i2c|state.I2C_COMPLETE ; 0.000        ; 0.042      ; 0.704      ;
; 0.579 ; wm8731_configurator:u_config|reg_index[1]    ; wm8731_configurator:u_config|reg_index[0]     ; wm8731_configurator:u_config|i2c_master:u_i2c|state.I2C_COMPLETE ; wm8731_configurator:u_config|i2c_master:u_i2c|state.I2C_COMPLETE ; 0.000        ; 0.042      ; 0.705      ;
; 0.580 ; wm8731_configurator:u_config|reg_index[2]    ; wm8731_configurator:u_config|command_word[8]  ; wm8731_configurator:u_config|i2c_master:u_i2c|state.I2C_COMPLETE ; wm8731_configurator:u_config|i2c_master:u_i2c|state.I2C_COMPLETE ; 0.000        ; 0.042      ; 0.706      ;
; 0.601 ; wm8731_configurator:u_config|reg_index[0]    ; wm8731_configurator:u_config|reg_index[6]     ; wm8731_configurator:u_config|i2c_master:u_i2c|state.I2C_COMPLETE ; wm8731_configurator:u_config|i2c_master:u_i2c|state.I2C_COMPLETE ; 0.000        ; 0.042      ; 0.727      ;
; 0.604 ; wm8731_configurator:u_config|reg_index[2]    ; wm8731_configurator:u_config|reg_index[6]     ; wm8731_configurator:u_config|i2c_master:u_i2c|state.I2C_COMPLETE ; wm8731_configurator:u_config|i2c_master:u_i2c|state.I2C_COMPLETE ; 0.000        ; 0.042      ; 0.730      ;
; 0.618 ; wm8731_configurator:u_config|reg_index[3]    ; wm8731_configurator:u_config|command_word[11] ; wm8731_configurator:u_config|i2c_master:u_i2c|state.I2C_COMPLETE ; wm8731_configurator:u_config|i2c_master:u_i2c|state.I2C_COMPLETE ; 0.000        ; 0.042      ; 0.744      ;
; 0.620 ; wm8731_configurator:u_config|reg_index[3]    ; wm8731_configurator:u_config|command_word[0]  ; wm8731_configurator:u_config|i2c_master:u_i2c|state.I2C_COMPLETE ; wm8731_configurator:u_config|i2c_master:u_i2c|state.I2C_COMPLETE ; 0.000        ; 0.043      ; 0.747      ;
; 0.620 ; wm8731_configurator:u_config|reg_index[5]    ; wm8731_configurator:u_config|command_word[6]  ; wm8731_configurator:u_config|i2c_master:u_i2c|state.I2C_COMPLETE ; wm8731_configurator:u_config|i2c_master:u_i2c|state.I2C_COMPLETE ; 0.000        ; 0.042      ; 0.746      ;
; 0.622 ; wm8731_configurator:u_config|reg_index[5]    ; wm8731_configurator:u_config|command_word[8]  ; wm8731_configurator:u_config|i2c_master:u_i2c|state.I2C_COMPLETE ; wm8731_configurator:u_config|i2c_master:u_i2c|state.I2C_COMPLETE ; 0.000        ; 0.042      ; 0.748      ;
; 0.623 ; wm8731_configurator:u_config|reg_index[0]    ; wm8731_configurator:u_config|command_word[11] ; wm8731_configurator:u_config|i2c_master:u_i2c|state.I2C_COMPLETE ; wm8731_configurator:u_config|i2c_master:u_i2c|state.I2C_COMPLETE ; 0.000        ; 0.042      ; 0.749      ;
; 0.623 ; wm8731_configurator:u_config|reg_index[1]    ; wm8731_configurator:u_config|reg_index[6]     ; wm8731_configurator:u_config|i2c_master:u_i2c|state.I2C_COMPLETE ; wm8731_configurator:u_config|i2c_master:u_i2c|state.I2C_COMPLETE ; 0.000        ; 0.042      ; 0.749      ;
; 0.631 ; wm8731_configurator:u_config|reg_index[3]    ; wm8731_configurator:u_config|command_word[7]  ; wm8731_configurator:u_config|i2c_master:u_i2c|state.I2C_COMPLETE ; wm8731_configurator:u_config|i2c_master:u_i2c|state.I2C_COMPLETE ; 0.000        ; 0.042      ; 0.757      ;
; 0.634 ; wm8731_configurator:u_config|reg_index[3]    ; wm8731_configurator:u_config|command_word[4]  ; wm8731_configurator:u_config|i2c_master:u_i2c|state.I2C_COMPLETE ; wm8731_configurator:u_config|i2c_master:u_i2c|state.I2C_COMPLETE ; 0.000        ; 0.042      ; 0.760      ;
; 0.639 ; wm8731_configurator:u_config|reg_index[1]    ; wm8731_configurator:u_config|command_word[6]  ; wm8731_configurator:u_config|i2c_master:u_i2c|state.I2C_COMPLETE ; wm8731_configurator:u_config|i2c_master:u_i2c|state.I2C_COMPLETE ; 0.000        ; 0.042      ; 0.765      ;
; 0.641 ; wm8731_configurator:u_config|reg_index[1]    ; wm8731_configurator:u_config|command_word[8]  ; wm8731_configurator:u_config|i2c_master:u_i2c|state.I2C_COMPLETE ; wm8731_configurator:u_config|i2c_master:u_i2c|state.I2C_COMPLETE ; 0.000        ; 0.042      ; 0.767      ;
; 0.643 ; wm8731_configurator:u_config|reg_index[3]    ; wm8731_configurator:u_config|command_word[2]  ; wm8731_configurator:u_config|i2c_master:u_i2c|state.I2C_COMPLETE ; wm8731_configurator:u_config|i2c_master:u_i2c|state.I2C_COMPLETE ; 0.000        ; 0.043      ; 0.770      ;
; 0.648 ; wm8731_configurator:u_config|reg_index[1]    ; wm8731_configurator:u_config|command_word[11] ; wm8731_configurator:u_config|i2c_master:u_i2c|state.I2C_COMPLETE ; wm8731_configurator:u_config|i2c_master:u_i2c|state.I2C_COMPLETE ; 0.000        ; 0.042      ; 0.774      ;
; 0.654 ; wm8731_configurator:u_config|reg_index[1]    ; wm8731_configurator:u_config|command_word[7]  ; wm8731_configurator:u_config|i2c_master:u_i2c|state.I2C_COMPLETE ; wm8731_configurator:u_config|i2c_master:u_i2c|state.I2C_COMPLETE ; 0.000        ; 0.042      ; 0.780      ;
; 0.654 ; wm8731_configurator:u_config|reg_index[1]    ; wm8731_configurator:u_config|command_word[4]  ; wm8731_configurator:u_config|i2c_master:u_i2c|state.I2C_COMPLETE ; wm8731_configurator:u_config|i2c_master:u_i2c|state.I2C_COMPLETE ; 0.000        ; 0.042      ; 0.780      ;
; 0.671 ; wm8731_configurator:u_config|reg_index[0]    ; wm8731_configurator:u_config|command_word[2]  ; wm8731_configurator:u_config|i2c_master:u_i2c|state.I2C_COMPLETE ; wm8731_configurator:u_config|i2c_master:u_i2c|state.I2C_COMPLETE ; 0.000        ; 0.043      ; 0.798      ;
; 0.682 ; wm8731_configurator:u_config|reg_index[0]    ; wm8731_configurator:u_config|command_word[0]  ; wm8731_configurator:u_config|i2c_master:u_i2c|state.I2C_COMPLETE ; wm8731_configurator:u_config|i2c_master:u_i2c|state.I2C_COMPLETE ; 0.000        ; 0.043      ; 0.809      ;
; 0.688 ; wm8731_configurator:u_config|reg_index[4]    ; wm8731_configurator:u_config|transfer_enable  ; wm8731_configurator:u_config|i2c_master:u_i2c|state.I2C_COMPLETE ; wm8731_configurator:u_config|i2c_master:u_i2c|state.I2C_COMPLETE ; 0.000        ; 0.042      ; 0.814      ;
; 0.690 ; wm8731_configurator:u_config|reg_index[4]    ; wm8731_configurator:u_config|reg_index[0]     ; wm8731_configurator:u_config|i2c_master:u_i2c|state.I2C_COMPLETE ; wm8731_configurator:u_config|i2c_master:u_i2c|state.I2C_COMPLETE ; 0.000        ; 0.042      ; 0.816      ;
+-------+----------------------------------------------+-----------------------------------------------+------------------------------------------------------------------+------------------------------------------------------------------+--------------+------------+------------+


----------------------------------------------
; Fast 1200mV 0C Model Metastability Summary ;
----------------------------------------------
No synchronizer chains to report.


+--------------------------------------------------------------------------------------------------------------------------------+
; Multicorner Timing Analysis Summary                                                                                            ;
+-------------------------------------------------------------------+---------+-------+----------+---------+---------------------+
; Clock                                                             ; Setup   ; Hold  ; Recovery ; Removal ; Minimum Pulse Width ;
+-------------------------------------------------------------------+---------+-------+----------+---------+---------------------+
; Worst-case Slack                                                  ; -1.777  ; 0.181 ; N/A      ; N/A     ; -1.285              ;
;  CLOCK_50                                                         ; -1.777  ; 0.181 ; N/A      ; N/A     ; 9.437               ;
;  wm8731_configurator:u_config|i2c_master:u_i2c|state.I2C_COMPLETE ; -1.454  ; 0.181 ; N/A      ; N/A     ; -1.285              ;
; Design-wide TNS                                                   ; -24.474 ; 0.0   ; 0.0      ; 0.0     ; -23.13              ;
;  CLOCK_50                                                         ; -3.809  ; 0.000 ; N/A      ; N/A     ; 0.000               ;
;  wm8731_configurator:u_config|i2c_master:u_i2c|state.I2C_COMPLETE ; -20.665 ; 0.000 ; N/A      ; N/A     ; -23.130             ;
+-------------------------------------------------------------------+---------+-------+----------+---------+---------------------+


+------------------------------------------------------------------------------------------------------------------------------------------------------------------------------------------------------------------------------------------------------------------------------------------------------------------------------------------------------------------------------------------------------------------+
; Board Trace Model Assignments                                                                                                                                                                                                                                                                                                                                                                                    ;
+---------------+--------------+-------------------+-------------------------+-------------------------+---------------+---------------------+----------------+------------------+--------+------------------+------------------------+------------------------+--------------+---------------+-----------------+-------+---------------------+--------------------+---------------+-----------------+-------------+
; Pin           ; I/O Standard ; Near Tline Length ; Near Tline L per Length ; Near Tline C per Length ; Near Series R ; Near Differential R ; Near Pull-up R ; Near Pull-down R ; Near C ; Far Tline Length ; Far Tline L per Length ; Far Tline C per Length ; Far Series R ; Far Pull-up R ; Far Pull-down R ; Far C ; Termination Voltage ; Far Differential R ; EBD File Name ; EBD Signal Name ; EBD Far-end ;
+---------------+--------------+-------------------+-------------------------+-------------------------+---------------+---------------------+----------------+------------------+--------+------------------+------------------------+------------------------+--------------+---------------+-----------------+-------+---------------------+--------------------+---------------+-----------------+-------------+
; I2C_SCLK      ; 2.5 V        ; 0 in              ; 0 H/in                  ; 0 F/in                  ; short         ; -                   ; open           ; open             ; open   ; 0 in             ; 0 H/in                 ; 0 F/in                 ; short        ; open          ; open            ; open  ; 0 V                 ; -                  ; n/a           ; n/a             ; n/a         ;
; I2C_SDAT      ; 2.5 V        ; 0 in              ; 0 H/in                  ; 0 F/in                  ; short         ; -                   ; open           ; open             ; open   ; 0 in             ; 0 H/in                 ; 0 F/in                 ; short        ; open          ; open            ; open  ; 0 V                 ; -                  ; n/a           ; n/a             ; n/a         ;
; ~ALTERA_DCLK~ ; 2.5 V        ; 0 in              ; 0 H/in                  ; 0 F/in                  ; short         ; -                   ; open           ; open             ; open   ; 0 in             ; 0 H/in                 ; 0 F/in                 ; short        ; open          ; open            ; open  ; 0 V                 ; -                  ; n/a           ; n/a             ; n/a         ;
; ~ALTERA_nCEO~ ; 2.5 V        ; 0 in              ; 0 H/in                  ; 0 F/in                  ; short         ; -                   ; open           ; open             ; open   ; 0 in             ; 0 H/in                 ; 0 F/in                 ; short        ; open          ; open            ; open  ; 0 V                 ; -                  ; n/a           ; n/a             ; n/a         ;
+---------------+--------------+-------------------+-------------------------+-------------------------+---------------+---------------------+----------------+------------------+--------+------------------+------------------------+------------------------+--------------+---------------+-----------------+-------+---------------------+--------------------+---------------+-----------------+-------------+


+----------------------------------------------------------------------------+
; Input Transition Times                                                     ;
+-------------------------+--------------+-----------------+-----------------+
; Pin                     ; I/O Standard ; 10-90 Rise Time ; 90-10 Fall Time ;
+-------------------------+--------------+-----------------+-----------------+
; KEY[1]                  ; 2.5 V        ; 2000 ps         ; 2000 ps         ;
; KEY[2]                  ; 2.5 V        ; 2000 ps         ; 2000 ps         ;
; KEY[3]                  ; 2.5 V        ; 2000 ps         ; 2000 ps         ;
; LEDR[0]                 ; 2.5 V        ; 2000 ps         ; 2000 ps         ;
; LEDR[1]                 ; 2.5 V        ; 2000 ps         ; 2000 ps         ;
; LEDR[2]                 ; 2.5 V        ; 2000 ps         ; 2000 ps         ;
; LEDR[3]                 ; 2.5 V        ; 2000 ps         ; 2000 ps         ;
; LEDR[4]                 ; 2.5 V        ; 2000 ps         ; 2000 ps         ;
; LEDR[5]                 ; 2.5 V        ; 2000 ps         ; 2000 ps         ;
; LEDR[6]                 ; 2.5 V        ; 2000 ps         ; 2000 ps         ;
; LEDR[7]                 ; 2.5 V        ; 2000 ps         ; 2000 ps         ;
; LEDR[8]                 ; 2.5 V        ; 2000 ps         ; 2000 ps         ;
; LEDR[9]                 ; 2.5 V        ; 2000 ps         ; 2000 ps         ;
; LEDR[10]                ; 2.5 V        ; 2000 ps         ; 2000 ps         ;
; LEDR[11]                ; 2.5 V        ; 2000 ps         ; 2000 ps         ;
; LEDR[12]                ; 2.5 V        ; 2000 ps         ; 2000 ps         ;
; LEDR[13]                ; 2.5 V        ; 2000 ps         ; 2000 ps         ;
; LEDR[14]                ; 2.5 V        ; 2000 ps         ; 2000 ps         ;
; LEDR[15]                ; 2.5 V        ; 2000 ps         ; 2000 ps         ;
; LEDR[16]                ; 2.5 V        ; 2000 ps         ; 2000 ps         ;
; LEDR[17]                ; 2.5 V        ; 2000 ps         ; 2000 ps         ;
; I2C_SDAT                ; 2.5 V        ; 2000 ps         ; 2000 ps         ;
; CLOCK_50                ; 2.5 V        ; 2000 ps         ; 2000 ps         ;
; KEY[0]                  ; 2.5 V        ; 2000 ps         ; 2000 ps         ;
; ~ALTERA_ASDO_DATA1~     ; 2.5 V        ; 2000 ps         ; 2000 ps         ;
; ~ALTERA_FLASH_nCE_nCSO~ ; 2.5 V        ; 2000 ps         ; 2000 ps         ;
; ~ALTERA_DATA0~          ; 2.5 V        ; 2000 ps         ; 2000 ps         ;
+-------------------------+--------------+-----------------+-----------------+


+--------------------------------------------------------------------------------------------------------------------------------------------------------------------------------------------------------------------------------------------------------------------------------------------------------------------------------------------------------------------------------------------------------------------------------------------------------------------------------------------------------------------------------------------------------------------------------------------------------------------------------------------------------------------------------------------+
; Signal Integrity Metrics (Slow 1200mv 0c Model)                                                                                                                                                                                                                                                                                                                                                                                                                                                                                                                                                                                                                                            ;
+---------------+--------------+---------------------+---------------------+------------------------------+------------------------------+---------------------+---------------------+--------------------------------------+--------------------------------------+-----------------------------+-----------------------------+----------------------------+----------------------------+-----------------------------+-----------------------------+--------------------+--------------------+-------------------------------------+-------------------------------------+----------------------------+----------------------------+---------------------------+---------------------------+
; Pin           ; I/O Standard ; Board Delay on Rise ; Board Delay on Fall ; Steady State Voh at FPGA Pin ; Steady State Vol at FPGA Pin ; Voh Max at FPGA Pin ; Vol Min at FPGA Pin ; Ringback Voltage on Rise at FPGA Pin ; Ringback Voltage on Fall at FPGA Pin ; 10-90 Rise Time at FPGA Pin ; 90-10 Fall Time at FPGA Pin ; Monotonic Rise at FPGA Pin ; Monotonic Fall at FPGA Pin ; Steady State Voh at Far-end ; Steady State Vol at Far-end ; Voh Max at Far-end ; Vol Min at Far-end ; Ringback Voltage on Rise at Far-end ; Ringback Voltage on Fall at Far-end ; 10-90 Rise Time at Far-end ; 90-10 Fall Time at Far-end ; Monotonic Rise at Far-end ; Monotonic Fall at Far-end ;
+---------------+--------------+---------------------+---------------------+------------------------------+------------------------------+---------------------+---------------------+--------------------------------------+--------------------------------------+-----------------------------+-----------------------------+----------------------------+----------------------------+-----------------------------+-----------------------------+--------------------+--------------------+-------------------------------------+-------------------------------------+----------------------------+----------------------------+---------------------------+---------------------------+
; I2C_SCLK      ; 2.5 V        ; 0 s                 ; 0 s                 ; 2.32 V                       ; 4.49e-09 V                   ; 2.38 V              ; -0.00552 V          ; 0.096 V                              ; 0.019 V                              ; 4.18e-10 s                  ; 3.59e-10 s                  ; No                         ; Yes                        ; 2.32 V                      ; 4.49e-09 V                  ; 2.38 V             ; -0.00552 V         ; 0.096 V                             ; 0.019 V                             ; 4.18e-10 s                 ; 3.59e-10 s                 ; No                        ; Yes                       ;
; I2C_SDAT      ; 2.5 V        ; 0 s                 ; 0 s                 ; 2.32 V                       ; 4.49e-09 V                   ; 2.38 V              ; -0.00552 V          ; 0.096 V                              ; 0.019 V                              ; 4.18e-10 s                  ; 3.59e-10 s                  ; No                         ; Yes                        ; 2.32 V                      ; 4.49e-09 V                  ; 2.38 V             ; -0.00552 V         ; 0.096 V                             ; 0.019 V                             ; 4.18e-10 s                 ; 3.59e-10 s                 ; No                        ; Yes                       ;
; ~ALTERA_DCLK~ ; 2.5 V        ; 0 s                 ; 0 s                 ; 2.32 V                       ; 2.67e-09 V                   ; 2.38 V              ; -0.0485 V           ; 0.167 V                              ; 0.096 V                              ; 2.95e-10 s                  ; 2.73e-10 s                  ; Yes                        ; Yes                        ; 2.32 V                      ; 2.67e-09 V                  ; 2.38 V             ; -0.0485 V          ; 0.167 V                             ; 0.096 V                             ; 2.95e-10 s                 ; 2.73e-10 s                 ; Yes                       ; Yes                       ;
; ~ALTERA_nCEO~ ; 2.5 V        ; 0 s                 ; 0 s                 ; 2.32 V                       ; 4.18e-09 V                   ; 2.38 V              ; -0.00483 V          ; 0.152 V                              ; 0.012 V                              ; 4.81e-10 s                  ; 6.29e-10 s                  ; Yes                        ; Yes                        ; 2.32 V                      ; 4.18e-09 V                  ; 2.38 V             ; -0.00483 V         ; 0.152 V                             ; 0.012 V                             ; 4.81e-10 s                 ; 6.29e-10 s                 ; Yes                       ; Yes                       ;
+---------------+--------------+---------------------+---------------------+------------------------------+------------------------------+---------------------+---------------------+--------------------------------------+--------------------------------------+-----------------------------+-----------------------------+----------------------------+----------------------------+-----------------------------+-----------------------------+--------------------+--------------------+-------------------------------------+-------------------------------------+----------------------------+----------------------------+---------------------------+---------------------------+


+--------------------------------------------------------------------------------------------------------------------------------------------------------------------------------------------------------------------------------------------------------------------------------------------------------------------------------------------------------------------------------------------------------------------------------------------------------------------------------------------------------------------------------------------------------------------------------------------------------------------------------------------------------------------------------------------+
; Signal Integrity Metrics (Slow 1200mv 85c Model)                                                                                                                                                                                                                                                                                                                                                                                                                                                                                                                                                                                                                                           ;
+---------------+--------------+---------------------+---------------------+------------------------------+------------------------------+---------------------+---------------------+--------------------------------------+--------------------------------------+-----------------------------+-----------------------------+----------------------------+----------------------------+-----------------------------+-----------------------------+--------------------+--------------------+-------------------------------------+-------------------------------------+----------------------------+----------------------------+---------------------------+---------------------------+
; Pin           ; I/O Standard ; Board Delay on Rise ; Board Delay on Fall ; Steady State Voh at FPGA Pin ; Steady State Vol at FPGA Pin ; Voh Max at FPGA Pin ; Vol Min at FPGA Pin ; Ringback Voltage on Rise at FPGA Pin ; Ringback Voltage on Fall at FPGA Pin ; 10-90 Rise Time at FPGA Pin ; 90-10 Fall Time at FPGA Pin ; Monotonic Rise at FPGA Pin ; Monotonic Fall at FPGA Pin ; Steady State Voh at Far-end ; Steady State Vol at Far-end ; Voh Max at Far-end ; Vol Min at Far-end ; Ringback Voltage on Rise at Far-end ; Ringback Voltage on Fall at Far-end ; 10-90 Rise Time at Far-end ; 90-10 Fall Time at Far-end ; Monotonic Rise at Far-end ; Monotonic Fall at Far-end ;
+---------------+--------------+---------------------+---------------------+------------------------------+------------------------------+---------------------+---------------------+--------------------------------------+--------------------------------------+-----------------------------+-----------------------------+----------------------------+----------------------------+-----------------------------+-----------------------------+--------------------+--------------------+-------------------------------------+-------------------------------------+----------------------------+----------------------------+---------------------------+---------------------------+
; I2C_SCLK      ; 2.5 V        ; 0 s                 ; 0 s                 ; 2.32 V                       ; 6.92e-07 V                   ; 2.35 V              ; -0.00996 V          ; 0.121 V                              ; 0.03 V                               ; 4.64e-10 s                  ; 4.47e-10 s                  ; Yes                        ; Yes                        ; 2.32 V                      ; 6.92e-07 V                  ; 2.35 V             ; -0.00996 V         ; 0.121 V                             ; 0.03 V                              ; 4.64e-10 s                 ; 4.47e-10 s                 ; Yes                       ; Yes                       ;
; I2C_SDAT      ; 2.5 V        ; 0 s                 ; 0 s                 ; 2.32 V                       ; 6.92e-07 V                   ; 2.35 V              ; -0.00996 V          ; 0.121 V                              ; 0.03 V                               ; 4.64e-10 s                  ; 4.47e-10 s                  ; Yes                        ; Yes                        ; 2.32 V                      ; 6.92e-07 V                  ; 2.35 V             ; -0.00996 V         ; 0.121 V                             ; 0.03 V                              ; 4.64e-10 s                 ; 4.47e-10 s                 ; Yes                       ; Yes                       ;
; ~ALTERA_DCLK~ ; 2.5 V        ; 0 s                 ; 0 s                 ; 2.32 V                       ; 3.75e-07 V                   ; 2.35 V              ; -0.0109 V           ; 0.084 V                              ; 0.027 V                              ; 4.31e-10 s                  ; 3.61e-10 s                  ; Yes                        ; Yes                        ; 2.32 V                      ; 3.75e-07 V                  ; 2.35 V             ; -0.0109 V          ; 0.084 V                             ; 0.027 V                             ; 4.31e-10 s                 ; 3.61e-10 s                 ; Yes                       ; Yes                       ;
; ~ALTERA_nCEO~ ; 2.5 V        ; 0 s                 ; 0 s                 ; 2.32 V                       ; 6.15e-07 V                   ; 2.35 V              ; -0.00712 V          ; 0.093 V                              ; 0.02 V                               ; 6.21e-10 s                  ; 7.9e-10 s                   ; Yes                        ; Yes                        ; 2.32 V                      ; 6.15e-07 V                  ; 2.35 V             ; -0.00712 V         ; 0.093 V                             ; 0.02 V                              ; 6.21e-10 s                 ; 7.9e-10 s                  ; Yes                       ; Yes                       ;
+---------------+--------------+---------------------+---------------------+------------------------------+------------------------------+---------------------+---------------------+--------------------------------------+--------------------------------------+-----------------------------+-----------------------------+----------------------------+----------------------------+-----------------------------+-----------------------------+--------------------+--------------------+-------------------------------------+-------------------------------------+----------------------------+----------------------------+---------------------------+---------------------------+


+--------------------------------------------------------------------------------------------------------------------------------------------------------------------------------------------------------------------------------------------------------------------------------------------------------------------------------------------------------------------------------------------------------------------------------------------------------------------------------------------------------------------------------------------------------------------------------------------------------------------------------------------------------------------------------------------+
; Signal Integrity Metrics (Fast 1200mv 0c Model)                                                                                                                                                                                                                                                                                                                                                                                                                                                                                                                                                                                                                                            ;
+---------------+--------------+---------------------+---------------------+------------------------------+------------------------------+---------------------+---------------------+--------------------------------------+--------------------------------------+-----------------------------+-----------------------------+----------------------------+----------------------------+-----------------------------+-----------------------------+--------------------+--------------------+-------------------------------------+-------------------------------------+----------------------------+----------------------------+---------------------------+---------------------------+
; Pin           ; I/O Standard ; Board Delay on Rise ; Board Delay on Fall ; Steady State Voh at FPGA Pin ; Steady State Vol at FPGA Pin ; Voh Max at FPGA Pin ; Vol Min at FPGA Pin ; Ringback Voltage on Rise at FPGA Pin ; Ringback Voltage on Fall at FPGA Pin ; 10-90 Rise Time at FPGA Pin ; 90-10 Fall Time at FPGA Pin ; Monotonic Rise at FPGA Pin ; Monotonic Fall at FPGA Pin ; Steady State Voh at Far-end ; Steady State Vol at Far-end ; Voh Max at Far-end ; Vol Min at Far-end ; Ringback Voltage on Rise at Far-end ; Ringback Voltage on Fall at Far-end ; 10-90 Rise Time at Far-end ; 90-10 Fall Time at Far-end ; Monotonic Rise at Far-end ; Monotonic Fall at Far-end ;
+---------------+--------------+---------------------+---------------------+------------------------------+------------------------------+---------------------+---------------------+--------------------------------------+--------------------------------------+-----------------------------+-----------------------------+----------------------------+----------------------------+-----------------------------+-----------------------------+--------------------+--------------------+-------------------------------------+-------------------------------------+----------------------------+----------------------------+---------------------------+---------------------------+
; I2C_SCLK      ; 2.5 V        ; 0 s                 ; 0 s                 ; 2.62 V                       ; 4.05e-08 V                   ; 2.72 V              ; -0.0349 V           ; 0.173 V                              ; 0.1 V                                ; 2.72e-10 s                  ; 2.69e-10 s                  ; Yes                        ; Yes                        ; 2.62 V                      ; 4.05e-08 V                  ; 2.72 V             ; -0.0349 V          ; 0.173 V                             ; 0.1 V                               ; 2.72e-10 s                 ; 2.69e-10 s                 ; Yes                       ; Yes                       ;
; I2C_SDAT      ; 2.5 V        ; 0 s                 ; 0 s                 ; 2.62 V                       ; 4.05e-08 V                   ; 2.72 V              ; -0.0349 V           ; 0.173 V                              ; 0.1 V                                ; 2.72e-10 s                  ; 2.69e-10 s                  ; Yes                        ; Yes                        ; 2.62 V                      ; 4.05e-08 V                  ; 2.72 V             ; -0.0349 V          ; 0.173 V                             ; 0.1 V                               ; 2.72e-10 s                 ; 2.69e-10 s                 ; Yes                       ; Yes                       ;
; ~ALTERA_DCLK~ ; 2.5 V        ; 0 s                 ; 0 s                 ; 2.62 V                       ; 2.22e-08 V                   ; 2.74 V              ; -0.06 V             ; 0.158 V                              ; 0.08 V                               ; 2.68e-10 s                  ; 2.19e-10 s                  ; Yes                        ; Yes                        ; 2.62 V                      ; 2.22e-08 V                  ; 2.74 V             ; -0.06 V            ; 0.158 V                             ; 0.08 V                              ; 2.68e-10 s                 ; 2.19e-10 s                 ; Yes                       ; Yes                       ;
; ~ALTERA_nCEO~ ; 2.5 V        ; 0 s                 ; 0 s                 ; 2.62 V                       ; 3.54e-08 V                   ; 2.7 V               ; -0.00943 V          ; 0.276 V                              ; 0.035 V                              ; 3.19e-10 s                  ; 4.99e-10 s                  ; No                         ; Yes                        ; 2.62 V                      ; 3.54e-08 V                  ; 2.7 V              ; -0.00943 V         ; 0.276 V                             ; 0.035 V                             ; 3.19e-10 s                 ; 4.99e-10 s                 ; No                        ; Yes                       ;
+---------------+--------------+---------------------+---------------------+------------------------------+------------------------------+---------------------+---------------------+--------------------------------------+--------------------------------------+-----------------------------+-----------------------------+----------------------------+----------------------------+-----------------------------+-----------------------------+--------------------+--------------------+-------------------------------------+-------------------------------------+----------------------------+----------------------------+---------------------------+---------------------------+


+---------------------------------------------------------------------------------------------------------------------------------------------------------------------------------+
; Setup Transfers                                                                                                                                                                 ;
+------------------------------------------------------------------+------------------------------------------------------------------+----------+----------+----------+----------+
; From Clock                                                       ; To Clock                                                         ; RR Paths ; FR Paths ; RF Paths ; FF Paths ;
+------------------------------------------------------------------+------------------------------------------------------------------+----------+----------+----------+----------+
; CLOCK_50                                                         ; CLOCK_50                                                         ; 91       ; 0        ; 0        ; 0        ;
; wm8731_configurator:u_config|i2c_master:u_i2c|state.I2C_COMPLETE ; CLOCK_50                                                         ; 14       ; 2        ; 0        ; 0        ;
; wm8731_configurator:u_config|i2c_master:u_i2c|state.I2C_COMPLETE ; wm8731_configurator:u_config|i2c_master:u_i2c|state.I2C_COMPLETE ; 146      ; 0        ; 0        ; 0        ;
+------------------------------------------------------------------+------------------------------------------------------------------+----------+----------+----------+----------+
Entries labeled "false path" only account for clock-to-clock false paths and not path-based false paths. As a result, actual path counts may be lower than reported.


+---------------------------------------------------------------------------------------------------------------------------------------------------------------------------------+
; Hold Transfers                                                                                                                                                                  ;
+------------------------------------------------------------------+------------------------------------------------------------------+----------+----------+----------+----------+
; From Clock                                                       ; To Clock                                                         ; RR Paths ; FR Paths ; RF Paths ; FF Paths ;
+------------------------------------------------------------------+------------------------------------------------------------------+----------+----------+----------+----------+
; CLOCK_50                                                         ; CLOCK_50                                                         ; 91       ; 0        ; 0        ; 0        ;
; wm8731_configurator:u_config|i2c_master:u_i2c|state.I2C_COMPLETE ; CLOCK_50                                                         ; 14       ; 2        ; 0        ; 0        ;
; wm8731_configurator:u_config|i2c_master:u_i2c|state.I2C_COMPLETE ; wm8731_configurator:u_config|i2c_master:u_i2c|state.I2C_COMPLETE ; 146      ; 0        ; 0        ; 0        ;
+------------------------------------------------------------------+------------------------------------------------------------------+----------+----------+----------+----------+
Entries labeled "false path" only account for clock-to-clock false paths and not path-based false paths. As a result, actual path counts may be lower than reported.


---------------
; Report TCCS ;
---------------
No dedicated SERDES Transmitter circuitry present in device or used in design


---------------
; Report RSKM ;
---------------
No non-DPA dedicated SERDES Receiver circuitry present in device or used in design


+------------------------------------------------+
; Unconstrained Paths Summary                    ;
+---------------------------------+-------+------+
; Property                        ; Setup ; Hold ;
+---------------------------------+-------+------+
; Illegal Clocks                  ; 0     ; 0    ;
; Unconstrained Clocks            ; 0     ; 0    ;
; Unconstrained Input Ports       ; 1     ; 1    ;
; Unconstrained Input Port Paths  ; 31    ; 31   ;
; Unconstrained Output Ports      ; 2     ; 2    ;
; Unconstrained Output Port Paths ; 2     ; 2    ;
+---------------------------------+-------+------+


+----------------------------------------------------------------------------------------------------------------------------------------------------------+
; Clock Status Summary                                                                                                                                     ;
+------------------------------------------------------------------+------------------------------------------------------------------+------+-------------+
; Target                                                           ; Clock                                                            ; Type ; Status      ;
+------------------------------------------------------------------+------------------------------------------------------------------+------+-------------+
; CLOCK_50                                                         ; CLOCK_50                                                         ; Base ; Constrained ;
; wm8731_configurator:u_config|i2c_master:u_i2c|state.I2C_COMPLETE ; wm8731_configurator:u_config|i2c_master:u_i2c|state.I2C_COMPLETE ; Base ; Constrained ;
+------------------------------------------------------------------+------------------------------------------------------------------+------+-------------+


+---------------------------------------------------------------------------------------------------+
; Unconstrained Input Ports                                                                         ;
+------------+--------------------------------------------------------------------------------------+
; Input Port ; Comment                                                                              ;
+------------+--------------------------------------------------------------------------------------+
; KEY[0]     ; No input delay, min/max delays, false-path exceptions, or max skew assignments found ;
+------------+--------------------------------------------------------------------------------------+


+-----------------------------------------------------------------------------------------------------+
; Unconstrained Output Ports                                                                          ;
+-------------+---------------------------------------------------------------------------------------+
; Output Port ; Comment                                                                               ;
+-------------+---------------------------------------------------------------------------------------+
; I2C_SCLK    ; No output delay, min/max delays, false-path exceptions, or max skew assignments found ;
; I2C_SDAT    ; No output delay, min/max delays, false-path exceptions, or max skew assignments found ;
+-------------+---------------------------------------------------------------------------------------+


+---------------------------------------------------------------------------------------------------+
; Unconstrained Input Ports                                                                         ;
+------------+--------------------------------------------------------------------------------------+
; Input Port ; Comment                                                                              ;
+------------+--------------------------------------------------------------------------------------+
; KEY[0]     ; No input delay, min/max delays, false-path exceptions, or max skew assignments found ;
+------------+--------------------------------------------------------------------------------------+


+-----------------------------------------------------------------------------------------------------+
; Unconstrained Output Ports                                                                          ;
+-------------+---------------------------------------------------------------------------------------+
; Output Port ; Comment                                                                               ;
+-------------+---------------------------------------------------------------------------------------+
; I2C_SCLK    ; No output delay, min/max delays, false-path exceptions, or max skew assignments found ;
; I2C_SDAT    ; No output delay, min/max delays, false-path exceptions, or max skew assignments found ;
+-------------+---------------------------------------------------------------------------------------+


+--------------------------+
; Timing Analyzer Messages ;
+--------------------------+
Info: *******************************************************************
Info: Running Quartus Prime Timing Analyzer
    Info: Version 23.1std.1 Build 993 05/14/2024 SC Standard Edition
    Info: Processing started: Wed Mar 12 13:23:42 2025
Info: Command: quartus_sta sound_check_top -c sound_check_top
Info: qsta_default_script.tcl version: #1
Warning (20013): Ignored 24 assignments for entity "chipInterface" -- entity does not exist in design
    Warning (20014): Assignment for entity set_instance_assignment -name PARTITION_HIERARCHY root_partition -to | -entity chipInterface -section_id Top was ignored
    Warning (20014): Assignment for entity set_global_assignment -name PARTITION_NETLIST_TYPE SOURCE -entity chipInterface -section_id Top was ignored
    Warning (20014): Assignment for entity set_global_assignment -name PARTITION_FITTER_PRESERVATION_LEVEL PLACEMENT_AND_ROUTING -entity chipInterface -section_id Top was ignored
    Warning (20014): Assignment for entity set_global_assignment -name PARTITION_PRESERVE_HIGH_SPEED_TILES ON -entity chipInterface -section_id Top was ignored
    Warning (20014): Assignment for entity set_global_assignment -name PARTITION_IGNORE_SOURCE_FILE_CHANGES OFF -entity chipInterface -section_id Top was ignored
    Warning (20014): Assignment for entity set_global_assignment -name PARTITION_ALWAYS_USE_QXP_NETLIST OFF -entity chipInterface -section_id Top was ignored
    Warning (20014): Assignment for entity set_global_assignment -name PARTITION_COLOR 16764057 -entity chipInterface -section_id Top was ignored
    Warning (20014): Assignment for entity set_global_assignment -name PARTITION_IMPORT_ASSIGNMENTS ON -entity chipInterface -section_id Top was ignored
    Warning (20014): Assignment for entity set_global_assignment -name PARTITION_IMPORT_EXISTING_ASSIGNMENTS REPLACE_CONFLICTING -entity chipInterface -section_id Top was ignored
    Warning (20014): Assignment for entity set_global_assignment -name PARTITION_IMPORT_EXISTING_LOGICLOCK_REGIONS UPDATE_CONFLICTING -entity chipInterface -section_id Top was ignored
    Warning (20014): Assignment for entity set_global_assignment -name PARTITION_IMPORT_PIN_ASSIGNMENTS ON -entity chipInterface -section_id Top was ignored
    Warning (20014): Assignment for entity set_global_assignment -name PARTITION_IMPORT_PROMOTE_ASSIGNMENTS ON -entity chipInterface -section_id Top was ignored
    Warning (20014): Assignment for entity set_global_assignment -name PARTITION_TYPE STANDARD_PARTITION -entity chipInterface -section_id Top was ignored
    Warning (20014): Assignment for entity set_global_assignment -name ALLOW_MULTIPLE_PERSONAS OFF -entity chipInterface -section_id Top was ignored
    Warning (20014): Assignment for entity set_global_assignment -name PARTITION_ASD_REGION_ID 1 -entity chipInterface -section_id Top was ignored
    Warning (20014): Assignment for entity set_global_assignment -name CROSS_BOUNDARY_OPTIMIZATIONS OFF -entity chipInterface -section_id Top was ignored
    Warning (20014): Assignment for entity set_global_assignment -name PROPAGATE_CONSTANTS_ON_INPUTS ON -entity chipInterface -section_id Top was ignored
    Warning (20014): Assignment for entity set_global_assignment -name PROPAGATE_INVERSIONS_ON_INPUTS ON -entity chipInterface -section_id Top was ignored
    Warning (20014): Assignment for entity set_global_assignment -name REMOVE_LOGIC_ON_UNCONNECTED_OUTPUTS ON -entity chipInterface -section_id Top was ignored
    Warning (20014): Assignment for entity set_global_assignment -name MERGE_EQUIVALENT_INPUTS ON -entity chipInterface -section_id Top was ignored
    Warning (20014): Assignment for entity set_global_assignment -name MERGE_EQUIVALENT_BIDIRS ON -entity chipInterface -section_id Top was ignored
    Warning (20014): Assignment for entity set_global_assignment -name ABSORB_PATHS_FROM_OUTPUTS_TO_INPUTS ON -entity chipInterface -section_id Top was ignored
    Warning (20014): Assignment for entity set_global_assignment -name PARTITION_EXTRACT_HARD_BLOCK_NODES ON -entity chipInterface -section_id Top was ignored
    Warning (20014): Assignment for entity set_global_assignment -name PARTITION_ENABLE_STRICT_PRESERVATION OFF -entity chipInterface -section_id Top was ignored
Warning (20013): Ignored 24 assignments for entity "vga_test" -- entity does not exist in design
    Warning (20014): Assignment for entity set_instance_assignment -name PARTITION_HIERARCHY root_partition -to | -entity vga_test -section_id Top was ignored
    Warning (20014): Assignment for entity set_global_assignment -name PARTITION_NETLIST_TYPE SOURCE -entity vga_test -section_id Top was ignored
    Warning (20014): Assignment for entity set_global_assignment -name PARTITION_FITTER_PRESERVATION_LEVEL PLACEMENT_AND_ROUTING -entity vga_test -section_id Top was ignored
    Warning (20014): Assignment for entity set_global_assignment -name PARTITION_PRESERVE_HIGH_SPEED_TILES ON -entity vga_test -section_id Top was ignored
    Warning (20014): Assignment for entity set_global_assignment -name PARTITION_IGNORE_SOURCE_FILE_CHANGES OFF -entity vga_test -section_id Top was ignored
    Warning (20014): Assignment for entity set_global_assignment -name PARTITION_ALWAYS_USE_QXP_NETLIST OFF -entity vga_test -section_id Top was ignored
    Warning (20014): Assignment for entity set_global_assignment -name PARTITION_COLOR 16764057 -entity vga_test -section_id Top was ignored
    Warning (20014): Assignment for entity set_global_assignment -name PARTITION_IMPORT_ASSIGNMENTS ON -entity vga_test -section_id Top was ignored
    Warning (20014): Assignment for entity set_global_assignment -name PARTITION_IMPORT_EXISTING_ASSIGNMENTS REPLACE_CONFLICTING -entity vga_test -section_id Top was ignored
    Warning (20014): Assignment for entity set_global_assignment -name PARTITION_IMPORT_EXISTING_LOGICLOCK_REGIONS UPDATE_CONFLICTING -entity vga_test -section_id Top was ignored
    Warning (20014): Assignment for entity set_global_assignment -name PARTITION_IMPORT_PIN_ASSIGNMENTS ON -entity vga_test -section_id Top was ignored
    Warning (20014): Assignment for entity set_global_assignment -name PARTITION_IMPORT_PROMOTE_ASSIGNMENTS ON -entity vga_test -section_id Top was ignored
    Warning (20014): Assignment for entity set_global_assignment -name PARTITION_TYPE STANDARD_PARTITION -entity vga_test -section_id Top was ignored
    Warning (20014): Assignment for entity set_global_assignment -name ALLOW_MULTIPLE_PERSONAS OFF -entity vga_test -section_id Top was ignored
    Warning (20014): Assignment for entity set_global_assignment -name PARTITION_ASD_REGION_ID 1 -entity vga_test -section_id Top was ignored
    Warning (20014): Assignment for entity set_global_assignment -name CROSS_BOUNDARY_OPTIMIZATIONS OFF -entity vga_test -section_id Top was ignored
    Warning (20014): Assignment for entity set_global_assignment -name PROPAGATE_CONSTANTS_ON_INPUTS ON -entity vga_test -section_id Top was ignored
    Warning (20014): Assignment for entity set_global_assignment -name PROPAGATE_INVERSIONS_ON_INPUTS ON -entity vga_test -section_id Top was ignored
    Warning (20014): Assignment for entity set_global_assignment -name REMOVE_LOGIC_ON_UNCONNECTED_OUTPUTS ON -entity vga_test -section_id Top was ignored
    Warning (20014): Assignment for entity set_global_assignment -name MERGE_EQUIVALENT_INPUTS ON -entity vga_test -section_id Top was ignored
    Warning (20014): Assignment for entity set_global_assignment -name MERGE_EQUIVALENT_BIDIRS ON -entity vga_test -section_id Top was ignored
    Warning (20014): Assignment for entity set_global_assignment -name ABSORB_PATHS_FROM_OUTPUTS_TO_INPUTS ON -entity vga_test -section_id Top was ignored
    Warning (20014): Assignment for entity set_global_assignment -name PARTITION_EXTRACT_HARD_BLOCK_NODES ON -entity vga_test -section_id Top was ignored
    Warning (20014): Assignment for entity set_global_assignment -name PARTITION_ENABLE_STRICT_PRESERVATION OFF -entity vga_test -section_id Top was ignored
Warning (18236): Number of processors has not been specified which may cause overloading on shared machines.  Set the global assignment NUM_PARALLEL_PROCESSORS in your QSF to an appropriate value for best performance.
Info (20030): Parallel compilation is enabled and will use 12 of the 12 processors detected
Info (21077): Low junction temperature is 0 degrees C
Info (21077): High junction temperature is 85 degrees C
Info (332104): Reading SDC File: 'sound_check_top.out.sdc'
Info: Found TIMING_ANALYZER_REPORT_SCRIPT_INCLUDE_DEFAULT_ANALYSIS = ON
Info: Analyzing Slow 1200mV 85C Model
Critical Warning (332148): Timing requirements not met
    Info (11105): For recommendations on closing timing, run Report Timing Closure Recommendations in the Timing Analyzer.
Info (332146): Worst-case setup slack is -1.777
    Info (332119):     Slack       End Point TNS Clock 
    Info (332119): ========= =================== =====================
    Info (332119):    -1.777              -3.809 CLOCK_50 
    Info (332119):    -1.454             -20.665 wm8731_configurator:u_config|i2c_master:u_i2c|state.I2C_COMPLETE 
Info (332146): Worst-case hold slack is 0.402
    Info (332119):     Slack       End Point TNS Clock 
    Info (332119): ========= =================== =====================
    Info (332119):     0.402               0.000 CLOCK_50 
    Info (332119):     0.402               0.000 wm8731_configurator:u_config|i2c_master:u_i2c|state.I2C_COMPLETE 
Info (332140): No Recovery paths to report
Info (332140): No Removal paths to report
Info (332146): Worst-case minimum pulse width slack is -1.285
    Info (332119):     Slack       End Point TNS Clock 
    Info (332119): ========= =================== =====================
    Info (332119):    -1.285             -23.130 wm8731_configurator:u_config|i2c_master:u_i2c|state.I2C_COMPLETE 
    Info (332119):     9.755               0.000 CLOCK_50 
Info: Analyzing Slow 1200mV 0C Model
Info (334003): Started post-fitting delay annotation
Info (334004): Delay annotation completed successfully
Critical Warning (332148): Timing requirements not met
    Info (11105): For recommendations on closing timing, run Report Timing Closure Recommendations in the Timing Analyzer.
Info (332146): Worst-case setup slack is -1.505
    Info (332119):     Slack       End Point TNS Clock 
    Info (332119): ========= =================== =====================
    Info (332119):    -1.505              -3.109 CLOCK_50 
    Info (332119):    -1.233             -17.109 wm8731_configurator:u_config|i2c_master:u_i2c|state.I2C_COMPLETE 
Info (332146): Worst-case hold slack is 0.354
    Info (332119):     Slack       End Point TNS Clock 
    Info (332119): ========= =================== =====================
    Info (332119):     0.354               0.000 CLOCK_50 
    Info (332119):     0.354               0.000 wm8731_configurator:u_config|i2c_master:u_i2c|state.I2C_COMPLETE 
Info (332140): No Recovery paths to report
Info (332140): No Removal paths to report
Info (332146): Worst-case minimum pulse width slack is -1.285
    Info (332119):     Slack       End Point TNS Clock 
    Info (332119): ========= =================== =====================
    Info (332119):    -1.285             -23.130 wm8731_configurator:u_config|i2c_master:u_i2c|state.I2C_COMPLETE 
    Info (332119):     9.776               0.000 CLOCK_50 
Info: Analyzing Fast 1200mV 0C Model
Critical Warning (332148): Timing requirements not met
    Info (11105): For recommendations on closing timing, run Report Timing Closure Recommendations in the Timing Analyzer.
Info (332146): Worst-case setup slack is -0.444
    Info (332119):     Slack       End Point TNS Clock 
    Info (332119): ========= =================== =====================
    Info (332119):    -0.444              -0.721 CLOCK_50 
    Info (332119):    -0.173              -1.195 wm8731_configurator:u_config|i2c_master:u_i2c|state.I2C_COMPLETE 
Info (332146): Worst-case hold slack is 0.181
    Info (332119):     Slack       End Point TNS Clock 
    Info (332119): ========= =================== =====================
    Info (332119):     0.181               0.000 CLOCK_50 
    Info (332119):     0.181               0.000 wm8731_configurator:u_config|i2c_master:u_i2c|state.I2C_COMPLETE 
Info (332140): No Recovery paths to report
Info (332140): No Removal paths to report
Info (332146): Worst-case minimum pulse width slack is -1.000
    Info (332119):     Slack       End Point TNS Clock 
    Info (332119): ========= =================== =====================
    Info (332119):    -1.000             -18.000 wm8731_configurator:u_config|i2c_master:u_i2c|state.I2C_COMPLETE 
    Info (332119):     9.437               0.000 CLOCK_50 
Info (332102): Design is not fully constrained for setup requirements
Info (332102): Design is not fully constrained for hold requirements
Info: Quartus Prime Timing Analyzer was successful. 0 errors, 54 warnings
    Info: Peak virtual memory: 669 megabytes
    Info: Processing ended: Wed Mar 12 13:23:43 2025
    Info: Elapsed time: 00:00:01
    Info: Total CPU time (on all processors): 00:00:01


