Timing Analyzer report for gameboy
Mon Mar 31 09:45:21 2025
Quartus Prime Version 23.1std.1 Build 993 05/14/2024 SC Standard Edition


---------------------
; Table of Contents ;
---------------------
  1. Legal Notice
  2. Timing Analyzer Summary
  3. Parallel Compilation
  4. SDC File List
  5. Clocks
  6. Slow 1200mV 85C Model Fmax Summary
  7. Timing Closure Recommendations
  8. Slow 1200mV 85C Model Setup Summary
  9. Slow 1200mV 85C Model Hold Summary
 10. Slow 1200mV 85C Model Recovery Summary
 11. Slow 1200mV 85C Model Removal Summary
 12. Slow 1200mV 85C Model Minimum Pulse Width Summary
 13. Slow 1200mV 85C Model Setup: 'CLOCK_50'
 14. Slow 1200mV 85C Model Setup: 'CLOCK2_50'
 15. Slow 1200mV 85C Model Setup: 'CLOCK3_50'
 16. Slow 1200mV 85C Model Hold: 'CLOCK2_50'
 17. Slow 1200mV 85C Model Hold: 'CLOCK_50'
 18. Slow 1200mV 85C Model Hold: 'CLOCK3_50'
 19. Slow 1200mV 85C Model Recovery: 'CLOCK2_50'
 20. Slow 1200mV 85C Model Removal: 'CLOCK2_50'
 21. Slow 1200mV 85C Model Metastability Summary
 22. Slow 1200mV 0C Model Fmax Summary
 23. Slow 1200mV 0C Model Setup Summary
 24. Slow 1200mV 0C Model Hold Summary
 25. Slow 1200mV 0C Model Recovery Summary
 26. Slow 1200mV 0C Model Removal Summary
 27. Slow 1200mV 0C Model Minimum Pulse Width Summary
 28. Slow 1200mV 0C Model Setup: 'CLOCK_50'
 29. Slow 1200mV 0C Model Setup: 'CLOCK2_50'
 30. Slow 1200mV 0C Model Setup: 'CLOCK3_50'
 31. Slow 1200mV 0C Model Hold: 'CLOCK2_50'
 32. Slow 1200mV 0C Model Hold: 'CLOCK_50'
 33. Slow 1200mV 0C Model Hold: 'CLOCK3_50'
 34. Slow 1200mV 0C Model Recovery: 'CLOCK2_50'
 35. Slow 1200mV 0C Model Removal: 'CLOCK2_50'
 36. Slow 1200mV 0C Model Metastability Summary
 37. Fast 1200mV 0C Model Setup Summary
 38. Fast 1200mV 0C Model Hold Summary
 39. Fast 1200mV 0C Model Recovery Summary
 40. Fast 1200mV 0C Model Removal Summary
 41. Fast 1200mV 0C Model Minimum Pulse Width Summary
 42. Fast 1200mV 0C Model Setup: 'CLOCK_50'
 43. Fast 1200mV 0C Model Setup: 'CLOCK2_50'
 44. Fast 1200mV 0C Model Setup: 'CLOCK3_50'
 45. Fast 1200mV 0C Model Hold: 'CLOCK2_50'
 46. Fast 1200mV 0C Model Hold: 'CLOCK_50'
 47. Fast 1200mV 0C Model Hold: 'CLOCK3_50'
 48. Fast 1200mV 0C Model Recovery: 'CLOCK2_50'
 49. Fast 1200mV 0C Model Removal: 'CLOCK2_50'
 50. Fast 1200mV 0C Model Metastability Summary
 51. Multicorner Timing Analysis Summary
 52. Board Trace Model Assignments
 53. Input Transition Times
 54. Signal Integrity Metrics (Slow 1200mv 0c Model)
 55. Signal Integrity Metrics (Slow 1200mv 85c Model)
 56. Signal Integrity Metrics (Fast 1200mv 0c Model)
 57. Setup Transfers
 58. Hold Transfers
 59. Recovery Transfers
 60. Removal Transfers
 61. Report TCCS
 62. Report RSKM
 63. Unconstrained Paths Summary
 64. Clock Status Summary
 65. Unconstrained Input Ports
 66. Unconstrained Output Ports
 67. Unconstrained Input Ports
 68. Unconstrained Output Ports
 69. Timing Analyzer Messages



----------------
; Legal Notice ;
----------------
Copyright (C) 2024  Intel Corporation. All rights reserved.
Your use of Intel Corporation's design tools, logic functions 
and other software and tools, and any partner logic 
functions, and any output files from any of the foregoing 
(including device programming or simulation files), and any 
associated documentation or information are expressly subject 
to the terms and conditions of the Intel Program License 
Subscription Agreement, the Intel Quartus Prime License Agreement,
the Intel FPGA IP License Agreement, or other applicable license
agreement, including, without limitation, that your use is for
the sole purpose of programming logic devices manufactured by
Intel and sold by Intel or its authorized distributors.  Please
refer to the applicable agreement for further details, at
https://fpgasoftware.intel.com/eula.



+------------------------------------------------------------------------------------+
; Timing Analyzer Summary                                                            ;
+-----------------------+------------------------------------------------------------+
; Quartus Prime Version ; Version 23.1std.1 Build 993 05/14/2024 SC Standard Edition ;
; Timing Analyzer       ; Legacy Timing Analyzer                                     ;
; Revision Name         ; gameboy                                                    ;
; Device Family         ; Cyclone IV E                                               ;
; Device Name           ; EP4CE115F29C7                                              ;
; Timing Models         ; Final                                                      ;
; Delay Model           ; Combined                                                   ;
; Rise/Fall Delays      ; Enabled                                                    ;
+-----------------------+------------------------------------------------------------+


+------------------------------------------+
; Parallel Compilation                     ;
+----------------------------+-------------+
; Processors                 ; Number      ;
+----------------------------+-------------+
; Number detected on machine ; 20          ;
; Maximum allowed            ; 12          ;
;                            ;             ;
; Average used               ; 1.64        ;
; Maximum used               ; 12          ;
;                            ;             ;
; Usage by Processor         ; % Time Used ;
;     Processor 1            ; 100.0%      ;
;     Processor 2            ;  18.4%      ;
;     Processor 3            ;  17.9%      ;
;     Processor 4            ;  15.0%      ;
;     Processors 5-12        ;   1.6%      ;
+----------------------------+-------------+


+---------------------------------------------------+
; SDC File List                                     ;
+---------------+--------+--------------------------+
; SDC File Path ; Status ; Read at                  ;
+---------------+--------+--------------------------+
; gameboy.sdc   ; OK     ; Mon Mar 31 09:45:19 2025 ;
+---------------+--------+--------------------------+


+-----------------------------------------------------------------------------------------------------------------------------------------------------------------------------------------+
; Clocks                                                                                                                                                                                  ;
+------------+------+---------+-----------+-------+---------+------------+-----------+-------------+-------+--------+-----------+------------+----------+--------+--------+---------------+
; Clock Name ; Type ; Period  ; Frequency ; Rise  ; Fall    ; Duty Cycle ; Divide by ; Multiply by ; Phase ; Offset ; Edge List ; Edge Shift ; Inverted ; Master ; Source ; Targets       ;
+------------+------+---------+-----------+-------+---------+------------+-----------+-------------+-------+--------+-----------+------------+----------+--------+--------+---------------+
; CLOCK2_50  ; Base ; 250.000 ; 4.0 MHz   ; 0.000 ; 125.000 ;            ;           ;             ;       ;        ;           ;            ;          ;        ;        ; { CLOCK2_50 } ;
; CLOCK3_50  ; Base ; 20.000  ; 50.0 MHz  ; 0.000 ; 10.000  ;            ;           ;             ;       ;        ;           ;            ;          ;        ;        ; { CLOCK3_50 } ;
; CLOCK_50   ; Base ; 125.000 ; 8.0 MHz   ; 0.000 ; 62.500  ;            ;           ;             ;       ;        ;           ;            ;          ;        ;        ; { CLOCK_50 }  ;
+------------+------+---------+-----------+-------+---------+------------+-----------+-------------+-------+--------+-----------+------------+----------+--------+--------+---------------+


+--------------------------------------------------+
; Slow 1200mV 85C Model Fmax Summary               ;
+------------+-----------------+------------+------+
; Fmax       ; Restricted Fmax ; Clock Name ; Note ;
+------------+-----------------+------------+------+
; 18.24 MHz  ; 18.24 MHz       ; CLOCK2_50  ;      ;
; 24.3 MHz   ; 24.3 MHz        ; CLOCK_50   ;      ;
; 235.13 MHz ; 235.13 MHz      ; CLOCK3_50  ;      ;
+------------+-----------------+------------+------+
This panel reports FMAX for every clock in the design, regardless of the user-specified clock periods.  FMAX is only computed for paths where the source and destination registers or ports are driven by the same clock.  Paths of different clocks, including generated clocks, are ignored.  For paths between a clock and its inversion, FMAX is computed as if the rising and falling edges are scaled along with FMAX, such that the duty cycle (in terms of a percentage) is maintained. Altera recommends that you always use clock constraints and other slack reports for sign-off analysis.


----------------------------------
; Timing Closure Recommendations ;
----------------------------------
HTML report is unavailable in plain text report export.


+-------------------------------------+
; Slow 1200mV 85C Model Setup Summary ;
+-----------+--------+----------------+
; Clock     ; Slack  ; End Point TNS  ;
+-----------+--------+----------------+
; CLOCK_50  ; 1.734  ; 0.000          ;
; CLOCK2_50 ; 3.599  ; 0.000          ;
; CLOCK3_50 ; 15.747 ; 0.000          ;
+-----------+--------+----------------+


+------------------------------------+
; Slow 1200mV 85C Model Hold Summary ;
+-----------+-------+----------------+
; Clock     ; Slack ; End Point TNS  ;
+-----------+-------+----------------+
; CLOCK2_50 ; 0.402 ; 0.000          ;
; CLOCK_50  ; 0.402 ; 0.000          ;
; CLOCK3_50 ; 0.641 ; 0.000          ;
+-----------+-------+----------------+


+----------------------------------------+
; Slow 1200mV 85C Model Recovery Summary ;
+-----------+-------+--------------------+
; Clock     ; Slack ; End Point TNS      ;
+-----------+-------+--------------------+
; CLOCK2_50 ; 5.383 ; 0.000              ;
+-----------+-------+--------------------+


+---------------------------------------+
; Slow 1200mV 85C Model Removal Summary ;
+-----------+-------+-------------------+
; Clock     ; Slack ; End Point TNS     ;
+-----------+-------+-------------------+
; CLOCK2_50 ; 2.583 ; 0.000             ;
+-----------+-------+-------------------+


+---------------------------------------------------+
; Slow 1200mV 85C Model Minimum Pulse Width Summary ;
+-----------+---------+-----------------------------+
; Clock     ; Slack   ; End Point TNS               ;
+-----------+---------+-----------------------------+
; CLOCK3_50 ; 9.763   ; 0.000                       ;
; CLOCK_50  ; 62.127  ; 0.000                       ;
; CLOCK2_50 ; 124.761 ; 0.000                       ;
+-----------+---------+-----------------------------+


+------------------------------------------------------------------------------------------------------------------------------------------------------------------------------------------------------------------------------------------------------------------------------------------------------------------------------------------------------+
; Slow 1200mV 85C Model Setup: 'CLOCK_50'                                                                                                                                                                                                                                                                                                              ;
+--------+----------------------------------------------------------------------------------------------------+------------------------------------------------------------------------------------------------------------------------------------------------------------------+--------------+-------------+--------------+------------+------------+
; Slack  ; From Node                                                                                          ; To Node                                                                                                                                                          ; Launch Clock ; Latch Clock ; Relationship ; Clock Skew ; Data Delay ;
+--------+----------------------------------------------------------------------------------------------------+------------------------------------------------------------------------------------------------------------------------------------------------------------------+--------------+-------------+--------------+------------+------------+
; 1.734  ; rst                                                                                                ; gameboy:dut|MMU:mmu|BRAM_handler:memory_units|MM_out_chooser:memory_out_muxer|cpu_select[0]                                                                      ; CLOCK3_50    ; CLOCK_50    ; 5.000        ; -0.024     ; 3.260      ;
; 1.885  ; rst                                                                                                ; gameboy:dut|MMU:mmu|BRAM_handler:memory_units|MM_out_chooser:memory_out_muxer|cpu_select[2]                                                                      ; CLOCK3_50    ; CLOCK_50    ; 5.000        ; -0.024     ; 3.109      ;
; 2.022  ; rst                                                                                                ; gameboy:dut|MMU:mmu|BRAM_handler:memory_units|MM_out_chooser:memory_out_muxer|dma_select[0]                                                                      ; CLOCK3_50    ; CLOCK_50    ; 5.000        ; -0.024     ; 2.972      ;
; 2.022  ; rst                                                                                                ; gameboy:dut|MMU:mmu|BRAM_handler:memory_units|MM_out_chooser:memory_out_muxer|dma_select[2]                                                                      ; CLOCK3_50    ; CLOCK_50    ; 5.000        ; -0.024     ; 2.972      ;
; 2.285  ; rst                                                                                                ; gameboy:dut|MMU:mmu|BRAM_handler:memory_units|MM_out_chooser:memory_out_muxer|cpu_select[3]                                                                      ; CLOCK3_50    ; CLOCK_50    ; 5.000        ; -0.021     ; 2.712      ;
; 2.513  ; rst                                                                                                ; gameboy:dut|MMU:mmu|BRAM_handler:memory_units|MM_out_chooser:memory_out_muxer|ppu_select[2]                                                                      ; CLOCK3_50    ; CLOCK_50    ; 5.000        ; -0.024     ; 2.481      ;
; 2.549  ; rst                                                                                                ; gameboy:dut|MMU:mmu|BRAM_handler:memory_units|MM_out_chooser:memory_out_muxer|dma_select[1]                                                                      ; CLOCK3_50    ; CLOCK_50    ; 5.000        ; -0.024     ; 2.445      ;
; 2.549  ; rst                                                                                                ; gameboy:dut|MMU:mmu|BRAM_handler:memory_units|MM_out_chooser:memory_out_muxer|ppu_select[0]                                                                      ; CLOCK3_50    ; CLOCK_50    ; 5.000        ; -0.024     ; 2.445      ;
; 2.577  ; rst                                                                                                ; gameboy:dut|MMU:mmu|BRAM_handler:memory_units|MM_out_chooser:memory_out_muxer|cpu_select[1]                                                                      ; CLOCK3_50    ; CLOCK_50    ; 5.000        ; -0.024     ; 2.417      ;
; 68.749 ; gameboy:dut|PPU_Wrapper:ppu|OAM_Search:oam_search|selected_sprites_reg[0].x[4]                     ; gameboy:dut|MMU:mmu|BRAM_handler:memory_units|DUAL_VRAM_8KB:vram0|altsyncram:altsyncram_component|altsyncram_54g2:auto_generated|ram_block1a5~portb_address_reg0 ; CLOCK2_50    ; CLOCK_50    ; 125.000      ; 0.334      ; 56.603     ;
; 68.779 ; gameboy:dut|PPU_Wrapper:ppu|OAM_Search:oam_search|selected_sprites_reg[0].x[4]                     ; gameboy:dut|MMU:mmu|BRAM_handler:memory_units|DUAL_VRAM_8KB:vram0|altsyncram:altsyncram_component|altsyncram_54g2:auto_generated|ram_block1a7~portb_address_reg0 ; CLOCK2_50    ; CLOCK_50    ; 125.000      ; 0.332      ; 56.571     ;
; 68.822 ; gameboy:dut|PPU_Wrapper:ppu|OAM_Search:oam_search|selected_sprites_reg[0].x[4]                     ; gameboy:dut|MMU:mmu|BRAM_handler:memory_units|DUAL_VRAM_8KB:vram0|altsyncram:altsyncram_component|altsyncram_54g2:auto_generated|ram_block1a3~portb_address_reg0 ; CLOCK2_50    ; CLOCK_50    ; 125.000      ; 0.330      ; 56.526     ;
; 68.847 ; gameboy:dut|PPU_Wrapper:ppu|OAM_Search:oam_search|selected_sprites_reg[0].x[3]                     ; gameboy:dut|MMU:mmu|BRAM_handler:memory_units|DUAL_VRAM_8KB:vram0|altsyncram:altsyncram_component|altsyncram_54g2:auto_generated|ram_block1a5~portb_address_reg0 ; CLOCK2_50    ; CLOCK_50    ; 125.000      ; 0.340      ; 56.511     ;
; 68.877 ; gameboy:dut|PPU_Wrapper:ppu|OAM_Search:oam_search|selected_sprites_reg[0].x[3]                     ; gameboy:dut|MMU:mmu|BRAM_handler:memory_units|DUAL_VRAM_8KB:vram0|altsyncram:altsyncram_component|altsyncram_54g2:auto_generated|ram_block1a7~portb_address_reg0 ; CLOCK2_50    ; CLOCK_50    ; 125.000      ; 0.338      ; 56.479     ;
; 68.920 ; gameboy:dut|PPU_Wrapper:ppu|OAM_Search:oam_search|selected_sprites_reg[0].x[3]                     ; gameboy:dut|MMU:mmu|BRAM_handler:memory_units|DUAL_VRAM_8KB:vram0|altsyncram:altsyncram_component|altsyncram_54g2:auto_generated|ram_block1a3~portb_address_reg0 ; CLOCK2_50    ; CLOCK_50    ; 125.000      ; 0.336      ; 56.434     ;
; 69.034 ; gameboy:dut|PPU_Wrapper:ppu|OAM_Search:oam_search|selected_sprites_reg[0].x[5]                     ; gameboy:dut|MMU:mmu|BRAM_handler:memory_units|DUAL_VRAM_8KB:vram0|altsyncram:altsyncram_component|altsyncram_54g2:auto_generated|ram_block1a5~portb_address_reg0 ; CLOCK2_50    ; CLOCK_50    ; 125.000      ; 0.340      ; 56.324     ;
; 69.064 ; gameboy:dut|PPU_Wrapper:ppu|OAM_Search:oam_search|selected_sprites_reg[0].x[5]                     ; gameboy:dut|MMU:mmu|BRAM_handler:memory_units|DUAL_VRAM_8KB:vram0|altsyncram:altsyncram_component|altsyncram_54g2:auto_generated|ram_block1a7~portb_address_reg0 ; CLOCK2_50    ; CLOCK_50    ; 125.000      ; 0.338      ; 56.292     ;
; 69.095 ; gameboy:dut|PPU_Wrapper:ppu|OAM_Search:oam_search|selected_sprites_reg[0].x[4]                     ; gameboy:dut|MMU:mmu|BRAM_handler:memory_units|MM_out_chooser:memory_out_muxer|ppu_select[2]                                                                      ; CLOCK2_50    ; CLOCK_50    ; 125.000      ; -0.012     ; 55.871     ;
; 69.100 ; gameboy:dut|PPU_Wrapper:ppu|OAM_Search:oam_search|selected_sprites_reg[0].x[4]                     ; gameboy:dut|MMU:mmu|BRAM_handler:memory_units|DUAL_VRAM_8KB:vram0|altsyncram:altsyncram_component|altsyncram_54g2:auto_generated|ram_block1a1~portb_address_reg0 ; CLOCK2_50    ; CLOCK_50    ; 125.000      ; 0.348      ; 56.266     ;
; 69.107 ; gameboy:dut|PPU_Wrapper:ppu|OAM_Search:oam_search|selected_sprites_reg[0].x[5]                     ; gameboy:dut|MMU:mmu|BRAM_handler:memory_units|DUAL_VRAM_8KB:vram0|altsyncram:altsyncram_component|altsyncram_54g2:auto_generated|ram_block1a3~portb_address_reg0 ; CLOCK2_50    ; CLOCK_50    ; 125.000      ; 0.336      ; 56.247     ;
; 69.141 ; gameboy:dut|PPU_Wrapper:ppu|OAM_Search:oam_search|selected_sprites_reg[0].x[4]                     ; gameboy:dut|MMU:mmu|BRAM_handler:memory_units|DUAL_VRAM_8KB:vram0|altsyncram:altsyncram_component|altsyncram_54g2:auto_generated|ram_block1a2~portb_address_reg0 ; CLOCK2_50    ; CLOCK_50    ; 125.000      ; 0.336      ; 56.213     ;
; 69.177 ; gameboy:dut|PPU_Wrapper:ppu|OAM_Search:oam_search|selected_sprites_reg[0].x[4]                     ; gameboy:dut|MMU:mmu|BRAM_handler:memory_units|DUAL_VRAM_8KB:vram0|altsyncram:altsyncram_component|altsyncram_54g2:auto_generated|ram_block1a6~portb_address_reg0 ; CLOCK2_50    ; CLOCK_50    ; 125.000      ; 0.328      ; 56.169     ;
; 69.192 ; gameboy:dut|PPU_Wrapper:ppu|OAM_Search:oam_search|selected_sprites_reg[0].x[6]                     ; gameboy:dut|MMU:mmu|BRAM_handler:memory_units|DUAL_VRAM_8KB:vram0|altsyncram:altsyncram_component|altsyncram_54g2:auto_generated|ram_block1a5~portb_address_reg0 ; CLOCK2_50    ; CLOCK_50    ; 125.000      ; 0.343      ; 56.169     ;
; 69.193 ; gameboy:dut|PPU_Wrapper:ppu|OAM_Search:oam_search|selected_sprites_reg[0].x[3]                     ; gameboy:dut|MMU:mmu|BRAM_handler:memory_units|MM_out_chooser:memory_out_muxer|ppu_select[2]                                                                      ; CLOCK2_50    ; CLOCK_50    ; 125.000      ; -0.006     ; 55.779     ;
; 69.198 ; gameboy:dut|PPU_Wrapper:ppu|OAM_Search:oam_search|selected_sprites_reg[0].x[3]                     ; gameboy:dut|MMU:mmu|BRAM_handler:memory_units|DUAL_VRAM_8KB:vram0|altsyncram:altsyncram_component|altsyncram_54g2:auto_generated|ram_block1a1~portb_address_reg0 ; CLOCK2_50    ; CLOCK_50    ; 125.000      ; 0.354      ; 56.174     ;
; 69.222 ; gameboy:dut|PPU_Wrapper:ppu|OAM_Search:oam_search|selected_sprites_reg[0].x[6]                     ; gameboy:dut|MMU:mmu|BRAM_handler:memory_units|DUAL_VRAM_8KB:vram0|altsyncram:altsyncram_component|altsyncram_54g2:auto_generated|ram_block1a7~portb_address_reg0 ; CLOCK2_50    ; CLOCK_50    ; 125.000      ; 0.341      ; 56.137     ;
; 69.239 ; gameboy:dut|PPU_Wrapper:ppu|OAM_Search:oam_search|selected_sprites_reg[0].x[3]                     ; gameboy:dut|MMU:mmu|BRAM_handler:memory_units|DUAL_VRAM_8KB:vram0|altsyncram:altsyncram_component|altsyncram_54g2:auto_generated|ram_block1a2~portb_address_reg0 ; CLOCK2_50    ; CLOCK_50    ; 125.000      ; 0.342      ; 56.121     ;
; 69.265 ; gameboy:dut|PPU_Wrapper:ppu|OAM_Search:oam_search|selected_sprites_reg[0].x[6]                     ; gameboy:dut|MMU:mmu|BRAM_handler:memory_units|DUAL_VRAM_8KB:vram0|altsyncram:altsyncram_component|altsyncram_54g2:auto_generated|ram_block1a3~portb_address_reg0 ; CLOCK2_50    ; CLOCK_50    ; 125.000      ; 0.339      ; 56.092     ;
; 69.275 ; gameboy:dut|PPU_Wrapper:ppu|OAM_Search:oam_search|selected_sprites_reg[0].x[3]                     ; gameboy:dut|MMU:mmu|BRAM_handler:memory_units|DUAL_VRAM_8KB:vram0|altsyncram:altsyncram_component|altsyncram_54g2:auto_generated|ram_block1a6~portb_address_reg0 ; CLOCK2_50    ; CLOCK_50    ; 125.000      ; 0.334      ; 56.077     ;
; 69.380 ; gameboy:dut|PPU_Wrapper:ppu|OAM_Search:oam_search|selected_sprites_reg[0].x[5]                     ; gameboy:dut|MMU:mmu|BRAM_handler:memory_units|MM_out_chooser:memory_out_muxer|ppu_select[2]                                                                      ; CLOCK2_50    ; CLOCK_50    ; 125.000      ; -0.006     ; 55.592     ;
; 69.385 ; gameboy:dut|PPU_Wrapper:ppu|OAM_Search:oam_search|selected_sprites_reg[0].x[5]                     ; gameboy:dut|MMU:mmu|BRAM_handler:memory_units|DUAL_VRAM_8KB:vram0|altsyncram:altsyncram_component|altsyncram_54g2:auto_generated|ram_block1a1~portb_address_reg0 ; CLOCK2_50    ; CLOCK_50    ; 125.000      ; 0.354      ; 55.987     ;
; 69.426 ; gameboy:dut|PPU_Wrapper:ppu|OAM_Search:oam_search|selected_sprites_reg[0].x[5]                     ; gameboy:dut|MMU:mmu|BRAM_handler:memory_units|DUAL_VRAM_8KB:vram0|altsyncram:altsyncram_component|altsyncram_54g2:auto_generated|ram_block1a2~portb_address_reg0 ; CLOCK2_50    ; CLOCK_50    ; 125.000      ; 0.342      ; 55.934     ;
; 69.462 ; gameboy:dut|PPU_Wrapper:ppu|OAM_Search:oam_search|selected_sprites_reg[0].x[5]                     ; gameboy:dut|MMU:mmu|BRAM_handler:memory_units|DUAL_VRAM_8KB:vram0|altsyncram:altsyncram_component|altsyncram_54g2:auto_generated|ram_block1a6~portb_address_reg0 ; CLOCK2_50    ; CLOCK_50    ; 125.000      ; 0.334      ; 55.890     ;
; 69.491 ; gameboy:dut|PPU_Wrapper:ppu|OAM_Search:oam_search|selected_sprites_reg[0].x[4]                     ; gameboy:dut|MMU:mmu|BRAM_handler:memory_units|DUAL_VRAM_8KB:vram0|altsyncram:altsyncram_component|altsyncram_54g2:auto_generated|ram_block1a0~portb_address_reg0 ; CLOCK2_50    ; CLOCK_50    ; 125.000      ; 0.336      ; 55.863     ;
; 69.499 ; gameboy:dut|PPU_Wrapper:ppu|OAM_Search:oam_search|selected_sprites_reg[0].x[4]                     ; gameboy:dut|MMU:mmu|BRAM_handler:memory_units|DUAL_VRAM_8KB:vram0|altsyncram:altsyncram_component|altsyncram_54g2:auto_generated|ram_block1a4~portb_address_reg0 ; CLOCK2_50    ; CLOCK_50    ; 125.000      ; 0.335      ; 55.854     ;
; 69.538 ; gameboy:dut|PPU_Wrapper:ppu|OAM_Search:oam_search|selected_sprites_reg[0].x[6]                     ; gameboy:dut|MMU:mmu|BRAM_handler:memory_units|MM_out_chooser:memory_out_muxer|ppu_select[2]                                                                      ; CLOCK2_50    ; CLOCK_50    ; 125.000      ; -0.003     ; 55.437     ;
; 69.543 ; gameboy:dut|PPU_Wrapper:ppu|OAM_Search:oam_search|selected_sprites_reg[0].x[6]                     ; gameboy:dut|MMU:mmu|BRAM_handler:memory_units|DUAL_VRAM_8KB:vram0|altsyncram:altsyncram_component|altsyncram_54g2:auto_generated|ram_block1a1~portb_address_reg0 ; CLOCK2_50    ; CLOCK_50    ; 125.000      ; 0.357      ; 55.832     ;
; 69.584 ; gameboy:dut|PPU_Wrapper:ppu|OAM_Search:oam_search|selected_sprites_reg[0].x[6]                     ; gameboy:dut|MMU:mmu|BRAM_handler:memory_units|DUAL_VRAM_8KB:vram0|altsyncram:altsyncram_component|altsyncram_54g2:auto_generated|ram_block1a2~portb_address_reg0 ; CLOCK2_50    ; CLOCK_50    ; 125.000      ; 0.345      ; 55.779     ;
; 69.589 ; gameboy:dut|PPU_Wrapper:ppu|OAM_Search:oam_search|selected_sprites_reg[0].x[3]                     ; gameboy:dut|MMU:mmu|BRAM_handler:memory_units|DUAL_VRAM_8KB:vram0|altsyncram:altsyncram_component|altsyncram_54g2:auto_generated|ram_block1a0~portb_address_reg0 ; CLOCK2_50    ; CLOCK_50    ; 125.000      ; 0.342      ; 55.771     ;
; 69.597 ; gameboy:dut|PPU_Wrapper:ppu|OAM_Search:oam_search|selected_sprites_reg[0].x[3]                     ; gameboy:dut|MMU:mmu|BRAM_handler:memory_units|DUAL_VRAM_8KB:vram0|altsyncram:altsyncram_component|altsyncram_54g2:auto_generated|ram_block1a4~portb_address_reg0 ; CLOCK2_50    ; CLOCK_50    ; 125.000      ; 0.341      ; 55.762     ;
; 69.620 ; gameboy:dut|PPU_Wrapper:ppu|OAM_Search:oam_search|selected_sprites_reg[0].x[6]                     ; gameboy:dut|MMU:mmu|BRAM_handler:memory_units|DUAL_VRAM_8KB:vram0|altsyncram:altsyncram_component|altsyncram_54g2:auto_generated|ram_block1a6~portb_address_reg0 ; CLOCK2_50    ; CLOCK_50    ; 125.000      ; 0.337      ; 55.735     ;
; 69.650 ; gameboy:dut|PPU_Wrapper:ppu|Pixel_Gen:Pixel_Gen_inst|Render_Sprites:render_sprites_inst|x_coord[1] ; gameboy:dut|MMU:mmu|BRAM_handler:memory_units|DUAL_VRAM_8KB:vram0|altsyncram:altsyncram_component|altsyncram_54g2:auto_generated|ram_block1a5~portb_address_reg0 ; CLOCK2_50    ; CLOCK_50    ; 125.000      ; 0.336      ; 55.704     ;
; 69.680 ; gameboy:dut|PPU_Wrapper:ppu|Pixel_Gen:Pixel_Gen_inst|Render_Sprites:render_sprites_inst|x_coord[1] ; gameboy:dut|MMU:mmu|BRAM_handler:memory_units|DUAL_VRAM_8KB:vram0|altsyncram:altsyncram_component|altsyncram_54g2:auto_generated|ram_block1a7~portb_address_reg0 ; CLOCK2_50    ; CLOCK_50    ; 125.000      ; 0.334      ; 55.672     ;
; 69.723 ; gameboy:dut|PPU_Wrapper:ppu|Pixel_Gen:Pixel_Gen_inst|Render_Sprites:render_sprites_inst|x_coord[1] ; gameboy:dut|MMU:mmu|BRAM_handler:memory_units|DUAL_VRAM_8KB:vram0|altsyncram:altsyncram_component|altsyncram_54g2:auto_generated|ram_block1a3~portb_address_reg0 ; CLOCK2_50    ; CLOCK_50    ; 125.000      ; 0.332      ; 55.627     ;
; 69.727 ; gameboy:dut|PPU_Wrapper:ppu|OAM_Search:oam_search|selected_sprites_reg[0].x[0]                     ; gameboy:dut|MMU:mmu|BRAM_handler:memory_units|DUAL_VRAM_8KB:vram0|altsyncram:altsyncram_component|altsyncram_54g2:auto_generated|ram_block1a5~portb_address_reg0 ; CLOCK2_50    ; CLOCK_50    ; 125.000      ; 0.342      ; 55.633     ;
; 69.757 ; gameboy:dut|PPU_Wrapper:ppu|OAM_Search:oam_search|selected_sprites_reg[0].x[0]                     ; gameboy:dut|MMU:mmu|BRAM_handler:memory_units|DUAL_VRAM_8KB:vram0|altsyncram:altsyncram_component|altsyncram_54g2:auto_generated|ram_block1a7~portb_address_reg0 ; CLOCK2_50    ; CLOCK_50    ; 125.000      ; 0.340      ; 55.601     ;
; 69.776 ; gameboy:dut|PPU_Wrapper:ppu|OAM_Search:oam_search|selected_sprites_reg[0].x[5]                     ; gameboy:dut|MMU:mmu|BRAM_handler:memory_units|DUAL_VRAM_8KB:vram0|altsyncram:altsyncram_component|altsyncram_54g2:auto_generated|ram_block1a0~portb_address_reg0 ; CLOCK2_50    ; CLOCK_50    ; 125.000      ; 0.342      ; 55.584     ;
; 69.776 ; gameboy:dut|PPU_Wrapper:ppu|Pixel_Gen:Pixel_Gen_inst|Render_Sprites:render_sprites_inst|x_coord[0] ; gameboy:dut|MMU:mmu|BRAM_handler:memory_units|DUAL_VRAM_8KB:vram0|altsyncram:altsyncram_component|altsyncram_54g2:auto_generated|ram_block1a5~portb_address_reg0 ; CLOCK2_50    ; CLOCK_50    ; 125.000      ; 0.336      ; 55.578     ;
; 69.778 ; gameboy:dut|PPU_Wrapper:ppu|OAM_Search:oam_search|selected_sprites_reg[0].x[1]                     ; gameboy:dut|MMU:mmu|BRAM_handler:memory_units|DUAL_VRAM_8KB:vram0|altsyncram:altsyncram_component|altsyncram_54g2:auto_generated|ram_block1a5~portb_address_reg0 ; CLOCK2_50    ; CLOCK_50    ; 125.000      ; 0.342      ; 55.582     ;
; 69.784 ; gameboy:dut|PPU_Wrapper:ppu|OAM_Search:oam_search|selected_sprites_reg[0].x[5]                     ; gameboy:dut|MMU:mmu|BRAM_handler:memory_units|DUAL_VRAM_8KB:vram0|altsyncram:altsyncram_component|altsyncram_54g2:auto_generated|ram_block1a4~portb_address_reg0 ; CLOCK2_50    ; CLOCK_50    ; 125.000      ; 0.341      ; 55.575     ;
; 69.800 ; gameboy:dut|PPU_Wrapper:ppu|OAM_Search:oam_search|selected_sprites_reg[0].x[0]                     ; gameboy:dut|MMU:mmu|BRAM_handler:memory_units|DUAL_VRAM_8KB:vram0|altsyncram:altsyncram_component|altsyncram_54g2:auto_generated|ram_block1a3~portb_address_reg0 ; CLOCK2_50    ; CLOCK_50    ; 125.000      ; 0.338      ; 55.556     ;
; 69.806 ; gameboy:dut|PPU_Wrapper:ppu|Pixel_Gen:Pixel_Gen_inst|Render_Sprites:render_sprites_inst|x_coord[0] ; gameboy:dut|MMU:mmu|BRAM_handler:memory_units|DUAL_VRAM_8KB:vram0|altsyncram:altsyncram_component|altsyncram_54g2:auto_generated|ram_block1a7~portb_address_reg0 ; CLOCK2_50    ; CLOCK_50    ; 125.000      ; 0.334      ; 55.546     ;
; 69.808 ; gameboy:dut|PPU_Wrapper:ppu|OAM_Search:oam_search|selected_sprites_reg[0].x[1]                     ; gameboy:dut|MMU:mmu|BRAM_handler:memory_units|DUAL_VRAM_8KB:vram0|altsyncram:altsyncram_component|altsyncram_54g2:auto_generated|ram_block1a7~portb_address_reg0 ; CLOCK2_50    ; CLOCK_50    ; 125.000      ; 0.340      ; 55.550     ;
; 69.817 ; gameboy:dut|PPU_Wrapper:ppu|OAM_Search:oam_search|selected_sprites_reg[0].x[2]                     ; gameboy:dut|MMU:mmu|BRAM_handler:memory_units|DUAL_VRAM_8KB:vram0|altsyncram:altsyncram_component|altsyncram_54g2:auto_generated|ram_block1a5~portb_address_reg0 ; CLOCK2_50    ; CLOCK_50    ; 125.000      ; 0.342      ; 55.543     ;
; 69.847 ; gameboy:dut|PPU_Wrapper:ppu|OAM_Search:oam_search|selected_sprites_reg[0].x[2]                     ; gameboy:dut|MMU:mmu|BRAM_handler:memory_units|DUAL_VRAM_8KB:vram0|altsyncram:altsyncram_component|altsyncram_54g2:auto_generated|ram_block1a7~portb_address_reg0 ; CLOCK2_50    ; CLOCK_50    ; 125.000      ; 0.340      ; 55.511     ;
; 69.849 ; gameboy:dut|PPU_Wrapper:ppu|Pixel_Gen:Pixel_Gen_inst|Render_Sprites:render_sprites_inst|x_coord[0] ; gameboy:dut|MMU:mmu|BRAM_handler:memory_units|DUAL_VRAM_8KB:vram0|altsyncram:altsyncram_component|altsyncram_54g2:auto_generated|ram_block1a3~portb_address_reg0 ; CLOCK2_50    ; CLOCK_50    ; 125.000      ; 0.332      ; 55.501     ;
; 69.851 ; gameboy:dut|PPU_Wrapper:ppu|OAM_Search:oam_search|selected_sprites_reg[0].x[1]                     ; gameboy:dut|MMU:mmu|BRAM_handler:memory_units|DUAL_VRAM_8KB:vram0|altsyncram:altsyncram_component|altsyncram_54g2:auto_generated|ram_block1a3~portb_address_reg0 ; CLOCK2_50    ; CLOCK_50    ; 125.000      ; 0.338      ; 55.505     ;
; 69.878 ; gameboy:dut|PPU_Wrapper:ppu|OAM_Search:oam_search|selected_sprites_reg[0].x[7]                     ; gameboy:dut|MMU:mmu|BRAM_handler:memory_units|DUAL_VRAM_8KB:vram0|altsyncram:altsyncram_component|altsyncram_54g2:auto_generated|ram_block1a5~portb_address_reg0 ; CLOCK2_50    ; CLOCK_50    ; 125.000      ; 0.343      ; 55.483     ;
; 69.890 ; gameboy:dut|PPU_Wrapper:ppu|OAM_Search:oam_search|selected_sprites_reg[0].x[2]                     ; gameboy:dut|MMU:mmu|BRAM_handler:memory_units|DUAL_VRAM_8KB:vram0|altsyncram:altsyncram_component|altsyncram_54g2:auto_generated|ram_block1a3~portb_address_reg0 ; CLOCK2_50    ; CLOCK_50    ; 125.000      ; 0.338      ; 55.466     ;
; 69.898 ; gameboy:dut|PPU_Wrapper:ppu|OAM_Search:oam_search|selected_sprites_reg[0].x[4]                     ; gameboy:dut|MMU:mmu|BRAM_handler:memory_units|OAM_DUALBANK:oam|altsyncram:altsyncram_component|altsyncram_rbg2:auto_generated|ram_block1a0~portb_address_reg0    ; CLOCK2_50    ; CLOCK_50    ; 125.000      ; 0.349      ; 55.469     ;
; 69.908 ; gameboy:dut|PPU_Wrapper:ppu|OAM_Search:oam_search|selected_sprites_reg[0].x[7]                     ; gameboy:dut|MMU:mmu|BRAM_handler:memory_units|DUAL_VRAM_8KB:vram0|altsyncram:altsyncram_component|altsyncram_54g2:auto_generated|ram_block1a7~portb_address_reg0 ; CLOCK2_50    ; CLOCK_50    ; 125.000      ; 0.341      ; 55.451     ;
; 69.917 ; gameboy:dut|PPU_Wrapper:ppu|Pixel_Gen:Pixel_Gen_inst|Render_Sprites:render_sprites_inst|x_coord[2] ; gameboy:dut|MMU:mmu|BRAM_handler:memory_units|DUAL_VRAM_8KB:vram0|altsyncram:altsyncram_component|altsyncram_54g2:auto_generated|ram_block1a5~portb_address_reg0 ; CLOCK2_50    ; CLOCK_50    ; 125.000      ; 0.336      ; 55.437     ;
; 69.934 ; gameboy:dut|PPU_Wrapper:ppu|OAM_Search:oam_search|selected_sprites_reg[0].x[6]                     ; gameboy:dut|MMU:mmu|BRAM_handler:memory_units|DUAL_VRAM_8KB:vram0|altsyncram:altsyncram_component|altsyncram_54g2:auto_generated|ram_block1a0~portb_address_reg0 ; CLOCK2_50    ; CLOCK_50    ; 125.000      ; 0.345      ; 55.429     ;
; 69.942 ; gameboy:dut|PPU_Wrapper:ppu|OAM_Search:oam_search|selected_sprites_reg[0].x[6]                     ; gameboy:dut|MMU:mmu|BRAM_handler:memory_units|DUAL_VRAM_8KB:vram0|altsyncram:altsyncram_component|altsyncram_54g2:auto_generated|ram_block1a4~portb_address_reg0 ; CLOCK2_50    ; CLOCK_50    ; 125.000      ; 0.344      ; 55.420     ;
; 69.947 ; gameboy:dut|PPU_Wrapper:ppu|Pixel_Gen:Pixel_Gen_inst|Render_Sprites:render_sprites_inst|x_coord[2] ; gameboy:dut|MMU:mmu|BRAM_handler:memory_units|DUAL_VRAM_8KB:vram0|altsyncram:altsyncram_component|altsyncram_54g2:auto_generated|ram_block1a7~portb_address_reg0 ; CLOCK2_50    ; CLOCK_50    ; 125.000      ; 0.334      ; 55.405     ;
; 69.951 ; gameboy:dut|PPU_Wrapper:ppu|OAM_Search:oam_search|selected_sprites_reg[0].x[7]                     ; gameboy:dut|MMU:mmu|BRAM_handler:memory_units|DUAL_VRAM_8KB:vram0|altsyncram:altsyncram_component|altsyncram_54g2:auto_generated|ram_block1a3~portb_address_reg0 ; CLOCK2_50    ; CLOCK_50    ; 125.000      ; 0.339      ; 55.406     ;
; 69.990 ; gameboy:dut|PPU_Wrapper:ppu|Pixel_Gen:Pixel_Gen_inst|Render_Sprites:render_sprites_inst|x_coord[2] ; gameboy:dut|MMU:mmu|BRAM_handler:memory_units|DUAL_VRAM_8KB:vram0|altsyncram:altsyncram_component|altsyncram_54g2:auto_generated|ram_block1a3~portb_address_reg0 ; CLOCK2_50    ; CLOCK_50    ; 125.000      ; 0.332      ; 55.360     ;
; 69.996 ; gameboy:dut|PPU_Wrapper:ppu|Pixel_Gen:Pixel_Gen_inst|Render_Sprites:render_sprites_inst|x_coord[1] ; gameboy:dut|MMU:mmu|BRAM_handler:memory_units|MM_out_chooser:memory_out_muxer|ppu_select[2]                                                                      ; CLOCK2_50    ; CLOCK_50    ; 125.000      ; -0.010     ; 54.972     ;
; 69.996 ; gameboy:dut|PPU_Wrapper:ppu|OAM_Search:oam_search|selected_sprites_reg[0].x[3]                     ; gameboy:dut|MMU:mmu|BRAM_handler:memory_units|OAM_DUALBANK:oam|altsyncram:altsyncram_component|altsyncram_rbg2:auto_generated|ram_block1a0~portb_address_reg0    ; CLOCK2_50    ; CLOCK_50    ; 125.000      ; 0.355      ; 55.377     ;
; 70.001 ; gameboy:dut|PPU_Wrapper:ppu|Pixel_Gen:Pixel_Gen_inst|Render_Sprites:render_sprites_inst|x_coord[1] ; gameboy:dut|MMU:mmu|BRAM_handler:memory_units|DUAL_VRAM_8KB:vram0|altsyncram:altsyncram_component|altsyncram_54g2:auto_generated|ram_block1a1~portb_address_reg0 ; CLOCK2_50    ; CLOCK_50    ; 125.000      ; 0.350      ; 55.367     ;
; 70.042 ; gameboy:dut|PPU_Wrapper:ppu|Pixel_Gen:Pixel_Gen_inst|Render_Sprites:render_sprites_inst|x_coord[1] ; gameboy:dut|MMU:mmu|BRAM_handler:memory_units|DUAL_VRAM_8KB:vram0|altsyncram:altsyncram_component|altsyncram_54g2:auto_generated|ram_block1a2~portb_address_reg0 ; CLOCK2_50    ; CLOCK_50    ; 125.000      ; 0.338      ; 55.314     ;
; 70.072 ; gameboy:dut|PPU_Wrapper:ppu|Pixel_Gen:Pixel_Gen_inst|Render_Sprites:render_sprites_inst|x_coord[4] ; gameboy:dut|MMU:mmu|BRAM_handler:memory_units|DUAL_VRAM_8KB:vram0|altsyncram:altsyncram_component|altsyncram_54g2:auto_generated|ram_block1a5~portb_address_reg0 ; CLOCK2_50    ; CLOCK_50    ; 125.000      ; 0.337      ; 55.283     ;
; 70.073 ; gameboy:dut|PPU_Wrapper:ppu|OAM_Search:oam_search|selected_sprites_reg[0].x[0]                     ; gameboy:dut|MMU:mmu|BRAM_handler:memory_units|MM_out_chooser:memory_out_muxer|ppu_select[2]                                                                      ; CLOCK2_50    ; CLOCK_50    ; 125.000      ; -0.004     ; 54.901     ;
; 70.078 ; gameboy:dut|PPU_Wrapper:ppu|Pixel_Gen:Pixel_Gen_inst|Render_Sprites:render_sprites_inst|x_coord[1] ; gameboy:dut|MMU:mmu|BRAM_handler:memory_units|DUAL_VRAM_8KB:vram0|altsyncram:altsyncram_component|altsyncram_54g2:auto_generated|ram_block1a6~portb_address_reg0 ; CLOCK2_50    ; CLOCK_50    ; 125.000      ; 0.330      ; 55.270     ;
; 70.078 ; gameboy:dut|PPU_Wrapper:ppu|OAM_Search:oam_search|selected_sprites_reg[0].x[0]                     ; gameboy:dut|MMU:mmu|BRAM_handler:memory_units|DUAL_VRAM_8KB:vram0|altsyncram:altsyncram_component|altsyncram_54g2:auto_generated|ram_block1a1~portb_address_reg0 ; CLOCK2_50    ; CLOCK_50    ; 125.000      ; 0.356      ; 55.296     ;
; 70.102 ; gameboy:dut|PPU_Wrapper:ppu|Pixel_Gen:Pixel_Gen_inst|Render_Sprites:render_sprites_inst|x_coord[4] ; gameboy:dut|MMU:mmu|BRAM_handler:memory_units|DUAL_VRAM_8KB:vram0|altsyncram:altsyncram_component|altsyncram_54g2:auto_generated|ram_block1a7~portb_address_reg0 ; CLOCK2_50    ; CLOCK_50    ; 125.000      ; 0.335      ; 55.251     ;
; 70.104 ; gameboy:dut|PPU_Wrapper:ppu|Pixel_Gen:Pixel_Gen_inst|Render_Sprites:render_sprites_inst|x_coord[3] ; gameboy:dut|MMU:mmu|BRAM_handler:memory_units|DUAL_VRAM_8KB:vram0|altsyncram:altsyncram_component|altsyncram_54g2:auto_generated|ram_block1a5~portb_address_reg0 ; CLOCK2_50    ; CLOCK_50    ; 125.000      ; 0.337      ; 55.251     ;
; 70.119 ; gameboy:dut|PPU_Wrapper:ppu|OAM_Search:oam_search|selected_sprites_reg[0].x[0]                     ; gameboy:dut|MMU:mmu|BRAM_handler:memory_units|DUAL_VRAM_8KB:vram0|altsyncram:altsyncram_component|altsyncram_54g2:auto_generated|ram_block1a2~portb_address_reg0 ; CLOCK2_50    ; CLOCK_50    ; 125.000      ; 0.344      ; 55.243     ;
; 70.122 ; gameboy:dut|PPU_Wrapper:ppu|Pixel_Gen:Pixel_Gen_inst|Render_Sprites:render_sprites_inst|x_coord[0] ; gameboy:dut|MMU:mmu|BRAM_handler:memory_units|MM_out_chooser:memory_out_muxer|ppu_select[2]                                                                      ; CLOCK2_50    ; CLOCK_50    ; 125.000      ; -0.010     ; 54.846     ;
; 70.124 ; gameboy:dut|PPU_Wrapper:ppu|OAM_Search:oam_search|selected_sprites_reg[0].x[1]                     ; gameboy:dut|MMU:mmu|BRAM_handler:memory_units|MM_out_chooser:memory_out_muxer|ppu_select[2]                                                                      ; CLOCK2_50    ; CLOCK_50    ; 125.000      ; -0.004     ; 54.850     ;
; 70.127 ; gameboy:dut|PPU_Wrapper:ppu|Pixel_Gen:Pixel_Gen_inst|Render_Sprites:render_sprites_inst|x_coord[0] ; gameboy:dut|MMU:mmu|BRAM_handler:memory_units|DUAL_VRAM_8KB:vram0|altsyncram:altsyncram_component|altsyncram_54g2:auto_generated|ram_block1a1~portb_address_reg0 ; CLOCK2_50    ; CLOCK_50    ; 125.000      ; 0.350      ; 55.241     ;
; 70.129 ; gameboy:dut|PPU_Wrapper:ppu|OAM_Search:oam_search|selected_sprites_reg[0].x[1]                     ; gameboy:dut|MMU:mmu|BRAM_handler:memory_units|DUAL_VRAM_8KB:vram0|altsyncram:altsyncram_component|altsyncram_54g2:auto_generated|ram_block1a1~portb_address_reg0 ; CLOCK2_50    ; CLOCK_50    ; 125.000      ; 0.356      ; 55.245     ;
; 70.134 ; gameboy:dut|PPU_Wrapper:ppu|Pixel_Gen:Pixel_Gen_inst|Render_Sprites:render_sprites_inst|x_coord[3] ; gameboy:dut|MMU:mmu|BRAM_handler:memory_units|DUAL_VRAM_8KB:vram0|altsyncram:altsyncram_component|altsyncram_54g2:auto_generated|ram_block1a7~portb_address_reg0 ; CLOCK2_50    ; CLOCK_50    ; 125.000      ; 0.335      ; 55.219     ;
; 70.145 ; gameboy:dut|PPU_Wrapper:ppu|Pixel_Gen:Pixel_Gen_inst|Render_Sprites:render_sprites_inst|x_coord[4] ; gameboy:dut|MMU:mmu|BRAM_handler:memory_units|DUAL_VRAM_8KB:vram0|altsyncram:altsyncram_component|altsyncram_54g2:auto_generated|ram_block1a3~portb_address_reg0 ; CLOCK2_50    ; CLOCK_50    ; 125.000      ; 0.333      ; 55.206     ;
; 70.154 ; gameboy:dut|PPU_Wrapper:ppu|Pixel_Gen:Pixel_Gen_inst|Render_Sprites:render_sprites_inst|x_coord[6] ; gameboy:dut|MMU:mmu|BRAM_handler:memory_units|DUAL_VRAM_8KB:vram0|altsyncram:altsyncram_component|altsyncram_54g2:auto_generated|ram_block1a5~portb_address_reg0 ; CLOCK2_50    ; CLOCK_50    ; 125.000      ; 0.337      ; 55.201     ;
; 70.155 ; gameboy:dut|PPU_Wrapper:ppu|OAM_Search:oam_search|selected_sprites_reg[0].x[0]                     ; gameboy:dut|MMU:mmu|BRAM_handler:memory_units|DUAL_VRAM_8KB:vram0|altsyncram:altsyncram_component|altsyncram_54g2:auto_generated|ram_block1a6~portb_address_reg0 ; CLOCK2_50    ; CLOCK_50    ; 125.000      ; 0.336      ; 55.199     ;
; 70.163 ; gameboy:dut|PPU_Wrapper:ppu|OAM_Search:oam_search|selected_sprites_reg[0].x[2]                     ; gameboy:dut|MMU:mmu|BRAM_handler:memory_units|MM_out_chooser:memory_out_muxer|ppu_select[2]                                                                      ; CLOCK2_50    ; CLOCK_50    ; 125.000      ; -0.004     ; 54.811     ;
; 70.168 ; gameboy:dut|PPU_Wrapper:ppu|OAM_Search:oam_search|selected_sprites_reg[0].x[2]                     ; gameboy:dut|MMU:mmu|BRAM_handler:memory_units|DUAL_VRAM_8KB:vram0|altsyncram:altsyncram_component|altsyncram_54g2:auto_generated|ram_block1a1~portb_address_reg0 ; CLOCK2_50    ; CLOCK_50    ; 125.000      ; 0.356      ; 55.206     ;
; 70.168 ; gameboy:dut|PPU_Wrapper:ppu|Pixel_Gen:Pixel_Gen_inst|Render_Sprites:render_sprites_inst|x_coord[0] ; gameboy:dut|MMU:mmu|BRAM_handler:memory_units|DUAL_VRAM_8KB:vram0|altsyncram:altsyncram_component|altsyncram_54g2:auto_generated|ram_block1a2~portb_address_reg0 ; CLOCK2_50    ; CLOCK_50    ; 125.000      ; 0.338      ; 55.188     ;
; 70.170 ; gameboy:dut|PPU_Wrapper:ppu|OAM_Search:oam_search|selected_sprites_reg[0].x[1]                     ; gameboy:dut|MMU:mmu|BRAM_handler:memory_units|DUAL_VRAM_8KB:vram0|altsyncram:altsyncram_component|altsyncram_54g2:auto_generated|ram_block1a2~portb_address_reg0 ; CLOCK2_50    ; CLOCK_50    ; 125.000      ; 0.344      ; 55.192     ;
; 70.177 ; gameboy:dut|PPU_Wrapper:ppu|Pixel_Gen:Pixel_Gen_inst|Render_Sprites:render_sprites_inst|x_coord[3] ; gameboy:dut|MMU:mmu|BRAM_handler:memory_units|DUAL_VRAM_8KB:vram0|altsyncram:altsyncram_component|altsyncram_54g2:auto_generated|ram_block1a3~portb_address_reg0 ; CLOCK2_50    ; CLOCK_50    ; 125.000      ; 0.333      ; 55.174     ;
; 70.183 ; gameboy:dut|PPU_Wrapper:ppu|OAM_Search:oam_search|selected_sprites_reg[0].x[5]                     ; gameboy:dut|MMU:mmu|BRAM_handler:memory_units|OAM_DUALBANK:oam|altsyncram:altsyncram_component|altsyncram_rbg2:auto_generated|ram_block1a0~portb_address_reg0    ; CLOCK2_50    ; CLOCK_50    ; 125.000      ; 0.355      ; 55.190     ;
; 70.184 ; gameboy:dut|PPU_Wrapper:ppu|Pixel_Gen:Pixel_Gen_inst|Render_Sprites:render_sprites_inst|x_coord[6] ; gameboy:dut|MMU:mmu|BRAM_handler:memory_units|DUAL_VRAM_8KB:vram0|altsyncram:altsyncram_component|altsyncram_54g2:auto_generated|ram_block1a7~portb_address_reg0 ; CLOCK2_50    ; CLOCK_50    ; 125.000      ; 0.335      ; 55.169     ;
; 70.204 ; gameboy:dut|PPU_Wrapper:ppu|Pixel_Gen:Pixel_Gen_inst|Render_Sprites:render_sprites_inst|x_coord[0] ; gameboy:dut|MMU:mmu|BRAM_handler:memory_units|DUAL_VRAM_8KB:vram0|altsyncram:altsyncram_component|altsyncram_54g2:auto_generated|ram_block1a6~portb_address_reg0 ; CLOCK2_50    ; CLOCK_50    ; 125.000      ; 0.330      ; 55.144     ;
; 70.206 ; gameboy:dut|PPU_Wrapper:ppu|OAM_Search:oam_search|selected_sprites_reg[0].x[1]                     ; gameboy:dut|MMU:mmu|BRAM_handler:memory_units|DUAL_VRAM_8KB:vram0|altsyncram:altsyncram_component|altsyncram_54g2:auto_generated|ram_block1a6~portb_address_reg0 ; CLOCK2_50    ; CLOCK_50    ; 125.000      ; 0.336      ; 55.148     ;
; 70.209 ; gameboy:dut|PPU_Wrapper:ppu|OAM_Search:oam_search|selected_sprites_reg[0].x[2]                     ; gameboy:dut|MMU:mmu|BRAM_handler:memory_units|DUAL_VRAM_8KB:vram0|altsyncram:altsyncram_component|altsyncram_54g2:auto_generated|ram_block1a2~portb_address_reg0 ; CLOCK2_50    ; CLOCK_50    ; 125.000      ; 0.344      ; 55.153     ;
; 70.224 ; gameboy:dut|PPU_Wrapper:ppu|OAM_Search:oam_search|selected_sprites_reg[0].x[7]                     ; gameboy:dut|MMU:mmu|BRAM_handler:memory_units|MM_out_chooser:memory_out_muxer|ppu_select[2]                                                                      ; CLOCK2_50    ; CLOCK_50    ; 125.000      ; -0.003     ; 54.751     ;
; 70.227 ; gameboy:dut|PPU_Wrapper:ppu|Pixel_Gen:Pixel_Gen_inst|Render_Sprites:render_sprites_inst|x_coord[6] ; gameboy:dut|MMU:mmu|BRAM_handler:memory_units|DUAL_VRAM_8KB:vram0|altsyncram:altsyncram_component|altsyncram_54g2:auto_generated|ram_block1a3~portb_address_reg0 ; CLOCK2_50    ; CLOCK_50    ; 125.000      ; 0.333      ; 55.124     ;
; 70.229 ; gameboy:dut|PPU_Wrapper:ppu|OAM_Search:oam_search|selected_sprites_reg[0].x[7]                     ; gameboy:dut|MMU:mmu|BRAM_handler:memory_units|DUAL_VRAM_8KB:vram0|altsyncram:altsyncram_component|altsyncram_54g2:auto_generated|ram_block1a1~portb_address_reg0 ; CLOCK2_50    ; CLOCK_50    ; 125.000      ; 0.357      ; 55.146     ;
; 70.245 ; gameboy:dut|PPU_Wrapper:ppu|OAM_Search:oam_search|selected_sprites_reg[0].x[2]                     ; gameboy:dut|MMU:mmu|BRAM_handler:memory_units|DUAL_VRAM_8KB:vram0|altsyncram:altsyncram_component|altsyncram_54g2:auto_generated|ram_block1a6~portb_address_reg0 ; CLOCK2_50    ; CLOCK_50    ; 125.000      ; 0.336      ; 55.109     ;
+--------+----------------------------------------------------------------------------------------------------+------------------------------------------------------------------------------------------------------------------------------------------------------------------+--------------+-------------+--------------+------------+------------+


+------------------------------------------------------------------------------------------------------------------------------------------------------+
; Slow 1200mV 85C Model Setup: 'CLOCK2_50'                                                                                                             ;
+-------+-----------+------------------------------------------------------------+--------------+-------------+--------------+------------+------------+
; Slack ; From Node ; To Node                                                    ; Launch Clock ; Latch Clock ; Relationship ; Clock Skew ; Data Delay ;
+-------+-----------+------------------------------------------------------------+--------------+-------------+--------------+------------+------------+
; 3.599 ; rst       ; gameboy:dut|cpu:cpu|regfile:regfile|regs[4][5]             ; CLOCK3_50    ; CLOCK2_50   ; 10.000       ; -0.115     ; 6.304      ;
; 3.599 ; rst       ; gameboy:dut|cpu:cpu|regfile:regfile|regs[4][6]             ; CLOCK3_50    ; CLOCK2_50   ; 10.000       ; -0.115     ; 6.304      ;
; 3.599 ; rst       ; gameboy:dut|cpu:cpu|regfile:regfile|regs[4][0]             ; CLOCK3_50    ; CLOCK2_50   ; 10.000       ; -0.115     ; 6.304      ;
; 4.035 ; rst       ; gameboy:dut|cpu:cpu|regfile:regfile|regs[2][2]             ; CLOCK3_50    ; CLOCK2_50   ; 10.000       ; -0.117     ; 5.866      ;
; 4.035 ; rst       ; gameboy:dut|cpu:cpu|regfile:regfile|regs[2][3]             ; CLOCK3_50    ; CLOCK2_50   ; 10.000       ; -0.117     ; 5.866      ;
; 4.035 ; rst       ; gameboy:dut|cpu:cpu|regfile:regfile|regs[2][0]             ; CLOCK3_50    ; CLOCK2_50   ; 10.000       ; -0.117     ; 5.866      ;
; 4.035 ; rst       ; gameboy:dut|cpu:cpu|regfile:regfile|regs[2][1]             ; CLOCK3_50    ; CLOCK2_50   ; 10.000       ; -0.117     ; 5.866      ;
; 4.035 ; rst       ; gameboy:dut|cpu:cpu|regfile:regfile|regs[2][7]             ; CLOCK3_50    ; CLOCK2_50   ; 10.000       ; -0.117     ; 5.866      ;
; 4.035 ; rst       ; gameboy:dut|cpu:cpu|regfile:regfile|regs[2][4]             ; CLOCK3_50    ; CLOCK2_50   ; 10.000       ; -0.117     ; 5.866      ;
; 4.035 ; rst       ; gameboy:dut|cpu:cpu|regfile:regfile|regs[2][5]             ; CLOCK3_50    ; CLOCK2_50   ; 10.000       ; -0.117     ; 5.866      ;
; 4.035 ; rst       ; gameboy:dut|cpu:cpu|regfile:regfile|regs[2][6]             ; CLOCK3_50    ; CLOCK2_50   ; 10.000       ; -0.117     ; 5.866      ;
; 4.068 ; rst       ; gameboy:dut|cpu:cpu|regfile:regfile|regs[5][1]             ; CLOCK3_50    ; CLOCK2_50   ; 10.000       ; -0.111     ; 5.839      ;
; 4.068 ; rst       ; gameboy:dut|cpu:cpu|regfile:regfile|regs[5][2]             ; CLOCK3_50    ; CLOCK2_50   ; 10.000       ; -0.111     ; 5.839      ;
; 4.068 ; rst       ; gameboy:dut|cpu:cpu|regfile:regfile|regs[5][0]             ; CLOCK3_50    ; CLOCK2_50   ; 10.000       ; -0.111     ; 5.839      ;
; 4.081 ; rst       ; gameboy:dut|cpu:cpu|regfile:regfile|regs[4][1]             ; CLOCK3_50    ; CLOCK2_50   ; 10.000       ; -0.116     ; 5.821      ;
; 4.081 ; rst       ; gameboy:dut|cpu:cpu|regfile:regfile|regs[4][3]             ; CLOCK3_50    ; CLOCK2_50   ; 10.000       ; -0.116     ; 5.821      ;
; 4.081 ; rst       ; gameboy:dut|cpu:cpu|regfile:regfile|regs[4][2]             ; CLOCK3_50    ; CLOCK2_50   ; 10.000       ; -0.116     ; 5.821      ;
; 4.081 ; rst       ; gameboy:dut|cpu:cpu|regfile:regfile|regs[4][4]             ; CLOCK3_50    ; CLOCK2_50   ; 10.000       ; -0.116     ; 5.821      ;
; 4.081 ; rst       ; gameboy:dut|cpu:cpu|regfile:regfile|regs[4][7]             ; CLOCK3_50    ; CLOCK2_50   ; 10.000       ; -0.116     ; 5.821      ;
; 4.415 ; rst       ; gameboy:dut|cpu:cpu|regfile:regfile|regs[3][1]             ; CLOCK3_50    ; CLOCK2_50   ; 10.000       ; -0.115     ; 5.488      ;
; 4.415 ; rst       ; gameboy:dut|cpu:cpu|regfile:regfile|regs[3][7]             ; CLOCK3_50    ; CLOCK2_50   ; 10.000       ; -0.115     ; 5.488      ;
; 4.415 ; rst       ; gameboy:dut|cpu:cpu|regfile:regfile|regs[3][0]             ; CLOCK3_50    ; CLOCK2_50   ; 10.000       ; -0.115     ; 5.488      ;
; 4.415 ; rst       ; gameboy:dut|cpu:cpu|regfile:regfile|regs[3][3]             ; CLOCK3_50    ; CLOCK2_50   ; 10.000       ; -0.115     ; 5.488      ;
; 4.415 ; rst       ; gameboy:dut|cpu:cpu|regfile:regfile|regs[3][2]             ; CLOCK3_50    ; CLOCK2_50   ; 10.000       ; -0.115     ; 5.488      ;
; 4.415 ; rst       ; gameboy:dut|cpu:cpu|regfile:regfile|regs[3][6]             ; CLOCK3_50    ; CLOCK2_50   ; 10.000       ; -0.115     ; 5.488      ;
; 4.415 ; rst       ; gameboy:dut|cpu:cpu|regfile:regfile|regs[3][4]             ; CLOCK3_50    ; CLOCK2_50   ; 10.000       ; -0.115     ; 5.488      ;
; 4.415 ; rst       ; gameboy:dut|cpu:cpu|regfile:regfile|regs[3][5]             ; CLOCK3_50    ; CLOCK2_50   ; 10.000       ; -0.115     ; 5.488      ;
; 4.555 ; rst       ; gameboy:dut|cpu:cpu|regfile:regfile|regs[6][4]             ; CLOCK3_50    ; CLOCK2_50   ; 10.000       ; -0.126     ; 5.337      ;
; 4.562 ; rst       ; gameboy:dut|cpu:cpu|regfile:regfile|regs[5][6]             ; CLOCK3_50    ; CLOCK2_50   ; 10.000       ; -0.113     ; 5.343      ;
; 4.562 ; rst       ; gameboy:dut|cpu:cpu|regfile:regfile|regs[5][3]             ; CLOCK3_50    ; CLOCK2_50   ; 10.000       ; -0.113     ; 5.343      ;
; 4.562 ; rst       ; gameboy:dut|cpu:cpu|regfile:regfile|regs[5][4]             ; CLOCK3_50    ; CLOCK2_50   ; 10.000       ; -0.113     ; 5.343      ;
; 4.562 ; rst       ; gameboy:dut|cpu:cpu|regfile:regfile|regs[5][5]             ; CLOCK3_50    ; CLOCK2_50   ; 10.000       ; -0.113     ; 5.343      ;
; 4.562 ; rst       ; gameboy:dut|cpu:cpu|regfile:regfile|regs[5][7]             ; CLOCK3_50    ; CLOCK2_50   ; 10.000       ; -0.113     ; 5.343      ;
; 4.577 ; rst       ; gameboy:dut|cpu:cpu|regfile:regfile|regs[0][0]             ; CLOCK3_50    ; CLOCK2_50   ; 10.000       ; -0.116     ; 5.325      ;
; 4.577 ; rst       ; gameboy:dut|cpu:cpu|regfile:regfile|regs[0][1]             ; CLOCK3_50    ; CLOCK2_50   ; 10.000       ; -0.116     ; 5.325      ;
; 4.577 ; rst       ; gameboy:dut|cpu:cpu|regfile:regfile|regs[0][3]             ; CLOCK3_50    ; CLOCK2_50   ; 10.000       ; -0.116     ; 5.325      ;
; 4.577 ; rst       ; gameboy:dut|cpu:cpu|regfile:regfile|regs[0][7]             ; CLOCK3_50    ; CLOCK2_50   ; 10.000       ; -0.116     ; 5.325      ;
; 4.577 ; rst       ; gameboy:dut|cpu:cpu|regfile:regfile|regs[0][6]             ; CLOCK3_50    ; CLOCK2_50   ; 10.000       ; -0.116     ; 5.325      ;
; 4.577 ; rst       ; gameboy:dut|cpu:cpu|regfile:regfile|regs[0][2]             ; CLOCK3_50    ; CLOCK2_50   ; 10.000       ; -0.116     ; 5.325      ;
; 4.577 ; rst       ; gameboy:dut|cpu:cpu|regfile:regfile|regs[0][4]             ; CLOCK3_50    ; CLOCK2_50   ; 10.000       ; -0.116     ; 5.325      ;
; 4.577 ; rst       ; gameboy:dut|cpu:cpu|regfile:regfile|regs[0][5]             ; CLOCK3_50    ; CLOCK2_50   ; 10.000       ; -0.116     ; 5.325      ;
; 4.637 ; rst       ; gameboy:dut|cpu:cpu|decoder:decoder|flopenr:oldopreg|q[1]  ; CLOCK3_50    ; CLOCK2_50   ; 10.000       ; -0.136     ; 5.245      ;
; 4.637 ; rst       ; gameboy:dut|cpu:cpu|decoder:decoder|flopenr:oldopreg|q[5]  ; CLOCK3_50    ; CLOCK2_50   ; 10.000       ; -0.136     ; 5.245      ;
; 4.637 ; rst       ; gameboy:dut|cpu:cpu|decoder:decoder|flopenr:oldopreg|q[4]  ; CLOCK3_50    ; CLOCK2_50   ; 10.000       ; -0.136     ; 5.245      ;
; 4.657 ; rst       ; gameboy:dut|MMU:mmu|BRAM_handler:memory_units|HRAM[0][5]   ; CLOCK3_50    ; CLOCK2_50   ; 10.000       ; -0.099     ; 5.262      ;
; 4.657 ; rst       ; gameboy:dut|MMU:mmu|BRAM_handler:memory_units|HRAM[0][4]   ; CLOCK3_50    ; CLOCK2_50   ; 10.000       ; -0.099     ; 5.262      ;
; 4.657 ; rst       ; gameboy:dut|MMU:mmu|BRAM_handler:memory_units|HRAM[0][10]  ; CLOCK3_50    ; CLOCK2_50   ; 10.000       ; -0.099     ; 5.262      ;
; 4.657 ; rst       ; gameboy:dut|MMU:mmu|BRAM_handler:memory_units|HRAM[0][11]  ; CLOCK3_50    ; CLOCK2_50   ; 10.000       ; -0.099     ; 5.262      ;
; 4.657 ; rst       ; gameboy:dut|MMU:mmu|BRAM_handler:memory_units|HRAM[0][12]  ; CLOCK3_50    ; CLOCK2_50   ; 10.000       ; -0.099     ; 5.262      ;
; 4.657 ; rst       ; gameboy:dut|MMU:mmu|BRAM_handler:memory_units|HRAM[0][13]  ; CLOCK3_50    ; CLOCK2_50   ; 10.000       ; -0.099     ; 5.262      ;
; 4.657 ; rst       ; gameboy:dut|MMU:mmu|BRAM_handler:memory_units|HRAM[0][15]  ; CLOCK3_50    ; CLOCK2_50   ; 10.000       ; -0.099     ; 5.262      ;
; 4.670 ; rst       ; gameboy:dut|cpu:cpu|regfile:regfile|regs[6][6]             ; CLOCK3_50    ; CLOCK2_50   ; 10.000       ; -0.126     ; 5.222      ;
; 4.678 ; rst       ; gameboy:dut|cpu:cpu|regfile:regfile|regs[1][4]             ; CLOCK3_50    ; CLOCK2_50   ; 10.000       ; -0.109     ; 5.231      ;
; 4.678 ; rst       ; gameboy:dut|cpu:cpu|regfile:regfile|regs[1][5]             ; CLOCK3_50    ; CLOCK2_50   ; 10.000       ; -0.109     ; 5.231      ;
; 4.678 ; rst       ; gameboy:dut|cpu:cpu|regfile:regfile|regs[1][6]             ; CLOCK3_50    ; CLOCK2_50   ; 10.000       ; -0.109     ; 5.231      ;
; 4.678 ; rst       ; gameboy:dut|cpu:cpu|regfile:regfile|regs[1][2]             ; CLOCK3_50    ; CLOCK2_50   ; 10.000       ; -0.109     ; 5.231      ;
; 4.678 ; rst       ; gameboy:dut|cpu:cpu|regfile:regfile|regs[1][3]             ; CLOCK3_50    ; CLOCK2_50   ; 10.000       ; -0.109     ; 5.231      ;
; 4.678 ; rst       ; gameboy:dut|cpu:cpu|regfile:regfile|regs[1][1]             ; CLOCK3_50    ; CLOCK2_50   ; 10.000       ; -0.109     ; 5.231      ;
; 4.708 ; rst       ; gameboy:dut|MMU:mmu|BRAM_handler:memory_units|HRAM[7][5]   ; CLOCK3_50    ; CLOCK2_50   ; 10.000       ; -0.098     ; 5.212      ;
; 4.708 ; rst       ; gameboy:dut|MMU:mmu|BRAM_handler:memory_units|HRAM[7][3]   ; CLOCK3_50    ; CLOCK2_50   ; 10.000       ; -0.098     ; 5.212      ;
; 4.708 ; rst       ; gameboy:dut|MMU:mmu|BRAM_handler:memory_units|HRAM[7][4]   ; CLOCK3_50    ; CLOCK2_50   ; 10.000       ; -0.098     ; 5.212      ;
; 4.708 ; rst       ; gameboy:dut|MMU:mmu|BRAM_handler:memory_units|HRAM[7][10]  ; CLOCK3_50    ; CLOCK2_50   ; 10.000       ; -0.098     ; 5.212      ;
; 4.708 ; rst       ; gameboy:dut|MMU:mmu|BRAM_handler:memory_units|HRAM[7][11]  ; CLOCK3_50    ; CLOCK2_50   ; 10.000       ; -0.098     ; 5.212      ;
; 4.708 ; rst       ; gameboy:dut|MMU:mmu|BRAM_handler:memory_units|HRAM[7][13]  ; CLOCK3_50    ; CLOCK2_50   ; 10.000       ; -0.098     ; 5.212      ;
; 4.708 ; rst       ; gameboy:dut|MMU:mmu|BRAM_handler:memory_units|HRAM[7][15]  ; CLOCK3_50    ; CLOCK2_50   ; 10.000       ; -0.098     ; 5.212      ;
; 4.735 ; rst       ; gameboy:dut|MMU:mmu|BRAM_handler:memory_units|HRAM[11][5]  ; CLOCK3_50    ; CLOCK2_50   ; 10.000       ; -0.099     ; 5.184      ;
; 4.735 ; rst       ; gameboy:dut|MMU:mmu|BRAM_handler:memory_units|HRAM[11][3]  ; CLOCK3_50    ; CLOCK2_50   ; 10.000       ; -0.099     ; 5.184      ;
; 4.735 ; rst       ; gameboy:dut|MMU:mmu|BRAM_handler:memory_units|HRAM[11][10] ; CLOCK3_50    ; CLOCK2_50   ; 10.000       ; -0.099     ; 5.184      ;
; 4.735 ; rst       ; gameboy:dut|MMU:mmu|BRAM_handler:memory_units|HRAM[11][11] ; CLOCK3_50    ; CLOCK2_50   ; 10.000       ; -0.099     ; 5.184      ;
; 4.735 ; rst       ; gameboy:dut|MMU:mmu|BRAM_handler:memory_units|HRAM[11][13] ; CLOCK3_50    ; CLOCK2_50   ; 10.000       ; -0.099     ; 5.184      ;
; 4.735 ; rst       ; gameboy:dut|MMU:mmu|BRAM_handler:memory_units|HRAM[11][15] ; CLOCK3_50    ; CLOCK2_50   ; 10.000       ; -0.099     ; 5.184      ;
; 4.776 ; rst       ; gameboy:dut|MMU:mmu|BRAM_handler:memory_units|HRAM[8][5]   ; CLOCK3_50    ; CLOCK2_50   ; 10.000       ; -0.099     ; 5.143      ;
; 4.776 ; rst       ; gameboy:dut|MMU:mmu|BRAM_handler:memory_units|HRAM[8][3]   ; CLOCK3_50    ; CLOCK2_50   ; 10.000       ; -0.099     ; 5.143      ;
; 4.776 ; rst       ; gameboy:dut|MMU:mmu|BRAM_handler:memory_units|HRAM[8][10]  ; CLOCK3_50    ; CLOCK2_50   ; 10.000       ; -0.099     ; 5.143      ;
; 4.776 ; rst       ; gameboy:dut|MMU:mmu|BRAM_handler:memory_units|HRAM[8][11]  ; CLOCK3_50    ; CLOCK2_50   ; 10.000       ; -0.099     ; 5.143      ;
; 4.776 ; rst       ; gameboy:dut|MMU:mmu|BRAM_handler:memory_units|HRAM[8][12]  ; CLOCK3_50    ; CLOCK2_50   ; 10.000       ; -0.099     ; 5.143      ;
; 4.776 ; rst       ; gameboy:dut|MMU:mmu|BRAM_handler:memory_units|HRAM[8][13]  ; CLOCK3_50    ; CLOCK2_50   ; 10.000       ; -0.099     ; 5.143      ;
; 4.776 ; rst       ; gameboy:dut|MMU:mmu|BRAM_handler:memory_units|HRAM[8][15]  ; CLOCK3_50    ; CLOCK2_50   ; 10.000       ; -0.099     ; 5.143      ;
; 4.788 ; rst       ; gameboy:dut|MMU:mmu|BRAM_handler:memory_units|HRAM[3][0]   ; CLOCK3_50    ; CLOCK2_50   ; 10.000       ; -0.094     ; 5.136      ;
; 4.788 ; rst       ; gameboy:dut|MMU:mmu|BRAM_handler:memory_units|HRAM[3][1]   ; CLOCK3_50    ; CLOCK2_50   ; 10.000       ; -0.094     ; 5.136      ;
; 4.808 ; rst       ; gameboy:dut|MMU:mmu|BRAM_handler:memory_units|HRAM[15][3]  ; CLOCK3_50    ; CLOCK2_50   ; 10.000       ; -0.099     ; 5.111      ;
; 4.808 ; rst       ; gameboy:dut|MMU:mmu|BRAM_handler:memory_units|HRAM[15][10] ; CLOCK3_50    ; CLOCK2_50   ; 10.000       ; -0.099     ; 5.111      ;
; 4.808 ; rst       ; gameboy:dut|MMU:mmu|BRAM_handler:memory_units|HRAM[15][11] ; CLOCK3_50    ; CLOCK2_50   ; 10.000       ; -0.099     ; 5.111      ;
; 4.808 ; rst       ; gameboy:dut|MMU:mmu|BRAM_handler:memory_units|HRAM[15][13] ; CLOCK3_50    ; CLOCK2_50   ; 10.000       ; -0.099     ; 5.111      ;
; 4.808 ; rst       ; gameboy:dut|MMU:mmu|BRAM_handler:memory_units|HRAM[15][15] ; CLOCK3_50    ; CLOCK2_50   ; 10.000       ; -0.099     ; 5.111      ;
; 4.834 ; rst       ; gameboy:dut|cpu:cpu|regfile:regfile|regs[7][5]             ; CLOCK3_50    ; CLOCK2_50   ; 10.000       ; -0.115     ; 5.069      ;
; 4.836 ; rst       ; gameboy:dut|MMU:mmu|BRAM_handler:memory_units|HRAM[8][0]   ; CLOCK3_50    ; CLOCK2_50   ; 10.000       ; -0.095     ; 5.087      ;
; 4.836 ; rst       ; gameboy:dut|MMU:mmu|BRAM_handler:memory_units|HRAM[8][1]   ; CLOCK3_50    ; CLOCK2_50   ; 10.000       ; -0.095     ; 5.087      ;
; 4.836 ; rst       ; gameboy:dut|MMU:mmu|BRAM_handler:memory_units|HRAM[8][2]   ; CLOCK3_50    ; CLOCK2_50   ; 10.000       ; -0.095     ; 5.087      ;
; 4.836 ; rst       ; gameboy:dut|MMU:mmu|BRAM_handler:memory_units|HRAM[8][4]   ; CLOCK3_50    ; CLOCK2_50   ; 10.000       ; -0.095     ; 5.087      ;
; 4.840 ; rst       ; gameboy:dut|MMU:mmu|BRAM_handler:memory_units|HRAM[3][7]   ; CLOCK3_50    ; CLOCK2_50   ; 10.000       ; -0.085     ; 5.093      ;
; 4.848 ; rst       ; gameboy:dut|MMU:mmu|BRAM_handler:memory_units|HRAM[3][5]   ; CLOCK3_50    ; CLOCK2_50   ; 10.000       ; -0.098     ; 5.072      ;
; 4.848 ; rst       ; gameboy:dut|MMU:mmu|BRAM_handler:memory_units|HRAM[3][3]   ; CLOCK3_50    ; CLOCK2_50   ; 10.000       ; -0.098     ; 5.072      ;
; 4.848 ; rst       ; gameboy:dut|MMU:mmu|BRAM_handler:memory_units|HRAM[3][4]   ; CLOCK3_50    ; CLOCK2_50   ; 10.000       ; -0.098     ; 5.072      ;
; 4.848 ; rst       ; gameboy:dut|MMU:mmu|BRAM_handler:memory_units|HRAM[3][10]  ; CLOCK3_50    ; CLOCK2_50   ; 10.000       ; -0.098     ; 5.072      ;
; 4.848 ; rst       ; gameboy:dut|MMU:mmu|BRAM_handler:memory_units|HRAM[3][11]  ; CLOCK3_50    ; CLOCK2_50   ; 10.000       ; -0.098     ; 5.072      ;
; 4.848 ; rst       ; gameboy:dut|MMU:mmu|BRAM_handler:memory_units|HRAM[3][13]  ; CLOCK3_50    ; CLOCK2_50   ; 10.000       ; -0.098     ; 5.072      ;
; 4.848 ; rst       ; gameboy:dut|MMU:mmu|BRAM_handler:memory_units|HRAM[3][15]  ; CLOCK3_50    ; CLOCK2_50   ; 10.000       ; -0.098     ; 5.072      ;
; 4.855 ; rst       ; gameboy:dut|MMU:mmu|BRAM_handler:memory_units|HRAM[15][5]  ; CLOCK3_50    ; CLOCK2_50   ; 10.000       ; -0.096     ; 5.067      ;
; 4.855 ; rst       ; gameboy:dut|MMU:mmu|BRAM_handler:memory_units|HRAM[15][12] ; CLOCK3_50    ; CLOCK2_50   ; 10.000       ; -0.096     ; 5.067      ;
+-------+-----------+------------------------------------------------------------+--------------+-------------+--------------+------------+------------+


+----------------------------------------------------------------------------------------------------------------------------------------+
; Slow 1200mV 85C Model Setup: 'CLOCK3_50'                                                                                               ;
+--------+----------------------------+----------------------------+--------------+-------------+--------------+------------+------------+
; Slack  ; From Node                  ; To Node                    ; Launch Clock ; Latch Clock ; Relationship ; Clock Skew ; Data Delay ;
+--------+----------------------------+----------------------------+--------------+-------------+--------------+------------+------------+
; 15.747 ; vga:v1|Counter:vs_ct|Q[17] ; vga:v1|Counter:vs_ct|Q[11] ; CLOCK3_50    ; CLOCK3_50   ; 20.000       ; -0.080     ; 4.191      ;
; 15.747 ; vga:v1|Counter:vs_ct|Q[17] ; vga:v1|Counter:vs_ct|Q[13] ; CLOCK3_50    ; CLOCK3_50   ; 20.000       ; -0.080     ; 4.191      ;
; 15.747 ; vga:v1|Counter:vs_ct|Q[17] ; vga:v1|Counter:vs_ct|Q[15] ; CLOCK3_50    ; CLOCK3_50   ; 20.000       ; -0.080     ; 4.191      ;
; 15.748 ; vga:v1|Counter:vs_ct|Q[17] ; vga:v1|Counter:vs_ct|Q[18] ; CLOCK3_50    ; CLOCK3_50   ; 20.000       ; -0.080     ; 4.190      ;
; 15.748 ; vga:v1|Counter:vs_ct|Q[17] ; vga:v1|Counter:vs_ct|Q[19] ; CLOCK3_50    ; CLOCK3_50   ; 20.000       ; -0.080     ; 4.190      ;
; 15.790 ; vga:v1|Counter:vs_ct|Q[16] ; vga:v1|Counter:vs_ct|Q[11] ; CLOCK3_50    ; CLOCK3_50   ; 20.000       ; -0.080     ; 4.148      ;
; 15.790 ; vga:v1|Counter:vs_ct|Q[16] ; vga:v1|Counter:vs_ct|Q[13] ; CLOCK3_50    ; CLOCK3_50   ; 20.000       ; -0.080     ; 4.148      ;
; 15.790 ; vga:v1|Counter:vs_ct|Q[16] ; vga:v1|Counter:vs_ct|Q[15] ; CLOCK3_50    ; CLOCK3_50   ; 20.000       ; -0.080     ; 4.148      ;
; 15.791 ; vga:v1|Counter:vs_ct|Q[16] ; vga:v1|Counter:vs_ct|Q[18] ; CLOCK3_50    ; CLOCK3_50   ; 20.000       ; -0.080     ; 4.147      ;
; 15.791 ; vga:v1|Counter:vs_ct|Q[16] ; vga:v1|Counter:vs_ct|Q[19] ; CLOCK3_50    ; CLOCK3_50   ; 20.000       ; -0.080     ; 4.147      ;
; 16.029 ; vga:v1|Counter:vs_ct|Q[17] ; vga:v1|Counter:vs_ct|Q[12] ; CLOCK3_50    ; CLOCK3_50   ; 20.000       ; -0.080     ; 3.909      ;
; 16.072 ; vga:v1|Counter:vs_ct|Q[16] ; vga:v1|Counter:vs_ct|Q[12] ; CLOCK3_50    ; CLOCK3_50   ; 20.000       ; -0.080     ; 3.866      ;
; 16.133 ; vga:v1|Counter:vs_ct|Q[17] ; vga:v1|Counter:vs_ct|Q[6]  ; CLOCK3_50    ; CLOCK3_50   ; 20.000       ; -0.079     ; 3.806      ;
; 16.170 ; vga:v1|Counter:hs_ct|Q[1]  ; vga:v1|Counter:vs_ct|Q[11] ; CLOCK3_50    ; CLOCK3_50   ; 20.000       ; -0.079     ; 3.769      ;
; 16.170 ; vga:v1|Counter:hs_ct|Q[1]  ; vga:v1|Counter:vs_ct|Q[13] ; CLOCK3_50    ; CLOCK3_50   ; 20.000       ; -0.079     ; 3.769      ;
; 16.170 ; vga:v1|Counter:hs_ct|Q[1]  ; vga:v1|Counter:vs_ct|Q[15] ; CLOCK3_50    ; CLOCK3_50   ; 20.000       ; -0.079     ; 3.769      ;
; 16.171 ; vga:v1|Counter:hs_ct|Q[1]  ; vga:v1|Counter:vs_ct|Q[18] ; CLOCK3_50    ; CLOCK3_50   ; 20.000       ; -0.079     ; 3.768      ;
; 16.171 ; vga:v1|Counter:hs_ct|Q[1]  ; vga:v1|Counter:vs_ct|Q[19] ; CLOCK3_50    ; CLOCK3_50   ; 20.000       ; -0.079     ; 3.768      ;
; 16.176 ; vga:v1|Counter:vs_ct|Q[16] ; vga:v1|Counter:vs_ct|Q[6]  ; CLOCK3_50    ; CLOCK3_50   ; 20.000       ; -0.079     ; 3.763      ;
; 16.330 ; vga:v1|Counter:hs_ct|Q[0]  ; vga:v1|Counter:vs_ct|Q[11] ; CLOCK3_50    ; CLOCK3_50   ; 20.000       ; -0.079     ; 3.609      ;
; 16.330 ; vga:v1|Counter:hs_ct|Q[0]  ; vga:v1|Counter:vs_ct|Q[13] ; CLOCK3_50    ; CLOCK3_50   ; 20.000       ; -0.079     ; 3.609      ;
; 16.330 ; vga:v1|Counter:hs_ct|Q[0]  ; vga:v1|Counter:vs_ct|Q[15] ; CLOCK3_50    ; CLOCK3_50   ; 20.000       ; -0.079     ; 3.609      ;
; 16.331 ; vga:v1|Counter:hs_ct|Q[0]  ; vga:v1|Counter:vs_ct|Q[18] ; CLOCK3_50    ; CLOCK3_50   ; 20.000       ; -0.079     ; 3.608      ;
; 16.331 ; vga:v1|Counter:hs_ct|Q[0]  ; vga:v1|Counter:vs_ct|Q[19] ; CLOCK3_50    ; CLOCK3_50   ; 20.000       ; -0.079     ; 3.608      ;
; 16.362 ; vga:v1|Counter:vs_ct|Q[13] ; vga:v1|Counter:vs_ct|Q[11] ; CLOCK3_50    ; CLOCK3_50   ; 20.000       ; -0.080     ; 3.576      ;
; 16.362 ; vga:v1|Counter:vs_ct|Q[13] ; vga:v1|Counter:vs_ct|Q[13] ; CLOCK3_50    ; CLOCK3_50   ; 20.000       ; -0.080     ; 3.576      ;
; 16.362 ; vga:v1|Counter:vs_ct|Q[13] ; vga:v1|Counter:vs_ct|Q[15] ; CLOCK3_50    ; CLOCK3_50   ; 20.000       ; -0.080     ; 3.576      ;
; 16.363 ; vga:v1|Counter:vs_ct|Q[13] ; vga:v1|Counter:vs_ct|Q[18] ; CLOCK3_50    ; CLOCK3_50   ; 20.000       ; -0.080     ; 3.575      ;
; 16.363 ; vga:v1|Counter:vs_ct|Q[13] ; vga:v1|Counter:vs_ct|Q[19] ; CLOCK3_50    ; CLOCK3_50   ; 20.000       ; -0.080     ; 3.575      ;
; 16.372 ; vga:v1|Counter:vs_ct|Q[4]  ; vga:v1|Counter:vs_ct|Q[11] ; CLOCK3_50    ; CLOCK3_50   ; 20.000       ; -0.081     ; 3.565      ;
; 16.372 ; vga:v1|Counter:vs_ct|Q[4]  ; vga:v1|Counter:vs_ct|Q[13] ; CLOCK3_50    ; CLOCK3_50   ; 20.000       ; -0.081     ; 3.565      ;
; 16.372 ; vga:v1|Counter:vs_ct|Q[4]  ; vga:v1|Counter:vs_ct|Q[15] ; CLOCK3_50    ; CLOCK3_50   ; 20.000       ; -0.081     ; 3.565      ;
; 16.373 ; vga:v1|Counter:vs_ct|Q[4]  ; vga:v1|Counter:vs_ct|Q[18] ; CLOCK3_50    ; CLOCK3_50   ; 20.000       ; -0.081     ; 3.564      ;
; 16.373 ; vga:v1|Counter:vs_ct|Q[4]  ; vga:v1|Counter:vs_ct|Q[19] ; CLOCK3_50    ; CLOCK3_50   ; 20.000       ; -0.081     ; 3.564      ;
; 16.452 ; vga:v1|Counter:hs_ct|Q[1]  ; vga:v1|Counter:vs_ct|Q[12] ; CLOCK3_50    ; CLOCK3_50   ; 20.000       ; -0.079     ; 3.487      ;
; 16.468 ; vga:v1|Counter:vs_ct|Q[11] ; vga:v1|Counter:vs_ct|Q[11] ; CLOCK3_50    ; CLOCK3_50   ; 20.000       ; -0.080     ; 3.470      ;
; 16.468 ; vga:v1|Counter:vs_ct|Q[11] ; vga:v1|Counter:vs_ct|Q[13] ; CLOCK3_50    ; CLOCK3_50   ; 20.000       ; -0.080     ; 3.470      ;
; 16.468 ; vga:v1|Counter:vs_ct|Q[11] ; vga:v1|Counter:vs_ct|Q[15] ; CLOCK3_50    ; CLOCK3_50   ; 20.000       ; -0.080     ; 3.470      ;
; 16.469 ; vga:v1|Counter:vs_ct|Q[11] ; vga:v1|Counter:vs_ct|Q[18] ; CLOCK3_50    ; CLOCK3_50   ; 20.000       ; -0.080     ; 3.469      ;
; 16.469 ; vga:v1|Counter:vs_ct|Q[11] ; vga:v1|Counter:vs_ct|Q[19] ; CLOCK3_50    ; CLOCK3_50   ; 20.000       ; -0.080     ; 3.469      ;
; 16.500 ; vga:v1|Counter:vs_ct|Q[15] ; vga:v1|Counter:vs_ct|Q[11] ; CLOCK3_50    ; CLOCK3_50   ; 20.000       ; -0.080     ; 3.438      ;
; 16.500 ; vga:v1|Counter:vs_ct|Q[15] ; vga:v1|Counter:vs_ct|Q[13] ; CLOCK3_50    ; CLOCK3_50   ; 20.000       ; -0.080     ; 3.438      ;
; 16.500 ; vga:v1|Counter:vs_ct|Q[15] ; vga:v1|Counter:vs_ct|Q[15] ; CLOCK3_50    ; CLOCK3_50   ; 20.000       ; -0.080     ; 3.438      ;
; 16.501 ; vga:v1|Counter:vs_ct|Q[15] ; vga:v1|Counter:vs_ct|Q[18] ; CLOCK3_50    ; CLOCK3_50   ; 20.000       ; -0.080     ; 3.437      ;
; 16.501 ; vga:v1|Counter:vs_ct|Q[15] ; vga:v1|Counter:vs_ct|Q[19] ; CLOCK3_50    ; CLOCK3_50   ; 20.000       ; -0.080     ; 3.437      ;
; 16.511 ; vga:v1|Counter:vs_ct|Q[9]  ; vga:v1|Counter:vs_ct|Q[11] ; CLOCK3_50    ; CLOCK3_50   ; 20.000       ; -0.081     ; 3.426      ;
; 16.511 ; vga:v1|Counter:vs_ct|Q[9]  ; vga:v1|Counter:vs_ct|Q[13] ; CLOCK3_50    ; CLOCK3_50   ; 20.000       ; -0.081     ; 3.426      ;
; 16.511 ; vga:v1|Counter:vs_ct|Q[9]  ; vga:v1|Counter:vs_ct|Q[15] ; CLOCK3_50    ; CLOCK3_50   ; 20.000       ; -0.081     ; 3.426      ;
; 16.512 ; vga:v1|Counter:vs_ct|Q[9]  ; vga:v1|Counter:vs_ct|Q[18] ; CLOCK3_50    ; CLOCK3_50   ; 20.000       ; -0.081     ; 3.425      ;
; 16.512 ; vga:v1|Counter:vs_ct|Q[9]  ; vga:v1|Counter:vs_ct|Q[19] ; CLOCK3_50    ; CLOCK3_50   ; 20.000       ; -0.081     ; 3.425      ;
; 16.534 ; vga:v1|Counter:vs_ct|Q[2]  ; vga:v1|Counter:vs_ct|Q[11] ; CLOCK3_50    ; CLOCK3_50   ; 20.000       ; -0.081     ; 3.403      ;
; 16.534 ; vga:v1|Counter:vs_ct|Q[2]  ; vga:v1|Counter:vs_ct|Q[13] ; CLOCK3_50    ; CLOCK3_50   ; 20.000       ; -0.081     ; 3.403      ;
; 16.534 ; vga:v1|Counter:vs_ct|Q[2]  ; vga:v1|Counter:vs_ct|Q[15] ; CLOCK3_50    ; CLOCK3_50   ; 20.000       ; -0.081     ; 3.403      ;
; 16.535 ; vga:v1|Counter:vs_ct|Q[2]  ; vga:v1|Counter:vs_ct|Q[18] ; CLOCK3_50    ; CLOCK3_50   ; 20.000       ; -0.081     ; 3.402      ;
; 16.535 ; vga:v1|Counter:vs_ct|Q[2]  ; vga:v1|Counter:vs_ct|Q[19] ; CLOCK3_50    ; CLOCK3_50   ; 20.000       ; -0.081     ; 3.402      ;
; 16.539 ; vga:v1|Counter:vs_ct|Q[6]  ; vga:v1|Counter:vs_ct|Q[11] ; CLOCK3_50    ; CLOCK3_50   ; 20.000       ; -0.081     ; 3.398      ;
; 16.539 ; vga:v1|Counter:vs_ct|Q[6]  ; vga:v1|Counter:vs_ct|Q[13] ; CLOCK3_50    ; CLOCK3_50   ; 20.000       ; -0.081     ; 3.398      ;
; 16.539 ; vga:v1|Counter:vs_ct|Q[6]  ; vga:v1|Counter:vs_ct|Q[15] ; CLOCK3_50    ; CLOCK3_50   ; 20.000       ; -0.081     ; 3.398      ;
; 16.540 ; vga:v1|Counter:vs_ct|Q[6]  ; vga:v1|Counter:vs_ct|Q[18] ; CLOCK3_50    ; CLOCK3_50   ; 20.000       ; -0.081     ; 3.397      ;
; 16.540 ; vga:v1|Counter:vs_ct|Q[6]  ; vga:v1|Counter:vs_ct|Q[19] ; CLOCK3_50    ; CLOCK3_50   ; 20.000       ; -0.081     ; 3.397      ;
; 16.556 ; vga:v1|Counter:hs_ct|Q[1]  ; vga:v1|Counter:vs_ct|Q[6]  ; CLOCK3_50    ; CLOCK3_50   ; 20.000       ; -0.078     ; 3.384      ;
; 16.612 ; vga:v1|Counter:hs_ct|Q[0]  ; vga:v1|Counter:vs_ct|Q[12] ; CLOCK3_50    ; CLOCK3_50   ; 20.000       ; -0.079     ; 3.327      ;
; 16.638 ; vga:v1|Counter:vs_ct|Q[5]  ; vga:v1|Counter:vs_ct|Q[11] ; CLOCK3_50    ; CLOCK3_50   ; 20.000       ; -0.081     ; 3.299      ;
; 16.638 ; vga:v1|Counter:vs_ct|Q[5]  ; vga:v1|Counter:vs_ct|Q[13] ; CLOCK3_50    ; CLOCK3_50   ; 20.000       ; -0.081     ; 3.299      ;
; 16.638 ; vga:v1|Counter:vs_ct|Q[5]  ; vga:v1|Counter:vs_ct|Q[15] ; CLOCK3_50    ; CLOCK3_50   ; 20.000       ; -0.081     ; 3.299      ;
; 16.639 ; vga:v1|Counter:vs_ct|Q[5]  ; vga:v1|Counter:vs_ct|Q[18] ; CLOCK3_50    ; CLOCK3_50   ; 20.000       ; -0.081     ; 3.298      ;
; 16.639 ; vga:v1|Counter:vs_ct|Q[5]  ; vga:v1|Counter:vs_ct|Q[19] ; CLOCK3_50    ; CLOCK3_50   ; 20.000       ; -0.081     ; 3.298      ;
; 16.644 ; vga:v1|Counter:vs_ct|Q[13] ; vga:v1|Counter:vs_ct|Q[12] ; CLOCK3_50    ; CLOCK3_50   ; 20.000       ; -0.080     ; 3.294      ;
; 16.654 ; vga:v1|Counter:vs_ct|Q[4]  ; vga:v1|Counter:vs_ct|Q[12] ; CLOCK3_50    ; CLOCK3_50   ; 20.000       ; -0.081     ; 3.283      ;
; 16.655 ; vga:v1|Counter:vs_ct|Q[18] ; vga:v1|Counter:vs_ct|Q[11] ; CLOCK3_50    ; CLOCK3_50   ; 20.000       ; -0.080     ; 3.283      ;
; 16.655 ; vga:v1|Counter:vs_ct|Q[18] ; vga:v1|Counter:vs_ct|Q[13] ; CLOCK3_50    ; CLOCK3_50   ; 20.000       ; -0.080     ; 3.283      ;
; 16.655 ; vga:v1|Counter:vs_ct|Q[18] ; vga:v1|Counter:vs_ct|Q[15] ; CLOCK3_50    ; CLOCK3_50   ; 20.000       ; -0.080     ; 3.283      ;
; 16.656 ; vga:v1|Counter:vs_ct|Q[18] ; vga:v1|Counter:vs_ct|Q[18] ; CLOCK3_50    ; CLOCK3_50   ; 20.000       ; -0.080     ; 3.282      ;
; 16.656 ; vga:v1|Counter:vs_ct|Q[18] ; vga:v1|Counter:vs_ct|Q[19] ; CLOCK3_50    ; CLOCK3_50   ; 20.000       ; -0.080     ; 3.282      ;
; 16.691 ; vga:v1|Counter:vs_ct|Q[12] ; vga:v1|Counter:vs_ct|Q[11] ; CLOCK3_50    ; CLOCK3_50   ; 20.000       ; -0.080     ; 3.247      ;
; 16.691 ; vga:v1|Counter:vs_ct|Q[12] ; vga:v1|Counter:vs_ct|Q[13] ; CLOCK3_50    ; CLOCK3_50   ; 20.000       ; -0.080     ; 3.247      ;
; 16.691 ; vga:v1|Counter:vs_ct|Q[12] ; vga:v1|Counter:vs_ct|Q[15] ; CLOCK3_50    ; CLOCK3_50   ; 20.000       ; -0.080     ; 3.247      ;
; 16.692 ; vga:v1|Counter:vs_ct|Q[12] ; vga:v1|Counter:vs_ct|Q[18] ; CLOCK3_50    ; CLOCK3_50   ; 20.000       ; -0.080     ; 3.246      ;
; 16.692 ; vga:v1|Counter:vs_ct|Q[12] ; vga:v1|Counter:vs_ct|Q[19] ; CLOCK3_50    ; CLOCK3_50   ; 20.000       ; -0.080     ; 3.246      ;
; 16.703 ; vga:v1|Counter:vs_ct|Q[7]  ; vga:v1|Counter:vs_ct|Q[11] ; CLOCK3_50    ; CLOCK3_50   ; 20.000       ; -0.081     ; 3.234      ;
; 16.703 ; vga:v1|Counter:vs_ct|Q[7]  ; vga:v1|Counter:vs_ct|Q[13] ; CLOCK3_50    ; CLOCK3_50   ; 20.000       ; -0.081     ; 3.234      ;
; 16.703 ; vga:v1|Counter:vs_ct|Q[7]  ; vga:v1|Counter:vs_ct|Q[15] ; CLOCK3_50    ; CLOCK3_50   ; 20.000       ; -0.081     ; 3.234      ;
; 16.704 ; vga:v1|Counter:vs_ct|Q[7]  ; vga:v1|Counter:vs_ct|Q[18] ; CLOCK3_50    ; CLOCK3_50   ; 20.000       ; -0.081     ; 3.233      ;
; 16.704 ; vga:v1|Counter:vs_ct|Q[7]  ; vga:v1|Counter:vs_ct|Q[19] ; CLOCK3_50    ; CLOCK3_50   ; 20.000       ; -0.081     ; 3.233      ;
; 16.716 ; vga:v1|Counter:hs_ct|Q[0]  ; vga:v1|Counter:vs_ct|Q[6]  ; CLOCK3_50    ; CLOCK3_50   ; 20.000       ; -0.078     ; 3.224      ;
; 16.719 ; vga:v1|Counter:vs_ct|Q[14] ; vga:v1|Counter:vs_ct|Q[11] ; CLOCK3_50    ; CLOCK3_50   ; 20.000       ; -0.080     ; 3.219      ;
; 16.719 ; vga:v1|Counter:vs_ct|Q[14] ; vga:v1|Counter:vs_ct|Q[13] ; CLOCK3_50    ; CLOCK3_50   ; 20.000       ; -0.080     ; 3.219      ;
; 16.719 ; vga:v1|Counter:vs_ct|Q[14] ; vga:v1|Counter:vs_ct|Q[15] ; CLOCK3_50    ; CLOCK3_50   ; 20.000       ; -0.080     ; 3.219      ;
; 16.720 ; vga:v1|Counter:vs_ct|Q[14] ; vga:v1|Counter:vs_ct|Q[18] ; CLOCK3_50    ; CLOCK3_50   ; 20.000       ; -0.080     ; 3.218      ;
; 16.720 ; vga:v1|Counter:vs_ct|Q[14] ; vga:v1|Counter:vs_ct|Q[19] ; CLOCK3_50    ; CLOCK3_50   ; 20.000       ; -0.080     ; 3.218      ;
; 16.748 ; vga:v1|Counter:vs_ct|Q[13] ; vga:v1|Counter:vs_ct|Q[6]  ; CLOCK3_50    ; CLOCK3_50   ; 20.000       ; -0.079     ; 3.191      ;
; 16.750 ; vga:v1|Counter:vs_ct|Q[11] ; vga:v1|Counter:vs_ct|Q[12] ; CLOCK3_50    ; CLOCK3_50   ; 20.000       ; -0.080     ; 3.188      ;
; 16.754 ; vga:v1|Counter:vs_ct|Q[10] ; vga:v1|Counter:vs_ct|Q[11] ; CLOCK3_50    ; CLOCK3_50   ; 20.000       ; -0.080     ; 3.184      ;
; 16.754 ; vga:v1|Counter:vs_ct|Q[10] ; vga:v1|Counter:vs_ct|Q[13] ; CLOCK3_50    ; CLOCK3_50   ; 20.000       ; -0.080     ; 3.184      ;
; 16.754 ; vga:v1|Counter:vs_ct|Q[10] ; vga:v1|Counter:vs_ct|Q[15] ; CLOCK3_50    ; CLOCK3_50   ; 20.000       ; -0.080     ; 3.184      ;
; 16.755 ; vga:v1|Counter:vs_ct|Q[10] ; vga:v1|Counter:vs_ct|Q[18] ; CLOCK3_50    ; CLOCK3_50   ; 20.000       ; -0.080     ; 3.183      ;
; 16.755 ; vga:v1|Counter:vs_ct|Q[10] ; vga:v1|Counter:vs_ct|Q[19] ; CLOCK3_50    ; CLOCK3_50   ; 20.000       ; -0.080     ; 3.183      ;
; 16.758 ; vga:v1|Counter:vs_ct|Q[4]  ; vga:v1|Counter:vs_ct|Q[6]  ; CLOCK3_50    ; CLOCK3_50   ; 20.000       ; -0.080     ; 3.180      ;
; 16.766 ; vga:v1|Counter:vs_ct|Q[19] ; vga:v1|Counter:vs_ct|Q[11] ; CLOCK3_50    ; CLOCK3_50   ; 20.000       ; -0.080     ; 3.172      ;
; 16.766 ; vga:v1|Counter:vs_ct|Q[19] ; vga:v1|Counter:vs_ct|Q[13] ; CLOCK3_50    ; CLOCK3_50   ; 20.000       ; -0.080     ; 3.172      ;
+--------+----------------------------+----------------------------+--------------+-------------+--------------+------------+------------+


+-----------------------------------------------------------------------------------------------------------------------------------------------------------------------------------------------------------------------------------------------------------------------------------------------------+
; Slow 1200mV 85C Model Hold: 'CLOCK2_50'                                                                                                                                                                                                                                                             ;
+-------+-----------------------------------------------------------------------------------------------------------+-----------------------------------------------------------------------------------------------------------+--------------+-------------+--------------+------------+------------+
; Slack ; From Node                                                                                                 ; To Node                                                                                                   ; Launch Clock ; Latch Clock ; Relationship ; Clock Skew ; Data Delay ;
+-------+-----------------------------------------------------------------------------------------------------------+-----------------------------------------------------------------------------------------------------------+--------------+-------------+--------------+------------+------------+
; 0.402 ; gameboy:dut|MMU:mmu|IO_handler:io_registers|NR52_R[7]                                                     ; gameboy:dut|MMU:mmu|IO_handler:io_registers|NR52_R[7]                                                     ; CLOCK2_50    ; CLOCK2_50   ; 0.000        ; 0.081      ; 0.669      ;
; 0.402 ; gameboy:dut|MMU:mmu|IO_handler:io_registers|start_dma                                                     ; gameboy:dut|MMU:mmu|IO_handler:io_registers|start_dma                                                     ; CLOCK2_50    ; CLOCK2_50   ; 0.000        ; 0.081      ; 0.669      ;
; 0.403 ; gameboy:dut|cpu:cpu|decoder:decoder|flopenr:imereg|q[0]                                                   ; gameboy:dut|cpu:cpu|decoder:decoder|flopenr:imereg|q[0]                                                   ; CLOCK2_50    ; CLOCK2_50   ; 0.000        ; 0.080      ; 0.669      ;
; 0.403 ; gameboy:dut|cpu:cpu|decoder:decoder|flopr:mpcflop|q[7]                                                    ; gameboy:dut|cpu:cpu|decoder:decoder|flopr:mpcflop|q[7]                                                    ; CLOCK2_50    ; CLOCK2_50   ; 0.000        ; 0.080      ; 0.669      ;
; 0.403 ; gameboy:dut|PPU_Wrapper:ppu|Pixel_Gen:Pixel_Gen_inst|Render_BG:render_bg_inst|pixel_index[2]              ; gameboy:dut|PPU_Wrapper:ppu|Pixel_Gen:Pixel_Gen_inst|Render_BG:render_bg_inst|pixel_index[2]              ; CLOCK2_50    ; CLOCK2_50   ; 0.000        ; 0.080      ; 0.669      ;
; 0.403 ; gameboy:dut|PPU_Wrapper:ppu|Pixel_Gen:Pixel_Gen_inst|Render_BG:render_bg_inst|pixel_index[1]              ; gameboy:dut|PPU_Wrapper:ppu|Pixel_Gen:Pixel_Gen_inst|Render_BG:render_bg_inst|pixel_index[1]              ; CLOCK2_50    ; CLOCK2_50   ; 0.000        ; 0.080      ; 0.669      ;
; 0.403 ; gameboy:dut|PPU_Wrapper:ppu|Pixel_Gen:Pixel_Gen_inst|Render_BG:render_bg_inst|pixel_index[0]              ; gameboy:dut|PPU_Wrapper:ppu|Pixel_Gen:Pixel_Gen_inst|Render_BG:render_bg_inst|pixel_index[0]              ; CLOCK2_50    ; CLOCK2_50   ; 0.000        ; 0.080      ; 0.669      ;
; 0.403 ; gameboy:dut|PPU_Wrapper:ppu|Pixel_Gen:Pixel_Gen_inst|Render_BG:render_bg_inst|state.BG_IDLE               ; gameboy:dut|PPU_Wrapper:ppu|Pixel_Gen:Pixel_Gen_inst|Render_BG:render_bg_inst|state.BG_IDLE               ; CLOCK2_50    ; CLOCK2_50   ; 0.000        ; 0.080      ; 0.669      ;
; 0.403 ; gameboy:dut|PPU_Wrapper:ppu|OAM_Search:oam_search|state.OAM_IDLE                                          ; gameboy:dut|PPU_Wrapper:ppu|OAM_Search:oam_search|state.OAM_IDLE                                          ; CLOCK2_50    ; CLOCK2_50   ; 0.000        ; 0.080      ; 0.669      ;
; 0.403 ; gameboy:dut|PPU_Wrapper:ppu|OAM_Search:oam_search|sort_i[2]                                               ; gameboy:dut|PPU_Wrapper:ppu|OAM_Search:oam_search|sort_i[2]                                               ; CLOCK2_50    ; CLOCK2_50   ; 0.000        ; 0.080      ; 0.669      ;
; 0.403 ; gameboy:dut|PPU_Wrapper:ppu|OAM_Search:oam_search|sort_i[1]                                               ; gameboy:dut|PPU_Wrapper:ppu|OAM_Search:oam_search|sort_i[1]                                               ; CLOCK2_50    ; CLOCK2_50   ; 0.000        ; 0.080      ; 0.669      ;
; 0.403 ; gameboy:dut|PPU_Wrapper:ppu|OAM_Search:oam_search|sort_i[3]                                               ; gameboy:dut|PPU_Wrapper:ppu|OAM_Search:oam_search|sort_i[3]                                               ; CLOCK2_50    ; CLOCK2_50   ; 0.000        ; 0.080      ; 0.669      ;
; 0.403 ; gameboy:dut|PPU_Wrapper:ppu|OAM_Search:oam_search|state.OAM_FETCH                                         ; gameboy:dut|PPU_Wrapper:ppu|OAM_Search:oam_search|state.OAM_FETCH                                         ; CLOCK2_50    ; CLOCK2_50   ; 0.000        ; 0.080      ; 0.669      ;
; 0.403 ; gameboy:dut|PPU_Wrapper:ppu|OAM_Search:oam_search|sort_phase                                              ; gameboy:dut|PPU_Wrapper:ppu|OAM_Search:oam_search|sort_phase                                              ; CLOCK2_50    ; CLOCK2_50   ; 0.000        ; 0.080      ; 0.669      ;
; 0.403 ; gameboy:dut|PPU_Wrapper:ppu|OAM_Search:oam_search|selected_count[0]                                       ; gameboy:dut|PPU_Wrapper:ppu|OAM_Search:oam_search|selected_count[0]                                       ; CLOCK2_50    ; CLOCK2_50   ; 0.000        ; 0.080      ; 0.669      ;
; 0.403 ; gameboy:dut|PPU_Wrapper:ppu|OAM_Search:oam_search|selected_count[1]                                       ; gameboy:dut|PPU_Wrapper:ppu|OAM_Search:oam_search|selected_count[1]                                       ; CLOCK2_50    ; CLOCK2_50   ; 0.000        ; 0.080      ; 0.669      ;
; 0.403 ; gameboy:dut|PPU_Wrapper:ppu|OAM_Search:oam_search|selected_count[2]                                       ; gameboy:dut|PPU_Wrapper:ppu|OAM_Search:oam_search|selected_count[2]                                       ; CLOCK2_50    ; CLOCK2_50   ; 0.000        ; 0.080      ; 0.669      ;
; 0.403 ; gameboy:dut|PPU_Wrapper:ppu|OAM_Search:oam_search|selected_count[3]                                       ; gameboy:dut|PPU_Wrapper:ppu|OAM_Search:oam_search|selected_count[3]                                       ; CLOCK2_50    ; CLOCK2_50   ; 0.000        ; 0.080      ; 0.669      ;
; 0.403 ; gameboy:dut|PPU_Wrapper:ppu|Pixel_Gen:Pixel_Gen_inst|Render_Sprites:render_sprites_inst|x_coord[8]        ; gameboy:dut|PPU_Wrapper:ppu|Pixel_Gen:Pixel_Gen_inst|Render_Sprites:render_sprites_inst|x_coord[8]        ; CLOCK2_50    ; CLOCK2_50   ; 0.000        ; 0.080      ; 0.669      ;
; 0.403 ; gameboy:dut|PPU_Wrapper:ppu|Pixel_Gen:Pixel_Gen_inst|Render_Sprites:render_sprites_inst|pixel_index[2]    ; gameboy:dut|PPU_Wrapper:ppu|Pixel_Gen:Pixel_Gen_inst|Render_Sprites:render_sprites_inst|pixel_index[2]    ; CLOCK2_50    ; CLOCK2_50   ; 0.000        ; 0.080      ; 0.669      ;
; 0.403 ; gameboy:dut|PPU_Wrapper:ppu|Pixel_Gen:Pixel_Gen_inst|Render_Sprites:render_sprites_inst|pixel_index[1]    ; gameboy:dut|PPU_Wrapper:ppu|Pixel_Gen:Pixel_Gen_inst|Render_Sprites:render_sprites_inst|pixel_index[1]    ; CLOCK2_50    ; CLOCK2_50   ; 0.000        ; 0.080      ; 0.669      ;
; 0.403 ; gameboy:dut|PPU_Wrapper:ppu|Pixel_Gen:Pixel_Gen_inst|Render_Sprites:render_sprites_inst|state.SCAN_CHECK  ; gameboy:dut|PPU_Wrapper:ppu|Pixel_Gen:Pixel_Gen_inst|Render_Sprites:render_sprites_inst|state.SCAN_CHECK  ; CLOCK2_50    ; CLOCK2_50   ; 0.000        ; 0.080      ; 0.669      ;
; 0.403 ; gameboy:dut|PPU_Wrapper:ppu|Pixel_Gen:Pixel_Gen_inst|Render_Sprites:render_sprites_inst|x_coord[9]        ; gameboy:dut|PPU_Wrapper:ppu|Pixel_Gen:Pixel_Gen_inst|Render_Sprites:render_sprites_inst|x_coord[9]        ; CLOCK2_50    ; CLOCK2_50   ; 0.000        ; 0.080      ; 0.669      ;
; 0.403 ; gameboy:dut|PPU_Wrapper:ppu|Pixel_Gen:Pixel_Gen_inst|Render_Sprites:render_sprites_inst|state.IDLE        ; gameboy:dut|PPU_Wrapper:ppu|Pixel_Gen:Pixel_Gen_inst|Render_Sprites:render_sprites_inst|state.IDLE        ; CLOCK2_50    ; CLOCK2_50   ; 0.000        ; 0.080      ; 0.669      ;
; 0.403 ; gameboy:dut|PPU_Wrapper:ppu|Pixel_Gen:Pixel_Gen_inst|Render_BG:render_bg_inst|bg_done                     ; gameboy:dut|PPU_Wrapper:ppu|Pixel_Gen:Pixel_Gen_inst|Render_BG:render_bg_inst|bg_done                     ; CLOCK2_50    ; CLOCK2_50   ; 0.000        ; 0.080      ; 0.669      ;
; 0.403 ; gameboy:dut|PPU_Wrapper:ppu|OAM_Search:oam_search|state.OAM_SORT                                          ; gameboy:dut|PPU_Wrapper:ppu|OAM_Search:oam_search|state.OAM_SORT                                          ; CLOCK2_50    ; CLOCK2_50   ; 0.000        ; 0.080      ; 0.669      ;
; 0.403 ; gameboy:dut|PPU_Wrapper:ppu|Pixel_Gen:Pixel_Gen_inst|Render_Sprites:render_sprites_inst|state.DUMP_PIXELS ; gameboy:dut|PPU_Wrapper:ppu|Pixel_Gen:Pixel_Gen_inst|Render_Sprites:render_sprites_inst|state.DUMP_PIXELS ; CLOCK2_50    ; CLOCK2_50   ; 0.000        ; 0.080      ; 0.669      ;
; 0.403 ; gameboy:dut|PPU_Wrapper:ppu|Pixel_Gen:Pixel_Gen_inst|Render_Sprites:render_sprites_inst|sprite_done       ; gameboy:dut|PPU_Wrapper:ppu|Pixel_Gen:Pixel_Gen_inst|Render_Sprites:render_sprites_inst|sprite_done       ; CLOCK2_50    ; CLOCK2_50   ; 0.000        ; 0.080      ; 0.669      ;
; 0.403 ; gameboy:dut|MMU:mmu|IO_handler:io_registers|IF_R[0]                                                       ; gameboy:dut|MMU:mmu|IO_handler:io_registers|IF_R[0]                                                       ; CLOCK2_50    ; CLOCK2_50   ; 0.000        ; 0.080      ; 0.669      ;
; 0.403 ; gameboy:dut|MMU:mmu|BRAM_handler:memory_units|DMA_controller:dma_guy|state.FINISHED                       ; gameboy:dut|MMU:mmu|BRAM_handler:memory_units|DMA_controller:dma_guy|state.FINISHED                       ; CLOCK2_50    ; CLOCK2_50   ; 0.000        ; 0.080      ; 0.669      ;
; 0.404 ; gameboy:dut|PPU_Wrapper:ppu|OAM_Search:oam_search|sort_j[3]                                               ; gameboy:dut|PPU_Wrapper:ppu|OAM_Search:oam_search|sort_j[3]                                               ; CLOCK2_50    ; CLOCK2_50   ; 0.000        ; 0.079      ; 0.669      ;
; 0.408 ; gameboy:dut|PPU_Wrapper:ppu|OAM_Search:oam_search|sort_i[0]                                               ; gameboy:dut|PPU_Wrapper:ppu|OAM_Search:oam_search|sort_i[0]                                               ; CLOCK2_50    ; CLOCK2_50   ; 0.000        ; 0.080      ; 0.674      ;
; 0.408 ; gameboy:dut|PPU_Wrapper:ppu|Pixel_Gen:Pixel_Gen_inst|Render_Sprites:render_sprites_inst|pixel_index[0]    ; gameboy:dut|PPU_Wrapper:ppu|Pixel_Gen:Pixel_Gen_inst|Render_Sprites:render_sprites_inst|pixel_index[0]    ; CLOCK2_50    ; CLOCK2_50   ; 0.000        ; 0.080      ; 0.674      ;
; 0.409 ; gameboy:dut|PPU_Wrapper:ppu|OAM_Search:oam_search|sort_j[2]                                               ; gameboy:dut|PPU_Wrapper:ppu|OAM_Search:oam_search|sort_j[2]                                               ; CLOCK2_50    ; CLOCK2_50   ; 0.000        ; 0.079      ; 0.674      ;
; 0.425 ; gameboy:dut|MMU:mmu|BRAM_handler:memory_units|DMA_controller:dma_guy|Counter:cycle_cnter|Q[11]            ; gameboy:dut|MMU:mmu|BRAM_handler:memory_units|DMA_controller:dma_guy|Counter:cycle_cnter|Q[11]            ; CLOCK2_50    ; CLOCK2_50   ; 0.000        ; 0.081      ; 0.692      ;
; 0.426 ; gameboy:dut|MMU:mmu|IO_handler:io_registers|divider_ticks[10]                                             ; gameboy:dut|MMU:mmu|IO_handler:io_registers|divider_ticks[10]                                             ; CLOCK2_50    ; CLOCK2_50   ; 0.000        ; 0.080      ; 0.692      ;
; 0.429 ; gameboy:dut|MMU:mmu|IO_handler:io_registers|TMA_R[0]                                                      ; gameboy:dut|MMU:mmu|IO_handler:io_registers|TIMA_R[0]                                                     ; CLOCK2_50    ; CLOCK2_50   ; 0.000        ; 0.080      ; 0.695      ;
; 0.430 ; gameboy:dut|MMU:mmu|IO_handler:io_registers|TMA_R[6]                                                      ; gameboy:dut|MMU:mmu|IO_handler:io_registers|TIMA_R[6]                                                     ; CLOCK2_50    ; CLOCK2_50   ; 0.000        ; 0.080      ; 0.696      ;
; 0.431 ; gameboy:dut|MMU:mmu|IO_handler:io_registers|TMA_R[7]                                                      ; gameboy:dut|MMU:mmu|IO_handler:io_registers|TIMA_R[7]                                                     ; CLOCK2_50    ; CLOCK2_50   ; 0.000        ; 0.080      ; 0.697      ;
; 0.431 ; gameboy:dut|MMU:mmu|IO_handler:io_registers|TMA_R[2]                                                      ; gameboy:dut|MMU:mmu|IO_handler:io_registers|TIMA_R[2]                                                     ; CLOCK2_50    ; CLOCK2_50   ; 0.000        ; 0.080      ; 0.697      ;
; 0.431 ; gameboy:dut|MMU:mmu|IO_handler:io_registers|TMA_R[5]                                                      ; gameboy:dut|MMU:mmu|IO_handler:io_registers|TIMA_R[5]                                                     ; CLOCK2_50    ; CLOCK2_50   ; 0.000        ; 0.080      ; 0.697      ;
; 0.435 ; gameboy:dut|PPU_Wrapper:ppu|Pixel_Gen:Pixel_Gen_inst|FIFO:sprite_fifo_inst|count[6]                       ; gameboy:dut|PPU_Wrapper:ppu|Pixel_Gen:Pixel_Gen_inst|FIFO:sprite_fifo_inst|count[6]                       ; CLOCK2_50    ; CLOCK2_50   ; 0.000        ; 0.081      ; 0.702      ;
; 0.437 ; gameboy:dut|PPU_Wrapper:ppu|Pixel_Gen:Pixel_Gen_inst|Render_Sprites:render_sprites_inst|state.FETCH_TILE  ; gameboy:dut|PPU_Wrapper:ppu|Pixel_Gen:Pixel_Gen_inst|Render_Sprites:render_sprites_inst|state.DUMP_PIXELS ; CLOCK2_50    ; CLOCK2_50   ; 0.000        ; 0.080      ; 0.703      ;
; 0.442 ; gameboy:dut|MMU:mmu|IO_handler:io_registers|DIV_R[7]                                                      ; gameboy:dut|MMU:mmu|IO_handler:io_registers|DIV_R[7]                                                      ; CLOCK2_50    ; CLOCK2_50   ; 0.000        ; 0.081      ; 0.709      ;
; 0.451 ; gameboy:dut|PPU_Wrapper:ppu|Pixel_Gen:Pixel_Gen_inst|Render_Sprites:render_sprites_inst|pixel_index[0]    ; gameboy:dut|PPU_Wrapper:ppu|Pixel_Gen:Pixel_Gen_inst|Render_Sprites:render_sprites_inst|pixel_index[1]    ; CLOCK2_50    ; CLOCK2_50   ; 0.000        ; 0.080      ; 0.717      ;
; 0.456 ; gameboy:dut|PPU_Wrapper:ppu|PPU_Mode_controller:mode_ctrl|dot[8]                                          ; gameboy:dut|PPU_Wrapper:ppu|PPU_Mode_controller:mode_ctrl|dot[8]                                          ; CLOCK2_50    ; CLOCK2_50   ; 0.000        ; 0.080      ; 0.722      ;
; 0.457 ; gameboy:dut|PPU_Wrapper:ppu|OAM_Search:oam_search|oam_index[5]                                            ; gameboy:dut|PPU_Wrapper:ppu|OAM_Search:oam_search|oam_index[5]                                            ; CLOCK2_50    ; CLOCK2_50   ; 0.000        ; 0.080      ; 0.723      ;
; 0.457 ; gameboy:dut|PPU_Wrapper:ppu|Pixel_Gen:Pixel_Gen_inst|Render_Sprites:render_sprites_inst|x_coord[9]        ; gameboy:dut|PPU_Wrapper:ppu|Pixel_Gen:Pixel_Gen_inst|Render_Sprites:render_sprites_inst|state.DONE        ; CLOCK2_50    ; CLOCK2_50   ; 0.000        ; 0.080      ; 0.723      ;
; 0.458 ; gameboy:dut|PPU_Wrapper:ppu|Pixel_Gen:Pixel_Gen_inst|Render_BG:render_bg_inst|pixel_index[0]              ; gameboy:dut|PPU_Wrapper:ppu|Pixel_Gen:Pixel_Gen_inst|Render_BG:render_bg_inst|pixel_index[1]              ; CLOCK2_50    ; CLOCK2_50   ; 0.000        ; 0.080      ; 0.724      ;
; 0.465 ; gameboy:dut|PPU_Wrapper:ppu|Pixel_Gen:Pixel_Gen_inst|Render_Sprites:render_sprites_inst|state.SCAN_CHECK  ; gameboy:dut|PPU_Wrapper:ppu|Pixel_Gen:Pixel_Gen_inst|Render_Sprites:render_sprites_inst|sprite_push       ; CLOCK2_50    ; CLOCK2_50   ; 0.000        ; 0.080      ; 0.731      ;
; 0.473 ; gameboy:dut|PPU_Wrapper:ppu|Pixel_Gen:Pixel_Gen_inst|Render_Sprites:render_sprites_inst|state.SCAN_CHECK  ; gameboy:dut|PPU_Wrapper:ppu|Pixel_Gen:Pixel_Gen_inst|Render_Sprites:render_sprites_inst|state.FETCH_TILE  ; CLOCK2_50    ; CLOCK2_50   ; 0.000        ; 0.080      ; 0.739      ;
; 0.552 ; gameboy:dut|PPU_Wrapper:ppu|Pixel_Gen:Pixel_Gen_inst|Render_BG:render_bg_inst|bg_done                     ; gameboy:dut|PPU_Wrapper:ppu|PPU_Mode_controller:mode_ctrl|mode[0]                                         ; CLOCK2_50    ; CLOCK2_50   ; 0.000        ; 0.080      ; 0.818      ;
; 0.553 ; gameboy:dut|MMU:mmu|IO_handler:io_registers|TMA_R[3]                                                      ; gameboy:dut|MMU:mmu|IO_handler:io_registers|TIMA_R[3]                                                     ; CLOCK2_50    ; CLOCK2_50   ; 0.000        ; 0.080      ; 0.819      ;
; 0.562 ; gameboy:dut|PPU_Wrapper:ppu|Pixel_Gen:Pixel_Gen_inst|Render_BG:render_bg_inst|bg_done                     ; gameboy:dut|PPU_Wrapper:ppu|PPU_Mode_controller:mode_ctrl|mode[1]                                         ; CLOCK2_50    ; CLOCK2_50   ; 0.000        ; 0.080      ; 0.828      ;
; 0.575 ; gameboy:dut|PPU_Wrapper:ppu|Pixel_Gen:Pixel_Gen_inst|Render_BG:render_bg_inst|state.BG_FETCH_TILE_MAP     ; gameboy:dut|PPU_Wrapper:ppu|Pixel_Gen:Pixel_Gen_inst|Render_BG:render_bg_inst|state.BG_FETCH_TILE_DATA    ; CLOCK2_50    ; CLOCK2_50   ; 0.000        ; 0.080      ; 0.841      ;
; 0.577 ; gameboy:dut|PPU_Wrapper:ppu|Pixel_Gen:Pixel_Gen_inst|Render_BG:render_bg_inst|state.BG_FETCH_TILE         ; gameboy:dut|PPU_Wrapper:ppu|Pixel_Gen:Pixel_Gen_inst|Render_BG:render_bg_inst|state.BG_FETCH_TILE_MAP     ; CLOCK2_50    ; CLOCK2_50   ; 0.000        ; 0.080      ; 0.843      ;
; 0.617 ; gameboy:dut|PPU_Wrapper:ppu|Pixel_Gen:Pixel_Gen_inst|FIFO:bg_fifo_inst|count[4]                           ; gameboy:dut|PPU_Wrapper:ppu|Pixel_Mixer:pixel_mixer_inst|pixel_out_valid                                  ; CLOCK2_50    ; CLOCK2_50   ; 0.000        ; 0.081      ; 0.884      ;
; 0.629 ; gameboy:dut|PPU_Wrapper:ppu|OAM_Search:oam_search|selected_count[0]                                       ; gameboy:dut|PPU_Wrapper:ppu|OAM_Search:oam_search|selected_count[1]                                       ; CLOCK2_50    ; CLOCK2_50   ; 0.000        ; 0.080      ; 0.895      ;
; 0.637 ; gameboy:dut|MMU:mmu|IO_handler:io_registers|TMA_R[4]                                                      ; gameboy:dut|MMU:mmu|IO_handler:io_registers|TIMA_R[4]                                                     ; CLOCK2_50    ; CLOCK2_50   ; 0.000        ; 0.080      ; 0.903      ;
; 0.640 ; gameboy:dut|MMU:mmu|IO_handler:io_registers|DIV_R[1]                                                      ; gameboy:dut|MMU:mmu|IO_handler:io_registers|DIV_R[1]                                                      ; CLOCK2_50    ; CLOCK2_50   ; 0.000        ; 0.081      ; 0.907      ;
; 0.640 ; gameboy:dut|MMU:mmu|IO_handler:io_registers|TMA_R[1]                                                      ; gameboy:dut|MMU:mmu|IO_handler:io_registers|TIMA_R[1]                                                     ; CLOCK2_50    ; CLOCK2_50   ; 0.000        ; 0.080      ; 0.906      ;
; 0.641 ; gameboy:dut|MMU:mmu|IO_handler:io_registers|divider_ticks[9]                                              ; gameboy:dut|MMU:mmu|IO_handler:io_registers|divider_ticks[9]                                              ; CLOCK2_50    ; CLOCK2_50   ; 0.000        ; 0.080      ; 0.907      ;
; 0.642 ; gameboy:dut|PPU_Wrapper:ppu|Pixel_Gen:Pixel_Gen_inst|FIFO:sprite_fifo_inst|count[2]                       ; gameboy:dut|PPU_Wrapper:ppu|Pixel_Gen:Pixel_Gen_inst|FIFO:sprite_fifo_inst|count[2]                       ; CLOCK2_50    ; CLOCK2_50   ; 0.000        ; 0.081      ; 0.909      ;
; 0.642 ; gameboy:dut|MMU:mmu|IO_handler:io_registers|divider_ticks[7]                                              ; gameboy:dut|MMU:mmu|IO_handler:io_registers|divider_ticks[7]                                              ; CLOCK2_50    ; CLOCK2_50   ; 0.000        ; 0.080      ; 0.908      ;
; 0.642 ; gameboy:dut|MMU:mmu|IO_handler:io_registers|DIV_R[3]                                                      ; gameboy:dut|MMU:mmu|IO_handler:io_registers|DIV_R[3]                                                      ; CLOCK2_50    ; CLOCK2_50   ; 0.000        ; 0.081      ; 0.909      ;
; 0.642 ; gameboy:dut|MMU:mmu|IO_handler:io_registers|tima_ticks[1]                                                 ; gameboy:dut|MMU:mmu|IO_handler:io_registers|tima_ticks[1]                                                 ; CLOCK2_50    ; CLOCK2_50   ; 0.000        ; 0.080      ; 0.908      ;
; 0.642 ; gameboy:dut|MMU:mmu|BRAM_handler:memory_units|DMA_controller:dma_guy|Counter:cycle_cnter|Q[10]            ; gameboy:dut|MMU:mmu|BRAM_handler:memory_units|DMA_controller:dma_guy|Counter:cycle_cnter|Q[10]            ; CLOCK2_50    ; CLOCK2_50   ; 0.000        ; 0.081      ; 0.909      ;
; 0.643 ; gameboy:dut|MMU:mmu|IO_handler:io_registers|divider_ticks[1]                                              ; gameboy:dut|MMU:mmu|IO_handler:io_registers|divider_ticks[1]                                              ; CLOCK2_50    ; CLOCK2_50   ; 0.000        ; 0.080      ; 0.909      ;
; 0.643 ; gameboy:dut|MMU:mmu|IO_handler:io_registers|tima_ticks[8]                                                 ; gameboy:dut|MMU:mmu|IO_handler:io_registers|tima_ticks[8]                                                 ; CLOCK2_50    ; CLOCK2_50   ; 0.000        ; 0.080      ; 0.909      ;
; 0.643 ; gameboy:dut|MMU:mmu|IO_handler:io_registers|tima_ticks[7]                                                 ; gameboy:dut|MMU:mmu|IO_handler:io_registers|tima_ticks[7]                                                 ; CLOCK2_50    ; CLOCK2_50   ; 0.000        ; 0.080      ; 0.909      ;
; 0.643 ; gameboy:dut|MMU:mmu|IO_handler:io_registers|tima_ticks[9]                                                 ; gameboy:dut|MMU:mmu|IO_handler:io_registers|tima_ticks[9]                                                 ; CLOCK2_50    ; CLOCK2_50   ; 0.000        ; 0.080      ; 0.909      ;
; 0.643 ; gameboy:dut|MMU:mmu|BRAM_handler:memory_units|DMA_controller:dma_guy|Counter:cycle_cnter|Q[9]             ; gameboy:dut|MMU:mmu|BRAM_handler:memory_units|DMA_controller:dma_guy|Counter:cycle_cnter|Q[9]             ; CLOCK2_50    ; CLOCK2_50   ; 0.000        ; 0.081      ; 0.910      ;
; 0.643 ; gameboy:dut|MMU:mmu|BRAM_handler:memory_units|DMA_controller:dma_guy|Counter:cycle_cnter|Q[8]             ; gameboy:dut|MMU:mmu|BRAM_handler:memory_units|DMA_controller:dma_guy|Counter:cycle_cnter|Q[8]             ; CLOCK2_50    ; CLOCK2_50   ; 0.000        ; 0.081      ; 0.910      ;
; 0.644 ; gameboy:dut|MMU:mmu|IO_handler:io_registers|tima_ticks[5]                                                 ; gameboy:dut|MMU:mmu|IO_handler:io_registers|tima_ticks[5]                                                 ; CLOCK2_50    ; CLOCK2_50   ; 0.000        ; 0.080      ; 0.910      ;
; 0.644 ; gameboy:dut|MMU:mmu|IO_handler:io_registers|tima_ticks[6]                                                 ; gameboy:dut|MMU:mmu|IO_handler:io_registers|tima_ticks[6]                                                 ; CLOCK2_50    ; CLOCK2_50   ; 0.000        ; 0.080      ; 0.910      ;
; 0.644 ; gameboy:dut|MMU:mmu|IO_handler:io_registers|tima_ticks[10]                                                ; gameboy:dut|MMU:mmu|IO_handler:io_registers|tima_ticks[10]                                                ; CLOCK2_50    ; CLOCK2_50   ; 0.000        ; 0.080      ; 0.910      ;
; 0.644 ; gameboy:dut|MMU:mmu|BRAM_handler:memory_units|DMA_controller:dma_guy|Counter:cycle_cnter|Q[1]             ; gameboy:dut|MMU:mmu|BRAM_handler:memory_units|DMA_controller:dma_guy|Counter:cycle_cnter|Q[1]             ; CLOCK2_50    ; CLOCK2_50   ; 0.000        ; 0.081      ; 0.911      ;
; 0.644 ; gameboy:dut|MMU:mmu|BRAM_handler:memory_units|DMA_controller:dma_guy|Counter:cycle_cnter|Q[2]             ; gameboy:dut|MMU:mmu|BRAM_handler:memory_units|DMA_controller:dma_guy|Counter:cycle_cnter|Q[2]             ; CLOCK2_50    ; CLOCK2_50   ; 0.000        ; 0.081      ; 0.911      ;
; 0.644 ; gameboy:dut|MMU:mmu|BRAM_handler:memory_units|DMA_controller:dma_guy|Counter:cycle_cnter|Q[5]             ; gameboy:dut|MMU:mmu|BRAM_handler:memory_units|DMA_controller:dma_guy|Counter:cycle_cnter|Q[5]             ; CLOCK2_50    ; CLOCK2_50   ; 0.000        ; 0.081      ; 0.911      ;
; 0.644 ; gameboy:dut|PPU_Wrapper:ppu|Pixel_Gen:Pixel_Gen_inst|Render_Sprites:render_sprites_inst|pixel_index[1]    ; gameboy:dut|PPU_Wrapper:ppu|Pixel_Gen:Pixel_Gen_inst|Render_Sprites:render_sprites_inst|pixel_index[2]    ; CLOCK2_50    ; CLOCK2_50   ; 0.000        ; 0.080      ; 0.910      ;
; 0.645 ; gameboy:dut|PPU_Wrapper:ppu|Pixel_Gen:Pixel_Gen_inst|FIFO:bg_fifo_inst|count[2]                           ; gameboy:dut|PPU_Wrapper:ppu|Pixel_Gen:Pixel_Gen_inst|FIFO:bg_fifo_inst|count[2]                           ; CLOCK2_50    ; CLOCK2_50   ; 0.000        ; 0.081      ; 0.912      ;
; 0.645 ; gameboy:dut|MMU:mmu|IO_handler:io_registers|divider_ticks[2]                                              ; gameboy:dut|MMU:mmu|IO_handler:io_registers|divider_ticks[2]                                              ; CLOCK2_50    ; CLOCK2_50   ; 0.000        ; 0.080      ; 0.911      ;
; 0.645 ; gameboy:dut|MMU:mmu|IO_handler:io_registers|divider_ticks[3]                                              ; gameboy:dut|MMU:mmu|IO_handler:io_registers|divider_ticks[3]                                              ; CLOCK2_50    ; CLOCK2_50   ; 0.000        ; 0.080      ; 0.911      ;
; 0.646 ; gameboy:dut|MMU:mmu|IO_handler:io_registers|DIV_R[2]                                                      ; gameboy:dut|MMU:mmu|IO_handler:io_registers|DIV_R[2]                                                      ; CLOCK2_50    ; CLOCK2_50   ; 0.000        ; 0.081      ; 0.913      ;
; 0.647 ; gameboy:dut|MMU:mmu|IO_handler:io_registers|divider_ticks[8]                                              ; gameboy:dut|MMU:mmu|IO_handler:io_registers|divider_ticks[8]                                              ; CLOCK2_50    ; CLOCK2_50   ; 0.000        ; 0.080      ; 0.913      ;
; 0.647 ; gameboy:dut|MMU:mmu|BRAM_handler:memory_units|DMA_controller:dma_guy|Counter:cycle_cnter|Q[6]             ; gameboy:dut|MMU:mmu|BRAM_handler:memory_units|DMA_controller:dma_guy|Counter:cycle_cnter|Q[6]             ; CLOCK2_50    ; CLOCK2_50   ; 0.000        ; 0.081      ; 0.914      ;
; 0.648 ; gameboy:dut|PPU_Wrapper:ppu|Pixel_Gen:Pixel_Gen_inst|FIFO:bg_fifo_inst|count[3]                           ; gameboy:dut|PPU_Wrapper:ppu|Pixel_Gen:Pixel_Gen_inst|FIFO:bg_fifo_inst|count[3]                           ; CLOCK2_50    ; CLOCK2_50   ; 0.000        ; 0.081      ; 0.915      ;
; 0.648 ; gameboy:dut|PPU_Wrapper:ppu|Pixel_Gen:Pixel_Gen_inst|FIFO:sprite_fifo_inst|count[3]                       ; gameboy:dut|PPU_Wrapper:ppu|Pixel_Gen:Pixel_Gen_inst|FIFO:sprite_fifo_inst|count[3]                       ; CLOCK2_50    ; CLOCK2_50   ; 0.000        ; 0.081      ; 0.915      ;
; 0.648 ; gameboy:dut|PPU_Wrapper:ppu|PPU_Mode_controller:mode_ctrl|dot[8]                                          ; gameboy:dut|PPU_Wrapper:ppu|PPU_Mode_controller:mode_ctrl|fifo_clear                                      ; CLOCK2_50    ; CLOCK2_50   ; 0.000        ; 0.079      ; 0.913      ;
; 0.648 ; gameboy:dut|MMU:mmu|IO_handler:io_registers|divider_ticks[4]                                              ; gameboy:dut|MMU:mmu|IO_handler:io_registers|divider_ticks[4]                                              ; CLOCK2_50    ; CLOCK2_50   ; 0.000        ; 0.080      ; 0.914      ;
; 0.648 ; gameboy:dut|MMU:mmu|IO_handler:io_registers|divider_ticks[6]                                              ; gameboy:dut|MMU:mmu|IO_handler:io_registers|divider_ticks[6]                                              ; CLOCK2_50    ; CLOCK2_50   ; 0.000        ; 0.080      ; 0.914      ;
; 0.648 ; gameboy:dut|MMU:mmu|IO_handler:io_registers|tima_ticks[2]                                                 ; gameboy:dut|MMU:mmu|IO_handler:io_registers|tima_ticks[2]                                                 ; CLOCK2_50    ; CLOCK2_50   ; 0.000        ; 0.080      ; 0.914      ;
; 0.648 ; gameboy:dut|MMU:mmu|BRAM_handler:memory_units|DMA_controller:dma_guy|Counter:cycle_cnter|Q[4]             ; gameboy:dut|MMU:mmu|BRAM_handler:memory_units|DMA_controller:dma_guy|Counter:cycle_cnter|Q[4]             ; CLOCK2_50    ; CLOCK2_50   ; 0.000        ; 0.081      ; 0.915      ;
; 0.649 ; gameboy:dut|MMU:mmu|BRAM_handler:memory_units|DMA_controller:dma_guy|state.READING                        ; gameboy:dut|MMU:mmu|BRAM_handler:memory_units|DMA_controller:dma_guy|state.WRITING                        ; CLOCK2_50    ; CLOCK2_50   ; 0.000        ; 0.080      ; 0.915      ;
; 0.650 ; gameboy:dut|PPU_Wrapper:ppu|PPU_Mode_controller:mode_ctrl|dot[1]                                          ; gameboy:dut|PPU_Wrapper:ppu|PPU_Mode_controller:mode_ctrl|dot[1]                                          ; CLOCK2_50    ; CLOCK2_50   ; 0.000        ; 0.080      ; 0.916      ;
; 0.652 ; gameboy:dut|PPU_Wrapper:ppu|PPU_Mode_controller:mode_ctrl|dot[2]                                          ; gameboy:dut|PPU_Wrapper:ppu|PPU_Mode_controller:mode_ctrl|dot[2]                                          ; CLOCK2_50    ; CLOCK2_50   ; 0.000        ; 0.080      ; 0.918      ;
; 0.653 ; gameboy:dut|PPU_Wrapper:ppu|Pixel_Gen:Pixel_Gen_inst|FIFO:sprite_fifo_inst|count[4]                       ; gameboy:dut|PPU_Wrapper:ppu|Pixel_Gen:Pixel_Gen_inst|FIFO:sprite_fifo_inst|count[4]                       ; CLOCK2_50    ; CLOCK2_50   ; 0.000        ; 0.081      ; 0.920      ;
; 0.654 ; gameboy:dut|PPU_Wrapper:ppu|PPU_Mode_controller:mode_ctrl|dot[3]                                          ; gameboy:dut|PPU_Wrapper:ppu|PPU_Mode_controller:mode_ctrl|dot[3]                                          ; CLOCK2_50    ; CLOCK2_50   ; 0.000        ; 0.080      ; 0.920      ;
; 0.655 ; gameboy:dut|MMU:mmu|BRAM_handler:memory_units|DMA_controller:dma_guy|Counter:oam_addr_cnter|Q[3]          ; gameboy:dut|MMU:mmu|BRAM_handler:memory_units|DMA_controller:dma_guy|Counter:oam_addr_cnter|Q[3]          ; CLOCK2_50    ; CLOCK2_50   ; 0.000        ; 0.081      ; 0.922      ;
; 0.655 ; gameboy:dut|MMU:mmu|BRAM_handler:memory_units|DMA_controller:dma_guy|Counter:oam_addr_cnter|Q[5]          ; gameboy:dut|MMU:mmu|BRAM_handler:memory_units|DMA_controller:dma_guy|Counter:oam_addr_cnter|Q[5]          ; CLOCK2_50    ; CLOCK2_50   ; 0.000        ; 0.081      ; 0.922      ;
+-------+-----------------------------------------------------------------------------------------------------------+-----------------------------------------------------------------------------------------------------------+--------------+-------------+--------------+------------+------------+


+----------------------------------------------------------------------------------------------------------------------------------------------------------------------------------------------------------------------------------------------------------------------------------------------------------------------------------------------------------------------------------------------+
; Slow 1200mV 85C Model Hold: 'CLOCK_50'                                                                                                                                                                                                                                                                                                                                                       ;
+-------+---------------------------------------------------------------------------------------------------------------------------------------------+------------------------------------------------------------------------------------------------------------------------------------------------------------------+--------------+-------------+--------------+------------+------------+
; Slack ; From Node                                                                                                                                   ; To Node                                                                                                                                                          ; Launch Clock ; Latch Clock ; Relationship ; Clock Skew ; Data Delay ;
+-------+---------------------------------------------------------------------------------------------------------------------------------------------+------------------------------------------------------------------------------------------------------------------------------------------------------------------+--------------+-------------+--------------+------------+------------+
; 0.402 ; gameboy:dut|MMU:mmu|BRAM_handler:memory_units|MM_out_chooser:memory_out_muxer|dma_select[1]                                                 ; gameboy:dut|MMU:mmu|BRAM_handler:memory_units|MM_out_chooser:memory_out_muxer|dma_select[1]                                                                      ; CLOCK_50     ; CLOCK_50    ; 0.000        ; 0.081      ; 0.669      ;
; 0.429 ; gameboy:dut|MMU:mmu|BRAM_handler:memory_units|ROM_BANK:rom0|altsyncram:altsyncram_component|altsyncram_81a1:auto_generated|address_reg_a[0] ; gameboy:dut|MMU:mmu|BRAM_handler:memory_units|ROM_BANK:rom0|altsyncram:altsyncram_component|altsyncram_81a1:auto_generated|out_address_reg_a[0]                  ; CLOCK_50     ; CLOCK_50    ; 0.000        ; 0.081      ; 0.696      ;
; 0.430 ; gameboy:dut|MMU:mmu|BRAM_handler:memory_units|MM_out_chooser:memory_out_muxer|ppu_select[0]                                                 ; gameboy:dut|MMU:mmu|BRAM_handler:memory_units|MM_out_chooser:memory_out_muxer|ppu_memory_selector[0]                                                             ; CLOCK_50     ; CLOCK_50    ; 0.000        ; 0.081      ; 0.697      ;
; 0.728 ; gameboy:dut|MMU:mmu|BRAM_handler:memory_units|DMA_controller:dma_guy|Counter:dma_addr_cnter|Q[15]                                           ; gameboy:dut|MMU:mmu|BRAM_handler:memory_units|MM_out_chooser:memory_out_muxer|dma_select[0]                                                                      ; CLOCK2_50    ; CLOCK_50    ; 0.000        ; 0.196      ; 1.150      ;
; 0.745 ; gameboy:dut|MMU:mmu|BRAM_handler:memory_units|DMA_controller:dma_guy|Counter:dma_addr_cnter|Q[15]                                           ; gameboy:dut|MMU:mmu|BRAM_handler:memory_units|MM_out_chooser:memory_out_muxer|dma_select[1]                                                                      ; CLOCK2_50    ; CLOCK_50    ; 0.000        ; 0.196      ; 1.167      ;
; 0.813 ; gameboy:dut|MMU:mmu|BRAM_handler:memory_units|DMA_controller:dma_guy|Counter:dma_addr_cnter|Q[12]                                           ; gameboy:dut|MMU:mmu|BRAM_handler:memory_units|DUAL_VRAM_8KB:vram0|altsyncram:altsyncram_component|altsyncram_54g2:auto_generated|ram_block1a1~porta_address_reg0 ; CLOCK2_50    ; CLOCK_50    ; 0.000        ; 0.551      ; 1.626      ;
; 0.822 ; gameboy:dut|MMU:mmu|BRAM_handler:memory_units|DMA_controller:dma_guy|Counter:dma_addr_cnter|Q[10]                                           ; gameboy:dut|MMU:mmu|BRAM_handler:memory_units|DUAL_VRAM_8KB:vram0|altsyncram:altsyncram_component|altsyncram_54g2:auto_generated|ram_block1a1~porta_address_reg0 ; CLOCK2_50    ; CLOCK_50    ; 0.000        ; 0.551      ; 1.635      ;
; 0.826 ; gameboy:dut|MMU:mmu|BRAM_handler:memory_units|DMA_controller:dma_guy|Counter:dma_addr_cnter|Q[10]                                           ; gameboy:dut|MMU:mmu|BRAM_handler:memory_units|DUAL_8KB:exram0|altsyncram:altsyncram_component|altsyncram_54g2:auto_generated|ram_block1a1~portb_address_reg0     ; CLOCK2_50    ; CLOCK_50    ; 0.000        ; 0.551      ; 1.639      ;
; 0.839 ; gameboy:dut|MMU:mmu|BRAM_handler:memory_units|DMA_controller:dma_guy|Counter:dma_addr_cnter|Q[13]                                           ; gameboy:dut|MMU:mmu|BRAM_handler:memory_units|MM_out_chooser:memory_out_muxer|dma_select[2]                                                                      ; CLOCK2_50    ; CLOCK_50    ; 0.000        ; 0.196      ; 1.261      ;
; 0.839 ; gameboy:dut|MMU:mmu|BRAM_handler:memory_units|DMA_controller:dma_guy|Counter:dma_addr_cnter|Q[13]                                           ; gameboy:dut|MMU:mmu|BRAM_handler:memory_units|MM_out_chooser:memory_out_muxer|dma_select[0]                                                                      ; CLOCK2_50    ; CLOCK_50    ; 0.000        ; 0.196      ; 1.261      ;
; 0.846 ; gameboy:dut|MMU:mmu|BRAM_handler:memory_units|DMA_controller:dma_guy|Counter:dma_addr_cnter|Q[10]                                           ; gameboy:dut|MMU:mmu|BRAM_handler:memory_units|ROM_BANK:rom0|altsyncram:altsyncram_component|altsyncram_81a1:auto_generated|ram_block1a8~porta_address_reg0       ; CLOCK2_50    ; CLOCK_50    ; 0.000        ; 0.550      ; 1.658      ;
; 0.849 ; gameboy:dut|MMU:mmu|BRAM_handler:memory_units|DMA_controller:dma_guy|Counter:dma_addr_cnter|Q[10]                                           ; gameboy:dut|MMU:mmu|BRAM_handler:memory_units|ROM_BANK:rom0|altsyncram:altsyncram_component|altsyncram_81a1:auto_generated|ram_block1a10~porta_address_reg0      ; CLOCK2_50    ; CLOCK_50    ; 0.000        ; 0.548      ; 1.659      ;
; 0.863 ; gameboy:dut|MMU:mmu|BRAM_handler:memory_units|DMA_controller:dma_guy|Counter:dma_addr_cnter|Q[9]                                            ; gameboy:dut|MMU:mmu|BRAM_handler:memory_units|DUAL_8KB:wram0|altsyncram:altsyncram_component|altsyncram_54g2:auto_generated|ram_block1a1~portb_address_reg0      ; CLOCK2_50    ; CLOCK_50    ; 0.000        ; 0.550      ; 1.675      ;
; 0.867 ; gameboy:dut|MMU:mmu|BRAM_handler:memory_units|DMA_controller:dma_guy|Counter:dma_addr_cnter|Q[9]                                            ; gameboy:dut|MMU:mmu|BRAM_handler:memory_units|ROM_BANK:rom0|altsyncram:altsyncram_component|altsyncram_81a1:auto_generated|ram_block1a8~porta_address_reg0       ; CLOCK2_50    ; CLOCK_50    ; 0.000        ; 0.550      ; 1.679      ;
; 0.874 ; gameboy:dut|MMU:mmu|BRAM_handler:memory_units|DMA_controller:dma_guy|Counter:dma_addr_cnter|Q[9]                                            ; gameboy:dut|MMU:mmu|BRAM_handler:memory_units|DUAL_8KB:exram0|altsyncram:altsyncram_component|altsyncram_54g2:auto_generated|ram_block1a1~portb_address_reg0     ; CLOCK2_50    ; CLOCK_50    ; 0.000        ; 0.551      ; 1.687      ;
; 0.941 ; gameboy:dut|MMU:mmu|BRAM_handler:memory_units|MM_out_chooser:memory_out_muxer|dma_select[2]                                                 ; gameboy:dut|MMU:mmu|BRAM_handler:memory_units|MM_out_chooser:memory_out_muxer|dma_memory_selector[2]                                                             ; CLOCK_50     ; CLOCK_50    ; 0.000        ; 0.095      ; 1.222      ;
; 0.980 ; gameboy:dut|MMU:mmu|BRAM_handler:memory_units|DMA_controller:dma_guy|Counter:dma_addr_cnter|Q[2]                                            ; gameboy:dut|MMU:mmu|BRAM_handler:memory_units|DUAL_8KB:exram0|altsyncram:altsyncram_component|altsyncram_54g2:auto_generated|ram_block1a1~portb_address_reg0     ; CLOCK2_50    ; CLOCK_50    ; 0.000        ; 0.551      ; 1.793      ;
; 1.019 ; gameboy:dut|MMU:mmu|BRAM_handler:memory_units|DMA_controller:dma_guy|Counter:dma_addr_cnter|Q[14]                                           ; gameboy:dut|MMU:mmu|BRAM_handler:memory_units|MM_out_chooser:memory_out_muxer|dma_select[1]                                                                      ; CLOCK2_50    ; CLOCK_50    ; 0.000        ; 0.196      ; 1.441      ;
; 1.042 ; gameboy:dut|MMU:mmu|BRAM_handler:memory_units|DMA_controller:dma_guy|Counter:dma_addr_cnter|Q[6]                                            ; gameboy:dut|MMU:mmu|BRAM_handler:memory_units|DUAL_8KB:exram0|altsyncram:altsyncram_component|altsyncram_54g2:auto_generated|ram_block1a1~portb_address_reg0     ; CLOCK2_50    ; CLOCK_50    ; 0.000        ; 0.551      ; 1.855      ;
; 1.044 ; gameboy:dut|MMU:mmu|BRAM_handler:memory_units|DMA_controller:dma_guy|Counter:dma_addr_cnter|Q[15]                                           ; gameboy:dut|MMU:mmu|BRAM_handler:memory_units|MM_out_chooser:memory_out_muxer|dma_select[2]                                                                      ; CLOCK2_50    ; CLOCK_50    ; 0.000        ; 0.196      ; 1.466      ;
; 1.066 ; gameboy:dut|MMU:mmu|BRAM_handler:memory_units|DMA_controller:dma_guy|Counter:dma_addr_cnter|Q[1]                                            ; gameboy:dut|MMU:mmu|BRAM_handler:memory_units|DUAL_VRAM_8KB:vram0|altsyncram:altsyncram_component|altsyncram_54g2:auto_generated|ram_block1a1~porta_address_reg0 ; CLOCK2_50    ; CLOCK_50    ; 0.000        ; 0.551      ; 1.879      ;
; 1.085 ; gameboy:dut|MMU:mmu|BRAM_handler:memory_units|DMA_controller:dma_guy|Counter:dma_addr_cnter|Q[2]                                            ; gameboy:dut|MMU:mmu|BRAM_handler:memory_units|DUAL_VRAM_8KB:vram0|altsyncram:altsyncram_component|altsyncram_54g2:auto_generated|ram_block1a1~porta_address_reg0 ; CLOCK2_50    ; CLOCK_50    ; 0.000        ; 0.551      ; 1.898      ;
; 1.099 ; gameboy:dut|MMU:mmu|BRAM_handler:memory_units|MM_out_chooser:memory_out_muxer|dma_select[0]                                                 ; gameboy:dut|MMU:mmu|BRAM_handler:memory_units|MM_out_chooser:memory_out_muxer|dma_memory_selector[0]                                                             ; CLOCK_50     ; CLOCK_50    ; 0.000        ; 0.084      ; 1.369      ;
; 1.102 ; gameboy:dut|MMU:mmu|BRAM_handler:memory_units|MM_out_chooser:memory_out_muxer|ppu_select[2]                                                 ; gameboy:dut|MMU:mmu|BRAM_handler:memory_units|MM_out_chooser:memory_out_muxer|ppu_memory_selector[2]                                                             ; CLOCK_50     ; CLOCK_50    ; 0.000        ; 0.084      ; 1.372      ;
; 1.106 ; gameboy:dut|MMU:mmu|BRAM_handler:memory_units|MM_out_chooser:memory_out_muxer|dma_select[1]                                                 ; gameboy:dut|MMU:mmu|BRAM_handler:memory_units|MM_out_chooser:memory_out_muxer|dma_memory_selector[1]                                                             ; CLOCK_50     ; CLOCK_50    ; 0.000        ; 0.084      ; 1.376      ;
; 1.116 ; gameboy:dut|MMU:mmu|BRAM_handler:memory_units|DMA_controller:dma_guy|Counter:dma_addr_cnter|Q[3]                                            ; gameboy:dut|MMU:mmu|BRAM_handler:memory_units|DUAL_VRAM_8KB:vram0|altsyncram:altsyncram_component|altsyncram_54g2:auto_generated|ram_block1a0~porta_address_reg0 ; CLOCK2_50    ; CLOCK_50    ; 0.000        ; 0.539      ; 1.917      ;
; 1.134 ; gameboy:dut|MMU:mmu|BRAM_handler:memory_units|DMA_controller:dma_guy|Counter:dma_addr_cnter|Q[10]                                           ; gameboy:dut|MMU:mmu|BRAM_handler:memory_units|DUAL_8KB:wram0|altsyncram:altsyncram_component|altsyncram_54g2:auto_generated|ram_block1a1~portb_address_reg0      ; CLOCK2_50    ; CLOCK_50    ; 0.000        ; 0.550      ; 1.946      ;
; 1.153 ; gameboy:dut|MMU:mmu|BRAM_handler:memory_units|DMA_controller:dma_guy|state.IDLE                                                             ; gameboy:dut|MMU:mmu|BRAM_handler:memory_units|OAM_DUALBANK:oam|altsyncram:altsyncram_component|altsyncram_rbg2:auto_generated|ram_block1a0~porta_address_reg0    ; CLOCK2_50    ; CLOCK_50    ; 0.000        ; 0.560      ; 1.975      ;
; 1.164 ; gameboy:dut|MMU:mmu|BRAM_handler:memory_units|DMA_controller:dma_guy|Counter:dma_addr_cnter|Q[12]                                           ; gameboy:dut|MMU:mmu|BRAM_handler:memory_units|DUAL_VRAM_8KB:vram0|altsyncram:altsyncram_component|altsyncram_54g2:auto_generated|ram_block1a0~porta_address_reg0 ; CLOCK2_50    ; CLOCK_50    ; 0.000        ; 0.539      ; 1.965      ;
; 1.171 ; gameboy:dut|MMU:mmu|BRAM_handler:memory_units|DMA_controller:dma_guy|Counter:dma_addr_cnter|Q[5]                                            ; gameboy:dut|MMU:mmu|BRAM_handler:memory_units|ROM_BANK:rom0|altsyncram:altsyncram_component|altsyncram_81a1:auto_generated|ram_block1a10~porta_address_reg0      ; CLOCK2_50    ; CLOCK_50    ; 0.000        ; 0.548      ; 1.981      ;
; 1.172 ; gameboy:dut|MMU:mmu|BRAM_handler:memory_units|DMA_controller:dma_guy|Counter:dma_addr_cnter|Q[12]                                           ; gameboy:dut|MMU:mmu|BRAM_handler:memory_units|DUAL_VRAM_8KB:vram0|altsyncram:altsyncram_component|altsyncram_54g2:auto_generated|ram_block1a2~porta_address_reg0 ; CLOCK2_50    ; CLOCK_50    ; 0.000        ; 0.538      ; 1.972      ;
; 1.173 ; gameboy:dut|MMU:mmu|BRAM_handler:memory_units|DMA_controller:dma_guy|Counter:dma_addr_cnter|Q[12]                                           ; gameboy:dut|MMU:mmu|BRAM_handler:memory_units|DUAL_VRAM_8KB:vram0|altsyncram:altsyncram_component|altsyncram_54g2:auto_generated|ram_block1a4~porta_address_reg0 ; CLOCK2_50    ; CLOCK_50    ; 0.000        ; 0.538      ; 1.973      ;
; 1.181 ; gameboy:dut|MMU:mmu|BRAM_handler:memory_units|DMA_controller:dma_guy|Counter:dma_addr_cnter|Q[10]                                           ; gameboy:dut|MMU:mmu|BRAM_handler:memory_units|ROM_BANK:rom0|altsyncram:altsyncram_component|altsyncram_81a1:auto_generated|ram_block1a20~porta_address_reg0      ; CLOCK2_50    ; CLOCK_50    ; 0.000        ; 0.543      ; 1.986      ;
; 1.181 ; gameboy:dut|MMU:mmu|BRAM_handler:memory_units|hram_out_data[10]                                                                             ; gameboy:dut|MMU:mmu|BRAM_handler:memory_units|OAM_DUALBANK:oam|altsyncram:altsyncram_component|altsyncram_rbg2:auto_generated|ram_block1a0~porta_datain_reg0     ; CLOCK2_50    ; CLOCK_50    ; 0.000        ; 0.559      ; 2.002      ;
; 1.182 ; gameboy:dut|MMU:mmu|BRAM_handler:memory_units|DMA_controller:dma_guy|Counter:dma_addr_cnter|Q[10]                                           ; gameboy:dut|MMU:mmu|BRAM_handler:memory_units|DUAL_VRAM_8KB:vram0|altsyncram:altsyncram_component|altsyncram_54g2:auto_generated|ram_block1a0~porta_address_reg0 ; CLOCK2_50    ; CLOCK_50    ; 0.000        ; 0.539      ; 1.983      ;
; 1.182 ; gameboy:dut|MMU:mmu|BRAM_handler:memory_units|DMA_controller:dma_guy|Counter:dma_addr_cnter|Q[5]                                            ; gameboy:dut|MMU:mmu|BRAM_handler:memory_units|MM_out_chooser:memory_out_muxer|dma_select[0]                                                                      ; CLOCK2_50    ; CLOCK_50    ; 0.000        ; 0.196      ; 1.604      ;
; 1.189 ; gameboy:dut|MMU:mmu|BRAM_handler:memory_units|DMA_controller:dma_guy|Counter:dma_addr_cnter|Q[10]                                           ; gameboy:dut|MMU:mmu|BRAM_handler:memory_units|ROM_BANK:rom0|altsyncram:altsyncram_component|altsyncram_81a1:auto_generated|ram_block1a15~porta_address_reg0      ; CLOCK2_50    ; CLOCK_50    ; 0.000        ; 0.540      ; 1.991      ;
; 1.189 ; gameboy:dut|MMU:mmu|BRAM_handler:memory_units|DMA_controller:dma_guy|Counter:dma_addr_cnter|Q[5]                                            ; gameboy:dut|MMU:mmu|BRAM_handler:memory_units|ROM_BANK:rom0|altsyncram:altsyncram_component|altsyncram_81a1:auto_generated|ram_block1a8~porta_address_reg0       ; CLOCK2_50    ; CLOCK_50    ; 0.000        ; 0.550      ; 2.001      ;
; 1.195 ; gameboy:dut|MMU:mmu|BRAM_handler:memory_units|DMA_controller:dma_guy|Counter:dma_addr_cnter|Q[10]                                           ; gameboy:dut|MMU:mmu|BRAM_handler:memory_units|ROM_BANK:rom0|altsyncram:altsyncram_component|altsyncram_81a1:auto_generated|ram_block1a2~porta_address_reg0       ; CLOCK2_50    ; CLOCK_50    ; 0.000        ; 0.546      ; 2.003      ;
; 1.195 ; gameboy:dut|MMU:mmu|BRAM_handler:memory_units|DMA_controller:dma_guy|Counter:dma_addr_cnter|Q[8]                                            ; gameboy:dut|MMU:mmu|BRAM_handler:memory_units|DUAL_VRAM_8KB:vram0|altsyncram:altsyncram_component|altsyncram_54g2:auto_generated|ram_block1a1~porta_address_reg0 ; CLOCK2_50    ; CLOCK_50    ; 0.000        ; 0.551      ; 2.008      ;
; 1.215 ; gameboy:dut|MMU:mmu|BRAM_handler:memory_units|DMA_controller:dma_guy|Counter:dma_addr_cnter|Q[10]                                           ; gameboy:dut|MMU:mmu|BRAM_handler:memory_units|DUAL_VRAM_8KB:vram0|altsyncram:altsyncram_component|altsyncram_54g2:auto_generated|ram_block1a2~porta_address_reg0 ; CLOCK2_50    ; CLOCK_50    ; 0.000        ; 0.538      ; 2.015      ;
; 1.216 ; gameboy:dut|MMU:mmu|BRAM_handler:memory_units|DMA_controller:dma_guy|Counter:dma_addr_cnter|Q[10]                                           ; gameboy:dut|MMU:mmu|BRAM_handler:memory_units|DUAL_VRAM_8KB:vram0|altsyncram:altsyncram_component|altsyncram_54g2:auto_generated|ram_block1a4~porta_address_reg0 ; CLOCK2_50    ; CLOCK_50    ; 0.000        ; 0.538      ; 2.016      ;
; 1.217 ; gameboy:dut|MMU:mmu|BRAM_handler:memory_units|DMA_controller:dma_guy|Counter:oam_addr_cnter|Q[3]                                            ; gameboy:dut|MMU:mmu|BRAM_handler:memory_units|OAM_DUALBANK:oam|altsyncram:altsyncram_component|altsyncram_rbg2:auto_generated|ram_block1a0~porta_address_reg0    ; CLOCK2_50    ; CLOCK_50    ; 0.000        ; 0.561      ; 2.040      ;
; 1.238 ; gameboy:dut|MMU:mmu|BRAM_handler:memory_units|DMA_controller:dma_guy|Counter:dma_addr_cnter|Q[8]                                            ; gameboy:dut|MMU:mmu|BRAM_handler:memory_units|ROM_BANK:rom0|altsyncram:altsyncram_component|altsyncram_81a1:auto_generated|ram_block1a10~porta_address_reg0      ; CLOCK2_50    ; CLOCK_50    ; 0.000        ; 0.548      ; 2.048      ;
; 1.244 ; gameboy:dut|MMU:mmu|BRAM_handler:memory_units|DMA_controller:dma_guy|Counter:dma_addr_cnter|Q[8]                                            ; gameboy:dut|MMU:mmu|BRAM_handler:memory_units|DUAL_8KB:exram0|altsyncram:altsyncram_component|altsyncram_54g2:auto_generated|ram_block1a1~portb_address_reg0     ; CLOCK2_50    ; CLOCK_50    ; 0.000        ; 0.551      ; 2.057      ;
; 1.246 ; gameboy:dut|MMU:mmu|BRAM_handler:memory_units|DMA_controller:dma_guy|state.IDLE                                                             ; gameboy:dut|MMU:mmu|BRAM_handler:memory_units|DUAL_VRAM_8KB:vram0|altsyncram:altsyncram_component|altsyncram_54g2:auto_generated|ram_block1a0~porta_address_reg0 ; CLOCK2_50    ; CLOCK_50    ; 0.000        ; 0.546      ; 2.054      ;
; 1.254 ; gameboy:dut|MMU:mmu|BRAM_handler:memory_units|DMA_controller:dma_guy|Counter:dma_addr_cnter|Q[8]                                            ; gameboy:dut|MMU:mmu|BRAM_handler:memory_units|DUAL_8KB:wram0|altsyncram:altsyncram_component|altsyncram_54g2:auto_generated|ram_block1a1~portb_address_reg0      ; CLOCK2_50    ; CLOCK_50    ; 0.000        ; 0.550      ; 2.066      ;
; 1.265 ; gameboy:dut|MMU:mmu|BRAM_handler:memory_units|DMA_controller:dma_guy|Counter:dma_addr_cnter|Q[8]                                            ; gameboy:dut|MMU:mmu|BRAM_handler:memory_units|ROM_BANK:rom0|altsyncram:altsyncram_component|altsyncram_81a1:auto_generated|ram_block1a8~porta_address_reg0       ; CLOCK2_50    ; CLOCK_50    ; 0.000        ; 0.550      ; 2.077      ;
; 1.269 ; gameboy:dut|MMU:mmu|BRAM_handler:memory_units|DMA_controller:dma_guy|Counter:dma_addr_cnter|Q[14]                                           ; gameboy:dut|MMU:mmu|BRAM_handler:memory_units|MM_out_chooser:memory_out_muxer|dma_select[2]                                                                      ; CLOCK2_50    ; CLOCK_50    ; 0.000        ; 0.196      ; 1.691      ;
; 1.270 ; gameboy:dut|MMU:mmu|BRAM_handler:memory_units|DMA_controller:dma_guy|state.IDLE                                                             ; gameboy:dut|MMU:mmu|BRAM_handler:memory_units|DUAL_8KB:exram0|altsyncram:altsyncram_component|altsyncram_54g2:auto_generated|ram_block1a1~portb_address_reg0     ; CLOCK2_50    ; CLOCK_50    ; 0.000        ; 0.558      ; 2.090      ;
; 1.283 ; gameboy:dut|MMU:mmu|BRAM_handler:memory_units|DMA_controller:dma_guy|Counter:dma_addr_cnter|Q[6]                                            ; gameboy:dut|MMU:mmu|BRAM_handler:memory_units|MM_out_chooser:memory_out_muxer|dma_select[0]                                                                      ; CLOCK2_50    ; CLOCK_50    ; 0.000        ; 0.196      ; 1.705      ;
; 1.295 ; gameboy:dut|MMU:mmu|BRAM_handler:memory_units|MM_out_chooser:memory_out_muxer|cpu_select[2]                                                 ; gameboy:dut|MMU:mmu|BRAM_handler:memory_units|MM_out_chooser:memory_out_muxer|cpu_memory_selector[2]                                                             ; CLOCK_50     ; CLOCK_50    ; 0.000        ; 0.119      ; 1.600      ;
; 1.303 ; gameboy:dut|MMU:mmu|BRAM_handler:memory_units|DMA_controller:dma_guy|Counter:dma_addr_cnter|Q[8]                                            ; gameboy:dut|MMU:mmu|BRAM_handler:memory_units|MM_out_chooser:memory_out_muxer|dma_select[0]                                                                      ; CLOCK2_50    ; CLOCK_50    ; 0.000        ; 0.196      ; 1.725      ;
; 1.303 ; gameboy:dut|MMU:mmu|BRAM_handler:memory_units|DMA_controller:dma_guy|Counter:dma_addr_cnter|Q[7]                                            ; gameboy:dut|MMU:mmu|BRAM_handler:memory_units|DUAL_8KB:exram0|altsyncram:altsyncram_component|altsyncram_54g2:auto_generated|ram_block1a1~portb_address_reg0     ; CLOCK2_50    ; CLOCK_50    ; 0.000        ; 0.551      ; 2.116      ;
; 1.310 ; gameboy:dut|MMU:mmu|BRAM_handler:memory_units|hram_out_data[0]                                                                              ; gameboy:dut|MMU:mmu|BRAM_handler:memory_units|OAM_DUALBANK:oam|altsyncram:altsyncram_component|altsyncram_rbg2:auto_generated|ram_block1a0~porta_datain_reg0     ; CLOCK2_50    ; CLOCK_50    ; 0.000        ; 0.556      ; 2.128      ;
; 1.318 ; gameboy:dut|MMU:mmu|BRAM_handler:memory_units|DMA_controller:dma_guy|Counter:oam_addr_cnter|Q[1]                                            ; gameboy:dut|MMU:mmu|BRAM_handler:memory_units|OAM_DUALBANK:oam|altsyncram:altsyncram_component|altsyncram_rbg2:auto_generated|ram_block1a0~porta_address_reg0    ; CLOCK2_50    ; CLOCK_50    ; 0.000        ; 0.561      ; 2.141      ;
; 1.324 ; gameboy:dut|MMU:mmu|BRAM_handler:memory_units|MM_out_chooser:memory_out_muxer|cpu_select[3]                                                 ; gameboy:dut|MMU:mmu|BRAM_handler:memory_units|MM_out_chooser:memory_out_muxer|cpu_memory_selector[3]                                                             ; CLOCK_50     ; CLOCK_50    ; 0.000        ; 0.116      ; 1.626      ;
; 1.342 ; gameboy:dut|MMU:mmu|BRAM_handler:memory_units|DMA_controller:dma_guy|Counter:dma_addr_cnter|Q[5]                                            ; gameboy:dut|MMU:mmu|BRAM_handler:memory_units|DUAL_8KB:exram0|altsyncram:altsyncram_component|altsyncram_54g2:auto_generated|ram_block1a1~portb_address_reg0     ; CLOCK2_50    ; CLOCK_50    ; 0.000        ; 0.551      ; 2.155      ;
; 1.343 ; gameboy:dut|MMU:mmu|BRAM_handler:memory_units|DMA_controller:dma_guy|state.IDLE                                                             ; gameboy:dut|MMU:mmu|BRAM_handler:memory_units|DUAL_VRAM_8KB:vram0|altsyncram:altsyncram_component|altsyncram_54g2:auto_generated|ram_block1a1~porta_address_reg0 ; CLOCK2_50    ; CLOCK_50    ; 0.000        ; 0.558      ; 2.163      ;
; 1.344 ; gameboy:dut|MMU:mmu|BRAM_handler:memory_units|DMA_controller:dma_guy|Counter:dma_addr_cnter|Q[2]                                            ; gameboy:dut|MMU:mmu|BRAM_handler:memory_units|ROM_BANK:rom0|altsyncram:altsyncram_component|altsyncram_81a1:auto_generated|ram_block1a2~porta_address_reg0       ; CLOCK2_50    ; CLOCK_50    ; 0.000        ; 0.546      ; 2.152      ;
; 1.351 ; gameboy:dut|MMU:mmu|BRAM_handler:memory_units|MM_out_chooser:memory_out_muxer|cpu_select[0]                                                 ; gameboy:dut|MMU:mmu|BRAM_handler:memory_units|MM_out_chooser:memory_out_muxer|cpu_memory_selector[0]                                                             ; CLOCK_50     ; CLOCK_50    ; 0.000        ; 0.119      ; 1.656      ;
; 1.358 ; gameboy:dut|MMU:mmu|BRAM_handler:memory_units|DMA_controller:dma_guy|Counter:dma_addr_cnter|Q[2]                                            ; gameboy:dut|MMU:mmu|BRAM_handler:memory_units|ROM_BANK:rom0|altsyncram:altsyncram_component|altsyncram_81a1:auto_generated|ram_block1a8~porta_address_reg0       ; CLOCK2_50    ; CLOCK_50    ; 0.000        ; 0.550      ; 2.170      ;
; 1.368 ; gameboy:dut|MMU:mmu|BRAM_handler:memory_units|DMA_controller:dma_guy|Counter:dma_addr_cnter|Q[4]                                            ; gameboy:dut|MMU:mmu|BRAM_handler:memory_units|MM_out_chooser:memory_out_muxer|dma_select[0]                                                                      ; CLOCK2_50    ; CLOCK_50    ; 0.000        ; 0.196      ; 1.790      ;
; 1.376 ; gameboy:dut|MMU:mmu|BRAM_handler:memory_units|DMA_controller:dma_guy|state.IDLE                                                             ; gameboy:dut|MMU:mmu|BRAM_handler:memory_units|MM_out_chooser:memory_out_muxer|cpu_select[1]                                                                      ; CLOCK2_50    ; CLOCK_50    ; 0.000        ; 0.203      ; 1.805      ;
; 1.378 ; gameboy:dut|MMU:mmu|BRAM_handler:memory_units|DMA_controller:dma_guy|Counter:dma_addr_cnter|Q[4]                                            ; gameboy:dut|MMU:mmu|BRAM_handler:memory_units|DUAL_VRAM_8KB:vram0|altsyncram:altsyncram_component|altsyncram_54g2:auto_generated|ram_block1a2~porta_address_reg0 ; CLOCK2_50    ; CLOCK_50    ; 0.000        ; 0.538      ; 2.178      ;
; 1.384 ; gameboy:dut|MMU:mmu|BRAM_handler:memory_units|DMA_controller:dma_guy|Counter:dma_addr_cnter|Q[6]                                            ; gameboy:dut|MMU:mmu|BRAM_handler:memory_units|ROM_BANK:rom0|altsyncram:altsyncram_component|altsyncram_81a1:auto_generated|ram_block1a8~porta_address_reg0       ; CLOCK2_50    ; CLOCK_50    ; 0.000        ; 0.550      ; 2.196      ;
; 1.388 ; gameboy:dut|MMU:mmu|BRAM_handler:memory_units|DMA_controller:dma_guy|Counter:dma_addr_cnter|Q[1]                                            ; gameboy:dut|MMU:mmu|BRAM_handler:memory_units|DUAL_8KB:exram0|altsyncram:altsyncram_component|altsyncram_54g2:auto_generated|ram_block1a1~portb_address_reg0     ; CLOCK2_50    ; CLOCK_50    ; 0.000        ; 0.551      ; 2.201      ;
; 1.389 ; gameboy:dut|MMU:mmu|BRAM_handler:memory_units|DMA_controller:dma_guy|Counter:dma_addr_cnter|Q[6]                                            ; gameboy:dut|MMU:mmu|BRAM_handler:memory_units|DUAL_VRAM_8KB:vram0|altsyncram:altsyncram_component|altsyncram_54g2:auto_generated|ram_block1a1~porta_address_reg0 ; CLOCK2_50    ; CLOCK_50    ; 0.000        ; 0.551      ; 2.202      ;
; 1.394 ; gameboy:dut|MMU:mmu|BRAM_handler:memory_units|DMA_controller:dma_guy|Counter:dma_addr_cnter|Q[6]                                            ; gameboy:dut|MMU:mmu|BRAM_handler:memory_units|ROM_BANK:rom0|altsyncram:altsyncram_component|altsyncram_81a1:auto_generated|ram_block1a10~porta_address_reg0      ; CLOCK2_50    ; CLOCK_50    ; 0.000        ; 0.548      ; 2.204      ;
; 1.401 ; gameboy:dut|MMU:mmu|BRAM_handler:memory_units|DMA_controller:dma_guy|Counter:dma_addr_cnter|Q[6]                                            ; gameboy:dut|MMU:mmu|BRAM_handler:memory_units|DUAL_8KB:wram0|altsyncram:altsyncram_component|altsyncram_54g2:auto_generated|ram_block1a1~portb_address_reg0      ; CLOCK2_50    ; CLOCK_50    ; 0.000        ; 0.550      ; 2.213      ;
; 1.411 ; gameboy:dut|PPU_Wrapper:ppu|OAM_Search:oam_search|oam_port0_addr[6]                                                                         ; gameboy:dut|MMU:mmu|BRAM_handler:memory_units|OAM_DUALBANK:oam|altsyncram:altsyncram_component|altsyncram_rbg2:auto_generated|ram_block1a0~portb_address_reg0    ; CLOCK2_50    ; CLOCK_50    ; 0.000        ; 0.562      ; 2.235      ;
; 1.411 ; gameboy:dut|MMU:mmu|BRAM_handler:memory_units|DMA_controller:dma_guy|Counter:dma_addr_cnter|Q[9]                                            ; gameboy:dut|MMU:mmu|BRAM_handler:memory_units|DUAL_VRAM_8KB:vram0|altsyncram:altsyncram_component|altsyncram_54g2:auto_generated|ram_block1a2~porta_address_reg0 ; CLOCK2_50    ; CLOCK_50    ; 0.000        ; 0.538      ; 2.211      ;
; 1.413 ; gameboy:dut|MMU:mmu|BRAM_handler:memory_units|DMA_controller:dma_guy|state.IDLE                                                             ; gameboy:dut|MMU:mmu|BRAM_handler:memory_units|ROM_BANK:rom0|altsyncram:altsyncram_component|altsyncram_81a1:auto_generated|ram_block1a10~porta_address_reg0      ; CLOCK2_50    ; CLOCK_50    ; 0.000        ; 0.555      ; 2.230      ;
; 1.426 ; gameboy:dut|MMU:mmu|BRAM_handler:memory_units|DMA_controller:dma_guy|Counter:dma_addr_cnter|Q[6]                                            ; gameboy:dut|MMU:mmu|BRAM_handler:memory_units|ROM_BANK:rom0|altsyncram:altsyncram_component|altsyncram_81a1:auto_generated|ram_block1a2~porta_address_reg0       ; CLOCK2_50    ; CLOCK_50    ; 0.000        ; 0.546      ; 2.234      ;
; 1.428 ; gameboy:dut|MMU:mmu|BRAM_handler:memory_units|DMA_controller:dma_guy|Counter:dma_addr_cnter|Q[1]                                            ; gameboy:dut|MMU:mmu|BRAM_handler:memory_units|DUAL_8KB:wram0|altsyncram:altsyncram_component|altsyncram_54g2:auto_generated|ram_block1a1~portb_address_reg0      ; CLOCK2_50    ; CLOCK_50    ; 0.000        ; 0.550      ; 2.240      ;
; 1.431 ; gameboy:dut|MMU:mmu|BRAM_handler:memory_units|hram_out_data[5]                                                                              ; gameboy:dut|MMU:mmu|BRAM_handler:memory_units|OAM_DUALBANK:oam|altsyncram:altsyncram_component|altsyncram_rbg2:auto_generated|ram_block1a0~porta_datain_reg0     ; CLOCK2_50    ; CLOCK_50    ; 0.000        ; 0.548      ; 2.241      ;
; 1.431 ; gameboy:dut|MMU:mmu|BRAM_handler:memory_units|DMA_controller:dma_guy|state.IDLE                                                             ; gameboy:dut|MMU:mmu|BRAM_handler:memory_units|ROM_BANK:rom0|altsyncram:altsyncram_component|altsyncram_81a1:auto_generated|ram_block1a8~porta_address_reg0       ; CLOCK2_50    ; CLOCK_50    ; 0.000        ; 0.557      ; 2.250      ;
; 1.433 ; gameboy:dut|MMU:mmu|BRAM_handler:memory_units|DMA_controller:dma_guy|Counter:dma_addr_cnter|Q[5]                                            ; gameboy:dut|MMU:mmu|BRAM_handler:memory_units|DUAL_8KB:wram0|altsyncram:altsyncram_component|altsyncram_54g2:auto_generated|ram_block1a1~portb_address_reg0      ; CLOCK2_50    ; CLOCK_50    ; 0.000        ; 0.550      ; 2.245      ;
; 1.434 ; gameboy:dut|MMU:mmu|BRAM_handler:memory_units|DMA_controller:dma_guy|Counter:dma_addr_cnter|Q[1]                                            ; gameboy:dut|MMU:mmu|BRAM_handler:memory_units|DUAL_VRAM_8KB:vram0|altsyncram:altsyncram_component|altsyncram_54g2:auto_generated|ram_block1a2~porta_address_reg0 ; CLOCK2_50    ; CLOCK_50    ; 0.000        ; 0.538      ; 2.234      ;
; 1.436 ; gameboy:dut|MMU:mmu|BRAM_handler:memory_units|DMA_controller:dma_guy|Counter:dma_addr_cnter|Q[6]                                            ; gameboy:dut|MMU:mmu|BRAM_handler:memory_units|DUAL_VRAM_8KB:vram0|altsyncram:altsyncram_component|altsyncram_54g2:auto_generated|ram_block1a0~porta_address_reg0 ; CLOCK2_50    ; CLOCK_50    ; 0.000        ; 0.539      ; 2.237      ;
; 1.438 ; gameboy:dut|MMU:mmu|BRAM_handler:memory_units|DMA_controller:dma_guy|Counter:dma_addr_cnter|Q[6]                                            ; gameboy:dut|MMU:mmu|BRAM_handler:memory_units|DUAL_VRAM_8KB:vram0|altsyncram:altsyncram_component|altsyncram_54g2:auto_generated|ram_block1a2~porta_address_reg0 ; CLOCK2_50    ; CLOCK_50    ; 0.000        ; 0.538      ; 2.238      ;
; 1.439 ; gameboy:dut|MMU:mmu|BRAM_handler:memory_units|DMA_controller:dma_guy|Counter:dma_addr_cnter|Q[5]                                            ; gameboy:dut|MMU:mmu|BRAM_handler:memory_units|MM_out_chooser:memory_out_muxer|dma_select[2]                                                                      ; CLOCK2_50    ; CLOCK_50    ; 0.000        ; 0.196      ; 1.861      ;
; 1.449 ; gameboy:dut|MMU:mmu|BRAM_handler:memory_units|DMA_controller:dma_guy|Counter:dma_addr_cnter|Q[3]                                            ; gameboy:dut|MMU:mmu|BRAM_handler:memory_units|DUAL_8KB:wram0|altsyncram:altsyncram_component|altsyncram_54g2:auto_generated|ram_block1a1~portb_address_reg0      ; CLOCK2_50    ; CLOCK_50    ; 0.000        ; 0.550      ; 2.261      ;
; 1.457 ; gameboy:dut|MMU:mmu|BRAM_handler:memory_units|DMA_controller:dma_guy|Counter:dma_addr_cnter|Q[3]                                            ; gameboy:dut|MMU:mmu|BRAM_handler:memory_units|DUAL_VRAM_8KB:vram0|altsyncram:altsyncram_component|altsyncram_54g2:auto_generated|ram_block1a1~porta_address_reg0 ; CLOCK2_50    ; CLOCK_50    ; 0.000        ; 0.551      ; 2.270      ;
; 1.461 ; gameboy:dut|MMU:mmu|BRAM_handler:memory_units|DMA_controller:dma_guy|Counter:dma_addr_cnter|Q[1]                                            ; gameboy:dut|MMU:mmu|BRAM_handler:memory_units|DUAL_VRAM_8KB:vram0|altsyncram:altsyncram_component|altsyncram_54g2:auto_generated|ram_block1a4~porta_address_reg0 ; CLOCK2_50    ; CLOCK_50    ; 0.000        ; 0.538      ; 2.261      ;
; 1.464 ; gameboy:dut|PPU_Wrapper:ppu|OAM_Search:oam_search|oam_port0_addr[7]                                                                         ; gameboy:dut|MMU:mmu|BRAM_handler:memory_units|OAM_DUALBANK:oam|altsyncram:altsyncram_component|altsyncram_rbg2:auto_generated|ram_block1a0~portb_address_reg0    ; CLOCK2_50    ; CLOCK_50    ; 0.000        ; 0.562      ; 2.288      ;
; 1.468 ; gameboy:dut|MMU:mmu|BRAM_handler:memory_units|DMA_controller:dma_guy|Counter:dma_addr_cnter|Q[9]                                            ; gameboy:dut|MMU:mmu|BRAM_handler:memory_units|ROM_BANK:rom0|altsyncram:altsyncram_component|altsyncram_81a1:auto_generated|ram_block1a9~porta_address_reg0       ; CLOCK2_50    ; CLOCK_50    ; 0.000        ; 0.558      ; 2.288      ;
; 1.470 ; gameboy:dut|MMU:mmu|BRAM_handler:memory_units|DMA_controller:dma_guy|Counter:dma_addr_cnter|Q[9]                                            ; gameboy:dut|MMU:mmu|BRAM_handler:memory_units|ROM_BANK:rom0|altsyncram:altsyncram_component|altsyncram_81a1:auto_generated|ram_block1a5~porta_address_reg0       ; CLOCK2_50    ; CLOCK_50    ; 0.000        ; 0.557      ; 2.289      ;
; 1.481 ; gameboy:dut|PPU_Wrapper:ppu|OAM_Search:oam_search|selected_sprites_reg[9].tile_index[4]                                                     ; gameboy:dut|MMU:mmu|BRAM_handler:memory_units|DUAL_VRAM_8KB:vram0|altsyncram:altsyncram_component|altsyncram_54g2:auto_generated|ram_block1a1~portb_address_reg0 ; CLOCK2_50    ; CLOCK_50    ; 0.000        ; 0.565      ; 2.308      ;
; 1.491 ; gameboy:dut|MMU:mmu|BRAM_handler:memory_units|DMA_controller:dma_guy|Counter:dma_addr_cnter|Q[3]                                            ; gameboy:dut|MMU:mmu|BRAM_handler:memory_units|DUAL_VRAM_8KB:vram0|altsyncram:altsyncram_component|altsyncram_54g2:auto_generated|ram_block1a4~porta_address_reg0 ; CLOCK2_50    ; CLOCK_50    ; 0.000        ; 0.538      ; 2.291      ;
; 1.492 ; gameboy:dut|MMU:mmu|BRAM_handler:memory_units|DMA_controller:dma_guy|Counter:dma_addr_cnter|Q[7]                                            ; gameboy:dut|MMU:mmu|BRAM_handler:memory_units|MM_out_chooser:memory_out_muxer|dma_select[0]                                                                      ; CLOCK2_50    ; CLOCK_50    ; 0.000        ; 0.196      ; 1.914      ;
; 1.499 ; gameboy:dut|MMU:mmu|BRAM_handler:memory_units|hram_out_data[6]                                                                              ; gameboy:dut|MMU:mmu|BRAM_handler:memory_units|OAM_DUALBANK:oam|altsyncram:altsyncram_component|altsyncram_rbg2:auto_generated|ram_block1a0~porta_datain_reg0     ; CLOCK2_50    ; CLOCK_50    ; 0.000        ; 0.545      ; 2.306      ;
; 1.501 ; gameboy:dut|MMU:mmu|BRAM_handler:memory_units|DMA_controller:dma_guy|Counter:dma_addr_cnter|Q[2]                                            ; gameboy:dut|MMU:mmu|BRAM_handler:memory_units|DUAL_8KB:wram0|altsyncram:altsyncram_component|altsyncram_54g2:auto_generated|ram_block1a2~portb_address_reg0      ; CLOCK2_50    ; CLOCK_50    ; 0.000        ; 0.560      ; 2.323      ;
; 1.501 ; gameboy:dut|MMU:mmu|BRAM_handler:memory_units|DMA_controller:dma_guy|Counter:dma_addr_cnter|Q[3]                                            ; gameboy:dut|MMU:mmu|BRAM_handler:memory_units|DUAL_VRAM_8KB:vram0|altsyncram:altsyncram_component|altsyncram_54g2:auto_generated|ram_block1a5~porta_address_reg0 ; CLOCK2_50    ; CLOCK_50    ; 0.000        ; 0.537      ; 2.300      ;
; 1.503 ; gameboy:dut|MMU:mmu|BRAM_handler:memory_units|DMA_controller:dma_guy|Counter:dma_addr_cnter|Q[12]                                           ; gameboy:dut|MMU:mmu|BRAM_handler:memory_units|DUAL_VRAM_8KB:vram0|altsyncram:altsyncram_component|altsyncram_54g2:auto_generated|ram_block1a7~porta_address_reg0 ; CLOCK2_50    ; CLOCK_50    ; 0.000        ; 0.534      ; 2.299      ;
; 1.505 ; gameboy:dut|MMU:mmu|BRAM_handler:memory_units|DMA_controller:dma_guy|Counter:dma_addr_cnter|Q[3]                                            ; gameboy:dut|MMU:mmu|BRAM_handler:memory_units|DUAL_VRAM_8KB:vram0|altsyncram:altsyncram_component|altsyncram_54g2:auto_generated|ram_block1a7~porta_address_reg0 ; CLOCK2_50    ; CLOCK_50    ; 0.000        ; 0.534      ; 2.301      ;
; 1.510 ; gameboy:dut|MMU:mmu|BRAM_handler:memory_units|DMA_controller:dma_guy|Counter:dma_addr_cnter|Q[4]                                            ; gameboy:dut|MMU:mmu|BRAM_handler:memory_units|DUAL_8KB:exram0|altsyncram:altsyncram_component|altsyncram_54g2:auto_generated|ram_block1a1~portb_address_reg0     ; CLOCK2_50    ; CLOCK_50    ; 0.000        ; 0.551      ; 2.323      ;
; 1.510 ; gameboy:dut|MMU:mmu|BRAM_handler:memory_units|DMA_controller:dma_guy|Counter:dma_addr_cnter|Q[12]                                           ; gameboy:dut|MMU:mmu|BRAM_handler:memory_units|DUAL_VRAM_8KB:vram0|altsyncram:altsyncram_component|altsyncram_54g2:auto_generated|ram_block1a3~porta_address_reg0 ; CLOCK2_50    ; CLOCK_50    ; 0.000        ; 0.533      ; 2.305      ;
; 1.513 ; gameboy:dut|MMU:mmu|BRAM_handler:memory_units|DMA_controller:dma_guy|Counter:dma_addr_cnter|Q[12]                                           ; gameboy:dut|MMU:mmu|BRAM_handler:memory_units|DUAL_VRAM_8KB:vram0|altsyncram:altsyncram_component|altsyncram_54g2:auto_generated|ram_block1a6~porta_address_reg0 ; CLOCK2_50    ; CLOCK_50    ; 0.000        ; 0.531      ; 2.306      ;
; 1.517 ; gameboy:dut|MMU:mmu|BRAM_handler:memory_units|DMA_controller:dma_guy|Counter:dma_addr_cnter|Q[12]                                           ; gameboy:dut|MMU:mmu|BRAM_handler:memory_units|DUAL_VRAM_8KB:vram0|altsyncram:altsyncram_component|altsyncram_54g2:auto_generated|ram_block1a5~porta_address_reg0 ; CLOCK2_50    ; CLOCK_50    ; 0.000        ; 0.537      ; 2.316      ;
+-------+---------------------------------------------------------------------------------------------------------------------------------------------+------------------------------------------------------------------------------------------------------------------------------------------------------------------+--------------+-------------+--------------+------------+------------+


+---------------------------------------------------------------------------------------------------------------------------------------+
; Slow 1200mV 85C Model Hold: 'CLOCK3_50'                                                                                               ;
+-------+----------------------------+----------------------------+--------------+-------------+--------------+------------+------------+
; Slack ; From Node                  ; To Node                    ; Launch Clock ; Latch Clock ; Relationship ; Clock Skew ; Data Delay ;
+-------+----------------------------+----------------------------+--------------+-------------+--------------+------------+------------+
; 0.641 ; vga:v1|Counter:hs_ct|Q[3]  ; vga:v1|Counter:hs_ct|Q[3]  ; CLOCK3_50    ; CLOCK3_50   ; 0.000        ; 0.081      ; 0.908      ;
; 0.643 ; vga:v1|Counter:hs_ct|Q[4]  ; vga:v1|Counter:hs_ct|Q[4]  ; CLOCK3_50    ; CLOCK3_50   ; 0.000        ; 0.081      ; 0.910      ;
; 0.643 ; vga:v1|Counter:vs_ct|Q[5]  ; vga:v1|Counter:vs_ct|Q[5]  ; CLOCK3_50    ; CLOCK3_50   ; 0.000        ; 0.080      ; 0.909      ;
; 0.644 ; vga:v1|Counter:vs_ct|Q[2]  ; vga:v1|Counter:vs_ct|Q[2]  ; CLOCK3_50    ; CLOCK3_50   ; 0.000        ; 0.080      ; 0.910      ;
; 0.646 ; vga:v1|Counter:hs_ct|Q[2]  ; vga:v1|Counter:hs_ct|Q[2]  ; CLOCK3_50    ; CLOCK3_50   ; 0.000        ; 0.081      ; 0.913      ;
; 0.647 ; vga:v1|Counter:vs_ct|Q[3]  ; vga:v1|Counter:vs_ct|Q[3]  ; CLOCK3_50    ; CLOCK3_50   ; 0.000        ; 0.080      ; 0.913      ;
; 0.656 ; vga:v1|Counter:vs_ct|Q[16] ; vga:v1|Counter:vs_ct|Q[16] ; CLOCK3_50    ; CLOCK3_50   ; 0.000        ; 0.080      ; 0.922      ;
; 0.656 ; vga:v1|Counter:vs_ct|Q[9]  ; vga:v1|Counter:vs_ct|Q[9]  ; CLOCK3_50    ; CLOCK3_50   ; 0.000        ; 0.080      ; 0.922      ;
; 0.656 ; vga:v1|Counter:vs_ct|Q[8]  ; vga:v1|Counter:vs_ct|Q[8]  ; CLOCK3_50    ; CLOCK3_50   ; 0.000        ; 0.080      ; 0.922      ;
; 0.657 ; vga:v1|Counter:vs_ct|Q[7]  ; vga:v1|Counter:vs_ct|Q[7]  ; CLOCK3_50    ; CLOCK3_50   ; 0.000        ; 0.080      ; 0.923      ;
; 0.658 ; vga:v1|Counter:hs_ct|Q[7]  ; vga:v1|Counter:hs_ct|Q[7]  ; CLOCK3_50    ; CLOCK3_50   ; 0.000        ; 0.081      ; 0.925      ;
; 0.658 ; vga:v1|Counter:vs_ct|Q[14] ; vga:v1|Counter:vs_ct|Q[14] ; CLOCK3_50    ; CLOCK3_50   ; 0.000        ; 0.080      ; 0.924      ;
; 0.658 ; vga:v1|Counter:vs_ct|Q[4]  ; vga:v1|Counter:vs_ct|Q[4]  ; CLOCK3_50    ; CLOCK3_50   ; 0.000        ; 0.080      ; 0.924      ;
; 0.661 ; vga:v1|Counter:hs_ct|Q[1]  ; vga:v1|Counter:hs_ct|Q[1]  ; CLOCK3_50    ; CLOCK3_50   ; 0.000        ; 0.081      ; 0.928      ;
; 0.662 ; vga:v1|Counter:vs_ct|Q[17] ; vga:v1|Counter:vs_ct|Q[17] ; CLOCK3_50    ; CLOCK3_50   ; 0.000        ; 0.080      ; 0.928      ;
; 0.666 ; vga:v1|Counter:hs_ct|Q[5]  ; vga:v1|Counter:hs_ct|Q[5]  ; CLOCK3_50    ; CLOCK3_50   ; 0.000        ; 0.081      ; 0.933      ;
; 0.669 ; vga:v1|Counter:hs_ct|Q[8]  ; vga:v1|Counter:hs_ct|Q[8]  ; CLOCK3_50    ; CLOCK3_50   ; 0.000        ; 0.081      ; 0.936      ;
; 0.690 ; vga:v1|Counter:hs_ct|Q[0]  ; vga:v1|Counter:hs_ct|Q[0]  ; CLOCK3_50    ; CLOCK3_50   ; 0.000        ; 0.081      ; 0.957      ;
; 0.854 ; vga:v1|Counter:vs_ct|Q[10] ; vga:v1|Counter:vs_ct|Q[10] ; CLOCK3_50    ; CLOCK3_50   ; 0.000        ; 0.080      ; 1.120      ;
; 0.959 ; vga:v1|Counter:hs_ct|Q[3]  ; vga:v1|Counter:hs_ct|Q[4]  ; CLOCK3_50    ; CLOCK3_50   ; 0.000        ; 0.081      ; 1.226      ;
; 0.961 ; vga:v1|Counter:vs_ct|Q[2]  ; vga:v1|Counter:vs_ct|Q[3]  ; CLOCK3_50    ; CLOCK3_50   ; 0.000        ; 0.080      ; 1.227      ;
; 0.970 ; vga:v1|Counter:vs_ct|Q[6]  ; vga:v1|Counter:vs_ct|Q[7]  ; CLOCK3_50    ; CLOCK3_50   ; 0.000        ; 0.080      ; 1.236      ;
; 0.970 ; vga:v1|Counter:hs_ct|Q[4]  ; vga:v1|Counter:hs_ct|Q[5]  ; CLOCK3_50    ; CLOCK3_50   ; 0.000        ; 0.081      ; 1.237      ;
; 0.973 ; vga:v1|Counter:vs_ct|Q[8]  ; vga:v1|Counter:vs_ct|Q[9]  ; CLOCK3_50    ; CLOCK3_50   ; 0.000        ; 0.080      ; 1.239      ;
; 0.973 ; vga:v1|Counter:hs_ct|Q[2]  ; vga:v1|Counter:hs_ct|Q[3]  ; CLOCK3_50    ; CLOCK3_50   ; 0.000        ; 0.081      ; 1.240      ;
; 0.974 ; vga:v1|Counter:vs_ct|Q[16] ; vga:v1|Counter:vs_ct|Q[17] ; CLOCK3_50    ; CLOCK3_50   ; 0.000        ; 0.080      ; 1.240      ;
; 0.974 ; vga:v1|Counter:vs_ct|Q[3]  ; vga:v1|Counter:vs_ct|Q[4]  ; CLOCK3_50    ; CLOCK3_50   ; 0.000        ; 0.080      ; 1.240      ;
; 0.975 ; vga:v1|Counter:vs_ct|Q[4]  ; vga:v1|Counter:vs_ct|Q[5]  ; CLOCK3_50    ; CLOCK3_50   ; 0.000        ; 0.080      ; 1.241      ;
; 0.975 ; vga:v1|Counter:hs_ct|Q[7]  ; vga:v1|Counter:hs_ct|Q[8]  ; CLOCK3_50    ; CLOCK3_50   ; 0.000        ; 0.081      ; 1.242      ;
; 0.975 ; vga:v1|Counter:vs_ct|Q[5]  ; vga:v1|Counter:vs_ct|Q[7]  ; CLOCK3_50    ; CLOCK3_50   ; 0.000        ; 0.080      ; 1.241      ;
; 0.978 ; vga:v1|Counter:hs_ct|Q[2]  ; vga:v1|Counter:hs_ct|Q[4]  ; CLOCK3_50    ; CLOCK3_50   ; 0.000        ; 0.081      ; 1.245      ;
; 0.979 ; vga:v1|Counter:hs_ct|Q[1]  ; vga:v1|Counter:hs_ct|Q[2]  ; CLOCK3_50    ; CLOCK3_50   ; 0.000        ; 0.081      ; 1.246      ;
; 0.979 ; vga:v1|Counter:vs_ct|Q[3]  ; vga:v1|Counter:vs_ct|Q[5]  ; CLOCK3_50    ; CLOCK3_50   ; 0.000        ; 0.080      ; 1.245      ;
; 0.984 ; vga:v1|Counter:vs_ct|Q[7]  ; vga:v1|Counter:vs_ct|Q[8]  ; CLOCK3_50    ; CLOCK3_50   ; 0.000        ; 0.080      ; 1.250      ;
; 0.984 ; vga:v1|Counter:hs_ct|Q[6]  ; vga:v1|Counter:hs_ct|Q[7]  ; CLOCK3_50    ; CLOCK3_50   ; 0.000        ; 0.081      ; 1.251      ;
; 0.984 ; vga:v1|Counter:vs_ct|Q[9]  ; vga:v1|Counter:vs_ct|Q[10] ; CLOCK3_50    ; CLOCK3_50   ; 0.000        ; 0.079      ; 1.249      ;
; 0.987 ; vga:v1|Counter:vs_ct|Q[13] ; vga:v1|Counter:vs_ct|Q[14] ; CLOCK3_50    ; CLOCK3_50   ; 0.000        ; 0.080      ; 1.253      ;
; 0.989 ; vga:v1|Counter:vs_ct|Q[7]  ; vga:v1|Counter:vs_ct|Q[9]  ; CLOCK3_50    ; CLOCK3_50   ; 0.000        ; 0.080      ; 1.255      ;
; 0.989 ; vga:v1|Counter:hs_ct|Q[6]  ; vga:v1|Counter:hs_ct|Q[8]  ; CLOCK3_50    ; CLOCK3_50   ; 0.000        ; 0.081      ; 1.256      ;
; 0.990 ; vga:v1|Counter:vs_ct|Q[15] ; vga:v1|Counter:vs_ct|Q[16] ; CLOCK3_50    ; CLOCK3_50   ; 0.000        ; 0.080      ; 1.256      ;
; 0.994 ; vga:v1|Counter:hs_ct|Q[0]  ; vga:v1|Counter:hs_ct|Q[1]  ; CLOCK3_50    ; CLOCK3_50   ; 0.000        ; 0.081      ; 1.261      ;
; 0.995 ; vga:v1|Counter:vs_ct|Q[15] ; vga:v1|Counter:vs_ct|Q[17] ; CLOCK3_50    ; CLOCK3_50   ; 0.000        ; 0.080      ; 1.261      ;
; 0.999 ; vga:v1|Counter:hs_ct|Q[0]  ; vga:v1|Counter:hs_ct|Q[2]  ; CLOCK3_50    ; CLOCK3_50   ; 0.000        ; 0.081      ; 1.266      ;
; 1.000 ; vga:v1|Counter:vs_ct|Q[6]  ; vga:v1|Counter:vs_ct|Q[6]  ; CLOCK3_50    ; CLOCK3_50   ; 0.000        ; 0.080      ; 1.266      ;
; 1.003 ; vga:v1|Counter:hs_ct|Q[6]  ; vga:v1|Counter:hs_ct|Q[6]  ; CLOCK3_50    ; CLOCK3_50   ; 0.000        ; 0.081      ; 1.270      ;
; 1.005 ; vga:v1|Counter:vs_ct|Q[18] ; vga:v1|Counter:vs_ct|Q[18] ; CLOCK3_50    ; CLOCK3_50   ; 0.000        ; 0.080      ; 1.271      ;
; 1.005 ; vga:v1|Counter:vs_ct|Q[19] ; vga:v1|Counter:vs_ct|Q[19] ; CLOCK3_50    ; CLOCK3_50   ; 0.000        ; 0.080      ; 1.271      ;
; 1.007 ; vga:v1|Counter:vs_ct|Q[13] ; vga:v1|Counter:vs_ct|Q[13] ; CLOCK3_50    ; CLOCK3_50   ; 0.000        ; 0.080      ; 1.273      ;
; 1.009 ; vga:v1|Counter:vs_ct|Q[11] ; vga:v1|Counter:vs_ct|Q[11] ; CLOCK3_50    ; CLOCK3_50   ; 0.000        ; 0.080      ; 1.275      ;
; 1.010 ; vga:v1|Counter:vs_ct|Q[15] ; vga:v1|Counter:vs_ct|Q[15] ; CLOCK3_50    ; CLOCK3_50   ; 0.000        ; 0.080      ; 1.276      ;
; 1.051 ; vga:v1|Counter:hs_ct|Q[2]  ; vga:v1|Counter:hs_ct|Q[6]  ; CLOCK3_50    ; CLOCK3_50   ; 0.000        ; 0.081      ; 1.318      ;
; 1.080 ; vga:v1|Counter:hs_ct|Q[3]  ; vga:v1|Counter:hs_ct|Q[5]  ; CLOCK3_50    ; CLOCK3_50   ; 0.000        ; 0.081      ; 1.347      ;
; 1.082 ; vga:v1|Counter:vs_ct|Q[2]  ; vga:v1|Counter:vs_ct|Q[4]  ; CLOCK3_50    ; CLOCK3_50   ; 0.000        ; 0.080      ; 1.348      ;
; 1.087 ; vga:v1|Counter:vs_ct|Q[2]  ; vga:v1|Counter:vs_ct|Q[5]  ; CLOCK3_50    ; CLOCK3_50   ; 0.000        ; 0.080      ; 1.353      ;
; 1.091 ; vga:v1|Counter:vs_ct|Q[6]  ; vga:v1|Counter:vs_ct|Q[8]  ; CLOCK3_50    ; CLOCK3_50   ; 0.000        ; 0.080      ; 1.357      ;
; 1.095 ; vga:v1|Counter:vs_ct|Q[8]  ; vga:v1|Counter:vs_ct|Q[10] ; CLOCK3_50    ; CLOCK3_50   ; 0.000        ; 0.079      ; 1.360      ;
; 1.096 ; vga:v1|Counter:hs_ct|Q[4]  ; vga:v1|Counter:hs_ct|Q[7]  ; CLOCK3_50    ; CLOCK3_50   ; 0.000        ; 0.081      ; 1.363      ;
; 1.096 ; vga:v1|Counter:vs_ct|Q[6]  ; vga:v1|Counter:vs_ct|Q[9]  ; CLOCK3_50    ; CLOCK3_50   ; 0.000        ; 0.080      ; 1.362      ;
; 1.096 ; vga:v1|Counter:vs_ct|Q[14] ; vga:v1|Counter:vs_ct|Q[16] ; CLOCK3_50    ; CLOCK3_50   ; 0.000        ; 0.080      ; 1.362      ;
; 1.096 ; vga:v1|Counter:vs_ct|Q[5]  ; vga:v1|Counter:vs_ct|Q[8]  ; CLOCK3_50    ; CLOCK3_50   ; 0.000        ; 0.080      ; 1.362      ;
; 1.098 ; vga:v1|Counter:vs_ct|Q[12] ; vga:v1|Counter:vs_ct|Q[14] ; CLOCK3_50    ; CLOCK3_50   ; 0.000        ; 0.080      ; 1.364      ;
; 1.099 ; vga:v1|Counter:hs_ct|Q[2]  ; vga:v1|Counter:hs_ct|Q[5]  ; CLOCK3_50    ; CLOCK3_50   ; 0.000        ; 0.081      ; 1.366      ;
; 1.100 ; vga:v1|Counter:hs_ct|Q[1]  ; vga:v1|Counter:hs_ct|Q[3]  ; CLOCK3_50    ; CLOCK3_50   ; 0.000        ; 0.081      ; 1.367      ;
; 1.101 ; vga:v1|Counter:vs_ct|Q[4]  ; vga:v1|Counter:vs_ct|Q[7]  ; CLOCK3_50    ; CLOCK3_50   ; 0.000        ; 0.080      ; 1.367      ;
; 1.101 ; vga:v1|Counter:hs_ct|Q[4]  ; vga:v1|Counter:hs_ct|Q[8]  ; CLOCK3_50    ; CLOCK3_50   ; 0.000        ; 0.081      ; 1.368      ;
; 1.101 ; vga:v1|Counter:vs_ct|Q[14] ; vga:v1|Counter:vs_ct|Q[17] ; CLOCK3_50    ; CLOCK3_50   ; 0.000        ; 0.080      ; 1.367      ;
; 1.101 ; vga:v1|Counter:vs_ct|Q[5]  ; vga:v1|Counter:vs_ct|Q[9]  ; CLOCK3_50    ; CLOCK3_50   ; 0.000        ; 0.080      ; 1.367      ;
; 1.104 ; vga:v1|Counter:hs_ct|Q[5]  ; vga:v1|Counter:hs_ct|Q[7]  ; CLOCK3_50    ; CLOCK3_50   ; 0.000        ; 0.081      ; 1.371      ;
; 1.105 ; vga:v1|Counter:hs_ct|Q[1]  ; vga:v1|Counter:hs_ct|Q[4]  ; CLOCK3_50    ; CLOCK3_50   ; 0.000        ; 0.081      ; 1.372      ;
; 1.105 ; vga:v1|Counter:vs_ct|Q[3]  ; vga:v1|Counter:vs_ct|Q[7]  ; CLOCK3_50    ; CLOCK3_50   ; 0.000        ; 0.080      ; 1.371      ;
; 1.109 ; vga:v1|Counter:hs_ct|Q[5]  ; vga:v1|Counter:hs_ct|Q[8]  ; CLOCK3_50    ; CLOCK3_50   ; 0.000        ; 0.081      ; 1.376      ;
; 1.111 ; vga:v1|Counter:vs_ct|Q[7]  ; vga:v1|Counter:vs_ct|Q[10] ; CLOCK3_50    ; CLOCK3_50   ; 0.000        ; 0.079      ; 1.376      ;
; 1.113 ; vga:v1|Counter:vs_ct|Q[13] ; vga:v1|Counter:vs_ct|Q[16] ; CLOCK3_50    ; CLOCK3_50   ; 0.000        ; 0.080      ; 1.379      ;
; 1.114 ; vga:v1|Counter:vs_ct|Q[11] ; vga:v1|Counter:vs_ct|Q[14] ; CLOCK3_50    ; CLOCK3_50   ; 0.000        ; 0.080      ; 1.380      ;
; 1.118 ; vga:v1|Counter:vs_ct|Q[13] ; vga:v1|Counter:vs_ct|Q[17] ; CLOCK3_50    ; CLOCK3_50   ; 0.000        ; 0.080      ; 1.384      ;
; 1.120 ; vga:v1|Counter:hs_ct|Q[0]  ; vga:v1|Counter:hs_ct|Q[3]  ; CLOCK3_50    ; CLOCK3_50   ; 0.000        ; 0.081      ; 1.387      ;
; 1.125 ; vga:v1|Counter:hs_ct|Q[0]  ; vga:v1|Counter:hs_ct|Q[4]  ; CLOCK3_50    ; CLOCK3_50   ; 0.000        ; 0.081      ; 1.392      ;
; 1.132 ; vga:v1|Counter:vs_ct|Q[12] ; vga:v1|Counter:vs_ct|Q[12] ; CLOCK3_50    ; CLOCK3_50   ; 0.000        ; 0.080      ; 1.398      ;
; 1.135 ; vga:v1|Counter:hs_ct|Q[10] ; vga:v1|Counter:hs_ct|Q[10] ; CLOCK3_50    ; CLOCK3_50   ; 0.000        ; 0.081      ; 1.402      ;
; 1.139 ; vga:v1|Counter:hs_ct|Q[9]  ; vga:v1|Counter:hs_ct|Q[9]  ; CLOCK3_50    ; CLOCK3_50   ; 0.000        ; 0.081      ; 1.406      ;
; 1.168 ; vga:v1|Counter:hs_ct|Q[2]  ; vga:v1|Counter:hs_ct|Q[9]  ; CLOCK3_50    ; CLOCK3_50   ; 0.000        ; 0.081      ; 1.435      ;
; 1.206 ; vga:v1|Counter:hs_ct|Q[3]  ; vga:v1|Counter:hs_ct|Q[7]  ; CLOCK3_50    ; CLOCK3_50   ; 0.000        ; 0.081      ; 1.473      ;
; 1.211 ; vga:v1|Counter:hs_ct|Q[3]  ; vga:v1|Counter:hs_ct|Q[8]  ; CLOCK3_50    ; CLOCK3_50   ; 0.000        ; 0.081      ; 1.478      ;
; 1.213 ; vga:v1|Counter:vs_ct|Q[2]  ; vga:v1|Counter:vs_ct|Q[7]  ; CLOCK3_50    ; CLOCK3_50   ; 0.000        ; 0.080      ; 1.479      ;
; 1.218 ; vga:v1|Counter:vs_ct|Q[6]  ; vga:v1|Counter:vs_ct|Q[10] ; CLOCK3_50    ; CLOCK3_50   ; 0.000        ; 0.079      ; 1.483      ;
; 1.218 ; vga:v1|Counter:hs_ct|Q[8]  ; vga:v1|Counter:hs_ct|Q[6]  ; CLOCK3_50    ; CLOCK3_50   ; 0.000        ; 0.081      ; 1.485      ;
; 1.222 ; vga:v1|Counter:vs_ct|Q[4]  ; vga:v1|Counter:vs_ct|Q[8]  ; CLOCK3_50    ; CLOCK3_50   ; 0.000        ; 0.080      ; 1.488      ;
; 1.223 ; vga:v1|Counter:vs_ct|Q[5]  ; vga:v1|Counter:vs_ct|Q[10] ; CLOCK3_50    ; CLOCK3_50   ; 0.000        ; 0.079      ; 1.488      ;
; 1.224 ; vga:v1|Counter:vs_ct|Q[12] ; vga:v1|Counter:vs_ct|Q[16] ; CLOCK3_50    ; CLOCK3_50   ; 0.000        ; 0.080      ; 1.490      ;
; 1.225 ; vga:v1|Counter:hs_ct|Q[2]  ; vga:v1|Counter:hs_ct|Q[7]  ; CLOCK3_50    ; CLOCK3_50   ; 0.000        ; 0.081      ; 1.492      ;
; 1.226 ; vga:v1|Counter:hs_ct|Q[1]  ; vga:v1|Counter:hs_ct|Q[5]  ; CLOCK3_50    ; CLOCK3_50   ; 0.000        ; 0.081      ; 1.493      ;
; 1.226 ; vga:v1|Counter:vs_ct|Q[3]  ; vga:v1|Counter:vs_ct|Q[8]  ; CLOCK3_50    ; CLOCK3_50   ; 0.000        ; 0.080      ; 1.492      ;
; 1.227 ; vga:v1|Counter:vs_ct|Q[4]  ; vga:v1|Counter:vs_ct|Q[9]  ; CLOCK3_50    ; CLOCK3_50   ; 0.000        ; 0.080      ; 1.493      ;
; 1.229 ; vga:v1|Counter:vs_ct|Q[12] ; vga:v1|Counter:vs_ct|Q[17] ; CLOCK3_50    ; CLOCK3_50   ; 0.000        ; 0.080      ; 1.495      ;
; 1.230 ; vga:v1|Counter:hs_ct|Q[2]  ; vga:v1|Counter:hs_ct|Q[8]  ; CLOCK3_50    ; CLOCK3_50   ; 0.000        ; 0.081      ; 1.497      ;
; 1.231 ; vga:v1|Counter:vs_ct|Q[3]  ; vga:v1|Counter:vs_ct|Q[9]  ; CLOCK3_50    ; CLOCK3_50   ; 0.000        ; 0.080      ; 1.497      ;
; 1.236 ; vga:v1|Counter:vs_ct|Q[9]  ; vga:v1|Counter:vs_ct|Q[14] ; CLOCK3_50    ; CLOCK3_50   ; 0.000        ; 0.079      ; 1.501      ;
; 1.240 ; vga:v1|Counter:vs_ct|Q[11] ; vga:v1|Counter:vs_ct|Q[16] ; CLOCK3_50    ; CLOCK3_50   ; 0.000        ; 0.080      ; 1.506      ;
; 1.245 ; vga:v1|Counter:vs_ct|Q[11] ; vga:v1|Counter:vs_ct|Q[17] ; CLOCK3_50    ; CLOCK3_50   ; 0.000        ; 0.080      ; 1.511      ;
; 1.246 ; vga:v1|Counter:hs_ct|Q[0]  ; vga:v1|Counter:hs_ct|Q[5]  ; CLOCK3_50    ; CLOCK3_50   ; 0.000        ; 0.081      ; 1.513      ;
+-------+----------------------------+----------------------------+--------------+-------------+--------------+------------+------------+


+---------------------------------------------------------------------------------------------------------------------------------------------------------------------------------------------------------------------------------------------------+
; Slow 1200mV 85C Model Recovery: 'CLOCK2_50'                                                                                                                                                                                                       ;
+---------+-------------------------------------------------------+-----------------------------------------------------------------------------------------------------------+--------------+-------------+--------------+------------+------------+
; Slack   ; From Node                                             ; To Node                                                                                                   ; Launch Clock ; Latch Clock ; Relationship ; Clock Skew ; Data Delay ;
+---------+-------------------------------------------------------+-----------------------------------------------------------------------------------------------------------+--------------+-------------+--------------+------------+------------+
; 5.383   ; rst                                                   ; gameboy:dut|PPU_Wrapper:ppu|Pixel_Gen:Pixel_Gen_inst|Render_Sprites:render_sprites_inst|use_sprite        ; CLOCK3_50    ; CLOCK2_50   ; 10.000       ; -0.123     ; 4.512      ;
; 5.575   ; rst                                                   ; gameboy:dut|PPU_Wrapper:ppu|OAM_Search:oam_search|sort_j[2]                                               ; CLOCK3_50    ; CLOCK2_50   ; 10.000       ; -0.134     ; 4.309      ;
; 5.575   ; rst                                                   ; gameboy:dut|PPU_Wrapper:ppu|OAM_Search:oam_search|sort_j[3]                                               ; CLOCK3_50    ; CLOCK2_50   ; 10.000       ; -0.134     ; 4.309      ;
; 5.610   ; rst                                                   ; gameboy:dut|PPU_Wrapper:ppu|OAM_Search:oam_search|sort_i[0]                                               ; CLOCK3_50    ; CLOCK2_50   ; 10.000       ; -0.134     ; 4.274      ;
; 5.610   ; rst                                                   ; gameboy:dut|PPU_Wrapper:ppu|OAM_Search:oam_search|sort_i[1]                                               ; CLOCK3_50    ; CLOCK2_50   ; 10.000       ; -0.134     ; 4.274      ;
; 5.610   ; rst                                                   ; gameboy:dut|PPU_Wrapper:ppu|OAM_Search:oam_search|sort_i[2]                                               ; CLOCK3_50    ; CLOCK2_50   ; 10.000       ; -0.134     ; 4.274      ;
; 5.610   ; rst                                                   ; gameboy:dut|PPU_Wrapper:ppu|OAM_Search:oam_search|sort_i[3]                                               ; CLOCK3_50    ; CLOCK2_50   ; 10.000       ; -0.134     ; 4.274      ;
; 5.610   ; rst                                                   ; gameboy:dut|PPU_Wrapper:ppu|OAM_Search:oam_search|sort_phase                                              ; CLOCK3_50    ; CLOCK2_50   ; 10.000       ; -0.134     ; 4.274      ;
; 5.660   ; rst                                                   ; gameboy:dut|PPU_Wrapper:ppu|Pixel_Gen:Pixel_Gen_inst|FIFO:sprite_fifo_inst|count[0]                       ; CLOCK3_50    ; CLOCK2_50   ; 10.000       ; -0.119     ; 4.239      ;
; 5.660   ; rst                                                   ; gameboy:dut|PPU_Wrapper:ppu|Pixel_Gen:Pixel_Gen_inst|FIFO:sprite_fifo_inst|count[1]                       ; CLOCK3_50    ; CLOCK2_50   ; 10.000       ; -0.119     ; 4.239      ;
; 5.660   ; rst                                                   ; gameboy:dut|PPU_Wrapper:ppu|Pixel_Gen:Pixel_Gen_inst|FIFO:sprite_fifo_inst|count[2]                       ; CLOCK3_50    ; CLOCK2_50   ; 10.000       ; -0.119     ; 4.239      ;
; 5.660   ; rst                                                   ; gameboy:dut|PPU_Wrapper:ppu|Pixel_Gen:Pixel_Gen_inst|FIFO:sprite_fifo_inst|count[3]                       ; CLOCK3_50    ; CLOCK2_50   ; 10.000       ; -0.119     ; 4.239      ;
; 5.660   ; rst                                                   ; gameboy:dut|PPU_Wrapper:ppu|Pixel_Gen:Pixel_Gen_inst|FIFO:sprite_fifo_inst|count[4]                       ; CLOCK3_50    ; CLOCK2_50   ; 10.000       ; -0.119     ; 4.239      ;
; 5.660   ; rst                                                   ; gameboy:dut|PPU_Wrapper:ppu|Pixel_Gen:Pixel_Gen_inst|FIFO:sprite_fifo_inst|count[5]                       ; CLOCK3_50    ; CLOCK2_50   ; 10.000       ; -0.119     ; 4.239      ;
; 5.660   ; rst                                                   ; gameboy:dut|PPU_Wrapper:ppu|Pixel_Gen:Pixel_Gen_inst|FIFO:sprite_fifo_inst|count[6]                       ; CLOCK3_50    ; CLOCK2_50   ; 10.000       ; -0.119     ; 4.239      ;
; 5.708   ; rst                                                   ; gameboy:dut|PPU_Wrapper:ppu|Pixel_Gen:Pixel_Gen_inst|Render_Sprites:render_sprites_inst|x_coord[0]        ; CLOCK3_50    ; CLOCK2_50   ; 10.000       ; -0.125     ; 4.185      ;
; 5.708   ; rst                                                   ; gameboy:dut|PPU_Wrapper:ppu|Pixel_Gen:Pixel_Gen_inst|Render_Sprites:render_sprites_inst|x_coord[1]        ; CLOCK3_50    ; CLOCK2_50   ; 10.000       ; -0.125     ; 4.185      ;
; 5.708   ; rst                                                   ; gameboy:dut|PPU_Wrapper:ppu|Pixel_Gen:Pixel_Gen_inst|Render_Sprites:render_sprites_inst|x_coord[2]        ; CLOCK3_50    ; CLOCK2_50   ; 10.000       ; -0.125     ; 4.185      ;
; 5.708   ; rst                                                   ; gameboy:dut|PPU_Wrapper:ppu|Pixel_Gen:Pixel_Gen_inst|Render_Sprites:render_sprites_inst|pixel_index[0]    ; CLOCK3_50    ; CLOCK2_50   ; 10.000       ; -0.125     ; 4.185      ;
; 5.708   ; rst                                                   ; gameboy:dut|PPU_Wrapper:ppu|Pixel_Gen:Pixel_Gen_inst|Render_Sprites:render_sprites_inst|pixel_index[1]    ; CLOCK3_50    ; CLOCK2_50   ; 10.000       ; -0.125     ; 4.185      ;
; 5.708   ; rst                                                   ; gameboy:dut|PPU_Wrapper:ppu|Pixel_Gen:Pixel_Gen_inst|Render_Sprites:render_sprites_inst|pixel_index[2]    ; CLOCK3_50    ; CLOCK2_50   ; 10.000       ; -0.125     ; 4.185      ;
; 5.744   ; rst                                                   ; gameboy:dut|PPU_Wrapper:ppu|Pixel_Gen:Pixel_Gen_inst|Render_Sprites:render_sprites_inst|state.FETCH_TILE  ; CLOCK3_50    ; CLOCK2_50   ; 10.000       ; -0.124     ; 4.150      ;
; 5.744   ; rst                                                   ; gameboy:dut|PPU_Wrapper:ppu|Pixel_Gen:Pixel_Gen_inst|Render_Sprites:render_sprites_inst|state.DUMP_PIXELS ; CLOCK3_50    ; CLOCK2_50   ; 10.000       ; -0.124     ; 4.150      ;
; 5.744   ; rst                                                   ; gameboy:dut|PPU_Wrapper:ppu|Pixel_Gen:Pixel_Gen_inst|Render_Sprites:render_sprites_inst|state.SCAN_CHECK  ; CLOCK3_50    ; CLOCK2_50   ; 10.000       ; -0.124     ; 4.150      ;
; 5.752   ; rst                                                   ; gameboy:dut|PPU_Wrapper:ppu|Pixel_Gen:Pixel_Gen_inst|Render_Sprites:render_sprites_inst|x_coord[3]        ; CLOCK3_50    ; CLOCK2_50   ; 10.000       ; -0.126     ; 4.140      ;
; 5.752   ; rst                                                   ; gameboy:dut|PPU_Wrapper:ppu|Pixel_Gen:Pixel_Gen_inst|Render_Sprites:render_sprites_inst|x_coord[4]        ; CLOCK3_50    ; CLOCK2_50   ; 10.000       ; -0.126     ; 4.140      ;
; 5.752   ; rst                                                   ; gameboy:dut|PPU_Wrapper:ppu|Pixel_Gen:Pixel_Gen_inst|Render_Sprites:render_sprites_inst|x_coord[6]        ; CLOCK3_50    ; CLOCK2_50   ; 10.000       ; -0.126     ; 4.140      ;
; 5.752   ; rst                                                   ; gameboy:dut|PPU_Wrapper:ppu|Pixel_Gen:Pixel_Gen_inst|Render_Sprites:render_sprites_inst|x_coord[7]        ; CLOCK3_50    ; CLOCK2_50   ; 10.000       ; -0.126     ; 4.140      ;
; 5.752   ; rst                                                   ; gameboy:dut|PPU_Wrapper:ppu|Pixel_Gen:Pixel_Gen_inst|Render_Sprites:render_sprites_inst|x_coord[5]        ; CLOCK3_50    ; CLOCK2_50   ; 10.000       ; -0.126     ; 4.140      ;
; 5.752   ; rst                                                   ; gameboy:dut|PPU_Wrapper:ppu|Pixel_Gen:Pixel_Gen_inst|Render_Sprites:render_sprites_inst|x_coord[8]        ; CLOCK3_50    ; CLOCK2_50   ; 10.000       ; -0.126     ; 4.140      ;
; 5.752   ; rst                                                   ; gameboy:dut|PPU_Wrapper:ppu|Pixel_Gen:Pixel_Gen_inst|Render_Sprites:render_sprites_inst|x_coord[9]        ; CLOCK3_50    ; CLOCK2_50   ; 10.000       ; -0.126     ; 4.140      ;
; 5.752   ; rst                                                   ; gameboy:dut|PPU_Wrapper:ppu|Pixel_Gen:Pixel_Gen_inst|Render_Sprites:render_sprites_inst|state.DONE        ; CLOCK3_50    ; CLOCK2_50   ; 10.000       ; -0.126     ; 4.140      ;
; 5.980   ; rst                                                   ; gameboy:dut|PPU_Wrapper:ppu|Pixel_Gen:Pixel_Gen_inst|Render_BG:render_bg_inst|pixel_index[0]              ; CLOCK3_50    ; CLOCK2_50   ; 10.000       ; -0.119     ; 3.919      ;
; 5.980   ; rst                                                   ; gameboy:dut|PPU_Wrapper:ppu|Pixel_Gen:Pixel_Gen_inst|Render_BG:render_bg_inst|pixel_index[1]              ; CLOCK3_50    ; CLOCK2_50   ; 10.000       ; -0.119     ; 3.919      ;
; 5.980   ; rst                                                   ; gameboy:dut|PPU_Wrapper:ppu|Pixel_Gen:Pixel_Gen_inst|Render_BG:render_bg_inst|pixel_index[2]              ; CLOCK3_50    ; CLOCK2_50   ; 10.000       ; -0.119     ; 3.919      ;
; 5.980   ; rst                                                   ; gameboy:dut|PPU_Wrapper:ppu|Pixel_Gen:Pixel_Gen_inst|Render_BG:render_bg_inst|state.BG_FETCH_TILE         ; CLOCK3_50    ; CLOCK2_50   ; 10.000       ; -0.119     ; 3.919      ;
; 5.980   ; rst                                                   ; gameboy:dut|PPU_Wrapper:ppu|Pixel_Gen:Pixel_Gen_inst|Render_BG:render_bg_inst|state.BG_FETCH_TILE_MAP     ; CLOCK3_50    ; CLOCK2_50   ; 10.000       ; -0.119     ; 3.919      ;
; 5.980   ; rst                                                   ; gameboy:dut|PPU_Wrapper:ppu|Pixel_Gen:Pixel_Gen_inst|Render_BG:render_bg_inst|state.BG_FETCH_TILE_DATA    ; CLOCK3_50    ; CLOCK2_50   ; 10.000       ; -0.119     ; 3.919      ;
; 5.980   ; rst                                                   ; gameboy:dut|PPU_Wrapper:ppu|Pixel_Gen:Pixel_Gen_inst|Render_BG:render_bg_inst|state.BG_PROCESS_PIXELS     ; CLOCK3_50    ; CLOCK2_50   ; 10.000       ; -0.119     ; 3.919      ;
; 6.007   ; rst                                                   ; gameboy:dut|PPU_Wrapper:ppu|PPU_Mode_controller:mode_ctrl|dot[0]                                          ; CLOCK3_50    ; CLOCK2_50   ; 10.000       ; -0.119     ; 3.892      ;
; 6.007   ; rst                                                   ; gameboy:dut|PPU_Wrapper:ppu|PPU_Mode_controller:mode_ctrl|dot[6]                                          ; CLOCK3_50    ; CLOCK2_50   ; 10.000       ; -0.119     ; 3.892      ;
; 6.007   ; rst                                                   ; gameboy:dut|PPU_Wrapper:ppu|PPU_Mode_controller:mode_ctrl|dot[7]                                          ; CLOCK3_50    ; CLOCK2_50   ; 10.000       ; -0.119     ; 3.892      ;
; 6.007   ; rst                                                   ; gameboy:dut|PPU_Wrapper:ppu|PPU_Mode_controller:mode_ctrl|dot[8]                                          ; CLOCK3_50    ; CLOCK2_50   ; 10.000       ; -0.119     ; 3.892      ;
; 6.007   ; rst                                                   ; gameboy:dut|PPU_Wrapper:ppu|PPU_Mode_controller:mode_ctrl|dot[2]                                          ; CLOCK3_50    ; CLOCK2_50   ; 10.000       ; -0.119     ; 3.892      ;
; 6.007   ; rst                                                   ; gameboy:dut|PPU_Wrapper:ppu|PPU_Mode_controller:mode_ctrl|dot[3]                                          ; CLOCK3_50    ; CLOCK2_50   ; 10.000       ; -0.119     ; 3.892      ;
; 6.007   ; rst                                                   ; gameboy:dut|PPU_Wrapper:ppu|PPU_Mode_controller:mode_ctrl|dot[1]                                          ; CLOCK3_50    ; CLOCK2_50   ; 10.000       ; -0.119     ; 3.892      ;
; 6.007   ; rst                                                   ; gameboy:dut|PPU_Wrapper:ppu|PPU_Mode_controller:mode_ctrl|dot[5]                                          ; CLOCK3_50    ; CLOCK2_50   ; 10.000       ; -0.119     ; 3.892      ;
; 6.007   ; rst                                                   ; gameboy:dut|PPU_Wrapper:ppu|PPU_Mode_controller:mode_ctrl|dot[4]                                          ; CLOCK3_50    ; CLOCK2_50   ; 10.000       ; -0.119     ; 3.892      ;
; 6.173   ; rst                                                   ; gameboy:dut|PPU_Wrapper:ppu|Pixel_Gen:Pixel_Gen_inst|Render_BG:render_bg_inst|pixel_total[3]              ; CLOCK3_50    ; CLOCK2_50   ; 10.000       ; -0.119     ; 3.726      ;
; 6.173   ; rst                                                   ; gameboy:dut|PPU_Wrapper:ppu|Pixel_Gen:Pixel_Gen_inst|Render_BG:render_bg_inst|pixel_total[4]              ; CLOCK3_50    ; CLOCK2_50   ; 10.000       ; -0.119     ; 3.726      ;
; 6.173   ; rst                                                   ; gameboy:dut|PPU_Wrapper:ppu|Pixel_Gen:Pixel_Gen_inst|Render_BG:render_bg_inst|pixel_total[5]              ; CLOCK3_50    ; CLOCK2_50   ; 10.000       ; -0.119     ; 3.726      ;
; 6.173   ; rst                                                   ; gameboy:dut|PPU_Wrapper:ppu|Pixel_Gen:Pixel_Gen_inst|Render_BG:render_bg_inst|pixel_total[6]              ; CLOCK3_50    ; CLOCK2_50   ; 10.000       ; -0.119     ; 3.726      ;
; 6.173   ; rst                                                   ; gameboy:dut|PPU_Wrapper:ppu|Pixel_Gen:Pixel_Gen_inst|Render_BG:render_bg_inst|pixel_total[7]              ; CLOCK3_50    ; CLOCK2_50   ; 10.000       ; -0.119     ; 3.726      ;
; 6.173   ; rst                                                   ; gameboy:dut|PPU_Wrapper:ppu|Pixel_Gen:Pixel_Gen_inst|Render_BG:render_bg_inst|state.BG_DONE               ; CLOCK3_50    ; CLOCK2_50   ; 10.000       ; -0.119     ; 3.726      ;
; 6.185   ; rst                                                   ; gameboy:dut|PPU_Wrapper:ppu|OAM_Search:oam_search|selected_count[1]                                       ; CLOCK3_50    ; CLOCK2_50   ; 10.000       ; -0.125     ; 3.708      ;
; 6.185   ; rst                                                   ; gameboy:dut|PPU_Wrapper:ppu|OAM_Search:oam_search|selected_count[2]                                       ; CLOCK3_50    ; CLOCK2_50   ; 10.000       ; -0.125     ; 3.708      ;
; 6.185   ; rst                                                   ; gameboy:dut|PPU_Wrapper:ppu|OAM_Search:oam_search|selected_count[0]                                       ; CLOCK3_50    ; CLOCK2_50   ; 10.000       ; -0.125     ; 3.708      ;
; 6.185   ; rst                                                   ; gameboy:dut|PPU_Wrapper:ppu|OAM_Search:oam_search|selected_count[3]                                       ; CLOCK3_50    ; CLOCK2_50   ; 10.000       ; -0.125     ; 3.708      ;
; 6.210   ; rst                                                   ; gameboy:dut|PPU_Wrapper:ppu|Pixel_Gen:Pixel_Gen_inst|Render_BG:render_bg_inst|push_bg                     ; CLOCK3_50    ; CLOCK2_50   ; 10.000       ; -0.115     ; 3.693      ;
; 6.210   ; rst                                                   ; gameboy:dut|PPU_Wrapper:ppu|Pixel_Mixer:pixel_mixer_inst|pixel_out_valid                                  ; CLOCK3_50    ; CLOCK2_50   ; 10.000       ; -0.115     ; 3.693      ;
; 6.238   ; rst                                                   ; gameboy:dut|PPU_Wrapper:ppu|Pixel_Gen:Pixel_Gen_inst|FIFO:bg_fifo_inst|count[0]                           ; CLOCK3_50    ; CLOCK2_50   ; 10.000       ; -0.116     ; 3.664      ;
; 6.238   ; rst                                                   ; gameboy:dut|PPU_Wrapper:ppu|Pixel_Gen:Pixel_Gen_inst|FIFO:bg_fifo_inst|count[1]                           ; CLOCK3_50    ; CLOCK2_50   ; 10.000       ; -0.116     ; 3.664      ;
; 6.238   ; rst                                                   ; gameboy:dut|PPU_Wrapper:ppu|Pixel_Gen:Pixel_Gen_inst|FIFO:bg_fifo_inst|count[2]                           ; CLOCK3_50    ; CLOCK2_50   ; 10.000       ; -0.116     ; 3.664      ;
; 6.238   ; rst                                                   ; gameboy:dut|PPU_Wrapper:ppu|Pixel_Gen:Pixel_Gen_inst|FIFO:bg_fifo_inst|count[3]                           ; CLOCK3_50    ; CLOCK2_50   ; 10.000       ; -0.116     ; 3.664      ;
; 6.238   ; rst                                                   ; gameboy:dut|PPU_Wrapper:ppu|Pixel_Gen:Pixel_Gen_inst|FIFO:bg_fifo_inst|count[4]                           ; CLOCK3_50    ; CLOCK2_50   ; 10.000       ; -0.116     ; 3.664      ;
; 6.240   ; rst                                                   ; gameboy:dut|PPU_Wrapper:ppu|PPU_Mode_controller:mode_ctrl|fifo_clear                                      ; CLOCK3_50    ; CLOCK2_50   ; 10.000       ; -0.120     ; 3.658      ;
; 6.240   ; rst                                                   ; gameboy:dut|PPU_Wrapper:ppu|Pixel_Gen:Pixel_Gen_inst|Render_BG:render_bg_inst|bg_done                     ; CLOCK3_50    ; CLOCK2_50   ; 10.000       ; -0.120     ; 3.658      ;
; 6.240   ; rst                                                   ; gameboy:dut|PPU_Wrapper:ppu|Pixel_Gen:Pixel_Gen_inst|Render_Sprites:render_sprites_inst|state.IDLE        ; CLOCK3_50    ; CLOCK2_50   ; 10.000       ; -0.120     ; 3.658      ;
; 6.240   ; rst                                                   ; gameboy:dut|PPU_Wrapper:ppu|OAM_Search:oam_search|state.OAM_DONE                                          ; CLOCK3_50    ; CLOCK2_50   ; 10.000       ; -0.120     ; 3.658      ;
; 6.240   ; rst                                                   ; gameboy:dut|PPU_Wrapper:ppu|OAM_Search:oam_search|state.OAM_IDLE                                          ; CLOCK3_50    ; CLOCK2_50   ; 10.000       ; -0.120     ; 3.658      ;
; 6.240   ; rst                                                   ; gameboy:dut|PPU_Wrapper:ppu|OAM_Search:oam_search|state.OAM_SORT                                          ; CLOCK3_50    ; CLOCK2_50   ; 10.000       ; -0.120     ; 3.658      ;
; 6.240   ; rst                                                   ; gameboy:dut|PPU_Wrapper:ppu|PPU_Mode_controller:mode_ctrl|mode[1]                                         ; CLOCK3_50    ; CLOCK2_50   ; 10.000       ; -0.120     ; 3.658      ;
; 6.240   ; rst                                                   ; gameboy:dut|PPU_Wrapper:ppu|Pixel_Gen:Pixel_Gen_inst|Render_Sprites:render_sprites_inst|sprite_done       ; CLOCK3_50    ; CLOCK2_50   ; 10.000       ; -0.120     ; 3.658      ;
; 6.240   ; rst                                                   ; gameboy:dut|PPU_Wrapper:ppu|PPU_Mode_controller:mode_ctrl|mode[0]                                         ; CLOCK3_50    ; CLOCK2_50   ; 10.000       ; -0.120     ; 3.658      ;
; 6.240   ; rst                                                   ; gameboy:dut|PPU_Wrapper:ppu|Pixel_Gen:Pixel_Gen_inst|Render_BG:render_bg_inst|state.BG_IDLE               ; CLOCK3_50    ; CLOCK2_50   ; 10.000       ; -0.120     ; 3.658      ;
; 6.254   ; rst                                                   ; gameboy:dut|PPU_Wrapper:ppu|Pixel_Gen:Pixel_Gen_inst|Render_BG:render_bg_inst|scx_latched[0]              ; CLOCK3_50    ; CLOCK2_50   ; 10.000       ; -0.119     ; 3.645      ;
; 6.254   ; rst                                                   ; gameboy:dut|PPU_Wrapper:ppu|Pixel_Gen:Pixel_Gen_inst|Render_BG:render_bg_inst|scx_latched[1]              ; CLOCK3_50    ; CLOCK2_50   ; 10.000       ; -0.119     ; 3.645      ;
; 6.254   ; rst                                                   ; gameboy:dut|PPU_Wrapper:ppu|Pixel_Gen:Pixel_Gen_inst|Render_BG:render_bg_inst|scx_latched[2]              ; CLOCK3_50    ; CLOCK2_50   ; 10.000       ; -0.119     ; 3.645      ;
; 6.254   ; rst                                                   ; gameboy:dut|PPU_Wrapper:ppu|Pixel_Gen:Pixel_Gen_inst|Render_BG:render_bg_inst|scx_latched[3]              ; CLOCK3_50    ; CLOCK2_50   ; 10.000       ; -0.119     ; 3.645      ;
; 6.254   ; rst                                                   ; gameboy:dut|PPU_Wrapper:ppu|Pixel_Gen:Pixel_Gen_inst|Render_BG:render_bg_inst|scx_latched[4]              ; CLOCK3_50    ; CLOCK2_50   ; 10.000       ; -0.119     ; 3.645      ;
; 6.254   ; rst                                                   ; gameboy:dut|PPU_Wrapper:ppu|Pixel_Gen:Pixel_Gen_inst|Render_BG:render_bg_inst|scx_latched[5]              ; CLOCK3_50    ; CLOCK2_50   ; 10.000       ; -0.119     ; 3.645      ;
; 6.254   ; rst                                                   ; gameboy:dut|PPU_Wrapper:ppu|Pixel_Gen:Pixel_Gen_inst|Render_BG:render_bg_inst|scx_latched[6]              ; CLOCK3_50    ; CLOCK2_50   ; 10.000       ; -0.119     ; 3.645      ;
; 6.254   ; rst                                                   ; gameboy:dut|PPU_Wrapper:ppu|Pixel_Gen:Pixel_Gen_inst|Render_BG:render_bg_inst|scx_latched[7]              ; CLOCK3_50    ; CLOCK2_50   ; 10.000       ; -0.119     ; 3.645      ;
; 6.360   ; rst                                                   ; gameboy:dut|PPU_Wrapper:ppu|PPU_Mode_controller:mode_ctrl|line[0]                                         ; CLOCK3_50    ; CLOCK2_50   ; 10.000       ; -0.114     ; 3.544      ;
; 6.360   ; rst                                                   ; gameboy:dut|PPU_Wrapper:ppu|PPU_Mode_controller:mode_ctrl|line[1]                                         ; CLOCK3_50    ; CLOCK2_50   ; 10.000       ; -0.114     ; 3.544      ;
; 6.360   ; rst                                                   ; gameboy:dut|PPU_Wrapper:ppu|PPU_Mode_controller:mode_ctrl|line[2]                                         ; CLOCK3_50    ; CLOCK2_50   ; 10.000       ; -0.114     ; 3.544      ;
; 6.360   ; rst                                                   ; gameboy:dut|PPU_Wrapper:ppu|PPU_Mode_controller:mode_ctrl|line[3]                                         ; CLOCK3_50    ; CLOCK2_50   ; 10.000       ; -0.114     ; 3.544      ;
; 6.360   ; rst                                                   ; gameboy:dut|PPU_Wrapper:ppu|PPU_Mode_controller:mode_ctrl|line[4]                                         ; CLOCK3_50    ; CLOCK2_50   ; 10.000       ; -0.114     ; 3.544      ;
; 6.360   ; rst                                                   ; gameboy:dut|PPU_Wrapper:ppu|PPU_Mode_controller:mode_ctrl|line[5]                                         ; CLOCK3_50    ; CLOCK2_50   ; 10.000       ; -0.114     ; 3.544      ;
; 6.360   ; rst                                                   ; gameboy:dut|PPU_Wrapper:ppu|PPU_Mode_controller:mode_ctrl|line[7]                                         ; CLOCK3_50    ; CLOCK2_50   ; 10.000       ; -0.114     ; 3.544      ;
; 6.360   ; rst                                                   ; gameboy:dut|PPU_Wrapper:ppu|PPU_Mode_controller:mode_ctrl|line[6]                                         ; CLOCK3_50    ; CLOCK2_50   ; 10.000       ; -0.114     ; 3.544      ;
; 6.772   ; rst                                                   ; gameboy:dut|PPU_Wrapper:ppu|OAM_Search:oam_search|oam_index[0]                                            ; CLOCK3_50    ; CLOCK2_50   ; 10.000       ; -0.116     ; 3.130      ;
; 6.772   ; rst                                                   ; gameboy:dut|PPU_Wrapper:ppu|OAM_Search:oam_search|oam_index[1]                                            ; CLOCK3_50    ; CLOCK2_50   ; 10.000       ; -0.116     ; 3.130      ;
; 6.772   ; rst                                                   ; gameboy:dut|PPU_Wrapper:ppu|OAM_Search:oam_search|oam_index[2]                                            ; CLOCK3_50    ; CLOCK2_50   ; 10.000       ; -0.116     ; 3.130      ;
; 6.772   ; rst                                                   ; gameboy:dut|PPU_Wrapper:ppu|OAM_Search:oam_search|oam_index[3]                                            ; CLOCK3_50    ; CLOCK2_50   ; 10.000       ; -0.116     ; 3.130      ;
; 6.772   ; rst                                                   ; gameboy:dut|PPU_Wrapper:ppu|OAM_Search:oam_search|oam_index[4]                                            ; CLOCK3_50    ; CLOCK2_50   ; 10.000       ; -0.116     ; 3.130      ;
; 6.772   ; rst                                                   ; gameboy:dut|PPU_Wrapper:ppu|OAM_Search:oam_search|oam_index[5]                                            ; CLOCK3_50    ; CLOCK2_50   ; 10.000       ; -0.116     ; 3.130      ;
; 6.772   ; rst                                                   ; gameboy:dut|PPU_Wrapper:ppu|OAM_Search:oam_search|state.OAM_FETCH                                         ; CLOCK3_50    ; CLOCK2_50   ; 10.000       ; -0.116     ; 3.130      ;
; 245.074 ; gameboy:dut|MMU:mmu|IO_handler:io_registers|LCDC_R[7] ; gameboy:dut|PPU_Wrapper:ppu|Pixel_Gen:Pixel_Gen_inst|Render_Sprites:render_sprites_inst|use_sprite        ; CLOCK2_50    ; CLOCK2_50   ; 250.000      ; -0.099     ; 4.825      ;
; 245.269 ; gameboy:dut|MMU:mmu|IO_handler:io_registers|LCDC_R[7] ; gameboy:dut|PPU_Wrapper:ppu|OAM_Search:oam_search|sort_j[2]                                               ; CLOCK2_50    ; CLOCK2_50   ; 250.000      ; -0.110     ; 4.619      ;
+---------+-------------------------------------------------------+-----------------------------------------------------------------------------------------------------------+--------------+-------------+--------------+------------+------------+


+----------------------------------------------------------------------------------------------------------------------------------------------------------------------------------------------------------------------------------------------+
; Slow 1200mV 85C Model Removal: 'CLOCK2_50'                                                                                                                                                                                                   ;
+-------+-------------------------------------------------------+--------------------------------------------------------------------------------------------------------+--------------+-------------+--------------+------------+------------+
; Slack ; From Node                                             ; To Node                                                                                                ; Launch Clock ; Latch Clock ; Relationship ; Clock Skew ; Data Delay ;
+-------+-------------------------------------------------------+--------------------------------------------------------------------------------------------------------+--------------+-------------+--------------+------------+------------+
; 2.583 ; rst                                                   ; gameboy:dut|PPU_Wrapper:ppu|OAM_Search:oam_search|oam_index[0]                                         ; CLOCK3_50    ; CLOCK2_50   ; 0.000        ; 0.106      ; 2.875      ;
; 2.583 ; rst                                                   ; gameboy:dut|PPU_Wrapper:ppu|OAM_Search:oam_search|oam_index[1]                                         ; CLOCK3_50    ; CLOCK2_50   ; 0.000        ; 0.106      ; 2.875      ;
; 2.583 ; rst                                                   ; gameboy:dut|PPU_Wrapper:ppu|OAM_Search:oam_search|oam_index[2]                                         ; CLOCK3_50    ; CLOCK2_50   ; 0.000        ; 0.106      ; 2.875      ;
; 2.583 ; rst                                                   ; gameboy:dut|PPU_Wrapper:ppu|OAM_Search:oam_search|oam_index[3]                                         ; CLOCK3_50    ; CLOCK2_50   ; 0.000        ; 0.106      ; 2.875      ;
; 2.583 ; rst                                                   ; gameboy:dut|PPU_Wrapper:ppu|OAM_Search:oam_search|oam_index[4]                                         ; CLOCK3_50    ; CLOCK2_50   ; 0.000        ; 0.106      ; 2.875      ;
; 2.583 ; rst                                                   ; gameboy:dut|PPU_Wrapper:ppu|OAM_Search:oam_search|oam_index[5]                                         ; CLOCK3_50    ; CLOCK2_50   ; 0.000        ; 0.106      ; 2.875      ;
; 2.583 ; rst                                                   ; gameboy:dut|PPU_Wrapper:ppu|OAM_Search:oam_search|state.OAM_FETCH                                      ; CLOCK3_50    ; CLOCK2_50   ; 0.000        ; 0.106      ; 2.875      ;
; 2.980 ; gameboy:dut|MMU:mmu|IO_handler:io_registers|LCDC_R[7] ; gameboy:dut|PPU_Wrapper:ppu|OAM_Search:oam_search|oam_index[5]                                         ; CLOCK2_50    ; CLOCK2_50   ; 0.000        ; 0.068      ; 3.234      ;
; 2.980 ; gameboy:dut|MMU:mmu|IO_handler:io_registers|LCDC_R[7] ; gameboy:dut|PPU_Wrapper:ppu|OAM_Search:oam_search|oam_index[4]                                         ; CLOCK2_50    ; CLOCK2_50   ; 0.000        ; 0.068      ; 3.234      ;
; 2.980 ; gameboy:dut|MMU:mmu|IO_handler:io_registers|LCDC_R[7] ; gameboy:dut|PPU_Wrapper:ppu|OAM_Search:oam_search|oam_index[0]                                         ; CLOCK2_50    ; CLOCK2_50   ; 0.000        ; 0.068      ; 3.234      ;
; 2.980 ; gameboy:dut|MMU:mmu|IO_handler:io_registers|LCDC_R[7] ; gameboy:dut|PPU_Wrapper:ppu|OAM_Search:oam_search|oam_index[1]                                         ; CLOCK2_50    ; CLOCK2_50   ; 0.000        ; 0.068      ; 3.234      ;
; 2.980 ; gameboy:dut|MMU:mmu|IO_handler:io_registers|LCDC_R[7] ; gameboy:dut|PPU_Wrapper:ppu|OAM_Search:oam_search|oam_index[2]                                         ; CLOCK2_50    ; CLOCK2_50   ; 0.000        ; 0.068      ; 3.234      ;
; 2.980 ; gameboy:dut|MMU:mmu|IO_handler:io_registers|LCDC_R[7] ; gameboy:dut|PPU_Wrapper:ppu|OAM_Search:oam_search|oam_index[3]                                         ; CLOCK2_50    ; CLOCK2_50   ; 0.000        ; 0.068      ; 3.234      ;
; 2.980 ; gameboy:dut|MMU:mmu|IO_handler:io_registers|LCDC_R[7] ; gameboy:dut|PPU_Wrapper:ppu|OAM_Search:oam_search|state.OAM_FETCH                                      ; CLOCK2_50    ; CLOCK2_50   ; 0.000        ; 0.068      ; 3.234      ;
; 3.019 ; rst                                                   ; gameboy:dut|PPU_Wrapper:ppu|PPU_Mode_controller:mode_ctrl|line[0]                                      ; CLOCK3_50    ; CLOCK2_50   ; 0.000        ; 0.108      ; 3.313      ;
; 3.019 ; rst                                                   ; gameboy:dut|PPU_Wrapper:ppu|PPU_Mode_controller:mode_ctrl|line[1]                                      ; CLOCK3_50    ; CLOCK2_50   ; 0.000        ; 0.108      ; 3.313      ;
; 3.019 ; rst                                                   ; gameboy:dut|PPU_Wrapper:ppu|PPU_Mode_controller:mode_ctrl|line[2]                                      ; CLOCK3_50    ; CLOCK2_50   ; 0.000        ; 0.108      ; 3.313      ;
; 3.019 ; rst                                                   ; gameboy:dut|PPU_Wrapper:ppu|PPU_Mode_controller:mode_ctrl|line[3]                                      ; CLOCK3_50    ; CLOCK2_50   ; 0.000        ; 0.108      ; 3.313      ;
; 3.019 ; rst                                                   ; gameboy:dut|PPU_Wrapper:ppu|PPU_Mode_controller:mode_ctrl|line[4]                                      ; CLOCK3_50    ; CLOCK2_50   ; 0.000        ; 0.108      ; 3.313      ;
; 3.019 ; rst                                                   ; gameboy:dut|PPU_Wrapper:ppu|PPU_Mode_controller:mode_ctrl|line[5]                                      ; CLOCK3_50    ; CLOCK2_50   ; 0.000        ; 0.108      ; 3.313      ;
; 3.019 ; rst                                                   ; gameboy:dut|PPU_Wrapper:ppu|PPU_Mode_controller:mode_ctrl|line[7]                                      ; CLOCK3_50    ; CLOCK2_50   ; 0.000        ; 0.108      ; 3.313      ;
; 3.019 ; rst                                                   ; gameboy:dut|PPU_Wrapper:ppu|PPU_Mode_controller:mode_ctrl|line[6]                                      ; CLOCK3_50    ; CLOCK2_50   ; 0.000        ; 0.108      ; 3.313      ;
; 3.090 ; rst                                                   ; gameboy:dut|PPU_Wrapper:ppu|Pixel_Gen:Pixel_Gen_inst|Render_BG:render_bg_inst|scx_latched[0]           ; CLOCK3_50    ; CLOCK2_50   ; 0.000        ; 0.103      ; 3.379      ;
; 3.090 ; rst                                                   ; gameboy:dut|PPU_Wrapper:ppu|Pixel_Gen:Pixel_Gen_inst|Render_BG:render_bg_inst|scx_latched[1]           ; CLOCK3_50    ; CLOCK2_50   ; 0.000        ; 0.103      ; 3.379      ;
; 3.090 ; rst                                                   ; gameboy:dut|PPU_Wrapper:ppu|Pixel_Gen:Pixel_Gen_inst|Render_BG:render_bg_inst|scx_latched[2]           ; CLOCK3_50    ; CLOCK2_50   ; 0.000        ; 0.103      ; 3.379      ;
; 3.090 ; rst                                                   ; gameboy:dut|PPU_Wrapper:ppu|Pixel_Gen:Pixel_Gen_inst|Render_BG:render_bg_inst|scx_latched[3]           ; CLOCK3_50    ; CLOCK2_50   ; 0.000        ; 0.103      ; 3.379      ;
; 3.090 ; rst                                                   ; gameboy:dut|PPU_Wrapper:ppu|Pixel_Gen:Pixel_Gen_inst|Render_BG:render_bg_inst|scx_latched[4]           ; CLOCK3_50    ; CLOCK2_50   ; 0.000        ; 0.103      ; 3.379      ;
; 3.090 ; rst                                                   ; gameboy:dut|PPU_Wrapper:ppu|Pixel_Gen:Pixel_Gen_inst|Render_BG:render_bg_inst|scx_latched[5]           ; CLOCK3_50    ; CLOCK2_50   ; 0.000        ; 0.103      ; 3.379      ;
; 3.090 ; rst                                                   ; gameboy:dut|PPU_Wrapper:ppu|Pixel_Gen:Pixel_Gen_inst|Render_BG:render_bg_inst|scx_latched[6]           ; CLOCK3_50    ; CLOCK2_50   ; 0.000        ; 0.103      ; 3.379      ;
; 3.090 ; rst                                                   ; gameboy:dut|PPU_Wrapper:ppu|Pixel_Gen:Pixel_Gen_inst|Render_BG:render_bg_inst|scx_latched[7]           ; CLOCK3_50    ; CLOCK2_50   ; 0.000        ; 0.103      ; 3.379      ;
; 3.103 ; rst                                                   ; gameboy:dut|PPU_Wrapper:ppu|Pixel_Gen:Pixel_Gen_inst|FIFO:bg_fifo_inst|count[0]                        ; CLOCK3_50    ; CLOCK2_50   ; 0.000        ; 0.107      ; 3.396      ;
; 3.103 ; rst                                                   ; gameboy:dut|PPU_Wrapper:ppu|Pixel_Gen:Pixel_Gen_inst|FIFO:bg_fifo_inst|count[1]                        ; CLOCK3_50    ; CLOCK2_50   ; 0.000        ; 0.107      ; 3.396      ;
; 3.103 ; rst                                                   ; gameboy:dut|PPU_Wrapper:ppu|Pixel_Gen:Pixel_Gen_inst|FIFO:bg_fifo_inst|count[2]                        ; CLOCK3_50    ; CLOCK2_50   ; 0.000        ; 0.107      ; 3.396      ;
; 3.103 ; rst                                                   ; gameboy:dut|PPU_Wrapper:ppu|Pixel_Gen:Pixel_Gen_inst|FIFO:bg_fifo_inst|count[3]                        ; CLOCK3_50    ; CLOCK2_50   ; 0.000        ; 0.107      ; 3.396      ;
; 3.103 ; rst                                                   ; gameboy:dut|PPU_Wrapper:ppu|Pixel_Gen:Pixel_Gen_inst|FIFO:bg_fifo_inst|count[4]                        ; CLOCK3_50    ; CLOCK2_50   ; 0.000        ; 0.107      ; 3.396      ;
; 3.114 ; rst                                                   ; gameboy:dut|PPU_Wrapper:ppu|PPU_Mode_controller:mode_ctrl|fifo_clear                                   ; CLOCK3_50    ; CLOCK2_50   ; 0.000        ; 0.102      ; 3.402      ;
; 3.114 ; rst                                                   ; gameboy:dut|PPU_Wrapper:ppu|Pixel_Gen:Pixel_Gen_inst|Render_BG:render_bg_inst|bg_done                  ; CLOCK3_50    ; CLOCK2_50   ; 0.000        ; 0.102      ; 3.402      ;
; 3.114 ; rst                                                   ; gameboy:dut|PPU_Wrapper:ppu|Pixel_Gen:Pixel_Gen_inst|Render_Sprites:render_sprites_inst|state.IDLE     ; CLOCK3_50    ; CLOCK2_50   ; 0.000        ; 0.102      ; 3.402      ;
; 3.114 ; rst                                                   ; gameboy:dut|PPU_Wrapper:ppu|OAM_Search:oam_search|state.OAM_DONE                                       ; CLOCK3_50    ; CLOCK2_50   ; 0.000        ; 0.102      ; 3.402      ;
; 3.114 ; rst                                                   ; gameboy:dut|PPU_Wrapper:ppu|OAM_Search:oam_search|state.OAM_IDLE                                       ; CLOCK3_50    ; CLOCK2_50   ; 0.000        ; 0.102      ; 3.402      ;
; 3.114 ; rst                                                   ; gameboy:dut|PPU_Wrapper:ppu|OAM_Search:oam_search|state.OAM_SORT                                       ; CLOCK3_50    ; CLOCK2_50   ; 0.000        ; 0.102      ; 3.402      ;
; 3.114 ; rst                                                   ; gameboy:dut|PPU_Wrapper:ppu|PPU_Mode_controller:mode_ctrl|mode[1]                                      ; CLOCK3_50    ; CLOCK2_50   ; 0.000        ; 0.102      ; 3.402      ;
; 3.114 ; rst                                                   ; gameboy:dut|PPU_Wrapper:ppu|Pixel_Gen:Pixel_Gen_inst|Render_Sprites:render_sprites_inst|sprite_done    ; CLOCK3_50    ; CLOCK2_50   ; 0.000        ; 0.102      ; 3.402      ;
; 3.114 ; rst                                                   ; gameboy:dut|PPU_Wrapper:ppu|PPU_Mode_controller:mode_ctrl|mode[0]                                      ; CLOCK3_50    ; CLOCK2_50   ; 0.000        ; 0.102      ; 3.402      ;
; 3.114 ; rst                                                   ; gameboy:dut|PPU_Wrapper:ppu|Pixel_Gen:Pixel_Gen_inst|Render_BG:render_bg_inst|state.BG_IDLE            ; CLOCK3_50    ; CLOCK2_50   ; 0.000        ; 0.102      ; 3.402      ;
; 3.129 ; rst                                                   ; gameboy:dut|PPU_Wrapper:ppu|Pixel_Gen:Pixel_Gen_inst|Render_BG:render_bg_inst|push_bg                  ; CLOCK3_50    ; CLOCK2_50   ; 0.000        ; 0.107      ; 3.422      ;
; 3.129 ; rst                                                   ; gameboy:dut|PPU_Wrapper:ppu|Pixel_Mixer:pixel_mixer_inst|pixel_out_valid                               ; CLOCK3_50    ; CLOCK2_50   ; 0.000        ; 0.107      ; 3.422      ;
; 3.151 ; rst                                                   ; gameboy:dut|PPU_Wrapper:ppu|OAM_Search:oam_search|selected_count[1]                                    ; CLOCK3_50    ; CLOCK2_50   ; 0.000        ; 0.097      ; 3.434      ;
; 3.151 ; rst                                                   ; gameboy:dut|PPU_Wrapper:ppu|OAM_Search:oam_search|selected_count[2]                                    ; CLOCK3_50    ; CLOCK2_50   ; 0.000        ; 0.097      ; 3.434      ;
; 3.151 ; rst                                                   ; gameboy:dut|PPU_Wrapper:ppu|OAM_Search:oam_search|selected_count[0]                                    ; CLOCK3_50    ; CLOCK2_50   ; 0.000        ; 0.097      ; 3.434      ;
; 3.151 ; rst                                                   ; gameboy:dut|PPU_Wrapper:ppu|OAM_Search:oam_search|selected_count[3]                                    ; CLOCK3_50    ; CLOCK2_50   ; 0.000        ; 0.097      ; 3.434      ;
; 3.157 ; rst                                                   ; gameboy:dut|PPU_Wrapper:ppu|Pixel_Gen:Pixel_Gen_inst|Render_BG:render_bg_inst|pixel_total[3]           ; CLOCK3_50    ; CLOCK2_50   ; 0.000        ; 0.103      ; 3.446      ;
; 3.157 ; rst                                                   ; gameboy:dut|PPU_Wrapper:ppu|Pixel_Gen:Pixel_Gen_inst|Render_BG:render_bg_inst|pixel_total[4]           ; CLOCK3_50    ; CLOCK2_50   ; 0.000        ; 0.103      ; 3.446      ;
; 3.157 ; rst                                                   ; gameboy:dut|PPU_Wrapper:ppu|Pixel_Gen:Pixel_Gen_inst|Render_BG:render_bg_inst|pixel_total[5]           ; CLOCK3_50    ; CLOCK2_50   ; 0.000        ; 0.103      ; 3.446      ;
; 3.157 ; rst                                                   ; gameboy:dut|PPU_Wrapper:ppu|Pixel_Gen:Pixel_Gen_inst|Render_BG:render_bg_inst|pixel_total[6]           ; CLOCK3_50    ; CLOCK2_50   ; 0.000        ; 0.103      ; 3.446      ;
; 3.157 ; rst                                                   ; gameboy:dut|PPU_Wrapper:ppu|Pixel_Gen:Pixel_Gen_inst|Render_BG:render_bg_inst|pixel_total[7]           ; CLOCK3_50    ; CLOCK2_50   ; 0.000        ; 0.103      ; 3.446      ;
; 3.157 ; rst                                                   ; gameboy:dut|PPU_Wrapper:ppu|Pixel_Gen:Pixel_Gen_inst|Render_BG:render_bg_inst|state.BG_DONE            ; CLOCK3_50    ; CLOCK2_50   ; 0.000        ; 0.103      ; 3.446      ;
; 3.352 ; rst                                                   ; gameboy:dut|PPU_Wrapper:ppu|PPU_Mode_controller:mode_ctrl|dot[0]                                       ; CLOCK3_50    ; CLOCK2_50   ; 0.000        ; 0.103      ; 3.641      ;
; 3.352 ; rst                                                   ; gameboy:dut|PPU_Wrapper:ppu|PPU_Mode_controller:mode_ctrl|dot[6]                                       ; CLOCK3_50    ; CLOCK2_50   ; 0.000        ; 0.103      ; 3.641      ;
; 3.352 ; rst                                                   ; gameboy:dut|PPU_Wrapper:ppu|PPU_Mode_controller:mode_ctrl|dot[7]                                       ; CLOCK3_50    ; CLOCK2_50   ; 0.000        ; 0.103      ; 3.641      ;
; 3.352 ; rst                                                   ; gameboy:dut|PPU_Wrapper:ppu|PPU_Mode_controller:mode_ctrl|dot[8]                                       ; CLOCK3_50    ; CLOCK2_50   ; 0.000        ; 0.103      ; 3.641      ;
; 3.352 ; rst                                                   ; gameboy:dut|PPU_Wrapper:ppu|PPU_Mode_controller:mode_ctrl|dot[2]                                       ; CLOCK3_50    ; CLOCK2_50   ; 0.000        ; 0.103      ; 3.641      ;
; 3.352 ; rst                                                   ; gameboy:dut|PPU_Wrapper:ppu|PPU_Mode_controller:mode_ctrl|dot[3]                                       ; CLOCK3_50    ; CLOCK2_50   ; 0.000        ; 0.103      ; 3.641      ;
; 3.352 ; rst                                                   ; gameboy:dut|PPU_Wrapper:ppu|PPU_Mode_controller:mode_ctrl|dot[1]                                       ; CLOCK3_50    ; CLOCK2_50   ; 0.000        ; 0.103      ; 3.641      ;
; 3.352 ; rst                                                   ; gameboy:dut|PPU_Wrapper:ppu|PPU_Mode_controller:mode_ctrl|dot[5]                                       ; CLOCK3_50    ; CLOCK2_50   ; 0.000        ; 0.103      ; 3.641      ;
; 3.352 ; rst                                                   ; gameboy:dut|PPU_Wrapper:ppu|PPU_Mode_controller:mode_ctrl|dot[4]                                       ; CLOCK3_50    ; CLOCK2_50   ; 0.000        ; 0.103      ; 3.641      ;
; 3.376 ; gameboy:dut|MMU:mmu|IO_handler:io_registers|LCDC_R[7] ; gameboy:dut|PPU_Wrapper:ppu|PPU_Mode_controller:mode_ctrl|line[6]                                      ; CLOCK2_50    ; CLOCK2_50   ; 0.000        ; 0.070      ; 3.632      ;
; 3.376 ; gameboy:dut|MMU:mmu|IO_handler:io_registers|LCDC_R[7] ; gameboy:dut|PPU_Wrapper:ppu|PPU_Mode_controller:mode_ctrl|line[1]                                      ; CLOCK2_50    ; CLOCK2_50   ; 0.000        ; 0.070      ; 3.632      ;
; 3.376 ; gameboy:dut|MMU:mmu|IO_handler:io_registers|LCDC_R[7] ; gameboy:dut|PPU_Wrapper:ppu|PPU_Mode_controller:mode_ctrl|line[0]                                      ; CLOCK2_50    ; CLOCK2_50   ; 0.000        ; 0.070      ; 3.632      ;
; 3.376 ; gameboy:dut|MMU:mmu|IO_handler:io_registers|LCDC_R[7] ; gameboy:dut|PPU_Wrapper:ppu|PPU_Mode_controller:mode_ctrl|line[2]                                      ; CLOCK2_50    ; CLOCK2_50   ; 0.000        ; 0.070      ; 3.632      ;
; 3.376 ; gameboy:dut|MMU:mmu|IO_handler:io_registers|LCDC_R[7] ; gameboy:dut|PPU_Wrapper:ppu|PPU_Mode_controller:mode_ctrl|line[4]                                      ; CLOCK2_50    ; CLOCK2_50   ; 0.000        ; 0.070      ; 3.632      ;
; 3.376 ; gameboy:dut|MMU:mmu|IO_handler:io_registers|LCDC_R[7] ; gameboy:dut|PPU_Wrapper:ppu|PPU_Mode_controller:mode_ctrl|line[3]                                      ; CLOCK2_50    ; CLOCK2_50   ; 0.000        ; 0.070      ; 3.632      ;
; 3.376 ; gameboy:dut|MMU:mmu|IO_handler:io_registers|LCDC_R[7] ; gameboy:dut|PPU_Wrapper:ppu|PPU_Mode_controller:mode_ctrl|line[7]                                      ; CLOCK2_50    ; CLOCK2_50   ; 0.000        ; 0.070      ; 3.632      ;
; 3.376 ; gameboy:dut|MMU:mmu|IO_handler:io_registers|LCDC_R[7] ; gameboy:dut|PPU_Wrapper:ppu|PPU_Mode_controller:mode_ctrl|line[5]                                      ; CLOCK2_50    ; CLOCK2_50   ; 0.000        ; 0.070      ; 3.632      ;
; 3.385 ; rst                                                   ; gameboy:dut|PPU_Wrapper:ppu|Pixel_Gen:Pixel_Gen_inst|Render_BG:render_bg_inst|pixel_index[0]           ; CLOCK3_50    ; CLOCK2_50   ; 0.000        ; 0.103      ; 3.674      ;
; 3.385 ; rst                                                   ; gameboy:dut|PPU_Wrapper:ppu|Pixel_Gen:Pixel_Gen_inst|Render_BG:render_bg_inst|pixel_index[1]           ; CLOCK3_50    ; CLOCK2_50   ; 0.000        ; 0.103      ; 3.674      ;
; 3.385 ; rst                                                   ; gameboy:dut|PPU_Wrapper:ppu|Pixel_Gen:Pixel_Gen_inst|Render_BG:render_bg_inst|pixel_index[2]           ; CLOCK3_50    ; CLOCK2_50   ; 0.000        ; 0.103      ; 3.674      ;
; 3.385 ; rst                                                   ; gameboy:dut|PPU_Wrapper:ppu|Pixel_Gen:Pixel_Gen_inst|Render_BG:render_bg_inst|state.BG_FETCH_TILE      ; CLOCK3_50    ; CLOCK2_50   ; 0.000        ; 0.103      ; 3.674      ;
; 3.385 ; rst                                                   ; gameboy:dut|PPU_Wrapper:ppu|Pixel_Gen:Pixel_Gen_inst|Render_BG:render_bg_inst|state.BG_FETCH_TILE_MAP  ; CLOCK3_50    ; CLOCK2_50   ; 0.000        ; 0.103      ; 3.674      ;
; 3.385 ; rst                                                   ; gameboy:dut|PPU_Wrapper:ppu|Pixel_Gen:Pixel_Gen_inst|Render_BG:render_bg_inst|state.BG_FETCH_TILE_DATA ; CLOCK3_50    ; CLOCK2_50   ; 0.000        ; 0.103      ; 3.674      ;
; 3.385 ; rst                                                   ; gameboy:dut|PPU_Wrapper:ppu|Pixel_Gen:Pixel_Gen_inst|Render_BG:render_bg_inst|state.BG_PROCESS_PIXELS  ; CLOCK3_50    ; CLOCK2_50   ; 0.000        ; 0.103      ; 3.674      ;
; 3.477 ; gameboy:dut|MMU:mmu|IO_handler:io_registers|LCDC_R[7] ; gameboy:dut|PPU_Wrapper:ppu|Pixel_Gen:Pixel_Gen_inst|Render_BG:render_bg_inst|scx_latched[0]           ; CLOCK2_50    ; CLOCK2_50   ; 0.000        ; 0.065      ; 3.728      ;
; 3.477 ; gameboy:dut|MMU:mmu|IO_handler:io_registers|LCDC_R[7] ; gameboy:dut|PPU_Wrapper:ppu|Pixel_Gen:Pixel_Gen_inst|Render_BG:render_bg_inst|scx_latched[1]           ; CLOCK2_50    ; CLOCK2_50   ; 0.000        ; 0.065      ; 3.728      ;
; 3.477 ; gameboy:dut|MMU:mmu|IO_handler:io_registers|LCDC_R[7] ; gameboy:dut|PPU_Wrapper:ppu|Pixel_Gen:Pixel_Gen_inst|Render_BG:render_bg_inst|scx_latched[2]           ; CLOCK2_50    ; CLOCK2_50   ; 0.000        ; 0.065      ; 3.728      ;
; 3.477 ; gameboy:dut|MMU:mmu|IO_handler:io_registers|LCDC_R[7] ; gameboy:dut|PPU_Wrapper:ppu|Pixel_Gen:Pixel_Gen_inst|Render_BG:render_bg_inst|scx_latched[3]           ; CLOCK2_50    ; CLOCK2_50   ; 0.000        ; 0.065      ; 3.728      ;
; 3.477 ; gameboy:dut|MMU:mmu|IO_handler:io_registers|LCDC_R[7] ; gameboy:dut|PPU_Wrapper:ppu|Pixel_Gen:Pixel_Gen_inst|Render_BG:render_bg_inst|scx_latched[4]           ; CLOCK2_50    ; CLOCK2_50   ; 0.000        ; 0.065      ; 3.728      ;
; 3.477 ; gameboy:dut|MMU:mmu|IO_handler:io_registers|LCDC_R[7] ; gameboy:dut|PPU_Wrapper:ppu|Pixel_Gen:Pixel_Gen_inst|Render_BG:render_bg_inst|scx_latched[5]           ; CLOCK2_50    ; CLOCK2_50   ; 0.000        ; 0.065      ; 3.728      ;
; 3.477 ; gameboy:dut|MMU:mmu|IO_handler:io_registers|LCDC_R[7] ; gameboy:dut|PPU_Wrapper:ppu|Pixel_Gen:Pixel_Gen_inst|Render_BG:render_bg_inst|scx_latched[6]           ; CLOCK2_50    ; CLOCK2_50   ; 0.000        ; 0.065      ; 3.728      ;
; 3.477 ; gameboy:dut|MMU:mmu|IO_handler:io_registers|LCDC_R[7] ; gameboy:dut|PPU_Wrapper:ppu|Pixel_Gen:Pixel_Gen_inst|Render_BG:render_bg_inst|scx_latched[7]           ; CLOCK2_50    ; CLOCK2_50   ; 0.000        ; 0.065      ; 3.728      ;
; 3.491 ; gameboy:dut|MMU:mmu|IO_handler:io_registers|LCDC_R[7] ; gameboy:dut|PPU_Wrapper:ppu|Pixel_Gen:Pixel_Gen_inst|Render_BG:render_bg_inst|state.BG_IDLE            ; CLOCK2_50    ; CLOCK2_50   ; 0.000        ; 0.064      ; 3.741      ;
; 3.491 ; gameboy:dut|MMU:mmu|IO_handler:io_registers|LCDC_R[7] ; gameboy:dut|PPU_Wrapper:ppu|OAM_Search:oam_search|state.OAM_IDLE                                       ; CLOCK2_50    ; CLOCK2_50   ; 0.000        ; 0.064      ; 3.741      ;
; 3.491 ; gameboy:dut|MMU:mmu|IO_handler:io_registers|LCDC_R[7] ; gameboy:dut|PPU_Wrapper:ppu|PPU_Mode_controller:mode_ctrl|fifo_clear                                   ; CLOCK2_50    ; CLOCK2_50   ; 0.000        ; 0.064      ; 3.741      ;
; 3.491 ; gameboy:dut|MMU:mmu|IO_handler:io_registers|LCDC_R[7] ; gameboy:dut|PPU_Wrapper:ppu|PPU_Mode_controller:mode_ctrl|mode[0]                                      ; CLOCK2_50    ; CLOCK2_50   ; 0.000        ; 0.064      ; 3.741      ;
; 3.491 ; gameboy:dut|MMU:mmu|IO_handler:io_registers|LCDC_R[7] ; gameboy:dut|PPU_Wrapper:ppu|PPU_Mode_controller:mode_ctrl|mode[1]                                      ; CLOCK2_50    ; CLOCK2_50   ; 0.000        ; 0.064      ; 3.741      ;
; 3.491 ; gameboy:dut|MMU:mmu|IO_handler:io_registers|LCDC_R[7] ; gameboy:dut|PPU_Wrapper:ppu|Pixel_Gen:Pixel_Gen_inst|Render_Sprites:render_sprites_inst|state.IDLE     ; CLOCK2_50    ; CLOCK2_50   ; 0.000        ; 0.064      ; 3.741      ;
; 3.491 ; gameboy:dut|MMU:mmu|IO_handler:io_registers|LCDC_R[7] ; gameboy:dut|PPU_Wrapper:ppu|Pixel_Gen:Pixel_Gen_inst|Render_BG:render_bg_inst|bg_done                  ; CLOCK2_50    ; CLOCK2_50   ; 0.000        ; 0.064      ; 3.741      ;
; 3.491 ; gameboy:dut|MMU:mmu|IO_handler:io_registers|LCDC_R[7] ; gameboy:dut|PPU_Wrapper:ppu|OAM_Search:oam_search|state.OAM_DONE                                       ; CLOCK2_50    ; CLOCK2_50   ; 0.000        ; 0.064      ; 3.741      ;
; 3.491 ; gameboy:dut|MMU:mmu|IO_handler:io_registers|LCDC_R[7] ; gameboy:dut|PPU_Wrapper:ppu|OAM_Search:oam_search|state.OAM_SORT                                       ; CLOCK2_50    ; CLOCK2_50   ; 0.000        ; 0.064      ; 3.741      ;
; 3.491 ; gameboy:dut|MMU:mmu|IO_handler:io_registers|LCDC_R[7] ; gameboy:dut|PPU_Wrapper:ppu|Pixel_Gen:Pixel_Gen_inst|Render_Sprites:render_sprites_inst|sprite_done    ; CLOCK2_50    ; CLOCK2_50   ; 0.000        ; 0.064      ; 3.741      ;
; 3.492 ; gameboy:dut|MMU:mmu|IO_handler:io_registers|LCDC_R[7] ; gameboy:dut|PPU_Wrapper:ppu|Pixel_Gen:Pixel_Gen_inst|FIFO:bg_fifo_inst|count[4]                        ; CLOCK2_50    ; CLOCK2_50   ; 0.000        ; 0.069      ; 3.747      ;
+-------+-------------------------------------------------------+--------------------------------------------------------------------------------------------------------+--------------+-------------+--------------+------------+------------+


-----------------------------------------------
; Slow 1200mV 85C Model Metastability Summary ;
-----------------------------------------------
The design MTBF is not calculated because there are no specified synchronizers in the design.
Number of Synchronizer Chains Found: 49
Shortest Synchronizer Chain: 2 Registers
Fraction of Chains for which MTBFs Could Not be Calculated: 1.000
Worst Case Available Settling Time: 196.639 ns




+-----------------------------------------------------------------------------------------------------------+
; Slow 1200mV 0C Model Fmax Summary                                                                         ;
+------------+-----------------+------------+---------------------------------------------------------------+
; Fmax       ; Restricted Fmax ; Clock Name ; Note                                                          ;
+------------+-----------------+------------+---------------------------------------------------------------+
; 19.83 MHz  ; 19.83 MHz       ; CLOCK2_50  ;                                                               ;
; 26.36 MHz  ; 26.36 MHz       ; CLOCK_50   ;                                                               ;
; 259.07 MHz ; 250.0 MHz       ; CLOCK3_50  ; limit due to minimum period restriction (max I/O toggle rate) ;
+------------+-----------------+------------+---------------------------------------------------------------+
This panel reports FMAX for every clock in the design, regardless of the user-specified clock periods.  FMAX is only computed for paths where the source and destination registers or ports are driven by the same clock.  Paths of different clocks, including generated clocks, are ignored.  For paths between a clock and its inversion, FMAX is computed as if the rising and falling edges are scaled along with FMAX, such that the duty cycle (in terms of a percentage) is maintained. Altera recommends that you always use clock constraints and other slack reports for sign-off analysis.


+------------------------------------+
; Slow 1200mV 0C Model Setup Summary ;
+-----------+--------+---------------+
; Clock     ; Slack  ; End Point TNS ;
+-----------+--------+---------------+
; CLOCK_50  ; 2.010  ; 0.000         ;
; CLOCK2_50 ; 4.150  ; 0.000         ;
; CLOCK3_50 ; 16.140 ; 0.000         ;
+-----------+--------+---------------+


+-----------------------------------+
; Slow 1200mV 0C Model Hold Summary ;
+-----------+-------+---------------+
; Clock     ; Slack ; End Point TNS ;
+-----------+-------+---------------+
; CLOCK2_50 ; 0.353 ; 0.000         ;
; CLOCK_50  ; 0.353 ; 0.000         ;
; CLOCK3_50 ; 0.586 ; 0.000         ;
+-----------+-------+---------------+


+---------------------------------------+
; Slow 1200mV 0C Model Recovery Summary ;
+-----------+-------+-------------------+
; Clock     ; Slack ; End Point TNS     ;
+-----------+-------+-------------------+
; CLOCK2_50 ; 5.751 ; 0.000             ;
+-----------+-------+-------------------+


+--------------------------------------+
; Slow 1200mV 0C Model Removal Summary ;
+-----------+-------+------------------+
; Clock     ; Slack ; End Point TNS    ;
+-----------+-------+------------------+
; CLOCK2_50 ; 2.365 ; 0.000            ;
+-----------+-------+------------------+


+--------------------------------------------------+
; Slow 1200mV 0C Model Minimum Pulse Width Summary ;
+-----------+---------+----------------------------+
; Clock     ; Slack   ; End Point TNS              ;
+-----------+---------+----------------------------+
; CLOCK3_50 ; 9.781   ; 0.000                      ;
; CLOCK_50  ; 62.146  ; 0.000                      ;
; CLOCK2_50 ; 124.779 ; 0.000                      ;
+-----------+---------+----------------------------+


+------------------------------------------------------------------------------------------------------------------------------------------------------------------------------------------------------------------------------------------------------------------------------------------------------------------------------------------------------+
; Slow 1200mV 0C Model Setup: 'CLOCK_50'                                                                                                                                                                                                                                                                                                               ;
+--------+----------------------------------------------------------------------------------------------------+------------------------------------------------------------------------------------------------------------------------------------------------------------------+--------------+-------------+--------------+------------+------------+
; Slack  ; From Node                                                                                          ; To Node                                                                                                                                                          ; Launch Clock ; Latch Clock ; Relationship ; Clock Skew ; Data Delay ;
+--------+----------------------------------------------------------------------------------------------------+------------------------------------------------------------------------------------------------------------------------------------------------------------------+--------------+-------------+--------------+------------+------------+
; 2.010  ; rst                                                                                                ; gameboy:dut|MMU:mmu|BRAM_handler:memory_units|MM_out_chooser:memory_out_muxer|cpu_select[0]                                                                      ; CLOCK3_50    ; CLOCK_50    ; 5.000        ; -0.018     ; 2.991      ;
; 2.150  ; rst                                                                                                ; gameboy:dut|MMU:mmu|BRAM_handler:memory_units|MM_out_chooser:memory_out_muxer|cpu_select[2]                                                                      ; CLOCK3_50    ; CLOCK_50    ; 5.000        ; -0.018     ; 2.851      ;
; 2.279  ; rst                                                                                                ; gameboy:dut|MMU:mmu|BRAM_handler:memory_units|MM_out_chooser:memory_out_muxer|dma_select[0]                                                                      ; CLOCK3_50    ; CLOCK_50    ; 5.000        ; -0.018     ; 2.722      ;
; 2.279  ; rst                                                                                                ; gameboy:dut|MMU:mmu|BRAM_handler:memory_units|MM_out_chooser:memory_out_muxer|dma_select[2]                                                                      ; CLOCK3_50    ; CLOCK_50    ; 5.000        ; -0.018     ; 2.722      ;
; 2.523  ; rst                                                                                                ; gameboy:dut|MMU:mmu|BRAM_handler:memory_units|MM_out_chooser:memory_out_muxer|cpu_select[3]                                                                      ; CLOCK3_50    ; CLOCK_50    ; 5.000        ; -0.016     ; 2.480      ;
; 2.743  ; rst                                                                                                ; gameboy:dut|MMU:mmu|BRAM_handler:memory_units|MM_out_chooser:memory_out_muxer|ppu_select[2]                                                                      ; CLOCK3_50    ; CLOCK_50    ; 5.000        ; -0.018     ; 2.258      ;
; 2.755  ; rst                                                                                                ; gameboy:dut|MMU:mmu|BRAM_handler:memory_units|MM_out_chooser:memory_out_muxer|dma_select[1]                                                                      ; CLOCK3_50    ; CLOCK_50    ; 5.000        ; -0.018     ; 2.246      ;
; 2.755  ; rst                                                                                                ; gameboy:dut|MMU:mmu|BRAM_handler:memory_units|MM_out_chooser:memory_out_muxer|ppu_select[0]                                                                      ; CLOCK3_50    ; CLOCK_50    ; 5.000        ; -0.018     ; 2.246      ;
; 2.781  ; rst                                                                                                ; gameboy:dut|MMU:mmu|BRAM_handler:memory_units|MM_out_chooser:memory_out_muxer|cpu_select[1]                                                                      ; CLOCK3_50    ; CLOCK_50    ; 5.000        ; -0.018     ; 2.220      ;
; 73.148 ; gameboy:dut|PPU_Wrapper:ppu|OAM_Search:oam_search|selected_sprites_reg[0].x[4]                     ; gameboy:dut|MMU:mmu|BRAM_handler:memory_units|DUAL_VRAM_8KB:vram0|altsyncram:altsyncram_component|altsyncram_54g2:auto_generated|ram_block1a5~portb_address_reg0 ; CLOCK2_50    ; CLOCK_50    ; 125.000      ; 0.296      ; 52.158     ;
; 73.179 ; gameboy:dut|PPU_Wrapper:ppu|OAM_Search:oam_search|selected_sprites_reg[0].x[4]                     ; gameboy:dut|MMU:mmu|BRAM_handler:memory_units|DUAL_VRAM_8KB:vram0|altsyncram:altsyncram_component|altsyncram_54g2:auto_generated|ram_block1a7~portb_address_reg0 ; CLOCK2_50    ; CLOCK_50    ; 125.000      ; 0.295      ; 52.126     ;
; 73.189 ; gameboy:dut|PPU_Wrapper:ppu|OAM_Search:oam_search|selected_sprites_reg[0].x[3]                     ; gameboy:dut|MMU:mmu|BRAM_handler:memory_units|DUAL_VRAM_8KB:vram0|altsyncram:altsyncram_component|altsyncram_54g2:auto_generated|ram_block1a5~portb_address_reg0 ; CLOCK2_50    ; CLOCK_50    ; 125.000      ; 0.301      ; 52.122     ;
; 73.220 ; gameboy:dut|PPU_Wrapper:ppu|OAM_Search:oam_search|selected_sprites_reg[0].x[3]                     ; gameboy:dut|MMU:mmu|BRAM_handler:memory_units|DUAL_VRAM_8KB:vram0|altsyncram:altsyncram_component|altsyncram_54g2:auto_generated|ram_block1a7~portb_address_reg0 ; CLOCK2_50    ; CLOCK_50    ; 125.000      ; 0.300      ; 52.090     ;
; 73.224 ; gameboy:dut|PPU_Wrapper:ppu|OAM_Search:oam_search|selected_sprites_reg[0].x[4]                     ; gameboy:dut|MMU:mmu|BRAM_handler:memory_units|DUAL_VRAM_8KB:vram0|altsyncram:altsyncram_component|altsyncram_54g2:auto_generated|ram_block1a3~portb_address_reg0 ; CLOCK2_50    ; CLOCK_50    ; 125.000      ; 0.294      ; 52.080     ;
; 73.265 ; gameboy:dut|PPU_Wrapper:ppu|OAM_Search:oam_search|selected_sprites_reg[0].x[3]                     ; gameboy:dut|MMU:mmu|BRAM_handler:memory_units|DUAL_VRAM_8KB:vram0|altsyncram:altsyncram_component|altsyncram_54g2:auto_generated|ram_block1a3~portb_address_reg0 ; CLOCK2_50    ; CLOCK_50    ; 125.000      ; 0.299      ; 52.044     ;
; 73.352 ; gameboy:dut|PPU_Wrapper:ppu|OAM_Search:oam_search|selected_sprites_reg[0].x[5]                     ; gameboy:dut|MMU:mmu|BRAM_handler:memory_units|DUAL_VRAM_8KB:vram0|altsyncram:altsyncram_component|altsyncram_54g2:auto_generated|ram_block1a5~portb_address_reg0 ; CLOCK2_50    ; CLOCK_50    ; 125.000      ; 0.301      ; 51.959     ;
; 73.383 ; gameboy:dut|PPU_Wrapper:ppu|OAM_Search:oam_search|selected_sprites_reg[0].x[5]                     ; gameboy:dut|MMU:mmu|BRAM_handler:memory_units|DUAL_VRAM_8KB:vram0|altsyncram:altsyncram_component|altsyncram_54g2:auto_generated|ram_block1a7~portb_address_reg0 ; CLOCK2_50    ; CLOCK_50    ; 125.000      ; 0.300      ; 51.927     ;
; 73.428 ; gameboy:dut|PPU_Wrapper:ppu|OAM_Search:oam_search|selected_sprites_reg[0].x[5]                     ; gameboy:dut|MMU:mmu|BRAM_handler:memory_units|DUAL_VRAM_8KB:vram0|altsyncram:altsyncram_component|altsyncram_54g2:auto_generated|ram_block1a3~portb_address_reg0 ; CLOCK2_50    ; CLOCK_50    ; 125.000      ; 0.299      ; 51.881     ;
; 73.481 ; gameboy:dut|PPU_Wrapper:ppu|OAM_Search:oam_search|selected_sprites_reg[0].x[4]                     ; gameboy:dut|MMU:mmu|BRAM_handler:memory_units|DUAL_VRAM_8KB:vram0|altsyncram:altsyncram_component|altsyncram_54g2:auto_generated|ram_block1a1~portb_address_reg0 ; CLOCK2_50    ; CLOCK_50    ; 125.000      ; 0.311      ; 51.840     ;
; 73.499 ; gameboy:dut|PPU_Wrapper:ppu|OAM_Search:oam_search|selected_sprites_reg[0].x[4]                     ; gameboy:dut|MMU:mmu|BRAM_handler:memory_units|MM_out_chooser:memory_out_muxer|ppu_select[2]                                                                      ; CLOCK2_50    ; CLOCK_50    ; 125.000      ; -0.005     ; 51.475     ;
; 73.519 ; gameboy:dut|PPU_Wrapper:ppu|OAM_Search:oam_search|selected_sprites_reg[0].x[4]                     ; gameboy:dut|MMU:mmu|BRAM_handler:memory_units|DUAL_VRAM_8KB:vram0|altsyncram:altsyncram_component|altsyncram_54g2:auto_generated|ram_block1a2~portb_address_reg0 ; CLOCK2_50    ; CLOCK_50    ; 125.000      ; 0.297      ; 51.788     ;
; 73.522 ; gameboy:dut|PPU_Wrapper:ppu|OAM_Search:oam_search|selected_sprites_reg[0].x[3]                     ; gameboy:dut|MMU:mmu|BRAM_handler:memory_units|DUAL_VRAM_8KB:vram0|altsyncram:altsyncram_component|altsyncram_54g2:auto_generated|ram_block1a1~portb_address_reg0 ; CLOCK2_50    ; CLOCK_50    ; 125.000      ; 0.316      ; 51.804     ;
; 73.540 ; gameboy:dut|PPU_Wrapper:ppu|OAM_Search:oam_search|selected_sprites_reg[0].x[3]                     ; gameboy:dut|MMU:mmu|BRAM_handler:memory_units|MM_out_chooser:memory_out_muxer|ppu_select[2]                                                                      ; CLOCK2_50    ; CLOCK_50    ; 125.000      ; 0.000      ; 51.439     ;
; 73.546 ; gameboy:dut|PPU_Wrapper:ppu|OAM_Search:oam_search|selected_sprites_reg[0].x[6]                     ; gameboy:dut|MMU:mmu|BRAM_handler:memory_units|DUAL_VRAM_8KB:vram0|altsyncram:altsyncram_component|altsyncram_54g2:auto_generated|ram_block1a5~portb_address_reg0 ; CLOCK2_50    ; CLOCK_50    ; 125.000      ; 0.305      ; 51.769     ;
; 73.550 ; gameboy:dut|PPU_Wrapper:ppu|OAM_Search:oam_search|selected_sprites_reg[0].x[4]                     ; gameboy:dut|MMU:mmu|BRAM_handler:memory_units|DUAL_VRAM_8KB:vram0|altsyncram:altsyncram_component|altsyncram_54g2:auto_generated|ram_block1a6~portb_address_reg0 ; CLOCK2_50    ; CLOCK_50    ; 125.000      ; 0.292      ; 51.752     ;
; 73.560 ; gameboy:dut|PPU_Wrapper:ppu|OAM_Search:oam_search|selected_sprites_reg[0].x[3]                     ; gameboy:dut|MMU:mmu|BRAM_handler:memory_units|DUAL_VRAM_8KB:vram0|altsyncram:altsyncram_component|altsyncram_54g2:auto_generated|ram_block1a2~portb_address_reg0 ; CLOCK2_50    ; CLOCK_50    ; 125.000      ; 0.302      ; 51.752     ;
; 73.577 ; gameboy:dut|PPU_Wrapper:ppu|OAM_Search:oam_search|selected_sprites_reg[0].x[6]                     ; gameboy:dut|MMU:mmu|BRAM_handler:memory_units|DUAL_VRAM_8KB:vram0|altsyncram:altsyncram_component|altsyncram_54g2:auto_generated|ram_block1a7~portb_address_reg0 ; CLOCK2_50    ; CLOCK_50    ; 125.000      ; 0.304      ; 51.737     ;
; 73.591 ; gameboy:dut|PPU_Wrapper:ppu|OAM_Search:oam_search|selected_sprites_reg[0].x[3]                     ; gameboy:dut|MMU:mmu|BRAM_handler:memory_units|DUAL_VRAM_8KB:vram0|altsyncram:altsyncram_component|altsyncram_54g2:auto_generated|ram_block1a6~portb_address_reg0 ; CLOCK2_50    ; CLOCK_50    ; 125.000      ; 0.297      ; 51.716     ;
; 73.622 ; gameboy:dut|PPU_Wrapper:ppu|OAM_Search:oam_search|selected_sprites_reg[0].x[6]                     ; gameboy:dut|MMU:mmu|BRAM_handler:memory_units|DUAL_VRAM_8KB:vram0|altsyncram:altsyncram_component|altsyncram_54g2:auto_generated|ram_block1a3~portb_address_reg0 ; CLOCK2_50    ; CLOCK_50    ; 125.000      ; 0.303      ; 51.691     ;
; 73.685 ; gameboy:dut|PPU_Wrapper:ppu|OAM_Search:oam_search|selected_sprites_reg[0].x[5]                     ; gameboy:dut|MMU:mmu|BRAM_handler:memory_units|DUAL_VRAM_8KB:vram0|altsyncram:altsyncram_component|altsyncram_54g2:auto_generated|ram_block1a1~portb_address_reg0 ; CLOCK2_50    ; CLOCK_50    ; 125.000      ; 0.316      ; 51.641     ;
; 73.703 ; gameboy:dut|PPU_Wrapper:ppu|OAM_Search:oam_search|selected_sprites_reg[0].x[5]                     ; gameboy:dut|MMU:mmu|BRAM_handler:memory_units|MM_out_chooser:memory_out_muxer|ppu_select[2]                                                                      ; CLOCK2_50    ; CLOCK_50    ; 125.000      ; 0.000      ; 51.276     ;
; 73.723 ; gameboy:dut|PPU_Wrapper:ppu|OAM_Search:oam_search|selected_sprites_reg[0].x[5]                     ; gameboy:dut|MMU:mmu|BRAM_handler:memory_units|DUAL_VRAM_8KB:vram0|altsyncram:altsyncram_component|altsyncram_54g2:auto_generated|ram_block1a2~portb_address_reg0 ; CLOCK2_50    ; CLOCK_50    ; 125.000      ; 0.302      ; 51.589     ;
; 73.754 ; gameboy:dut|PPU_Wrapper:ppu|OAM_Search:oam_search|selected_sprites_reg[0].x[5]                     ; gameboy:dut|MMU:mmu|BRAM_handler:memory_units|DUAL_VRAM_8KB:vram0|altsyncram:altsyncram_component|altsyncram_54g2:auto_generated|ram_block1a6~portb_address_reg0 ; CLOCK2_50    ; CLOCK_50    ; 125.000      ; 0.297      ; 51.553     ;
; 73.837 ; gameboy:dut|PPU_Wrapper:ppu|OAM_Search:oam_search|selected_sprites_reg[0].x[4]                     ; gameboy:dut|MMU:mmu|BRAM_handler:memory_units|DUAL_VRAM_8KB:vram0|altsyncram:altsyncram_component|altsyncram_54g2:auto_generated|ram_block1a0~portb_address_reg0 ; CLOCK2_50    ; CLOCK_50    ; 125.000      ; 0.298      ; 51.471     ;
; 73.849 ; gameboy:dut|PPU_Wrapper:ppu|OAM_Search:oam_search|selected_sprites_reg[0].x[4]                     ; gameboy:dut|MMU:mmu|BRAM_handler:memory_units|DUAL_VRAM_8KB:vram0|altsyncram:altsyncram_component|altsyncram_54g2:auto_generated|ram_block1a4~portb_address_reg0 ; CLOCK2_50    ; CLOCK_50    ; 125.000      ; 0.297      ; 51.458     ;
; 73.878 ; gameboy:dut|PPU_Wrapper:ppu|OAM_Search:oam_search|selected_sprites_reg[0].x[3]                     ; gameboy:dut|MMU:mmu|BRAM_handler:memory_units|DUAL_VRAM_8KB:vram0|altsyncram:altsyncram_component|altsyncram_54g2:auto_generated|ram_block1a0~portb_address_reg0 ; CLOCK2_50    ; CLOCK_50    ; 125.000      ; 0.303      ; 51.435     ;
; 73.879 ; gameboy:dut|PPU_Wrapper:ppu|OAM_Search:oam_search|selected_sprites_reg[0].x[6]                     ; gameboy:dut|MMU:mmu|BRAM_handler:memory_units|DUAL_VRAM_8KB:vram0|altsyncram:altsyncram_component|altsyncram_54g2:auto_generated|ram_block1a1~portb_address_reg0 ; CLOCK2_50    ; CLOCK_50    ; 125.000      ; 0.320      ; 51.451     ;
; 73.890 ; gameboy:dut|PPU_Wrapper:ppu|OAM_Search:oam_search|selected_sprites_reg[0].x[3]                     ; gameboy:dut|MMU:mmu|BRAM_handler:memory_units|DUAL_VRAM_8KB:vram0|altsyncram:altsyncram_component|altsyncram_54g2:auto_generated|ram_block1a4~portb_address_reg0 ; CLOCK2_50    ; CLOCK_50    ; 125.000      ; 0.302      ; 51.422     ;
; 73.897 ; gameboy:dut|PPU_Wrapper:ppu|OAM_Search:oam_search|selected_sprites_reg[0].x[6]                     ; gameboy:dut|MMU:mmu|BRAM_handler:memory_units|MM_out_chooser:memory_out_muxer|ppu_select[2]                                                                      ; CLOCK2_50    ; CLOCK_50    ; 125.000      ; 0.004      ; 51.086     ;
; 73.917 ; gameboy:dut|PPU_Wrapper:ppu|OAM_Search:oam_search|selected_sprites_reg[0].x[6]                     ; gameboy:dut|MMU:mmu|BRAM_handler:memory_units|DUAL_VRAM_8KB:vram0|altsyncram:altsyncram_component|altsyncram_54g2:auto_generated|ram_block1a2~portb_address_reg0 ; CLOCK2_50    ; CLOCK_50    ; 125.000      ; 0.306      ; 51.399     ;
; 73.948 ; gameboy:dut|PPU_Wrapper:ppu|OAM_Search:oam_search|selected_sprites_reg[0].x[6]                     ; gameboy:dut|MMU:mmu|BRAM_handler:memory_units|DUAL_VRAM_8KB:vram0|altsyncram:altsyncram_component|altsyncram_54g2:auto_generated|ram_block1a6~portb_address_reg0 ; CLOCK2_50    ; CLOCK_50    ; 125.000      ; 0.301      ; 51.363     ;
; 74.032 ; gameboy:dut|PPU_Wrapper:ppu|Pixel_Gen:Pixel_Gen_inst|Render_Sprites:render_sprites_inst|x_coord[1] ; gameboy:dut|MMU:mmu|BRAM_handler:memory_units|DUAL_VRAM_8KB:vram0|altsyncram:altsyncram_component|altsyncram_54g2:auto_generated|ram_block1a5~portb_address_reg0 ; CLOCK2_50    ; CLOCK_50    ; 125.000      ; 0.297      ; 51.275     ;
; 74.041 ; gameboy:dut|PPU_Wrapper:ppu|OAM_Search:oam_search|selected_sprites_reg[0].x[5]                     ; gameboy:dut|MMU:mmu|BRAM_handler:memory_units|DUAL_VRAM_8KB:vram0|altsyncram:altsyncram_component|altsyncram_54g2:auto_generated|ram_block1a0~portb_address_reg0 ; CLOCK2_50    ; CLOCK_50    ; 125.000      ; 0.303      ; 51.272     ;
; 74.053 ; gameboy:dut|PPU_Wrapper:ppu|OAM_Search:oam_search|selected_sprites_reg[0].x[5]                     ; gameboy:dut|MMU:mmu|BRAM_handler:memory_units|DUAL_VRAM_8KB:vram0|altsyncram:altsyncram_component|altsyncram_54g2:auto_generated|ram_block1a4~portb_address_reg0 ; CLOCK2_50    ; CLOCK_50    ; 125.000      ; 0.302      ; 51.259     ;
; 74.063 ; gameboy:dut|PPU_Wrapper:ppu|Pixel_Gen:Pixel_Gen_inst|Render_Sprites:render_sprites_inst|x_coord[1] ; gameboy:dut|MMU:mmu|BRAM_handler:memory_units|DUAL_VRAM_8KB:vram0|altsyncram:altsyncram_component|altsyncram_54g2:auto_generated|ram_block1a7~portb_address_reg0 ; CLOCK2_50    ; CLOCK_50    ; 125.000      ; 0.296      ; 51.243     ;
; 74.108 ; gameboy:dut|PPU_Wrapper:ppu|Pixel_Gen:Pixel_Gen_inst|Render_Sprites:render_sprites_inst|x_coord[1] ; gameboy:dut|MMU:mmu|BRAM_handler:memory_units|DUAL_VRAM_8KB:vram0|altsyncram:altsyncram_component|altsyncram_54g2:auto_generated|ram_block1a3~portb_address_reg0 ; CLOCK2_50    ; CLOCK_50    ; 125.000      ; 0.295      ; 51.197     ;
; 74.149 ; gameboy:dut|PPU_Wrapper:ppu|OAM_Search:oam_search|selected_sprites_reg[0].x[7]                     ; gameboy:dut|MMU:mmu|BRAM_handler:memory_units|DUAL_VRAM_8KB:vram0|altsyncram:altsyncram_component|altsyncram_54g2:auto_generated|ram_block1a5~portb_address_reg0 ; CLOCK2_50    ; CLOCK_50    ; 125.000      ; 0.305      ; 51.166     ;
; 74.152 ; gameboy:dut|PPU_Wrapper:ppu|OAM_Search:oam_search|selected_sprites_reg[0].x[0]                     ; gameboy:dut|MMU:mmu|BRAM_handler:memory_units|DUAL_VRAM_8KB:vram0|altsyncram:altsyncram_component|altsyncram_54g2:auto_generated|ram_block1a5~portb_address_reg0 ; CLOCK2_50    ; CLOCK_50    ; 125.000      ; 0.304      ; 51.162     ;
; 74.180 ; gameboy:dut|PPU_Wrapper:ppu|OAM_Search:oam_search|selected_sprites_reg[0].x[7]                     ; gameboy:dut|MMU:mmu|BRAM_handler:memory_units|DUAL_VRAM_8KB:vram0|altsyncram:altsyncram_component|altsyncram_54g2:auto_generated|ram_block1a7~portb_address_reg0 ; CLOCK2_50    ; CLOCK_50    ; 125.000      ; 0.304      ; 51.134     ;
; 74.183 ; gameboy:dut|PPU_Wrapper:ppu|OAM_Search:oam_search|selected_sprites_reg[0].x[0]                     ; gameboy:dut|MMU:mmu|BRAM_handler:memory_units|DUAL_VRAM_8KB:vram0|altsyncram:altsyncram_component|altsyncram_54g2:auto_generated|ram_block1a7~portb_address_reg0 ; CLOCK2_50    ; CLOCK_50    ; 125.000      ; 0.303      ; 51.130     ;
; 74.200 ; gameboy:dut|PPU_Wrapper:ppu|OAM_Search:oam_search|selected_sprites_reg[0].x[1]                     ; gameboy:dut|MMU:mmu|BRAM_handler:memory_units|DUAL_VRAM_8KB:vram0|altsyncram:altsyncram_component|altsyncram_54g2:auto_generated|ram_block1a5~portb_address_reg0 ; CLOCK2_50    ; CLOCK_50    ; 125.000      ; 0.304      ; 51.114     ;
; 74.215 ; gameboy:dut|PPU_Wrapper:ppu|OAM_Search:oam_search|selected_sprites_reg[0].x[4]                     ; gameboy:dut|MMU:mmu|BRAM_handler:memory_units|OAM_DUALBANK:oam|altsyncram:altsyncram_component|altsyncram_rbg2:auto_generated|ram_block1a0~portb_address_reg0    ; CLOCK2_50    ; CLOCK_50    ; 125.000      ; 0.311      ; 51.106     ;
; 74.224 ; gameboy:dut|PPU_Wrapper:ppu|OAM_Search:oam_search|selected_sprites_reg[0].x[2]                     ; gameboy:dut|MMU:mmu|BRAM_handler:memory_units|DUAL_VRAM_8KB:vram0|altsyncram:altsyncram_component|altsyncram_54g2:auto_generated|ram_block1a5~portb_address_reg0 ; CLOCK2_50    ; CLOCK_50    ; 125.000      ; 0.304      ; 51.090     ;
; 74.225 ; gameboy:dut|PPU_Wrapper:ppu|OAM_Search:oam_search|selected_sprites_reg[0].x[7]                     ; gameboy:dut|MMU:mmu|BRAM_handler:memory_units|DUAL_VRAM_8KB:vram0|altsyncram:altsyncram_component|altsyncram_54g2:auto_generated|ram_block1a3~portb_address_reg0 ; CLOCK2_50    ; CLOCK_50    ; 125.000      ; 0.303      ; 51.088     ;
; 74.228 ; gameboy:dut|PPU_Wrapper:ppu|OAM_Search:oam_search|selected_sprites_reg[0].x[0]                     ; gameboy:dut|MMU:mmu|BRAM_handler:memory_units|DUAL_VRAM_8KB:vram0|altsyncram:altsyncram_component|altsyncram_54g2:auto_generated|ram_block1a3~portb_address_reg0 ; CLOCK2_50    ; CLOCK_50    ; 125.000      ; 0.302      ; 51.084     ;
; 74.231 ; gameboy:dut|PPU_Wrapper:ppu|OAM_Search:oam_search|selected_sprites_reg[0].x[1]                     ; gameboy:dut|MMU:mmu|BRAM_handler:memory_units|DUAL_VRAM_8KB:vram0|altsyncram:altsyncram_component|altsyncram_54g2:auto_generated|ram_block1a7~portb_address_reg0 ; CLOCK2_50    ; CLOCK_50    ; 125.000      ; 0.303      ; 51.082     ;
; 74.235 ; gameboy:dut|PPU_Wrapper:ppu|OAM_Search:oam_search|selected_sprites_reg[0].x[6]                     ; gameboy:dut|MMU:mmu|BRAM_handler:memory_units|DUAL_VRAM_8KB:vram0|altsyncram:altsyncram_component|altsyncram_54g2:auto_generated|ram_block1a0~portb_address_reg0 ; CLOCK2_50    ; CLOCK_50    ; 125.000      ; 0.307      ; 51.082     ;
; 74.247 ; gameboy:dut|PPU_Wrapper:ppu|OAM_Search:oam_search|selected_sprites_reg[0].x[6]                     ; gameboy:dut|MMU:mmu|BRAM_handler:memory_units|DUAL_VRAM_8KB:vram0|altsyncram:altsyncram_component|altsyncram_54g2:auto_generated|ram_block1a4~portb_address_reg0 ; CLOCK2_50    ; CLOCK_50    ; 125.000      ; 0.306      ; 51.069     ;
; 74.254 ; gameboy:dut|PPU_Wrapper:ppu|Pixel_Gen:Pixel_Gen_inst|Render_Sprites:render_sprites_inst|x_coord[0] ; gameboy:dut|MMU:mmu|BRAM_handler:memory_units|DUAL_VRAM_8KB:vram0|altsyncram:altsyncram_component|altsyncram_54g2:auto_generated|ram_block1a5~portb_address_reg0 ; CLOCK2_50    ; CLOCK_50    ; 125.000      ; 0.297      ; 51.053     ;
; 74.255 ; gameboy:dut|PPU_Wrapper:ppu|OAM_Search:oam_search|selected_sprites_reg[0].x[2]                     ; gameboy:dut|MMU:mmu|BRAM_handler:memory_units|DUAL_VRAM_8KB:vram0|altsyncram:altsyncram_component|altsyncram_54g2:auto_generated|ram_block1a7~portb_address_reg0 ; CLOCK2_50    ; CLOCK_50    ; 125.000      ; 0.303      ; 51.058     ;
; 74.256 ; gameboy:dut|PPU_Wrapper:ppu|OAM_Search:oam_search|selected_sprites_reg[0].x[3]                     ; gameboy:dut|MMU:mmu|BRAM_handler:memory_units|OAM_DUALBANK:oam|altsyncram:altsyncram_component|altsyncram_rbg2:auto_generated|ram_block1a0~portb_address_reg0    ; CLOCK2_50    ; CLOCK_50    ; 125.000      ; 0.316      ; 51.070     ;
; 74.276 ; gameboy:dut|PPU_Wrapper:ppu|OAM_Search:oam_search|selected_sprites_reg[0].x[1]                     ; gameboy:dut|MMU:mmu|BRAM_handler:memory_units|DUAL_VRAM_8KB:vram0|altsyncram:altsyncram_component|altsyncram_54g2:auto_generated|ram_block1a3~portb_address_reg0 ; CLOCK2_50    ; CLOCK_50    ; 125.000      ; 0.302      ; 51.036     ;
; 74.285 ; gameboy:dut|PPU_Wrapper:ppu|Pixel_Gen:Pixel_Gen_inst|Render_Sprites:render_sprites_inst|x_coord[0] ; gameboy:dut|MMU:mmu|BRAM_handler:memory_units|DUAL_VRAM_8KB:vram0|altsyncram:altsyncram_component|altsyncram_54g2:auto_generated|ram_block1a7~portb_address_reg0 ; CLOCK2_50    ; CLOCK_50    ; 125.000      ; 0.296      ; 51.021     ;
; 74.300 ; gameboy:dut|PPU_Wrapper:ppu|OAM_Search:oam_search|selected_sprites_reg[0].x[2]                     ; gameboy:dut|MMU:mmu|BRAM_handler:memory_units|DUAL_VRAM_8KB:vram0|altsyncram:altsyncram_component|altsyncram_54g2:auto_generated|ram_block1a3~portb_address_reg0 ; CLOCK2_50    ; CLOCK_50    ; 125.000      ; 0.302      ; 51.012     ;
; 74.330 ; gameboy:dut|PPU_Wrapper:ppu|Pixel_Gen:Pixel_Gen_inst|Render_Sprites:render_sprites_inst|x_coord[0] ; gameboy:dut|MMU:mmu|BRAM_handler:memory_units|DUAL_VRAM_8KB:vram0|altsyncram:altsyncram_component|altsyncram_54g2:auto_generated|ram_block1a3~portb_address_reg0 ; CLOCK2_50    ; CLOCK_50    ; 125.000      ; 0.295      ; 50.975     ;
; 74.365 ; gameboy:dut|PPU_Wrapper:ppu|Pixel_Gen:Pixel_Gen_inst|Render_Sprites:render_sprites_inst|x_coord[1] ; gameboy:dut|MMU:mmu|BRAM_handler:memory_units|DUAL_VRAM_8KB:vram0|altsyncram:altsyncram_component|altsyncram_54g2:auto_generated|ram_block1a1~portb_address_reg0 ; CLOCK2_50    ; CLOCK_50    ; 125.000      ; 0.312      ; 50.957     ;
; 74.377 ; gameboy:dut|PPU_Wrapper:ppu|Pixel_Gen:Pixel_Gen_inst|Render_Sprites:render_sprites_inst|x_coord[2] ; gameboy:dut|MMU:mmu|BRAM_handler:memory_units|DUAL_VRAM_8KB:vram0|altsyncram:altsyncram_component|altsyncram_54g2:auto_generated|ram_block1a5~portb_address_reg0 ; CLOCK2_50    ; CLOCK_50    ; 125.000      ; 0.297      ; 50.930     ;
; 74.383 ; gameboy:dut|PPU_Wrapper:ppu|Pixel_Gen:Pixel_Gen_inst|Render_Sprites:render_sprites_inst|x_coord[1] ; gameboy:dut|MMU:mmu|BRAM_handler:memory_units|MM_out_chooser:memory_out_muxer|ppu_select[2]                                                                      ; CLOCK2_50    ; CLOCK_50    ; 125.000      ; -0.004     ; 50.592     ;
; 74.403 ; gameboy:dut|PPU_Wrapper:ppu|Pixel_Gen:Pixel_Gen_inst|Render_Sprites:render_sprites_inst|x_coord[1] ; gameboy:dut|MMU:mmu|BRAM_handler:memory_units|DUAL_VRAM_8KB:vram0|altsyncram:altsyncram_component|altsyncram_54g2:auto_generated|ram_block1a2~portb_address_reg0 ; CLOCK2_50    ; CLOCK_50    ; 125.000      ; 0.298      ; 50.905     ;
; 74.408 ; gameboy:dut|PPU_Wrapper:ppu|Pixel_Gen:Pixel_Gen_inst|Render_Sprites:render_sprites_inst|x_coord[2] ; gameboy:dut|MMU:mmu|BRAM_handler:memory_units|DUAL_VRAM_8KB:vram0|altsyncram:altsyncram_component|altsyncram_54g2:auto_generated|ram_block1a7~portb_address_reg0 ; CLOCK2_50    ; CLOCK_50    ; 125.000      ; 0.296      ; 50.898     ;
; 74.419 ; gameboy:dut|PPU_Wrapper:ppu|OAM_Search:oam_search|selected_sprites_reg[0].x[5]                     ; gameboy:dut|MMU:mmu|BRAM_handler:memory_units|OAM_DUALBANK:oam|altsyncram:altsyncram_component|altsyncram_rbg2:auto_generated|ram_block1a0~portb_address_reg0    ; CLOCK2_50    ; CLOCK_50    ; 125.000      ; 0.316      ; 50.907     ;
; 74.434 ; gameboy:dut|PPU_Wrapper:ppu|Pixel_Gen:Pixel_Gen_inst|Render_Sprites:render_sprites_inst|x_coord[1] ; gameboy:dut|MMU:mmu|BRAM_handler:memory_units|DUAL_VRAM_8KB:vram0|altsyncram:altsyncram_component|altsyncram_54g2:auto_generated|ram_block1a6~portb_address_reg0 ; CLOCK2_50    ; CLOCK_50    ; 125.000      ; 0.293      ; 50.869     ;
; 74.452 ; gameboy:dut|PPU_Wrapper:ppu|Pixel_Gen:Pixel_Gen_inst|Render_Sprites:render_sprites_inst|x_coord[3] ; gameboy:dut|MMU:mmu|BRAM_handler:memory_units|DUAL_VRAM_8KB:vram0|altsyncram:altsyncram_component|altsyncram_54g2:auto_generated|ram_block1a5~portb_address_reg0 ; CLOCK2_50    ; CLOCK_50    ; 125.000      ; 0.298      ; 50.856     ;
; 74.453 ; gameboy:dut|PPU_Wrapper:ppu|Pixel_Gen:Pixel_Gen_inst|Render_Sprites:render_sprites_inst|x_coord[2] ; gameboy:dut|MMU:mmu|BRAM_handler:memory_units|DUAL_VRAM_8KB:vram0|altsyncram:altsyncram_component|altsyncram_54g2:auto_generated|ram_block1a3~portb_address_reg0 ; CLOCK2_50    ; CLOCK_50    ; 125.000      ; 0.295      ; 50.852     ;
; 74.482 ; gameboy:dut|PPU_Wrapper:ppu|OAM_Search:oam_search|selected_sprites_reg[0].x[7]                     ; gameboy:dut|MMU:mmu|BRAM_handler:memory_units|DUAL_VRAM_8KB:vram0|altsyncram:altsyncram_component|altsyncram_54g2:auto_generated|ram_block1a1~portb_address_reg0 ; CLOCK2_50    ; CLOCK_50    ; 125.000      ; 0.320      ; 50.848     ;
; 74.483 ; gameboy:dut|PPU_Wrapper:ppu|Pixel_Gen:Pixel_Gen_inst|Render_Sprites:render_sprites_inst|x_coord[3] ; gameboy:dut|MMU:mmu|BRAM_handler:memory_units|DUAL_VRAM_8KB:vram0|altsyncram:altsyncram_component|altsyncram_54g2:auto_generated|ram_block1a7~portb_address_reg0 ; CLOCK2_50    ; CLOCK_50    ; 125.000      ; 0.297      ; 50.824     ;
; 74.485 ; gameboy:dut|PPU_Wrapper:ppu|OAM_Search:oam_search|selected_sprites_reg[0].x[0]                     ; gameboy:dut|MMU:mmu|BRAM_handler:memory_units|DUAL_VRAM_8KB:vram0|altsyncram:altsyncram_component|altsyncram_54g2:auto_generated|ram_block1a1~portb_address_reg0 ; CLOCK2_50    ; CLOCK_50    ; 125.000      ; 0.319      ; 50.844     ;
; 74.500 ; gameboy:dut|PPU_Wrapper:ppu|OAM_Search:oam_search|selected_sprites_reg[0].x[7]                     ; gameboy:dut|MMU:mmu|BRAM_handler:memory_units|MM_out_chooser:memory_out_muxer|ppu_select[2]                                                                      ; CLOCK2_50    ; CLOCK_50    ; 125.000      ; 0.004      ; 50.483     ;
; 74.503 ; gameboy:dut|PPU_Wrapper:ppu|OAM_Search:oam_search|selected_sprites_reg[0].x[0]                     ; gameboy:dut|MMU:mmu|BRAM_handler:memory_units|MM_out_chooser:memory_out_muxer|ppu_select[2]                                                                      ; CLOCK2_50    ; CLOCK_50    ; 125.000      ; 0.003      ; 50.479     ;
; 74.514 ; gameboy:dut|PPU_Wrapper:ppu|Pixel_Gen:Pixel_Gen_inst|Render_Sprites:render_sprites_inst|x_coord[4] ; gameboy:dut|MMU:mmu|BRAM_handler:memory_units|DUAL_VRAM_8KB:vram0|altsyncram:altsyncram_component|altsyncram_54g2:auto_generated|ram_block1a5~portb_address_reg0 ; CLOCK2_50    ; CLOCK_50    ; 125.000      ; 0.298      ; 50.794     ;
; 74.520 ; gameboy:dut|PPU_Wrapper:ppu|OAM_Search:oam_search|selected_sprites_reg[0].x[7]                     ; gameboy:dut|MMU:mmu|BRAM_handler:memory_units|DUAL_VRAM_8KB:vram0|altsyncram:altsyncram_component|altsyncram_54g2:auto_generated|ram_block1a2~portb_address_reg0 ; CLOCK2_50    ; CLOCK_50    ; 125.000      ; 0.306      ; 50.796     ;
; 74.523 ; gameboy:dut|PPU_Wrapper:ppu|OAM_Search:oam_search|selected_sprites_reg[0].x[0]                     ; gameboy:dut|MMU:mmu|BRAM_handler:memory_units|DUAL_VRAM_8KB:vram0|altsyncram:altsyncram_component|altsyncram_54g2:auto_generated|ram_block1a2~portb_address_reg0 ; CLOCK2_50    ; CLOCK_50    ; 125.000      ; 0.305      ; 50.792     ;
; 74.528 ; gameboy:dut|PPU_Wrapper:ppu|Pixel_Gen:Pixel_Gen_inst|Render_Sprites:render_sprites_inst|x_coord[3] ; gameboy:dut|MMU:mmu|BRAM_handler:memory_units|DUAL_VRAM_8KB:vram0|altsyncram:altsyncram_component|altsyncram_54g2:auto_generated|ram_block1a3~portb_address_reg0 ; CLOCK2_50    ; CLOCK_50    ; 125.000      ; 0.296      ; 50.778     ;
; 74.533 ; gameboy:dut|PPU_Wrapper:ppu|OAM_Search:oam_search|selected_sprites_reg[0].x[1]                     ; gameboy:dut|MMU:mmu|BRAM_handler:memory_units|DUAL_VRAM_8KB:vram0|altsyncram:altsyncram_component|altsyncram_54g2:auto_generated|ram_block1a1~portb_address_reg0 ; CLOCK2_50    ; CLOCK_50    ; 125.000      ; 0.319      ; 50.796     ;
; 74.545 ; gameboy:dut|PPU_Wrapper:ppu|Pixel_Gen:Pixel_Gen_inst|Render_Sprites:render_sprites_inst|x_coord[4] ; gameboy:dut|MMU:mmu|BRAM_handler:memory_units|DUAL_VRAM_8KB:vram0|altsyncram:altsyncram_component|altsyncram_54g2:auto_generated|ram_block1a7~portb_address_reg0 ; CLOCK2_50    ; CLOCK_50    ; 125.000      ; 0.297      ; 50.762     ;
; 74.551 ; gameboy:dut|PPU_Wrapper:ppu|OAM_Search:oam_search|selected_sprites_reg[0].x[7]                     ; gameboy:dut|MMU:mmu|BRAM_handler:memory_units|DUAL_VRAM_8KB:vram0|altsyncram:altsyncram_component|altsyncram_54g2:auto_generated|ram_block1a6~portb_address_reg0 ; CLOCK2_50    ; CLOCK_50    ; 125.000      ; 0.301      ; 50.760     ;
; 74.551 ; gameboy:dut|PPU_Wrapper:ppu|OAM_Search:oam_search|selected_sprites_reg[0].x[1]                     ; gameboy:dut|MMU:mmu|BRAM_handler:memory_units|MM_out_chooser:memory_out_muxer|ppu_select[2]                                                                      ; CLOCK2_50    ; CLOCK_50    ; 125.000      ; 0.003      ; 50.431     ;
; 74.554 ; gameboy:dut|PPU_Wrapper:ppu|OAM_Search:oam_search|selected_sprites_reg[0].x[0]                     ; gameboy:dut|MMU:mmu|BRAM_handler:memory_units|DUAL_VRAM_8KB:vram0|altsyncram:altsyncram_component|altsyncram_54g2:auto_generated|ram_block1a6~portb_address_reg0 ; CLOCK2_50    ; CLOCK_50    ; 125.000      ; 0.300      ; 50.756     ;
; 74.557 ; gameboy:dut|PPU_Wrapper:ppu|OAM_Search:oam_search|selected_sprites_reg[0].x[2]                     ; gameboy:dut|MMU:mmu|BRAM_handler:memory_units|DUAL_VRAM_8KB:vram0|altsyncram:altsyncram_component|altsyncram_54g2:auto_generated|ram_block1a1~portb_address_reg0 ; CLOCK2_50    ; CLOCK_50    ; 125.000      ; 0.319      ; 50.772     ;
; 74.571 ; gameboy:dut|PPU_Wrapper:ppu|OAM_Search:oam_search|selected_sprites_reg[0].x[1]                     ; gameboy:dut|MMU:mmu|BRAM_handler:memory_units|DUAL_VRAM_8KB:vram0|altsyncram:altsyncram_component|altsyncram_54g2:auto_generated|ram_block1a2~portb_address_reg0 ; CLOCK2_50    ; CLOCK_50    ; 125.000      ; 0.305      ; 50.744     ;
; 74.575 ; gameboy:dut|PPU_Wrapper:ppu|OAM_Search:oam_search|selected_sprites_reg[0].x[2]                     ; gameboy:dut|MMU:mmu|BRAM_handler:memory_units|MM_out_chooser:memory_out_muxer|ppu_select[2]                                                                      ; CLOCK2_50    ; CLOCK_50    ; 125.000      ; 0.003      ; 50.407     ;
; 74.587 ; gameboy:dut|PPU_Wrapper:ppu|Pixel_Gen:Pixel_Gen_inst|Render_Sprites:render_sprites_inst|x_coord[0] ; gameboy:dut|MMU:mmu|BRAM_handler:memory_units|DUAL_VRAM_8KB:vram0|altsyncram:altsyncram_component|altsyncram_54g2:auto_generated|ram_block1a1~portb_address_reg0 ; CLOCK2_50    ; CLOCK_50    ; 125.000      ; 0.312      ; 50.735     ;
; 74.589 ; gameboy:dut|PPU_Wrapper:ppu|Pixel_Gen:Pixel_Gen_inst|Render_Sprites:render_sprites_inst|x_coord[6] ; gameboy:dut|MMU:mmu|BRAM_handler:memory_units|DUAL_VRAM_8KB:vram0|altsyncram:altsyncram_component|altsyncram_54g2:auto_generated|ram_block1a5~portb_address_reg0 ; CLOCK2_50    ; CLOCK_50    ; 125.000      ; 0.298      ; 50.719     ;
; 74.590 ; gameboy:dut|PPU_Wrapper:ppu|Pixel_Gen:Pixel_Gen_inst|Render_Sprites:render_sprites_inst|x_coord[4] ; gameboy:dut|MMU:mmu|BRAM_handler:memory_units|DUAL_VRAM_8KB:vram0|altsyncram:altsyncram_component|altsyncram_54g2:auto_generated|ram_block1a3~portb_address_reg0 ; CLOCK2_50    ; CLOCK_50    ; 125.000      ; 0.296      ; 50.716     ;
; 74.595 ; gameboy:dut|PPU_Wrapper:ppu|OAM_Search:oam_search|selected_sprites_reg[0].x[2]                     ; gameboy:dut|MMU:mmu|BRAM_handler:memory_units|DUAL_VRAM_8KB:vram0|altsyncram:altsyncram_component|altsyncram_54g2:auto_generated|ram_block1a2~portb_address_reg0 ; CLOCK2_50    ; CLOCK_50    ; 125.000      ; 0.305      ; 50.720     ;
; 74.602 ; gameboy:dut|PPU_Wrapper:ppu|OAM_Search:oam_search|selected_sprites_reg[0].x[1]                     ; gameboy:dut|MMU:mmu|BRAM_handler:memory_units|DUAL_VRAM_8KB:vram0|altsyncram:altsyncram_component|altsyncram_54g2:auto_generated|ram_block1a6~portb_address_reg0 ; CLOCK2_50    ; CLOCK_50    ; 125.000      ; 0.300      ; 50.708     ;
; 74.605 ; gameboy:dut|PPU_Wrapper:ppu|Pixel_Gen:Pixel_Gen_inst|Render_Sprites:render_sprites_inst|x_coord[0] ; gameboy:dut|MMU:mmu|BRAM_handler:memory_units|MM_out_chooser:memory_out_muxer|ppu_select[2]                                                                      ; CLOCK2_50    ; CLOCK_50    ; 125.000      ; -0.004     ; 50.370     ;
; 74.613 ; gameboy:dut|PPU_Wrapper:ppu|OAM_Search:oam_search|selected_sprites_reg[0].x[6]                     ; gameboy:dut|MMU:mmu|BRAM_handler:memory_units|OAM_DUALBANK:oam|altsyncram:altsyncram_component|altsyncram_rbg2:auto_generated|ram_block1a0~portb_address_reg0    ; CLOCK2_50    ; CLOCK_50    ; 125.000      ; 0.320      ; 50.717     ;
; 74.620 ; gameboy:dut|PPU_Wrapper:ppu|Pixel_Gen:Pixel_Gen_inst|Render_Sprites:render_sprites_inst|x_coord[6] ; gameboy:dut|MMU:mmu|BRAM_handler:memory_units|DUAL_VRAM_8KB:vram0|altsyncram:altsyncram_component|altsyncram_54g2:auto_generated|ram_block1a7~portb_address_reg0 ; CLOCK2_50    ; CLOCK_50    ; 125.000      ; 0.297      ; 50.687     ;
; 74.622 ; gameboy:dut|PPU_Wrapper:ppu|Pixel_Gen:Pixel_Gen_inst|Render_Sprites:render_sprites_inst|x_coord[7] ; gameboy:dut|MMU:mmu|BRAM_handler:memory_units|DUAL_VRAM_8KB:vram0|altsyncram:altsyncram_component|altsyncram_54g2:auto_generated|ram_block1a5~portb_address_reg0 ; CLOCK2_50    ; CLOCK_50    ; 125.000      ; 0.298      ; 50.686     ;
+--------+----------------------------------------------------------------------------------------------------+------------------------------------------------------------------------------------------------------------------------------------------------------------------+--------------+-------------+--------------+------------+------------+


+------------------------------------------------------------------------------------------------------------------------------------------------------+
; Slow 1200mV 0C Model Setup: 'CLOCK2_50'                                                                                                              ;
+-------+-----------+------------------------------------------------------------+--------------+-------------+--------------+------------+------------+
; Slack ; From Node ; To Node                                                    ; Launch Clock ; Latch Clock ; Relationship ; Clock Skew ; Data Delay ;
+-------+-----------+------------------------------------------------------------+--------------+-------------+--------------+------------+------------+
; 4.150 ; rst       ; gameboy:dut|cpu:cpu|regfile:regfile|regs[4][5]             ; CLOCK3_50    ; CLOCK2_50   ; 10.000       ; -0.102     ; 5.767      ;
; 4.150 ; rst       ; gameboy:dut|cpu:cpu|regfile:regfile|regs[4][6]             ; CLOCK3_50    ; CLOCK2_50   ; 10.000       ; -0.102     ; 5.767      ;
; 4.150 ; rst       ; gameboy:dut|cpu:cpu|regfile:regfile|regs[4][0]             ; CLOCK3_50    ; CLOCK2_50   ; 10.000       ; -0.102     ; 5.767      ;
; 4.560 ; rst       ; gameboy:dut|cpu:cpu|regfile:regfile|regs[2][2]             ; CLOCK3_50    ; CLOCK2_50   ; 10.000       ; -0.105     ; 5.354      ;
; 4.560 ; rst       ; gameboy:dut|cpu:cpu|regfile:regfile|regs[2][3]             ; CLOCK3_50    ; CLOCK2_50   ; 10.000       ; -0.105     ; 5.354      ;
; 4.560 ; rst       ; gameboy:dut|cpu:cpu|regfile:regfile|regs[2][0]             ; CLOCK3_50    ; CLOCK2_50   ; 10.000       ; -0.105     ; 5.354      ;
; 4.560 ; rst       ; gameboy:dut|cpu:cpu|regfile:regfile|regs[2][1]             ; CLOCK3_50    ; CLOCK2_50   ; 10.000       ; -0.105     ; 5.354      ;
; 4.560 ; rst       ; gameboy:dut|cpu:cpu|regfile:regfile|regs[2][7]             ; CLOCK3_50    ; CLOCK2_50   ; 10.000       ; -0.105     ; 5.354      ;
; 4.560 ; rst       ; gameboy:dut|cpu:cpu|regfile:regfile|regs[2][4]             ; CLOCK3_50    ; CLOCK2_50   ; 10.000       ; -0.105     ; 5.354      ;
; 4.560 ; rst       ; gameboy:dut|cpu:cpu|regfile:regfile|regs[2][5]             ; CLOCK3_50    ; CLOCK2_50   ; 10.000       ; -0.105     ; 5.354      ;
; 4.560 ; rst       ; gameboy:dut|cpu:cpu|regfile:regfile|regs[2][6]             ; CLOCK3_50    ; CLOCK2_50   ; 10.000       ; -0.105     ; 5.354      ;
; 4.596 ; rst       ; gameboy:dut|cpu:cpu|regfile:regfile|regs[5][1]             ; CLOCK3_50    ; CLOCK2_50   ; 10.000       ; -0.100     ; 5.323      ;
; 4.596 ; rst       ; gameboy:dut|cpu:cpu|regfile:regfile|regs[5][2]             ; CLOCK3_50    ; CLOCK2_50   ; 10.000       ; -0.100     ; 5.323      ;
; 4.596 ; rst       ; gameboy:dut|cpu:cpu|regfile:regfile|regs[5][0]             ; CLOCK3_50    ; CLOCK2_50   ; 10.000       ; -0.100     ; 5.323      ;
; 4.601 ; rst       ; gameboy:dut|cpu:cpu|regfile:regfile|regs[4][1]             ; CLOCK3_50    ; CLOCK2_50   ; 10.000       ; -0.104     ; 5.314      ;
; 4.601 ; rst       ; gameboy:dut|cpu:cpu|regfile:regfile|regs[4][3]             ; CLOCK3_50    ; CLOCK2_50   ; 10.000       ; -0.104     ; 5.314      ;
; 4.601 ; rst       ; gameboy:dut|cpu:cpu|regfile:regfile|regs[4][2]             ; CLOCK3_50    ; CLOCK2_50   ; 10.000       ; -0.104     ; 5.314      ;
; 4.601 ; rst       ; gameboy:dut|cpu:cpu|regfile:regfile|regs[4][4]             ; CLOCK3_50    ; CLOCK2_50   ; 10.000       ; -0.104     ; 5.314      ;
; 4.601 ; rst       ; gameboy:dut|cpu:cpu|regfile:regfile|regs[4][7]             ; CLOCK3_50    ; CLOCK2_50   ; 10.000       ; -0.104     ; 5.314      ;
; 4.926 ; rst       ; gameboy:dut|cpu:cpu|regfile:regfile|regs[3][1]             ; CLOCK3_50    ; CLOCK2_50   ; 10.000       ; -0.102     ; 4.991      ;
; 4.926 ; rst       ; gameboy:dut|cpu:cpu|regfile:regfile|regs[3][7]             ; CLOCK3_50    ; CLOCK2_50   ; 10.000       ; -0.102     ; 4.991      ;
; 4.926 ; rst       ; gameboy:dut|cpu:cpu|regfile:regfile|regs[3][0]             ; CLOCK3_50    ; CLOCK2_50   ; 10.000       ; -0.102     ; 4.991      ;
; 4.926 ; rst       ; gameboy:dut|cpu:cpu|regfile:regfile|regs[3][3]             ; CLOCK3_50    ; CLOCK2_50   ; 10.000       ; -0.102     ; 4.991      ;
; 4.926 ; rst       ; gameboy:dut|cpu:cpu|regfile:regfile|regs[3][2]             ; CLOCK3_50    ; CLOCK2_50   ; 10.000       ; -0.102     ; 4.991      ;
; 4.926 ; rst       ; gameboy:dut|cpu:cpu|regfile:regfile|regs[3][6]             ; CLOCK3_50    ; CLOCK2_50   ; 10.000       ; -0.102     ; 4.991      ;
; 4.926 ; rst       ; gameboy:dut|cpu:cpu|regfile:regfile|regs[3][4]             ; CLOCK3_50    ; CLOCK2_50   ; 10.000       ; -0.102     ; 4.991      ;
; 4.926 ; rst       ; gameboy:dut|cpu:cpu|regfile:regfile|regs[3][5]             ; CLOCK3_50    ; CLOCK2_50   ; 10.000       ; -0.102     ; 4.991      ;
; 5.035 ; rst       ; gameboy:dut|MMU:mmu|BRAM_handler:memory_units|HRAM[0][5]   ; CLOCK3_50    ; CLOCK2_50   ; 10.000       ; -0.090     ; 4.894      ;
; 5.035 ; rst       ; gameboy:dut|MMU:mmu|BRAM_handler:memory_units|HRAM[0][4]   ; CLOCK3_50    ; CLOCK2_50   ; 10.000       ; -0.090     ; 4.894      ;
; 5.035 ; rst       ; gameboy:dut|MMU:mmu|BRAM_handler:memory_units|HRAM[0][10]  ; CLOCK3_50    ; CLOCK2_50   ; 10.000       ; -0.090     ; 4.894      ;
; 5.035 ; rst       ; gameboy:dut|MMU:mmu|BRAM_handler:memory_units|HRAM[0][11]  ; CLOCK3_50    ; CLOCK2_50   ; 10.000       ; -0.090     ; 4.894      ;
; 5.035 ; rst       ; gameboy:dut|MMU:mmu|BRAM_handler:memory_units|HRAM[0][12]  ; CLOCK3_50    ; CLOCK2_50   ; 10.000       ; -0.090     ; 4.894      ;
; 5.035 ; rst       ; gameboy:dut|MMU:mmu|BRAM_handler:memory_units|HRAM[0][13]  ; CLOCK3_50    ; CLOCK2_50   ; 10.000       ; -0.090     ; 4.894      ;
; 5.035 ; rst       ; gameboy:dut|MMU:mmu|BRAM_handler:memory_units|HRAM[0][15]  ; CLOCK3_50    ; CLOCK2_50   ; 10.000       ; -0.090     ; 4.894      ;
; 5.060 ; rst       ; gameboy:dut|cpu:cpu|regfile:regfile|regs[5][6]             ; CLOCK3_50    ; CLOCK2_50   ; 10.000       ; -0.101     ; 4.858      ;
; 5.060 ; rst       ; gameboy:dut|cpu:cpu|regfile:regfile|regs[5][3]             ; CLOCK3_50    ; CLOCK2_50   ; 10.000       ; -0.101     ; 4.858      ;
; 5.060 ; rst       ; gameboy:dut|cpu:cpu|regfile:regfile|regs[5][4]             ; CLOCK3_50    ; CLOCK2_50   ; 10.000       ; -0.101     ; 4.858      ;
; 5.060 ; rst       ; gameboy:dut|cpu:cpu|regfile:regfile|regs[5][5]             ; CLOCK3_50    ; CLOCK2_50   ; 10.000       ; -0.101     ; 4.858      ;
; 5.060 ; rst       ; gameboy:dut|cpu:cpu|regfile:regfile|regs[5][7]             ; CLOCK3_50    ; CLOCK2_50   ; 10.000       ; -0.101     ; 4.858      ;
; 5.070 ; rst       ; gameboy:dut|cpu:cpu|regfile:regfile|regs[0][0]             ; CLOCK3_50    ; CLOCK2_50   ; 10.000       ; -0.104     ; 4.845      ;
; 5.070 ; rst       ; gameboy:dut|cpu:cpu|regfile:regfile|regs[0][1]             ; CLOCK3_50    ; CLOCK2_50   ; 10.000       ; -0.104     ; 4.845      ;
; 5.070 ; rst       ; gameboy:dut|cpu:cpu|regfile:regfile|regs[0][3]             ; CLOCK3_50    ; CLOCK2_50   ; 10.000       ; -0.104     ; 4.845      ;
; 5.070 ; rst       ; gameboy:dut|cpu:cpu|regfile:regfile|regs[0][7]             ; CLOCK3_50    ; CLOCK2_50   ; 10.000       ; -0.104     ; 4.845      ;
; 5.070 ; rst       ; gameboy:dut|cpu:cpu|regfile:regfile|regs[0][6]             ; CLOCK3_50    ; CLOCK2_50   ; 10.000       ; -0.104     ; 4.845      ;
; 5.070 ; rst       ; gameboy:dut|cpu:cpu|regfile:regfile|regs[0][2]             ; CLOCK3_50    ; CLOCK2_50   ; 10.000       ; -0.104     ; 4.845      ;
; 5.070 ; rst       ; gameboy:dut|cpu:cpu|regfile:regfile|regs[0][4]             ; CLOCK3_50    ; CLOCK2_50   ; 10.000       ; -0.104     ; 4.845      ;
; 5.070 ; rst       ; gameboy:dut|cpu:cpu|regfile:regfile|regs[0][5]             ; CLOCK3_50    ; CLOCK2_50   ; 10.000       ; -0.104     ; 4.845      ;
; 5.077 ; rst       ; gameboy:dut|MMU:mmu|BRAM_handler:memory_units|HRAM[7][5]   ; CLOCK3_50    ; CLOCK2_50   ; 10.000       ; -0.088     ; 4.854      ;
; 5.077 ; rst       ; gameboy:dut|MMU:mmu|BRAM_handler:memory_units|HRAM[7][3]   ; CLOCK3_50    ; CLOCK2_50   ; 10.000       ; -0.088     ; 4.854      ;
; 5.077 ; rst       ; gameboy:dut|MMU:mmu|BRAM_handler:memory_units|HRAM[7][4]   ; CLOCK3_50    ; CLOCK2_50   ; 10.000       ; -0.088     ; 4.854      ;
; 5.077 ; rst       ; gameboy:dut|MMU:mmu|BRAM_handler:memory_units|HRAM[7][10]  ; CLOCK3_50    ; CLOCK2_50   ; 10.000       ; -0.088     ; 4.854      ;
; 5.077 ; rst       ; gameboy:dut|MMU:mmu|BRAM_handler:memory_units|HRAM[7][11]  ; CLOCK3_50    ; CLOCK2_50   ; 10.000       ; -0.088     ; 4.854      ;
; 5.077 ; rst       ; gameboy:dut|MMU:mmu|BRAM_handler:memory_units|HRAM[7][13]  ; CLOCK3_50    ; CLOCK2_50   ; 10.000       ; -0.088     ; 4.854      ;
; 5.077 ; rst       ; gameboy:dut|MMU:mmu|BRAM_handler:memory_units|HRAM[7][15]  ; CLOCK3_50    ; CLOCK2_50   ; 10.000       ; -0.088     ; 4.854      ;
; 5.089 ; rst       ; gameboy:dut|cpu:cpu|decoder:decoder|flopenr:oldopreg|q[1]  ; CLOCK3_50    ; CLOCK2_50   ; 10.000       ; -0.125     ; 4.805      ;
; 5.089 ; rst       ; gameboy:dut|cpu:cpu|decoder:decoder|flopenr:oldopreg|q[5]  ; CLOCK3_50    ; CLOCK2_50   ; 10.000       ; -0.125     ; 4.805      ;
; 5.089 ; rst       ; gameboy:dut|cpu:cpu|decoder:decoder|flopenr:oldopreg|q[4]  ; CLOCK3_50    ; CLOCK2_50   ; 10.000       ; -0.125     ; 4.805      ;
; 5.099 ; rst       ; gameboy:dut|MMU:mmu|BRAM_handler:memory_units|HRAM[11][5]  ; CLOCK3_50    ; CLOCK2_50   ; 10.000       ; -0.089     ; 4.831      ;
; 5.099 ; rst       ; gameboy:dut|MMU:mmu|BRAM_handler:memory_units|HRAM[11][3]  ; CLOCK3_50    ; CLOCK2_50   ; 10.000       ; -0.089     ; 4.831      ;
; 5.099 ; rst       ; gameboy:dut|MMU:mmu|BRAM_handler:memory_units|HRAM[11][10] ; CLOCK3_50    ; CLOCK2_50   ; 10.000       ; -0.089     ; 4.831      ;
; 5.099 ; rst       ; gameboy:dut|MMU:mmu|BRAM_handler:memory_units|HRAM[11][11] ; CLOCK3_50    ; CLOCK2_50   ; 10.000       ; -0.089     ; 4.831      ;
; 5.099 ; rst       ; gameboy:dut|MMU:mmu|BRAM_handler:memory_units|HRAM[11][13] ; CLOCK3_50    ; CLOCK2_50   ; 10.000       ; -0.089     ; 4.831      ;
; 5.099 ; rst       ; gameboy:dut|MMU:mmu|BRAM_handler:memory_units|HRAM[11][15] ; CLOCK3_50    ; CLOCK2_50   ; 10.000       ; -0.089     ; 4.831      ;
; 5.112 ; rst       ; gameboy:dut|cpu:cpu|regfile:regfile|regs[6][4]             ; CLOCK3_50    ; CLOCK2_50   ; 10.000       ; -0.115     ; 4.792      ;
; 5.136 ; rst       ; gameboy:dut|cpu:cpu|regfile:regfile|regs[1][4]             ; CLOCK3_50    ; CLOCK2_50   ; 10.000       ; -0.097     ; 4.786      ;
; 5.136 ; rst       ; gameboy:dut|cpu:cpu|regfile:regfile|regs[1][5]             ; CLOCK3_50    ; CLOCK2_50   ; 10.000       ; -0.097     ; 4.786      ;
; 5.136 ; rst       ; gameboy:dut|cpu:cpu|regfile:regfile|regs[1][6]             ; CLOCK3_50    ; CLOCK2_50   ; 10.000       ; -0.097     ; 4.786      ;
; 5.136 ; rst       ; gameboy:dut|cpu:cpu|regfile:regfile|regs[1][2]             ; CLOCK3_50    ; CLOCK2_50   ; 10.000       ; -0.097     ; 4.786      ;
; 5.136 ; rst       ; gameboy:dut|cpu:cpu|regfile:regfile|regs[1][3]             ; CLOCK3_50    ; CLOCK2_50   ; 10.000       ; -0.097     ; 4.786      ;
; 5.136 ; rst       ; gameboy:dut|cpu:cpu|regfile:regfile|regs[1][1]             ; CLOCK3_50    ; CLOCK2_50   ; 10.000       ; -0.097     ; 4.786      ;
; 5.146 ; rst       ; gameboy:dut|MMU:mmu|BRAM_handler:memory_units|HRAM[8][5]   ; CLOCK3_50    ; CLOCK2_50   ; 10.000       ; -0.090     ; 4.783      ;
; 5.146 ; rst       ; gameboy:dut|MMU:mmu|BRAM_handler:memory_units|HRAM[8][3]   ; CLOCK3_50    ; CLOCK2_50   ; 10.000       ; -0.090     ; 4.783      ;
; 5.146 ; rst       ; gameboy:dut|MMU:mmu|BRAM_handler:memory_units|HRAM[8][10]  ; CLOCK3_50    ; CLOCK2_50   ; 10.000       ; -0.090     ; 4.783      ;
; 5.146 ; rst       ; gameboy:dut|MMU:mmu|BRAM_handler:memory_units|HRAM[8][11]  ; CLOCK3_50    ; CLOCK2_50   ; 10.000       ; -0.090     ; 4.783      ;
; 5.146 ; rst       ; gameboy:dut|MMU:mmu|BRAM_handler:memory_units|HRAM[8][12]  ; CLOCK3_50    ; CLOCK2_50   ; 10.000       ; -0.090     ; 4.783      ;
; 5.146 ; rst       ; gameboy:dut|MMU:mmu|BRAM_handler:memory_units|HRAM[8][13]  ; CLOCK3_50    ; CLOCK2_50   ; 10.000       ; -0.090     ; 4.783      ;
; 5.146 ; rst       ; gameboy:dut|MMU:mmu|BRAM_handler:memory_units|HRAM[8][15]  ; CLOCK3_50    ; CLOCK2_50   ; 10.000       ; -0.090     ; 4.783      ;
; 5.154 ; rst       ; gameboy:dut|cpu:cpu|regfile:regfile|regs[6][6]             ; CLOCK3_50    ; CLOCK2_50   ; 10.000       ; -0.115     ; 4.750      ;
; 5.195 ; rst       ; gameboy:dut|MMU:mmu|BRAM_handler:memory_units|HRAM[3][0]   ; CLOCK3_50    ; CLOCK2_50   ; 10.000       ; -0.084     ; 4.740      ;
; 5.195 ; rst       ; gameboy:dut|MMU:mmu|BRAM_handler:memory_units|HRAM[8][0]   ; CLOCK3_50    ; CLOCK2_50   ; 10.000       ; -0.085     ; 4.739      ;
; 5.195 ; rst       ; gameboy:dut|MMU:mmu|BRAM_handler:memory_units|HRAM[3][1]   ; CLOCK3_50    ; CLOCK2_50   ; 10.000       ; -0.084     ; 4.740      ;
; 5.195 ; rst       ; gameboy:dut|MMU:mmu|BRAM_handler:memory_units|HRAM[8][1]   ; CLOCK3_50    ; CLOCK2_50   ; 10.000       ; -0.085     ; 4.739      ;
; 5.195 ; rst       ; gameboy:dut|MMU:mmu|BRAM_handler:memory_units|HRAM[8][2]   ; CLOCK3_50    ; CLOCK2_50   ; 10.000       ; -0.085     ; 4.739      ;
; 5.195 ; rst       ; gameboy:dut|MMU:mmu|BRAM_handler:memory_units|HRAM[8][4]   ; CLOCK3_50    ; CLOCK2_50   ; 10.000       ; -0.085     ; 4.739      ;
; 5.200 ; rst       ; gameboy:dut|MMU:mmu|BRAM_handler:memory_units|HRAM[15][3]  ; CLOCK3_50    ; CLOCK2_50   ; 10.000       ; -0.089     ; 4.730      ;
; 5.200 ; rst       ; gameboy:dut|MMU:mmu|BRAM_handler:memory_units|HRAM[15][10] ; CLOCK3_50    ; CLOCK2_50   ; 10.000       ; -0.089     ; 4.730      ;
; 5.200 ; rst       ; gameboy:dut|MMU:mmu|BRAM_handler:memory_units|HRAM[15][11] ; CLOCK3_50    ; CLOCK2_50   ; 10.000       ; -0.089     ; 4.730      ;
; 5.200 ; rst       ; gameboy:dut|MMU:mmu|BRAM_handler:memory_units|HRAM[15][13] ; CLOCK3_50    ; CLOCK2_50   ; 10.000       ; -0.089     ; 4.730      ;
; 5.200 ; rst       ; gameboy:dut|MMU:mmu|BRAM_handler:memory_units|HRAM[15][15] ; CLOCK3_50    ; CLOCK2_50   ; 10.000       ; -0.089     ; 4.730      ;
; 5.230 ; rst       ; gameboy:dut|MMU:mmu|BRAM_handler:memory_units|HRAM[3][7]   ; CLOCK3_50    ; CLOCK2_50   ; 10.000       ; -0.074     ; 4.715      ;
; 5.238 ; rst       ; gameboy:dut|MMU:mmu|BRAM_handler:memory_units|HRAM[3][5]   ; CLOCK3_50    ; CLOCK2_50   ; 10.000       ; -0.088     ; 4.693      ;
; 5.238 ; rst       ; gameboy:dut|MMU:mmu|BRAM_handler:memory_units|HRAM[3][3]   ; CLOCK3_50    ; CLOCK2_50   ; 10.000       ; -0.088     ; 4.693      ;
; 5.238 ; rst       ; gameboy:dut|MMU:mmu|BRAM_handler:memory_units|HRAM[3][4]   ; CLOCK3_50    ; CLOCK2_50   ; 10.000       ; -0.088     ; 4.693      ;
; 5.238 ; rst       ; gameboy:dut|MMU:mmu|BRAM_handler:memory_units|HRAM[3][10]  ; CLOCK3_50    ; CLOCK2_50   ; 10.000       ; -0.088     ; 4.693      ;
; 5.238 ; rst       ; gameboy:dut|MMU:mmu|BRAM_handler:memory_units|HRAM[3][11]  ; CLOCK3_50    ; CLOCK2_50   ; 10.000       ; -0.088     ; 4.693      ;
; 5.238 ; rst       ; gameboy:dut|MMU:mmu|BRAM_handler:memory_units|HRAM[3][13]  ; CLOCK3_50    ; CLOCK2_50   ; 10.000       ; -0.088     ; 4.693      ;
; 5.238 ; rst       ; gameboy:dut|MMU:mmu|BRAM_handler:memory_units|HRAM[3][15]  ; CLOCK3_50    ; CLOCK2_50   ; 10.000       ; -0.088     ; 4.693      ;
; 5.241 ; rst       ; gameboy:dut|MMU:mmu|BRAM_handler:memory_units|HRAM[15][5]  ; CLOCK3_50    ; CLOCK2_50   ; 10.000       ; -0.086     ; 4.692      ;
; 5.241 ; rst       ; gameboy:dut|MMU:mmu|BRAM_handler:memory_units|HRAM[15][12] ; CLOCK3_50    ; CLOCK2_50   ; 10.000       ; -0.086     ; 4.692      ;
; 5.248 ; rst       ; gameboy:dut|MMU:mmu|BRAM_handler:memory_units|HRAM[11][0]  ; CLOCK3_50    ; CLOCK2_50   ; 10.000       ; -0.085     ; 4.686      ;
+-------+-----------+------------------------------------------------------------+--------------+-------------+--------------+------------+------------+


+----------------------------------------------------------------------------------------------------------------------------------------+
; Slow 1200mV 0C Model Setup: 'CLOCK3_50'                                                                                                ;
+--------+----------------------------+----------------------------+--------------+-------------+--------------+------------+------------+
; Slack  ; From Node                  ; To Node                    ; Launch Clock ; Latch Clock ; Relationship ; Clock Skew ; Data Delay ;
+--------+----------------------------+----------------------------+--------------+-------------+--------------+------------+------------+
; 16.140 ; vga:v1|Counter:vs_ct|Q[17] ; vga:v1|Counter:vs_ct|Q[13] ; CLOCK3_50    ; CLOCK3_50   ; 20.000       ; -0.072     ; 3.807      ;
; 16.140 ; vga:v1|Counter:vs_ct|Q[17] ; vga:v1|Counter:vs_ct|Q[15] ; CLOCK3_50    ; CLOCK3_50   ; 20.000       ; -0.072     ; 3.807      ;
; 16.141 ; vga:v1|Counter:vs_ct|Q[17] ; vga:v1|Counter:vs_ct|Q[11] ; CLOCK3_50    ; CLOCK3_50   ; 20.000       ; -0.072     ; 3.806      ;
; 16.141 ; vga:v1|Counter:vs_ct|Q[17] ; vga:v1|Counter:vs_ct|Q[18] ; CLOCK3_50    ; CLOCK3_50   ; 20.000       ; -0.072     ; 3.806      ;
; 16.141 ; vga:v1|Counter:vs_ct|Q[17] ; vga:v1|Counter:vs_ct|Q[19] ; CLOCK3_50    ; CLOCK3_50   ; 20.000       ; -0.072     ; 3.806      ;
; 16.178 ; vga:v1|Counter:vs_ct|Q[16] ; vga:v1|Counter:vs_ct|Q[13] ; CLOCK3_50    ; CLOCK3_50   ; 20.000       ; -0.072     ; 3.769      ;
; 16.178 ; vga:v1|Counter:vs_ct|Q[16] ; vga:v1|Counter:vs_ct|Q[15] ; CLOCK3_50    ; CLOCK3_50   ; 20.000       ; -0.072     ; 3.769      ;
; 16.179 ; vga:v1|Counter:vs_ct|Q[16] ; vga:v1|Counter:vs_ct|Q[11] ; CLOCK3_50    ; CLOCK3_50   ; 20.000       ; -0.072     ; 3.768      ;
; 16.179 ; vga:v1|Counter:vs_ct|Q[16] ; vga:v1|Counter:vs_ct|Q[18] ; CLOCK3_50    ; CLOCK3_50   ; 20.000       ; -0.072     ; 3.768      ;
; 16.179 ; vga:v1|Counter:vs_ct|Q[16] ; vga:v1|Counter:vs_ct|Q[19] ; CLOCK3_50    ; CLOCK3_50   ; 20.000       ; -0.072     ; 3.768      ;
; 16.387 ; vga:v1|Counter:vs_ct|Q[17] ; vga:v1|Counter:vs_ct|Q[12] ; CLOCK3_50    ; CLOCK3_50   ; 20.000       ; -0.072     ; 3.560      ;
; 16.425 ; vga:v1|Counter:vs_ct|Q[16] ; vga:v1|Counter:vs_ct|Q[12] ; CLOCK3_50    ; CLOCK3_50   ; 20.000       ; -0.072     ; 3.522      ;
; 16.482 ; vga:v1|Counter:vs_ct|Q[17] ; vga:v1|Counter:vs_ct|Q[6]  ; CLOCK3_50    ; CLOCK3_50   ; 20.000       ; -0.071     ; 3.466      ;
; 16.520 ; vga:v1|Counter:vs_ct|Q[16] ; vga:v1|Counter:vs_ct|Q[6]  ; CLOCK3_50    ; CLOCK3_50   ; 20.000       ; -0.071     ; 3.428      ;
; 16.568 ; vga:v1|Counter:hs_ct|Q[1]  ; vga:v1|Counter:vs_ct|Q[11] ; CLOCK3_50    ; CLOCK3_50   ; 20.000       ; -0.071     ; 3.380      ;
; 16.568 ; vga:v1|Counter:hs_ct|Q[1]  ; vga:v1|Counter:vs_ct|Q[13] ; CLOCK3_50    ; CLOCK3_50   ; 20.000       ; -0.071     ; 3.380      ;
; 16.568 ; vga:v1|Counter:hs_ct|Q[1]  ; vga:v1|Counter:vs_ct|Q[15] ; CLOCK3_50    ; CLOCK3_50   ; 20.000       ; -0.071     ; 3.380      ;
; 16.569 ; vga:v1|Counter:hs_ct|Q[1]  ; vga:v1|Counter:vs_ct|Q[18] ; CLOCK3_50    ; CLOCK3_50   ; 20.000       ; -0.071     ; 3.379      ;
; 16.569 ; vga:v1|Counter:hs_ct|Q[1]  ; vga:v1|Counter:vs_ct|Q[19] ; CLOCK3_50    ; CLOCK3_50   ; 20.000       ; -0.071     ; 3.379      ;
; 16.689 ; vga:v1|Counter:vs_ct|Q[13] ; vga:v1|Counter:vs_ct|Q[11] ; CLOCK3_50    ; CLOCK3_50   ; 20.000       ; -0.072     ; 3.258      ;
; 16.689 ; vga:v1|Counter:vs_ct|Q[13] ; vga:v1|Counter:vs_ct|Q[13] ; CLOCK3_50    ; CLOCK3_50   ; 20.000       ; -0.072     ; 3.258      ;
; 16.689 ; vga:v1|Counter:vs_ct|Q[13] ; vga:v1|Counter:vs_ct|Q[15] ; CLOCK3_50    ; CLOCK3_50   ; 20.000       ; -0.072     ; 3.258      ;
; 16.690 ; vga:v1|Counter:vs_ct|Q[13] ; vga:v1|Counter:vs_ct|Q[18] ; CLOCK3_50    ; CLOCK3_50   ; 20.000       ; -0.072     ; 3.257      ;
; 16.690 ; vga:v1|Counter:vs_ct|Q[13] ; vga:v1|Counter:vs_ct|Q[19] ; CLOCK3_50    ; CLOCK3_50   ; 20.000       ; -0.072     ; 3.257      ;
; 16.693 ; vga:v1|Counter:hs_ct|Q[0]  ; vga:v1|Counter:vs_ct|Q[11] ; CLOCK3_50    ; CLOCK3_50   ; 20.000       ; -0.071     ; 3.255      ;
; 16.693 ; vga:v1|Counter:hs_ct|Q[0]  ; vga:v1|Counter:vs_ct|Q[13] ; CLOCK3_50    ; CLOCK3_50   ; 20.000       ; -0.071     ; 3.255      ;
; 16.693 ; vga:v1|Counter:hs_ct|Q[0]  ; vga:v1|Counter:vs_ct|Q[15] ; CLOCK3_50    ; CLOCK3_50   ; 20.000       ; -0.071     ; 3.255      ;
; 16.694 ; vga:v1|Counter:hs_ct|Q[0]  ; vga:v1|Counter:vs_ct|Q[18] ; CLOCK3_50    ; CLOCK3_50   ; 20.000       ; -0.071     ; 3.254      ;
; 16.694 ; vga:v1|Counter:hs_ct|Q[0]  ; vga:v1|Counter:vs_ct|Q[19] ; CLOCK3_50    ; CLOCK3_50   ; 20.000       ; -0.071     ; 3.254      ;
; 16.726 ; vga:v1|Counter:vs_ct|Q[4]  ; vga:v1|Counter:vs_ct|Q[11] ; CLOCK3_50    ; CLOCK3_50   ; 20.000       ; -0.073     ; 3.220      ;
; 16.726 ; vga:v1|Counter:vs_ct|Q[4]  ; vga:v1|Counter:vs_ct|Q[13] ; CLOCK3_50    ; CLOCK3_50   ; 20.000       ; -0.073     ; 3.220      ;
; 16.726 ; vga:v1|Counter:vs_ct|Q[4]  ; vga:v1|Counter:vs_ct|Q[15] ; CLOCK3_50    ; CLOCK3_50   ; 20.000       ; -0.073     ; 3.220      ;
; 16.727 ; vga:v1|Counter:vs_ct|Q[4]  ; vga:v1|Counter:vs_ct|Q[18] ; CLOCK3_50    ; CLOCK3_50   ; 20.000       ; -0.073     ; 3.219      ;
; 16.727 ; vga:v1|Counter:vs_ct|Q[4]  ; vga:v1|Counter:vs_ct|Q[19] ; CLOCK3_50    ; CLOCK3_50   ; 20.000       ; -0.073     ; 3.219      ;
; 16.797 ; vga:v1|Counter:vs_ct|Q[9]  ; vga:v1|Counter:vs_ct|Q[11] ; CLOCK3_50    ; CLOCK3_50   ; 20.000       ; -0.073     ; 3.149      ;
; 16.797 ; vga:v1|Counter:vs_ct|Q[9]  ; vga:v1|Counter:vs_ct|Q[13] ; CLOCK3_50    ; CLOCK3_50   ; 20.000       ; -0.073     ; 3.149      ;
; 16.797 ; vga:v1|Counter:vs_ct|Q[9]  ; vga:v1|Counter:vs_ct|Q[15] ; CLOCK3_50    ; CLOCK3_50   ; 20.000       ; -0.073     ; 3.149      ;
; 16.797 ; vga:v1|Counter:vs_ct|Q[11] ; vga:v1|Counter:vs_ct|Q[11] ; CLOCK3_50    ; CLOCK3_50   ; 20.000       ; -0.072     ; 3.150      ;
; 16.797 ; vga:v1|Counter:vs_ct|Q[11] ; vga:v1|Counter:vs_ct|Q[13] ; CLOCK3_50    ; CLOCK3_50   ; 20.000       ; -0.072     ; 3.150      ;
; 16.797 ; vga:v1|Counter:vs_ct|Q[11] ; vga:v1|Counter:vs_ct|Q[15] ; CLOCK3_50    ; CLOCK3_50   ; 20.000       ; -0.072     ; 3.150      ;
; 16.798 ; vga:v1|Counter:vs_ct|Q[9]  ; vga:v1|Counter:vs_ct|Q[18] ; CLOCK3_50    ; CLOCK3_50   ; 20.000       ; -0.073     ; 3.148      ;
; 16.798 ; vga:v1|Counter:vs_ct|Q[9]  ; vga:v1|Counter:vs_ct|Q[19] ; CLOCK3_50    ; CLOCK3_50   ; 20.000       ; -0.073     ; 3.148      ;
; 16.798 ; vga:v1|Counter:vs_ct|Q[11] ; vga:v1|Counter:vs_ct|Q[18] ; CLOCK3_50    ; CLOCK3_50   ; 20.000       ; -0.072     ; 3.149      ;
; 16.798 ; vga:v1|Counter:vs_ct|Q[11] ; vga:v1|Counter:vs_ct|Q[19] ; CLOCK3_50    ; CLOCK3_50   ; 20.000       ; -0.072     ; 3.149      ;
; 16.824 ; vga:v1|Counter:hs_ct|Q[1]  ; vga:v1|Counter:vs_ct|Q[12] ; CLOCK3_50    ; CLOCK3_50   ; 20.000       ; -0.071     ; 3.124      ;
; 16.825 ; vga:v1|Counter:vs_ct|Q[6]  ; vga:v1|Counter:vs_ct|Q[11] ; CLOCK3_50    ; CLOCK3_50   ; 20.000       ; -0.073     ; 3.121      ;
; 16.825 ; vga:v1|Counter:vs_ct|Q[6]  ; vga:v1|Counter:vs_ct|Q[13] ; CLOCK3_50    ; CLOCK3_50   ; 20.000       ; -0.073     ; 3.121      ;
; 16.825 ; vga:v1|Counter:vs_ct|Q[6]  ; vga:v1|Counter:vs_ct|Q[15] ; CLOCK3_50    ; CLOCK3_50   ; 20.000       ; -0.073     ; 3.121      ;
; 16.826 ; vga:v1|Counter:vs_ct|Q[6]  ; vga:v1|Counter:vs_ct|Q[18] ; CLOCK3_50    ; CLOCK3_50   ; 20.000       ; -0.073     ; 3.120      ;
; 16.826 ; vga:v1|Counter:vs_ct|Q[6]  ; vga:v1|Counter:vs_ct|Q[19] ; CLOCK3_50    ; CLOCK3_50   ; 20.000       ; -0.073     ; 3.120      ;
; 16.869 ; vga:v1|Counter:vs_ct|Q[15] ; vga:v1|Counter:vs_ct|Q[11] ; CLOCK3_50    ; CLOCK3_50   ; 20.000       ; -0.072     ; 3.078      ;
; 16.869 ; vga:v1|Counter:vs_ct|Q[15] ; vga:v1|Counter:vs_ct|Q[13] ; CLOCK3_50    ; CLOCK3_50   ; 20.000       ; -0.072     ; 3.078      ;
; 16.869 ; vga:v1|Counter:vs_ct|Q[15] ; vga:v1|Counter:vs_ct|Q[15] ; CLOCK3_50    ; CLOCK3_50   ; 20.000       ; -0.072     ; 3.078      ;
; 16.870 ; vga:v1|Counter:vs_ct|Q[15] ; vga:v1|Counter:vs_ct|Q[18] ; CLOCK3_50    ; CLOCK3_50   ; 20.000       ; -0.072     ; 3.077      ;
; 16.870 ; vga:v1|Counter:vs_ct|Q[15] ; vga:v1|Counter:vs_ct|Q[19] ; CLOCK3_50    ; CLOCK3_50   ; 20.000       ; -0.072     ; 3.077      ;
; 16.905 ; vga:v1|Counter:vs_ct|Q[2]  ; vga:v1|Counter:vs_ct|Q[11] ; CLOCK3_50    ; CLOCK3_50   ; 20.000       ; -0.073     ; 3.041      ;
; 16.905 ; vga:v1|Counter:vs_ct|Q[2]  ; vga:v1|Counter:vs_ct|Q[13] ; CLOCK3_50    ; CLOCK3_50   ; 20.000       ; -0.073     ; 3.041      ;
; 16.905 ; vga:v1|Counter:vs_ct|Q[2]  ; vga:v1|Counter:vs_ct|Q[15] ; CLOCK3_50    ; CLOCK3_50   ; 20.000       ; -0.073     ; 3.041      ;
; 16.906 ; vga:v1|Counter:vs_ct|Q[2]  ; vga:v1|Counter:vs_ct|Q[18] ; CLOCK3_50    ; CLOCK3_50   ; 20.000       ; -0.073     ; 3.040      ;
; 16.906 ; vga:v1|Counter:vs_ct|Q[2]  ; vga:v1|Counter:vs_ct|Q[19] ; CLOCK3_50    ; CLOCK3_50   ; 20.000       ; -0.073     ; 3.040      ;
; 16.912 ; vga:v1|Counter:hs_ct|Q[1]  ; vga:v1|Counter:vs_ct|Q[6]  ; CLOCK3_50    ; CLOCK3_50   ; 20.000       ; -0.070     ; 3.037      ;
; 16.917 ; vga:v1|Counter:vs_ct|Q[18] ; vga:v1|Counter:vs_ct|Q[11] ; CLOCK3_50    ; CLOCK3_50   ; 20.000       ; -0.072     ; 3.030      ;
; 16.917 ; vga:v1|Counter:vs_ct|Q[18] ; vga:v1|Counter:vs_ct|Q[13] ; CLOCK3_50    ; CLOCK3_50   ; 20.000       ; -0.072     ; 3.030      ;
; 16.917 ; vga:v1|Counter:vs_ct|Q[18] ; vga:v1|Counter:vs_ct|Q[15] ; CLOCK3_50    ; CLOCK3_50   ; 20.000       ; -0.072     ; 3.030      ;
; 16.918 ; vga:v1|Counter:vs_ct|Q[18] ; vga:v1|Counter:vs_ct|Q[18] ; CLOCK3_50    ; CLOCK3_50   ; 20.000       ; -0.072     ; 3.029      ;
; 16.918 ; vga:v1|Counter:vs_ct|Q[18] ; vga:v1|Counter:vs_ct|Q[19] ; CLOCK3_50    ; CLOCK3_50   ; 20.000       ; -0.072     ; 3.029      ;
; 16.961 ; vga:v1|Counter:vs_ct|Q[13] ; vga:v1|Counter:vs_ct|Q[12] ; CLOCK3_50    ; CLOCK3_50   ; 20.000       ; -0.072     ; 2.986      ;
; 16.964 ; vga:v1|Counter:vs_ct|Q[7]  ; vga:v1|Counter:vs_ct|Q[11] ; CLOCK3_50    ; CLOCK3_50   ; 20.000       ; -0.073     ; 2.982      ;
; 16.964 ; vga:v1|Counter:vs_ct|Q[7]  ; vga:v1|Counter:vs_ct|Q[13] ; CLOCK3_50    ; CLOCK3_50   ; 20.000       ; -0.073     ; 2.982      ;
; 16.964 ; vga:v1|Counter:vs_ct|Q[7]  ; vga:v1|Counter:vs_ct|Q[15] ; CLOCK3_50    ; CLOCK3_50   ; 20.000       ; -0.073     ; 2.982      ;
; 16.965 ; vga:v1|Counter:hs_ct|Q[0]  ; vga:v1|Counter:vs_ct|Q[12] ; CLOCK3_50    ; CLOCK3_50   ; 20.000       ; -0.071     ; 2.983      ;
; 16.965 ; vga:v1|Counter:vs_ct|Q[7]  ; vga:v1|Counter:vs_ct|Q[18] ; CLOCK3_50    ; CLOCK3_50   ; 20.000       ; -0.073     ; 2.981      ;
; 16.965 ; vga:v1|Counter:vs_ct|Q[7]  ; vga:v1|Counter:vs_ct|Q[19] ; CLOCK3_50    ; CLOCK3_50   ; 20.000       ; -0.073     ; 2.981      ;
; 16.980 ; vga:v1|Counter:vs_ct|Q[12] ; vga:v1|Counter:vs_ct|Q[11] ; CLOCK3_50    ; CLOCK3_50   ; 20.000       ; -0.072     ; 2.967      ;
; 16.980 ; vga:v1|Counter:vs_ct|Q[12] ; vga:v1|Counter:vs_ct|Q[13] ; CLOCK3_50    ; CLOCK3_50   ; 20.000       ; -0.072     ; 2.967      ;
; 16.980 ; vga:v1|Counter:vs_ct|Q[12] ; vga:v1|Counter:vs_ct|Q[15] ; CLOCK3_50    ; CLOCK3_50   ; 20.000       ; -0.072     ; 2.967      ;
; 16.981 ; vga:v1|Counter:vs_ct|Q[12] ; vga:v1|Counter:vs_ct|Q[18] ; CLOCK3_50    ; CLOCK3_50   ; 20.000       ; -0.072     ; 2.966      ;
; 16.981 ; vga:v1|Counter:vs_ct|Q[12] ; vga:v1|Counter:vs_ct|Q[19] ; CLOCK3_50    ; CLOCK3_50   ; 20.000       ; -0.072     ; 2.966      ;
; 16.986 ; vga:v1|Counter:vs_ct|Q[5]  ; vga:v1|Counter:vs_ct|Q[11] ; CLOCK3_50    ; CLOCK3_50   ; 20.000       ; -0.073     ; 2.960      ;
; 16.986 ; vga:v1|Counter:vs_ct|Q[5]  ; vga:v1|Counter:vs_ct|Q[13] ; CLOCK3_50    ; CLOCK3_50   ; 20.000       ; -0.073     ; 2.960      ;
; 16.986 ; vga:v1|Counter:vs_ct|Q[5]  ; vga:v1|Counter:vs_ct|Q[15] ; CLOCK3_50    ; CLOCK3_50   ; 20.000       ; -0.073     ; 2.960      ;
; 16.987 ; vga:v1|Counter:vs_ct|Q[5]  ; vga:v1|Counter:vs_ct|Q[18] ; CLOCK3_50    ; CLOCK3_50   ; 20.000       ; -0.073     ; 2.959      ;
; 16.987 ; vga:v1|Counter:vs_ct|Q[5]  ; vga:v1|Counter:vs_ct|Q[19] ; CLOCK3_50    ; CLOCK3_50   ; 20.000       ; -0.073     ; 2.959      ;
; 16.998 ; vga:v1|Counter:vs_ct|Q[4]  ; vga:v1|Counter:vs_ct|Q[12] ; CLOCK3_50    ; CLOCK3_50   ; 20.000       ; -0.073     ; 2.948      ;
; 17.014 ; vga:v1|Counter:vs_ct|Q[14] ; vga:v1|Counter:vs_ct|Q[11] ; CLOCK3_50    ; CLOCK3_50   ; 20.000       ; -0.072     ; 2.933      ;
; 17.014 ; vga:v1|Counter:vs_ct|Q[14] ; vga:v1|Counter:vs_ct|Q[13] ; CLOCK3_50    ; CLOCK3_50   ; 20.000       ; -0.072     ; 2.933      ;
; 17.014 ; vga:v1|Counter:vs_ct|Q[14] ; vga:v1|Counter:vs_ct|Q[15] ; CLOCK3_50    ; CLOCK3_50   ; 20.000       ; -0.072     ; 2.933      ;
; 17.015 ; vga:v1|Counter:vs_ct|Q[14] ; vga:v1|Counter:vs_ct|Q[18] ; CLOCK3_50    ; CLOCK3_50   ; 20.000       ; -0.072     ; 2.932      ;
; 17.015 ; vga:v1|Counter:vs_ct|Q[14] ; vga:v1|Counter:vs_ct|Q[19] ; CLOCK3_50    ; CLOCK3_50   ; 20.000       ; -0.072     ; 2.932      ;
; 17.018 ; vga:v1|Counter:vs_ct|Q[19] ; vga:v1|Counter:vs_ct|Q[11] ; CLOCK3_50    ; CLOCK3_50   ; 20.000       ; -0.072     ; 2.929      ;
; 17.018 ; vga:v1|Counter:vs_ct|Q[19] ; vga:v1|Counter:vs_ct|Q[13] ; CLOCK3_50    ; CLOCK3_50   ; 20.000       ; -0.072     ; 2.929      ;
; 17.018 ; vga:v1|Counter:vs_ct|Q[19] ; vga:v1|Counter:vs_ct|Q[15] ; CLOCK3_50    ; CLOCK3_50   ; 20.000       ; -0.072     ; 2.929      ;
; 17.019 ; vga:v1|Counter:vs_ct|Q[19] ; vga:v1|Counter:vs_ct|Q[18] ; CLOCK3_50    ; CLOCK3_50   ; 20.000       ; -0.072     ; 2.928      ;
; 17.019 ; vga:v1|Counter:vs_ct|Q[19] ; vga:v1|Counter:vs_ct|Q[19] ; CLOCK3_50    ; CLOCK3_50   ; 20.000       ; -0.072     ; 2.928      ;
; 17.033 ; vga:v1|Counter:vs_ct|Q[13] ; vga:v1|Counter:vs_ct|Q[6]  ; CLOCK3_50    ; CLOCK3_50   ; 20.000       ; -0.071     ; 2.915      ;
; 17.037 ; vga:v1|Counter:hs_ct|Q[0]  ; vga:v1|Counter:vs_ct|Q[6]  ; CLOCK3_50    ; CLOCK3_50   ; 20.000       ; -0.070     ; 2.912      ;
; 17.037 ; vga:v1|Counter:vs_ct|Q[10] ; vga:v1|Counter:vs_ct|Q[11] ; CLOCK3_50    ; CLOCK3_50   ; 20.000       ; -0.072     ; 2.910      ;
; 17.037 ; vga:v1|Counter:vs_ct|Q[10] ; vga:v1|Counter:vs_ct|Q[13] ; CLOCK3_50    ; CLOCK3_50   ; 20.000       ; -0.072     ; 2.910      ;
; 17.037 ; vga:v1|Counter:vs_ct|Q[10] ; vga:v1|Counter:vs_ct|Q[15] ; CLOCK3_50    ; CLOCK3_50   ; 20.000       ; -0.072     ; 2.910      ;
; 17.038 ; vga:v1|Counter:vs_ct|Q[10] ; vga:v1|Counter:vs_ct|Q[18] ; CLOCK3_50    ; CLOCK3_50   ; 20.000       ; -0.072     ; 2.909      ;
+--------+----------------------------+----------------------------+--------------+-------------+--------------+------------+------------+


+-----------------------------------------------------------------------------------------------------------------------------------------------------------------------------------------------------------------------------------------------------------------------------------------------------+
; Slow 1200mV 0C Model Hold: 'CLOCK2_50'                                                                                                                                                                                                                                                              ;
+-------+-----------------------------------------------------------------------------------------------------------+-----------------------------------------------------------------------------------------------------------+--------------+-------------+--------------+------------+------------+
; Slack ; From Node                                                                                                 ; To Node                                                                                                   ; Launch Clock ; Latch Clock ; Relationship ; Clock Skew ; Data Delay ;
+-------+-----------------------------------------------------------------------------------------------------------+-----------------------------------------------------------------------------------------------------------+--------------+-------------+--------------+------------+------------+
; 0.353 ; gameboy:dut|MMU:mmu|IO_handler:io_registers|NR52_R[7]                                                     ; gameboy:dut|MMU:mmu|IO_handler:io_registers|NR52_R[7]                                                     ; CLOCK2_50    ; CLOCK2_50   ; 0.000        ; 0.073      ; 0.597      ;
; 0.353 ; gameboy:dut|MMU:mmu|IO_handler:io_registers|IF_R[0]                                                       ; gameboy:dut|MMU:mmu|IO_handler:io_registers|IF_R[0]                                                       ; CLOCK2_50    ; CLOCK2_50   ; 0.000        ; 0.073      ; 0.597      ;
; 0.354 ; gameboy:dut|cpu:cpu|decoder:decoder|flopenr:imereg|q[0]                                                   ; gameboy:dut|cpu:cpu|decoder:decoder|flopenr:imereg|q[0]                                                   ; CLOCK2_50    ; CLOCK2_50   ; 0.000        ; 0.072      ; 0.597      ;
; 0.354 ; gameboy:dut|PPU_Wrapper:ppu|Pixel_Gen:Pixel_Gen_inst|Render_BG:render_bg_inst|pixel_index[2]              ; gameboy:dut|PPU_Wrapper:ppu|Pixel_Gen:Pixel_Gen_inst|Render_BG:render_bg_inst|pixel_index[2]              ; CLOCK2_50    ; CLOCK2_50   ; 0.000        ; 0.072      ; 0.597      ;
; 0.354 ; gameboy:dut|PPU_Wrapper:ppu|Pixel_Gen:Pixel_Gen_inst|Render_BG:render_bg_inst|pixel_index[1]              ; gameboy:dut|PPU_Wrapper:ppu|Pixel_Gen:Pixel_Gen_inst|Render_BG:render_bg_inst|pixel_index[1]              ; CLOCK2_50    ; CLOCK2_50   ; 0.000        ; 0.072      ; 0.597      ;
; 0.354 ; gameboy:dut|PPU_Wrapper:ppu|Pixel_Gen:Pixel_Gen_inst|Render_BG:render_bg_inst|pixel_index[0]              ; gameboy:dut|PPU_Wrapper:ppu|Pixel_Gen:Pixel_Gen_inst|Render_BG:render_bg_inst|pixel_index[0]              ; CLOCK2_50    ; CLOCK2_50   ; 0.000        ; 0.072      ; 0.597      ;
; 0.354 ; gameboy:dut|PPU_Wrapper:ppu|Pixel_Gen:Pixel_Gen_inst|Render_BG:render_bg_inst|state.BG_IDLE               ; gameboy:dut|PPU_Wrapper:ppu|Pixel_Gen:Pixel_Gen_inst|Render_BG:render_bg_inst|state.BG_IDLE               ; CLOCK2_50    ; CLOCK2_50   ; 0.000        ; 0.072      ; 0.597      ;
; 0.354 ; gameboy:dut|PPU_Wrapper:ppu|OAM_Search:oam_search|state.OAM_IDLE                                          ; gameboy:dut|PPU_Wrapper:ppu|OAM_Search:oam_search|state.OAM_IDLE                                          ; CLOCK2_50    ; CLOCK2_50   ; 0.000        ; 0.072      ; 0.597      ;
; 0.354 ; gameboy:dut|PPU_Wrapper:ppu|OAM_Search:oam_search|state.OAM_FETCH                                         ; gameboy:dut|PPU_Wrapper:ppu|OAM_Search:oam_search|state.OAM_FETCH                                         ; CLOCK2_50    ; CLOCK2_50   ; 0.000        ; 0.072      ; 0.597      ;
; 0.354 ; gameboy:dut|PPU_Wrapper:ppu|OAM_Search:oam_search|selected_count[0]                                       ; gameboy:dut|PPU_Wrapper:ppu|OAM_Search:oam_search|selected_count[0]                                       ; CLOCK2_50    ; CLOCK2_50   ; 0.000        ; 0.072      ; 0.597      ;
; 0.354 ; gameboy:dut|PPU_Wrapper:ppu|OAM_Search:oam_search|selected_count[1]                                       ; gameboy:dut|PPU_Wrapper:ppu|OAM_Search:oam_search|selected_count[1]                                       ; CLOCK2_50    ; CLOCK2_50   ; 0.000        ; 0.072      ; 0.597      ;
; 0.354 ; gameboy:dut|PPU_Wrapper:ppu|OAM_Search:oam_search|selected_count[2]                                       ; gameboy:dut|PPU_Wrapper:ppu|OAM_Search:oam_search|selected_count[2]                                       ; CLOCK2_50    ; CLOCK2_50   ; 0.000        ; 0.072      ; 0.597      ;
; 0.354 ; gameboy:dut|PPU_Wrapper:ppu|OAM_Search:oam_search|selected_count[3]                                       ; gameboy:dut|PPU_Wrapper:ppu|OAM_Search:oam_search|selected_count[3]                                       ; CLOCK2_50    ; CLOCK2_50   ; 0.000        ; 0.072      ; 0.597      ;
; 0.354 ; gameboy:dut|PPU_Wrapper:ppu|Pixel_Gen:Pixel_Gen_inst|Render_Sprites:render_sprites_inst|x_coord[8]        ; gameboy:dut|PPU_Wrapper:ppu|Pixel_Gen:Pixel_Gen_inst|Render_Sprites:render_sprites_inst|x_coord[8]        ; CLOCK2_50    ; CLOCK2_50   ; 0.000        ; 0.072      ; 0.597      ;
; 0.354 ; gameboy:dut|PPU_Wrapper:ppu|Pixel_Gen:Pixel_Gen_inst|Render_Sprites:render_sprites_inst|pixel_index[2]    ; gameboy:dut|PPU_Wrapper:ppu|Pixel_Gen:Pixel_Gen_inst|Render_Sprites:render_sprites_inst|pixel_index[2]    ; CLOCK2_50    ; CLOCK2_50   ; 0.000        ; 0.072      ; 0.597      ;
; 0.354 ; gameboy:dut|PPU_Wrapper:ppu|Pixel_Gen:Pixel_Gen_inst|Render_Sprites:render_sprites_inst|pixel_index[1]    ; gameboy:dut|PPU_Wrapper:ppu|Pixel_Gen:Pixel_Gen_inst|Render_Sprites:render_sprites_inst|pixel_index[1]    ; CLOCK2_50    ; CLOCK2_50   ; 0.000        ; 0.072      ; 0.597      ;
; 0.354 ; gameboy:dut|PPU_Wrapper:ppu|Pixel_Gen:Pixel_Gen_inst|Render_Sprites:render_sprites_inst|state.SCAN_CHECK  ; gameboy:dut|PPU_Wrapper:ppu|Pixel_Gen:Pixel_Gen_inst|Render_Sprites:render_sprites_inst|state.SCAN_CHECK  ; CLOCK2_50    ; CLOCK2_50   ; 0.000        ; 0.072      ; 0.597      ;
; 0.354 ; gameboy:dut|PPU_Wrapper:ppu|Pixel_Gen:Pixel_Gen_inst|Render_Sprites:render_sprites_inst|x_coord[9]        ; gameboy:dut|PPU_Wrapper:ppu|Pixel_Gen:Pixel_Gen_inst|Render_Sprites:render_sprites_inst|x_coord[9]        ; CLOCK2_50    ; CLOCK2_50   ; 0.000        ; 0.072      ; 0.597      ;
; 0.354 ; gameboy:dut|PPU_Wrapper:ppu|Pixel_Gen:Pixel_Gen_inst|Render_Sprites:render_sprites_inst|state.IDLE        ; gameboy:dut|PPU_Wrapper:ppu|Pixel_Gen:Pixel_Gen_inst|Render_Sprites:render_sprites_inst|state.IDLE        ; CLOCK2_50    ; CLOCK2_50   ; 0.000        ; 0.072      ; 0.597      ;
; 0.354 ; gameboy:dut|PPU_Wrapper:ppu|Pixel_Gen:Pixel_Gen_inst|Render_BG:render_bg_inst|bg_done                     ; gameboy:dut|PPU_Wrapper:ppu|Pixel_Gen:Pixel_Gen_inst|Render_BG:render_bg_inst|bg_done                     ; CLOCK2_50    ; CLOCK2_50   ; 0.000        ; 0.072      ; 0.597      ;
; 0.354 ; gameboy:dut|PPU_Wrapper:ppu|OAM_Search:oam_search|state.OAM_SORT                                          ; gameboy:dut|PPU_Wrapper:ppu|OAM_Search:oam_search|state.OAM_SORT                                          ; CLOCK2_50    ; CLOCK2_50   ; 0.000        ; 0.072      ; 0.597      ;
; 0.354 ; gameboy:dut|PPU_Wrapper:ppu|Pixel_Gen:Pixel_Gen_inst|Render_Sprites:render_sprites_inst|state.DUMP_PIXELS ; gameboy:dut|PPU_Wrapper:ppu|Pixel_Gen:Pixel_Gen_inst|Render_Sprites:render_sprites_inst|state.DUMP_PIXELS ; CLOCK2_50    ; CLOCK2_50   ; 0.000        ; 0.072      ; 0.597      ;
; 0.354 ; gameboy:dut|PPU_Wrapper:ppu|Pixel_Gen:Pixel_Gen_inst|Render_Sprites:render_sprites_inst|sprite_done       ; gameboy:dut|PPU_Wrapper:ppu|Pixel_Gen:Pixel_Gen_inst|Render_Sprites:render_sprites_inst|sprite_done       ; CLOCK2_50    ; CLOCK2_50   ; 0.000        ; 0.072      ; 0.597      ;
; 0.354 ; gameboy:dut|MMU:mmu|IO_handler:io_registers|start_dma                                                     ; gameboy:dut|MMU:mmu|IO_handler:io_registers|start_dma                                                     ; CLOCK2_50    ; CLOCK2_50   ; 0.000        ; 0.072      ; 0.597      ;
; 0.354 ; gameboy:dut|MMU:mmu|BRAM_handler:memory_units|DMA_controller:dma_guy|state.FINISHED                       ; gameboy:dut|MMU:mmu|BRAM_handler:memory_units|DMA_controller:dma_guy|state.FINISHED                       ; CLOCK2_50    ; CLOCK2_50   ; 0.000        ; 0.072      ; 0.597      ;
; 0.355 ; gameboy:dut|cpu:cpu|decoder:decoder|flopr:mpcflop|q[7]                                                    ; gameboy:dut|cpu:cpu|decoder:decoder|flopr:mpcflop|q[7]                                                    ; CLOCK2_50    ; CLOCK2_50   ; 0.000        ; 0.071      ; 0.597      ;
; 0.355 ; gameboy:dut|PPU_Wrapper:ppu|OAM_Search:oam_search|sort_j[3]                                               ; gameboy:dut|PPU_Wrapper:ppu|OAM_Search:oam_search|sort_j[3]                                               ; CLOCK2_50    ; CLOCK2_50   ; 0.000        ; 0.071      ; 0.597      ;
; 0.355 ; gameboy:dut|PPU_Wrapper:ppu|OAM_Search:oam_search|sort_i[2]                                               ; gameboy:dut|PPU_Wrapper:ppu|OAM_Search:oam_search|sort_i[2]                                               ; CLOCK2_50    ; CLOCK2_50   ; 0.000        ; 0.071      ; 0.597      ;
; 0.355 ; gameboy:dut|PPU_Wrapper:ppu|OAM_Search:oam_search|sort_i[1]                                               ; gameboy:dut|PPU_Wrapper:ppu|OAM_Search:oam_search|sort_i[1]                                               ; CLOCK2_50    ; CLOCK2_50   ; 0.000        ; 0.071      ; 0.597      ;
; 0.355 ; gameboy:dut|PPU_Wrapper:ppu|OAM_Search:oam_search|sort_i[3]                                               ; gameboy:dut|PPU_Wrapper:ppu|OAM_Search:oam_search|sort_i[3]                                               ; CLOCK2_50    ; CLOCK2_50   ; 0.000        ; 0.071      ; 0.597      ;
; 0.355 ; gameboy:dut|PPU_Wrapper:ppu|OAM_Search:oam_search|sort_phase                                              ; gameboy:dut|PPU_Wrapper:ppu|OAM_Search:oam_search|sort_phase                                              ; CLOCK2_50    ; CLOCK2_50   ; 0.000        ; 0.071      ; 0.597      ;
; 0.365 ; gameboy:dut|PPU_Wrapper:ppu|Pixel_Gen:Pixel_Gen_inst|Render_Sprites:render_sprites_inst|pixel_index[0]    ; gameboy:dut|PPU_Wrapper:ppu|Pixel_Gen:Pixel_Gen_inst|Render_Sprites:render_sprites_inst|pixel_index[0]    ; CLOCK2_50    ; CLOCK2_50   ; 0.000        ; 0.072      ; 0.608      ;
; 0.366 ; gameboy:dut|PPU_Wrapper:ppu|OAM_Search:oam_search|sort_j[2]                                               ; gameboy:dut|PPU_Wrapper:ppu|OAM_Search:oam_search|sort_j[2]                                               ; CLOCK2_50    ; CLOCK2_50   ; 0.000        ; 0.071      ; 0.608      ;
; 0.366 ; gameboy:dut|PPU_Wrapper:ppu|OAM_Search:oam_search|sort_i[0]                                               ; gameboy:dut|PPU_Wrapper:ppu|OAM_Search:oam_search|sort_i[0]                                               ; CLOCK2_50    ; CLOCK2_50   ; 0.000        ; 0.071      ; 0.608      ;
; 0.383 ; gameboy:dut|MMU:mmu|IO_handler:io_registers|divider_ticks[10]                                             ; gameboy:dut|MMU:mmu|IO_handler:io_registers|divider_ticks[10]                                             ; CLOCK2_50    ; CLOCK2_50   ; 0.000        ; 0.073      ; 0.627      ;
; 0.384 ; gameboy:dut|MMU:mmu|BRAM_handler:memory_units|DMA_controller:dma_guy|Counter:cycle_cnter|Q[11]            ; gameboy:dut|MMU:mmu|BRAM_handler:memory_units|DMA_controller:dma_guy|Counter:cycle_cnter|Q[11]            ; CLOCK2_50    ; CLOCK2_50   ; 0.000        ; 0.072      ; 0.627      ;
; 0.394 ; gameboy:dut|PPU_Wrapper:ppu|Pixel_Gen:Pixel_Gen_inst|FIFO:sprite_fifo_inst|count[6]                       ; gameboy:dut|PPU_Wrapper:ppu|Pixel_Gen:Pixel_Gen_inst|FIFO:sprite_fifo_inst|count[6]                       ; CLOCK2_50    ; CLOCK2_50   ; 0.000        ; 0.072      ; 0.637      ;
; 0.396 ; gameboy:dut|MMU:mmu|IO_handler:io_registers|TMA_R[0]                                                      ; gameboy:dut|MMU:mmu|IO_handler:io_registers|TIMA_R[0]                                                     ; CLOCK2_50    ; CLOCK2_50   ; 0.000        ; 0.072      ; 0.639      ;
; 0.396 ; gameboy:dut|MMU:mmu|IO_handler:io_registers|TMA_R[6]                                                      ; gameboy:dut|MMU:mmu|IO_handler:io_registers|TIMA_R[6]                                                     ; CLOCK2_50    ; CLOCK2_50   ; 0.000        ; 0.072      ; 0.639      ;
; 0.397 ; gameboy:dut|MMU:mmu|IO_handler:io_registers|TMA_R[7]                                                      ; gameboy:dut|MMU:mmu|IO_handler:io_registers|TIMA_R[7]                                                     ; CLOCK2_50    ; CLOCK2_50   ; 0.000        ; 0.072      ; 0.640      ;
; 0.397 ; gameboy:dut|MMU:mmu|IO_handler:io_registers|TMA_R[2]                                                      ; gameboy:dut|MMU:mmu|IO_handler:io_registers|TIMA_R[2]                                                     ; CLOCK2_50    ; CLOCK2_50   ; 0.000        ; 0.072      ; 0.640      ;
; 0.398 ; gameboy:dut|MMU:mmu|IO_handler:io_registers|TMA_R[5]                                                      ; gameboy:dut|MMU:mmu|IO_handler:io_registers|TIMA_R[5]                                                     ; CLOCK2_50    ; CLOCK2_50   ; 0.000        ; 0.072      ; 0.641      ;
; 0.400 ; gameboy:dut|MMU:mmu|IO_handler:io_registers|DIV_R[7]                                                      ; gameboy:dut|MMU:mmu|IO_handler:io_registers|DIV_R[7]                                                      ; CLOCK2_50    ; CLOCK2_50   ; 0.000        ; 0.072      ; 0.643      ;
; 0.404 ; gameboy:dut|PPU_Wrapper:ppu|Pixel_Gen:Pixel_Gen_inst|Render_Sprites:render_sprites_inst|state.FETCH_TILE  ; gameboy:dut|PPU_Wrapper:ppu|Pixel_Gen:Pixel_Gen_inst|Render_Sprites:render_sprites_inst|state.DUMP_PIXELS ; CLOCK2_50    ; CLOCK2_50   ; 0.000        ; 0.072      ; 0.647      ;
; 0.409 ; gameboy:dut|PPU_Wrapper:ppu|Pixel_Gen:Pixel_Gen_inst|Render_Sprites:render_sprites_inst|pixel_index[0]    ; gameboy:dut|PPU_Wrapper:ppu|Pixel_Gen:Pixel_Gen_inst|Render_Sprites:render_sprites_inst|pixel_index[1]    ; CLOCK2_50    ; CLOCK2_50   ; 0.000        ; 0.072      ; 0.652      ;
; 0.412 ; gameboy:dut|PPU_Wrapper:ppu|PPU_Mode_controller:mode_ctrl|dot[8]                                          ; gameboy:dut|PPU_Wrapper:ppu|PPU_Mode_controller:mode_ctrl|dot[8]                                          ; CLOCK2_50    ; CLOCK2_50   ; 0.000        ; 0.072      ; 0.655      ;
; 0.413 ; gameboy:dut|PPU_Wrapper:ppu|OAM_Search:oam_search|oam_index[5]                                            ; gameboy:dut|PPU_Wrapper:ppu|OAM_Search:oam_search|oam_index[5]                                            ; CLOCK2_50    ; CLOCK2_50   ; 0.000        ; 0.072      ; 0.656      ;
; 0.414 ; gameboy:dut|PPU_Wrapper:ppu|Pixel_Gen:Pixel_Gen_inst|Render_BG:render_bg_inst|pixel_index[0]              ; gameboy:dut|PPU_Wrapper:ppu|Pixel_Gen:Pixel_Gen_inst|Render_BG:render_bg_inst|pixel_index[1]              ; CLOCK2_50    ; CLOCK2_50   ; 0.000        ; 0.072      ; 0.657      ;
; 0.421 ; gameboy:dut|PPU_Wrapper:ppu|Pixel_Gen:Pixel_Gen_inst|Render_Sprites:render_sprites_inst|x_coord[9]        ; gameboy:dut|PPU_Wrapper:ppu|Pixel_Gen:Pixel_Gen_inst|Render_Sprites:render_sprites_inst|state.DONE        ; CLOCK2_50    ; CLOCK2_50   ; 0.000        ; 0.072      ; 0.664      ;
; 0.422 ; gameboy:dut|PPU_Wrapper:ppu|Pixel_Gen:Pixel_Gen_inst|Render_Sprites:render_sprites_inst|state.SCAN_CHECK  ; gameboy:dut|PPU_Wrapper:ppu|Pixel_Gen:Pixel_Gen_inst|Render_Sprites:render_sprites_inst|sprite_push       ; CLOCK2_50    ; CLOCK2_50   ; 0.000        ; 0.072      ; 0.665      ;
; 0.437 ; gameboy:dut|PPU_Wrapper:ppu|Pixel_Gen:Pixel_Gen_inst|Render_Sprites:render_sprites_inst|state.SCAN_CHECK  ; gameboy:dut|PPU_Wrapper:ppu|Pixel_Gen:Pixel_Gen_inst|Render_Sprites:render_sprites_inst|state.FETCH_TILE  ; CLOCK2_50    ; CLOCK2_50   ; 0.000        ; 0.072      ; 0.680      ;
; 0.500 ; gameboy:dut|PPU_Wrapper:ppu|Pixel_Gen:Pixel_Gen_inst|Render_BG:render_bg_inst|bg_done                     ; gameboy:dut|PPU_Wrapper:ppu|PPU_Mode_controller:mode_ctrl|mode[0]                                         ; CLOCK2_50    ; CLOCK2_50   ; 0.000        ; 0.072      ; 0.743      ;
; 0.507 ; gameboy:dut|MMU:mmu|IO_handler:io_registers|TMA_R[3]                                                      ; gameboy:dut|MMU:mmu|IO_handler:io_registers|TIMA_R[3]                                                     ; CLOCK2_50    ; CLOCK2_50   ; 0.000        ; 0.072      ; 0.750      ;
; 0.515 ; gameboy:dut|PPU_Wrapper:ppu|Pixel_Gen:Pixel_Gen_inst|Render_BG:render_bg_inst|bg_done                     ; gameboy:dut|PPU_Wrapper:ppu|PPU_Mode_controller:mode_ctrl|mode[1]                                         ; CLOCK2_50    ; CLOCK2_50   ; 0.000        ; 0.072      ; 0.758      ;
; 0.527 ; gameboy:dut|PPU_Wrapper:ppu|Pixel_Gen:Pixel_Gen_inst|Render_BG:render_bg_inst|state.BG_FETCH_TILE_MAP     ; gameboy:dut|PPU_Wrapper:ppu|Pixel_Gen:Pixel_Gen_inst|Render_BG:render_bg_inst|state.BG_FETCH_TILE_DATA    ; CLOCK2_50    ; CLOCK2_50   ; 0.000        ; 0.072      ; 0.770      ;
; 0.529 ; gameboy:dut|PPU_Wrapper:ppu|Pixel_Gen:Pixel_Gen_inst|Render_BG:render_bg_inst|state.BG_FETCH_TILE         ; gameboy:dut|PPU_Wrapper:ppu|Pixel_Gen:Pixel_Gen_inst|Render_BG:render_bg_inst|state.BG_FETCH_TILE_MAP     ; CLOCK2_50    ; CLOCK2_50   ; 0.000        ; 0.072      ; 0.772      ;
; 0.567 ; gameboy:dut|PPU_Wrapper:ppu|Pixel_Gen:Pixel_Gen_inst|FIFO:bg_fifo_inst|count[4]                           ; gameboy:dut|PPU_Wrapper:ppu|Pixel_Mixer:pixel_mixer_inst|pixel_out_valid                                  ; CLOCK2_50    ; CLOCK2_50   ; 0.000        ; 0.073      ; 0.811      ;
; 0.577 ; gameboy:dut|PPU_Wrapper:ppu|OAM_Search:oam_search|selected_count[0]                                       ; gameboy:dut|PPU_Wrapper:ppu|OAM_Search:oam_search|selected_count[1]                                       ; CLOCK2_50    ; CLOCK2_50   ; 0.000        ; 0.072      ; 0.820      ;
; 0.581 ; gameboy:dut|MMU:mmu|IO_handler:io_registers|TMA_R[4]                                                      ; gameboy:dut|MMU:mmu|IO_handler:io_registers|TIMA_R[4]                                                     ; CLOCK2_50    ; CLOCK2_50   ; 0.000        ; 0.072      ; 0.824      ;
; 0.584 ; gameboy:dut|MMU:mmu|IO_handler:io_registers|divider_ticks[9]                                              ; gameboy:dut|MMU:mmu|IO_handler:io_registers|divider_ticks[9]                                              ; CLOCK2_50    ; CLOCK2_50   ; 0.000        ; 0.073      ; 0.828      ;
; 0.584 ; gameboy:dut|MMU:mmu|IO_handler:io_registers|TMA_R[1]                                                      ; gameboy:dut|MMU:mmu|IO_handler:io_registers|TIMA_R[1]                                                     ; CLOCK2_50    ; CLOCK2_50   ; 0.000        ; 0.072      ; 0.827      ;
; 0.585 ; gameboy:dut|MMU:mmu|IO_handler:io_registers|divider_ticks[7]                                              ; gameboy:dut|MMU:mmu|IO_handler:io_registers|divider_ticks[7]                                              ; CLOCK2_50    ; CLOCK2_50   ; 0.000        ; 0.073      ; 0.829      ;
; 0.586 ; gameboy:dut|MMU:mmu|IO_handler:io_registers|DIV_R[1]                                                      ; gameboy:dut|MMU:mmu|IO_handler:io_registers|DIV_R[1]                                                      ; CLOCK2_50    ; CLOCK2_50   ; 0.000        ; 0.072      ; 0.829      ;
; 0.586 ; gameboy:dut|MMU:mmu|IO_handler:io_registers|tima_ticks[8]                                                 ; gameboy:dut|MMU:mmu|IO_handler:io_registers|tima_ticks[8]                                                 ; CLOCK2_50    ; CLOCK2_50   ; 0.000        ; 0.072      ; 0.829      ;
; 0.587 ; gameboy:dut|MMU:mmu|IO_handler:io_registers|divider_ticks[2]                                              ; gameboy:dut|MMU:mmu|IO_handler:io_registers|divider_ticks[2]                                              ; CLOCK2_50    ; CLOCK2_50   ; 0.000        ; 0.073      ; 0.831      ;
; 0.587 ; gameboy:dut|MMU:mmu|IO_handler:io_registers|divider_ticks[1]                                              ; gameboy:dut|MMU:mmu|IO_handler:io_registers|divider_ticks[1]                                              ; CLOCK2_50    ; CLOCK2_50   ; 0.000        ; 0.073      ; 0.831      ;
; 0.587 ; gameboy:dut|MMU:mmu|IO_handler:io_registers|tima_ticks[1]                                                 ; gameboy:dut|MMU:mmu|IO_handler:io_registers|tima_ticks[1]                                                 ; CLOCK2_50    ; CLOCK2_50   ; 0.000        ; 0.072      ; 0.830      ;
; 0.587 ; gameboy:dut|MMU:mmu|IO_handler:io_registers|tima_ticks[6]                                                 ; gameboy:dut|MMU:mmu|IO_handler:io_registers|tima_ticks[6]                                                 ; CLOCK2_50    ; CLOCK2_50   ; 0.000        ; 0.072      ; 0.830      ;
; 0.587 ; gameboy:dut|MMU:mmu|BRAM_handler:memory_units|DMA_controller:dma_guy|Counter:cycle_cnter|Q[8]             ; gameboy:dut|MMU:mmu|BRAM_handler:memory_units|DMA_controller:dma_guy|Counter:cycle_cnter|Q[8]             ; CLOCK2_50    ; CLOCK2_50   ; 0.000        ; 0.072      ; 0.830      ;
; 0.587 ; gameboy:dut|MMU:mmu|BRAM_handler:memory_units|DMA_controller:dma_guy|Counter:cycle_cnter|Q[10]            ; gameboy:dut|MMU:mmu|BRAM_handler:memory_units|DMA_controller:dma_guy|Counter:cycle_cnter|Q[10]            ; CLOCK2_50    ; CLOCK2_50   ; 0.000        ; 0.072      ; 0.830      ;
; 0.587 ; gameboy:dut|PPU_Wrapper:ppu|Pixel_Gen:Pixel_Gen_inst|Render_Sprites:render_sprites_inst|pixel_index[1]    ; gameboy:dut|PPU_Wrapper:ppu|Pixel_Gen:Pixel_Gen_inst|Render_Sprites:render_sprites_inst|pixel_index[2]    ; CLOCK2_50    ; CLOCK2_50   ; 0.000        ; 0.072      ; 0.830      ;
; 0.588 ; gameboy:dut|PPU_Wrapper:ppu|Pixel_Gen:Pixel_Gen_inst|FIFO:sprite_fifo_inst|count[2]                       ; gameboy:dut|PPU_Wrapper:ppu|Pixel_Gen:Pixel_Gen_inst|FIFO:sprite_fifo_inst|count[2]                       ; CLOCK2_50    ; CLOCK2_50   ; 0.000        ; 0.072      ; 0.831      ;
; 0.588 ; gameboy:dut|MMU:mmu|IO_handler:io_registers|DIV_R[3]                                                      ; gameboy:dut|MMU:mmu|IO_handler:io_registers|DIV_R[3]                                                      ; CLOCK2_50    ; CLOCK2_50   ; 0.000        ; 0.072      ; 0.831      ;
; 0.588 ; gameboy:dut|MMU:mmu|IO_handler:io_registers|tima_ticks[7]                                                 ; gameboy:dut|MMU:mmu|IO_handler:io_registers|tima_ticks[7]                                                 ; CLOCK2_50    ; CLOCK2_50   ; 0.000        ; 0.072      ; 0.831      ;
; 0.588 ; gameboy:dut|MMU:mmu|IO_handler:io_registers|tima_ticks[10]                                                ; gameboy:dut|MMU:mmu|IO_handler:io_registers|tima_ticks[10]                                                ; CLOCK2_50    ; CLOCK2_50   ; 0.000        ; 0.072      ; 0.831      ;
; 0.588 ; gameboy:dut|MMU:mmu|IO_handler:io_registers|tima_ticks[9]                                                 ; gameboy:dut|MMU:mmu|IO_handler:io_registers|tima_ticks[9]                                                 ; CLOCK2_50    ; CLOCK2_50   ; 0.000        ; 0.072      ; 0.831      ;
; 0.589 ; gameboy:dut|MMU:mmu|IO_handler:io_registers|divider_ticks[3]                                              ; gameboy:dut|MMU:mmu|IO_handler:io_registers|divider_ticks[3]                                              ; CLOCK2_50    ; CLOCK2_50   ; 0.000        ; 0.073      ; 0.833      ;
; 0.589 ; gameboy:dut|MMU:mmu|IO_handler:io_registers|tima_ticks[5]                                                 ; gameboy:dut|MMU:mmu|IO_handler:io_registers|tima_ticks[5]                                                 ; CLOCK2_50    ; CLOCK2_50   ; 0.000        ; 0.072      ; 0.832      ;
; 0.589 ; gameboy:dut|MMU:mmu|BRAM_handler:memory_units|DMA_controller:dma_guy|Counter:cycle_cnter|Q[2]             ; gameboy:dut|MMU:mmu|BRAM_handler:memory_units|DMA_controller:dma_guy|Counter:cycle_cnter|Q[2]             ; CLOCK2_50    ; CLOCK2_50   ; 0.000        ; 0.072      ; 0.832      ;
; 0.589 ; gameboy:dut|MMU:mmu|BRAM_handler:memory_units|DMA_controller:dma_guy|Counter:cycle_cnter|Q[9]             ; gameboy:dut|MMU:mmu|BRAM_handler:memory_units|DMA_controller:dma_guy|Counter:cycle_cnter|Q[9]             ; CLOCK2_50    ; CLOCK2_50   ; 0.000        ; 0.072      ; 0.832      ;
; 0.590 ; gameboy:dut|MMU:mmu|IO_handler:io_registers|divider_ticks[8]                                              ; gameboy:dut|MMU:mmu|IO_handler:io_registers|divider_ticks[8]                                              ; CLOCK2_50    ; CLOCK2_50   ; 0.000        ; 0.073      ; 0.834      ;
; 0.590 ; gameboy:dut|MMU:mmu|BRAM_handler:memory_units|DMA_controller:dma_guy|Counter:cycle_cnter|Q[1]             ; gameboy:dut|MMU:mmu|BRAM_handler:memory_units|DMA_controller:dma_guy|Counter:cycle_cnter|Q[1]             ; CLOCK2_50    ; CLOCK2_50   ; 0.000        ; 0.072      ; 0.833      ;
; 0.590 ; gameboy:dut|MMU:mmu|BRAM_handler:memory_units|DMA_controller:dma_guy|Counter:cycle_cnter|Q[5]             ; gameboy:dut|MMU:mmu|BRAM_handler:memory_units|DMA_controller:dma_guy|Counter:cycle_cnter|Q[5]             ; CLOCK2_50    ; CLOCK2_50   ; 0.000        ; 0.072      ; 0.833      ;
; 0.591 ; gameboy:dut|PPU_Wrapper:ppu|Pixel_Gen:Pixel_Gen_inst|FIFO:bg_fifo_inst|count[2]                           ; gameboy:dut|PPU_Wrapper:ppu|Pixel_Gen:Pixel_Gen_inst|FIFO:bg_fifo_inst|count[2]                           ; CLOCK2_50    ; CLOCK2_50   ; 0.000        ; 0.072      ; 0.834      ;
; 0.591 ; gameboy:dut|MMU:mmu|IO_handler:io_registers|divider_ticks[4]                                              ; gameboy:dut|MMU:mmu|IO_handler:io_registers|divider_ticks[4]                                              ; CLOCK2_50    ; CLOCK2_50   ; 0.000        ; 0.073      ; 0.835      ;
; 0.591 ; gameboy:dut|MMU:mmu|IO_handler:io_registers|divider_ticks[6]                                              ; gameboy:dut|MMU:mmu|IO_handler:io_registers|divider_ticks[6]                                              ; CLOCK2_50    ; CLOCK2_50   ; 0.000        ; 0.073      ; 0.835      ;
; 0.591 ; gameboy:dut|MMU:mmu|IO_handler:io_registers|DIV_R[2]                                                      ; gameboy:dut|MMU:mmu|IO_handler:io_registers|DIV_R[2]                                                      ; CLOCK2_50    ; CLOCK2_50   ; 0.000        ; 0.072      ; 0.834      ;
; 0.592 ; gameboy:dut|PPU_Wrapper:ppu|Pixel_Gen:Pixel_Gen_inst|FIFO:bg_fifo_inst|count[3]                           ; gameboy:dut|PPU_Wrapper:ppu|Pixel_Gen:Pixel_Gen_inst|FIFO:bg_fifo_inst|count[3]                           ; CLOCK2_50    ; CLOCK2_50   ; 0.000        ; 0.072      ; 0.835      ;
; 0.592 ; gameboy:dut|MMU:mmu|IO_handler:io_registers|tima_ticks[2]                                                 ; gameboy:dut|MMU:mmu|IO_handler:io_registers|tima_ticks[2]                                                 ; CLOCK2_50    ; CLOCK2_50   ; 0.000        ; 0.072      ; 0.835      ;
; 0.592 ; gameboy:dut|MMU:mmu|BRAM_handler:memory_units|DMA_controller:dma_guy|Counter:cycle_cnter|Q[4]             ; gameboy:dut|MMU:mmu|BRAM_handler:memory_units|DMA_controller:dma_guy|Counter:cycle_cnter|Q[4]             ; CLOCK2_50    ; CLOCK2_50   ; 0.000        ; 0.072      ; 0.835      ;
; 0.592 ; gameboy:dut|MMU:mmu|BRAM_handler:memory_units|DMA_controller:dma_guy|Counter:cycle_cnter|Q[6]             ; gameboy:dut|MMU:mmu|BRAM_handler:memory_units|DMA_controller:dma_guy|Counter:cycle_cnter|Q[6]             ; CLOCK2_50    ; CLOCK2_50   ; 0.000        ; 0.072      ; 0.835      ;
; 0.593 ; gameboy:dut|PPU_Wrapper:ppu|Pixel_Gen:Pixel_Gen_inst|FIFO:sprite_fifo_inst|count[3]                       ; gameboy:dut|PPU_Wrapper:ppu|Pixel_Gen:Pixel_Gen_inst|FIFO:sprite_fifo_inst|count[3]                       ; CLOCK2_50    ; CLOCK2_50   ; 0.000        ; 0.072      ; 0.836      ;
; 0.594 ; gameboy:dut|PPU_Wrapper:ppu|PPU_Mode_controller:mode_ctrl|dot[2]                                          ; gameboy:dut|PPU_Wrapper:ppu|PPU_Mode_controller:mode_ctrl|dot[2]                                          ; CLOCK2_50    ; CLOCK2_50   ; 0.000        ; 0.072      ; 0.837      ;
; 0.594 ; gameboy:dut|MMU:mmu|BRAM_handler:memory_units|DMA_controller:dma_guy|state.READING                        ; gameboy:dut|MMU:mmu|BRAM_handler:memory_units|DMA_controller:dma_guy|state.WRITING                        ; CLOCK2_50    ; CLOCK2_50   ; 0.000        ; 0.072      ; 0.837      ;
; 0.595 ; gameboy:dut|PPU_Wrapper:ppu|PPU_Mode_controller:mode_ctrl|dot[1]                                          ; gameboy:dut|PPU_Wrapper:ppu|PPU_Mode_controller:mode_ctrl|dot[1]                                          ; CLOCK2_50    ; CLOCK2_50   ; 0.000        ; 0.072      ; 0.838      ;
; 0.597 ; gameboy:dut|PPU_Wrapper:ppu|PPU_Mode_controller:mode_ctrl|dot[3]                                          ; gameboy:dut|PPU_Wrapper:ppu|PPU_Mode_controller:mode_ctrl|dot[3]                                          ; CLOCK2_50    ; CLOCK2_50   ; 0.000        ; 0.072      ; 0.840      ;
; 0.597 ; gameboy:dut|PPU_Wrapper:ppu|PPU_Mode_controller:mode_ctrl|dot[8]                                          ; gameboy:dut|PPU_Wrapper:ppu|PPU_Mode_controller:mode_ctrl|fifo_clear                                      ; CLOCK2_50    ; CLOCK2_50   ; 0.000        ; 0.071      ; 0.839      ;
; 0.598 ; gameboy:dut|PPU_Wrapper:ppu|Pixel_Gen:Pixel_Gen_inst|FIFO:sprite_fifo_inst|count[4]                       ; gameboy:dut|PPU_Wrapper:ppu|Pixel_Gen:Pixel_Gen_inst|FIFO:sprite_fifo_inst|count[4]                       ; CLOCK2_50    ; CLOCK2_50   ; 0.000        ; 0.072      ; 0.841      ;
; 0.599 ; gameboy:dut|MMU:mmu|BRAM_handler:memory_units|DMA_controller:dma_guy|Counter:oam_addr_cnter|Q[3]          ; gameboy:dut|MMU:mmu|BRAM_handler:memory_units|DMA_controller:dma_guy|Counter:oam_addr_cnter|Q[3]          ; CLOCK2_50    ; CLOCK2_50   ; 0.000        ; 0.072      ; 0.842      ;
; 0.599 ; gameboy:dut|MMU:mmu|BRAM_handler:memory_units|DMA_controller:dma_guy|Counter:oam_addr_cnter|Q[5]          ; gameboy:dut|MMU:mmu|BRAM_handler:memory_units|DMA_controller:dma_guy|Counter:oam_addr_cnter|Q[5]          ; CLOCK2_50    ; CLOCK2_50   ; 0.000        ; 0.072      ; 0.842      ;
+-------+-----------------------------------------------------------------------------------------------------------+-----------------------------------------------------------------------------------------------------------+--------------+-------------+--------------+------------+------------+


+----------------------------------------------------------------------------------------------------------------------------------------------------------------------------------------------------------------------------------------------------------------------------------------------------------------------------------------------------------------------------------------------+
; Slow 1200mV 0C Model Hold: 'CLOCK_50'                                                                                                                                                                                                                                                                                                                                                        ;
+-------+---------------------------------------------------------------------------------------------------------------------------------------------+------------------------------------------------------------------------------------------------------------------------------------------------------------------+--------------+-------------+--------------+------------+------------+
; Slack ; From Node                                                                                                                                   ; To Node                                                                                                                                                          ; Launch Clock ; Latch Clock ; Relationship ; Clock Skew ; Data Delay ;
+-------+---------------------------------------------------------------------------------------------------------------------------------------------+------------------------------------------------------------------------------------------------------------------------------------------------------------------+--------------+-------------+--------------+------------+------------+
; 0.353 ; gameboy:dut|MMU:mmu|BRAM_handler:memory_units|MM_out_chooser:memory_out_muxer|dma_select[1]                                                 ; gameboy:dut|MMU:mmu|BRAM_handler:memory_units|MM_out_chooser:memory_out_muxer|dma_select[1]                                                                      ; CLOCK_50     ; CLOCK_50    ; 0.000        ; 0.073      ; 0.597      ;
; 0.396 ; gameboy:dut|MMU:mmu|BRAM_handler:memory_units|ROM_BANK:rom0|altsyncram:altsyncram_component|altsyncram_81a1:auto_generated|address_reg_a[0] ; gameboy:dut|MMU:mmu|BRAM_handler:memory_units|ROM_BANK:rom0|altsyncram:altsyncram_component|altsyncram_81a1:auto_generated|out_address_reg_a[0]                  ; CLOCK_50     ; CLOCK_50    ; 0.000        ; 0.073      ; 0.640      ;
; 0.396 ; gameboy:dut|MMU:mmu|BRAM_handler:memory_units|MM_out_chooser:memory_out_muxer|ppu_select[0]                                                 ; gameboy:dut|MMU:mmu|BRAM_handler:memory_units|MM_out_chooser:memory_out_muxer|ppu_memory_selector[0]                                                             ; CLOCK_50     ; CLOCK_50    ; 0.000        ; 0.073      ; 0.640      ;
; 0.664 ; gameboy:dut|MMU:mmu|BRAM_handler:memory_units|DMA_controller:dma_guy|Counter:dma_addr_cnter|Q[15]                                           ; gameboy:dut|MMU:mmu|BRAM_handler:memory_units|MM_out_chooser:memory_out_muxer|dma_select[0]                                                                      ; CLOCK2_50    ; CLOCK_50    ; 0.000        ; 0.180      ; 1.055      ;
; 0.681 ; gameboy:dut|MMU:mmu|BRAM_handler:memory_units|DMA_controller:dma_guy|Counter:dma_addr_cnter|Q[15]                                           ; gameboy:dut|MMU:mmu|BRAM_handler:memory_units|MM_out_chooser:memory_out_muxer|dma_select[1]                                                                      ; CLOCK2_50    ; CLOCK_50    ; 0.000        ; 0.180      ; 1.072      ;
; 0.773 ; gameboy:dut|MMU:mmu|BRAM_handler:memory_units|DMA_controller:dma_guy|Counter:dma_addr_cnter|Q[10]                                           ; gameboy:dut|MMU:mmu|BRAM_handler:memory_units|DUAL_VRAM_8KB:vram0|altsyncram:altsyncram_component|altsyncram_54g2:auto_generated|ram_block1a1~porta_address_reg0 ; CLOCK2_50    ; CLOCK_50    ; 0.000        ; 0.496      ; 1.510      ;
; 0.774 ; gameboy:dut|MMU:mmu|BRAM_handler:memory_units|DMA_controller:dma_guy|Counter:dma_addr_cnter|Q[12]                                           ; gameboy:dut|MMU:mmu|BRAM_handler:memory_units|DUAL_VRAM_8KB:vram0|altsyncram:altsyncram_component|altsyncram_54g2:auto_generated|ram_block1a1~porta_address_reg0 ; CLOCK2_50    ; CLOCK_50    ; 0.000        ; 0.496      ; 1.511      ;
; 0.776 ; gameboy:dut|MMU:mmu|BRAM_handler:memory_units|DMA_controller:dma_guy|Counter:dma_addr_cnter|Q[13]                                           ; gameboy:dut|MMU:mmu|BRAM_handler:memory_units|MM_out_chooser:memory_out_muxer|dma_select[2]                                                                      ; CLOCK2_50    ; CLOCK_50    ; 0.000        ; 0.180      ; 1.167      ;
; 0.777 ; gameboy:dut|MMU:mmu|BRAM_handler:memory_units|DMA_controller:dma_guy|Counter:dma_addr_cnter|Q[13]                                           ; gameboy:dut|MMU:mmu|BRAM_handler:memory_units|MM_out_chooser:memory_out_muxer|dma_select[0]                                                                      ; CLOCK2_50    ; CLOCK_50    ; 0.000        ; 0.180      ; 1.168      ;
; 0.779 ; gameboy:dut|MMU:mmu|BRAM_handler:memory_units|DMA_controller:dma_guy|Counter:dma_addr_cnter|Q[10]                                           ; gameboy:dut|MMU:mmu|BRAM_handler:memory_units|DUAL_8KB:exram0|altsyncram:altsyncram_component|altsyncram_54g2:auto_generated|ram_block1a1~portb_address_reg0     ; CLOCK2_50    ; CLOCK_50    ; 0.000        ; 0.496      ; 1.516      ;
; 0.800 ; gameboy:dut|MMU:mmu|BRAM_handler:memory_units|DMA_controller:dma_guy|Counter:dma_addr_cnter|Q[10]                                           ; gameboy:dut|MMU:mmu|BRAM_handler:memory_units|ROM_BANK:rom0|altsyncram:altsyncram_component|altsyncram_81a1:auto_generated|ram_block1a8~porta_address_reg0       ; CLOCK2_50    ; CLOCK_50    ; 0.000        ; 0.494      ; 1.535      ;
; 0.803 ; gameboy:dut|MMU:mmu|BRAM_handler:memory_units|DMA_controller:dma_guy|Counter:dma_addr_cnter|Q[10]                                           ; gameboy:dut|MMU:mmu|BRAM_handler:memory_units|ROM_BANK:rom0|altsyncram:altsyncram_component|altsyncram_81a1:auto_generated|ram_block1a10~porta_address_reg0      ; CLOCK2_50    ; CLOCK_50    ; 0.000        ; 0.492      ; 1.536      ;
; 0.813 ; gameboy:dut|MMU:mmu|BRAM_handler:memory_units|DMA_controller:dma_guy|Counter:dma_addr_cnter|Q[9]                                            ; gameboy:dut|MMU:mmu|BRAM_handler:memory_units|DUAL_8KB:wram0|altsyncram:altsyncram_component|altsyncram_54g2:auto_generated|ram_block1a1~portb_address_reg0      ; CLOCK2_50    ; CLOCK_50    ; 0.000        ; 0.495      ; 1.549      ;
; 0.817 ; gameboy:dut|MMU:mmu|BRAM_handler:memory_units|DMA_controller:dma_guy|Counter:dma_addr_cnter|Q[9]                                            ; gameboy:dut|MMU:mmu|BRAM_handler:memory_units|ROM_BANK:rom0|altsyncram:altsyncram_component|altsyncram_81a1:auto_generated|ram_block1a8~porta_address_reg0       ; CLOCK2_50    ; CLOCK_50    ; 0.000        ; 0.494      ; 1.552      ;
; 0.824 ; gameboy:dut|MMU:mmu|BRAM_handler:memory_units|DMA_controller:dma_guy|Counter:dma_addr_cnter|Q[9]                                            ; gameboy:dut|MMU:mmu|BRAM_handler:memory_units|DUAL_8KB:exram0|altsyncram:altsyncram_component|altsyncram_54g2:auto_generated|ram_block1a1~portb_address_reg0     ; CLOCK2_50    ; CLOCK_50    ; 0.000        ; 0.496      ; 1.561      ;
; 0.865 ; gameboy:dut|MMU:mmu|BRAM_handler:memory_units|MM_out_chooser:memory_out_muxer|dma_select[2]                                                 ; gameboy:dut|MMU:mmu|BRAM_handler:memory_units|MM_out_chooser:memory_out_muxer|dma_memory_selector[2]                                                             ; CLOCK_50     ; CLOCK_50    ; 0.000        ; 0.082      ; 1.118      ;
; 0.891 ; gameboy:dut|MMU:mmu|BRAM_handler:memory_units|DMA_controller:dma_guy|Counter:dma_addr_cnter|Q[2]                                            ; gameboy:dut|MMU:mmu|BRAM_handler:memory_units|DUAL_8KB:exram0|altsyncram:altsyncram_component|altsyncram_54g2:auto_generated|ram_block1a1~portb_address_reg0     ; CLOCK2_50    ; CLOCK_50    ; 0.000        ; 0.496      ; 1.628      ;
; 0.936 ; gameboy:dut|MMU:mmu|BRAM_handler:memory_units|DMA_controller:dma_guy|Counter:dma_addr_cnter|Q[14]                                           ; gameboy:dut|MMU:mmu|BRAM_handler:memory_units|MM_out_chooser:memory_out_muxer|dma_select[1]                                                                      ; CLOCK2_50    ; CLOCK_50    ; 0.000        ; 0.180      ; 1.327      ;
; 0.957 ; gameboy:dut|MMU:mmu|BRAM_handler:memory_units|DMA_controller:dma_guy|Counter:dma_addr_cnter|Q[6]                                            ; gameboy:dut|MMU:mmu|BRAM_handler:memory_units|DUAL_8KB:exram0|altsyncram:altsyncram_component|altsyncram_54g2:auto_generated|ram_block1a1~portb_address_reg0     ; CLOCK2_50    ; CLOCK_50    ; 0.000        ; 0.496      ; 1.694      ;
; 0.960 ; gameboy:dut|MMU:mmu|BRAM_handler:memory_units|DMA_controller:dma_guy|Counter:dma_addr_cnter|Q[15]                                           ; gameboy:dut|MMU:mmu|BRAM_handler:memory_units|MM_out_chooser:memory_out_muxer|dma_select[2]                                                                      ; CLOCK2_50    ; CLOCK_50    ; 0.000        ; 0.180      ; 1.351      ;
; 0.976 ; gameboy:dut|MMU:mmu|BRAM_handler:memory_units|DMA_controller:dma_guy|Counter:dma_addr_cnter|Q[1]                                            ; gameboy:dut|MMU:mmu|BRAM_handler:memory_units|DUAL_VRAM_8KB:vram0|altsyncram:altsyncram_component|altsyncram_54g2:auto_generated|ram_block1a1~porta_address_reg0 ; CLOCK2_50    ; CLOCK_50    ; 0.000        ; 0.496      ; 1.713      ;
; 0.979 ; gameboy:dut|MMU:mmu|BRAM_handler:memory_units|DMA_controller:dma_guy|Counter:dma_addr_cnter|Q[2]                                            ; gameboy:dut|MMU:mmu|BRAM_handler:memory_units|DUAL_VRAM_8KB:vram0|altsyncram:altsyncram_component|altsyncram_54g2:auto_generated|ram_block1a1~porta_address_reg0 ; CLOCK2_50    ; CLOCK_50    ; 0.000        ; 0.496      ; 1.716      ;
; 1.022 ; gameboy:dut|MMU:mmu|BRAM_handler:memory_units|MM_out_chooser:memory_out_muxer|dma_select[0]                                                 ; gameboy:dut|MMU:mmu|BRAM_handler:memory_units|MM_out_chooser:memory_out_muxer|dma_memory_selector[0]                                                             ; CLOCK_50     ; CLOCK_50    ; 0.000        ; 0.074      ; 1.267      ;
; 1.030 ; gameboy:dut|MMU:mmu|BRAM_handler:memory_units|MM_out_chooser:memory_out_muxer|ppu_select[2]                                                 ; gameboy:dut|MMU:mmu|BRAM_handler:memory_units|MM_out_chooser:memory_out_muxer|ppu_memory_selector[2]                                                             ; CLOCK_50     ; CLOCK_50    ; 0.000        ; 0.074      ; 1.275      ;
; 1.031 ; gameboy:dut|MMU:mmu|BRAM_handler:memory_units|DMA_controller:dma_guy|Counter:dma_addr_cnter|Q[3]                                            ; gameboy:dut|MMU:mmu|BRAM_handler:memory_units|DUAL_VRAM_8KB:vram0|altsyncram:altsyncram_component|altsyncram_54g2:auto_generated|ram_block1a0~porta_address_reg0 ; CLOCK2_50    ; CLOCK_50    ; 0.000        ; 0.483      ; 1.755      ;
; 1.034 ; gameboy:dut|MMU:mmu|BRAM_handler:memory_units|MM_out_chooser:memory_out_muxer|dma_select[1]                                                 ; gameboy:dut|MMU:mmu|BRAM_handler:memory_units|MM_out_chooser:memory_out_muxer|dma_memory_selector[1]                                                             ; CLOCK_50     ; CLOCK_50    ; 0.000        ; 0.074      ; 1.279      ;
; 1.054 ; gameboy:dut|MMU:mmu|BRAM_handler:memory_units|DMA_controller:dma_guy|state.IDLE                                                             ; gameboy:dut|MMU:mmu|BRAM_handler:memory_units|OAM_DUALBANK:oam|altsyncram:altsyncram_component|altsyncram_rbg2:auto_generated|ram_block1a0~porta_address_reg0    ; CLOCK2_50    ; CLOCK_50    ; 0.000        ; 0.503      ; 1.798      ;
; 1.072 ; gameboy:dut|MMU:mmu|BRAM_handler:memory_units|DMA_controller:dma_guy|Counter:dma_addr_cnter|Q[5]                                            ; gameboy:dut|MMU:mmu|BRAM_handler:memory_units|ROM_BANK:rom0|altsyncram:altsyncram_component|altsyncram_81a1:auto_generated|ram_block1a10~porta_address_reg0      ; CLOCK2_50    ; CLOCK_50    ; 0.000        ; 0.492      ; 1.805      ;
; 1.075 ; gameboy:dut|MMU:mmu|BRAM_handler:memory_units|DMA_controller:dma_guy|Counter:dma_addr_cnter|Q[10]                                           ; gameboy:dut|MMU:mmu|BRAM_handler:memory_units|DUAL_8KB:wram0|altsyncram:altsyncram_component|altsyncram_54g2:auto_generated|ram_block1a1~portb_address_reg0      ; CLOCK2_50    ; CLOCK_50    ; 0.000        ; 0.495      ; 1.811      ;
; 1.078 ; gameboy:dut|MMU:mmu|BRAM_handler:memory_units|DMA_controller:dma_guy|Counter:dma_addr_cnter|Q[5]                                            ; gameboy:dut|MMU:mmu|BRAM_handler:memory_units|MM_out_chooser:memory_out_muxer|dma_select[0]                                                                      ; CLOCK2_50    ; CLOCK_50    ; 0.000        ; 0.180      ; 1.469      ;
; 1.087 ; gameboy:dut|MMU:mmu|BRAM_handler:memory_units|DMA_controller:dma_guy|Counter:dma_addr_cnter|Q[5]                                            ; gameboy:dut|MMU:mmu|BRAM_handler:memory_units|ROM_BANK:rom0|altsyncram:altsyncram_component|altsyncram_81a1:auto_generated|ram_block1a8~porta_address_reg0       ; CLOCK2_50    ; CLOCK_50    ; 0.000        ; 0.494      ; 1.822      ;
; 1.094 ; gameboy:dut|MMU:mmu|BRAM_handler:memory_units|DMA_controller:dma_guy|Counter:dma_addr_cnter|Q[12]                                           ; gameboy:dut|MMU:mmu|BRAM_handler:memory_units|DUAL_VRAM_8KB:vram0|altsyncram:altsyncram_component|altsyncram_54g2:auto_generated|ram_block1a0~porta_address_reg0 ; CLOCK2_50    ; CLOCK_50    ; 0.000        ; 0.483      ; 1.818      ;
; 1.102 ; gameboy:dut|MMU:mmu|BRAM_handler:memory_units|DMA_controller:dma_guy|Counter:dma_addr_cnter|Q[10]                                           ; gameboy:dut|MMU:mmu|BRAM_handler:memory_units|DUAL_VRAM_8KB:vram0|altsyncram:altsyncram_component|altsyncram_54g2:auto_generated|ram_block1a0~porta_address_reg0 ; CLOCK2_50    ; CLOCK_50    ; 0.000        ; 0.483      ; 1.826      ;
; 1.102 ; gameboy:dut|MMU:mmu|BRAM_handler:memory_units|DMA_controller:dma_guy|Counter:dma_addr_cnter|Q[12]                                           ; gameboy:dut|MMU:mmu|BRAM_handler:memory_units|DUAL_VRAM_8KB:vram0|altsyncram:altsyncram_component|altsyncram_54g2:auto_generated|ram_block1a2~porta_address_reg0 ; CLOCK2_50    ; CLOCK_50    ; 0.000        ; 0.483      ; 1.826      ;
; 1.104 ; gameboy:dut|MMU:mmu|BRAM_handler:memory_units|DMA_controller:dma_guy|Counter:dma_addr_cnter|Q[12]                                           ; gameboy:dut|MMU:mmu|BRAM_handler:memory_units|DUAL_VRAM_8KB:vram0|altsyncram:altsyncram_component|altsyncram_54g2:auto_generated|ram_block1a4~porta_address_reg0 ; CLOCK2_50    ; CLOCK_50    ; 0.000        ; 0.482      ; 1.827      ;
; 1.111 ; gameboy:dut|MMU:mmu|BRAM_handler:memory_units|DMA_controller:dma_guy|Counter:dma_addr_cnter|Q[8]                                            ; gameboy:dut|MMU:mmu|BRAM_handler:memory_units|DUAL_VRAM_8KB:vram0|altsyncram:altsyncram_component|altsyncram_54g2:auto_generated|ram_block1a1~porta_address_reg0 ; CLOCK2_50    ; CLOCK_50    ; 0.000        ; 0.496      ; 1.848      ;
; 1.112 ; gameboy:dut|MMU:mmu|BRAM_handler:memory_units|DMA_controller:dma_guy|Counter:dma_addr_cnter|Q[10]                                           ; gameboy:dut|MMU:mmu|BRAM_handler:memory_units|ROM_BANK:rom0|altsyncram:altsyncram_component|altsyncram_81a1:auto_generated|ram_block1a20~porta_address_reg0      ; CLOCK2_50    ; CLOCK_50    ; 0.000        ; 0.487      ; 1.840      ;
; 1.119 ; gameboy:dut|MMU:mmu|BRAM_handler:memory_units|hram_out_data[10]                                                                             ; gameboy:dut|MMU:mmu|BRAM_handler:memory_units|OAM_DUALBANK:oam|altsyncram:altsyncram_component|altsyncram_rbg2:auto_generated|ram_block1a0~porta_datain_reg0     ; CLOCK2_50    ; CLOCK_50    ; 0.000        ; 0.501      ; 1.861      ;
; 1.121 ; gameboy:dut|MMU:mmu|BRAM_handler:memory_units|DMA_controller:dma_guy|Counter:dma_addr_cnter|Q[10]                                           ; gameboy:dut|MMU:mmu|BRAM_handler:memory_units|ROM_BANK:rom0|altsyncram:altsyncram_component|altsyncram_81a1:auto_generated|ram_block1a15~porta_address_reg0      ; CLOCK2_50    ; CLOCK_50    ; 0.000        ; 0.484      ; 1.846      ;
; 1.129 ; gameboy:dut|MMU:mmu|BRAM_handler:memory_units|DMA_controller:dma_guy|Counter:dma_addr_cnter|Q[10]                                           ; gameboy:dut|MMU:mmu|BRAM_handler:memory_units|ROM_BANK:rom0|altsyncram:altsyncram_component|altsyncram_81a1:auto_generated|ram_block1a2~porta_address_reg0       ; CLOCK2_50    ; CLOCK_50    ; 0.000        ; 0.489      ; 1.859      ;
; 1.129 ; gameboy:dut|MMU:mmu|BRAM_handler:memory_units|DMA_controller:dma_guy|Counter:dma_addr_cnter|Q[14]                                           ; gameboy:dut|MMU:mmu|BRAM_handler:memory_units|MM_out_chooser:memory_out_muxer|dma_select[2]                                                                      ; CLOCK2_50    ; CLOCK_50    ; 0.000        ; 0.180      ; 1.520      ;
; 1.133 ; gameboy:dut|MMU:mmu|BRAM_handler:memory_units|DMA_controller:dma_guy|Counter:oam_addr_cnter|Q[3]                                            ; gameboy:dut|MMU:mmu|BRAM_handler:memory_units|OAM_DUALBANK:oam|altsyncram:altsyncram_component|altsyncram_rbg2:auto_generated|ram_block1a0~porta_address_reg0    ; CLOCK2_50    ; CLOCK_50    ; 0.000        ; 0.504      ; 1.878      ;
; 1.134 ; gameboy:dut|MMU:mmu|BRAM_handler:memory_units|DMA_controller:dma_guy|Counter:dma_addr_cnter|Q[10]                                           ; gameboy:dut|MMU:mmu|BRAM_handler:memory_units|DUAL_VRAM_8KB:vram0|altsyncram:altsyncram_component|altsyncram_54g2:auto_generated|ram_block1a2~porta_address_reg0 ; CLOCK2_50    ; CLOCK_50    ; 0.000        ; 0.483      ; 1.858      ;
; 1.136 ; gameboy:dut|MMU:mmu|BRAM_handler:memory_units|DMA_controller:dma_guy|Counter:dma_addr_cnter|Q[10]                                           ; gameboy:dut|MMU:mmu|BRAM_handler:memory_units|DUAL_VRAM_8KB:vram0|altsyncram:altsyncram_component|altsyncram_54g2:auto_generated|ram_block1a4~porta_address_reg0 ; CLOCK2_50    ; CLOCK_50    ; 0.000        ; 0.482      ; 1.859      ;
; 1.154 ; gameboy:dut|MMU:mmu|BRAM_handler:memory_units|DMA_controller:dma_guy|Counter:dma_addr_cnter|Q[8]                                            ; gameboy:dut|MMU:mmu|BRAM_handler:memory_units|ROM_BANK:rom0|altsyncram:altsyncram_component|altsyncram_81a1:auto_generated|ram_block1a10~porta_address_reg0      ; CLOCK2_50    ; CLOCK_50    ; 0.000        ; 0.492      ; 1.887      ;
; 1.157 ; gameboy:dut|MMU:mmu|BRAM_handler:memory_units|DMA_controller:dma_guy|Counter:dma_addr_cnter|Q[8]                                            ; gameboy:dut|MMU:mmu|BRAM_handler:memory_units|DUAL_8KB:exram0|altsyncram:altsyncram_component|altsyncram_54g2:auto_generated|ram_block1a1~portb_address_reg0     ; CLOCK2_50    ; CLOCK_50    ; 0.000        ; 0.496      ; 1.894      ;
; 1.163 ; gameboy:dut|MMU:mmu|BRAM_handler:memory_units|DMA_controller:dma_guy|state.IDLE                                                             ; gameboy:dut|MMU:mmu|BRAM_handler:memory_units|DUAL_VRAM_8KB:vram0|altsyncram:altsyncram_component|altsyncram_54g2:auto_generated|ram_block1a0~porta_address_reg0 ; CLOCK2_50    ; CLOCK_50    ; 0.000        ; 0.489      ; 1.893      ;
; 1.165 ; gameboy:dut|MMU:mmu|BRAM_handler:memory_units|DMA_controller:dma_guy|Counter:dma_addr_cnter|Q[8]                                            ; gameboy:dut|MMU:mmu|BRAM_handler:memory_units|DUAL_8KB:wram0|altsyncram:altsyncram_component|altsyncram_54g2:auto_generated|ram_block1a1~portb_address_reg0      ; CLOCK2_50    ; CLOCK_50    ; 0.000        ; 0.495      ; 1.901      ;
; 1.169 ; gameboy:dut|MMU:mmu|BRAM_handler:memory_units|DMA_controller:dma_guy|Counter:dma_addr_cnter|Q[6]                                            ; gameboy:dut|MMU:mmu|BRAM_handler:memory_units|MM_out_chooser:memory_out_muxer|dma_select[0]                                                                      ; CLOCK2_50    ; CLOCK_50    ; 0.000        ; 0.180      ; 1.560      ;
; 1.173 ; gameboy:dut|MMU:mmu|BRAM_handler:memory_units|hram_out_data[0]                                                                              ; gameboy:dut|MMU:mmu|BRAM_handler:memory_units|OAM_DUALBANK:oam|altsyncram:altsyncram_component|altsyncram_rbg2:auto_generated|ram_block1a0~porta_datain_reg0     ; CLOCK2_50    ; CLOCK_50    ; 0.000        ; 0.498      ; 1.912      ;
; 1.181 ; gameboy:dut|MMU:mmu|BRAM_handler:memory_units|DMA_controller:dma_guy|Counter:dma_addr_cnter|Q[8]                                            ; gameboy:dut|MMU:mmu|BRAM_handler:memory_units|ROM_BANK:rom0|altsyncram:altsyncram_component|altsyncram_81a1:auto_generated|ram_block1a8~porta_address_reg0       ; CLOCK2_50    ; CLOCK_50    ; 0.000        ; 0.494      ; 1.916      ;
; 1.183 ; gameboy:dut|MMU:mmu|BRAM_handler:memory_units|DMA_controller:dma_guy|state.IDLE                                                             ; gameboy:dut|MMU:mmu|BRAM_handler:memory_units|DUAL_8KB:exram0|altsyncram:altsyncram_component|altsyncram_54g2:auto_generated|ram_block1a1~portb_address_reg0     ; CLOCK2_50    ; CLOCK_50    ; 0.000        ; 0.502      ; 1.926      ;
; 1.190 ; gameboy:dut|MMU:mmu|BRAM_handler:memory_units|DMA_controller:dma_guy|Counter:dma_addr_cnter|Q[8]                                            ; gameboy:dut|MMU:mmu|BRAM_handler:memory_units|MM_out_chooser:memory_out_muxer|dma_select[0]                                                                      ; CLOCK2_50    ; CLOCK_50    ; 0.000        ; 0.180      ; 1.581      ;
; 1.192 ; gameboy:dut|MMU:mmu|BRAM_handler:memory_units|MM_out_chooser:memory_out_muxer|cpu_select[2]                                                 ; gameboy:dut|MMU:mmu|BRAM_handler:memory_units|MM_out_chooser:memory_out_muxer|cpu_memory_selector[2]                                                             ; CLOCK_50     ; CLOCK_50    ; 0.000        ; 0.105      ; 1.468      ;
; 1.200 ; gameboy:dut|MMU:mmu|BRAM_handler:memory_units|DMA_controller:dma_guy|Counter:dma_addr_cnter|Q[5]                                            ; gameboy:dut|MMU:mmu|BRAM_handler:memory_units|DUAL_8KB:exram0|altsyncram:altsyncram_component|altsyncram_54g2:auto_generated|ram_block1a1~portb_address_reg0     ; CLOCK2_50    ; CLOCK_50    ; 0.000        ; 0.496      ; 1.937      ;
; 1.211 ; gameboy:dut|MMU:mmu|BRAM_handler:memory_units|DMA_controller:dma_guy|Counter:dma_addr_cnter|Q[7]                                            ; gameboy:dut|MMU:mmu|BRAM_handler:memory_units|DUAL_8KB:exram0|altsyncram:altsyncram_component|altsyncram_54g2:auto_generated|ram_block1a1~portb_address_reg0     ; CLOCK2_50    ; CLOCK_50    ; 0.000        ; 0.496      ; 1.948      ;
; 1.213 ; gameboy:dut|MMU:mmu|BRAM_handler:memory_units|MM_out_chooser:memory_out_muxer|cpu_select[3]                                                 ; gameboy:dut|MMU:mmu|BRAM_handler:memory_units|MM_out_chooser:memory_out_muxer|cpu_memory_selector[3]                                                             ; CLOCK_50     ; CLOCK_50    ; 0.000        ; 0.103      ; 1.487      ;
; 1.219 ; gameboy:dut|MMU:mmu|BRAM_handler:memory_units|DMA_controller:dma_guy|state.IDLE                                                             ; gameboy:dut|MMU:mmu|BRAM_handler:memory_units|MM_out_chooser:memory_out_muxer|cpu_select[1]                                                                      ; CLOCK2_50    ; CLOCK_50    ; 0.000        ; 0.186      ; 1.616      ;
; 1.222 ; gameboy:dut|MMU:mmu|BRAM_handler:memory_units|DMA_controller:dma_guy|Counter:oam_addr_cnter|Q[1]                                            ; gameboy:dut|MMU:mmu|BRAM_handler:memory_units|OAM_DUALBANK:oam|altsyncram:altsyncram_component|altsyncram_rbg2:auto_generated|ram_block1a0~porta_address_reg0    ; CLOCK2_50    ; CLOCK_50    ; 0.000        ; 0.504      ; 1.967      ;
; 1.223 ; gameboy:dut|MMU:mmu|BRAM_handler:memory_units|DMA_controller:dma_guy|Counter:dma_addr_cnter|Q[2]                                            ; gameboy:dut|MMU:mmu|BRAM_handler:memory_units|ROM_BANK:rom0|altsyncram:altsyncram_component|altsyncram_81a1:auto_generated|ram_block1a2~porta_address_reg0       ; CLOCK2_50    ; CLOCK_50    ; 0.000        ; 0.489      ; 1.953      ;
; 1.233 ; gameboy:dut|MMU:mmu|BRAM_handler:memory_units|DMA_controller:dma_guy|Counter:dma_addr_cnter|Q[2]                                            ; gameboy:dut|MMU:mmu|BRAM_handler:memory_units|ROM_BANK:rom0|altsyncram:altsyncram_component|altsyncram_81a1:auto_generated|ram_block1a8~porta_address_reg0       ; CLOCK2_50    ; CLOCK_50    ; 0.000        ; 0.494      ; 1.968      ;
; 1.235 ; gameboy:dut|MMU:mmu|BRAM_handler:memory_units|MM_out_chooser:memory_out_muxer|cpu_select[0]                                                 ; gameboy:dut|MMU:mmu|BRAM_handler:memory_units|MM_out_chooser:memory_out_muxer|cpu_memory_selector[0]                                                             ; CLOCK_50     ; CLOCK_50    ; 0.000        ; 0.105      ; 1.511      ;
; 1.244 ; gameboy:dut|MMU:mmu|BRAM_handler:memory_units|DMA_controller:dma_guy|Counter:dma_addr_cnter|Q[4]                                            ; gameboy:dut|MMU:mmu|BRAM_handler:memory_units|MM_out_chooser:memory_out_muxer|dma_select[0]                                                                      ; CLOCK2_50    ; CLOCK_50    ; 0.000        ; 0.180      ; 1.635      ;
; 1.245 ; gameboy:dut|MMU:mmu|BRAM_handler:memory_units|DMA_controller:dma_guy|state.IDLE                                                             ; gameboy:dut|MMU:mmu|BRAM_handler:memory_units|DUAL_VRAM_8KB:vram0|altsyncram:altsyncram_component|altsyncram_54g2:auto_generated|ram_block1a1~porta_address_reg0 ; CLOCK2_50    ; CLOCK_50    ; 0.000        ; 0.502      ; 1.988      ;
; 1.261 ; gameboy:dut|MMU:mmu|BRAM_handler:memory_units|DMA_controller:dma_guy|Counter:dma_addr_cnter|Q[4]                                            ; gameboy:dut|MMU:mmu|BRAM_handler:memory_units|DUAL_VRAM_8KB:vram0|altsyncram:altsyncram_component|altsyncram_54g2:auto_generated|ram_block1a2~porta_address_reg0 ; CLOCK2_50    ; CLOCK_50    ; 0.000        ; 0.483      ; 1.985      ;
; 1.266 ; gameboy:dut|MMU:mmu|BRAM_handler:memory_units|DMA_controller:dma_guy|Counter:dma_addr_cnter|Q[1]                                            ; gameboy:dut|MMU:mmu|BRAM_handler:memory_units|DUAL_8KB:exram0|altsyncram:altsyncram_component|altsyncram_54g2:auto_generated|ram_block1a1~portb_address_reg0     ; CLOCK2_50    ; CLOCK_50    ; 0.000        ; 0.496      ; 2.003      ;
; 1.266 ; gameboy:dut|MMU:mmu|BRAM_handler:memory_units|DMA_controller:dma_guy|Counter:dma_addr_cnter|Q[6]                                            ; gameboy:dut|MMU:mmu|BRAM_handler:memory_units|ROM_BANK:rom0|altsyncram:altsyncram_component|altsyncram_81a1:auto_generated|ram_block1a8~porta_address_reg0       ; CLOCK2_50    ; CLOCK_50    ; 0.000        ; 0.494      ; 2.001      ;
; 1.269 ; gameboy:dut|MMU:mmu|BRAM_handler:memory_units|DMA_controller:dma_guy|Counter:dma_addr_cnter|Q[6]                                            ; gameboy:dut|MMU:mmu|BRAM_handler:memory_units|DUAL_VRAM_8KB:vram0|altsyncram:altsyncram_component|altsyncram_54g2:auto_generated|ram_block1a1~porta_address_reg0 ; CLOCK2_50    ; CLOCK_50    ; 0.000        ; 0.496      ; 2.006      ;
; 1.270 ; gameboy:dut|PPU_Wrapper:ppu|OAM_Search:oam_search|oam_port0_addr[6]                                                                         ; gameboy:dut|MMU:mmu|BRAM_handler:memory_units|OAM_DUALBANK:oam|altsyncram:altsyncram_component|altsyncram_rbg2:auto_generated|ram_block1a0~portb_address_reg0    ; CLOCK2_50    ; CLOCK_50    ; 0.000        ; 0.504      ; 2.015      ;
; 1.276 ; gameboy:dut|MMU:mmu|BRAM_handler:memory_units|DMA_controller:dma_guy|Counter:dma_addr_cnter|Q[6]                                            ; gameboy:dut|MMU:mmu|BRAM_handler:memory_units|ROM_BANK:rom0|altsyncram:altsyncram_component|altsyncram_81a1:auto_generated|ram_block1a10~porta_address_reg0      ; CLOCK2_50    ; CLOCK_50    ; 0.000        ; 0.492      ; 2.009      ;
; 1.281 ; gameboy:dut|MMU:mmu|BRAM_handler:memory_units|DMA_controller:dma_guy|Counter:dma_addr_cnter|Q[6]                                            ; gameboy:dut|MMU:mmu|BRAM_handler:memory_units|DUAL_8KB:wram0|altsyncram:altsyncram_component|altsyncram_54g2:auto_generated|ram_block1a1~portb_address_reg0      ; CLOCK2_50    ; CLOCK_50    ; 0.000        ; 0.495      ; 2.017      ;
; 1.286 ; gameboy:dut|MMU:mmu|BRAM_handler:memory_units|DMA_controller:dma_guy|Counter:dma_addr_cnter|Q[9]                                            ; gameboy:dut|MMU:mmu|BRAM_handler:memory_units|DUAL_VRAM_8KB:vram0|altsyncram:altsyncram_component|altsyncram_54g2:auto_generated|ram_block1a2~porta_address_reg0 ; CLOCK2_50    ; CLOCK_50    ; 0.000        ; 0.483      ; 2.010      ;
; 1.295 ; gameboy:dut|MMU:mmu|BRAM_handler:memory_units|hram_out_data[5]                                                                              ; gameboy:dut|MMU:mmu|BRAM_handler:memory_units|OAM_DUALBANK:oam|altsyncram:altsyncram_component|altsyncram_rbg2:auto_generated|ram_block1a0~porta_datain_reg0     ; CLOCK2_50    ; CLOCK_50    ; 0.000        ; 0.491      ; 2.027      ;
; 1.297 ; gameboy:dut|MMU:mmu|BRAM_handler:memory_units|DMA_controller:dma_guy|Counter:dma_addr_cnter|Q[5]                                            ; gameboy:dut|MMU:mmu|BRAM_handler:memory_units|DUAL_8KB:wram0|altsyncram:altsyncram_component|altsyncram_54g2:auto_generated|ram_block1a1~portb_address_reg0      ; CLOCK2_50    ; CLOCK_50    ; 0.000        ; 0.495      ; 2.033      ;
; 1.305 ; gameboy:dut|MMU:mmu|BRAM_handler:memory_units|DMA_controller:dma_guy|Counter:dma_addr_cnter|Q[1]                                            ; gameboy:dut|MMU:mmu|BRAM_handler:memory_units|DUAL_8KB:wram0|altsyncram:altsyncram_component|altsyncram_54g2:auto_generated|ram_block1a1~portb_address_reg0      ; CLOCK2_50    ; CLOCK_50    ; 0.000        ; 0.495      ; 2.041      ;
; 1.311 ; gameboy:dut|MMU:mmu|BRAM_handler:memory_units|DMA_controller:dma_guy|Counter:dma_addr_cnter|Q[6]                                            ; gameboy:dut|MMU:mmu|BRAM_handler:memory_units|ROM_BANK:rom0|altsyncram:altsyncram_component|altsyncram_81a1:auto_generated|ram_block1a2~porta_address_reg0       ; CLOCK2_50    ; CLOCK_50    ; 0.000        ; 0.489      ; 2.041      ;
; 1.318 ; gameboy:dut|MMU:mmu|BRAM_handler:memory_units|DMA_controller:dma_guy|Counter:dma_addr_cnter|Q[1]                                            ; gameboy:dut|MMU:mmu|BRAM_handler:memory_units|DUAL_VRAM_8KB:vram0|altsyncram:altsyncram_component|altsyncram_54g2:auto_generated|ram_block1a2~porta_address_reg0 ; CLOCK2_50    ; CLOCK_50    ; 0.000        ; 0.483      ; 2.042      ;
; 1.320 ; gameboy:dut|PPU_Wrapper:ppu|OAM_Search:oam_search|oam_port0_addr[7]                                                                         ; gameboy:dut|MMU:mmu|BRAM_handler:memory_units|OAM_DUALBANK:oam|altsyncram:altsyncram_component|altsyncram_rbg2:auto_generated|ram_block1a0~portb_address_reg0    ; CLOCK2_50    ; CLOCK_50    ; 0.000        ; 0.504      ; 2.065      ;
; 1.321 ; gameboy:dut|MMU:mmu|BRAM_handler:memory_units|DMA_controller:dma_guy|Counter:dma_addr_cnter|Q[5]                                            ; gameboy:dut|MMU:mmu|BRAM_handler:memory_units|MM_out_chooser:memory_out_muxer|dma_select[2]                                                                      ; CLOCK2_50    ; CLOCK_50    ; 0.000        ; 0.180      ; 1.712      ;
; 1.326 ; gameboy:dut|MMU:mmu|BRAM_handler:memory_units|DMA_controller:dma_guy|Counter:dma_addr_cnter|Q[6]                                            ; gameboy:dut|MMU:mmu|BRAM_handler:memory_units|DUAL_VRAM_8KB:vram0|altsyncram:altsyncram_component|altsyncram_54g2:auto_generated|ram_block1a0~porta_address_reg0 ; CLOCK2_50    ; CLOCK_50    ; 0.000        ; 0.483      ; 2.050      ;
; 1.327 ; gameboy:dut|MMU:mmu|BRAM_handler:memory_units|DMA_controller:dma_guy|Counter:dma_addr_cnter|Q[6]                                            ; gameboy:dut|MMU:mmu|BRAM_handler:memory_units|DUAL_VRAM_8KB:vram0|altsyncram:altsyncram_component|altsyncram_54g2:auto_generated|ram_block1a2~porta_address_reg0 ; CLOCK2_50    ; CLOCK_50    ; 0.000        ; 0.483      ; 2.051      ;
; 1.329 ; gameboy:dut|PPU_Wrapper:ppu|OAM_Search:oam_search|selected_sprites_reg[9].tile_index[4]                                                     ; gameboy:dut|MMU:mmu|BRAM_handler:memory_units|DUAL_VRAM_8KB:vram0|altsyncram:altsyncram_component|altsyncram_54g2:auto_generated|ram_block1a1~portb_address_reg0 ; CLOCK2_50    ; CLOCK_50    ; 0.000        ; 0.508      ; 2.078      ;
; 1.332 ; gameboy:dut|MMU:mmu|BRAM_handler:memory_units|DMA_controller:dma_guy|Counter:dma_addr_cnter|Q[3]                                            ; gameboy:dut|MMU:mmu|BRAM_handler:memory_units|DUAL_VRAM_8KB:vram0|altsyncram:altsyncram_component|altsyncram_54g2:auto_generated|ram_block1a1~porta_address_reg0 ; CLOCK2_50    ; CLOCK_50    ; 0.000        ; 0.496      ; 2.069      ;
; 1.332 ; gameboy:dut|MMU:mmu|BRAM_handler:memory_units|DMA_controller:dma_guy|state.IDLE                                                             ; gameboy:dut|MMU:mmu|BRAM_handler:memory_units|ROM_BANK:rom0|altsyncram:altsyncram_component|altsyncram_81a1:auto_generated|ram_block1a10~porta_address_reg0      ; CLOCK2_50    ; CLOCK_50    ; 0.000        ; 0.498      ; 2.071      ;
; 1.333 ; gameboy:dut|MMU:mmu|BRAM_handler:memory_units|DMA_controller:dma_guy|Counter:dma_addr_cnter|Q[3]                                            ; gameboy:dut|MMU:mmu|BRAM_handler:memory_units|DUAL_8KB:wram0|altsyncram:altsyncram_component|altsyncram_54g2:auto_generated|ram_block1a1~portb_address_reg0      ; CLOCK2_50    ; CLOCK_50    ; 0.000        ; 0.495      ; 2.069      ;
; 1.345 ; gameboy:dut|MMU:mmu|BRAM_handler:memory_units|DMA_controller:dma_guy|Counter:dma_addr_cnter|Q[1]                                            ; gameboy:dut|MMU:mmu|BRAM_handler:memory_units|DUAL_VRAM_8KB:vram0|altsyncram:altsyncram_component|altsyncram_54g2:auto_generated|ram_block1a4~porta_address_reg0 ; CLOCK2_50    ; CLOCK_50    ; 0.000        ; 0.482      ; 2.068      ;
; 1.346 ; gameboy:dut|MMU:mmu|BRAM_handler:memory_units|DMA_controller:dma_guy|Counter:dma_addr_cnter|Q[2]                                            ; gameboy:dut|MMU:mmu|BRAM_handler:memory_units|DUAL_8KB:wram0|altsyncram:altsyncram_component|altsyncram_54g2:auto_generated|ram_block1a2~portb_address_reg0      ; CLOCK2_50    ; CLOCK_50    ; 0.000        ; 0.504      ; 2.091      ;
; 1.347 ; gameboy:dut|MMU:mmu|BRAM_handler:memory_units|DMA_controller:dma_guy|state.IDLE                                                             ; gameboy:dut|MMU:mmu|BRAM_handler:memory_units|ROM_BANK:rom0|altsyncram:altsyncram_component|altsyncram_81a1:auto_generated|ram_block1a8~porta_address_reg0       ; CLOCK2_50    ; CLOCK_50    ; 0.000        ; 0.500      ; 2.088      ;
; 1.372 ; gameboy:dut|MMU:mmu|BRAM_handler:memory_units|DMA_controller:dma_guy|Counter:dma_addr_cnter|Q[3]                                            ; gameboy:dut|MMU:mmu|BRAM_handler:memory_units|DUAL_VRAM_8KB:vram0|altsyncram:altsyncram_component|altsyncram_54g2:auto_generated|ram_block1a4~porta_address_reg0 ; CLOCK2_50    ; CLOCK_50    ; 0.000        ; 0.482      ; 2.095      ;
; 1.376 ; gameboy:dut|MMU:mmu|BRAM_handler:memory_units|DMA_controller:dma_guy|Counter:dma_addr_cnter|Q[7]                                            ; gameboy:dut|MMU:mmu|BRAM_handler:memory_units|MM_out_chooser:memory_out_muxer|dma_select[0]                                                                      ; CLOCK2_50    ; CLOCK_50    ; 0.000        ; 0.180      ; 1.767      ;
; 1.379 ; gameboy:dut|MMU:mmu|BRAM_handler:memory_units|DMA_controller:dma_guy|Counter:dma_addr_cnter|Q[9]                                            ; gameboy:dut|MMU:mmu|BRAM_handler:memory_units|ROM_BANK:rom0|altsyncram:altsyncram_component|altsyncram_81a1:auto_generated|ram_block1a9~porta_address_reg0       ; CLOCK2_50    ; CLOCK_50    ; 0.000        ; 0.503      ; 2.123      ;
; 1.381 ; gameboy:dut|MMU:mmu|BRAM_handler:memory_units|DMA_controller:dma_guy|Counter:dma_addr_cnter|Q[2]                                            ; gameboy:dut|MMU:mmu|BRAM_handler:memory_units|ROM_BANK:rom0|altsyncram:altsyncram_component|altsyncram_81a1:auto_generated|ram_block1a10~porta_address_reg0      ; CLOCK2_50    ; CLOCK_50    ; 0.000        ; 0.492      ; 2.114      ;
; 1.382 ; gameboy:dut|MMU:mmu|BRAM_handler:memory_units|DMA_controller:dma_guy|Counter:dma_addr_cnter|Q[9]                                            ; gameboy:dut|MMU:mmu|BRAM_handler:memory_units|ROM_BANK:rom0|altsyncram:altsyncram_component|altsyncram_81a1:auto_generated|ram_block1a5~porta_address_reg0       ; CLOCK2_50    ; CLOCK_50    ; 0.000        ; 0.501      ; 2.124      ;
; 1.383 ; gameboy:dut|MMU:mmu|BRAM_handler:memory_units|DMA_controller:dma_guy|Counter:dma_addr_cnter|Q[3]                                            ; gameboy:dut|MMU:mmu|BRAM_handler:memory_units|DUAL_VRAM_8KB:vram0|altsyncram:altsyncram_component|altsyncram_54g2:auto_generated|ram_block1a5~porta_address_reg0 ; CLOCK2_50    ; CLOCK_50    ; 0.000        ; 0.481      ; 2.105      ;
; 1.385 ; gameboy:dut|MMU:mmu|BRAM_handler:memory_units|DMA_controller:dma_guy|Counter:dma_addr_cnter|Q[3]                                            ; gameboy:dut|MMU:mmu|BRAM_handler:memory_units|DUAL_VRAM_8KB:vram0|altsyncram:altsyncram_component|altsyncram_54g2:auto_generated|ram_block1a7~porta_address_reg0 ; CLOCK2_50    ; CLOCK_50    ; 0.000        ; 0.480      ; 2.106      ;
; 1.385 ; gameboy:dut|MMU:mmu|BRAM_handler:memory_units|hram_out_data[6]                                                                              ; gameboy:dut|MMU:mmu|BRAM_handler:memory_units|OAM_DUALBANK:oam|altsyncram:altsyncram_component|altsyncram_rbg2:auto_generated|ram_block1a0~porta_datain_reg0     ; CLOCK2_50    ; CLOCK_50    ; 0.000        ; 0.486      ; 2.112      ;
; 1.388 ; gameboy:dut|MMU:mmu|BRAM_handler:memory_units|MM_out_chooser:memory_out_muxer|cpu_select[1]                                                 ; gameboy:dut|MMU:mmu|BRAM_handler:memory_units|MM_out_chooser:memory_out_muxer|cpu_memory_selector[1]                                                             ; CLOCK_50     ; CLOCK_50    ; 0.000        ; 0.105      ; 1.664      ;
; 1.391 ; gameboy:dut|MMU:mmu|BRAM_handler:memory_units|hram_out_data[3]                                                                              ; gameboy:dut|MMU:mmu|BRAM_handler:memory_units|OAM_DUALBANK:oam|altsyncram:altsyncram_component|altsyncram_rbg2:auto_generated|ram_block1a0~porta_datain_reg0     ; CLOCK2_50    ; CLOCK_50    ; 0.000        ; 0.488      ; 2.120      ;
; 1.392 ; gameboy:dut|MMU:mmu|BRAM_handler:memory_units|DMA_controller:dma_guy|Counter:dma_addr_cnter|Q[4]                                            ; gameboy:dut|MMU:mmu|BRAM_handler:memory_units|DUAL_8KB:exram0|altsyncram:altsyncram_component|altsyncram_54g2:auto_generated|ram_block1a1~portb_address_reg0     ; CLOCK2_50    ; CLOCK_50    ; 0.000        ; 0.496      ; 2.129      ;
; 1.392 ; gameboy:dut|MMU:mmu|BRAM_handler:memory_units|DMA_controller:dma_guy|Counter:dma_addr_cnter|Q[5]                                            ; gameboy:dut|MMU:mmu|BRAM_handler:memory_units|ROM_BANK:rom0|altsyncram:altsyncram_component|altsyncram_81a1:auto_generated|ram_block1a20~porta_address_reg0      ; CLOCK2_50    ; CLOCK_50    ; 0.000        ; 0.487      ; 2.120      ;
+-------+---------------------------------------------------------------------------------------------------------------------------------------------+------------------------------------------------------------------------------------------------------------------------------------------------------------------+--------------+-------------+--------------+------------+------------+


+---------------------------------------------------------------------------------------------------------------------------------------+
; Slow 1200mV 0C Model Hold: 'CLOCK3_50'                                                                                                ;
+-------+----------------------------+----------------------------+--------------+-------------+--------------+------------+------------+
; Slack ; From Node                  ; To Node                    ; Launch Clock ; Latch Clock ; Relationship ; Clock Skew ; Data Delay ;
+-------+----------------------------+----------------------------+--------------+-------------+--------------+------------+------------+
; 0.586 ; vga:v1|Counter:vs_ct|Q[5]  ; vga:v1|Counter:vs_ct|Q[5]  ; CLOCK3_50    ; CLOCK3_50   ; 0.000        ; 0.072      ; 0.829      ;
; 0.587 ; vga:v1|Counter:hs_ct|Q[4]  ; vga:v1|Counter:hs_ct|Q[4]  ; CLOCK3_50    ; CLOCK3_50   ; 0.000        ; 0.072      ; 0.830      ;
; 0.587 ; vga:v1|Counter:hs_ct|Q[3]  ; vga:v1|Counter:hs_ct|Q[3]  ; CLOCK3_50    ; CLOCK3_50   ; 0.000        ; 0.072      ; 0.830      ;
; 0.589 ; vga:v1|Counter:vs_ct|Q[2]  ; vga:v1|Counter:vs_ct|Q[2]  ; CLOCK3_50    ; CLOCK3_50   ; 0.000        ; 0.072      ; 0.832      ;
; 0.591 ; vga:v1|Counter:hs_ct|Q[2]  ; vga:v1|Counter:hs_ct|Q[2]  ; CLOCK3_50    ; CLOCK3_50   ; 0.000        ; 0.072      ; 0.834      ;
; 0.591 ; vga:v1|Counter:vs_ct|Q[3]  ; vga:v1|Counter:vs_ct|Q[3]  ; CLOCK3_50    ; CLOCK3_50   ; 0.000        ; 0.072      ; 0.834      ;
; 0.598 ; vga:v1|Counter:vs_ct|Q[7]  ; vga:v1|Counter:vs_ct|Q[7]  ; CLOCK3_50    ; CLOCK3_50   ; 0.000        ; 0.072      ; 0.841      ;
; 0.599 ; vga:v1|Counter:vs_ct|Q[9]  ; vga:v1|Counter:vs_ct|Q[9]  ; CLOCK3_50    ; CLOCK3_50   ; 0.000        ; 0.072      ; 0.842      ;
; 0.599 ; vga:v1|Counter:vs_ct|Q[8]  ; vga:v1|Counter:vs_ct|Q[8]  ; CLOCK3_50    ; CLOCK3_50   ; 0.000        ; 0.072      ; 0.842      ;
; 0.600 ; vga:v1|Counter:vs_ct|Q[16] ; vga:v1|Counter:vs_ct|Q[16] ; CLOCK3_50    ; CLOCK3_50   ; 0.000        ; 0.072      ; 0.843      ;
; 0.602 ; vga:v1|Counter:vs_ct|Q[14] ; vga:v1|Counter:vs_ct|Q[14] ; CLOCK3_50    ; CLOCK3_50   ; 0.000        ; 0.072      ; 0.845      ;
; 0.602 ; vga:v1|Counter:vs_ct|Q[4]  ; vga:v1|Counter:vs_ct|Q[4]  ; CLOCK3_50    ; CLOCK3_50   ; 0.000        ; 0.072      ; 0.845      ;
; 0.603 ; vga:v1|Counter:hs_ct|Q[7]  ; vga:v1|Counter:hs_ct|Q[7]  ; CLOCK3_50    ; CLOCK3_50   ; 0.000        ; 0.072      ; 0.846      ;
; 0.605 ; vga:v1|Counter:vs_ct|Q[17] ; vga:v1|Counter:vs_ct|Q[17] ; CLOCK3_50    ; CLOCK3_50   ; 0.000        ; 0.072      ; 0.848      ;
; 0.605 ; vga:v1|Counter:hs_ct|Q[1]  ; vga:v1|Counter:hs_ct|Q[1]  ; CLOCK3_50    ; CLOCK3_50   ; 0.000        ; 0.072      ; 0.848      ;
; 0.610 ; vga:v1|Counter:hs_ct|Q[5]  ; vga:v1|Counter:hs_ct|Q[5]  ; CLOCK3_50    ; CLOCK3_50   ; 0.000        ; 0.072      ; 0.853      ;
; 0.612 ; vga:v1|Counter:hs_ct|Q[8]  ; vga:v1|Counter:hs_ct|Q[8]  ; CLOCK3_50    ; CLOCK3_50   ; 0.000        ; 0.072      ; 0.855      ;
; 0.630 ; vga:v1|Counter:hs_ct|Q[0]  ; vga:v1|Counter:hs_ct|Q[0]  ; CLOCK3_50    ; CLOCK3_50   ; 0.000        ; 0.072      ; 0.873      ;
; 0.793 ; vga:v1|Counter:vs_ct|Q[10] ; vga:v1|Counter:vs_ct|Q[10] ; CLOCK3_50    ; CLOCK3_50   ; 0.000        ; 0.072      ; 1.036      ;
; 0.873 ; vga:v1|Counter:hs_ct|Q[3]  ; vga:v1|Counter:hs_ct|Q[4]  ; CLOCK3_50    ; CLOCK3_50   ; 0.000        ; 0.072      ; 1.116      ;
; 0.875 ; vga:v1|Counter:hs_ct|Q[4]  ; vga:v1|Counter:hs_ct|Q[5]  ; CLOCK3_50    ; CLOCK3_50   ; 0.000        ; 0.072      ; 1.118      ;
; 0.876 ; vga:v1|Counter:vs_ct|Q[2]  ; vga:v1|Counter:vs_ct|Q[3]  ; CLOCK3_50    ; CLOCK3_50   ; 0.000        ; 0.072      ; 1.119      ;
; 0.879 ; vga:v1|Counter:hs_ct|Q[2]  ; vga:v1|Counter:hs_ct|Q[3]  ; CLOCK3_50    ; CLOCK3_50   ; 0.000        ; 0.072      ; 1.122      ;
; 0.879 ; vga:v1|Counter:vs_ct|Q[3]  ; vga:v1|Counter:vs_ct|Q[4]  ; CLOCK3_50    ; CLOCK3_50   ; 0.000        ; 0.072      ; 1.122      ;
; 0.884 ; vga:v1|Counter:vs_ct|Q[6]  ; vga:v1|Counter:vs_ct|Q[7]  ; CLOCK3_50    ; CLOCK3_50   ; 0.000        ; 0.072      ; 1.127      ;
; 0.885 ; vga:v1|Counter:vs_ct|Q[5]  ; vga:v1|Counter:vs_ct|Q[7]  ; CLOCK3_50    ; CLOCK3_50   ; 0.000        ; 0.072      ; 1.128      ;
; 0.886 ; vga:v1|Counter:vs_ct|Q[8]  ; vga:v1|Counter:vs_ct|Q[9]  ; CLOCK3_50    ; CLOCK3_50   ; 0.000        ; 0.072      ; 1.129      ;
; 0.886 ; vga:v1|Counter:vs_ct|Q[16] ; vga:v1|Counter:vs_ct|Q[17] ; CLOCK3_50    ; CLOCK3_50   ; 0.000        ; 0.072      ; 1.129      ;
; 0.886 ; vga:v1|Counter:vs_ct|Q[7]  ; vga:v1|Counter:vs_ct|Q[8]  ; CLOCK3_50    ; CLOCK3_50   ; 0.000        ; 0.072      ; 1.129      ;
; 0.888 ; vga:v1|Counter:hs_ct|Q[6]  ; vga:v1|Counter:hs_ct|Q[7]  ; CLOCK3_50    ; CLOCK3_50   ; 0.000        ; 0.072      ; 1.131      ;
; 0.888 ; vga:v1|Counter:vs_ct|Q[9]  ; vga:v1|Counter:vs_ct|Q[10] ; CLOCK3_50    ; CLOCK3_50   ; 0.000        ; 0.071      ; 1.130      ;
; 0.889 ; vga:v1|Counter:vs_ct|Q[4]  ; vga:v1|Counter:vs_ct|Q[5]  ; CLOCK3_50    ; CLOCK3_50   ; 0.000        ; 0.072      ; 1.132      ;
; 0.890 ; vga:v1|Counter:hs_ct|Q[7]  ; vga:v1|Counter:hs_ct|Q[8]  ; CLOCK3_50    ; CLOCK3_50   ; 0.000        ; 0.072      ; 1.133      ;
; 0.890 ; vga:v1|Counter:vs_ct|Q[13] ; vga:v1|Counter:vs_ct|Q[14] ; CLOCK3_50    ; CLOCK3_50   ; 0.000        ; 0.072      ; 1.133      ;
; 0.890 ; vga:v1|Counter:hs_ct|Q[2]  ; vga:v1|Counter:hs_ct|Q[4]  ; CLOCK3_50    ; CLOCK3_50   ; 0.000        ; 0.072      ; 1.133      ;
; 0.890 ; vga:v1|Counter:vs_ct|Q[3]  ; vga:v1|Counter:vs_ct|Q[5]  ; CLOCK3_50    ; CLOCK3_50   ; 0.000        ; 0.072      ; 1.133      ;
; 0.891 ; vga:v1|Counter:hs_ct|Q[1]  ; vga:v1|Counter:hs_ct|Q[2]  ; CLOCK3_50    ; CLOCK3_50   ; 0.000        ; 0.072      ; 1.134      ;
; 0.894 ; vga:v1|Counter:vs_ct|Q[15] ; vga:v1|Counter:vs_ct|Q[16] ; CLOCK3_50    ; CLOCK3_50   ; 0.000        ; 0.072      ; 1.137      ;
; 0.897 ; vga:v1|Counter:hs_ct|Q[0]  ; vga:v1|Counter:hs_ct|Q[1]  ; CLOCK3_50    ; CLOCK3_50   ; 0.000        ; 0.072      ; 1.140      ;
; 0.897 ; vga:v1|Counter:vs_ct|Q[7]  ; vga:v1|Counter:vs_ct|Q[9]  ; CLOCK3_50    ; CLOCK3_50   ; 0.000        ; 0.072      ; 1.140      ;
; 0.899 ; vga:v1|Counter:hs_ct|Q[6]  ; vga:v1|Counter:hs_ct|Q[8]  ; CLOCK3_50    ; CLOCK3_50   ; 0.000        ; 0.072      ; 1.142      ;
; 0.905 ; vga:v1|Counter:vs_ct|Q[15] ; vga:v1|Counter:vs_ct|Q[17] ; CLOCK3_50    ; CLOCK3_50   ; 0.000        ; 0.072      ; 1.148      ;
; 0.908 ; vga:v1|Counter:hs_ct|Q[0]  ; vga:v1|Counter:hs_ct|Q[2]  ; CLOCK3_50    ; CLOCK3_50   ; 0.000        ; 0.072      ; 1.151      ;
; 0.918 ; vga:v1|Counter:vs_ct|Q[6]  ; vga:v1|Counter:vs_ct|Q[6]  ; CLOCK3_50    ; CLOCK3_50   ; 0.000        ; 0.072      ; 1.161      ;
; 0.921 ; vga:v1|Counter:hs_ct|Q[6]  ; vga:v1|Counter:hs_ct|Q[6]  ; CLOCK3_50    ; CLOCK3_50   ; 0.000        ; 0.072      ; 1.164      ;
; 0.921 ; vga:v1|Counter:vs_ct|Q[19] ; vga:v1|Counter:vs_ct|Q[19] ; CLOCK3_50    ; CLOCK3_50   ; 0.000        ; 0.072      ; 1.164      ;
; 0.923 ; vga:v1|Counter:vs_ct|Q[13] ; vga:v1|Counter:vs_ct|Q[13] ; CLOCK3_50    ; CLOCK3_50   ; 0.000        ; 0.072      ; 1.166      ;
; 0.924 ; vga:v1|Counter:vs_ct|Q[18] ; vga:v1|Counter:vs_ct|Q[18] ; CLOCK3_50    ; CLOCK3_50   ; 0.000        ; 0.072      ; 1.167      ;
; 0.925 ; vga:v1|Counter:vs_ct|Q[11] ; vga:v1|Counter:vs_ct|Q[11] ; CLOCK3_50    ; CLOCK3_50   ; 0.000        ; 0.072      ; 1.168      ;
; 0.927 ; vga:v1|Counter:vs_ct|Q[15] ; vga:v1|Counter:vs_ct|Q[15] ; CLOCK3_50    ; CLOCK3_50   ; 0.000        ; 0.072      ; 1.170      ;
; 0.959 ; vga:v1|Counter:hs_ct|Q[2]  ; vga:v1|Counter:hs_ct|Q[6]  ; CLOCK3_50    ; CLOCK3_50   ; 0.000        ; 0.072      ; 1.202      ;
; 0.972 ; vga:v1|Counter:hs_ct|Q[3]  ; vga:v1|Counter:hs_ct|Q[5]  ; CLOCK3_50    ; CLOCK3_50   ; 0.000        ; 0.072      ; 1.215      ;
; 0.975 ; vga:v1|Counter:vs_ct|Q[2]  ; vga:v1|Counter:vs_ct|Q[4]  ; CLOCK3_50    ; CLOCK3_50   ; 0.000        ; 0.072      ; 1.218      ;
; 0.983 ; vga:v1|Counter:vs_ct|Q[6]  ; vga:v1|Counter:vs_ct|Q[8]  ; CLOCK3_50    ; CLOCK3_50   ; 0.000        ; 0.072      ; 1.226      ;
; 0.984 ; vga:v1|Counter:vs_ct|Q[5]  ; vga:v1|Counter:vs_ct|Q[8]  ; CLOCK3_50    ; CLOCK3_50   ; 0.000        ; 0.072      ; 1.227      ;
; 0.985 ; vga:v1|Counter:hs_ct|Q[4]  ; vga:v1|Counter:hs_ct|Q[7]  ; CLOCK3_50    ; CLOCK3_50   ; 0.000        ; 0.072      ; 1.228      ;
; 0.986 ; vga:v1|Counter:vs_ct|Q[8]  ; vga:v1|Counter:vs_ct|Q[10] ; CLOCK3_50    ; CLOCK3_50   ; 0.000        ; 0.071      ; 1.228      ;
; 0.986 ; vga:v1|Counter:vs_ct|Q[2]  ; vga:v1|Counter:vs_ct|Q[5]  ; CLOCK3_50    ; CLOCK3_50   ; 0.000        ; 0.072      ; 1.229      ;
; 0.988 ; vga:v1|Counter:vs_ct|Q[14] ; vga:v1|Counter:vs_ct|Q[16] ; CLOCK3_50    ; CLOCK3_50   ; 0.000        ; 0.072      ; 1.231      ;
; 0.989 ; vga:v1|Counter:hs_ct|Q[2]  ; vga:v1|Counter:hs_ct|Q[5]  ; CLOCK3_50    ; CLOCK3_50   ; 0.000        ; 0.072      ; 1.232      ;
; 0.990 ; vga:v1|Counter:hs_ct|Q[1]  ; vga:v1|Counter:hs_ct|Q[3]  ; CLOCK3_50    ; CLOCK3_50   ; 0.000        ; 0.072      ; 1.233      ;
; 0.990 ; vga:v1|Counter:vs_ct|Q[12] ; vga:v1|Counter:vs_ct|Q[14] ; CLOCK3_50    ; CLOCK3_50   ; 0.000        ; 0.072      ; 1.233      ;
; 0.994 ; vga:v1|Counter:vs_ct|Q[6]  ; vga:v1|Counter:vs_ct|Q[9]  ; CLOCK3_50    ; CLOCK3_50   ; 0.000        ; 0.072      ; 1.237      ;
; 0.995 ; vga:v1|Counter:vs_ct|Q[5]  ; vga:v1|Counter:vs_ct|Q[9]  ; CLOCK3_50    ; CLOCK3_50   ; 0.000        ; 0.072      ; 1.238      ;
; 0.996 ; vga:v1|Counter:hs_ct|Q[4]  ; vga:v1|Counter:hs_ct|Q[8]  ; CLOCK3_50    ; CLOCK3_50   ; 0.000        ; 0.072      ; 1.239      ;
; 0.996 ; vga:v1|Counter:hs_ct|Q[5]  ; vga:v1|Counter:hs_ct|Q[7]  ; CLOCK3_50    ; CLOCK3_50   ; 0.000        ; 0.072      ; 1.239      ;
; 0.997 ; vga:v1|Counter:vs_ct|Q[7]  ; vga:v1|Counter:vs_ct|Q[10] ; CLOCK3_50    ; CLOCK3_50   ; 0.000        ; 0.071      ; 1.239      ;
; 0.999 ; vga:v1|Counter:vs_ct|Q[4]  ; vga:v1|Counter:vs_ct|Q[7]  ; CLOCK3_50    ; CLOCK3_50   ; 0.000        ; 0.072      ; 1.242      ;
; 0.999 ; vga:v1|Counter:vs_ct|Q[14] ; vga:v1|Counter:vs_ct|Q[17] ; CLOCK3_50    ; CLOCK3_50   ; 0.000        ; 0.072      ; 1.242      ;
; 1.000 ; vga:v1|Counter:vs_ct|Q[13] ; vga:v1|Counter:vs_ct|Q[16] ; CLOCK3_50    ; CLOCK3_50   ; 0.000        ; 0.072      ; 1.243      ;
; 1.000 ; vga:v1|Counter:vs_ct|Q[3]  ; vga:v1|Counter:vs_ct|Q[7]  ; CLOCK3_50    ; CLOCK3_50   ; 0.000        ; 0.072      ; 1.243      ;
; 1.001 ; vga:v1|Counter:hs_ct|Q[1]  ; vga:v1|Counter:hs_ct|Q[4]  ; CLOCK3_50    ; CLOCK3_50   ; 0.000        ; 0.072      ; 1.244      ;
; 1.001 ; vga:v1|Counter:vs_ct|Q[11] ; vga:v1|Counter:vs_ct|Q[14] ; CLOCK3_50    ; CLOCK3_50   ; 0.000        ; 0.072      ; 1.244      ;
; 1.007 ; vga:v1|Counter:hs_ct|Q[0]  ; vga:v1|Counter:hs_ct|Q[3]  ; CLOCK3_50    ; CLOCK3_50   ; 0.000        ; 0.072      ; 1.250      ;
; 1.007 ; vga:v1|Counter:hs_ct|Q[5]  ; vga:v1|Counter:hs_ct|Q[8]  ; CLOCK3_50    ; CLOCK3_50   ; 0.000        ; 0.072      ; 1.250      ;
; 1.011 ; vga:v1|Counter:vs_ct|Q[13] ; vga:v1|Counter:vs_ct|Q[17] ; CLOCK3_50    ; CLOCK3_50   ; 0.000        ; 0.072      ; 1.254      ;
; 1.018 ; vga:v1|Counter:hs_ct|Q[0]  ; vga:v1|Counter:hs_ct|Q[4]  ; CLOCK3_50    ; CLOCK3_50   ; 0.000        ; 0.072      ; 1.261      ;
; 1.034 ; vga:v1|Counter:hs_ct|Q[10] ; vga:v1|Counter:hs_ct|Q[10] ; CLOCK3_50    ; CLOCK3_50   ; 0.000        ; 0.073      ; 1.278      ;
; 1.038 ; vga:v1|Counter:vs_ct|Q[12] ; vga:v1|Counter:vs_ct|Q[12] ; CLOCK3_50    ; CLOCK3_50   ; 0.000        ; 0.072      ; 1.281      ;
; 1.044 ; vga:v1|Counter:hs_ct|Q[9]  ; vga:v1|Counter:hs_ct|Q[9]  ; CLOCK3_50    ; CLOCK3_50   ; 0.000        ; 0.072      ; 1.287      ;
; 1.071 ; vga:v1|Counter:hs_ct|Q[2]  ; vga:v1|Counter:hs_ct|Q[9]  ; CLOCK3_50    ; CLOCK3_50   ; 0.000        ; 0.072      ; 1.314      ;
; 1.082 ; vga:v1|Counter:hs_ct|Q[3]  ; vga:v1|Counter:hs_ct|Q[7]  ; CLOCK3_50    ; CLOCK3_50   ; 0.000        ; 0.072      ; 1.325      ;
; 1.093 ; vga:v1|Counter:hs_ct|Q[3]  ; vga:v1|Counter:hs_ct|Q[8]  ; CLOCK3_50    ; CLOCK3_50   ; 0.000        ; 0.072      ; 1.336      ;
; 1.094 ; vga:v1|Counter:vs_ct|Q[6]  ; vga:v1|Counter:vs_ct|Q[10] ; CLOCK3_50    ; CLOCK3_50   ; 0.000        ; 0.071      ; 1.336      ;
; 1.095 ; vga:v1|Counter:vs_ct|Q[5]  ; vga:v1|Counter:vs_ct|Q[10] ; CLOCK3_50    ; CLOCK3_50   ; 0.000        ; 0.071      ; 1.337      ;
; 1.096 ; vga:v1|Counter:vs_ct|Q[2]  ; vga:v1|Counter:vs_ct|Q[7]  ; CLOCK3_50    ; CLOCK3_50   ; 0.000        ; 0.072      ; 1.339      ;
; 1.098 ; vga:v1|Counter:vs_ct|Q[4]  ; vga:v1|Counter:vs_ct|Q[8]  ; CLOCK3_50    ; CLOCK3_50   ; 0.000        ; 0.072      ; 1.341      ;
; 1.099 ; vga:v1|Counter:hs_ct|Q[2]  ; vga:v1|Counter:hs_ct|Q[7]  ; CLOCK3_50    ; CLOCK3_50   ; 0.000        ; 0.072      ; 1.342      ;
; 1.099 ; vga:v1|Counter:vs_ct|Q[3]  ; vga:v1|Counter:vs_ct|Q[8]  ; CLOCK3_50    ; CLOCK3_50   ; 0.000        ; 0.072      ; 1.342      ;
; 1.100 ; vga:v1|Counter:hs_ct|Q[1]  ; vga:v1|Counter:hs_ct|Q[5]  ; CLOCK3_50    ; CLOCK3_50   ; 0.000        ; 0.072      ; 1.343      ;
; 1.100 ; vga:v1|Counter:vs_ct|Q[12] ; vga:v1|Counter:vs_ct|Q[16] ; CLOCK3_50    ; CLOCK3_50   ; 0.000        ; 0.072      ; 1.343      ;
; 1.108 ; vga:v1|Counter:vs_ct|Q[9]  ; vga:v1|Counter:vs_ct|Q[14] ; CLOCK3_50    ; CLOCK3_50   ; 0.000        ; 0.071      ; 1.350      ;
; 1.109 ; vga:v1|Counter:vs_ct|Q[4]  ; vga:v1|Counter:vs_ct|Q[9]  ; CLOCK3_50    ; CLOCK3_50   ; 0.000        ; 0.072      ; 1.352      ;
; 1.110 ; vga:v1|Counter:hs_ct|Q[2]  ; vga:v1|Counter:hs_ct|Q[8]  ; CLOCK3_50    ; CLOCK3_50   ; 0.000        ; 0.072      ; 1.353      ;
; 1.110 ; vga:v1|Counter:vs_ct|Q[3]  ; vga:v1|Counter:vs_ct|Q[9]  ; CLOCK3_50    ; CLOCK3_50   ; 0.000        ; 0.072      ; 1.353      ;
; 1.111 ; vga:v1|Counter:vs_ct|Q[12] ; vga:v1|Counter:vs_ct|Q[17] ; CLOCK3_50    ; CLOCK3_50   ; 0.000        ; 0.072      ; 1.354      ;
; 1.111 ; vga:v1|Counter:vs_ct|Q[11] ; vga:v1|Counter:vs_ct|Q[16] ; CLOCK3_50    ; CLOCK3_50   ; 0.000        ; 0.072      ; 1.354      ;
; 1.112 ; vga:v1|Counter:hs_ct|Q[8]  ; vga:v1|Counter:hs_ct|Q[6]  ; CLOCK3_50    ; CLOCK3_50   ; 0.000        ; 0.072      ; 1.355      ;
; 1.117 ; vga:v1|Counter:hs_ct|Q[0]  ; vga:v1|Counter:hs_ct|Q[5]  ; CLOCK3_50    ; CLOCK3_50   ; 0.000        ; 0.072      ; 1.360      ;
; 1.122 ; vga:v1|Counter:vs_ct|Q[11] ; vga:v1|Counter:vs_ct|Q[17] ; CLOCK3_50    ; CLOCK3_50   ; 0.000        ; 0.072      ; 1.365      ;
+-------+----------------------------+----------------------------+--------------+-------------+--------------+------------+------------+


+---------------------------------------------------------------------------------------------------------------------------------------------------------------------------------------------------------------------------------------------------+
; Slow 1200mV 0C Model Recovery: 'CLOCK2_50'                                                                                                                                                                                                        ;
+---------+-------------------------------------------------------+-----------------------------------------------------------------------------------------------------------+--------------+-------------+--------------+------------+------------+
; Slack   ; From Node                                             ; To Node                                                                                                   ; Launch Clock ; Latch Clock ; Relationship ; Clock Skew ; Data Delay ;
+---------+-------------------------------------------------------+-----------------------------------------------------------------------------------------------------------+--------------+-------------+--------------+------------+------------+
; 5.751   ; rst                                                   ; gameboy:dut|PPU_Wrapper:ppu|Pixel_Gen:Pixel_Gen_inst|Render_Sprites:render_sprites_inst|use_sprite        ; CLOCK3_50    ; CLOCK2_50   ; 10.000       ; -0.113     ; 4.155      ;
; 5.941   ; rst                                                   ; gameboy:dut|PPU_Wrapper:ppu|OAM_Search:oam_search|sort_j[2]                                               ; CLOCK3_50    ; CLOCK2_50   ; 10.000       ; -0.123     ; 3.955      ;
; 5.941   ; rst                                                   ; gameboy:dut|PPU_Wrapper:ppu|OAM_Search:oam_search|sort_j[3]                                               ; CLOCK3_50    ; CLOCK2_50   ; 10.000       ; -0.123     ; 3.955      ;
; 5.984   ; rst                                                   ; gameboy:dut|PPU_Wrapper:ppu|OAM_Search:oam_search|sort_i[0]                                               ; CLOCK3_50    ; CLOCK2_50   ; 10.000       ; -0.122     ; 3.913      ;
; 5.984   ; rst                                                   ; gameboy:dut|PPU_Wrapper:ppu|OAM_Search:oam_search|sort_i[1]                                               ; CLOCK3_50    ; CLOCK2_50   ; 10.000       ; -0.122     ; 3.913      ;
; 5.984   ; rst                                                   ; gameboy:dut|PPU_Wrapper:ppu|OAM_Search:oam_search|sort_i[2]                                               ; CLOCK3_50    ; CLOCK2_50   ; 10.000       ; -0.122     ; 3.913      ;
; 5.984   ; rst                                                   ; gameboy:dut|PPU_Wrapper:ppu|OAM_Search:oam_search|sort_i[3]                                               ; CLOCK3_50    ; CLOCK2_50   ; 10.000       ; -0.122     ; 3.913      ;
; 5.984   ; rst                                                   ; gameboy:dut|PPU_Wrapper:ppu|OAM_Search:oam_search|sort_phase                                              ; CLOCK3_50    ; CLOCK2_50   ; 10.000       ; -0.122     ; 3.913      ;
; 6.025   ; rst                                                   ; gameboy:dut|PPU_Wrapper:ppu|Pixel_Gen:Pixel_Gen_inst|FIFO:sprite_fifo_inst|count[0]                       ; CLOCK3_50    ; CLOCK2_50   ; 10.000       ; -0.108     ; 3.886      ;
; 6.025   ; rst                                                   ; gameboy:dut|PPU_Wrapper:ppu|Pixel_Gen:Pixel_Gen_inst|FIFO:sprite_fifo_inst|count[1]                       ; CLOCK3_50    ; CLOCK2_50   ; 10.000       ; -0.108     ; 3.886      ;
; 6.025   ; rst                                                   ; gameboy:dut|PPU_Wrapper:ppu|Pixel_Gen:Pixel_Gen_inst|FIFO:sprite_fifo_inst|count[2]                       ; CLOCK3_50    ; CLOCK2_50   ; 10.000       ; -0.108     ; 3.886      ;
; 6.025   ; rst                                                   ; gameboy:dut|PPU_Wrapper:ppu|Pixel_Gen:Pixel_Gen_inst|FIFO:sprite_fifo_inst|count[3]                       ; CLOCK3_50    ; CLOCK2_50   ; 10.000       ; -0.108     ; 3.886      ;
; 6.025   ; rst                                                   ; gameboy:dut|PPU_Wrapper:ppu|Pixel_Gen:Pixel_Gen_inst|FIFO:sprite_fifo_inst|count[4]                       ; CLOCK3_50    ; CLOCK2_50   ; 10.000       ; -0.108     ; 3.886      ;
; 6.025   ; rst                                                   ; gameboy:dut|PPU_Wrapper:ppu|Pixel_Gen:Pixel_Gen_inst|FIFO:sprite_fifo_inst|count[5]                       ; CLOCK3_50    ; CLOCK2_50   ; 10.000       ; -0.108     ; 3.886      ;
; 6.025   ; rst                                                   ; gameboy:dut|PPU_Wrapper:ppu|Pixel_Gen:Pixel_Gen_inst|FIFO:sprite_fifo_inst|count[6]                       ; CLOCK3_50    ; CLOCK2_50   ; 10.000       ; -0.108     ; 3.886      ;
; 6.059   ; rst                                                   ; gameboy:dut|PPU_Wrapper:ppu|Pixel_Gen:Pixel_Gen_inst|Render_Sprites:render_sprites_inst|x_coord[0]        ; CLOCK3_50    ; CLOCK2_50   ; 10.000       ; -0.113     ; 3.847      ;
; 6.059   ; rst                                                   ; gameboy:dut|PPU_Wrapper:ppu|Pixel_Gen:Pixel_Gen_inst|Render_Sprites:render_sprites_inst|x_coord[1]        ; CLOCK3_50    ; CLOCK2_50   ; 10.000       ; -0.113     ; 3.847      ;
; 6.059   ; rst                                                   ; gameboy:dut|PPU_Wrapper:ppu|Pixel_Gen:Pixel_Gen_inst|Render_Sprites:render_sprites_inst|x_coord[2]        ; CLOCK3_50    ; CLOCK2_50   ; 10.000       ; -0.113     ; 3.847      ;
; 6.059   ; rst                                                   ; gameboy:dut|PPU_Wrapper:ppu|Pixel_Gen:Pixel_Gen_inst|Render_Sprites:render_sprites_inst|pixel_index[0]    ; CLOCK3_50    ; CLOCK2_50   ; 10.000       ; -0.113     ; 3.847      ;
; 6.059   ; rst                                                   ; gameboy:dut|PPU_Wrapper:ppu|Pixel_Gen:Pixel_Gen_inst|Render_Sprites:render_sprites_inst|pixel_index[1]    ; CLOCK3_50    ; CLOCK2_50   ; 10.000       ; -0.113     ; 3.847      ;
; 6.059   ; rst                                                   ; gameboy:dut|PPU_Wrapper:ppu|Pixel_Gen:Pixel_Gen_inst|Render_Sprites:render_sprites_inst|pixel_index[2]    ; CLOCK3_50    ; CLOCK2_50   ; 10.000       ; -0.113     ; 3.847      ;
; 6.079   ; rst                                                   ; gameboy:dut|PPU_Wrapper:ppu|Pixel_Gen:Pixel_Gen_inst|Render_Sprites:render_sprites_inst|state.FETCH_TILE  ; CLOCK3_50    ; CLOCK2_50   ; 10.000       ; -0.112     ; 3.828      ;
; 6.079   ; rst                                                   ; gameboy:dut|PPU_Wrapper:ppu|Pixel_Gen:Pixel_Gen_inst|Render_Sprites:render_sprites_inst|state.DUMP_PIXELS ; CLOCK3_50    ; CLOCK2_50   ; 10.000       ; -0.112     ; 3.828      ;
; 6.079   ; rst                                                   ; gameboy:dut|PPU_Wrapper:ppu|Pixel_Gen:Pixel_Gen_inst|Render_Sprites:render_sprites_inst|state.SCAN_CHECK  ; CLOCK3_50    ; CLOCK2_50   ; 10.000       ; -0.112     ; 3.828      ;
; 6.098   ; rst                                                   ; gameboy:dut|PPU_Wrapper:ppu|Pixel_Gen:Pixel_Gen_inst|Render_Sprites:render_sprites_inst|x_coord[3]        ; CLOCK3_50    ; CLOCK2_50   ; 10.000       ; -0.114     ; 3.807      ;
; 6.098   ; rst                                                   ; gameboy:dut|PPU_Wrapper:ppu|Pixel_Gen:Pixel_Gen_inst|Render_Sprites:render_sprites_inst|x_coord[4]        ; CLOCK3_50    ; CLOCK2_50   ; 10.000       ; -0.114     ; 3.807      ;
; 6.098   ; rst                                                   ; gameboy:dut|PPU_Wrapper:ppu|Pixel_Gen:Pixel_Gen_inst|Render_Sprites:render_sprites_inst|x_coord[6]        ; CLOCK3_50    ; CLOCK2_50   ; 10.000       ; -0.114     ; 3.807      ;
; 6.098   ; rst                                                   ; gameboy:dut|PPU_Wrapper:ppu|Pixel_Gen:Pixel_Gen_inst|Render_Sprites:render_sprites_inst|x_coord[7]        ; CLOCK3_50    ; CLOCK2_50   ; 10.000       ; -0.114     ; 3.807      ;
; 6.098   ; rst                                                   ; gameboy:dut|PPU_Wrapper:ppu|Pixel_Gen:Pixel_Gen_inst|Render_Sprites:render_sprites_inst|x_coord[5]        ; CLOCK3_50    ; CLOCK2_50   ; 10.000       ; -0.114     ; 3.807      ;
; 6.098   ; rst                                                   ; gameboy:dut|PPU_Wrapper:ppu|Pixel_Gen:Pixel_Gen_inst|Render_Sprites:render_sprites_inst|x_coord[8]        ; CLOCK3_50    ; CLOCK2_50   ; 10.000       ; -0.114     ; 3.807      ;
; 6.098   ; rst                                                   ; gameboy:dut|PPU_Wrapper:ppu|Pixel_Gen:Pixel_Gen_inst|Render_Sprites:render_sprites_inst|x_coord[9]        ; CLOCK3_50    ; CLOCK2_50   ; 10.000       ; -0.114     ; 3.807      ;
; 6.098   ; rst                                                   ; gameboy:dut|PPU_Wrapper:ppu|Pixel_Gen:Pixel_Gen_inst|Render_Sprites:render_sprites_inst|state.DONE        ; CLOCK3_50    ; CLOCK2_50   ; 10.000       ; -0.114     ; 3.807      ;
; 6.312   ; rst                                                   ; gameboy:dut|PPU_Wrapper:ppu|Pixel_Gen:Pixel_Gen_inst|Render_BG:render_bg_inst|pixel_index[0]              ; CLOCK3_50    ; CLOCK2_50   ; 10.000       ; -0.107     ; 3.600      ;
; 6.312   ; rst                                                   ; gameboy:dut|PPU_Wrapper:ppu|Pixel_Gen:Pixel_Gen_inst|Render_BG:render_bg_inst|pixel_index[1]              ; CLOCK3_50    ; CLOCK2_50   ; 10.000       ; -0.107     ; 3.600      ;
; 6.312   ; rst                                                   ; gameboy:dut|PPU_Wrapper:ppu|Pixel_Gen:Pixel_Gen_inst|Render_BG:render_bg_inst|pixel_index[2]              ; CLOCK3_50    ; CLOCK2_50   ; 10.000       ; -0.107     ; 3.600      ;
; 6.312   ; rst                                                   ; gameboy:dut|PPU_Wrapper:ppu|Pixel_Gen:Pixel_Gen_inst|Render_BG:render_bg_inst|state.BG_FETCH_TILE         ; CLOCK3_50    ; CLOCK2_50   ; 10.000       ; -0.107     ; 3.600      ;
; 6.312   ; rst                                                   ; gameboy:dut|PPU_Wrapper:ppu|Pixel_Gen:Pixel_Gen_inst|Render_BG:render_bg_inst|state.BG_FETCH_TILE_MAP     ; CLOCK3_50    ; CLOCK2_50   ; 10.000       ; -0.107     ; 3.600      ;
; 6.312   ; rst                                                   ; gameboy:dut|PPU_Wrapper:ppu|Pixel_Gen:Pixel_Gen_inst|Render_BG:render_bg_inst|state.BG_FETCH_TILE_DATA    ; CLOCK3_50    ; CLOCK2_50   ; 10.000       ; -0.107     ; 3.600      ;
; 6.312   ; rst                                                   ; gameboy:dut|PPU_Wrapper:ppu|Pixel_Gen:Pixel_Gen_inst|Render_BG:render_bg_inst|state.BG_PROCESS_PIXELS     ; CLOCK3_50    ; CLOCK2_50   ; 10.000       ; -0.107     ; 3.600      ;
; 6.342   ; rst                                                   ; gameboy:dut|PPU_Wrapper:ppu|PPU_Mode_controller:mode_ctrl|dot[0]                                          ; CLOCK3_50    ; CLOCK2_50   ; 10.000       ; -0.107     ; 3.570      ;
; 6.342   ; rst                                                   ; gameboy:dut|PPU_Wrapper:ppu|PPU_Mode_controller:mode_ctrl|dot[6]                                          ; CLOCK3_50    ; CLOCK2_50   ; 10.000       ; -0.107     ; 3.570      ;
; 6.342   ; rst                                                   ; gameboy:dut|PPU_Wrapper:ppu|PPU_Mode_controller:mode_ctrl|dot[7]                                          ; CLOCK3_50    ; CLOCK2_50   ; 10.000       ; -0.107     ; 3.570      ;
; 6.342   ; rst                                                   ; gameboy:dut|PPU_Wrapper:ppu|PPU_Mode_controller:mode_ctrl|dot[8]                                          ; CLOCK3_50    ; CLOCK2_50   ; 10.000       ; -0.107     ; 3.570      ;
; 6.342   ; rst                                                   ; gameboy:dut|PPU_Wrapper:ppu|PPU_Mode_controller:mode_ctrl|dot[2]                                          ; CLOCK3_50    ; CLOCK2_50   ; 10.000       ; -0.107     ; 3.570      ;
; 6.342   ; rst                                                   ; gameboy:dut|PPU_Wrapper:ppu|PPU_Mode_controller:mode_ctrl|dot[3]                                          ; CLOCK3_50    ; CLOCK2_50   ; 10.000       ; -0.107     ; 3.570      ;
; 6.342   ; rst                                                   ; gameboy:dut|PPU_Wrapper:ppu|PPU_Mode_controller:mode_ctrl|dot[1]                                          ; CLOCK3_50    ; CLOCK2_50   ; 10.000       ; -0.107     ; 3.570      ;
; 6.342   ; rst                                                   ; gameboy:dut|PPU_Wrapper:ppu|PPU_Mode_controller:mode_ctrl|dot[5]                                          ; CLOCK3_50    ; CLOCK2_50   ; 10.000       ; -0.107     ; 3.570      ;
; 6.342   ; rst                                                   ; gameboy:dut|PPU_Wrapper:ppu|PPU_Mode_controller:mode_ctrl|dot[4]                                          ; CLOCK3_50    ; CLOCK2_50   ; 10.000       ; -0.107     ; 3.570      ;
; 6.530   ; rst                                                   ; gameboy:dut|PPU_Wrapper:ppu|Pixel_Gen:Pixel_Gen_inst|Render_BG:render_bg_inst|pixel_total[3]              ; CLOCK3_50    ; CLOCK2_50   ; 10.000       ; -0.108     ; 3.381      ;
; 6.530   ; rst                                                   ; gameboy:dut|PPU_Wrapper:ppu|Pixel_Gen:Pixel_Gen_inst|Render_BG:render_bg_inst|pixel_total[4]              ; CLOCK3_50    ; CLOCK2_50   ; 10.000       ; -0.108     ; 3.381      ;
; 6.530   ; rst                                                   ; gameboy:dut|PPU_Wrapper:ppu|Pixel_Gen:Pixel_Gen_inst|Render_BG:render_bg_inst|pixel_total[5]              ; CLOCK3_50    ; CLOCK2_50   ; 10.000       ; -0.108     ; 3.381      ;
; 6.530   ; rst                                                   ; gameboy:dut|PPU_Wrapper:ppu|Pixel_Gen:Pixel_Gen_inst|Render_BG:render_bg_inst|pixel_total[6]              ; CLOCK3_50    ; CLOCK2_50   ; 10.000       ; -0.108     ; 3.381      ;
; 6.530   ; rst                                                   ; gameboy:dut|PPU_Wrapper:ppu|Pixel_Gen:Pixel_Gen_inst|Render_BG:render_bg_inst|pixel_total[7]              ; CLOCK3_50    ; CLOCK2_50   ; 10.000       ; -0.108     ; 3.381      ;
; 6.530   ; rst                                                   ; gameboy:dut|PPU_Wrapper:ppu|Pixel_Gen:Pixel_Gen_inst|Render_BG:render_bg_inst|state.BG_DONE               ; CLOCK3_50    ; CLOCK2_50   ; 10.000       ; -0.108     ; 3.381      ;
; 6.534   ; rst                                                   ; gameboy:dut|PPU_Wrapper:ppu|OAM_Search:oam_search|selected_count[1]                                       ; CLOCK3_50    ; CLOCK2_50   ; 10.000       ; -0.113     ; 3.372      ;
; 6.534   ; rst                                                   ; gameboy:dut|PPU_Wrapper:ppu|OAM_Search:oam_search|selected_count[2]                                       ; CLOCK3_50    ; CLOCK2_50   ; 10.000       ; -0.113     ; 3.372      ;
; 6.534   ; rst                                                   ; gameboy:dut|PPU_Wrapper:ppu|OAM_Search:oam_search|selected_count[0]                                       ; CLOCK3_50    ; CLOCK2_50   ; 10.000       ; -0.113     ; 3.372      ;
; 6.534   ; rst                                                   ; gameboy:dut|PPU_Wrapper:ppu|OAM_Search:oam_search|selected_count[3]                                       ; CLOCK3_50    ; CLOCK2_50   ; 10.000       ; -0.113     ; 3.372      ;
; 6.556   ; rst                                                   ; gameboy:dut|PPU_Wrapper:ppu|Pixel_Gen:Pixel_Gen_inst|Render_BG:render_bg_inst|push_bg                     ; CLOCK3_50    ; CLOCK2_50   ; 10.000       ; -0.104     ; 3.359      ;
; 6.556   ; rst                                                   ; gameboy:dut|PPU_Wrapper:ppu|Pixel_Mixer:pixel_mixer_inst|pixel_out_valid                                  ; CLOCK3_50    ; CLOCK2_50   ; 10.000       ; -0.104     ; 3.359      ;
; 6.572   ; rst                                                   ; gameboy:dut|PPU_Wrapper:ppu|PPU_Mode_controller:mode_ctrl|fifo_clear                                      ; CLOCK3_50    ; CLOCK2_50   ; 10.000       ; -0.108     ; 3.339      ;
; 6.572   ; rst                                                   ; gameboy:dut|PPU_Wrapper:ppu|Pixel_Gen:Pixel_Gen_inst|Render_BG:render_bg_inst|bg_done                     ; CLOCK3_50    ; CLOCK2_50   ; 10.000       ; -0.108     ; 3.339      ;
; 6.572   ; rst                                                   ; gameboy:dut|PPU_Wrapper:ppu|Pixel_Gen:Pixel_Gen_inst|Render_Sprites:render_sprites_inst|state.IDLE        ; CLOCK3_50    ; CLOCK2_50   ; 10.000       ; -0.108     ; 3.339      ;
; 6.572   ; rst                                                   ; gameboy:dut|PPU_Wrapper:ppu|OAM_Search:oam_search|state.OAM_DONE                                          ; CLOCK3_50    ; CLOCK2_50   ; 10.000       ; -0.108     ; 3.339      ;
; 6.572   ; rst                                                   ; gameboy:dut|PPU_Wrapper:ppu|OAM_Search:oam_search|state.OAM_IDLE                                          ; CLOCK3_50    ; CLOCK2_50   ; 10.000       ; -0.108     ; 3.339      ;
; 6.572   ; rst                                                   ; gameboy:dut|PPU_Wrapper:ppu|OAM_Search:oam_search|state.OAM_SORT                                          ; CLOCK3_50    ; CLOCK2_50   ; 10.000       ; -0.108     ; 3.339      ;
; 6.572   ; rst                                                   ; gameboy:dut|PPU_Wrapper:ppu|PPU_Mode_controller:mode_ctrl|mode[1]                                         ; CLOCK3_50    ; CLOCK2_50   ; 10.000       ; -0.108     ; 3.339      ;
; 6.572   ; rst                                                   ; gameboy:dut|PPU_Wrapper:ppu|Pixel_Gen:Pixel_Gen_inst|Render_Sprites:render_sprites_inst|sprite_done       ; CLOCK3_50    ; CLOCK2_50   ; 10.000       ; -0.108     ; 3.339      ;
; 6.572   ; rst                                                   ; gameboy:dut|PPU_Wrapper:ppu|PPU_Mode_controller:mode_ctrl|mode[0]                                         ; CLOCK3_50    ; CLOCK2_50   ; 10.000       ; -0.108     ; 3.339      ;
; 6.572   ; rst                                                   ; gameboy:dut|PPU_Wrapper:ppu|Pixel_Gen:Pixel_Gen_inst|Render_BG:render_bg_inst|state.BG_IDLE               ; CLOCK3_50    ; CLOCK2_50   ; 10.000       ; -0.108     ; 3.339      ;
; 6.577   ; rst                                                   ; gameboy:dut|PPU_Wrapper:ppu|Pixel_Gen:Pixel_Gen_inst|FIFO:bg_fifo_inst|count[0]                           ; CLOCK3_50    ; CLOCK2_50   ; 10.000       ; -0.105     ; 3.337      ;
; 6.577   ; rst                                                   ; gameboy:dut|PPU_Wrapper:ppu|Pixel_Gen:Pixel_Gen_inst|FIFO:bg_fifo_inst|count[1]                           ; CLOCK3_50    ; CLOCK2_50   ; 10.000       ; -0.105     ; 3.337      ;
; 6.577   ; rst                                                   ; gameboy:dut|PPU_Wrapper:ppu|Pixel_Gen:Pixel_Gen_inst|FIFO:bg_fifo_inst|count[2]                           ; CLOCK3_50    ; CLOCK2_50   ; 10.000       ; -0.105     ; 3.337      ;
; 6.577   ; rst                                                   ; gameboy:dut|PPU_Wrapper:ppu|Pixel_Gen:Pixel_Gen_inst|FIFO:bg_fifo_inst|count[3]                           ; CLOCK3_50    ; CLOCK2_50   ; 10.000       ; -0.105     ; 3.337      ;
; 6.577   ; rst                                                   ; gameboy:dut|PPU_Wrapper:ppu|Pixel_Gen:Pixel_Gen_inst|FIFO:bg_fifo_inst|count[4]                           ; CLOCK3_50    ; CLOCK2_50   ; 10.000       ; -0.105     ; 3.337      ;
; 6.598   ; rst                                                   ; gameboy:dut|PPU_Wrapper:ppu|Pixel_Gen:Pixel_Gen_inst|Render_BG:render_bg_inst|scx_latched[0]              ; CLOCK3_50    ; CLOCK2_50   ; 10.000       ; -0.107     ; 3.314      ;
; 6.598   ; rst                                                   ; gameboy:dut|PPU_Wrapper:ppu|Pixel_Gen:Pixel_Gen_inst|Render_BG:render_bg_inst|scx_latched[1]              ; CLOCK3_50    ; CLOCK2_50   ; 10.000       ; -0.107     ; 3.314      ;
; 6.598   ; rst                                                   ; gameboy:dut|PPU_Wrapper:ppu|Pixel_Gen:Pixel_Gen_inst|Render_BG:render_bg_inst|scx_latched[2]              ; CLOCK3_50    ; CLOCK2_50   ; 10.000       ; -0.107     ; 3.314      ;
; 6.598   ; rst                                                   ; gameboy:dut|PPU_Wrapper:ppu|Pixel_Gen:Pixel_Gen_inst|Render_BG:render_bg_inst|scx_latched[3]              ; CLOCK3_50    ; CLOCK2_50   ; 10.000       ; -0.107     ; 3.314      ;
; 6.598   ; rst                                                   ; gameboy:dut|PPU_Wrapper:ppu|Pixel_Gen:Pixel_Gen_inst|Render_BG:render_bg_inst|scx_latched[4]              ; CLOCK3_50    ; CLOCK2_50   ; 10.000       ; -0.107     ; 3.314      ;
; 6.598   ; rst                                                   ; gameboy:dut|PPU_Wrapper:ppu|Pixel_Gen:Pixel_Gen_inst|Render_BG:render_bg_inst|scx_latched[5]              ; CLOCK3_50    ; CLOCK2_50   ; 10.000       ; -0.107     ; 3.314      ;
; 6.598   ; rst                                                   ; gameboy:dut|PPU_Wrapper:ppu|Pixel_Gen:Pixel_Gen_inst|Render_BG:render_bg_inst|scx_latched[6]              ; CLOCK3_50    ; CLOCK2_50   ; 10.000       ; -0.107     ; 3.314      ;
; 6.598   ; rst                                                   ; gameboy:dut|PPU_Wrapper:ppu|Pixel_Gen:Pixel_Gen_inst|Render_BG:render_bg_inst|scx_latched[7]              ; CLOCK3_50    ; CLOCK2_50   ; 10.000       ; -0.107     ; 3.314      ;
; 6.661   ; rst                                                   ; gameboy:dut|PPU_Wrapper:ppu|PPU_Mode_controller:mode_ctrl|line[0]                                         ; CLOCK3_50    ; CLOCK2_50   ; 10.000       ; -0.103     ; 3.255      ;
; 6.661   ; rst                                                   ; gameboy:dut|PPU_Wrapper:ppu|PPU_Mode_controller:mode_ctrl|line[1]                                         ; CLOCK3_50    ; CLOCK2_50   ; 10.000       ; -0.103     ; 3.255      ;
; 6.661   ; rst                                                   ; gameboy:dut|PPU_Wrapper:ppu|PPU_Mode_controller:mode_ctrl|line[2]                                         ; CLOCK3_50    ; CLOCK2_50   ; 10.000       ; -0.103     ; 3.255      ;
; 6.661   ; rst                                                   ; gameboy:dut|PPU_Wrapper:ppu|PPU_Mode_controller:mode_ctrl|line[3]                                         ; CLOCK3_50    ; CLOCK2_50   ; 10.000       ; -0.103     ; 3.255      ;
; 6.661   ; rst                                                   ; gameboy:dut|PPU_Wrapper:ppu|PPU_Mode_controller:mode_ctrl|line[4]                                         ; CLOCK3_50    ; CLOCK2_50   ; 10.000       ; -0.103     ; 3.255      ;
; 6.661   ; rst                                                   ; gameboy:dut|PPU_Wrapper:ppu|PPU_Mode_controller:mode_ctrl|line[5]                                         ; CLOCK3_50    ; CLOCK2_50   ; 10.000       ; -0.103     ; 3.255      ;
; 6.661   ; rst                                                   ; gameboy:dut|PPU_Wrapper:ppu|PPU_Mode_controller:mode_ctrl|line[7]                                         ; CLOCK3_50    ; CLOCK2_50   ; 10.000       ; -0.103     ; 3.255      ;
; 6.661   ; rst                                                   ; gameboy:dut|PPU_Wrapper:ppu|PPU_Mode_controller:mode_ctrl|line[6]                                         ; CLOCK3_50    ; CLOCK2_50   ; 10.000       ; -0.103     ; 3.255      ;
; 7.090   ; rst                                                   ; gameboy:dut|PPU_Wrapper:ppu|OAM_Search:oam_search|oam_index[0]                                            ; CLOCK3_50    ; CLOCK2_50   ; 10.000       ; -0.106     ; 2.823      ;
; 7.090   ; rst                                                   ; gameboy:dut|PPU_Wrapper:ppu|OAM_Search:oam_search|oam_index[1]                                            ; CLOCK3_50    ; CLOCK2_50   ; 10.000       ; -0.106     ; 2.823      ;
; 7.090   ; rst                                                   ; gameboy:dut|PPU_Wrapper:ppu|OAM_Search:oam_search|oam_index[2]                                            ; CLOCK3_50    ; CLOCK2_50   ; 10.000       ; -0.106     ; 2.823      ;
; 7.090   ; rst                                                   ; gameboy:dut|PPU_Wrapper:ppu|OAM_Search:oam_search|oam_index[3]                                            ; CLOCK3_50    ; CLOCK2_50   ; 10.000       ; -0.106     ; 2.823      ;
; 7.090   ; rst                                                   ; gameboy:dut|PPU_Wrapper:ppu|OAM_Search:oam_search|oam_index[4]                                            ; CLOCK3_50    ; CLOCK2_50   ; 10.000       ; -0.106     ; 2.823      ;
; 7.090   ; rst                                                   ; gameboy:dut|PPU_Wrapper:ppu|OAM_Search:oam_search|oam_index[5]                                            ; CLOCK3_50    ; CLOCK2_50   ; 10.000       ; -0.106     ; 2.823      ;
; 7.090   ; rst                                                   ; gameboy:dut|PPU_Wrapper:ppu|OAM_Search:oam_search|state.OAM_FETCH                                         ; CLOCK3_50    ; CLOCK2_50   ; 10.000       ; -0.106     ; 2.823      ;
; 245.505 ; gameboy:dut|MMU:mmu|IO_handler:io_registers|LCDC_R[7] ; gameboy:dut|PPU_Wrapper:ppu|Pixel_Gen:Pixel_Gen_inst|Render_Sprites:render_sprites_inst|use_sprite        ; CLOCK2_50    ; CLOCK2_50   ; 250.000      ; -0.091     ; 4.403      ;
; 245.695 ; gameboy:dut|MMU:mmu|IO_handler:io_registers|LCDC_R[7] ; gameboy:dut|PPU_Wrapper:ppu|OAM_Search:oam_search|sort_j[2]                                               ; CLOCK2_50    ; CLOCK2_50   ; 250.000      ; -0.101     ; 4.203      ;
+---------+-------------------------------------------------------+-----------------------------------------------------------------------------------------------------------+--------------+-------------+--------------+------------+------------+


+----------------------------------------------------------------------------------------------------------------------------------------------------------------------------------------------------------------------------------------------+
; Slow 1200mV 0C Model Removal: 'CLOCK2_50'                                                                                                                                                                                                    ;
+-------+-------------------------------------------------------+--------------------------------------------------------------------------------------------------------+--------------+-------------+--------------+------------+------------+
; Slack ; From Node                                             ; To Node                                                                                                ; Launch Clock ; Latch Clock ; Relationship ; Clock Skew ; Data Delay ;
+-------+-------------------------------------------------------+--------------------------------------------------------------------------------------------------------+--------------+-------------+--------------+------------+------------+
; 2.365 ; rst                                                   ; gameboy:dut|PPU_Wrapper:ppu|OAM_Search:oam_search|oam_index[0]                                         ; CLOCK3_50    ; CLOCK2_50   ; 0.000        ; 0.092      ; 2.628      ;
; 2.365 ; rst                                                   ; gameboy:dut|PPU_Wrapper:ppu|OAM_Search:oam_search|oam_index[1]                                         ; CLOCK3_50    ; CLOCK2_50   ; 0.000        ; 0.092      ; 2.628      ;
; 2.365 ; rst                                                   ; gameboy:dut|PPU_Wrapper:ppu|OAM_Search:oam_search|oam_index[2]                                         ; CLOCK3_50    ; CLOCK2_50   ; 0.000        ; 0.092      ; 2.628      ;
; 2.365 ; rst                                                   ; gameboy:dut|PPU_Wrapper:ppu|OAM_Search:oam_search|oam_index[3]                                         ; CLOCK3_50    ; CLOCK2_50   ; 0.000        ; 0.092      ; 2.628      ;
; 2.365 ; rst                                                   ; gameboy:dut|PPU_Wrapper:ppu|OAM_Search:oam_search|oam_index[4]                                         ; CLOCK3_50    ; CLOCK2_50   ; 0.000        ; 0.092      ; 2.628      ;
; 2.365 ; rst                                                   ; gameboy:dut|PPU_Wrapper:ppu|OAM_Search:oam_search|oam_index[5]                                         ; CLOCK3_50    ; CLOCK2_50   ; 0.000        ; 0.092      ; 2.628      ;
; 2.365 ; rst                                                   ; gameboy:dut|PPU_Wrapper:ppu|OAM_Search:oam_search|state.OAM_FETCH                                      ; CLOCK3_50    ; CLOCK2_50   ; 0.000        ; 0.092      ; 2.628      ;
; 2.711 ; rst                                                   ; gameboy:dut|PPU_Wrapper:ppu|PPU_Mode_controller:mode_ctrl|line[0]                                      ; CLOCK3_50    ; CLOCK2_50   ; 0.000        ; 0.095      ; 2.977      ;
; 2.711 ; rst                                                   ; gameboy:dut|PPU_Wrapper:ppu|PPU_Mode_controller:mode_ctrl|line[1]                                      ; CLOCK3_50    ; CLOCK2_50   ; 0.000        ; 0.095      ; 2.977      ;
; 2.711 ; rst                                                   ; gameboy:dut|PPU_Wrapper:ppu|PPU_Mode_controller:mode_ctrl|line[2]                                      ; CLOCK3_50    ; CLOCK2_50   ; 0.000        ; 0.095      ; 2.977      ;
; 2.711 ; rst                                                   ; gameboy:dut|PPU_Wrapper:ppu|PPU_Mode_controller:mode_ctrl|line[3]                                      ; CLOCK3_50    ; CLOCK2_50   ; 0.000        ; 0.095      ; 2.977      ;
; 2.711 ; rst                                                   ; gameboy:dut|PPU_Wrapper:ppu|PPU_Mode_controller:mode_ctrl|line[4]                                      ; CLOCK3_50    ; CLOCK2_50   ; 0.000        ; 0.095      ; 2.977      ;
; 2.711 ; rst                                                   ; gameboy:dut|PPU_Wrapper:ppu|PPU_Mode_controller:mode_ctrl|line[5]                                      ; CLOCK3_50    ; CLOCK2_50   ; 0.000        ; 0.095      ; 2.977      ;
; 2.711 ; rst                                                   ; gameboy:dut|PPU_Wrapper:ppu|PPU_Mode_controller:mode_ctrl|line[7]                                      ; CLOCK3_50    ; CLOCK2_50   ; 0.000        ; 0.095      ; 2.977      ;
; 2.711 ; rst                                                   ; gameboy:dut|PPU_Wrapper:ppu|PPU_Mode_controller:mode_ctrl|line[6]                                      ; CLOCK3_50    ; CLOCK2_50   ; 0.000        ; 0.095      ; 2.977      ;
; 2.716 ; gameboy:dut|MMU:mmu|IO_handler:io_registers|LCDC_R[7] ; gameboy:dut|PPU_Wrapper:ppu|OAM_Search:oam_search|oam_index[5]                                         ; CLOCK2_50    ; CLOCK2_50   ; 0.000        ; 0.060      ; 2.947      ;
; 2.716 ; gameboy:dut|MMU:mmu|IO_handler:io_registers|LCDC_R[7] ; gameboy:dut|PPU_Wrapper:ppu|OAM_Search:oam_search|oam_index[4]                                         ; CLOCK2_50    ; CLOCK2_50   ; 0.000        ; 0.060      ; 2.947      ;
; 2.716 ; gameboy:dut|MMU:mmu|IO_handler:io_registers|LCDC_R[7] ; gameboy:dut|PPU_Wrapper:ppu|OAM_Search:oam_search|oam_index[0]                                         ; CLOCK2_50    ; CLOCK2_50   ; 0.000        ; 0.060      ; 2.947      ;
; 2.716 ; gameboy:dut|MMU:mmu|IO_handler:io_registers|LCDC_R[7] ; gameboy:dut|PPU_Wrapper:ppu|OAM_Search:oam_search|oam_index[1]                                         ; CLOCK2_50    ; CLOCK2_50   ; 0.000        ; 0.060      ; 2.947      ;
; 2.716 ; gameboy:dut|MMU:mmu|IO_handler:io_registers|LCDC_R[7] ; gameboy:dut|PPU_Wrapper:ppu|OAM_Search:oam_search|oam_index[2]                                         ; CLOCK2_50    ; CLOCK2_50   ; 0.000        ; 0.060      ; 2.947      ;
; 2.716 ; gameboy:dut|MMU:mmu|IO_handler:io_registers|LCDC_R[7] ; gameboy:dut|PPU_Wrapper:ppu|OAM_Search:oam_search|oam_index[3]                                         ; CLOCK2_50    ; CLOCK2_50   ; 0.000        ; 0.060      ; 2.947      ;
; 2.716 ; gameboy:dut|MMU:mmu|IO_handler:io_registers|LCDC_R[7] ; gameboy:dut|PPU_Wrapper:ppu|OAM_Search:oam_search|state.OAM_FETCH                                      ; CLOCK2_50    ; CLOCK2_50   ; 0.000        ; 0.060      ; 2.947      ;
; 2.804 ; rst                                                   ; gameboy:dut|PPU_Wrapper:ppu|Pixel_Gen:Pixel_Gen_inst|Render_BG:render_bg_inst|scx_latched[0]           ; CLOCK3_50    ; CLOCK2_50   ; 0.000        ; 0.091      ; 3.066      ;
; 2.804 ; rst                                                   ; gameboy:dut|PPU_Wrapper:ppu|Pixel_Gen:Pixel_Gen_inst|Render_BG:render_bg_inst|scx_latched[1]           ; CLOCK3_50    ; CLOCK2_50   ; 0.000        ; 0.091      ; 3.066      ;
; 2.804 ; rst                                                   ; gameboy:dut|PPU_Wrapper:ppu|Pixel_Gen:Pixel_Gen_inst|Render_BG:render_bg_inst|scx_latched[2]           ; CLOCK3_50    ; CLOCK2_50   ; 0.000        ; 0.091      ; 3.066      ;
; 2.804 ; rst                                                   ; gameboy:dut|PPU_Wrapper:ppu|Pixel_Gen:Pixel_Gen_inst|Render_BG:render_bg_inst|scx_latched[3]           ; CLOCK3_50    ; CLOCK2_50   ; 0.000        ; 0.091      ; 3.066      ;
; 2.804 ; rst                                                   ; gameboy:dut|PPU_Wrapper:ppu|Pixel_Gen:Pixel_Gen_inst|Render_BG:render_bg_inst|scx_latched[4]           ; CLOCK3_50    ; CLOCK2_50   ; 0.000        ; 0.091      ; 3.066      ;
; 2.804 ; rst                                                   ; gameboy:dut|PPU_Wrapper:ppu|Pixel_Gen:Pixel_Gen_inst|Render_BG:render_bg_inst|scx_latched[5]           ; CLOCK3_50    ; CLOCK2_50   ; 0.000        ; 0.091      ; 3.066      ;
; 2.804 ; rst                                                   ; gameboy:dut|PPU_Wrapper:ppu|Pixel_Gen:Pixel_Gen_inst|Render_BG:render_bg_inst|scx_latched[6]           ; CLOCK3_50    ; CLOCK2_50   ; 0.000        ; 0.091      ; 3.066      ;
; 2.804 ; rst                                                   ; gameboy:dut|PPU_Wrapper:ppu|Pixel_Gen:Pixel_Gen_inst|Render_BG:render_bg_inst|scx_latched[7]           ; CLOCK3_50    ; CLOCK2_50   ; 0.000        ; 0.091      ; 3.066      ;
; 2.817 ; rst                                                   ; gameboy:dut|PPU_Wrapper:ppu|PPU_Mode_controller:mode_ctrl|fifo_clear                                   ; CLOCK3_50    ; CLOCK2_50   ; 0.000        ; 0.090      ; 3.078      ;
; 2.817 ; rst                                                   ; gameboy:dut|PPU_Wrapper:ppu|Pixel_Gen:Pixel_Gen_inst|Render_BG:render_bg_inst|bg_done                  ; CLOCK3_50    ; CLOCK2_50   ; 0.000        ; 0.090      ; 3.078      ;
; 2.817 ; rst                                                   ; gameboy:dut|PPU_Wrapper:ppu|Pixel_Gen:Pixel_Gen_inst|Render_Sprites:render_sprites_inst|state.IDLE     ; CLOCK3_50    ; CLOCK2_50   ; 0.000        ; 0.090      ; 3.078      ;
; 2.817 ; rst                                                   ; gameboy:dut|PPU_Wrapper:ppu|OAM_Search:oam_search|state.OAM_DONE                                       ; CLOCK3_50    ; CLOCK2_50   ; 0.000        ; 0.090      ; 3.078      ;
; 2.817 ; rst                                                   ; gameboy:dut|PPU_Wrapper:ppu|OAM_Search:oam_search|state.OAM_IDLE                                       ; CLOCK3_50    ; CLOCK2_50   ; 0.000        ; 0.090      ; 3.078      ;
; 2.817 ; rst                                                   ; gameboy:dut|PPU_Wrapper:ppu|OAM_Search:oam_search|state.OAM_SORT                                       ; CLOCK3_50    ; CLOCK2_50   ; 0.000        ; 0.090      ; 3.078      ;
; 2.817 ; rst                                                   ; gameboy:dut|PPU_Wrapper:ppu|PPU_Mode_controller:mode_ctrl|mode[1]                                      ; CLOCK3_50    ; CLOCK2_50   ; 0.000        ; 0.090      ; 3.078      ;
; 2.817 ; rst                                                   ; gameboy:dut|PPU_Wrapper:ppu|Pixel_Gen:Pixel_Gen_inst|Render_Sprites:render_sprites_inst|sprite_done    ; CLOCK3_50    ; CLOCK2_50   ; 0.000        ; 0.090      ; 3.078      ;
; 2.817 ; rst                                                   ; gameboy:dut|PPU_Wrapper:ppu|PPU_Mode_controller:mode_ctrl|mode[0]                                      ; CLOCK3_50    ; CLOCK2_50   ; 0.000        ; 0.090      ; 3.078      ;
; 2.817 ; rst                                                   ; gameboy:dut|PPU_Wrapper:ppu|Pixel_Gen:Pixel_Gen_inst|Render_BG:render_bg_inst|state.BG_IDLE            ; CLOCK3_50    ; CLOCK2_50   ; 0.000        ; 0.090      ; 3.078      ;
; 2.818 ; rst                                                   ; gameboy:dut|PPU_Wrapper:ppu|Pixel_Gen:Pixel_Gen_inst|FIFO:bg_fifo_inst|count[0]                        ; CLOCK3_50    ; CLOCK2_50   ; 0.000        ; 0.093      ; 3.082      ;
; 2.818 ; rst                                                   ; gameboy:dut|PPU_Wrapper:ppu|Pixel_Gen:Pixel_Gen_inst|FIFO:bg_fifo_inst|count[1]                        ; CLOCK3_50    ; CLOCK2_50   ; 0.000        ; 0.093      ; 3.082      ;
; 2.818 ; rst                                                   ; gameboy:dut|PPU_Wrapper:ppu|Pixel_Gen:Pixel_Gen_inst|FIFO:bg_fifo_inst|count[2]                        ; CLOCK3_50    ; CLOCK2_50   ; 0.000        ; 0.093      ; 3.082      ;
; 2.818 ; rst                                                   ; gameboy:dut|PPU_Wrapper:ppu|Pixel_Gen:Pixel_Gen_inst|FIFO:bg_fifo_inst|count[3]                        ; CLOCK3_50    ; CLOCK2_50   ; 0.000        ; 0.093      ; 3.082      ;
; 2.818 ; rst                                                   ; gameboy:dut|PPU_Wrapper:ppu|Pixel_Gen:Pixel_Gen_inst|FIFO:bg_fifo_inst|count[4]                        ; CLOCK3_50    ; CLOCK2_50   ; 0.000        ; 0.093      ; 3.082      ;
; 2.841 ; rst                                                   ; gameboy:dut|PPU_Wrapper:ppu|Pixel_Gen:Pixel_Gen_inst|Render_BG:render_bg_inst|push_bg                  ; CLOCK3_50    ; CLOCK2_50   ; 0.000        ; 0.094      ; 3.106      ;
; 2.841 ; rst                                                   ; gameboy:dut|PPU_Wrapper:ppu|Pixel_Mixer:pixel_mixer_inst|pixel_out_valid                               ; CLOCK3_50    ; CLOCK2_50   ; 0.000        ; 0.094      ; 3.106      ;
; 2.865 ; rst                                                   ; gameboy:dut|PPU_Wrapper:ppu|OAM_Search:oam_search|selected_count[1]                                    ; CLOCK3_50    ; CLOCK2_50   ; 0.000        ; 0.085      ; 3.121      ;
; 2.865 ; rst                                                   ; gameboy:dut|PPU_Wrapper:ppu|OAM_Search:oam_search|selected_count[2]                                    ; CLOCK3_50    ; CLOCK2_50   ; 0.000        ; 0.085      ; 3.121      ;
; 2.865 ; rst                                                   ; gameboy:dut|PPU_Wrapper:ppu|OAM_Search:oam_search|selected_count[0]                                    ; CLOCK3_50    ; CLOCK2_50   ; 0.000        ; 0.085      ; 3.121      ;
; 2.865 ; rst                                                   ; gameboy:dut|PPU_Wrapper:ppu|OAM_Search:oam_search|selected_count[3]                                    ; CLOCK3_50    ; CLOCK2_50   ; 0.000        ; 0.085      ; 3.121      ;
; 2.869 ; rst                                                   ; gameboy:dut|PPU_Wrapper:ppu|Pixel_Gen:Pixel_Gen_inst|Render_BG:render_bg_inst|pixel_total[3]           ; CLOCK3_50    ; CLOCK2_50   ; 0.000        ; 0.090      ; 3.130      ;
; 2.869 ; rst                                                   ; gameboy:dut|PPU_Wrapper:ppu|Pixel_Gen:Pixel_Gen_inst|Render_BG:render_bg_inst|pixel_total[4]           ; CLOCK3_50    ; CLOCK2_50   ; 0.000        ; 0.090      ; 3.130      ;
; 2.869 ; rst                                                   ; gameboy:dut|PPU_Wrapper:ppu|Pixel_Gen:Pixel_Gen_inst|Render_BG:render_bg_inst|pixel_total[5]           ; CLOCK3_50    ; CLOCK2_50   ; 0.000        ; 0.090      ; 3.130      ;
; 2.869 ; rst                                                   ; gameboy:dut|PPU_Wrapper:ppu|Pixel_Gen:Pixel_Gen_inst|Render_BG:render_bg_inst|pixel_total[6]           ; CLOCK3_50    ; CLOCK2_50   ; 0.000        ; 0.090      ; 3.130      ;
; 2.869 ; rst                                                   ; gameboy:dut|PPU_Wrapper:ppu|Pixel_Gen:Pixel_Gen_inst|Render_BG:render_bg_inst|pixel_total[7]           ; CLOCK3_50    ; CLOCK2_50   ; 0.000        ; 0.090      ; 3.130      ;
; 2.869 ; rst                                                   ; gameboy:dut|PPU_Wrapper:ppu|Pixel_Gen:Pixel_Gen_inst|Render_BG:render_bg_inst|state.BG_DONE            ; CLOCK3_50    ; CLOCK2_50   ; 0.000        ; 0.090      ; 3.130      ;
; 3.014 ; rst                                                   ; gameboy:dut|PPU_Wrapper:ppu|PPU_Mode_controller:mode_ctrl|dot[0]                                       ; CLOCK3_50    ; CLOCK2_50   ; 0.000        ; 0.091      ; 3.276      ;
; 3.014 ; rst                                                   ; gameboy:dut|PPU_Wrapper:ppu|PPU_Mode_controller:mode_ctrl|dot[6]                                       ; CLOCK3_50    ; CLOCK2_50   ; 0.000        ; 0.091      ; 3.276      ;
; 3.014 ; rst                                                   ; gameboy:dut|PPU_Wrapper:ppu|PPU_Mode_controller:mode_ctrl|dot[7]                                       ; CLOCK3_50    ; CLOCK2_50   ; 0.000        ; 0.091      ; 3.276      ;
; 3.014 ; rst                                                   ; gameboy:dut|PPU_Wrapper:ppu|PPU_Mode_controller:mode_ctrl|dot[8]                                       ; CLOCK3_50    ; CLOCK2_50   ; 0.000        ; 0.091      ; 3.276      ;
; 3.014 ; rst                                                   ; gameboy:dut|PPU_Wrapper:ppu|PPU_Mode_controller:mode_ctrl|dot[2]                                       ; CLOCK3_50    ; CLOCK2_50   ; 0.000        ; 0.091      ; 3.276      ;
; 3.014 ; rst                                                   ; gameboy:dut|PPU_Wrapper:ppu|PPU_Mode_controller:mode_ctrl|dot[3]                                       ; CLOCK3_50    ; CLOCK2_50   ; 0.000        ; 0.091      ; 3.276      ;
; 3.014 ; rst                                                   ; gameboy:dut|PPU_Wrapper:ppu|PPU_Mode_controller:mode_ctrl|dot[1]                                       ; CLOCK3_50    ; CLOCK2_50   ; 0.000        ; 0.091      ; 3.276      ;
; 3.014 ; rst                                                   ; gameboy:dut|PPU_Wrapper:ppu|PPU_Mode_controller:mode_ctrl|dot[5]                                       ; CLOCK3_50    ; CLOCK2_50   ; 0.000        ; 0.091      ; 3.276      ;
; 3.014 ; rst                                                   ; gameboy:dut|PPU_Wrapper:ppu|PPU_Mode_controller:mode_ctrl|dot[4]                                       ; CLOCK3_50    ; CLOCK2_50   ; 0.000        ; 0.091      ; 3.276      ;
; 3.038 ; rst                                                   ; gameboy:dut|PPU_Wrapper:ppu|Pixel_Gen:Pixel_Gen_inst|Render_BG:render_bg_inst|pixel_index[0]           ; CLOCK3_50    ; CLOCK2_50   ; 0.000        ; 0.091      ; 3.300      ;
; 3.038 ; rst                                                   ; gameboy:dut|PPU_Wrapper:ppu|Pixel_Gen:Pixel_Gen_inst|Render_BG:render_bg_inst|pixel_index[1]           ; CLOCK3_50    ; CLOCK2_50   ; 0.000        ; 0.091      ; 3.300      ;
; 3.038 ; rst                                                   ; gameboy:dut|PPU_Wrapper:ppu|Pixel_Gen:Pixel_Gen_inst|Render_BG:render_bg_inst|pixel_index[2]           ; CLOCK3_50    ; CLOCK2_50   ; 0.000        ; 0.091      ; 3.300      ;
; 3.038 ; rst                                                   ; gameboy:dut|PPU_Wrapper:ppu|Pixel_Gen:Pixel_Gen_inst|Render_BG:render_bg_inst|state.BG_FETCH_TILE      ; CLOCK3_50    ; CLOCK2_50   ; 0.000        ; 0.091      ; 3.300      ;
; 3.038 ; rst                                                   ; gameboy:dut|PPU_Wrapper:ppu|Pixel_Gen:Pixel_Gen_inst|Render_BG:render_bg_inst|state.BG_FETCH_TILE_MAP  ; CLOCK3_50    ; CLOCK2_50   ; 0.000        ; 0.091      ; 3.300      ;
; 3.038 ; rst                                                   ; gameboy:dut|PPU_Wrapper:ppu|Pixel_Gen:Pixel_Gen_inst|Render_BG:render_bg_inst|state.BG_FETCH_TILE_DATA ; CLOCK3_50    ; CLOCK2_50   ; 0.000        ; 0.091      ; 3.300      ;
; 3.038 ; rst                                                   ; gameboy:dut|PPU_Wrapper:ppu|Pixel_Gen:Pixel_Gen_inst|Render_BG:render_bg_inst|state.BG_PROCESS_PIXELS  ; CLOCK3_50    ; CLOCK2_50   ; 0.000        ; 0.091      ; 3.300      ;
; 3.099 ; gameboy:dut|MMU:mmu|IO_handler:io_registers|LCDC_R[7] ; gameboy:dut|PPU_Wrapper:ppu|PPU_Mode_controller:mode_ctrl|line[6]                                      ; CLOCK2_50    ; CLOCK2_50   ; 0.000        ; 0.063      ; 3.333      ;
; 3.099 ; gameboy:dut|MMU:mmu|IO_handler:io_registers|LCDC_R[7] ; gameboy:dut|PPU_Wrapper:ppu|PPU_Mode_controller:mode_ctrl|line[1]                                      ; CLOCK2_50    ; CLOCK2_50   ; 0.000        ; 0.063      ; 3.333      ;
; 3.099 ; gameboy:dut|MMU:mmu|IO_handler:io_registers|LCDC_R[7] ; gameboy:dut|PPU_Wrapper:ppu|PPU_Mode_controller:mode_ctrl|line[0]                                      ; CLOCK2_50    ; CLOCK2_50   ; 0.000        ; 0.063      ; 3.333      ;
; 3.099 ; gameboy:dut|MMU:mmu|IO_handler:io_registers|LCDC_R[7] ; gameboy:dut|PPU_Wrapper:ppu|PPU_Mode_controller:mode_ctrl|line[2]                                      ; CLOCK2_50    ; CLOCK2_50   ; 0.000        ; 0.063      ; 3.333      ;
; 3.099 ; gameboy:dut|MMU:mmu|IO_handler:io_registers|LCDC_R[7] ; gameboy:dut|PPU_Wrapper:ppu|PPU_Mode_controller:mode_ctrl|line[4]                                      ; CLOCK2_50    ; CLOCK2_50   ; 0.000        ; 0.063      ; 3.333      ;
; 3.099 ; gameboy:dut|MMU:mmu|IO_handler:io_registers|LCDC_R[7] ; gameboy:dut|PPU_Wrapper:ppu|PPU_Mode_controller:mode_ctrl|line[3]                                      ; CLOCK2_50    ; CLOCK2_50   ; 0.000        ; 0.063      ; 3.333      ;
; 3.099 ; gameboy:dut|MMU:mmu|IO_handler:io_registers|LCDC_R[7] ; gameboy:dut|PPU_Wrapper:ppu|PPU_Mode_controller:mode_ctrl|line[7]                                      ; CLOCK2_50    ; CLOCK2_50   ; 0.000        ; 0.063      ; 3.333      ;
; 3.099 ; gameboy:dut|MMU:mmu|IO_handler:io_registers|LCDC_R[7] ; gameboy:dut|PPU_Wrapper:ppu|PPU_Mode_controller:mode_ctrl|line[5]                                      ; CLOCK2_50    ; CLOCK2_50   ; 0.000        ; 0.063      ; 3.333      ;
; 3.189 ; gameboy:dut|MMU:mmu|IO_handler:io_registers|LCDC_R[7] ; gameboy:dut|PPU_Wrapper:ppu|Pixel_Gen:Pixel_Gen_inst|Render_BG:render_bg_inst|scx_latched[0]           ; CLOCK2_50    ; CLOCK2_50   ; 0.000        ; 0.059      ; 3.419      ;
; 3.189 ; gameboy:dut|MMU:mmu|IO_handler:io_registers|LCDC_R[7] ; gameboy:dut|PPU_Wrapper:ppu|Pixel_Gen:Pixel_Gen_inst|Render_BG:render_bg_inst|scx_latched[1]           ; CLOCK2_50    ; CLOCK2_50   ; 0.000        ; 0.059      ; 3.419      ;
; 3.189 ; gameboy:dut|MMU:mmu|IO_handler:io_registers|LCDC_R[7] ; gameboy:dut|PPU_Wrapper:ppu|Pixel_Gen:Pixel_Gen_inst|Render_BG:render_bg_inst|scx_latched[2]           ; CLOCK2_50    ; CLOCK2_50   ; 0.000        ; 0.059      ; 3.419      ;
; 3.189 ; gameboy:dut|MMU:mmu|IO_handler:io_registers|LCDC_R[7] ; gameboy:dut|PPU_Wrapper:ppu|Pixel_Gen:Pixel_Gen_inst|Render_BG:render_bg_inst|scx_latched[3]           ; CLOCK2_50    ; CLOCK2_50   ; 0.000        ; 0.059      ; 3.419      ;
; 3.189 ; gameboy:dut|MMU:mmu|IO_handler:io_registers|LCDC_R[7] ; gameboy:dut|PPU_Wrapper:ppu|Pixel_Gen:Pixel_Gen_inst|Render_BG:render_bg_inst|scx_latched[4]           ; CLOCK2_50    ; CLOCK2_50   ; 0.000        ; 0.059      ; 3.419      ;
; 3.189 ; gameboy:dut|MMU:mmu|IO_handler:io_registers|LCDC_R[7] ; gameboy:dut|PPU_Wrapper:ppu|Pixel_Gen:Pixel_Gen_inst|Render_BG:render_bg_inst|scx_latched[5]           ; CLOCK2_50    ; CLOCK2_50   ; 0.000        ; 0.059      ; 3.419      ;
; 3.189 ; gameboy:dut|MMU:mmu|IO_handler:io_registers|LCDC_R[7] ; gameboy:dut|PPU_Wrapper:ppu|Pixel_Gen:Pixel_Gen_inst|Render_BG:render_bg_inst|scx_latched[6]           ; CLOCK2_50    ; CLOCK2_50   ; 0.000        ; 0.059      ; 3.419      ;
; 3.189 ; gameboy:dut|MMU:mmu|IO_handler:io_registers|LCDC_R[7] ; gameboy:dut|PPU_Wrapper:ppu|Pixel_Gen:Pixel_Gen_inst|Render_BG:render_bg_inst|scx_latched[7]           ; CLOCK2_50    ; CLOCK2_50   ; 0.000        ; 0.059      ; 3.419      ;
; 3.205 ; gameboy:dut|MMU:mmu|IO_handler:io_registers|LCDC_R[7] ; gameboy:dut|PPU_Wrapper:ppu|Pixel_Gen:Pixel_Gen_inst|Render_BG:render_bg_inst|state.BG_IDLE            ; CLOCK2_50    ; CLOCK2_50   ; 0.000        ; 0.058      ; 3.434      ;
; 3.205 ; gameboy:dut|MMU:mmu|IO_handler:io_registers|LCDC_R[7] ; gameboy:dut|PPU_Wrapper:ppu|OAM_Search:oam_search|state.OAM_IDLE                                       ; CLOCK2_50    ; CLOCK2_50   ; 0.000        ; 0.058      ; 3.434      ;
; 3.205 ; gameboy:dut|MMU:mmu|IO_handler:io_registers|LCDC_R[7] ; gameboy:dut|PPU_Wrapper:ppu|PPU_Mode_controller:mode_ctrl|fifo_clear                                   ; CLOCK2_50    ; CLOCK2_50   ; 0.000        ; 0.058      ; 3.434      ;
; 3.205 ; gameboy:dut|MMU:mmu|IO_handler:io_registers|LCDC_R[7] ; gameboy:dut|PPU_Wrapper:ppu|PPU_Mode_controller:mode_ctrl|mode[0]                                      ; CLOCK2_50    ; CLOCK2_50   ; 0.000        ; 0.058      ; 3.434      ;
; 3.205 ; gameboy:dut|MMU:mmu|IO_handler:io_registers|LCDC_R[7] ; gameboy:dut|PPU_Wrapper:ppu|PPU_Mode_controller:mode_ctrl|mode[1]                                      ; CLOCK2_50    ; CLOCK2_50   ; 0.000        ; 0.058      ; 3.434      ;
; 3.205 ; gameboy:dut|MMU:mmu|IO_handler:io_registers|LCDC_R[7] ; gameboy:dut|PPU_Wrapper:ppu|Pixel_Gen:Pixel_Gen_inst|Render_Sprites:render_sprites_inst|state.IDLE     ; CLOCK2_50    ; CLOCK2_50   ; 0.000        ; 0.058      ; 3.434      ;
; 3.205 ; gameboy:dut|MMU:mmu|IO_handler:io_registers|LCDC_R[7] ; gameboy:dut|PPU_Wrapper:ppu|Pixel_Gen:Pixel_Gen_inst|Render_BG:render_bg_inst|bg_done                  ; CLOCK2_50    ; CLOCK2_50   ; 0.000        ; 0.058      ; 3.434      ;
; 3.205 ; gameboy:dut|MMU:mmu|IO_handler:io_registers|LCDC_R[7] ; gameboy:dut|PPU_Wrapper:ppu|OAM_Search:oam_search|state.OAM_DONE                                       ; CLOCK2_50    ; CLOCK2_50   ; 0.000        ; 0.058      ; 3.434      ;
; 3.205 ; gameboy:dut|MMU:mmu|IO_handler:io_registers|LCDC_R[7] ; gameboy:dut|PPU_Wrapper:ppu|OAM_Search:oam_search|state.OAM_SORT                                       ; CLOCK2_50    ; CLOCK2_50   ; 0.000        ; 0.058      ; 3.434      ;
; 3.205 ; gameboy:dut|MMU:mmu|IO_handler:io_registers|LCDC_R[7] ; gameboy:dut|PPU_Wrapper:ppu|Pixel_Gen:Pixel_Gen_inst|Render_Sprites:render_sprites_inst|sprite_done    ; CLOCK2_50    ; CLOCK2_50   ; 0.000        ; 0.058      ; 3.434      ;
; 3.206 ; gameboy:dut|MMU:mmu|IO_handler:io_registers|LCDC_R[7] ; gameboy:dut|PPU_Wrapper:ppu|Pixel_Gen:Pixel_Gen_inst|FIFO:bg_fifo_inst|count[4]                        ; CLOCK2_50    ; CLOCK2_50   ; 0.000        ; 0.061      ; 3.438      ;
+-------+-------------------------------------------------------+--------------------------------------------------------------------------------------------------------+--------------+-------------+--------------+------------+------------+


----------------------------------------------
; Slow 1200mV 0C Model Metastability Summary ;
----------------------------------------------
The design MTBF is not calculated because there are no specified synchronizers in the design.
Number of Synchronizer Chains Found: 49
Shortest Synchronizer Chain: 2 Registers
Fraction of Chains for which MTBFs Could Not be Calculated: 1.000
Worst Case Available Settling Time: 200.694 ns




+------------------------------------+
; Fast 1200mV 0C Model Setup Summary ;
+-----------+--------+---------------+
; Clock     ; Slack  ; End Point TNS ;
+-----------+--------+---------------+
; CLOCK_50  ; 3.316  ; 0.000         ;
; CLOCK2_50 ; 6.750  ; 0.000         ;
; CLOCK3_50 ; 17.938 ; 0.000         ;
+-----------+--------+---------------+


+-----------------------------------+
; Fast 1200mV 0C Model Hold Summary ;
+-----------+-------+---------------+
; Clock     ; Slack ; End Point TNS ;
+-----------+-------+---------------+
; CLOCK2_50 ; 0.181 ; 0.000         ;
; CLOCK_50  ; 0.181 ; 0.000         ;
; CLOCK3_50 ; 0.292 ; 0.000         ;
+-----------+-------+---------------+


+---------------------------------------+
; Fast 1200mV 0C Model Recovery Summary ;
+-----------+-------+-------------------+
; Clock     ; Slack ; End Point TNS     ;
+-----------+-------+-------------------+
; CLOCK2_50 ; 7.556 ; 0.000             ;
+-----------+-------+-------------------+


+--------------------------------------+
; Fast 1200mV 0C Model Removal Summary ;
+-----------+-------+------------------+
; Clock     ; Slack ; End Point TNS    ;
+-----------+-------+------------------+
; CLOCK2_50 ; 1.228 ; 0.000            ;
+-----------+-------+------------------+


+--------------------------------------------------+
; Fast 1200mV 0C Model Minimum Pulse Width Summary ;
+-----------+---------+----------------------------+
; Clock     ; Slack   ; End Point TNS              ;
+-----------+---------+----------------------------+
; CLOCK3_50 ; 9.444   ; 0.000                      ;
; CLOCK_50  ; 61.872  ; 0.000                      ;
; CLOCK2_50 ; 124.441 ; 0.000                      ;
+-----------+---------+----------------------------+


+------------------------------------------------------------------------------------------------------------------------------------------------------------------------------------------------------------------------------------------------------------------------------------------------------------------------------------------------------+
; Fast 1200mV 0C Model Setup: 'CLOCK_50'                                                                                                                                                                                                                                                                                                               ;
+--------+----------------------------------------------------------------------------------------------------+------------------------------------------------------------------------------------------------------------------------------------------------------------------+--------------+-------------+--------------+------------+------------+
; Slack  ; From Node                                                                                          ; To Node                                                                                                                                                          ; Launch Clock ; Latch Clock ; Relationship ; Clock Skew ; Data Delay ;
+--------+----------------------------------------------------------------------------------------------------+------------------------------------------------------------------------------------------------------------------------------------------------------------------+--------------+-------------+--------------+------------+------------+
; 3.316  ; rst                                                                                                ; gameboy:dut|MMU:mmu|BRAM_handler:memory_units|MM_out_chooser:memory_out_muxer|cpu_select[0]                                                                      ; CLOCK3_50    ; CLOCK_50    ; 5.000        ; 0.010      ; 1.701      ;
; 3.400  ; rst                                                                                                ; gameboy:dut|MMU:mmu|BRAM_handler:memory_units|MM_out_chooser:memory_out_muxer|cpu_select[2]                                                                      ; CLOCK3_50    ; CLOCK_50    ; 5.000        ; 0.010      ; 1.617      ;
; 3.498  ; rst                                                                                                ; gameboy:dut|MMU:mmu|BRAM_handler:memory_units|MM_out_chooser:memory_out_muxer|dma_select[0]                                                                      ; CLOCK3_50    ; CLOCK_50    ; 5.000        ; 0.011      ; 1.520      ;
; 3.498  ; rst                                                                                                ; gameboy:dut|MMU:mmu|BRAM_handler:memory_units|MM_out_chooser:memory_out_muxer|dma_select[2]                                                                      ; CLOCK3_50    ; CLOCK_50    ; 5.000        ; 0.011      ; 1.520      ;
; 3.599  ; rst                                                                                                ; gameboy:dut|MMU:mmu|BRAM_handler:memory_units|MM_out_chooser:memory_out_muxer|cpu_select[3]                                                                      ; CLOCK3_50    ; CLOCK_50    ; 5.000        ; 0.012      ; 1.420      ;
; 3.730  ; rst                                                                                                ; gameboy:dut|MMU:mmu|BRAM_handler:memory_units|MM_out_chooser:memory_out_muxer|ppu_select[2]                                                                      ; CLOCK3_50    ; CLOCK_50    ; 5.000        ; 0.011      ; 1.288      ;
; 3.766  ; rst                                                                                                ; gameboy:dut|MMU:mmu|BRAM_handler:memory_units|MM_out_chooser:memory_out_muxer|dma_select[1]                                                                      ; CLOCK3_50    ; CLOCK_50    ; 5.000        ; 0.011      ; 1.252      ;
; 3.766  ; rst                                                                                                ; gameboy:dut|MMU:mmu|BRAM_handler:memory_units|MM_out_chooser:memory_out_muxer|ppu_select[0]                                                                      ; CLOCK3_50    ; CLOCK_50    ; 5.000        ; 0.011      ; 1.252      ;
; 3.769  ; rst                                                                                                ; gameboy:dut|MMU:mmu|BRAM_handler:memory_units|MM_out_chooser:memory_out_muxer|cpu_select[1]                                                                      ; CLOCK3_50    ; CLOCK_50    ; 5.000        ; 0.010      ; 1.248      ;
; 96.588 ; gameboy:dut|PPU_Wrapper:ppu|OAM_Search:oam_search|selected_sprites_reg[0].x[4]                     ; gameboy:dut|MMU:mmu|BRAM_handler:memory_units|DUAL_VRAM_8KB:vram0|altsyncram:altsyncram_component|altsyncram_54g2:auto_generated|ram_block1a5~portb_address_reg0 ; CLOCK2_50    ; CLOCK_50    ; 125.000      ; 0.192      ; 28.593     ;
; 96.606 ; gameboy:dut|PPU_Wrapper:ppu|OAM_Search:oam_search|selected_sprites_reg[0].x[4]                     ; gameboy:dut|MMU:mmu|BRAM_handler:memory_units|DUAL_VRAM_8KB:vram0|altsyncram:altsyncram_component|altsyncram_54g2:auto_generated|ram_block1a7~portb_address_reg0 ; CLOCK2_50    ; CLOCK_50    ; 125.000      ; 0.190      ; 28.573     ;
; 96.637 ; gameboy:dut|PPU_Wrapper:ppu|OAM_Search:oam_search|selected_sprites_reg[0].x[4]                     ; gameboy:dut|MMU:mmu|BRAM_handler:memory_units|DUAL_VRAM_8KB:vram0|altsyncram:altsyncram_component|altsyncram_54g2:auto_generated|ram_block1a3~portb_address_reg0 ; CLOCK2_50    ; CLOCK_50    ; 125.000      ; 0.189      ; 28.541     ;
; 96.645 ; gameboy:dut|PPU_Wrapper:ppu|OAM_Search:oam_search|selected_sprites_reg[0].x[3]                     ; gameboy:dut|MMU:mmu|BRAM_handler:memory_units|DUAL_VRAM_8KB:vram0|altsyncram:altsyncram_component|altsyncram_54g2:auto_generated|ram_block1a5~portb_address_reg0 ; CLOCK2_50    ; CLOCK_50    ; 125.000      ; 0.198      ; 28.542     ;
; 96.663 ; gameboy:dut|PPU_Wrapper:ppu|OAM_Search:oam_search|selected_sprites_reg[0].x[3]                     ; gameboy:dut|MMU:mmu|BRAM_handler:memory_units|DUAL_VRAM_8KB:vram0|altsyncram:altsyncram_component|altsyncram_54g2:auto_generated|ram_block1a7~portb_address_reg0 ; CLOCK2_50    ; CLOCK_50    ; 125.000      ; 0.196      ; 28.522     ;
; 96.694 ; gameboy:dut|PPU_Wrapper:ppu|OAM_Search:oam_search|selected_sprites_reg[0].x[3]                     ; gameboy:dut|MMU:mmu|BRAM_handler:memory_units|DUAL_VRAM_8KB:vram0|altsyncram:altsyncram_component|altsyncram_54g2:auto_generated|ram_block1a3~portb_address_reg0 ; CLOCK2_50    ; CLOCK_50    ; 125.000      ; 0.195      ; 28.490     ;
; 96.754 ; gameboy:dut|PPU_Wrapper:ppu|OAM_Search:oam_search|selected_sprites_reg[0].x[5]                     ; gameboy:dut|MMU:mmu|BRAM_handler:memory_units|DUAL_VRAM_8KB:vram0|altsyncram:altsyncram_component|altsyncram_54g2:auto_generated|ram_block1a5~portb_address_reg0 ; CLOCK2_50    ; CLOCK_50    ; 125.000      ; 0.198      ; 28.433     ;
; 96.772 ; gameboy:dut|PPU_Wrapper:ppu|OAM_Search:oam_search|selected_sprites_reg[0].x[5]                     ; gameboy:dut|MMU:mmu|BRAM_handler:memory_units|DUAL_VRAM_8KB:vram0|altsyncram:altsyncram_component|altsyncram_54g2:auto_generated|ram_block1a7~portb_address_reg0 ; CLOCK2_50    ; CLOCK_50    ; 125.000      ; 0.196      ; 28.413     ;
; 96.782 ; gameboy:dut|PPU_Wrapper:ppu|OAM_Search:oam_search|selected_sprites_reg[0].x[4]                     ; gameboy:dut|MMU:mmu|BRAM_handler:memory_units|DUAL_VRAM_8KB:vram0|altsyncram:altsyncram_component|altsyncram_54g2:auto_generated|ram_block1a1~portb_address_reg0 ; CLOCK2_50    ; CLOCK_50    ; 125.000      ; 0.202      ; 28.409     ;
; 96.803 ; gameboy:dut|PPU_Wrapper:ppu|OAM_Search:oam_search|selected_sprites_reg[0].x[5]                     ; gameboy:dut|MMU:mmu|BRAM_handler:memory_units|DUAL_VRAM_8KB:vram0|altsyncram:altsyncram_component|altsyncram_54g2:auto_generated|ram_block1a3~portb_address_reg0 ; CLOCK2_50    ; CLOCK_50    ; 125.000      ; 0.195      ; 28.381     ;
; 96.812 ; gameboy:dut|PPU_Wrapper:ppu|OAM_Search:oam_search|selected_sprites_reg[0].x[4]                     ; gameboy:dut|MMU:mmu|BRAM_handler:memory_units|DUAL_VRAM_8KB:vram0|altsyncram:altsyncram_component|altsyncram_54g2:auto_generated|ram_block1a2~portb_address_reg0 ; CLOCK2_50    ; CLOCK_50    ; 125.000      ; 0.193      ; 28.370     ;
; 96.828 ; gameboy:dut|PPU_Wrapper:ppu|OAM_Search:oam_search|selected_sprites_reg[0].x[4]                     ; gameboy:dut|MMU:mmu|BRAM_handler:memory_units|DUAL_VRAM_8KB:vram0|altsyncram:altsyncram_component|altsyncram_54g2:auto_generated|ram_block1a6~portb_address_reg0 ; CLOCK2_50    ; CLOCK_50    ; 125.000      ; 0.187      ; 28.348     ;
; 96.839 ; gameboy:dut|PPU_Wrapper:ppu|OAM_Search:oam_search|selected_sprites_reg[0].x[3]                     ; gameboy:dut|MMU:mmu|BRAM_handler:memory_units|DUAL_VRAM_8KB:vram0|altsyncram:altsyncram_component|altsyncram_54g2:auto_generated|ram_block1a1~portb_address_reg0 ; CLOCK2_50    ; CLOCK_50    ; 125.000      ; 0.208      ; 28.358     ;
; 96.842 ; gameboy:dut|PPU_Wrapper:ppu|OAM_Search:oam_search|selected_sprites_reg[0].x[6]                     ; gameboy:dut|MMU:mmu|BRAM_handler:memory_units|DUAL_VRAM_8KB:vram0|altsyncram:altsyncram_component|altsyncram_54g2:auto_generated|ram_block1a5~portb_address_reg0 ; CLOCK2_50    ; CLOCK_50    ; 125.000      ; 0.202      ; 28.349     ;
; 96.860 ; gameboy:dut|PPU_Wrapper:ppu|OAM_Search:oam_search|selected_sprites_reg[0].x[6]                     ; gameboy:dut|MMU:mmu|BRAM_handler:memory_units|DUAL_VRAM_8KB:vram0|altsyncram:altsyncram_component|altsyncram_54g2:auto_generated|ram_block1a7~portb_address_reg0 ; CLOCK2_50    ; CLOCK_50    ; 125.000      ; 0.200      ; 28.329     ;
; 96.868 ; gameboy:dut|PPU_Wrapper:ppu|OAM_Search:oam_search|selected_sprites_reg[0].x[4]                     ; gameboy:dut|MMU:mmu|BRAM_handler:memory_units|MM_out_chooser:memory_out_muxer|ppu_select[2]                                                                      ; CLOCK2_50    ; CLOCK_50    ; 125.000      ; 0.026      ; 28.125     ;
; 96.869 ; gameboy:dut|PPU_Wrapper:ppu|OAM_Search:oam_search|selected_sprites_reg[0].x[3]                     ; gameboy:dut|MMU:mmu|BRAM_handler:memory_units|DUAL_VRAM_8KB:vram0|altsyncram:altsyncram_component|altsyncram_54g2:auto_generated|ram_block1a2~portb_address_reg0 ; CLOCK2_50    ; CLOCK_50    ; 125.000      ; 0.199      ; 28.319     ;
; 96.885 ; gameboy:dut|PPU_Wrapper:ppu|OAM_Search:oam_search|selected_sprites_reg[0].x[3]                     ; gameboy:dut|MMU:mmu|BRAM_handler:memory_units|DUAL_VRAM_8KB:vram0|altsyncram:altsyncram_component|altsyncram_54g2:auto_generated|ram_block1a6~portb_address_reg0 ; CLOCK2_50    ; CLOCK_50    ; 125.000      ; 0.193      ; 28.297     ;
; 96.891 ; gameboy:dut|PPU_Wrapper:ppu|OAM_Search:oam_search|selected_sprites_reg[0].x[6]                     ; gameboy:dut|MMU:mmu|BRAM_handler:memory_units|DUAL_VRAM_8KB:vram0|altsyncram:altsyncram_component|altsyncram_54g2:auto_generated|ram_block1a3~portb_address_reg0 ; CLOCK2_50    ; CLOCK_50    ; 125.000      ; 0.199      ; 28.297     ;
; 96.925 ; gameboy:dut|PPU_Wrapper:ppu|OAM_Search:oam_search|selected_sprites_reg[0].x[3]                     ; gameboy:dut|MMU:mmu|BRAM_handler:memory_units|MM_out_chooser:memory_out_muxer|ppu_select[2]                                                                      ; CLOCK2_50    ; CLOCK_50    ; 125.000      ; 0.032      ; 28.074     ;
; 96.948 ; gameboy:dut|PPU_Wrapper:ppu|OAM_Search:oam_search|selected_sprites_reg[0].x[5]                     ; gameboy:dut|MMU:mmu|BRAM_handler:memory_units|DUAL_VRAM_8KB:vram0|altsyncram:altsyncram_component|altsyncram_54g2:auto_generated|ram_block1a1~portb_address_reg0 ; CLOCK2_50    ; CLOCK_50    ; 125.000      ; 0.208      ; 28.249     ;
; 96.978 ; gameboy:dut|PPU_Wrapper:ppu|OAM_Search:oam_search|selected_sprites_reg[0].x[5]                     ; gameboy:dut|MMU:mmu|BRAM_handler:memory_units|DUAL_VRAM_8KB:vram0|altsyncram:altsyncram_component|altsyncram_54g2:auto_generated|ram_block1a2~portb_address_reg0 ; CLOCK2_50    ; CLOCK_50    ; 125.000      ; 0.199      ; 28.210     ;
; 96.994 ; gameboy:dut|PPU_Wrapper:ppu|OAM_Search:oam_search|selected_sprites_reg[0].x[5]                     ; gameboy:dut|MMU:mmu|BRAM_handler:memory_units|DUAL_VRAM_8KB:vram0|altsyncram:altsyncram_component|altsyncram_54g2:auto_generated|ram_block1a6~portb_address_reg0 ; CLOCK2_50    ; CLOCK_50    ; 125.000      ; 0.193      ; 28.188     ;
; 97.007 ; gameboy:dut|PPU_Wrapper:ppu|OAM_Search:oam_search|selected_sprites_reg[0].x[4]                     ; gameboy:dut|MMU:mmu|BRAM_handler:memory_units|DUAL_VRAM_8KB:vram0|altsyncram:altsyncram_component|altsyncram_54g2:auto_generated|ram_block1a4~portb_address_reg0 ; CLOCK2_50    ; CLOCK_50    ; 125.000      ; 0.193      ; 28.175     ;
; 97.017 ; gameboy:dut|PPU_Wrapper:ppu|OAM_Search:oam_search|selected_sprites_reg[0].x[4]                     ; gameboy:dut|MMU:mmu|BRAM_handler:memory_units|DUAL_VRAM_8KB:vram0|altsyncram:altsyncram_component|altsyncram_54g2:auto_generated|ram_block1a0~portb_address_reg0 ; CLOCK2_50    ; CLOCK_50    ; 125.000      ; 0.193      ; 28.165     ;
; 97.034 ; gameboy:dut|PPU_Wrapper:ppu|OAM_Search:oam_search|selected_sprites_reg[0].x[5]                     ; gameboy:dut|MMU:mmu|BRAM_handler:memory_units|MM_out_chooser:memory_out_muxer|ppu_select[2]                                                                      ; CLOCK2_50    ; CLOCK_50    ; 125.000      ; 0.032      ; 27.965     ;
; 97.036 ; gameboy:dut|PPU_Wrapper:ppu|OAM_Search:oam_search|selected_sprites_reg[0].x[6]                     ; gameboy:dut|MMU:mmu|BRAM_handler:memory_units|DUAL_VRAM_8KB:vram0|altsyncram:altsyncram_component|altsyncram_54g2:auto_generated|ram_block1a1~portb_address_reg0 ; CLOCK2_50    ; CLOCK_50    ; 125.000      ; 0.212      ; 28.165     ;
; 97.064 ; gameboy:dut|PPU_Wrapper:ppu|OAM_Search:oam_search|selected_sprites_reg[0].x[3]                     ; gameboy:dut|MMU:mmu|BRAM_handler:memory_units|DUAL_VRAM_8KB:vram0|altsyncram:altsyncram_component|altsyncram_54g2:auto_generated|ram_block1a4~portb_address_reg0 ; CLOCK2_50    ; CLOCK_50    ; 125.000      ; 0.199      ; 28.124     ;
; 97.066 ; gameboy:dut|PPU_Wrapper:ppu|OAM_Search:oam_search|selected_sprites_reg[0].x[6]                     ; gameboy:dut|MMU:mmu|BRAM_handler:memory_units|DUAL_VRAM_8KB:vram0|altsyncram:altsyncram_component|altsyncram_54g2:auto_generated|ram_block1a2~portb_address_reg0 ; CLOCK2_50    ; CLOCK_50    ; 125.000      ; 0.203      ; 28.126     ;
; 97.074 ; gameboy:dut|PPU_Wrapper:ppu|OAM_Search:oam_search|selected_sprites_reg[0].x[3]                     ; gameboy:dut|MMU:mmu|BRAM_handler:memory_units|DUAL_VRAM_8KB:vram0|altsyncram:altsyncram_component|altsyncram_54g2:auto_generated|ram_block1a0~portb_address_reg0 ; CLOCK2_50    ; CLOCK_50    ; 125.000      ; 0.199      ; 28.114     ;
; 97.082 ; gameboy:dut|PPU_Wrapper:ppu|OAM_Search:oam_search|selected_sprites_reg[0].x[6]                     ; gameboy:dut|MMU:mmu|BRAM_handler:memory_units|DUAL_VRAM_8KB:vram0|altsyncram:altsyncram_component|altsyncram_54g2:auto_generated|ram_block1a6~portb_address_reg0 ; CLOCK2_50    ; CLOCK_50    ; 125.000      ; 0.197      ; 28.104     ;
; 97.103 ; gameboy:dut|PPU_Wrapper:ppu|Pixel_Gen:Pixel_Gen_inst|Render_Sprites:render_sprites_inst|x_coord[1] ; gameboy:dut|MMU:mmu|BRAM_handler:memory_units|DUAL_VRAM_8KB:vram0|altsyncram:altsyncram_component|altsyncram_54g2:auto_generated|ram_block1a5~portb_address_reg0 ; CLOCK2_50    ; CLOCK_50    ; 125.000      ; 0.194      ; 28.080     ;
; 97.121 ; gameboy:dut|PPU_Wrapper:ppu|Pixel_Gen:Pixel_Gen_inst|Render_Sprites:render_sprites_inst|x_coord[1] ; gameboy:dut|MMU:mmu|BRAM_handler:memory_units|DUAL_VRAM_8KB:vram0|altsyncram:altsyncram_component|altsyncram_54g2:auto_generated|ram_block1a7~portb_address_reg0 ; CLOCK2_50    ; CLOCK_50    ; 125.000      ; 0.192      ; 28.060     ;
; 97.122 ; gameboy:dut|PPU_Wrapper:ppu|OAM_Search:oam_search|selected_sprites_reg[0].x[6]                     ; gameboy:dut|MMU:mmu|BRAM_handler:memory_units|MM_out_chooser:memory_out_muxer|ppu_select[2]                                                                      ; CLOCK2_50    ; CLOCK_50    ; 125.000      ; 0.036      ; 27.881     ;
; 97.152 ; gameboy:dut|PPU_Wrapper:ppu|Pixel_Gen:Pixel_Gen_inst|Render_Sprites:render_sprites_inst|x_coord[1] ; gameboy:dut|MMU:mmu|BRAM_handler:memory_units|DUAL_VRAM_8KB:vram0|altsyncram:altsyncram_component|altsyncram_54g2:auto_generated|ram_block1a3~portb_address_reg0 ; CLOCK2_50    ; CLOCK_50    ; 125.000      ; 0.191      ; 28.028     ;
; 97.169 ; gameboy:dut|PPU_Wrapper:ppu|OAM_Search:oam_search|selected_sprites_reg[0].x[7]                     ; gameboy:dut|MMU:mmu|BRAM_handler:memory_units|DUAL_VRAM_8KB:vram0|altsyncram:altsyncram_component|altsyncram_54g2:auto_generated|ram_block1a5~portb_address_reg0 ; CLOCK2_50    ; CLOCK_50    ; 125.000      ; 0.202      ; 28.022     ;
; 97.173 ; gameboy:dut|PPU_Wrapper:ppu|OAM_Search:oam_search|selected_sprites_reg[0].x[5]                     ; gameboy:dut|MMU:mmu|BRAM_handler:memory_units|DUAL_VRAM_8KB:vram0|altsyncram:altsyncram_component|altsyncram_54g2:auto_generated|ram_block1a4~portb_address_reg0 ; CLOCK2_50    ; CLOCK_50    ; 125.000      ; 0.199      ; 28.015     ;
; 97.180 ; gameboy:dut|PPU_Wrapper:ppu|OAM_Search:oam_search|selected_sprites_reg[0].x[1]                     ; gameboy:dut|MMU:mmu|BRAM_handler:memory_units|DUAL_VRAM_8KB:vram0|altsyncram:altsyncram_component|altsyncram_54g2:auto_generated|ram_block1a5~portb_address_reg0 ; CLOCK2_50    ; CLOCK_50    ; 125.000      ; 0.201      ; 28.010     ;
; 97.183 ; gameboy:dut|PPU_Wrapper:ppu|OAM_Search:oam_search|selected_sprites_reg[0].x[5]                     ; gameboy:dut|MMU:mmu|BRAM_handler:memory_units|DUAL_VRAM_8KB:vram0|altsyncram:altsyncram_component|altsyncram_54g2:auto_generated|ram_block1a0~portb_address_reg0 ; CLOCK2_50    ; CLOCK_50    ; 125.000      ; 0.199      ; 28.005     ;
; 97.187 ; gameboy:dut|PPU_Wrapper:ppu|OAM_Search:oam_search|selected_sprites_reg[0].x[7]                     ; gameboy:dut|MMU:mmu|BRAM_handler:memory_units|DUAL_VRAM_8KB:vram0|altsyncram:altsyncram_component|altsyncram_54g2:auto_generated|ram_block1a7~portb_address_reg0 ; CLOCK2_50    ; CLOCK_50    ; 125.000      ; 0.200      ; 28.002     ;
; 97.189 ; gameboy:dut|PPU_Wrapper:ppu|Pixel_Gen:Pixel_Gen_inst|Render_Sprites:render_sprites_inst|x_coord[0] ; gameboy:dut|MMU:mmu|BRAM_handler:memory_units|DUAL_VRAM_8KB:vram0|altsyncram:altsyncram_component|altsyncram_54g2:auto_generated|ram_block1a5~portb_address_reg0 ; CLOCK2_50    ; CLOCK_50    ; 125.000      ; 0.194      ; 27.994     ;
; 97.198 ; gameboy:dut|PPU_Wrapper:ppu|OAM_Search:oam_search|selected_sprites_reg[0].x[1]                     ; gameboy:dut|MMU:mmu|BRAM_handler:memory_units|DUAL_VRAM_8KB:vram0|altsyncram:altsyncram_component|altsyncram_54g2:auto_generated|ram_block1a7~portb_address_reg0 ; CLOCK2_50    ; CLOCK_50    ; 125.000      ; 0.199      ; 27.990     ;
; 97.207 ; gameboy:dut|PPU_Wrapper:ppu|Pixel_Gen:Pixel_Gen_inst|Render_Sprites:render_sprites_inst|x_coord[0] ; gameboy:dut|MMU:mmu|BRAM_handler:memory_units|DUAL_VRAM_8KB:vram0|altsyncram:altsyncram_component|altsyncram_54g2:auto_generated|ram_block1a7~portb_address_reg0 ; CLOCK2_50    ; CLOCK_50    ; 125.000      ; 0.192      ; 27.974     ;
; 97.218 ; gameboy:dut|PPU_Wrapper:ppu|OAM_Search:oam_search|selected_sprites_reg[0].x[7]                     ; gameboy:dut|MMU:mmu|BRAM_handler:memory_units|DUAL_VRAM_8KB:vram0|altsyncram:altsyncram_component|altsyncram_54g2:auto_generated|ram_block1a3~portb_address_reg0 ; CLOCK2_50    ; CLOCK_50    ; 125.000      ; 0.199      ; 27.970     ;
; 97.226 ; gameboy:dut|PPU_Wrapper:ppu|OAM_Search:oam_search|selected_sprites_reg[0].x[0]                     ; gameboy:dut|MMU:mmu|BRAM_handler:memory_units|DUAL_VRAM_8KB:vram0|altsyncram:altsyncram_component|altsyncram_54g2:auto_generated|ram_block1a5~portb_address_reg0 ; CLOCK2_50    ; CLOCK_50    ; 125.000      ; 0.201      ; 27.964     ;
; 97.229 ; gameboy:dut|PPU_Wrapper:ppu|OAM_Search:oam_search|selected_sprites_reg[0].x[1]                     ; gameboy:dut|MMU:mmu|BRAM_handler:memory_units|DUAL_VRAM_8KB:vram0|altsyncram:altsyncram_component|altsyncram_54g2:auto_generated|ram_block1a3~portb_address_reg0 ; CLOCK2_50    ; CLOCK_50    ; 125.000      ; 0.198      ; 27.958     ;
; 97.238 ; gameboy:dut|PPU_Wrapper:ppu|Pixel_Gen:Pixel_Gen_inst|Render_Sprites:render_sprites_inst|x_coord[0] ; gameboy:dut|MMU:mmu|BRAM_handler:memory_units|DUAL_VRAM_8KB:vram0|altsyncram:altsyncram_component|altsyncram_54g2:auto_generated|ram_block1a3~portb_address_reg0 ; CLOCK2_50    ; CLOCK_50    ; 125.000      ; 0.191      ; 27.942     ;
; 97.244 ; gameboy:dut|PPU_Wrapper:ppu|OAM_Search:oam_search|selected_sprites_reg[0].x[0]                     ; gameboy:dut|MMU:mmu|BRAM_handler:memory_units|DUAL_VRAM_8KB:vram0|altsyncram:altsyncram_component|altsyncram_54g2:auto_generated|ram_block1a7~portb_address_reg0 ; CLOCK2_50    ; CLOCK_50    ; 125.000      ; 0.199      ; 27.944     ;
; 97.246 ; gameboy:dut|PPU_Wrapper:ppu|OAM_Search:oam_search|selected_sprites_reg[0].x[4]                     ; gameboy:dut|MMU:mmu|BRAM_handler:memory_units|OAM_DUALBANK:oam|altsyncram:altsyncram_component|altsyncram_rbg2:auto_generated|ram_block1a0~portb_address_reg0    ; CLOCK2_50    ; CLOCK_50    ; 125.000      ; 0.202      ; 27.945     ;
; 97.261 ; gameboy:dut|PPU_Wrapper:ppu|OAM_Search:oam_search|selected_sprites_reg[0].x[6]                     ; gameboy:dut|MMU:mmu|BRAM_handler:memory_units|DUAL_VRAM_8KB:vram0|altsyncram:altsyncram_component|altsyncram_54g2:auto_generated|ram_block1a4~portb_address_reg0 ; CLOCK2_50    ; CLOCK_50    ; 125.000      ; 0.203      ; 27.931     ;
; 97.262 ; gameboy:dut|PPU_Wrapper:ppu|Pixel_Gen:Pixel_Gen_inst|Render_Sprites:render_sprites_inst|x_coord[2] ; gameboy:dut|MMU:mmu|BRAM_handler:memory_units|DUAL_VRAM_8KB:vram0|altsyncram:altsyncram_component|altsyncram_54g2:auto_generated|ram_block1a5~portb_address_reg0 ; CLOCK2_50    ; CLOCK_50    ; 125.000      ; 0.194      ; 27.921     ;
; 97.263 ; gameboy:dut|PPU_Wrapper:ppu|OAM_Search:oam_search|selected_sprites_reg[0].x[2]                     ; gameboy:dut|MMU:mmu|BRAM_handler:memory_units|DUAL_VRAM_8KB:vram0|altsyncram:altsyncram_component|altsyncram_54g2:auto_generated|ram_block1a5~portb_address_reg0 ; CLOCK2_50    ; CLOCK_50    ; 125.000      ; 0.201      ; 27.927     ;
; 97.271 ; gameboy:dut|PPU_Wrapper:ppu|OAM_Search:oam_search|selected_sprites_reg[0].x[6]                     ; gameboy:dut|MMU:mmu|BRAM_handler:memory_units|DUAL_VRAM_8KB:vram0|altsyncram:altsyncram_component|altsyncram_54g2:auto_generated|ram_block1a0~portb_address_reg0 ; CLOCK2_50    ; CLOCK_50    ; 125.000      ; 0.203      ; 27.921     ;
; 97.275 ; gameboy:dut|PPU_Wrapper:ppu|OAM_Search:oam_search|selected_sprites_reg[0].x[0]                     ; gameboy:dut|MMU:mmu|BRAM_handler:memory_units|DUAL_VRAM_8KB:vram0|altsyncram:altsyncram_component|altsyncram_54g2:auto_generated|ram_block1a3~portb_address_reg0 ; CLOCK2_50    ; CLOCK_50    ; 125.000      ; 0.198      ; 27.912     ;
; 97.280 ; gameboy:dut|PPU_Wrapper:ppu|Pixel_Gen:Pixel_Gen_inst|Render_Sprites:render_sprites_inst|x_coord[2] ; gameboy:dut|MMU:mmu|BRAM_handler:memory_units|DUAL_VRAM_8KB:vram0|altsyncram:altsyncram_component|altsyncram_54g2:auto_generated|ram_block1a7~portb_address_reg0 ; CLOCK2_50    ; CLOCK_50    ; 125.000      ; 0.192      ; 27.901     ;
; 97.281 ; gameboy:dut|PPU_Wrapper:ppu|OAM_Search:oam_search|selected_sprites_reg[0].x[2]                     ; gameboy:dut|MMU:mmu|BRAM_handler:memory_units|DUAL_VRAM_8KB:vram0|altsyncram:altsyncram_component|altsyncram_54g2:auto_generated|ram_block1a7~portb_address_reg0 ; CLOCK2_50    ; CLOCK_50    ; 125.000      ; 0.199      ; 27.907     ;
; 97.297 ; gameboy:dut|PPU_Wrapper:ppu|Pixel_Gen:Pixel_Gen_inst|Render_Sprites:render_sprites_inst|x_coord[1] ; gameboy:dut|MMU:mmu|BRAM_handler:memory_units|DUAL_VRAM_8KB:vram0|altsyncram:altsyncram_component|altsyncram_54g2:auto_generated|ram_block1a1~portb_address_reg0 ; CLOCK2_50    ; CLOCK_50    ; 125.000      ; 0.204      ; 27.896     ;
; 97.303 ; gameboy:dut|PPU_Wrapper:ppu|OAM_Search:oam_search|selected_sprites_reg[0].x[3]                     ; gameboy:dut|MMU:mmu|BRAM_handler:memory_units|OAM_DUALBANK:oam|altsyncram:altsyncram_component|altsyncram_rbg2:auto_generated|ram_block1a0~portb_address_reg0    ; CLOCK2_50    ; CLOCK_50    ; 125.000      ; 0.208      ; 27.894     ;
; 97.311 ; gameboy:dut|PPU_Wrapper:ppu|Pixel_Gen:Pixel_Gen_inst|Render_Sprites:render_sprites_inst|x_coord[2] ; gameboy:dut|MMU:mmu|BRAM_handler:memory_units|DUAL_VRAM_8KB:vram0|altsyncram:altsyncram_component|altsyncram_54g2:auto_generated|ram_block1a3~portb_address_reg0 ; CLOCK2_50    ; CLOCK_50    ; 125.000      ; 0.191      ; 27.869     ;
; 97.312 ; gameboy:dut|PPU_Wrapper:ppu|OAM_Search:oam_search|selected_sprites_reg[0].x[2]                     ; gameboy:dut|MMU:mmu|BRAM_handler:memory_units|DUAL_VRAM_8KB:vram0|altsyncram:altsyncram_component|altsyncram_54g2:auto_generated|ram_block1a3~portb_address_reg0 ; CLOCK2_50    ; CLOCK_50    ; 125.000      ; 0.198      ; 27.875     ;
; 97.327 ; gameboy:dut|PPU_Wrapper:ppu|Pixel_Gen:Pixel_Gen_inst|Render_Sprites:render_sprites_inst|x_coord[1] ; gameboy:dut|MMU:mmu|BRAM_handler:memory_units|DUAL_VRAM_8KB:vram0|altsyncram:altsyncram_component|altsyncram_54g2:auto_generated|ram_block1a2~portb_address_reg0 ; CLOCK2_50    ; CLOCK_50    ; 125.000      ; 0.195      ; 27.857     ;
; 97.343 ; gameboy:dut|PPU_Wrapper:ppu|Pixel_Gen:Pixel_Gen_inst|Render_Sprites:render_sprites_inst|x_coord[1] ; gameboy:dut|MMU:mmu|BRAM_handler:memory_units|DUAL_VRAM_8KB:vram0|altsyncram:altsyncram_component|altsyncram_54g2:auto_generated|ram_block1a6~portb_address_reg0 ; CLOCK2_50    ; CLOCK_50    ; 125.000      ; 0.189      ; 27.835     ;
; 97.350 ; gameboy:dut|PPU_Wrapper:ppu|Pixel_Gen:Pixel_Gen_inst|Render_Sprites:render_sprites_inst|x_coord[4] ; gameboy:dut|MMU:mmu|BRAM_handler:memory_units|DUAL_VRAM_8KB:vram0|altsyncram:altsyncram_component|altsyncram_54g2:auto_generated|ram_block1a5~portb_address_reg0 ; CLOCK2_50    ; CLOCK_50    ; 125.000      ; 0.196      ; 27.835     ;
; 97.363 ; gameboy:dut|PPU_Wrapper:ppu|OAM_Search:oam_search|selected_sprites_reg[0].x[7]                     ; gameboy:dut|MMU:mmu|BRAM_handler:memory_units|DUAL_VRAM_8KB:vram0|altsyncram:altsyncram_component|altsyncram_54g2:auto_generated|ram_block1a1~portb_address_reg0 ; CLOCK2_50    ; CLOCK_50    ; 125.000      ; 0.212      ; 27.838     ;
; 97.365 ; gameboy:dut|PPU_Wrapper:ppu|Pixel_Gen:Pixel_Gen_inst|Render_Sprites:render_sprites_inst|x_coord[3] ; gameboy:dut|MMU:mmu|BRAM_handler:memory_units|DUAL_VRAM_8KB:vram0|altsyncram:altsyncram_component|altsyncram_54g2:auto_generated|ram_block1a5~portb_address_reg0 ; CLOCK2_50    ; CLOCK_50    ; 125.000      ; 0.196      ; 27.820     ;
; 97.368 ; gameboy:dut|PPU_Wrapper:ppu|Pixel_Gen:Pixel_Gen_inst|Render_Sprites:render_sprites_inst|x_coord[4] ; gameboy:dut|MMU:mmu|BRAM_handler:memory_units|DUAL_VRAM_8KB:vram0|altsyncram:altsyncram_component|altsyncram_54g2:auto_generated|ram_block1a7~portb_address_reg0 ; CLOCK2_50    ; CLOCK_50    ; 125.000      ; 0.194      ; 27.815     ;
; 97.374 ; gameboy:dut|PPU_Wrapper:ppu|OAM_Search:oam_search|selected_sprites_reg[0].x[1]                     ; gameboy:dut|MMU:mmu|BRAM_handler:memory_units|DUAL_VRAM_8KB:vram0|altsyncram:altsyncram_component|altsyncram_54g2:auto_generated|ram_block1a1~portb_address_reg0 ; CLOCK2_50    ; CLOCK_50    ; 125.000      ; 0.211      ; 27.826     ;
; 97.383 ; gameboy:dut|PPU_Wrapper:ppu|Pixel_Gen:Pixel_Gen_inst|Render_Sprites:render_sprites_inst|x_coord[1] ; gameboy:dut|MMU:mmu|BRAM_handler:memory_units|MM_out_chooser:memory_out_muxer|ppu_select[2]                                                                      ; CLOCK2_50    ; CLOCK_50    ; 125.000      ; 0.028      ; 27.612     ;
; 97.383 ; gameboy:dut|PPU_Wrapper:ppu|Pixel_Gen:Pixel_Gen_inst|Render_Sprites:render_sprites_inst|x_coord[3] ; gameboy:dut|MMU:mmu|BRAM_handler:memory_units|DUAL_VRAM_8KB:vram0|altsyncram:altsyncram_component|altsyncram_54g2:auto_generated|ram_block1a7~portb_address_reg0 ; CLOCK2_50    ; CLOCK_50    ; 125.000      ; 0.194      ; 27.800     ;
; 97.383 ; gameboy:dut|PPU_Wrapper:ppu|Pixel_Gen:Pixel_Gen_inst|Render_Sprites:render_sprites_inst|x_coord[0] ; gameboy:dut|MMU:mmu|BRAM_handler:memory_units|DUAL_VRAM_8KB:vram0|altsyncram:altsyncram_component|altsyncram_54g2:auto_generated|ram_block1a1~portb_address_reg0 ; CLOCK2_50    ; CLOCK_50    ; 125.000      ; 0.204      ; 27.810     ;
; 97.392 ; gameboy:dut|PPU_Wrapper:ppu|Pixel_Gen:Pixel_Gen_inst|Render_Sprites:render_sprites_inst|x_coord[6] ; gameboy:dut|MMU:mmu|BRAM_handler:memory_units|DUAL_VRAM_8KB:vram0|altsyncram:altsyncram_component|altsyncram_54g2:auto_generated|ram_block1a5~portb_address_reg0 ; CLOCK2_50    ; CLOCK_50    ; 125.000      ; 0.196      ; 27.793     ;
; 97.393 ; gameboy:dut|PPU_Wrapper:ppu|OAM_Search:oam_search|selected_sprites_reg[0].x[7]                     ; gameboy:dut|MMU:mmu|BRAM_handler:memory_units|DUAL_VRAM_8KB:vram0|altsyncram:altsyncram_component|altsyncram_54g2:auto_generated|ram_block1a2~portb_address_reg0 ; CLOCK2_50    ; CLOCK_50    ; 125.000      ; 0.203      ; 27.799     ;
; 97.399 ; gameboy:dut|PPU_Wrapper:ppu|Pixel_Gen:Pixel_Gen_inst|Render_Sprites:render_sprites_inst|x_coord[4] ; gameboy:dut|MMU:mmu|BRAM_handler:memory_units|DUAL_VRAM_8KB:vram0|altsyncram:altsyncram_component|altsyncram_54g2:auto_generated|ram_block1a3~portb_address_reg0 ; CLOCK2_50    ; CLOCK_50    ; 125.000      ; 0.193      ; 27.783     ;
; 97.404 ; gameboy:dut|PPU_Wrapper:ppu|OAM_Search:oam_search|selected_sprites_reg[0].x[1]                     ; gameboy:dut|MMU:mmu|BRAM_handler:memory_units|DUAL_VRAM_8KB:vram0|altsyncram:altsyncram_component|altsyncram_54g2:auto_generated|ram_block1a2~portb_address_reg0 ; CLOCK2_50    ; CLOCK_50    ; 125.000      ; 0.202      ; 27.787     ;
; 97.409 ; gameboy:dut|PPU_Wrapper:ppu|Pixel_Gen:Pixel_Gen_inst|Render_Sprites:render_sprites_inst|x_coord[7] ; gameboy:dut|MMU:mmu|BRAM_handler:memory_units|DUAL_VRAM_8KB:vram0|altsyncram:altsyncram_component|altsyncram_54g2:auto_generated|ram_block1a5~portb_address_reg0 ; CLOCK2_50    ; CLOCK_50    ; 125.000      ; 0.196      ; 27.776     ;
; 97.409 ; gameboy:dut|PPU_Wrapper:ppu|OAM_Search:oam_search|selected_sprites_reg[0].x[7]                     ; gameboy:dut|MMU:mmu|BRAM_handler:memory_units|DUAL_VRAM_8KB:vram0|altsyncram:altsyncram_component|altsyncram_54g2:auto_generated|ram_block1a6~portb_address_reg0 ; CLOCK2_50    ; CLOCK_50    ; 125.000      ; 0.197      ; 27.777     ;
; 97.410 ; gameboy:dut|PPU_Wrapper:ppu|Pixel_Gen:Pixel_Gen_inst|Render_Sprites:render_sprites_inst|x_coord[6] ; gameboy:dut|MMU:mmu|BRAM_handler:memory_units|DUAL_VRAM_8KB:vram0|altsyncram:altsyncram_component|altsyncram_54g2:auto_generated|ram_block1a7~portb_address_reg0 ; CLOCK2_50    ; CLOCK_50    ; 125.000      ; 0.194      ; 27.773     ;
; 97.412 ; gameboy:dut|PPU_Wrapper:ppu|OAM_Search:oam_search|selected_sprites_reg[0].x[5]                     ; gameboy:dut|MMU:mmu|BRAM_handler:memory_units|OAM_DUALBANK:oam|altsyncram:altsyncram_component|altsyncram_rbg2:auto_generated|ram_block1a0~portb_address_reg0    ; CLOCK2_50    ; CLOCK_50    ; 125.000      ; 0.208      ; 27.785     ;
; 97.413 ; gameboy:dut|PPU_Wrapper:ppu|Pixel_Gen:Pixel_Gen_inst|Render_Sprites:render_sprites_inst|x_coord[0] ; gameboy:dut|MMU:mmu|BRAM_handler:memory_units|DUAL_VRAM_8KB:vram0|altsyncram:altsyncram_component|altsyncram_54g2:auto_generated|ram_block1a2~portb_address_reg0 ; CLOCK2_50    ; CLOCK_50    ; 125.000      ; 0.195      ; 27.771     ;
; 97.414 ; gameboy:dut|PPU_Wrapper:ppu|Pixel_Gen:Pixel_Gen_inst|Render_Sprites:render_sprites_inst|x_coord[3] ; gameboy:dut|MMU:mmu|BRAM_handler:memory_units|DUAL_VRAM_8KB:vram0|altsyncram:altsyncram_component|altsyncram_54g2:auto_generated|ram_block1a3~portb_address_reg0 ; CLOCK2_50    ; CLOCK_50    ; 125.000      ; 0.193      ; 27.768     ;
; 97.420 ; gameboy:dut|PPU_Wrapper:ppu|OAM_Search:oam_search|selected_sprites_reg[0].x[1]                     ; gameboy:dut|MMU:mmu|BRAM_handler:memory_units|DUAL_VRAM_8KB:vram0|altsyncram:altsyncram_component|altsyncram_54g2:auto_generated|ram_block1a6~portb_address_reg0 ; CLOCK2_50    ; CLOCK_50    ; 125.000      ; 0.196      ; 27.765     ;
; 97.420 ; gameboy:dut|PPU_Wrapper:ppu|OAM_Search:oam_search|selected_sprites_reg[0].x[0]                     ; gameboy:dut|MMU:mmu|BRAM_handler:memory_units|DUAL_VRAM_8KB:vram0|altsyncram:altsyncram_component|altsyncram_54g2:auto_generated|ram_block1a1~portb_address_reg0 ; CLOCK2_50    ; CLOCK_50    ; 125.000      ; 0.211      ; 27.780     ;
; 97.427 ; gameboy:dut|PPU_Wrapper:ppu|Pixel_Gen:Pixel_Gen_inst|Render_Sprites:render_sprites_inst|x_coord[7] ; gameboy:dut|MMU:mmu|BRAM_handler:memory_units|DUAL_VRAM_8KB:vram0|altsyncram:altsyncram_component|altsyncram_54g2:auto_generated|ram_block1a7~portb_address_reg0 ; CLOCK2_50    ; CLOCK_50    ; 125.000      ; 0.194      ; 27.756     ;
; 97.429 ; gameboy:dut|PPU_Wrapper:ppu|Pixel_Gen:Pixel_Gen_inst|Render_Sprites:render_sprites_inst|x_coord[0] ; gameboy:dut|MMU:mmu|BRAM_handler:memory_units|DUAL_VRAM_8KB:vram0|altsyncram:altsyncram_component|altsyncram_54g2:auto_generated|ram_block1a6~portb_address_reg0 ; CLOCK2_50    ; CLOCK_50    ; 125.000      ; 0.189      ; 27.749     ;
; 97.441 ; gameboy:dut|PPU_Wrapper:ppu|Pixel_Gen:Pixel_Gen_inst|Render_Sprites:render_sprites_inst|x_coord[6] ; gameboy:dut|MMU:mmu|BRAM_handler:memory_units|DUAL_VRAM_8KB:vram0|altsyncram:altsyncram_component|altsyncram_54g2:auto_generated|ram_block1a3~portb_address_reg0 ; CLOCK2_50    ; CLOCK_50    ; 125.000      ; 0.193      ; 27.741     ;
; 97.449 ; gameboy:dut|PPU_Wrapper:ppu|OAM_Search:oam_search|selected_sprites_reg[0].x[7]                     ; gameboy:dut|MMU:mmu|BRAM_handler:memory_units|MM_out_chooser:memory_out_muxer|ppu_select[2]                                                                      ; CLOCK2_50    ; CLOCK_50    ; 125.000      ; 0.036      ; 27.554     ;
; 97.450 ; gameboy:dut|PPU_Wrapper:ppu|OAM_Search:oam_search|selected_sprites_reg[0].x[0]                     ; gameboy:dut|MMU:mmu|BRAM_handler:memory_units|DUAL_VRAM_8KB:vram0|altsyncram:altsyncram_component|altsyncram_54g2:auto_generated|ram_block1a2~portb_address_reg0 ; CLOCK2_50    ; CLOCK_50    ; 125.000      ; 0.202      ; 27.741     ;
; 97.456 ; gameboy:dut|PPU_Wrapper:ppu|Pixel_Gen:Pixel_Gen_inst|Render_Sprites:render_sprites_inst|x_coord[2] ; gameboy:dut|MMU:mmu|BRAM_handler:memory_units|DUAL_VRAM_8KB:vram0|altsyncram:altsyncram_component|altsyncram_54g2:auto_generated|ram_block1a1~portb_address_reg0 ; CLOCK2_50    ; CLOCK_50    ; 125.000      ; 0.204      ; 27.737     ;
; 97.457 ; gameboy:dut|PPU_Wrapper:ppu|OAM_Search:oam_search|selected_sprites_reg[0].x[2]                     ; gameboy:dut|MMU:mmu|BRAM_handler:memory_units|DUAL_VRAM_8KB:vram0|altsyncram:altsyncram_component|altsyncram_54g2:auto_generated|ram_block1a1~portb_address_reg0 ; CLOCK2_50    ; CLOCK_50    ; 125.000      ; 0.211      ; 27.743     ;
; 97.458 ; gameboy:dut|PPU_Wrapper:ppu|Pixel_Gen:Pixel_Gen_inst|Render_Sprites:render_sprites_inst|x_coord[7] ; gameboy:dut|MMU:mmu|BRAM_handler:memory_units|DUAL_VRAM_8KB:vram0|altsyncram:altsyncram_component|altsyncram_54g2:auto_generated|ram_block1a3~portb_address_reg0 ; CLOCK2_50    ; CLOCK_50    ; 125.000      ; 0.193      ; 27.724     ;
; 97.460 ; gameboy:dut|PPU_Wrapper:ppu|OAM_Search:oam_search|selected_sprites_reg[0].x[1]                     ; gameboy:dut|MMU:mmu|BRAM_handler:memory_units|MM_out_chooser:memory_out_muxer|ppu_select[2]                                                                      ; CLOCK2_50    ; CLOCK_50    ; 125.000      ; 0.035      ; 27.542     ;
+--------+----------------------------------------------------------------------------------------------------+------------------------------------------------------------------------------------------------------------------------------------------------------------------+--------------+-------------+--------------+------------+------------+


+------------------------------------------------------------------------------------------------------------------------------------------------------+
; Fast 1200mV 0C Model Setup: 'CLOCK2_50'                                                                                                              ;
+-------+-----------+------------------------------------------------------------+--------------+-------------+--------------+------------+------------+
; Slack ; From Node ; To Node                                                    ; Launch Clock ; Latch Clock ; Relationship ; Clock Skew ; Data Delay ;
+-------+-----------+------------------------------------------------------------+--------------+-------------+--------------+------------+------------+
; 6.750 ; rst       ; gameboy:dut|cpu:cpu|regfile:regfile|regs[4][5]             ; CLOCK3_50    ; CLOCK2_50   ; 10.000       ; -0.067     ; 3.190      ;
; 6.750 ; rst       ; gameboy:dut|cpu:cpu|regfile:regfile|regs[4][6]             ; CLOCK3_50    ; CLOCK2_50   ; 10.000       ; -0.067     ; 3.190      ;
; 6.750 ; rst       ; gameboy:dut|cpu:cpu|regfile:regfile|regs[4][0]             ; CLOCK3_50    ; CLOCK2_50   ; 10.000       ; -0.067     ; 3.190      ;
; 6.960 ; rst       ; gameboy:dut|cpu:cpu|regfile:regfile|regs[2][2]             ; CLOCK3_50    ; CLOCK2_50   ; 10.000       ; -0.070     ; 2.977      ;
; 6.960 ; rst       ; gameboy:dut|cpu:cpu|regfile:regfile|regs[2][3]             ; CLOCK3_50    ; CLOCK2_50   ; 10.000       ; -0.070     ; 2.977      ;
; 6.960 ; rst       ; gameboy:dut|cpu:cpu|regfile:regfile|regs[2][0]             ; CLOCK3_50    ; CLOCK2_50   ; 10.000       ; -0.070     ; 2.977      ;
; 6.960 ; rst       ; gameboy:dut|cpu:cpu|regfile:regfile|regs[2][1]             ; CLOCK3_50    ; CLOCK2_50   ; 10.000       ; -0.070     ; 2.977      ;
; 6.960 ; rst       ; gameboy:dut|cpu:cpu|regfile:regfile|regs[2][7]             ; CLOCK3_50    ; CLOCK2_50   ; 10.000       ; -0.070     ; 2.977      ;
; 6.960 ; rst       ; gameboy:dut|cpu:cpu|regfile:regfile|regs[2][4]             ; CLOCK3_50    ; CLOCK2_50   ; 10.000       ; -0.070     ; 2.977      ;
; 6.960 ; rst       ; gameboy:dut|cpu:cpu|regfile:regfile|regs[2][5]             ; CLOCK3_50    ; CLOCK2_50   ; 10.000       ; -0.070     ; 2.977      ;
; 6.960 ; rst       ; gameboy:dut|cpu:cpu|regfile:regfile|regs[2][6]             ; CLOCK3_50    ; CLOCK2_50   ; 10.000       ; -0.070     ; 2.977      ;
; 6.961 ; rst       ; gameboy:dut|cpu:cpu|regfile:regfile|regs[5][1]             ; CLOCK3_50    ; CLOCK2_50   ; 10.000       ; -0.063     ; 2.983      ;
; 6.961 ; rst       ; gameboy:dut|cpu:cpu|regfile:regfile|regs[5][2]             ; CLOCK3_50    ; CLOCK2_50   ; 10.000       ; -0.063     ; 2.983      ;
; 6.961 ; rst       ; gameboy:dut|cpu:cpu|regfile:regfile|regs[5][0]             ; CLOCK3_50    ; CLOCK2_50   ; 10.000       ; -0.063     ; 2.983      ;
; 6.979 ; rst       ; gameboy:dut|cpu:cpu|regfile:regfile|regs[4][1]             ; CLOCK3_50    ; CLOCK2_50   ; 10.000       ; -0.069     ; 2.959      ;
; 6.979 ; rst       ; gameboy:dut|cpu:cpu|regfile:regfile|regs[4][3]             ; CLOCK3_50    ; CLOCK2_50   ; 10.000       ; -0.069     ; 2.959      ;
; 6.979 ; rst       ; gameboy:dut|cpu:cpu|regfile:regfile|regs[4][2]             ; CLOCK3_50    ; CLOCK2_50   ; 10.000       ; -0.069     ; 2.959      ;
; 6.979 ; rst       ; gameboy:dut|cpu:cpu|regfile:regfile|regs[4][4]             ; CLOCK3_50    ; CLOCK2_50   ; 10.000       ; -0.069     ; 2.959      ;
; 6.979 ; rst       ; gameboy:dut|cpu:cpu|regfile:regfile|regs[4][7]             ; CLOCK3_50    ; CLOCK2_50   ; 10.000       ; -0.069     ; 2.959      ;
; 7.079 ; rst       ; gameboy:dut|cpu:cpu|decoder:decoder|flopenr:oldopreg|q[1]  ; CLOCK3_50    ; CLOCK2_50   ; 10.000       ; -0.092     ; 2.836      ;
; 7.079 ; rst       ; gameboy:dut|cpu:cpu|decoder:decoder|flopenr:oldopreg|q[5]  ; CLOCK3_50    ; CLOCK2_50   ; 10.000       ; -0.092     ; 2.836      ;
; 7.079 ; rst       ; gameboy:dut|cpu:cpu|decoder:decoder|flopenr:oldopreg|q[4]  ; CLOCK3_50    ; CLOCK2_50   ; 10.000       ; -0.092     ; 2.836      ;
; 7.112 ; rst       ; gameboy:dut|MMU:mmu|BRAM_handler:memory_units|HRAM[0][5]   ; CLOCK3_50    ; CLOCK2_50   ; 10.000       ; -0.058     ; 2.837      ;
; 7.112 ; rst       ; gameboy:dut|MMU:mmu|BRAM_handler:memory_units|HRAM[0][4]   ; CLOCK3_50    ; CLOCK2_50   ; 10.000       ; -0.058     ; 2.837      ;
; 7.112 ; rst       ; gameboy:dut|MMU:mmu|BRAM_handler:memory_units|HRAM[0][10]  ; CLOCK3_50    ; CLOCK2_50   ; 10.000       ; -0.058     ; 2.837      ;
; 7.112 ; rst       ; gameboy:dut|MMU:mmu|BRAM_handler:memory_units|HRAM[0][11]  ; CLOCK3_50    ; CLOCK2_50   ; 10.000       ; -0.058     ; 2.837      ;
; 7.112 ; rst       ; gameboy:dut|MMU:mmu|BRAM_handler:memory_units|HRAM[0][12]  ; CLOCK3_50    ; CLOCK2_50   ; 10.000       ; -0.058     ; 2.837      ;
; 7.112 ; rst       ; gameboy:dut|MMU:mmu|BRAM_handler:memory_units|HRAM[0][13]  ; CLOCK3_50    ; CLOCK2_50   ; 10.000       ; -0.058     ; 2.837      ;
; 7.112 ; rst       ; gameboy:dut|MMU:mmu|BRAM_handler:memory_units|HRAM[0][15]  ; CLOCK3_50    ; CLOCK2_50   ; 10.000       ; -0.058     ; 2.837      ;
; 7.121 ; rst       ; gameboy:dut|cpu:cpu|regfile:regfile|regs[6][4]             ; CLOCK3_50    ; CLOCK2_50   ; 10.000       ; -0.080     ; 2.806      ;
; 7.123 ; rst       ; gameboy:dut|cpu:cpu|regfile:regfile|regs[3][1]             ; CLOCK3_50    ; CLOCK2_50   ; 10.000       ; -0.067     ; 2.817      ;
; 7.123 ; rst       ; gameboy:dut|cpu:cpu|regfile:regfile|regs[3][7]             ; CLOCK3_50    ; CLOCK2_50   ; 10.000       ; -0.067     ; 2.817      ;
; 7.123 ; rst       ; gameboy:dut|cpu:cpu|regfile:regfile|regs[3][0]             ; CLOCK3_50    ; CLOCK2_50   ; 10.000       ; -0.067     ; 2.817      ;
; 7.123 ; rst       ; gameboy:dut|cpu:cpu|regfile:regfile|regs[3][3]             ; CLOCK3_50    ; CLOCK2_50   ; 10.000       ; -0.067     ; 2.817      ;
; 7.123 ; rst       ; gameboy:dut|cpu:cpu|regfile:regfile|regs[3][2]             ; CLOCK3_50    ; CLOCK2_50   ; 10.000       ; -0.067     ; 2.817      ;
; 7.123 ; rst       ; gameboy:dut|cpu:cpu|regfile:regfile|regs[3][6]             ; CLOCK3_50    ; CLOCK2_50   ; 10.000       ; -0.067     ; 2.817      ;
; 7.123 ; rst       ; gameboy:dut|cpu:cpu|regfile:regfile|regs[3][4]             ; CLOCK3_50    ; CLOCK2_50   ; 10.000       ; -0.067     ; 2.817      ;
; 7.123 ; rst       ; gameboy:dut|cpu:cpu|regfile:regfile|regs[3][5]             ; CLOCK3_50    ; CLOCK2_50   ; 10.000       ; -0.067     ; 2.817      ;
; 7.150 ; rst       ; gameboy:dut|MMU:mmu|BRAM_handler:memory_units|HRAM[7][5]   ; CLOCK3_50    ; CLOCK2_50   ; 10.000       ; -0.057     ; 2.800      ;
; 7.150 ; rst       ; gameboy:dut|MMU:mmu|BRAM_handler:memory_units|HRAM[7][3]   ; CLOCK3_50    ; CLOCK2_50   ; 10.000       ; -0.057     ; 2.800      ;
; 7.150 ; rst       ; gameboy:dut|MMU:mmu|BRAM_handler:memory_units|HRAM[7][4]   ; CLOCK3_50    ; CLOCK2_50   ; 10.000       ; -0.057     ; 2.800      ;
; 7.150 ; rst       ; gameboy:dut|MMU:mmu|BRAM_handler:memory_units|HRAM[7][10]  ; CLOCK3_50    ; CLOCK2_50   ; 10.000       ; -0.057     ; 2.800      ;
; 7.150 ; rst       ; gameboy:dut|MMU:mmu|BRAM_handler:memory_units|HRAM[7][11]  ; CLOCK3_50    ; CLOCK2_50   ; 10.000       ; -0.057     ; 2.800      ;
; 7.150 ; rst       ; gameboy:dut|MMU:mmu|BRAM_handler:memory_units|HRAM[7][13]  ; CLOCK3_50    ; CLOCK2_50   ; 10.000       ; -0.057     ; 2.800      ;
; 7.150 ; rst       ; gameboy:dut|MMU:mmu|BRAM_handler:memory_units|HRAM[7][15]  ; CLOCK3_50    ; CLOCK2_50   ; 10.000       ; -0.057     ; 2.800      ;
; 7.163 ; rst       ; gameboy:dut|MMU:mmu|BRAM_handler:memory_units|HRAM[15][3]  ; CLOCK3_50    ; CLOCK2_50   ; 10.000       ; -0.058     ; 2.786      ;
; 7.163 ; rst       ; gameboy:dut|MMU:mmu|BRAM_handler:memory_units|HRAM[15][10] ; CLOCK3_50    ; CLOCK2_50   ; 10.000       ; -0.058     ; 2.786      ;
; 7.163 ; rst       ; gameboy:dut|MMU:mmu|BRAM_handler:memory_units|HRAM[15][11] ; CLOCK3_50    ; CLOCK2_50   ; 10.000       ; -0.058     ; 2.786      ;
; 7.163 ; rst       ; gameboy:dut|MMU:mmu|BRAM_handler:memory_units|HRAM[15][13] ; CLOCK3_50    ; CLOCK2_50   ; 10.000       ; -0.058     ; 2.786      ;
; 7.163 ; rst       ; gameboy:dut|MMU:mmu|BRAM_handler:memory_units|HRAM[15][15] ; CLOCK3_50    ; CLOCK2_50   ; 10.000       ; -0.058     ; 2.786      ;
; 7.165 ; rst       ; gameboy:dut|MMU:mmu|BRAM_handler:memory_units|HRAM[11][5]  ; CLOCK3_50    ; CLOCK2_50   ; 10.000       ; -0.058     ; 2.784      ;
; 7.165 ; rst       ; gameboy:dut|MMU:mmu|BRAM_handler:memory_units|HRAM[11][3]  ; CLOCK3_50    ; CLOCK2_50   ; 10.000       ; -0.058     ; 2.784      ;
; 7.165 ; rst       ; gameboy:dut|MMU:mmu|BRAM_handler:memory_units|HRAM[11][10] ; CLOCK3_50    ; CLOCK2_50   ; 10.000       ; -0.058     ; 2.784      ;
; 7.165 ; rst       ; gameboy:dut|MMU:mmu|BRAM_handler:memory_units|HRAM[11][11] ; CLOCK3_50    ; CLOCK2_50   ; 10.000       ; -0.058     ; 2.784      ;
; 7.165 ; rst       ; gameboy:dut|MMU:mmu|BRAM_handler:memory_units|HRAM[11][13] ; CLOCK3_50    ; CLOCK2_50   ; 10.000       ; -0.058     ; 2.784      ;
; 7.165 ; rst       ; gameboy:dut|MMU:mmu|BRAM_handler:memory_units|HRAM[11][15] ; CLOCK3_50    ; CLOCK2_50   ; 10.000       ; -0.058     ; 2.784      ;
; 7.181 ; rst       ; gameboy:dut|MMU:mmu|BRAM_handler:memory_units|HRAM[3][0]   ; CLOCK3_50    ; CLOCK2_50   ; 10.000       ; -0.053     ; 2.773      ;
; 7.181 ; rst       ; gameboy:dut|MMU:mmu|BRAM_handler:memory_units|HRAM[3][1]   ; CLOCK3_50    ; CLOCK2_50   ; 10.000       ; -0.053     ; 2.773      ;
; 7.186 ; rst       ; gameboy:dut|cpu:cpu|regfile:regfile|regs[5][6]             ; CLOCK3_50    ; CLOCK2_50   ; 10.000       ; -0.064     ; 2.757      ;
; 7.186 ; rst       ; gameboy:dut|cpu:cpu|regfile:regfile|regs[5][3]             ; CLOCK3_50    ; CLOCK2_50   ; 10.000       ; -0.064     ; 2.757      ;
; 7.186 ; rst       ; gameboy:dut|cpu:cpu|regfile:regfile|regs[5][4]             ; CLOCK3_50    ; CLOCK2_50   ; 10.000       ; -0.064     ; 2.757      ;
; 7.186 ; rst       ; gameboy:dut|cpu:cpu|regfile:regfile|regs[5][5]             ; CLOCK3_50    ; CLOCK2_50   ; 10.000       ; -0.064     ; 2.757      ;
; 7.186 ; rst       ; gameboy:dut|cpu:cpu|regfile:regfile|regs[5][7]             ; CLOCK3_50    ; CLOCK2_50   ; 10.000       ; -0.064     ; 2.757      ;
; 7.189 ; rst       ; gameboy:dut|MMU:mmu|BRAM_handler:memory_units|HRAM[15][5]  ; CLOCK3_50    ; CLOCK2_50   ; 10.000       ; -0.055     ; 2.763      ;
; 7.189 ; rst       ; gameboy:dut|MMU:mmu|BRAM_handler:memory_units|HRAM[15][12] ; CLOCK3_50    ; CLOCK2_50   ; 10.000       ; -0.055     ; 2.763      ;
; 7.192 ; rst       ; gameboy:dut|MMU:mmu|BRAM_handler:memory_units|HRAM[8][5]   ; CLOCK3_50    ; CLOCK2_50   ; 10.000       ; -0.058     ; 2.757      ;
; 7.192 ; rst       ; gameboy:dut|MMU:mmu|BRAM_handler:memory_units|HRAM[8][3]   ; CLOCK3_50    ; CLOCK2_50   ; 10.000       ; -0.058     ; 2.757      ;
; 7.192 ; rst       ; gameboy:dut|MMU:mmu|BRAM_handler:memory_units|HRAM[8][10]  ; CLOCK3_50    ; CLOCK2_50   ; 10.000       ; -0.058     ; 2.757      ;
; 7.192 ; rst       ; gameboy:dut|MMU:mmu|BRAM_handler:memory_units|HRAM[8][11]  ; CLOCK3_50    ; CLOCK2_50   ; 10.000       ; -0.058     ; 2.757      ;
; 7.192 ; rst       ; gameboy:dut|MMU:mmu|BRAM_handler:memory_units|HRAM[8][12]  ; CLOCK3_50    ; CLOCK2_50   ; 10.000       ; -0.058     ; 2.757      ;
; 7.192 ; rst       ; gameboy:dut|MMU:mmu|BRAM_handler:memory_units|HRAM[8][13]  ; CLOCK3_50    ; CLOCK2_50   ; 10.000       ; -0.058     ; 2.757      ;
; 7.192 ; rst       ; gameboy:dut|MMU:mmu|BRAM_handler:memory_units|HRAM[8][15]  ; CLOCK3_50    ; CLOCK2_50   ; 10.000       ; -0.058     ; 2.757      ;
; 7.193 ; rst       ; gameboy:dut|cpu:cpu|regfile:regfile|regs[0][0]             ; CLOCK3_50    ; CLOCK2_50   ; 10.000       ; -0.069     ; 2.745      ;
; 7.193 ; rst       ; gameboy:dut|cpu:cpu|regfile:regfile|regs[0][1]             ; CLOCK3_50    ; CLOCK2_50   ; 10.000       ; -0.069     ; 2.745      ;
; 7.193 ; rst       ; gameboy:dut|cpu:cpu|regfile:regfile|regs[0][3]             ; CLOCK3_50    ; CLOCK2_50   ; 10.000       ; -0.069     ; 2.745      ;
; 7.193 ; rst       ; gameboy:dut|cpu:cpu|regfile:regfile|regs[0][7]             ; CLOCK3_50    ; CLOCK2_50   ; 10.000       ; -0.069     ; 2.745      ;
; 7.193 ; rst       ; gameboy:dut|cpu:cpu|regfile:regfile|regs[0][6]             ; CLOCK3_50    ; CLOCK2_50   ; 10.000       ; -0.069     ; 2.745      ;
; 7.193 ; rst       ; gameboy:dut|cpu:cpu|regfile:regfile|regs[0][2]             ; CLOCK3_50    ; CLOCK2_50   ; 10.000       ; -0.069     ; 2.745      ;
; 7.193 ; rst       ; gameboy:dut|cpu:cpu|regfile:regfile|regs[0][4]             ; CLOCK3_50    ; CLOCK2_50   ; 10.000       ; -0.069     ; 2.745      ;
; 7.193 ; rst       ; gameboy:dut|cpu:cpu|regfile:regfile|regs[0][5]             ; CLOCK3_50    ; CLOCK2_50   ; 10.000       ; -0.069     ; 2.745      ;
; 7.210 ; rst       ; gameboy:dut|MMU:mmu|BRAM_handler:memory_units|HRAM[3][5]   ; CLOCK3_50    ; CLOCK2_50   ; 10.000       ; -0.057     ; 2.740      ;
; 7.210 ; rst       ; gameboy:dut|MMU:mmu|BRAM_handler:memory_units|HRAM[3][3]   ; CLOCK3_50    ; CLOCK2_50   ; 10.000       ; -0.057     ; 2.740      ;
; 7.210 ; rst       ; gameboy:dut|MMU:mmu|BRAM_handler:memory_units|HRAM[3][4]   ; CLOCK3_50    ; CLOCK2_50   ; 10.000       ; -0.057     ; 2.740      ;
; 7.210 ; rst       ; gameboy:dut|MMU:mmu|BRAM_handler:memory_units|HRAM[3][10]  ; CLOCK3_50    ; CLOCK2_50   ; 10.000       ; -0.057     ; 2.740      ;
; 7.210 ; rst       ; gameboy:dut|MMU:mmu|BRAM_handler:memory_units|HRAM[3][11]  ; CLOCK3_50    ; CLOCK2_50   ; 10.000       ; -0.057     ; 2.740      ;
; 7.210 ; rst       ; gameboy:dut|MMU:mmu|BRAM_handler:memory_units|HRAM[3][13]  ; CLOCK3_50    ; CLOCK2_50   ; 10.000       ; -0.057     ; 2.740      ;
; 7.210 ; rst       ; gameboy:dut|MMU:mmu|BRAM_handler:memory_units|HRAM[3][15]  ; CLOCK3_50    ; CLOCK2_50   ; 10.000       ; -0.057     ; 2.740      ;
; 7.211 ; rst       ; gameboy:dut|MMU:mmu|BRAM_handler:memory_units|HRAM[3][7]   ; CLOCK3_50    ; CLOCK2_50   ; 10.000       ; -0.047     ; 2.749      ;
; 7.218 ; rst       ; gameboy:dut|MMU:mmu|BRAM_handler:memory_units|HRAM[0][0]   ; CLOCK3_50    ; CLOCK2_50   ; 10.000       ; -0.055     ; 2.734      ;
; 7.218 ; rst       ; gameboy:dut|MMU:mmu|BRAM_handler:memory_units|HRAM[0][1]   ; CLOCK3_50    ; CLOCK2_50   ; 10.000       ; -0.055     ; 2.734      ;
; 7.218 ; rst       ; gameboy:dut|MMU:mmu|BRAM_handler:memory_units|HRAM[0][2]   ; CLOCK3_50    ; CLOCK2_50   ; 10.000       ; -0.055     ; 2.734      ;
; 7.218 ; rst       ; gameboy:dut|MMU:mmu|BRAM_handler:memory_units|HRAM[0][3]   ; CLOCK3_50    ; CLOCK2_50   ; 10.000       ; -0.055     ; 2.734      ;
; 7.223 ; rst       ; gameboy:dut|MMU:mmu|BRAM_handler:memory_units|HRAM[8][0]   ; CLOCK3_50    ; CLOCK2_50   ; 10.000       ; -0.055     ; 2.729      ;
; 7.223 ; rst       ; gameboy:dut|MMU:mmu|BRAM_handler:memory_units|HRAM[8][1]   ; CLOCK3_50    ; CLOCK2_50   ; 10.000       ; -0.055     ; 2.729      ;
; 7.223 ; rst       ; gameboy:dut|MMU:mmu|BRAM_handler:memory_units|HRAM[8][2]   ; CLOCK3_50    ; CLOCK2_50   ; 10.000       ; -0.055     ; 2.729      ;
; 7.223 ; rst       ; gameboy:dut|MMU:mmu|BRAM_handler:memory_units|HRAM[8][4]   ; CLOCK3_50    ; CLOCK2_50   ; 10.000       ; -0.055     ; 2.729      ;
; 7.227 ; rst       ; gameboy:dut|MMU:mmu|BRAM_handler:memory_units|HRAM[11][0]  ; CLOCK3_50    ; CLOCK2_50   ; 10.000       ; -0.054     ; 2.726      ;
; 7.227 ; rst       ; gameboy:dut|MMU:mmu|BRAM_handler:memory_units|HRAM[11][1]  ; CLOCK3_50    ; CLOCK2_50   ; 10.000       ; -0.054     ; 2.726      ;
; 7.227 ; rst       ; gameboy:dut|cpu:cpu|regfile:regfile|regs[6][6]             ; CLOCK3_50    ; CLOCK2_50   ; 10.000       ; -0.080     ; 2.700      ;
; 7.251 ; rst       ; gameboy:dut|MMU:mmu|BRAM_handler:memory_units|HRAM[7][0]   ; CLOCK3_50    ; CLOCK2_50   ; 10.000       ; -0.051     ; 2.705      ;
+-------+-----------+------------------------------------------------------------+--------------+-------------+--------------+------------+------------+


+----------------------------------------------------------------------------------------------------------------------------------------+
; Fast 1200mV 0C Model Setup: 'CLOCK3_50'                                                                                                ;
+--------+----------------------------+----------------------------+--------------+-------------+--------------+------------+------------+
; Slack  ; From Node                  ; To Node                    ; Launch Clock ; Latch Clock ; Relationship ; Clock Skew ; Data Delay ;
+--------+----------------------------+----------------------------+--------------+-------------+--------------+------------+------------+
; 17.938 ; vga:v1|Counter:vs_ct|Q[17] ; vga:v1|Counter:vs_ct|Q[13] ; CLOCK3_50    ; CLOCK3_50   ; 20.000       ; -0.042     ; 2.027      ;
; 17.939 ; vga:v1|Counter:vs_ct|Q[17] ; vga:v1|Counter:vs_ct|Q[11] ; CLOCK3_50    ; CLOCK3_50   ; 20.000       ; -0.042     ; 2.026      ;
; 17.939 ; vga:v1|Counter:vs_ct|Q[17] ; vga:v1|Counter:vs_ct|Q[15] ; CLOCK3_50    ; CLOCK3_50   ; 20.000       ; -0.042     ; 2.026      ;
; 17.939 ; vga:v1|Counter:vs_ct|Q[17] ; vga:v1|Counter:vs_ct|Q[18] ; CLOCK3_50    ; CLOCK3_50   ; 20.000       ; -0.042     ; 2.026      ;
; 17.940 ; vga:v1|Counter:vs_ct|Q[17] ; vga:v1|Counter:vs_ct|Q[19] ; CLOCK3_50    ; CLOCK3_50   ; 20.000       ; -0.042     ; 2.025      ;
; 17.954 ; vga:v1|Counter:vs_ct|Q[16] ; vga:v1|Counter:vs_ct|Q[13] ; CLOCK3_50    ; CLOCK3_50   ; 20.000       ; -0.042     ; 2.011      ;
; 17.955 ; vga:v1|Counter:vs_ct|Q[16] ; vga:v1|Counter:vs_ct|Q[11] ; CLOCK3_50    ; CLOCK3_50   ; 20.000       ; -0.042     ; 2.010      ;
; 17.955 ; vga:v1|Counter:vs_ct|Q[16] ; vga:v1|Counter:vs_ct|Q[15] ; CLOCK3_50    ; CLOCK3_50   ; 20.000       ; -0.042     ; 2.010      ;
; 17.955 ; vga:v1|Counter:vs_ct|Q[16] ; vga:v1|Counter:vs_ct|Q[18] ; CLOCK3_50    ; CLOCK3_50   ; 20.000       ; -0.042     ; 2.010      ;
; 17.956 ; vga:v1|Counter:vs_ct|Q[16] ; vga:v1|Counter:vs_ct|Q[19] ; CLOCK3_50    ; CLOCK3_50   ; 20.000       ; -0.042     ; 2.009      ;
; 18.083 ; vga:v1|Counter:vs_ct|Q[17] ; vga:v1|Counter:vs_ct|Q[12] ; CLOCK3_50    ; CLOCK3_50   ; 20.000       ; -0.042     ; 1.882      ;
; 18.085 ; vga:v1|Counter:hs_ct|Q[1]  ; vga:v1|Counter:vs_ct|Q[13] ; CLOCK3_50    ; CLOCK3_50   ; 20.000       ; -0.040     ; 1.882      ;
; 18.086 ; vga:v1|Counter:hs_ct|Q[1]  ; vga:v1|Counter:vs_ct|Q[11] ; CLOCK3_50    ; CLOCK3_50   ; 20.000       ; -0.040     ; 1.881      ;
; 18.086 ; vga:v1|Counter:hs_ct|Q[1]  ; vga:v1|Counter:vs_ct|Q[15] ; CLOCK3_50    ; CLOCK3_50   ; 20.000       ; -0.040     ; 1.881      ;
; 18.086 ; vga:v1|Counter:hs_ct|Q[1]  ; vga:v1|Counter:vs_ct|Q[18] ; CLOCK3_50    ; CLOCK3_50   ; 20.000       ; -0.040     ; 1.881      ;
; 18.087 ; vga:v1|Counter:hs_ct|Q[1]  ; vga:v1|Counter:vs_ct|Q[19] ; CLOCK3_50    ; CLOCK3_50   ; 20.000       ; -0.040     ; 1.880      ;
; 18.099 ; vga:v1|Counter:vs_ct|Q[16] ; vga:v1|Counter:vs_ct|Q[12] ; CLOCK3_50    ; CLOCK3_50   ; 20.000       ; -0.042     ; 1.866      ;
; 18.150 ; vga:v1|Counter:vs_ct|Q[13] ; vga:v1|Counter:vs_ct|Q[13] ; CLOCK3_50    ; CLOCK3_50   ; 20.000       ; -0.042     ; 1.815      ;
; 18.151 ; vga:v1|Counter:vs_ct|Q[13] ; vga:v1|Counter:vs_ct|Q[11] ; CLOCK3_50    ; CLOCK3_50   ; 20.000       ; -0.042     ; 1.814      ;
; 18.151 ; vga:v1|Counter:vs_ct|Q[13] ; vga:v1|Counter:vs_ct|Q[15] ; CLOCK3_50    ; CLOCK3_50   ; 20.000       ; -0.042     ; 1.814      ;
; 18.151 ; vga:v1|Counter:vs_ct|Q[13] ; vga:v1|Counter:vs_ct|Q[18] ; CLOCK3_50    ; CLOCK3_50   ; 20.000       ; -0.042     ; 1.814      ;
; 18.152 ; vga:v1|Counter:vs_ct|Q[13] ; vga:v1|Counter:vs_ct|Q[19] ; CLOCK3_50    ; CLOCK3_50   ; 20.000       ; -0.042     ; 1.813      ;
; 18.157 ; vga:v1|Counter:hs_ct|Q[0]  ; vga:v1|Counter:vs_ct|Q[13] ; CLOCK3_50    ; CLOCK3_50   ; 20.000       ; -0.040     ; 1.810      ;
; 18.158 ; vga:v1|Counter:vs_ct|Q[17] ; vga:v1|Counter:vs_ct|Q[6]  ; CLOCK3_50    ; CLOCK3_50   ; 20.000       ; -0.041     ; 1.808      ;
; 18.158 ; vga:v1|Counter:hs_ct|Q[0]  ; vga:v1|Counter:vs_ct|Q[11] ; CLOCK3_50    ; CLOCK3_50   ; 20.000       ; -0.040     ; 1.809      ;
; 18.158 ; vga:v1|Counter:hs_ct|Q[0]  ; vga:v1|Counter:vs_ct|Q[15] ; CLOCK3_50    ; CLOCK3_50   ; 20.000       ; -0.040     ; 1.809      ;
; 18.158 ; vga:v1|Counter:hs_ct|Q[0]  ; vga:v1|Counter:vs_ct|Q[18] ; CLOCK3_50    ; CLOCK3_50   ; 20.000       ; -0.040     ; 1.809      ;
; 18.159 ; vga:v1|Counter:hs_ct|Q[0]  ; vga:v1|Counter:vs_ct|Q[19] ; CLOCK3_50    ; CLOCK3_50   ; 20.000       ; -0.040     ; 1.808      ;
; 18.174 ; vga:v1|Counter:vs_ct|Q[16] ; vga:v1|Counter:vs_ct|Q[6]  ; CLOCK3_50    ; CLOCK3_50   ; 20.000       ; -0.041     ; 1.792      ;
; 18.179 ; vga:v1|Counter:vs_ct|Q[4]  ; vga:v1|Counter:vs_ct|Q[13] ; CLOCK3_50    ; CLOCK3_50   ; 20.000       ; -0.043     ; 1.785      ;
; 18.180 ; vga:v1|Counter:vs_ct|Q[4]  ; vga:v1|Counter:vs_ct|Q[11] ; CLOCK3_50    ; CLOCK3_50   ; 20.000       ; -0.043     ; 1.784      ;
; 18.180 ; vga:v1|Counter:vs_ct|Q[4]  ; vga:v1|Counter:vs_ct|Q[15] ; CLOCK3_50    ; CLOCK3_50   ; 20.000       ; -0.043     ; 1.784      ;
; 18.180 ; vga:v1|Counter:vs_ct|Q[4]  ; vga:v1|Counter:vs_ct|Q[18] ; CLOCK3_50    ; CLOCK3_50   ; 20.000       ; -0.043     ; 1.784      ;
; 18.181 ; vga:v1|Counter:vs_ct|Q[4]  ; vga:v1|Counter:vs_ct|Q[19] ; CLOCK3_50    ; CLOCK3_50   ; 20.000       ; -0.043     ; 1.783      ;
; 18.209 ; vga:v1|Counter:vs_ct|Q[11] ; vga:v1|Counter:vs_ct|Q[13] ; CLOCK3_50    ; CLOCK3_50   ; 20.000       ; -0.042     ; 1.756      ;
; 18.210 ; vga:v1|Counter:vs_ct|Q[11] ; vga:v1|Counter:vs_ct|Q[11] ; CLOCK3_50    ; CLOCK3_50   ; 20.000       ; -0.042     ; 1.755      ;
; 18.210 ; vga:v1|Counter:vs_ct|Q[11] ; vga:v1|Counter:vs_ct|Q[15] ; CLOCK3_50    ; CLOCK3_50   ; 20.000       ; -0.042     ; 1.755      ;
; 18.210 ; vga:v1|Counter:vs_ct|Q[11] ; vga:v1|Counter:vs_ct|Q[18] ; CLOCK3_50    ; CLOCK3_50   ; 20.000       ; -0.042     ; 1.755      ;
; 18.211 ; vga:v1|Counter:vs_ct|Q[11] ; vga:v1|Counter:vs_ct|Q[19] ; CLOCK3_50    ; CLOCK3_50   ; 20.000       ; -0.042     ; 1.754      ;
; 18.226 ; vga:v1|Counter:vs_ct|Q[15] ; vga:v1|Counter:vs_ct|Q[13] ; CLOCK3_50    ; CLOCK3_50   ; 20.000       ; -0.042     ; 1.739      ;
; 18.227 ; vga:v1|Counter:vs_ct|Q[15] ; vga:v1|Counter:vs_ct|Q[11] ; CLOCK3_50    ; CLOCK3_50   ; 20.000       ; -0.042     ; 1.738      ;
; 18.227 ; vga:v1|Counter:vs_ct|Q[15] ; vga:v1|Counter:vs_ct|Q[15] ; CLOCK3_50    ; CLOCK3_50   ; 20.000       ; -0.042     ; 1.738      ;
; 18.227 ; vga:v1|Counter:vs_ct|Q[15] ; vga:v1|Counter:vs_ct|Q[18] ; CLOCK3_50    ; CLOCK3_50   ; 20.000       ; -0.042     ; 1.738      ;
; 18.228 ; vga:v1|Counter:vs_ct|Q[15] ; vga:v1|Counter:vs_ct|Q[19] ; CLOCK3_50    ; CLOCK3_50   ; 20.000       ; -0.042     ; 1.737      ;
; 18.230 ; vga:v1|Counter:hs_ct|Q[1]  ; vga:v1|Counter:vs_ct|Q[12] ; CLOCK3_50    ; CLOCK3_50   ; 20.000       ; -0.040     ; 1.737      ;
; 18.262 ; vga:v1|Counter:vs_ct|Q[2]  ; vga:v1|Counter:vs_ct|Q[13] ; CLOCK3_50    ; CLOCK3_50   ; 20.000       ; -0.043     ; 1.702      ;
; 18.263 ; vga:v1|Counter:vs_ct|Q[2]  ; vga:v1|Counter:vs_ct|Q[11] ; CLOCK3_50    ; CLOCK3_50   ; 20.000       ; -0.043     ; 1.701      ;
; 18.263 ; vga:v1|Counter:vs_ct|Q[2]  ; vga:v1|Counter:vs_ct|Q[15] ; CLOCK3_50    ; CLOCK3_50   ; 20.000       ; -0.043     ; 1.701      ;
; 18.263 ; vga:v1|Counter:vs_ct|Q[2]  ; vga:v1|Counter:vs_ct|Q[18] ; CLOCK3_50    ; CLOCK3_50   ; 20.000       ; -0.043     ; 1.701      ;
; 18.264 ; vga:v1|Counter:vs_ct|Q[2]  ; vga:v1|Counter:vs_ct|Q[19] ; CLOCK3_50    ; CLOCK3_50   ; 20.000       ; -0.043     ; 1.700      ;
; 18.294 ; vga:v1|Counter:vs_ct|Q[18] ; vga:v1|Counter:vs_ct|Q[13] ; CLOCK3_50    ; CLOCK3_50   ; 20.000       ; -0.042     ; 1.671      ;
; 18.295 ; vga:v1|Counter:vs_ct|Q[18] ; vga:v1|Counter:vs_ct|Q[11] ; CLOCK3_50    ; CLOCK3_50   ; 20.000       ; -0.042     ; 1.670      ;
; 18.295 ; vga:v1|Counter:vs_ct|Q[18] ; vga:v1|Counter:vs_ct|Q[15] ; CLOCK3_50    ; CLOCK3_50   ; 20.000       ; -0.042     ; 1.670      ;
; 18.295 ; vga:v1|Counter:vs_ct|Q[18] ; vga:v1|Counter:vs_ct|Q[18] ; CLOCK3_50    ; CLOCK3_50   ; 20.000       ; -0.042     ; 1.670      ;
; 18.295 ; vga:v1|Counter:vs_ct|Q[13] ; vga:v1|Counter:vs_ct|Q[12] ; CLOCK3_50    ; CLOCK3_50   ; 20.000       ; -0.042     ; 1.670      ;
; 18.296 ; vga:v1|Counter:vs_ct|Q[18] ; vga:v1|Counter:vs_ct|Q[19] ; CLOCK3_50    ; CLOCK3_50   ; 20.000       ; -0.042     ; 1.669      ;
; 18.302 ; vga:v1|Counter:hs_ct|Q[0]  ; vga:v1|Counter:vs_ct|Q[12] ; CLOCK3_50    ; CLOCK3_50   ; 20.000       ; -0.040     ; 1.665      ;
; 18.305 ; vga:v1|Counter:hs_ct|Q[1]  ; vga:v1|Counter:vs_ct|Q[6]  ; CLOCK3_50    ; CLOCK3_50   ; 20.000       ; -0.039     ; 1.663      ;
; 18.317 ; vga:v1|Counter:vs_ct|Q[12] ; vga:v1|Counter:vs_ct|Q[13] ; CLOCK3_50    ; CLOCK3_50   ; 20.000       ; -0.042     ; 1.648      ;
; 18.318 ; vga:v1|Counter:vs_ct|Q[12] ; vga:v1|Counter:vs_ct|Q[11] ; CLOCK3_50    ; CLOCK3_50   ; 20.000       ; -0.042     ; 1.647      ;
; 18.318 ; vga:v1|Counter:vs_ct|Q[12] ; vga:v1|Counter:vs_ct|Q[15] ; CLOCK3_50    ; CLOCK3_50   ; 20.000       ; -0.042     ; 1.647      ;
; 18.318 ; vga:v1|Counter:vs_ct|Q[12] ; vga:v1|Counter:vs_ct|Q[18] ; CLOCK3_50    ; CLOCK3_50   ; 20.000       ; -0.042     ; 1.647      ;
; 18.319 ; vga:v1|Counter:vs_ct|Q[9]  ; vga:v1|Counter:vs_ct|Q[13] ; CLOCK3_50    ; CLOCK3_50   ; 20.000       ; -0.043     ; 1.645      ;
; 18.319 ; vga:v1|Counter:vs_ct|Q[12] ; vga:v1|Counter:vs_ct|Q[19] ; CLOCK3_50    ; CLOCK3_50   ; 20.000       ; -0.042     ; 1.646      ;
; 18.320 ; vga:v1|Counter:vs_ct|Q[9]  ; vga:v1|Counter:vs_ct|Q[11] ; CLOCK3_50    ; CLOCK3_50   ; 20.000       ; -0.043     ; 1.644      ;
; 18.320 ; vga:v1|Counter:vs_ct|Q[9]  ; vga:v1|Counter:vs_ct|Q[15] ; CLOCK3_50    ; CLOCK3_50   ; 20.000       ; -0.043     ; 1.644      ;
; 18.320 ; vga:v1|Counter:vs_ct|Q[9]  ; vga:v1|Counter:vs_ct|Q[18] ; CLOCK3_50    ; CLOCK3_50   ; 20.000       ; -0.043     ; 1.644      ;
; 18.321 ; vga:v1|Counter:vs_ct|Q[9]  ; vga:v1|Counter:vs_ct|Q[19] ; CLOCK3_50    ; CLOCK3_50   ; 20.000       ; -0.043     ; 1.643      ;
; 18.322 ; vga:v1|Counter:vs_ct|Q[5]  ; vga:v1|Counter:vs_ct|Q[13] ; CLOCK3_50    ; CLOCK3_50   ; 20.000       ; -0.043     ; 1.642      ;
; 18.323 ; vga:v1|Counter:vs_ct|Q[5]  ; vga:v1|Counter:vs_ct|Q[11] ; CLOCK3_50    ; CLOCK3_50   ; 20.000       ; -0.043     ; 1.641      ;
; 18.323 ; vga:v1|Counter:vs_ct|Q[5]  ; vga:v1|Counter:vs_ct|Q[15] ; CLOCK3_50    ; CLOCK3_50   ; 20.000       ; -0.043     ; 1.641      ;
; 18.323 ; vga:v1|Counter:vs_ct|Q[5]  ; vga:v1|Counter:vs_ct|Q[18] ; CLOCK3_50    ; CLOCK3_50   ; 20.000       ; -0.043     ; 1.641      ;
; 18.324 ; vga:v1|Counter:vs_ct|Q[4]  ; vga:v1|Counter:vs_ct|Q[12] ; CLOCK3_50    ; CLOCK3_50   ; 20.000       ; -0.043     ; 1.640      ;
; 18.324 ; vga:v1|Counter:vs_ct|Q[5]  ; vga:v1|Counter:vs_ct|Q[19] ; CLOCK3_50    ; CLOCK3_50   ; 20.000       ; -0.043     ; 1.640      ;
; 18.329 ; vga:v1|Counter:vs_ct|Q[6]  ; vga:v1|Counter:vs_ct|Q[13] ; CLOCK3_50    ; CLOCK3_50   ; 20.000       ; -0.043     ; 1.635      ;
; 18.330 ; vga:v1|Counter:vs_ct|Q[6]  ; vga:v1|Counter:vs_ct|Q[11] ; CLOCK3_50    ; CLOCK3_50   ; 20.000       ; -0.043     ; 1.634      ;
; 18.330 ; vga:v1|Counter:vs_ct|Q[6]  ; vga:v1|Counter:vs_ct|Q[15] ; CLOCK3_50    ; CLOCK3_50   ; 20.000       ; -0.043     ; 1.634      ;
; 18.330 ; vga:v1|Counter:vs_ct|Q[6]  ; vga:v1|Counter:vs_ct|Q[18] ; CLOCK3_50    ; CLOCK3_50   ; 20.000       ; -0.043     ; 1.634      ;
; 18.331 ; vga:v1|Counter:vs_ct|Q[6]  ; vga:v1|Counter:vs_ct|Q[19] ; CLOCK3_50    ; CLOCK3_50   ; 20.000       ; -0.043     ; 1.633      ;
; 18.354 ; vga:v1|Counter:vs_ct|Q[19] ; vga:v1|Counter:vs_ct|Q[13] ; CLOCK3_50    ; CLOCK3_50   ; 20.000       ; -0.042     ; 1.611      ;
; 18.354 ; vga:v1|Counter:vs_ct|Q[11] ; vga:v1|Counter:vs_ct|Q[12] ; CLOCK3_50    ; CLOCK3_50   ; 20.000       ; -0.042     ; 1.611      ;
; 18.355 ; vga:v1|Counter:vs_ct|Q[19] ; vga:v1|Counter:vs_ct|Q[11] ; CLOCK3_50    ; CLOCK3_50   ; 20.000       ; -0.042     ; 1.610      ;
; 18.355 ; vga:v1|Counter:vs_ct|Q[19] ; vga:v1|Counter:vs_ct|Q[15] ; CLOCK3_50    ; CLOCK3_50   ; 20.000       ; -0.042     ; 1.610      ;
; 18.355 ; vga:v1|Counter:vs_ct|Q[19] ; vga:v1|Counter:vs_ct|Q[18] ; CLOCK3_50    ; CLOCK3_50   ; 20.000       ; -0.042     ; 1.610      ;
; 18.356 ; vga:v1|Counter:vs_ct|Q[19] ; vga:v1|Counter:vs_ct|Q[19] ; CLOCK3_50    ; CLOCK3_50   ; 20.000       ; -0.042     ; 1.609      ;
; 18.370 ; vga:v1|Counter:vs_ct|Q[13] ; vga:v1|Counter:vs_ct|Q[6]  ; CLOCK3_50    ; CLOCK3_50   ; 20.000       ; -0.041     ; 1.596      ;
; 18.371 ; vga:v1|Counter:vs_ct|Q[15] ; vga:v1|Counter:vs_ct|Q[12] ; CLOCK3_50    ; CLOCK3_50   ; 20.000       ; -0.042     ; 1.594      ;
; 18.377 ; vga:v1|Counter:hs_ct|Q[0]  ; vga:v1|Counter:vs_ct|Q[6]  ; CLOCK3_50    ; CLOCK3_50   ; 20.000       ; -0.039     ; 1.591      ;
; 18.394 ; vga:v1|Counter:vs_ct|Q[14] ; vga:v1|Counter:vs_ct|Q[13] ; CLOCK3_50    ; CLOCK3_50   ; 20.000       ; -0.042     ; 1.571      ;
; 18.395 ; vga:v1|Counter:vs_ct|Q[14] ; vga:v1|Counter:vs_ct|Q[11] ; CLOCK3_50    ; CLOCK3_50   ; 20.000       ; -0.042     ; 1.570      ;
; 18.395 ; vga:v1|Counter:vs_ct|Q[14] ; vga:v1|Counter:vs_ct|Q[15] ; CLOCK3_50    ; CLOCK3_50   ; 20.000       ; -0.042     ; 1.570      ;
; 18.395 ; vga:v1|Counter:vs_ct|Q[14] ; vga:v1|Counter:vs_ct|Q[18] ; CLOCK3_50    ; CLOCK3_50   ; 20.000       ; -0.042     ; 1.570      ;
; 18.396 ; vga:v1|Counter:vs_ct|Q[14] ; vga:v1|Counter:vs_ct|Q[19] ; CLOCK3_50    ; CLOCK3_50   ; 20.000       ; -0.042     ; 1.569      ;
; 18.397 ; vga:v1|Counter:vs_ct|Q[3]  ; vga:v1|Counter:vs_ct|Q[13] ; CLOCK3_50    ; CLOCK3_50   ; 20.000       ; -0.043     ; 1.567      ;
; 18.398 ; vga:v1|Counter:vs_ct|Q[3]  ; vga:v1|Counter:vs_ct|Q[11] ; CLOCK3_50    ; CLOCK3_50   ; 20.000       ; -0.043     ; 1.566      ;
; 18.398 ; vga:v1|Counter:vs_ct|Q[3]  ; vga:v1|Counter:vs_ct|Q[15] ; CLOCK3_50    ; CLOCK3_50   ; 20.000       ; -0.043     ; 1.566      ;
; 18.398 ; vga:v1|Counter:vs_ct|Q[3]  ; vga:v1|Counter:vs_ct|Q[18] ; CLOCK3_50    ; CLOCK3_50   ; 20.000       ; -0.043     ; 1.566      ;
; 18.399 ; vga:v1|Counter:vs_ct|Q[4]  ; vga:v1|Counter:vs_ct|Q[6]  ; CLOCK3_50    ; CLOCK3_50   ; 20.000       ; -0.042     ; 1.566      ;
; 18.399 ; vga:v1|Counter:vs_ct|Q[3]  ; vga:v1|Counter:vs_ct|Q[19] ; CLOCK3_50    ; CLOCK3_50   ; 20.000       ; -0.043     ; 1.565      ;
; 18.407 ; vga:v1|Counter:vs_ct|Q[2]  ; vga:v1|Counter:vs_ct|Q[12] ; CLOCK3_50    ; CLOCK3_50   ; 20.000       ; -0.043     ; 1.557      ;
+--------+----------------------------+----------------------------+--------------+-------------+--------------+------------+------------+


+-----------------------------------------------------------------------------------------------------------------------------------------------------------------------------------------------------------------------------------------------------------------------------------------------------+
; Fast 1200mV 0C Model Hold: 'CLOCK2_50'                                                                                                                                                                                                                                                              ;
+-------+-----------------------------------------------------------------------------------------------------------+-----------------------------------------------------------------------------------------------------------+--------------+-------------+--------------+------------+------------+
; Slack ; From Node                                                                                                 ; To Node                                                                                                   ; Launch Clock ; Latch Clock ; Relationship ; Clock Skew ; Data Delay ;
+-------+-----------------------------------------------------------------------------------------------------------+-----------------------------------------------------------------------------------------------------------+--------------+-------------+--------------+------------+------------+
; 0.181 ; gameboy:dut|MMU:mmu|IO_handler:io_registers|NR52_R[7]                                                     ; gameboy:dut|MMU:mmu|IO_handler:io_registers|NR52_R[7]                                                     ; CLOCK2_50    ; CLOCK2_50   ; 0.000        ; 0.042      ; 0.307      ;
; 0.181 ; gameboy:dut|cpu:cpu|decoder:decoder|flopenr:imereg|q[0]                                                   ; gameboy:dut|cpu:cpu|decoder:decoder|flopenr:imereg|q[0]                                                   ; CLOCK2_50    ; CLOCK2_50   ; 0.000        ; 0.042      ; 0.307      ;
; 0.181 ; gameboy:dut|PPU_Wrapper:ppu|Pixel_Gen:Pixel_Gen_inst|Render_BG:render_bg_inst|pixel_index[2]              ; gameboy:dut|PPU_Wrapper:ppu|Pixel_Gen:Pixel_Gen_inst|Render_BG:render_bg_inst|pixel_index[2]              ; CLOCK2_50    ; CLOCK2_50   ; 0.000        ; 0.042      ; 0.307      ;
; 0.181 ; gameboy:dut|PPU_Wrapper:ppu|Pixel_Gen:Pixel_Gen_inst|Render_BG:render_bg_inst|pixel_index[1]              ; gameboy:dut|PPU_Wrapper:ppu|Pixel_Gen:Pixel_Gen_inst|Render_BG:render_bg_inst|pixel_index[1]              ; CLOCK2_50    ; CLOCK2_50   ; 0.000        ; 0.042      ; 0.307      ;
; 0.181 ; gameboy:dut|PPU_Wrapper:ppu|Pixel_Gen:Pixel_Gen_inst|Render_BG:render_bg_inst|pixel_index[0]              ; gameboy:dut|PPU_Wrapper:ppu|Pixel_Gen:Pixel_Gen_inst|Render_BG:render_bg_inst|pixel_index[0]              ; CLOCK2_50    ; CLOCK2_50   ; 0.000        ; 0.042      ; 0.307      ;
; 0.182 ; gameboy:dut|PPU_Wrapper:ppu|Pixel_Gen:Pixel_Gen_inst|Render_BG:render_bg_inst|state.BG_IDLE               ; gameboy:dut|PPU_Wrapper:ppu|Pixel_Gen:Pixel_Gen_inst|Render_BG:render_bg_inst|state.BG_IDLE               ; CLOCK2_50    ; CLOCK2_50   ; 0.000        ; 0.041      ; 0.307      ;
; 0.182 ; gameboy:dut|PPU_Wrapper:ppu|OAM_Search:oam_search|state.OAM_IDLE                                          ; gameboy:dut|PPU_Wrapper:ppu|OAM_Search:oam_search|state.OAM_IDLE                                          ; CLOCK2_50    ; CLOCK2_50   ; 0.000        ; 0.041      ; 0.307      ;
; 0.182 ; gameboy:dut|PPU_Wrapper:ppu|OAM_Search:oam_search|sort_j[3]                                               ; gameboy:dut|PPU_Wrapper:ppu|OAM_Search:oam_search|sort_j[3]                                               ; CLOCK2_50    ; CLOCK2_50   ; 0.000        ; 0.041      ; 0.307      ;
; 0.182 ; gameboy:dut|PPU_Wrapper:ppu|OAM_Search:oam_search|sort_i[2]                                               ; gameboy:dut|PPU_Wrapper:ppu|OAM_Search:oam_search|sort_i[2]                                               ; CLOCK2_50    ; CLOCK2_50   ; 0.000        ; 0.041      ; 0.307      ;
; 0.182 ; gameboy:dut|PPU_Wrapper:ppu|OAM_Search:oam_search|sort_i[1]                                               ; gameboy:dut|PPU_Wrapper:ppu|OAM_Search:oam_search|sort_i[1]                                               ; CLOCK2_50    ; CLOCK2_50   ; 0.000        ; 0.041      ; 0.307      ;
; 0.182 ; gameboy:dut|PPU_Wrapper:ppu|OAM_Search:oam_search|sort_i[3]                                               ; gameboy:dut|PPU_Wrapper:ppu|OAM_Search:oam_search|sort_i[3]                                               ; CLOCK2_50    ; CLOCK2_50   ; 0.000        ; 0.041      ; 0.307      ;
; 0.182 ; gameboy:dut|PPU_Wrapper:ppu|OAM_Search:oam_search|state.OAM_FETCH                                         ; gameboy:dut|PPU_Wrapper:ppu|OAM_Search:oam_search|state.OAM_FETCH                                         ; CLOCK2_50    ; CLOCK2_50   ; 0.000        ; 0.041      ; 0.307      ;
; 0.182 ; gameboy:dut|PPU_Wrapper:ppu|OAM_Search:oam_search|sort_phase                                              ; gameboy:dut|PPU_Wrapper:ppu|OAM_Search:oam_search|sort_phase                                              ; CLOCK2_50    ; CLOCK2_50   ; 0.000        ; 0.041      ; 0.307      ;
; 0.182 ; gameboy:dut|PPU_Wrapper:ppu|OAM_Search:oam_search|selected_count[0]                                       ; gameboy:dut|PPU_Wrapper:ppu|OAM_Search:oam_search|selected_count[0]                                       ; CLOCK2_50    ; CLOCK2_50   ; 0.000        ; 0.041      ; 0.307      ;
; 0.182 ; gameboy:dut|PPU_Wrapper:ppu|OAM_Search:oam_search|selected_count[1]                                       ; gameboy:dut|PPU_Wrapper:ppu|OAM_Search:oam_search|selected_count[1]                                       ; CLOCK2_50    ; CLOCK2_50   ; 0.000        ; 0.041      ; 0.307      ;
; 0.182 ; gameboy:dut|PPU_Wrapper:ppu|OAM_Search:oam_search|selected_count[2]                                       ; gameboy:dut|PPU_Wrapper:ppu|OAM_Search:oam_search|selected_count[2]                                       ; CLOCK2_50    ; CLOCK2_50   ; 0.000        ; 0.041      ; 0.307      ;
; 0.182 ; gameboy:dut|PPU_Wrapper:ppu|OAM_Search:oam_search|selected_count[3]                                       ; gameboy:dut|PPU_Wrapper:ppu|OAM_Search:oam_search|selected_count[3]                                       ; CLOCK2_50    ; CLOCK2_50   ; 0.000        ; 0.041      ; 0.307      ;
; 0.182 ; gameboy:dut|PPU_Wrapper:ppu|Pixel_Gen:Pixel_Gen_inst|Render_Sprites:render_sprites_inst|x_coord[8]        ; gameboy:dut|PPU_Wrapper:ppu|Pixel_Gen:Pixel_Gen_inst|Render_Sprites:render_sprites_inst|x_coord[8]        ; CLOCK2_50    ; CLOCK2_50   ; 0.000        ; 0.041      ; 0.307      ;
; 0.182 ; gameboy:dut|PPU_Wrapper:ppu|Pixel_Gen:Pixel_Gen_inst|Render_Sprites:render_sprites_inst|pixel_index[2]    ; gameboy:dut|PPU_Wrapper:ppu|Pixel_Gen:Pixel_Gen_inst|Render_Sprites:render_sprites_inst|pixel_index[2]    ; CLOCK2_50    ; CLOCK2_50   ; 0.000        ; 0.041      ; 0.307      ;
; 0.182 ; gameboy:dut|PPU_Wrapper:ppu|Pixel_Gen:Pixel_Gen_inst|Render_Sprites:render_sprites_inst|pixel_index[1]    ; gameboy:dut|PPU_Wrapper:ppu|Pixel_Gen:Pixel_Gen_inst|Render_Sprites:render_sprites_inst|pixel_index[1]    ; CLOCK2_50    ; CLOCK2_50   ; 0.000        ; 0.041      ; 0.307      ;
; 0.182 ; gameboy:dut|PPU_Wrapper:ppu|Pixel_Gen:Pixel_Gen_inst|Render_Sprites:render_sprites_inst|state.SCAN_CHECK  ; gameboy:dut|PPU_Wrapper:ppu|Pixel_Gen:Pixel_Gen_inst|Render_Sprites:render_sprites_inst|state.SCAN_CHECK  ; CLOCK2_50    ; CLOCK2_50   ; 0.000        ; 0.041      ; 0.307      ;
; 0.182 ; gameboy:dut|PPU_Wrapper:ppu|Pixel_Gen:Pixel_Gen_inst|Render_Sprites:render_sprites_inst|x_coord[9]        ; gameboy:dut|PPU_Wrapper:ppu|Pixel_Gen:Pixel_Gen_inst|Render_Sprites:render_sprites_inst|x_coord[9]        ; CLOCK2_50    ; CLOCK2_50   ; 0.000        ; 0.041      ; 0.307      ;
; 0.182 ; gameboy:dut|PPU_Wrapper:ppu|Pixel_Gen:Pixel_Gen_inst|Render_Sprites:render_sprites_inst|state.IDLE        ; gameboy:dut|PPU_Wrapper:ppu|Pixel_Gen:Pixel_Gen_inst|Render_Sprites:render_sprites_inst|state.IDLE        ; CLOCK2_50    ; CLOCK2_50   ; 0.000        ; 0.041      ; 0.307      ;
; 0.182 ; gameboy:dut|PPU_Wrapper:ppu|Pixel_Gen:Pixel_Gen_inst|Render_BG:render_bg_inst|bg_done                     ; gameboy:dut|PPU_Wrapper:ppu|Pixel_Gen:Pixel_Gen_inst|Render_BG:render_bg_inst|bg_done                     ; CLOCK2_50    ; CLOCK2_50   ; 0.000        ; 0.041      ; 0.307      ;
; 0.182 ; gameboy:dut|PPU_Wrapper:ppu|OAM_Search:oam_search|state.OAM_SORT                                          ; gameboy:dut|PPU_Wrapper:ppu|OAM_Search:oam_search|state.OAM_SORT                                          ; CLOCK2_50    ; CLOCK2_50   ; 0.000        ; 0.041      ; 0.307      ;
; 0.182 ; gameboy:dut|PPU_Wrapper:ppu|Pixel_Gen:Pixel_Gen_inst|Render_Sprites:render_sprites_inst|state.DUMP_PIXELS ; gameboy:dut|PPU_Wrapper:ppu|Pixel_Gen:Pixel_Gen_inst|Render_Sprites:render_sprites_inst|state.DUMP_PIXELS ; CLOCK2_50    ; CLOCK2_50   ; 0.000        ; 0.041      ; 0.307      ;
; 0.182 ; gameboy:dut|PPU_Wrapper:ppu|Pixel_Gen:Pixel_Gen_inst|Render_Sprites:render_sprites_inst|sprite_done       ; gameboy:dut|PPU_Wrapper:ppu|Pixel_Gen:Pixel_Gen_inst|Render_Sprites:render_sprites_inst|sprite_done       ; CLOCK2_50    ; CLOCK2_50   ; 0.000        ; 0.041      ; 0.307      ;
; 0.182 ; gameboy:dut|MMU:mmu|IO_handler:io_registers|IF_R[0]                                                       ; gameboy:dut|MMU:mmu|IO_handler:io_registers|IF_R[0]                                                       ; CLOCK2_50    ; CLOCK2_50   ; 0.000        ; 0.041      ; 0.307      ;
; 0.182 ; gameboy:dut|MMU:mmu|IO_handler:io_registers|start_dma                                                     ; gameboy:dut|MMU:mmu|IO_handler:io_registers|start_dma                                                     ; CLOCK2_50    ; CLOCK2_50   ; 0.000        ; 0.041      ; 0.307      ;
; 0.182 ; gameboy:dut|MMU:mmu|BRAM_handler:memory_units|DMA_controller:dma_guy|state.FINISHED                       ; gameboy:dut|MMU:mmu|BRAM_handler:memory_units|DMA_controller:dma_guy|state.FINISHED                       ; CLOCK2_50    ; CLOCK2_50   ; 0.000        ; 0.041      ; 0.307      ;
; 0.183 ; gameboy:dut|cpu:cpu|decoder:decoder|flopr:mpcflop|q[7]                                                    ; gameboy:dut|cpu:cpu|decoder:decoder|flopr:mpcflop|q[7]                                                    ; CLOCK2_50    ; CLOCK2_50   ; 0.000        ; 0.040      ; 0.307      ;
; 0.188 ; gameboy:dut|MMU:mmu|IO_handler:io_registers|TMA_R[0]                                                      ; gameboy:dut|MMU:mmu|IO_handler:io_registers|TIMA_R[0]                                                     ; CLOCK2_50    ; CLOCK2_50   ; 0.000        ; 0.042      ; 0.314      ;
; 0.188 ; gameboy:dut|MMU:mmu|IO_handler:io_registers|TMA_R[6]                                                      ; gameboy:dut|MMU:mmu|IO_handler:io_registers|TIMA_R[6]                                                     ; CLOCK2_50    ; CLOCK2_50   ; 0.000        ; 0.042      ; 0.314      ;
; 0.189 ; gameboy:dut|PPU_Wrapper:ppu|OAM_Search:oam_search|sort_j[2]                                               ; gameboy:dut|PPU_Wrapper:ppu|OAM_Search:oam_search|sort_j[2]                                               ; CLOCK2_50    ; CLOCK2_50   ; 0.000        ; 0.041      ; 0.314      ;
; 0.189 ; gameboy:dut|PPU_Wrapper:ppu|OAM_Search:oam_search|sort_i[0]                                               ; gameboy:dut|PPU_Wrapper:ppu|OAM_Search:oam_search|sort_i[0]                                               ; CLOCK2_50    ; CLOCK2_50   ; 0.000        ; 0.041      ; 0.314      ;
; 0.189 ; gameboy:dut|PPU_Wrapper:ppu|Pixel_Gen:Pixel_Gen_inst|Render_Sprites:render_sprites_inst|pixel_index[0]    ; gameboy:dut|PPU_Wrapper:ppu|Pixel_Gen:Pixel_Gen_inst|Render_Sprites:render_sprites_inst|pixel_index[0]    ; CLOCK2_50    ; CLOCK2_50   ; 0.000        ; 0.041      ; 0.314      ;
; 0.189 ; gameboy:dut|MMU:mmu|IO_handler:io_registers|TMA_R[7]                                                      ; gameboy:dut|MMU:mmu|IO_handler:io_registers|TIMA_R[7]                                                     ; CLOCK2_50    ; CLOCK2_50   ; 0.000        ; 0.042      ; 0.315      ;
; 0.189 ; gameboy:dut|MMU:mmu|IO_handler:io_registers|TMA_R[2]                                                      ; gameboy:dut|MMU:mmu|IO_handler:io_registers|TIMA_R[2]                                                     ; CLOCK2_50    ; CLOCK2_50   ; 0.000        ; 0.042      ; 0.315      ;
; 0.189 ; gameboy:dut|MMU:mmu|IO_handler:io_registers|TMA_R[5]                                                      ; gameboy:dut|MMU:mmu|IO_handler:io_registers|TIMA_R[5]                                                     ; CLOCK2_50    ; CLOCK2_50   ; 0.000        ; 0.042      ; 0.315      ;
; 0.190 ; gameboy:dut|MMU:mmu|IO_handler:io_registers|divider_ticks[10]                                             ; gameboy:dut|MMU:mmu|IO_handler:io_registers|divider_ticks[10]                                             ; CLOCK2_50    ; CLOCK2_50   ; 0.000        ; 0.042      ; 0.316      ;
; 0.190 ; gameboy:dut|MMU:mmu|BRAM_handler:memory_units|DMA_controller:dma_guy|Counter:cycle_cnter|Q[11]            ; gameboy:dut|MMU:mmu|BRAM_handler:memory_units|DMA_controller:dma_guy|Counter:cycle_cnter|Q[11]            ; CLOCK2_50    ; CLOCK2_50   ; 0.000        ; 0.042      ; 0.316      ;
; 0.193 ; gameboy:dut|PPU_Wrapper:ppu|Pixel_Gen:Pixel_Gen_inst|Render_Sprites:render_sprites_inst|state.FETCH_TILE  ; gameboy:dut|PPU_Wrapper:ppu|Pixel_Gen:Pixel_Gen_inst|Render_Sprites:render_sprites_inst|state.DUMP_PIXELS ; CLOCK2_50    ; CLOCK2_50   ; 0.000        ; 0.041      ; 0.318      ;
; 0.197 ; gameboy:dut|PPU_Wrapper:ppu|Pixel_Gen:Pixel_Gen_inst|FIFO:sprite_fifo_inst|count[6]                       ; gameboy:dut|PPU_Wrapper:ppu|Pixel_Gen:Pixel_Gen_inst|FIFO:sprite_fifo_inst|count[6]                       ; CLOCK2_50    ; CLOCK2_50   ; 0.000        ; 0.041      ; 0.322      ;
; 0.200 ; gameboy:dut|MMU:mmu|IO_handler:io_registers|DIV_R[7]                                                      ; gameboy:dut|MMU:mmu|IO_handler:io_registers|DIV_R[7]                                                      ; CLOCK2_50    ; CLOCK2_50   ; 0.000        ; 0.041      ; 0.325      ;
; 0.203 ; gameboy:dut|PPU_Wrapper:ppu|Pixel_Gen:Pixel_Gen_inst|Render_Sprites:render_sprites_inst|x_coord[9]        ; gameboy:dut|PPU_Wrapper:ppu|Pixel_Gen:Pixel_Gen_inst|Render_Sprites:render_sprites_inst|state.DONE        ; CLOCK2_50    ; CLOCK2_50   ; 0.000        ; 0.041      ; 0.328      ;
; 0.206 ; gameboy:dut|PPU_Wrapper:ppu|Pixel_Gen:Pixel_Gen_inst|Render_Sprites:render_sprites_inst|pixel_index[0]    ; gameboy:dut|PPU_Wrapper:ppu|Pixel_Gen:Pixel_Gen_inst|Render_Sprites:render_sprites_inst|pixel_index[1]    ; CLOCK2_50    ; CLOCK2_50   ; 0.000        ; 0.041      ; 0.331      ;
; 0.207 ; gameboy:dut|PPU_Wrapper:ppu|PPU_Mode_controller:mode_ctrl|dot[8]                                          ; gameboy:dut|PPU_Wrapper:ppu|PPU_Mode_controller:mode_ctrl|dot[8]                                          ; CLOCK2_50    ; CLOCK2_50   ; 0.000        ; 0.042      ; 0.333      ;
; 0.207 ; gameboy:dut|PPU_Wrapper:ppu|OAM_Search:oam_search|oam_index[5]                                            ; gameboy:dut|PPU_Wrapper:ppu|OAM_Search:oam_search|oam_index[5]                                            ; CLOCK2_50    ; CLOCK2_50   ; 0.000        ; 0.041      ; 0.332      ;
; 0.207 ; gameboy:dut|PPU_Wrapper:ppu|Pixel_Gen:Pixel_Gen_inst|Render_BG:render_bg_inst|pixel_index[0]              ; gameboy:dut|PPU_Wrapper:ppu|Pixel_Gen:Pixel_Gen_inst|Render_BG:render_bg_inst|pixel_index[1]              ; CLOCK2_50    ; CLOCK2_50   ; 0.000        ; 0.042      ; 0.333      ;
; 0.213 ; gameboy:dut|PPU_Wrapper:ppu|Pixel_Gen:Pixel_Gen_inst|Render_Sprites:render_sprites_inst|state.SCAN_CHECK  ; gameboy:dut|PPU_Wrapper:ppu|Pixel_Gen:Pixel_Gen_inst|Render_Sprites:render_sprites_inst|sprite_push       ; CLOCK2_50    ; CLOCK2_50   ; 0.000        ; 0.041      ; 0.338      ;
; 0.213 ; gameboy:dut|PPU_Wrapper:ppu|Pixel_Gen:Pixel_Gen_inst|Render_Sprites:render_sprites_inst|state.SCAN_CHECK  ; gameboy:dut|PPU_Wrapper:ppu|Pixel_Gen:Pixel_Gen_inst|Render_Sprites:render_sprites_inst|state.FETCH_TILE  ; CLOCK2_50    ; CLOCK2_50   ; 0.000        ; 0.041      ; 0.338      ;
; 0.247 ; gameboy:dut|MMU:mmu|IO_handler:io_registers|TMA_R[3]                                                      ; gameboy:dut|MMU:mmu|IO_handler:io_registers|TIMA_R[3]                                                     ; CLOCK2_50    ; CLOCK2_50   ; 0.000        ; 0.042      ; 0.373      ;
; 0.252 ; gameboy:dut|PPU_Wrapper:ppu|Pixel_Gen:Pixel_Gen_inst|Render_BG:render_bg_inst|bg_done                     ; gameboy:dut|PPU_Wrapper:ppu|PPU_Mode_controller:mode_ctrl|mode[1]                                         ; CLOCK2_50    ; CLOCK2_50   ; 0.000        ; 0.041      ; 0.377      ;
; 0.253 ; gameboy:dut|PPU_Wrapper:ppu|Pixel_Gen:Pixel_Gen_inst|Render_BG:render_bg_inst|bg_done                     ; gameboy:dut|PPU_Wrapper:ppu|PPU_Mode_controller:mode_ctrl|mode[0]                                         ; CLOCK2_50    ; CLOCK2_50   ; 0.000        ; 0.041      ; 0.378      ;
; 0.259 ; gameboy:dut|PPU_Wrapper:ppu|Pixel_Gen:Pixel_Gen_inst|Render_BG:render_bg_inst|state.BG_FETCH_TILE_MAP     ; gameboy:dut|PPU_Wrapper:ppu|Pixel_Gen:Pixel_Gen_inst|Render_BG:render_bg_inst|state.BG_FETCH_TILE_DATA    ; CLOCK2_50    ; CLOCK2_50   ; 0.000        ; 0.042      ; 0.385      ;
; 0.260 ; gameboy:dut|PPU_Wrapper:ppu|Pixel_Gen:Pixel_Gen_inst|Render_BG:render_bg_inst|state.BG_FETCH_TILE         ; gameboy:dut|PPU_Wrapper:ppu|Pixel_Gen:Pixel_Gen_inst|Render_BG:render_bg_inst|state.BG_FETCH_TILE_MAP     ; CLOCK2_50    ; CLOCK2_50   ; 0.000        ; 0.042      ; 0.386      ;
; 0.268 ; gameboy:dut|PPU_Wrapper:ppu|Pixel_Gen:Pixel_Gen_inst|FIFO:bg_fifo_inst|count[4]                           ; gameboy:dut|PPU_Wrapper:ppu|Pixel_Mixer:pixel_mixer_inst|pixel_out_valid                                  ; CLOCK2_50    ; CLOCK2_50   ; 0.000        ; 0.043      ; 0.395      ;
; 0.280 ; gameboy:dut|PPU_Wrapper:ppu|OAM_Search:oam_search|selected_count[0]                                       ; gameboy:dut|PPU_Wrapper:ppu|OAM_Search:oam_search|selected_count[1]                                       ; CLOCK2_50    ; CLOCK2_50   ; 0.000        ; 0.041      ; 0.405      ;
; 0.283 ; gameboy:dut|PPU_Wrapper:ppu|PPU_Mode_controller:mode_ctrl|dot[8]                                          ; gameboy:dut|PPU_Wrapper:ppu|PPU_Mode_controller:mode_ctrl|fifo_clear                                      ; CLOCK2_50    ; CLOCK2_50   ; 0.000        ; 0.040      ; 0.407      ;
; 0.288 ; gameboy:dut|MMU:mmu|IO_handler:io_registers|TMA_R[4]                                                      ; gameboy:dut|MMU:mmu|IO_handler:io_registers|TIMA_R[4]                                                     ; CLOCK2_50    ; CLOCK2_50   ; 0.000        ; 0.042      ; 0.414      ;
; 0.291 ; gameboy:dut|MMU:mmu|IO_handler:io_registers|divider_ticks[9]                                              ; gameboy:dut|MMU:mmu|IO_handler:io_registers|divider_ticks[9]                                              ; CLOCK2_50    ; CLOCK2_50   ; 0.000        ; 0.042      ; 0.417      ;
; 0.291 ; gameboy:dut|MMU:mmu|IO_handler:io_registers|TMA_R[1]                                                      ; gameboy:dut|MMU:mmu|IO_handler:io_registers|TIMA_R[1]                                                     ; CLOCK2_50    ; CLOCK2_50   ; 0.000        ; 0.042      ; 0.417      ;
; 0.292 ; gameboy:dut|MMU:mmu|IO_handler:io_registers|divider_ticks[7]                                              ; gameboy:dut|MMU:mmu|IO_handler:io_registers|divider_ticks[7]                                              ; CLOCK2_50    ; CLOCK2_50   ; 0.000        ; 0.042      ; 0.418      ;
; 0.293 ; gameboy:dut|MMU:mmu|IO_handler:io_registers|divider_ticks[2]                                              ; gameboy:dut|MMU:mmu|IO_handler:io_registers|divider_ticks[2]                                              ; CLOCK2_50    ; CLOCK2_50   ; 0.000        ; 0.042      ; 0.419      ;
; 0.293 ; gameboy:dut|MMU:mmu|IO_handler:io_registers|divider_ticks[1]                                              ; gameboy:dut|MMU:mmu|IO_handler:io_registers|divider_ticks[1]                                              ; CLOCK2_50    ; CLOCK2_50   ; 0.000        ; 0.042      ; 0.419      ;
; 0.293 ; gameboy:dut|MMU:mmu|IO_handler:io_registers|divider_ticks[3]                                              ; gameboy:dut|MMU:mmu|IO_handler:io_registers|divider_ticks[3]                                              ; CLOCK2_50    ; CLOCK2_50   ; 0.000        ; 0.042      ; 0.419      ;
; 0.293 ; gameboy:dut|MMU:mmu|IO_handler:io_registers|DIV_R[1]                                                      ; gameboy:dut|MMU:mmu|IO_handler:io_registers|DIV_R[1]                                                      ; CLOCK2_50    ; CLOCK2_50   ; 0.000        ; 0.041      ; 0.418      ;
; 0.293 ; gameboy:dut|MMU:mmu|IO_handler:io_registers|tima_ticks[8]                                                 ; gameboy:dut|MMU:mmu|IO_handler:io_registers|tima_ticks[8]                                                 ; CLOCK2_50    ; CLOCK2_50   ; 0.000        ; 0.041      ; 0.418      ;
; 0.293 ; gameboy:dut|MMU:mmu|IO_handler:io_registers|tima_ticks[10]                                                ; gameboy:dut|MMU:mmu|IO_handler:io_registers|tima_ticks[10]                                                ; CLOCK2_50    ; CLOCK2_50   ; 0.000        ; 0.041      ; 0.418      ;
; 0.293 ; gameboy:dut|MMU:mmu|IO_handler:io_registers|tima_ticks[9]                                                 ; gameboy:dut|MMU:mmu|IO_handler:io_registers|tima_ticks[9]                                                 ; CLOCK2_50    ; CLOCK2_50   ; 0.000        ; 0.041      ; 0.418      ;
; 0.293 ; gameboy:dut|MMU:mmu|BRAM_handler:memory_units|DMA_controller:dma_guy|Counter:cycle_cnter|Q[9]             ; gameboy:dut|MMU:mmu|BRAM_handler:memory_units|DMA_controller:dma_guy|Counter:cycle_cnter|Q[9]             ; CLOCK2_50    ; CLOCK2_50   ; 0.000        ; 0.042      ; 0.419      ;
; 0.293 ; gameboy:dut|MMU:mmu|BRAM_handler:memory_units|DMA_controller:dma_guy|Counter:cycle_cnter|Q[5]             ; gameboy:dut|MMU:mmu|BRAM_handler:memory_units|DMA_controller:dma_guy|Counter:cycle_cnter|Q[5]             ; CLOCK2_50    ; CLOCK2_50   ; 0.000        ; 0.042      ; 0.419      ;
; 0.293 ; gameboy:dut|MMU:mmu|BRAM_handler:memory_units|DMA_controller:dma_guy|Counter:cycle_cnter|Q[8]             ; gameboy:dut|MMU:mmu|BRAM_handler:memory_units|DMA_controller:dma_guy|Counter:cycle_cnter|Q[8]             ; CLOCK2_50    ; CLOCK2_50   ; 0.000        ; 0.042      ; 0.419      ;
; 0.293 ; gameboy:dut|MMU:mmu|BRAM_handler:memory_units|DMA_controller:dma_guy|Counter:cycle_cnter|Q[10]            ; gameboy:dut|MMU:mmu|BRAM_handler:memory_units|DMA_controller:dma_guy|Counter:cycle_cnter|Q[10]            ; CLOCK2_50    ; CLOCK2_50   ; 0.000        ; 0.042      ; 0.419      ;
; 0.293 ; gameboy:dut|PPU_Wrapper:ppu|Pixel_Gen:Pixel_Gen_inst|Render_Sprites:render_sprites_inst|pixel_index[1]    ; gameboy:dut|PPU_Wrapper:ppu|Pixel_Gen:Pixel_Gen_inst|Render_Sprites:render_sprites_inst|pixel_index[2]    ; CLOCK2_50    ; CLOCK2_50   ; 0.000        ; 0.041      ; 0.418      ;
; 0.294 ; gameboy:dut|PPU_Wrapper:ppu|Pixel_Gen:Pixel_Gen_inst|FIFO:bg_fifo_inst|count[2]                           ; gameboy:dut|PPU_Wrapper:ppu|Pixel_Gen:Pixel_Gen_inst|FIFO:bg_fifo_inst|count[2]                           ; CLOCK2_50    ; CLOCK2_50   ; 0.000        ; 0.042      ; 0.420      ;
; 0.294 ; gameboy:dut|PPU_Wrapper:ppu|Pixel_Gen:Pixel_Gen_inst|FIFO:bg_fifo_inst|count[3]                           ; gameboy:dut|PPU_Wrapper:ppu|Pixel_Gen:Pixel_Gen_inst|FIFO:bg_fifo_inst|count[3]                           ; CLOCK2_50    ; CLOCK2_50   ; 0.000        ; 0.042      ; 0.420      ;
; 0.294 ; gameboy:dut|PPU_Wrapper:ppu|Pixel_Gen:Pixel_Gen_inst|FIFO:sprite_fifo_inst|count[2]                       ; gameboy:dut|PPU_Wrapper:ppu|Pixel_Gen:Pixel_Gen_inst|FIFO:sprite_fifo_inst|count[2]                       ; CLOCK2_50    ; CLOCK2_50   ; 0.000        ; 0.041      ; 0.419      ;
; 0.294 ; gameboy:dut|MMU:mmu|IO_handler:io_registers|divider_ticks[8]                                              ; gameboy:dut|MMU:mmu|IO_handler:io_registers|divider_ticks[8]                                              ; CLOCK2_50    ; CLOCK2_50   ; 0.000        ; 0.042      ; 0.420      ;
; 0.294 ; gameboy:dut|MMU:mmu|IO_handler:io_registers|divider_ticks[4]                                              ; gameboy:dut|MMU:mmu|IO_handler:io_registers|divider_ticks[4]                                              ; CLOCK2_50    ; CLOCK2_50   ; 0.000        ; 0.042      ; 0.420      ;
; 0.294 ; gameboy:dut|MMU:mmu|IO_handler:io_registers|DIV_R[3]                                                      ; gameboy:dut|MMU:mmu|IO_handler:io_registers|DIV_R[3]                                                      ; CLOCK2_50    ; CLOCK2_50   ; 0.000        ; 0.041      ; 0.419      ;
; 0.294 ; gameboy:dut|MMU:mmu|IO_handler:io_registers|tima_ticks[1]                                                 ; gameboy:dut|MMU:mmu|IO_handler:io_registers|tima_ticks[1]                                                 ; CLOCK2_50    ; CLOCK2_50   ; 0.000        ; 0.041      ; 0.419      ;
; 0.294 ; gameboy:dut|MMU:mmu|IO_handler:io_registers|tima_ticks[6]                                                 ; gameboy:dut|MMU:mmu|IO_handler:io_registers|tima_ticks[6]                                                 ; CLOCK2_50    ; CLOCK2_50   ; 0.000        ; 0.041      ; 0.419      ;
; 0.294 ; gameboy:dut|MMU:mmu|IO_handler:io_registers|tima_ticks[7]                                                 ; gameboy:dut|MMU:mmu|IO_handler:io_registers|tima_ticks[7]                                                 ; CLOCK2_50    ; CLOCK2_50   ; 0.000        ; 0.041      ; 0.419      ;
; 0.294 ; gameboy:dut|MMU:mmu|BRAM_handler:memory_units|DMA_controller:dma_guy|Counter:cycle_cnter|Q[1]             ; gameboy:dut|MMU:mmu|BRAM_handler:memory_units|DMA_controller:dma_guy|Counter:cycle_cnter|Q[1]             ; CLOCK2_50    ; CLOCK2_50   ; 0.000        ; 0.042      ; 0.420      ;
; 0.294 ; gameboy:dut|MMU:mmu|BRAM_handler:memory_units|DMA_controller:dma_guy|Counter:cycle_cnter|Q[2]             ; gameboy:dut|MMU:mmu|BRAM_handler:memory_units|DMA_controller:dma_guy|Counter:cycle_cnter|Q[2]             ; CLOCK2_50    ; CLOCK2_50   ; 0.000        ; 0.042      ; 0.420      ;
; 0.294 ; gameboy:dut|MMU:mmu|BRAM_handler:memory_units|DMA_controller:dma_guy|Counter:cycle_cnter|Q[4]             ; gameboy:dut|MMU:mmu|BRAM_handler:memory_units|DMA_controller:dma_guy|Counter:cycle_cnter|Q[4]             ; CLOCK2_50    ; CLOCK2_50   ; 0.000        ; 0.042      ; 0.420      ;
; 0.295 ; gameboy:dut|MMU:mmu|IO_handler:io_registers|divider_ticks[6]                                              ; gameboy:dut|MMU:mmu|IO_handler:io_registers|divider_ticks[6]                                              ; CLOCK2_50    ; CLOCK2_50   ; 0.000        ; 0.042      ; 0.421      ;
; 0.295 ; gameboy:dut|MMU:mmu|IO_handler:io_registers|DIV_R[2]                                                      ; gameboy:dut|MMU:mmu|IO_handler:io_registers|DIV_R[2]                                                      ; CLOCK2_50    ; CLOCK2_50   ; 0.000        ; 0.041      ; 0.420      ;
; 0.295 ; gameboy:dut|MMU:mmu|IO_handler:io_registers|tima_ticks[2]                                                 ; gameboy:dut|MMU:mmu|IO_handler:io_registers|tima_ticks[2]                                                 ; CLOCK2_50    ; CLOCK2_50   ; 0.000        ; 0.041      ; 0.420      ;
; 0.295 ; gameboy:dut|MMU:mmu|IO_handler:io_registers|tima_ticks[5]                                                 ; gameboy:dut|MMU:mmu|IO_handler:io_registers|tima_ticks[5]                                                 ; CLOCK2_50    ; CLOCK2_50   ; 0.000        ; 0.041      ; 0.420      ;
; 0.295 ; gameboy:dut|MMU:mmu|BRAM_handler:memory_units|DMA_controller:dma_guy|Counter:cycle_cnter|Q[6]             ; gameboy:dut|MMU:mmu|BRAM_handler:memory_units|DMA_controller:dma_guy|Counter:cycle_cnter|Q[6]             ; CLOCK2_50    ; CLOCK2_50   ; 0.000        ; 0.042      ; 0.421      ;
; 0.296 ; gameboy:dut|PPU_Wrapper:ppu|Pixel_Gen:Pixel_Gen_inst|FIFO:sprite_fifo_inst|count[3]                       ; gameboy:dut|PPU_Wrapper:ppu|Pixel_Gen:Pixel_Gen_inst|FIFO:sprite_fifo_inst|count[3]                       ; CLOCK2_50    ; CLOCK2_50   ; 0.000        ; 0.041      ; 0.421      ;
; 0.297 ; gameboy:dut|PPU_Wrapper:ppu|PPU_Mode_controller:mode_ctrl|dot[2]                                          ; gameboy:dut|PPU_Wrapper:ppu|PPU_Mode_controller:mode_ctrl|dot[2]                                          ; CLOCK2_50    ; CLOCK2_50   ; 0.000        ; 0.042      ; 0.423      ;
; 0.298 ; gameboy:dut|PPU_Wrapper:ppu|PPU_Mode_controller:mode_ctrl|dot[3]                                          ; gameboy:dut|PPU_Wrapper:ppu|PPU_Mode_controller:mode_ctrl|dot[3]                                          ; CLOCK2_50    ; CLOCK2_50   ; 0.000        ; 0.042      ; 0.424      ;
; 0.298 ; gameboy:dut|PPU_Wrapper:ppu|PPU_Mode_controller:mode_ctrl|dot[1]                                          ; gameboy:dut|PPU_Wrapper:ppu|PPU_Mode_controller:mode_ctrl|dot[1]                                          ; CLOCK2_50    ; CLOCK2_50   ; 0.000        ; 0.042      ; 0.424      ;
; 0.298 ; gameboy:dut|MMU:mmu|BRAM_handler:memory_units|DMA_controller:dma_guy|state.READING                        ; gameboy:dut|MMU:mmu|BRAM_handler:memory_units|DMA_controller:dma_guy|state.WRITING                        ; CLOCK2_50    ; CLOCK2_50   ; 0.000        ; 0.041      ; 0.423      ;
; 0.299 ; gameboy:dut|PPU_Wrapper:ppu|Pixel_Gen:Pixel_Gen_inst|FIFO:sprite_fifo_inst|count[4]                       ; gameboy:dut|PPU_Wrapper:ppu|Pixel_Gen:Pixel_Gen_inst|FIFO:sprite_fifo_inst|count[4]                       ; CLOCK2_50    ; CLOCK2_50   ; 0.000        ; 0.041      ; 0.424      ;
; 0.299 ; gameboy:dut|MMU:mmu|BRAM_handler:memory_units|DMA_controller:dma_guy|Counter:oam_addr_cnter|Q[15]         ; gameboy:dut|MMU:mmu|BRAM_handler:memory_units|DMA_controller:dma_guy|Counter:oam_addr_cnter|Q[15]         ; CLOCK2_50    ; CLOCK2_50   ; 0.000        ; 0.041      ; 0.424      ;
; 0.299 ; gameboy:dut|MMU:mmu|BRAM_handler:memory_units|DMA_controller:dma_guy|Counter:cycle_cnter|Q[3]             ; gameboy:dut|MMU:mmu|BRAM_handler:memory_units|DMA_controller:dma_guy|Counter:cycle_cnter|Q[3]             ; CLOCK2_50    ; CLOCK2_50   ; 0.000        ; 0.042      ; 0.425      ;
+-------+-----------------------------------------------------------------------------------------------------------+-----------------------------------------------------------------------------------------------------------+--------------+-------------+--------------+------------+------------+


+----------------------------------------------------------------------------------------------------------------------------------------------------------------------------------------------------------------------------------------------------------------------------------------------------------------------------------------------------------------------------------------------+
; Fast 1200mV 0C Model Hold: 'CLOCK_50'                                                                                                                                                                                                                                                                                                                                                        ;
+-------+---------------------------------------------------------------------------------------------------------------------------------------------+------------------------------------------------------------------------------------------------------------------------------------------------------------------+--------------+-------------+--------------+------------+------------+
; Slack ; From Node                                                                                                                                   ; To Node                                                                                                                                                          ; Launch Clock ; Latch Clock ; Relationship ; Clock Skew ; Data Delay ;
+-------+---------------------------------------------------------------------------------------------------------------------------------------------+------------------------------------------------------------------------------------------------------------------------------------------------------------------+--------------+-------------+--------------+------------+------------+
; 0.181 ; gameboy:dut|MMU:mmu|BRAM_handler:memory_units|MM_out_chooser:memory_out_muxer|dma_select[1]                                                 ; gameboy:dut|MMU:mmu|BRAM_handler:memory_units|MM_out_chooser:memory_out_muxer|dma_select[1]                                                                      ; CLOCK_50     ; CLOCK_50    ; 0.000        ; 0.042      ; 0.307      ;
; 0.188 ; gameboy:dut|MMU:mmu|BRAM_handler:memory_units|ROM_BANK:rom0|altsyncram:altsyncram_component|altsyncram_81a1:auto_generated|address_reg_a[0] ; gameboy:dut|MMU:mmu|BRAM_handler:memory_units|ROM_BANK:rom0|altsyncram:altsyncram_component|altsyncram_81a1:auto_generated|out_address_reg_a[0]                  ; CLOCK_50     ; CLOCK_50    ; 0.000        ; 0.042      ; 0.314      ;
; 0.189 ; gameboy:dut|MMU:mmu|BRAM_handler:memory_units|MM_out_chooser:memory_out_muxer|ppu_select[0]                                                 ; gameboy:dut|MMU:mmu|BRAM_handler:memory_units|MM_out_chooser:memory_out_muxer|ppu_memory_selector[0]                                                             ; CLOCK_50     ; CLOCK_50    ; 0.000        ; 0.042      ; 0.315      ;
; 0.265 ; gameboy:dut|MMU:mmu|BRAM_handler:memory_units|DMA_controller:dma_guy|Counter:dma_addr_cnter|Q[15]                                           ; gameboy:dut|MMU:mmu|BRAM_handler:memory_units|MM_out_chooser:memory_out_muxer|dma_select[0]                                                                      ; CLOCK2_50    ; CLOCK_50    ; 0.000        ; 0.134      ; 0.523      ;
; 0.275 ; gameboy:dut|MMU:mmu|BRAM_handler:memory_units|DMA_controller:dma_guy|Counter:dma_addr_cnter|Q[12]                                           ; gameboy:dut|MMU:mmu|BRAM_handler:memory_units|DUAL_VRAM_8KB:vram0|altsyncram:altsyncram_component|altsyncram_54g2:auto_generated|ram_block1a1~porta_address_reg0 ; CLOCK2_50    ; CLOCK_50    ; 0.000        ; 0.316      ; 0.735      ;
; 0.275 ; gameboy:dut|MMU:mmu|BRAM_handler:memory_units|DMA_controller:dma_guy|Counter:dma_addr_cnter|Q[15]                                           ; gameboy:dut|MMU:mmu|BRAM_handler:memory_units|MM_out_chooser:memory_out_muxer|dma_select[1]                                                                      ; CLOCK2_50    ; CLOCK_50    ; 0.000        ; 0.134      ; 0.533      ;
; 0.277 ; gameboy:dut|MMU:mmu|BRAM_handler:memory_units|DMA_controller:dma_guy|Counter:dma_addr_cnter|Q[10]                                           ; gameboy:dut|MMU:mmu|BRAM_handler:memory_units|DUAL_VRAM_8KB:vram0|altsyncram:altsyncram_component|altsyncram_54g2:auto_generated|ram_block1a1~porta_address_reg0 ; CLOCK2_50    ; CLOCK_50    ; 0.000        ; 0.316      ; 0.737      ;
; 0.299 ; gameboy:dut|MMU:mmu|BRAM_handler:memory_units|DMA_controller:dma_guy|Counter:dma_addr_cnter|Q[10]                                           ; gameboy:dut|MMU:mmu|BRAM_handler:memory_units|DUAL_8KB:exram0|altsyncram:altsyncram_component|altsyncram_54g2:auto_generated|ram_block1a1~portb_address_reg0     ; CLOCK2_50    ; CLOCK_50    ; 0.000        ; 0.318      ; 0.761      ;
; 0.312 ; gameboy:dut|MMU:mmu|BRAM_handler:memory_units|DMA_controller:dma_guy|Counter:dma_addr_cnter|Q[13]                                           ; gameboy:dut|MMU:mmu|BRAM_handler:memory_units|MM_out_chooser:memory_out_muxer|dma_select[2]                                                                      ; CLOCK2_50    ; CLOCK_50    ; 0.000        ; 0.134      ; 0.570      ;
; 0.313 ; gameboy:dut|MMU:mmu|BRAM_handler:memory_units|DMA_controller:dma_guy|Counter:dma_addr_cnter|Q[13]                                           ; gameboy:dut|MMU:mmu|BRAM_handler:memory_units|MM_out_chooser:memory_out_muxer|dma_select[0]                                                                      ; CLOCK2_50    ; CLOCK_50    ; 0.000        ; 0.134      ; 0.571      ;
; 0.320 ; gameboy:dut|MMU:mmu|BRAM_handler:memory_units|DMA_controller:dma_guy|Counter:dma_addr_cnter|Q[10]                                           ; gameboy:dut|MMU:mmu|BRAM_handler:memory_units|ROM_BANK:rom0|altsyncram:altsyncram_component|altsyncram_81a1:auto_generated|ram_block1a8~porta_address_reg0       ; CLOCK2_50    ; CLOCK_50    ; 0.000        ; 0.314      ; 0.778      ;
; 0.322 ; gameboy:dut|MMU:mmu|BRAM_handler:memory_units|DMA_controller:dma_guy|Counter:dma_addr_cnter|Q[9]                                            ; gameboy:dut|MMU:mmu|BRAM_handler:memory_units|DUAL_8KB:exram0|altsyncram:altsyncram_component|altsyncram_54g2:auto_generated|ram_block1a1~portb_address_reg0     ; CLOCK2_50    ; CLOCK_50    ; 0.000        ; 0.318      ; 0.784      ;
; 0.324 ; gameboy:dut|MMU:mmu|BRAM_handler:memory_units|DMA_controller:dma_guy|Counter:dma_addr_cnter|Q[10]                                           ; gameboy:dut|MMU:mmu|BRAM_handler:memory_units|ROM_BANK:rom0|altsyncram:altsyncram_component|altsyncram_81a1:auto_generated|ram_block1a10~porta_address_reg0      ; CLOCK2_50    ; CLOCK_50    ; 0.000        ; 0.311      ; 0.779      ;
; 0.324 ; gameboy:dut|MMU:mmu|BRAM_handler:memory_units|DMA_controller:dma_guy|Counter:dma_addr_cnter|Q[9]                                            ; gameboy:dut|MMU:mmu|BRAM_handler:memory_units|DUAL_8KB:wram0|altsyncram:altsyncram_component|altsyncram_54g2:auto_generated|ram_block1a1~portb_address_reg0      ; CLOCK2_50    ; CLOCK_50    ; 0.000        ; 0.317      ; 0.785      ;
; 0.331 ; gameboy:dut|MMU:mmu|BRAM_handler:memory_units|DMA_controller:dma_guy|Counter:dma_addr_cnter|Q[9]                                            ; gameboy:dut|MMU:mmu|BRAM_handler:memory_units|ROM_BANK:rom0|altsyncram:altsyncram_component|altsyncram_81a1:auto_generated|ram_block1a8~porta_address_reg0       ; CLOCK2_50    ; CLOCK_50    ; 0.000        ; 0.314      ; 0.789      ;
; 0.367 ; gameboy:dut|MMU:mmu|BRAM_handler:memory_units|DMA_controller:dma_guy|Counter:dma_addr_cnter|Q[2]                                            ; gameboy:dut|MMU:mmu|BRAM_handler:memory_units|DUAL_8KB:exram0|altsyncram:altsyncram_component|altsyncram_54g2:auto_generated|ram_block1a1~portb_address_reg0     ; CLOCK2_50    ; CLOCK_50    ; 0.000        ; 0.318      ; 0.829      ;
; 0.405 ; gameboy:dut|MMU:mmu|BRAM_handler:memory_units|DMA_controller:dma_guy|Counter:dma_addr_cnter|Q[6]                                            ; gameboy:dut|MMU:mmu|BRAM_handler:memory_units|DUAL_8KB:exram0|altsyncram:altsyncram_component|altsyncram_54g2:auto_generated|ram_block1a1~portb_address_reg0     ; CLOCK2_50    ; CLOCK_50    ; 0.000        ; 0.318      ; 0.867      ;
; 0.405 ; gameboy:dut|MMU:mmu|BRAM_handler:memory_units|DMA_controller:dma_guy|Counter:dma_addr_cnter|Q[14]                                           ; gameboy:dut|MMU:mmu|BRAM_handler:memory_units|MM_out_chooser:memory_out_muxer|dma_select[1]                                                                      ; CLOCK2_50    ; CLOCK_50    ; 0.000        ; 0.134      ; 0.663      ;
; 0.406 ; gameboy:dut|MMU:mmu|BRAM_handler:memory_units|DMA_controller:dma_guy|Counter:dma_addr_cnter|Q[15]                                           ; gameboy:dut|MMU:mmu|BRAM_handler:memory_units|MM_out_chooser:memory_out_muxer|dma_select[2]                                                                      ; CLOCK2_50    ; CLOCK_50    ; 0.000        ; 0.134      ; 0.664      ;
; 0.409 ; gameboy:dut|MMU:mmu|BRAM_handler:memory_units|DMA_controller:dma_guy|Counter:dma_addr_cnter|Q[1]                                            ; gameboy:dut|MMU:mmu|BRAM_handler:memory_units|DUAL_VRAM_8KB:vram0|altsyncram:altsyncram_component|altsyncram_54g2:auto_generated|ram_block1a1~porta_address_reg0 ; CLOCK2_50    ; CLOCK_50    ; 0.000        ; 0.316      ; 0.869      ;
; 0.416 ; gameboy:dut|MMU:mmu|BRAM_handler:memory_units|DMA_controller:dma_guy|Counter:dma_addr_cnter|Q[2]                                            ; gameboy:dut|MMU:mmu|BRAM_handler:memory_units|DUAL_VRAM_8KB:vram0|altsyncram:altsyncram_component|altsyncram_54g2:auto_generated|ram_block1a1~porta_address_reg0 ; CLOCK2_50    ; CLOCK_50    ; 0.000        ; 0.316      ; 0.876      ;
; 0.429 ; gameboy:dut|MMU:mmu|BRAM_handler:memory_units|MM_out_chooser:memory_out_muxer|dma_select[2]                                                 ; gameboy:dut|MMU:mmu|BRAM_handler:memory_units|MM_out_chooser:memory_out_muxer|dma_memory_selector[2]                                                             ; CLOCK_50     ; CLOCK_50    ; 0.000        ; 0.048      ; 0.561      ;
; 0.448 ; gameboy:dut|MMU:mmu|BRAM_handler:memory_units|DMA_controller:dma_guy|Counter:dma_addr_cnter|Q[3]                                            ; gameboy:dut|MMU:mmu|BRAM_handler:memory_units|DUAL_VRAM_8KB:vram0|altsyncram:altsyncram_component|altsyncram_54g2:auto_generated|ram_block1a0~porta_address_reg0 ; CLOCK2_50    ; CLOCK_50    ; 0.000        ; 0.307      ; 0.899      ;
; 0.456 ; gameboy:dut|MMU:mmu|BRAM_handler:memory_units|DMA_controller:dma_guy|Counter:dma_addr_cnter|Q[12]                                           ; gameboy:dut|MMU:mmu|BRAM_handler:memory_units|DUAL_VRAM_8KB:vram0|altsyncram:altsyncram_component|altsyncram_54g2:auto_generated|ram_block1a0~porta_address_reg0 ; CLOCK2_50    ; CLOCK_50    ; 0.000        ; 0.307      ; 0.907      ;
; 0.459 ; gameboy:dut|MMU:mmu|BRAM_handler:memory_units|DMA_controller:dma_guy|Counter:dma_addr_cnter|Q[10]                                           ; gameboy:dut|MMU:mmu|BRAM_handler:memory_units|DUAL_8KB:wram0|altsyncram:altsyncram_component|altsyncram_54g2:auto_generated|ram_block1a1~portb_address_reg0      ; CLOCK2_50    ; CLOCK_50    ; 0.000        ; 0.317      ; 0.920      ;
; 0.462 ; gameboy:dut|MMU:mmu|BRAM_handler:memory_units|DMA_controller:dma_guy|Counter:dma_addr_cnter|Q[10]                                           ; gameboy:dut|MMU:mmu|BRAM_handler:memory_units|DUAL_VRAM_8KB:vram0|altsyncram:altsyncram_component|altsyncram_54g2:auto_generated|ram_block1a0~porta_address_reg0 ; CLOCK2_50    ; CLOCK_50    ; 0.000        ; 0.307      ; 0.913      ;
; 0.463 ; gameboy:dut|MMU:mmu|BRAM_handler:memory_units|DMA_controller:dma_guy|Counter:dma_addr_cnter|Q[12]                                           ; gameboy:dut|MMU:mmu|BRAM_handler:memory_units|DUAL_VRAM_8KB:vram0|altsyncram:altsyncram_component|altsyncram_54g2:auto_generated|ram_block1a2~porta_address_reg0 ; CLOCK2_50    ; CLOCK_50    ; 0.000        ; 0.307      ; 0.914      ;
; 0.463 ; gameboy:dut|MMU:mmu|BRAM_handler:memory_units|hram_out_data[10]                                                                             ; gameboy:dut|MMU:mmu|BRAM_handler:memory_units|OAM_DUALBANK:oam|altsyncram:altsyncram_component|altsyncram_rbg2:auto_generated|ram_block1a0~porta_datain_reg0     ; CLOCK2_50    ; CLOCK_50    ; 0.000        ; 0.317      ; 0.924      ;
; 0.465 ; gameboy:dut|MMU:mmu|BRAM_handler:memory_units|DMA_controller:dma_guy|Counter:dma_addr_cnter|Q[12]                                           ; gameboy:dut|MMU:mmu|BRAM_handler:memory_units|DUAL_VRAM_8KB:vram0|altsyncram:altsyncram_component|altsyncram_54g2:auto_generated|ram_block1a4~porta_address_reg0 ; CLOCK2_50    ; CLOCK_50    ; 0.000        ; 0.306      ; 0.915      ;
; 0.470 ; gameboy:dut|MMU:mmu|BRAM_handler:memory_units|DMA_controller:dma_guy|Counter:dma_addr_cnter|Q[5]                                            ; gameboy:dut|MMU:mmu|BRAM_handler:memory_units|ROM_BANK:rom0|altsyncram:altsyncram_component|altsyncram_81a1:auto_generated|ram_block1a10~porta_address_reg0      ; CLOCK2_50    ; CLOCK_50    ; 0.000        ; 0.311      ; 0.925      ;
; 0.471 ; gameboy:dut|MMU:mmu|BRAM_handler:memory_units|DMA_controller:dma_guy|Counter:dma_addr_cnter|Q[5]                                            ; gameboy:dut|MMU:mmu|BRAM_handler:memory_units|ROM_BANK:rom0|altsyncram:altsyncram_component|altsyncram_81a1:auto_generated|ram_block1a8~porta_address_reg0       ; CLOCK2_50    ; CLOCK_50    ; 0.000        ; 0.314      ; 0.929      ;
; 0.478 ; gameboy:dut|MMU:mmu|BRAM_handler:memory_units|DMA_controller:dma_guy|Counter:dma_addr_cnter|Q[8]                                            ; gameboy:dut|MMU:mmu|BRAM_handler:memory_units|DUAL_VRAM_8KB:vram0|altsyncram:altsyncram_component|altsyncram_54g2:auto_generated|ram_block1a1~porta_address_reg0 ; CLOCK2_50    ; CLOCK_50    ; 0.000        ; 0.316      ; 0.938      ;
; 0.480 ; gameboy:dut|MMU:mmu|BRAM_handler:memory_units|DMA_controller:dma_guy|state.IDLE                                                             ; gameboy:dut|MMU:mmu|BRAM_handler:memory_units|OAM_DUALBANK:oam|altsyncram:altsyncram_component|altsyncram_rbg2:auto_generated|ram_block1a0~porta_address_reg0    ; CLOCK2_50    ; CLOCK_50    ; 0.000        ; 0.319      ; 0.943      ;
; 0.480 ; gameboy:dut|MMU:mmu|BRAM_handler:memory_units|DMA_controller:dma_guy|Counter:dma_addr_cnter|Q[10]                                           ; gameboy:dut|MMU:mmu|BRAM_handler:memory_units|DUAL_VRAM_8KB:vram0|altsyncram:altsyncram_component|altsyncram_54g2:auto_generated|ram_block1a2~porta_address_reg0 ; CLOCK2_50    ; CLOCK_50    ; 0.000        ; 0.307      ; 0.931      ;
; 0.481 ; gameboy:dut|MMU:mmu|BRAM_handler:memory_units|DMA_controller:dma_guy|Counter:dma_addr_cnter|Q[5]                                            ; gameboy:dut|MMU:mmu|BRAM_handler:memory_units|MM_out_chooser:memory_out_muxer|dma_select[0]                                                                      ; CLOCK2_50    ; CLOCK_50    ; 0.000        ; 0.134      ; 0.739      ;
; 0.482 ; gameboy:dut|MMU:mmu|BRAM_handler:memory_units|DMA_controller:dma_guy|Counter:dma_addr_cnter|Q[10]                                           ; gameboy:dut|MMU:mmu|BRAM_handler:memory_units|DUAL_VRAM_8KB:vram0|altsyncram:altsyncram_component|altsyncram_54g2:auto_generated|ram_block1a4~porta_address_reg0 ; CLOCK2_50    ; CLOCK_50    ; 0.000        ; 0.306      ; 0.932      ;
; 0.483 ; gameboy:dut|MMU:mmu|BRAM_handler:memory_units|DMA_controller:dma_guy|Counter:oam_addr_cnter|Q[3]                                            ; gameboy:dut|MMU:mmu|BRAM_handler:memory_units|OAM_DUALBANK:oam|altsyncram:altsyncram_component|altsyncram_rbg2:auto_generated|ram_block1a0~porta_address_reg0    ; CLOCK2_50    ; CLOCK_50    ; 0.000        ; 0.320      ; 0.947      ;
; 0.483 ; gameboy:dut|MMU:mmu|BRAM_handler:memory_units|DMA_controller:dma_guy|Counter:dma_addr_cnter|Q[8]                                            ; gameboy:dut|MMU:mmu|BRAM_handler:memory_units|DUAL_8KB:exram0|altsyncram:altsyncram_component|altsyncram_54g2:auto_generated|ram_block1a1~portb_address_reg0     ; CLOCK2_50    ; CLOCK_50    ; 0.000        ; 0.318      ; 0.945      ;
; 0.487 ; gameboy:dut|MMU:mmu|BRAM_handler:memory_units|DMA_controller:dma_guy|state.IDLE                                                             ; gameboy:dut|MMU:mmu|BRAM_handler:memory_units|DUAL_VRAM_8KB:vram0|altsyncram:altsyncram_component|altsyncram_54g2:auto_generated|ram_block1a0~porta_address_reg0 ; CLOCK2_50    ; CLOCK_50    ; 0.000        ; 0.310      ; 0.941      ;
; 0.490 ; gameboy:dut|MMU:mmu|BRAM_handler:memory_units|DMA_controller:dma_guy|Counter:dma_addr_cnter|Q[10]                                           ; gameboy:dut|MMU:mmu|BRAM_handler:memory_units|ROM_BANK:rom0|altsyncram:altsyncram_component|altsyncram_81a1:auto_generated|ram_block1a2~porta_address_reg0       ; CLOCK2_50    ; CLOCK_50    ; 0.000        ; 0.309      ; 0.943      ;
; 0.491 ; gameboy:dut|MMU:mmu|BRAM_handler:memory_units|DMA_controller:dma_guy|Counter:dma_addr_cnter|Q[10]                                           ; gameboy:dut|MMU:mmu|BRAM_handler:memory_units|ROM_BANK:rom0|altsyncram:altsyncram_component|altsyncram_81a1:auto_generated|ram_block1a20~porta_address_reg0      ; CLOCK2_50    ; CLOCK_50    ; 0.000        ; 0.307      ; 0.942      ;
; 0.493 ; gameboy:dut|MMU:mmu|BRAM_handler:memory_units|MM_out_chooser:memory_out_muxer|dma_select[0]                                                 ; gameboy:dut|MMU:mmu|BRAM_handler:memory_units|MM_out_chooser:memory_out_muxer|dma_memory_selector[0]                                                             ; CLOCK_50     ; CLOCK_50    ; 0.000        ; 0.042      ; 0.619      ;
; 0.494 ; gameboy:dut|MMU:mmu|BRAM_handler:memory_units|DMA_controller:dma_guy|Counter:dma_addr_cnter|Q[8]                                            ; gameboy:dut|MMU:mmu|BRAM_handler:memory_units|DUAL_8KB:wram0|altsyncram:altsyncram_component|altsyncram_54g2:auto_generated|ram_block1a1~portb_address_reg0      ; CLOCK2_50    ; CLOCK_50    ; 0.000        ; 0.317      ; 0.955      ;
; 0.496 ; gameboy:dut|MMU:mmu|BRAM_handler:memory_units|MM_out_chooser:memory_out_muxer|ppu_select[2]                                                 ; gameboy:dut|MMU:mmu|BRAM_handler:memory_units|MM_out_chooser:memory_out_muxer|ppu_memory_selector[2]                                                             ; CLOCK_50     ; CLOCK_50    ; 0.000        ; 0.042      ; 0.622      ;
; 0.497 ; gameboy:dut|MMU:mmu|BRAM_handler:memory_units|DMA_controller:dma_guy|Counter:dma_addr_cnter|Q[8]                                            ; gameboy:dut|MMU:mmu|BRAM_handler:memory_units|ROM_BANK:rom0|altsyncram:altsyncram_component|altsyncram_81a1:auto_generated|ram_block1a10~porta_address_reg0      ; CLOCK2_50    ; CLOCK_50    ; 0.000        ; 0.311      ; 0.952      ;
; 0.498 ; gameboy:dut|MMU:mmu|BRAM_handler:memory_units|MM_out_chooser:memory_out_muxer|dma_select[1]                                                 ; gameboy:dut|MMU:mmu|BRAM_handler:memory_units|MM_out_chooser:memory_out_muxer|dma_memory_selector[1]                                                             ; CLOCK_50     ; CLOCK_50    ; 0.000        ; 0.042      ; 0.624      ;
; 0.499 ; gameboy:dut|MMU:mmu|BRAM_handler:memory_units|DMA_controller:dma_guy|Counter:dma_addr_cnter|Q[10]                                           ; gameboy:dut|MMU:mmu|BRAM_handler:memory_units|ROM_BANK:rom0|altsyncram:altsyncram_component|altsyncram_81a1:auto_generated|ram_block1a15~porta_address_reg0      ; CLOCK2_50    ; CLOCK_50    ; 0.000        ; 0.305      ; 0.948      ;
; 0.506 ; gameboy:dut|MMU:mmu|BRAM_handler:memory_units|DMA_controller:dma_guy|Counter:dma_addr_cnter|Q[8]                                            ; gameboy:dut|MMU:mmu|BRAM_handler:memory_units|ROM_BANK:rom0|altsyncram:altsyncram_component|altsyncram_81a1:auto_generated|ram_block1a8~porta_address_reg0       ; CLOCK2_50    ; CLOCK_50    ; 0.000        ; 0.314      ; 0.964      ;
; 0.510 ; gameboy:dut|MMU:mmu|BRAM_handler:memory_units|DMA_controller:dma_guy|state.IDLE                                                             ; gameboy:dut|MMU:mmu|BRAM_handler:memory_units|DUAL_8KB:exram0|altsyncram:altsyncram_component|altsyncram_54g2:auto_generated|ram_block1a1~portb_address_reg0     ; CLOCK2_50    ; CLOCK_50    ; 0.000        ; 0.321      ; 0.975      ;
; 0.510 ; gameboy:dut|MMU:mmu|BRAM_handler:memory_units|hram_out_data[0]                                                                              ; gameboy:dut|MMU:mmu|BRAM_handler:memory_units|OAM_DUALBANK:oam|altsyncram:altsyncram_component|altsyncram_rbg2:auto_generated|ram_block1a0~porta_datain_reg0     ; CLOCK2_50    ; CLOCK_50    ; 0.000        ; 0.316      ; 0.970      ;
; 0.513 ; gameboy:dut|MMU:mmu|BRAM_handler:memory_units|DMA_controller:dma_guy|Counter:dma_addr_cnter|Q[8]                                            ; gameboy:dut|MMU:mmu|BRAM_handler:memory_units|MM_out_chooser:memory_out_muxer|dma_select[0]                                                                      ; CLOCK2_50    ; CLOCK_50    ; 0.000        ; 0.134      ; 0.771      ;
; 0.514 ; gameboy:dut|MMU:mmu|BRAM_handler:memory_units|DMA_controller:dma_guy|Counter:dma_addr_cnter|Q[14]                                           ; gameboy:dut|MMU:mmu|BRAM_handler:memory_units|MM_out_chooser:memory_out_muxer|dma_select[2]                                                                      ; CLOCK2_50    ; CLOCK_50    ; 0.000        ; 0.134      ; 0.772      ;
; 0.521 ; gameboy:dut|MMU:mmu|BRAM_handler:memory_units|DMA_controller:dma_guy|Counter:oam_addr_cnter|Q[1]                                            ; gameboy:dut|MMU:mmu|BRAM_handler:memory_units|OAM_DUALBANK:oam|altsyncram:altsyncram_component|altsyncram_rbg2:auto_generated|ram_block1a0~porta_address_reg0    ; CLOCK2_50    ; CLOCK_50    ; 0.000        ; 0.320      ; 0.985      ;
; 0.527 ; gameboy:dut|MMU:mmu|BRAM_handler:memory_units|DMA_controller:dma_guy|state.IDLE                                                             ; gameboy:dut|MMU:mmu|BRAM_handler:memory_units|DUAL_VRAM_8KB:vram0|altsyncram:altsyncram_component|altsyncram_54g2:auto_generated|ram_block1a1~porta_address_reg0 ; CLOCK2_50    ; CLOCK_50    ; 0.000        ; 0.319      ; 0.990      ;
; 0.529 ; gameboy:dut|MMU:mmu|BRAM_handler:memory_units|DMA_controller:dma_guy|Counter:dma_addr_cnter|Q[6]                                            ; gameboy:dut|MMU:mmu|BRAM_handler:memory_units|MM_out_chooser:memory_out_muxer|dma_select[0]                                                                      ; CLOCK2_50    ; CLOCK_50    ; 0.000        ; 0.134      ; 0.787      ;
; 0.529 ; gameboy:dut|MMU:mmu|BRAM_handler:memory_units|DMA_controller:dma_guy|Counter:dma_addr_cnter|Q[7]                                            ; gameboy:dut|MMU:mmu|BRAM_handler:memory_units|DUAL_8KB:exram0|altsyncram:altsyncram_component|altsyncram_54g2:auto_generated|ram_block1a1~portb_address_reg0     ; CLOCK2_50    ; CLOCK_50    ; 0.000        ; 0.318      ; 0.991      ;
; 0.539 ; gameboy:dut|MMU:mmu|BRAM_handler:memory_units|DMA_controller:dma_guy|Counter:dma_addr_cnter|Q[5]                                            ; gameboy:dut|MMU:mmu|BRAM_handler:memory_units|DUAL_8KB:exram0|altsyncram:altsyncram_component|altsyncram_54g2:auto_generated|ram_block1a1~portb_address_reg0     ; CLOCK2_50    ; CLOCK_50    ; 0.000        ; 0.318      ; 1.001      ;
; 0.556 ; gameboy:dut|MMU:mmu|BRAM_handler:memory_units|DMA_controller:dma_guy|Counter:dma_addr_cnter|Q[2]                                            ; gameboy:dut|MMU:mmu|BRAM_handler:memory_units|ROM_BANK:rom0|altsyncram:altsyncram_component|altsyncram_81a1:auto_generated|ram_block1a8~porta_address_reg0       ; CLOCK2_50    ; CLOCK_50    ; 0.000        ; 0.314      ; 1.014      ;
; 0.558 ; gameboy:dut|MMU:mmu|BRAM_handler:memory_units|DMA_controller:dma_guy|Counter:dma_addr_cnter|Q[2]                                            ; gameboy:dut|MMU:mmu|BRAM_handler:memory_units|ROM_BANK:rom0|altsyncram:altsyncram_component|altsyncram_81a1:auto_generated|ram_block1a2~porta_address_reg0       ; CLOCK2_50    ; CLOCK_50    ; 0.000        ; 0.309      ; 1.011      ;
; 0.563 ; gameboy:dut|MMU:mmu|BRAM_handler:memory_units|DMA_controller:dma_guy|Counter:dma_addr_cnter|Q[1]                                            ; gameboy:dut|MMU:mmu|BRAM_handler:memory_units|DUAL_8KB:exram0|altsyncram:altsyncram_component|altsyncram_54g2:auto_generated|ram_block1a1~portb_address_reg0     ; CLOCK2_50    ; CLOCK_50    ; 0.000        ; 0.318      ; 1.025      ;
; 0.570 ; gameboy:dut|MMU:mmu|BRAM_handler:memory_units|DMA_controller:dma_guy|Counter:dma_addr_cnter|Q[4]                                            ; gameboy:dut|MMU:mmu|BRAM_handler:memory_units|MM_out_chooser:memory_out_muxer|dma_select[0]                                                                      ; CLOCK2_50    ; CLOCK_50    ; 0.000        ; 0.134      ; 0.828      ;
; 0.571 ; gameboy:dut|MMU:mmu|BRAM_handler:memory_units|DMA_controller:dma_guy|Counter:dma_addr_cnter|Q[6]                                            ; gameboy:dut|MMU:mmu|BRAM_handler:memory_units|DUAL_VRAM_8KB:vram0|altsyncram:altsyncram_component|altsyncram_54g2:auto_generated|ram_block1a1~porta_address_reg0 ; CLOCK2_50    ; CLOCK_50    ; 0.000        ; 0.316      ; 1.031      ;
; 0.573 ; gameboy:dut|MMU:mmu|BRAM_handler:memory_units|DMA_controller:dma_guy|Counter:dma_addr_cnter|Q[4]                                            ; gameboy:dut|MMU:mmu|BRAM_handler:memory_units|DUAL_VRAM_8KB:vram0|altsyncram:altsyncram_component|altsyncram_54g2:auto_generated|ram_block1a2~porta_address_reg0 ; CLOCK2_50    ; CLOCK_50    ; 0.000        ; 0.307      ; 1.024      ;
; 0.573 ; gameboy:dut|MMU:mmu|BRAM_handler:memory_units|hram_out_data[5]                                                                              ; gameboy:dut|MMU:mmu|BRAM_handler:memory_units|OAM_DUALBANK:oam|altsyncram:altsyncram_component|altsyncram_rbg2:auto_generated|ram_block1a0~porta_datain_reg0     ; CLOCK2_50    ; CLOCK_50    ; 0.000        ; 0.312      ; 1.029      ;
; 0.577 ; gameboy:dut|MMU:mmu|BRAM_handler:memory_units|DMA_controller:dma_guy|state.IDLE                                                             ; gameboy:dut|MMU:mmu|BRAM_handler:memory_units|MM_out_chooser:memory_out_muxer|cpu_select[1]                                                                      ; CLOCK2_50    ; CLOCK_50    ; 0.000        ; 0.136      ; 0.837      ;
; 0.579 ; gameboy:dut|MMU:mmu|BRAM_handler:memory_units|DMA_controller:dma_guy|Counter:dma_addr_cnter|Q[6]                                            ; gameboy:dut|MMU:mmu|BRAM_handler:memory_units|DUAL_8KB:wram0|altsyncram:altsyncram_component|altsyncram_54g2:auto_generated|ram_block1a1~portb_address_reg0      ; CLOCK2_50    ; CLOCK_50    ; 0.000        ; 0.317      ; 1.040      ;
; 0.581 ; gameboy:dut|MMU:mmu|BRAM_handler:memory_units|DMA_controller:dma_guy|Counter:dma_addr_cnter|Q[6]                                            ; gameboy:dut|MMU:mmu|BRAM_handler:memory_units|ROM_BANK:rom0|altsyncram:altsyncram_component|altsyncram_81a1:auto_generated|ram_block1a8~porta_address_reg0       ; CLOCK2_50    ; CLOCK_50    ; 0.000        ; 0.314      ; 1.039      ;
; 0.583 ; gameboy:dut|PPU_Wrapper:ppu|OAM_Search:oam_search|oam_port0_addr[6]                                                                         ; gameboy:dut|MMU:mmu|BRAM_handler:memory_units|OAM_DUALBANK:oam|altsyncram:altsyncram_component|altsyncram_rbg2:auto_generated|ram_block1a0~portb_address_reg0    ; CLOCK2_50    ; CLOCK_50    ; 0.000        ; 0.322      ; 1.049      ;
; 0.584 ; gameboy:dut|MMU:mmu|BRAM_handler:memory_units|DMA_controller:dma_guy|state.IDLE                                                             ; gameboy:dut|MMU:mmu|BRAM_handler:memory_units|ROM_BANK:rom0|altsyncram:altsyncram_component|altsyncram_81a1:auto_generated|ram_block1a10~porta_address_reg0      ; CLOCK2_50    ; CLOCK_50    ; 0.000        ; 0.314      ; 1.042      ;
; 0.584 ; gameboy:dut|MMU:mmu|BRAM_handler:memory_units|MM_out_chooser:memory_out_muxer|cpu_select[2]                                                 ; gameboy:dut|MMU:mmu|BRAM_handler:memory_units|MM_out_chooser:memory_out_muxer|cpu_memory_selector[2]                                                             ; CLOCK_50     ; CLOCK_50    ; 0.000        ; 0.065      ; 0.733      ;
; 0.585 ; gameboy:dut|MMU:mmu|BRAM_handler:memory_units|DMA_controller:dma_guy|state.IDLE                                                             ; gameboy:dut|MMU:mmu|BRAM_handler:memory_units|ROM_BANK:rom0|altsyncram:altsyncram_component|altsyncram_81a1:auto_generated|ram_block1a8~porta_address_reg0       ; CLOCK2_50    ; CLOCK_50    ; 0.000        ; 0.317      ; 1.046      ;
; 0.586 ; gameboy:dut|MMU:mmu|BRAM_handler:memory_units|DMA_controller:dma_guy|Counter:dma_addr_cnter|Q[1]                                            ; gameboy:dut|MMU:mmu|BRAM_handler:memory_units|DUAL_8KB:wram0|altsyncram:altsyncram_component|altsyncram_54g2:auto_generated|ram_block1a1~portb_address_reg0      ; CLOCK2_50    ; CLOCK_50    ; 0.000        ; 0.317      ; 1.047      ;
; 0.591 ; gameboy:dut|MMU:mmu|BRAM_handler:memory_units|DMA_controller:dma_guy|Counter:dma_addr_cnter|Q[6]                                            ; gameboy:dut|MMU:mmu|BRAM_handler:memory_units|ROM_BANK:rom0|altsyncram:altsyncram_component|altsyncram_81a1:auto_generated|ram_block1a10~porta_address_reg0      ; CLOCK2_50    ; CLOCK_50    ; 0.000        ; 0.311      ; 1.046      ;
; 0.591 ; gameboy:dut|MMU:mmu|BRAM_handler:memory_units|DMA_controller:dma_guy|Counter:dma_addr_cnter|Q[5]                                            ; gameboy:dut|MMU:mmu|BRAM_handler:memory_units|DUAL_8KB:wram0|altsyncram:altsyncram_component|altsyncram_54g2:auto_generated|ram_block1a1~portb_address_reg0      ; CLOCK2_50    ; CLOCK_50    ; 0.000        ; 0.317      ; 1.052      ;
; 0.593 ; gameboy:dut|MMU:mmu|BRAM_handler:memory_units|DMA_controller:dma_guy|Counter:dma_addr_cnter|Q[9]                                            ; gameboy:dut|MMU:mmu|BRAM_handler:memory_units|DUAL_VRAM_8KB:vram0|altsyncram:altsyncram_component|altsyncram_54g2:auto_generated|ram_block1a2~porta_address_reg0 ; CLOCK2_50    ; CLOCK_50    ; 0.000        ; 0.307      ; 1.044      ;
; 0.596 ; gameboy:dut|MMU:mmu|BRAM_handler:memory_units|DMA_controller:dma_guy|Counter:dma_addr_cnter|Q[5]                                            ; gameboy:dut|MMU:mmu|BRAM_handler:memory_units|MM_out_chooser:memory_out_muxer|dma_select[2]                                                                      ; CLOCK2_50    ; CLOCK_50    ; 0.000        ; 0.134      ; 0.854      ;
; 0.597 ; gameboy:dut|MMU:mmu|BRAM_handler:memory_units|MM_out_chooser:memory_out_muxer|cpu_select[3]                                                 ; gameboy:dut|MMU:mmu|BRAM_handler:memory_units|MM_out_chooser:memory_out_muxer|cpu_memory_selector[3]                                                             ; CLOCK_50     ; CLOCK_50    ; 0.000        ; 0.063      ; 0.744      ;
; 0.602 ; gameboy:dut|MMU:mmu|BRAM_handler:memory_units|DMA_controller:dma_guy|Counter:dma_addr_cnter|Q[1]                                            ; gameboy:dut|MMU:mmu|BRAM_handler:memory_units|DUAL_VRAM_8KB:vram0|altsyncram:altsyncram_component|altsyncram_54g2:auto_generated|ram_block1a2~porta_address_reg0 ; CLOCK2_50    ; CLOCK_50    ; 0.000        ; 0.307      ; 1.053      ;
; 0.603 ; gameboy:dut|PPU_Wrapper:ppu|OAM_Search:oam_search|oam_port0_addr[7]                                                                         ; gameboy:dut|MMU:mmu|BRAM_handler:memory_units|OAM_DUALBANK:oam|altsyncram:altsyncram_component|altsyncram_rbg2:auto_generated|ram_block1a0~portb_address_reg0    ; CLOCK2_50    ; CLOCK_50    ; 0.000        ; 0.322      ; 1.069      ;
; 0.604 ; gameboy:dut|MMU:mmu|BRAM_handler:memory_units|DMA_controller:dma_guy|Counter:dma_addr_cnter|Q[7]                                            ; gameboy:dut|MMU:mmu|BRAM_handler:memory_units|MM_out_chooser:memory_out_muxer|dma_select[0]                                                                      ; CLOCK2_50    ; CLOCK_50    ; 0.000        ; 0.134      ; 0.862      ;
; 0.606 ; gameboy:dut|MMU:mmu|BRAM_handler:memory_units|DMA_controller:dma_guy|Counter:dma_addr_cnter|Q[6]                                            ; gameboy:dut|MMU:mmu|BRAM_handler:memory_units|ROM_BANK:rom0|altsyncram:altsyncram_component|altsyncram_81a1:auto_generated|ram_block1a2~porta_address_reg0       ; CLOCK2_50    ; CLOCK_50    ; 0.000        ; 0.309      ; 1.059      ;
; 0.611 ; gameboy:dut|MMU:mmu|BRAM_handler:memory_units|DMA_controller:dma_guy|Counter:dma_addr_cnter|Q[6]                                            ; gameboy:dut|MMU:mmu|BRAM_handler:memory_units|DUAL_VRAM_8KB:vram0|altsyncram:altsyncram_component|altsyncram_54g2:auto_generated|ram_block1a0~porta_address_reg0 ; CLOCK2_50    ; CLOCK_50    ; 0.000        ; 0.307      ; 1.062      ;
; 0.611 ; gameboy:dut|MMU:mmu|BRAM_handler:memory_units|MM_out_chooser:memory_out_muxer|cpu_select[0]                                                 ; gameboy:dut|MMU:mmu|BRAM_handler:memory_units|MM_out_chooser:memory_out_muxer|cpu_memory_selector[0]                                                             ; CLOCK_50     ; CLOCK_50    ; 0.000        ; 0.065      ; 0.760      ;
; 0.612 ; gameboy:dut|MMU:mmu|BRAM_handler:memory_units|DMA_controller:dma_guy|Counter:dma_addr_cnter|Q[6]                                            ; gameboy:dut|MMU:mmu|BRAM_handler:memory_units|DUAL_VRAM_8KB:vram0|altsyncram:altsyncram_component|altsyncram_54g2:auto_generated|ram_block1a2~porta_address_reg0 ; CLOCK2_50    ; CLOCK_50    ; 0.000        ; 0.307      ; 1.063      ;
; 0.613 ; gameboy:dut|MMU:mmu|BRAM_handler:memory_units|DMA_controller:dma_guy|Counter:dma_addr_cnter|Q[3]                                            ; gameboy:dut|MMU:mmu|BRAM_handler:memory_units|DUAL_VRAM_8KB:vram0|altsyncram:altsyncram_component|altsyncram_54g2:auto_generated|ram_block1a1~porta_address_reg0 ; CLOCK2_50    ; CLOCK_50    ; 0.000        ; 0.316      ; 1.073      ;
; 0.614 ; gameboy:dut|MMU:mmu|BRAM_handler:memory_units|DMA_controller:dma_guy|Counter:dma_addr_cnter|Q[1]                                            ; gameboy:dut|MMU:mmu|BRAM_handler:memory_units|DUAL_VRAM_8KB:vram0|altsyncram:altsyncram_component|altsyncram_54g2:auto_generated|ram_block1a4~porta_address_reg0 ; CLOCK2_50    ; CLOCK_50    ; 0.000        ; 0.306      ; 1.064      ;
; 0.615 ; gameboy:dut|MMU:mmu|BRAM_handler:memory_units|DMA_controller:dma_guy|Counter:dma_addr_cnter|Q[3]                                            ; gameboy:dut|MMU:mmu|BRAM_handler:memory_units|DUAL_8KB:wram0|altsyncram:altsyncram_component|altsyncram_54g2:auto_generated|ram_block1a1~portb_address_reg0      ; CLOCK2_50    ; CLOCK_50    ; 0.000        ; 0.317      ; 1.076      ;
; 0.623 ; gameboy:dut|MMU:mmu|BRAM_handler:memory_units|DMA_controller:dma_guy|Counter:dma_addr_cnter|Q[2]                                            ; gameboy:dut|MMU:mmu|BRAM_handler:memory_units|DUAL_8KB:wram0|altsyncram:altsyncram_component|altsyncram_54g2:auto_generated|ram_block1a2~portb_address_reg0      ; CLOCK2_50    ; CLOCK_50    ; 0.000        ; 0.324      ; 1.091      ;
; 0.624 ; gameboy:dut|MMU:mmu|BRAM_handler:memory_units|hram_out_data[3]                                                                              ; gameboy:dut|MMU:mmu|BRAM_handler:memory_units|OAM_DUALBANK:oam|altsyncram:altsyncram_component|altsyncram_rbg2:auto_generated|ram_block1a0~porta_datain_reg0     ; CLOCK2_50    ; CLOCK_50    ; 0.000        ; 0.308      ; 1.076      ;
; 0.627 ; gameboy:dut|PPU_Wrapper:ppu|OAM_Search:oam_search|selected_sprites_reg[9].tile_index[4]                                                     ; gameboy:dut|MMU:mmu|BRAM_handler:memory_units|DUAL_VRAM_8KB:vram0|altsyncram:altsyncram_component|altsyncram_54g2:auto_generated|ram_block1a1~portb_address_reg0 ; CLOCK2_50    ; CLOCK_50    ; 0.000        ; 0.330      ; 1.101      ;
; 0.628 ; gameboy:dut|MMU:mmu|BRAM_handler:memory_units|DMA_controller:dma_guy|Counter:dma_addr_cnter|Q[9]                                            ; gameboy:dut|MMU:mmu|BRAM_handler:memory_units|ROM_BANK:rom0|altsyncram:altsyncram_component|altsyncram_81a1:auto_generated|ram_block1a9~porta_address_reg0       ; CLOCK2_50    ; CLOCK_50    ; 0.000        ; 0.320      ; 1.092      ;
; 0.630 ; gameboy:dut|MMU:mmu|BRAM_handler:memory_units|DMA_controller:dma_guy|Counter:dma_addr_cnter|Q[12]                                           ; gameboy:dut|MMU:mmu|BRAM_handler:memory_units|DUAL_VRAM_8KB:vram0|altsyncram:altsyncram_component|altsyncram_54g2:auto_generated|ram_block1a7~porta_address_reg0 ; CLOCK2_50    ; CLOCK_50    ; 0.000        ; 0.304      ; 1.078      ;
; 0.630 ; gameboy:dut|MMU:mmu|BRAM_handler:memory_units|DMA_controller:dma_guy|Counter:dma_addr_cnter|Q[12]                                           ; gameboy:dut|MMU:mmu|BRAM_handler:memory_units|DUAL_VRAM_8KB:vram0|altsyncram:altsyncram_component|altsyncram_54g2:auto_generated|ram_block1a5~porta_address_reg0 ; CLOCK2_50    ; CLOCK_50    ; 0.000        ; 0.305      ; 1.079      ;
; 0.631 ; gameboy:dut|MMU:mmu|BRAM_handler:memory_units|hram_out_data[6]                                                                              ; gameboy:dut|MMU:mmu|BRAM_handler:memory_units|OAM_DUALBANK:oam|altsyncram:altsyncram_component|altsyncram_rbg2:auto_generated|ram_block1a0~porta_datain_reg0     ; CLOCK2_50    ; CLOCK_50    ; 0.000        ; 0.307      ; 1.082      ;
; 0.632 ; gameboy:dut|MMU:mmu|BRAM_handler:memory_units|DMA_controller:dma_guy|Counter:dma_addr_cnter|Q[9]                                            ; gameboy:dut|MMU:mmu|BRAM_handler:memory_units|ROM_BANK:rom0|altsyncram:altsyncram_component|altsyncram_81a1:auto_generated|ram_block1a5~porta_address_reg0       ; CLOCK2_50    ; CLOCK_50    ; 0.000        ; 0.317      ; 1.093      ;
; 0.634 ; gameboy:dut|MMU:mmu|BRAM_handler:memory_units|DMA_controller:dma_guy|Counter:dma_addr_cnter|Q[3]                                            ; gameboy:dut|MMU:mmu|BRAM_handler:memory_units|DUAL_VRAM_8KB:vram0|altsyncram:altsyncram_component|altsyncram_54g2:auto_generated|ram_block1a4~porta_address_reg0 ; CLOCK2_50    ; CLOCK_50    ; 0.000        ; 0.306      ; 1.084      ;
; 0.637 ; gameboy:dut|MMU:mmu|BRAM_handler:memory_units|DMA_controller:dma_guy|Counter:dma_addr_cnter|Q[12]                                           ; gameboy:dut|MMU:mmu|BRAM_handler:memory_units|DUAL_VRAM_8KB:vram0|altsyncram:altsyncram_component|altsyncram_54g2:auto_generated|ram_block1a3~porta_address_reg0 ; CLOCK2_50    ; CLOCK_50    ; 0.000        ; 0.303      ; 1.084      ;
; 0.639 ; gameboy:dut|MMU:mmu|BRAM_handler:memory_units|hram_out_data[15]                                                                             ; gameboy:dut|MMU:mmu|BRAM_handler:memory_units|OAM_DUALBANK:oam|altsyncram:altsyncram_component|altsyncram_rbg2:auto_generated|ram_block1a0~porta_datain_reg0     ; CLOCK2_50    ; CLOCK_50    ; 0.000        ; 0.308      ; 1.091      ;
; 0.640 ; gameboy:dut|MMU:mmu|BRAM_handler:memory_units|DMA_controller:dma_guy|Counter:dma_addr_cnter|Q[12]                                           ; gameboy:dut|MMU:mmu|BRAM_handler:memory_units|DUAL_VRAM_8KB:vram0|altsyncram:altsyncram_component|altsyncram_54g2:auto_generated|ram_block1a6~porta_address_reg0 ; CLOCK2_50    ; CLOCK_50    ; 0.000        ; 0.301      ; 1.085      ;
; 0.642 ; gameboy:dut|MMU:mmu|BRAM_handler:memory_units|DMA_controller:dma_guy|Counter:dma_addr_cnter|Q[10]                                           ; gameboy:dut|MMU:mmu|BRAM_handler:memory_units|DUAL_VRAM_8KB:vram0|altsyncram:altsyncram_component|altsyncram_54g2:auto_generated|ram_block1a7~porta_address_reg0 ; CLOCK2_50    ; CLOCK_50    ; 0.000        ; 0.304      ; 1.090      ;
+-------+---------------------------------------------------------------------------------------------------------------------------------------------+------------------------------------------------------------------------------------------------------------------------------------------------------------------+--------------+-------------+--------------+------------+------------+


+---------------------------------------------------------------------------------------------------------------------------------------+
; Fast 1200mV 0C Model Hold: 'CLOCK3_50'                                                                                                ;
+-------+----------------------------+----------------------------+--------------+-------------+--------------+------------+------------+
; Slack ; From Node                  ; To Node                    ; Launch Clock ; Latch Clock ; Relationship ; Clock Skew ; Data Delay ;
+-------+----------------------------+----------------------------+--------------+-------------+--------------+------------+------------+
; 0.292 ; vga:v1|Counter:hs_ct|Q[4]  ; vga:v1|Counter:hs_ct|Q[4]  ; CLOCK3_50    ; CLOCK3_50   ; 0.000        ; 0.042      ; 0.418      ;
; 0.293 ; vga:v1|Counter:hs_ct|Q[3]  ; vga:v1|Counter:hs_ct|Q[3]  ; CLOCK3_50    ; CLOCK3_50   ; 0.000        ; 0.042      ; 0.419      ;
; 0.293 ; vga:v1|Counter:vs_ct|Q[5]  ; vga:v1|Counter:vs_ct|Q[5]  ; CLOCK3_50    ; CLOCK3_50   ; 0.000        ; 0.042      ; 0.419      ;
; 0.293 ; vga:v1|Counter:vs_ct|Q[3]  ; vga:v1|Counter:vs_ct|Q[3]  ; CLOCK3_50    ; CLOCK3_50   ; 0.000        ; 0.042      ; 0.419      ;
; 0.293 ; vga:v1|Counter:vs_ct|Q[2]  ; vga:v1|Counter:vs_ct|Q[2]  ; CLOCK3_50    ; CLOCK3_50   ; 0.000        ; 0.042      ; 0.419      ;
; 0.294 ; vga:v1|Counter:hs_ct|Q[2]  ; vga:v1|Counter:hs_ct|Q[2]  ; CLOCK3_50    ; CLOCK3_50   ; 0.000        ; 0.042      ; 0.420      ;
; 0.298 ; vga:v1|Counter:vs_ct|Q[8]  ; vga:v1|Counter:vs_ct|Q[8]  ; CLOCK3_50    ; CLOCK3_50   ; 0.000        ; 0.042      ; 0.424      ;
; 0.299 ; vga:v1|Counter:vs_ct|Q[16] ; vga:v1|Counter:vs_ct|Q[16] ; CLOCK3_50    ; CLOCK3_50   ; 0.000        ; 0.042      ; 0.425      ;
; 0.300 ; vga:v1|Counter:hs_ct|Q[7]  ; vga:v1|Counter:hs_ct|Q[7]  ; CLOCK3_50    ; CLOCK3_50   ; 0.000        ; 0.042      ; 0.426      ;
; 0.300 ; vga:v1|Counter:vs_ct|Q[14] ; vga:v1|Counter:vs_ct|Q[14] ; CLOCK3_50    ; CLOCK3_50   ; 0.000        ; 0.042      ; 0.426      ;
; 0.300 ; vga:v1|Counter:vs_ct|Q[9]  ; vga:v1|Counter:vs_ct|Q[9]  ; CLOCK3_50    ; CLOCK3_50   ; 0.000        ; 0.042      ; 0.426      ;
; 0.300 ; vga:v1|Counter:vs_ct|Q[4]  ; vga:v1|Counter:vs_ct|Q[4]  ; CLOCK3_50    ; CLOCK3_50   ; 0.000        ; 0.042      ; 0.426      ;
; 0.301 ; vga:v1|Counter:vs_ct|Q[17] ; vga:v1|Counter:vs_ct|Q[17] ; CLOCK3_50    ; CLOCK3_50   ; 0.000        ; 0.042      ; 0.427      ;
; 0.301 ; vga:v1|Counter:vs_ct|Q[7]  ; vga:v1|Counter:vs_ct|Q[7]  ; CLOCK3_50    ; CLOCK3_50   ; 0.000        ; 0.042      ; 0.427      ;
; 0.303 ; vga:v1|Counter:hs_ct|Q[1]  ; vga:v1|Counter:hs_ct|Q[1]  ; CLOCK3_50    ; CLOCK3_50   ; 0.000        ; 0.042      ; 0.429      ;
; 0.304 ; vga:v1|Counter:hs_ct|Q[5]  ; vga:v1|Counter:hs_ct|Q[5]  ; CLOCK3_50    ; CLOCK3_50   ; 0.000        ; 0.042      ; 0.430      ;
; 0.306 ; vga:v1|Counter:hs_ct|Q[8]  ; vga:v1|Counter:hs_ct|Q[8]  ; CLOCK3_50    ; CLOCK3_50   ; 0.000        ; 0.042      ; 0.432      ;
; 0.316 ; vga:v1|Counter:hs_ct|Q[0]  ; vga:v1|Counter:hs_ct|Q[0]  ; CLOCK3_50    ; CLOCK3_50   ; 0.000        ; 0.042      ; 0.442      ;
; 0.378 ; vga:v1|Counter:vs_ct|Q[10] ; vga:v1|Counter:vs_ct|Q[10] ; CLOCK3_50    ; CLOCK3_50   ; 0.000        ; 0.042      ; 0.504      ;
; 0.442 ; vga:v1|Counter:hs_ct|Q[3]  ; vga:v1|Counter:hs_ct|Q[4]  ; CLOCK3_50    ; CLOCK3_50   ; 0.000        ; 0.042      ; 0.568      ;
; 0.442 ; vga:v1|Counter:vs_ct|Q[2]  ; vga:v1|Counter:vs_ct|Q[3]  ; CLOCK3_50    ; CLOCK3_50   ; 0.000        ; 0.042      ; 0.568      ;
; 0.447 ; vga:v1|Counter:vs_ct|Q[8]  ; vga:v1|Counter:vs_ct|Q[9]  ; CLOCK3_50    ; CLOCK3_50   ; 0.000        ; 0.042      ; 0.573      ;
; 0.448 ; vga:v1|Counter:vs_ct|Q[16] ; vga:v1|Counter:vs_ct|Q[17] ; CLOCK3_50    ; CLOCK3_50   ; 0.000        ; 0.042      ; 0.574      ;
; 0.449 ; vga:v1|Counter:vs_ct|Q[4]  ; vga:v1|Counter:vs_ct|Q[5]  ; CLOCK3_50    ; CLOCK3_50   ; 0.000        ; 0.042      ; 0.575      ;
; 0.449 ; vga:v1|Counter:vs_ct|Q[6]  ; vga:v1|Counter:vs_ct|Q[7]  ; CLOCK3_50    ; CLOCK3_50   ; 0.000        ; 0.042      ; 0.575      ;
; 0.449 ; vga:v1|Counter:hs_ct|Q[7]  ; vga:v1|Counter:hs_ct|Q[8]  ; CLOCK3_50    ; CLOCK3_50   ; 0.000        ; 0.042      ; 0.575      ;
; 0.450 ; vga:v1|Counter:hs_ct|Q[4]  ; vga:v1|Counter:hs_ct|Q[5]  ; CLOCK3_50    ; CLOCK3_50   ; 0.000        ; 0.042      ; 0.576      ;
; 0.451 ; vga:v1|Counter:vs_ct|Q[3]  ; vga:v1|Counter:vs_ct|Q[4]  ; CLOCK3_50    ; CLOCK3_50   ; 0.000        ; 0.042      ; 0.577      ;
; 0.452 ; vga:v1|Counter:hs_ct|Q[6]  ; vga:v1|Counter:hs_ct|Q[6]  ; CLOCK3_50    ; CLOCK3_50   ; 0.000        ; 0.042      ; 0.578      ;
; 0.452 ; vga:v1|Counter:hs_ct|Q[2]  ; vga:v1|Counter:hs_ct|Q[3]  ; CLOCK3_50    ; CLOCK3_50   ; 0.000        ; 0.042      ; 0.578      ;
; 0.452 ; vga:v1|Counter:hs_ct|Q[1]  ; vga:v1|Counter:hs_ct|Q[2]  ; CLOCK3_50    ; CLOCK3_50   ; 0.000        ; 0.042      ; 0.578      ;
; 0.453 ; vga:v1|Counter:vs_ct|Q[6]  ; vga:v1|Counter:vs_ct|Q[6]  ; CLOCK3_50    ; CLOCK3_50   ; 0.000        ; 0.042      ; 0.579      ;
; 0.453 ; vga:v1|Counter:vs_ct|Q[18] ; vga:v1|Counter:vs_ct|Q[18] ; CLOCK3_50    ; CLOCK3_50   ; 0.000        ; 0.042      ; 0.579      ;
; 0.453 ; vga:v1|Counter:vs_ct|Q[19] ; vga:v1|Counter:vs_ct|Q[19] ; CLOCK3_50    ; CLOCK3_50   ; 0.000        ; 0.042      ; 0.579      ;
; 0.454 ; vga:v1|Counter:vs_ct|Q[13] ; vga:v1|Counter:vs_ct|Q[13] ; CLOCK3_50    ; CLOCK3_50   ; 0.000        ; 0.042      ; 0.580      ;
; 0.454 ; vga:v1|Counter:vs_ct|Q[3]  ; vga:v1|Counter:vs_ct|Q[5]  ; CLOCK3_50    ; CLOCK3_50   ; 0.000        ; 0.042      ; 0.580      ;
; 0.454 ; vga:v1|Counter:vs_ct|Q[5]  ; vga:v1|Counter:vs_ct|Q[7]  ; CLOCK3_50    ; CLOCK3_50   ; 0.000        ; 0.042      ; 0.580      ;
; 0.455 ; vga:v1|Counter:hs_ct|Q[2]  ; vga:v1|Counter:hs_ct|Q[4]  ; CLOCK3_50    ; CLOCK3_50   ; 0.000        ; 0.042      ; 0.581      ;
; 0.456 ; vga:v1|Counter:vs_ct|Q[11] ; vga:v1|Counter:vs_ct|Q[11] ; CLOCK3_50    ; CLOCK3_50   ; 0.000        ; 0.042      ; 0.582      ;
; 0.456 ; vga:v1|Counter:vs_ct|Q[15] ; vga:v1|Counter:vs_ct|Q[15] ; CLOCK3_50    ; CLOCK3_50   ; 0.000        ; 0.042      ; 0.582      ;
; 0.458 ; vga:v1|Counter:hs_ct|Q[6]  ; vga:v1|Counter:hs_ct|Q[7]  ; CLOCK3_50    ; CLOCK3_50   ; 0.000        ; 0.042      ; 0.584      ;
; 0.459 ; vga:v1|Counter:vs_ct|Q[7]  ; vga:v1|Counter:vs_ct|Q[8]  ; CLOCK3_50    ; CLOCK3_50   ; 0.000        ; 0.042      ; 0.585      ;
; 0.459 ; vga:v1|Counter:vs_ct|Q[13] ; vga:v1|Counter:vs_ct|Q[14] ; CLOCK3_50    ; CLOCK3_50   ; 0.000        ; 0.042      ; 0.585      ;
; 0.459 ; vga:v1|Counter:vs_ct|Q[9]  ; vga:v1|Counter:vs_ct|Q[10] ; CLOCK3_50    ; CLOCK3_50   ; 0.000        ; 0.041      ; 0.584      ;
; 0.461 ; vga:v1|Counter:vs_ct|Q[15] ; vga:v1|Counter:vs_ct|Q[16] ; CLOCK3_50    ; CLOCK3_50   ; 0.000        ; 0.042      ; 0.587      ;
; 0.461 ; vga:v1|Counter:hs_ct|Q[6]  ; vga:v1|Counter:hs_ct|Q[8]  ; CLOCK3_50    ; CLOCK3_50   ; 0.000        ; 0.042      ; 0.587      ;
; 0.462 ; vga:v1|Counter:vs_ct|Q[7]  ; vga:v1|Counter:vs_ct|Q[9]  ; CLOCK3_50    ; CLOCK3_50   ; 0.000        ; 0.042      ; 0.588      ;
; 0.463 ; vga:v1|Counter:hs_ct|Q[0]  ; vga:v1|Counter:hs_ct|Q[1]  ; CLOCK3_50    ; CLOCK3_50   ; 0.000        ; 0.042      ; 0.589      ;
; 0.464 ; vga:v1|Counter:vs_ct|Q[15] ; vga:v1|Counter:vs_ct|Q[17] ; CLOCK3_50    ; CLOCK3_50   ; 0.000        ; 0.042      ; 0.590      ;
; 0.466 ; vga:v1|Counter:hs_ct|Q[0]  ; vga:v1|Counter:hs_ct|Q[2]  ; CLOCK3_50    ; CLOCK3_50   ; 0.000        ; 0.042      ; 0.592      ;
; 0.480 ; vga:v1|Counter:hs_ct|Q[2]  ; vga:v1|Counter:hs_ct|Q[6]  ; CLOCK3_50    ; CLOCK3_50   ; 0.000        ; 0.042      ; 0.606      ;
; 0.505 ; vga:v1|Counter:hs_ct|Q[3]  ; vga:v1|Counter:hs_ct|Q[5]  ; CLOCK3_50    ; CLOCK3_50   ; 0.000        ; 0.042      ; 0.631      ;
; 0.505 ; vga:v1|Counter:vs_ct|Q[2]  ; vga:v1|Counter:vs_ct|Q[4]  ; CLOCK3_50    ; CLOCK3_50   ; 0.000        ; 0.042      ; 0.631      ;
; 0.506 ; vga:v1|Counter:hs_ct|Q[10] ; vga:v1|Counter:hs_ct|Q[10] ; CLOCK3_50    ; CLOCK3_50   ; 0.000        ; 0.042      ; 0.632      ;
; 0.508 ; vga:v1|Counter:vs_ct|Q[2]  ; vga:v1|Counter:vs_ct|Q[5]  ; CLOCK3_50    ; CLOCK3_50   ; 0.000        ; 0.042      ; 0.634      ;
; 0.511 ; vga:v1|Counter:vs_ct|Q[8]  ; vga:v1|Counter:vs_ct|Q[10] ; CLOCK3_50    ; CLOCK3_50   ; 0.000        ; 0.041      ; 0.636      ;
; 0.512 ; vga:v1|Counter:vs_ct|Q[6]  ; vga:v1|Counter:vs_ct|Q[8]  ; CLOCK3_50    ; CLOCK3_50   ; 0.000        ; 0.042      ; 0.638      ;
; 0.512 ; vga:v1|Counter:vs_ct|Q[14] ; vga:v1|Counter:vs_ct|Q[16] ; CLOCK3_50    ; CLOCK3_50   ; 0.000        ; 0.042      ; 0.638      ;
; 0.514 ; vga:v1|Counter:vs_ct|Q[12] ; vga:v1|Counter:vs_ct|Q[14] ; CLOCK3_50    ; CLOCK3_50   ; 0.000        ; 0.042      ; 0.640      ;
; 0.515 ; vga:v1|Counter:vs_ct|Q[12] ; vga:v1|Counter:vs_ct|Q[12] ; CLOCK3_50    ; CLOCK3_50   ; 0.000        ; 0.042      ; 0.641      ;
; 0.515 ; vga:v1|Counter:hs_ct|Q[1]  ; vga:v1|Counter:hs_ct|Q[3]  ; CLOCK3_50    ; CLOCK3_50   ; 0.000        ; 0.042      ; 0.641      ;
; 0.515 ; vga:v1|Counter:vs_ct|Q[4]  ; vga:v1|Counter:vs_ct|Q[7]  ; CLOCK3_50    ; CLOCK3_50   ; 0.000        ; 0.042      ; 0.641      ;
; 0.515 ; vga:v1|Counter:vs_ct|Q[6]  ; vga:v1|Counter:vs_ct|Q[9]  ; CLOCK3_50    ; CLOCK3_50   ; 0.000        ; 0.042      ; 0.641      ;
; 0.515 ; vga:v1|Counter:vs_ct|Q[14] ; vga:v1|Counter:vs_ct|Q[17] ; CLOCK3_50    ; CLOCK3_50   ; 0.000        ; 0.042      ; 0.641      ;
; 0.516 ; vga:v1|Counter:hs_ct|Q[5]  ; vga:v1|Counter:hs_ct|Q[7]  ; CLOCK3_50    ; CLOCK3_50   ; 0.000        ; 0.042      ; 0.642      ;
; 0.516 ; vga:v1|Counter:hs_ct|Q[4]  ; vga:v1|Counter:hs_ct|Q[7]  ; CLOCK3_50    ; CLOCK3_50   ; 0.000        ; 0.042      ; 0.642      ;
; 0.517 ; vga:v1|Counter:vs_ct|Q[5]  ; vga:v1|Counter:vs_ct|Q[8]  ; CLOCK3_50    ; CLOCK3_50   ; 0.000        ; 0.042      ; 0.643      ;
; 0.518 ; vga:v1|Counter:hs_ct|Q[1]  ; vga:v1|Counter:hs_ct|Q[4]  ; CLOCK3_50    ; CLOCK3_50   ; 0.000        ; 0.042      ; 0.644      ;
; 0.518 ; vga:v1|Counter:hs_ct|Q[2]  ; vga:v1|Counter:hs_ct|Q[5]  ; CLOCK3_50    ; CLOCK3_50   ; 0.000        ; 0.042      ; 0.644      ;
; 0.519 ; vga:v1|Counter:hs_ct|Q[5]  ; vga:v1|Counter:hs_ct|Q[8]  ; CLOCK3_50    ; CLOCK3_50   ; 0.000        ; 0.042      ; 0.645      ;
; 0.519 ; vga:v1|Counter:hs_ct|Q[4]  ; vga:v1|Counter:hs_ct|Q[8]  ; CLOCK3_50    ; CLOCK3_50   ; 0.000        ; 0.042      ; 0.645      ;
; 0.520 ; vga:v1|Counter:vs_ct|Q[3]  ; vga:v1|Counter:vs_ct|Q[7]  ; CLOCK3_50    ; CLOCK3_50   ; 0.000        ; 0.042      ; 0.646      ;
; 0.520 ; vga:v1|Counter:vs_ct|Q[5]  ; vga:v1|Counter:vs_ct|Q[9]  ; CLOCK3_50    ; CLOCK3_50   ; 0.000        ; 0.042      ; 0.646      ;
; 0.521 ; vga:v1|Counter:hs_ct|Q[9]  ; vga:v1|Counter:hs_ct|Q[9]  ; CLOCK3_50    ; CLOCK3_50   ; 0.000        ; 0.042      ; 0.647      ;
; 0.525 ; vga:v1|Counter:vs_ct|Q[13] ; vga:v1|Counter:vs_ct|Q[16] ; CLOCK3_50    ; CLOCK3_50   ; 0.000        ; 0.042      ; 0.651      ;
; 0.526 ; vga:v1|Counter:vs_ct|Q[7]  ; vga:v1|Counter:vs_ct|Q[10] ; CLOCK3_50    ; CLOCK3_50   ; 0.000        ; 0.041      ; 0.651      ;
; 0.526 ; vga:v1|Counter:vs_ct|Q[11] ; vga:v1|Counter:vs_ct|Q[14] ; CLOCK3_50    ; CLOCK3_50   ; 0.000        ; 0.042      ; 0.652      ;
; 0.528 ; vga:v1|Counter:vs_ct|Q[13] ; vga:v1|Counter:vs_ct|Q[17] ; CLOCK3_50    ; CLOCK3_50   ; 0.000        ; 0.042      ; 0.654      ;
; 0.529 ; vga:v1|Counter:hs_ct|Q[0]  ; vga:v1|Counter:hs_ct|Q[3]  ; CLOCK3_50    ; CLOCK3_50   ; 0.000        ; 0.042      ; 0.655      ;
; 0.532 ; vga:v1|Counter:hs_ct|Q[0]  ; vga:v1|Counter:hs_ct|Q[4]  ; CLOCK3_50    ; CLOCK3_50   ; 0.000        ; 0.042      ; 0.658      ;
; 0.537 ; vga:v1|Counter:hs_ct|Q[2]  ; vga:v1|Counter:hs_ct|Q[9]  ; CLOCK3_50    ; CLOCK3_50   ; 0.000        ; 0.042      ; 0.663      ;
; 0.565 ; vga:v1|Counter:hs_ct|Q[8]  ; vga:v1|Counter:hs_ct|Q[6]  ; CLOCK3_50    ; CLOCK3_50   ; 0.000        ; 0.042      ; 0.691      ;
; 0.571 ; vga:v1|Counter:hs_ct|Q[4]  ; vga:v1|Counter:hs_ct|Q[6]  ; CLOCK3_50    ; CLOCK3_50   ; 0.000        ; 0.042      ; 0.697      ;
; 0.571 ; vga:v1|Counter:hs_ct|Q[3]  ; vga:v1|Counter:hs_ct|Q[7]  ; CLOCK3_50    ; CLOCK3_50   ; 0.000        ; 0.042      ; 0.697      ;
; 0.574 ; vga:v1|Counter:hs_ct|Q[3]  ; vga:v1|Counter:hs_ct|Q[8]  ; CLOCK3_50    ; CLOCK3_50   ; 0.000        ; 0.042      ; 0.700      ;
; 0.574 ; vga:v1|Counter:vs_ct|Q[2]  ; vga:v1|Counter:vs_ct|Q[7]  ; CLOCK3_50    ; CLOCK3_50   ; 0.000        ; 0.042      ; 0.700      ;
; 0.578 ; vga:v1|Counter:vs_ct|Q[4]  ; vga:v1|Counter:vs_ct|Q[8]  ; CLOCK3_50    ; CLOCK3_50   ; 0.000        ; 0.042      ; 0.704      ;
; 0.579 ; vga:v1|Counter:vs_ct|Q[6]  ; vga:v1|Counter:vs_ct|Q[10] ; CLOCK3_50    ; CLOCK3_50   ; 0.000        ; 0.041      ; 0.704      ;
; 0.580 ; vga:v1|Counter:vs_ct|Q[12] ; vga:v1|Counter:vs_ct|Q[16] ; CLOCK3_50    ; CLOCK3_50   ; 0.000        ; 0.042      ; 0.706      ;
; 0.581 ; vga:v1|Counter:hs_ct|Q[1]  ; vga:v1|Counter:hs_ct|Q[5]  ; CLOCK3_50    ; CLOCK3_50   ; 0.000        ; 0.042      ; 0.707      ;
; 0.581 ; vga:v1|Counter:vs_ct|Q[4]  ; vga:v1|Counter:vs_ct|Q[9]  ; CLOCK3_50    ; CLOCK3_50   ; 0.000        ; 0.042      ; 0.707      ;
; 0.583 ; vga:v1|Counter:vs_ct|Q[12] ; vga:v1|Counter:vs_ct|Q[17] ; CLOCK3_50    ; CLOCK3_50   ; 0.000        ; 0.042      ; 0.709      ;
; 0.583 ; vga:v1|Counter:vs_ct|Q[3]  ; vga:v1|Counter:vs_ct|Q[8]  ; CLOCK3_50    ; CLOCK3_50   ; 0.000        ; 0.042      ; 0.709      ;
; 0.584 ; vga:v1|Counter:hs_ct|Q[2]  ; vga:v1|Counter:hs_ct|Q[7]  ; CLOCK3_50    ; CLOCK3_50   ; 0.000        ; 0.042      ; 0.710      ;
; 0.584 ; vga:v1|Counter:vs_ct|Q[5]  ; vga:v1|Counter:vs_ct|Q[10] ; CLOCK3_50    ; CLOCK3_50   ; 0.000        ; 0.041      ; 0.709      ;
; 0.586 ; vga:v1|Counter:vs_ct|Q[3]  ; vga:v1|Counter:vs_ct|Q[9]  ; CLOCK3_50    ; CLOCK3_50   ; 0.000        ; 0.042      ; 0.712      ;
; 0.587 ; vga:v1|Counter:hs_ct|Q[2]  ; vga:v1|Counter:hs_ct|Q[8]  ; CLOCK3_50    ; CLOCK3_50   ; 0.000        ; 0.042      ; 0.713      ;
; 0.591 ; vga:v1|Counter:vs_ct|Q[9]  ; vga:v1|Counter:vs_ct|Q[14] ; CLOCK3_50    ; CLOCK3_50   ; 0.000        ; 0.041      ; 0.716      ;
; 0.592 ; vga:v1|Counter:vs_ct|Q[11] ; vga:v1|Counter:vs_ct|Q[16] ; CLOCK3_50    ; CLOCK3_50   ; 0.000        ; 0.042      ; 0.718      ;
; 0.593 ; vga:v1|Counter:hs_ct|Q[2]  ; vga:v1|Counter:hs_ct|Q[10] ; CLOCK3_50    ; CLOCK3_50   ; 0.000        ; 0.043      ; 0.720      ;
+-------+----------------------------+----------------------------+--------------+-------------+--------------+------------+------------+


+---------------------------------------------------------------------------------------------------------------------------------------------------------------------------------------------------------------------------------------------------+
; Fast 1200mV 0C Model Recovery: 'CLOCK2_50'                                                                                                                                                                                                        ;
+---------+-------------------------------------------------------+-----------------------------------------------------------------------------------------------------------+--------------+-------------+--------------+------------+------------+
; Slack   ; From Node                                             ; To Node                                                                                                   ; Launch Clock ; Latch Clock ; Relationship ; Clock Skew ; Data Delay ;
+---------+-------------------------------------------------------+-----------------------------------------------------------------------------------------------------------+--------------+-------------+--------------+------------+------------+
; 7.556   ; rst                                                   ; gameboy:dut|PPU_Wrapper:ppu|Pixel_Gen:Pixel_Gen_inst|Render_Sprites:render_sprites_inst|use_sprite        ; CLOCK3_50    ; CLOCK2_50   ; 10.000       ; -0.078     ; 2.373      ;
; 7.646   ; rst                                                   ; gameboy:dut|PPU_Wrapper:ppu|OAM_Search:oam_search|sort_j[2]                                               ; CLOCK3_50    ; CLOCK2_50   ; 10.000       ; -0.087     ; 2.274      ;
; 7.646   ; rst                                                   ; gameboy:dut|PPU_Wrapper:ppu|OAM_Search:oam_search|sort_j[3]                                               ; CLOCK3_50    ; CLOCK2_50   ; 10.000       ; -0.087     ; 2.274      ;
; 7.666   ; rst                                                   ; gameboy:dut|PPU_Wrapper:ppu|OAM_Search:oam_search|sort_i[0]                                               ; CLOCK3_50    ; CLOCK2_50   ; 10.000       ; -0.086     ; 2.255      ;
; 7.666   ; rst                                                   ; gameboy:dut|PPU_Wrapper:ppu|OAM_Search:oam_search|sort_i[1]                                               ; CLOCK3_50    ; CLOCK2_50   ; 10.000       ; -0.086     ; 2.255      ;
; 7.666   ; rst                                                   ; gameboy:dut|PPU_Wrapper:ppu|OAM_Search:oam_search|sort_i[2]                                               ; CLOCK3_50    ; CLOCK2_50   ; 10.000       ; -0.086     ; 2.255      ;
; 7.666   ; rst                                                   ; gameboy:dut|PPU_Wrapper:ppu|OAM_Search:oam_search|sort_i[3]                                               ; CLOCK3_50    ; CLOCK2_50   ; 10.000       ; -0.086     ; 2.255      ;
; 7.666   ; rst                                                   ; gameboy:dut|PPU_Wrapper:ppu|OAM_Search:oam_search|sort_phase                                              ; CLOCK3_50    ; CLOCK2_50   ; 10.000       ; -0.086     ; 2.255      ;
; 7.708   ; rst                                                   ; gameboy:dut|PPU_Wrapper:ppu|Pixel_Gen:Pixel_Gen_inst|FIFO:sprite_fifo_inst|count[0]                       ; CLOCK3_50    ; CLOCK2_50   ; 10.000       ; -0.071     ; 2.228      ;
; 7.708   ; rst                                                   ; gameboy:dut|PPU_Wrapper:ppu|Pixel_Gen:Pixel_Gen_inst|FIFO:sprite_fifo_inst|count[1]                       ; CLOCK3_50    ; CLOCK2_50   ; 10.000       ; -0.071     ; 2.228      ;
; 7.708   ; rst                                                   ; gameboy:dut|PPU_Wrapper:ppu|Pixel_Gen:Pixel_Gen_inst|FIFO:sprite_fifo_inst|count[2]                       ; CLOCK3_50    ; CLOCK2_50   ; 10.000       ; -0.071     ; 2.228      ;
; 7.708   ; rst                                                   ; gameboy:dut|PPU_Wrapper:ppu|Pixel_Gen:Pixel_Gen_inst|FIFO:sprite_fifo_inst|count[3]                       ; CLOCK3_50    ; CLOCK2_50   ; 10.000       ; -0.071     ; 2.228      ;
; 7.708   ; rst                                                   ; gameboy:dut|PPU_Wrapper:ppu|Pixel_Gen:Pixel_Gen_inst|FIFO:sprite_fifo_inst|count[4]                       ; CLOCK3_50    ; CLOCK2_50   ; 10.000       ; -0.071     ; 2.228      ;
; 7.708   ; rst                                                   ; gameboy:dut|PPU_Wrapper:ppu|Pixel_Gen:Pixel_Gen_inst|FIFO:sprite_fifo_inst|count[5]                       ; CLOCK3_50    ; CLOCK2_50   ; 10.000       ; -0.071     ; 2.228      ;
; 7.708   ; rst                                                   ; gameboy:dut|PPU_Wrapper:ppu|Pixel_Gen:Pixel_Gen_inst|FIFO:sprite_fifo_inst|count[6]                       ; CLOCK3_50    ; CLOCK2_50   ; 10.000       ; -0.071     ; 2.228      ;
; 7.740   ; rst                                                   ; gameboy:dut|PPU_Wrapper:ppu|Pixel_Gen:Pixel_Gen_inst|Render_Sprites:render_sprites_inst|x_coord[0]        ; CLOCK3_50    ; CLOCK2_50   ; 10.000       ; -0.077     ; 2.190      ;
; 7.740   ; rst                                                   ; gameboy:dut|PPU_Wrapper:ppu|Pixel_Gen:Pixel_Gen_inst|Render_Sprites:render_sprites_inst|x_coord[1]        ; CLOCK3_50    ; CLOCK2_50   ; 10.000       ; -0.077     ; 2.190      ;
; 7.740   ; rst                                                   ; gameboy:dut|PPU_Wrapper:ppu|Pixel_Gen:Pixel_Gen_inst|Render_Sprites:render_sprites_inst|x_coord[2]        ; CLOCK3_50    ; CLOCK2_50   ; 10.000       ; -0.077     ; 2.190      ;
; 7.740   ; rst                                                   ; gameboy:dut|PPU_Wrapper:ppu|Pixel_Gen:Pixel_Gen_inst|Render_Sprites:render_sprites_inst|pixel_index[0]    ; CLOCK3_50    ; CLOCK2_50   ; 10.000       ; -0.077     ; 2.190      ;
; 7.740   ; rst                                                   ; gameboy:dut|PPU_Wrapper:ppu|Pixel_Gen:Pixel_Gen_inst|Render_Sprites:render_sprites_inst|pixel_index[1]    ; CLOCK3_50    ; CLOCK2_50   ; 10.000       ; -0.077     ; 2.190      ;
; 7.740   ; rst                                                   ; gameboy:dut|PPU_Wrapper:ppu|Pixel_Gen:Pixel_Gen_inst|Render_Sprites:render_sprites_inst|pixel_index[2]    ; CLOCK3_50    ; CLOCK2_50   ; 10.000       ; -0.077     ; 2.190      ;
; 7.757   ; rst                                                   ; gameboy:dut|PPU_Wrapper:ppu|Pixel_Gen:Pixel_Gen_inst|Render_Sprites:render_sprites_inst|state.FETCH_TILE  ; CLOCK3_50    ; CLOCK2_50   ; 10.000       ; -0.076     ; 2.174      ;
; 7.757   ; rst                                                   ; gameboy:dut|PPU_Wrapper:ppu|Pixel_Gen:Pixel_Gen_inst|Render_Sprites:render_sprites_inst|state.DUMP_PIXELS ; CLOCK3_50    ; CLOCK2_50   ; 10.000       ; -0.076     ; 2.174      ;
; 7.757   ; rst                                                   ; gameboy:dut|PPU_Wrapper:ppu|Pixel_Gen:Pixel_Gen_inst|Render_Sprites:render_sprites_inst|state.SCAN_CHECK  ; CLOCK3_50    ; CLOCK2_50   ; 10.000       ; -0.076     ; 2.174      ;
; 7.762   ; rst                                                   ; gameboy:dut|PPU_Wrapper:ppu|Pixel_Gen:Pixel_Gen_inst|Render_Sprites:render_sprites_inst|x_coord[3]        ; CLOCK3_50    ; CLOCK2_50   ; 10.000       ; -0.079     ; 2.166      ;
; 7.762   ; rst                                                   ; gameboy:dut|PPU_Wrapper:ppu|Pixel_Gen:Pixel_Gen_inst|Render_Sprites:render_sprites_inst|x_coord[4]        ; CLOCK3_50    ; CLOCK2_50   ; 10.000       ; -0.079     ; 2.166      ;
; 7.762   ; rst                                                   ; gameboy:dut|PPU_Wrapper:ppu|Pixel_Gen:Pixel_Gen_inst|Render_Sprites:render_sprites_inst|x_coord[6]        ; CLOCK3_50    ; CLOCK2_50   ; 10.000       ; -0.079     ; 2.166      ;
; 7.762   ; rst                                                   ; gameboy:dut|PPU_Wrapper:ppu|Pixel_Gen:Pixel_Gen_inst|Render_Sprites:render_sprites_inst|x_coord[7]        ; CLOCK3_50    ; CLOCK2_50   ; 10.000       ; -0.079     ; 2.166      ;
; 7.762   ; rst                                                   ; gameboy:dut|PPU_Wrapper:ppu|Pixel_Gen:Pixel_Gen_inst|Render_Sprites:render_sprites_inst|x_coord[5]        ; CLOCK3_50    ; CLOCK2_50   ; 10.000       ; -0.079     ; 2.166      ;
; 7.762   ; rst                                                   ; gameboy:dut|PPU_Wrapper:ppu|Pixel_Gen:Pixel_Gen_inst|Render_Sprites:render_sprites_inst|x_coord[8]        ; CLOCK3_50    ; CLOCK2_50   ; 10.000       ; -0.079     ; 2.166      ;
; 7.762   ; rst                                                   ; gameboy:dut|PPU_Wrapper:ppu|Pixel_Gen:Pixel_Gen_inst|Render_Sprites:render_sprites_inst|x_coord[9]        ; CLOCK3_50    ; CLOCK2_50   ; 10.000       ; -0.079     ; 2.166      ;
; 7.762   ; rst                                                   ; gameboy:dut|PPU_Wrapper:ppu|Pixel_Gen:Pixel_Gen_inst|Render_Sprites:render_sprites_inst|state.DONE        ; CLOCK3_50    ; CLOCK2_50   ; 10.000       ; -0.079     ; 2.166      ;
; 7.892   ; rst                                                   ; gameboy:dut|PPU_Wrapper:ppu|Pixel_Gen:Pixel_Gen_inst|Render_BG:render_bg_inst|pixel_index[0]              ; CLOCK3_50    ; CLOCK2_50   ; 10.000       ; -0.068     ; 2.047      ;
; 7.892   ; rst                                                   ; gameboy:dut|PPU_Wrapper:ppu|Pixel_Gen:Pixel_Gen_inst|Render_BG:render_bg_inst|pixel_index[1]              ; CLOCK3_50    ; CLOCK2_50   ; 10.000       ; -0.068     ; 2.047      ;
; 7.892   ; rst                                                   ; gameboy:dut|PPU_Wrapper:ppu|Pixel_Gen:Pixel_Gen_inst|Render_BG:render_bg_inst|pixel_index[2]              ; CLOCK3_50    ; CLOCK2_50   ; 10.000       ; -0.068     ; 2.047      ;
; 7.892   ; rst                                                   ; gameboy:dut|PPU_Wrapper:ppu|Pixel_Gen:Pixel_Gen_inst|Render_BG:render_bg_inst|state.BG_FETCH_TILE         ; CLOCK3_50    ; CLOCK2_50   ; 10.000       ; -0.068     ; 2.047      ;
; 7.892   ; rst                                                   ; gameboy:dut|PPU_Wrapper:ppu|Pixel_Gen:Pixel_Gen_inst|Render_BG:render_bg_inst|state.BG_FETCH_TILE_MAP     ; CLOCK3_50    ; CLOCK2_50   ; 10.000       ; -0.068     ; 2.047      ;
; 7.892   ; rst                                                   ; gameboy:dut|PPU_Wrapper:ppu|Pixel_Gen:Pixel_Gen_inst|Render_BG:render_bg_inst|state.BG_FETCH_TILE_DATA    ; CLOCK3_50    ; CLOCK2_50   ; 10.000       ; -0.068     ; 2.047      ;
; 7.892   ; rst                                                   ; gameboy:dut|PPU_Wrapper:ppu|Pixel_Gen:Pixel_Gen_inst|Render_BG:render_bg_inst|state.BG_PROCESS_PIXELS     ; CLOCK3_50    ; CLOCK2_50   ; 10.000       ; -0.068     ; 2.047      ;
; 7.908   ; rst                                                   ; gameboy:dut|PPU_Wrapper:ppu|PPU_Mode_controller:mode_ctrl|dot[0]                                          ; CLOCK3_50    ; CLOCK2_50   ; 10.000       ; -0.069     ; 2.030      ;
; 7.908   ; rst                                                   ; gameboy:dut|PPU_Wrapper:ppu|PPU_Mode_controller:mode_ctrl|dot[6]                                          ; CLOCK3_50    ; CLOCK2_50   ; 10.000       ; -0.069     ; 2.030      ;
; 7.908   ; rst                                                   ; gameboy:dut|PPU_Wrapper:ppu|PPU_Mode_controller:mode_ctrl|dot[7]                                          ; CLOCK3_50    ; CLOCK2_50   ; 10.000       ; -0.069     ; 2.030      ;
; 7.908   ; rst                                                   ; gameboy:dut|PPU_Wrapper:ppu|PPU_Mode_controller:mode_ctrl|dot[8]                                          ; CLOCK3_50    ; CLOCK2_50   ; 10.000       ; -0.069     ; 2.030      ;
; 7.908   ; rst                                                   ; gameboy:dut|PPU_Wrapper:ppu|PPU_Mode_controller:mode_ctrl|dot[2]                                          ; CLOCK3_50    ; CLOCK2_50   ; 10.000       ; -0.069     ; 2.030      ;
; 7.908   ; rst                                                   ; gameboy:dut|PPU_Wrapper:ppu|PPU_Mode_controller:mode_ctrl|dot[3]                                          ; CLOCK3_50    ; CLOCK2_50   ; 10.000       ; -0.069     ; 2.030      ;
; 7.908   ; rst                                                   ; gameboy:dut|PPU_Wrapper:ppu|PPU_Mode_controller:mode_ctrl|dot[1]                                          ; CLOCK3_50    ; CLOCK2_50   ; 10.000       ; -0.069     ; 2.030      ;
; 7.908   ; rst                                                   ; gameboy:dut|PPU_Wrapper:ppu|PPU_Mode_controller:mode_ctrl|dot[5]                                          ; CLOCK3_50    ; CLOCK2_50   ; 10.000       ; -0.069     ; 2.030      ;
; 7.908   ; rst                                                   ; gameboy:dut|PPU_Wrapper:ppu|PPU_Mode_controller:mode_ctrl|dot[4]                                          ; CLOCK3_50    ; CLOCK2_50   ; 10.000       ; -0.069     ; 2.030      ;
; 7.997   ; rst                                                   ; gameboy:dut|PPU_Wrapper:ppu|OAM_Search:oam_search|selected_count[1]                                       ; CLOCK3_50    ; CLOCK2_50   ; 10.000       ; -0.076     ; 1.934      ;
; 7.997   ; rst                                                   ; gameboy:dut|PPU_Wrapper:ppu|OAM_Search:oam_search|selected_count[2]                                       ; CLOCK3_50    ; CLOCK2_50   ; 10.000       ; -0.076     ; 1.934      ;
; 7.997   ; rst                                                   ; gameboy:dut|PPU_Wrapper:ppu|OAM_Search:oam_search|selected_count[0]                                       ; CLOCK3_50    ; CLOCK2_50   ; 10.000       ; -0.076     ; 1.934      ;
; 7.997   ; rst                                                   ; gameboy:dut|PPU_Wrapper:ppu|OAM_Search:oam_search|selected_count[3]                                       ; CLOCK3_50    ; CLOCK2_50   ; 10.000       ; -0.076     ; 1.934      ;
; 8.004   ; rst                                                   ; gameboy:dut|PPU_Wrapper:ppu|Pixel_Gen:Pixel_Gen_inst|Render_BG:render_bg_inst|pixel_total[3]              ; CLOCK3_50    ; CLOCK2_50   ; 10.000       ; -0.070     ; 1.933      ;
; 8.004   ; rst                                                   ; gameboy:dut|PPU_Wrapper:ppu|Pixel_Gen:Pixel_Gen_inst|Render_BG:render_bg_inst|pixel_total[4]              ; CLOCK3_50    ; CLOCK2_50   ; 10.000       ; -0.070     ; 1.933      ;
; 8.004   ; rst                                                   ; gameboy:dut|PPU_Wrapper:ppu|Pixel_Gen:Pixel_Gen_inst|Render_BG:render_bg_inst|pixel_total[5]              ; CLOCK3_50    ; CLOCK2_50   ; 10.000       ; -0.070     ; 1.933      ;
; 8.004   ; rst                                                   ; gameboy:dut|PPU_Wrapper:ppu|Pixel_Gen:Pixel_Gen_inst|Render_BG:render_bg_inst|pixel_total[6]              ; CLOCK3_50    ; CLOCK2_50   ; 10.000       ; -0.070     ; 1.933      ;
; 8.004   ; rst                                                   ; gameboy:dut|PPU_Wrapper:ppu|Pixel_Gen:Pixel_Gen_inst|Render_BG:render_bg_inst|pixel_total[7]              ; CLOCK3_50    ; CLOCK2_50   ; 10.000       ; -0.070     ; 1.933      ;
; 8.004   ; rst                                                   ; gameboy:dut|PPU_Wrapper:ppu|Pixel_Gen:Pixel_Gen_inst|Render_BG:render_bg_inst|state.BG_DONE               ; CLOCK3_50    ; CLOCK2_50   ; 10.000       ; -0.070     ; 1.933      ;
; 8.024   ; rst                                                   ; gameboy:dut|PPU_Wrapper:ppu|Pixel_Gen:Pixel_Gen_inst|Render_BG:render_bg_inst|push_bg                     ; CLOCK3_50    ; CLOCK2_50   ; 10.000       ; -0.066     ; 1.917      ;
; 8.024   ; rst                                                   ; gameboy:dut|PPU_Wrapper:ppu|Pixel_Mixer:pixel_mixer_inst|pixel_out_valid                                  ; CLOCK3_50    ; CLOCK2_50   ; 10.000       ; -0.066     ; 1.917      ;
; 8.031   ; rst                                                   ; gameboy:dut|PPU_Wrapper:ppu|PPU_Mode_controller:mode_ctrl|fifo_clear                                      ; CLOCK3_50    ; CLOCK2_50   ; 10.000       ; -0.070     ; 1.906      ;
; 8.031   ; rst                                                   ; gameboy:dut|PPU_Wrapper:ppu|Pixel_Gen:Pixel_Gen_inst|Render_BG:render_bg_inst|bg_done                     ; CLOCK3_50    ; CLOCK2_50   ; 10.000       ; -0.070     ; 1.906      ;
; 8.031   ; rst                                                   ; gameboy:dut|PPU_Wrapper:ppu|Pixel_Gen:Pixel_Gen_inst|Render_Sprites:render_sprites_inst|state.IDLE        ; CLOCK3_50    ; CLOCK2_50   ; 10.000       ; -0.070     ; 1.906      ;
; 8.031   ; rst                                                   ; gameboy:dut|PPU_Wrapper:ppu|OAM_Search:oam_search|state.OAM_DONE                                          ; CLOCK3_50    ; CLOCK2_50   ; 10.000       ; -0.070     ; 1.906      ;
; 8.031   ; rst                                                   ; gameboy:dut|PPU_Wrapper:ppu|OAM_Search:oam_search|state.OAM_IDLE                                          ; CLOCK3_50    ; CLOCK2_50   ; 10.000       ; -0.070     ; 1.906      ;
; 8.031   ; rst                                                   ; gameboy:dut|PPU_Wrapper:ppu|OAM_Search:oam_search|state.OAM_SORT                                          ; CLOCK3_50    ; CLOCK2_50   ; 10.000       ; -0.070     ; 1.906      ;
; 8.031   ; rst                                                   ; gameboy:dut|PPU_Wrapper:ppu|PPU_Mode_controller:mode_ctrl|mode[1]                                         ; CLOCK3_50    ; CLOCK2_50   ; 10.000       ; -0.070     ; 1.906      ;
; 8.031   ; rst                                                   ; gameboy:dut|PPU_Wrapper:ppu|Pixel_Gen:Pixel_Gen_inst|Render_Sprites:render_sprites_inst|sprite_done       ; CLOCK3_50    ; CLOCK2_50   ; 10.000       ; -0.070     ; 1.906      ;
; 8.031   ; rst                                                   ; gameboy:dut|PPU_Wrapper:ppu|PPU_Mode_controller:mode_ctrl|mode[0]                                         ; CLOCK3_50    ; CLOCK2_50   ; 10.000       ; -0.070     ; 1.906      ;
; 8.031   ; rst                                                   ; gameboy:dut|PPU_Wrapper:ppu|Pixel_Gen:Pixel_Gen_inst|Render_BG:render_bg_inst|state.BG_IDLE               ; CLOCK3_50    ; CLOCK2_50   ; 10.000       ; -0.070     ; 1.906      ;
; 8.039   ; rst                                                   ; gameboy:dut|PPU_Wrapper:ppu|Pixel_Gen:Pixel_Gen_inst|FIFO:bg_fifo_inst|count[0]                           ; CLOCK3_50    ; CLOCK2_50   ; 10.000       ; -0.067     ; 1.901      ;
; 8.039   ; rst                                                   ; gameboy:dut|PPU_Wrapper:ppu|Pixel_Gen:Pixel_Gen_inst|FIFO:bg_fifo_inst|count[1]                           ; CLOCK3_50    ; CLOCK2_50   ; 10.000       ; -0.067     ; 1.901      ;
; 8.039   ; rst                                                   ; gameboy:dut|PPU_Wrapper:ppu|Pixel_Gen:Pixel_Gen_inst|FIFO:bg_fifo_inst|count[2]                           ; CLOCK3_50    ; CLOCK2_50   ; 10.000       ; -0.067     ; 1.901      ;
; 8.039   ; rst                                                   ; gameboy:dut|PPU_Wrapper:ppu|Pixel_Gen:Pixel_Gen_inst|FIFO:bg_fifo_inst|count[3]                           ; CLOCK3_50    ; CLOCK2_50   ; 10.000       ; -0.067     ; 1.901      ;
; 8.039   ; rst                                                   ; gameboy:dut|PPU_Wrapper:ppu|Pixel_Gen:Pixel_Gen_inst|FIFO:bg_fifo_inst|count[4]                           ; CLOCK3_50    ; CLOCK2_50   ; 10.000       ; -0.067     ; 1.901      ;
; 8.048   ; rst                                                   ; gameboy:dut|PPU_Wrapper:ppu|Pixel_Gen:Pixel_Gen_inst|Render_BG:render_bg_inst|scx_latched[0]              ; CLOCK3_50    ; CLOCK2_50   ; 10.000       ; -0.068     ; 1.891      ;
; 8.048   ; rst                                                   ; gameboy:dut|PPU_Wrapper:ppu|Pixel_Gen:Pixel_Gen_inst|Render_BG:render_bg_inst|scx_latched[1]              ; CLOCK3_50    ; CLOCK2_50   ; 10.000       ; -0.068     ; 1.891      ;
; 8.048   ; rst                                                   ; gameboy:dut|PPU_Wrapper:ppu|Pixel_Gen:Pixel_Gen_inst|Render_BG:render_bg_inst|scx_latched[2]              ; CLOCK3_50    ; CLOCK2_50   ; 10.000       ; -0.068     ; 1.891      ;
; 8.048   ; rst                                                   ; gameboy:dut|PPU_Wrapper:ppu|Pixel_Gen:Pixel_Gen_inst|Render_BG:render_bg_inst|scx_latched[3]              ; CLOCK3_50    ; CLOCK2_50   ; 10.000       ; -0.068     ; 1.891      ;
; 8.048   ; rst                                                   ; gameboy:dut|PPU_Wrapper:ppu|Pixel_Gen:Pixel_Gen_inst|Render_BG:render_bg_inst|scx_latched[4]              ; CLOCK3_50    ; CLOCK2_50   ; 10.000       ; -0.068     ; 1.891      ;
; 8.048   ; rst                                                   ; gameboy:dut|PPU_Wrapper:ppu|Pixel_Gen:Pixel_Gen_inst|Render_BG:render_bg_inst|scx_latched[5]              ; CLOCK3_50    ; CLOCK2_50   ; 10.000       ; -0.068     ; 1.891      ;
; 8.048   ; rst                                                   ; gameboy:dut|PPU_Wrapper:ppu|Pixel_Gen:Pixel_Gen_inst|Render_BG:render_bg_inst|scx_latched[6]              ; CLOCK3_50    ; CLOCK2_50   ; 10.000       ; -0.068     ; 1.891      ;
; 8.048   ; rst                                                   ; gameboy:dut|PPU_Wrapper:ppu|Pixel_Gen:Pixel_Gen_inst|Render_BG:render_bg_inst|scx_latched[7]              ; CLOCK3_50    ; CLOCK2_50   ; 10.000       ; -0.068     ; 1.891      ;
; 8.117   ; rst                                                   ; gameboy:dut|PPU_Wrapper:ppu|PPU_Mode_controller:mode_ctrl|line[0]                                         ; CLOCK3_50    ; CLOCK2_50   ; 10.000       ; -0.064     ; 1.826      ;
; 8.117   ; rst                                                   ; gameboy:dut|PPU_Wrapper:ppu|PPU_Mode_controller:mode_ctrl|line[1]                                         ; CLOCK3_50    ; CLOCK2_50   ; 10.000       ; -0.064     ; 1.826      ;
; 8.117   ; rst                                                   ; gameboy:dut|PPU_Wrapper:ppu|PPU_Mode_controller:mode_ctrl|line[2]                                         ; CLOCK3_50    ; CLOCK2_50   ; 10.000       ; -0.064     ; 1.826      ;
; 8.117   ; rst                                                   ; gameboy:dut|PPU_Wrapper:ppu|PPU_Mode_controller:mode_ctrl|line[3]                                         ; CLOCK3_50    ; CLOCK2_50   ; 10.000       ; -0.064     ; 1.826      ;
; 8.117   ; rst                                                   ; gameboy:dut|PPU_Wrapper:ppu|PPU_Mode_controller:mode_ctrl|line[4]                                         ; CLOCK3_50    ; CLOCK2_50   ; 10.000       ; -0.064     ; 1.826      ;
; 8.117   ; rst                                                   ; gameboy:dut|PPU_Wrapper:ppu|PPU_Mode_controller:mode_ctrl|line[5]                                         ; CLOCK3_50    ; CLOCK2_50   ; 10.000       ; -0.064     ; 1.826      ;
; 8.117   ; rst                                                   ; gameboy:dut|PPU_Wrapper:ppu|PPU_Mode_controller:mode_ctrl|line[7]                                         ; CLOCK3_50    ; CLOCK2_50   ; 10.000       ; -0.064     ; 1.826      ;
; 8.117   ; rst                                                   ; gameboy:dut|PPU_Wrapper:ppu|PPU_Mode_controller:mode_ctrl|line[6]                                         ; CLOCK3_50    ; CLOCK2_50   ; 10.000       ; -0.064     ; 1.826      ;
; 8.338   ; rst                                                   ; gameboy:dut|PPU_Wrapper:ppu|OAM_Search:oam_search|oam_index[0]                                            ; CLOCK3_50    ; CLOCK2_50   ; 10.000       ; -0.067     ; 1.602      ;
; 8.338   ; rst                                                   ; gameboy:dut|PPU_Wrapper:ppu|OAM_Search:oam_search|oam_index[1]                                            ; CLOCK3_50    ; CLOCK2_50   ; 10.000       ; -0.067     ; 1.602      ;
; 8.338   ; rst                                                   ; gameboy:dut|PPU_Wrapper:ppu|OAM_Search:oam_search|oam_index[2]                                            ; CLOCK3_50    ; CLOCK2_50   ; 10.000       ; -0.067     ; 1.602      ;
; 8.338   ; rst                                                   ; gameboy:dut|PPU_Wrapper:ppu|OAM_Search:oam_search|oam_index[3]                                            ; CLOCK3_50    ; CLOCK2_50   ; 10.000       ; -0.067     ; 1.602      ;
; 8.338   ; rst                                                   ; gameboy:dut|PPU_Wrapper:ppu|OAM_Search:oam_search|oam_index[4]                                            ; CLOCK3_50    ; CLOCK2_50   ; 10.000       ; -0.067     ; 1.602      ;
; 8.338   ; rst                                                   ; gameboy:dut|PPU_Wrapper:ppu|OAM_Search:oam_search|oam_index[5]                                            ; CLOCK3_50    ; CLOCK2_50   ; 10.000       ; -0.067     ; 1.602      ;
; 8.338   ; rst                                                   ; gameboy:dut|PPU_Wrapper:ppu|OAM_Search:oam_search|state.OAM_FETCH                                         ; CLOCK3_50    ; CLOCK2_50   ; 10.000       ; -0.067     ; 1.602      ;
; 247.493 ; gameboy:dut|MMU:mmu|IO_handler:io_registers|LCDC_R[7] ; gameboy:dut|PPU_Wrapper:ppu|Pixel_Gen:Pixel_Gen_inst|Render_Sprites:render_sprites_inst|use_sprite        ; CLOCK2_50    ; CLOCK2_50   ; 250.000      ; -0.061     ; 2.433      ;
; 247.574 ; gameboy:dut|MMU:mmu|IO_handler:io_registers|LCDC_R[7] ; gameboy:dut|PPU_Wrapper:ppu|OAM_Search:oam_search|sort_j[2]                                               ; CLOCK2_50    ; CLOCK2_50   ; 250.000      ; -0.070     ; 2.343      ;
+---------+-------------------------------------------------------+-----------------------------------------------------------------------------------------------------------+--------------+-------------+--------------+------------+------------+


+-------------------------------------------------------------------------------------------------------------------------------------------------------------------------------------------------------------------------------------------------+
; Fast 1200mV 0C Model Removal: 'CLOCK2_50'                                                                                                                                                                                                       ;
+-------+-------------------------------------------------------+-----------------------------------------------------------------------------------------------------------+--------------+-------------+--------------+------------+------------+
; Slack ; From Node                                             ; To Node                                                                                                   ; Launch Clock ; Latch Clock ; Relationship ; Clock Skew ; Data Delay ;
+-------+-------------------------------------------------------+-----------------------------------------------------------------------------------------------------------+--------------+-------------+--------------+------------+------------+
; 1.228 ; rst                                                   ; gameboy:dut|PPU_Wrapper:ppu|OAM_Search:oam_search|oam_index[0]                                            ; CLOCK3_50    ; CLOCK2_50   ; 0.000        ; 0.054      ; 1.366      ;
; 1.228 ; rst                                                   ; gameboy:dut|PPU_Wrapper:ppu|OAM_Search:oam_search|oam_index[1]                                            ; CLOCK3_50    ; CLOCK2_50   ; 0.000        ; 0.054      ; 1.366      ;
; 1.228 ; rst                                                   ; gameboy:dut|PPU_Wrapper:ppu|OAM_Search:oam_search|oam_index[2]                                            ; CLOCK3_50    ; CLOCK2_50   ; 0.000        ; 0.054      ; 1.366      ;
; 1.228 ; rst                                                   ; gameboy:dut|PPU_Wrapper:ppu|OAM_Search:oam_search|oam_index[3]                                            ; CLOCK3_50    ; CLOCK2_50   ; 0.000        ; 0.054      ; 1.366      ;
; 1.228 ; rst                                                   ; gameboy:dut|PPU_Wrapper:ppu|OAM_Search:oam_search|oam_index[4]                                            ; CLOCK3_50    ; CLOCK2_50   ; 0.000        ; 0.054      ; 1.366      ;
; 1.228 ; rst                                                   ; gameboy:dut|PPU_Wrapper:ppu|OAM_Search:oam_search|oam_index[5]                                            ; CLOCK3_50    ; CLOCK2_50   ; 0.000        ; 0.054      ; 1.366      ;
; 1.228 ; rst                                                   ; gameboy:dut|PPU_Wrapper:ppu|OAM_Search:oam_search|state.OAM_FETCH                                         ; CLOCK3_50    ; CLOCK2_50   ; 0.000        ; 0.054      ; 1.366      ;
; 1.420 ; rst                                                   ; gameboy:dut|PPU_Wrapper:ppu|PPU_Mode_controller:mode_ctrl|line[0]                                         ; CLOCK3_50    ; CLOCK2_50   ; 0.000        ; 0.057      ; 1.561      ;
; 1.420 ; rst                                                   ; gameboy:dut|PPU_Wrapper:ppu|PPU_Mode_controller:mode_ctrl|line[1]                                         ; CLOCK3_50    ; CLOCK2_50   ; 0.000        ; 0.057      ; 1.561      ;
; 1.420 ; rst                                                   ; gameboy:dut|PPU_Wrapper:ppu|PPU_Mode_controller:mode_ctrl|line[2]                                         ; CLOCK3_50    ; CLOCK2_50   ; 0.000        ; 0.057      ; 1.561      ;
; 1.420 ; rst                                                   ; gameboy:dut|PPU_Wrapper:ppu|PPU_Mode_controller:mode_ctrl|line[3]                                         ; CLOCK3_50    ; CLOCK2_50   ; 0.000        ; 0.057      ; 1.561      ;
; 1.420 ; rst                                                   ; gameboy:dut|PPU_Wrapper:ppu|PPU_Mode_controller:mode_ctrl|line[4]                                         ; CLOCK3_50    ; CLOCK2_50   ; 0.000        ; 0.057      ; 1.561      ;
; 1.420 ; rst                                                   ; gameboy:dut|PPU_Wrapper:ppu|PPU_Mode_controller:mode_ctrl|line[5]                                         ; CLOCK3_50    ; CLOCK2_50   ; 0.000        ; 0.057      ; 1.561      ;
; 1.420 ; rst                                                   ; gameboy:dut|PPU_Wrapper:ppu|PPU_Mode_controller:mode_ctrl|line[7]                                         ; CLOCK3_50    ; CLOCK2_50   ; 0.000        ; 0.057      ; 1.561      ;
; 1.420 ; rst                                                   ; gameboy:dut|PPU_Wrapper:ppu|PPU_Mode_controller:mode_ctrl|line[6]                                         ; CLOCK3_50    ; CLOCK2_50   ; 0.000        ; 0.057      ; 1.561      ;
; 1.442 ; gameboy:dut|MMU:mmu|IO_handler:io_registers|LCDC_R[7] ; gameboy:dut|PPU_Wrapper:ppu|OAM_Search:oam_search|oam_index[5]                                            ; CLOCK2_50    ; CLOCK2_50   ; 0.000        ; 0.033      ; 1.559      ;
; 1.442 ; gameboy:dut|MMU:mmu|IO_handler:io_registers|LCDC_R[7] ; gameboy:dut|PPU_Wrapper:ppu|OAM_Search:oam_search|oam_index[4]                                            ; CLOCK2_50    ; CLOCK2_50   ; 0.000        ; 0.033      ; 1.559      ;
; 1.442 ; gameboy:dut|MMU:mmu|IO_handler:io_registers|LCDC_R[7] ; gameboy:dut|PPU_Wrapper:ppu|OAM_Search:oam_search|oam_index[0]                                            ; CLOCK2_50    ; CLOCK2_50   ; 0.000        ; 0.033      ; 1.559      ;
; 1.442 ; gameboy:dut|MMU:mmu|IO_handler:io_registers|LCDC_R[7] ; gameboy:dut|PPU_Wrapper:ppu|OAM_Search:oam_search|oam_index[1]                                            ; CLOCK2_50    ; CLOCK2_50   ; 0.000        ; 0.033      ; 1.559      ;
; 1.442 ; gameboy:dut|MMU:mmu|IO_handler:io_registers|LCDC_R[7] ; gameboy:dut|PPU_Wrapper:ppu|OAM_Search:oam_search|oam_index[2]                                            ; CLOCK2_50    ; CLOCK2_50   ; 0.000        ; 0.033      ; 1.559      ;
; 1.442 ; gameboy:dut|MMU:mmu|IO_handler:io_registers|LCDC_R[7] ; gameboy:dut|PPU_Wrapper:ppu|OAM_Search:oam_search|oam_index[3]                                            ; CLOCK2_50    ; CLOCK2_50   ; 0.000        ; 0.033      ; 1.559      ;
; 1.442 ; gameboy:dut|MMU:mmu|IO_handler:io_registers|LCDC_R[7] ; gameboy:dut|PPU_Wrapper:ppu|OAM_Search:oam_search|state.OAM_FETCH                                         ; CLOCK2_50    ; CLOCK2_50   ; 0.000        ; 0.033      ; 1.559      ;
; 1.466 ; rst                                                   ; gameboy:dut|PPU_Wrapper:ppu|Pixel_Gen:Pixel_Gen_inst|Render_BG:render_bg_inst|scx_latched[0]              ; CLOCK3_50    ; CLOCK2_50   ; 0.000        ; 0.053      ; 1.603      ;
; 1.466 ; rst                                                   ; gameboy:dut|PPU_Wrapper:ppu|Pixel_Gen:Pixel_Gen_inst|Render_BG:render_bg_inst|scx_latched[1]              ; CLOCK3_50    ; CLOCK2_50   ; 0.000        ; 0.053      ; 1.603      ;
; 1.466 ; rst                                                   ; gameboy:dut|PPU_Wrapper:ppu|Pixel_Gen:Pixel_Gen_inst|Render_BG:render_bg_inst|scx_latched[2]              ; CLOCK3_50    ; CLOCK2_50   ; 0.000        ; 0.053      ; 1.603      ;
; 1.466 ; rst                                                   ; gameboy:dut|PPU_Wrapper:ppu|Pixel_Gen:Pixel_Gen_inst|Render_BG:render_bg_inst|scx_latched[3]              ; CLOCK3_50    ; CLOCK2_50   ; 0.000        ; 0.053      ; 1.603      ;
; 1.466 ; rst                                                   ; gameboy:dut|PPU_Wrapper:ppu|Pixel_Gen:Pixel_Gen_inst|Render_BG:render_bg_inst|scx_latched[4]              ; CLOCK3_50    ; CLOCK2_50   ; 0.000        ; 0.053      ; 1.603      ;
; 1.466 ; rst                                                   ; gameboy:dut|PPU_Wrapper:ppu|Pixel_Gen:Pixel_Gen_inst|Render_BG:render_bg_inst|scx_latched[5]              ; CLOCK3_50    ; CLOCK2_50   ; 0.000        ; 0.053      ; 1.603      ;
; 1.466 ; rst                                                   ; gameboy:dut|PPU_Wrapper:ppu|Pixel_Gen:Pixel_Gen_inst|Render_BG:render_bg_inst|scx_latched[6]              ; CLOCK3_50    ; CLOCK2_50   ; 0.000        ; 0.053      ; 1.603      ;
; 1.466 ; rst                                                   ; gameboy:dut|PPU_Wrapper:ppu|Pixel_Gen:Pixel_Gen_inst|Render_BG:render_bg_inst|scx_latched[7]              ; CLOCK3_50    ; CLOCK2_50   ; 0.000        ; 0.053      ; 1.603      ;
; 1.474 ; rst                                                   ; gameboy:dut|PPU_Wrapper:ppu|Pixel_Gen:Pixel_Gen_inst|FIFO:bg_fifo_inst|count[0]                           ; CLOCK3_50    ; CLOCK2_50   ; 0.000        ; 0.055      ; 1.613      ;
; 1.474 ; rst                                                   ; gameboy:dut|PPU_Wrapper:ppu|Pixel_Gen:Pixel_Gen_inst|FIFO:bg_fifo_inst|count[1]                           ; CLOCK3_50    ; CLOCK2_50   ; 0.000        ; 0.055      ; 1.613      ;
; 1.474 ; rst                                                   ; gameboy:dut|PPU_Wrapper:ppu|Pixel_Gen:Pixel_Gen_inst|FIFO:bg_fifo_inst|count[2]                           ; CLOCK3_50    ; CLOCK2_50   ; 0.000        ; 0.055      ; 1.613      ;
; 1.474 ; rst                                                   ; gameboy:dut|PPU_Wrapper:ppu|Pixel_Gen:Pixel_Gen_inst|FIFO:bg_fifo_inst|count[3]                           ; CLOCK3_50    ; CLOCK2_50   ; 0.000        ; 0.055      ; 1.613      ;
; 1.474 ; rst                                                   ; gameboy:dut|PPU_Wrapper:ppu|Pixel_Gen:Pixel_Gen_inst|FIFO:bg_fifo_inst|count[4]                           ; CLOCK3_50    ; CLOCK2_50   ; 0.000        ; 0.055      ; 1.613      ;
; 1.481 ; rst                                                   ; gameboy:dut|PPU_Wrapper:ppu|Pixel_Gen:Pixel_Gen_inst|Render_BG:render_bg_inst|push_bg                     ; CLOCK3_50    ; CLOCK2_50   ; 0.000        ; 0.056      ; 1.621      ;
; 1.481 ; rst                                                   ; gameboy:dut|PPU_Wrapper:ppu|Pixel_Mixer:pixel_mixer_inst|pixel_out_valid                                  ; CLOCK3_50    ; CLOCK2_50   ; 0.000        ; 0.056      ; 1.621      ;
; 1.482 ; rst                                                   ; gameboy:dut|PPU_Wrapper:ppu|PPU_Mode_controller:mode_ctrl|fifo_clear                                      ; CLOCK3_50    ; CLOCK2_50   ; 0.000        ; 0.051      ; 1.617      ;
; 1.482 ; rst                                                   ; gameboy:dut|PPU_Wrapper:ppu|Pixel_Gen:Pixel_Gen_inst|Render_BG:render_bg_inst|bg_done                     ; CLOCK3_50    ; CLOCK2_50   ; 0.000        ; 0.051      ; 1.617      ;
; 1.482 ; rst                                                   ; gameboy:dut|PPU_Wrapper:ppu|Pixel_Gen:Pixel_Gen_inst|Render_Sprites:render_sprites_inst|state.IDLE        ; CLOCK3_50    ; CLOCK2_50   ; 0.000        ; 0.051      ; 1.617      ;
; 1.482 ; rst                                                   ; gameboy:dut|PPU_Wrapper:ppu|OAM_Search:oam_search|state.OAM_DONE                                          ; CLOCK3_50    ; CLOCK2_50   ; 0.000        ; 0.051      ; 1.617      ;
; 1.482 ; rst                                                   ; gameboy:dut|PPU_Wrapper:ppu|OAM_Search:oam_search|state.OAM_IDLE                                          ; CLOCK3_50    ; CLOCK2_50   ; 0.000        ; 0.051      ; 1.617      ;
; 1.482 ; rst                                                   ; gameboy:dut|PPU_Wrapper:ppu|OAM_Search:oam_search|state.OAM_SORT                                          ; CLOCK3_50    ; CLOCK2_50   ; 0.000        ; 0.051      ; 1.617      ;
; 1.482 ; rst                                                   ; gameboy:dut|PPU_Wrapper:ppu|PPU_Mode_controller:mode_ctrl|mode[1]                                         ; CLOCK3_50    ; CLOCK2_50   ; 0.000        ; 0.051      ; 1.617      ;
; 1.482 ; rst                                                   ; gameboy:dut|PPU_Wrapper:ppu|Pixel_Gen:Pixel_Gen_inst|Render_Sprites:render_sprites_inst|sprite_done       ; CLOCK3_50    ; CLOCK2_50   ; 0.000        ; 0.051      ; 1.617      ;
; 1.482 ; rst                                                   ; gameboy:dut|PPU_Wrapper:ppu|PPU_Mode_controller:mode_ctrl|mode[0]                                         ; CLOCK3_50    ; CLOCK2_50   ; 0.000        ; 0.051      ; 1.617      ;
; 1.482 ; rst                                                   ; gameboy:dut|PPU_Wrapper:ppu|Pixel_Gen:Pixel_Gen_inst|Render_BG:render_bg_inst|state.BG_IDLE               ; CLOCK3_50    ; CLOCK2_50   ; 0.000        ; 0.051      ; 1.617      ;
; 1.490 ; rst                                                   ; gameboy:dut|PPU_Wrapper:ppu|Pixel_Gen:Pixel_Gen_inst|Render_BG:render_bg_inst|pixel_total[3]              ; CLOCK3_50    ; CLOCK2_50   ; 0.000        ; 0.052      ; 1.626      ;
; 1.490 ; rst                                                   ; gameboy:dut|PPU_Wrapper:ppu|Pixel_Gen:Pixel_Gen_inst|Render_BG:render_bg_inst|pixel_total[4]              ; CLOCK3_50    ; CLOCK2_50   ; 0.000        ; 0.052      ; 1.626      ;
; 1.490 ; rst                                                   ; gameboy:dut|PPU_Wrapper:ppu|Pixel_Gen:Pixel_Gen_inst|Render_BG:render_bg_inst|pixel_total[5]              ; CLOCK3_50    ; CLOCK2_50   ; 0.000        ; 0.052      ; 1.626      ;
; 1.490 ; rst                                                   ; gameboy:dut|PPU_Wrapper:ppu|Pixel_Gen:Pixel_Gen_inst|Render_BG:render_bg_inst|pixel_total[6]              ; CLOCK3_50    ; CLOCK2_50   ; 0.000        ; 0.052      ; 1.626      ;
; 1.490 ; rst                                                   ; gameboy:dut|PPU_Wrapper:ppu|Pixel_Gen:Pixel_Gen_inst|Render_BG:render_bg_inst|pixel_total[7]              ; CLOCK3_50    ; CLOCK2_50   ; 0.000        ; 0.052      ; 1.626      ;
; 1.490 ; rst                                                   ; gameboy:dut|PPU_Wrapper:ppu|Pixel_Gen:Pixel_Gen_inst|Render_BG:render_bg_inst|state.BG_DONE               ; CLOCK3_50    ; CLOCK2_50   ; 0.000        ; 0.052      ; 1.626      ;
; 1.507 ; rst                                                   ; gameboy:dut|PPU_Wrapper:ppu|OAM_Search:oam_search|selected_count[1]                                       ; CLOCK3_50    ; CLOCK2_50   ; 0.000        ; 0.045      ; 1.636      ;
; 1.507 ; rst                                                   ; gameboy:dut|PPU_Wrapper:ppu|OAM_Search:oam_search|selected_count[2]                                       ; CLOCK3_50    ; CLOCK2_50   ; 0.000        ; 0.045      ; 1.636      ;
; 1.507 ; rst                                                   ; gameboy:dut|PPU_Wrapper:ppu|OAM_Search:oam_search|selected_count[0]                                       ; CLOCK3_50    ; CLOCK2_50   ; 0.000        ; 0.045      ; 1.636      ;
; 1.507 ; rst                                                   ; gameboy:dut|PPU_Wrapper:ppu|OAM_Search:oam_search|selected_count[3]                                       ; CLOCK3_50    ; CLOCK2_50   ; 0.000        ; 0.045      ; 1.636      ;
; 1.587 ; rst                                                   ; gameboy:dut|PPU_Wrapper:ppu|PPU_Mode_controller:mode_ctrl|dot[0]                                          ; CLOCK3_50    ; CLOCK2_50   ; 0.000        ; 0.053      ; 1.724      ;
; 1.587 ; rst                                                   ; gameboy:dut|PPU_Wrapper:ppu|PPU_Mode_controller:mode_ctrl|dot[6]                                          ; CLOCK3_50    ; CLOCK2_50   ; 0.000        ; 0.053      ; 1.724      ;
; 1.587 ; rst                                                   ; gameboy:dut|PPU_Wrapper:ppu|PPU_Mode_controller:mode_ctrl|dot[7]                                          ; CLOCK3_50    ; CLOCK2_50   ; 0.000        ; 0.053      ; 1.724      ;
; 1.587 ; rst                                                   ; gameboy:dut|PPU_Wrapper:ppu|PPU_Mode_controller:mode_ctrl|dot[8]                                          ; CLOCK3_50    ; CLOCK2_50   ; 0.000        ; 0.053      ; 1.724      ;
; 1.587 ; rst                                                   ; gameboy:dut|PPU_Wrapper:ppu|PPU_Mode_controller:mode_ctrl|dot[2]                                          ; CLOCK3_50    ; CLOCK2_50   ; 0.000        ; 0.053      ; 1.724      ;
; 1.587 ; rst                                                   ; gameboy:dut|PPU_Wrapper:ppu|PPU_Mode_controller:mode_ctrl|dot[3]                                          ; CLOCK3_50    ; CLOCK2_50   ; 0.000        ; 0.053      ; 1.724      ;
; 1.587 ; rst                                                   ; gameboy:dut|PPU_Wrapper:ppu|PPU_Mode_controller:mode_ctrl|dot[1]                                          ; CLOCK3_50    ; CLOCK2_50   ; 0.000        ; 0.053      ; 1.724      ;
; 1.587 ; rst                                                   ; gameboy:dut|PPU_Wrapper:ppu|PPU_Mode_controller:mode_ctrl|dot[5]                                          ; CLOCK3_50    ; CLOCK2_50   ; 0.000        ; 0.053      ; 1.724      ;
; 1.587 ; rst                                                   ; gameboy:dut|PPU_Wrapper:ppu|PPU_Mode_controller:mode_ctrl|dot[4]                                          ; CLOCK3_50    ; CLOCK2_50   ; 0.000        ; 0.053      ; 1.724      ;
; 1.598 ; rst                                                   ; gameboy:dut|PPU_Wrapper:ppu|Pixel_Gen:Pixel_Gen_inst|Render_BG:render_bg_inst|pixel_index[0]              ; CLOCK3_50    ; CLOCK2_50   ; 0.000        ; 0.054      ; 1.736      ;
; 1.598 ; rst                                                   ; gameboy:dut|PPU_Wrapper:ppu|Pixel_Gen:Pixel_Gen_inst|Render_BG:render_bg_inst|pixel_index[1]              ; CLOCK3_50    ; CLOCK2_50   ; 0.000        ; 0.054      ; 1.736      ;
; 1.598 ; rst                                                   ; gameboy:dut|PPU_Wrapper:ppu|Pixel_Gen:Pixel_Gen_inst|Render_BG:render_bg_inst|pixel_index[2]              ; CLOCK3_50    ; CLOCK2_50   ; 0.000        ; 0.054      ; 1.736      ;
; 1.598 ; rst                                                   ; gameboy:dut|PPU_Wrapper:ppu|Pixel_Gen:Pixel_Gen_inst|Render_BG:render_bg_inst|state.BG_FETCH_TILE         ; CLOCK3_50    ; CLOCK2_50   ; 0.000        ; 0.054      ; 1.736      ;
; 1.598 ; rst                                                   ; gameboy:dut|PPU_Wrapper:ppu|Pixel_Gen:Pixel_Gen_inst|Render_BG:render_bg_inst|state.BG_FETCH_TILE_MAP     ; CLOCK3_50    ; CLOCK2_50   ; 0.000        ; 0.054      ; 1.736      ;
; 1.598 ; rst                                                   ; gameboy:dut|PPU_Wrapper:ppu|Pixel_Gen:Pixel_Gen_inst|Render_BG:render_bg_inst|state.BG_FETCH_TILE_DATA    ; CLOCK3_50    ; CLOCK2_50   ; 0.000        ; 0.054      ; 1.736      ;
; 1.598 ; rst                                                   ; gameboy:dut|PPU_Wrapper:ppu|Pixel_Gen:Pixel_Gen_inst|Render_BG:render_bg_inst|state.BG_PROCESS_PIXELS     ; CLOCK3_50    ; CLOCK2_50   ; 0.000        ; 0.054      ; 1.736      ;
; 1.654 ; gameboy:dut|MMU:mmu|IO_handler:io_registers|LCDC_R[7] ; gameboy:dut|PPU_Wrapper:ppu|PPU_Mode_controller:mode_ctrl|line[6]                                         ; CLOCK2_50    ; CLOCK2_50   ; 0.000        ; 0.036      ; 1.774      ;
; 1.654 ; gameboy:dut|MMU:mmu|IO_handler:io_registers|LCDC_R[7] ; gameboy:dut|PPU_Wrapper:ppu|PPU_Mode_controller:mode_ctrl|line[1]                                         ; CLOCK2_50    ; CLOCK2_50   ; 0.000        ; 0.036      ; 1.774      ;
; 1.654 ; gameboy:dut|MMU:mmu|IO_handler:io_registers|LCDC_R[7] ; gameboy:dut|PPU_Wrapper:ppu|PPU_Mode_controller:mode_ctrl|line[0]                                         ; CLOCK2_50    ; CLOCK2_50   ; 0.000        ; 0.036      ; 1.774      ;
; 1.654 ; gameboy:dut|MMU:mmu|IO_handler:io_registers|LCDC_R[7] ; gameboy:dut|PPU_Wrapper:ppu|PPU_Mode_controller:mode_ctrl|line[2]                                         ; CLOCK2_50    ; CLOCK2_50   ; 0.000        ; 0.036      ; 1.774      ;
; 1.654 ; gameboy:dut|MMU:mmu|IO_handler:io_registers|LCDC_R[7] ; gameboy:dut|PPU_Wrapper:ppu|PPU_Mode_controller:mode_ctrl|line[4]                                         ; CLOCK2_50    ; CLOCK2_50   ; 0.000        ; 0.036      ; 1.774      ;
; 1.654 ; gameboy:dut|MMU:mmu|IO_handler:io_registers|LCDC_R[7] ; gameboy:dut|PPU_Wrapper:ppu|PPU_Mode_controller:mode_ctrl|line[3]                                         ; CLOCK2_50    ; CLOCK2_50   ; 0.000        ; 0.036      ; 1.774      ;
; 1.654 ; gameboy:dut|MMU:mmu|IO_handler:io_registers|LCDC_R[7] ; gameboy:dut|PPU_Wrapper:ppu|PPU_Mode_controller:mode_ctrl|line[7]                                         ; CLOCK2_50    ; CLOCK2_50   ; 0.000        ; 0.036      ; 1.774      ;
; 1.654 ; gameboy:dut|MMU:mmu|IO_handler:io_registers|LCDC_R[7] ; gameboy:dut|PPU_Wrapper:ppu|PPU_Mode_controller:mode_ctrl|line[5]                                         ; CLOCK2_50    ; CLOCK2_50   ; 0.000        ; 0.036      ; 1.774      ;
; 1.712 ; rst                                                   ; gameboy:dut|PPU_Wrapper:ppu|Pixel_Gen:Pixel_Gen_inst|Render_Sprites:render_sprites_inst|x_coord[3]        ; CLOCK3_50    ; CLOCK2_50   ; 0.000        ; 0.042      ; 1.838      ;
; 1.712 ; rst                                                   ; gameboy:dut|PPU_Wrapper:ppu|Pixel_Gen:Pixel_Gen_inst|Render_Sprites:render_sprites_inst|x_coord[4]        ; CLOCK3_50    ; CLOCK2_50   ; 0.000        ; 0.042      ; 1.838      ;
; 1.712 ; rst                                                   ; gameboy:dut|PPU_Wrapper:ppu|Pixel_Gen:Pixel_Gen_inst|Render_Sprites:render_sprites_inst|x_coord[6]        ; CLOCK3_50    ; CLOCK2_50   ; 0.000        ; 0.042      ; 1.838      ;
; 1.712 ; rst                                                   ; gameboy:dut|PPU_Wrapper:ppu|Pixel_Gen:Pixel_Gen_inst|Render_Sprites:render_sprites_inst|x_coord[7]        ; CLOCK3_50    ; CLOCK2_50   ; 0.000        ; 0.042      ; 1.838      ;
; 1.712 ; rst                                                   ; gameboy:dut|PPU_Wrapper:ppu|Pixel_Gen:Pixel_Gen_inst|Render_Sprites:render_sprites_inst|x_coord[5]        ; CLOCK3_50    ; CLOCK2_50   ; 0.000        ; 0.042      ; 1.838      ;
; 1.712 ; rst                                                   ; gameboy:dut|PPU_Wrapper:ppu|Pixel_Gen:Pixel_Gen_inst|Render_Sprites:render_sprites_inst|x_coord[8]        ; CLOCK3_50    ; CLOCK2_50   ; 0.000        ; 0.042      ; 1.838      ;
; 1.712 ; rst                                                   ; gameboy:dut|PPU_Wrapper:ppu|Pixel_Gen:Pixel_Gen_inst|Render_Sprites:render_sprites_inst|x_coord[9]        ; CLOCK3_50    ; CLOCK2_50   ; 0.000        ; 0.042      ; 1.838      ;
; 1.712 ; rst                                                   ; gameboy:dut|PPU_Wrapper:ppu|Pixel_Gen:Pixel_Gen_inst|Render_Sprites:render_sprites_inst|state.DONE        ; CLOCK3_50    ; CLOCK2_50   ; 0.000        ; 0.042      ; 1.838      ;
; 1.714 ; rst                                                   ; gameboy:dut|PPU_Wrapper:ppu|Pixel_Gen:Pixel_Gen_inst|Render_Sprites:render_sprites_inst|state.FETCH_TILE  ; CLOCK3_50    ; CLOCK2_50   ; 0.000        ; 0.045      ; 1.843      ;
; 1.714 ; rst                                                   ; gameboy:dut|PPU_Wrapper:ppu|Pixel_Gen:Pixel_Gen_inst|Render_Sprites:render_sprites_inst|state.DUMP_PIXELS ; CLOCK3_50    ; CLOCK2_50   ; 0.000        ; 0.045      ; 1.843      ;
; 1.714 ; rst                                                   ; gameboy:dut|PPU_Wrapper:ppu|Pixel_Gen:Pixel_Gen_inst|Render_Sprites:render_sprites_inst|state.SCAN_CHECK  ; CLOCK3_50    ; CLOCK2_50   ; 0.000        ; 0.045      ; 1.843      ;
; 1.721 ; rst                                                   ; gameboy:dut|PPU_Wrapper:ppu|Pixel_Gen:Pixel_Gen_inst|Render_Sprites:render_sprites_inst|x_coord[0]        ; CLOCK3_50    ; CLOCK2_50   ; 0.000        ; 0.044      ; 1.849      ;
; 1.721 ; rst                                                   ; gameboy:dut|PPU_Wrapper:ppu|Pixel_Gen:Pixel_Gen_inst|Render_Sprites:render_sprites_inst|x_coord[1]        ; CLOCK3_50    ; CLOCK2_50   ; 0.000        ; 0.044      ; 1.849      ;
; 1.721 ; rst                                                   ; gameboy:dut|PPU_Wrapper:ppu|Pixel_Gen:Pixel_Gen_inst|Render_Sprites:render_sprites_inst|x_coord[2]        ; CLOCK3_50    ; CLOCK2_50   ; 0.000        ; 0.044      ; 1.849      ;
; 1.721 ; rst                                                   ; gameboy:dut|PPU_Wrapper:ppu|Pixel_Gen:Pixel_Gen_inst|Render_Sprites:render_sprites_inst|pixel_index[0]    ; CLOCK3_50    ; CLOCK2_50   ; 0.000        ; 0.044      ; 1.849      ;
; 1.721 ; rst                                                   ; gameboy:dut|PPU_Wrapper:ppu|Pixel_Gen:Pixel_Gen_inst|Render_Sprites:render_sprites_inst|pixel_index[1]    ; CLOCK3_50    ; CLOCK2_50   ; 0.000        ; 0.044      ; 1.849      ;
; 1.721 ; rst                                                   ; gameboy:dut|PPU_Wrapper:ppu|Pixel_Gen:Pixel_Gen_inst|Render_Sprites:render_sprites_inst|pixel_index[2]    ; CLOCK3_50    ; CLOCK2_50   ; 0.000        ; 0.044      ; 1.849      ;
; 1.721 ; gameboy:dut|MMU:mmu|IO_handler:io_registers|LCDC_R[7] ; gameboy:dut|PPU_Wrapper:ppu|Pixel_Gen:Pixel_Gen_inst|Render_BG:render_bg_inst|scx_latched[0]              ; CLOCK2_50    ; CLOCK2_50   ; 0.000        ; 0.032      ; 1.837      ;
; 1.721 ; gameboy:dut|MMU:mmu|IO_handler:io_registers|LCDC_R[7] ; gameboy:dut|PPU_Wrapper:ppu|Pixel_Gen:Pixel_Gen_inst|Render_BG:render_bg_inst|scx_latched[1]              ; CLOCK2_50    ; CLOCK2_50   ; 0.000        ; 0.032      ; 1.837      ;
+-------+-------------------------------------------------------+-----------------------------------------------------------------------------------------------------------+--------------+-------------+--------------+------------+------------+


----------------------------------------------
; Fast 1200mV 0C Model Metastability Summary ;
----------------------------------------------
The design MTBF is not calculated because there are no specified synchronizers in the design.
Number of Synchronizer Chains Found: 49
Shortest Synchronizer Chain: 2 Registers
Fraction of Chains for which MTBFs Could Not be Calculated: 1.000
Worst Case Available Settling Time: 222.975 ns




+------------------------------------------------------------------------------+
; Multicorner Timing Analysis Summary                                          ;
+------------------+--------+-------+----------+---------+---------------------+
; Clock            ; Setup  ; Hold  ; Recovery ; Removal ; Minimum Pulse Width ;
+------------------+--------+-------+----------+---------+---------------------+
; Worst-case Slack ; 1.734  ; 0.181 ; 5.383    ; 1.228   ; 9.444               ;
;  CLOCK2_50       ; 3.599  ; 0.181 ; 5.383    ; 1.228   ; 124.441             ;
;  CLOCK3_50       ; 15.747 ; 0.292 ; N/A      ; N/A     ; 9.444               ;
;  CLOCK_50        ; 1.734  ; 0.181 ; N/A      ; N/A     ; 61.872              ;
; Design-wide TNS  ; 0.0    ; 0.0   ; 0.0      ; 0.0     ; 0.0                 ;
;  CLOCK2_50       ; 0.000  ; 0.000 ; 0.000    ; 0.000   ; 0.000               ;
;  CLOCK3_50       ; 0.000  ; 0.000 ; N/A      ; N/A     ; 0.000               ;
;  CLOCK_50        ; 0.000  ; 0.000 ; N/A      ; N/A     ; 0.000               ;
+------------------+--------+-------+----------+---------+---------------------+


+------------------------------------------------------------------------------------------------------------------------------------------------------------------------------------------------------------------------------------------------------------------------------------------------------------------------------------------------------------------------------------------------------------------+
; Board Trace Model Assignments                                                                                                                                                                                                                                                                                                                                                                                    ;
+---------------+--------------+-------------------+-------------------------+-------------------------+---------------+---------------------+----------------+------------------+--------+------------------+------------------------+------------------------+--------------+---------------+-----------------+-------+---------------------+--------------------+---------------+-----------------+-------------+
; Pin           ; I/O Standard ; Near Tline Length ; Near Tline L per Length ; Near Tline C per Length ; Near Series R ; Near Differential R ; Near Pull-up R ; Near Pull-down R ; Near C ; Far Tline Length ; Far Tline L per Length ; Far Tline C per Length ; Far Series R ; Far Pull-up R ; Far Pull-down R ; Far C ; Termination Voltage ; Far Differential R ; EBD File Name ; EBD Signal Name ; EBD Far-end ;
+---------------+--------------+-------------------+-------------------------+-------------------------+---------------+---------------------+----------------+------------------+--------+------------------+------------------------+------------------------+--------------+---------------+-----------------+-------+---------------------+--------------------+---------------+-----------------+-------------+
; LEDR[0]       ; 2.5 V        ; 0 in              ; 0 H/in                  ; 0 F/in                  ; short         ; -                   ; open           ; open             ; open   ; 0 in             ; 0 H/in                 ; 0 F/in                 ; short        ; open          ; open            ; open  ; 0 V                 ; -                  ; n/a           ; n/a             ; n/a         ;
; LEDR[1]       ; 2.5 V        ; 0 in              ; 0 H/in                  ; 0 F/in                  ; short         ; -                   ; open           ; open             ; open   ; 0 in             ; 0 H/in                 ; 0 F/in                 ; short        ; open          ; open            ; open  ; 0 V                 ; -                  ; n/a           ; n/a             ; n/a         ;
; LEDR[2]       ; 2.5 V        ; 0 in              ; 0 H/in                  ; 0 F/in                  ; short         ; -                   ; open           ; open             ; open   ; 0 in             ; 0 H/in                 ; 0 F/in                 ; short        ; open          ; open            ; open  ; 0 V                 ; -                  ; n/a           ; n/a             ; n/a         ;
; LEDR[3]       ; 2.5 V        ; 0 in              ; 0 H/in                  ; 0 F/in                  ; short         ; -                   ; open           ; open             ; open   ; 0 in             ; 0 H/in                 ; 0 F/in                 ; short        ; open          ; open            ; open  ; 0 V                 ; -                  ; n/a           ; n/a             ; n/a         ;
; LEDR[4]       ; 2.5 V        ; 0 in              ; 0 H/in                  ; 0 F/in                  ; short         ; -                   ; open           ; open             ; open   ; 0 in             ; 0 H/in                 ; 0 F/in                 ; short        ; open          ; open            ; open  ; 0 V                 ; -                  ; n/a           ; n/a             ; n/a         ;
; LEDR[5]       ; 2.5 V        ; 0 in              ; 0 H/in                  ; 0 F/in                  ; short         ; -                   ; open           ; open             ; open   ; 0 in             ; 0 H/in                 ; 0 F/in                 ; short        ; open          ; open            ; open  ; 0 V                 ; -                  ; n/a           ; n/a             ; n/a         ;
; LEDR[6]       ; 2.5 V        ; 0 in              ; 0 H/in                  ; 0 F/in                  ; short         ; -                   ; open           ; open             ; open   ; 0 in             ; 0 H/in                 ; 0 F/in                 ; short        ; open          ; open            ; open  ; 0 V                 ; -                  ; n/a           ; n/a             ; n/a         ;
; LEDR[7]       ; 2.5 V        ; 0 in              ; 0 H/in                  ; 0 F/in                  ; short         ; -                   ; open           ; open             ; open   ; 0 in             ; 0 H/in                 ; 0 F/in                 ; short        ; open          ; open            ; open  ; 0 V                 ; -                  ; n/a           ; n/a             ; n/a         ;
; LEDR[8]       ; 2.5 V        ; 0 in              ; 0 H/in                  ; 0 F/in                  ; short         ; -                   ; open           ; open             ; open   ; 0 in             ; 0 H/in                 ; 0 F/in                 ; short        ; open          ; open            ; open  ; 0 V                 ; -                  ; n/a           ; n/a             ; n/a         ;
; LEDR[9]       ; 2.5 V        ; 0 in              ; 0 H/in                  ; 0 F/in                  ; short         ; -                   ; open           ; open             ; open   ; 0 in             ; 0 H/in                 ; 0 F/in                 ; short        ; open          ; open            ; open  ; 0 V                 ; -                  ; n/a           ; n/a             ; n/a         ;
; LEDR[10]      ; 2.5 V        ; 0 in              ; 0 H/in                  ; 0 F/in                  ; short         ; -                   ; open           ; open             ; open   ; 0 in             ; 0 H/in                 ; 0 F/in                 ; short        ; open          ; open            ; open  ; 0 V                 ; -                  ; n/a           ; n/a             ; n/a         ;
; LEDR[11]      ; 2.5 V        ; 0 in              ; 0 H/in                  ; 0 F/in                  ; short         ; -                   ; open           ; open             ; open   ; 0 in             ; 0 H/in                 ; 0 F/in                 ; short        ; open          ; open            ; open  ; 0 V                 ; -                  ; n/a           ; n/a             ; n/a         ;
; LEDR[12]      ; 2.5 V        ; 0 in              ; 0 H/in                  ; 0 F/in                  ; short         ; -                   ; open           ; open             ; open   ; 0 in             ; 0 H/in                 ; 0 F/in                 ; short        ; open          ; open            ; open  ; 0 V                 ; -                  ; n/a           ; n/a             ; n/a         ;
; LEDR[13]      ; 2.5 V        ; 0 in              ; 0 H/in                  ; 0 F/in                  ; short         ; -                   ; open           ; open             ; open   ; 0 in             ; 0 H/in                 ; 0 F/in                 ; short        ; open          ; open            ; open  ; 0 V                 ; -                  ; n/a           ; n/a             ; n/a         ;
; LEDR[14]      ; 2.5 V        ; 0 in              ; 0 H/in                  ; 0 F/in                  ; short         ; -                   ; open           ; open             ; open   ; 0 in             ; 0 H/in                 ; 0 F/in                 ; short        ; open          ; open            ; open  ; 0 V                 ; -                  ; n/a           ; n/a             ; n/a         ;
; LEDR[15]      ; 2.5 V        ; 0 in              ; 0 H/in                  ; 0 F/in                  ; short         ; -                   ; open           ; open             ; open   ; 0 in             ; 0 H/in                 ; 0 F/in                 ; short        ; open          ; open            ; open  ; 0 V                 ; -                  ; n/a           ; n/a             ; n/a         ;
; LEDR[16]      ; 2.5 V        ; 0 in              ; 0 H/in                  ; 0 F/in                  ; short         ; -                   ; open           ; open             ; open   ; 0 in             ; 0 H/in                 ; 0 F/in                 ; short        ; open          ; open            ; open  ; 0 V                 ; -                  ; n/a           ; n/a             ; n/a         ;
; LEDR[17]      ; 2.5 V        ; 0 in              ; 0 H/in                  ; 0 F/in                  ; short         ; -                   ; open           ; open             ; open   ; 0 in             ; 0 H/in                 ; 0 F/in                 ; short        ; open          ; open            ; open  ; 0 V                 ; -                  ; n/a           ; n/a             ; n/a         ;
; LEDG[0]       ; 2.5 V        ; 0 in              ; 0 H/in                  ; 0 F/in                  ; short         ; -                   ; open           ; open             ; open   ; 0 in             ; 0 H/in                 ; 0 F/in                 ; short        ; open          ; open            ; open  ; 0 V                 ; -                  ; n/a           ; n/a             ; n/a         ;
; LEDG[1]       ; 2.5 V        ; 0 in              ; 0 H/in                  ; 0 F/in                  ; short         ; -                   ; open           ; open             ; open   ; 0 in             ; 0 H/in                 ; 0 F/in                 ; short        ; open          ; open            ; open  ; 0 V                 ; -                  ; n/a           ; n/a             ; n/a         ;
; LEDG[2]       ; 2.5 V        ; 0 in              ; 0 H/in                  ; 0 F/in                  ; short         ; -                   ; open           ; open             ; open   ; 0 in             ; 0 H/in                 ; 0 F/in                 ; short        ; open          ; open            ; open  ; 0 V                 ; -                  ; n/a           ; n/a             ; n/a         ;
; LEDG[3]       ; 2.5 V        ; 0 in              ; 0 H/in                  ; 0 F/in                  ; short         ; -                   ; open           ; open             ; open   ; 0 in             ; 0 H/in                 ; 0 F/in                 ; short        ; open          ; open            ; open  ; 0 V                 ; -                  ; n/a           ; n/a             ; n/a         ;
; LEDG[4]       ; 2.5 V        ; 0 in              ; 0 H/in                  ; 0 F/in                  ; short         ; -                   ; open           ; open             ; open   ; 0 in             ; 0 H/in                 ; 0 F/in                 ; short        ; open          ; open            ; open  ; 0 V                 ; -                  ; n/a           ; n/a             ; n/a         ;
; LEDG[5]       ; 2.5 V        ; 0 in              ; 0 H/in                  ; 0 F/in                  ; short         ; -                   ; open           ; open             ; open   ; 0 in             ; 0 H/in                 ; 0 F/in                 ; short        ; open          ; open            ; open  ; 0 V                 ; -                  ; n/a           ; n/a             ; n/a         ;
; LEDG[6]       ; 2.5 V        ; 0 in              ; 0 H/in                  ; 0 F/in                  ; short         ; -                   ; open           ; open             ; open   ; 0 in             ; 0 H/in                 ; 0 F/in                 ; short        ; open          ; open            ; open  ; 0 V                 ; -                  ; n/a           ; n/a             ; n/a         ;
; LEDG[7]       ; 2.5 V        ; 0 in              ; 0 H/in                  ; 0 F/in                  ; short         ; -                   ; open           ; open             ; open   ; 0 in             ; 0 H/in                 ; 0 F/in                 ; short        ; open          ; open            ; open  ; 0 V                 ; -                  ; n/a           ; n/a             ; n/a         ;
; LEDG[8]       ; 2.5 V        ; 0 in              ; 0 H/in                  ; 0 F/in                  ; short         ; -                   ; open           ; open             ; open   ; 0 in             ; 0 H/in                 ; 0 F/in                 ; short        ; open          ; open            ; open  ; 0 V                 ; -                  ; n/a           ; n/a             ; n/a         ;
; HEX0[0]       ; 2.5 V        ; 0 in              ; 0 H/in                  ; 0 F/in                  ; short         ; -                   ; open           ; open             ; open   ; 0 in             ; 0 H/in                 ; 0 F/in                 ; short        ; open          ; open            ; open  ; 0 V                 ; -                  ; n/a           ; n/a             ; n/a         ;
; HEX0[1]       ; 2.5 V        ; 0 in              ; 0 H/in                  ; 0 F/in                  ; short         ; -                   ; open           ; open             ; open   ; 0 in             ; 0 H/in                 ; 0 F/in                 ; short        ; open          ; open            ; open  ; 0 V                 ; -                  ; n/a           ; n/a             ; n/a         ;
; HEX0[2]       ; 2.5 V        ; 0 in              ; 0 H/in                  ; 0 F/in                  ; short         ; -                   ; open           ; open             ; open   ; 0 in             ; 0 H/in                 ; 0 F/in                 ; short        ; open          ; open            ; open  ; 0 V                 ; -                  ; n/a           ; n/a             ; n/a         ;
; HEX0[3]       ; 2.5 V        ; 0 in              ; 0 H/in                  ; 0 F/in                  ; short         ; -                   ; open           ; open             ; open   ; 0 in             ; 0 H/in                 ; 0 F/in                 ; short        ; open          ; open            ; open  ; 0 V                 ; -                  ; n/a           ; n/a             ; n/a         ;
; HEX0[4]       ; 2.5 V        ; 0 in              ; 0 H/in                  ; 0 F/in                  ; short         ; -                   ; open           ; open             ; open   ; 0 in             ; 0 H/in                 ; 0 F/in                 ; short        ; open          ; open            ; open  ; 0 V                 ; -                  ; n/a           ; n/a             ; n/a         ;
; HEX0[5]       ; 2.5 V        ; 0 in              ; 0 H/in                  ; 0 F/in                  ; short         ; -                   ; open           ; open             ; open   ; 0 in             ; 0 H/in                 ; 0 F/in                 ; short        ; open          ; open            ; open  ; 0 V                 ; -                  ; n/a           ; n/a             ; n/a         ;
; HEX0[6]       ; 2.5 V        ; 0 in              ; 0 H/in                  ; 0 F/in                  ; short         ; -                   ; open           ; open             ; open   ; 0 in             ; 0 H/in                 ; 0 F/in                 ; short        ; open          ; open            ; open  ; 0 V                 ; -                  ; n/a           ; n/a             ; n/a         ;
; HEX1[0]       ; 2.5 V        ; 0 in              ; 0 H/in                  ; 0 F/in                  ; short         ; -                   ; open           ; open             ; open   ; 0 in             ; 0 H/in                 ; 0 F/in                 ; short        ; open          ; open            ; open  ; 0 V                 ; -                  ; n/a           ; n/a             ; n/a         ;
; HEX1[1]       ; 2.5 V        ; 0 in              ; 0 H/in                  ; 0 F/in                  ; short         ; -                   ; open           ; open             ; open   ; 0 in             ; 0 H/in                 ; 0 F/in                 ; short        ; open          ; open            ; open  ; 0 V                 ; -                  ; n/a           ; n/a             ; n/a         ;
; HEX1[2]       ; 2.5 V        ; 0 in              ; 0 H/in                  ; 0 F/in                  ; short         ; -                   ; open           ; open             ; open   ; 0 in             ; 0 H/in                 ; 0 F/in                 ; short        ; open          ; open            ; open  ; 0 V                 ; -                  ; n/a           ; n/a             ; n/a         ;
; HEX1[3]       ; 2.5 V        ; 0 in              ; 0 H/in                  ; 0 F/in                  ; short         ; -                   ; open           ; open             ; open   ; 0 in             ; 0 H/in                 ; 0 F/in                 ; short        ; open          ; open            ; open  ; 0 V                 ; -                  ; n/a           ; n/a             ; n/a         ;
; HEX1[4]       ; 2.5 V        ; 0 in              ; 0 H/in                  ; 0 F/in                  ; short         ; -                   ; open           ; open             ; open   ; 0 in             ; 0 H/in                 ; 0 F/in                 ; short        ; open          ; open            ; open  ; 0 V                 ; -                  ; n/a           ; n/a             ; n/a         ;
; HEX1[5]       ; 2.5 V        ; 0 in              ; 0 H/in                  ; 0 F/in                  ; short         ; -                   ; open           ; open             ; open   ; 0 in             ; 0 H/in                 ; 0 F/in                 ; short        ; open          ; open            ; open  ; 0 V                 ; -                  ; n/a           ; n/a             ; n/a         ;
; HEX1[6]       ; 2.5 V        ; 0 in              ; 0 H/in                  ; 0 F/in                  ; short         ; -                   ; open           ; open             ; open   ; 0 in             ; 0 H/in                 ; 0 F/in                 ; short        ; open          ; open            ; open  ; 0 V                 ; -                  ; n/a           ; n/a             ; n/a         ;
; HEX2[0]       ; 2.5 V        ; 0 in              ; 0 H/in                  ; 0 F/in                  ; short         ; -                   ; open           ; open             ; open   ; 0 in             ; 0 H/in                 ; 0 F/in                 ; short        ; open          ; open            ; open  ; 0 V                 ; -                  ; n/a           ; n/a             ; n/a         ;
; HEX2[1]       ; 2.5 V        ; 0 in              ; 0 H/in                  ; 0 F/in                  ; short         ; -                   ; open           ; open             ; open   ; 0 in             ; 0 H/in                 ; 0 F/in                 ; short        ; open          ; open            ; open  ; 0 V                 ; -                  ; n/a           ; n/a             ; n/a         ;
; HEX2[2]       ; 2.5 V        ; 0 in              ; 0 H/in                  ; 0 F/in                  ; short         ; -                   ; open           ; open             ; open   ; 0 in             ; 0 H/in                 ; 0 F/in                 ; short        ; open          ; open            ; open  ; 0 V                 ; -                  ; n/a           ; n/a             ; n/a         ;
; HEX2[3]       ; 2.5 V        ; 0 in              ; 0 H/in                  ; 0 F/in                  ; short         ; -                   ; open           ; open             ; open   ; 0 in             ; 0 H/in                 ; 0 F/in                 ; short        ; open          ; open            ; open  ; 0 V                 ; -                  ; n/a           ; n/a             ; n/a         ;
; HEX2[4]       ; 2.5 V        ; 0 in              ; 0 H/in                  ; 0 F/in                  ; short         ; -                   ; open           ; open             ; open   ; 0 in             ; 0 H/in                 ; 0 F/in                 ; short        ; open          ; open            ; open  ; 0 V                 ; -                  ; n/a           ; n/a             ; n/a         ;
; HEX2[5]       ; 2.5 V        ; 0 in              ; 0 H/in                  ; 0 F/in                  ; short         ; -                   ; open           ; open             ; open   ; 0 in             ; 0 H/in                 ; 0 F/in                 ; short        ; open          ; open            ; open  ; 0 V                 ; -                  ; n/a           ; n/a             ; n/a         ;
; HEX2[6]       ; 2.5 V        ; 0 in              ; 0 H/in                  ; 0 F/in                  ; short         ; -                   ; open           ; open             ; open   ; 0 in             ; 0 H/in                 ; 0 F/in                 ; short        ; open          ; open            ; open  ; 0 V                 ; -                  ; n/a           ; n/a             ; n/a         ;
; HEX3[0]       ; 2.5 V        ; 0 in              ; 0 H/in                  ; 0 F/in                  ; short         ; -                   ; open           ; open             ; open   ; 0 in             ; 0 H/in                 ; 0 F/in                 ; short        ; open          ; open            ; open  ; 0 V                 ; -                  ; n/a           ; n/a             ; n/a         ;
; HEX3[1]       ; 2.5 V        ; 0 in              ; 0 H/in                  ; 0 F/in                  ; short         ; -                   ; open           ; open             ; open   ; 0 in             ; 0 H/in                 ; 0 F/in                 ; short        ; open          ; open            ; open  ; 0 V                 ; -                  ; n/a           ; n/a             ; n/a         ;
; HEX3[2]       ; 2.5 V        ; 0 in              ; 0 H/in                  ; 0 F/in                  ; short         ; -                   ; open           ; open             ; open   ; 0 in             ; 0 H/in                 ; 0 F/in                 ; short        ; open          ; open            ; open  ; 0 V                 ; -                  ; n/a           ; n/a             ; n/a         ;
; HEX3[3]       ; 2.5 V        ; 0 in              ; 0 H/in                  ; 0 F/in                  ; short         ; -                   ; open           ; open             ; open   ; 0 in             ; 0 H/in                 ; 0 F/in                 ; short        ; open          ; open            ; open  ; 0 V                 ; -                  ; n/a           ; n/a             ; n/a         ;
; HEX3[4]       ; 2.5 V        ; 0 in              ; 0 H/in                  ; 0 F/in                  ; short         ; -                   ; open           ; open             ; open   ; 0 in             ; 0 H/in                 ; 0 F/in                 ; short        ; open          ; open            ; open  ; 0 V                 ; -                  ; n/a           ; n/a             ; n/a         ;
; HEX3[5]       ; 2.5 V        ; 0 in              ; 0 H/in                  ; 0 F/in                  ; short         ; -                   ; open           ; open             ; open   ; 0 in             ; 0 H/in                 ; 0 F/in                 ; short        ; open          ; open            ; open  ; 0 V                 ; -                  ; n/a           ; n/a             ; n/a         ;
; HEX3[6]       ; 2.5 V        ; 0 in              ; 0 H/in                  ; 0 F/in                  ; short         ; -                   ; open           ; open             ; open   ; 0 in             ; 0 H/in                 ; 0 F/in                 ; short        ; open          ; open            ; open  ; 0 V                 ; -                  ; n/a           ; n/a             ; n/a         ;
; HEX4[0]       ; 2.5 V        ; 0 in              ; 0 H/in                  ; 0 F/in                  ; short         ; -                   ; open           ; open             ; open   ; 0 in             ; 0 H/in                 ; 0 F/in                 ; short        ; open          ; open            ; open  ; 0 V                 ; -                  ; n/a           ; n/a             ; n/a         ;
; HEX4[1]       ; 2.5 V        ; 0 in              ; 0 H/in                  ; 0 F/in                  ; short         ; -                   ; open           ; open             ; open   ; 0 in             ; 0 H/in                 ; 0 F/in                 ; short        ; open          ; open            ; open  ; 0 V                 ; -                  ; n/a           ; n/a             ; n/a         ;
; HEX4[2]       ; 2.5 V        ; 0 in              ; 0 H/in                  ; 0 F/in                  ; short         ; -                   ; open           ; open             ; open   ; 0 in             ; 0 H/in                 ; 0 F/in                 ; short        ; open          ; open            ; open  ; 0 V                 ; -                  ; n/a           ; n/a             ; n/a         ;
; HEX4[3]       ; 2.5 V        ; 0 in              ; 0 H/in                  ; 0 F/in                  ; short         ; -                   ; open           ; open             ; open   ; 0 in             ; 0 H/in                 ; 0 F/in                 ; short        ; open          ; open            ; open  ; 0 V                 ; -                  ; n/a           ; n/a             ; n/a         ;
; HEX4[4]       ; 2.5 V        ; 0 in              ; 0 H/in                  ; 0 F/in                  ; short         ; -                   ; open           ; open             ; open   ; 0 in             ; 0 H/in                 ; 0 F/in                 ; short        ; open          ; open            ; open  ; 0 V                 ; -                  ; n/a           ; n/a             ; n/a         ;
; HEX4[5]       ; 2.5 V        ; 0 in              ; 0 H/in                  ; 0 F/in                  ; short         ; -                   ; open           ; open             ; open   ; 0 in             ; 0 H/in                 ; 0 F/in                 ; short        ; open          ; open            ; open  ; 0 V                 ; -                  ; n/a           ; n/a             ; n/a         ;
; HEX4[6]       ; 2.5 V        ; 0 in              ; 0 H/in                  ; 0 F/in                  ; short         ; -                   ; open           ; open             ; open   ; 0 in             ; 0 H/in                 ; 0 F/in                 ; short        ; open          ; open            ; open  ; 0 V                 ; -                  ; n/a           ; n/a             ; n/a         ;
; HEX5[0]       ; 2.5 V        ; 0 in              ; 0 H/in                  ; 0 F/in                  ; short         ; -                   ; open           ; open             ; open   ; 0 in             ; 0 H/in                 ; 0 F/in                 ; short        ; open          ; open            ; open  ; 0 V                 ; -                  ; n/a           ; n/a             ; n/a         ;
; HEX5[1]       ; 2.5 V        ; 0 in              ; 0 H/in                  ; 0 F/in                  ; short         ; -                   ; open           ; open             ; open   ; 0 in             ; 0 H/in                 ; 0 F/in                 ; short        ; open          ; open            ; open  ; 0 V                 ; -                  ; n/a           ; n/a             ; n/a         ;
; HEX5[2]       ; 2.5 V        ; 0 in              ; 0 H/in                  ; 0 F/in                  ; short         ; -                   ; open           ; open             ; open   ; 0 in             ; 0 H/in                 ; 0 F/in                 ; short        ; open          ; open            ; open  ; 0 V                 ; -                  ; n/a           ; n/a             ; n/a         ;
; HEX5[3]       ; 2.5 V        ; 0 in              ; 0 H/in                  ; 0 F/in                  ; short         ; -                   ; open           ; open             ; open   ; 0 in             ; 0 H/in                 ; 0 F/in                 ; short        ; open          ; open            ; open  ; 0 V                 ; -                  ; n/a           ; n/a             ; n/a         ;
; HEX5[4]       ; 2.5 V        ; 0 in              ; 0 H/in                  ; 0 F/in                  ; short         ; -                   ; open           ; open             ; open   ; 0 in             ; 0 H/in                 ; 0 F/in                 ; short        ; open          ; open            ; open  ; 0 V                 ; -                  ; n/a           ; n/a             ; n/a         ;
; HEX5[5]       ; 2.5 V        ; 0 in              ; 0 H/in                  ; 0 F/in                  ; short         ; -                   ; open           ; open             ; open   ; 0 in             ; 0 H/in                 ; 0 F/in                 ; short        ; open          ; open            ; open  ; 0 V                 ; -                  ; n/a           ; n/a             ; n/a         ;
; HEX5[6]       ; 2.5 V        ; 0 in              ; 0 H/in                  ; 0 F/in                  ; short         ; -                   ; open           ; open             ; open   ; 0 in             ; 0 H/in                 ; 0 F/in                 ; short        ; open          ; open            ; open  ; 0 V                 ; -                  ; n/a           ; n/a             ; n/a         ;
; HEX6[0]       ; 2.5 V        ; 0 in              ; 0 H/in                  ; 0 F/in                  ; short         ; -                   ; open           ; open             ; open   ; 0 in             ; 0 H/in                 ; 0 F/in                 ; short        ; open          ; open            ; open  ; 0 V                 ; -                  ; n/a           ; n/a             ; n/a         ;
; HEX6[1]       ; 2.5 V        ; 0 in              ; 0 H/in                  ; 0 F/in                  ; short         ; -                   ; open           ; open             ; open   ; 0 in             ; 0 H/in                 ; 0 F/in                 ; short        ; open          ; open            ; open  ; 0 V                 ; -                  ; n/a           ; n/a             ; n/a         ;
; HEX6[2]       ; 2.5 V        ; 0 in              ; 0 H/in                  ; 0 F/in                  ; short         ; -                   ; open           ; open             ; open   ; 0 in             ; 0 H/in                 ; 0 F/in                 ; short        ; open          ; open            ; open  ; 0 V                 ; -                  ; n/a           ; n/a             ; n/a         ;
; HEX6[3]       ; 2.5 V        ; 0 in              ; 0 H/in                  ; 0 F/in                  ; short         ; -                   ; open           ; open             ; open   ; 0 in             ; 0 H/in                 ; 0 F/in                 ; short        ; open          ; open            ; open  ; 0 V                 ; -                  ; n/a           ; n/a             ; n/a         ;
; HEX6[4]       ; 2.5 V        ; 0 in              ; 0 H/in                  ; 0 F/in                  ; short         ; -                   ; open           ; open             ; open   ; 0 in             ; 0 H/in                 ; 0 F/in                 ; short        ; open          ; open            ; open  ; 0 V                 ; -                  ; n/a           ; n/a             ; n/a         ;
; HEX6[5]       ; 2.5 V        ; 0 in              ; 0 H/in                  ; 0 F/in                  ; short         ; -                   ; open           ; open             ; open   ; 0 in             ; 0 H/in                 ; 0 F/in                 ; short        ; open          ; open            ; open  ; 0 V                 ; -                  ; n/a           ; n/a             ; n/a         ;
; HEX6[6]       ; 2.5 V        ; 0 in              ; 0 H/in                  ; 0 F/in                  ; short         ; -                   ; open           ; open             ; open   ; 0 in             ; 0 H/in                 ; 0 F/in                 ; short        ; open          ; open            ; open  ; 0 V                 ; -                  ; n/a           ; n/a             ; n/a         ;
; HEX7[0]       ; 2.5 V        ; 0 in              ; 0 H/in                  ; 0 F/in                  ; short         ; -                   ; open           ; open             ; open   ; 0 in             ; 0 H/in                 ; 0 F/in                 ; short        ; open          ; open            ; open  ; 0 V                 ; -                  ; n/a           ; n/a             ; n/a         ;
; HEX7[1]       ; 2.5 V        ; 0 in              ; 0 H/in                  ; 0 F/in                  ; short         ; -                   ; open           ; open             ; open   ; 0 in             ; 0 H/in                 ; 0 F/in                 ; short        ; open          ; open            ; open  ; 0 V                 ; -                  ; n/a           ; n/a             ; n/a         ;
; HEX7[2]       ; 2.5 V        ; 0 in              ; 0 H/in                  ; 0 F/in                  ; short         ; -                   ; open           ; open             ; open   ; 0 in             ; 0 H/in                 ; 0 F/in                 ; short        ; open          ; open            ; open  ; 0 V                 ; -                  ; n/a           ; n/a             ; n/a         ;
; HEX7[3]       ; 2.5 V        ; 0 in              ; 0 H/in                  ; 0 F/in                  ; short         ; -                   ; open           ; open             ; open   ; 0 in             ; 0 H/in                 ; 0 F/in                 ; short        ; open          ; open            ; open  ; 0 V                 ; -                  ; n/a           ; n/a             ; n/a         ;
; HEX7[4]       ; 2.5 V        ; 0 in              ; 0 H/in                  ; 0 F/in                  ; short         ; -                   ; open           ; open             ; open   ; 0 in             ; 0 H/in                 ; 0 F/in                 ; short        ; open          ; open            ; open  ; 0 V                 ; -                  ; n/a           ; n/a             ; n/a         ;
; HEX7[5]       ; 2.5 V        ; 0 in              ; 0 H/in                  ; 0 F/in                  ; short         ; -                   ; open           ; open             ; open   ; 0 in             ; 0 H/in                 ; 0 F/in                 ; short        ; open          ; open            ; open  ; 0 V                 ; -                  ; n/a           ; n/a             ; n/a         ;
; HEX7[6]       ; 2.5 V        ; 0 in              ; 0 H/in                  ; 0 F/in                  ; short         ; -                   ; open           ; open             ; open   ; 0 in             ; 0 H/in                 ; 0 F/in                 ; short        ; open          ; open            ; open  ; 0 V                 ; -                  ; n/a           ; n/a             ; n/a         ;
; VGA_R[0]      ; 2.5 V        ; 0 in              ; 0 H/in                  ; 0 F/in                  ; short         ; -                   ; open           ; open             ; open   ; 0 in             ; 0 H/in                 ; 0 F/in                 ; short        ; open          ; open            ; open  ; 0 V                 ; -                  ; n/a           ; n/a             ; n/a         ;
; VGA_R[1]      ; 2.5 V        ; 0 in              ; 0 H/in                  ; 0 F/in                  ; short         ; -                   ; open           ; open             ; open   ; 0 in             ; 0 H/in                 ; 0 F/in                 ; short        ; open          ; open            ; open  ; 0 V                 ; -                  ; n/a           ; n/a             ; n/a         ;
; VGA_R[2]      ; 2.5 V        ; 0 in              ; 0 H/in                  ; 0 F/in                  ; short         ; -                   ; open           ; open             ; open   ; 0 in             ; 0 H/in                 ; 0 F/in                 ; short        ; open          ; open            ; open  ; 0 V                 ; -                  ; n/a           ; n/a             ; n/a         ;
; VGA_R[3]      ; 2.5 V        ; 0 in              ; 0 H/in                  ; 0 F/in                  ; short         ; -                   ; open           ; open             ; open   ; 0 in             ; 0 H/in                 ; 0 F/in                 ; short        ; open          ; open            ; open  ; 0 V                 ; -                  ; n/a           ; n/a             ; n/a         ;
; VGA_R[4]      ; 2.5 V        ; 0 in              ; 0 H/in                  ; 0 F/in                  ; short         ; -                   ; open           ; open             ; open   ; 0 in             ; 0 H/in                 ; 0 F/in                 ; short        ; open          ; open            ; open  ; 0 V                 ; -                  ; n/a           ; n/a             ; n/a         ;
; VGA_R[5]      ; 2.5 V        ; 0 in              ; 0 H/in                  ; 0 F/in                  ; short         ; -                   ; open           ; open             ; open   ; 0 in             ; 0 H/in                 ; 0 F/in                 ; short        ; open          ; open            ; open  ; 0 V                 ; -                  ; n/a           ; n/a             ; n/a         ;
; VGA_R[6]      ; 2.5 V        ; 0 in              ; 0 H/in                  ; 0 F/in                  ; short         ; -                   ; open           ; open             ; open   ; 0 in             ; 0 H/in                 ; 0 F/in                 ; short        ; open          ; open            ; open  ; 0 V                 ; -                  ; n/a           ; n/a             ; n/a         ;
; VGA_R[7]      ; 2.5 V        ; 0 in              ; 0 H/in                  ; 0 F/in                  ; short         ; -                   ; open           ; open             ; open   ; 0 in             ; 0 H/in                 ; 0 F/in                 ; short        ; open          ; open            ; open  ; 0 V                 ; -                  ; n/a           ; n/a             ; n/a         ;
; VGA_G[0]      ; 2.5 V        ; 0 in              ; 0 H/in                  ; 0 F/in                  ; short         ; -                   ; open           ; open             ; open   ; 0 in             ; 0 H/in                 ; 0 F/in                 ; short        ; open          ; open            ; open  ; 0 V                 ; -                  ; n/a           ; n/a             ; n/a         ;
; VGA_G[1]      ; 2.5 V        ; 0 in              ; 0 H/in                  ; 0 F/in                  ; short         ; -                   ; open           ; open             ; open   ; 0 in             ; 0 H/in                 ; 0 F/in                 ; short        ; open          ; open            ; open  ; 0 V                 ; -                  ; n/a           ; n/a             ; n/a         ;
; VGA_G[2]      ; 2.5 V        ; 0 in              ; 0 H/in                  ; 0 F/in                  ; short         ; -                   ; open           ; open             ; open   ; 0 in             ; 0 H/in                 ; 0 F/in                 ; short        ; open          ; open            ; open  ; 0 V                 ; -                  ; n/a           ; n/a             ; n/a         ;
; VGA_G[3]      ; 2.5 V        ; 0 in              ; 0 H/in                  ; 0 F/in                  ; short         ; -                   ; open           ; open             ; open   ; 0 in             ; 0 H/in                 ; 0 F/in                 ; short        ; open          ; open            ; open  ; 0 V                 ; -                  ; n/a           ; n/a             ; n/a         ;
; VGA_G[4]      ; 2.5 V        ; 0 in              ; 0 H/in                  ; 0 F/in                  ; short         ; -                   ; open           ; open             ; open   ; 0 in             ; 0 H/in                 ; 0 F/in                 ; short        ; open          ; open            ; open  ; 0 V                 ; -                  ; n/a           ; n/a             ; n/a         ;
; VGA_G[5]      ; 2.5 V        ; 0 in              ; 0 H/in                  ; 0 F/in                  ; short         ; -                   ; open           ; open             ; open   ; 0 in             ; 0 H/in                 ; 0 F/in                 ; short        ; open          ; open            ; open  ; 0 V                 ; -                  ; n/a           ; n/a             ; n/a         ;
; VGA_G[6]      ; 2.5 V        ; 0 in              ; 0 H/in                  ; 0 F/in                  ; short         ; -                   ; open           ; open             ; open   ; 0 in             ; 0 H/in                 ; 0 F/in                 ; short        ; open          ; open            ; open  ; 0 V                 ; -                  ; n/a           ; n/a             ; n/a         ;
; VGA_G[7]      ; 2.5 V        ; 0 in              ; 0 H/in                  ; 0 F/in                  ; short         ; -                   ; open           ; open             ; open   ; 0 in             ; 0 H/in                 ; 0 F/in                 ; short        ; open          ; open            ; open  ; 0 V                 ; -                  ; n/a           ; n/a             ; n/a         ;
; VGA_B[0]      ; 2.5 V        ; 0 in              ; 0 H/in                  ; 0 F/in                  ; short         ; -                   ; open           ; open             ; open   ; 0 in             ; 0 H/in                 ; 0 F/in                 ; short        ; open          ; open            ; open  ; 0 V                 ; -                  ; n/a           ; n/a             ; n/a         ;
; VGA_B[1]      ; 2.5 V        ; 0 in              ; 0 H/in                  ; 0 F/in                  ; short         ; -                   ; open           ; open             ; open   ; 0 in             ; 0 H/in                 ; 0 F/in                 ; short        ; open          ; open            ; open  ; 0 V                 ; -                  ; n/a           ; n/a             ; n/a         ;
; VGA_B[2]      ; 2.5 V        ; 0 in              ; 0 H/in                  ; 0 F/in                  ; short         ; -                   ; open           ; open             ; open   ; 0 in             ; 0 H/in                 ; 0 F/in                 ; short        ; open          ; open            ; open  ; 0 V                 ; -                  ; n/a           ; n/a             ; n/a         ;
; VGA_B[3]      ; 2.5 V        ; 0 in              ; 0 H/in                  ; 0 F/in                  ; short         ; -                   ; open           ; open             ; open   ; 0 in             ; 0 H/in                 ; 0 F/in                 ; short        ; open          ; open            ; open  ; 0 V                 ; -                  ; n/a           ; n/a             ; n/a         ;
; VGA_B[4]      ; 2.5 V        ; 0 in              ; 0 H/in                  ; 0 F/in                  ; short         ; -                   ; open           ; open             ; open   ; 0 in             ; 0 H/in                 ; 0 F/in                 ; short        ; open          ; open            ; open  ; 0 V                 ; -                  ; n/a           ; n/a             ; n/a         ;
; VGA_B[5]      ; 2.5 V        ; 0 in              ; 0 H/in                  ; 0 F/in                  ; short         ; -                   ; open           ; open             ; open   ; 0 in             ; 0 H/in                 ; 0 F/in                 ; short        ; open          ; open            ; open  ; 0 V                 ; -                  ; n/a           ; n/a             ; n/a         ;
; VGA_B[6]      ; 2.5 V        ; 0 in              ; 0 H/in                  ; 0 F/in                  ; short         ; -                   ; open           ; open             ; open   ; 0 in             ; 0 H/in                 ; 0 F/in                 ; short        ; open          ; open            ; open  ; 0 V                 ; -                  ; n/a           ; n/a             ; n/a         ;
; VGA_B[7]      ; 2.5 V        ; 0 in              ; 0 H/in                  ; 0 F/in                  ; short         ; -                   ; open           ; open             ; open   ; 0 in             ; 0 H/in                 ; 0 F/in                 ; short        ; open          ; open            ; open  ; 0 V                 ; -                  ; n/a           ; n/a             ; n/a         ;
; VGA_BLANK_N   ; 2.5 V        ; 0 in              ; 0 H/in                  ; 0 F/in                  ; short         ; -                   ; open           ; open             ; open   ; 0 in             ; 0 H/in                 ; 0 F/in                 ; short        ; open          ; open            ; open  ; 0 V                 ; -                  ; n/a           ; n/a             ; n/a         ;
; VGA_CLK       ; 2.5 V        ; 0 in              ; 0 H/in                  ; 0 F/in                  ; short         ; -                   ; open           ; open             ; open   ; 0 in             ; 0 H/in                 ; 0 F/in                 ; short        ; open          ; open            ; open  ; 0 V                 ; -                  ; n/a           ; n/a             ; n/a         ;
; VGA_SYNC_N    ; 2.5 V        ; 0 in              ; 0 H/in                  ; 0 F/in                  ; short         ; -                   ; open           ; open             ; open   ; 0 in             ; 0 H/in                 ; 0 F/in                 ; short        ; open          ; open            ; open  ; 0 V                 ; -                  ; n/a           ; n/a             ; n/a         ;
; VGA_VS        ; 2.5 V        ; 0 in              ; 0 H/in                  ; 0 F/in                  ; short         ; -                   ; open           ; open             ; open   ; 0 in             ; 0 H/in                 ; 0 F/in                 ; short        ; open          ; open            ; open  ; 0 V                 ; -                  ; n/a           ; n/a             ; n/a         ;
; VGA_HS        ; 2.5 V        ; 0 in              ; 0 H/in                  ; 0 F/in                  ; short         ; -                   ; open           ; open             ; open   ; 0 in             ; 0 H/in                 ; 0 F/in                 ; short        ; open          ; open            ; open  ; 0 V                 ; -                  ; n/a           ; n/a             ; n/a         ;
; ~ALTERA_DCLK~ ; 2.5 V        ; 0 in              ; 0 H/in                  ; 0 F/in                  ; short         ; -                   ; open           ; open             ; open   ; 0 in             ; 0 H/in                 ; 0 F/in                 ; short        ; open          ; open            ; open  ; 0 V                 ; -                  ; n/a           ; n/a             ; n/a         ;
; ~ALTERA_nCEO~ ; 2.5 V        ; 0 in              ; 0 H/in                  ; 0 F/in                  ; short         ; -                   ; open           ; open             ; open   ; 0 in             ; 0 H/in                 ; 0 F/in                 ; short        ; open          ; open            ; open  ; 0 V                 ; -                  ; n/a           ; n/a             ; n/a         ;
+---------------+--------------+-------------------+-------------------------+-------------------------+---------------+---------------------+----------------+------------------+--------+------------------+------------------------+------------------------+--------------+---------------+-----------------+-------+---------------------+--------------------+---------------+-----------------+-------------+


+----------------------------------------------------------------------------+
; Input Transition Times                                                     ;
+-------------------------+--------------+-----------------+-----------------+
; Pin                     ; I/O Standard ; 10-90 Rise Time ; 90-10 Fall Time ;
+-------------------------+--------------+-----------------+-----------------+
; KEY[1]                  ; 2.5 V        ; 2000 ps         ; 2000 ps         ;
; KEY[2]                  ; 2.5 V        ; 2000 ps         ; 2000 ps         ;
; KEY[3]                  ; 2.5 V        ; 2000 ps         ; 2000 ps         ;
; GPIO[8]                 ; 2.5 V        ; 2000 ps         ; 2000 ps         ;
; GPIO[9]                 ; 2.5 V        ; 2000 ps         ; 2000 ps         ;
; GPIO[10]                ; 2.5 V        ; 2000 ps         ; 2000 ps         ;
; GPIO[11]                ; 2.5 V        ; 2000 ps         ; 2000 ps         ;
; GPIO[12]                ; 2.5 V        ; 2000 ps         ; 2000 ps         ;
; GPIO[13]                ; 2.5 V        ; 2000 ps         ; 2000 ps         ;
; GPIO[14]                ; 2.5 V        ; 2000 ps         ; 2000 ps         ;
; GPIO[15]                ; 2.5 V        ; 2000 ps         ; 2000 ps         ;
; GPIO[16]                ; 2.5 V        ; 2000 ps         ; 2000 ps         ;
; GPIO[17]                ; 2.5 V        ; 2000 ps         ; 2000 ps         ;
; GPIO[18]                ; 2.5 V        ; 2000 ps         ; 2000 ps         ;
; GPIO[19]                ; 2.5 V        ; 2000 ps         ; 2000 ps         ;
; GPIO[20]                ; 2.5 V        ; 2000 ps         ; 2000 ps         ;
; GPIO[21]                ; 2.5 V        ; 2000 ps         ; 2000 ps         ;
; GPIO[22]                ; 2.5 V        ; 2000 ps         ; 2000 ps         ;
; GPIO[23]                ; 2.5 V        ; 2000 ps         ; 2000 ps         ;
; GPIO[24]                ; 2.5 V        ; 2000 ps         ; 2000 ps         ;
; GPIO[25]                ; 2.5 V        ; 2000 ps         ; 2000 ps         ;
; GPIO[26]                ; 2.5 V        ; 2000 ps         ; 2000 ps         ;
; GPIO[27]                ; 2.5 V        ; 2000 ps         ; 2000 ps         ;
; GPIO[28]                ; 2.5 V        ; 2000 ps         ; 2000 ps         ;
; GPIO[29]                ; 2.5 V        ; 2000 ps         ; 2000 ps         ;
; GPIO[30]                ; 2.5 V        ; 2000 ps         ; 2000 ps         ;
; GPIO[31]                ; 2.5 V        ; 2000 ps         ; 2000 ps         ;
; GPIO[32]                ; 2.5 V        ; 2000 ps         ; 2000 ps         ;
; GPIO[33]                ; 2.5 V        ; 2000 ps         ; 2000 ps         ;
; GPIO[34]                ; 2.5 V        ; 2000 ps         ; 2000 ps         ;
; GPIO[35]                ; 2.5 V        ; 2000 ps         ; 2000 ps         ;
; SW[0]                   ; 2.5 V        ; 2000 ps         ; 2000 ps         ;
; SW[1]                   ; 2.5 V        ; 2000 ps         ; 2000 ps         ;
; SW[2]                   ; 2.5 V        ; 2000 ps         ; 2000 ps         ;
; SW[3]                   ; 2.5 V        ; 2000 ps         ; 2000 ps         ;
; SW[4]                   ; 2.5 V        ; 2000 ps         ; 2000 ps         ;
; SW[5]                   ; 2.5 V        ; 2000 ps         ; 2000 ps         ;
; SW[6]                   ; 2.5 V        ; 2000 ps         ; 2000 ps         ;
; SW[7]                   ; 2.5 V        ; 2000 ps         ; 2000 ps         ;
; SW[8]                   ; 2.5 V        ; 2000 ps         ; 2000 ps         ;
; SW[9]                   ; 2.5 V        ; 2000 ps         ; 2000 ps         ;
; SW[10]                  ; 2.5 V        ; 2000 ps         ; 2000 ps         ;
; SW[11]                  ; 2.5 V        ; 2000 ps         ; 2000 ps         ;
; SW[12]                  ; 2.5 V        ; 2000 ps         ; 2000 ps         ;
; SW[13]                  ; 2.5 V        ; 2000 ps         ; 2000 ps         ;
; SW[14]                  ; 2.5 V        ; 2000 ps         ; 2000 ps         ;
; SW[15]                  ; 2.5 V        ; 2000 ps         ; 2000 ps         ;
; SW[16]                  ; 2.5 V        ; 2000 ps         ; 2000 ps         ;
; SW[17]                  ; 2.5 V        ; 2000 ps         ; 2000 ps         ;
; GPIO[0]                 ; 2.5 V        ; 2000 ps         ; 2000 ps         ;
; GPIO[1]                 ; 2.5 V        ; 2000 ps         ; 2000 ps         ;
; GPIO[2]                 ; 2.5 V        ; 2000 ps         ; 2000 ps         ;
; GPIO[3]                 ; 2.5 V        ; 2000 ps         ; 2000 ps         ;
; GPIO[4]                 ; 2.5 V        ; 2000 ps         ; 2000 ps         ;
; GPIO[5]                 ; 2.5 V        ; 2000 ps         ; 2000 ps         ;
; GPIO[6]                 ; 2.5 V        ; 2000 ps         ; 2000 ps         ;
; GPIO[7]                 ; 2.5 V        ; 2000 ps         ; 2000 ps         ;
; CLOCK3_50               ; 2.5 V        ; 2000 ps         ; 2000 ps         ;
; CLOCK2_50               ; 2.5 V        ; 2000 ps         ; 2000 ps         ;
; KEY[0]                  ; 2.5 V        ; 2000 ps         ; 2000 ps         ;
; CLOCK_50                ; 2.5 V        ; 2000 ps         ; 2000 ps         ;
; ~ALTERA_ASDO_DATA1~     ; 2.5 V        ; 2000 ps         ; 2000 ps         ;
; ~ALTERA_FLASH_nCE_nCSO~ ; 2.5 V        ; 2000 ps         ; 2000 ps         ;
; ~ALTERA_DATA0~          ; 2.5 V        ; 2000 ps         ; 2000 ps         ;
+-------------------------+--------------+-----------------+-----------------+


+--------------------------------------------------------------------------------------------------------------------------------------------------------------------------------------------------------------------------------------------------------------------------------------------------------------------------------------------------------------------------------------------------------------------------------------------------------------------------------------------------------------------------------------------------------------------------------------------------------------------------------------------------------------------------------------------+
; Signal Integrity Metrics (Slow 1200mv 0c Model)                                                                                                                                                                                                                                                                                                                                                                                                                                                                                                                                                                                                                                            ;
+---------------+--------------+---------------------+---------------------+------------------------------+------------------------------+---------------------+---------------------+--------------------------------------+--------------------------------------+-----------------------------+-----------------------------+----------------------------+----------------------------+-----------------------------+-----------------------------+--------------------+--------------------+-------------------------------------+-------------------------------------+----------------------------+----------------------------+---------------------------+---------------------------+
; Pin           ; I/O Standard ; Board Delay on Rise ; Board Delay on Fall ; Steady State Voh at FPGA Pin ; Steady State Vol at FPGA Pin ; Voh Max at FPGA Pin ; Vol Min at FPGA Pin ; Ringback Voltage on Rise at FPGA Pin ; Ringback Voltage on Fall at FPGA Pin ; 10-90 Rise Time at FPGA Pin ; 90-10 Fall Time at FPGA Pin ; Monotonic Rise at FPGA Pin ; Monotonic Fall at FPGA Pin ; Steady State Voh at Far-end ; Steady State Vol at Far-end ; Voh Max at Far-end ; Vol Min at Far-end ; Ringback Voltage on Rise at Far-end ; Ringback Voltage on Fall at Far-end ; 10-90 Rise Time at Far-end ; 90-10 Fall Time at Far-end ; Monotonic Rise at Far-end ; Monotonic Fall at Far-end ;
+---------------+--------------+---------------------+---------------------+------------------------------+------------------------------+---------------------+---------------------+--------------------------------------+--------------------------------------+-----------------------------+-----------------------------+----------------------------+----------------------------+-----------------------------+-----------------------------+--------------------+--------------------+-------------------------------------+-------------------------------------+----------------------------+----------------------------+---------------------------+---------------------------+
; LEDR[0]       ; 2.5 V        ; 0 s                 ; 0 s                 ; 2.32 V                       ; 4.49e-09 V                   ; 2.38 V              ; -0.00552 V          ; 0.096 V                              ; 0.019 V                              ; 4.18e-10 s                  ; 3.59e-10 s                  ; No                         ; Yes                        ; 2.32 V                      ; 4.49e-09 V                  ; 2.38 V             ; -0.00552 V         ; 0.096 V                             ; 0.019 V                             ; 4.18e-10 s                 ; 3.59e-10 s                 ; No                        ; Yes                       ;
; LEDR[1]       ; 2.5 V        ; 0 s                 ; 0 s                 ; 2.32 V                       ; 4.49e-09 V                   ; 2.38 V              ; -0.00552 V          ; 0.096 V                              ; 0.019 V                              ; 4.18e-10 s                  ; 3.59e-10 s                  ; No                         ; Yes                        ; 2.32 V                      ; 4.49e-09 V                  ; 2.38 V             ; -0.00552 V         ; 0.096 V                             ; 0.019 V                             ; 4.18e-10 s                 ; 3.59e-10 s                 ; No                        ; Yes                       ;
; LEDR[2]       ; 2.5 V        ; 0 s                 ; 0 s                 ; 2.32 V                       ; 4.49e-09 V                   ; 2.38 V              ; -0.00552 V          ; 0.096 V                              ; 0.019 V                              ; 4.18e-10 s                  ; 3.59e-10 s                  ; No                         ; Yes                        ; 2.32 V                      ; 4.49e-09 V                  ; 2.38 V             ; -0.00552 V         ; 0.096 V                             ; 0.019 V                             ; 4.18e-10 s                 ; 3.59e-10 s                 ; No                        ; Yes                       ;
; LEDR[3]       ; 2.5 V        ; 0 s                 ; 0 s                 ; 2.32 V                       ; 4.49e-09 V                   ; 2.38 V              ; -0.00552 V          ; 0.096 V                              ; 0.019 V                              ; 4.18e-10 s                  ; 3.59e-10 s                  ; No                         ; Yes                        ; 2.32 V                      ; 4.49e-09 V                  ; 2.38 V             ; -0.00552 V         ; 0.096 V                             ; 0.019 V                             ; 4.18e-10 s                 ; 3.59e-10 s                 ; No                        ; Yes                       ;
; LEDR[4]       ; 2.5 V        ; 0 s                 ; 0 s                 ; 2.32 V                       ; 4.49e-09 V                   ; 2.38 V              ; -0.00552 V          ; 0.096 V                              ; 0.019 V                              ; 4.18e-10 s                  ; 3.59e-10 s                  ; No                         ; Yes                        ; 2.32 V                      ; 4.49e-09 V                  ; 2.38 V             ; -0.00552 V         ; 0.096 V                             ; 0.019 V                             ; 4.18e-10 s                 ; 3.59e-10 s                 ; No                        ; Yes                       ;
; LEDR[5]       ; 2.5 V        ; 0 s                 ; 0 s                 ; 2.32 V                       ; 4.49e-09 V                   ; 2.38 V              ; -0.00552 V          ; 0.096 V                              ; 0.019 V                              ; 4.18e-10 s                  ; 3.59e-10 s                  ; No                         ; Yes                        ; 2.32 V                      ; 4.49e-09 V                  ; 2.38 V             ; -0.00552 V         ; 0.096 V                             ; 0.019 V                             ; 4.18e-10 s                 ; 3.59e-10 s                 ; No                        ; Yes                       ;
; LEDR[6]       ; 2.5 V        ; 0 s                 ; 0 s                 ; 2.32 V                       ; 4.49e-09 V                   ; 2.38 V              ; -0.00552 V          ; 0.096 V                              ; 0.019 V                              ; 4.18e-10 s                  ; 3.59e-10 s                  ; No                         ; Yes                        ; 2.32 V                      ; 4.49e-09 V                  ; 2.38 V             ; -0.00552 V         ; 0.096 V                             ; 0.019 V                             ; 4.18e-10 s                 ; 3.59e-10 s                 ; No                        ; Yes                       ;
; LEDR[7]       ; 2.5 V        ; 0 s                 ; 0 s                 ; 2.32 V                       ; 4.49e-09 V                   ; 2.38 V              ; -0.00552 V          ; 0.096 V                              ; 0.019 V                              ; 4.18e-10 s                  ; 3.59e-10 s                  ; No                         ; Yes                        ; 2.32 V                      ; 4.49e-09 V                  ; 2.38 V             ; -0.00552 V         ; 0.096 V                             ; 0.019 V                             ; 4.18e-10 s                 ; 3.59e-10 s                 ; No                        ; Yes                       ;
; LEDR[8]       ; 2.5 V        ; 0 s                 ; 0 s                 ; 2.32 V                       ; 4.49e-09 V                   ; 2.38 V              ; -0.00552 V          ; 0.096 V                              ; 0.019 V                              ; 4.18e-10 s                  ; 3.59e-10 s                  ; No                         ; Yes                        ; 2.32 V                      ; 4.49e-09 V                  ; 2.38 V             ; -0.00552 V         ; 0.096 V                             ; 0.019 V                             ; 4.18e-10 s                 ; 3.59e-10 s                 ; No                        ; Yes                       ;
; LEDR[9]       ; 2.5 V        ; 0 s                 ; 0 s                 ; 2.32 V                       ; 4.49e-09 V                   ; 2.33 V              ; -0.00467 V          ; 0.226 V                              ; 0.087 V                              ; 2.91e-09 s                  ; 2.74e-09 s                  ; Yes                        ; Yes                        ; 2.32 V                      ; 4.49e-09 V                  ; 2.33 V             ; -0.00467 V         ; 0.226 V                             ; 0.087 V                             ; 2.91e-09 s                 ; 2.74e-09 s                 ; Yes                       ; Yes                       ;
; LEDR[10]      ; 2.5 V        ; 0 s                 ; 0 s                 ; 2.32 V                       ; 4.49e-09 V                   ; 2.38 V              ; -0.00552 V          ; 0.096 V                              ; 0.019 V                              ; 4.18e-10 s                  ; 3.59e-10 s                  ; No                         ; Yes                        ; 2.32 V                      ; 4.49e-09 V                  ; 2.38 V             ; -0.00552 V         ; 0.096 V                             ; 0.019 V                             ; 4.18e-10 s                 ; 3.59e-10 s                 ; No                        ; Yes                       ;
; LEDR[11]      ; 2.5 V        ; 0 s                 ; 0 s                 ; 2.32 V                       ; 4.49e-09 V                   ; 2.38 V              ; -0.00552 V          ; 0.096 V                              ; 0.019 V                              ; 4.18e-10 s                  ; 3.59e-10 s                  ; No                         ; Yes                        ; 2.32 V                      ; 4.49e-09 V                  ; 2.38 V             ; -0.00552 V         ; 0.096 V                             ; 0.019 V                             ; 4.18e-10 s                 ; 3.59e-10 s                 ; No                        ; Yes                       ;
; LEDR[12]      ; 2.5 V        ; 0 s                 ; 0 s                 ; 2.32 V                       ; 4.49e-09 V                   ; 2.38 V              ; -0.00552 V          ; 0.096 V                              ; 0.019 V                              ; 4.18e-10 s                  ; 3.59e-10 s                  ; No                         ; Yes                        ; 2.32 V                      ; 4.49e-09 V                  ; 2.38 V             ; -0.00552 V         ; 0.096 V                             ; 0.019 V                             ; 4.18e-10 s                 ; 3.59e-10 s                 ; No                        ; Yes                       ;
; LEDR[13]      ; 2.5 V        ; 0 s                 ; 0 s                 ; 2.32 V                       ; 4.49e-09 V                   ; 2.38 V              ; -0.00552 V          ; 0.096 V                              ; 0.019 V                              ; 4.18e-10 s                  ; 3.59e-10 s                  ; No                         ; Yes                        ; 2.32 V                      ; 4.49e-09 V                  ; 2.38 V             ; -0.00552 V         ; 0.096 V                             ; 0.019 V                             ; 4.18e-10 s                 ; 3.59e-10 s                 ; No                        ; Yes                       ;
; LEDR[14]      ; 2.5 V        ; 0 s                 ; 0 s                 ; 2.32 V                       ; 4.49e-09 V                   ; 2.38 V              ; -0.00552 V          ; 0.096 V                              ; 0.019 V                              ; 4.18e-10 s                  ; 3.59e-10 s                  ; No                         ; Yes                        ; 2.32 V                      ; 4.49e-09 V                  ; 2.38 V             ; -0.00552 V         ; 0.096 V                             ; 0.019 V                             ; 4.18e-10 s                 ; 3.59e-10 s                 ; No                        ; Yes                       ;
; LEDR[15]      ; 2.5 V        ; 0 s                 ; 0 s                 ; 2.32 V                       ; 4.49e-09 V                   ; 2.33 V              ; -0.00467 V          ; 0.226 V                              ; 0.087 V                              ; 2.91e-09 s                  ; 2.74e-09 s                  ; Yes                        ; Yes                        ; 2.32 V                      ; 4.49e-09 V                  ; 2.33 V             ; -0.00467 V         ; 0.226 V                             ; 0.087 V                             ; 2.91e-09 s                 ; 2.74e-09 s                 ; Yes                       ; Yes                       ;
; LEDR[16]      ; 2.5 V        ; 0 s                 ; 0 s                 ; 2.32 V                       ; 4.49e-09 V                   ; 2.38 V              ; -0.00552 V          ; 0.096 V                              ; 0.019 V                              ; 4.18e-10 s                  ; 3.59e-10 s                  ; No                         ; Yes                        ; 2.32 V                      ; 4.49e-09 V                  ; 2.38 V             ; -0.00552 V         ; 0.096 V                             ; 0.019 V                             ; 4.18e-10 s                 ; 3.59e-10 s                 ; No                        ; Yes                       ;
; LEDR[17]      ; 2.5 V        ; 0 s                 ; 0 s                 ; 2.32 V                       ; 4.49e-09 V                   ; 2.38 V              ; -0.00552 V          ; 0.096 V                              ; 0.019 V                              ; 4.18e-10 s                  ; 3.59e-10 s                  ; No                         ; Yes                        ; 2.32 V                      ; 4.49e-09 V                  ; 2.38 V             ; -0.00552 V         ; 0.096 V                             ; 0.019 V                             ; 4.18e-10 s                 ; 3.59e-10 s                 ; No                        ; Yes                       ;
; LEDG[0]       ; 2.5 V        ; 0 s                 ; 0 s                 ; 2.32 V                       ; 4.49e-09 V                   ; 2.38 V              ; -0.00552 V          ; 0.096 V                              ; 0.019 V                              ; 4.18e-10 s                  ; 3.59e-10 s                  ; No                         ; Yes                        ; 2.32 V                      ; 4.49e-09 V                  ; 2.38 V             ; -0.00552 V         ; 0.096 V                             ; 0.019 V                             ; 4.18e-10 s                 ; 3.59e-10 s                 ; No                        ; Yes                       ;
; LEDG[1]       ; 2.5 V        ; 0 s                 ; 0 s                 ; 2.32 V                       ; 4.49e-09 V                   ; 2.38 V              ; -0.00552 V          ; 0.096 V                              ; 0.019 V                              ; 4.18e-10 s                  ; 3.59e-10 s                  ; No                         ; Yes                        ; 2.32 V                      ; 4.49e-09 V                  ; 2.38 V             ; -0.00552 V         ; 0.096 V                             ; 0.019 V                             ; 4.18e-10 s                 ; 3.59e-10 s                 ; No                        ; Yes                       ;
; LEDG[2]       ; 2.5 V        ; 0 s                 ; 0 s                 ; 2.32 V                       ; 4.49e-09 V                   ; 2.38 V              ; -0.00552 V          ; 0.096 V                              ; 0.019 V                              ; 4.18e-10 s                  ; 3.59e-10 s                  ; No                         ; Yes                        ; 2.32 V                      ; 4.49e-09 V                  ; 2.38 V             ; -0.00552 V         ; 0.096 V                             ; 0.019 V                             ; 4.18e-10 s                 ; 3.59e-10 s                 ; No                        ; Yes                       ;
; LEDG[3]       ; 2.5 V        ; 0 s                 ; 0 s                 ; 2.32 V                       ; 4.49e-09 V                   ; 2.38 V              ; -0.00552 V          ; 0.096 V                              ; 0.019 V                              ; 4.18e-10 s                  ; 3.59e-10 s                  ; No                         ; Yes                        ; 2.32 V                      ; 4.49e-09 V                  ; 2.38 V             ; -0.00552 V         ; 0.096 V                             ; 0.019 V                             ; 4.18e-10 s                 ; 3.59e-10 s                 ; No                        ; Yes                       ;
; LEDG[4]       ; 2.5 V        ; 0 s                 ; 0 s                 ; 2.32 V                       ; 4.49e-09 V                   ; 2.38 V              ; -0.00552 V          ; 0.096 V                              ; 0.019 V                              ; 4.18e-10 s                  ; 3.59e-10 s                  ; No                         ; Yes                        ; 2.32 V                      ; 4.49e-09 V                  ; 2.38 V             ; -0.00552 V         ; 0.096 V                             ; 0.019 V                             ; 4.18e-10 s                 ; 3.59e-10 s                 ; No                        ; Yes                       ;
; LEDG[5]       ; 2.5 V        ; 0 s                 ; 0 s                 ; 2.32 V                       ; 4.49e-09 V                   ; 2.38 V              ; -0.00552 V          ; 0.096 V                              ; 0.019 V                              ; 4.18e-10 s                  ; 3.59e-10 s                  ; No                         ; Yes                        ; 2.32 V                      ; 4.49e-09 V                  ; 2.38 V             ; -0.00552 V         ; 0.096 V                             ; 0.019 V                             ; 4.18e-10 s                 ; 3.59e-10 s                 ; No                        ; Yes                       ;
; LEDG[6]       ; 2.5 V        ; 0 s                 ; 0 s                 ; 2.32 V                       ; 4.49e-09 V                   ; 2.38 V              ; -0.00552 V          ; 0.096 V                              ; 0.019 V                              ; 4.18e-10 s                  ; 3.59e-10 s                  ; No                         ; Yes                        ; 2.32 V                      ; 4.49e-09 V                  ; 2.38 V             ; -0.00552 V         ; 0.096 V                             ; 0.019 V                             ; 4.18e-10 s                 ; 3.59e-10 s                 ; No                        ; Yes                       ;
; LEDG[7]       ; 2.5 V        ; 0 s                 ; 0 s                 ; 2.32 V                       ; 4.49e-09 V                   ; 2.38 V              ; -0.00552 V          ; 0.096 V                              ; 0.019 V                              ; 4.18e-10 s                  ; 3.59e-10 s                  ; No                         ; Yes                        ; 2.32 V                      ; 4.49e-09 V                  ; 2.38 V             ; -0.00552 V         ; 0.096 V                             ; 0.019 V                             ; 4.18e-10 s                 ; 3.59e-10 s                 ; No                        ; Yes                       ;
; LEDG[8]       ; 2.5 V        ; 0 s                 ; 0 s                 ; 2.32 V                       ; 4.49e-09 V                   ; 2.38 V              ; -0.00552 V          ; 0.096 V                              ; 0.019 V                              ; 4.18e-10 s                  ; 3.59e-10 s                  ; No                         ; Yes                        ; 2.32 V                      ; 4.49e-09 V                  ; 2.38 V             ; -0.00552 V         ; 0.096 V                             ; 0.019 V                             ; 4.18e-10 s                 ; 3.59e-10 s                 ; No                        ; Yes                       ;
; HEX0[0]       ; 2.5 V        ; 0 s                 ; 0 s                 ; 2.32 V                       ; 4.49e-09 V                   ; 2.38 V              ; -0.00552 V          ; 0.096 V                              ; 0.019 V                              ; 4.18e-10 s                  ; 3.59e-10 s                  ; No                         ; Yes                        ; 2.32 V                      ; 4.49e-09 V                  ; 2.38 V             ; -0.00552 V         ; 0.096 V                             ; 0.019 V                             ; 4.18e-10 s                 ; 3.59e-10 s                 ; No                        ; Yes                       ;
; HEX0[1]       ; 2.5 V        ; 0 s                 ; 0 s                 ; 2.32 V                       ; 4.49e-09 V                   ; 2.33 V              ; -0.00467 V          ; 0.226 V                              ; 0.087 V                              ; 2.91e-09 s                  ; 2.74e-09 s                  ; Yes                        ; Yes                        ; 2.32 V                      ; 4.49e-09 V                  ; 2.33 V             ; -0.00467 V         ; 0.226 V                             ; 0.087 V                             ; 2.91e-09 s                 ; 2.74e-09 s                 ; Yes                       ; Yes                       ;
; HEX0[2]       ; 2.5 V        ; 0 s                 ; 0 s                 ; 2.32 V                       ; 4.49e-09 V                   ; 2.38 V              ; -0.00552 V          ; 0.096 V                              ; 0.019 V                              ; 4.18e-10 s                  ; 3.59e-10 s                  ; No                         ; Yes                        ; 2.32 V                      ; 4.49e-09 V                  ; 2.38 V             ; -0.00552 V         ; 0.096 V                             ; 0.019 V                             ; 4.18e-10 s                 ; 3.59e-10 s                 ; No                        ; Yes                       ;
; HEX0[3]       ; 2.5 V        ; 0 s                 ; 0 s                 ; 2.32 V                       ; 3.07e-09 V                   ; 2.38 V              ; -0.0144 V           ; 0.227 V                              ; 0.024 V                              ; 3.14e-10 s                  ; 3.39e-10 s                  ; Yes                        ; Yes                        ; 2.32 V                      ; 3.07e-09 V                  ; 2.38 V             ; -0.0144 V          ; 0.227 V                             ; 0.024 V                             ; 3.14e-10 s                 ; 3.39e-10 s                 ; Yes                       ; Yes                       ;
; HEX0[4]       ; 2.5 V        ; 0 s                 ; 0 s                 ; 2.32 V                       ; 3.07e-09 V                   ; 2.38 V              ; -0.0144 V           ; 0.227 V                              ; 0.024 V                              ; 3.14e-10 s                  ; 3.39e-10 s                  ; Yes                        ; Yes                        ; 2.32 V                      ; 3.07e-09 V                  ; 2.38 V             ; -0.0144 V          ; 0.227 V                             ; 0.024 V                             ; 3.14e-10 s                 ; 3.39e-10 s                 ; Yes                       ; Yes                       ;
; HEX0[5]       ; 2.5 V        ; 0 s                 ; 0 s                 ; 2.32 V                       ; 3.07e-09 V                   ; 2.33 V              ; -0.00496 V          ; 0.223 V                              ; 0.086 V                              ; 2.9e-09 s                   ; 2.73e-09 s                  ; Yes                        ; Yes                        ; 2.32 V                      ; 3.07e-09 V                  ; 2.33 V             ; -0.00496 V         ; 0.223 V                             ; 0.086 V                             ; 2.9e-09 s                  ; 2.73e-09 s                 ; Yes                       ; Yes                       ;
; HEX0[6]       ; 2.5 V        ; 0 s                 ; 0 s                 ; 2.32 V                       ; 3.07e-09 V                   ; 2.38 V              ; -0.0144 V           ; 0.227 V                              ; 0.024 V                              ; 3.14e-10 s                  ; 3.39e-10 s                  ; Yes                        ; Yes                        ; 2.32 V                      ; 3.07e-09 V                  ; 2.38 V             ; -0.0144 V          ; 0.227 V                             ; 0.024 V                             ; 3.14e-10 s                 ; 3.39e-10 s                 ; Yes                       ; Yes                       ;
; HEX1[0]       ; 2.5 V        ; 0 s                 ; 0 s                 ; 2.32 V                       ; 3.07e-09 V                   ; 2.38 V              ; -0.0144 V           ; 0.227 V                              ; 0.024 V                              ; 3.14e-10 s                  ; 3.39e-10 s                  ; Yes                        ; Yes                        ; 2.32 V                      ; 3.07e-09 V                  ; 2.38 V             ; -0.0144 V          ; 0.227 V                             ; 0.024 V                             ; 3.14e-10 s                 ; 3.39e-10 s                 ; Yes                       ; Yes                       ;
; HEX1[1]       ; 2.5 V        ; 0 s                 ; 0 s                 ; 2.32 V                       ; 3.07e-09 V                   ; 2.37 V              ; -0.00994 V          ; 0.186 V                              ; 0.028 V                              ; 4.98e-10 s                  ; 4.96e-10 s                  ; Yes                        ; Yes                        ; 2.32 V                      ; 3.07e-09 V                  ; 2.37 V             ; -0.00994 V         ; 0.186 V                             ; 0.028 V                             ; 4.98e-10 s                 ; 4.96e-10 s                 ; Yes                       ; Yes                       ;
; HEX1[2]       ; 2.5 V        ; 0 s                 ; 0 s                 ; 2.32 V                       ; 3.07e-09 V                   ; 2.37 V              ; -0.00994 V          ; 0.186 V                              ; 0.028 V                              ; 4.98e-10 s                  ; 4.96e-10 s                  ; Yes                        ; Yes                        ; 2.32 V                      ; 3.07e-09 V                  ; 2.37 V             ; -0.00994 V         ; 0.186 V                             ; 0.028 V                             ; 4.98e-10 s                 ; 4.96e-10 s                 ; Yes                       ; Yes                       ;
; HEX1[3]       ; 2.5 V        ; 0 s                 ; 0 s                 ; 2.32 V                       ; 3.07e-09 V                   ; 2.37 V              ; -0.00994 V          ; 0.186 V                              ; 0.028 V                              ; 4.98e-10 s                  ; 4.96e-10 s                  ; Yes                        ; Yes                        ; 2.32 V                      ; 3.07e-09 V                  ; 2.37 V             ; -0.00994 V         ; 0.186 V                             ; 0.028 V                             ; 4.98e-10 s                 ; 4.96e-10 s                 ; Yes                       ; Yes                       ;
; HEX1[4]       ; 2.5 V        ; 0 s                 ; 0 s                 ; 2.32 V                       ; 3.07e-09 V                   ; 2.37 V              ; -0.00994 V          ; 0.186 V                              ; 0.028 V                              ; 4.98e-10 s                  ; 4.96e-10 s                  ; Yes                        ; Yes                        ; 2.32 V                      ; 3.07e-09 V                  ; 2.37 V             ; -0.00994 V         ; 0.186 V                             ; 0.028 V                             ; 4.98e-10 s                 ; 4.96e-10 s                 ; Yes                       ; Yes                       ;
; HEX1[5]       ; 2.5 V        ; 0 s                 ; 0 s                 ; 2.32 V                       ; 3.07e-09 V                   ; 2.33 V              ; -0.00496 V          ; 0.223 V                              ; 0.086 V                              ; 2.9e-09 s                   ; 2.73e-09 s                  ; Yes                        ; Yes                        ; 2.32 V                      ; 3.07e-09 V                  ; 2.33 V             ; -0.00496 V         ; 0.223 V                             ; 0.086 V                             ; 2.9e-09 s                  ; 2.73e-09 s                 ; Yes                       ; Yes                       ;
; HEX1[6]       ; 2.5 V        ; 0 s                 ; 0 s                 ; 2.32 V                       ; 3.07e-09 V                   ; 2.33 V              ; -0.00496 V          ; 0.223 V                              ; 0.086 V                              ; 2.9e-09 s                   ; 2.73e-09 s                  ; Yes                        ; Yes                        ; 2.32 V                      ; 3.07e-09 V                  ; 2.33 V             ; -0.00496 V         ; 0.223 V                             ; 0.086 V                             ; 2.9e-09 s                  ; 2.73e-09 s                 ; Yes                       ; Yes                       ;
; HEX2[0]       ; 2.5 V        ; 0 s                 ; 0 s                 ; 2.32 V                       ; 3.07e-09 V                   ; 2.37 V              ; -0.00994 V          ; 0.186 V                              ; 0.028 V                              ; 4.98e-10 s                  ; 4.96e-10 s                  ; Yes                        ; Yes                        ; 2.32 V                      ; 3.07e-09 V                  ; 2.37 V             ; -0.00994 V         ; 0.186 V                             ; 0.028 V                             ; 4.98e-10 s                 ; 4.96e-10 s                 ; Yes                       ; Yes                       ;
; HEX2[1]       ; 2.5 V        ; 0 s                 ; 0 s                 ; 2.32 V                       ; 3.07e-09 V                   ; 2.37 V              ; -0.00994 V          ; 0.186 V                              ; 0.028 V                              ; 4.98e-10 s                  ; 4.96e-10 s                  ; Yes                        ; Yes                        ; 2.32 V                      ; 3.07e-09 V                  ; 2.37 V             ; -0.00994 V         ; 0.186 V                             ; 0.028 V                             ; 4.98e-10 s                 ; 4.96e-10 s                 ; Yes                       ; Yes                       ;
; HEX2[2]       ; 2.5 V        ; 0 s                 ; 0 s                 ; 2.32 V                       ; 3.07e-09 V                   ; 2.37 V              ; -0.00994 V          ; 0.186 V                              ; 0.028 V                              ; 4.98e-10 s                  ; 4.96e-10 s                  ; Yes                        ; Yes                        ; 2.32 V                      ; 3.07e-09 V                  ; 2.37 V             ; -0.00994 V         ; 0.186 V                             ; 0.028 V                             ; 4.98e-10 s                 ; 4.96e-10 s                 ; Yes                       ; Yes                       ;
; HEX2[3]       ; 2.5 V        ; 0 s                 ; 0 s                 ; 2.32 V                       ; 3.07e-09 V                   ; 2.37 V              ; -0.00994 V          ; 0.186 V                              ; 0.028 V                              ; 4.98e-10 s                  ; 4.96e-10 s                  ; Yes                        ; Yes                        ; 2.32 V                      ; 3.07e-09 V                  ; 2.37 V             ; -0.00994 V         ; 0.186 V                             ; 0.028 V                             ; 4.98e-10 s                 ; 4.96e-10 s                 ; Yes                       ; Yes                       ;
; HEX2[4]       ; 2.5 V        ; 0 s                 ; 0 s                 ; 2.32 V                       ; 3.07e-09 V                   ; 2.37 V              ; -0.00994 V          ; 0.186 V                              ; 0.028 V                              ; 4.98e-10 s                  ; 4.96e-10 s                  ; Yes                        ; Yes                        ; 2.32 V                      ; 3.07e-09 V                  ; 2.37 V             ; -0.00994 V         ; 0.186 V                             ; 0.028 V                             ; 4.98e-10 s                 ; 4.96e-10 s                 ; Yes                       ; Yes                       ;
; HEX2[5]       ; 2.5 V        ; 0 s                 ; 0 s                 ; 2.32 V                       ; 3.07e-09 V                   ; 2.37 V              ; -0.00994 V          ; 0.186 V                              ; 0.028 V                              ; 4.98e-10 s                  ; 4.96e-10 s                  ; Yes                        ; Yes                        ; 2.32 V                      ; 3.07e-09 V                  ; 2.37 V             ; -0.00994 V         ; 0.186 V                             ; 0.028 V                             ; 4.98e-10 s                 ; 4.96e-10 s                 ; Yes                       ; Yes                       ;
; HEX2[6]       ; 2.5 V        ; 0 s                 ; 0 s                 ; 2.32 V                       ; 3.07e-09 V                   ; 2.37 V              ; -0.00994 V          ; 0.186 V                              ; 0.028 V                              ; 4.98e-10 s                  ; 4.96e-10 s                  ; Yes                        ; Yes                        ; 2.32 V                      ; 3.07e-09 V                  ; 2.37 V             ; -0.00994 V         ; 0.186 V                             ; 0.028 V                             ; 4.98e-10 s                 ; 4.96e-10 s                 ; Yes                       ; Yes                       ;
; HEX3[0]       ; 2.5 V        ; 0 s                 ; 0 s                 ; 2.32 V                       ; 3.07e-09 V                   ; 2.37 V              ; -0.00994 V          ; 0.186 V                              ; 0.028 V                              ; 4.98e-10 s                  ; 4.96e-10 s                  ; Yes                        ; Yes                        ; 2.32 V                      ; 3.07e-09 V                  ; 2.37 V             ; -0.00994 V         ; 0.186 V                             ; 0.028 V                             ; 4.98e-10 s                 ; 4.96e-10 s                 ; Yes                       ; Yes                       ;
; HEX3[1]       ; 2.5 V        ; 0 s                 ; 0 s                 ; 2.32 V                       ; 3.07e-09 V                   ; 2.38 V              ; -0.0144 V           ; 0.227 V                              ; 0.024 V                              ; 3.14e-10 s                  ; 3.39e-10 s                  ; Yes                        ; Yes                        ; 2.32 V                      ; 3.07e-09 V                  ; 2.38 V             ; -0.0144 V          ; 0.227 V                             ; 0.024 V                             ; 3.14e-10 s                 ; 3.39e-10 s                 ; Yes                       ; Yes                       ;
; HEX3[2]       ; 2.5 V        ; 0 s                 ; 0 s                 ; 2.32 V                       ; 4.49e-09 V                   ; 2.33 V              ; -0.00467 V          ; 0.226 V                              ; 0.087 V                              ; 2.91e-09 s                  ; 2.74e-09 s                  ; Yes                        ; Yes                        ; 2.32 V                      ; 4.49e-09 V                  ; 2.33 V             ; -0.00467 V         ; 0.226 V                             ; 0.087 V                             ; 2.91e-09 s                 ; 2.74e-09 s                 ; Yes                       ; Yes                       ;
; HEX3[3]       ; 2.5 V        ; 0 s                 ; 0 s                 ; 2.32 V                       ; 4.49e-09 V                   ; 2.38 V              ; -0.00552 V          ; 0.096 V                              ; 0.019 V                              ; 4.18e-10 s                  ; 3.59e-10 s                  ; No                         ; Yes                        ; 2.32 V                      ; 4.49e-09 V                  ; 2.38 V             ; -0.00552 V         ; 0.096 V                             ; 0.019 V                             ; 4.18e-10 s                 ; 3.59e-10 s                 ; No                        ; Yes                       ;
; HEX3[4]       ; 2.5 V        ; 0 s                 ; 0 s                 ; 2.32 V                       ; 4.49e-09 V                   ; 2.38 V              ; -0.00552 V          ; 0.096 V                              ; 0.019 V                              ; 4.18e-10 s                  ; 3.59e-10 s                  ; No                         ; Yes                        ; 2.32 V                      ; 4.49e-09 V                  ; 2.38 V             ; -0.00552 V         ; 0.096 V                             ; 0.019 V                             ; 4.18e-10 s                 ; 3.59e-10 s                 ; No                        ; Yes                       ;
; HEX3[5]       ; 2.5 V        ; 0 s                 ; 0 s                 ; 2.32 V                       ; 4.49e-09 V                   ; 2.38 V              ; -0.00552 V          ; 0.096 V                              ; 0.019 V                              ; 4.18e-10 s                  ; 3.59e-10 s                  ; No                         ; Yes                        ; 2.32 V                      ; 4.49e-09 V                  ; 2.38 V             ; -0.00552 V         ; 0.096 V                             ; 0.019 V                             ; 4.18e-10 s                 ; 3.59e-10 s                 ; No                        ; Yes                       ;
; HEX3[6]       ; 2.5 V        ; 0 s                 ; 0 s                 ; 2.32 V                       ; 4.49e-09 V                   ; 2.38 V              ; -0.00552 V          ; 0.096 V                              ; 0.019 V                              ; 4.18e-10 s                  ; 3.59e-10 s                  ; No                         ; Yes                        ; 2.32 V                      ; 4.49e-09 V                  ; 2.38 V             ; -0.00552 V         ; 0.096 V                             ; 0.019 V                             ; 4.18e-10 s                 ; 3.59e-10 s                 ; No                        ; Yes                       ;
; HEX4[0]       ; 2.5 V        ; 0 s                 ; 0 s                 ; 2.32 V                       ; 4.49e-09 V                   ; 2.38 V              ; -0.00552 V          ; 0.096 V                              ; 0.019 V                              ; 4.18e-10 s                  ; 3.59e-10 s                  ; No                         ; Yes                        ; 2.32 V                      ; 4.49e-09 V                  ; 2.38 V             ; -0.00552 V         ; 0.096 V                             ; 0.019 V                             ; 4.18e-10 s                 ; 3.59e-10 s                 ; No                        ; Yes                       ;
; HEX4[1]       ; 2.5 V        ; 0 s                 ; 0 s                 ; 2.32 V                       ; 4.49e-09 V                   ; 2.38 V              ; -0.00552 V          ; 0.096 V                              ; 0.019 V                              ; 4.18e-10 s                  ; 3.59e-10 s                  ; No                         ; Yes                        ; 2.32 V                      ; 4.49e-09 V                  ; 2.38 V             ; -0.00552 V         ; 0.096 V                             ; 0.019 V                             ; 4.18e-10 s                 ; 3.59e-10 s                 ; No                        ; Yes                       ;
; HEX4[2]       ; 2.5 V        ; 0 s                 ; 0 s                 ; 2.32 V                       ; 4.49e-09 V                   ; 2.38 V              ; -0.00552 V          ; 0.096 V                              ; 0.019 V                              ; 4.18e-10 s                  ; 3.59e-10 s                  ; No                         ; Yes                        ; 2.32 V                      ; 4.49e-09 V                  ; 2.38 V             ; -0.00552 V         ; 0.096 V                             ; 0.019 V                             ; 4.18e-10 s                 ; 3.59e-10 s                 ; No                        ; Yes                       ;
; HEX4[3]       ; 2.5 V        ; 0 s                 ; 0 s                 ; 2.32 V                       ; 4.49e-09 V                   ; 2.38 V              ; -0.00552 V          ; 0.096 V                              ; 0.019 V                              ; 4.18e-10 s                  ; 3.59e-10 s                  ; No                         ; Yes                        ; 2.32 V                      ; 4.49e-09 V                  ; 2.38 V             ; -0.00552 V         ; 0.096 V                             ; 0.019 V                             ; 4.18e-10 s                 ; 3.59e-10 s                 ; No                        ; Yes                       ;
; HEX4[4]       ; 2.5 V        ; 0 s                 ; 0 s                 ; 2.32 V                       ; 4.49e-09 V                   ; 2.38 V              ; -0.00552 V          ; 0.096 V                              ; 0.019 V                              ; 4.18e-10 s                  ; 3.59e-10 s                  ; No                         ; Yes                        ; 2.32 V                      ; 4.49e-09 V                  ; 2.38 V             ; -0.00552 V         ; 0.096 V                             ; 0.019 V                             ; 4.18e-10 s                 ; 3.59e-10 s                 ; No                        ; Yes                       ;
; HEX4[5]       ; 2.5 V        ; 0 s                 ; 0 s                 ; 2.32 V                       ; 4.49e-09 V                   ; 2.38 V              ; -0.00552 V          ; 0.096 V                              ; 0.019 V                              ; 4.18e-10 s                  ; 3.59e-10 s                  ; No                         ; Yes                        ; 2.32 V                      ; 4.49e-09 V                  ; 2.38 V             ; -0.00552 V         ; 0.096 V                             ; 0.019 V                             ; 4.18e-10 s                 ; 3.59e-10 s                 ; No                        ; Yes                       ;
; HEX4[6]       ; 2.5 V        ; 0 s                 ; 0 s                 ; 2.32 V                       ; 4.49e-09 V                   ; 2.38 V              ; -0.00552 V          ; 0.096 V                              ; 0.019 V                              ; 4.18e-10 s                  ; 3.59e-10 s                  ; No                         ; Yes                        ; 2.32 V                      ; 4.49e-09 V                  ; 2.38 V             ; -0.00552 V         ; 0.096 V                             ; 0.019 V                             ; 4.18e-10 s                 ; 3.59e-10 s                 ; No                        ; Yes                       ;
; HEX5[0]       ; 2.5 V        ; 0 s                 ; 0 s                 ; 2.32 V                       ; 4.49e-09 V                   ; 2.38 V              ; -0.00552 V          ; 0.096 V                              ; 0.019 V                              ; 4.18e-10 s                  ; 3.59e-10 s                  ; No                         ; Yes                        ; 2.32 V                      ; 4.49e-09 V                  ; 2.38 V             ; -0.00552 V         ; 0.096 V                             ; 0.019 V                             ; 4.18e-10 s                 ; 3.59e-10 s                 ; No                        ; Yes                       ;
; HEX5[1]       ; 2.5 V        ; 0 s                 ; 0 s                 ; 2.32 V                       ; 4.49e-09 V                   ; 2.33 V              ; -0.00467 V          ; 0.226 V                              ; 0.087 V                              ; 2.91e-09 s                  ; 2.74e-09 s                  ; Yes                        ; Yes                        ; 2.32 V                      ; 4.49e-09 V                  ; 2.33 V             ; -0.00467 V         ; 0.226 V                             ; 0.087 V                             ; 2.91e-09 s                 ; 2.74e-09 s                 ; Yes                       ; Yes                       ;
; HEX5[2]       ; 2.5 V        ; 0 s                 ; 0 s                 ; 2.32 V                       ; 4.49e-09 V                   ; 2.38 V              ; -0.00552 V          ; 0.096 V                              ; 0.019 V                              ; 4.18e-10 s                  ; 3.59e-10 s                  ; No                         ; Yes                        ; 2.32 V                      ; 4.49e-09 V                  ; 2.38 V             ; -0.00552 V         ; 0.096 V                             ; 0.019 V                             ; 4.18e-10 s                 ; 3.59e-10 s                 ; No                        ; Yes                       ;
; HEX5[3]       ; 2.5 V        ; 0 s                 ; 0 s                 ; 2.32 V                       ; 4.49e-09 V                   ; 2.38 V              ; -0.00552 V          ; 0.096 V                              ; 0.019 V                              ; 4.18e-10 s                  ; 3.59e-10 s                  ; No                         ; Yes                        ; 2.32 V                      ; 4.49e-09 V                  ; 2.38 V             ; -0.00552 V         ; 0.096 V                             ; 0.019 V                             ; 4.18e-10 s                 ; 3.59e-10 s                 ; No                        ; Yes                       ;
; HEX5[4]       ; 2.5 V        ; 0 s                 ; 0 s                 ; 2.32 V                       ; 4.49e-09 V                   ; 2.38 V              ; -0.00552 V          ; 0.096 V                              ; 0.019 V                              ; 4.18e-10 s                  ; 3.59e-10 s                  ; No                         ; Yes                        ; 2.32 V                      ; 4.49e-09 V                  ; 2.38 V             ; -0.00552 V         ; 0.096 V                             ; 0.019 V                             ; 4.18e-10 s                 ; 3.59e-10 s                 ; No                        ; Yes                       ;
; HEX5[5]       ; 2.5 V        ; 0 s                 ; 0 s                 ; 2.32 V                       ; 4.49e-09 V                   ; 2.38 V              ; -0.00552 V          ; 0.096 V                              ; 0.019 V                              ; 4.18e-10 s                  ; 3.59e-10 s                  ; No                         ; Yes                        ; 2.32 V                      ; 4.49e-09 V                  ; 2.38 V             ; -0.00552 V         ; 0.096 V                             ; 0.019 V                             ; 4.18e-10 s                 ; 3.59e-10 s                 ; No                        ; Yes                       ;
; HEX5[6]       ; 2.5 V        ; 0 s                 ; 0 s                 ; 2.32 V                       ; 4.49e-09 V                   ; 2.38 V              ; -0.00552 V          ; 0.096 V                              ; 0.019 V                              ; 4.18e-10 s                  ; 3.59e-10 s                  ; No                         ; Yes                        ; 2.32 V                      ; 4.49e-09 V                  ; 2.38 V             ; -0.00552 V         ; 0.096 V                             ; 0.019 V                             ; 4.18e-10 s                 ; 3.59e-10 s                 ; No                        ; Yes                       ;
; HEX6[0]       ; 2.5 V        ; 0 s                 ; 0 s                 ; 2.32 V                       ; 4.49e-09 V                   ; 2.38 V              ; -0.00552 V          ; 0.096 V                              ; 0.019 V                              ; 4.18e-10 s                  ; 3.59e-10 s                  ; No                         ; Yes                        ; 2.32 V                      ; 4.49e-09 V                  ; 2.38 V             ; -0.00552 V         ; 0.096 V                             ; 0.019 V                             ; 4.18e-10 s                 ; 3.59e-10 s                 ; No                        ; Yes                       ;
; HEX6[1]       ; 2.5 V        ; 0 s                 ; 0 s                 ; 2.32 V                       ; 4.49e-09 V                   ; 2.38 V              ; -0.00552 V          ; 0.096 V                              ; 0.019 V                              ; 4.18e-10 s                  ; 3.59e-10 s                  ; No                         ; Yes                        ; 2.32 V                      ; 4.49e-09 V                  ; 2.38 V             ; -0.00552 V         ; 0.096 V                             ; 0.019 V                             ; 4.18e-10 s                 ; 3.59e-10 s                 ; No                        ; Yes                       ;
; HEX6[2]       ; 2.5 V        ; 0 s                 ; 0 s                 ; 2.32 V                       ; 4.49e-09 V                   ; 2.38 V              ; -0.00552 V          ; 0.096 V                              ; 0.019 V                              ; 4.18e-10 s                  ; 3.59e-10 s                  ; No                         ; Yes                        ; 2.32 V                      ; 4.49e-09 V                  ; 2.38 V             ; -0.00552 V         ; 0.096 V                             ; 0.019 V                             ; 4.18e-10 s                 ; 3.59e-10 s                 ; No                        ; Yes                       ;
; HEX6[3]       ; 2.5 V        ; 0 s                 ; 0 s                 ; 2.32 V                       ; 4.49e-09 V                   ; 2.38 V              ; -0.00552 V          ; 0.096 V                              ; 0.019 V                              ; 4.18e-10 s                  ; 3.59e-10 s                  ; No                         ; Yes                        ; 2.32 V                      ; 4.49e-09 V                  ; 2.38 V             ; -0.00552 V         ; 0.096 V                             ; 0.019 V                             ; 4.18e-10 s                 ; 3.59e-10 s                 ; No                        ; Yes                       ;
; HEX6[4]       ; 2.5 V        ; 0 s                 ; 0 s                 ; 2.32 V                       ; 4.49e-09 V                   ; 2.38 V              ; -0.00552 V          ; 0.096 V                              ; 0.019 V                              ; 4.18e-10 s                  ; 3.59e-10 s                  ; No                         ; Yes                        ; 2.32 V                      ; 4.49e-09 V                  ; 2.38 V             ; -0.00552 V         ; 0.096 V                             ; 0.019 V                             ; 4.18e-10 s                 ; 3.59e-10 s                 ; No                        ; Yes                       ;
; HEX6[5]       ; 2.5 V        ; 0 s                 ; 0 s                 ; 2.32 V                       ; 4.49e-09 V                   ; 2.33 V              ; -0.00467 V          ; 0.226 V                              ; 0.087 V                              ; 2.91e-09 s                  ; 2.74e-09 s                  ; Yes                        ; Yes                        ; 2.32 V                      ; 4.49e-09 V                  ; 2.33 V             ; -0.00467 V         ; 0.226 V                             ; 0.087 V                             ; 2.91e-09 s                 ; 2.74e-09 s                 ; Yes                       ; Yes                       ;
; HEX6[6]       ; 2.5 V        ; 0 s                 ; 0 s                 ; 2.32 V                       ; 4.49e-09 V                   ; 2.38 V              ; -0.00552 V          ; 0.096 V                              ; 0.019 V                              ; 4.18e-10 s                  ; 3.59e-10 s                  ; No                         ; Yes                        ; 2.32 V                      ; 4.49e-09 V                  ; 2.38 V             ; -0.00552 V         ; 0.096 V                             ; 0.019 V                             ; 4.18e-10 s                 ; 3.59e-10 s                 ; No                        ; Yes                       ;
; HEX7[0]       ; 2.5 V        ; 0 s                 ; 0 s                 ; 2.32 V                       ; 4.49e-09 V                   ; 2.38 V              ; -0.00552 V          ; 0.096 V                              ; 0.019 V                              ; 4.18e-10 s                  ; 3.59e-10 s                  ; No                         ; Yes                        ; 2.32 V                      ; 4.49e-09 V                  ; 2.38 V             ; -0.00552 V         ; 0.096 V                             ; 0.019 V                             ; 4.18e-10 s                 ; 3.59e-10 s                 ; No                        ; Yes                       ;
; HEX7[1]       ; 2.5 V        ; 0 s                 ; 0 s                 ; 2.32 V                       ; 4.49e-09 V                   ; 2.38 V              ; -0.00552 V          ; 0.096 V                              ; 0.019 V                              ; 4.18e-10 s                  ; 3.59e-10 s                  ; No                         ; Yes                        ; 2.32 V                      ; 4.49e-09 V                  ; 2.38 V             ; -0.00552 V         ; 0.096 V                             ; 0.019 V                             ; 4.18e-10 s                 ; 3.59e-10 s                 ; No                        ; Yes                       ;
; HEX7[2]       ; 2.5 V        ; 0 s                 ; 0 s                 ; 2.32 V                       ; 4.49e-09 V                   ; 2.38 V              ; -0.00552 V          ; 0.096 V                              ; 0.019 V                              ; 4.18e-10 s                  ; 3.59e-10 s                  ; No                         ; Yes                        ; 2.32 V                      ; 4.49e-09 V                  ; 2.38 V             ; -0.00552 V         ; 0.096 V                             ; 0.019 V                             ; 4.18e-10 s                 ; 3.59e-10 s                 ; No                        ; Yes                       ;
; HEX7[3]       ; 2.5 V        ; 0 s                 ; 0 s                 ; 2.32 V                       ; 4.49e-09 V                   ; 2.38 V              ; -0.00552 V          ; 0.096 V                              ; 0.019 V                              ; 4.18e-10 s                  ; 3.59e-10 s                  ; No                         ; Yes                        ; 2.32 V                      ; 4.49e-09 V                  ; 2.38 V             ; -0.00552 V         ; 0.096 V                             ; 0.019 V                             ; 4.18e-10 s                 ; 3.59e-10 s                 ; No                        ; Yes                       ;
; HEX7[4]       ; 2.5 V        ; 0 s                 ; 0 s                 ; 2.32 V                       ; 4.49e-09 V                   ; 2.38 V              ; -0.00552 V          ; 0.096 V                              ; 0.019 V                              ; 4.18e-10 s                  ; 3.59e-10 s                  ; No                         ; Yes                        ; 2.32 V                      ; 4.49e-09 V                  ; 2.38 V             ; -0.00552 V         ; 0.096 V                             ; 0.019 V                             ; 4.18e-10 s                 ; 3.59e-10 s                 ; No                        ; Yes                       ;
; HEX7[5]       ; 2.5 V        ; 0 s                 ; 0 s                 ; 2.32 V                       ; 4.49e-09 V                   ; 2.38 V              ; -0.00552 V          ; 0.096 V                              ; 0.019 V                              ; 4.18e-10 s                  ; 3.59e-10 s                  ; No                         ; Yes                        ; 2.32 V                      ; 4.49e-09 V                  ; 2.38 V             ; -0.00552 V         ; 0.096 V                             ; 0.019 V                             ; 4.18e-10 s                 ; 3.59e-10 s                 ; No                        ; Yes                       ;
; HEX7[6]       ; 2.5 V        ; 0 s                 ; 0 s                 ; 2.32 V                       ; 4.49e-09 V                   ; 2.38 V              ; -0.00552 V          ; 0.096 V                              ; 0.019 V                              ; 4.18e-10 s                  ; 3.59e-10 s                  ; No                         ; Yes                        ; 2.32 V                      ; 4.49e-09 V                  ; 2.38 V             ; -0.00552 V         ; 0.096 V                             ; 0.019 V                             ; 4.18e-10 s                 ; 3.59e-10 s                 ; No                        ; Yes                       ;
; VGA_R[0]      ; 2.5 V        ; 0 s                 ; 0 s                 ; 2.32 V                       ; 4.49e-09 V                   ; 2.38 V              ; -0.00552 V          ; 0.096 V                              ; 0.019 V                              ; 4.18e-10 s                  ; 3.59e-10 s                  ; No                         ; Yes                        ; 2.32 V                      ; 4.49e-09 V                  ; 2.38 V             ; -0.00552 V         ; 0.096 V                             ; 0.019 V                             ; 4.18e-10 s                 ; 3.59e-10 s                 ; No                        ; Yes                       ;
; VGA_R[1]      ; 2.5 V        ; 0 s                 ; 0 s                 ; 2.32 V                       ; 4.49e-09 V                   ; 2.38 V              ; -0.00552 V          ; 0.096 V                              ; 0.019 V                              ; 4.18e-10 s                  ; 3.59e-10 s                  ; No                         ; Yes                        ; 2.32 V                      ; 4.49e-09 V                  ; 2.38 V             ; -0.00552 V         ; 0.096 V                             ; 0.019 V                             ; 4.18e-10 s                 ; 3.59e-10 s                 ; No                        ; Yes                       ;
; VGA_R[2]      ; 2.5 V        ; 0 s                 ; 0 s                 ; 2.32 V                       ; 4.49e-09 V                   ; 2.38 V              ; -0.00552 V          ; 0.096 V                              ; 0.019 V                              ; 4.18e-10 s                  ; 3.59e-10 s                  ; No                         ; Yes                        ; 2.32 V                      ; 4.49e-09 V                  ; 2.38 V             ; -0.00552 V         ; 0.096 V                             ; 0.019 V                             ; 4.18e-10 s                 ; 3.59e-10 s                 ; No                        ; Yes                       ;
; VGA_R[3]      ; 2.5 V        ; 0 s                 ; 0 s                 ; 2.32 V                       ; 4.49e-09 V                   ; 2.38 V              ; -0.00552 V          ; 0.096 V                              ; 0.019 V                              ; 4.18e-10 s                  ; 3.59e-10 s                  ; No                         ; Yes                        ; 2.32 V                      ; 4.49e-09 V                  ; 2.38 V             ; -0.00552 V         ; 0.096 V                             ; 0.019 V                             ; 4.18e-10 s                 ; 3.59e-10 s                 ; No                        ; Yes                       ;
; VGA_R[4]      ; 2.5 V        ; 0 s                 ; 0 s                 ; 2.32 V                       ; 4.49e-09 V                   ; 2.38 V              ; -0.00552 V          ; 0.096 V                              ; 0.019 V                              ; 4.18e-10 s                  ; 3.59e-10 s                  ; No                         ; Yes                        ; 2.32 V                      ; 4.49e-09 V                  ; 2.38 V             ; -0.00552 V         ; 0.096 V                             ; 0.019 V                             ; 4.18e-10 s                 ; 3.59e-10 s                 ; No                        ; Yes                       ;
; VGA_R[5]      ; 2.5 V        ; 0 s                 ; 0 s                 ; 2.32 V                       ; 4.49e-09 V                   ; 2.38 V              ; -0.00552 V          ; 0.096 V                              ; 0.019 V                              ; 4.18e-10 s                  ; 3.59e-10 s                  ; No                         ; Yes                        ; 2.32 V                      ; 4.49e-09 V                  ; 2.38 V             ; -0.00552 V         ; 0.096 V                             ; 0.019 V                             ; 4.18e-10 s                 ; 3.59e-10 s                 ; No                        ; Yes                       ;
; VGA_R[6]      ; 2.5 V        ; 0 s                 ; 0 s                 ; 2.32 V                       ; 4.49e-09 V                   ; 2.38 V              ; -0.00552 V          ; 0.096 V                              ; 0.019 V                              ; 4.18e-10 s                  ; 3.59e-10 s                  ; No                         ; Yes                        ; 2.32 V                      ; 4.49e-09 V                  ; 2.38 V             ; -0.00552 V         ; 0.096 V                             ; 0.019 V                             ; 4.18e-10 s                 ; 3.59e-10 s                 ; No                        ; Yes                       ;
; VGA_R[7]      ; 2.5 V        ; 0 s                 ; 0 s                 ; 2.32 V                       ; 4.49e-09 V                   ; 2.38 V              ; -0.00552 V          ; 0.096 V                              ; 0.019 V                              ; 4.18e-10 s                  ; 3.59e-10 s                  ; No                         ; Yes                        ; 2.32 V                      ; 4.49e-09 V                  ; 2.38 V             ; -0.00552 V         ; 0.096 V                             ; 0.019 V                             ; 4.18e-10 s                 ; 3.59e-10 s                 ; No                        ; Yes                       ;
; VGA_G[0]      ; 2.5 V        ; 0 s                 ; 0 s                 ; 2.32 V                       ; 4.49e-09 V                   ; 2.38 V              ; -0.00552 V          ; 0.096 V                              ; 0.019 V                              ; 4.18e-10 s                  ; 3.59e-10 s                  ; No                         ; Yes                        ; 2.32 V                      ; 4.49e-09 V                  ; 2.38 V             ; -0.00552 V         ; 0.096 V                             ; 0.019 V                             ; 4.18e-10 s                 ; 3.59e-10 s                 ; No                        ; Yes                       ;
; VGA_G[1]      ; 2.5 V        ; 0 s                 ; 0 s                 ; 2.32 V                       ; 4.49e-09 V                   ; 2.38 V              ; -0.00552 V          ; 0.096 V                              ; 0.019 V                              ; 4.18e-10 s                  ; 3.59e-10 s                  ; No                         ; Yes                        ; 2.32 V                      ; 4.49e-09 V                  ; 2.38 V             ; -0.00552 V         ; 0.096 V                             ; 0.019 V                             ; 4.18e-10 s                 ; 3.59e-10 s                 ; No                        ; Yes                       ;
; VGA_G[2]      ; 2.5 V        ; 0 s                 ; 0 s                 ; 2.32 V                       ; 4.49e-09 V                   ; 2.38 V              ; -0.00552 V          ; 0.096 V                              ; 0.019 V                              ; 4.18e-10 s                  ; 3.59e-10 s                  ; No                         ; Yes                        ; 2.32 V                      ; 4.49e-09 V                  ; 2.38 V             ; -0.00552 V         ; 0.096 V                             ; 0.019 V                             ; 4.18e-10 s                 ; 3.59e-10 s                 ; No                        ; Yes                       ;
; VGA_G[3]      ; 2.5 V        ; 0 s                 ; 0 s                 ; 2.32 V                       ; 4.49e-09 V                   ; 2.38 V              ; -0.00552 V          ; 0.096 V                              ; 0.019 V                              ; 4.18e-10 s                  ; 3.59e-10 s                  ; No                         ; Yes                        ; 2.32 V                      ; 4.49e-09 V                  ; 2.38 V             ; -0.00552 V         ; 0.096 V                             ; 0.019 V                             ; 4.18e-10 s                 ; 3.59e-10 s                 ; No                        ; Yes                       ;
; VGA_G[4]      ; 2.5 V        ; 0 s                 ; 0 s                 ; 2.32 V                       ; 4.49e-09 V                   ; 2.38 V              ; -0.00552 V          ; 0.096 V                              ; 0.019 V                              ; 4.18e-10 s                  ; 3.59e-10 s                  ; No                         ; Yes                        ; 2.32 V                      ; 4.49e-09 V                  ; 2.38 V             ; -0.00552 V         ; 0.096 V                             ; 0.019 V                             ; 4.18e-10 s                 ; 3.59e-10 s                 ; No                        ; Yes                       ;
; VGA_G[5]      ; 2.5 V        ; 0 s                 ; 0 s                 ; 2.32 V                       ; 4.49e-09 V                   ; 2.38 V              ; -0.00552 V          ; 0.096 V                              ; 0.019 V                              ; 4.18e-10 s                  ; 3.59e-10 s                  ; No                         ; Yes                        ; 2.32 V                      ; 4.49e-09 V                  ; 2.38 V             ; -0.00552 V         ; 0.096 V                             ; 0.019 V                             ; 4.18e-10 s                 ; 3.59e-10 s                 ; No                        ; Yes                       ;
; VGA_G[6]      ; 2.5 V        ; 0 s                 ; 0 s                 ; 2.32 V                       ; 4.49e-09 V                   ; 2.38 V              ; -0.00552 V          ; 0.096 V                              ; 0.019 V                              ; 4.18e-10 s                  ; 3.59e-10 s                  ; No                         ; Yes                        ; 2.32 V                      ; 4.49e-09 V                  ; 2.38 V             ; -0.00552 V         ; 0.096 V                             ; 0.019 V                             ; 4.18e-10 s                 ; 3.59e-10 s                 ; No                        ; Yes                       ;
; VGA_G[7]      ; 2.5 V        ; 0 s                 ; 0 s                 ; 2.32 V                       ; 4.49e-09 V                   ; 2.38 V              ; -0.00552 V          ; 0.096 V                              ; 0.019 V                              ; 4.18e-10 s                  ; 3.59e-10 s                  ; No                         ; Yes                        ; 2.32 V                      ; 4.49e-09 V                  ; 2.38 V             ; -0.00552 V         ; 0.096 V                             ; 0.019 V                             ; 4.18e-10 s                 ; 3.59e-10 s                 ; No                        ; Yes                       ;
; VGA_B[0]      ; 2.5 V        ; 0 s                 ; 0 s                 ; 2.32 V                       ; 4.49e-09 V                   ; 2.38 V              ; -0.00552 V          ; 0.096 V                              ; 0.019 V                              ; 4.18e-10 s                  ; 3.59e-10 s                  ; No                         ; Yes                        ; 2.32 V                      ; 4.49e-09 V                  ; 2.38 V             ; -0.00552 V         ; 0.096 V                             ; 0.019 V                             ; 4.18e-10 s                 ; 3.59e-10 s                 ; No                        ; Yes                       ;
; VGA_B[1]      ; 2.5 V        ; 0 s                 ; 0 s                 ; 2.32 V                       ; 4.49e-09 V                   ; 2.38 V              ; -0.00552 V          ; 0.096 V                              ; 0.019 V                              ; 4.18e-10 s                  ; 3.59e-10 s                  ; No                         ; Yes                        ; 2.32 V                      ; 4.49e-09 V                  ; 2.38 V             ; -0.00552 V         ; 0.096 V                             ; 0.019 V                             ; 4.18e-10 s                 ; 3.59e-10 s                 ; No                        ; Yes                       ;
; VGA_B[2]      ; 2.5 V        ; 0 s                 ; 0 s                 ; 2.32 V                       ; 4.49e-09 V                   ; 2.38 V              ; -0.00552 V          ; 0.096 V                              ; 0.019 V                              ; 4.18e-10 s                  ; 3.59e-10 s                  ; No                         ; Yes                        ; 2.32 V                      ; 4.49e-09 V                  ; 2.38 V             ; -0.00552 V         ; 0.096 V                             ; 0.019 V                             ; 4.18e-10 s                 ; 3.59e-10 s                 ; No                        ; Yes                       ;
; VGA_B[3]      ; 2.5 V        ; 0 s                 ; 0 s                 ; 2.32 V                       ; 4.49e-09 V                   ; 2.38 V              ; -0.00552 V          ; 0.096 V                              ; 0.019 V                              ; 4.18e-10 s                  ; 3.59e-10 s                  ; No                         ; Yes                        ; 2.32 V                      ; 4.49e-09 V                  ; 2.38 V             ; -0.00552 V         ; 0.096 V                             ; 0.019 V                             ; 4.18e-10 s                 ; 3.59e-10 s                 ; No                        ; Yes                       ;
; VGA_B[4]      ; 2.5 V        ; 0 s                 ; 0 s                 ; 2.32 V                       ; 4.49e-09 V                   ; 2.38 V              ; -0.00552 V          ; 0.096 V                              ; 0.019 V                              ; 4.18e-10 s                  ; 3.59e-10 s                  ; No                         ; Yes                        ; 2.32 V                      ; 4.49e-09 V                  ; 2.38 V             ; -0.00552 V         ; 0.096 V                             ; 0.019 V                             ; 4.18e-10 s                 ; 3.59e-10 s                 ; No                        ; Yes                       ;
; VGA_B[5]      ; 2.5 V        ; 0 s                 ; 0 s                 ; 2.32 V                       ; 4.49e-09 V                   ; 2.38 V              ; -0.00552 V          ; 0.096 V                              ; 0.019 V                              ; 4.18e-10 s                  ; 3.59e-10 s                  ; No                         ; Yes                        ; 2.32 V                      ; 4.49e-09 V                  ; 2.38 V             ; -0.00552 V         ; 0.096 V                             ; 0.019 V                             ; 4.18e-10 s                 ; 3.59e-10 s                 ; No                        ; Yes                       ;
; VGA_B[6]      ; 2.5 V        ; 0 s                 ; 0 s                 ; 2.32 V                       ; 4.49e-09 V                   ; 2.38 V              ; -0.00552 V          ; 0.096 V                              ; 0.019 V                              ; 4.18e-10 s                  ; 3.59e-10 s                  ; No                         ; Yes                        ; 2.32 V                      ; 4.49e-09 V                  ; 2.38 V             ; -0.00552 V         ; 0.096 V                             ; 0.019 V                             ; 4.18e-10 s                 ; 3.59e-10 s                 ; No                        ; Yes                       ;
; VGA_B[7]      ; 2.5 V        ; 0 s                 ; 0 s                 ; 2.32 V                       ; 4.49e-09 V                   ; 2.38 V              ; -0.00552 V          ; 0.096 V                              ; 0.019 V                              ; 4.18e-10 s                  ; 3.59e-10 s                  ; No                         ; Yes                        ; 2.32 V                      ; 4.49e-09 V                  ; 2.38 V             ; -0.00552 V         ; 0.096 V                             ; 0.019 V                             ; 4.18e-10 s                 ; 3.59e-10 s                 ; No                        ; Yes                       ;
; VGA_BLANK_N   ; 2.5 V        ; 0 s                 ; 0 s                 ; 2.32 V                       ; 4.49e-09 V                   ; 2.38 V              ; -0.00552 V          ; 0.096 V                              ; 0.019 V                              ; 4.18e-10 s                  ; 3.59e-10 s                  ; No                         ; Yes                        ; 2.32 V                      ; 4.49e-09 V                  ; 2.38 V             ; -0.00552 V         ; 0.096 V                             ; 0.019 V                             ; 4.18e-10 s                 ; 3.59e-10 s                 ; No                        ; Yes                       ;
; VGA_CLK       ; 2.5 V        ; 0 s                 ; 0 s                 ; 2.32 V                       ; 4.49e-09 V                   ; 2.38 V              ; -0.00552 V          ; 0.096 V                              ; 0.019 V                              ; 4.18e-10 s                  ; 3.59e-10 s                  ; No                         ; Yes                        ; 2.32 V                      ; 4.49e-09 V                  ; 2.38 V             ; -0.00552 V         ; 0.096 V                             ; 0.019 V                             ; 4.18e-10 s                 ; 3.59e-10 s                 ; No                        ; Yes                       ;
; VGA_SYNC_N    ; 2.5 V        ; 0 s                 ; 0 s                 ; 2.32 V                       ; 4.49e-09 V                   ; 2.38 V              ; -0.00552 V          ; 0.096 V                              ; 0.019 V                              ; 4.18e-10 s                  ; 3.59e-10 s                  ; No                         ; Yes                        ; 2.32 V                      ; 4.49e-09 V                  ; 2.38 V             ; -0.00552 V         ; 0.096 V                             ; 0.019 V                             ; 4.18e-10 s                 ; 3.59e-10 s                 ; No                        ; Yes                       ;
; VGA_VS        ; 2.5 V        ; 0 s                 ; 0 s                 ; 2.32 V                       ; 4.49e-09 V                   ; 2.38 V              ; -0.00552 V          ; 0.096 V                              ; 0.019 V                              ; 4.18e-10 s                  ; 3.59e-10 s                  ; No                         ; Yes                        ; 2.32 V                      ; 4.49e-09 V                  ; 2.38 V             ; -0.00552 V         ; 0.096 V                             ; 0.019 V                             ; 4.18e-10 s                 ; 3.59e-10 s                 ; No                        ; Yes                       ;
; VGA_HS        ; 2.5 V        ; 0 s                 ; 0 s                 ; 2.32 V                       ; 4.49e-09 V                   ; 2.38 V              ; -0.00552 V          ; 0.096 V                              ; 0.019 V                              ; 4.18e-10 s                  ; 3.59e-10 s                  ; No                         ; Yes                        ; 2.32 V                      ; 4.49e-09 V                  ; 2.38 V             ; -0.00552 V         ; 0.096 V                             ; 0.019 V                             ; 4.18e-10 s                 ; 3.59e-10 s                 ; No                        ; Yes                       ;
; ~ALTERA_DCLK~ ; 2.5 V        ; 0 s                 ; 0 s                 ; 2.32 V                       ; 2.67e-09 V                   ; 2.38 V              ; -0.0485 V           ; 0.167 V                              ; 0.096 V                              ; 2.95e-10 s                  ; 2.73e-10 s                  ; Yes                        ; Yes                        ; 2.32 V                      ; 2.67e-09 V                  ; 2.38 V             ; -0.0485 V          ; 0.167 V                             ; 0.096 V                             ; 2.95e-10 s                 ; 2.73e-10 s                 ; Yes                       ; Yes                       ;
; ~ALTERA_nCEO~ ; 2.5 V        ; 0 s                 ; 0 s                 ; 2.32 V                       ; 4.18e-09 V                   ; 2.38 V              ; -0.00483 V          ; 0.152 V                              ; 0.012 V                              ; 4.81e-10 s                  ; 6.29e-10 s                  ; Yes                        ; Yes                        ; 2.32 V                      ; 4.18e-09 V                  ; 2.38 V             ; -0.00483 V         ; 0.152 V                             ; 0.012 V                             ; 4.81e-10 s                 ; 6.29e-10 s                 ; Yes                       ; Yes                       ;
+---------------+--------------+---------------------+---------------------+------------------------------+------------------------------+---------------------+---------------------+--------------------------------------+--------------------------------------+-----------------------------+-----------------------------+----------------------------+----------------------------+-----------------------------+-----------------------------+--------------------+--------------------+-------------------------------------+-------------------------------------+----------------------------+----------------------------+---------------------------+---------------------------+


+--------------------------------------------------------------------------------------------------------------------------------------------------------------------------------------------------------------------------------------------------------------------------------------------------------------------------------------------------------------------------------------------------------------------------------------------------------------------------------------------------------------------------------------------------------------------------------------------------------------------------------------------------------------------------------------------+
; Signal Integrity Metrics (Slow 1200mv 85c Model)                                                                                                                                                                                                                                                                                                                                                                                                                                                                                                                                                                                                                                           ;
+---------------+--------------+---------------------+---------------------+------------------------------+------------------------------+---------------------+---------------------+--------------------------------------+--------------------------------------+-----------------------------+-----------------------------+----------------------------+----------------------------+-----------------------------+-----------------------------+--------------------+--------------------+-------------------------------------+-------------------------------------+----------------------------+----------------------------+---------------------------+---------------------------+
; Pin           ; I/O Standard ; Board Delay on Rise ; Board Delay on Fall ; Steady State Voh at FPGA Pin ; Steady State Vol at FPGA Pin ; Voh Max at FPGA Pin ; Vol Min at FPGA Pin ; Ringback Voltage on Rise at FPGA Pin ; Ringback Voltage on Fall at FPGA Pin ; 10-90 Rise Time at FPGA Pin ; 90-10 Fall Time at FPGA Pin ; Monotonic Rise at FPGA Pin ; Monotonic Fall at FPGA Pin ; Steady State Voh at Far-end ; Steady State Vol at Far-end ; Voh Max at Far-end ; Vol Min at Far-end ; Ringback Voltage on Rise at Far-end ; Ringback Voltage on Fall at Far-end ; 10-90 Rise Time at Far-end ; 90-10 Fall Time at Far-end ; Monotonic Rise at Far-end ; Monotonic Fall at Far-end ;
+---------------+--------------+---------------------+---------------------+------------------------------+------------------------------+---------------------+---------------------+--------------------------------------+--------------------------------------+-----------------------------+-----------------------------+----------------------------+----------------------------+-----------------------------+-----------------------------+--------------------+--------------------+-------------------------------------+-------------------------------------+----------------------------+----------------------------+---------------------------+---------------------------+
; LEDR[0]       ; 2.5 V        ; 0 s                 ; 0 s                 ; 2.32 V                       ; 6.92e-07 V                   ; 2.35 V              ; -0.00996 V          ; 0.121 V                              ; 0.03 V                               ; 4.64e-10 s                  ; 4.47e-10 s                  ; Yes                        ; Yes                        ; 2.32 V                      ; 6.92e-07 V                  ; 2.35 V             ; -0.00996 V         ; 0.121 V                             ; 0.03 V                              ; 4.64e-10 s                 ; 4.47e-10 s                 ; Yes                       ; Yes                       ;
; LEDR[1]       ; 2.5 V        ; 0 s                 ; 0 s                 ; 2.32 V                       ; 6.92e-07 V                   ; 2.35 V              ; -0.00996 V          ; 0.121 V                              ; 0.03 V                               ; 4.64e-10 s                  ; 4.47e-10 s                  ; Yes                        ; Yes                        ; 2.32 V                      ; 6.92e-07 V                  ; 2.35 V             ; -0.00996 V         ; 0.121 V                             ; 0.03 V                              ; 4.64e-10 s                 ; 4.47e-10 s                 ; Yes                       ; Yes                       ;
; LEDR[2]       ; 2.5 V        ; 0 s                 ; 0 s                 ; 2.32 V                       ; 6.92e-07 V                   ; 2.35 V              ; -0.00996 V          ; 0.121 V                              ; 0.03 V                               ; 4.64e-10 s                  ; 4.47e-10 s                  ; Yes                        ; Yes                        ; 2.32 V                      ; 6.92e-07 V                  ; 2.35 V             ; -0.00996 V         ; 0.121 V                             ; 0.03 V                              ; 4.64e-10 s                 ; 4.47e-10 s                 ; Yes                       ; Yes                       ;
; LEDR[3]       ; 2.5 V        ; 0 s                 ; 0 s                 ; 2.32 V                       ; 6.92e-07 V                   ; 2.35 V              ; -0.00996 V          ; 0.121 V                              ; 0.03 V                               ; 4.64e-10 s                  ; 4.47e-10 s                  ; Yes                        ; Yes                        ; 2.32 V                      ; 6.92e-07 V                  ; 2.35 V             ; -0.00996 V         ; 0.121 V                             ; 0.03 V                              ; 4.64e-10 s                 ; 4.47e-10 s                 ; Yes                       ; Yes                       ;
; LEDR[4]       ; 2.5 V        ; 0 s                 ; 0 s                 ; 2.32 V                       ; 6.92e-07 V                   ; 2.35 V              ; -0.00996 V          ; 0.121 V                              ; 0.03 V                               ; 4.64e-10 s                  ; 4.47e-10 s                  ; Yes                        ; Yes                        ; 2.32 V                      ; 6.92e-07 V                  ; 2.35 V             ; -0.00996 V         ; 0.121 V                             ; 0.03 V                              ; 4.64e-10 s                 ; 4.47e-10 s                 ; Yes                       ; Yes                       ;
; LEDR[5]       ; 2.5 V        ; 0 s                 ; 0 s                 ; 2.32 V                       ; 6.92e-07 V                   ; 2.35 V              ; -0.00996 V          ; 0.121 V                              ; 0.03 V                               ; 4.64e-10 s                  ; 4.47e-10 s                  ; Yes                        ; Yes                        ; 2.32 V                      ; 6.92e-07 V                  ; 2.35 V             ; -0.00996 V         ; 0.121 V                             ; 0.03 V                              ; 4.64e-10 s                 ; 4.47e-10 s                 ; Yes                       ; Yes                       ;
; LEDR[6]       ; 2.5 V        ; 0 s                 ; 0 s                 ; 2.32 V                       ; 6.92e-07 V                   ; 2.35 V              ; -0.00996 V          ; 0.121 V                              ; 0.03 V                               ; 4.64e-10 s                  ; 4.47e-10 s                  ; Yes                        ; Yes                        ; 2.32 V                      ; 6.92e-07 V                  ; 2.35 V             ; -0.00996 V         ; 0.121 V                             ; 0.03 V                              ; 4.64e-10 s                 ; 4.47e-10 s                 ; Yes                       ; Yes                       ;
; LEDR[7]       ; 2.5 V        ; 0 s                 ; 0 s                 ; 2.32 V                       ; 6.92e-07 V                   ; 2.35 V              ; -0.00996 V          ; 0.121 V                              ; 0.03 V                               ; 4.64e-10 s                  ; 4.47e-10 s                  ; Yes                        ; Yes                        ; 2.32 V                      ; 6.92e-07 V                  ; 2.35 V             ; -0.00996 V         ; 0.121 V                             ; 0.03 V                              ; 4.64e-10 s                 ; 4.47e-10 s                 ; Yes                       ; Yes                       ;
; LEDR[8]       ; 2.5 V        ; 0 s                 ; 0 s                 ; 2.32 V                       ; 6.92e-07 V                   ; 2.35 V              ; -0.00996 V          ; 0.121 V                              ; 0.03 V                               ; 4.64e-10 s                  ; 4.47e-10 s                  ; Yes                        ; Yes                        ; 2.32 V                      ; 6.92e-07 V                  ; 2.35 V             ; -0.00996 V         ; 0.121 V                             ; 0.03 V                              ; 4.64e-10 s                 ; 4.47e-10 s                 ; Yes                       ; Yes                       ;
; LEDR[9]       ; 2.5 V        ; 0 s                 ; 0 s                 ; 2.32 V                       ; 6.92e-07 V                   ; 2.33 V              ; -0.00265 V          ; 0.133 V                              ; 0.056 V                              ; 3.55e-09 s                  ; 3.31e-09 s                  ; Yes                        ; Yes                        ; 2.32 V                      ; 6.92e-07 V                  ; 2.33 V             ; -0.00265 V         ; 0.133 V                             ; 0.056 V                             ; 3.55e-09 s                 ; 3.31e-09 s                 ; Yes                       ; Yes                       ;
; LEDR[10]      ; 2.5 V        ; 0 s                 ; 0 s                 ; 2.32 V                       ; 6.92e-07 V                   ; 2.35 V              ; -0.00996 V          ; 0.121 V                              ; 0.03 V                               ; 4.64e-10 s                  ; 4.47e-10 s                  ; Yes                        ; Yes                        ; 2.32 V                      ; 6.92e-07 V                  ; 2.35 V             ; -0.00996 V         ; 0.121 V                             ; 0.03 V                              ; 4.64e-10 s                 ; 4.47e-10 s                 ; Yes                       ; Yes                       ;
; LEDR[11]      ; 2.5 V        ; 0 s                 ; 0 s                 ; 2.32 V                       ; 6.92e-07 V                   ; 2.35 V              ; -0.00996 V          ; 0.121 V                              ; 0.03 V                               ; 4.64e-10 s                  ; 4.47e-10 s                  ; Yes                        ; Yes                        ; 2.32 V                      ; 6.92e-07 V                  ; 2.35 V             ; -0.00996 V         ; 0.121 V                             ; 0.03 V                              ; 4.64e-10 s                 ; 4.47e-10 s                 ; Yes                       ; Yes                       ;
; LEDR[12]      ; 2.5 V        ; 0 s                 ; 0 s                 ; 2.32 V                       ; 6.92e-07 V                   ; 2.35 V              ; -0.00996 V          ; 0.121 V                              ; 0.03 V                               ; 4.64e-10 s                  ; 4.47e-10 s                  ; Yes                        ; Yes                        ; 2.32 V                      ; 6.92e-07 V                  ; 2.35 V             ; -0.00996 V         ; 0.121 V                             ; 0.03 V                              ; 4.64e-10 s                 ; 4.47e-10 s                 ; Yes                       ; Yes                       ;
; LEDR[13]      ; 2.5 V        ; 0 s                 ; 0 s                 ; 2.32 V                       ; 6.92e-07 V                   ; 2.35 V              ; -0.00996 V          ; 0.121 V                              ; 0.03 V                               ; 4.64e-10 s                  ; 4.47e-10 s                  ; Yes                        ; Yes                        ; 2.32 V                      ; 6.92e-07 V                  ; 2.35 V             ; -0.00996 V         ; 0.121 V                             ; 0.03 V                              ; 4.64e-10 s                 ; 4.47e-10 s                 ; Yes                       ; Yes                       ;
; LEDR[14]      ; 2.5 V        ; 0 s                 ; 0 s                 ; 2.32 V                       ; 6.92e-07 V                   ; 2.35 V              ; -0.00996 V          ; 0.121 V                              ; 0.03 V                               ; 4.64e-10 s                  ; 4.47e-10 s                  ; Yes                        ; Yes                        ; 2.32 V                      ; 6.92e-07 V                  ; 2.35 V             ; -0.00996 V         ; 0.121 V                             ; 0.03 V                              ; 4.64e-10 s                 ; 4.47e-10 s                 ; Yes                       ; Yes                       ;
; LEDR[15]      ; 2.5 V        ; 0 s                 ; 0 s                 ; 2.32 V                       ; 6.92e-07 V                   ; 2.33 V              ; -0.00265 V          ; 0.133 V                              ; 0.056 V                              ; 3.55e-09 s                  ; 3.31e-09 s                  ; Yes                        ; Yes                        ; 2.32 V                      ; 6.92e-07 V                  ; 2.33 V             ; -0.00265 V         ; 0.133 V                             ; 0.056 V                             ; 3.55e-09 s                 ; 3.31e-09 s                 ; Yes                       ; Yes                       ;
; LEDR[16]      ; 2.5 V        ; 0 s                 ; 0 s                 ; 2.32 V                       ; 6.92e-07 V                   ; 2.35 V              ; -0.00996 V          ; 0.121 V                              ; 0.03 V                               ; 4.64e-10 s                  ; 4.47e-10 s                  ; Yes                        ; Yes                        ; 2.32 V                      ; 6.92e-07 V                  ; 2.35 V             ; -0.00996 V         ; 0.121 V                             ; 0.03 V                              ; 4.64e-10 s                 ; 4.47e-10 s                 ; Yes                       ; Yes                       ;
; LEDR[17]      ; 2.5 V        ; 0 s                 ; 0 s                 ; 2.32 V                       ; 6.92e-07 V                   ; 2.35 V              ; -0.00996 V          ; 0.121 V                              ; 0.03 V                               ; 4.64e-10 s                  ; 4.47e-10 s                  ; Yes                        ; Yes                        ; 2.32 V                      ; 6.92e-07 V                  ; 2.35 V             ; -0.00996 V         ; 0.121 V                             ; 0.03 V                              ; 4.64e-10 s                 ; 4.47e-10 s                 ; Yes                       ; Yes                       ;
; LEDG[0]       ; 2.5 V        ; 0 s                 ; 0 s                 ; 2.32 V                       ; 6.92e-07 V                   ; 2.35 V              ; -0.00996 V          ; 0.121 V                              ; 0.03 V                               ; 4.64e-10 s                  ; 4.47e-10 s                  ; Yes                        ; Yes                        ; 2.32 V                      ; 6.92e-07 V                  ; 2.35 V             ; -0.00996 V         ; 0.121 V                             ; 0.03 V                              ; 4.64e-10 s                 ; 4.47e-10 s                 ; Yes                       ; Yes                       ;
; LEDG[1]       ; 2.5 V        ; 0 s                 ; 0 s                 ; 2.32 V                       ; 6.92e-07 V                   ; 2.35 V              ; -0.00996 V          ; 0.121 V                              ; 0.03 V                               ; 4.64e-10 s                  ; 4.47e-10 s                  ; Yes                        ; Yes                        ; 2.32 V                      ; 6.92e-07 V                  ; 2.35 V             ; -0.00996 V         ; 0.121 V                             ; 0.03 V                              ; 4.64e-10 s                 ; 4.47e-10 s                 ; Yes                       ; Yes                       ;
; LEDG[2]       ; 2.5 V        ; 0 s                 ; 0 s                 ; 2.32 V                       ; 6.92e-07 V                   ; 2.35 V              ; -0.00996 V          ; 0.121 V                              ; 0.03 V                               ; 4.64e-10 s                  ; 4.47e-10 s                  ; Yes                        ; Yes                        ; 2.32 V                      ; 6.92e-07 V                  ; 2.35 V             ; -0.00996 V         ; 0.121 V                             ; 0.03 V                              ; 4.64e-10 s                 ; 4.47e-10 s                 ; Yes                       ; Yes                       ;
; LEDG[3]       ; 2.5 V        ; 0 s                 ; 0 s                 ; 2.32 V                       ; 6.92e-07 V                   ; 2.35 V              ; -0.00996 V          ; 0.121 V                              ; 0.03 V                               ; 4.64e-10 s                  ; 4.47e-10 s                  ; Yes                        ; Yes                        ; 2.32 V                      ; 6.92e-07 V                  ; 2.35 V             ; -0.00996 V         ; 0.121 V                             ; 0.03 V                              ; 4.64e-10 s                 ; 4.47e-10 s                 ; Yes                       ; Yes                       ;
; LEDG[4]       ; 2.5 V        ; 0 s                 ; 0 s                 ; 2.32 V                       ; 6.92e-07 V                   ; 2.35 V              ; -0.00996 V          ; 0.121 V                              ; 0.03 V                               ; 4.64e-10 s                  ; 4.47e-10 s                  ; Yes                        ; Yes                        ; 2.32 V                      ; 6.92e-07 V                  ; 2.35 V             ; -0.00996 V         ; 0.121 V                             ; 0.03 V                              ; 4.64e-10 s                 ; 4.47e-10 s                 ; Yes                       ; Yes                       ;
; LEDG[5]       ; 2.5 V        ; 0 s                 ; 0 s                 ; 2.32 V                       ; 6.92e-07 V                   ; 2.35 V              ; -0.00996 V          ; 0.121 V                              ; 0.03 V                               ; 4.64e-10 s                  ; 4.47e-10 s                  ; Yes                        ; Yes                        ; 2.32 V                      ; 6.92e-07 V                  ; 2.35 V             ; -0.00996 V         ; 0.121 V                             ; 0.03 V                              ; 4.64e-10 s                 ; 4.47e-10 s                 ; Yes                       ; Yes                       ;
; LEDG[6]       ; 2.5 V        ; 0 s                 ; 0 s                 ; 2.32 V                       ; 6.92e-07 V                   ; 2.35 V              ; -0.00996 V          ; 0.121 V                              ; 0.03 V                               ; 4.64e-10 s                  ; 4.47e-10 s                  ; Yes                        ; Yes                        ; 2.32 V                      ; 6.92e-07 V                  ; 2.35 V             ; -0.00996 V         ; 0.121 V                             ; 0.03 V                              ; 4.64e-10 s                 ; 4.47e-10 s                 ; Yes                       ; Yes                       ;
; LEDG[7]       ; 2.5 V        ; 0 s                 ; 0 s                 ; 2.32 V                       ; 6.92e-07 V                   ; 2.35 V              ; -0.00996 V          ; 0.121 V                              ; 0.03 V                               ; 4.64e-10 s                  ; 4.47e-10 s                  ; Yes                        ; Yes                        ; 2.32 V                      ; 6.92e-07 V                  ; 2.35 V             ; -0.00996 V         ; 0.121 V                             ; 0.03 V                              ; 4.64e-10 s                 ; 4.47e-10 s                 ; Yes                       ; Yes                       ;
; LEDG[8]       ; 2.5 V        ; 0 s                 ; 0 s                 ; 2.32 V                       ; 6.92e-07 V                   ; 2.35 V              ; -0.00996 V          ; 0.121 V                              ; 0.03 V                               ; 4.64e-10 s                  ; 4.47e-10 s                  ; Yes                        ; Yes                        ; 2.32 V                      ; 6.92e-07 V                  ; 2.35 V             ; -0.00996 V         ; 0.121 V                             ; 0.03 V                              ; 4.64e-10 s                 ; 4.47e-10 s                 ; Yes                       ; Yes                       ;
; HEX0[0]       ; 2.5 V        ; 0 s                 ; 0 s                 ; 2.32 V                       ; 6.92e-07 V                   ; 2.35 V              ; -0.00996 V          ; 0.121 V                              ; 0.03 V                               ; 4.64e-10 s                  ; 4.47e-10 s                  ; Yes                        ; Yes                        ; 2.32 V                      ; 6.92e-07 V                  ; 2.35 V             ; -0.00996 V         ; 0.121 V                             ; 0.03 V                              ; 4.64e-10 s                 ; 4.47e-10 s                 ; Yes                       ; Yes                       ;
; HEX0[1]       ; 2.5 V        ; 0 s                 ; 0 s                 ; 2.32 V                       ; 6.92e-07 V                   ; 2.33 V              ; -0.00265 V          ; 0.133 V                              ; 0.056 V                              ; 3.55e-09 s                  ; 3.31e-09 s                  ; Yes                        ; Yes                        ; 2.32 V                      ; 6.92e-07 V                  ; 2.33 V             ; -0.00265 V         ; 0.133 V                             ; 0.056 V                             ; 3.55e-09 s                 ; 3.31e-09 s                 ; Yes                       ; Yes                       ;
; HEX0[2]       ; 2.5 V        ; 0 s                 ; 0 s                 ; 2.32 V                       ; 6.92e-07 V                   ; 2.35 V              ; -0.00996 V          ; 0.121 V                              ; 0.03 V                               ; 4.64e-10 s                  ; 4.47e-10 s                  ; Yes                        ; Yes                        ; 2.32 V                      ; 6.92e-07 V                  ; 2.35 V             ; -0.00996 V         ; 0.121 V                             ; 0.03 V                              ; 4.64e-10 s                 ; 4.47e-10 s                 ; Yes                       ; Yes                       ;
; HEX0[3]       ; 2.5 V        ; 0 s                 ; 0 s                 ; 2.32 V                       ; 4.67e-07 V                   ; 2.36 V              ; -0.00552 V          ; 0.11 V                               ; 0.007 V                              ; 4.54e-10 s                  ; 4.35e-10 s                  ; Yes                        ; Yes                        ; 2.32 V                      ; 4.67e-07 V                  ; 2.36 V             ; -0.00552 V         ; 0.11 V                              ; 0.007 V                             ; 4.54e-10 s                 ; 4.35e-10 s                 ; Yes                       ; Yes                       ;
; HEX0[4]       ; 2.5 V        ; 0 s                 ; 0 s                 ; 2.32 V                       ; 4.67e-07 V                   ; 2.36 V              ; -0.00552 V          ; 0.11 V                               ; 0.007 V                              ; 4.54e-10 s                  ; 4.35e-10 s                  ; Yes                        ; Yes                        ; 2.32 V                      ; 4.67e-07 V                  ; 2.36 V             ; -0.00552 V         ; 0.11 V                              ; 0.007 V                             ; 4.54e-10 s                 ; 4.35e-10 s                 ; Yes                       ; Yes                       ;
; HEX0[5]       ; 2.5 V        ; 0 s                 ; 0 s                 ; 2.32 V                       ; 4.67e-07 V                   ; 2.33 V              ; -0.00269 V          ; 0.13 V                               ; 0.055 V                              ; 3.54e-09 s                  ; 3.29e-09 s                  ; Yes                        ; Yes                        ; 2.32 V                      ; 4.67e-07 V                  ; 2.33 V             ; -0.00269 V         ; 0.13 V                              ; 0.055 V                             ; 3.54e-09 s                 ; 3.29e-09 s                 ; Yes                       ; Yes                       ;
; HEX0[6]       ; 2.5 V        ; 0 s                 ; 0 s                 ; 2.32 V                       ; 4.67e-07 V                   ; 2.36 V              ; -0.00552 V          ; 0.11 V                               ; 0.007 V                              ; 4.54e-10 s                  ; 4.35e-10 s                  ; Yes                        ; Yes                        ; 2.32 V                      ; 4.67e-07 V                  ; 2.36 V             ; -0.00552 V         ; 0.11 V                              ; 0.007 V                             ; 4.54e-10 s                 ; 4.35e-10 s                 ; Yes                       ; Yes                       ;
; HEX1[0]       ; 2.5 V        ; 0 s                 ; 0 s                 ; 2.32 V                       ; 4.67e-07 V                   ; 2.36 V              ; -0.00552 V          ; 0.11 V                               ; 0.007 V                              ; 4.54e-10 s                  ; 4.35e-10 s                  ; Yes                        ; Yes                        ; 2.32 V                      ; 4.67e-07 V                  ; 2.36 V             ; -0.00552 V         ; 0.11 V                              ; 0.007 V                             ; 4.54e-10 s                 ; 4.35e-10 s                 ; Yes                       ; Yes                       ;
; HEX1[1]       ; 2.5 V        ; 0 s                 ; 0 s                 ; 2.32 V                       ; 4.67e-07 V                   ; 2.35 V              ; -0.00942 V          ; 0.116 V                              ; 0.033 V                              ; 6.66e-10 s                  ; 6.27e-10 s                  ; Yes                        ; Yes                        ; 2.32 V                      ; 4.67e-07 V                  ; 2.35 V             ; -0.00942 V         ; 0.116 V                             ; 0.033 V                             ; 6.66e-10 s                 ; 6.27e-10 s                 ; Yes                       ; Yes                       ;
; HEX1[2]       ; 2.5 V        ; 0 s                 ; 0 s                 ; 2.32 V                       ; 4.67e-07 V                   ; 2.35 V              ; -0.00942 V          ; 0.116 V                              ; 0.033 V                              ; 6.66e-10 s                  ; 6.27e-10 s                  ; Yes                        ; Yes                        ; 2.32 V                      ; 4.67e-07 V                  ; 2.35 V             ; -0.00942 V         ; 0.116 V                             ; 0.033 V                             ; 6.66e-10 s                 ; 6.27e-10 s                 ; Yes                       ; Yes                       ;
; HEX1[3]       ; 2.5 V        ; 0 s                 ; 0 s                 ; 2.32 V                       ; 4.67e-07 V                   ; 2.35 V              ; -0.00942 V          ; 0.116 V                              ; 0.033 V                              ; 6.66e-10 s                  ; 6.27e-10 s                  ; Yes                        ; Yes                        ; 2.32 V                      ; 4.67e-07 V                  ; 2.35 V             ; -0.00942 V         ; 0.116 V                             ; 0.033 V                             ; 6.66e-10 s                 ; 6.27e-10 s                 ; Yes                       ; Yes                       ;
; HEX1[4]       ; 2.5 V        ; 0 s                 ; 0 s                 ; 2.32 V                       ; 4.67e-07 V                   ; 2.35 V              ; -0.00942 V          ; 0.116 V                              ; 0.033 V                              ; 6.66e-10 s                  ; 6.27e-10 s                  ; Yes                        ; Yes                        ; 2.32 V                      ; 4.67e-07 V                  ; 2.35 V             ; -0.00942 V         ; 0.116 V                             ; 0.033 V                             ; 6.66e-10 s                 ; 6.27e-10 s                 ; Yes                       ; Yes                       ;
; HEX1[5]       ; 2.5 V        ; 0 s                 ; 0 s                 ; 2.32 V                       ; 4.67e-07 V                   ; 2.33 V              ; -0.00269 V          ; 0.13 V                               ; 0.055 V                              ; 3.54e-09 s                  ; 3.29e-09 s                  ; Yes                        ; Yes                        ; 2.32 V                      ; 4.67e-07 V                  ; 2.33 V             ; -0.00269 V         ; 0.13 V                              ; 0.055 V                             ; 3.54e-09 s                 ; 3.29e-09 s                 ; Yes                       ; Yes                       ;
; HEX1[6]       ; 2.5 V        ; 0 s                 ; 0 s                 ; 2.32 V                       ; 4.67e-07 V                   ; 2.33 V              ; -0.00269 V          ; 0.13 V                               ; 0.055 V                              ; 3.54e-09 s                  ; 3.29e-09 s                  ; Yes                        ; Yes                        ; 2.32 V                      ; 4.67e-07 V                  ; 2.33 V             ; -0.00269 V         ; 0.13 V                              ; 0.055 V                             ; 3.54e-09 s                 ; 3.29e-09 s                 ; Yes                       ; Yes                       ;
; HEX2[0]       ; 2.5 V        ; 0 s                 ; 0 s                 ; 2.32 V                       ; 4.67e-07 V                   ; 2.35 V              ; -0.00942 V          ; 0.116 V                              ; 0.033 V                              ; 6.66e-10 s                  ; 6.27e-10 s                  ; Yes                        ; Yes                        ; 2.32 V                      ; 4.67e-07 V                  ; 2.35 V             ; -0.00942 V         ; 0.116 V                             ; 0.033 V                             ; 6.66e-10 s                 ; 6.27e-10 s                 ; Yes                       ; Yes                       ;
; HEX2[1]       ; 2.5 V        ; 0 s                 ; 0 s                 ; 2.32 V                       ; 4.67e-07 V                   ; 2.35 V              ; -0.00942 V          ; 0.116 V                              ; 0.033 V                              ; 6.66e-10 s                  ; 6.27e-10 s                  ; Yes                        ; Yes                        ; 2.32 V                      ; 4.67e-07 V                  ; 2.35 V             ; -0.00942 V         ; 0.116 V                             ; 0.033 V                             ; 6.66e-10 s                 ; 6.27e-10 s                 ; Yes                       ; Yes                       ;
; HEX2[2]       ; 2.5 V        ; 0 s                 ; 0 s                 ; 2.32 V                       ; 4.67e-07 V                   ; 2.35 V              ; -0.00942 V          ; 0.116 V                              ; 0.033 V                              ; 6.66e-10 s                  ; 6.27e-10 s                  ; Yes                        ; Yes                        ; 2.32 V                      ; 4.67e-07 V                  ; 2.35 V             ; -0.00942 V         ; 0.116 V                             ; 0.033 V                             ; 6.66e-10 s                 ; 6.27e-10 s                 ; Yes                       ; Yes                       ;
; HEX2[3]       ; 2.5 V        ; 0 s                 ; 0 s                 ; 2.32 V                       ; 4.67e-07 V                   ; 2.35 V              ; -0.00942 V          ; 0.116 V                              ; 0.033 V                              ; 6.66e-10 s                  ; 6.27e-10 s                  ; Yes                        ; Yes                        ; 2.32 V                      ; 4.67e-07 V                  ; 2.35 V             ; -0.00942 V         ; 0.116 V                             ; 0.033 V                             ; 6.66e-10 s                 ; 6.27e-10 s                 ; Yes                       ; Yes                       ;
; HEX2[4]       ; 2.5 V        ; 0 s                 ; 0 s                 ; 2.32 V                       ; 4.67e-07 V                   ; 2.35 V              ; -0.00942 V          ; 0.116 V                              ; 0.033 V                              ; 6.66e-10 s                  ; 6.27e-10 s                  ; Yes                        ; Yes                        ; 2.32 V                      ; 4.67e-07 V                  ; 2.35 V             ; -0.00942 V         ; 0.116 V                             ; 0.033 V                             ; 6.66e-10 s                 ; 6.27e-10 s                 ; Yes                       ; Yes                       ;
; HEX2[5]       ; 2.5 V        ; 0 s                 ; 0 s                 ; 2.32 V                       ; 4.67e-07 V                   ; 2.35 V              ; -0.00942 V          ; 0.116 V                              ; 0.033 V                              ; 6.66e-10 s                  ; 6.27e-10 s                  ; Yes                        ; Yes                        ; 2.32 V                      ; 4.67e-07 V                  ; 2.35 V             ; -0.00942 V         ; 0.116 V                             ; 0.033 V                             ; 6.66e-10 s                 ; 6.27e-10 s                 ; Yes                       ; Yes                       ;
; HEX2[6]       ; 2.5 V        ; 0 s                 ; 0 s                 ; 2.32 V                       ; 4.67e-07 V                   ; 2.35 V              ; -0.00942 V          ; 0.116 V                              ; 0.033 V                              ; 6.66e-10 s                  ; 6.27e-10 s                  ; Yes                        ; Yes                        ; 2.32 V                      ; 4.67e-07 V                  ; 2.35 V             ; -0.00942 V         ; 0.116 V                             ; 0.033 V                             ; 6.66e-10 s                 ; 6.27e-10 s                 ; Yes                       ; Yes                       ;
; HEX3[0]       ; 2.5 V        ; 0 s                 ; 0 s                 ; 2.32 V                       ; 4.67e-07 V                   ; 2.35 V              ; -0.00942 V          ; 0.116 V                              ; 0.033 V                              ; 6.66e-10 s                  ; 6.27e-10 s                  ; Yes                        ; Yes                        ; 2.32 V                      ; 4.67e-07 V                  ; 2.35 V             ; -0.00942 V         ; 0.116 V                             ; 0.033 V                             ; 6.66e-10 s                 ; 6.27e-10 s                 ; Yes                       ; Yes                       ;
; HEX3[1]       ; 2.5 V        ; 0 s                 ; 0 s                 ; 2.32 V                       ; 4.67e-07 V                   ; 2.36 V              ; -0.00552 V          ; 0.11 V                               ; 0.007 V                              ; 4.54e-10 s                  ; 4.35e-10 s                  ; Yes                        ; Yes                        ; 2.32 V                      ; 4.67e-07 V                  ; 2.36 V             ; -0.00552 V         ; 0.11 V                              ; 0.007 V                             ; 4.54e-10 s                 ; 4.35e-10 s                 ; Yes                       ; Yes                       ;
; HEX3[2]       ; 2.5 V        ; 0 s                 ; 0 s                 ; 2.32 V                       ; 6.92e-07 V                   ; 2.33 V              ; -0.00265 V          ; 0.133 V                              ; 0.056 V                              ; 3.55e-09 s                  ; 3.31e-09 s                  ; Yes                        ; Yes                        ; 2.32 V                      ; 6.92e-07 V                  ; 2.33 V             ; -0.00265 V         ; 0.133 V                             ; 0.056 V                             ; 3.55e-09 s                 ; 3.31e-09 s                 ; Yes                       ; Yes                       ;
; HEX3[3]       ; 2.5 V        ; 0 s                 ; 0 s                 ; 2.32 V                       ; 6.92e-07 V                   ; 2.35 V              ; -0.00996 V          ; 0.121 V                              ; 0.03 V                               ; 4.64e-10 s                  ; 4.47e-10 s                  ; Yes                        ; Yes                        ; 2.32 V                      ; 6.92e-07 V                  ; 2.35 V             ; -0.00996 V         ; 0.121 V                             ; 0.03 V                              ; 4.64e-10 s                 ; 4.47e-10 s                 ; Yes                       ; Yes                       ;
; HEX3[4]       ; 2.5 V        ; 0 s                 ; 0 s                 ; 2.32 V                       ; 6.92e-07 V                   ; 2.35 V              ; -0.00996 V          ; 0.121 V                              ; 0.03 V                               ; 4.64e-10 s                  ; 4.47e-10 s                  ; Yes                        ; Yes                        ; 2.32 V                      ; 6.92e-07 V                  ; 2.35 V             ; -0.00996 V         ; 0.121 V                             ; 0.03 V                              ; 4.64e-10 s                 ; 4.47e-10 s                 ; Yes                       ; Yes                       ;
; HEX3[5]       ; 2.5 V        ; 0 s                 ; 0 s                 ; 2.32 V                       ; 6.92e-07 V                   ; 2.35 V              ; -0.00996 V          ; 0.121 V                              ; 0.03 V                               ; 4.64e-10 s                  ; 4.47e-10 s                  ; Yes                        ; Yes                        ; 2.32 V                      ; 6.92e-07 V                  ; 2.35 V             ; -0.00996 V         ; 0.121 V                             ; 0.03 V                              ; 4.64e-10 s                 ; 4.47e-10 s                 ; Yes                       ; Yes                       ;
; HEX3[6]       ; 2.5 V        ; 0 s                 ; 0 s                 ; 2.32 V                       ; 6.92e-07 V                   ; 2.35 V              ; -0.00996 V          ; 0.121 V                              ; 0.03 V                               ; 4.64e-10 s                  ; 4.47e-10 s                  ; Yes                        ; Yes                        ; 2.32 V                      ; 6.92e-07 V                  ; 2.35 V             ; -0.00996 V         ; 0.121 V                             ; 0.03 V                              ; 4.64e-10 s                 ; 4.47e-10 s                 ; Yes                       ; Yes                       ;
; HEX4[0]       ; 2.5 V        ; 0 s                 ; 0 s                 ; 2.32 V                       ; 6.92e-07 V                   ; 2.35 V              ; -0.00996 V          ; 0.121 V                              ; 0.03 V                               ; 4.64e-10 s                  ; 4.47e-10 s                  ; Yes                        ; Yes                        ; 2.32 V                      ; 6.92e-07 V                  ; 2.35 V             ; -0.00996 V         ; 0.121 V                             ; 0.03 V                              ; 4.64e-10 s                 ; 4.47e-10 s                 ; Yes                       ; Yes                       ;
; HEX4[1]       ; 2.5 V        ; 0 s                 ; 0 s                 ; 2.32 V                       ; 6.92e-07 V                   ; 2.35 V              ; -0.00996 V          ; 0.121 V                              ; 0.03 V                               ; 4.64e-10 s                  ; 4.47e-10 s                  ; Yes                        ; Yes                        ; 2.32 V                      ; 6.92e-07 V                  ; 2.35 V             ; -0.00996 V         ; 0.121 V                             ; 0.03 V                              ; 4.64e-10 s                 ; 4.47e-10 s                 ; Yes                       ; Yes                       ;
; HEX4[2]       ; 2.5 V        ; 0 s                 ; 0 s                 ; 2.32 V                       ; 6.92e-07 V                   ; 2.35 V              ; -0.00996 V          ; 0.121 V                              ; 0.03 V                               ; 4.64e-10 s                  ; 4.47e-10 s                  ; Yes                        ; Yes                        ; 2.32 V                      ; 6.92e-07 V                  ; 2.35 V             ; -0.00996 V         ; 0.121 V                             ; 0.03 V                              ; 4.64e-10 s                 ; 4.47e-10 s                 ; Yes                       ; Yes                       ;
; HEX4[3]       ; 2.5 V        ; 0 s                 ; 0 s                 ; 2.32 V                       ; 6.92e-07 V                   ; 2.35 V              ; -0.00996 V          ; 0.121 V                              ; 0.03 V                               ; 4.64e-10 s                  ; 4.47e-10 s                  ; Yes                        ; Yes                        ; 2.32 V                      ; 6.92e-07 V                  ; 2.35 V             ; -0.00996 V         ; 0.121 V                             ; 0.03 V                              ; 4.64e-10 s                 ; 4.47e-10 s                 ; Yes                       ; Yes                       ;
; HEX4[4]       ; 2.5 V        ; 0 s                 ; 0 s                 ; 2.32 V                       ; 6.92e-07 V                   ; 2.35 V              ; -0.00996 V          ; 0.121 V                              ; 0.03 V                               ; 4.64e-10 s                  ; 4.47e-10 s                  ; Yes                        ; Yes                        ; 2.32 V                      ; 6.92e-07 V                  ; 2.35 V             ; -0.00996 V         ; 0.121 V                             ; 0.03 V                              ; 4.64e-10 s                 ; 4.47e-10 s                 ; Yes                       ; Yes                       ;
; HEX4[5]       ; 2.5 V        ; 0 s                 ; 0 s                 ; 2.32 V                       ; 6.92e-07 V                   ; 2.35 V              ; -0.00996 V          ; 0.121 V                              ; 0.03 V                               ; 4.64e-10 s                  ; 4.47e-10 s                  ; Yes                        ; Yes                        ; 2.32 V                      ; 6.92e-07 V                  ; 2.35 V             ; -0.00996 V         ; 0.121 V                             ; 0.03 V                              ; 4.64e-10 s                 ; 4.47e-10 s                 ; Yes                       ; Yes                       ;
; HEX4[6]       ; 2.5 V        ; 0 s                 ; 0 s                 ; 2.32 V                       ; 6.92e-07 V                   ; 2.35 V              ; -0.00996 V          ; 0.121 V                              ; 0.03 V                               ; 4.64e-10 s                  ; 4.47e-10 s                  ; Yes                        ; Yes                        ; 2.32 V                      ; 6.92e-07 V                  ; 2.35 V             ; -0.00996 V         ; 0.121 V                             ; 0.03 V                              ; 4.64e-10 s                 ; 4.47e-10 s                 ; Yes                       ; Yes                       ;
; HEX5[0]       ; 2.5 V        ; 0 s                 ; 0 s                 ; 2.32 V                       ; 6.92e-07 V                   ; 2.35 V              ; -0.00996 V          ; 0.121 V                              ; 0.03 V                               ; 4.64e-10 s                  ; 4.47e-10 s                  ; Yes                        ; Yes                        ; 2.32 V                      ; 6.92e-07 V                  ; 2.35 V             ; -0.00996 V         ; 0.121 V                             ; 0.03 V                              ; 4.64e-10 s                 ; 4.47e-10 s                 ; Yes                       ; Yes                       ;
; HEX5[1]       ; 2.5 V        ; 0 s                 ; 0 s                 ; 2.32 V                       ; 6.92e-07 V                   ; 2.33 V              ; -0.00265 V          ; 0.133 V                              ; 0.056 V                              ; 3.55e-09 s                  ; 3.31e-09 s                  ; Yes                        ; Yes                        ; 2.32 V                      ; 6.92e-07 V                  ; 2.33 V             ; -0.00265 V         ; 0.133 V                             ; 0.056 V                             ; 3.55e-09 s                 ; 3.31e-09 s                 ; Yes                       ; Yes                       ;
; HEX5[2]       ; 2.5 V        ; 0 s                 ; 0 s                 ; 2.32 V                       ; 6.92e-07 V                   ; 2.35 V              ; -0.00996 V          ; 0.121 V                              ; 0.03 V                               ; 4.64e-10 s                  ; 4.47e-10 s                  ; Yes                        ; Yes                        ; 2.32 V                      ; 6.92e-07 V                  ; 2.35 V             ; -0.00996 V         ; 0.121 V                             ; 0.03 V                              ; 4.64e-10 s                 ; 4.47e-10 s                 ; Yes                       ; Yes                       ;
; HEX5[3]       ; 2.5 V        ; 0 s                 ; 0 s                 ; 2.32 V                       ; 6.92e-07 V                   ; 2.35 V              ; -0.00996 V          ; 0.121 V                              ; 0.03 V                               ; 4.64e-10 s                  ; 4.47e-10 s                  ; Yes                        ; Yes                        ; 2.32 V                      ; 6.92e-07 V                  ; 2.35 V             ; -0.00996 V         ; 0.121 V                             ; 0.03 V                              ; 4.64e-10 s                 ; 4.47e-10 s                 ; Yes                       ; Yes                       ;
; HEX5[4]       ; 2.5 V        ; 0 s                 ; 0 s                 ; 2.32 V                       ; 6.92e-07 V                   ; 2.35 V              ; -0.00996 V          ; 0.121 V                              ; 0.03 V                               ; 4.64e-10 s                  ; 4.47e-10 s                  ; Yes                        ; Yes                        ; 2.32 V                      ; 6.92e-07 V                  ; 2.35 V             ; -0.00996 V         ; 0.121 V                             ; 0.03 V                              ; 4.64e-10 s                 ; 4.47e-10 s                 ; Yes                       ; Yes                       ;
; HEX5[5]       ; 2.5 V        ; 0 s                 ; 0 s                 ; 2.32 V                       ; 6.92e-07 V                   ; 2.35 V              ; -0.00996 V          ; 0.121 V                              ; 0.03 V                               ; 4.64e-10 s                  ; 4.47e-10 s                  ; Yes                        ; Yes                        ; 2.32 V                      ; 6.92e-07 V                  ; 2.35 V             ; -0.00996 V         ; 0.121 V                             ; 0.03 V                              ; 4.64e-10 s                 ; 4.47e-10 s                 ; Yes                       ; Yes                       ;
; HEX5[6]       ; 2.5 V        ; 0 s                 ; 0 s                 ; 2.32 V                       ; 6.92e-07 V                   ; 2.35 V              ; -0.00996 V          ; 0.121 V                              ; 0.03 V                               ; 4.64e-10 s                  ; 4.47e-10 s                  ; Yes                        ; Yes                        ; 2.32 V                      ; 6.92e-07 V                  ; 2.35 V             ; -0.00996 V         ; 0.121 V                             ; 0.03 V                              ; 4.64e-10 s                 ; 4.47e-10 s                 ; Yes                       ; Yes                       ;
; HEX6[0]       ; 2.5 V        ; 0 s                 ; 0 s                 ; 2.32 V                       ; 6.92e-07 V                   ; 2.35 V              ; -0.00996 V          ; 0.121 V                              ; 0.03 V                               ; 4.64e-10 s                  ; 4.47e-10 s                  ; Yes                        ; Yes                        ; 2.32 V                      ; 6.92e-07 V                  ; 2.35 V             ; -0.00996 V         ; 0.121 V                             ; 0.03 V                              ; 4.64e-10 s                 ; 4.47e-10 s                 ; Yes                       ; Yes                       ;
; HEX6[1]       ; 2.5 V        ; 0 s                 ; 0 s                 ; 2.32 V                       ; 6.92e-07 V                   ; 2.35 V              ; -0.00996 V          ; 0.121 V                              ; 0.03 V                               ; 4.64e-10 s                  ; 4.47e-10 s                  ; Yes                        ; Yes                        ; 2.32 V                      ; 6.92e-07 V                  ; 2.35 V             ; -0.00996 V         ; 0.121 V                             ; 0.03 V                              ; 4.64e-10 s                 ; 4.47e-10 s                 ; Yes                       ; Yes                       ;
; HEX6[2]       ; 2.5 V        ; 0 s                 ; 0 s                 ; 2.32 V                       ; 6.92e-07 V                   ; 2.35 V              ; -0.00996 V          ; 0.121 V                              ; 0.03 V                               ; 4.64e-10 s                  ; 4.47e-10 s                  ; Yes                        ; Yes                        ; 2.32 V                      ; 6.92e-07 V                  ; 2.35 V             ; -0.00996 V         ; 0.121 V                             ; 0.03 V                              ; 4.64e-10 s                 ; 4.47e-10 s                 ; Yes                       ; Yes                       ;
; HEX6[3]       ; 2.5 V        ; 0 s                 ; 0 s                 ; 2.32 V                       ; 6.92e-07 V                   ; 2.35 V              ; -0.00996 V          ; 0.121 V                              ; 0.03 V                               ; 4.64e-10 s                  ; 4.47e-10 s                  ; Yes                        ; Yes                        ; 2.32 V                      ; 6.92e-07 V                  ; 2.35 V             ; -0.00996 V         ; 0.121 V                             ; 0.03 V                              ; 4.64e-10 s                 ; 4.47e-10 s                 ; Yes                       ; Yes                       ;
; HEX6[4]       ; 2.5 V        ; 0 s                 ; 0 s                 ; 2.32 V                       ; 6.92e-07 V                   ; 2.35 V              ; -0.00996 V          ; 0.121 V                              ; 0.03 V                               ; 4.64e-10 s                  ; 4.47e-10 s                  ; Yes                        ; Yes                        ; 2.32 V                      ; 6.92e-07 V                  ; 2.35 V             ; -0.00996 V         ; 0.121 V                             ; 0.03 V                              ; 4.64e-10 s                 ; 4.47e-10 s                 ; Yes                       ; Yes                       ;
; HEX6[5]       ; 2.5 V        ; 0 s                 ; 0 s                 ; 2.32 V                       ; 6.92e-07 V                   ; 2.33 V              ; -0.00265 V          ; 0.133 V                              ; 0.056 V                              ; 3.55e-09 s                  ; 3.31e-09 s                  ; Yes                        ; Yes                        ; 2.32 V                      ; 6.92e-07 V                  ; 2.33 V             ; -0.00265 V         ; 0.133 V                             ; 0.056 V                             ; 3.55e-09 s                 ; 3.31e-09 s                 ; Yes                       ; Yes                       ;
; HEX6[6]       ; 2.5 V        ; 0 s                 ; 0 s                 ; 2.32 V                       ; 6.92e-07 V                   ; 2.35 V              ; -0.00996 V          ; 0.121 V                              ; 0.03 V                               ; 4.64e-10 s                  ; 4.47e-10 s                  ; Yes                        ; Yes                        ; 2.32 V                      ; 6.92e-07 V                  ; 2.35 V             ; -0.00996 V         ; 0.121 V                             ; 0.03 V                              ; 4.64e-10 s                 ; 4.47e-10 s                 ; Yes                       ; Yes                       ;
; HEX7[0]       ; 2.5 V        ; 0 s                 ; 0 s                 ; 2.32 V                       ; 6.92e-07 V                   ; 2.35 V              ; -0.00996 V          ; 0.121 V                              ; 0.03 V                               ; 4.64e-10 s                  ; 4.47e-10 s                  ; Yes                        ; Yes                        ; 2.32 V                      ; 6.92e-07 V                  ; 2.35 V             ; -0.00996 V         ; 0.121 V                             ; 0.03 V                              ; 4.64e-10 s                 ; 4.47e-10 s                 ; Yes                       ; Yes                       ;
; HEX7[1]       ; 2.5 V        ; 0 s                 ; 0 s                 ; 2.32 V                       ; 6.92e-07 V                   ; 2.35 V              ; -0.00996 V          ; 0.121 V                              ; 0.03 V                               ; 4.64e-10 s                  ; 4.47e-10 s                  ; Yes                        ; Yes                        ; 2.32 V                      ; 6.92e-07 V                  ; 2.35 V             ; -0.00996 V         ; 0.121 V                             ; 0.03 V                              ; 4.64e-10 s                 ; 4.47e-10 s                 ; Yes                       ; Yes                       ;
; HEX7[2]       ; 2.5 V        ; 0 s                 ; 0 s                 ; 2.32 V                       ; 6.92e-07 V                   ; 2.35 V              ; -0.00996 V          ; 0.121 V                              ; 0.03 V                               ; 4.64e-10 s                  ; 4.47e-10 s                  ; Yes                        ; Yes                        ; 2.32 V                      ; 6.92e-07 V                  ; 2.35 V             ; -0.00996 V         ; 0.121 V                             ; 0.03 V                              ; 4.64e-10 s                 ; 4.47e-10 s                 ; Yes                       ; Yes                       ;
; HEX7[3]       ; 2.5 V        ; 0 s                 ; 0 s                 ; 2.32 V                       ; 6.92e-07 V                   ; 2.35 V              ; -0.00996 V          ; 0.121 V                              ; 0.03 V                               ; 4.64e-10 s                  ; 4.47e-10 s                  ; Yes                        ; Yes                        ; 2.32 V                      ; 6.92e-07 V                  ; 2.35 V             ; -0.00996 V         ; 0.121 V                             ; 0.03 V                              ; 4.64e-10 s                 ; 4.47e-10 s                 ; Yes                       ; Yes                       ;
; HEX7[4]       ; 2.5 V        ; 0 s                 ; 0 s                 ; 2.32 V                       ; 6.92e-07 V                   ; 2.35 V              ; -0.00996 V          ; 0.121 V                              ; 0.03 V                               ; 4.64e-10 s                  ; 4.47e-10 s                  ; Yes                        ; Yes                        ; 2.32 V                      ; 6.92e-07 V                  ; 2.35 V             ; -0.00996 V         ; 0.121 V                             ; 0.03 V                              ; 4.64e-10 s                 ; 4.47e-10 s                 ; Yes                       ; Yes                       ;
; HEX7[5]       ; 2.5 V        ; 0 s                 ; 0 s                 ; 2.32 V                       ; 6.92e-07 V                   ; 2.35 V              ; -0.00996 V          ; 0.121 V                              ; 0.03 V                               ; 4.64e-10 s                  ; 4.47e-10 s                  ; Yes                        ; Yes                        ; 2.32 V                      ; 6.92e-07 V                  ; 2.35 V             ; -0.00996 V         ; 0.121 V                             ; 0.03 V                              ; 4.64e-10 s                 ; 4.47e-10 s                 ; Yes                       ; Yes                       ;
; HEX7[6]       ; 2.5 V        ; 0 s                 ; 0 s                 ; 2.32 V                       ; 6.92e-07 V                   ; 2.35 V              ; -0.00996 V          ; 0.121 V                              ; 0.03 V                               ; 4.64e-10 s                  ; 4.47e-10 s                  ; Yes                        ; Yes                        ; 2.32 V                      ; 6.92e-07 V                  ; 2.35 V             ; -0.00996 V         ; 0.121 V                             ; 0.03 V                              ; 4.64e-10 s                 ; 4.47e-10 s                 ; Yes                       ; Yes                       ;
; VGA_R[0]      ; 2.5 V        ; 0 s                 ; 0 s                 ; 2.32 V                       ; 6.92e-07 V                   ; 2.35 V              ; -0.00996 V          ; 0.121 V                              ; 0.03 V                               ; 4.64e-10 s                  ; 4.47e-10 s                  ; Yes                        ; Yes                        ; 2.32 V                      ; 6.92e-07 V                  ; 2.35 V             ; -0.00996 V         ; 0.121 V                             ; 0.03 V                              ; 4.64e-10 s                 ; 4.47e-10 s                 ; Yes                       ; Yes                       ;
; VGA_R[1]      ; 2.5 V        ; 0 s                 ; 0 s                 ; 2.32 V                       ; 6.92e-07 V                   ; 2.35 V              ; -0.00996 V          ; 0.121 V                              ; 0.03 V                               ; 4.64e-10 s                  ; 4.47e-10 s                  ; Yes                        ; Yes                        ; 2.32 V                      ; 6.92e-07 V                  ; 2.35 V             ; -0.00996 V         ; 0.121 V                             ; 0.03 V                              ; 4.64e-10 s                 ; 4.47e-10 s                 ; Yes                       ; Yes                       ;
; VGA_R[2]      ; 2.5 V        ; 0 s                 ; 0 s                 ; 2.32 V                       ; 6.92e-07 V                   ; 2.35 V              ; -0.00996 V          ; 0.121 V                              ; 0.03 V                               ; 4.64e-10 s                  ; 4.47e-10 s                  ; Yes                        ; Yes                        ; 2.32 V                      ; 6.92e-07 V                  ; 2.35 V             ; -0.00996 V         ; 0.121 V                             ; 0.03 V                              ; 4.64e-10 s                 ; 4.47e-10 s                 ; Yes                       ; Yes                       ;
; VGA_R[3]      ; 2.5 V        ; 0 s                 ; 0 s                 ; 2.32 V                       ; 6.92e-07 V                   ; 2.35 V              ; -0.00996 V          ; 0.121 V                              ; 0.03 V                               ; 4.64e-10 s                  ; 4.47e-10 s                  ; Yes                        ; Yes                        ; 2.32 V                      ; 6.92e-07 V                  ; 2.35 V             ; -0.00996 V         ; 0.121 V                             ; 0.03 V                              ; 4.64e-10 s                 ; 4.47e-10 s                 ; Yes                       ; Yes                       ;
; VGA_R[4]      ; 2.5 V        ; 0 s                 ; 0 s                 ; 2.32 V                       ; 6.92e-07 V                   ; 2.35 V              ; -0.00996 V          ; 0.121 V                              ; 0.03 V                               ; 4.64e-10 s                  ; 4.47e-10 s                  ; Yes                        ; Yes                        ; 2.32 V                      ; 6.92e-07 V                  ; 2.35 V             ; -0.00996 V         ; 0.121 V                             ; 0.03 V                              ; 4.64e-10 s                 ; 4.47e-10 s                 ; Yes                       ; Yes                       ;
; VGA_R[5]      ; 2.5 V        ; 0 s                 ; 0 s                 ; 2.32 V                       ; 6.92e-07 V                   ; 2.35 V              ; -0.00996 V          ; 0.121 V                              ; 0.03 V                               ; 4.64e-10 s                  ; 4.47e-10 s                  ; Yes                        ; Yes                        ; 2.32 V                      ; 6.92e-07 V                  ; 2.35 V             ; -0.00996 V         ; 0.121 V                             ; 0.03 V                              ; 4.64e-10 s                 ; 4.47e-10 s                 ; Yes                       ; Yes                       ;
; VGA_R[6]      ; 2.5 V        ; 0 s                 ; 0 s                 ; 2.32 V                       ; 6.92e-07 V                   ; 2.35 V              ; -0.00996 V          ; 0.121 V                              ; 0.03 V                               ; 4.64e-10 s                  ; 4.47e-10 s                  ; Yes                        ; Yes                        ; 2.32 V                      ; 6.92e-07 V                  ; 2.35 V             ; -0.00996 V         ; 0.121 V                             ; 0.03 V                              ; 4.64e-10 s                 ; 4.47e-10 s                 ; Yes                       ; Yes                       ;
; VGA_R[7]      ; 2.5 V        ; 0 s                 ; 0 s                 ; 2.32 V                       ; 6.92e-07 V                   ; 2.35 V              ; -0.00996 V          ; 0.121 V                              ; 0.03 V                               ; 4.64e-10 s                  ; 4.47e-10 s                  ; Yes                        ; Yes                        ; 2.32 V                      ; 6.92e-07 V                  ; 2.35 V             ; -0.00996 V         ; 0.121 V                             ; 0.03 V                              ; 4.64e-10 s                 ; 4.47e-10 s                 ; Yes                       ; Yes                       ;
; VGA_G[0]      ; 2.5 V        ; 0 s                 ; 0 s                 ; 2.32 V                       ; 6.92e-07 V                   ; 2.35 V              ; -0.00996 V          ; 0.121 V                              ; 0.03 V                               ; 4.64e-10 s                  ; 4.47e-10 s                  ; Yes                        ; Yes                        ; 2.32 V                      ; 6.92e-07 V                  ; 2.35 V             ; -0.00996 V         ; 0.121 V                             ; 0.03 V                              ; 4.64e-10 s                 ; 4.47e-10 s                 ; Yes                       ; Yes                       ;
; VGA_G[1]      ; 2.5 V        ; 0 s                 ; 0 s                 ; 2.32 V                       ; 6.92e-07 V                   ; 2.35 V              ; -0.00996 V          ; 0.121 V                              ; 0.03 V                               ; 4.64e-10 s                  ; 4.47e-10 s                  ; Yes                        ; Yes                        ; 2.32 V                      ; 6.92e-07 V                  ; 2.35 V             ; -0.00996 V         ; 0.121 V                             ; 0.03 V                              ; 4.64e-10 s                 ; 4.47e-10 s                 ; Yes                       ; Yes                       ;
; VGA_G[2]      ; 2.5 V        ; 0 s                 ; 0 s                 ; 2.32 V                       ; 6.92e-07 V                   ; 2.35 V              ; -0.00996 V          ; 0.121 V                              ; 0.03 V                               ; 4.64e-10 s                  ; 4.47e-10 s                  ; Yes                        ; Yes                        ; 2.32 V                      ; 6.92e-07 V                  ; 2.35 V             ; -0.00996 V         ; 0.121 V                             ; 0.03 V                              ; 4.64e-10 s                 ; 4.47e-10 s                 ; Yes                       ; Yes                       ;
; VGA_G[3]      ; 2.5 V        ; 0 s                 ; 0 s                 ; 2.32 V                       ; 6.92e-07 V                   ; 2.35 V              ; -0.00996 V          ; 0.121 V                              ; 0.03 V                               ; 4.64e-10 s                  ; 4.47e-10 s                  ; Yes                        ; Yes                        ; 2.32 V                      ; 6.92e-07 V                  ; 2.35 V             ; -0.00996 V         ; 0.121 V                             ; 0.03 V                              ; 4.64e-10 s                 ; 4.47e-10 s                 ; Yes                       ; Yes                       ;
; VGA_G[4]      ; 2.5 V        ; 0 s                 ; 0 s                 ; 2.32 V                       ; 6.92e-07 V                   ; 2.35 V              ; -0.00996 V          ; 0.121 V                              ; 0.03 V                               ; 4.64e-10 s                  ; 4.47e-10 s                  ; Yes                        ; Yes                        ; 2.32 V                      ; 6.92e-07 V                  ; 2.35 V             ; -0.00996 V         ; 0.121 V                             ; 0.03 V                              ; 4.64e-10 s                 ; 4.47e-10 s                 ; Yes                       ; Yes                       ;
; VGA_G[5]      ; 2.5 V        ; 0 s                 ; 0 s                 ; 2.32 V                       ; 6.92e-07 V                   ; 2.35 V              ; -0.00996 V          ; 0.121 V                              ; 0.03 V                               ; 4.64e-10 s                  ; 4.47e-10 s                  ; Yes                        ; Yes                        ; 2.32 V                      ; 6.92e-07 V                  ; 2.35 V             ; -0.00996 V         ; 0.121 V                             ; 0.03 V                              ; 4.64e-10 s                 ; 4.47e-10 s                 ; Yes                       ; Yes                       ;
; VGA_G[6]      ; 2.5 V        ; 0 s                 ; 0 s                 ; 2.32 V                       ; 6.92e-07 V                   ; 2.35 V              ; -0.00996 V          ; 0.121 V                              ; 0.03 V                               ; 4.64e-10 s                  ; 4.47e-10 s                  ; Yes                        ; Yes                        ; 2.32 V                      ; 6.92e-07 V                  ; 2.35 V             ; -0.00996 V         ; 0.121 V                             ; 0.03 V                              ; 4.64e-10 s                 ; 4.47e-10 s                 ; Yes                       ; Yes                       ;
; VGA_G[7]      ; 2.5 V        ; 0 s                 ; 0 s                 ; 2.32 V                       ; 6.92e-07 V                   ; 2.35 V              ; -0.00996 V          ; 0.121 V                              ; 0.03 V                               ; 4.64e-10 s                  ; 4.47e-10 s                  ; Yes                        ; Yes                        ; 2.32 V                      ; 6.92e-07 V                  ; 2.35 V             ; -0.00996 V         ; 0.121 V                             ; 0.03 V                              ; 4.64e-10 s                 ; 4.47e-10 s                 ; Yes                       ; Yes                       ;
; VGA_B[0]      ; 2.5 V        ; 0 s                 ; 0 s                 ; 2.32 V                       ; 6.92e-07 V                   ; 2.35 V              ; -0.00996 V          ; 0.121 V                              ; 0.03 V                               ; 4.64e-10 s                  ; 4.47e-10 s                  ; Yes                        ; Yes                        ; 2.32 V                      ; 6.92e-07 V                  ; 2.35 V             ; -0.00996 V         ; 0.121 V                             ; 0.03 V                              ; 4.64e-10 s                 ; 4.47e-10 s                 ; Yes                       ; Yes                       ;
; VGA_B[1]      ; 2.5 V        ; 0 s                 ; 0 s                 ; 2.32 V                       ; 6.92e-07 V                   ; 2.35 V              ; -0.00996 V          ; 0.121 V                              ; 0.03 V                               ; 4.64e-10 s                  ; 4.47e-10 s                  ; Yes                        ; Yes                        ; 2.32 V                      ; 6.92e-07 V                  ; 2.35 V             ; -0.00996 V         ; 0.121 V                             ; 0.03 V                              ; 4.64e-10 s                 ; 4.47e-10 s                 ; Yes                       ; Yes                       ;
; VGA_B[2]      ; 2.5 V        ; 0 s                 ; 0 s                 ; 2.32 V                       ; 6.92e-07 V                   ; 2.35 V              ; -0.00996 V          ; 0.121 V                              ; 0.03 V                               ; 4.64e-10 s                  ; 4.47e-10 s                  ; Yes                        ; Yes                        ; 2.32 V                      ; 6.92e-07 V                  ; 2.35 V             ; -0.00996 V         ; 0.121 V                             ; 0.03 V                              ; 4.64e-10 s                 ; 4.47e-10 s                 ; Yes                       ; Yes                       ;
; VGA_B[3]      ; 2.5 V        ; 0 s                 ; 0 s                 ; 2.32 V                       ; 6.92e-07 V                   ; 2.35 V              ; -0.00996 V          ; 0.121 V                              ; 0.03 V                               ; 4.64e-10 s                  ; 4.47e-10 s                  ; Yes                        ; Yes                        ; 2.32 V                      ; 6.92e-07 V                  ; 2.35 V             ; -0.00996 V         ; 0.121 V                             ; 0.03 V                              ; 4.64e-10 s                 ; 4.47e-10 s                 ; Yes                       ; Yes                       ;
; VGA_B[4]      ; 2.5 V        ; 0 s                 ; 0 s                 ; 2.32 V                       ; 6.92e-07 V                   ; 2.35 V              ; -0.00996 V          ; 0.121 V                              ; 0.03 V                               ; 4.64e-10 s                  ; 4.47e-10 s                  ; Yes                        ; Yes                        ; 2.32 V                      ; 6.92e-07 V                  ; 2.35 V             ; -0.00996 V         ; 0.121 V                             ; 0.03 V                              ; 4.64e-10 s                 ; 4.47e-10 s                 ; Yes                       ; Yes                       ;
; VGA_B[5]      ; 2.5 V        ; 0 s                 ; 0 s                 ; 2.32 V                       ; 6.92e-07 V                   ; 2.35 V              ; -0.00996 V          ; 0.121 V                              ; 0.03 V                               ; 4.64e-10 s                  ; 4.47e-10 s                  ; Yes                        ; Yes                        ; 2.32 V                      ; 6.92e-07 V                  ; 2.35 V             ; -0.00996 V         ; 0.121 V                             ; 0.03 V                              ; 4.64e-10 s                 ; 4.47e-10 s                 ; Yes                       ; Yes                       ;
; VGA_B[6]      ; 2.5 V        ; 0 s                 ; 0 s                 ; 2.32 V                       ; 6.92e-07 V                   ; 2.35 V              ; -0.00996 V          ; 0.121 V                              ; 0.03 V                               ; 4.64e-10 s                  ; 4.47e-10 s                  ; Yes                        ; Yes                        ; 2.32 V                      ; 6.92e-07 V                  ; 2.35 V             ; -0.00996 V         ; 0.121 V                             ; 0.03 V                              ; 4.64e-10 s                 ; 4.47e-10 s                 ; Yes                       ; Yes                       ;
; VGA_B[7]      ; 2.5 V        ; 0 s                 ; 0 s                 ; 2.32 V                       ; 6.92e-07 V                   ; 2.35 V              ; -0.00996 V          ; 0.121 V                              ; 0.03 V                               ; 4.64e-10 s                  ; 4.47e-10 s                  ; Yes                        ; Yes                        ; 2.32 V                      ; 6.92e-07 V                  ; 2.35 V             ; -0.00996 V         ; 0.121 V                             ; 0.03 V                              ; 4.64e-10 s                 ; 4.47e-10 s                 ; Yes                       ; Yes                       ;
; VGA_BLANK_N   ; 2.5 V        ; 0 s                 ; 0 s                 ; 2.32 V                       ; 6.92e-07 V                   ; 2.35 V              ; -0.00996 V          ; 0.121 V                              ; 0.03 V                               ; 4.64e-10 s                  ; 4.47e-10 s                  ; Yes                        ; Yes                        ; 2.32 V                      ; 6.92e-07 V                  ; 2.35 V             ; -0.00996 V         ; 0.121 V                             ; 0.03 V                              ; 4.64e-10 s                 ; 4.47e-10 s                 ; Yes                       ; Yes                       ;
; VGA_CLK       ; 2.5 V        ; 0 s                 ; 0 s                 ; 2.32 V                       ; 6.92e-07 V                   ; 2.35 V              ; -0.00996 V          ; 0.121 V                              ; 0.03 V                               ; 4.64e-10 s                  ; 4.47e-10 s                  ; Yes                        ; Yes                        ; 2.32 V                      ; 6.92e-07 V                  ; 2.35 V             ; -0.00996 V         ; 0.121 V                             ; 0.03 V                              ; 4.64e-10 s                 ; 4.47e-10 s                 ; Yes                       ; Yes                       ;
; VGA_SYNC_N    ; 2.5 V        ; 0 s                 ; 0 s                 ; 2.32 V                       ; 6.92e-07 V                   ; 2.35 V              ; -0.00996 V          ; 0.121 V                              ; 0.03 V                               ; 4.64e-10 s                  ; 4.47e-10 s                  ; Yes                        ; Yes                        ; 2.32 V                      ; 6.92e-07 V                  ; 2.35 V             ; -0.00996 V         ; 0.121 V                             ; 0.03 V                              ; 4.64e-10 s                 ; 4.47e-10 s                 ; Yes                       ; Yes                       ;
; VGA_VS        ; 2.5 V        ; 0 s                 ; 0 s                 ; 2.32 V                       ; 6.92e-07 V                   ; 2.35 V              ; -0.00996 V          ; 0.121 V                              ; 0.03 V                               ; 4.64e-10 s                  ; 4.47e-10 s                  ; Yes                        ; Yes                        ; 2.32 V                      ; 6.92e-07 V                  ; 2.35 V             ; -0.00996 V         ; 0.121 V                             ; 0.03 V                              ; 4.64e-10 s                 ; 4.47e-10 s                 ; Yes                       ; Yes                       ;
; VGA_HS        ; 2.5 V        ; 0 s                 ; 0 s                 ; 2.32 V                       ; 6.92e-07 V                   ; 2.35 V              ; -0.00996 V          ; 0.121 V                              ; 0.03 V                               ; 4.64e-10 s                  ; 4.47e-10 s                  ; Yes                        ; Yes                        ; 2.32 V                      ; 6.92e-07 V                  ; 2.35 V             ; -0.00996 V         ; 0.121 V                             ; 0.03 V                              ; 4.64e-10 s                 ; 4.47e-10 s                 ; Yes                       ; Yes                       ;
; ~ALTERA_DCLK~ ; 2.5 V        ; 0 s                 ; 0 s                 ; 2.32 V                       ; 3.75e-07 V                   ; 2.35 V              ; -0.0109 V           ; 0.084 V                              ; 0.027 V                              ; 4.31e-10 s                  ; 3.61e-10 s                  ; Yes                        ; Yes                        ; 2.32 V                      ; 3.75e-07 V                  ; 2.35 V             ; -0.0109 V          ; 0.084 V                             ; 0.027 V                             ; 4.31e-10 s                 ; 3.61e-10 s                 ; Yes                       ; Yes                       ;
; ~ALTERA_nCEO~ ; 2.5 V        ; 0 s                 ; 0 s                 ; 2.32 V                       ; 6.15e-07 V                   ; 2.35 V              ; -0.00712 V          ; 0.093 V                              ; 0.02 V                               ; 6.21e-10 s                  ; 7.9e-10 s                   ; Yes                        ; Yes                        ; 2.32 V                      ; 6.15e-07 V                  ; 2.35 V             ; -0.00712 V         ; 0.093 V                             ; 0.02 V                              ; 6.21e-10 s                 ; 7.9e-10 s                  ; Yes                       ; Yes                       ;
+---------------+--------------+---------------------+---------------------+------------------------------+------------------------------+---------------------+---------------------+--------------------------------------+--------------------------------------+-----------------------------+-----------------------------+----------------------------+----------------------------+-----------------------------+-----------------------------+--------------------+--------------------+-------------------------------------+-------------------------------------+----------------------------+----------------------------+---------------------------+---------------------------+


+--------------------------------------------------------------------------------------------------------------------------------------------------------------------------------------------------------------------------------------------------------------------------------------------------------------------------------------------------------------------------------------------------------------------------------------------------------------------------------------------------------------------------------------------------------------------------------------------------------------------------------------------------------------------------------------------+
; Signal Integrity Metrics (Fast 1200mv 0c Model)                                                                                                                                                                                                                                                                                                                                                                                                                                                                                                                                                                                                                                            ;
+---------------+--------------+---------------------+---------------------+------------------------------+------------------------------+---------------------+---------------------+--------------------------------------+--------------------------------------+-----------------------------+-----------------------------+----------------------------+----------------------------+-----------------------------+-----------------------------+--------------------+--------------------+-------------------------------------+-------------------------------------+----------------------------+----------------------------+---------------------------+---------------------------+
; Pin           ; I/O Standard ; Board Delay on Rise ; Board Delay on Fall ; Steady State Voh at FPGA Pin ; Steady State Vol at FPGA Pin ; Voh Max at FPGA Pin ; Vol Min at FPGA Pin ; Ringback Voltage on Rise at FPGA Pin ; Ringback Voltage on Fall at FPGA Pin ; 10-90 Rise Time at FPGA Pin ; 90-10 Fall Time at FPGA Pin ; Monotonic Rise at FPGA Pin ; Monotonic Fall at FPGA Pin ; Steady State Voh at Far-end ; Steady State Vol at Far-end ; Voh Max at Far-end ; Vol Min at Far-end ; Ringback Voltage on Rise at Far-end ; Ringback Voltage on Fall at Far-end ; 10-90 Rise Time at Far-end ; 90-10 Fall Time at Far-end ; Monotonic Rise at Far-end ; Monotonic Fall at Far-end ;
+---------------+--------------+---------------------+---------------------+------------------------------+------------------------------+---------------------+---------------------+--------------------------------------+--------------------------------------+-----------------------------+-----------------------------+----------------------------+----------------------------+-----------------------------+-----------------------------+--------------------+--------------------+-------------------------------------+-------------------------------------+----------------------------+----------------------------+---------------------------+---------------------------+
; LEDR[0]       ; 2.5 V        ; 0 s                 ; 0 s                 ; 2.62 V                       ; 4.05e-08 V                   ; 2.72 V              ; -0.0349 V           ; 0.173 V                              ; 0.1 V                                ; 2.72e-10 s                  ; 2.69e-10 s                  ; Yes                        ; Yes                        ; 2.62 V                      ; 4.05e-08 V                  ; 2.72 V             ; -0.0349 V          ; 0.173 V                             ; 0.1 V                               ; 2.72e-10 s                 ; 2.69e-10 s                 ; Yes                       ; Yes                       ;
; LEDR[1]       ; 2.5 V        ; 0 s                 ; 0 s                 ; 2.62 V                       ; 4.05e-08 V                   ; 2.72 V              ; -0.0349 V           ; 0.173 V                              ; 0.1 V                                ; 2.72e-10 s                  ; 2.69e-10 s                  ; Yes                        ; Yes                        ; 2.62 V                      ; 4.05e-08 V                  ; 2.72 V             ; -0.0349 V          ; 0.173 V                             ; 0.1 V                               ; 2.72e-10 s                 ; 2.69e-10 s                 ; Yes                       ; Yes                       ;
; LEDR[2]       ; 2.5 V        ; 0 s                 ; 0 s                 ; 2.62 V                       ; 4.05e-08 V                   ; 2.72 V              ; -0.0349 V           ; 0.173 V                              ; 0.1 V                                ; 2.72e-10 s                  ; 2.69e-10 s                  ; Yes                        ; Yes                        ; 2.62 V                      ; 4.05e-08 V                  ; 2.72 V             ; -0.0349 V          ; 0.173 V                             ; 0.1 V                               ; 2.72e-10 s                 ; 2.69e-10 s                 ; Yes                       ; Yes                       ;
; LEDR[3]       ; 2.5 V        ; 0 s                 ; 0 s                 ; 2.62 V                       ; 4.05e-08 V                   ; 2.72 V              ; -0.0349 V           ; 0.173 V                              ; 0.1 V                                ; 2.72e-10 s                  ; 2.69e-10 s                  ; Yes                        ; Yes                        ; 2.62 V                      ; 4.05e-08 V                  ; 2.72 V             ; -0.0349 V          ; 0.173 V                             ; 0.1 V                               ; 2.72e-10 s                 ; 2.69e-10 s                 ; Yes                       ; Yes                       ;
; LEDR[4]       ; 2.5 V        ; 0 s                 ; 0 s                 ; 2.62 V                       ; 4.05e-08 V                   ; 2.72 V              ; -0.0349 V           ; 0.173 V                              ; 0.1 V                                ; 2.72e-10 s                  ; 2.69e-10 s                  ; Yes                        ; Yes                        ; 2.62 V                      ; 4.05e-08 V                  ; 2.72 V             ; -0.0349 V          ; 0.173 V                             ; 0.1 V                               ; 2.72e-10 s                 ; 2.69e-10 s                 ; Yes                       ; Yes                       ;
; LEDR[5]       ; 2.5 V        ; 0 s                 ; 0 s                 ; 2.62 V                       ; 4.05e-08 V                   ; 2.72 V              ; -0.0349 V           ; 0.173 V                              ; 0.1 V                                ; 2.72e-10 s                  ; 2.69e-10 s                  ; Yes                        ; Yes                        ; 2.62 V                      ; 4.05e-08 V                  ; 2.72 V             ; -0.0349 V          ; 0.173 V                             ; 0.1 V                               ; 2.72e-10 s                 ; 2.69e-10 s                 ; Yes                       ; Yes                       ;
; LEDR[6]       ; 2.5 V        ; 0 s                 ; 0 s                 ; 2.62 V                       ; 4.05e-08 V                   ; 2.72 V              ; -0.0349 V           ; 0.173 V                              ; 0.1 V                                ; 2.72e-10 s                  ; 2.69e-10 s                  ; Yes                        ; Yes                        ; 2.62 V                      ; 4.05e-08 V                  ; 2.72 V             ; -0.0349 V          ; 0.173 V                             ; 0.1 V                               ; 2.72e-10 s                 ; 2.69e-10 s                 ; Yes                       ; Yes                       ;
; LEDR[7]       ; 2.5 V        ; 0 s                 ; 0 s                 ; 2.62 V                       ; 4.05e-08 V                   ; 2.72 V              ; -0.0349 V           ; 0.173 V                              ; 0.1 V                                ; 2.72e-10 s                  ; 2.69e-10 s                  ; Yes                        ; Yes                        ; 2.62 V                      ; 4.05e-08 V                  ; 2.72 V             ; -0.0349 V          ; 0.173 V                             ; 0.1 V                               ; 2.72e-10 s                 ; 2.69e-10 s                 ; Yes                       ; Yes                       ;
; LEDR[8]       ; 2.5 V        ; 0 s                 ; 0 s                 ; 2.62 V                       ; 4.05e-08 V                   ; 2.72 V              ; -0.0349 V           ; 0.173 V                              ; 0.1 V                                ; 2.72e-10 s                  ; 2.69e-10 s                  ; Yes                        ; Yes                        ; 2.62 V                      ; 4.05e-08 V                  ; 2.72 V             ; -0.0349 V          ; 0.173 V                             ; 0.1 V                               ; 2.72e-10 s                 ; 2.69e-10 s                 ; Yes                       ; Yes                       ;
; LEDR[9]       ; 2.5 V        ; 0 s                 ; 0 s                 ; 2.62 V                       ; 4.05e-08 V                   ; 2.64 V              ; -0.0113 V           ; 0.208 V                              ; 0.179 V                              ; 2.38e-09 s                  ; 2.23e-09 s                  ; No                         ; Yes                        ; 2.62 V                      ; 4.05e-08 V                  ; 2.64 V             ; -0.0113 V          ; 0.208 V                             ; 0.179 V                             ; 2.38e-09 s                 ; 2.23e-09 s                 ; No                        ; Yes                       ;
; LEDR[10]      ; 2.5 V        ; 0 s                 ; 0 s                 ; 2.62 V                       ; 4.05e-08 V                   ; 2.72 V              ; -0.0349 V           ; 0.173 V                              ; 0.1 V                                ; 2.72e-10 s                  ; 2.69e-10 s                  ; Yes                        ; Yes                        ; 2.62 V                      ; 4.05e-08 V                  ; 2.72 V             ; -0.0349 V          ; 0.173 V                             ; 0.1 V                               ; 2.72e-10 s                 ; 2.69e-10 s                 ; Yes                       ; Yes                       ;
; LEDR[11]      ; 2.5 V        ; 0 s                 ; 0 s                 ; 2.62 V                       ; 4.05e-08 V                   ; 2.72 V              ; -0.0349 V           ; 0.173 V                              ; 0.1 V                                ; 2.72e-10 s                  ; 2.69e-10 s                  ; Yes                        ; Yes                        ; 2.62 V                      ; 4.05e-08 V                  ; 2.72 V             ; -0.0349 V          ; 0.173 V                             ; 0.1 V                               ; 2.72e-10 s                 ; 2.69e-10 s                 ; Yes                       ; Yes                       ;
; LEDR[12]      ; 2.5 V        ; 0 s                 ; 0 s                 ; 2.62 V                       ; 4.05e-08 V                   ; 2.72 V              ; -0.0349 V           ; 0.173 V                              ; 0.1 V                                ; 2.72e-10 s                  ; 2.69e-10 s                  ; Yes                        ; Yes                        ; 2.62 V                      ; 4.05e-08 V                  ; 2.72 V             ; -0.0349 V          ; 0.173 V                             ; 0.1 V                               ; 2.72e-10 s                 ; 2.69e-10 s                 ; Yes                       ; Yes                       ;
; LEDR[13]      ; 2.5 V        ; 0 s                 ; 0 s                 ; 2.62 V                       ; 4.05e-08 V                   ; 2.72 V              ; -0.0349 V           ; 0.173 V                              ; 0.1 V                                ; 2.72e-10 s                  ; 2.69e-10 s                  ; Yes                        ; Yes                        ; 2.62 V                      ; 4.05e-08 V                  ; 2.72 V             ; -0.0349 V          ; 0.173 V                             ; 0.1 V                               ; 2.72e-10 s                 ; 2.69e-10 s                 ; Yes                       ; Yes                       ;
; LEDR[14]      ; 2.5 V        ; 0 s                 ; 0 s                 ; 2.62 V                       ; 4.05e-08 V                   ; 2.72 V              ; -0.0349 V           ; 0.173 V                              ; 0.1 V                                ; 2.72e-10 s                  ; 2.69e-10 s                  ; Yes                        ; Yes                        ; 2.62 V                      ; 4.05e-08 V                  ; 2.72 V             ; -0.0349 V          ; 0.173 V                             ; 0.1 V                               ; 2.72e-10 s                 ; 2.69e-10 s                 ; Yes                       ; Yes                       ;
; LEDR[15]      ; 2.5 V        ; 0 s                 ; 0 s                 ; 2.62 V                       ; 4.05e-08 V                   ; 2.64 V              ; -0.0113 V           ; 0.208 V                              ; 0.179 V                              ; 2.38e-09 s                  ; 2.23e-09 s                  ; No                         ; Yes                        ; 2.62 V                      ; 4.05e-08 V                  ; 2.64 V             ; -0.0113 V          ; 0.208 V                             ; 0.179 V                             ; 2.38e-09 s                 ; 2.23e-09 s                 ; No                        ; Yes                       ;
; LEDR[16]      ; 2.5 V        ; 0 s                 ; 0 s                 ; 2.62 V                       ; 4.05e-08 V                   ; 2.72 V              ; -0.0349 V           ; 0.173 V                              ; 0.1 V                                ; 2.72e-10 s                  ; 2.69e-10 s                  ; Yes                        ; Yes                        ; 2.62 V                      ; 4.05e-08 V                  ; 2.72 V             ; -0.0349 V          ; 0.173 V                             ; 0.1 V                               ; 2.72e-10 s                 ; 2.69e-10 s                 ; Yes                       ; Yes                       ;
; LEDR[17]      ; 2.5 V        ; 0 s                 ; 0 s                 ; 2.62 V                       ; 4.05e-08 V                   ; 2.72 V              ; -0.0349 V           ; 0.173 V                              ; 0.1 V                                ; 2.72e-10 s                  ; 2.69e-10 s                  ; Yes                        ; Yes                        ; 2.62 V                      ; 4.05e-08 V                  ; 2.72 V             ; -0.0349 V          ; 0.173 V                             ; 0.1 V                               ; 2.72e-10 s                 ; 2.69e-10 s                 ; Yes                       ; Yes                       ;
; LEDG[0]       ; 2.5 V        ; 0 s                 ; 0 s                 ; 2.62 V                       ; 4.05e-08 V                   ; 2.72 V              ; -0.0349 V           ; 0.173 V                              ; 0.1 V                                ; 2.72e-10 s                  ; 2.69e-10 s                  ; Yes                        ; Yes                        ; 2.62 V                      ; 4.05e-08 V                  ; 2.72 V             ; -0.0349 V          ; 0.173 V                             ; 0.1 V                               ; 2.72e-10 s                 ; 2.69e-10 s                 ; Yes                       ; Yes                       ;
; LEDG[1]       ; 2.5 V        ; 0 s                 ; 0 s                 ; 2.62 V                       ; 4.05e-08 V                   ; 2.72 V              ; -0.0349 V           ; 0.173 V                              ; 0.1 V                                ; 2.72e-10 s                  ; 2.69e-10 s                  ; Yes                        ; Yes                        ; 2.62 V                      ; 4.05e-08 V                  ; 2.72 V             ; -0.0349 V          ; 0.173 V                             ; 0.1 V                               ; 2.72e-10 s                 ; 2.69e-10 s                 ; Yes                       ; Yes                       ;
; LEDG[2]       ; 2.5 V        ; 0 s                 ; 0 s                 ; 2.62 V                       ; 4.05e-08 V                   ; 2.72 V              ; -0.0349 V           ; 0.173 V                              ; 0.1 V                                ; 2.72e-10 s                  ; 2.69e-10 s                  ; Yes                        ; Yes                        ; 2.62 V                      ; 4.05e-08 V                  ; 2.72 V             ; -0.0349 V          ; 0.173 V                             ; 0.1 V                               ; 2.72e-10 s                 ; 2.69e-10 s                 ; Yes                       ; Yes                       ;
; LEDG[3]       ; 2.5 V        ; 0 s                 ; 0 s                 ; 2.62 V                       ; 4.05e-08 V                   ; 2.72 V              ; -0.0349 V           ; 0.173 V                              ; 0.1 V                                ; 2.72e-10 s                  ; 2.69e-10 s                  ; Yes                        ; Yes                        ; 2.62 V                      ; 4.05e-08 V                  ; 2.72 V             ; -0.0349 V          ; 0.173 V                             ; 0.1 V                               ; 2.72e-10 s                 ; 2.69e-10 s                 ; Yes                       ; Yes                       ;
; LEDG[4]       ; 2.5 V        ; 0 s                 ; 0 s                 ; 2.62 V                       ; 4.05e-08 V                   ; 2.72 V              ; -0.0349 V           ; 0.173 V                              ; 0.1 V                                ; 2.72e-10 s                  ; 2.69e-10 s                  ; Yes                        ; Yes                        ; 2.62 V                      ; 4.05e-08 V                  ; 2.72 V             ; -0.0349 V          ; 0.173 V                             ; 0.1 V                               ; 2.72e-10 s                 ; 2.69e-10 s                 ; Yes                       ; Yes                       ;
; LEDG[5]       ; 2.5 V        ; 0 s                 ; 0 s                 ; 2.62 V                       ; 4.05e-08 V                   ; 2.72 V              ; -0.0349 V           ; 0.173 V                              ; 0.1 V                                ; 2.72e-10 s                  ; 2.69e-10 s                  ; Yes                        ; Yes                        ; 2.62 V                      ; 4.05e-08 V                  ; 2.72 V             ; -0.0349 V          ; 0.173 V                             ; 0.1 V                               ; 2.72e-10 s                 ; 2.69e-10 s                 ; Yes                       ; Yes                       ;
; LEDG[6]       ; 2.5 V        ; 0 s                 ; 0 s                 ; 2.62 V                       ; 4.05e-08 V                   ; 2.72 V              ; -0.0349 V           ; 0.173 V                              ; 0.1 V                                ; 2.72e-10 s                  ; 2.69e-10 s                  ; Yes                        ; Yes                        ; 2.62 V                      ; 4.05e-08 V                  ; 2.72 V             ; -0.0349 V          ; 0.173 V                             ; 0.1 V                               ; 2.72e-10 s                 ; 2.69e-10 s                 ; Yes                       ; Yes                       ;
; LEDG[7]       ; 2.5 V        ; 0 s                 ; 0 s                 ; 2.62 V                       ; 4.05e-08 V                   ; 2.72 V              ; -0.0349 V           ; 0.173 V                              ; 0.1 V                                ; 2.72e-10 s                  ; 2.69e-10 s                  ; Yes                        ; Yes                        ; 2.62 V                      ; 4.05e-08 V                  ; 2.72 V             ; -0.0349 V          ; 0.173 V                             ; 0.1 V                               ; 2.72e-10 s                 ; 2.69e-10 s                 ; Yes                       ; Yes                       ;
; LEDG[8]       ; 2.5 V        ; 0 s                 ; 0 s                 ; 2.62 V                       ; 4.05e-08 V                   ; 2.72 V              ; -0.0349 V           ; 0.173 V                              ; 0.1 V                                ; 2.72e-10 s                  ; 2.69e-10 s                  ; Yes                        ; Yes                        ; 2.62 V                      ; 4.05e-08 V                  ; 2.72 V             ; -0.0349 V          ; 0.173 V                             ; 0.1 V                               ; 2.72e-10 s                 ; 2.69e-10 s                 ; Yes                       ; Yes                       ;
; HEX0[0]       ; 2.5 V        ; 0 s                 ; 0 s                 ; 2.62 V                       ; 4.05e-08 V                   ; 2.72 V              ; -0.0349 V           ; 0.173 V                              ; 0.1 V                                ; 2.72e-10 s                  ; 2.69e-10 s                  ; Yes                        ; Yes                        ; 2.62 V                      ; 4.05e-08 V                  ; 2.72 V             ; -0.0349 V          ; 0.173 V                             ; 0.1 V                               ; 2.72e-10 s                 ; 2.69e-10 s                 ; Yes                       ; Yes                       ;
; HEX0[1]       ; 2.5 V        ; 0 s                 ; 0 s                 ; 2.62 V                       ; 4.05e-08 V                   ; 2.64 V              ; -0.0113 V           ; 0.208 V                              ; 0.179 V                              ; 2.38e-09 s                  ; 2.23e-09 s                  ; No                         ; Yes                        ; 2.62 V                      ; 4.05e-08 V                  ; 2.64 V             ; -0.0113 V          ; 0.208 V                             ; 0.179 V                             ; 2.38e-09 s                 ; 2.23e-09 s                 ; No                        ; Yes                       ;
; HEX0[2]       ; 2.5 V        ; 0 s                 ; 0 s                 ; 2.62 V                       ; 4.05e-08 V                   ; 2.72 V              ; -0.0349 V           ; 0.173 V                              ; 0.1 V                                ; 2.72e-10 s                  ; 2.69e-10 s                  ; Yes                        ; Yes                        ; 2.62 V                      ; 4.05e-08 V                  ; 2.72 V             ; -0.0349 V          ; 0.173 V                             ; 0.1 V                               ; 2.72e-10 s                 ; 2.69e-10 s                 ; Yes                       ; Yes                       ;
; HEX0[3]       ; 2.5 V        ; 0 s                 ; 0 s                 ; 2.62 V                       ; 2.74e-08 V                   ; 2.73 V              ; -0.0384 V           ; 0.169 V                              ; 0.089 V                              ; 2.7e-10 s                   ; 2.62e-10 s                  ; Yes                        ; Yes                        ; 2.62 V                      ; 2.74e-08 V                  ; 2.73 V             ; -0.0384 V          ; 0.169 V                             ; 0.089 V                             ; 2.7e-10 s                  ; 2.62e-10 s                 ; Yes                       ; Yes                       ;
; HEX0[4]       ; 2.5 V        ; 0 s                 ; 0 s                 ; 2.62 V                       ; 2.74e-08 V                   ; 2.73 V              ; -0.0384 V           ; 0.169 V                              ; 0.089 V                              ; 2.7e-10 s                   ; 2.62e-10 s                  ; Yes                        ; Yes                        ; 2.62 V                      ; 2.74e-08 V                  ; 2.73 V             ; -0.0384 V          ; 0.169 V                             ; 0.089 V                             ; 2.7e-10 s                  ; 2.62e-10 s                 ; Yes                       ; Yes                       ;
; HEX0[5]       ; 2.5 V        ; 0 s                 ; 0 s                 ; 2.62 V                       ; 2.74e-08 V                   ; 2.64 V              ; -0.0117 V           ; 0.202 V                              ; 0.176 V                              ; 2.38e-09 s                  ; 2.22e-09 s                  ; No                         ; Yes                        ; 2.62 V                      ; 2.74e-08 V                  ; 2.64 V             ; -0.0117 V          ; 0.202 V                             ; 0.176 V                             ; 2.38e-09 s                 ; 2.22e-09 s                 ; No                        ; Yes                       ;
; HEX0[6]       ; 2.5 V        ; 0 s                 ; 0 s                 ; 2.62 V                       ; 2.74e-08 V                   ; 2.73 V              ; -0.0384 V           ; 0.169 V                              ; 0.089 V                              ; 2.7e-10 s                   ; 2.62e-10 s                  ; Yes                        ; Yes                        ; 2.62 V                      ; 2.74e-08 V                  ; 2.73 V             ; -0.0384 V          ; 0.169 V                             ; 0.089 V                             ; 2.7e-10 s                  ; 2.62e-10 s                 ; Yes                       ; Yes                       ;
; HEX1[0]       ; 2.5 V        ; 0 s                 ; 0 s                 ; 2.62 V                       ; 2.74e-08 V                   ; 2.73 V              ; -0.0384 V           ; 0.169 V                              ; 0.089 V                              ; 2.7e-10 s                   ; 2.62e-10 s                  ; Yes                        ; Yes                        ; 2.62 V                      ; 2.74e-08 V                  ; 2.73 V             ; -0.0384 V          ; 0.169 V                             ; 0.089 V                             ; 2.7e-10 s                  ; 2.62e-10 s                 ; Yes                       ; Yes                       ;
; HEX1[1]       ; 2.5 V        ; 0 s                 ; 0 s                 ; 2.62 V                       ; 2.74e-08 V                   ; 2.71 V              ; -0.0317 V           ; 0.148 V                              ; 0.064 V                              ; 4.51e-10 s                  ; 4.15e-10 s                  ; No                         ; Yes                        ; 2.62 V                      ; 2.74e-08 V                  ; 2.71 V             ; -0.0317 V          ; 0.148 V                             ; 0.064 V                             ; 4.51e-10 s                 ; 4.15e-10 s                 ; No                        ; Yes                       ;
; HEX1[2]       ; 2.5 V        ; 0 s                 ; 0 s                 ; 2.62 V                       ; 2.74e-08 V                   ; 2.71 V              ; -0.0317 V           ; 0.148 V                              ; 0.064 V                              ; 4.51e-10 s                  ; 4.15e-10 s                  ; No                         ; Yes                        ; 2.62 V                      ; 2.74e-08 V                  ; 2.71 V             ; -0.0317 V          ; 0.148 V                             ; 0.064 V                             ; 4.51e-10 s                 ; 4.15e-10 s                 ; No                        ; Yes                       ;
; HEX1[3]       ; 2.5 V        ; 0 s                 ; 0 s                 ; 2.62 V                       ; 2.74e-08 V                   ; 2.71 V              ; -0.0317 V           ; 0.148 V                              ; 0.064 V                              ; 4.51e-10 s                  ; 4.15e-10 s                  ; No                         ; Yes                        ; 2.62 V                      ; 2.74e-08 V                  ; 2.71 V             ; -0.0317 V          ; 0.148 V                             ; 0.064 V                             ; 4.51e-10 s                 ; 4.15e-10 s                 ; No                        ; Yes                       ;
; HEX1[4]       ; 2.5 V        ; 0 s                 ; 0 s                 ; 2.62 V                       ; 2.74e-08 V                   ; 2.71 V              ; -0.0317 V           ; 0.148 V                              ; 0.064 V                              ; 4.51e-10 s                  ; 4.15e-10 s                  ; No                         ; Yes                        ; 2.62 V                      ; 2.74e-08 V                  ; 2.71 V             ; -0.0317 V          ; 0.148 V                             ; 0.064 V                             ; 4.51e-10 s                 ; 4.15e-10 s                 ; No                        ; Yes                       ;
; HEX1[5]       ; 2.5 V        ; 0 s                 ; 0 s                 ; 2.62 V                       ; 2.74e-08 V                   ; 2.64 V              ; -0.0117 V           ; 0.202 V                              ; 0.176 V                              ; 2.38e-09 s                  ; 2.22e-09 s                  ; No                         ; Yes                        ; 2.62 V                      ; 2.74e-08 V                  ; 2.64 V             ; -0.0117 V          ; 0.202 V                             ; 0.176 V                             ; 2.38e-09 s                 ; 2.22e-09 s                 ; No                        ; Yes                       ;
; HEX1[6]       ; 2.5 V        ; 0 s                 ; 0 s                 ; 2.62 V                       ; 2.74e-08 V                   ; 2.64 V              ; -0.0117 V           ; 0.202 V                              ; 0.176 V                              ; 2.38e-09 s                  ; 2.22e-09 s                  ; No                         ; Yes                        ; 2.62 V                      ; 2.74e-08 V                  ; 2.64 V             ; -0.0117 V          ; 0.202 V                             ; 0.176 V                             ; 2.38e-09 s                 ; 2.22e-09 s                 ; No                        ; Yes                       ;
; HEX2[0]       ; 2.5 V        ; 0 s                 ; 0 s                 ; 2.62 V                       ; 2.74e-08 V                   ; 2.71 V              ; -0.0317 V           ; 0.148 V                              ; 0.064 V                              ; 4.51e-10 s                  ; 4.15e-10 s                  ; No                         ; Yes                        ; 2.62 V                      ; 2.74e-08 V                  ; 2.71 V             ; -0.0317 V          ; 0.148 V                             ; 0.064 V                             ; 4.51e-10 s                 ; 4.15e-10 s                 ; No                        ; Yes                       ;
; HEX2[1]       ; 2.5 V        ; 0 s                 ; 0 s                 ; 2.62 V                       ; 2.74e-08 V                   ; 2.71 V              ; -0.0317 V           ; 0.148 V                              ; 0.064 V                              ; 4.51e-10 s                  ; 4.15e-10 s                  ; No                         ; Yes                        ; 2.62 V                      ; 2.74e-08 V                  ; 2.71 V             ; -0.0317 V          ; 0.148 V                             ; 0.064 V                             ; 4.51e-10 s                 ; 4.15e-10 s                 ; No                        ; Yes                       ;
; HEX2[2]       ; 2.5 V        ; 0 s                 ; 0 s                 ; 2.62 V                       ; 2.74e-08 V                   ; 2.71 V              ; -0.0317 V           ; 0.148 V                              ; 0.064 V                              ; 4.51e-10 s                  ; 4.15e-10 s                  ; No                         ; Yes                        ; 2.62 V                      ; 2.74e-08 V                  ; 2.71 V             ; -0.0317 V          ; 0.148 V                             ; 0.064 V                             ; 4.51e-10 s                 ; 4.15e-10 s                 ; No                        ; Yes                       ;
; HEX2[3]       ; 2.5 V        ; 0 s                 ; 0 s                 ; 2.62 V                       ; 2.74e-08 V                   ; 2.71 V              ; -0.0317 V           ; 0.148 V                              ; 0.064 V                              ; 4.51e-10 s                  ; 4.15e-10 s                  ; No                         ; Yes                        ; 2.62 V                      ; 2.74e-08 V                  ; 2.71 V             ; -0.0317 V          ; 0.148 V                             ; 0.064 V                             ; 4.51e-10 s                 ; 4.15e-10 s                 ; No                        ; Yes                       ;
; HEX2[4]       ; 2.5 V        ; 0 s                 ; 0 s                 ; 2.62 V                       ; 2.74e-08 V                   ; 2.71 V              ; -0.0317 V           ; 0.148 V                              ; 0.064 V                              ; 4.51e-10 s                  ; 4.15e-10 s                  ; No                         ; Yes                        ; 2.62 V                      ; 2.74e-08 V                  ; 2.71 V             ; -0.0317 V          ; 0.148 V                             ; 0.064 V                             ; 4.51e-10 s                 ; 4.15e-10 s                 ; No                        ; Yes                       ;
; HEX2[5]       ; 2.5 V        ; 0 s                 ; 0 s                 ; 2.62 V                       ; 2.74e-08 V                   ; 2.71 V              ; -0.0317 V           ; 0.148 V                              ; 0.064 V                              ; 4.51e-10 s                  ; 4.15e-10 s                  ; No                         ; Yes                        ; 2.62 V                      ; 2.74e-08 V                  ; 2.71 V             ; -0.0317 V          ; 0.148 V                             ; 0.064 V                             ; 4.51e-10 s                 ; 4.15e-10 s                 ; No                        ; Yes                       ;
; HEX2[6]       ; 2.5 V        ; 0 s                 ; 0 s                 ; 2.62 V                       ; 2.74e-08 V                   ; 2.71 V              ; -0.0317 V           ; 0.148 V                              ; 0.064 V                              ; 4.51e-10 s                  ; 4.15e-10 s                  ; No                         ; Yes                        ; 2.62 V                      ; 2.74e-08 V                  ; 2.71 V             ; -0.0317 V          ; 0.148 V                             ; 0.064 V                             ; 4.51e-10 s                 ; 4.15e-10 s                 ; No                        ; Yes                       ;
; HEX3[0]       ; 2.5 V        ; 0 s                 ; 0 s                 ; 2.62 V                       ; 2.74e-08 V                   ; 2.71 V              ; -0.0317 V           ; 0.148 V                              ; 0.064 V                              ; 4.51e-10 s                  ; 4.15e-10 s                  ; No                         ; Yes                        ; 2.62 V                      ; 2.74e-08 V                  ; 2.71 V             ; -0.0317 V          ; 0.148 V                             ; 0.064 V                             ; 4.51e-10 s                 ; 4.15e-10 s                 ; No                        ; Yes                       ;
; HEX3[1]       ; 2.5 V        ; 0 s                 ; 0 s                 ; 2.62 V                       ; 2.74e-08 V                   ; 2.73 V              ; -0.0384 V           ; 0.169 V                              ; 0.089 V                              ; 2.7e-10 s                   ; 2.62e-10 s                  ; Yes                        ; Yes                        ; 2.62 V                      ; 2.74e-08 V                  ; 2.73 V             ; -0.0384 V          ; 0.169 V                             ; 0.089 V                             ; 2.7e-10 s                  ; 2.62e-10 s                 ; Yes                       ; Yes                       ;
; HEX3[2]       ; 2.5 V        ; 0 s                 ; 0 s                 ; 2.62 V                       ; 4.05e-08 V                   ; 2.64 V              ; -0.0113 V           ; 0.208 V                              ; 0.179 V                              ; 2.38e-09 s                  ; 2.23e-09 s                  ; No                         ; Yes                        ; 2.62 V                      ; 4.05e-08 V                  ; 2.64 V             ; -0.0113 V          ; 0.208 V                             ; 0.179 V                             ; 2.38e-09 s                 ; 2.23e-09 s                 ; No                        ; Yes                       ;
; HEX3[3]       ; 2.5 V        ; 0 s                 ; 0 s                 ; 2.62 V                       ; 4.05e-08 V                   ; 2.72 V              ; -0.0349 V           ; 0.173 V                              ; 0.1 V                                ; 2.72e-10 s                  ; 2.69e-10 s                  ; Yes                        ; Yes                        ; 2.62 V                      ; 4.05e-08 V                  ; 2.72 V             ; -0.0349 V          ; 0.173 V                             ; 0.1 V                               ; 2.72e-10 s                 ; 2.69e-10 s                 ; Yes                       ; Yes                       ;
; HEX3[4]       ; 2.5 V        ; 0 s                 ; 0 s                 ; 2.62 V                       ; 4.05e-08 V                   ; 2.72 V              ; -0.0349 V           ; 0.173 V                              ; 0.1 V                                ; 2.72e-10 s                  ; 2.69e-10 s                  ; Yes                        ; Yes                        ; 2.62 V                      ; 4.05e-08 V                  ; 2.72 V             ; -0.0349 V          ; 0.173 V                             ; 0.1 V                               ; 2.72e-10 s                 ; 2.69e-10 s                 ; Yes                       ; Yes                       ;
; HEX3[5]       ; 2.5 V        ; 0 s                 ; 0 s                 ; 2.62 V                       ; 4.05e-08 V                   ; 2.72 V              ; -0.0349 V           ; 0.173 V                              ; 0.1 V                                ; 2.72e-10 s                  ; 2.69e-10 s                  ; Yes                        ; Yes                        ; 2.62 V                      ; 4.05e-08 V                  ; 2.72 V             ; -0.0349 V          ; 0.173 V                             ; 0.1 V                               ; 2.72e-10 s                 ; 2.69e-10 s                 ; Yes                       ; Yes                       ;
; HEX3[6]       ; 2.5 V        ; 0 s                 ; 0 s                 ; 2.62 V                       ; 4.05e-08 V                   ; 2.72 V              ; -0.0349 V           ; 0.173 V                              ; 0.1 V                                ; 2.72e-10 s                  ; 2.69e-10 s                  ; Yes                        ; Yes                        ; 2.62 V                      ; 4.05e-08 V                  ; 2.72 V             ; -0.0349 V          ; 0.173 V                             ; 0.1 V                               ; 2.72e-10 s                 ; 2.69e-10 s                 ; Yes                       ; Yes                       ;
; HEX4[0]       ; 2.5 V        ; 0 s                 ; 0 s                 ; 2.62 V                       ; 4.05e-08 V                   ; 2.72 V              ; -0.0349 V           ; 0.173 V                              ; 0.1 V                                ; 2.72e-10 s                  ; 2.69e-10 s                  ; Yes                        ; Yes                        ; 2.62 V                      ; 4.05e-08 V                  ; 2.72 V             ; -0.0349 V          ; 0.173 V                             ; 0.1 V                               ; 2.72e-10 s                 ; 2.69e-10 s                 ; Yes                       ; Yes                       ;
; HEX4[1]       ; 2.5 V        ; 0 s                 ; 0 s                 ; 2.62 V                       ; 4.05e-08 V                   ; 2.72 V              ; -0.0349 V           ; 0.173 V                              ; 0.1 V                                ; 2.72e-10 s                  ; 2.69e-10 s                  ; Yes                        ; Yes                        ; 2.62 V                      ; 4.05e-08 V                  ; 2.72 V             ; -0.0349 V          ; 0.173 V                             ; 0.1 V                               ; 2.72e-10 s                 ; 2.69e-10 s                 ; Yes                       ; Yes                       ;
; HEX4[2]       ; 2.5 V        ; 0 s                 ; 0 s                 ; 2.62 V                       ; 4.05e-08 V                   ; 2.72 V              ; -0.0349 V           ; 0.173 V                              ; 0.1 V                                ; 2.72e-10 s                  ; 2.69e-10 s                  ; Yes                        ; Yes                        ; 2.62 V                      ; 4.05e-08 V                  ; 2.72 V             ; -0.0349 V          ; 0.173 V                             ; 0.1 V                               ; 2.72e-10 s                 ; 2.69e-10 s                 ; Yes                       ; Yes                       ;
; HEX4[3]       ; 2.5 V        ; 0 s                 ; 0 s                 ; 2.62 V                       ; 4.05e-08 V                   ; 2.72 V              ; -0.0349 V           ; 0.173 V                              ; 0.1 V                                ; 2.72e-10 s                  ; 2.69e-10 s                  ; Yes                        ; Yes                        ; 2.62 V                      ; 4.05e-08 V                  ; 2.72 V             ; -0.0349 V          ; 0.173 V                             ; 0.1 V                               ; 2.72e-10 s                 ; 2.69e-10 s                 ; Yes                       ; Yes                       ;
; HEX4[4]       ; 2.5 V        ; 0 s                 ; 0 s                 ; 2.62 V                       ; 4.05e-08 V                   ; 2.72 V              ; -0.0349 V           ; 0.173 V                              ; 0.1 V                                ; 2.72e-10 s                  ; 2.69e-10 s                  ; Yes                        ; Yes                        ; 2.62 V                      ; 4.05e-08 V                  ; 2.72 V             ; -0.0349 V          ; 0.173 V                             ; 0.1 V                               ; 2.72e-10 s                 ; 2.69e-10 s                 ; Yes                       ; Yes                       ;
; HEX4[5]       ; 2.5 V        ; 0 s                 ; 0 s                 ; 2.62 V                       ; 4.05e-08 V                   ; 2.72 V              ; -0.0349 V           ; 0.173 V                              ; 0.1 V                                ; 2.72e-10 s                  ; 2.69e-10 s                  ; Yes                        ; Yes                        ; 2.62 V                      ; 4.05e-08 V                  ; 2.72 V             ; -0.0349 V          ; 0.173 V                             ; 0.1 V                               ; 2.72e-10 s                 ; 2.69e-10 s                 ; Yes                       ; Yes                       ;
; HEX4[6]       ; 2.5 V        ; 0 s                 ; 0 s                 ; 2.62 V                       ; 4.05e-08 V                   ; 2.72 V              ; -0.0349 V           ; 0.173 V                              ; 0.1 V                                ; 2.72e-10 s                  ; 2.69e-10 s                  ; Yes                        ; Yes                        ; 2.62 V                      ; 4.05e-08 V                  ; 2.72 V             ; -0.0349 V          ; 0.173 V                             ; 0.1 V                               ; 2.72e-10 s                 ; 2.69e-10 s                 ; Yes                       ; Yes                       ;
; HEX5[0]       ; 2.5 V        ; 0 s                 ; 0 s                 ; 2.62 V                       ; 4.05e-08 V                   ; 2.72 V              ; -0.0349 V           ; 0.173 V                              ; 0.1 V                                ; 2.72e-10 s                  ; 2.69e-10 s                  ; Yes                        ; Yes                        ; 2.62 V                      ; 4.05e-08 V                  ; 2.72 V             ; -0.0349 V          ; 0.173 V                             ; 0.1 V                               ; 2.72e-10 s                 ; 2.69e-10 s                 ; Yes                       ; Yes                       ;
; HEX5[1]       ; 2.5 V        ; 0 s                 ; 0 s                 ; 2.62 V                       ; 4.05e-08 V                   ; 2.64 V              ; -0.0113 V           ; 0.208 V                              ; 0.179 V                              ; 2.38e-09 s                  ; 2.23e-09 s                  ; No                         ; Yes                        ; 2.62 V                      ; 4.05e-08 V                  ; 2.64 V             ; -0.0113 V          ; 0.208 V                             ; 0.179 V                             ; 2.38e-09 s                 ; 2.23e-09 s                 ; No                        ; Yes                       ;
; HEX5[2]       ; 2.5 V        ; 0 s                 ; 0 s                 ; 2.62 V                       ; 4.05e-08 V                   ; 2.72 V              ; -0.0349 V           ; 0.173 V                              ; 0.1 V                                ; 2.72e-10 s                  ; 2.69e-10 s                  ; Yes                        ; Yes                        ; 2.62 V                      ; 4.05e-08 V                  ; 2.72 V             ; -0.0349 V          ; 0.173 V                             ; 0.1 V                               ; 2.72e-10 s                 ; 2.69e-10 s                 ; Yes                       ; Yes                       ;
; HEX5[3]       ; 2.5 V        ; 0 s                 ; 0 s                 ; 2.62 V                       ; 4.05e-08 V                   ; 2.72 V              ; -0.0349 V           ; 0.173 V                              ; 0.1 V                                ; 2.72e-10 s                  ; 2.69e-10 s                  ; Yes                        ; Yes                        ; 2.62 V                      ; 4.05e-08 V                  ; 2.72 V             ; -0.0349 V          ; 0.173 V                             ; 0.1 V                               ; 2.72e-10 s                 ; 2.69e-10 s                 ; Yes                       ; Yes                       ;
; HEX5[4]       ; 2.5 V        ; 0 s                 ; 0 s                 ; 2.62 V                       ; 4.05e-08 V                   ; 2.72 V              ; -0.0349 V           ; 0.173 V                              ; 0.1 V                                ; 2.72e-10 s                  ; 2.69e-10 s                  ; Yes                        ; Yes                        ; 2.62 V                      ; 4.05e-08 V                  ; 2.72 V             ; -0.0349 V          ; 0.173 V                             ; 0.1 V                               ; 2.72e-10 s                 ; 2.69e-10 s                 ; Yes                       ; Yes                       ;
; HEX5[5]       ; 2.5 V        ; 0 s                 ; 0 s                 ; 2.62 V                       ; 4.05e-08 V                   ; 2.72 V              ; -0.0349 V           ; 0.173 V                              ; 0.1 V                                ; 2.72e-10 s                  ; 2.69e-10 s                  ; Yes                        ; Yes                        ; 2.62 V                      ; 4.05e-08 V                  ; 2.72 V             ; -0.0349 V          ; 0.173 V                             ; 0.1 V                               ; 2.72e-10 s                 ; 2.69e-10 s                 ; Yes                       ; Yes                       ;
; HEX5[6]       ; 2.5 V        ; 0 s                 ; 0 s                 ; 2.62 V                       ; 4.05e-08 V                   ; 2.72 V              ; -0.0349 V           ; 0.173 V                              ; 0.1 V                                ; 2.72e-10 s                  ; 2.69e-10 s                  ; Yes                        ; Yes                        ; 2.62 V                      ; 4.05e-08 V                  ; 2.72 V             ; -0.0349 V          ; 0.173 V                             ; 0.1 V                               ; 2.72e-10 s                 ; 2.69e-10 s                 ; Yes                       ; Yes                       ;
; HEX6[0]       ; 2.5 V        ; 0 s                 ; 0 s                 ; 2.62 V                       ; 4.05e-08 V                   ; 2.72 V              ; -0.0349 V           ; 0.173 V                              ; 0.1 V                                ; 2.72e-10 s                  ; 2.69e-10 s                  ; Yes                        ; Yes                        ; 2.62 V                      ; 4.05e-08 V                  ; 2.72 V             ; -0.0349 V          ; 0.173 V                             ; 0.1 V                               ; 2.72e-10 s                 ; 2.69e-10 s                 ; Yes                       ; Yes                       ;
; HEX6[1]       ; 2.5 V        ; 0 s                 ; 0 s                 ; 2.62 V                       ; 4.05e-08 V                   ; 2.72 V              ; -0.0349 V           ; 0.173 V                              ; 0.1 V                                ; 2.72e-10 s                  ; 2.69e-10 s                  ; Yes                        ; Yes                        ; 2.62 V                      ; 4.05e-08 V                  ; 2.72 V             ; -0.0349 V          ; 0.173 V                             ; 0.1 V                               ; 2.72e-10 s                 ; 2.69e-10 s                 ; Yes                       ; Yes                       ;
; HEX6[2]       ; 2.5 V        ; 0 s                 ; 0 s                 ; 2.62 V                       ; 4.05e-08 V                   ; 2.72 V              ; -0.0349 V           ; 0.173 V                              ; 0.1 V                                ; 2.72e-10 s                  ; 2.69e-10 s                  ; Yes                        ; Yes                        ; 2.62 V                      ; 4.05e-08 V                  ; 2.72 V             ; -0.0349 V          ; 0.173 V                             ; 0.1 V                               ; 2.72e-10 s                 ; 2.69e-10 s                 ; Yes                       ; Yes                       ;
; HEX6[3]       ; 2.5 V        ; 0 s                 ; 0 s                 ; 2.62 V                       ; 4.05e-08 V                   ; 2.72 V              ; -0.0349 V           ; 0.173 V                              ; 0.1 V                                ; 2.72e-10 s                  ; 2.69e-10 s                  ; Yes                        ; Yes                        ; 2.62 V                      ; 4.05e-08 V                  ; 2.72 V             ; -0.0349 V          ; 0.173 V                             ; 0.1 V                               ; 2.72e-10 s                 ; 2.69e-10 s                 ; Yes                       ; Yes                       ;
; HEX6[4]       ; 2.5 V        ; 0 s                 ; 0 s                 ; 2.62 V                       ; 4.05e-08 V                   ; 2.72 V              ; -0.0349 V           ; 0.173 V                              ; 0.1 V                                ; 2.72e-10 s                  ; 2.69e-10 s                  ; Yes                        ; Yes                        ; 2.62 V                      ; 4.05e-08 V                  ; 2.72 V             ; -0.0349 V          ; 0.173 V                             ; 0.1 V                               ; 2.72e-10 s                 ; 2.69e-10 s                 ; Yes                       ; Yes                       ;
; HEX6[5]       ; 2.5 V        ; 0 s                 ; 0 s                 ; 2.62 V                       ; 4.05e-08 V                   ; 2.64 V              ; -0.0113 V           ; 0.208 V                              ; 0.179 V                              ; 2.38e-09 s                  ; 2.23e-09 s                  ; No                         ; Yes                        ; 2.62 V                      ; 4.05e-08 V                  ; 2.64 V             ; -0.0113 V          ; 0.208 V                             ; 0.179 V                             ; 2.38e-09 s                 ; 2.23e-09 s                 ; No                        ; Yes                       ;
; HEX6[6]       ; 2.5 V        ; 0 s                 ; 0 s                 ; 2.62 V                       ; 4.05e-08 V                   ; 2.72 V              ; -0.0349 V           ; 0.173 V                              ; 0.1 V                                ; 2.72e-10 s                  ; 2.69e-10 s                  ; Yes                        ; Yes                        ; 2.62 V                      ; 4.05e-08 V                  ; 2.72 V             ; -0.0349 V          ; 0.173 V                             ; 0.1 V                               ; 2.72e-10 s                 ; 2.69e-10 s                 ; Yes                       ; Yes                       ;
; HEX7[0]       ; 2.5 V        ; 0 s                 ; 0 s                 ; 2.62 V                       ; 4.05e-08 V                   ; 2.72 V              ; -0.0349 V           ; 0.173 V                              ; 0.1 V                                ; 2.72e-10 s                  ; 2.69e-10 s                  ; Yes                        ; Yes                        ; 2.62 V                      ; 4.05e-08 V                  ; 2.72 V             ; -0.0349 V          ; 0.173 V                             ; 0.1 V                               ; 2.72e-10 s                 ; 2.69e-10 s                 ; Yes                       ; Yes                       ;
; HEX7[1]       ; 2.5 V        ; 0 s                 ; 0 s                 ; 2.62 V                       ; 4.05e-08 V                   ; 2.72 V              ; -0.0349 V           ; 0.173 V                              ; 0.1 V                                ; 2.72e-10 s                  ; 2.69e-10 s                  ; Yes                        ; Yes                        ; 2.62 V                      ; 4.05e-08 V                  ; 2.72 V             ; -0.0349 V          ; 0.173 V                             ; 0.1 V                               ; 2.72e-10 s                 ; 2.69e-10 s                 ; Yes                       ; Yes                       ;
; HEX7[2]       ; 2.5 V        ; 0 s                 ; 0 s                 ; 2.62 V                       ; 4.05e-08 V                   ; 2.72 V              ; -0.0349 V           ; 0.173 V                              ; 0.1 V                                ; 2.72e-10 s                  ; 2.69e-10 s                  ; Yes                        ; Yes                        ; 2.62 V                      ; 4.05e-08 V                  ; 2.72 V             ; -0.0349 V          ; 0.173 V                             ; 0.1 V                               ; 2.72e-10 s                 ; 2.69e-10 s                 ; Yes                       ; Yes                       ;
; HEX7[3]       ; 2.5 V        ; 0 s                 ; 0 s                 ; 2.62 V                       ; 4.05e-08 V                   ; 2.72 V              ; -0.0349 V           ; 0.173 V                              ; 0.1 V                                ; 2.72e-10 s                  ; 2.69e-10 s                  ; Yes                        ; Yes                        ; 2.62 V                      ; 4.05e-08 V                  ; 2.72 V             ; -0.0349 V          ; 0.173 V                             ; 0.1 V                               ; 2.72e-10 s                 ; 2.69e-10 s                 ; Yes                       ; Yes                       ;
; HEX7[4]       ; 2.5 V        ; 0 s                 ; 0 s                 ; 2.62 V                       ; 4.05e-08 V                   ; 2.72 V              ; -0.0349 V           ; 0.173 V                              ; 0.1 V                                ; 2.72e-10 s                  ; 2.69e-10 s                  ; Yes                        ; Yes                        ; 2.62 V                      ; 4.05e-08 V                  ; 2.72 V             ; -0.0349 V          ; 0.173 V                             ; 0.1 V                               ; 2.72e-10 s                 ; 2.69e-10 s                 ; Yes                       ; Yes                       ;
; HEX7[5]       ; 2.5 V        ; 0 s                 ; 0 s                 ; 2.62 V                       ; 4.05e-08 V                   ; 2.72 V              ; -0.0349 V           ; 0.173 V                              ; 0.1 V                                ; 2.72e-10 s                  ; 2.69e-10 s                  ; Yes                        ; Yes                        ; 2.62 V                      ; 4.05e-08 V                  ; 2.72 V             ; -0.0349 V          ; 0.173 V                             ; 0.1 V                               ; 2.72e-10 s                 ; 2.69e-10 s                 ; Yes                       ; Yes                       ;
; HEX7[6]       ; 2.5 V        ; 0 s                 ; 0 s                 ; 2.62 V                       ; 4.05e-08 V                   ; 2.72 V              ; -0.0349 V           ; 0.173 V                              ; 0.1 V                                ; 2.72e-10 s                  ; 2.69e-10 s                  ; Yes                        ; Yes                        ; 2.62 V                      ; 4.05e-08 V                  ; 2.72 V             ; -0.0349 V          ; 0.173 V                             ; 0.1 V                               ; 2.72e-10 s                 ; 2.69e-10 s                 ; Yes                       ; Yes                       ;
; VGA_R[0]      ; 2.5 V        ; 0 s                 ; 0 s                 ; 2.62 V                       ; 4.05e-08 V                   ; 2.72 V              ; -0.0349 V           ; 0.173 V                              ; 0.1 V                                ; 2.72e-10 s                  ; 2.69e-10 s                  ; Yes                        ; Yes                        ; 2.62 V                      ; 4.05e-08 V                  ; 2.72 V             ; -0.0349 V          ; 0.173 V                             ; 0.1 V                               ; 2.72e-10 s                 ; 2.69e-10 s                 ; Yes                       ; Yes                       ;
; VGA_R[1]      ; 2.5 V        ; 0 s                 ; 0 s                 ; 2.62 V                       ; 4.05e-08 V                   ; 2.72 V              ; -0.0349 V           ; 0.173 V                              ; 0.1 V                                ; 2.72e-10 s                  ; 2.69e-10 s                  ; Yes                        ; Yes                        ; 2.62 V                      ; 4.05e-08 V                  ; 2.72 V             ; -0.0349 V          ; 0.173 V                             ; 0.1 V                               ; 2.72e-10 s                 ; 2.69e-10 s                 ; Yes                       ; Yes                       ;
; VGA_R[2]      ; 2.5 V        ; 0 s                 ; 0 s                 ; 2.62 V                       ; 4.05e-08 V                   ; 2.72 V              ; -0.0349 V           ; 0.173 V                              ; 0.1 V                                ; 2.72e-10 s                  ; 2.69e-10 s                  ; Yes                        ; Yes                        ; 2.62 V                      ; 4.05e-08 V                  ; 2.72 V             ; -0.0349 V          ; 0.173 V                             ; 0.1 V                               ; 2.72e-10 s                 ; 2.69e-10 s                 ; Yes                       ; Yes                       ;
; VGA_R[3]      ; 2.5 V        ; 0 s                 ; 0 s                 ; 2.62 V                       ; 4.05e-08 V                   ; 2.72 V              ; -0.0349 V           ; 0.173 V                              ; 0.1 V                                ; 2.72e-10 s                  ; 2.69e-10 s                  ; Yes                        ; Yes                        ; 2.62 V                      ; 4.05e-08 V                  ; 2.72 V             ; -0.0349 V          ; 0.173 V                             ; 0.1 V                               ; 2.72e-10 s                 ; 2.69e-10 s                 ; Yes                       ; Yes                       ;
; VGA_R[4]      ; 2.5 V        ; 0 s                 ; 0 s                 ; 2.62 V                       ; 4.05e-08 V                   ; 2.72 V              ; -0.0349 V           ; 0.173 V                              ; 0.1 V                                ; 2.72e-10 s                  ; 2.69e-10 s                  ; Yes                        ; Yes                        ; 2.62 V                      ; 4.05e-08 V                  ; 2.72 V             ; -0.0349 V          ; 0.173 V                             ; 0.1 V                               ; 2.72e-10 s                 ; 2.69e-10 s                 ; Yes                       ; Yes                       ;
; VGA_R[5]      ; 2.5 V        ; 0 s                 ; 0 s                 ; 2.62 V                       ; 4.05e-08 V                   ; 2.72 V              ; -0.0349 V           ; 0.173 V                              ; 0.1 V                                ; 2.72e-10 s                  ; 2.69e-10 s                  ; Yes                        ; Yes                        ; 2.62 V                      ; 4.05e-08 V                  ; 2.72 V             ; -0.0349 V          ; 0.173 V                             ; 0.1 V                               ; 2.72e-10 s                 ; 2.69e-10 s                 ; Yes                       ; Yes                       ;
; VGA_R[6]      ; 2.5 V        ; 0 s                 ; 0 s                 ; 2.62 V                       ; 4.05e-08 V                   ; 2.72 V              ; -0.0349 V           ; 0.173 V                              ; 0.1 V                                ; 2.72e-10 s                  ; 2.69e-10 s                  ; Yes                        ; Yes                        ; 2.62 V                      ; 4.05e-08 V                  ; 2.72 V             ; -0.0349 V          ; 0.173 V                             ; 0.1 V                               ; 2.72e-10 s                 ; 2.69e-10 s                 ; Yes                       ; Yes                       ;
; VGA_R[7]      ; 2.5 V        ; 0 s                 ; 0 s                 ; 2.62 V                       ; 4.05e-08 V                   ; 2.72 V              ; -0.0349 V           ; 0.173 V                              ; 0.1 V                                ; 2.72e-10 s                  ; 2.69e-10 s                  ; Yes                        ; Yes                        ; 2.62 V                      ; 4.05e-08 V                  ; 2.72 V             ; -0.0349 V          ; 0.173 V                             ; 0.1 V                               ; 2.72e-10 s                 ; 2.69e-10 s                 ; Yes                       ; Yes                       ;
; VGA_G[0]      ; 2.5 V        ; 0 s                 ; 0 s                 ; 2.62 V                       ; 4.05e-08 V                   ; 2.72 V              ; -0.0349 V           ; 0.173 V                              ; 0.1 V                                ; 2.72e-10 s                  ; 2.69e-10 s                  ; Yes                        ; Yes                        ; 2.62 V                      ; 4.05e-08 V                  ; 2.72 V             ; -0.0349 V          ; 0.173 V                             ; 0.1 V                               ; 2.72e-10 s                 ; 2.69e-10 s                 ; Yes                       ; Yes                       ;
; VGA_G[1]      ; 2.5 V        ; 0 s                 ; 0 s                 ; 2.62 V                       ; 4.05e-08 V                   ; 2.72 V              ; -0.0349 V           ; 0.173 V                              ; 0.1 V                                ; 2.72e-10 s                  ; 2.69e-10 s                  ; Yes                        ; Yes                        ; 2.62 V                      ; 4.05e-08 V                  ; 2.72 V             ; -0.0349 V          ; 0.173 V                             ; 0.1 V                               ; 2.72e-10 s                 ; 2.69e-10 s                 ; Yes                       ; Yes                       ;
; VGA_G[2]      ; 2.5 V        ; 0 s                 ; 0 s                 ; 2.62 V                       ; 4.05e-08 V                   ; 2.72 V              ; -0.0349 V           ; 0.173 V                              ; 0.1 V                                ; 2.72e-10 s                  ; 2.69e-10 s                  ; Yes                        ; Yes                        ; 2.62 V                      ; 4.05e-08 V                  ; 2.72 V             ; -0.0349 V          ; 0.173 V                             ; 0.1 V                               ; 2.72e-10 s                 ; 2.69e-10 s                 ; Yes                       ; Yes                       ;
; VGA_G[3]      ; 2.5 V        ; 0 s                 ; 0 s                 ; 2.62 V                       ; 4.05e-08 V                   ; 2.72 V              ; -0.0349 V           ; 0.173 V                              ; 0.1 V                                ; 2.72e-10 s                  ; 2.69e-10 s                  ; Yes                        ; Yes                        ; 2.62 V                      ; 4.05e-08 V                  ; 2.72 V             ; -0.0349 V          ; 0.173 V                             ; 0.1 V                               ; 2.72e-10 s                 ; 2.69e-10 s                 ; Yes                       ; Yes                       ;
; VGA_G[4]      ; 2.5 V        ; 0 s                 ; 0 s                 ; 2.62 V                       ; 4.05e-08 V                   ; 2.72 V              ; -0.0349 V           ; 0.173 V                              ; 0.1 V                                ; 2.72e-10 s                  ; 2.69e-10 s                  ; Yes                        ; Yes                        ; 2.62 V                      ; 4.05e-08 V                  ; 2.72 V             ; -0.0349 V          ; 0.173 V                             ; 0.1 V                               ; 2.72e-10 s                 ; 2.69e-10 s                 ; Yes                       ; Yes                       ;
; VGA_G[5]      ; 2.5 V        ; 0 s                 ; 0 s                 ; 2.62 V                       ; 4.05e-08 V                   ; 2.72 V              ; -0.0349 V           ; 0.173 V                              ; 0.1 V                                ; 2.72e-10 s                  ; 2.69e-10 s                  ; Yes                        ; Yes                        ; 2.62 V                      ; 4.05e-08 V                  ; 2.72 V             ; -0.0349 V          ; 0.173 V                             ; 0.1 V                               ; 2.72e-10 s                 ; 2.69e-10 s                 ; Yes                       ; Yes                       ;
; VGA_G[6]      ; 2.5 V        ; 0 s                 ; 0 s                 ; 2.62 V                       ; 4.05e-08 V                   ; 2.72 V              ; -0.0349 V           ; 0.173 V                              ; 0.1 V                                ; 2.72e-10 s                  ; 2.69e-10 s                  ; Yes                        ; Yes                        ; 2.62 V                      ; 4.05e-08 V                  ; 2.72 V             ; -0.0349 V          ; 0.173 V                             ; 0.1 V                               ; 2.72e-10 s                 ; 2.69e-10 s                 ; Yes                       ; Yes                       ;
; VGA_G[7]      ; 2.5 V        ; 0 s                 ; 0 s                 ; 2.62 V                       ; 4.05e-08 V                   ; 2.72 V              ; -0.0349 V           ; 0.173 V                              ; 0.1 V                                ; 2.72e-10 s                  ; 2.69e-10 s                  ; Yes                        ; Yes                        ; 2.62 V                      ; 4.05e-08 V                  ; 2.72 V             ; -0.0349 V          ; 0.173 V                             ; 0.1 V                               ; 2.72e-10 s                 ; 2.69e-10 s                 ; Yes                       ; Yes                       ;
; VGA_B[0]      ; 2.5 V        ; 0 s                 ; 0 s                 ; 2.62 V                       ; 4.05e-08 V                   ; 2.72 V              ; -0.0349 V           ; 0.173 V                              ; 0.1 V                                ; 2.72e-10 s                  ; 2.69e-10 s                  ; Yes                        ; Yes                        ; 2.62 V                      ; 4.05e-08 V                  ; 2.72 V             ; -0.0349 V          ; 0.173 V                             ; 0.1 V                               ; 2.72e-10 s                 ; 2.69e-10 s                 ; Yes                       ; Yes                       ;
; VGA_B[1]      ; 2.5 V        ; 0 s                 ; 0 s                 ; 2.62 V                       ; 4.05e-08 V                   ; 2.72 V              ; -0.0349 V           ; 0.173 V                              ; 0.1 V                                ; 2.72e-10 s                  ; 2.69e-10 s                  ; Yes                        ; Yes                        ; 2.62 V                      ; 4.05e-08 V                  ; 2.72 V             ; -0.0349 V          ; 0.173 V                             ; 0.1 V                               ; 2.72e-10 s                 ; 2.69e-10 s                 ; Yes                       ; Yes                       ;
; VGA_B[2]      ; 2.5 V        ; 0 s                 ; 0 s                 ; 2.62 V                       ; 4.05e-08 V                   ; 2.72 V              ; -0.0349 V           ; 0.173 V                              ; 0.1 V                                ; 2.72e-10 s                  ; 2.69e-10 s                  ; Yes                        ; Yes                        ; 2.62 V                      ; 4.05e-08 V                  ; 2.72 V             ; -0.0349 V          ; 0.173 V                             ; 0.1 V                               ; 2.72e-10 s                 ; 2.69e-10 s                 ; Yes                       ; Yes                       ;
; VGA_B[3]      ; 2.5 V        ; 0 s                 ; 0 s                 ; 2.62 V                       ; 4.05e-08 V                   ; 2.72 V              ; -0.0349 V           ; 0.173 V                              ; 0.1 V                                ; 2.72e-10 s                  ; 2.69e-10 s                  ; Yes                        ; Yes                        ; 2.62 V                      ; 4.05e-08 V                  ; 2.72 V             ; -0.0349 V          ; 0.173 V                             ; 0.1 V                               ; 2.72e-10 s                 ; 2.69e-10 s                 ; Yes                       ; Yes                       ;
; VGA_B[4]      ; 2.5 V        ; 0 s                 ; 0 s                 ; 2.62 V                       ; 4.05e-08 V                   ; 2.72 V              ; -0.0349 V           ; 0.173 V                              ; 0.1 V                                ; 2.72e-10 s                  ; 2.69e-10 s                  ; Yes                        ; Yes                        ; 2.62 V                      ; 4.05e-08 V                  ; 2.72 V             ; -0.0349 V          ; 0.173 V                             ; 0.1 V                               ; 2.72e-10 s                 ; 2.69e-10 s                 ; Yes                       ; Yes                       ;
; VGA_B[5]      ; 2.5 V        ; 0 s                 ; 0 s                 ; 2.62 V                       ; 4.05e-08 V                   ; 2.72 V              ; -0.0349 V           ; 0.173 V                              ; 0.1 V                                ; 2.72e-10 s                  ; 2.69e-10 s                  ; Yes                        ; Yes                        ; 2.62 V                      ; 4.05e-08 V                  ; 2.72 V             ; -0.0349 V          ; 0.173 V                             ; 0.1 V                               ; 2.72e-10 s                 ; 2.69e-10 s                 ; Yes                       ; Yes                       ;
; VGA_B[6]      ; 2.5 V        ; 0 s                 ; 0 s                 ; 2.62 V                       ; 4.05e-08 V                   ; 2.72 V              ; -0.0349 V           ; 0.173 V                              ; 0.1 V                                ; 2.72e-10 s                  ; 2.69e-10 s                  ; Yes                        ; Yes                        ; 2.62 V                      ; 4.05e-08 V                  ; 2.72 V             ; -0.0349 V          ; 0.173 V                             ; 0.1 V                               ; 2.72e-10 s                 ; 2.69e-10 s                 ; Yes                       ; Yes                       ;
; VGA_B[7]      ; 2.5 V        ; 0 s                 ; 0 s                 ; 2.62 V                       ; 4.05e-08 V                   ; 2.72 V              ; -0.0349 V           ; 0.173 V                              ; 0.1 V                                ; 2.72e-10 s                  ; 2.69e-10 s                  ; Yes                        ; Yes                        ; 2.62 V                      ; 4.05e-08 V                  ; 2.72 V             ; -0.0349 V          ; 0.173 V                             ; 0.1 V                               ; 2.72e-10 s                 ; 2.69e-10 s                 ; Yes                       ; Yes                       ;
; VGA_BLANK_N   ; 2.5 V        ; 0 s                 ; 0 s                 ; 2.62 V                       ; 4.05e-08 V                   ; 2.72 V              ; -0.0349 V           ; 0.173 V                              ; 0.1 V                                ; 2.72e-10 s                  ; 2.69e-10 s                  ; Yes                        ; Yes                        ; 2.62 V                      ; 4.05e-08 V                  ; 2.72 V             ; -0.0349 V          ; 0.173 V                             ; 0.1 V                               ; 2.72e-10 s                 ; 2.69e-10 s                 ; Yes                       ; Yes                       ;
; VGA_CLK       ; 2.5 V        ; 0 s                 ; 0 s                 ; 2.62 V                       ; 4.05e-08 V                   ; 2.72 V              ; -0.0349 V           ; 0.173 V                              ; 0.1 V                                ; 2.72e-10 s                  ; 2.69e-10 s                  ; Yes                        ; Yes                        ; 2.62 V                      ; 4.05e-08 V                  ; 2.72 V             ; -0.0349 V          ; 0.173 V                             ; 0.1 V                               ; 2.72e-10 s                 ; 2.69e-10 s                 ; Yes                       ; Yes                       ;
; VGA_SYNC_N    ; 2.5 V        ; 0 s                 ; 0 s                 ; 2.62 V                       ; 4.05e-08 V                   ; 2.72 V              ; -0.0349 V           ; 0.173 V                              ; 0.1 V                                ; 2.72e-10 s                  ; 2.69e-10 s                  ; Yes                        ; Yes                        ; 2.62 V                      ; 4.05e-08 V                  ; 2.72 V             ; -0.0349 V          ; 0.173 V                             ; 0.1 V                               ; 2.72e-10 s                 ; 2.69e-10 s                 ; Yes                       ; Yes                       ;
; VGA_VS        ; 2.5 V        ; 0 s                 ; 0 s                 ; 2.62 V                       ; 4.05e-08 V                   ; 2.72 V              ; -0.0349 V           ; 0.173 V                              ; 0.1 V                                ; 2.72e-10 s                  ; 2.69e-10 s                  ; Yes                        ; Yes                        ; 2.62 V                      ; 4.05e-08 V                  ; 2.72 V             ; -0.0349 V          ; 0.173 V                             ; 0.1 V                               ; 2.72e-10 s                 ; 2.69e-10 s                 ; Yes                       ; Yes                       ;
; VGA_HS        ; 2.5 V        ; 0 s                 ; 0 s                 ; 2.62 V                       ; 4.05e-08 V                   ; 2.72 V              ; -0.0349 V           ; 0.173 V                              ; 0.1 V                                ; 2.72e-10 s                  ; 2.69e-10 s                  ; Yes                        ; Yes                        ; 2.62 V                      ; 4.05e-08 V                  ; 2.72 V             ; -0.0349 V          ; 0.173 V                             ; 0.1 V                               ; 2.72e-10 s                 ; 2.69e-10 s                 ; Yes                       ; Yes                       ;
; ~ALTERA_DCLK~ ; 2.5 V        ; 0 s                 ; 0 s                 ; 2.62 V                       ; 2.22e-08 V                   ; 2.74 V              ; -0.06 V             ; 0.158 V                              ; 0.08 V                               ; 2.68e-10 s                  ; 2.19e-10 s                  ; Yes                        ; Yes                        ; 2.62 V                      ; 2.22e-08 V                  ; 2.74 V             ; -0.06 V            ; 0.158 V                             ; 0.08 V                              ; 2.68e-10 s                 ; 2.19e-10 s                 ; Yes                       ; Yes                       ;
; ~ALTERA_nCEO~ ; 2.5 V        ; 0 s                 ; 0 s                 ; 2.62 V                       ; 3.54e-08 V                   ; 2.7 V               ; -0.00943 V          ; 0.276 V                              ; 0.035 V                              ; 3.19e-10 s                  ; 4.99e-10 s                  ; No                         ; Yes                        ; 2.62 V                      ; 3.54e-08 V                  ; 2.7 V              ; -0.00943 V         ; 0.276 V                             ; 0.035 V                             ; 3.19e-10 s                 ; 4.99e-10 s                 ; No                        ; Yes                       ;
+---------------+--------------+---------------------+---------------------+------------------------------+------------------------------+---------------------+---------------------+--------------------------------------+--------------------------------------+-----------------------------+-----------------------------+----------------------------+----------------------------+-----------------------------+-----------------------------+--------------------+--------------------+-------------------------------------+-------------------------------------+----------------------------+----------------------------+---------------------------+---------------------------+


+------------------------------------------------------------------------+
; Setup Transfers                                                        ;
+------------+-----------+--------------+----------+----------+----------+
; From Clock ; To Clock  ; RR Paths     ; FR Paths ; RF Paths ; FF Paths ;
+------------+-----------+--------------+----------+----------+----------+
; CLOCK2_50  ; CLOCK2_50 ; > 2147483647 ; 0        ; 0        ; 0        ;
; CLOCK3_50  ; CLOCK2_50 ; 2139         ; 0        ; 0        ; 0        ;
; CLOCK_50   ; CLOCK2_50 ; > 2147483647 ; 0        ; 0        ; 0        ;
; CLOCK3_50  ; CLOCK3_50 ; 446          ; 0        ; 0        ; 0        ;
; CLOCK2_50  ; CLOCK_50  ; > 2147483647 ; 0        ; 0        ; 0        ;
; CLOCK3_50  ; CLOCK_50  ; 11           ; 0        ; 0        ; 0        ;
; CLOCK_50   ; CLOCK_50  ; > 2147483647 ; 0        ; 0        ; 0        ;
+------------+-----------+--------------+----------+----------+----------+
Entries labeled "false path" only account for clock-to-clock false paths and not path-based false paths. As a result, actual path counts may be lower than reported.


+------------------------------------------------------------------------+
; Hold Transfers                                                         ;
+------------+-----------+--------------+----------+----------+----------+
; From Clock ; To Clock  ; RR Paths     ; FR Paths ; RF Paths ; FF Paths ;
+------------+-----------+--------------+----------+----------+----------+
; CLOCK2_50  ; CLOCK2_50 ; > 2147483647 ; 0        ; 0        ; 0        ;
; CLOCK3_50  ; CLOCK2_50 ; 2139         ; 0        ; 0        ; 0        ;
; CLOCK_50   ; CLOCK2_50 ; > 2147483647 ; 0        ; 0        ; 0        ;
; CLOCK3_50  ; CLOCK3_50 ; 446          ; 0        ; 0        ; 0        ;
; CLOCK2_50  ; CLOCK_50  ; > 2147483647 ; 0        ; 0        ; 0        ;
; CLOCK3_50  ; CLOCK_50  ; 11           ; 0        ; 0        ; 0        ;
; CLOCK_50   ; CLOCK_50  ; > 2147483647 ; 0        ; 0        ; 0        ;
+------------+-----------+--------------+----------+----------+----------+
Entries labeled "false path" only account for clock-to-clock false paths and not path-based false paths. As a result, actual path counts may be lower than reported.


+--------------------------------------------------------------------+
; Recovery Transfers                                                 ;
+------------+-----------+----------+----------+----------+----------+
; From Clock ; To Clock  ; RR Paths ; FR Paths ; RF Paths ; FF Paths ;
+------------+-----------+----------+----------+----------+----------+
; CLOCK2_50  ; CLOCK2_50 ; 98       ; 0        ; 0        ; 0        ;
; CLOCK3_50  ; CLOCK2_50 ; 98       ; 0        ; 0        ; 0        ;
+------------+-----------+----------+----------+----------+----------+
Entries labeled "false path" only account for clock-to-clock false paths and not path-based false paths. As a result, actual path counts may be lower than reported.


+--------------------------------------------------------------------+
; Removal Transfers                                                  ;
+------------+-----------+----------+----------+----------+----------+
; From Clock ; To Clock  ; RR Paths ; FR Paths ; RF Paths ; FF Paths ;
+------------+-----------+----------+----------+----------+----------+
; CLOCK2_50  ; CLOCK2_50 ; 98       ; 0        ; 0        ; 0        ;
; CLOCK3_50  ; CLOCK2_50 ; 98       ; 0        ; 0        ; 0        ;
+------------+-----------+----------+----------+----------+----------+
Entries labeled "false path" only account for clock-to-clock false paths and not path-based false paths. As a result, actual path counts may be lower than reported.


---------------
; Report TCCS ;
---------------
No dedicated SERDES Transmitter circuitry present in device or used in design


---------------
; Report RSKM ;
---------------
No non-DPA dedicated SERDES Receiver circuitry present in device or used in design


+------------------------------------------------+
; Unconstrained Paths Summary                    ;
+---------------------------------+-------+------+
; Property                        ; Setup ; Hold ;
+---------------------------------+-------+------+
; Illegal Clocks                  ; 0     ; 0    ;
; Unconstrained Clocks            ; 0     ; 0    ;
; Unconstrained Input Ports       ; 10    ; 10   ;
; Unconstrained Input Port Paths  ; 421   ; 421  ;
; Unconstrained Output Ports      ; 71    ; 71   ;
; Unconstrained Output Port Paths ; 462   ; 462  ;
+---------------------------------+-------+------+


+--------------------------------------------+
; Clock Status Summary                       ;
+-----------+-----------+------+-------------+
; Target    ; Clock     ; Type ; Status      ;
+-----------+-----------+------+-------------+
; CLOCK2_50 ; CLOCK2_50 ; Base ; Constrained ;
; CLOCK3_50 ; CLOCK3_50 ; Base ; Constrained ;
; CLOCK_50  ; CLOCK_50  ; Base ; Constrained ;
+-----------+-----------+------+-------------+


+---------------------------------------------------------------------------------------------------+
; Unconstrained Input Ports                                                                         ;
+------------+--------------------------------------------------------------------------------------+
; Input Port ; Comment                                                                              ;
+------------+--------------------------------------------------------------------------------------+
; CLOCK3_50  ; No input delay, min/max delays, false-path exceptions, or max skew assignments found ;
; GPIO[0]    ; No input delay, min/max delays, false-path exceptions, or max skew assignments found ;
; GPIO[1]    ; No input delay, min/max delays, false-path exceptions, or max skew assignments found ;
; GPIO[2]    ; No input delay, min/max delays, false-path exceptions, or max skew assignments found ;
; GPIO[3]    ; No input delay, min/max delays, false-path exceptions, or max skew assignments found ;
; GPIO[4]    ; No input delay, min/max delays, false-path exceptions, or max skew assignments found ;
; GPIO[5]    ; No input delay, min/max delays, false-path exceptions, or max skew assignments found ;
; GPIO[6]    ; No input delay, min/max delays, false-path exceptions, or max skew assignments found ;
; GPIO[7]    ; No input delay, min/max delays, false-path exceptions, or max skew assignments found ;
; KEY[0]     ; No input delay, min/max delays, false-path exceptions, or max skew assignments found ;
+------------+--------------------------------------------------------------------------------------+


+-----------------------------------------------------------------------------------------------------+
; Unconstrained Output Ports                                                                          ;
+-------------+---------------------------------------------------------------------------------------+
; Output Port ; Comment                                                                               ;
+-------------+---------------------------------------------------------------------------------------+
; HEX0[0]     ; No output delay, min/max delays, false-path exceptions, or max skew assignments found ;
; HEX0[1]     ; No output delay, min/max delays, false-path exceptions, or max skew assignments found ;
; HEX0[2]     ; No output delay, min/max delays, false-path exceptions, or max skew assignments found ;
; HEX0[3]     ; No output delay, min/max delays, false-path exceptions, or max skew assignments found ;
; HEX0[4]     ; No output delay, min/max delays, false-path exceptions, or max skew assignments found ;
; HEX0[5]     ; No output delay, min/max delays, false-path exceptions, or max skew assignments found ;
; HEX0[6]     ; No output delay, min/max delays, false-path exceptions, or max skew assignments found ;
; HEX1[0]     ; No output delay, min/max delays, false-path exceptions, or max skew assignments found ;
; HEX1[1]     ; No output delay, min/max delays, false-path exceptions, or max skew assignments found ;
; HEX1[2]     ; No output delay, min/max delays, false-path exceptions, or max skew assignments found ;
; HEX1[3]     ; No output delay, min/max delays, false-path exceptions, or max skew assignments found ;
; HEX1[5]     ; No output delay, min/max delays, false-path exceptions, or max skew assignments found ;
; HEX1[6]     ; No output delay, min/max delays, false-path exceptions, or max skew assignments found ;
; HEX2[0]     ; No output delay, min/max delays, false-path exceptions, or max skew assignments found ;
; HEX2[1]     ; No output delay, min/max delays, false-path exceptions, or max skew assignments found ;
; HEX2[2]     ; No output delay, min/max delays, false-path exceptions, or max skew assignments found ;
; HEX2[3]     ; No output delay, min/max delays, false-path exceptions, or max skew assignments found ;
; HEX2[4]     ; No output delay, min/max delays, false-path exceptions, or max skew assignments found ;
; HEX2[5]     ; No output delay, min/max delays, false-path exceptions, or max skew assignments found ;
; HEX2[6]     ; No output delay, min/max delays, false-path exceptions, or max skew assignments found ;
; HEX3[0]     ; No output delay, min/max delays, false-path exceptions, or max skew assignments found ;
; HEX3[1]     ; No output delay, min/max delays, false-path exceptions, or max skew assignments found ;
; HEX3[2]     ; No output delay, min/max delays, false-path exceptions, or max skew assignments found ;
; HEX3[3]     ; No output delay, min/max delays, false-path exceptions, or max skew assignments found ;
; HEX3[4]     ; No output delay, min/max delays, false-path exceptions, or max skew assignments found ;
; HEX3[5]     ; No output delay, min/max delays, false-path exceptions, or max skew assignments found ;
; HEX3[6]     ; No output delay, min/max delays, false-path exceptions, or max skew assignments found ;
; HEX4[0]     ; No output delay, min/max delays, false-path exceptions, or max skew assignments found ;
; HEX4[1]     ; No output delay, min/max delays, false-path exceptions, or max skew assignments found ;
; HEX4[2]     ; No output delay, min/max delays, false-path exceptions, or max skew assignments found ;
; HEX4[3]     ; No output delay, min/max delays, false-path exceptions, or max skew assignments found ;
; HEX4[4]     ; No output delay, min/max delays, false-path exceptions, or max skew assignments found ;
; HEX4[5]     ; No output delay, min/max delays, false-path exceptions, or max skew assignments found ;
; HEX4[6]     ; No output delay, min/max delays, false-path exceptions, or max skew assignments found ;
; HEX5[1]     ; No output delay, min/max delays, false-path exceptions, or max skew assignments found ;
; HEX5[2]     ; No output delay, min/max delays, false-path exceptions, or max skew assignments found ;
; HEX5[3]     ; No output delay, min/max delays, false-path exceptions, or max skew assignments found ;
; HEX5[4]     ; No output delay, min/max delays, false-path exceptions, or max skew assignments found ;
; LEDG[0]     ; No output delay, min/max delays, false-path exceptions, or max skew assignments found ;
; LEDR[0]     ; No output delay, min/max delays, false-path exceptions, or max skew assignments found ;
; LEDR[1]     ; No output delay, min/max delays, false-path exceptions, or max skew assignments found ;
; LEDR[2]     ; No output delay, min/max delays, false-path exceptions, or max skew assignments found ;
; LEDR[3]     ; No output delay, min/max delays, false-path exceptions, or max skew assignments found ;
; LEDR[4]     ; No output delay, min/max delays, false-path exceptions, or max skew assignments found ;
; LEDR[5]     ; No output delay, min/max delays, false-path exceptions, or max skew assignments found ;
; LEDR[6]     ; No output delay, min/max delays, false-path exceptions, or max skew assignments found ;
; LEDR[7]     ; No output delay, min/max delays, false-path exceptions, or max skew assignments found ;
; VGA_BLANK_N ; No output delay, min/max delays, false-path exceptions, or max skew assignments found ;
; VGA_B[0]    ; No output delay, min/max delays, false-path exceptions, or max skew assignments found ;
; VGA_B[1]    ; No output delay, min/max delays, false-path exceptions, or max skew assignments found ;
; VGA_B[2]    ; No output delay, min/max delays, false-path exceptions, or max skew assignments found ;
; VGA_B[3]    ; No output delay, min/max delays, false-path exceptions, or max skew assignments found ;
; VGA_B[4]    ; No output delay, min/max delays, false-path exceptions, or max skew assignments found ;
; VGA_B[5]    ; No output delay, min/max delays, false-path exceptions, or max skew assignments found ;
; VGA_CLK     ; No output delay, min/max delays, false-path exceptions, or max skew assignments found ;
; VGA_G[0]    ; No output delay, min/max delays, false-path exceptions, or max skew assignments found ;
; VGA_G[1]    ; No output delay, min/max delays, false-path exceptions, or max skew assignments found ;
; VGA_G[2]    ; No output delay, min/max delays, false-path exceptions, or max skew assignments found ;
; VGA_G[3]    ; No output delay, min/max delays, false-path exceptions, or max skew assignments found ;
; VGA_G[4]    ; No output delay, min/max delays, false-path exceptions, or max skew assignments found ;
; VGA_G[5]    ; No output delay, min/max delays, false-path exceptions, or max skew assignments found ;
; VGA_G[6]    ; No output delay, min/max delays, false-path exceptions, or max skew assignments found ;
; VGA_HS      ; No output delay, min/max delays, false-path exceptions, or max skew assignments found ;
; VGA_R[0]    ; No output delay, min/max delays, false-path exceptions, or max skew assignments found ;
; VGA_R[1]    ; No output delay, min/max delays, false-path exceptions, or max skew assignments found ;
; VGA_R[2]    ; No output delay, min/max delays, false-path exceptions, or max skew assignments found ;
; VGA_R[3]    ; No output delay, min/max delays, false-path exceptions, or max skew assignments found ;
; VGA_R[4]    ; No output delay, min/max delays, false-path exceptions, or max skew assignments found ;
; VGA_R[5]    ; No output delay, min/max delays, false-path exceptions, or max skew assignments found ;
; VGA_R[6]    ; No output delay, min/max delays, false-path exceptions, or max skew assignments found ;
; VGA_VS      ; No output delay, min/max delays, false-path exceptions, or max skew assignments found ;
+-------------+---------------------------------------------------------------------------------------+


+---------------------------------------------------------------------------------------------------+
; Unconstrained Input Ports                                                                         ;
+------------+--------------------------------------------------------------------------------------+
; Input Port ; Comment                                                                              ;
+------------+--------------------------------------------------------------------------------------+
; CLOCK3_50  ; No input delay, min/max delays, false-path exceptions, or max skew assignments found ;
; GPIO[0]    ; No input delay, min/max delays, false-path exceptions, or max skew assignments found ;
; GPIO[1]    ; No input delay, min/max delays, false-path exceptions, or max skew assignments found ;
; GPIO[2]    ; No input delay, min/max delays, false-path exceptions, or max skew assignments found ;
; GPIO[3]    ; No input delay, min/max delays, false-path exceptions, or max skew assignments found ;
; GPIO[4]    ; No input delay, min/max delays, false-path exceptions, or max skew assignments found ;
; GPIO[5]    ; No input delay, min/max delays, false-path exceptions, or max skew assignments found ;
; GPIO[6]    ; No input delay, min/max delays, false-path exceptions, or max skew assignments found ;
; GPIO[7]    ; No input delay, min/max delays, false-path exceptions, or max skew assignments found ;
; KEY[0]     ; No input delay, min/max delays, false-path exceptions, or max skew assignments found ;
+------------+--------------------------------------------------------------------------------------+


+-----------------------------------------------------------------------------------------------------+
; Unconstrained Output Ports                                                                          ;
+-------------+---------------------------------------------------------------------------------------+
; Output Port ; Comment                                                                               ;
+-------------+---------------------------------------------------------------------------------------+
; HEX0[0]     ; No output delay, min/max delays, false-path exceptions, or max skew assignments found ;
; HEX0[1]     ; No output delay, min/max delays, false-path exceptions, or max skew assignments found ;
; HEX0[2]     ; No output delay, min/max delays, false-path exceptions, or max skew assignments found ;
; HEX0[3]     ; No output delay, min/max delays, false-path exceptions, or max skew assignments found ;
; HEX0[4]     ; No output delay, min/max delays, false-path exceptions, or max skew assignments found ;
; HEX0[5]     ; No output delay, min/max delays, false-path exceptions, or max skew assignments found ;
; HEX0[6]     ; No output delay, min/max delays, false-path exceptions, or max skew assignments found ;
; HEX1[0]     ; No output delay, min/max delays, false-path exceptions, or max skew assignments found ;
; HEX1[1]     ; No output delay, min/max delays, false-path exceptions, or max skew assignments found ;
; HEX1[2]     ; No output delay, min/max delays, false-path exceptions, or max skew assignments found ;
; HEX1[3]     ; No output delay, min/max delays, false-path exceptions, or max skew assignments found ;
; HEX1[5]     ; No output delay, min/max delays, false-path exceptions, or max skew assignments found ;
; HEX1[6]     ; No output delay, min/max delays, false-path exceptions, or max skew assignments found ;
; HEX2[0]     ; No output delay, min/max delays, false-path exceptions, or max skew assignments found ;
; HEX2[1]     ; No output delay, min/max delays, false-path exceptions, or max skew assignments found ;
; HEX2[2]     ; No output delay, min/max delays, false-path exceptions, or max skew assignments found ;
; HEX2[3]     ; No output delay, min/max delays, false-path exceptions, or max skew assignments found ;
; HEX2[4]     ; No output delay, min/max delays, false-path exceptions, or max skew assignments found ;
; HEX2[5]     ; No output delay, min/max delays, false-path exceptions, or max skew assignments found ;
; HEX2[6]     ; No output delay, min/max delays, false-path exceptions, or max skew assignments found ;
; HEX3[0]     ; No output delay, min/max delays, false-path exceptions, or max skew assignments found ;
; HEX3[1]     ; No output delay, min/max delays, false-path exceptions, or max skew assignments found ;
; HEX3[2]     ; No output delay, min/max delays, false-path exceptions, or max skew assignments found ;
; HEX3[3]     ; No output delay, min/max delays, false-path exceptions, or max skew assignments found ;
; HEX3[4]     ; No output delay, min/max delays, false-path exceptions, or max skew assignments found ;
; HEX3[5]     ; No output delay, min/max delays, false-path exceptions, or max skew assignments found ;
; HEX3[6]     ; No output delay, min/max delays, false-path exceptions, or max skew assignments found ;
; HEX4[0]     ; No output delay, min/max delays, false-path exceptions, or max skew assignments found ;
; HEX4[1]     ; No output delay, min/max delays, false-path exceptions, or max skew assignments found ;
; HEX4[2]     ; No output delay, min/max delays, false-path exceptions, or max skew assignments found ;
; HEX4[3]     ; No output delay, min/max delays, false-path exceptions, or max skew assignments found ;
; HEX4[4]     ; No output delay, min/max delays, false-path exceptions, or max skew assignments found ;
; HEX4[5]     ; No output delay, min/max delays, false-path exceptions, or max skew assignments found ;
; HEX4[6]     ; No output delay, min/max delays, false-path exceptions, or max skew assignments found ;
; HEX5[1]     ; No output delay, min/max delays, false-path exceptions, or max skew assignments found ;
; HEX5[2]     ; No output delay, min/max delays, false-path exceptions, or max skew assignments found ;
; HEX5[3]     ; No output delay, min/max delays, false-path exceptions, or max skew assignments found ;
; HEX5[4]     ; No output delay, min/max delays, false-path exceptions, or max skew assignments found ;
; LEDG[0]     ; No output delay, min/max delays, false-path exceptions, or max skew assignments found ;
; LEDR[0]     ; No output delay, min/max delays, false-path exceptions, or max skew assignments found ;
; LEDR[1]     ; No output delay, min/max delays, false-path exceptions, or max skew assignments found ;
; LEDR[2]     ; No output delay, min/max delays, false-path exceptions, or max skew assignments found ;
; LEDR[3]     ; No output delay, min/max delays, false-path exceptions, or max skew assignments found ;
; LEDR[4]     ; No output delay, min/max delays, false-path exceptions, or max skew assignments found ;
; LEDR[5]     ; No output delay, min/max delays, false-path exceptions, or max skew assignments found ;
; LEDR[6]     ; No output delay, min/max delays, false-path exceptions, or max skew assignments found ;
; LEDR[7]     ; No output delay, min/max delays, false-path exceptions, or max skew assignments found ;
; VGA_BLANK_N ; No output delay, min/max delays, false-path exceptions, or max skew assignments found ;
; VGA_B[0]    ; No output delay, min/max delays, false-path exceptions, or max skew assignments found ;
; VGA_B[1]    ; No output delay, min/max delays, false-path exceptions, or max skew assignments found ;
; VGA_B[2]    ; No output delay, min/max delays, false-path exceptions, or max skew assignments found ;
; VGA_B[3]    ; No output delay, min/max delays, false-path exceptions, or max skew assignments found ;
; VGA_B[4]    ; No output delay, min/max delays, false-path exceptions, or max skew assignments found ;
; VGA_B[5]    ; No output delay, min/max delays, false-path exceptions, or max skew assignments found ;
; VGA_CLK     ; No output delay, min/max delays, false-path exceptions, or max skew assignments found ;
; VGA_G[0]    ; No output delay, min/max delays, false-path exceptions, or max skew assignments found ;
; VGA_G[1]    ; No output delay, min/max delays, false-path exceptions, or max skew assignments found ;
; VGA_G[2]    ; No output delay, min/max delays, false-path exceptions, or max skew assignments found ;
; VGA_G[3]    ; No output delay, min/max delays, false-path exceptions, or max skew assignments found ;
; VGA_G[4]    ; No output delay, min/max delays, false-path exceptions, or max skew assignments found ;
; VGA_G[5]    ; No output delay, min/max delays, false-path exceptions, or max skew assignments found ;
; VGA_G[6]    ; No output delay, min/max delays, false-path exceptions, or max skew assignments found ;
; VGA_HS      ; No output delay, min/max delays, false-path exceptions, or max skew assignments found ;
; VGA_R[0]    ; No output delay, min/max delays, false-path exceptions, or max skew assignments found ;
; VGA_R[1]    ; No output delay, min/max delays, false-path exceptions, or max skew assignments found ;
; VGA_R[2]    ; No output delay, min/max delays, false-path exceptions, or max skew assignments found ;
; VGA_R[3]    ; No output delay, min/max delays, false-path exceptions, or max skew assignments found ;
; VGA_R[4]    ; No output delay, min/max delays, false-path exceptions, or max skew assignments found ;
; VGA_R[5]    ; No output delay, min/max delays, false-path exceptions, or max skew assignments found ;
; VGA_R[6]    ; No output delay, min/max delays, false-path exceptions, or max skew assignments found ;
; VGA_VS      ; No output delay, min/max delays, false-path exceptions, or max skew assignments found ;
+-------------+---------------------------------------------------------------------------------------+


+--------------------------+
; Timing Analyzer Messages ;
+--------------------------+
Info: *******************************************************************
Info: Running Quartus Prime Timing Analyzer
    Info: Version 23.1std.1 Build 993 05/14/2024 SC Standard Edition
    Info: Processing started: Mon Mar 31 09:45:18 2025
Info: Command: quartus_sta gameboy -c gameboy
Info: qsta_default_script.tcl version: #1
Warning (18236): Number of processors has not been specified which may cause overloading on shared machines.  Set the global assignment NUM_PARALLEL_PROCESSORS in your QSF to an appropriate value for best performance.
Info (20030): Parallel compilation is enabled and will use 12 of the 12 processors detected
Info (21076): High junction temperature operating condition is not set. Assuming a default value of '85'.
Info (21076): Low junction temperature operating condition is not set. Assuming a default value of '0'.
Info (332104): Reading SDC File: 'gameboy.sdc'
Critical Warning (332168): The following clock transfers have no clock uncertainty assignment. For more accurate results, apply clock uncertainty assignments or use the derive_clock_uncertainty command.
    Critical Warning (332169): From CLOCK3_50 (Rise) to CLOCK3_50 (Rise) (setup and hold)
    Critical Warning (332169): From CLOCK3_50 (Rise) to CLOCK2_50 (Rise) (setup and hold)
    Critical Warning (332169): From CLOCK3_50 (Rise) to CLOCK_50 (Rise) (setup and hold)
Info: Found TIMING_ANALYZER_REPORT_SCRIPT_INCLUDE_DEFAULT_ANALYSIS = ON
Info: Analyzing Slow 1200mV 85C Model
Info (332146): Worst-case setup slack is 1.734
    Info (332119):     Slack       End Point TNS Clock 
    Info (332119): ========= =================== =====================
    Info (332119):     1.734               0.000 CLOCK_50 
    Info (332119):     3.599               0.000 CLOCK2_50 
    Info (332119):    15.747               0.000 CLOCK3_50 
Info (332146): Worst-case hold slack is 0.402
    Info (332119):     Slack       End Point TNS Clock 
    Info (332119): ========= =================== =====================
    Info (332119):     0.402               0.000 CLOCK2_50 
    Info (332119):     0.402               0.000 CLOCK_50 
    Info (332119):     0.641               0.000 CLOCK3_50 
Info (332146): Worst-case recovery slack is 5.383
    Info (332119):     Slack       End Point TNS Clock 
    Info (332119): ========= =================== =====================
    Info (332119):     5.383               0.000 CLOCK2_50 
Info (332146): Worst-case removal slack is 2.583
    Info (332119):     Slack       End Point TNS Clock 
    Info (332119): ========= =================== =====================
    Info (332119):     2.583               0.000 CLOCK2_50 
Info (332146): Worst-case minimum pulse width slack is 9.763
    Info (332119):     Slack       End Point TNS Clock 
    Info (332119): ========= =================== =====================
    Info (332119):     9.763               0.000 CLOCK3_50 
    Info (332119):    62.127               0.000 CLOCK_50 
    Info (332119):   124.761               0.000 CLOCK2_50 
Info (332114): Report Metastability: Found 49 synchronizer chains.
    Info (332114): The design MTBF is not calculated because there are no specified synchronizers in the design.
    Info (332114): Number of Synchronizer Chains Found: 49
    Info (332114): Shortest Synchronizer Chain: 2 Registers
    Info (332114): Fraction of Chains for which MTBFs Could Not be Calculated: 1.000
    Info (332114): Worst Case Available Settling Time: 196.639 ns
    Info (332114): 
Info: Analyzing Slow 1200mV 0C Model
Info (334003): Started post-fitting delay annotation
Info (334004): Delay annotation completed successfully
Critical Warning (332168): The following clock transfers have no clock uncertainty assignment. For more accurate results, apply clock uncertainty assignments or use the derive_clock_uncertainty command.
    Critical Warning (332169): From CLOCK3_50 (Rise) to CLOCK3_50 (Rise) (setup and hold)
    Critical Warning (332169): From CLOCK3_50 (Rise) to CLOCK2_50 (Rise) (setup and hold)
    Critical Warning (332169): From CLOCK3_50 (Rise) to CLOCK_50 (Rise) (setup and hold)
Info (332146): Worst-case setup slack is 2.010
    Info (332119):     Slack       End Point TNS Clock 
    Info (332119): ========= =================== =====================
    Info (332119):     2.010               0.000 CLOCK_50 
    Info (332119):     4.150               0.000 CLOCK2_50 
    Info (332119):    16.140               0.000 CLOCK3_50 
Info (332146): Worst-case hold slack is 0.353
    Info (332119):     Slack       End Point TNS Clock 
    Info (332119): ========= =================== =====================
    Info (332119):     0.353               0.000 CLOCK2_50 
    Info (332119):     0.353               0.000 CLOCK_50 
    Info (332119):     0.586               0.000 CLOCK3_50 
Info (332146): Worst-case recovery slack is 5.751
    Info (332119):     Slack       End Point TNS Clock 
    Info (332119): ========= =================== =====================
    Info (332119):     5.751               0.000 CLOCK2_50 
Info (332146): Worst-case removal slack is 2.365
    Info (332119):     Slack       End Point TNS Clock 
    Info (332119): ========= =================== =====================
    Info (332119):     2.365               0.000 CLOCK2_50 
Info (332146): Worst-case minimum pulse width slack is 9.781
    Info (332119):     Slack       End Point TNS Clock 
    Info (332119): ========= =================== =====================
    Info (332119):     9.781               0.000 CLOCK3_50 
    Info (332119):    62.146               0.000 CLOCK_50 
    Info (332119):   124.779               0.000 CLOCK2_50 
Info (332114): Report Metastability: Found 49 synchronizer chains.
    Info (332114): The design MTBF is not calculated because there are no specified synchronizers in the design.
    Info (332114): Number of Synchronizer Chains Found: 49
    Info (332114): Shortest Synchronizer Chain: 2 Registers
    Info (332114): Fraction of Chains for which MTBFs Could Not be Calculated: 1.000
    Info (332114): Worst Case Available Settling Time: 200.694 ns
    Info (332114): 
Info: Analyzing Fast 1200mV 0C Model
Critical Warning (332168): The following clock transfers have no clock uncertainty assignment. For more accurate results, apply clock uncertainty assignments or use the derive_clock_uncertainty command.
    Critical Warning (332169): From CLOCK3_50 (Rise) to CLOCK3_50 (Rise) (setup and hold)
    Critical Warning (332169): From CLOCK3_50 (Rise) to CLOCK2_50 (Rise) (setup and hold)
    Critical Warning (332169): From CLOCK3_50 (Rise) to CLOCK_50 (Rise) (setup and hold)
Info (332146): Worst-case setup slack is 3.316
    Info (332119):     Slack       End Point TNS Clock 
    Info (332119): ========= =================== =====================
    Info (332119):     3.316               0.000 CLOCK_50 
    Info (332119):     6.750               0.000 CLOCK2_50 
    Info (332119):    17.938               0.000 CLOCK3_50 
Info (332146): Worst-case hold slack is 0.181
    Info (332119):     Slack       End Point TNS Clock 
    Info (332119): ========= =================== =====================
    Info (332119):     0.181               0.000 CLOCK2_50 
    Info (332119):     0.181               0.000 CLOCK_50 
    Info (332119):     0.292               0.000 CLOCK3_50 
Info (332146): Worst-case recovery slack is 7.556
    Info (332119):     Slack       End Point TNS Clock 
    Info (332119): ========= =================== =====================
    Info (332119):     7.556               0.000 CLOCK2_50 
Info (332146): Worst-case removal slack is 1.228
    Info (332119):     Slack       End Point TNS Clock 
    Info (332119): ========= =================== =====================
    Info (332119):     1.228               0.000 CLOCK2_50 
Info (332146): Worst-case minimum pulse width slack is 9.444
    Info (332119):     Slack       End Point TNS Clock 
    Info (332119): ========= =================== =====================
    Info (332119):     9.444               0.000 CLOCK3_50 
    Info (332119):    61.872               0.000 CLOCK_50 
    Info (332119):   124.441               0.000 CLOCK2_50 
Info (332114): Report Metastability: Found 49 synchronizer chains.
    Info (332114): The design MTBF is not calculated because there are no specified synchronizers in the design.
    Info (332114): Number of Synchronizer Chains Found: 49
    Info (332114): Shortest Synchronizer Chain: 2 Registers
    Info (332114): Fraction of Chains for which MTBFs Could Not be Calculated: 1.000
    Info (332114): Worst Case Available Settling Time: 222.975 ns
    Info (332114): 
Info (332102): Design is not fully constrained for setup requirements
Info (332102): Design is not fully constrained for hold requirements
Info: Quartus Prime Timing Analyzer was successful. 0 errors, 13 warnings
    Info: Peak virtual memory: 740 megabytes
    Info: Processing ended: Mon Mar 31 09:45:21 2025
    Info: Elapsed time: 00:00:03
    Info: Total CPU time (on all processors): 00:00:04


