WIDTH = 16;
DEPTH = 8192;
ADDRESS_RADIX = HEX;
DATA_RADIX = HEX;

CONTENT BEGIN

<<<<<<< HEAD
0000 : 0100;
0001 : 0100;
0002 : 0100;
0003 : 0100;
0004 : 0100;
0005 : 0100;
0006 : 0100;
0007 : 0100;
0008 : 00f0;
0009 : 00f0;
000A : 00fc;
000B : 00fc;
000C : 00fc;
000D : 00fc;
000E : 00f3;
000F : 00f3;
0010 : 003c;
0011 : 003c;
0012 : 003c;
0013 : 003c;
0014 : 003c;
0015 : 003c;
0016 : 003c;
0017 : 003c;
0018 : 00f0;
0019 : 00f0;
001A : 00f0;
001B : 00f0;
001C : 0100;
001D : 0100;
001E : 00f3;
001F : 00f3;
0020 : 0100;
0021 : 0100;
0022 : 0100;
0023 : 0100;
0024 : 0100;
0025 : 0100;
0026 : 00cf;
0027 : 00cf;
0028 : 0100;
0029 : 0100;
002A : 000f;
002B : 000f;
002C : 003f;
002D : 003f;
002E : 000f;
002F : 000f;
0030 : 0100;
0031 : 0100;
0032 : 0100;
0033 : 0100;
0034 : 00c0;
0035 : 00c0;
0036 : 000f;
0037 : 000f;
0038 : 0100;
0039 : 0100;
003A : 0100;
003B : 0100;
003C : 0100;
003D : 0100;
003E : 00f0;
003F : 00f0;
0040 : 0100;
0041 : 0100;
0042 : 0100;
0043 : 0100;
0044 : 0100;
0045 : 0100;
0046 : 00f3;
0047 : 00f3;
0048 : 0100;
0049 : 0100;
004A : 0100;
004B : 0100;
004C : 0100;
004D : 0100;
004E : 00c0;
004F : 00c0;
0050 : 0003;
0051 : 0003;
0052 : 0003;
0053 : 0003;
0054 : 0003;
0055 : 0003;
0056 : 00ff;
0057 : 00ff;
0058 : 00c0;
0059 : 00c0;
005A : 00c0;
005B : 00c0;
005C : 00c0;
005D : 00c0;
005E : 00c3;
005F : 00c3;
0060 : 0100;
0061 : 0100;
0062 : 0100;
0063 : 0100;
0064 : 0100;
0065 : 0100;
0066 : 00fc;
0067 : 00fc;
0068 : 00f3;
0069 : 00f3;
006A : 00f0;
006B : 00f0;
006C : 00f0;
006D : 00f0;
006E : 00f0;
006F : 00f0;
0070 : 003c;
0071 : 003c;
0072 : 00fc;
0073 : 00fc;
0074 : 00fc;
0075 : 00fc;
0076 : 003c;
0077 : 003c;
0078 : 00f3;
0079 : 00f3;
007A : 00f3;
007B : 00f3;
007C : 00f3;
007D : 00f3;
007E : 00f3;
007F : 00f3;
0080 : 00f3;
0081 : 00f3;
0082 : 00c3;
0083 : 00c3;
0084 : 00c3;
0085 : 00c3;
0086 : 00c3;
0087 : 00c3;
0088 : 00cf;
0089 : 00cf;
008A : 00cf;
008B : 00cf;
008C : 00cf;
008D : 00cf;
008E : 00cf;
008F : 00cf;
0090 : 003c;
0091 : 003c;
0092 : 003f;
0093 : 003f;
0094 : 003c;
0095 : 003c;
0096 : 000f;
0097 : 000f;
0098 : 003c;
0099 : 003c;
009A : 00fc;
009B : 00fc;
009C : 0100;
009D : 0100;
009E : 00fc;
009F : 00fc;
00A0 : 00fc;
00A1 : 00fc;
00A2 : 00f0;
00A3 : 00f0;
00A4 : 00f0;
00A5 : 00f0;
00A6 : 00f0;
00A7 : 00f0;
00A8 : 00f3;
00A9 : 00f3;
00AA : 00f3;
00AB : 00f3;
00AC : 00f3;
00AD : 00f3;
00AE : 00f0;
00AF : 00f0;
00B0 : 00c3;
00B1 : 00c3;
00B2 : 00c3;
00B3 : 00c3;
00B4 : 00c3;
00B5 : 00c3;
00B6 : 00ff;
00B7 : 00ff;
00B8 : 00cf;
00B9 : 00cf;
00BA : 00cf;
00BB : 00cf;
00BC : 00cf;
00BD : 00cf;
00BE : 00c3;
00BF : 00c3;
00C0 : 000f;
00C1 : 000f;
00C2 : 000f;
00C3 : 000f;
00C4 : 000f;
00C5 : 000f;
00C6 : 00fc;
00C7 : 00fc;
00C8 : 003c;
00C9 : 0042;
00CA : 00b9;
00CB : 00a5;
00CC : 00b9;
00CD : 00a5;
00CE : 0042;
00CF : 003c;
00D0 : 0100;
00D1 : 0100;
00D2 : 0100;
00D3 : 0100;
00D4 : 0100;
00D5 : 0100;
00D6 : 0100;
00D7 : 0100;
00D8 : 0100;
00D9 : 0100;
00DA : 0100;
00DB : 0100;
00DC : 0100;
00DD : 0100;
00DE : 0100;
00DF : 0100;
00E0 : 0100;
00E1 : 0100;
00E2 : 0100;
00E3 : 0100;
00E4 : 0100;
00E5 : 0100;
00E6 : 0100;
00E7 : 0100;
00E8 : 0100;
00E9 : 0100;
00EA : 0100;
00EB : 0100;
00EC : 0100;
00ED : 0100;
00EE : 0100;
00EF : 0100;
00F0 : 0100;
00F1 : 0100;
00F2 : 0100;
00F3 : 0100;
00F4 : 0100;
00F5 : 0100;
00F6 : 0100;
00F7 : 0100;
00F8 : 0100;
00F9 : 0100;
00FA : 0100;
00FB : 0100;
00FC : 0100;
00FD : 0100;
00FE : 0100;
00FF : 0100;
0100 : 0100;
0101 : 0100;
0102 : 0100;
0103 : 0100;
0104 : 0100;
0105 : 0100;
0106 : 0100;
0107 : 0100;
0108 : 0100;
0109 : 0100;
010A : 0100;
010B : 0100;
010C : 0100;
010D : 0100;
010E : 0100;
010F : 0100;
0110 : 0100;
0111 : 0100;
0112 : 0100;
0113 : 0100;
0114 : 0100;
0115 : 0100;
0116 : 0100;
0117 : 0100;
0118 : 0100;
0119 : 0100;
011A : 0100;
011B : 0100;
011C : 0100;
011D : 0100;
011E : 0100;
011F : 0100;
0120 : 0100;
0121 : 0100;
0122 : 0100;
0123 : 0100;
0124 : 0100;
0125 : 0100;
0126 : 0100;
0127 : 0100;
0128 : 0100;
0129 : 0100;
012A : 0100;
012B : 0100;
012C : 0100;
012D : 0100;
012E : 0100;
012F : 0100;
0130 : 0100;
0131 : 0100;
0132 : 0100;
0133 : 0100;
0134 : 0100;
0135 : 0100;
0136 : 0100;
0137 : 0100;
0138 : 0100;
0139 : 0100;
013A : 0100;
013B : 0100;
013C : 0100;
013D : 0100;
013E : 0100;
013F : 0100;
0140 : 0100;
0141 : 0100;
0142 : 0100;
0143 : 0100;
0144 : 0100;
0145 : 0100;
0146 : 0100;
0147 : 0100;
0148 : 0100;
0149 : 0100;
014A : 0100;
014B : 0100;
014C : 0100;
014D : 0100;
014E : 0100;
014F : 0100;
0150 : 0100;
0151 : 0100;
0152 : 0100;
0153 : 0100;
0154 : 0100;
0155 : 0100;
0156 : 0100;
0157 : 0100;
0158 : 0100;
0159 : 0100;
015A : 0100;
015B : 0100;
015C : 0100;
015D : 0100;
015E : 0100;
015F : 0100;
0160 : 0100;
0161 : 0100;
0162 : 0100;
0163 : 0100;
0164 : 0100;
0165 : 0100;
0166 : 0100;
0167 : 0100;
0168 : 0100;
0169 : 0100;
016A : 0100;
016B : 0100;
016C : 0100;
016D : 0100;
016E : 0100;
016F : 0100;
0170 : 0100;
0171 : 0100;
0172 : 0100;
0173 : 0100;
0174 : 0100;
0175 : 0100;
0176 : 0100;
0177 : 0100;
0178 : 0100;
0179 : 0100;
017A : 0100;
017B : 0100;
017C : 0100;
017D : 0100;
017E : 0100;
017F : 0100;
0180 : 0100;
0181 : 0100;
0182 : 0100;
0183 : 0100;
0184 : 0100;
0185 : 0100;
0186 : 0100;
0187 : 0100;
0188 : 0100;
0189 : 0100;
018A : 0100;
018B : 0100;
018C : 0100;
018D : 0100;
018E : 0100;
018F : 0100;
0190 : 0100;
0191 : 0100;
0192 : 0100;
0193 : 0100;
0194 : 0100;
0195 : 0100;
0196 : 0100;
0197 : 0100;
0198 : 0100;
0199 : 0100;
019A : 0100;
019B : 0100;
019C : 0100;
019D : 0100;
019E : 0100;
019F : 0100;
01A0 : 0100;
01A1 : 0100;
01A2 : 0100;
01A3 : 0100;
01A4 : 0100;
01A5 : 0100;
01A6 : 0100;
01A7 : 0100;
01A8 : 0100;
01A9 : 0100;
01AA : 0100;
01AB : 0100;
01AC : 0100;
01AD : 0100;
01AE : 0100;
01AF : 0100;
01B0 : 0100;
01B1 : 0100;
01B2 : 0100;
01B3 : 0100;
01B4 : 0100;
01B5 : 0100;
01B6 : 0100;
01B7 : 0100;
01B8 : 0100;
01B9 : 0100;
01BA : 0100;
01BB : 0100;
01BC : 0100;
01BD : 0100;
01BE : 0100;
01BF : 0100;
01C0 : 0100;
01C1 : 0100;
01C2 : 0100;
01C3 : 0100;
01C4 : 0100;
01C5 : 0100;
01C6 : 0100;
01C7 : 0100;
01C8 : 0100;
01C9 : 0100;
01CA : 0100;
01CB : 0100;
01CC : 0100;
01CD : 0100;
01CE : 0100;
01CF : 0100;
01D0 : 0100;
01D1 : 0100;
01D2 : 0100;
01D3 : 0100;
01D4 : 0100;
01D5 : 0100;
01D6 : 0100;
01D7 : 0100;
01D8 : 0100;
01D9 : 0100;
01DA : 0100;
01DB : 0100;
01DC : 0100;
01DD : 0100;
01DE : 0100;
01DF : 0100;
01E0 : 0100;
01E1 : 0100;
01E2 : 0100;
01E3 : 0100;
01E4 : 0100;
01E5 : 0100;
01E6 : 0100;
01E7 : 0100;
01E8 : 0100;
01E9 : 0100;
01EA : 0100;
01EB : 0100;
01EC : 0100;
01ED : 0100;
01EE : 0100;
01EF : 0100;
01F0 : 0100;
01F1 : 0100;
01F2 : 0100;
01F3 : 0100;
01F4 : 0100;
01F5 : 0100;
01F6 : 0100;
01F7 : 0100;
01F8 : 0100;
01F9 : 0100;
01FA : 0100;
01FB : 0100;
01FC : 0100;
01FD : 0100;
01FE : 0100;
01FF : 0100;
0200 : 0100;
0201 : 0100;
0202 : 0100;
0203 : 0100;
0204 : 0100;
0205 : 0100;
0206 : 0100;
0207 : 0100;
0208 : 0100;
0209 : 0100;
020A : 0100;
020B : 0100;
020C : 0100;
020D : 0100;
020E : 0100;
020F : 0100;
0210 : 0100;
0211 : 0100;
0212 : 0100;
0213 : 0100;
0214 : 0100;
0215 : 0100;
0216 : 0100;
0217 : 0100;
0218 : 0100;
0219 : 0100;
021A : 0100;
021B : 0100;
021C : 0100;
021D : 0100;
021E : 0100;
021F : 0100;
0220 : 0100;
0221 : 0100;
0222 : 0100;
0223 : 0100;
0224 : 0100;
0225 : 0100;
0226 : 0100;
0227 : 0100;
0228 : 0100;
0229 : 0100;
022A : 0100;
022B : 0100;
022C : 0100;
022D : 0100;
022E : 0100;
022F : 0100;
0230 : 0100;
0231 : 0100;
0232 : 0100;
0233 : 0100;
0234 : 0100;
0235 : 0100;
0236 : 0100;
0237 : 0100;
0238 : 0100;
0239 : 0100;
023A : 0100;
023B : 0100;
023C : 0100;
023D : 0100;
023E : 0100;
023F : 0100;
0240 : 0100;
0241 : 0100;
0242 : 0100;
0243 : 0100;
0244 : 0100;
0245 : 0100;
0246 : 0100;
0247 : 0100;
0248 : 0100;
0249 : 0100;
024A : 0100;
024B : 0100;
024C : 0100;
024D : 0100;
024E : 0100;
024F : 0100;
0250 : 0100;
0251 : 0100;
0252 : 0100;
0253 : 0100;
0254 : 0100;
0255 : 0100;
0256 : 0100;
0257 : 0100;
0258 : 0100;
0259 : 0100;
025A : 0100;
025B : 0100;
025C : 0100;
025D : 0100;
025E : 0100;
025F : 0100;
0260 : 0100;
0261 : 0100;
0262 : 0100;
0263 : 0100;
0264 : 0100;
0265 : 0100;
0266 : 0100;
0267 : 0100;
0268 : 0100;
0269 : 0100;
026A : 0100;
026B : 0100;
026C : 0100;
026D : 0100;
026E : 0100;
026F : 0100;
0270 : 0100;
0271 : 0100;
0272 : 0100;
0273 : 0100;
0274 : 0100;
0275 : 0100;
0276 : 0100;
0277 : 0100;
0278 : 0100;
0279 : 0100;
027A : 0100;
027B : 0100;
027C : 0100;
027D : 0100;
027E : 0100;
027F : 0100;
0280 : 0100;
0281 : 0100;
0282 : 0100;
0283 : 0100;
0284 : 0100;
0285 : 0100;
0286 : 0100;
0287 : 0100;
0288 : 0100;
0289 : 0100;
028A : 0100;
028B : 0100;
028C : 0100;
028D : 0100;
028E : 0100;
028F : 0100;
0290 : 0100;
0291 : 0100;
0292 : 0100;
0293 : 0100;
0294 : 0100;
0295 : 0100;
0296 : 0100;
0297 : 0100;
0298 : 0100;
0299 : 0100;
029A : 0100;
029B : 0100;
029C : 0100;
029D : 0100;
029E : 0100;
029F : 0100;
02A0 : 0100;
02A1 : 0100;
02A2 : 0100;
02A3 : 0100;
02A4 : 0100;
02A5 : 0100;
02A6 : 0100;
02A7 : 0100;
02A8 : 0100;
02A9 : 0100;
02AA : 0100;
02AB : 0100;
02AC : 0100;
02AD : 0100;
02AE : 0100;
02AF : 0100;
02B0 : 0100;
02B1 : 0100;
02B2 : 0100;
02B3 : 0100;
02B4 : 0100;
02B5 : 0100;
02B6 : 0100;
02B7 : 0100;
02B8 : 0100;
02B9 : 0100;
02BA : 0100;
02BB : 0100;
02BC : 0100;
02BD : 0100;
02BE : 0100;
02BF : 0100;
02C0 : 0100;
02C1 : 0100;
02C2 : 0100;
02C3 : 0100;
02C4 : 0100;
02C5 : 0100;
02C6 : 0100;
02C7 : 0100;
02C8 : 0100;
02C9 : 0100;
02CA : 0100;
02CB : 0100;
02CC : 0100;
02CD : 0100;
02CE : 0100;
02CF : 0100;
02D0 : 0100;
02D1 : 0100;
02D2 : 0100;
02D3 : 0100;
02D4 : 0100;
02D5 : 0100;
02D6 : 0100;
02D7 : 0100;
02D8 : 0100;
02D9 : 0100;
02DA : 0100;
02DB : 0100;
02DC : 0100;
02DD : 0100;
02DE : 0100;
02DF : 0100;
02E0 : 0100;
02E1 : 0100;
02E2 : 0100;
02E3 : 0100;
02E4 : 0100;
02E5 : 0100;
02E6 : 0100;
02E7 : 0100;
02E8 : 0100;
02E9 : 0100;
02EA : 0100;
02EB : 0100;
02EC : 0100;
02ED : 0100;
02EE : 0100;
02EF : 0100;
02F0 : 0100;
02F1 : 0100;
02F2 : 0100;
02F3 : 0100;
02F4 : 0100;
02F5 : 0100;
02F6 : 0100;
02F7 : 0100;
02F8 : 0100;
02F9 : 0100;
02FA : 0100;
02FB : 0100;
02FC : 0100;
02FD : 0100;
02FE : 0100;
02FF : 0100;
0300 : 0100;
0301 : 0100;
0302 : 0100;
0303 : 0100;
0304 : 0100;
0305 : 0100;
0306 : 0100;
0307 : 0100;
0308 : 0100;
0309 : 0100;
030A : 0100;
030B : 0100;
030C : 0100;
030D : 0100;
030E : 0100;
030F : 0100;
0310 : 0100;
0311 : 0100;
0312 : 0100;
0313 : 0100;
0314 : 0100;
0315 : 0100;
0316 : 0100;
0317 : 0100;
0318 : 0100;
0319 : 0100;
031A : 0100;
031B : 0100;
031C : 0100;
031D : 0100;
031E : 0100;
031F : 0100;
0320 : 0100;
0321 : 0100;
0322 : 0100;
0323 : 0100;
0324 : 0100;
0325 : 0100;
0326 : 0100;
0327 : 0100;
0328 : 0100;
0329 : 0100;
032A : 0100;
032B : 0100;
032C : 0100;
032D : 0100;
032E : 0100;
032F : 0100;
0330 : 0100;
0331 : 0100;
0332 : 0100;
0333 : 0100;
0334 : 0100;
0335 : 0100;
0336 : 0100;
0337 : 0100;
0338 : 0100;
0339 : 0100;
033A : 0100;
033B : 0100;
033C : 0100;
033D : 0100;
033E : 0100;
033F : 0100;
0340 : 0100;
0341 : 0100;
0342 : 0100;
0343 : 0100;
0344 : 0100;
0345 : 0100;
0346 : 0100;
0347 : 0100;
0348 : 0100;
0349 : 0100;
034A : 0100;
034B : 0100;
034C : 0100;
034D : 0100;
034E : 0100;
034F : 0100;
0350 : 0100;
0351 : 0100;
0352 : 0100;
0353 : 0100;
0354 : 0100;
0355 : 0100;
0356 : 0100;
0357 : 0100;
0358 : 0100;
0359 : 0100;
035A : 0100;
035B : 0100;
035C : 0100;
035D : 0100;
035E : 0100;
035F : 0100;
0360 : 0100;
0361 : 0100;
0362 : 0100;
0363 : 0100;
0364 : 0100;
0365 : 0100;
0366 : 0100;
0367 : 0100;
0368 : 0100;
0369 : 0100;
036A : 0100;
036B : 0100;
036C : 0100;
036D : 0100;
036E : 0100;
036F : 0100;
0370 : 0100;
0371 : 0100;
0372 : 0100;
0373 : 0100;
0374 : 0100;
0375 : 0100;
0376 : 0100;
0377 : 0100;
0378 : 0100;
0379 : 0100;
037A : 0100;
037B : 0100;
037C : 0100;
037D : 0100;
037E : 0100;
037F : 0100;
0380 : 0100;
0381 : 0100;
0382 : 0100;
0383 : 0100;
0384 : 0100;
0385 : 0100;
0386 : 0100;
0387 : 0100;
0388 : 0100;
0389 : 0100;
038A : 0100;
038B : 0100;
038C : 0100;
038D : 0100;
038E : 0100;
038F : 0100;
0390 : 0100;
0391 : 0100;
0392 : 0100;
0393 : 0100;
0394 : 0100;
0395 : 0100;
0396 : 0100;
0397 : 0100;
0398 : 0100;
0399 : 0100;
039A : 0100;
039B : 0100;
039C : 0100;
039D : 0100;
039E : 0100;
039F : 0100;
03A0 : 0100;
03A1 : 0100;
03A2 : 0100;
03A3 : 0100;
03A4 : 0100;
03A5 : 0100;
03A6 : 0100;
03A7 : 0100;
03A8 : 0100;
03A9 : 0100;
03AA : 0100;
03AB : 0100;
03AC : 0100;
03AD : 0100;
03AE : 0100;
03AF : 0100;
03B0 : 0100;
03B1 : 0100;
03B2 : 0100;
03B3 : 0100;
03B4 : 0100;
03B5 : 0100;
03B6 : 0100;
03B7 : 0100;
03B8 : 0100;
03B9 : 0100;
03BA : 0100;
03BB : 0100;
03BC : 0100;
03BD : 0100;
03BE : 0100;
03BF : 0100;
03C0 : 0100;
03C1 : 0100;
03C2 : 0100;
03C3 : 0100;
03C4 : 0100;
03C5 : 0100;
03C6 : 0100;
03C7 : 0100;
03C8 : 0100;
03C9 : 0100;
03CA : 0100;
03CB : 0100;
03CC : 0100;
03CD : 0100;
03CE : 0100;
03CF : 0100;
03D0 : 0100;
03D1 : 0100;
03D2 : 0100;
03D3 : 0100;
03D4 : 0100;
03D5 : 0100;
03D6 : 0100;
03D7 : 0100;
03D8 : 0100;
03D9 : 0100;
03DA : 0100;
03DB : 0100;
03DC : 0100;
03DD : 0100;
03DE : 0100;
03DF : 0100;
03E0 : 0100;
03E1 : 0100;
03E2 : 0100;
03E3 : 0100;
03E4 : 0100;
03E5 : 0100;
03E6 : 0100;
03E7 : 0100;
03E8 : 0100;
03E9 : 0100;
03EA : 0100;
03EB : 0100;
03EC : 0100;
03ED : 0100;
03EE : 0100;
03EF : 0100;
03F0 : 0100;
03F1 : 0100;
03F2 : 0100;
03F3 : 0100;
03F4 : 0100;
03F5 : 0100;
03F6 : 0100;
03F7 : 0100;
03F8 : 0100;
03F9 : 0100;
03FA : 0100;
03FB : 0100;
03FC : 0100;
03FD : 0100;
03FE : 0100;
03FF : 0100;
0400 : 0100;
0401 : 0100;
0402 : 0100;
0403 : 0100;
0404 : 0100;
0405 : 0100;
0406 : 0100;
0407 : 0100;
0408 : 0100;
0409 : 0100;
040A : 0100;
040B : 0100;
040C : 0100;
040D : 0100;
040E : 0100;
040F : 0100;
0410 : 0100;
0411 : 0100;
0412 : 0100;
0413 : 0100;
0414 : 0100;
0415 : 0100;
0416 : 0100;
0417 : 0100;
0418 : 0100;
0419 : 0100;
041A : 0100;
041B : 0100;
041C : 0100;
041D : 0100;
041E : 0100;
041F : 0100;
0420 : 0100;
0421 : 0100;
0422 : 0100;
0423 : 0100;
0424 : 0100;
0425 : 0100;
0426 : 0100;
0427 : 0100;
0428 : 0100;
0429 : 0100;
042A : 0100;
042B : 0100;
042C : 0100;
042D : 0100;
042E : 0100;
042F : 0100;
0430 : 0100;
0431 : 0100;
0432 : 0100;
0433 : 0100;
0434 : 0100;
0435 : 0100;
0436 : 0100;
0437 : 0100;
0438 : 0100;
0439 : 0100;
043A : 0100;
043B : 0100;
043C : 0100;
043D : 0100;
043E : 0100;
043F : 0100;
0440 : 0100;
0441 : 0100;
0442 : 0100;
0443 : 0100;
0444 : 0100;
0445 : 0100;
0446 : 0100;
0447 : 0100;
0448 : 0100;
0449 : 0100;
044A : 0100;
044B : 0100;
044C : 0100;
044D : 0100;
044E : 0100;
044F : 0100;
0450 : 0100;
0451 : 0100;
0452 : 0100;
0453 : 0100;
0454 : 0100;
0455 : 0100;
0456 : 0100;
0457 : 0100;
0458 : 0100;
0459 : 0100;
045A : 0100;
045B : 0100;
045C : 0100;
045D : 0100;
045E : 0100;
045F : 0100;
0460 : 0100;
0461 : 0100;
0462 : 0100;
0463 : 0100;
0464 : 0100;
0465 : 0100;
0466 : 0100;
0467 : 0100;
0468 : 0100;
0469 : 0100;
046A : 0100;
046B : 0100;
046C : 0100;
046D : 0100;
046E : 0100;
046F : 0100;
0470 : 0100;
0471 : 0100;
0472 : 0100;
0473 : 0100;
0474 : 0100;
0475 : 0100;
0476 : 0100;
0477 : 0100;
0478 : 0100;
0479 : 0100;
047A : 0100;
047B : 0100;
047C : 0100;
047D : 0100;
047E : 0100;
047F : 0100;
0480 : 0100;
0481 : 0100;
0482 : 0100;
0483 : 0100;
0484 : 0100;
0485 : 0100;
0486 : 0100;
0487 : 0100;
0488 : 0100;
0489 : 0100;
048A : 0100;
048B : 0100;
048C : 0100;
048D : 0100;
048E : 0100;
048F : 0100;
0490 : 0100;
0491 : 0100;
0492 : 0100;
0493 : 0100;
0494 : 0100;
0495 : 0100;
0496 : 0100;
0497 : 0100;
0498 : 0100;
0499 : 0100;
049A : 0100;
049B : 0100;
049C : 0100;
049D : 0100;
049E : 0100;
049F : 0100;
04A0 : 0100;
04A1 : 0100;
04A2 : 0100;
04A3 : 0100;
04A4 : 0100;
04A5 : 0100;
04A6 : 0100;
04A7 : 0100;
04A8 : 0100;
04A9 : 0100;
04AA : 0100;
04AB : 0100;
04AC : 0100;
04AD : 0100;
04AE : 0100;
04AF : 0100;
04B0 : 0100;
04B1 : 0100;
04B2 : 0100;
04B3 : 0100;
04B4 : 0100;
04B5 : 0100;
04B6 : 0100;
04B7 : 0100;
04B8 : 0100;
04B9 : 0100;
04BA : 0100;
04BB : 0100;
04BC : 0100;
04BD : 0100;
04BE : 0100;
04BF : 0100;
04C0 : 0100;
04C1 : 0100;
04C2 : 0100;
04C3 : 0100;
04C4 : 0100;
04C5 : 0100;
04C6 : 0100;
04C7 : 0100;
04C8 : 0100;
04C9 : 0100;
04CA : 0100;
04CB : 0100;
04CC : 0100;
04CD : 0100;
04CE : 0100;
04CF : 0100;
04D0 : 0100;
04D1 : 0100;
04D2 : 0100;
04D3 : 0100;
04D4 : 0100;
04D5 : 0100;
04D6 : 0100;
04D7 : 0100;
04D8 : 0100;
04D9 : 0100;
04DA : 0100;
04DB : 0100;
04DC : 0100;
04DD : 0100;
04DE : 0100;
04DF : 0100;
04E0 : 0100;
04E1 : 0100;
04E2 : 0100;
04E3 : 0100;
04E4 : 0100;
04E5 : 0100;
04E6 : 0100;
04E7 : 0100;
04E8 : 0100;
04E9 : 0100;
04EA : 0100;
04EB : 0100;
04EC : 0100;
04ED : 0100;
04EE : 0100;
04EF : 0100;
04F0 : 0100;
04F1 : 0100;
04F2 : 0100;
04F3 : 0100;
04F4 : 0100;
04F5 : 0100;
04F6 : 0100;
04F7 : 0100;
04F8 : 0100;
04F9 : 0100;
04FA : 0100;
04FB : 0100;
04FC : 0100;
04FD : 0100;
04FE : 0100;
04FF : 0100;
0500 : 0100;
0501 : 0100;
0502 : 0100;
0503 : 0100;
0504 : 0100;
0505 : 0100;
0506 : 0100;
0507 : 0100;
0508 : 0100;
0509 : 0100;
050A : 0100;
050B : 0100;
050C : 0100;
050D : 0100;
050E : 0100;
050F : 0100;
0510 : 0100;
0511 : 0100;
0512 : 0100;
0513 : 0100;
0514 : 0100;
0515 : 0100;
0516 : 0100;
0517 : 0100;
0518 : 0100;
0519 : 0100;
051A : 0100;
051B : 0100;
051C : 0100;
051D : 0100;
051E : 0100;
051F : 0100;
0520 : 0100;
0521 : 0100;
0522 : 0100;
0523 : 0100;
0524 : 0100;
0525 : 0100;
0526 : 0100;
0527 : 0100;
0528 : 0100;
0529 : 0100;
052A : 0100;
052B : 0100;
052C : 0100;
052D : 0100;
052E : 0100;
052F : 0100;
0530 : 0100;
0531 : 0100;
0532 : 0100;
0533 : 0100;
0534 : 0100;
0535 : 0100;
0536 : 0100;
0537 : 0100;
0538 : 0100;
0539 : 0100;
053A : 0100;
053B : 0100;
053C : 0100;
053D : 0100;
053E : 0100;
053F : 0100;
0540 : 0100;
0541 : 0100;
0542 : 0100;
0543 : 0100;
0544 : 0100;
0545 : 0100;
0546 : 0100;
0547 : 0100;
0548 : 0100;
0549 : 0100;
054A : 0100;
054B : 0100;
054C : 0100;
054D : 0100;
054E : 0100;
054F : 0100;
0550 : 0100;
0551 : 0100;
0552 : 0100;
0553 : 0100;
0554 : 0100;
0555 : 0100;
0556 : 0100;
0557 : 0100;
0558 : 0100;
0559 : 0100;
055A : 0100;
055B : 0100;
055C : 0100;
055D : 0100;
055E : 0100;
055F : 0100;
0560 : 0100;
0561 : 0100;
0562 : 0100;
0563 : 0100;
0564 : 0100;
0565 : 0100;
0566 : 0100;
0567 : 0100;
0568 : 0100;
0569 : 0100;
056A : 0100;
056B : 0100;
056C : 0100;
056D : 0100;
056E : 0100;
056F : 0100;
0570 : 0100;
0571 : 0100;
0572 : 0100;
0573 : 0100;
0574 : 0100;
0575 : 0100;
0576 : 0100;
0577 : 0100;
0578 : 0100;
0579 : 0100;
057A : 0100;
057B : 0100;
057C : 0100;
057D : 0100;
057E : 0100;
057F : 0100;
0580 : 0100;
0581 : 0100;
0582 : 0100;
0583 : 0100;
0584 : 0100;
0585 : 0100;
0586 : 0100;
0587 : 0100;
0588 : 0100;
0589 : 0100;
058A : 0100;
058B : 0100;
058C : 0100;
058D : 0100;
058E : 0100;
058F : 0100;
0590 : 0100;
0591 : 0100;
0592 : 0100;
0593 : 0100;
0594 : 0100;
0595 : 0100;
0596 : 0100;
0597 : 0100;
0598 : 0100;
0599 : 0100;
059A : 0100;
059B : 0100;
059C : 0100;
059D : 0100;
059E : 0100;
059F : 0100;
05A0 : 0100;
05A1 : 0100;
05A2 : 0100;
05A3 : 0100;
05A4 : 0100;
05A5 : 0100;
05A6 : 0100;
05A7 : 0100;
05A8 : 0100;
05A9 : 0100;
05AA : 0100;
05AB : 0100;
05AC : 0100;
05AD : 0100;
05AE : 0100;
05AF : 0100;
05B0 : 0100;
05B1 : 0100;
05B2 : 0100;
05B3 : 0100;
05B4 : 0100;
05B5 : 0100;
05B6 : 0100;
05B7 : 0100;
05B8 : 0100;
05B9 : 0100;
05BA : 0100;
05BB : 0100;
05BC : 0100;
05BD : 0100;
05BE : 0100;
05BF : 0100;
05C0 : 0100;
05C1 : 0100;
05C2 : 0100;
05C3 : 0100;
05C4 : 0100;
05C5 : 0100;
05C6 : 0100;
05C7 : 0100;
05C8 : 0100;
05C9 : 0100;
05CA : 0100;
05CB : 0100;
05CC : 0100;
05CD : 0100;
05CE : 0100;
05CF : 0100;
05D0 : 0100;
05D1 : 0100;
05D2 : 0100;
05D3 : 0100;
05D4 : 0100;
05D5 : 0100;
05D6 : 0100;
05D7 : 0100;
05D8 : 0100;
05D9 : 0100;
05DA : 0100;
05DB : 0100;
05DC : 0100;
05DD : 0100;
05DE : 0100;
05DF : 0100;
05E0 : 0100;
05E1 : 0100;
05E2 : 0100;
05E3 : 0100;
05E4 : 0100;
05E5 : 0100;
05E6 : 0100;
05E7 : 0100;
05E8 : 0100;
05E9 : 0100;
05EA : 0100;
05EB : 0100;
05EC : 0100;
05ED : 0100;
05EE : 0100;
05EF : 0100;
05F0 : 0100;
05F1 : 0100;
05F2 : 0100;
05F3 : 0100;
05F4 : 0100;
05F5 : 0100;
05F6 : 0100;
05F7 : 0100;
05F8 : 0100;
05F9 : 0100;
05FA : 0100;
05FB : 0100;
05FC : 0100;
05FD : 0100;
05FE : 0100;
05FF : 0100;
0600 : 0100;
0601 : 0100;
0602 : 0100;
0603 : 0100;
0604 : 0100;
0605 : 0100;
0606 : 0100;
0607 : 0100;
0608 : 0100;
0609 : 0100;
060A : 0100;
060B : 0100;
060C : 0100;
060D : 0100;
060E : 0100;
060F : 0100;
0610 : 0100;
0611 : 0100;
0612 : 0100;
0613 : 0100;
0614 : 0100;
0615 : 0100;
0616 : 0100;
0617 : 0100;
0618 : 0100;
0619 : 0100;
061A : 0100;
061B : 0100;
061C : 0100;
061D : 0100;
061E : 0100;
061F : 0100;
0620 : 0100;
0621 : 0100;
0622 : 0100;
0623 : 0100;
0624 : 0100;
0625 : 0100;
0626 : 0100;
0627 : 0100;
0628 : 0100;
0629 : 0100;
062A : 0100;
062B : 0100;
062C : 0100;
062D : 0100;
062E : 0100;
062F : 0100;
0630 : 0100;
0631 : 0100;
0632 : 0100;
0633 : 0100;
0634 : 0100;
0635 : 0100;
0636 : 0100;
0637 : 0100;
0638 : 0100;
0639 : 0100;
063A : 0100;
063B : 0100;
063C : 0100;
063D : 0100;
063E : 0100;
063F : 0100;
0640 : 0100;
0641 : 0100;
0642 : 0100;
0643 : 0100;
0644 : 0100;
0645 : 0100;
0646 : 0100;
0647 : 0100;
0648 : 0100;
0649 : 0100;
064A : 0100;
064B : 0100;
064C : 0100;
064D : 0100;
064E : 0100;
064F : 0100;
0650 : 0100;
0651 : 0100;
0652 : 0100;
0653 : 0100;
0654 : 0100;
0655 : 0100;
0656 : 0100;
0657 : 0100;
0658 : 0100;
0659 : 0100;
065A : 0100;
065B : 0100;
065C : 0100;
065D : 0100;
065E : 0100;
065F : 0100;
0660 : 0100;
0661 : 0100;
0662 : 0100;
0663 : 0100;
0664 : 0100;
0665 : 0100;
0666 : 0100;
0667 : 0100;
0668 : 0100;
0669 : 0100;
066A : 0100;
066B : 0100;
066C : 0100;
066D : 0100;
066E : 0100;
066F : 0100;
0670 : 0100;
0671 : 0100;
0672 : 0100;
0673 : 0100;
0674 : 0100;
0675 : 0100;
0676 : 0100;
0677 : 0100;
0678 : 0100;
0679 : 0100;
067A : 0100;
067B : 0100;
067C : 0100;
067D : 0100;
067E : 0100;
067F : 0100;
0680 : 0100;
0681 : 0100;
0682 : 0100;
0683 : 0100;
0684 : 0100;
0685 : 0100;
0686 : 0100;
0687 : 0100;
0688 : 0100;
0689 : 0100;
068A : 0100;
068B : 0100;
068C : 0100;
068D : 0100;
068E : 0100;
068F : 0100;
0690 : 0100;
0691 : 0100;
0692 : 0100;
0693 : 0100;
0694 : 0100;
0695 : 0100;
0696 : 0100;
0697 : 0100;
0698 : 0100;
0699 : 0100;
069A : 0100;
069B : 0100;
069C : 0100;
069D : 0100;
069E : 0100;
069F : 0100;
06A0 : 0100;
06A1 : 0100;
06A2 : 0100;
06A3 : 0100;
06A4 : 0100;
06A5 : 0100;
06A6 : 0100;
06A7 : 0100;
06A8 : 0100;
06A9 : 0100;
06AA : 0100;
06AB : 0100;
06AC : 0100;
06AD : 0100;
06AE : 0100;
06AF : 0100;
06B0 : 0100;
06B1 : 0100;
06B2 : 0100;
06B3 : 0100;
06B4 : 0100;
06B5 : 0100;
06B6 : 0100;
06B7 : 0100;
06B8 : 0100;
06B9 : 0100;
06BA : 0100;
06BB : 0100;
06BC : 0100;
06BD : 0100;
06BE : 0100;
06BF : 0100;
06C0 : 0100;
06C1 : 0100;
06C2 : 0100;
06C3 : 0100;
06C4 : 0100;
06C5 : 0100;
06C6 : 0100;
06C7 : 0100;
06C8 : 0100;
06C9 : 0100;
06CA : 0100;
06CB : 0100;
06CC : 0100;
06CD : 0100;
06CE : 0100;
06CF : 0100;
06D0 : 0100;
06D1 : 0100;
06D2 : 0100;
06D3 : 0100;
06D4 : 0100;
06D5 : 0100;
06D6 : 0100;
06D7 : 0100;
06D8 : 0100;
06D9 : 0100;
06DA : 0100;
06DB : 0100;
06DC : 0100;
06DD : 0100;
06DE : 0100;
06DF : 0100;
06E0 : 0100;
06E1 : 0100;
06E2 : 0100;
06E3 : 0100;
06E4 : 0100;
06E5 : 0100;
06E6 : 0100;
06E7 : 0100;
06E8 : 0100;
06E9 : 0100;
06EA : 0100;
06EB : 0100;
06EC : 0100;
06ED : 0100;
06EE : 0100;
06EF : 0100;
06F0 : 0100;
06F1 : 0100;
06F2 : 0100;
06F3 : 0100;
06F4 : 0100;
06F5 : 0100;
06F6 : 0100;
06F7 : 0100;
06F8 : 0100;
06F9 : 0100;
06FA : 0100;
06FB : 0100;
06FC : 0100;
06FD : 0100;
06FE : 0100;
06FF : 0100;
0700 : 0100;
0701 : 0100;
0702 : 0100;
0703 : 0100;
0704 : 0100;
0705 : 0100;
0706 : 0100;
0707 : 0100;
0708 : 0100;
0709 : 0100;
070A : 0100;
070B : 0100;
070C : 0100;
070D : 0100;
070E : 0100;
070F : 0100;
0710 : 0100;
0711 : 0100;
0712 : 0100;
0713 : 0100;
0714 : 0100;
0715 : 0100;
0716 : 0100;
0717 : 0100;
0718 : 0100;
0719 : 0100;
071A : 0100;
071B : 0100;
071C : 0100;
071D : 0100;
071E : 0100;
071F : 0100;
0720 : 0100;
0721 : 0100;
0722 : 0100;
0723 : 0100;
0724 : 0100;
0725 : 0100;
0726 : 0100;
0727 : 0100;
0728 : 0100;
0729 : 0100;
072A : 0100;
072B : 0100;
072C : 0100;
072D : 0100;
072E : 0100;
072F : 0100;
0730 : 0100;
0731 : 0100;
0732 : 0100;
0733 : 0100;
0734 : 0100;
0735 : 0100;
0736 : 0100;
0737 : 0100;
0738 : 0100;
0739 : 0100;
073A : 0100;
073B : 0100;
073C : 0100;
073D : 0100;
073E : 0100;
073F : 0100;
0740 : 0100;
0741 : 0100;
0742 : 0100;
0743 : 0100;
0744 : 0100;
0745 : 0100;
0746 : 0100;
0747 : 0100;
0748 : 0100;
0749 : 0100;
074A : 0100;
074B : 0100;
074C : 0100;
074D : 0100;
074E : 0100;
074F : 0100;
0750 : 0100;
0751 : 0100;
0752 : 0100;
0753 : 0100;
0754 : 0100;
0755 : 0100;
0756 : 0100;
0757 : 0100;
0758 : 0100;
0759 : 0100;
075A : 0100;
075B : 0100;
075C : 0100;
075D : 0100;
075E : 0100;
075F : 0100;
0760 : 0100;
0761 : 0100;
0762 : 0100;
0763 : 0100;
0764 : 0100;
0765 : 0100;
0766 : 0100;
0767 : 0100;
0768 : 0100;
0769 : 0100;
076A : 0100;
076B : 0100;
076C : 0100;
076D : 0100;
076E : 0100;
076F : 0100;
0770 : 0100;
0771 : 0100;
0772 : 0100;
0773 : 0100;
0774 : 0100;
0775 : 0100;
0776 : 0100;
0777 : 0100;
0778 : 0100;
0779 : 0100;
077A : 0100;
077B : 0100;
077C : 0100;
077D : 0100;
077E : 0100;
077F : 0100;
0780 : 0100;
0781 : 0100;
0782 : 0100;
0783 : 0100;
0784 : 0100;
0785 : 0100;
0786 : 0100;
0787 : 0100;
0788 : 0100;
0789 : 0100;
078A : 0100;
078B : 0100;
078C : 0100;
078D : 0100;
078E : 0100;
078F : 0100;
0790 : 0100;
0791 : 0100;
0792 : 0100;
0793 : 0100;
0794 : 0100;
0795 : 0100;
0796 : 0100;
0797 : 0100;
0798 : 0100;
0799 : 0100;
079A : 0100;
079B : 0100;
079C : 0100;
079D : 0100;
079E : 0100;
079F : 0100;
07A0 : 0100;
07A1 : 0100;
07A2 : 0100;
07A3 : 0100;
07A4 : 0100;
07A5 : 0100;
07A6 : 0100;
07A7 : 0100;
07A8 : 0100;
07A9 : 0100;
07AA : 0100;
07AB : 0100;
07AC : 0100;
07AD : 0100;
07AE : 0100;
07AF : 0100;
07B0 : 0100;
07B1 : 0100;
07B2 : 0100;
07B3 : 0100;
07B4 : 0100;
07B5 : 0100;
07B6 : 0100;
07B7 : 0100;
07B8 : 0100;
07B9 : 0100;
07BA : 0100;
07BB : 0100;
07BC : 0100;
07BD : 0100;
07BE : 0100;
07BF : 0100;
07C0 : 0100;
07C1 : 0100;
07C2 : 0100;
07C3 : 0100;
07C4 : 0100;
07C5 : 0100;
07C6 : 0100;
07C7 : 0100;
07C8 : 0100;
07C9 : 0100;
07CA : 0100;
07CB : 0100;
07CC : 0100;
07CD : 0100;
07CE : 0100;
07CF : 0100;
07D0 : 0100;
07D1 : 0100;
07D2 : 0100;
07D3 : 0100;
07D4 : 0100;
07D5 : 0100;
07D6 : 0100;
07D7 : 0100;
07D8 : 0100;
07D9 : 0100;
07DA : 0100;
07DB : 0100;
07DC : 0100;
07DD : 0100;
07DE : 0100;
07DF : 0100;
07E0 : 0100;
07E1 : 0100;
07E2 : 0100;
07E3 : 0100;
07E4 : 0100;
07E5 : 0100;
07E6 : 0100;
07E7 : 0100;
07E8 : 0100;
07E9 : 0100;
07EA : 0100;
07EB : 0100;
07EC : 0100;
07ED : 0100;
07EE : 0100;
07EF : 0100;
07F0 : 0100;
07F1 : 0100;
07F2 : 0100;
07F3 : 0100;
07F4 : 0100;
07F5 : 0100;
07F6 : 0100;
07F7 : 0100;
07F8 : 0100;
07F9 : 0100;
07FA : 0100;
07FB : 0100;
07FC : 0100;
07FD : 0100;
07FE : 0100;
07FF : 0100;
0800 : 0100;
0801 : 0100;
0802 : 0100;
0803 : 0100;
0804 : 0100;
0805 : 0100;
0806 : 0100;
0807 : 0100;
0808 : 0100;
0809 : 0100;
080A : 0100;
080B : 0100;
080C : 0100;
080D : 0100;
080E : 0100;
080F : 0100;
0810 : 0100;
0811 : 0100;
0812 : 0100;
0813 : 0100;
0814 : 0100;
0815 : 0100;
0816 : 0100;
0817 : 0100;
0818 : 0100;
0819 : 0100;
081A : 0100;
081B : 0100;
081C : 0100;
081D : 0100;
081E : 0100;
081F : 0100;
0820 : 0100;
0821 : 0100;
0822 : 0100;
0823 : 0100;
0824 : 0100;
0825 : 0100;
0826 : 0100;
0827 : 0100;
0828 : 0100;
0829 : 0100;
082A : 0100;
082B : 0100;
082C : 0100;
082D : 0100;
082E : 0100;
082F : 0100;
0830 : 0100;
0831 : 0100;
0832 : 0100;
0833 : 0100;
0834 : 0100;
0835 : 0100;
0836 : 0100;
0837 : 0100;
0838 : 0100;
0839 : 0100;
083A : 0100;
083B : 0100;
083C : 0100;
083D : 0100;
083E : 0100;
083F : 0100;
0840 : 0100;
0841 : 0100;
0842 : 0100;
0843 : 0100;
0844 : 0100;
0845 : 0100;
0846 : 0100;
0847 : 0100;
0848 : 0100;
0849 : 0100;
084A : 0100;
084B : 0100;
084C : 0100;
084D : 0100;
084E : 0100;
084F : 0100;
0850 : 0100;
0851 : 0100;
0852 : 0100;
0853 : 0100;
0854 : 0100;
0855 : 0100;
0856 : 0100;
0857 : 0100;
0858 : 0100;
0859 : 0100;
085A : 0100;
085B : 0100;
085C : 0100;
085D : 0100;
085E : 0100;
085F : 0100;
0860 : 0100;
0861 : 0100;
0862 : 0100;
0863 : 0100;
0864 : 0100;
0865 : 0100;
0866 : 0100;
0867 : 0100;
0868 : 0100;
0869 : 0100;
086A : 0100;
086B : 0100;
086C : 0100;
086D : 0100;
086E : 0100;
086F : 0100;
0870 : 0100;
0871 : 0100;
0872 : 0100;
0873 : 0100;
0874 : 0100;
0875 : 0100;
0876 : 0100;
0877 : 0100;
0878 : 0100;
0879 : 0100;
087A : 0100;
087B : 0100;
087C : 0100;
087D : 0100;
087E : 0100;
087F : 0100;
0880 : 0100;
0881 : 0100;
0882 : 0100;
0883 : 0100;
0884 : 0100;
0885 : 0100;
0886 : 0100;
0887 : 0100;
0888 : 0100;
0889 : 0100;
088A : 0100;
088B : 0100;
088C : 0100;
088D : 0100;
088E : 0100;
088F : 0100;
0890 : 0100;
0891 : 0100;
0892 : 0100;
0893 : 0100;
0894 : 0100;
0895 : 0100;
0896 : 0100;
0897 : 0100;
0898 : 0100;
0899 : 0100;
089A : 0100;
089B : 0100;
089C : 0100;
089D : 0100;
089E : 0100;
089F : 0100;
08A0 : 0100;
08A1 : 0100;
08A2 : 0100;
08A3 : 0100;
08A4 : 0100;
08A5 : 0100;
08A6 : 0100;
08A7 : 0100;
08A8 : 0100;
08A9 : 0100;
08AA : 0100;
08AB : 0100;
08AC : 0100;
08AD : 0100;
08AE : 0100;
08AF : 0100;
08B0 : 0100;
08B1 : 0100;
08B2 : 0100;
08B3 : 0100;
08B4 : 0100;
08B5 : 0100;
08B6 : 0100;
08B7 : 0100;
08B8 : 0100;
08B9 : 0100;
08BA : 0100;
08BB : 0100;
08BC : 0100;
08BD : 0100;
08BE : 0100;
08BF : 0100;
08C0 : 0100;
08C1 : 0100;
08C2 : 0100;
08C3 : 0100;
08C4 : 0100;
08C5 : 0100;
08C6 : 0100;
08C7 : 0100;
08C8 : 0100;
08C9 : 0100;
08CA : 0100;
08CB : 0100;
08CC : 0100;
08CD : 0100;
08CE : 0100;
08CF : 0100;
08D0 : 0100;
08D1 : 0100;
08D2 : 0100;
08D3 : 0100;
08D4 : 0100;
08D5 : 0100;
08D6 : 0100;
08D7 : 0100;
08D8 : 0100;
08D9 : 0100;
08DA : 0100;
08DB : 0100;
08DC : 0100;
08DD : 0100;
08DE : 0100;
08DF : 0100;
08E0 : 0100;
08E1 : 0100;
08E2 : 0100;
08E3 : 0100;
08E4 : 0100;
08E5 : 0100;
08E6 : 0100;
08E7 : 0100;
08E8 : 0100;
08E9 : 0100;
08EA : 0100;
08EB : 0100;
08EC : 0100;
08ED : 0100;
08EE : 0100;
08EF : 0100;
08F0 : 0100;
08F1 : 0100;
08F2 : 0100;
08F3 : 0100;
08F4 : 0100;
08F5 : 0100;
08F6 : 0100;
08F7 : 0100;
08F8 : 0100;
08F9 : 0100;
08FA : 0100;
08FB : 0100;
08FC : 0100;
08FD : 0100;
08FE : 0100;
08FF : 0100;
0900 : 0100;
0901 : 0100;
0902 : 0100;
0903 : 0100;
0904 : 0100;
0905 : 0100;
0906 : 0100;
0907 : 0100;
0908 : 0100;
0909 : 0100;
090A : 0100;
090B : 0100;
090C : 0100;
090D : 0100;
090E : 0100;
090F : 0100;
0910 : 0100;
0911 : 0100;
0912 : 0100;
0913 : 0100;
0914 : 0100;
0915 : 0100;
0916 : 0100;
0917 : 0100;
0918 : 0100;
0919 : 0100;
091A : 0100;
091B : 0100;
091C : 0100;
091D : 0100;
091E : 0100;
091F : 0100;
0920 : 0100;
0921 : 0100;
0922 : 0100;
0923 : 0100;
0924 : 0100;
0925 : 0100;
0926 : 0100;
0927 : 0100;
0928 : 0100;
0929 : 0100;
092A : 0100;
092B : 0100;
092C : 0100;
092D : 0100;
092E : 0100;
092F : 0100;
0930 : 0100;
0931 : 0100;
0932 : 0100;
0933 : 0100;
0934 : 0100;
0935 : 0100;
0936 : 0100;
0937 : 0100;
0938 : 0100;
0939 : 0100;
093A : 0100;
093B : 0100;
093C : 0100;
093D : 0100;
093E : 0100;
093F : 0100;
0940 : 0100;
0941 : 0100;
0942 : 0100;
0943 : 0100;
0944 : 0100;
0945 : 0100;
0946 : 0100;
0947 : 0100;
0948 : 0100;
0949 : 0100;
094A : 0100;
094B : 0100;
094C : 0100;
094D : 0100;
094E : 0100;
094F : 0100;
0950 : 0100;
0951 : 0100;
0952 : 0100;
0953 : 0100;
0954 : 0100;
0955 : 0100;
0956 : 0100;
0957 : 0100;
0958 : 0100;
0959 : 0100;
095A : 0100;
095B : 0100;
095C : 0100;
095D : 0100;
095E : 0100;
095F : 0100;
0960 : 0100;
0961 : 0100;
0962 : 0100;
0963 : 0100;
0964 : 0100;
0965 : 0100;
0966 : 0100;
0967 : 0100;
0968 : 0100;
0969 : 0100;
096A : 0100;
096B : 0100;
096C : 0100;
096D : 0100;
096E : 0100;
096F : 0100;
0970 : 0100;
0971 : 0100;
0972 : 0100;
0973 : 0100;
0974 : 0100;
0975 : 0100;
0976 : 0100;
0977 : 0100;
0978 : 0100;
0979 : 0100;
097A : 0100;
097B : 0100;
097C : 0100;
097D : 0100;
097E : 0100;
097F : 0100;
0980 : 0100;
0981 : 0100;
0982 : 0100;
0983 : 0100;
0984 : 0100;
0985 : 0100;
0986 : 0100;
0987 : 0100;
0988 : 0100;
0989 : 0100;
098A : 0100;
098B : 0100;
098C : 0100;
098D : 0100;
098E : 0100;
098F : 0100;
0990 : 0100;
0991 : 0100;
0992 : 0100;
0993 : 0100;
0994 : 0100;
0995 : 0100;
0996 : 0100;
0997 : 0100;
0998 : 0100;
0999 : 0100;
099A : 0100;
099B : 0100;
099C : 0100;
099D : 0100;
099E : 0100;
099F : 0100;
09A0 : 0100;
09A1 : 0100;
09A2 : 0100;
09A3 : 0100;
09A4 : 0100;
09A5 : 0100;
09A6 : 0100;
09A7 : 0100;
09A8 : 0100;
09A9 : 0100;
09AA : 0100;
09AB : 0100;
09AC : 0100;
09AD : 0100;
09AE : 0100;
09AF : 0100;
09B0 : 0100;
09B1 : 0100;
09B2 : 0100;
09B3 : 0100;
09B4 : 0100;
09B5 : 0100;
09B6 : 0100;
09B7 : 0100;
09B8 : 0100;
09B9 : 0100;
09BA : 0100;
09BB : 0100;
09BC : 0100;
09BD : 0100;
09BE : 0100;
09BF : 0100;
09C0 : 0100;
09C1 : 0100;
09C2 : 0100;
09C3 : 0100;
09C4 : 0100;
09C5 : 0100;
09C6 : 0100;
09C7 : 0100;
09C8 : 0100;
09C9 : 0100;
09CA : 0100;
09CB : 0100;
09CC : 0100;
09CD : 0100;
09CE : 0100;
09CF : 0100;
09D0 : 0100;
09D1 : 0100;
09D2 : 0100;
09D3 : 0100;
09D4 : 0100;
09D5 : 0100;
09D6 : 0100;
09D7 : 0100;
09D8 : 0100;
09D9 : 0100;
09DA : 0100;
09DB : 0100;
09DC : 0100;
09DD : 0100;
09DE : 0100;
09DF : 0100;
09E0 : 0100;
09E1 : 0100;
09E2 : 0100;
09E3 : 0100;
09E4 : 0100;
09E5 : 0100;
09E6 : 0100;
09E7 : 0100;
09E8 : 0100;
09E9 : 0100;
09EA : 0100;
09EB : 0100;
09EC : 0100;
09ED : 0100;
09EE : 0100;
09EF : 0100;
09F0 : 0100;
09F1 : 0100;
09F2 : 0100;
09F3 : 0100;
09F4 : 0100;
09F5 : 0100;
09F6 : 0100;
09F7 : 0100;
09F8 : 0100;
09F9 : 0100;
09FA : 0100;
09FB : 0100;
09FC : 0100;
09FD : 0100;
09FE : 0100;
09FF : 0100;
0A00 : 0100;
0A01 : 0100;
0A02 : 0100;
0A03 : 0100;
0A04 : 0100;
0A05 : 0100;
0A06 : 0100;
0A07 : 0100;
0A08 : 0100;
0A09 : 0100;
0A0A : 0100;
0A0B : 0100;
0A0C : 0100;
0A0D : 0100;
0A0E : 0100;
0A0F : 0100;
0A10 : 0100;
0A11 : 0100;
0A12 : 0100;
0A13 : 0100;
0A14 : 0100;
0A15 : 0100;
0A16 : 0100;
0A17 : 0100;
0A18 : 0100;
0A19 : 0100;
0A1A : 0100;
0A1B : 0100;
0A1C : 0100;
0A1D : 0100;
0A1E : 0100;
0A1F : 0100;
0A20 : 0100;
0A21 : 0100;
0A22 : 0100;
0A23 : 0100;
0A24 : 0100;
0A25 : 0100;
0A26 : 0100;
0A27 : 0100;
0A28 : 0100;
0A29 : 0100;
0A2A : 0100;
0A2B : 0100;
0A2C : 0100;
0A2D : 0100;
0A2E : 0100;
0A2F : 0100;
0A30 : 0100;
0A31 : 0100;
0A32 : 0100;
0A33 : 0100;
0A34 : 0100;
0A35 : 0100;
0A36 : 0100;
0A37 : 0100;
0A38 : 0100;
0A39 : 0100;
0A3A : 0100;
0A3B : 0100;
0A3C : 0100;
0A3D : 0100;
0A3E : 0100;
0A3F : 0100;
0A40 : 0100;
0A41 : 0100;
0A42 : 0100;
0A43 : 0100;
0A44 : 0100;
0A45 : 0100;
0A46 : 0100;
0A47 : 0100;
0A48 : 0100;
0A49 : 0100;
0A4A : 0100;
0A4B : 0100;
0A4C : 0100;
0A4D : 0100;
0A4E : 0100;
0A4F : 0100;
0A50 : 0100;
0A51 : 0100;
0A52 : 0100;
0A53 : 0100;
0A54 : 0100;
0A55 : 0100;
0A56 : 0100;
0A57 : 0100;
0A58 : 0100;
0A59 : 0100;
0A5A : 0100;
0A5B : 0100;
0A5C : 0100;
0A5D : 0100;
0A5E : 0100;
0A5F : 0100;
0A60 : 0100;
0A61 : 0100;
0A62 : 0100;
0A63 : 0100;
0A64 : 0100;
0A65 : 0100;
0A66 : 0100;
0A67 : 0100;
0A68 : 0100;
0A69 : 0100;
0A6A : 0100;
0A6B : 0100;
0A6C : 0100;
0A6D : 0100;
0A6E : 0100;
0A6F : 0100;
0A70 : 0100;
0A71 : 0100;
0A72 : 0100;
0A73 : 0100;
0A74 : 0100;
0A75 : 0100;
0A76 : 0100;
0A77 : 0100;
0A78 : 0100;
0A79 : 0100;
0A7A : 0100;
0A7B : 0100;
0A7C : 0100;
0A7D : 0100;
0A7E : 0100;
0A7F : 0100;
0A80 : 0100;
0A81 : 0100;
0A82 : 0100;
0A83 : 0100;
0A84 : 0100;
0A85 : 0100;
0A86 : 0100;
0A87 : 0100;
0A88 : 0100;
0A89 : 0100;
0A8A : 0100;
0A8B : 0100;
0A8C : 0100;
0A8D : 0100;
0A8E : 0100;
0A8F : 0100;
0A90 : 0100;
0A91 : 0100;
0A92 : 0100;
0A93 : 0100;
0A94 : 0100;
0A95 : 0100;
0A96 : 0100;
0A97 : 0100;
0A98 : 0100;
0A99 : 0100;
0A9A : 0100;
0A9B : 0100;
0A9C : 0100;
0A9D : 0100;
0A9E : 0100;
0A9F : 0100;
0AA0 : 0100;
0AA1 : 0100;
0AA2 : 0100;
0AA3 : 0100;
0AA4 : 0100;
0AA5 : 0100;
0AA6 : 0100;
0AA7 : 0100;
0AA8 : 0100;
0AA9 : 0100;
0AAA : 0100;
0AAB : 0100;
0AAC : 0100;
0AAD : 0100;
0AAE : 0100;
0AAF : 0100;
0AB0 : 0100;
0AB1 : 0100;
0AB2 : 0100;
0AB3 : 0100;
0AB4 : 0100;
0AB5 : 0100;
0AB6 : 0100;
0AB7 : 0100;
0AB8 : 0100;
0AB9 : 0100;
0ABA : 0100;
0ABB : 0100;
0ABC : 0100;
0ABD : 0100;
0ABE : 0100;
0ABF : 0100;
0AC0 : 0100;
0AC1 : 0100;
0AC2 : 0100;
0AC3 : 0100;
0AC4 : 0100;
0AC5 : 0100;
0AC6 : 0100;
0AC7 : 0100;
0AC8 : 0100;
0AC9 : 0100;
0ACA : 0100;
0ACB : 0100;
0ACC : 0100;
0ACD : 0100;
0ACE : 0100;
0ACF : 0100;
0AD0 : 0100;
0AD1 : 0100;
0AD2 : 0100;
0AD3 : 0100;
0AD4 : 0100;
0AD5 : 0100;
0AD6 : 0100;
0AD7 : 0100;
0AD8 : 0100;
0AD9 : 0100;
0ADA : 0100;
0ADB : 0100;
0ADC : 0100;
0ADD : 0100;
0ADE : 0100;
0ADF : 0100;
0AE0 : 0100;
0AE1 : 0100;
0AE2 : 0100;
0AE3 : 0100;
0AE4 : 0100;
0AE5 : 0100;
0AE6 : 0100;
0AE7 : 0100;
0AE8 : 0100;
0AE9 : 0100;
0AEA : 0100;
0AEB : 0100;
0AEC : 0100;
0AED : 0100;
0AEE : 0100;
0AEF : 0100;
0AF0 : 0100;
0AF1 : 0100;
0AF2 : 0100;
0AF3 : 0100;
0AF4 : 0100;
0AF5 : 0100;
0AF6 : 0100;
0AF7 : 0100;
0AF8 : 0100;
0AF9 : 0100;
0AFA : 0100;
0AFB : 0100;
0AFC : 0100;
0AFD : 0100;
0AFE : 0100;
0AFF : 0100;
0B00 : 0100;
0B01 : 0100;
0B02 : 0100;
0B03 : 0100;
0B04 : 0100;
0B05 : 0100;
0B06 : 0100;
0B07 : 0100;
0B08 : 0100;
0B09 : 0100;
0B0A : 0100;
0B0B : 0100;
0B0C : 0100;
0B0D : 0100;
0B0E : 0100;
0B0F : 0100;
0B10 : 0100;
0B11 : 0100;
0B12 : 0100;
0B13 : 0100;
0B14 : 0100;
0B15 : 0100;
0B16 : 0100;
0B17 : 0100;
0B18 : 0100;
0B19 : 0100;
0B1A : 0100;
0B1B : 0100;
0B1C : 0100;
0B1D : 0100;
0B1E : 0100;
0B1F : 0100;
0B20 : 0100;
0B21 : 0100;
0B22 : 0100;
0B23 : 0100;
0B24 : 0100;
0B25 : 0100;
0B26 : 0100;
0B27 : 0100;
0B28 : 0100;
0B29 : 0100;
0B2A : 0100;
0B2B : 0100;
0B2C : 0100;
0B2D : 0100;
0B2E : 0100;
0B2F : 0100;
0B30 : 0100;
0B31 : 0100;
0B32 : 0100;
0B33 : 0100;
0B34 : 0100;
0B35 : 0100;
0B36 : 0100;
0B37 : 0100;
0B38 : 0100;
0B39 : 0100;
0B3A : 0100;
0B3B : 0100;
0B3C : 0100;
0B3D : 0100;
0B3E : 0100;
0B3F : 0100;
0B40 : 0100;
0B41 : 0100;
0B42 : 0100;
0B43 : 0100;
0B44 : 0100;
0B45 : 0100;
0B46 : 0100;
0B47 : 0100;
0B48 : 0100;
0B49 : 0100;
0B4A : 0100;
0B4B : 0100;
0B4C : 0100;
0B4D : 0100;
0B4E : 0100;
0B4F : 0100;
0B50 : 0100;
0B51 : 0100;
0B52 : 0100;
0B53 : 0100;
0B54 : 0100;
0B55 : 0100;
0B56 : 0100;
0B57 : 0100;
0B58 : 0100;
0B59 : 0100;
0B5A : 0100;
0B5B : 0100;
0B5C : 0100;
0B5D : 0100;
0B5E : 0100;
0B5F : 0100;
0B60 : 0100;
0B61 : 0100;
0B62 : 0100;
0B63 : 0100;
0B64 : 0100;
0B65 : 0100;
0B66 : 0100;
0B67 : 0100;
0B68 : 0100;
0B69 : 0100;
0B6A : 0100;
0B6B : 0100;
0B6C : 0100;
0B6D : 0100;
0B6E : 0100;
0B6F : 0100;
0B70 : 0100;
0B71 : 0100;
0B72 : 0100;
0B73 : 0100;
0B74 : 0100;
0B75 : 0100;
0B76 : 0100;
0B77 : 0100;
0B78 : 0100;
0B79 : 0100;
0B7A : 0100;
0B7B : 0100;
0B7C : 0100;
0B7D : 0100;
0B7E : 0100;
0B7F : 0100;
0B80 : 0100;
0B81 : 0100;
0B82 : 0100;
0B83 : 0100;
0B84 : 0100;
0B85 : 0100;
0B86 : 0100;
0B87 : 0100;
0B88 : 0100;
0B89 : 0100;
0B8A : 0100;
0B8B : 0100;
0B8C : 0100;
0B8D : 0100;
0B8E : 0100;
0B8F : 0100;
0B90 : 0100;
0B91 : 0100;
0B92 : 0100;
0B93 : 0100;
0B94 : 0100;
0B95 : 0100;
0B96 : 0100;
0B97 : 0100;
0B98 : 0100;
0B99 : 0100;
0B9A : 0100;
0B9B : 0100;
0B9C : 0100;
0B9D : 0100;
0B9E : 0100;
0B9F : 0100;
0BA0 : 0100;
0BA1 : 0100;
0BA2 : 0100;
0BA3 : 0100;
0BA4 : 0100;
0BA5 : 0100;
0BA6 : 0100;
0BA7 : 0100;
0BA8 : 0100;
0BA9 : 0100;
0BAA : 0100;
0BAB : 0100;
0BAC : 0100;
0BAD : 0100;
0BAE : 0100;
0BAF : 0100;
0BB0 : 0100;
0BB1 : 0100;
0BB2 : 0100;
0BB3 : 0100;
0BB4 : 0100;
0BB5 : 0100;
0BB6 : 0100;
0BB7 : 0100;
0BB8 : 0100;
0BB9 : 0100;
0BBA : 0100;
0BBB : 0100;
0BBC : 0100;
0BBD : 0100;
0BBE : 0100;
0BBF : 0100;
0BC0 : 0100;
0BC1 : 0100;
0BC2 : 0100;
0BC3 : 0100;
0BC4 : 0100;
0BC5 : 0100;
0BC6 : 0100;
0BC7 : 0100;
0BC8 : 0100;
0BC9 : 0100;
0BCA : 0100;
0BCB : 0100;
0BCC : 0100;
0BCD : 0100;
0BCE : 0100;
0BCF : 0100;
0BD0 : 0100;
0BD1 : 0100;
0BD2 : 0100;
0BD3 : 0100;
0BD4 : 0100;
0BD5 : 0100;
0BD6 : 0100;
0BD7 : 0100;
0BD8 : 0100;
0BD9 : 0100;
0BDA : 0100;
0BDB : 0100;
0BDC : 0100;
0BDD : 0100;
0BDE : 0100;
0BDF : 0100;
0BE0 : 0100;
0BE1 : 0100;
0BE2 : 0100;
0BE3 : 0100;
0BE4 : 0100;
0BE5 : 0100;
0BE6 : 0100;
0BE7 : 0100;
0BE8 : 0100;
0BE9 : 0100;
0BEA : 0100;
0BEB : 0100;
0BEC : 0100;
0BED : 0100;
0BEE : 0100;
0BEF : 0100;
0BF0 : 0100;
0BF1 : 0100;
0BF2 : 0100;
0BF3 : 0100;
0BF4 : 0100;
0BF5 : 0100;
0BF6 : 0100;
0BF7 : 0100;
0BF8 : 0100;
0BF9 : 0100;
0BFA : 0100;
0BFB : 0100;
0BFC : 0100;
0BFD : 0100;
0BFE : 0100;
0BFF : 0100;
0C00 : 0100;
0C01 : 0100;
0C02 : 0100;
0C03 : 0100;
0C04 : 0100;
0C05 : 0100;
0C06 : 0100;
0C07 : 0100;
0C08 : 0100;
0C09 : 0100;
0C0A : 0100;
0C0B : 0100;
0C0C : 0100;
0C0D : 0100;
0C0E : 0100;
0C0F : 0100;
0C10 : 0100;
0C11 : 0100;
0C12 : 0100;
0C13 : 0100;
0C14 : 0100;
0C15 : 0100;
0C16 : 0100;
0C17 : 0100;
0C18 : 0100;
0C19 : 0100;
0C1A : 0100;
0C1B : 0100;
0C1C : 0100;
0C1D : 0100;
0C1E : 0100;
0C1F : 0100;
0C20 : 0100;
0C21 : 0100;
0C22 : 0100;
0C23 : 0100;
0C24 : 0100;
0C25 : 0100;
0C26 : 0100;
0C27 : 0100;
0C28 : 0100;
0C29 : 0100;
0C2A : 0100;
0C2B : 0100;
0C2C : 0100;
0C2D : 0100;
0C2E : 0100;
0C2F : 0100;
0C30 : 0100;
0C31 : 0100;
0C32 : 0100;
0C33 : 0100;
0C34 : 0100;
0C35 : 0100;
0C36 : 0100;
0C37 : 0100;
0C38 : 0100;
0C39 : 0100;
0C3A : 0100;
0C3B : 0100;
0C3C : 0100;
0C3D : 0100;
0C3E : 0100;
0C3F : 0100;
0C40 : 0100;
0C41 : 0100;
0C42 : 0100;
0C43 : 0100;
0C44 : 0100;
0C45 : 0100;
0C46 : 0100;
0C47 : 0100;
0C48 : 0100;
0C49 : 0100;
0C4A : 0100;
0C4B : 0100;
0C4C : 0100;
0C4D : 0100;
0C4E : 0100;
0C4F : 0100;
0C50 : 0100;
0C51 : 0100;
0C52 : 0100;
0C53 : 0100;
0C54 : 0100;
0C55 : 0100;
0C56 : 0100;
0C57 : 0100;
0C58 : 0100;
0C59 : 0100;
0C5A : 0100;
0C5B : 0100;
0C5C : 0100;
0C5D : 0100;
0C5E : 0100;
0C5F : 0100;
0C60 : 0100;
0C61 : 0100;
0C62 : 0100;
0C63 : 0100;
0C64 : 0100;
0C65 : 0100;
0C66 : 0100;
0C67 : 0100;
0C68 : 0100;
0C69 : 0100;
0C6A : 0100;
0C6B : 0100;
0C6C : 0100;
0C6D : 0100;
0C6E : 0100;
0C6F : 0100;
0C70 : 0100;
0C71 : 0100;
0C72 : 0100;
0C73 : 0100;
0C74 : 0100;
0C75 : 0100;
0C76 : 0100;
0C77 : 0100;
0C78 : 0100;
0C79 : 0100;
0C7A : 0100;
0C7B : 0100;
0C7C : 0100;
0C7D : 0100;
0C7E : 0100;
0C7F : 0100;
0C80 : 0100;
0C81 : 0100;
0C82 : 0201;
0C83 : 0403;
0C84 : 0605;
0C85 : 0807;
0C86 : 0a09;
0C87 : 0c0b;
0C88 : 0019;
0C89 : 0100;
0C8A : 0100;
0C8B : 0100;
0C8C : 0100;
0C8D : 0100;
0C8E : 0100;
0C8F : 0100;
0C90 : 0100;
0C91 : 0100;
0C92 : 0e0d;
0C93 : 100f;
0C94 : 1211;
0C95 : 1413;
0C96 : 1615;
0C97 : 1817;
0C98 : 0100;
0C99 : 0100;
0C9A : 0100;
0C9B : 0100;
0C9C : 0100;
0C9D : 0100;
0C9E : 0100;
0C9F : 0100;
0CA0 : 0100;
0CA1 : 0100;
0CA2 : 0100;
0CA3 : 0100;
0CA4 : 0100;
0CA5 : 0100;
0CA6 : 0100;
0CA7 : 0100;
0CA8 : 0100;
0CA9 : 0100;
0CAA : 0100;
0CAB : 0100;
0CAC : 0100;
0CAD : 0100;
0CAE : 0100;
0CAF : 0100;
0CB0 : 0100;
0CB1 : 0100;
0CB2 : 0100;
0CB3 : 0100;
0CB4 : 0100;
0CB5 : 0100;
0CB6 : 0100;
0CB7 : 0100;
0CB8 : 0100;
0CB9 : 0100;
0CBA : 0100;
0CBB : 0100;
0CBC : 0100;
0CBD : 0100;
0CBE : 0100;
0CBF : 0100;
0CC0 : 0100;
0CC1 : 0100;
0CC2 : 0100;
0CC3 : 0100;
0CC4 : 0100;
0CC5 : 0100;
0CC6 : 0100;
0CC7 : 0100;
0CC8 : 0100;
0CC9 : 0100;
0CCA : 0100;
0CCB : 0100;
0CCC : 0100;
0CCD : 0100;
0CCE : 0100;
0CCF : 0100;
0CD0 : 0100;
0CD1 : 0100;
0CD2 : 0100;
0CD3 : 0100;
0CD4 : 0100;
0CD5 : 0100;
0CD6 : 0100;
0CD7 : 0100;
0CD8 : 0100;
0CD9 : 0100;
0CDA : 0100;
0CDB : 0100;
0CDC : 0100;
0CDD : 0100;
0CDE : 0100;
0CDF : 0100;
0CE0 : 0100;
0CE1 : 0100;
0CE2 : 0100;
0CE3 : 0100;
0CE4 : 0100;
0CE5 : 0100;
0CE6 : 0100;
0CE7 : 0100;
0CE8 : 0100;
0CE9 : 0100;
0CEA : 0100;
0CEB : 0100;
0CEC : 0100;
0CED : 0100;
0CEE : 0100;
0CEF : 0100;
0CF0 : 0100;
0CF1 : 0100;
0CF2 : 0100;
0CF3 : 0100;
0CF4 : 0100;
0CF5 : 0100;
0CF6 : 0100;
0CF7 : 0100;
0CF8 : 0100;
0CF9 : 0100;
0CFA : 0100;
0CFB : 0100;
0CFC : 0100;
0CFD : 0100;
0CFE : 0100;
0CFF : 0100;
0D00 : 0100;
0D01 : 0100;
0D02 : 0100;
0D03 : 0100;
0D04 : 0100;
0D05 : 0100;
0D06 : 0100;
0D07 : 0100;
0D08 : 0100;
0D09 : 0100;
0D0A : 0100;
0D0B : 0100;
0D0C : 0100;
0D0D : 0100;
0D0E : 0100;
0D0F : 0100;
0D10 : 0100;
0D11 : 0100;
0D12 : 0100;
0D13 : 0100;
0D14 : 0100;
0D15 : 0100;
0D16 : 0100;
0D17 : 0100;
0D18 : 0100;
0D19 : 0100;
0D1A : 0100;
0D1B : 0100;
0D1C : 0100;
0D1D : 0100;
0D1E : 0100;
0D1F : 0100;
0D20 : 0100;
0D21 : 0100;
0D22 : 0100;
0D23 : 0100;
0D24 : 0100;
0D25 : 0100;
0D26 : 0100;
0D27 : 0100;
0D28 : 0100;
0D29 : 0100;
0D2A : 0100;
0D2B : 0100;
0D2C : 0100;
0D2D : 0100;
0D2E : 0100;
0D2F : 0100;
0D30 : 0100;
0D31 : 0100;
0D32 : 0100;
0D33 : 0100;
0D34 : 0100;
0D35 : 0100;
0D36 : 0100;
0D37 : 0100;
0D38 : 0100;
0D39 : 0100;
0D3A : 0100;
0D3B : 0100;
0D3C : 0100;
0D3D : 0100;
0D3E : 0100;
0D3F : 0100;
0D40 : 0100;
0D41 : 0100;
0D42 : 0100;
0D43 : 0100;
0D44 : 0100;
0D45 : 0100;
0D46 : 0100;
0D47 : 0100;
0D48 : 0100;
0D49 : 0100;
0D4A : 0100;
0D4B : 0100;
0D4C : 0100;
0D4D : 0100;
0D4E : 0100;
0D4F : 0100;
0D50 : 0100;
0D51 : 0100;
0D52 : 0100;
0D53 : 0100;
0D54 : 0100;
0D55 : 0100;
0D56 : 0100;
0D57 : 0100;
0D58 : 0100;
0D59 : 0100;
0D5A : 0100;
0D5B : 0100;
0D5C : 0100;
0D5D : 0100;
0D5E : 0100;
0D5F : 0100;
0D60 : 0100;
0D61 : 0100;
0D62 : 0100;
0D63 : 0100;
0D64 : 0100;
0D65 : 0100;
0D66 : 0100;
0D67 : 0100;
0D68 : 0100;
0D69 : 0100;
0D6A : 0100;
0D6B : 0100;
0D6C : 0100;
0D6D : 0100;
0D6E : 0100;
0D6F : 0100;
0D70 : 0100;
0D71 : 0100;
0D72 : 0100;
0D73 : 0100;
0D74 : 0100;
0D75 : 0100;
0D76 : 0100;
0D77 : 0100;
0D78 : 0100;
0D79 : 0100;
0D7A : 0100;
0D7B : 0100;
0D7C : 0100;
0D7D : 0100;
0D7E : 0100;
0D7F : 0100;
0D80 : 0100;
0D81 : 0100;
0D82 : 0100;
0D83 : 0100;
0D84 : 0100;
0D85 : 0100;
0D86 : 0100;
0D87 : 0100;
0D88 : 0100;
0D89 : 0100;
0D8A : 0100;
0D8B : 0100;
0D8C : 0100;
0D8D : 0100;
0D8E : 0100;
0D8F : 0100;
0D90 : 0100;
0D91 : 0100;
0D92 : 0100;
0D93 : 0100;
0D94 : 0100;
0D95 : 0100;
0D96 : 0100;
0D97 : 0100;
0D98 : 0100;
0D99 : 0100;
0D9A : 0100;
0D9B : 0100;
0D9C : 0100;
0D9D : 0100;
0D9E : 0100;
0D9F : 0100;
0DA0 : 0100;
0DA1 : 0100;
0DA2 : 0100;
0DA3 : 0100;
0DA4 : 0100;
0DA5 : 0100;
0DA6 : 0100;
0DA7 : 0100;
0DA8 : 0100;
0DA9 : 0100;
0DAA : 0100;
0DAB : 0100;
0DAC : 0100;
0DAD : 0100;
0DAE : 0100;
0DAF : 0100;
0DB0 : 0100;
0DB1 : 0100;
0DB2 : 0100;
0DB3 : 0100;
0DB4 : 0100;
0DB5 : 0100;
0DB6 : 0100;
0DB7 : 0100;
0DB8 : 0100;
0DB9 : 0100;
0DBA : 0100;
0DBB : 0100;
0DBC : 0100;
0DBD : 0100;
0DBE : 0100;
0DBF : 0100;
0DC0 : 0100;
0DC1 : 0100;
0DC2 : 0100;
0DC3 : 0100;
0DC4 : 0100;
0DC5 : 0100;
0DC6 : 0100;
0DC7 : 0100;
0DC8 : 0100;
0DC9 : 0100;
0DCA : 0100;
0DCB : 0100;
0DCC : 0100;
0DCD : 0100;
0DCE : 0100;
0DCF : 0100;
0DD0 : 0100;
0DD1 : 0100;
0DD2 : 0100;
0DD3 : 0100;
0DD4 : 0100;
0DD5 : 0100;
0DD6 : 0100;
0DD7 : 0100;
0DD8 : 0100;
0DD9 : 0100;
0DDA : 0100;
0DDB : 0100;
0DDC : 0100;
0DDD : 0100;
0DDE : 0100;
0DDF : 0100;
0DE0 : 0100;
0DE1 : 0100;
0DE2 : 0100;
0DE3 : 0100;
0DE4 : 0100;
0DE5 : 0100;
0DE6 : 0100;
0DE7 : 0100;
0DE8 : 0100;
0DE9 : 0100;
0DEA : 0100;
0DEB : 0100;
0DEC : 0100;
0DED : 0100;
0DEE : 0100;
0DEF : 0100;
0DF0 : 0100;
0DF1 : 0100;
0DF2 : 0100;
0DF3 : 0100;
0DF4 : 0100;
0DF5 : 0100;
0DF6 : 0100;
0DF7 : 0100;
0DF8 : 0100;
0DF9 : 0100;
0DFA : 0100;
0DFB : 0100;
0DFC : 0100;
0DFD : 0100;
0DFE : 0100;
0DFF : 0100;
0E00 : 0100;
0E01 : 0100;
0E02 : 0100;
0E03 : 0100;
0E04 : 0100;
0E05 : 0100;
0E06 : 0100;
0E07 : 0100;
0E08 : 0100;
0E09 : 0100;
0E0A : 0100;
0E0B : 0100;
0E0C : 0100;
0E0D : 0100;
0E0E : 0100;
0E0F : 0100;
0E10 : 0100;
0E11 : 0100;
0E12 : 0100;
0E13 : 0100;
0E14 : 0100;
0E15 : 0100;
0E16 : 0100;
0E17 : 0100;
0E18 : 0100;
0E19 : 0100;
0E1A : 0100;
0E1B : 0100;
0E1C : 0100;
0E1D : 0100;
0E1E : 0100;
0E1F : 0100;
0E20 : 0100;
0E21 : 0100;
0E22 : 0100;
0E23 : 0100;
0E24 : 0100;
0E25 : 0100;
0E26 : 0100;
0E27 : 0100;
0E28 : 0100;
0E29 : 0100;
0E2A : 0100;
0E2B : 0100;
0E2C : 0100;
0E2D : 0100;
0E2E : 0100;
0E2F : 0100;
0E30 : 0100;
0E31 : 0100;
0E32 : 0100;
0E33 : 0100;
0E34 : 0100;
0E35 : 0100;
0E36 : 0100;
0E37 : 0100;
0E38 : 0100;
0E39 : 0100;
0E3A : 0100;
0E3B : 0100;
0E3C : 0100;
0E3D : 0100;
0E3E : 0100;
0E3F : 0100;
0E40 : 0100;
0E41 : 0100;
0E42 : 0100;
0E43 : 0100;
0E44 : 0100;
0E45 : 0100;
0E46 : 0100;
0E47 : 0100;
0E48 : 0100;
0E49 : 0100;
0E4A : 0100;
0E4B : 0100;
0E4C : 0100;
0E4D : 0100;
0E4E : 0100;
0E4F : 0100;
0E50 : 0100;
0E51 : 0100;
0E52 : 0100;
0E53 : 0100;
0E54 : 0100;
0E55 : 0100;
0E56 : 0100;
0E57 : 0100;
0E58 : 0100;
0E59 : 0100;
0E5A : 0100;
0E5B : 0100;
0E5C : 0100;
0E5D : 0100;
0E5E : 0100;
0E5F : 0100;
0E60 : 0100;
0E61 : 0100;
0E62 : 0100;
0E63 : 0100;
0E64 : 0100;
0E65 : 0100;
0E66 : 0100;
0E67 : 0100;
0E68 : 0100;
0E69 : 0100;
0E6A : 0100;
0E6B : 0100;
0E6C : 0100;
0E6D : 0100;
0E6E : 0100;
0E6F : 0100;
0E70 : 0100;
0E71 : 0100;
0E72 : 0100;
0E73 : 0100;
0E74 : 0100;
0E75 : 0100;
0E76 : 0100;
0E77 : 0100;
0E78 : 0100;
0E79 : 0100;
0E7A : 0100;
0E7B : 0100;
0E7C : 0100;
0E7D : 0100;
0E7E : 0100;
0E7F : 0100;
0E80 : 0100;
0E81 : 0100;
0E82 : 0100;
0E83 : 0100;
0E84 : 0100;
0E85 : 0100;
0E86 : 0100;
0E87 : 0100;
0E88 : 0100;
0E89 : 0100;
0E8A : 0100;
0E8B : 0100;
0E8C : 0100;
0E8D : 0100;
0E8E : 0100;
0E8F : 0100;
0E90 : 0100;
0E91 : 0100;
0E92 : 0100;
0E93 : 0100;
0E94 : 0100;
0E95 : 0100;
0E96 : 0100;
0E97 : 0100;
0E98 : 0100;
0E99 : 0100;
0E9A : 0100;
0E9B : 0100;
0E9C : 0100;
0E9D : 0100;
0E9E : 0100;
0E9F : 0100;
0EA0 : 0100;
0EA1 : 0100;
0EA2 : 0100;
0EA3 : 0100;
0EA4 : 0100;
0EA5 : 0100;
0EA6 : 0100;
0EA7 : 0100;
0EA8 : 0100;
0EA9 : 0100;
0EAA : 0100;
0EAB : 0100;
0EAC : 0100;
0EAD : 0100;
0EAE : 0100;
0EAF : 0100;
0EB0 : 0100;
0EB1 : 0100;
0EB2 : 0100;
0EB3 : 0100;
0EB4 : 0100;
0EB5 : 0100;
0EB6 : 0100;
0EB7 : 0100;
0EB8 : 0100;
0EB9 : 0100;
0EBA : 0100;
0EBB : 0100;
0EBC : 0100;
0EBD : 0100;
0EBE : 0100;
0EBF : 0100;
0EC0 : 0100;
0EC1 : 0100;
0EC2 : 0100;
0EC3 : 0100;
0EC4 : 0100;
0EC5 : 0100;
0EC6 : 0100;
0EC7 : 0100;
0EC8 : 0100;
0EC9 : 0100;
0ECA : 0100;
0ECB : 0100;
0ECC : 0100;
0ECD : 0100;
0ECE : 0100;
0ECF : 0100;
0ED0 : 0100;
0ED1 : 0100;
0ED2 : 0100;
0ED3 : 0100;
0ED4 : 0100;
0ED5 : 0100;
0ED6 : 0100;
0ED7 : 0100;
0ED8 : 0100;
0ED9 : 0100;
0EDA : 0100;
0EDB : 0100;
0EDC : 0100;
0EDD : 0100;
0EDE : 0100;
0EDF : 0100;
0EE0 : 0100;
0EE1 : 0100;
0EE2 : 0100;
0EE3 : 0100;
0EE4 : 0100;
0EE5 : 0100;
0EE6 : 0100;
0EE7 : 0100;
0EE8 : 0100;
0EE9 : 0100;
0EEA : 0100;
0EEB : 0100;
0EEC : 0100;
0EED : 0100;
0EEE : 0100;
0EEF : 0100;
0EF0 : 0100;
0EF1 : 0100;
0EF2 : 0100;
0EF3 : 0100;
0EF4 : 0100;
0EF5 : 0100;
0EF6 : 0100;
0EF7 : 0100;
0EF8 : 0100;
0EF9 : 0100;
0EFA : 0100;
0EFB : 0100;
0EFC : 0100;
0EFD : 0100;
0EFE : 0100;
0EFF : 0100;
0F00 : 0100;
0F01 : 0100;
0F02 : 0100;
0F03 : 0100;
0F04 : 0100;
0F05 : 0100;
0F06 : 0100;
0F07 : 0100;
0F08 : 0100;
0F09 : 0100;
0F0A : 0100;
0F0B : 0100;
0F0C : 0100;
0F0D : 0100;
0F0E : 0100;
0F0F : 0100;
0F10 : 0100;
0F11 : 0100;
0F12 : 0100;
0F13 : 0100;
0F14 : 0100;
0F15 : 0100;
0F16 : 0100;
0F17 : 0100;
0F18 : 0100;
0F19 : 0100;
0F1A : 0100;
0F1B : 0100;
0F1C : 0100;
0F1D : 0100;
0F1E : 0100;
0F1F : 0100;
0F20 : 0100;
0F21 : 0100;
0F22 : 0100;
0F23 : 0100;
0F24 : 0100;
0F25 : 0100;
0F26 : 0100;
0F27 : 0100;
0F28 : 0100;
0F29 : 0100;
0F2A : 0100;
0F2B : 0100;
0F2C : 0100;
0F2D : 0100;
0F2E : 0100;
0F2F : 0100;
0F30 : 0100;
0F31 : 0100;
0F32 : 0100;
0F33 : 0100;
0F34 : 0100;
0F35 : 0100;
0F36 : 0100;
0F37 : 0100;
0F38 : 0100;
0F39 : 0100;
0F3A : 0100;
0F3B : 0100;
0F3C : 0100;
0F3D : 0100;
0F3E : 0100;
0F3F : 0100;
0F40 : 0100;
0F41 : 0100;
0F42 : 0100;
0F43 : 0100;
0F44 : 0100;
0F45 : 0100;
0F46 : 0100;
0F47 : 0100;
0F48 : 0100;
0F49 : 0100;
0F4A : 0100;
0F4B : 0100;
0F4C : 0100;
0F4D : 0100;
0F4E : 0100;
0F4F : 0100;
0F50 : 0100;
0F51 : 0100;
0F52 : 0100;
0F53 : 0100;
0F54 : 0100;
0F55 : 0100;
0F56 : 0100;
0F57 : 0100;
0F58 : 0100;
0F59 : 0100;
0F5A : 0100;
0F5B : 0100;
0F5C : 0100;
0F5D : 0100;
0F5E : 0100;
0F5F : 0100;
0F60 : 0100;
0F61 : 0100;
0F62 : 0100;
0F63 : 0100;
0F64 : 0100;
0F65 : 0100;
0F66 : 0100;
0F67 : 0100;
0F68 : 0100;
0F69 : 0100;
0F6A : 0100;
0F6B : 0100;
0F6C : 0100;
0F6D : 0100;
0F6E : 0100;
0F6F : 0100;
0F70 : 0100;
0F71 : 0100;
0F72 : 0100;
0F73 : 0100;
0F74 : 0100;
0F75 : 0100;
0F76 : 0100;
0F77 : 0100;
0F78 : 0100;
0F79 : 0100;
0F7A : 0100;
0F7B : 0100;
0F7C : 0100;
0F7D : 0100;
0F7E : 0100;
0F7F : 0100;
0F80 : 0100;
0F81 : 0100;
0F82 : 0100;
0F83 : 0100;
0F84 : 0100;
0F85 : 0100;
0F86 : 0100;
0F87 : 0100;
0F88 : 0100;
0F89 : 0100;
0F8A : 0100;
0F8B : 0100;
0F8C : 0100;
0F8D : 0100;
0F8E : 0100;
0F8F : 0100;
0F90 : 0100;
0F91 : 0100;
0F92 : 0100;
0F93 : 0100;
0F94 : 0100;
0F95 : 0100;
0F96 : 0100;
0F97 : 0100;
0F98 : 0100;
0F99 : 0100;
0F9A : 0100;
0F9B : 0100;
0F9C : 0100;
0F9D : 0100;
0F9E : 0100;
0F9F : 0100;
0FA0 : 0100;
0FA1 : 0100;
0FA2 : 0100;
0FA3 : 0100;
0FA4 : 0100;
0FA5 : 0100;
0FA6 : 0100;
0FA7 : 0100;
0FA8 : 0100;
0FA9 : 0100;
0FAA : 0100;
0FAB : 0100;
0FAC : 0100;
0FAD : 0100;
0FAE : 0100;
0FAF : 0100;
0FB0 : 0100;
0FB1 : 0100;
0FB2 : 0100;
0FB3 : 0100;
0FB4 : 0100;
0FB5 : 0100;
0FB6 : 0100;
0FB7 : 0100;
0FB8 : 0100;
0FB9 : 0100;
0FBA : 0100;
0FBB : 0100;
0FBC : 0100;
0FBD : 0100;
0FBE : 0100;
0FBF : 0100;
0FC0 : 0100;
0FC1 : 0100;
0FC2 : 0100;
0FC3 : 0100;
0FC4 : 0100;
0FC5 : 0100;
0FC6 : 0100;
0FC7 : 0100;
0FC8 : 0100;
0FC9 : 0100;
0FCA : 0100;
0FCB : 0100;
0FCC : 0100;
0FCD : 0100;
0FCE : 0100;
0FCF : 0100;
0FD0 : 0100;
0FD1 : 0100;
0FD2 : 0100;
0FD3 : 0100;
0FD4 : 0100;
0FD5 : 0100;
0FD6 : 0100;
0FD7 : 0100;
0FD8 : 0100;
0FD9 : 0100;
0FDA : 0100;
0FDB : 0100;
0FDC : 0100;
0FDD : 0100;
0FDE : 0100;
0FDF : 0100;
0FE0 : 0100;
0FE1 : 0100;
0FE2 : 0100;
0FE3 : 0100;
0FE4 : 0100;
0FE5 : 0100;
0FE6 : 0100;
0FE7 : 0100;
0FE8 : 0100;
0FE9 : 0100;
0FEA : 0100;
0FEB : 0100;
0FEC : 0100;
0FED : 0100;
0FEE : 0100;
0FEF : 0100;
0FF0 : 0100;
0FF1 : 0100;
0FF2 : 0100;
0FF3 : 0100;
0FF4 : 0100;
0FF5 : 0100;
0FF6 : 0100;
0FF7 : 0100;
0FF8 : 0100;
0FF9 : 0100;
0FFA : 0100;
0FFB : 0100;
0FFC : 0100;
0FFD : 0100;
0FFE : 0100;
0FFF : 0100;
1000 : 0100;
1001 : 0100;
1002 : 0100;
1003 : 0100;
1004 : 0100;
1005 : 0100;
1006 : 0100;
1007 : 0100;
1008 : 0100;
1009 : 0100;
100A : 0100;
100B : 0100;
100C : 0100;
100D : 0100;
100E : 0100;
100F : 0100;
1010 : 0100;
1011 : 0100;
1012 : 0100;
1013 : 0100;
1014 : 0100;
1015 : 0100;
1016 : 0100;
1017 : 0100;
1018 : 0100;
1019 : 0100;
101A : 0100;
101B : 0100;
101C : 0100;
101D : 0100;
101E : 0100;
101F : 0100;
1020 : 0100;
1021 : 0100;
1022 : 0100;
1023 : 0100;
1024 : 0100;
1025 : 0100;
1026 : 0100;
1027 : 0100;
1028 : 0100;
1029 : 0100;
102A : 0100;
102B : 0100;
102C : 0100;
102D : 0100;
102E : 0100;
102F : 0100;
1030 : 0100;
1031 : 0100;
1032 : 0100;
1033 : 0100;
1034 : 0100;
1035 : 0100;
1036 : 0100;
1037 : 0100;
1038 : 0100;
1039 : 0100;
103A : 0100;
103B : 0100;
103C : 0100;
103D : 0100;
103E : 0100;
103F : 0100;
1040 : 0100;
1041 : 0100;
1042 : 0100;
1043 : 0100;
1044 : 0100;
1045 : 0100;
1046 : 0100;
1047 : 0100;
1048 : 0100;
1049 : 0100;
104A : 0100;
104B : 0100;
104C : 0100;
104D : 0100;
104E : 0100;
104F : 0100;
1050 : 0100;
1051 : 0100;
1052 : 0100;
1053 : 0100;
1054 : 0100;
1055 : 0100;
1056 : 0100;
1057 : 0100;
1058 : 0100;
1059 : 0100;
105A : 0100;
105B : 0100;
105C : 0100;
105D : 0100;
105E : 0100;
105F : 0100;
1060 : 0100;
1061 : 0100;
1062 : 0100;
1063 : 0100;
1064 : 0100;
1065 : 0100;
1066 : 0100;
1067 : 0100;
1068 : 0100;
1069 : 0100;
106A : 0100;
106B : 0100;
106C : 0100;
106D : 0100;
106E : 0100;
106F : 0100;
1070 : 0100;
1071 : 0100;
1072 : 0100;
1073 : 0100;
1074 : 0100;
1075 : 0100;
1076 : 0100;
1077 : 0100;
1078 : 0100;
1079 : 0100;
107A : 0100;
107B : 0100;
107C : 0100;
107D : 0100;
107E : 0100;
107F : 0100;
1080 : 0100;
1081 : 0100;
1082 : 0100;
1083 : 0100;
1084 : 0100;
1085 : 0100;
1086 : 0100;
1087 : 0100;
1088 : 0100;
1089 : 0100;
108A : 0100;
108B : 0100;
108C : 0100;
108D : 0100;
108E : 0100;
108F : 0100;
1090 : 0100;
1091 : 0100;
1092 : 0100;
1093 : 0100;
1094 : 0100;
1095 : 0100;
1096 : 0100;
1097 : 0100;
1098 : 0100;
1099 : 0100;
109A : 0100;
109B : 0100;
109C : 0100;
109D : 0100;
109E : 0100;
109F : 0100;
10A0 : 0100;
10A1 : 0100;
10A2 : 0100;
10A3 : 0100;
10A4 : 0100;
10A5 : 0100;
10A6 : 0100;
10A7 : 0100;
10A8 : 0100;
10A9 : 0100;
10AA : 0100;
10AB : 0100;
10AC : 0100;
10AD : 0100;
10AE : 0100;
10AF : 0100;
10B0 : 0100;
10B1 : 0100;
10B2 : 0100;
10B3 : 0100;
10B4 : 0100;
10B5 : 0100;
10B6 : 0100;
10B7 : 0100;
10B8 : 0100;
10B9 : 0100;
10BA : 0100;
10BB : 0100;
10BC : 0100;
10BD : 0100;
10BE : 0100;
10BF : 0100;
10C0 : 0100;
10C1 : 0100;
10C2 : 0100;
10C3 : 0100;
10C4 : 0100;
10C5 : 0100;
10C6 : 0100;
10C7 : 0100;
10C8 : 0100;
10C9 : 0100;
10CA : 0100;
10CB : 0100;
10CC : 0100;
10CD : 0100;
10CE : 0100;
10CF : 0100;
10D0 : 0100;
10D1 : 0100;
10D2 : 0100;
10D3 : 0100;
10D4 : 0100;
10D5 : 0100;
10D6 : 0100;
10D7 : 0100;
10D8 : 0100;
10D9 : 0100;
10DA : 0100;
10DB : 0100;
10DC : 0100;
10DD : 0100;
10DE : 0100;
10DF : 0100;
10E0 : 0100;
10E1 : 0100;
10E2 : 0100;
10E3 : 0100;
10E4 : 0100;
10E5 : 0100;
10E6 : 0100;
10E7 : 0100;
10E8 : 0100;
10E9 : 0100;
10EA : 0100;
10EB : 0100;
10EC : 0100;
10ED : 0100;
10EE : 0100;
10EF : 0100;
10F0 : 0100;
10F1 : 0100;
10F2 : 0100;
10F3 : 0100;
10F4 : 0100;
10F5 : 0100;
10F6 : 0100;
10F7 : 0100;
10F8 : 0100;
10F9 : 0100;
10FA : 0100;
10FB : 0100;
10FC : 0100;
10FD : 0100;
10FE : 0100;
10FF : 0100;
1100 : 0100;
1101 : 0100;
1102 : 0100;
1103 : 0100;
1104 : 0100;
1105 : 0100;
1106 : 0100;
1107 : 0100;
1108 : 0100;
1109 : 0100;
110A : 0100;
110B : 0100;
110C : 0100;
110D : 0100;
110E : 0100;
110F : 0100;
1110 : 0100;
1111 : 0100;
1112 : 0100;
1113 : 0100;
1114 : 0100;
1115 : 0100;
1116 : 0100;
1117 : 0100;
1118 : 0100;
1119 : 0100;
111A : 0100;
111B : 0100;
111C : 0100;
111D : 0100;
111E : 0100;
111F : 0100;
1120 : 0100;
1121 : 0100;
1122 : 0100;
1123 : 0100;
1124 : 0100;
1125 : 0100;
1126 : 0100;
1127 : 0100;
1128 : 0100;
1129 : 0100;
112A : 0100;
112B : 0100;
112C : 0100;
112D : 0100;
112E : 0100;
112F : 0100;
1130 : 0100;
1131 : 0100;
1132 : 0100;
1133 : 0100;
1134 : 0100;
1135 : 0100;
1136 : 0100;
1137 : 0100;
1138 : 0100;
1139 : 0100;
113A : 0100;
113B : 0100;
113C : 0100;
113D : 0100;
113E : 0100;
113F : 0100;
1140 : 0100;
1141 : 0100;
1142 : 0100;
1143 : 0100;
1144 : 0100;
1145 : 0100;
1146 : 0100;
1147 : 0100;
1148 : 0100;
1149 : 0100;
114A : 0100;
114B : 0100;
114C : 0100;
114D : 0100;
114E : 0100;
114F : 0100;
1150 : 0100;
1151 : 0100;
1152 : 0100;
1153 : 0100;
1154 : 0100;
1155 : 0100;
1156 : 0100;
1157 : 0100;
1158 : 0100;
1159 : 0100;
115A : 0100;
115B : 0100;
115C : 0100;
115D : 0100;
115E : 0100;
115F : 0100;
1160 : 0100;
1161 : 0100;
1162 : 0100;
1163 : 0100;
1164 : 0100;
1165 : 0100;
1166 : 0100;
1167 : 0100;
1168 : 0100;
1169 : 0100;
116A : 0100;
116B : 0100;
116C : 0100;
116D : 0100;
116E : 0100;
116F : 0100;
1170 : 0100;
1171 : 0100;
1172 : 0100;
1173 : 0100;
1174 : 0100;
1175 : 0100;
1176 : 0100;
1177 : 0100;
1178 : 0100;
1179 : 0100;
117A : 0100;
117B : 0100;
117C : 0100;
117D : 0100;
117E : 0100;
117F : 0100;
1180 : 0100;
1181 : 0100;
1182 : 0100;
1183 : 0100;
1184 : 0100;
1185 : 0100;
1186 : 0100;
1187 : 0100;
1188 : 0100;
1189 : 0100;
118A : 0100;
118B : 0100;
118C : 0100;
118D : 0100;
118E : 0100;
118F : 0100;
1190 : 0100;
1191 : 0100;
1192 : 0100;
1193 : 0100;
1194 : 0100;
1195 : 0100;
1196 : 0100;
1197 : 0100;
1198 : 0100;
1199 : 0100;
119A : 0100;
119B : 0100;
119C : 0100;
119D : 0100;
119E : 0100;
119F : 0100;
11A0 : 0100;
11A1 : 0100;
11A2 : 0100;
11A3 : 0100;
11A4 : 0100;
11A5 : 0100;
11A6 : 0100;
11A7 : 0100;
11A8 : 0100;
11A9 : 0100;
11AA : 0100;
11AB : 0100;
11AC : 0100;
11AD : 0100;
11AE : 0100;
11AF : 0100;
11B0 : 0100;
11B1 : 0100;
11B2 : 0100;
11B3 : 0100;
11B4 : 0100;
11B5 : 0100;
11B6 : 0100;
11B7 : 0100;
11B8 : 0100;
11B9 : 0100;
11BA : 0100;
11BB : 0100;
11BC : 0100;
11BD : 0100;
11BE : 0100;
11BF : 0100;
11C0 : 0100;
11C1 : 0100;
11C2 : 0100;
11C3 : 0100;
11C4 : 0100;
11C5 : 0100;
11C6 : 0100;
11C7 : 0100;
11C8 : 0100;
11C9 : 0100;
11CA : 0100;
11CB : 0100;
11CC : 0100;
11CD : 0100;
11CE : 0100;
11CF : 0100;
11D0 : 0100;
11D1 : 0100;
11D2 : 0100;
11D3 : 0100;
11D4 : 0100;
11D5 : 0100;
11D6 : 0100;
11D7 : 0100;
11D8 : 0100;
11D9 : 0100;
11DA : 0100;
11DB : 0100;
11DC : 0100;
11DD : 0100;
11DE : 0100;
11DF : 0100;
11E0 : 0100;
11E1 : 0100;
11E2 : 0100;
11E3 : 0100;
11E4 : 0100;
11E5 : 0100;
11E6 : 0100;
11E7 : 0100;
11E8 : 0100;
11E9 : 0100;
11EA : 0100;
11EB : 0100;
11EC : 0100;
11ED : 0100;
11EE : 0100;
11EF : 0100;
11F0 : 0100;
11F1 : 0100;
11F2 : 0100;
11F3 : 0100;
11F4 : 0100;
11F5 : 0100;
11F6 : 0100;
11F7 : 0100;
11F8 : 0100;
11F9 : 0100;
11FA : 0100;
11FB : 0100;
11FC : 0100;
11FD : 0100;
11FE : 0100;
11FF : 0100;
1200 : 0100;
1201 : 0100;
1202 : 0100;
1203 : 0100;
1204 : 0100;
1205 : 0100;
1206 : 0100;
1207 : 0100;
1208 : 0100;
1209 : 0100;
120A : 0100;
120B : 0100;
120C : 0100;
120D : 0100;
120E : 0100;
120F : 0100;
1210 : 0100;
1211 : 0100;
1212 : 0100;
1213 : 0100;
1214 : 0100;
1215 : 0100;
1216 : 0100;
1217 : 0100;
1218 : 0100;
1219 : 0100;
121A : 0100;
121B : 0100;
121C : 0100;
121D : 0100;
121E : 0100;
121F : 0100;
1220 : 0100;
1221 : 0100;
1222 : 0100;
1223 : 0100;
1224 : 0100;
1225 : 0100;
1226 : 0100;
1227 : 0100;
1228 : 0100;
1229 : 0100;
122A : 0100;
122B : 0100;
122C : 0100;
122D : 0100;
122E : 0100;
122F : 0100;
1230 : 0100;
1231 : 0100;
1232 : 0100;
1233 : 0100;
1234 : 0100;
1235 : 0100;
1236 : 0100;
1237 : 0100;
1238 : 0100;
1239 : 0100;
123A : 0100;
123B : 0100;
123C : 0100;
123D : 0100;
123E : 0100;
123F : 0100;
1240 : 0100;
1241 : 0100;
1242 : 0100;
1243 : 0100;
1244 : 0100;
1245 : 0100;
1246 : 0100;
1247 : 0100;
1248 : 0100;
1249 : 0100;
124A : 0100;
124B : 0100;
124C : 0100;
124D : 0100;
124E : 0100;
124F : 0100;
1250 : 0100;
1251 : 0100;
1252 : 0100;
1253 : 0100;
1254 : 0100;
1255 : 0100;
1256 : 0100;
1257 : 0100;
1258 : 0100;
1259 : 0100;
125A : 0100;
125B : 0100;
125C : 0100;
125D : 0100;
125E : 0100;
125F : 0100;
1260 : 0100;
1261 : 0100;
1262 : 0100;
1263 : 0100;
1264 : 0100;
1265 : 0100;
1266 : 0100;
1267 : 0100;
1268 : 0100;
1269 : 0100;
126A : 0100;
126B : 0100;
126C : 0100;
126D : 0100;
126E : 0100;
126F : 0100;
1270 : 0100;
1271 : 0100;
1272 : 0100;
1273 : 0100;
1274 : 0100;
1275 : 0100;
1276 : 0100;
1277 : 0100;
1278 : 0100;
1279 : 0100;
127A : 0100;
127B : 0100;
127C : 0100;
127D : 0100;
127E : 0100;
127F : 0100;
1280 : 0100;
1281 : 0100;
1282 : 0100;
1283 : 0100;
1284 : 0100;
1285 : 0100;
1286 : 0100;
1287 : 0100;
1288 : 0100;
1289 : 0100;
128A : 0100;
128B : 0100;
128C : 0100;
128D : 0100;
128E : 0100;
128F : 0100;
1290 : 0100;
1291 : 0100;
1292 : 0100;
1293 : 0100;
1294 : 0100;
1295 : 0100;
1296 : 0100;
1297 : 0100;
1298 : 0100;
1299 : 0100;
129A : 0100;
129B : 0100;
129C : 0100;
129D : 0100;
129E : 0100;
129F : 0100;
12A0 : 0100;
12A1 : 0100;
12A2 : 0100;
12A3 : 0100;
12A4 : 0100;
12A5 : 0100;
12A6 : 0100;
12A7 : 0100;
12A8 : 0100;
12A9 : 0100;
12AA : 0100;
12AB : 0100;
12AC : 0100;
12AD : 0100;
12AE : 0100;
12AF : 0100;
12B0 : 0100;
12B1 : 0100;
12B2 : 0100;
12B3 : 0100;
12B4 : 0100;
12B5 : 0100;
12B6 : 0100;
12B7 : 0100;
12B8 : 0100;
12B9 : 0100;
12BA : 0100;
12BB : 0100;
12BC : 0100;
12BD : 0100;
12BE : 0100;
12BF : 0100;
12C0 : 0100;
12C1 : 0100;
12C2 : 0100;
12C3 : 0100;
12C4 : 0100;
12C5 : 0100;
12C6 : 0100;
12C7 : 0100;
12C8 : 0100;
12C9 : 0100;
12CA : 0100;
12CB : 0100;
12CC : 0100;
12CD : 0100;
12CE : 0100;
12CF : 0100;
12D0 : 0100;
12D1 : 0100;
12D2 : 0100;
12D3 : 0100;
12D4 : 0100;
12D5 : 0100;
12D6 : 0100;
12D7 : 0100;
12D8 : 0100;
12D9 : 0100;
12DA : 0100;
12DB : 0100;
12DC : 0100;
12DD : 0100;
12DE : 0100;
12DF : 0100;
12E0 : 0100;
12E1 : 0100;
12E2 : 0100;
12E3 : 0100;
12E4 : 0100;
12E5 : 0100;
12E6 : 0100;
12E7 : 0100;
12E8 : 0100;
12E9 : 0100;
12EA : 0100;
12EB : 0100;
12EC : 0100;
12ED : 0100;
12EE : 0100;
12EF : 0100;
12F0 : 0100;
12F1 : 0100;
12F2 : 0100;
12F3 : 0100;
12F4 : 0100;
12F5 : 0100;
12F6 : 0100;
12F7 : 0100;
12F8 : 0100;
12F9 : 0100;
12FA : 0100;
12FB : 0100;
12FC : 0100;
12FD : 0100;
12FE : 0100;
12FF : 0100;
1300 : 0100;
1301 : 0100;
1302 : 0100;
1303 : 0100;
1304 : 0100;
1305 : 0100;
1306 : 0100;
1307 : 0100;
1308 : 0100;
1309 : 0100;
130A : 0100;
130B : 0100;
130C : 0100;
130D : 0100;
130E : 0100;
130F : 0100;
1310 : 0100;
1311 : 0100;
1312 : 0100;
1313 : 0100;
1314 : 0100;
1315 : 0100;
1316 : 0100;
1317 : 0100;
1318 : 0100;
1319 : 0100;
131A : 0100;
131B : 0100;
131C : 0100;
131D : 0100;
131E : 0100;
131F : 0100;
1320 : 0100;
1321 : 0100;
1322 : 0100;
1323 : 0100;
1324 : 0100;
1325 : 0100;
1326 : 0100;
1327 : 0100;
1328 : 0100;
1329 : 0100;
132A : 0100;
132B : 0100;
132C : 0100;
132D : 0100;
132E : 0100;
132F : 0100;
1330 : 0100;
1331 : 0100;
1332 : 0100;
1333 : 0100;
1334 : 0100;
1335 : 0100;
1336 : 0100;
1337 : 0100;
1338 : 0100;
1339 : 0100;
133A : 0100;
133B : 0100;
133C : 0100;
133D : 0100;
133E : 0100;
133F : 0100;
1340 : 0100;
1341 : 0100;
1342 : 0100;
1343 : 0100;
1344 : 0100;
1345 : 0100;
1346 : 0100;
1347 : 0100;
1348 : 0100;
1349 : 0100;
134A : 0100;
134B : 0100;
134C : 0100;
134D : 0100;
134E : 0100;
134F : 0100;
1350 : 0100;
1351 : 0100;
1352 : 0100;
1353 : 0100;
1354 : 0100;
1355 : 0100;
1356 : 0100;
1357 : 0100;
1358 : 0100;
1359 : 0100;
135A : 0100;
135B : 0100;
135C : 0100;
135D : 0100;
135E : 0100;
135F : 0100;
1360 : 0100;
1361 : 0100;
1362 : 0100;
1363 : 0100;
1364 : 0100;
1365 : 0100;
1366 : 0100;
1367 : 0100;
1368 : 0100;
1369 : 0100;
136A : 0100;
136B : 0100;
136C : 0100;
136D : 0100;
136E : 0100;
136F : 0100;
1370 : 0100;
1371 : 0100;
1372 : 0100;
1373 : 0100;
1374 : 0100;
1375 : 0100;
1376 : 0100;
1377 : 0100;
1378 : 0100;
1379 : 0100;
137A : 0100;
137B : 0100;
137C : 0100;
137D : 0100;
137E : 0100;
137F : 0100;
1380 : 0100;
1381 : 0100;
1382 : 0100;
1383 : 0100;
1384 : 0100;
1385 : 0100;
1386 : 0100;
1387 : 0100;
1388 : 0100;
1389 : 0100;
138A : 0100;
138B : 0100;
138C : 0100;
138D : 0100;
138E : 0100;
138F : 0100;
1390 : 0100;
1391 : 0100;
1392 : 0100;
1393 : 0100;
1394 : 0100;
1395 : 0100;
1396 : 0100;
1397 : 0100;
1398 : 0100;
1399 : 0100;
139A : 0100;
139B : 0100;
139C : 0100;
139D : 0100;
139E : 0100;
139F : 0100;
13A0 : 0100;
13A1 : 0100;
13A2 : 0100;
13A3 : 0100;
13A4 : 0100;
13A5 : 0100;
13A6 : 0100;
13A7 : 0100;
13A8 : 0100;
13A9 : 0100;
13AA : 0100;
13AB : 0100;
13AC : 0100;
13AD : 0100;
13AE : 0100;
13AF : 0100;
13B0 : 0100;
13B1 : 0100;
13B2 : 0100;
13B3 : 0100;
13B4 : 0100;
13B5 : 0100;
13B6 : 0100;
13B7 : 0100;
13B8 : 0100;
13B9 : 0100;
13BA : 0100;
13BB : 0100;
13BC : 0100;
13BD : 0100;
13BE : 0100;
13BF : 0100;
13C0 : 0100;
13C1 : 0100;
13C2 : 0100;
13C3 : 0100;
13C4 : 0100;
13C5 : 0100;
13C6 : 0100;
13C7 : 0100;
13C8 : 0100;
13C9 : 0100;
13CA : 0100;
13CB : 0100;
13CC : 0100;
13CD : 0100;
13CE : 0100;
13CF : 0100;
13D0 : 0100;
13D1 : 0100;
13D2 : 0100;
13D3 : 0100;
13D4 : 0100;
13D5 : 0100;
13D6 : 0100;
13D7 : 0100;
13D8 : 0100;
13D9 : 0100;
13DA : 0100;
13DB : 0100;
13DC : 0100;
13DD : 0100;
13DE : 0100;
13DF : 0100;
13E0 : 0100;
13E1 : 0100;
13E2 : 0100;
13E3 : 0100;
13E4 : 0100;
13E5 : 0100;
13E6 : 0100;
13E7 : 0100;
13E8 : 0100;
13E9 : 0100;
13EA : 0100;
13EB : 0100;
13EC : 0100;
13ED : 0100;
13EE : 0100;
13EF : 0100;
13F0 : 0100;
13F1 : 0100;
13F2 : 0100;
13F3 : 0100;
13F4 : 0100;
13F5 : 0100;
13F6 : 0100;
13F7 : 0100;
13F8 : 0100;
13F9 : 0100;
13FA : 0100;
13FB : 0100;
13FC : 0100;
13FD : 0100;
13FE : 0100;
13FF : 0100;
1400 : 0100;
1401 : 0100;
1402 : 0100;
1403 : 0100;
1404 : 0100;
1405 : 0100;
1406 : 0100;
1407 : 0100;
1408 : 0100;
1409 : 0100;
140A : 0100;
140B : 0100;
140C : 0100;
140D : 0100;
140E : 0100;
140F : 0100;
1410 : 0100;
1411 : 0100;
1412 : 0100;
1413 : 0100;
1414 : 0100;
1415 : 0100;
1416 : 0100;
1417 : 0100;
1418 : 0100;
1419 : 0100;
141A : 0100;
141B : 0100;
141C : 0100;
141D : 0100;
141E : 0100;
141F : 0100;
1420 : 0100;
1421 : 0100;
1422 : 0100;
1423 : 0100;
1424 : 0100;
1425 : 0100;
1426 : 0100;
1427 : 0100;
1428 : 0100;
1429 : 0100;
142A : 0100;
142B : 0100;
142C : 0100;
142D : 0100;
142E : 0100;
142F : 0100;
1430 : 0100;
1431 : 0100;
1432 : 0100;
1433 : 0100;
1434 : 0100;
1435 : 0100;
1436 : 0100;
1437 : 0100;
1438 : 0100;
1439 : 0100;
143A : 0100;
143B : 0100;
143C : 0100;
143D : 0100;
143E : 0100;
143F : 0100;
1440 : 0100;
1441 : 0100;
1442 : 0100;
1443 : 0100;
1444 : 0100;
1445 : 0100;
1446 : 0100;
1447 : 0100;
1448 : 0100;
1449 : 0100;
144A : 0100;
144B : 0100;
144C : 0100;
144D : 0100;
144E : 0100;
144F : 0100;
1450 : 0100;
1451 : 0100;
1452 : 0100;
1453 : 0100;
1454 : 0100;
1455 : 0100;
1456 : 0100;
1457 : 0100;
1458 : 0100;
1459 : 0100;
145A : 0100;
145B : 0100;
145C : 0100;
145D : 0100;
145E : 0100;
145F : 0100;
1460 : 0100;
1461 : 0100;
1462 : 0100;
1463 : 0100;
1464 : 0100;
1465 : 0100;
1466 : 0100;
1467 : 0100;
1468 : 0100;
1469 : 0100;
146A : 0100;
146B : 0100;
146C : 0100;
146D : 0100;
146E : 0100;
146F : 0100;
1470 : 0100;
1471 : 0100;
1472 : 0100;
1473 : 0100;
1474 : 0100;
1475 : 0100;
1476 : 0100;
1477 : 0100;
1478 : 0100;
1479 : 0100;
147A : 0100;
147B : 0100;
147C : 0100;
147D : 0100;
147E : 0100;
147F : 0100;
1480 : 0100;
1481 : 0100;
1482 : 0100;
1483 : 0100;
1484 : 0100;
1485 : 0100;
1486 : 0100;
1487 : 0100;
1488 : 0100;
1489 : 0100;
148A : 0100;
148B : 0100;
148C : 0100;
148D : 0100;
148E : 0100;
148F : 0100;
1490 : 0100;
1491 : 0100;
1492 : 0100;
1493 : 0100;
1494 : 0100;
1495 : 0100;
1496 : 0100;
1497 : 0100;
1498 : 0100;
1499 : 0100;
149A : 0100;
149B : 0100;
149C : 0100;
149D : 0100;
149E : 0100;
149F : 0100;
14A0 : 0100;
14A1 : 0100;
14A2 : 0100;
14A3 : 0100;
14A4 : 0100;
14A5 : 0100;
14A6 : 0100;
14A7 : 0100;
14A8 : 0100;
14A9 : 0100;
14AA : 0100;
14AB : 0100;
14AC : 0100;
14AD : 0100;
14AE : 0100;
14AF : 0100;
14B0 : 0100;
14B1 : 0100;
14B2 : 0100;
14B3 : 0100;
14B4 : 0100;
14B5 : 0100;
14B6 : 0100;
14B7 : 0100;
14B8 : 0100;
14B9 : 0100;
14BA : 0100;
14BB : 0100;
14BC : 0100;
14BD : 0100;
14BE : 0100;
14BF : 0100;
14C0 : 0100;
14C1 : 0100;
14C2 : 0100;
14C3 : 0100;
14C4 : 0100;
14C5 : 0100;
14C6 : 0100;
14C7 : 0100;
14C8 : 0100;
14C9 : 0100;
14CA : 0100;
14CB : 0100;
14CC : 0100;
14CD : 0100;
14CE : 0100;
14CF : 0100;
14D0 : 0100;
14D1 : 0100;
14D2 : 0100;
14D3 : 0100;
14D4 : 0100;
14D5 : 0100;
14D6 : 0100;
14D7 : 0100;
14D8 : 0100;
14D9 : 0100;
14DA : 0100;
14DB : 0100;
14DC : 0100;
14DD : 0100;
14DE : 0100;
14DF : 0100;
14E0 : 0100;
14E1 : 0100;
14E2 : 0100;
14E3 : 0100;
14E4 : 0100;
14E5 : 0100;
14E6 : 0100;
14E7 : 0100;
14E8 : 0100;
14E9 : 0100;
14EA : 0100;
14EB : 0100;
14EC : 0100;
14ED : 0100;
14EE : 0100;
14EF : 0100;
14F0 : 0100;
14F1 : 0100;
14F2 : 0100;
14F3 : 0100;
14F4 : 0100;
14F5 : 0100;
14F6 : 0100;
14F7 : 0100;
14F8 : 0100;
14F9 : 0100;
14FA : 0100;
14FB : 0100;
14FC : 0100;
14FD : 0100;
14FE : 0100;
14FF : 0100;
1500 : 0100;
1501 : 0100;
1502 : 0100;
1503 : 0100;
1504 : 0100;
1505 : 0100;
1506 : 0100;
1507 : 0100;
1508 : 0100;
1509 : 0100;
150A : 0100;
150B : 0100;
150C : 0100;
150D : 0100;
150E : 0100;
150F : 0100;
1510 : 0100;
1511 : 0100;
1512 : 0100;
1513 : 0100;
1514 : 0100;
1515 : 0100;
1516 : 0100;
1517 : 0100;
1518 : 0100;
1519 : 0100;
151A : 0100;
151B : 0100;
151C : 0100;
151D : 0100;
151E : 0100;
151F : 0100;
1520 : 0100;
1521 : 0100;
1522 : 0100;
1523 : 0100;
1524 : 0100;
1525 : 0100;
1526 : 0100;
1527 : 0100;
1528 : 0100;
1529 : 0100;
152A : 0100;
152B : 0100;
152C : 0100;
152D : 0100;
152E : 0100;
152F : 0100;
1530 : 0100;
1531 : 0100;
1532 : 0100;
1533 : 0100;
1534 : 0100;
1535 : 0100;
1536 : 0100;
1537 : 0100;
1538 : 0100;
1539 : 0100;
153A : 0100;
153B : 0100;
153C : 0100;
153D : 0100;
153E : 0100;
153F : 0100;
1540 : 0100;
1541 : 0100;
1542 : 0100;
1543 : 0100;
1544 : 0100;
1545 : 0100;
1546 : 0100;
1547 : 0100;
1548 : 0100;
1549 : 0100;
154A : 0100;
154B : 0100;
154C : 0100;
154D : 0100;
154E : 0100;
154F : 0100;
1550 : 0100;
1551 : 0100;
1552 : 0100;
1553 : 0100;
1554 : 0100;
1555 : 0100;
1556 : 0100;
1557 : 0100;
1558 : 0100;
1559 : 0100;
155A : 0100;
155B : 0100;
155C : 0100;
155D : 0100;
155E : 0100;
155F : 0100;
1560 : 0100;
1561 : 0100;
1562 : 0100;
1563 : 0100;
1564 : 0100;
1565 : 0100;
1566 : 0100;
1567 : 0100;
1568 : 0100;
1569 : 0100;
156A : 0100;
156B : 0100;
156C : 0100;
156D : 0100;
156E : 0100;
156F : 0100;
1570 : 0100;
1571 : 0100;
1572 : 0100;
1573 : 0100;
1574 : 0100;
1575 : 0100;
1576 : 0100;
1577 : 0100;
1578 : 0100;
1579 : 0100;
157A : 0100;
157B : 0100;
157C : 0100;
157D : 0100;
157E : 0100;
157F : 0100;
1580 : 0100;
1581 : 0100;
1582 : 0100;
1583 : 0100;
1584 : 0100;
1585 : 0100;
1586 : 0100;
1587 : 0100;
1588 : 0100;
1589 : 0100;
158A : 0100;
158B : 0100;
158C : 0100;
158D : 0100;
158E : 0100;
158F : 0100;
1590 : 0100;
1591 : 0100;
1592 : 0100;
1593 : 0100;
1594 : 0100;
1595 : 0100;
1596 : 0100;
1597 : 0100;
1598 : 0100;
1599 : 0100;
159A : 0100;
159B : 0100;
159C : 0100;
159D : 0100;
159E : 0100;
159F : 0100;
15A0 : 0100;
15A1 : 0100;
15A2 : 0100;
15A3 : 0100;
15A4 : 0100;
15A5 : 0100;
15A6 : 0100;
15A7 : 0100;
15A8 : 0100;
15A9 : 0100;
15AA : 0100;
15AB : 0100;
15AC : 0100;
15AD : 0100;
15AE : 0100;
15AF : 0100;
15B0 : 0100;
15B1 : 0100;
15B2 : 0100;
15B3 : 0100;
15B4 : 0100;
15B5 : 0100;
15B6 : 0100;
15B7 : 0100;
15B8 : 0100;
15B9 : 0100;
15BA : 0100;
15BB : 0100;
15BC : 0100;
15BD : 0100;
15BE : 0100;
15BF : 0100;
15C0 : 0100;
15C1 : 0100;
15C2 : 0100;
15C3 : 0100;
15C4 : 0100;
15C5 : 0100;
15C6 : 0100;
15C7 : 0100;
15C8 : 0100;
15C9 : 0100;
15CA : 0100;
15CB : 0100;
15CC : 0100;
15CD : 0100;
15CE : 0100;
15CF : 0100;
15D0 : 0100;
15D1 : 0100;
15D2 : 0100;
15D3 : 0100;
15D4 : 0100;
15D5 : 0100;
15D6 : 0100;
15D7 : 0100;
15D8 : 0100;
15D9 : 0100;
15DA : 0100;
15DB : 0100;
15DC : 0100;
15DD : 0100;
15DE : 0100;
15DF : 0100;
15E0 : 0100;
15E1 : 0100;
15E2 : 0100;
15E3 : 0100;
15E4 : 0100;
15E5 : 0100;
15E6 : 0100;
15E7 : 0100;
15E8 : 0100;
15E9 : 0100;
15EA : 0100;
15EB : 0100;
15EC : 0100;
15ED : 0100;
15EE : 0100;
15EF : 0100;
15F0 : 0100;
15F1 : 0100;
15F2 : 0100;
15F3 : 0100;
15F4 : 0100;
15F5 : 0100;
15F6 : 0100;
15F7 : 0100;
15F8 : 0100;
15F9 : 0100;
15FA : 0100;
15FB : 0100;
15FC : 0100;
15FD : 0100;
15FE : 0100;
15FF : 0100;
1600 : 0100;
1601 : 0100;
1602 : 0100;
1603 : 0100;
1604 : 0100;
1605 : 0100;
1606 : 0100;
1607 : 0100;
1608 : 0100;
1609 : 0100;
160A : 0100;
160B : 0100;
160C : 0100;
160D : 0100;
160E : 0100;
160F : 0100;
1610 : 0100;
1611 : 0100;
1612 : 0100;
1613 : 0100;
1614 : 0100;
1615 : 0100;
1616 : 0100;
1617 : 0100;
1618 : 0100;
1619 : 0100;
161A : 0100;
161B : 0100;
161C : 0100;
161D : 0100;
161E : 0100;
161F : 0100;
1620 : 0100;
1621 : 0100;
1622 : 0100;
1623 : 0100;
1624 : 0100;
1625 : 0100;
1626 : 0100;
1627 : 0100;
1628 : 0100;
1629 : 0100;
162A : 0100;
162B : 0100;
162C : 0100;
162D : 0100;
162E : 0100;
162F : 0100;
1630 : 0100;
1631 : 0100;
1632 : 0100;
1633 : 0100;
1634 : 0100;
1635 : 0100;
1636 : 0100;
1637 : 0100;
1638 : 0100;
1639 : 0100;
163A : 0100;
163B : 0100;
163C : 0100;
163D : 0100;
163E : 0100;
163F : 0100;
1640 : 0100;
1641 : 0100;
1642 : 0100;
1643 : 0100;
1644 : 0100;
1645 : 0100;
1646 : 0100;
1647 : 0100;
1648 : 0100;
1649 : 0100;
164A : 0100;
164B : 0100;
164C : 0100;
164D : 0100;
164E : 0100;
164F : 0100;
1650 : 0100;
1651 : 0100;
1652 : 0100;
1653 : 0100;
1654 : 0100;
1655 : 0100;
1656 : 0100;
1657 : 0100;
1658 : 0100;
1659 : 0100;
165A : 0100;
165B : 0100;
165C : 0100;
165D : 0100;
165E : 0100;
165F : 0100;
1660 : 0100;
1661 : 0100;
1662 : 0100;
1663 : 0100;
1664 : 0100;
1665 : 0100;
1666 : 0100;
1667 : 0100;
1668 : 0100;
1669 : 0100;
166A : 0100;
166B : 0100;
166C : 0100;
166D : 0100;
166E : 0100;
166F : 0100;
1670 : 0100;
1671 : 0100;
1672 : 0100;
1673 : 0100;
1674 : 0100;
1675 : 0100;
1676 : 0100;
1677 : 0100;
1678 : 0100;
1679 : 0100;
167A : 0100;
167B : 0100;
167C : 0100;
167D : 0100;
167E : 0100;
167F : 0100;
1680 : 0100;
1681 : 0100;
1682 : 0100;
1683 : 0100;
1684 : 0100;
1685 : 0100;
1686 : 0100;
1687 : 0100;
1688 : 0100;
1689 : 0100;
168A : 0100;
168B : 0100;
168C : 0100;
168D : 0100;
168E : 0100;
168F : 0100;
1690 : 0100;
1691 : 0100;
1692 : 0100;
1693 : 0100;
1694 : 0100;
1695 : 0100;
1696 : 0100;
1697 : 0100;
1698 : 0100;
1699 : 0100;
169A : 0100;
169B : 0100;
169C : 0100;
169D : 0100;
169E : 0100;
169F : 0100;
16A0 : 0100;
16A1 : 0100;
16A2 : 0100;
16A3 : 0100;
16A4 : 0100;
16A5 : 0100;
16A6 : 0100;
16A7 : 0100;
16A8 : 0100;
16A9 : 0100;
16AA : 0100;
16AB : 0100;
16AC : 0100;
16AD : 0100;
16AE : 0100;
16AF : 0100;
16B0 : 0100;
16B1 : 0100;
16B2 : 0100;
16B3 : 0100;
16B4 : 0100;
16B5 : 0100;
16B6 : 0100;
16B7 : 0100;
16B8 : 0100;
16B9 : 0100;
16BA : 0100;
16BB : 0100;
16BC : 0100;
16BD : 0100;
16BE : 0100;
16BF : 0100;
16C0 : 0100;
16C1 : 0100;
16C2 : 0100;
16C3 : 0100;
16C4 : 0100;
16C5 : 0100;
16C6 : 0100;
16C7 : 0100;
16C8 : 0100;
16C9 : 0100;
16CA : 0100;
16CB : 0100;
16CC : 0100;
16CD : 0100;
16CE : 0100;
16CF : 0100;
16D0 : 0100;
16D1 : 0100;
16D2 : 0100;
16D3 : 0100;
16D4 : 0100;
16D5 : 0100;
16D6 : 0100;
16D7 : 0100;
16D8 : 0100;
16D9 : 0100;
16DA : 0100;
16DB : 0100;
16DC : 0100;
16DD : 0100;
16DE : 0100;
16DF : 0100;
16E0 : 0100;
16E1 : 0100;
16E2 : 0100;
16E3 : 0100;
16E4 : 0100;
16E5 : 0100;
16E6 : 0100;
16E7 : 0100;
16E8 : 0100;
16E9 : 0100;
16EA : 0100;
16EB : 0100;
16EC : 0100;
16ED : 0100;
16EE : 0100;
16EF : 0100;
16F0 : 0100;
16F1 : 0100;
16F2 : 0100;
16F3 : 0100;
16F4 : 0100;
16F5 : 0100;
16F6 : 0100;
16F7 : 0100;
16F8 : 0100;
16F9 : 0100;
16FA : 0100;
16FB : 0100;
16FC : 0100;
16FD : 0100;
16FE : 0100;
16FF : 0100;
1700 : 0100;
1701 : 0100;
1702 : 0100;
1703 : 0100;
1704 : 0100;
1705 : 0100;
1706 : 0100;
1707 : 0100;
1708 : 0100;
1709 : 0100;
170A : 0100;
170B : 0100;
170C : 0100;
170D : 0100;
170E : 0100;
170F : 0100;
1710 : 0100;
1711 : 0100;
1712 : 0100;
1713 : 0100;
1714 : 0100;
1715 : 0100;
1716 : 0100;
1717 : 0100;
1718 : 0100;
1719 : 0100;
171A : 0100;
171B : 0100;
171C : 0100;
171D : 0100;
171E : 0100;
171F : 0100;
1720 : 0100;
1721 : 0100;
1722 : 0100;
1723 : 0100;
1724 : 0100;
1725 : 0100;
1726 : 0100;
1727 : 0100;
1728 : 0100;
1729 : 0100;
172A : 0100;
172B : 0100;
172C : 0100;
172D : 0100;
172E : 0100;
172F : 0100;
1730 : 0100;
1731 : 0100;
1732 : 0100;
1733 : 0100;
1734 : 0100;
1735 : 0100;
1736 : 0100;
1737 : 0100;
1738 : 0100;
1739 : 0100;
173A : 0100;
173B : 0100;
173C : 0100;
173D : 0100;
173E : 0100;
173F : 0100;
1740 : 0100;
1741 : 0100;
1742 : 0100;
1743 : 0100;
1744 : 0100;
1745 : 0100;
1746 : 0100;
1747 : 0100;
1748 : 0100;
1749 : 0100;
174A : 0100;
174B : 0100;
174C : 0100;
174D : 0100;
174E : 0100;
174F : 0100;
1750 : 0100;
1751 : 0100;
1752 : 0100;
1753 : 0100;
1754 : 0100;
1755 : 0100;
1756 : 0100;
1757 : 0100;
1758 : 0100;
1759 : 0100;
175A : 0100;
175B : 0100;
175C : 0100;
175D : 0100;
175E : 0100;
175F : 0100;
1760 : 0100;
1761 : 0100;
1762 : 0100;
1763 : 0100;
1764 : 0100;
1765 : 0100;
1766 : 0100;
1767 : 0100;
1768 : 0100;
1769 : 0100;
176A : 0100;
176B : 0100;
176C : 0100;
176D : 0100;
176E : 0100;
176F : 0100;
1770 : 0100;
1771 : 0100;
1772 : 0100;
1773 : 0100;
1774 : 0100;
1775 : 0100;
1776 : 0100;
1777 : 0100;
1778 : 0100;
1779 : 0100;
177A : 0100;
177B : 0100;
177C : 0100;
177D : 0100;
177E : 0100;
177F : 0100;
1780 : 0100;
1781 : 0100;
1782 : 0100;
1783 : 0100;
1784 : 0100;
1785 : 0100;
1786 : 0100;
1787 : 0100;
1788 : 0100;
1789 : 0100;
178A : 0100;
178B : 0100;
178C : 0100;
178D : 0100;
178E : 0100;
178F : 0100;
1790 : 0100;
1791 : 0100;
1792 : 0100;
1793 : 0100;
1794 : 0100;
1795 : 0100;
1796 : 0100;
1797 : 0100;
1798 : 0100;
1799 : 0100;
179A : 0100;
179B : 0100;
179C : 0100;
179D : 0100;
179E : 0100;
179F : 0100;
17A0 : 0100;
17A1 : 0100;
17A2 : 0100;
17A3 : 0100;
17A4 : 0100;
17A5 : 0100;
17A6 : 0100;
17A7 : 0100;
17A8 : 0100;
17A9 : 0100;
17AA : 0100;
17AB : 0100;
17AC : 0100;
17AD : 0100;
17AE : 0100;
17AF : 0100;
17B0 : 0100;
17B1 : 0100;
17B2 : 0100;
17B3 : 0100;
17B4 : 0100;
17B5 : 0100;
17B6 : 0100;
17B7 : 0100;
17B8 : 0100;
17B9 : 0100;
17BA : 0100;
17BB : 0100;
17BC : 0100;
17BD : 0100;
17BE : 0100;
17BF : 0100;
17C0 : 0100;
17C1 : 0100;
17C2 : 0100;
17C3 : 0100;
17C4 : 0100;
17C5 : 0100;
17C6 : 0100;
17C7 : 0100;
17C8 : 0100;
17C9 : 0100;
17CA : 0100;
17CB : 0100;
17CC : 0100;
17CD : 0100;
17CE : 0100;
17CF : 0100;
17D0 : 0100;
17D1 : 0100;
17D2 : 0100;
17D3 : 0100;
17D4 : 0100;
17D5 : 0100;
17D6 : 0100;
17D7 : 0100;
17D8 : 0100;
17D9 : 0100;
17DA : 0100;
17DB : 0100;
17DC : 0100;
17DD : 0100;
17DE : 0100;
17DF : 0100;
17E0 : 0100;
17E1 : 0100;
17E2 : 0100;
17E3 : 0100;
17E4 : 0100;
17E5 : 0100;
17E6 : 0100;
17E7 : 0100;
17E8 : 0100;
17E9 : 0100;
17EA : 0100;
17EB : 0100;
17EC : 0100;
17ED : 0100;
17EE : 0100;
17EF : 0100;
17F0 : 0100;
17F1 : 0100;
17F2 : 0100;
17F3 : 0100;
17F4 : 0100;
17F5 : 0100;
17F6 : 0100;
17F7 : 0100;
17F8 : 0100;
17F9 : 0100;
17FA : 0100;
17FB : 0100;
17FC : 0100;
17FD : 0100;
17FE : 0100;
17FF : 0100;
1800 : 0100;
1801 : 0100;
1802 : 0100;
1803 : 0100;
1804 : 0100;
1805 : 0100;
1806 : 0100;
1807 : 0100;
1808 : 0100;
1809 : 0100;
180A : 0100;
180B : 0100;
180C : 0100;
180D : 0100;
180E : 0100;
180F : 0100;
1810 : 0100;
1811 : 0100;
1812 : 0100;
1813 : 0100;
1814 : 0100;
1815 : 0100;
1816 : 0100;
1817 : 0100;
1818 : 0100;
1819 : 0100;
181A : 0100;
181B : 0100;
181C : 0100;
181D : 0100;
181E : 0100;
181F : 0100;
1820 : 0100;
1821 : 0100;
1822 : 0100;
1823 : 0100;
1824 : 0100;
1825 : 0100;
1826 : 0100;
1827 : 0100;
1828 : 0100;
1829 : 0100;
182A : 0100;
182B : 0100;
182C : 0100;
182D : 0100;
182E : 0100;
182F : 0100;
1830 : 0100;
1831 : 0100;
1832 : 0100;
1833 : 0100;
1834 : 0100;
1835 : 0100;
1836 : 0100;
1837 : 0100;
1838 : 0100;
1839 : 0100;
183A : 0100;
183B : 0100;
183C : 0100;
183D : 0100;
183E : 0100;
183F : 0100;
1840 : 0100;
1841 : 0100;
1842 : 0100;
1843 : 0100;
1844 : 0100;
1845 : 0100;
1846 : 0100;
1847 : 0100;
1848 : 0100;
1849 : 0100;
184A : 0100;
184B : 0100;
184C : 0100;
184D : 0100;
184E : 0100;
184F : 0100;
1850 : 0100;
1851 : 0100;
1852 : 0100;
1853 : 0100;
1854 : 0100;
1855 : 0100;
1856 : 0100;
1857 : 0100;
1858 : 0100;
1859 : 0100;
185A : 0100;
185B : 0100;
185C : 0100;
185D : 0100;
185E : 0100;
185F : 0100;
1860 : 0100;
1861 : 0100;
1862 : 0100;
1863 : 0100;
1864 : 0100;
1865 : 0100;
1866 : 0100;
1867 : 0100;
1868 : 0100;
1869 : 0100;
186A : 0100;
186B : 0100;
186C : 0100;
186D : 0100;
186E : 0100;
186F : 0100;
1870 : 0100;
1871 : 0100;
1872 : 0100;
1873 : 0100;
1874 : 0100;
1875 : 0100;
1876 : 0100;
1877 : 0100;
1878 : 0100;
1879 : 0100;
187A : 0100;
187B : 0100;
187C : 0100;
187D : 0100;
187E : 0100;
187F : 0100;
1880 : 0100;
1881 : 0100;
1882 : 0100;
1883 : 0100;
1884 : 0100;
1885 : 0100;
1886 : 0100;
1887 : 0100;
1888 : 0100;
1889 : 0100;
188A : 0100;
188B : 0100;
188C : 0100;
188D : 0100;
188E : 0100;
188F : 0100;
1890 : 0100;
1891 : 0100;
1892 : 0100;
1893 : 0100;
1894 : 0100;
1895 : 0100;
1896 : 0100;
1897 : 0100;
1898 : 0100;
1899 : 0100;
189A : 0100;
189B : 0100;
189C : 0100;
189D : 0100;
189E : 0100;
189F : 0100;
18A0 : 0100;
18A1 : 0100;
18A2 : 0100;
18A3 : 0100;
18A4 : 0100;
18A5 : 0100;
18A6 : 0100;
18A7 : 0100;
18A8 : 0100;
18A9 : 0100;
18AA : 0100;
18AB : 0100;
18AC : 0100;
18AD : 0100;
18AE : 0100;
18AF : 0100;
18B0 : 0100;
18B1 : 0100;
18B2 : 0100;
18B3 : 0100;
18B4 : 0100;
18B5 : 0100;
18B6 : 0100;
18B7 : 0100;
18B8 : 0100;
18B9 : 0100;
18BA : 0100;
18BB : 0100;
18BC : 0100;
18BD : 0100;
18BE : 0100;
18BF : 0100;
18C0 : 0100;
18C1 : 0100;
18C2 : 0100;
18C3 : 0100;
18C4 : 0100;
18C5 : 0100;
18C6 : 0100;
18C7 : 0100;
18C8 : 0100;
18C9 : 0100;
18CA : 0100;
18CB : 0100;
18CC : 0100;
18CD : 0100;
18CE : 0100;
18CF : 0100;
18D0 : 0100;
18D1 : 0100;
18D2 : 0100;
18D3 : 0100;
18D4 : 0100;
18D5 : 0100;
18D6 : 0100;
18D7 : 0100;
18D8 : 0100;
18D9 : 0100;
18DA : 0100;
18DB : 0100;
18DC : 0100;
18DD : 0100;
18DE : 0100;
18DF : 0100;
18E0 : 0100;
18E1 : 0100;
18E2 : 0100;
18E3 : 0100;
18E4 : 0100;
18E5 : 0100;
18E6 : 0100;
18E7 : 0100;
18E8 : 0100;
18E9 : 0100;
18EA : 0100;
18EB : 0100;
18EC : 0100;
18ED : 0100;
18EE : 0100;
18EF : 0100;
18F0 : 0100;
18F1 : 0100;
18F2 : 0100;
18F3 : 0100;
18F4 : 0100;
18F5 : 0100;
18F6 : 0100;
18F7 : 0100;
18F8 : 0100;
18F9 : 0100;
18FA : 0100;
18FB : 0100;
18FC : 0100;
18FD : 0100;
18FE : 0100;
18FF : 0100;
1900 : 0100;
1901 : 0100;
1902 : 0100;
1903 : 0100;
1904 : 0100;
1905 : 0100;
1906 : 0100;
1907 : 0100;
1908 : 0100;
1909 : 0100;
190A : 0100;
190B : 0100;
190C : 0100;
190D : 0100;
190E : 0100;
190F : 0100;
1910 : 0100;
1911 : 0100;
1912 : 0100;
1913 : 0100;
1914 : 0100;
1915 : 0100;
1916 : 0100;
1917 : 0100;
1918 : 0100;
1919 : 0100;
191A : 0100;
191B : 0100;
191C : 0100;
191D : 0100;
191E : 0100;
191F : 0100;
1920 : 0100;
1921 : 0100;
1922 : 0100;
1923 : 0100;
1924 : 0100;
1925 : 0100;
1926 : 0100;
1927 : 0100;
1928 : 0100;
1929 : 0100;
192A : 0100;
192B : 0100;
192C : 0100;
192D : 0100;
192E : 0100;
192F : 0100;
1930 : 0100;
1931 : 0100;
1932 : 0100;
1933 : 0100;
1934 : 0100;
1935 : 0100;
1936 : 0100;
1937 : 0100;
1938 : 0100;
1939 : 0100;
193A : 0100;
193B : 0100;
193C : 0100;
193D : 0100;
193E : 0100;
193F : 0100;
1940 : 0100;
1941 : 0100;
1942 : 0100;
1943 : 0100;
1944 : 0100;
1945 : 0100;
1946 : 0100;
1947 : 0100;
1948 : 0100;
1949 : 0100;
194A : 0100;
194B : 0100;
194C : 0100;
194D : 0100;
194E : 0100;
194F : 0100;
1950 : 0100;
1951 : 0100;
1952 : 0100;
1953 : 0100;
1954 : 0100;
1955 : 0100;
1956 : 0100;
1957 : 0100;
1958 : 0100;
1959 : 0100;
195A : 0100;
195B : 0100;
195C : 0100;
195D : 0100;
195E : 0100;
195F : 0100;
1960 : 0100;
1961 : 0100;
1962 : 0100;
1963 : 0100;
1964 : 0100;
1965 : 0100;
1966 : 0100;
1967 : 0100;
1968 : 0100;
1969 : 0100;
196A : 0100;
196B : 0100;
196C : 0100;
196D : 0100;
196E : 0100;
196F : 0100;
1970 : 0100;
1971 : 0100;
1972 : 0100;
1973 : 0100;
1974 : 0100;
1975 : 0100;
1976 : 0100;
1977 : 0100;
1978 : 0100;
1979 : 0100;
197A : 0100;
197B : 0100;
197C : 0100;
197D : 0100;
197E : 0100;
197F : 0100;
1980 : 0100;
1981 : 0100;
1982 : 0100;
1983 : 0100;
1984 : 0100;
1985 : 0100;
1986 : 0100;
1987 : 0100;
1988 : 0100;
1989 : 0100;
198A : 0100;
198B : 0100;
198C : 0100;
198D : 0100;
198E : 0100;
198F : 0100;
1990 : 0100;
1991 : 0100;
1992 : 0100;
1993 : 0100;
1994 : 0100;
1995 : 0100;
1996 : 0100;
1997 : 0100;
1998 : 0100;
1999 : 0100;
199A : 0100;
199B : 0100;
199C : 0100;
199D : 0100;
199E : 0100;
199F : 0100;
19A0 : 0100;
19A1 : 0100;
19A2 : 0100;
19A3 : 0100;
19A4 : 0100;
19A5 : 0100;
19A6 : 0100;
19A7 : 0100;
19A8 : 0100;
19A9 : 0100;
19AA : 0100;
19AB : 0100;
19AC : 0100;
19AD : 0100;
19AE : 0100;
19AF : 0100;
19B0 : 0100;
19B1 : 0100;
19B2 : 0100;
19B3 : 0100;
19B4 : 0100;
19B5 : 0100;
19B6 : 0100;
19B7 : 0100;
19B8 : 0100;
19B9 : 0100;
19BA : 0100;
19BB : 0100;
19BC : 0100;
19BD : 0100;
19BE : 0100;
19BF : 0100;
19C0 : 0100;
19C1 : 0100;
19C2 : 0100;
19C3 : 0100;
19C4 : 0100;
19C5 : 0100;
19C6 : 0100;
19C7 : 0100;
19C8 : 0100;
19C9 : 0100;
19CA : 0100;
19CB : 0100;
19CC : 0100;
19CD : 0100;
19CE : 0100;
19CF : 0100;
19D0 : 0100;
19D1 : 0100;
19D2 : 0100;
19D3 : 0100;
19D4 : 0100;
19D5 : 0100;
19D6 : 0100;
19D7 : 0100;
19D8 : 0100;
19D9 : 0100;
19DA : 0100;
19DB : 0100;
19DC : 0100;
19DD : 0100;
19DE : 0100;
19DF : 0100;
19E0 : 0100;
19E1 : 0100;
19E2 : 0100;
19E3 : 0100;
19E4 : 0100;
19E5 : 0100;
19E6 : 0100;
19E7 : 0100;
19E8 : 0100;
19E9 : 0100;
19EA : 0100;
19EB : 0100;
19EC : 0100;
19ED : 0100;
19EE : 0100;
19EF : 0100;
19F0 : 0100;
19F1 : 0100;
19F2 : 0100;
19F3 : 0100;
19F4 : 0100;
19F5 : 0100;
19F6 : 0100;
19F7 : 0100;
19F8 : 0100;
19F9 : 0100;
19FA : 0100;
19FB : 0100;
19FC : 0100;
19FD : 0100;
19FE : 0100;
19FF : 0100;
1A00 : 0100;
1A01 : 0100;
1A02 : 0100;
1A03 : 0100;
1A04 : 0100;
1A05 : 0100;
1A06 : 0100;
1A07 : 0100;
1A08 : 0100;
1A09 : 0100;
1A0A : 0100;
1A0B : 0100;
1A0C : 0100;
1A0D : 0100;
1A0E : 0100;
1A0F : 0100;
1A10 : 0100;
1A11 : 0100;
1A12 : 0100;
1A13 : 0100;
1A14 : 0100;
1A15 : 0100;
1A16 : 0100;
1A17 : 0100;
1A18 : 0100;
1A19 : 0100;
1A1A : 0100;
1A1B : 0100;
1A1C : 0100;
1A1D : 0100;
1A1E : 0100;
1A1F : 0100;
1A20 : 0100;
1A21 : 0100;
1A22 : 0100;
1A23 : 0100;
1A24 : 0100;
1A25 : 0100;
1A26 : 0100;
1A27 : 0100;
1A28 : 0100;
1A29 : 0100;
1A2A : 0100;
1A2B : 0100;
1A2C : 0100;
1A2D : 0100;
1A2E : 0100;
1A2F : 0100;
1A30 : 0100;
1A31 : 0100;
1A32 : 0100;
1A33 : 0100;
1A34 : 0100;
1A35 : 0100;
1A36 : 0100;
1A37 : 0100;
1A38 : 0100;
1A39 : 0100;
1A3A : 0100;
1A3B : 0100;
1A3C : 0100;
1A3D : 0100;
1A3E : 0100;
1A3F : 0100;
1A40 : 0100;
1A41 : 0100;
1A42 : 0100;
1A43 : 0100;
1A44 : 0100;
1A45 : 0100;
1A46 : 0100;
1A47 : 0100;
1A48 : 0100;
1A49 : 0100;
1A4A : 0100;
1A4B : 0100;
1A4C : 0100;
1A4D : 0100;
1A4E : 0100;
1A4F : 0100;
1A50 : 0100;
1A51 : 0100;
1A52 : 0100;
1A53 : 0100;
1A54 : 0100;
1A55 : 0100;
1A56 : 0100;
1A57 : 0100;
1A58 : 0100;
1A59 : 0100;
1A5A : 0100;
1A5B : 0100;
1A5C : 0100;
1A5D : 0100;
1A5E : 0100;
1A5F : 0100;
1A60 : 0100;
1A61 : 0100;
1A62 : 0100;
1A63 : 0100;
1A64 : 0100;
1A65 : 0100;
1A66 : 0100;
1A67 : 0100;
1A68 : 0100;
1A69 : 0100;
1A6A : 0100;
1A6B : 0100;
1A6C : 0100;
1A6D : 0100;
1A6E : 0100;
1A6F : 0100;
1A70 : 0100;
1A71 : 0100;
1A72 : 0100;
1A73 : 0100;
1A74 : 0100;
1A75 : 0100;
1A76 : 0100;
1A77 : 0100;
1A78 : 0100;
1A79 : 0100;
1A7A : 0100;
1A7B : 0100;
1A7C : 0100;
1A7D : 0100;
1A7E : 0100;
1A7F : 0100;
1A80 : 0100;
1A81 : 0100;
1A82 : 0100;
1A83 : 0100;
1A84 : 0100;
1A85 : 0100;
1A86 : 0100;
1A87 : 0100;
1A88 : 0100;
1A89 : 0100;
1A8A : 0100;
1A8B : 0100;
1A8C : 0100;
1A8D : 0100;
1A8E : 0100;
1A8F : 0100;
1A90 : 0100;
1A91 : 0100;
1A92 : 0100;
1A93 : 0100;
1A94 : 0100;
1A95 : 0100;
1A96 : 0100;
1A97 : 0100;
1A98 : 0100;
1A99 : 0100;
1A9A : 0100;
1A9B : 0100;
1A9C : 0100;
1A9D : 0100;
1A9E : 0100;
1A9F : 0100;
1AA0 : 0100;
1AA1 : 0100;
1AA2 : 0100;
1AA3 : 0100;
1AA4 : 0100;
1AA5 : 0100;
1AA6 : 0100;
1AA7 : 0100;
1AA8 : 0100;
1AA9 : 0100;
1AAA : 0100;
1AAB : 0100;
1AAC : 0100;
1AAD : 0100;
1AAE : 0100;
1AAF : 0100;
1AB0 : 0100;
1AB1 : 0100;
1AB2 : 0100;
1AB3 : 0100;
1AB4 : 0100;
1AB5 : 0100;
1AB6 : 0100;
1AB7 : 0100;
1AB8 : 0100;
1AB9 : 0100;
1ABA : 0100;
1ABB : 0100;
1ABC : 0100;
1ABD : 0100;
1ABE : 0100;
1ABF : 0100;
1AC0 : 0100;
1AC1 : 0100;
1AC2 : 0100;
1AC3 : 0100;
1AC4 : 0100;
1AC5 : 0100;
1AC6 : 0100;
1AC7 : 0100;
1AC8 : 0100;
1AC9 : 0100;
1ACA : 0100;
1ACB : 0100;
1ACC : 0100;
1ACD : 0100;
1ACE : 0100;
1ACF : 0100;
1AD0 : 0100;
1AD1 : 0100;
1AD2 : 0100;
1AD3 : 0100;
1AD4 : 0100;
1AD5 : 0100;
1AD6 : 0100;
1AD7 : 0100;
1AD8 : 0100;
1AD9 : 0100;
1ADA : 0100;
1ADB : 0100;
1ADC : 0100;
1ADD : 0100;
1ADE : 0100;
1ADF : 0100;
1AE0 : 0100;
1AE1 : 0100;
1AE2 : 0100;
1AE3 : 0100;
1AE4 : 0100;
1AE5 : 0100;
1AE6 : 0100;
1AE7 : 0100;
1AE8 : 0100;
1AE9 : 0100;
1AEA : 0100;
1AEB : 0100;
1AEC : 0100;
1AED : 0100;
1AEE : 0100;
1AEF : 0100;
1AF0 : 0100;
1AF1 : 0100;
1AF2 : 0100;
1AF3 : 0100;
1AF4 : 0100;
1AF5 : 0100;
1AF6 : 0100;
1AF7 : 0100;
1AF8 : 0100;
1AF9 : 0100;
1AFA : 0100;
1AFB : 0100;
1AFC : 0100;
1AFD : 0100;
1AFE : 0100;
1AFF : 0100;
1B00 : 0100;
1B01 : 0100;
1B02 : 0100;
1B03 : 0100;
1B04 : 0100;
1B05 : 0100;
1B06 : 0100;
1B07 : 0100;
1B08 : 0100;
1B09 : 0100;
1B0A : 0100;
1B0B : 0100;
1B0C : 0100;
1B0D : 0100;
1B0E : 0100;
1B0F : 0100;
1B10 : 0100;
1B11 : 0100;
1B12 : 0100;
1B13 : 0100;
1B14 : 0100;
1B15 : 0100;
1B16 : 0100;
1B17 : 0100;
1B18 : 0100;
1B19 : 0100;
1B1A : 0100;
1B1B : 0100;
1B1C : 0100;
1B1D : 0100;
1B1E : 0100;
1B1F : 0100;
1B20 : 0100;
1B21 : 0100;
1B22 : 0100;
1B23 : 0100;
1B24 : 0100;
1B25 : 0100;
1B26 : 0100;
1B27 : 0100;
1B28 : 0100;
1B29 : 0100;
1B2A : 0100;
1B2B : 0100;
1B2C : 0100;
1B2D : 0100;
1B2E : 0100;
1B2F : 0100;
1B30 : 0100;
1B31 : 0100;
1B32 : 0100;
1B33 : 0100;
1B34 : 0100;
1B35 : 0100;
1B36 : 0100;
1B37 : 0100;
1B38 : 0100;
1B39 : 0100;
1B3A : 0100;
1B3B : 0100;
1B3C : 0100;
1B3D : 0100;
1B3E : 0100;
1B3F : 0100;
1B40 : 0100;
1B41 : 0100;
1B42 : 0100;
1B43 : 0100;
1B44 : 0100;
1B45 : 0100;
1B46 : 0100;
1B47 : 0100;
1B48 : 0100;
1B49 : 0100;
1B4A : 0100;
1B4B : 0100;
1B4C : 0100;
1B4D : 0100;
1B4E : 0100;
1B4F : 0100;
1B50 : 0100;
1B51 : 0100;
1B52 : 0100;
1B53 : 0100;
1B54 : 0100;
1B55 : 0100;
1B56 : 0100;
1B57 : 0100;
1B58 : 0100;
1B59 : 0100;
1B5A : 0100;
1B5B : 0100;
1B5C : 0100;
1B5D : 0100;
1B5E : 0100;
1B5F : 0100;
1B60 : 0100;
1B61 : 0100;
1B62 : 0100;
1B63 : 0100;
1B64 : 0100;
1B65 : 0100;
1B66 : 0100;
1B67 : 0100;
1B68 : 0100;
1B69 : 0100;
1B6A : 0100;
1B6B : 0100;
1B6C : 0100;
1B6D : 0100;
1B6E : 0100;
1B6F : 0100;
1B70 : 0100;
1B71 : 0100;
1B72 : 0100;
1B73 : 0100;
1B74 : 0100;
1B75 : 0100;
1B76 : 0100;
1B77 : 0100;
1B78 : 0100;
1B79 : 0100;
1B7A : 0100;
1B7B : 0100;
1B7C : 0100;
1B7D : 0100;
1B7E : 0100;
1B7F : 0100;
1B80 : 0100;
1B81 : 0100;
1B82 : 0100;
1B83 : 0100;
1B84 : 0100;
1B85 : 0100;
1B86 : 0100;
1B87 : 0100;
1B88 : 0100;
1B89 : 0100;
1B8A : 0100;
1B8B : 0100;
1B8C : 0100;
1B8D : 0100;
1B8E : 0100;
1B8F : 0100;
1B90 : 0100;
1B91 : 0100;
1B92 : 0100;
1B93 : 0100;
1B94 : 0100;
1B95 : 0100;
1B96 : 0100;
1B97 : 0100;
1B98 : 0100;
1B99 : 0100;
1B9A : 0100;
1B9B : 0100;
1B9C : 0100;
1B9D : 0100;
1B9E : 0100;
1B9F : 0100;
1BA0 : 0100;
1BA1 : 0100;
1BA2 : 0100;
1BA3 : 0100;
1BA4 : 0100;
1BA5 : 0100;
1BA6 : 0100;
1BA7 : 0100;
1BA8 : 0100;
1BA9 : 0100;
1BAA : 0100;
1BAB : 0100;
1BAC : 0100;
1BAD : 0100;
1BAE : 0100;
1BAF : 0100;
1BB0 : 0100;
1BB1 : 0100;
1BB2 : 0100;
1BB3 : 0100;
1BB4 : 0100;
1BB5 : 0100;
1BB6 : 0100;
1BB7 : 0100;
1BB8 : 0100;
1BB9 : 0100;
1BBA : 0100;
1BBB : 0100;
1BBC : 0100;
1BBD : 0100;
1BBE : 0100;
1BBF : 0100;
1BC0 : 0100;
1BC1 : 0100;
1BC2 : 0100;
1BC3 : 0100;
1BC4 : 0100;
1BC5 : 0100;
1BC6 : 0100;
1BC7 : 0100;
1BC8 : 0100;
1BC9 : 0100;
1BCA : 0100;
1BCB : 0100;
1BCC : 0100;
1BCD : 0100;
1BCE : 0100;
1BCF : 0100;
1BD0 : 0100;
1BD1 : 0100;
1BD2 : 0100;
1BD3 : 0100;
1BD4 : 0100;
1BD5 : 0100;
1BD6 : 0100;
1BD7 : 0100;
1BD8 : 0100;
1BD9 : 0100;
1BDA : 0100;
1BDB : 0100;
1BDC : 0100;
1BDD : 0100;
1BDE : 0100;
1BDF : 0100;
1BE0 : 0100;
1BE1 : 0100;
1BE2 : 0100;
1BE3 : 0100;
1BE4 : 0100;
1BE5 : 0100;
1BE6 : 0100;
1BE7 : 0100;
1BE8 : 0100;
1BE9 : 0100;
1BEA : 0100;
1BEB : 0100;
1BEC : 0100;
1BED : 0100;
1BEE : 0100;
1BEF : 0100;
1BF0 : 0100;
1BF1 : 0100;
1BF2 : 0100;
1BF3 : 0100;
1BF4 : 0100;
1BF5 : 0100;
1BF6 : 0100;
1BF7 : 0100;
1BF8 : 0100;
1BF9 : 0100;
1BFA : 0100;
1BFB : 0100;
1BFC : 0100;
1BFD : 0100;
1BFE : 0100;
1BFF : 0100;
1C00 : 0100;
1C01 : 0100;
1C02 : 0100;
1C03 : 0100;
1C04 : 0100;
1C05 : 0100;
1C06 : 0100;
1C07 : 0100;
1C08 : 0100;
1C09 : 0100;
1C0A : 0100;
1C0B : 0100;
1C0C : 0100;
1C0D : 0100;
1C0E : 0100;
1C0F : 0100;
1C10 : 0100;
1C11 : 0100;
1C12 : 0100;
1C13 : 0100;
1C14 : 0100;
1C15 : 0100;
1C16 : 0100;
1C17 : 0100;
1C18 : 0100;
1C19 : 0100;
1C1A : 0100;
1C1B : 0100;
1C1C : 0100;
1C1D : 0100;
1C1E : 0100;
1C1F : 0100;
1C20 : 0100;
1C21 : 0100;
1C22 : 0100;
1C23 : 0100;
1C24 : 0100;
1C25 : 0100;
1C26 : 0100;
1C27 : 0100;
1C28 : 0100;
1C29 : 0100;
1C2A : 0100;
1C2B : 0100;
1C2C : 0100;
1C2D : 0100;
1C2E : 0100;
1C2F : 0100;
1C30 : 0100;
1C31 : 0100;
1C32 : 0100;
1C33 : 0100;
1C34 : 0100;
1C35 : 0100;
1C36 : 0100;
1C37 : 0100;
1C38 : 0100;
1C39 : 0100;
1C3A : 0100;
1C3B : 0100;
1C3C : 0100;
1C3D : 0100;
1C3E : 0100;
1C3F : 0100;
1C40 : 0100;
1C41 : 0100;
1C42 : 0100;
1C43 : 0100;
1C44 : 0100;
1C45 : 0100;
1C46 : 0100;
1C47 : 0100;
1C48 : 0100;
1C49 : 0100;
1C4A : 0100;
1C4B : 0100;
1C4C : 0100;
1C4D : 0100;
1C4E : 0100;
1C4F : 0100;
1C50 : 0100;
1C51 : 0100;
1C52 : 0100;
1C53 : 0100;
1C54 : 0100;
1C55 : 0100;
1C56 : 0100;
1C57 : 0100;
1C58 : 0100;
1C59 : 0100;
1C5A : 0100;
1C5B : 0100;
1C5C : 0100;
1C5D : 0100;
1C5E : 0100;
1C5F : 0100;
1C60 : 0100;
1C61 : 0100;
1C62 : 0100;
1C63 : 0100;
1C64 : 0100;
1C65 : 0100;
1C66 : 0100;
1C67 : 0100;
1C68 : 0100;
1C69 : 0100;
1C6A : 0100;
1C6B : 0100;
1C6C : 0100;
1C6D : 0100;
1C6E : 0100;
1C6F : 0100;
1C70 : 0100;
1C71 : 0100;
1C72 : 0100;
1C73 : 0100;
1C74 : 0100;
1C75 : 0100;
1C76 : 0100;
1C77 : 0100;
1C78 : 0100;
1C79 : 0100;
1C7A : 0100;
1C7B : 0100;
1C7C : 0100;
1C7D : 0100;
1C7E : 0100;
1C7F : 0100;
1C80 : 0100;
1C81 : 0100;
1C82 : 0100;
1C83 : 0100;
1C84 : 0100;
1C85 : 0100;
1C86 : 0100;
1C87 : 0100;
1C88 : 0100;
1C89 : 0100;
1C8A : 0100;
1C8B : 0100;
1C8C : 0100;
1C8D : 0100;
1C8E : 0100;
1C8F : 0100;
1C90 : 0100;
1C91 : 0100;
1C92 : 0100;
1C93 : 0100;
1C94 : 0100;
1C95 : 0100;
1C96 : 0100;
1C97 : 0100;
1C98 : 0100;
1C99 : 0100;
1C9A : 0100;
1C9B : 0100;
1C9C : 0100;
1C9D : 0100;
1C9E : 0100;
1C9F : 0100;
1CA0 : 0100;
1CA1 : 0100;
1CA2 : 0100;
1CA3 : 0100;
1CA4 : 0100;
1CA5 : 0100;
1CA6 : 0100;
1CA7 : 0100;
1CA8 : 0100;
1CA9 : 0100;
1CAA : 0100;
1CAB : 0100;
1CAC : 0100;
1CAD : 0100;
1CAE : 0100;
1CAF : 0100;
1CB0 : 0100;
1CB1 : 0100;
1CB2 : 0100;
1CB3 : 0100;
1CB4 : 0100;
1CB5 : 0100;
1CB6 : 0100;
1CB7 : 0100;
1CB8 : 0100;
1CB9 : 0100;
1CBA : 0100;
1CBB : 0100;
1CBC : 0100;
1CBD : 0100;
1CBE : 0100;
1CBF : 0100;
1CC0 : 0100;
1CC1 : 0100;
1CC2 : 0100;
1CC3 : 0100;
1CC4 : 0100;
1CC5 : 0100;
1CC6 : 0100;
1CC7 : 0100;
1CC8 : 0100;
1CC9 : 0100;
1CCA : 0100;
1CCB : 0100;
1CCC : 0100;
1CCD : 0100;
1CCE : 0100;
1CCF : 0100;
1CD0 : 0100;
1CD1 : 0100;
1CD2 : 0100;
1CD3 : 0100;
1CD4 : 0100;
1CD5 : 0100;
1CD6 : 0100;
1CD7 : 0100;
1CD8 : 0100;
1CD9 : 0100;
1CDA : 0100;
1CDB : 0100;
1CDC : 0100;
1CDD : 0100;
1CDE : 0100;
1CDF : 0100;
1CE0 : 0100;
1CE1 : 0100;
1CE2 : 0100;
1CE3 : 0100;
1CE4 : 0100;
1CE5 : 0100;
1CE6 : 0100;
1CE7 : 0100;
1CE8 : 0100;
1CE9 : 0100;
1CEA : 0100;
1CEB : 0100;
1CEC : 0100;
1CED : 0100;
1CEE : 0100;
1CEF : 0100;
1CF0 : 0100;
1CF1 : 0100;
1CF2 : 0100;
1CF3 : 0100;
1CF4 : 0100;
1CF5 : 0100;
1CF6 : 0100;
1CF7 : 0100;
1CF8 : 0100;
1CF9 : 0100;
1CFA : 0100;
1CFB : 0100;
1CFC : 0100;
1CFD : 0100;
1CFE : 0100;
1CFF : 0100;
1D00 : 0100;
1D01 : 0100;
1D02 : 0100;
1D03 : 0100;
1D04 : 0100;
1D05 : 0100;
1D06 : 0100;
1D07 : 0100;
1D08 : 0100;
1D09 : 0100;
1D0A : 0100;
1D0B : 0100;
1D0C : 0100;
1D0D : 0100;
1D0E : 0100;
1D0F : 0100;
1D10 : 0100;
1D11 : 0100;
1D12 : 0100;
1D13 : 0100;
1D14 : 0100;
1D15 : 0100;
1D16 : 0100;
1D17 : 0100;
1D18 : 0100;
1D19 : 0100;
1D1A : 0100;
1D1B : 0100;
1D1C : 0100;
1D1D : 0100;
1D1E : 0100;
1D1F : 0100;
1D20 : 0100;
1D21 : 0100;
1D22 : 0100;
1D23 : 0100;
1D24 : 0100;
1D25 : 0100;
1D26 : 0100;
1D27 : 0100;
1D28 : 0100;
1D29 : 0100;
1D2A : 0100;
1D2B : 0100;
1D2C : 0100;
1D2D : 0100;
1D2E : 0100;
1D2F : 0100;
1D30 : 0100;
1D31 : 0100;
1D32 : 0100;
1D33 : 0100;
1D34 : 0100;
1D35 : 0100;
1D36 : 0100;
1D37 : 0100;
1D38 : 0100;
1D39 : 0100;
1D3A : 0100;
1D3B : 0100;
1D3C : 0100;
1D3D : 0100;
1D3E : 0100;
1D3F : 0100;
1D40 : 0100;
1D41 : 0100;
1D42 : 0100;
1D43 : 0100;
1D44 : 0100;
1D45 : 0100;
1D46 : 0100;
1D47 : 0100;
1D48 : 0100;
1D49 : 0100;
1D4A : 0100;
1D4B : 0100;
1D4C : 0100;
1D4D : 0100;
1D4E : 0100;
1D4F : 0100;
1D50 : 0100;
1D51 : 0100;
1D52 : 0100;
1D53 : 0100;
1D54 : 0100;
1D55 : 0100;
1D56 : 0100;
1D57 : 0100;
1D58 : 0100;
1D59 : 0100;
1D5A : 0100;
1D5B : 0100;
1D5C : 0100;
1D5D : 0100;
1D5E : 0100;
1D5F : 0100;
1D60 : 0100;
1D61 : 0100;
1D62 : 0100;
1D63 : 0100;
1D64 : 0100;
1D65 : 0100;
1D66 : 0100;
1D67 : 0100;
1D68 : 0100;
1D69 : 0100;
1D6A : 0100;
1D6B : 0100;
1D6C : 0100;
1D6D : 0100;
1D6E : 0100;
1D6F : 0100;
1D70 : 0100;
1D71 : 0100;
1D72 : 0100;
1D73 : 0100;
1D74 : 0100;
1D75 : 0100;
1D76 : 0100;
1D77 : 0100;
1D78 : 0100;
1D79 : 0100;
1D7A : 0100;
1D7B : 0100;
1D7C : 0100;
1D7D : 0100;
1D7E : 0100;
1D7F : 0100;
1D80 : 0100;
1D81 : 0100;
1D82 : 0100;
1D83 : 0100;
1D84 : 0100;
1D85 : 0100;
1D86 : 0100;
1D87 : 0100;
1D88 : 0100;
1D89 : 0100;
1D8A : 0100;
1D8B : 0100;
1D8C : 0100;
1D8D : 0100;
1D8E : 0100;
1D8F : 0100;
1D90 : 0100;
1D91 : 0100;
1D92 : 0100;
1D93 : 0100;
1D94 : 0100;
1D95 : 0100;
1D96 : 0100;
1D97 : 0100;
1D98 : 0100;
1D99 : 0100;
1D9A : 0100;
1D9B : 0100;
1D9C : 0100;
1D9D : 0100;
1D9E : 0100;
1D9F : 0100;
1DA0 : 0100;
1DA1 : 0100;
1DA2 : 0100;
1DA3 : 0100;
1DA4 : 0100;
1DA5 : 0100;
1DA6 : 0100;
1DA7 : 0100;
1DA8 : 0100;
1DA9 : 0100;
1DAA : 0100;
1DAB : 0100;
1DAC : 0100;
1DAD : 0100;
1DAE : 0100;
1DAF : 0100;
1DB0 : 0100;
1DB1 : 0100;
1DB2 : 0100;
1DB3 : 0100;
1DB4 : 0100;
1DB5 : 0100;
1DB6 : 0100;
1DB7 : 0100;
1DB8 : 0100;
1DB9 : 0100;
1DBA : 0100;
1DBB : 0100;
1DBC : 0100;
1DBD : 0100;
1DBE : 0100;
1DBF : 0100;
1DC0 : 0100;
1DC1 : 0100;
1DC2 : 0100;
1DC3 : 0100;
1DC4 : 0100;
1DC5 : 0100;
1DC6 : 0100;
1DC7 : 0100;
1DC8 : 0100;
1DC9 : 0100;
1DCA : 0100;
1DCB : 0100;
1DCC : 0100;
1DCD : 0100;
1DCE : 0100;
1DCF : 0100;
1DD0 : 0100;
1DD1 : 0100;
1DD2 : 0100;
1DD3 : 0100;
1DD4 : 0100;
1DD5 : 0100;
1DD6 : 0100;
1DD7 : 0100;
1DD8 : 0100;
1DD9 : 0100;
1DDA : 0100;
1DDB : 0100;
1DDC : 0100;
1DDD : 0100;
1DDE : 0100;
1DDF : 0100;
1DE0 : 0100;
1DE1 : 0100;
1DE2 : 0100;
1DE3 : 0100;
1DE4 : 0100;
1DE5 : 0100;
1DE6 : 0100;
1DE7 : 0100;
1DE8 : 0100;
1DE9 : 0100;
1DEA : 0100;
1DEB : 0100;
1DEC : 0100;
1DED : 0100;
1DEE : 0100;
1DEF : 0100;
1DF0 : 0100;
1DF1 : 0100;
1DF2 : 0100;
1DF3 : 0100;
1DF4 : 0100;
1DF5 : 0100;
1DF6 : 0100;
1DF7 : 0100;
1DF8 : 0100;
1DF9 : 0100;
1DFA : 0100;
1DFB : 0100;
1DFC : 0100;
1DFD : 0100;
1DFE : 0100;
1DFF : 0100;
1E00 : 0100;
1E01 : 0100;
1E02 : 0100;
1E03 : 0100;
1E04 : 0100;
1E05 : 0100;
1E06 : 0100;
1E07 : 0100;
1E08 : 0100;
1E09 : 0100;
1E0A : 0100;
1E0B : 0100;
1E0C : 0100;
1E0D : 0100;
1E0E : 0100;
1E0F : 0100;
1E10 : 0100;
1E11 : 0100;
1E12 : 0100;
1E13 : 0100;
1E14 : 0100;
1E15 : 0100;
1E16 : 0100;
1E17 : 0100;
1E18 : 0100;
1E19 : 0100;
1E1A : 0100;
1E1B : 0100;
1E1C : 0100;
1E1D : 0100;
1E1E : 0100;
1E1F : 0100;
1E20 : 0100;
1E21 : 0100;
1E22 : 0100;
1E23 : 0100;
1E24 : 0100;
1E25 : 0100;
1E26 : 0100;
1E27 : 0100;
1E28 : 0100;
1E29 : 0100;
1E2A : 0100;
1E2B : 0100;
1E2C : 0100;
1E2D : 0100;
1E2E : 0100;
1E2F : 0100;
1E30 : 0100;
1E31 : 0100;
1E32 : 0100;
1E33 : 0100;
1E34 : 0100;
1E35 : 0100;
1E36 : 0100;
1E37 : 0100;
1E38 : 0100;
1E39 : 0100;
1E3A : 0100;
1E3B : 0100;
1E3C : 0100;
1E3D : 0100;
1E3E : 0100;
1E3F : 0100;
1E40 : 0100;
1E41 : 0100;
1E42 : 0100;
1E43 : 0100;
1E44 : 0100;
1E45 : 0100;
1E46 : 0100;
1E47 : 0100;
1E48 : 0100;
1E49 : 0100;
1E4A : 0100;
1E4B : 0100;
1E4C : 0100;
1E4D : 0100;
1E4E : 0100;
1E4F : 0100;
1E50 : 0100;
1E51 : 0100;
1E52 : 0100;
1E53 : 0100;
1E54 : 0100;
1E55 : 0100;
1E56 : 0100;
1E57 : 0100;
1E58 : 0100;
1E59 : 0100;
1E5A : 0100;
1E5B : 0100;
1E5C : 0100;
1E5D : 0100;
1E5E : 0100;
1E5F : 0100;
1E60 : 0100;
1E61 : 0100;
1E62 : 0100;
1E63 : 0100;
1E64 : 0100;
1E65 : 0100;
1E66 : 0100;
1E67 : 0100;
1E68 : 0100;
1E69 : 0100;
1E6A : 0100;
1E6B : 0100;
1E6C : 0100;
1E6D : 0100;
1E6E : 0100;
1E6F : 0100;
1E70 : 0100;
1E71 : 0100;
1E72 : 0100;
1E73 : 0100;
1E74 : 0100;
1E75 : 0100;
1E76 : 0100;
1E77 : 0100;
1E78 : 0100;
1E79 : 0100;
1E7A : 0100;
1E7B : 0100;
1E7C : 0100;
1E7D : 0100;
1E7E : 0100;
1E7F : 0100;
1E80 : 0100;
1E81 : 0100;
1E82 : 0100;
1E83 : 0100;
1E84 : 0100;
1E85 : 0100;
1E86 : 0100;
1E87 : 0100;
1E88 : 0100;
1E89 : 0100;
1E8A : 0100;
1E8B : 0100;
1E8C : 0100;
1E8D : 0100;
1E8E : 0100;
1E8F : 0100;
1E90 : 0100;
1E91 : 0100;
1E92 : 0100;
1E93 : 0100;
1E94 : 0100;
1E95 : 0100;
1E96 : 0100;
1E97 : 0100;
1E98 : 0100;
1E99 : 0100;
1E9A : 0100;
1E9B : 0100;
1E9C : 0100;
1E9D : 0100;
1E9E : 0100;
1E9F : 0100;
1EA0 : 0100;
1EA1 : 0100;
1EA2 : 0100;
1EA3 : 0100;
1EA4 : 0100;
1EA5 : 0100;
1EA6 : 0100;
1EA7 : 0100;
1EA8 : 0100;
1EA9 : 0100;
1EAA : 0100;
1EAB : 0100;
1EAC : 0100;
1EAD : 0100;
1EAE : 0100;
1EAF : 0100;
1EB0 : 0100;
1EB1 : 0100;
1EB2 : 0100;
1EB3 : 0100;
1EB4 : 0100;
1EB5 : 0100;
1EB6 : 0100;
1EB7 : 0100;
1EB8 : 0100;
1EB9 : 0100;
1EBA : 0100;
1EBB : 0100;
1EBC : 0100;
1EBD : 0100;
1EBE : 0100;
1EBF : 0100;
1EC0 : 0100;
1EC1 : 0100;
1EC2 : 0100;
1EC3 : 0100;
1EC4 : 0100;
1EC5 : 0100;
1EC6 : 0100;
1EC7 : 0100;
1EC8 : 0100;
1EC9 : 0100;
1ECA : 0100;
1ECB : 0100;
1ECC : 0100;
1ECD : 0100;
1ECE : 0100;
1ECF : 0100;
1ED0 : 0100;
1ED1 : 0100;
1ED2 : 0100;
1ED3 : 0100;
1ED4 : 0100;
1ED5 : 0100;
1ED6 : 0100;
1ED7 : 0100;
1ED8 : 0100;
1ED9 : 0100;
1EDA : 0100;
1EDB : 0100;
1EDC : 0100;
1EDD : 0100;
1EDE : 0100;
1EDF : 0100;
1EE0 : 0100;
1EE1 : 0100;
1EE2 : 0100;
1EE3 : 0100;
1EE4 : 0100;
1EE5 : 0100;
1EE6 : 0100;
1EE7 : 0100;
1EE8 : 0100;
1EE9 : 0100;
1EEA : 0100;
1EEB : 0100;
1EEC : 0100;
1EED : 0100;
1EEE : 0100;
1EEF : 0100;
1EF0 : 0100;
1EF1 : 0100;
1EF2 : 0100;
1EF3 : 0100;
1EF4 : 0100;
1EF5 : 0100;
1EF6 : 0100;
1EF7 : 0100;
1EF8 : 0100;
1EF9 : 0100;
1EFA : 0100;
1EFB : 0100;
1EFC : 0100;
1EFD : 0100;
1EFE : 0100;
1EFF : 0100;
1F00 : 0100;
1F01 : 0100;
1F02 : 0100;
1F03 : 0100;
1F04 : 0100;
1F05 : 0100;
1F06 : 0100;
1F07 : 0100;
1F08 : 0100;
1F09 : 0100;
1F0A : 0100;
1F0B : 0100;
1F0C : 0100;
1F0D : 0100;
1F0E : 0100;
1F0F : 0100;
1F10 : 0100;
1F11 : 0100;
1F12 : 0100;
1F13 : 0100;
1F14 : 0100;
1F15 : 0100;
1F16 : 0100;
1F17 : 0100;
1F18 : 0100;
1F19 : 0100;
1F1A : 0100;
1F1B : 0100;
1F1C : 0100;
1F1D : 0100;
1F1E : 0100;
1F1F : 0100;
1F20 : 0100;
1F21 : 0100;
1F22 : 0100;
1F23 : 0100;
1F24 : 0100;
1F25 : 0100;
1F26 : 0100;
1F27 : 0100;
1F28 : 0100;
1F29 : 0100;
1F2A : 0100;
1F2B : 0100;
1F2C : 0100;
1F2D : 0100;
1F2E : 0100;
1F2F : 0100;
1F30 : 0100;
1F31 : 0100;
1F32 : 0100;
1F33 : 0100;
1F34 : 0100;
1F35 : 0100;
1F36 : 0100;
1F37 : 0100;
1F38 : 0100;
1F39 : 0100;
1F3A : 0100;
1F3B : 0100;
1F3C : 0100;
1F3D : 0100;
1F3E : 0100;
1F3F : 0100;
1F40 : 0100;
1F41 : 0100;
1F42 : 0100;
1F43 : 0100;
1F44 : 0100;
1F45 : 0100;
1F46 : 0100;
1F47 : 0100;
1F48 : 0100;
1F49 : 0100;
1F4A : 0100;
1F4B : 0100;
1F4C : 0100;
1F4D : 0100;
1F4E : 0100;
1F4F : 0100;
1F50 : 0100;
1F51 : 0100;
1F52 : 0100;
1F53 : 0100;
1F54 : 0100;
1F55 : 0100;
1F56 : 0100;
1F57 : 0100;
1F58 : 0100;
1F59 : 0100;
1F5A : 0100;
1F5B : 0100;
1F5C : 0100;
1F5D : 0100;
1F5E : 0100;
1F5F : 0100;
1F60 : 0100;
1F61 : 0100;
1F62 : 0100;
1F63 : 0100;
1F64 : 0100;
1F65 : 0100;
1F66 : 0100;
1F67 : 0100;
1F68 : 0100;
1F69 : 0100;
1F6A : 0100;
1F6B : 0100;
1F6C : 0100;
1F6D : 0100;
1F6E : 0100;
1F6F : 0100;
1F70 : 0100;
1F71 : 0100;
1F72 : 0100;
1F73 : 0100;
1F74 : 0100;
1F75 : 0100;
1F76 : 0100;
1F77 : 0100;
1F78 : 0100;
1F79 : 0100;
1F7A : 0100;
1F7B : 0100;
1F7C : 0100;
1F7D : 0100;
1F7E : 0100;
1F7F : 0100;
1F80 : 0100;
1F81 : 0100;
1F82 : 0100;
1F83 : 0100;
1F84 : 0100;
1F85 : 0100;
1F86 : 0100;
1F87 : 0100;
1F88 : 0100;
1F89 : 0100;
1F8A : 0100;
1F8B : 0100;
1F8C : 0100;
1F8D : 0100;
1F8E : 0100;
1F8F : 0100;
1F90 : 0100;
1F91 : 0100;
1F92 : 0100;
1F93 : 0100;
1F94 : 0100;
1F95 : 0100;
1F96 : 0100;
1F97 : 0100;
1F98 : 0100;
1F99 : 0100;
1F9A : 0100;
1F9B : 0100;
1F9C : 0100;
1F9D : 0100;
1F9E : 0100;
1F9F : 0100;
1FA0 : 0100;
1FA1 : 0100;
1FA2 : 0100;
1FA3 : 0100;
1FA4 : 0100;
1FA5 : 0100;
1FA6 : 0100;
1FA7 : 0100;
1FA8 : 0100;
1FA9 : 0100;
1FAA : 0100;
1FAB : 0100;
1FAC : 0100;
1FAD : 0100;
1FAE : 0100;
1FAF : 0100;
1FB0 : 0100;
1FB1 : 0100;
1FB2 : 0100;
1FB3 : 0100;
1FB4 : 0100;
1FB5 : 0100;
1FB6 : 0100;
1FB7 : 0100;
1FB8 : 0100;
1FB9 : 0100;
1FBA : 0100;
1FBB : 0100;
1FBC : 0100;
1FBD : 0100;
1FBE : 0100;
1FBF : 0100;
1FC0 : 0100;
1FC1 : 0100;
1FC2 : 0100;
1FC3 : 0100;
1FC4 : 0100;
1FC5 : 0100;
1FC6 : 0100;
1FC7 : 0100;
1FC8 : 0100;
1FC9 : 0100;
1FCA : 0100;
1FCB : 0100;
1FCC : 0100;
1FCD : 0100;
1FCE : 0100;
1FCF : 0100;
1FD0 : 0100;
1FD1 : 0100;
1FD2 : 0100;
1FD3 : 0100;
1FD4 : 0100;
1FD5 : 0100;
1FD6 : 0100;
1FD7 : 0100;
1FD8 : 0100;
1FD9 : 0100;
1FDA : 0100;
1FDB : 0100;
1FDC : 0100;
1FDD : 0100;
1FDE : 0100;
1FDF : 0100;
1FE0 : 0100;
1FE1 : 0100;
1FE2 : 0100;
1FE3 : 0100;
1FE4 : 0100;
1FE5 : 0100;
1FE6 : 0100;
1FE7 : 0100;
1FE8 : 0100;
1FE9 : 0100;
1FEA : 0100;
1FEB : 0100;
1FEC : 0100;
1FED : 0100;
1FEE : 0100;
1FEF : 0100;
1FF0 : 0100;
1FF1 : 0100;
1FF2 : 0100;
1FF3 : 0100;
1FF4 : 0100;
1FF5 : 0100;
1FF6 : 0100;
1FF7 : 0100;
1FF8 : 0100;
1FF9 : 0100;
1FFA : 0100;
1FFB : 0100;
1FFC : 0100;
1FFD : 0100;
1FFE : 0100;
1FFF : 0100;
END;
=======
0000 : 0000;
0001 : 3c3c;
0002 : 6666;
0003 : 6666;
0004 : 6666;
0005 : 6666;
0006 : 3c3c;
0007 : 0000;
0008 : 0000;
0009 : 1818;
000A : 3838;
000B : 1818;
000C : 1818;
000D : 1818;
000E : 3c3c;
000F : 0000;
0010 : 0000;
0011 : 3c3c;
0012 : 4e4e;
0013 : 0e0e;
0014 : 3c3c;
0015 : 7070;
0016 : 7e7e;
0017 : 0000;
0018 : 0000;
0019 : 7c7c;
001A : 0e0e;
001B : 3c3c;
001C : 0e0e;
001D : 0e0e;
001E : 7c7c;
001F : 0000;
0020 : 0000;
0021 : 3c3c;
0022 : 6c6c;
0023 : 4c4c;
0024 : 4e4e;
0025 : 7e7e;
0026 : 0c0c;
0027 : 0000;
0028 : 0000;
0029 : 7c7c;
002A : 6060;
002B : 7c7c;
002C : 0e0e;
002D : 4e4e;
002E : 3c3c;
002F : 0000;
0030 : 0000;
0031 : 3c3c;
0032 : 6060;
0033 : 7c7c;
0034 : 6666;
0035 : 6666;
0036 : 3c3c;
0037 : 0000;
0038 : 0000;
0039 : 7e7e;
003A : 0606;
003B : 0c0c;
003C : 1818;
003D : 3838;
003E : 3838;
003F : 0000;
0040 : 0000;
0041 : 3c3c;
0042 : 4e4e;
0043 : 3c3c;
0044 : 4e4e;
0045 : 4e4e;
0046 : 3c3c;
0047 : 0000;
0048 : 0000;
0049 : 3c3c;
004A : 4e4e;
004B : 4e4e;
004C : 3e3e;
004D : 0e0e;
004E : 3c3c;
004F : 0000;
0050 : 0000;
0051 : 3c3c;
0052 : 4e4e;
0053 : 4e4e;
0054 : 7e7e;
0055 : 4e4e;
0056 : 4e4e;
0057 : 0000;
0058 : 0000;
0059 : 7c7c;
005A : 6666;
005B : 7c7c;
005C : 6666;
005D : 6666;
005E : 7c7c;
005F : 0000;
0060 : 0000;
0061 : 3c3c;
0062 : 6666;
0063 : 6060;
0064 : 6060;
0065 : 6666;
0066 : 3c3c;
0067 : 0000;
0068 : 0000;
0069 : 7c7c;
006A : 4e4e;
006B : 4e4e;
006C : 4e4e;
006D : 4e4e;
006E : 7c7c;
006F : 0000;
0070 : 0000;
0071 : 7e7e;
0072 : 6060;
0073 : 7c7c;
0074 : 6060;
0075 : 6060;
0076 : 7e7e;
0077 : 0000;
0078 : 0000;
0079 : 7e7e;
007A : 6060;
007B : 6060;
007C : 7c7c;
007D : 6060;
007E : 6060;
007F : 0000;
0080 : 0000;
0081 : 3c3c;
0082 : 6666;
0083 : 6060;
0084 : 6e6e;
0085 : 6666;
0086 : 3e3e;
0087 : 0000;
0088 : 0000;
0089 : 4646;
008A : 4646;
008B : 7e7e;
008C : 4646;
008D : 4646;
008E : 4646;
008F : 0000;
0090 : 0000;
0091 : 3c3c;
0092 : 1818;
0093 : 1818;
0094 : 1818;
0095 : 1818;
0096 : 3c3c;
0097 : 0000;
0098 : 0000;
0099 : 1e1e;
009A : 0c0c;
009B : 0c0c;
009C : 6c6c;
009D : 6c6c;
009E : 3838;
009F : 0000;
00A0 : 0000;
00A1 : 6666;
00A2 : 6c6c;
00A3 : 7878;
00A4 : 7878;
00A5 : 6c6c;
00A6 : 6666;
00A7 : 0000;
00A8 : 0000;
00A9 : 6060;
00AA : 6060;
00AB : 6060;
00AC : 6060;
00AD : 6060;
00AE : 7e7e;
00AF : 0000;
00B0 : 0000;
00B1 : 4646;
00B2 : 6e6e;
00B3 : 7e7e;
00B4 : 5656;
00B5 : 4646;
00B6 : 4646;
00B7 : 0000;
00B8 : 0000;
00B9 : 4646;
00BA : 6666;
00BB : 7676;
00BC : 5e5e;
00BD : 4e4e;
00BE : 4646;
00BF : 0000;
00C0 : 0000;
00C1 : 3c3c;
00C2 : 6666;
00C3 : 6666;
00C4 : 6666;
00C5 : 6666;
00C6 : 3c3c;
00C7 : 0000;
00C8 : 0000;
00C9 : 7c7c;
00CA : 6666;
00CB : 6666;
00CC : 7c7c;
00CD : 6060;
00CE : 6060;
00CF : 0000;
00D0 : 0000;
00D1 : 3c3c;
00D2 : 6262;
00D3 : 6262;
00D4 : 6a6a;
00D5 : 6464;
00D6 : 3a3a;
00D7 : 0000;
00D8 : 0000;
00D9 : 7c7c;
00DA : 6666;
00DB : 6666;
00DC : 7c7c;
00DD : 6868;
00DE : 6666;
00DF : 0000;
00E0 : 0000;
00E1 : 3c3c;
00E2 : 6060;
00E3 : 3c3c;
00E4 : 0e0e;
00E5 : 4e4e;
00E6 : 3c3c;
00E7 : 0000;
00E8 : 0000;
00E9 : 7e7e;
00EA : 1818;
00EB : 1818;
00EC : 1818;
00ED : 1818;
00EE : 1818;
00EF : 0000;
00F0 : 0000;
00F1 : 4646;
00F2 : 4646;
00F3 : 4646;
00F4 : 4646;
00F5 : 4e4e;
00F6 : 3c3c;
00F7 : 0000;
00F8 : 0000;
00F9 : 4646;
00FA : 4646;
00FB : 4646;
00FC : 4646;
00FD : 2c2c;
00FE : 1818;
00FF : 0000;
0100 : 0000;
0101 : 4646;
0102 : 4646;
0103 : 5656;
0104 : 7e7e;
0105 : 6e6e;
0106 : 4646;
0107 : 0000;
0108 : 0000;
0109 : 4646;
010A : 2c2c;
010B : 1818;
010C : 3838;
010D : 6464;
010E : 4242;
010F : 0000;
0110 : 0000;
0111 : 6666;
0112 : 6666;
0113 : 3c3c;
0114 : 1818;
0115 : 1818;
0116 : 1818;
0117 : 0000;
0118 : 0000;
0119 : 7e7e;
011A : 0e0e;
011B : 1c1c;
011C : 3838;
011D : 7070;
011E : 7e7e;
011F : 0000;
0120 : 0000;
0121 : 0000;
0122 : 0000;
0123 : 0000;
0124 : 0000;
0125 : 6060;
0126 : 6060;
0127 : 0000;
0128 : 0000;
0129 : 0000;
012A : 0000;
012B : 3c3c;
012C : 3c3c;
012D : 0000;
012E : 0000;
012F : 0000;
0130 : 0000;
0131 : 0000;
0132 : 2222;
0133 : 1414;
0134 : 0808;
0135 : 1414;
0136 : 2222;
0137 : 0000;
0138 : 0000;
0139 : 3636;
013A : 495f;
013B : 415f;
013C : 417f;
013D : 223e;
013E : 141c;
013F : 0808;
0140 : ffff;
0141 : 81ff;
0142 : bfc1;
0143 : bfc1;
0144 : bfc1;
0145 : bfc1;
0146 : ff81;
0147 : ffff;
0148 : aaaa;
0149 : 0000;
014A : 0000;
014B : 0000;
014C : 0000;
014D : 0000;
014E : 0000;
014F : 0000;
0150 : fefe;
0151 : fefe;
0152 : fefe;
0153 : fefe;
0154 : fefe;
0155 : fefe;
0156 : fefe;
0157 : fefe;
0158 : 7f7f;
0159 : 7f7f;
015A : 7f7f;
015B : 7f7f;
015C : 7f7f;
015D : 7f7f;
015E : 7f7f;
015F : 7f7f;
0160 : 00ff;
0161 : 40ff;
0162 : 02ff;
0163 : 00ff;
0164 : 10ff;
0165 : 80ff;
0166 : 02ff;
0167 : 00ff;
0168 : 10f0;
0169 : 1fff;
016A : 00ff;
016B : 40ff;
016C : 00ff;
016D : 02ff;
016E : 40ff;
016F : 00ff;
0170 : 080f;
0171 : f8ff;
0172 : 00ff;
0173 : 02ff;
0174 : 00ff;
0175 : 40ff;
0176 : 02ff;
0177 : 00ff;
0178 : 0000;
0179 : 0000;
017A : 0000;
017B : 0000;
017C : 0000;
017D : 0000;
017E : 0000;
017F : 0000;
0180 : 0000;
0181 : 0000;
0182 : 1818;
0183 : 3838;
0184 : 1818;
0185 : 1818;
0186 : 1818;
0187 : 3c3c;
0188 : 0000;
0189 : 0000;
018A : 3c3c;
018B : 4e4e;
018C : 4e4e;
018D : 3e3e;
018E : 0e0e;
018F : 3c3c;
0190 : 0000;
0191 : 0000;
0192 : 3c3c;
0193 : 4e4e;
0194 : 3c3c;
0195 : 4e4e;
0196 : 4e4e;
0197 : 3c3c;
0198 : 0000;
0199 : 3838;
019A : 4444;
019B : baba;
019C : a2a2;
019D : baba;
019E : 4444;
019F : 3838;
01A0 : c6c6;
01A1 : e6e6;
01A2 : e6e6;
01A3 : d6d6;
01A4 : d6d6;
01A5 : cece;
01A6 : cece;
01A7 : c6c6;
01A8 : c0c0;
01A9 : c0c0;
01AA : 0000;
01AB : dbdb;
01AC : dddd;
01AD : d9d9;
01AE : d9d9;
01AF : d9d9;
01B0 : 0000;
01B1 : 3030;
01B2 : 7878;
01B3 : 3333;
01B4 : b6b6;
01B5 : b7b7;
01B6 : b6b6;
01B7 : b3b3;
01B8 : 0000;
01B9 : 0000;
01BA : 0000;
01BB : cdcd;
01BC : 6e6e;
01BD : ecec;
01BE : 0c0c;
01BF : ecec;
01C0 : 0101;
01C1 : 0101;
01C2 : 0101;
01C3 : 8f8f;
01C4 : d9d9;
01C5 : d9d9;
01C6 : d9d9;
01C7 : cfcf;
01C8 : 8080;
01C9 : 8080;
01CA : 8080;
01CB : 9e9e;
01CC : b3b3;
01CD : b3b3;
01CE : b3b3;
01CF : 9e9e;
01D0 : 00ff;
01D1 : 00ff;
01D2 : 00ff;
01D3 : 00ef;
01D4 : 00ff;
01D5 : 00ff;
01D6 : 00ff;
01D7 : 00ff;
01D8 : 00ff;
01D9 : 00ff;
01DA : 00ff;
01DB : 00e7;
01DC : 00e7;
01DD : 00ff;
01DE : 00ff;
01DF : 00ff;
01E0 : ff00;
01E1 : ffff;
01E2 : ff00;
01E3 : ff00;
01E4 : 00ff;
01E5 : ff00;
01E6 : 00ff;
01E7 : 00ff;
01E8 : ff00;
01E9 : ffff;
01EA : ff01;
01EB : fe02;
01EC : 02fe;
01ED : fc04;
01EE : 04fc;
01EF : 04fc;
01F0 : ff00;
01F1 : ffff;
01F2 : ff80;
01F3 : 7f40;
01F4 : 40ff;
01F5 : 3fe0;
01F6 : 20ff;
01F7 : 60bf;
01F8 : 00ff;
01F9 : 00ff;
01FA : 01ff;
01FB : 02fe;
01FC : 02fe;
01FD : 04fc;
01FE : 04fc;
01FF : 04fc;
0200 : 00ff;
0201 : 00ff;
0202 : 80ff;
0203 : 407f;
0204 : 40ff;
0205 : 20ff;
0206 : 20ff;
0207 : 60bf;
0208 : ffff;
0209 : ffff;
020A : ffff;
020B : ffff;
020C : ffff;
020D : ffff;
020E : 0000;
020F : 0000;
0210 : 02ff;
0211 : 01ff;
0212 : 01ff;
0213 : 01ff;
0214 : 01ff;
0215 : 01ff;
0216 : 01ff;
0217 : 01ff;
0218 : c07f;
0219 : 80ff;
021A : 80ff;
021B : 80ff;
021C : 80ff;
021D : 80ff;
021E : 80ff;
021F : 80ff;
0220 : 02fe;
0221 : 02fe;
0222 : 03ff;
0223 : 05fc;
0224 : 09f8;
0225 : 12f1;
0226 : 26e1;
0227 : 4cc3;
0228 : c07f;
0229 : c07f;
022A : c0ff;
022B : 60bf;
022C : 709f;
022D : 58af;
022E : dc27;
022F : ce33;
0230 : 00ff;
0231 : 01ff;
0232 : 02fe;
0233 : 04fc;
0234 : 09f8;
0235 : 13f0;
0236 : 27e0;
0237 : 2fe0;
0238 : 9887;
0239 : 3906;
023A : 710e;
023B : e11e;
023C : c33c;
023D : c33c;
023E : 8778;
023F : 8778;
0240 : cb35;
0241 : cd32;
0242 : c53a;
0243 : 8679;
0244 : 8778;
0245 : 8778;
0246 : 837c;
0247 : 837c;
0248 : 00ff;
0249 : 80ff;
024A : c07f;
024B : e03f;
024C : 709f;
024D : b84f;
024E : 9c67;
024F : cc37;
0250 : 4fc0;
0251 : 4fc0;
0252 : 9f80;
0253 : 9f80;
0254 : 9f80;
0255 : 9f80;
0256 : 9f80;
0257 : 9f80;
0258 : 07f8;
0259 : 0ff0;
025A : 0ff0;
025B : 0ff0;
025C : 0ff0;
025D : 0ff0;
025E : 0ff0;
025F : 07f8;
0260 : 837c;
0261 : 817e;
0262 : 817e;
0263 : c13e;
0264 : c03f;
0265 : e01f;
0266 : e01f;
0267 : e01f;
0268 : ce33;
0269 : e61b;
026A : f709;
026B : f30d;
026C : f30d;
026D : f30d;
026E : f30d;
026F : f709;
0270 : 5fc0;
0271 : 4fc0;
0272 : 2fe0;
0273 : 27e0;
0274 : 11f0;
0275 : 4fbf;
0276 : f40c;
0277 : ff07;
0278 : 8778;
0279 : 837c;
027A : c33c;
027B : e11e;
027C : f00f;
027D : ffff;
027E : 00ff;
027F : ffff;
0280 : f00f;
0281 : f00f;
0282 : f10e;
0283 : f10e;
0284 : f906;
0285 : ffff;
0286 : 3fc5;
0287 : ffff;
0288 : e61b;
0289 : ee13;
028A : cc37;
028B : dc27;
028C : b84f;
028D : f3fc;
028E : a3fc;
028F : ffe0;
0290 : 02fe;
0291 : 02fe;
0292 : 43bf;
0293 : e51c;
0294 : 49b8;
0295 : 52b1;
0296 : 66a1;
0297 : cc43;
0298 : 00ff;
0299 : 00ff;
029A : 00ff;
029B : 00ff;
029C : 00ff;
029D : 00ff;
029E : 10ef;
029F : 38c7;
02A0 : 00ff;
02A1 : 04fb;
02A2 : 04fb;
02A3 : 04fb;
02A4 : 04fb;
02A5 : 0ef1;
02A6 : 0ef1;
02A7 : 0ef1;
02A8 : 7c83;
02A9 : fe01;
02AA : fe01;
02AB : fe01;
02AC : 7c83;
02AD : 00ff;
02AE : 7c83;
02AF : 7c83;
02B0 : 0ef1;
02B1 : 1fe0;
02B2 : 1fe0;
02B3 : 1fe0;
02B4 : 1fe0;
02B5 : 1fe0;
02B6 : 7f80;
02B7 : 7f80;
02B8 : 08f7;
02B9 : 14eb;
02BA : 08f7;
02BB : 08f7;
02BC : 1ce3;
02BD : 1ce3;
02BE : 9c63;
02BF : fe01;
02C0 : 0000;
02C1 : 6060;
02C2 : 7070;
02C3 : 7878;
02C4 : 7878;
02C5 : 7070;
02C6 : 6060;
02C7 : 0000;
02C8 : 0000;
02C9 : 3030;
02CA : 7070;
02CB : 3030;
02CC : 3030;
02CD : 3030;
02CE : 7878;
02CF : 0000;
02D0 : e0e0;
02D1 : e0f0;
02D2 : e0fb;
02D3 : e0fc;
02D4 : e1fc;
02D5 : e1fc;
02D6 : e1fc;
02D7 : e1fc;
02D8 : 0000;
02D9 : 0000;
02DA : 00ff;
02DB : 0000;
02DC : ff00;
02DD : 0000;
02DE : 0000;
02DF : 0000;
02E0 : 0707;
02E1 : 070f;
02E2 : 07df;
02E3 : 073f;
02E4 : 873f;
02E5 : 873f;
02E6 : 873f;
02E7 : 873f;
02E8 : e1fc;
02E9 : e1fc;
02EA : e1fc;
02EB : e1fc;
02EC : e1fc;
02ED : e1fc;
02EE : e1fc;
02EF : e1fc;
02F0 : 873f;
02F1 : 873f;
02F2 : 873f;
02F3 : 873f;
02F4 : 873f;
02F5 : 873f;
02F6 : 873f;
02F7 : 873f;
02F8 : e1fc;
02F9 : e1fc;
02FA : e1fc;
02FB : e1fc;
02FC : e0fc;
02FD : e7ff;
02FE : efff;
02FF : ffe0;
0300 : 0000;
0301 : 0000;
0302 : 0000;
0303 : ff00;
0304 : 0000;
0305 : ffff;
0306 : ffff;
0307 : ff00;
0308 : 873f;
0309 : 873f;
030A : 873f;
030B : 873f;
030C : 073f;
030D : e7ff;
030E : f7ff;
030F : ff07;
0310 : 00f8;
0311 : 00e0;
0312 : 00c0;
0313 : 0080;
0314 : 0080;
0315 : 0000;
0316 : 0000;
0317 : 0000;
0318 : 007f;
0319 : 001f;
031A : 000f;
031B : 0007;
031C : 0007;
031D : 0003;
031E : 0003;
031F : 0003;
0320 : 0000;
0321 : 0080;
0322 : 0080;
0323 : 00c0;
0324 : 00e0;
0325 : 00f8;
0326 : 00ff;
0327 : 00ff;
0328 : 0003;
0329 : 0007;
032A : 0007;
032B : 000f;
032C : 001f;
032D : 007f;
032E : 00ff;
032F : 00ff;
0330 : 0101;
0331 : 0101;
0332 : 8181;
0333 : c1c1;
0334 : c1c1;
0335 : e1e1;
0336 : f1f1;
0337 : f9f9;
0338 : fefe;
0339 : fefe;
033A : fefe;
033B : fefe;
033C : fefe;
033D : fefe;
033E : fefe;
033F : fefe;
0340 : 7e7e;
0341 : 7f7f;
0342 : 7f7f;
0343 : 7f7f;
0344 : 7f7f;
0345 : 7f7f;
0346 : 7f7f;
0347 : 7f7f;
0348 : 7f7f;
0349 : 3f3f;
034A : 9f9f;
034B : 8f8f;
034C : cfcf;
034D : e7e7;
034E : f3f3;
034F : f7f7;
0350 : e0e0;
0351 : e0e0;
0352 : e0e0;
0353 : e0e0;
0354 : e0e0;
0355 : c0c0;
0356 : c0c0;
0357 : 8080;
0358 : f0f0;
0359 : f0f0;
035A : f0f0;
035B : f0f0;
035C : f0f0;
035D : f0f0;
035E : f0f0;
035F : f0f0;
0360 : 0000;
0361 : 7c7c;
0362 : 4747;
0363 : 4141;
0364 : 4040;
0365 : 4040;
0366 : 4040;
0367 : 407f;
0368 : 0000;
0369 : 0101;
036A : 0101;
036B : 8181;
036C : c1c1;
036D : 4141;
036E : 6161;
036F : 61e1;
0370 : 0000;
0371 : fefe;
0372 : 0606;
0373 : 0606;
0374 : 0606;
0375 : 0606;
0376 : 0606;
0377 : 06fe;
0378 : 0000;
0379 : 1b1b;
037A : 3232;
037B : 5959;
037C : 4c4c;
037D : 8c8c;
037E : 8686;
037F : 83ff;
0380 : 0000;
0381 : ffff;
0382 : 0101;
0383 : 0101;
0384 : 8181;
0385 : 4141;
0386 : 4141;
0387 : 213f;
0388 : 0000;
0389 : bebe;
038A : 8888;
038B : 8888;
038C : 8888;
038D : 8888;
038E : 8080;
038F : 8080;
0390 : 0000;
0391 : 8888;
0392 : d8d8;
0393 : a8a8;
0394 : 8888;
0395 : 8888;
0396 : 0000;
0397 : 0000;
0398 : 407f;
0399 : 407f;
039A : 407f;
039B : 407f;
039C : 407f;
039D : 407f;
039E : 407f;
039F : 7f47;
03A0 : 61e1;
03A1 : 61e1;
03A2 : 61e1;
03A3 : 61e1;
03A4 : 61e1;
03A5 : c1c1;
03A6 : c1c1;
03A7 : 8181;
03A8 : 06fe;
03A9 : 06fe;
03AA : 06fe;
03AB : 06fe;
03AC : 06fe;
03AD : 06fe;
03AE : 06fe;
03AF : fe06;
03B0 : 83ff;
03B1 : 81ff;
03B2 : 407f;
03B3 : 407f;
03B4 : 407f;
03B5 : 203f;
03B6 : 203f;
03B7 : 1f10;
03B8 : 111f;
03B9 : 919f;
03BA : c9cf;
03BB : c5c7;
03BC : 63e3;
03BD : 33f3;
03BE : 19f9;
03BF : f808;
03C0 : 8080;
03C1 : 8080;
03C2 : 8080;
03C3 : 8080;
03C4 : 8080;
03C5 : 8080;
03C6 : 8080;
03C7 : 8080;
03C8 : 7f5f;
03C9 : 7878;
03CA : 6060;
03CB : 7050;
03CC : 7050;
03CD : 7848;
03CE : 7c44;
03CF : 7e7e;
03D0 : 0101;
03D1 : 0101;
03D2 : 0101;
03D3 : 0101;
03D4 : 0101;
03D5 : 0101;
03D6 : 0101;
03D7 : 0101;
03D8 : fe06;
03D9 : fe06;
03DA : fe06;
03DB : fe06;
03DC : fe06;
03DD : fe06;
03DE : fe06;
03DF : fefe;
03E0 : 0f08;
03E1 : 4744;
03E2 : 6764;
03E3 : 7372;
03E4 : 7151;
03E5 : 7959;
03E6 : 7c4c;
03E7 : 7e7e;
03E8 : fc0c;
03E9 : fe06;
03EA : ff03;
03EB : ff01;
03EC : ff01;
03ED : ff00;
03EE : ff80;
03EF : 7f7f;
03F0 : 0000;
03F1 : 0000;
03F2 : 0000;
03F3 : 8080;
03F4 : 8080;
03F5 : c0c0;
03F6 : c0c0;
03F7 : e0e0;
03F8 : 7e7e;
03F9 : 7f7f;
03FA : 7f7f;
03FB : 7f7f;
03FC : 7f7f;
03FD : 7f7f;
03FE : 7f7f;
03FF : 7f7f;
0400 : 0000;
0401 : 0303;
0402 : 0202;
0403 : 0202;
0404 : 0202;
0405 : 0202;
0406 : 0202;
0407 : 0203;
0408 : 0000;
0409 : fbfb;
040A : 0a0a;
040B : 1212;
040C : 2222;
040D : 2222;
040E : 4242;
040F : 42c3;
0410 : 0000;
0411 : fdfd;
0412 : 0d0d;
0413 : 0c0c;
0414 : 0c0c;
0415 : 0c0c;
0416 : 0c0c;
0417 : 0cfc;
0418 : 0000;
0419 : fcfc;
041A : 0c0c;
041B : 8c8c;
041C : 4c4c;
041D : 4c4c;
041E : 2c2c;
041F : 2c3c;
0420 : 0203;
0421 : 0203;
0422 : 0303;
0423 : 0303;
0424 : 0202;
0425 : 0000;
0426 : 0000;
0427 : 0000;
0428 : 8283;
0429 : 8283;
042A : 0203;
042B : 0203;
042C : 0203;
042D : 0203;
042E : 0203;
042F : 0302;
0430 : 0cfc;
0431 : 0cfc;
0432 : 0cfc;
0433 : 0cfc;
0434 : 0cfc;
0435 : 0cfc;
0436 : 0cfc;
0437 : fc0c;
0438 : 1c1c;
0439 : 1c1c;
043A : 0c0c;
043B : 0c0c;
043C : 0404;
043D : 0000;
043E : 0000;
043F : 0000;
0440 : 0302;
0441 : 0302;
0442 : 0302;
0443 : 0302;
0444 : 0302;
0445 : 0302;
0446 : 0302;
0447 : 0303;
0448 : fc0c;
0449 : fc0c;
044A : fc0c;
044B : fc0c;
044C : fc0c;
044D : fc0c;
044E : fc0c;
044F : fcfc;
0450 : 0303;
0451 : 0303;
0452 : 0303;
0453 : 0303;
0454 : 0303;
0455 : 0303;
0456 : 0303;
0457 : 0303;
0458 : fcfc;
0459 : fcfc;
045A : fcfc;
045B : fcfc;
045C : fcfc;
045D : fcfc;
045E : fcfc;
045F : fcfc;
0460 : 00ff;
0461 : 00ff;
0462 : 00ff;
0463 : 00ff;
0464 : 00ff;
0465 : 00ff;
0466 : 00ff;
0467 : 00ff;
0468 : ff00;
0469 : ff00;
046A : ff00;
046B : ff00;
046C : ff00;
046D : ff00;
046E : ff00;
046F : ff00;
0470 : ffff;
0471 : ffff;
0472 : ffff;
0473 : ffff;
0474 : ffff;
0475 : ffff;
0476 : ffff;
0477 : ffff;
0478 : 0000;
0479 : 0101;
047A : 0303;
047B : 0707;
047C : 0f0f;
047D : 1f1f;
047E : 3f3f;
047F : 7f7f;
0480 : 0000;
0481 : ffff;
0482 : 8383;
0483 : 8383;
0484 : 8383;
0485 : 8383;
0486 : 8383;
0487 : 83ff;
0488 : 0000;
0489 : 7f7f;
048A : 2020;
048B : 1010;
048C : 0808;
048D : 0404;
048E : 0202;
048F : 0101;
0490 : 0000;
0491 : f3f3;
0492 : 3232;
0493 : 3232;
0494 : 3232;
0495 : 3232;
0496 : 3232;
0497 : 32f3;
0498 : 83ff;
0499 : 83ff;
049A : 83ff;
049B : 83ff;
049C : 83ff;
049D : 83ff;
049E : 83ff;
049F : ff83;
04A0 : 0000;
04A1 : 0000;
04A2 : 0101;
04A3 : 0303;
04A4 : 0707;
04A5 : 0b0f;
04A6 : 131f;
04A7 : 3f23;
04A8 : b2f3;
04A9 : 7273;
04AA : 3333;
04AB : 1313;
04AC : 0202;
04AD : 0000;
04AE : 0000;
04AF : 0000;
04B0 : ff83;
04B1 : ff83;
04B2 : ff83;
04B3 : ff83;
04B4 : ff83;
04B5 : ff83;
04B6 : ff83;
04B7 : ffff;
04B8 : 7f43;
04B9 : 3f23;
04BA : 1f13;
04BB : 0f0b;
04BC : 0707;
04BD : 0303;
04BE : 0101;
04BF : 0000;
04C0 : 0000;
04C1 : 0000;
04C2 : 0000;
04C3 : 0000;
04C4 : 0000;
04C5 : 1010;
04C6 : 3030;
04C7 : 7070;
04C8 : 0000;
04C9 : 7878;
04CA : 9c9c;
04CB : 1c1c;
04CC : 7878;
04CD : e0e0;
04CE : fcfc;
04CF : 0000;
04D0 : 00ff;
04D1 : 0000;
04D2 : 0000;
04D3 : 0000;
04D4 : 0000;
04D5 : 0000;
04D6 : 0000;
04D7 : 0000;
04D8 : 1b1b;
04D9 : 1b1b;
04DA : 0909;
04DB : 0000;
04DC : 0000;
04DD : 0000;
04DE : 0000;
04DF : 0000;
04E0 : 0000;
04E1 : 0000;
04E2 : 0000;
04E3 : 0000;
04E4 : 6060;
04E5 : 6060;
04E6 : 2020;
04E7 : 0000;
04E8 : 1b1b;
04E9 : 1b1b;
04EA : 0909;
04EB : 0000;
04EC : 0000;
04ED : 6060;
04EE : 6060;
04EF : 0000;
04F0 : 2f2f;
04F1 : 2f2f;
04F2 : 2f2f;
04F3 : 2f2f;
04F4 : 2f2f;
04F5 : 2f2f;
04F6 : 2f2f;
04F7 : 2f2f;
04F8 : 2f2f;
04F9 : 2f2f;
04FA : 1d9b;
04FB : 2f16;
04FC : 170a;
04FD : 2f0d;
04FE : 0133;
04FF : 0809;
0500 : 2f07;
0501 : 150e;
0502 : 1b18;
0503 : 9c10;
0504 : 1d2f;
0505 : 1d0e;
0506 : 121b;
0507 : 2f1c;
0508 : 1215;
0509 : 0e0c;
050A : 1c17;
050B : 0d0e;
050C : 1d2f;
050D : 2f18;
050E : 2f2f;
050F : 2f2f;
0510 : 1e0b;
0511 : 1515;
0512 : 1d0e;
0513 : 1925;
0514 : 181b;
0515 : 0f18;
0516 : 2f2f;
0517 : 2f2f;
0518 : 2f2f;
0519 : 2f2f;
051A : 181c;
051B : 1d0f;
051C : 0a20;
051D : 0e1b;
051E : 0a2f;
051F : 0d17;
0520 : 2f2f;
0521 : 2f2f;
0522 : 2f2f;
0523 : 1c2f;
0524 : 0b1e;
0525 : 1525;
0526 : 0c12;
0527 : 170e;
0528 : 0e1c;
0529 : 2f0d;
052A : 181d;
052B : 2f2f;
052C : 2f2f;
052D : 2f2f;
052E : 2f2f;
052F : 1217;
0530 : 1d17;
0531 : 170e;
0532 : 180d;
0533 : 2f24;
0534 : 2f2f;
0535 : 2f2f;
0536 : 2f2f;
0537 : 2f2f;
0538 : 2f2f;
0539 : 2f2f;
053A : 2f2f;
053B : 2f2f;
053C : 2f2f;
053D : 2f2f;
053E : 2f2f;
053F : 2f2f;
0540 : 332f;
0541 : 0901;
0542 : 0908;
0543 : 0b2f;
0544 : 151e;
0545 : 0e15;
0546 : 251d;
0547 : 1b19;
0548 : 1818;
0549 : 2f0f;
054A : 2f2f;
054B : 2f2f;
054C : 2f2f;
054D : 181c;
054E : 1d0f;
054F : 0a20;
0550 : 0e1b;
0551 : 2f24;
0552 : 2f2f;
0553 : 2f2f;
0554 : 2f2f;
0555 : 332f;
0556 : 3130;
0557 : 3132;
0558 : 342f;
0559 : 3635;
055A : 3837;
055B : 2f39;
055C : 2f2f;
055D : 2f2f;
055E : 2f2f;
055F : 2f2f;
0560 : 2f2f;
0561 : 2f2f;
0562 : 2f2f;
0563 : 2f2f;
0564 : 2f2f;
0565 : 2f2f;
0566 : 2f2f;
0567 : 2f2f;
0568 : 150a;
0569 : 2f15;
056A : 121b;
056B : 1110;
056C : 1c1d;
056D : 1b2f;
056E : 1c0e;
056F : 1b0e;
0570 : 0e1f;
0571 : 240d;
0572 : 2f2f;
0573 : 2f2f;
0574 : 2f2f;
0575 : 2f2f;
0576 : 2f2f;
0577 : 2f2f;
0578 : 2f2f;
0579 : 2f2f;
057A : 2f2f;
057B : 2f2f;
057C : 2f2f;
057D : 1b18;
057E : 1012;
057F : 1712;
0580 : 150a;
0581 : 0c2f;
0582 : 1718;
0583 : 0e0c;
0584 : 1d19;
0585 : 2f9c;
0586 : 0d2f;
0587 : 1c0e;
0588 : 1012;
0589 : 2f17;
058A : 170a;
058B : 2f0d;
058C : 1b19;
058D : 1018;
058E : 0a1b;
058F : 2f16;
0590 : 220b;
0591 : 0a2f;
0592 : 0e15;
0593 : 0e21;
0594 : 2f22;
0595 : 0a19;
0596 : 1123;
0597 : 1d12;
0598 : 1817;
0599 : 9d1f;
059A : 2f2f;
059B : 2f2f;
059C : 2f2f;
059D : 2f2f;
059E : 2f2f;
059F : 2f2f;
05A0 : 2f2f;
05A1 : 2f2f;
05A2 : 2f2f;
05A3 : 2f2f;
05A4 : 8e8e;
05A5 : 8e8e;
05A6 : 8e8e;
05A7 : 8e8e;
05A8 : 8e8e;
05A9 : 8e8e;
05AA : 8e8e;
05AB : 8e8e;
05AC : 8e8e;
05AD : 8e8e;
05AE : 5b5a;
05AF : 5b5b;
05B0 : 5b5b;
05B1 : 5b5b;
05B2 : 5b5b;
05B3 : 5b5b;
05B4 : 5b5b;
05B5 : 5b5b;
05B6 : 5b5b;
05B7 : 5c5b;
05B8 : 805d;
05B9 : 8281;
05BA : 9083;
05BB : 9291;
05BC : 8281;
05BD : 9083;
05BE : 6d6c;
05BF : 6f6e;
05C0 : 7170;
05C1 : 5e72;
05C2 : 845d;
05C3 : 8685;
05C4 : 9387;
05C5 : 9594;
05C6 : 8685;
05C7 : 9387;
05C8 : 7473;
05C9 : 7675;
05CA : 7877;
05CB : 5e2f;
05CC : 2f5d;
05CD : 8988;
05CE : 962f;
05CF : 9897;
05D0 : 8988;
05D1 : 962f;
05D2 : 7a79;
05D3 : 7c7b;
05D4 : 7e7d;
05D5 : 5e2f;
05D6 : 2f5d;
05D7 : 8b8a;
05D8 : 8e2f;
05D9 : 6b8f;
05DA : 8b8a;
05DB : 8e2f;
05DC : 667f;
05DD : 6867;
05DE : 6a69;
05DF : 5e2f;
05E0 : 605f;
05E1 : 6060;
05E2 : 6060;
05E3 : 6060;
05E4 : 6060;
05E5 : 6060;
05E6 : 6060;
05E7 : 6060;
05E8 : 6060;
05E9 : 6160;
05EA : 3c8e;
05EB : 3c3c;
05EC : 3c3c;
05ED : 3c3c;
05EE : 3c3c;
05EF : 3c3c;
05F0 : 3c3c;
05F1 : 3e3d;
05F2 : 3c3c;
05F3 : 8e3c;
05F4 : 8c8e;
05F5 : 628c;
05F6 : 8c63;
05F7 : 3a8c;
05F8 : 8c8c;
05F9 : 8c8c;
05FA : 3a8c;
05FB : 4342;
05FC : 8c3b;
05FD : 8e8c;
05FE : 3a8e;
05FF : 648c;
0600 : 8c65;
0601 : 8c8c;
0602 : 3b8c;
0603 : 8c8c;
0604 : 8c8c;
0605 : 4544;
0606 : 8c8c;
0607 : 8e8c;
0608 : 8c8e;
0609 : 8c8c;
060A : 8c8c;
060B : 8c8c;
060C : 8c8c;
060D : 8c8c;
060E : 468c;
060F : 4847;
0610 : 3f49;
0611 : 8e40;
0612 : 8c8e;
0613 : 8c8c;
0614 : 3a8c;
0615 : 8c8c;
0616 : 8c8c;
0617 : 5453;
0618 : 4a8c;
0619 : 4c4b;
061A : 424d;
061B : 8e43;
061C : 8c8e;
061D : 8c8c;
061E : 8c8c;
061F : 8c8c;
0620 : 548c;
0621 : 5655;
0622 : 4e57;
0623 : 504f;
0624 : 5251;
0625 : 8e45;
0626 : 4141;
0627 : 4141;
0628 : 4141;
0629 : 4141;
062A : 4141;
062B : 4141;
062C : 4141;
062D : 4141;
062E : 4141;
062F : 4141;
0630 : 2f2f;
0631 : 1959;
0632 : 0a15;
0633 : 0e22;
0634 : 2f1b;
0635 : 2f2f;
0636 : 1999;
0637 : 0a15;
0638 : 0e22;
0639 : 2f1b;
063A : 2f2f;
063B : 9a9a;
063C : 9a9a;
063D : 9a9a;
063E : 2f9a;
063F : 2f2f;
0640 : 9a9a;
0641 : 9a9a;
0642 : 9a9a;
0643 : 2f9a;
0644 : 2f2f;
0645 : 2f2f;
0646 : 3033;
0647 : 3231;
0648 : 2f31;
0649 : 3534;
064A : 3736;
064B : 3938;
064C : 2f2f;
064D : 2f2f;
064E : 2f2f;
064F : 2f2f;
0650 : 2f2f;
0651 : 2f2f;
0652 : 2f2f;
0653 : 2f2f;
0654 : 2f2f;
0655 : 2f2f;
0656 : 2f2f;
0657 : 2f2f;
0658 : 4847;
0659 : 4848;
065A : 4848;
065B : 4848;
065C : 4848;
065D : 4848;
065E : 4848;
065F : 4848;
0660 : 4848;
0661 : 4948;
0662 : 2c4a;
0663 : 2c2c;
0664 : 2c2c;
0665 : 2c2c;
0666 : 2c2c;
0667 : 2c2c;
0668 : 2c2c;
0669 : 2c2c;
066A : 2c2c;
066B : 4b2c;
066C : 2c4a;
066D : 2c2c;
066E : 5150;
066F : 5151;
0670 : 5151;
0671 : 5151;
0672 : 5151;
0673 : 2c52;
0674 : 2c2c;
0675 : 4b2c;
0676 : 2c4a;
0677 : 2c2c;
0678 : 1053;
0679 : 160a;
067A : 2f0e;
067B : 221d;
067C : 0e19;
067D : 2c54;
067E : 2c2c;
067F : 4b2c;
0680 : 2c4a;
0681 : 5655;
0682 : 586d;
0683 : 5858;
0684 : 5858;
0685 : 58a9;
0686 : 5858;
0687 : 566e;
0688 : 5a56;
0689 : 4b2c;
068A : 2c4a;
068B : 785b;
068C : 7e77;
068D : 9a7f;
068E : 2f9b;
068F : 79aa;
0690 : 7e77;
0691 : 9a7f;
0692 : 5c9b;
0693 : 4b2c;
0694 : 2c4a;
0695 : 4f2d;
0696 : 4f4f;
0697 : 4f4f;
0698 : 4f4f;
0699 : 4fac;
069A : 4f4f;
069B : 4f4f;
069C : 2e4f;
069D : 4b2c;
069E : 2c4a;
069F : 2c2c;
06A0 : 2c2c;
06A1 : 2c2c;
06A2 : 2c2c;
06A3 : 2c2c;
06A4 : 2c2c;
06A5 : 2c2c;
06A6 : 2c2c;
06A7 : 4b2c;
06A8 : 2c4a;
06A9 : 2c2c;
06AA : 2c2c;
06AB : 2c2c;
06AC : 2c2c;
06AD : 2c2c;
06AE : 2c2c;
06AF : 2c2c;
06B0 : 2c2c;
06B1 : 4b2c;
06B2 : 2c4a;
06B3 : 2c2c;
06B4 : 5150;
06B5 : 5151;
06B6 : 5151;
06B7 : 5151;
06B8 : 5151;
06B9 : 5251;
06BA : 2c2c;
06BB : 4b2c;
06BC : 2c4a;
06BD : 2c2c;
06BE : 1653;
06BF : 1c1e;
06C0 : 0c12;
06C1 : 1d2f;
06C2 : 1922;
06C3 : 540e;
06C4 : 2c2c;
06C5 : 4b2c;
06C6 : 2c4a;
06C7 : 5655;
06C8 : 586d;
06C9 : 5858;
06CA : 5858;
06CB : 58a9;
06CC : 5858;
06CD : 6e58;
06CE : 5a56;
06CF : 4b2c;
06D0 : 2c4a;
06D1 : 785b;
06D2 : 7e77;
06D3 : 9a7f;
06D4 : 2f9b;
06D5 : 79aa;
06D6 : 7e77;
06D7 : 9a7f;
06D8 : 5c9b;
06D9 : 4b2c;
06DA : 2c4a;
06DB : 7271;
06DC : 7272;
06DD : 7272;
06DE : 7272;
06DF : 72ab;
06E0 : 7272;
06E1 : 7272;
06E2 : 7472;
06E3 : 4b2c;
06E4 : 2c4a;
06E5 : 7a5b;
06E6 : 7e77;
06E7 : 9a7f;
06E8 : 2f9b;
06E9 : 2faa;
06EA : 9c9d;
06EB : 2f9c;
06EC : 5c2f;
06ED : 4b2c;
06EE : 2c4a;
06EF : 4f2d;
06F0 : 4f4f;
06F1 : 4f4f;
06F2 : 4f4f;
06F3 : 4fac;
06F4 : 4f4f;
06F5 : 4f4f;
06F6 : 2e4f;
06F7 : 4b2c;
06F8 : 2c4a;
06F9 : 2c2c;
06FA : 2c2c;
06FB : 2c2c;
06FC : 2c2c;
06FD : 2c2c;
06FE : 2c2c;
06FF : 2c2c;
0700 : 2c2c;
0701 : 4b2c;
0702 : 4d4c;
0703 : 4d4d;
0704 : 4d4d;
0705 : 4d4d;
0706 : 4d4d;
0707 : 4d4d;
0708 : 4d4d;
0709 : 4d4d;
070A : 4d4d;
070B : 4e4d;
070C : 4847;
070D : 4848;
070E : 4848;
070F : 4848;
0710 : 4848;
0711 : 4848;
0712 : 4848;
0713 : 4848;
0714 : 4848;
0715 : 4948;
0716 : 2f4a;
0717 : 250a;
0718 : 221d;
0719 : 0e19;
071A : 2c2f;
071B : 2c2c;
071C : 2c2c;
071D : 2c2c;
071E : 2c2c;
071F : 4b2c;
0720 : 2c4a;
0721 : 2c2c;
0722 : 2c2c;
0723 : 2c2c;
0724 : 2c2c;
0725 : 2c2c;
0726 : 2c2c;
0727 : 2c2c;
0728 : 2c2c;
0729 : 4b2c;
072A : 2c4a;
072B : 2c2c;
072C : 2c2c;
072D : 5150;
072E : 5151;
072F : 5151;
0730 : 2c52;
0731 : 2c2c;
0732 : 2c2c;
0733 : 4b2c;
0734 : 2c4a;
0735 : 2c2c;
0736 : 2c2c;
0737 : 1553;
0738 : 1f0e;
0739 : 150e;
073A : 2c54;
073B : 2c2c;
073C : 2c2c;
073D : 4b2c;
073E : 2c4a;
073F : 2c2c;
0740 : 5655;
0741 : 5857;
0742 : 586c;
0743 : 586c;
0744 : 5659;
0745 : 2c5a;
0746 : 2c2c;
0747 : 4b2c;
0748 : 2c4a;
0749 : 2c2c;
074A : 905b;
074B : 916f;
074C : 926f;
074D : 936f;
074E : 946f;
074F : 2c5c;
0750 : 2c2c;
0751 : 4b2c;
0752 : 2c4a;
0753 : 2c2c;
0754 : 7271;
0755 : 7273;
0756 : 7273;
0757 : 7273;
0758 : 7273;
0759 : 2c74;
075A : 2c2c;
075B : 4b2c;
075C : 2c4a;
075D : 2c2c;
075E : 955b;
075F : 966f;
0760 : 976f;
0761 : 986f;
0762 : 996f;
0763 : 2c5c;
0764 : 2c2c;
0765 : 4b2c;
0766 : 2c4a;
0767 : 2c2c;
0768 : 4f2d;
0769 : 4f6b;
076A : 4f6b;
076B : 4f6b;
076C : 4f6b;
076D : 2c2e;
076E : 2c2c;
076F : 4b2c;
0770 : 2c4a;
0771 : 2c2c;
0772 : 5150;
0773 : 5151;
0774 : 5151;
0775 : 5151;
0776 : 5151;
0777 : 2c52;
0778 : 2c2c;
0779 : 4b2c;
077A : 2c4a;
077B : 2c2c;
077C : 1d53;
077D : 1918;
077E : 1c25;
077F : 180c;
0780 : 0e1b;
0781 : 2c54;
0782 : 2c2c;
0783 : 4b2c;
0784 : 554a;
0785 : 7056;
0786 : 586d;
0787 : 5858;
0788 : 5858;
0789 : 5858;
078A : 5858;
078B : 566e;
078C : 5656;
078D : 4b5a;
078E : 5b4a;
078F : 6f01;
0790 : 6060;
0791 : 6060;
0792 : 6060;
0793 : 2f2f;
0794 : 6060;
0795 : 6060;
0796 : 6060;
0797 : 4b5c;
0798 : 5b4a;
0799 : 6f02;
079A : 6060;
079B : 6060;
079C : 6060;
079D : 2f2f;
079E : 6060;
079F : 6060;
07A0 : 6060;
07A1 : 4b5c;
07A2 : 5b4a;
07A3 : 6f03;
07A4 : 6060;
07A5 : 6060;
07A6 : 6060;
07A7 : 2f2f;
07A8 : 6060;
07A9 : 6060;
07AA : 6060;
07AB : 4b5c;
07AC : 2d4a;
07AD : 6b4f;
07AE : 4f4f;
07AF : 4f4f;
07B0 : 4f4f;
07B1 : 4f4f;
07B2 : 4f4f;
07B3 : 4f4f;
07B4 : 4f4f;
07B5 : 4b2e;
07B6 : 4d4c;
07B7 : 4d4d;
07B8 : 4d4d;
07B9 : 4d4d;
07BA : 4d4d;
07BB : 4d4d;
07BC : 4d4d;
07BD : 4d4d;
07BE : 4d4d;
07BF : 4e4d;
07C0 : 4847;
07C1 : 4848;
07C2 : 4848;
07C3 : 4848;
07C4 : 4848;
07C5 : 4848;
07C6 : 4848;
07C7 : 4848;
07C8 : 4848;
07C9 : 4948;
07CA : 2f4a;
07CB : 250b;
07CC : 221d;
07CD : 0e19;
07CE : 2c2f;
07CF : 2c2c;
07D0 : 2c2c;
07D1 : 2c2c;
07D2 : 2c2c;
07D3 : 4b2c;
07D4 : 2c4a;
07D5 : 2c2c;
07D6 : 2c2c;
07D7 : 2c2c;
07D8 : 2c2c;
07D9 : 2c2c;
07DA : 2c2c;
07DB : 2c2c;
07DC : 2c2c;
07DD : 4b2c;
07DE : 2c4a;
07DF : 502c;
07E0 : 5151;
07E1 : 5151;
07E2 : 5251;
07E3 : 2c2c;
07E4 : 5150;
07E5 : 5151;
07E6 : 5251;
07E7 : 4b2c;
07E8 : 2c4a;
07E9 : 532c;
07EA : 0e15;
07EB : 0e1f;
07EC : 5415;
07ED : 2c2c;
07EE : 1153;
07EF : 1012;
07F0 : 5411;
07F1 : 4b2c;
07F2 : 554a;
07F3 : 5756;
07F4 : 6c58;
07F5 : 6c58;
07F6 : 5958;
07F7 : 5a56;
07F8 : 5875;
07F9 : 586c;
07FA : 6e6c;
07FB : 4b5a;
07FC : 5b4a;
07FD : 6f90;
07FE : 6f91;
07FF : 6f92;
0800 : 6f93;
0801 : 5c94;
0802 : 905b;
0803 : 916f;
0804 : 926f;
0805 : 4b5c;
0806 : 714a;
0807 : 7372;
0808 : 0000;
0809 : 0000;
080A : 0000;
080B : 0000;
080C : 0000;
080D : 0000;
080E : 0000;
080F : 0000;
0810 : 0000;
0811 : 0000;
0812 : 0000;
0813 : 0000;
0814 : 0000;
0815 : 0000;
0816 : 0000;
0817 : 0000;
0818 : 0000;
0819 : 0000;
081A : 0000;
081B : 0000;
081C : 0000;
081D : 0000;
081E : 0000;
081F : 0000;
0820 : 0000;
0821 : 0000;
0822 : 0000;
0823 : 0000;
0824 : 0000;
0825 : 0000;
0826 : 0000;
0827 : 0000;
0828 : 0000;
0829 : 0000;
082A : 0000;
082B : 0000;
082C : 0000;
082D : 0000;
082E : 0000;
082F : 0000;
0830 : 0000;
0831 : 0000;
0832 : 0000;
0833 : 0000;
0834 : 0000;
0835 : 0000;
0836 : 0000;
0837 : 0000;
0838 : 0000;
0839 : 0000;
083A : 0000;
083B : 0000;
083C : 0000;
083D : 0000;
083E : 0000;
083F : 0000;
0840 : 0000;
0841 : 0000;
0842 : 0000;
0843 : 0000;
0844 : 0000;
0845 : 0000;
0846 : 0000;
0847 : 0000;
0848 : 0000;
0849 : 0000;
084A : 0000;
084B : 0000;
084C : 0000;
084D : 0000;
084E : 0000;
084F : 0000;
0850 : 0000;
0851 : 0000;
0852 : 0000;
0853 : 0000;
0854 : 0000;
0855 : 0000;
0856 : 0000;
0857 : 0000;
0858 : 0000;
0859 : 0000;
085A : 0000;
085B : 0000;
085C : 0000;
085D : 0000;
085E : 0000;
085F : 0000;
0860 : 0000;
0861 : 0000;
0862 : 0000;
0863 : 0000;
0864 : 0000;
0865 : 0000;
0866 : 0000;
0867 : 0000;
0868 : 0000;
0869 : 0000;
086A : 0000;
086B : 0000;
086C : 0000;
086D : 0000;
086E : 0000;
086F : 0000;
0870 : 0000;
0871 : 0000;
0872 : 0000;
0873 : 0000;
0874 : 0000;
0875 : 0000;
0876 : 0000;
0877 : 0000;
0878 : 0000;
0879 : 0000;
087A : 0000;
087B : 0000;
087C : 0000;
087D : 0000;
087E : 0000;
087F : 0000;
0880 : 0000;
0881 : 0000;
0882 : 0000;
0883 : 0000;
0884 : 0000;
0885 : 0000;
0886 : 0000;
0887 : 0000;
0888 : 0000;
0889 : 0000;
088A : 0000;
088B : 0000;
088C : 0000;
088D : 0000;
088E : 0000;
088F : 0000;
0890 : 0000;
0891 : 0000;
0892 : 0000;
0893 : 0000;
0894 : 0000;
0895 : 0000;
0896 : 0000;
0897 : 0000;
0898 : 0000;
0899 : 0000;
089A : 0000;
089B : 0000;
089C : 0000;
089D : 0000;
089E : 0000;
089F : 0000;
08A0 : 0000;
08A1 : 0000;
08A2 : 0000;
08A3 : 0000;
08A4 : 0000;
08A5 : 0000;
08A6 : 0000;
08A7 : 0000;
08A8 : 0000;
08A9 : 0000;
08AA : 0000;
08AB : 0000;
08AC : 0000;
08AD : 0000;
08AE : 0000;
08AF : 0000;
08B0 : 0000;
08B1 : 0000;
08B2 : 0000;
08B3 : 0000;
08B4 : 0000;
08B5 : 0000;
08B6 : 0000;
08B7 : 0000;
08B8 : 0000;
08B9 : 0000;
08BA : 0000;
08BB : 0000;
08BC : 0000;
08BD : 0000;
08BE : 0000;
08BF : 0000;
08C0 : 0000;
08C1 : 0000;
08C2 : 0000;
08C3 : 0000;
08C4 : 0000;
08C5 : 0000;
08C6 : 0000;
08C7 : 0000;
08C8 : 0000;
08C9 : 0000;
08CA : 0000;
08CB : 0000;
08CC : 0000;
08CD : 0000;
08CE : 0000;
08CF : 0000;
08D0 : 0000;
08D1 : 0000;
08D2 : 0000;
08D3 : 0000;
08D4 : 0000;
08D5 : 0000;
08D6 : 0000;
08D7 : 0000;
08D8 : 0000;
08D9 : 0000;
08DA : 0000;
08DB : 0000;
08DC : 0000;
08DD : 0000;
08DE : 0000;
08DF : 0000;
08E0 : 0000;
08E1 : 0000;
08E2 : 0000;
08E3 : 0000;
08E4 : 0000;
08E5 : 0000;
08E6 : 0000;
08E7 : 0000;
08E8 : 0000;
08E9 : 0000;
08EA : 0000;
08EB : 0000;
08EC : 0000;
08ED : 0000;
08EE : 0000;
08EF : 0000;
08F0 : 0000;
08F1 : 0000;
08F2 : 0000;
08F3 : 0000;
08F4 : 0000;
08F5 : 0000;
08F6 : 0000;
08F7 : 0000;
08F8 : 0000;
08F9 : 0000;
08FA : 0000;
08FB : 0000;
08FC : 0000;
08FD : 0000;
08FE : 0000;
08FF : 0000;
0900 : 0000;
0901 : 0000;
0902 : 0000;
0903 : 0000;
0904 : 0000;
0905 : 0000;
0906 : 0000;
0907 : 0000;
0908 : 0000;
0909 : 0000;
090A : 0000;
090B : 0000;
090C : 0000;
090D : 0000;
090E : 0000;
090F : 0000;
0910 : 0000;
0911 : 0000;
0912 : 0000;
0913 : 0000;
0914 : 0000;
0915 : 0000;
0916 : 0000;
0917 : 0000;
0918 : 0000;
0919 : 0000;
091A : 0000;
091B : 0000;
091C : 0000;
091D : 0000;
091E : 0000;
091F : 0000;
0920 : 0000;
0921 : 0000;
0922 : 0000;
0923 : 0000;
0924 : 0000;
0925 : 0000;
0926 : 0000;
0927 : 0000;
0928 : 0000;
0929 : 0000;
092A : 0000;
092B : 0000;
092C : 0000;
092D : 0000;
092E : 0000;
092F : 0000;
0930 : 0000;
0931 : 0000;
0932 : 0000;
0933 : 0000;
0934 : 0000;
0935 : 0000;
0936 : 0000;
0937 : 0000;
0938 : 0000;
0939 : 0000;
093A : 0000;
093B : 0000;
093C : 0000;
093D : 0000;
093E : 0000;
093F : 0000;
0940 : 0000;
0941 : 0000;
0942 : 0000;
0943 : 0000;
0944 : 0000;
0945 : 0000;
0946 : 0000;
0947 : 0000;
0948 : 0000;
0949 : 0000;
094A : 0000;
094B : 0000;
094C : 0000;
094D : 0000;
094E : 0000;
094F : 0000;
0950 : 0000;
0951 : 0000;
0952 : 0000;
0953 : 0000;
0954 : 0000;
0955 : 0000;
0956 : 0000;
0957 : 0000;
0958 : 0000;
0959 : 0000;
095A : 0000;
095B : 0000;
095C : 0000;
095D : 0000;
095E : 0000;
095F : 0000;
0960 : 0000;
0961 : 0000;
0962 : 0000;
0963 : 0000;
0964 : 0000;
0965 : 0000;
0966 : 0000;
0967 : 0000;
0968 : 0000;
0969 : 0000;
096A : 0000;
096B : 0000;
096C : 0000;
096D : 0000;
096E : 0000;
096F : 0000;
0970 : 0000;
0971 : 0000;
0972 : 0000;
0973 : 0000;
0974 : 0000;
0975 : 0000;
0976 : 0000;
0977 : 0000;
0978 : 0000;
0979 : 0000;
097A : 0000;
097B : 0000;
097C : 0000;
097D : 0000;
097E : 0000;
097F : 0000;
0980 : 0000;
0981 : 0000;
0982 : 0000;
0983 : 0000;
0984 : 0000;
0985 : 0000;
0986 : 0000;
0987 : 0000;
0988 : 0000;
0989 : 0000;
098A : 0000;
098B : 0000;
098C : 0000;
098D : 0000;
098E : 0000;
098F : 0000;
0990 : 0000;
0991 : 0000;
0992 : 0000;
0993 : 0000;
0994 : 0000;
0995 : 0000;
0996 : 0000;
0997 : 0000;
0998 : 0000;
0999 : 0000;
099A : 0000;
099B : 0000;
099C : 0000;
099D : 0000;
099E : 0000;
099F : 0000;
09A0 : 0000;
09A1 : 0000;
09A2 : 0000;
09A3 : 0000;
09A4 : 0000;
09A5 : 0000;
09A6 : 0000;
09A7 : 0000;
09A8 : 0000;
09A9 : 0000;
09AA : 0000;
09AB : 0000;
09AC : 0000;
09AD : 0000;
09AE : 0000;
09AF : 0000;
09B0 : 0000;
09B1 : 0000;
09B2 : 0000;
09B3 : 0000;
09B4 : 0000;
09B5 : 0000;
09B6 : 0000;
09B7 : 0000;
09B8 : 0000;
09B9 : 0000;
09BA : 0000;
09BB : 0000;
09BC : 0000;
09BD : 0000;
09BE : 0000;
09BF : 0000;
09C0 : 0000;
09C1 : 0000;
09C2 : 0000;
09C3 : 0000;
09C4 : 0000;
09C5 : 0000;
09C6 : 0000;
09C7 : 0000;
09C8 : 0000;
09C9 : 0000;
09CA : 0000;
09CB : 0000;
09CC : 0000;
09CD : 0000;
09CE : 0000;
09CF : 0000;
09D0 : 0000;
09D1 : 0000;
09D2 : 0000;
09D3 : 0000;
09D4 : 0000;
09D5 : 0000;
09D6 : 0000;
09D7 : 0000;
09D8 : 0000;
09D9 : 0000;
09DA : 0000;
09DB : 0000;
09DC : 0000;
09DD : 0000;
09DE : 0000;
09DF : 0000;
09E0 : 0000;
09E1 : 0000;
09E2 : 0000;
09E3 : 0000;
09E4 : 0000;
09E5 : 0000;
09E6 : 0000;
09E7 : 0000;
09E8 : 0000;
09E9 : 0000;
09EA : 0000;
09EB : 0000;
09EC : 0000;
09ED : 0000;
09EE : 0000;
09EF : 0000;
09F0 : 0000;
09F1 : 0000;
09F2 : 0000;
09F3 : 0000;
09F4 : 0000;
09F5 : 0000;
09F6 : 0000;
09F7 : 0000;
09F8 : 0000;
09F9 : 0000;
09FA : 0000;
09FB : 0000;
09FC : 0000;
09FD : 0000;
09FE : 0000;
09FF : 0000;
0A00 : 0000;
0A01 : 0000;
0A02 : 0000;
0A03 : 0000;
0A04 : 0000;
0A05 : 0000;
0A06 : 0000;
0A07 : 0000;
0A08 : 0000;
0A09 : 0000;
0A0A : 0000;
0A0B : 0000;
0A0C : 0000;
0A0D : 0000;
0A0E : 0000;
0A0F : 0000;
0A10 : 0000;
0A11 : 0000;
0A12 : 0000;
0A13 : 0000;
0A14 : 0000;
0A15 : 0000;
0A16 : 0000;
0A17 : 0000;
0A18 : 0000;
0A19 : 0000;
0A1A : 0000;
0A1B : 0000;
0A1C : 0000;
0A1D : 0000;
0A1E : 0000;
0A1F : 0000;
0A20 : 0000;
0A21 : 0000;
0A22 : 0000;
0A23 : 0000;
0A24 : 0000;
0A25 : 0000;
0A26 : 0000;
0A27 : 0000;
0A28 : 0000;
0A29 : 0000;
0A2A : 0000;
0A2B : 0000;
0A2C : 0000;
0A2D : 0000;
0A2E : 0000;
0A2F : 0000;
0A30 : 0000;
0A31 : 0000;
0A32 : 0000;
0A33 : 0000;
0A34 : 0000;
0A35 : 0000;
0A36 : 0000;
0A37 : 0000;
0A38 : 0000;
0A39 : 0000;
0A3A : 0000;
0A3B : 0000;
0A3C : 0000;
0A3D : 0000;
0A3E : 0000;
0A3F : 0000;
0A40 : 0000;
0A41 : 0000;
0A42 : 0000;
0A43 : 0000;
0A44 : 0000;
0A45 : 0000;
0A46 : 0000;
0A47 : 0000;
0A48 : 0000;
0A49 : 0000;
0A4A : 0000;
0A4B : 0000;
0A4C : 0000;
0A4D : 0000;
0A4E : 0000;
0A4F : 0000;
0A50 : 0000;
0A51 : 0000;
0A52 : 0000;
0A53 : 0000;
0A54 : 0000;
0A55 : 0000;
0A56 : 0000;
0A57 : 0000;
0A58 : 0000;
0A59 : 0000;
0A5A : 0000;
0A5B : 0000;
0A5C : 0000;
0A5D : 0000;
0A5E : 0000;
0A5F : 0000;
0A60 : 0000;
0A61 : 0000;
0A62 : 0000;
0A63 : 0000;
0A64 : 0000;
0A65 : 0000;
0A66 : 0000;
0A67 : 0000;
0A68 : 0000;
0A69 : 0000;
0A6A : 0000;
0A6B : 0000;
0A6C : 0000;
0A6D : 0000;
0A6E : 0000;
0A6F : 0000;
0A70 : 0000;
0A71 : 0000;
0A72 : 0000;
0A73 : 0000;
0A74 : 0000;
0A75 : 0000;
0A76 : 0000;
0A77 : 0000;
0A78 : 0000;
0A79 : 0000;
0A7A : 0000;
0A7B : 0000;
0A7C : 0000;
0A7D : 0000;
0A7E : 0000;
0A7F : 0000;
0A80 : 0000;
0A81 : 0000;
0A82 : 0000;
0A83 : 0000;
0A84 : 0000;
0A85 : 0000;
0A86 : 0000;
0A87 : 0000;
0A88 : 0000;
0A89 : 0000;
0A8A : 0000;
0A8B : 0000;
0A8C : 0000;
0A8D : 0000;
0A8E : 0000;
0A8F : 0000;
0A90 : 0000;
0A91 : 0000;
0A92 : 0000;
0A93 : 0000;
0A94 : 0000;
0A95 : 0000;
0A96 : 0000;
0A97 : 0000;
0A98 : 0000;
0A99 : 0000;
0A9A : 0000;
0A9B : 0000;
0A9C : 0000;
0A9D : 0000;
0A9E : 0000;
0A9F : 0000;
0AA0 : 0000;
0AA1 : 0000;
0AA2 : 0000;
0AA3 : 0000;
0AA4 : 0000;
0AA5 : 0000;
0AA6 : 0000;
0AA7 : 0000;
0AA8 : 0000;
0AA9 : 0000;
0AAA : 0000;
0AAB : 0000;
0AAC : 0000;
0AAD : 0000;
0AAE : 0000;
0AAF : 0000;
0AB0 : 0000;
0AB1 : 0000;
0AB2 : 0000;
0AB3 : 0000;
0AB4 : 0000;
0AB5 : 0000;
0AB6 : 0000;
0AB7 : 0000;
0AB8 : 0000;
0AB9 : 0000;
0ABA : 0000;
0ABB : 0000;
0ABC : 0000;
0ABD : 0000;
0ABE : 0000;
0ABF : 0000;
0AC0 : 0000;
0AC1 : 0000;
0AC2 : 0000;
0AC3 : 0000;
0AC4 : 0000;
0AC5 : 0000;
0AC6 : 0000;
0AC7 : 0000;
0AC8 : 0000;
0AC9 : 0000;
0ACA : 0000;
0ACB : 0000;
0ACC : 0000;
0ACD : 0000;
0ACE : 0000;
0ACF : 0000;
0AD0 : 0000;
0AD1 : 0000;
0AD2 : 0000;
0AD3 : 0000;
0AD4 : 0000;
0AD5 : 0000;
0AD6 : 0000;
0AD7 : 0000;
0AD8 : 0000;
0AD9 : 0000;
0ADA : 0000;
0ADB : 0000;
0ADC : 0000;
0ADD : 0000;
0ADE : 0000;
0ADF : 0000;
0AE0 : 0000;
0AE1 : 0000;
0AE2 : 0000;
0AE3 : 0000;
0AE4 : 0000;
0AE5 : 0000;
0AE6 : 0000;
0AE7 : 0000;
0AE8 : 0000;
0AE9 : 0000;
0AEA : 0000;
0AEB : 0000;
0AEC : 0000;
0AED : 0000;
0AEE : 0000;
0AEF : 0000;
0AF0 : 0000;
0AF1 : 0000;
0AF2 : 0000;
0AF3 : 0000;
0AF4 : 0000;
0AF5 : 0000;
0AF6 : 0000;
0AF7 : 0000;
0AF8 : 0000;
0AF9 : 0000;
0AFA : 0000;
0AFB : 0000;
0AFC : 0000;
0AFD : 0000;
0AFE : 0000;
0AFF : 0000;
0B00 : 0000;
0B01 : 0000;
0B02 : 0000;
0B03 : 0000;
0B04 : 0000;
0B05 : 0000;
0B06 : 0000;
0B07 : 0000;
0B08 : 0000;
0B09 : 0000;
0B0A : 0000;
0B0B : 0000;
0B0C : 0000;
0B0D : 0000;
0B0E : 0000;
0B0F : 0000;
0B10 : 0000;
0B11 : 0000;
0B12 : 0000;
0B13 : 0000;
0B14 : 0000;
0B15 : 0000;
0B16 : 0000;
0B17 : 0000;
0B18 : 0000;
0B19 : 0000;
0B1A : 0000;
0B1B : 0000;
0B1C : 0000;
0B1D : 0000;
0B1E : 0000;
0B1F : 0000;
0B20 : 0000;
0B21 : 0000;
0B22 : 0000;
0B23 : 0000;
0B24 : 0000;
0B25 : 0000;
0B26 : 0000;
0B27 : 0000;
0B28 : 0000;
0B29 : 0000;
0B2A : 0000;
0B2B : 0000;
0B2C : 0000;
0B2D : 0000;
0B2E : 0000;
0B2F : 0000;
0B30 : 0000;
0B31 : 0000;
0B32 : 0000;
0B33 : 0000;
0B34 : 0000;
0B35 : 0000;
0B36 : 0000;
0B37 : 0000;
0B38 : 0000;
0B39 : 0000;
0B3A : 0000;
0B3B : 0000;
0B3C : 0000;
0B3D : 0000;
0B3E : 0000;
0B3F : 0000;
0B40 : 0000;
0B41 : 0000;
0B42 : 0000;
0B43 : 0000;
0B44 : 0000;
0B45 : 0000;
0B46 : 0000;
0B47 : 0000;
0B48 : 0000;
0B49 : 0000;
0B4A : 0000;
0B4B : 0000;
0B4C : 0000;
0B4D : 0000;
0B4E : 0000;
0B4F : 0000;
0B50 : 0000;
0B51 : 0000;
0B52 : 0000;
0B53 : 0000;
0B54 : 0000;
0B55 : 0000;
0B56 : 0000;
0B57 : 0000;
0B58 : 0000;
0B59 : 0000;
0B5A : 0000;
0B5B : 0000;
0B5C : 0000;
0B5D : 0000;
0B5E : 0000;
0B5F : 0000;
0B60 : 0000;
0B61 : 0000;
0B62 : 0000;
0B63 : 0000;
0B64 : 0000;
0B65 : 0000;
0B66 : 0000;
0B67 : 0000;
0B68 : 0000;
0B69 : 0000;
0B6A : 0000;
0B6B : 0000;
0B6C : 0000;
0B6D : 0000;
0B6E : 0000;
0B6F : 0000;
0B70 : 0000;
0B71 : 0000;
0B72 : 0000;
0B73 : 0000;
0B74 : 0000;
0B75 : 0000;
0B76 : 0000;
0B77 : 0000;
0B78 : 0000;
0B79 : 0000;
0B7A : 0000;
0B7B : 0000;
0B7C : 0000;
0B7D : 0000;
0B7E : 0000;
0B7F : 0000;
0B80 : 0000;
0B81 : 0000;
0B82 : 0000;
0B83 : 0000;
0B84 : 0000;
0B85 : 0000;
0B86 : 0000;
0B87 : 0000;
0B88 : 0000;
0B89 : 0000;
0B8A : 0000;
0B8B : 0000;
0B8C : 0000;
0B8D : 0000;
0B8E : 0000;
0B8F : 0000;
0B90 : 0000;
0B91 : 0000;
0B92 : 0000;
0B93 : 0000;
0B94 : 0000;
0B95 : 0000;
0B96 : 0000;
0B97 : 0000;
0B98 : 0000;
0B99 : 0000;
0B9A : 0000;
0B9B : 0000;
0B9C : 0000;
0B9D : 0000;
0B9E : 0000;
0B9F : 0000;
0BA0 : 0000;
0BA1 : 0000;
0BA2 : 0000;
0BA3 : 0000;
0BA4 : 0000;
0BA5 : 0000;
0BA6 : 0000;
0BA7 : 0000;
0BA8 : 0000;
0BA9 : 0000;
0BAA : 0000;
0BAB : 0000;
0BAC : 0000;
0BAD : 0000;
0BAE : 0000;
0BAF : 0000;
0BB0 : 0000;
0BB1 : 0000;
0BB2 : 0000;
0BB3 : 0000;
0BB4 : 0000;
0BB5 : 0000;
0BB6 : 0000;
0BB7 : 0000;
0BB8 : 0000;
0BB9 : 0000;
0BBA : 0000;
0BBB : 0000;
0BBC : 0000;
0BBD : 0000;
0BBE : 0000;
0BBF : 0000;
0BC0 : 0000;
0BC1 : 0000;
0BC2 : 0000;
0BC3 : 0000;
0BC4 : 0000;
0BC5 : 0000;
0BC6 : 0000;
0BC7 : 0000;
0BC8 : 0000;
0BC9 : 0000;
0BCA : 0000;
0BCB : 0000;
0BCC : 0000;
0BCD : 0000;
0BCE : 0000;
0BCF : 0000;
0BD0 : 0000;
0BD1 : 0000;
0BD2 : 0000;
0BD3 : 0000;
0BD4 : 0000;
0BD5 : 0000;
0BD6 : 0000;
0BD7 : 0000;
0BD8 : 0000;
0BD9 : 0000;
0BDA : 0000;
0BDB : 0000;
0BDC : 0000;
0BDD : 0000;
0BDE : 0000;
0BDF : 0000;
0BE0 : 0000;
0BE1 : 0000;
0BE2 : 0000;
0BE3 : 0000;
0BE4 : 0000;
0BE5 : 0000;
0BE6 : 0000;
0BE7 : 0000;
0BE8 : 0000;
0BE9 : 0000;
0BEA : 0000;
0BEB : 0000;
0BEC : 0000;
0BED : 0000;
0BEE : 0000;
0BEF : 0000;
0BF0 : 0000;
0BF1 : 0000;
0BF2 : 0000;
0BF3 : 0000;
0BF4 : 0000;
0BF5 : 0000;
0BF6 : 0000;
0BF7 : 0000;
0BF8 : 0000;
0BF9 : 0000;
0BFA : 0000;
0BFB : 0000;
0BFC : 0000;
0BFD : 0000;
0BFE : 0000;
0BFF : 0000;
0C00 : 8e8e;
0C01 : 8e8e;
0C02 : 8e8e;
0C03 : 8e8e;
0C04 : 8e8e;
0C05 : 8e8e;
0C06 : 8e8e;
0C07 : 8e8e;
0C08 : 8e8e;
0C09 : 8e8e;
0C0A : 2f2f;
0C0B : 2f2f;
0C0C : 2f2f;
0C0D : 2f2f;
0C0E : 2f2f;
0C0F : 2f2f;
0C10 : 5b5a;
0C11 : 5b5b;
0C12 : 5b5b;
0C13 : 5b5b;
0C14 : 5b5b;
0C15 : 5b5b;
0C16 : 5b5b;
0C17 : 5b5b;
0C18 : 5b5b;
0C19 : 5c5b;
0C1A : 2f2f;
0C1B : 2f2f;
0C1C : 2f2f;
0C1D : 2f2f;
0C1E : 2f2f;
0C1F : 2f2f;
0C20 : 805d;
0C21 : 8281;
0C22 : 9083;
0C23 : 9291;
0C24 : 8281;
0C25 : 9083;
0C26 : 6d6c;
0C27 : 6f6e;
0C28 : 7170;
0C29 : 5e72;
0C2A : 2f2f;
0C2B : 2f2f;
0C2C : 2f2f;
0C2D : 2f2f;
0C2E : 2f2f;
0C2F : 2f2f;
0C30 : 845d;
0C31 : 8685;
0C32 : 9387;
0C33 : 9594;
0C34 : 8685;
0C35 : 9387;
0C36 : 7473;
0C37 : 7675;
0C38 : 7877;
0C39 : 5e2f;
0C3A : 2f2f;
0C3B : 2f2f;
0C3C : 2f2f;
0C3D : 2f2f;
0C3E : 2f2f;
0C3F : 2f2f;
0C40 : 2f5d;
0C41 : 8988;
0C42 : 962f;
0C43 : 9897;
0C44 : 8988;
0C45 : 962f;
0C46 : 7a79;
0C47 : 7c7b;
0C48 : 7e7d;
0C49 : 5e2f;
0C4A : 2f2f;
0C4B : 2f2f;
0C4C : 2f2f;
0C4D : 2f2f;
0C4E : 2f2f;
0C4F : 2f2f;
0C50 : 2f5d;
0C51 : 8b8a;
0C52 : 8e2f;
0C53 : 6b8f;
0C54 : 8b8a;
0C55 : 8e2f;
0C56 : 667f;
0C57 : 6867;
0C58 : 6a69;
0C59 : 5e2f;
0C5A : 2f2f;
0C5B : 2f2f;
0C5C : 2f2f;
0C5D : 2f2f;
0C5E : 2f2f;
0C5F : 2f2f;
0C60 : 605f;
0C61 : 6060;
0C62 : 6060;
0C63 : 6060;
0C64 : 6060;
0C65 : 6060;
0C66 : 6060;
0C67 : 6060;
0C68 : 6060;
0C69 : 6160;
0C6A : 2f2f;
0C6B : 2f2f;
0C6C : 2f2f;
0C6D : 2f2f;
0C6E : 2f2f;
0C6F : 2f2f;
0C70 : 3c8e;
0C71 : 3c3c;
0C72 : 3c3c;
0C73 : 3c3c;
0C74 : 3c3c;
0C75 : 3c3c;
0C76 : 3c3c;
0C77 : 3e3d;
0C78 : 3c3c;
0C79 : 8e3c;
0C7A : 2f2f;
0C7B : 2f2f;
0C7C : 2f2f;
0C7D : 2f2f;
0C7E : 2f2f;
0C7F : 2f2f;
0C80 : 8c8e;
0C81 : 628c;
0C82 : 8c63;
0C83 : 3a8c;
0C84 : 8c8c;
0C85 : 8c8c;
0C86 : 3a8c;
0C87 : 4342;
0C88 : 8c3b;
0C89 : 8e8c;
0C8A : 2f2f;
0C8B : 2f2f;
0C8C : 2f2f;
0C8D : 2f2f;
0C8E : 2f2f;
0C8F : 2f2f;
0C90 : 3a8e;
0C91 : 648c;
0C92 : 8c65;
0C93 : 8c8c;
0C94 : 3b8c;
0C95 : 8c8c;
0C96 : 8c8c;
0C97 : 4544;
0C98 : 8c8c;
0C99 : 8e8c;
0C9A : 2f2f;
0C9B : 2f2f;
0C9C : 2f2f;
0C9D : 2f2f;
0C9E : 2f2f;
0C9F : 2f2f;
0CA0 : 8c8e;
0CA1 : 8c8c;
0CA2 : 8c8c;
0CA3 : 8c8c;
0CA4 : 8c8c;
0CA5 : 8c8c;
0CA6 : 468c;
0CA7 : 4847;
0CA8 : 3f49;
0CA9 : 8e40;
0CAA : 2f2f;
0CAB : 2f2f;
0CAC : 2f2f;
0CAD : 2f2f;
0CAE : 2f2f;
0CAF : 2f2f;
0CB0 : 8c8e;
0CB1 : 8c8c;
0CB2 : 3a8c;
0CB3 : 8c8c;
0CB4 : 8c8c;
0CB5 : 5453;
0CB6 : 4a8c;
0CB7 : 4c4b;
0CB8 : 424d;
0CB9 : 8e43;
0CBA : 2f2f;
0CBB : 2f2f;
0CBC : 2f2f;
0CBD : 2f2f;
0CBE : 2f2f;
0CBF : 2f2f;
0CC0 : 8c8e;
0CC1 : 8c8c;
0CC2 : 8c8c;
0CC3 : 8c8c;
0CC4 : 548c;
0CC5 : 5655;
0CC6 : 4e57;
0CC7 : 504f;
0CC8 : 5251;
0CC9 : 8e45;
0CCA : 2f2f;
0CCB : 2f2f;
0CCC : 2f2f;
0CCD : 2f2f;
0CCE : 2f2f;
0CCF : 2f2f;
0CD0 : 4141;
0CD1 : 4141;
0CD2 : 4141;
0CD3 : 4141;
0CD4 : 4141;
0CD5 : 4141;
0CD6 : 4141;
0CD7 : 4141;
0CD8 : 4141;
0CD9 : 4141;
0CDA : 2f2f;
0CDB : 2f2f;
0CDC : 2f2f;
0CDD : 2f2f;
0CDE : 2f2f;
0CDF : 2f2f;
0CE0 : 2f2f;
0CE1 : 1959;
0CE2 : 0a15;
0CE3 : 0e22;
0CE4 : 2f1b;
0CE5 : 2f2f;
0CE6 : 1999;
0CE7 : 0a15;
0CE8 : 0e22;
0CE9 : 2f1b;
0CEA : 2f2f;
0CEB : 2f2f;
0CEC : 2f2f;
0CED : 2f2f;
0CEE : 2f2f;
0CEF : 2f2f;
0CF0 : 2f2f;
0CF1 : 9a9a;
0CF2 : 9a9a;
0CF3 : 9a9a;
0CF4 : 2f9a;
0CF5 : 2f2f;
0CF6 : 9a9a;
0CF7 : 9a9a;
0CF8 : 9a9a;
0CF9 : 2f9a;
0CFA : 2f2f;
0CFB : 2f2f;
0CFC : 2f2f;
0CFD : 2f2f;
0CFE : 2f2f;
0CFF : 2f2f;
0D00 : 2f2f;
0D01 : 2f2f;
0D02 : 3033;
0D03 : 3231;
0D04 : 2f31;
0D05 : 3534;
0D06 : 3736;
0D07 : 3938;
0D08 : 2f2f;
0D09 : 2f2f;
0D0A : 2f2f;
0D0B : 2f2f;
0D0C : 2f2f;
0D0D : 2f2f;
0D0E : 2f2f;
0D0F : 2f2f;
0D10 : 2f2f;
0D11 : 2f2f;
0D12 : 2f2f;
0D13 : 2f2f;
0D14 : 2f2f;
0D15 : 2f2f;
0D16 : 2f2f;
0D17 : 2f2f;
0D18 : 2f2f;
0D19 : 2f2f;
0D1A : 2f2f;
0D1B : 2f2f;
0D1C : 2f2f;
0D1D : 2f2f;
0D1E : 2f2f;
0D1F : 2f2f;
0D20 : 2f2f;
0D21 : 2f2f;
0D22 : 2f2f;
0D23 : 2f2f;
0D24 : 2f2f;
0D25 : 2f2f;
0D26 : 2f2f;
0D27 : 2f2f;
0D28 : 2f2f;
0D29 : 2f2f;
0D2A : 2f2f;
0D2B : 2f2f;
0D2C : 2f2f;
0D2D : 2f2f;
0D2E : 2f2f;
0D2F : 2f2f;
0D30 : 2f2f;
0D31 : 2f2f;
0D32 : 2f2f;
0D33 : 2f2f;
0D34 : 2f2f;
0D35 : 2f2f;
0D36 : 2f2f;
0D37 : 2f2f;
0D38 : 2f2f;
0D39 : 2f2f;
0D3A : 2f2f;
0D3B : 2f2f;
0D3C : 2f2f;
0D3D : 2f2f;
0D3E : 2f2f;
0D3F : 2f2f;
0D40 : 2f2f;
0D41 : 2f2f;
0D42 : 2f2f;
0D43 : 2f2f;
0D44 : 2f2f;
0D45 : 2f2f;
0D46 : 2f2f;
0D47 : 2f2f;
0D48 : 2f2f;
0D49 : 2f2f;
0D4A : 2f2f;
0D4B : 2f2f;
0D4C : 2f2f;
0D4D : 2f2f;
0D4E : 2f2f;
0D4F : 2f2f;
0D50 : 2f2f;
0D51 : 2f2f;
0D52 : 2f2f;
0D53 : 2f2f;
0D54 : 2f2f;
0D55 : 2f2f;
0D56 : 2f2f;
0D57 : 2f2f;
0D58 : 2f2f;
0D59 : 2f2f;
0D5A : 2f2f;
0D5B : 2f2f;
0D5C : 2f2f;
0D5D : 2f2f;
0D5E : 2f2f;
0D5F : 2f2f;
0D60 : 2f2f;
0D61 : 2f2f;
0D62 : 2f2f;
0D63 : 2f2f;
0D64 : 2f2f;
0D65 : 2f2f;
0D66 : 2f2f;
0D67 : 2f2f;
0D68 : 2f2f;
0D69 : 2f2f;
0D6A : 2f2f;
0D6B : 2f2f;
0D6C : 2f2f;
0D6D : 2f2f;
0D6E : 2f2f;
0D6F : 2f2f;
0D70 : 2f2f;
0D71 : 2f2f;
0D72 : 2f2f;
0D73 : 2f2f;
0D74 : 2f2f;
0D75 : 2f2f;
0D76 : 2f2f;
0D77 : 2f2f;
0D78 : 2f2f;
0D79 : 2f2f;
0D7A : 2f2f;
0D7B : 2f2f;
0D7C : 2f2f;
0D7D : 2f2f;
0D7E : 2f2f;
0D7F : 2f2f;
0D80 : 2f2f;
0D81 : 2f2f;
0D82 : 2f2f;
0D83 : 2f2f;
0D84 : 2f2f;
0D85 : 2f2f;
0D86 : 2f2f;
0D87 : 2f2f;
0D88 : 2f2f;
0D89 : 2f2f;
0D8A : 2f2f;
0D8B : 2f2f;
0D8C : 2f2f;
0D8D : 2f2f;
0D8E : 2f2f;
0D8F : 2f2f;
0D90 : 2f2f;
0D91 : 2f2f;
0D92 : 2f2f;
0D93 : 2f2f;
0D94 : 2f2f;
0D95 : 2f2f;
0D96 : 2f2f;
0D97 : 2f2f;
0D98 : 2f2f;
0D99 : 2f2f;
0D9A : 2f2f;
0D9B : 2f2f;
0D9C : 2f2f;
0D9D : 2f2f;
0D9E : 2f2f;
0D9F : 2f2f;
0DA0 : 2f2f;
0DA1 : 2f2f;
0DA2 : 2f2f;
0DA3 : 2f2f;
0DA4 : 2f2f;
0DA5 : 2f2f;
0DA6 : 2f2f;
0DA7 : 2f2f;
0DA8 : 2f2f;
0DA9 : 2f2f;
0DAA : 2f2f;
0DAB : 2f2f;
0DAC : 2f2f;
0DAD : 2f2f;
0DAE : 2f2f;
0DAF : 2f2f;
0DB0 : 2f2f;
0DB1 : 2f2f;
0DB2 : 2f2f;
0DB3 : 2f2f;
0DB4 : 2f2f;
0DB5 : 2f2f;
0DB6 : 2f2f;
0DB7 : 2f2f;
0DB8 : 2f2f;
0DB9 : 2f2f;
0DBA : 2f2f;
0DBB : 2f2f;
0DBC : 2f2f;
0DBD : 2f2f;
0DBE : 2f2f;
0DBF : 2f2f;
0DC0 : 2f2f;
0DC1 : 2f2f;
0DC2 : 2f2f;
0DC3 : 2f2f;
0DC4 : 2f2f;
0DC5 : 2f2f;
0DC6 : 2f2f;
0DC7 : 2f2f;
0DC8 : 2f2f;
0DC9 : 2f2f;
0DCA : 2f2f;
0DCB : 2f2f;
0DCC : 2f2f;
0DCD : 2f2f;
0DCE : 2f2f;
0DCF : 2f2f;
0DD0 : 2f2f;
0DD1 : 2f2f;
0DD2 : 2f2f;
0DD3 : 2f2f;
0DD4 : 2f2f;
0DD5 : 2f2f;
0DD6 : 2f2f;
0DD7 : 2f2f;
0DD8 : 2f2f;
0DD9 : 2f2f;
0DDA : 2f2f;
0DDB : 2f2f;
0DDC : 2f2f;
0DDD : 2f2f;
0DDE : 2f2f;
0DDF : 2f2f;
0DE0 : 2f2f;
0DE1 : 2f2f;
0DE2 : 2f2f;
0DE3 : 2f2f;
0DE4 : 2f2f;
0DE5 : 2f2f;
0DE6 : 2f2f;
0DE7 : 2f2f;
0DE8 : 2f2f;
0DE9 : 2f2f;
0DEA : 2f2f;
0DEB : 2f2f;
0DEC : 2f2f;
0DED : 2f2f;
0DEE : 2f2f;
0DEF : 2f2f;
0DF0 : 2f2f;
0DF1 : 2f2f;
0DF2 : 2f2f;
0DF3 : 2f2f;
0DF4 : 2f2f;
0DF5 : 2f2f;
0DF6 : 2f2f;
0DF7 : 2f2f;
0DF8 : 2f2f;
0DF9 : 2f2f;
0DFA : 2f2f;
0DFB : 2f2f;
0DFC : 2f2f;
0DFD : 2f2f;
0DFE : 2f2f;
0DFF : 2f2f;
0E00 : 0000;
0E01 : 0000;
0E02 : 0000;
0E03 : 0000;
0E04 : 0000;
0E05 : 0000;
0E06 : 0000;
0E07 : 0000;
0E08 : 0000;
0E09 : 0000;
0E0A : 0000;
0E0B : 0000;
0E0C : 0000;
0E0D : 0000;
0E0E : 0000;
0E0F : 0000;
0E10 : 0000;
0E11 : 0000;
0E12 : 0000;
0E13 : 0000;
0E14 : 0000;
0E15 : 0000;
0E16 : 0000;
0E17 : 0000;
0E18 : 0000;
0E19 : 0000;
0E1A : 0000;
0E1B : 0000;
0E1C : 0000;
0E1D : 0000;
0E1E : 0000;
0E1F : 0000;
0E20 : 0000;
0E21 : 0000;
0E22 : 0000;
0E23 : 0000;
0E24 : 0000;
0E25 : 0000;
0E26 : 0000;
0E27 : 0000;
0E28 : 0000;
0E29 : 0000;
0E2A : 0000;
0E2B : 0000;
0E2C : 0000;
0E2D : 0000;
0E2E : 0000;
0E2F : 0000;
0E30 : 0000;
0E31 : 0000;
0E32 : 0000;
0E33 : 0000;
0E34 : 0000;
0E35 : 0000;
0E36 : 0000;
0E37 : 0000;
0E38 : 0000;
0E39 : 0000;
0E3A : 0000;
0E3B : 0000;
0E3C : 0000;
0E3D : 0000;
0E3E : 0000;
0E3F : 0000;
0E40 : 0000;
0E41 : 0000;
0E42 : 0000;
0E43 : 0000;
0E44 : 0000;
0E45 : 0000;
0E46 : 0000;
0E47 : 0000;
0E48 : 0000;
0E49 : 0000;
0E4A : 0000;
0E4B : 0000;
0E4C : 0000;
0E4D : 0000;
0E4E : 0000;
0E4F : 0000;
0E50 : 0000;
0E51 : 0000;
0E52 : 0000;
0E53 : 0000;
0E54 : 0000;
0E55 : 0000;
0E56 : 0000;
0E57 : 0000;
0E58 : 0000;
0E59 : 0000;
0E5A : 0000;
0E5B : 0000;
0E5C : 0000;
0E5D : 0000;
0E5E : 0000;
0E5F : 0000;
0E60 : 0000;
0E61 : 0000;
0E62 : 0000;
0E63 : 0000;
0E64 : 0000;
0E65 : 0000;
0E66 : 0000;
0E67 : 0000;
0E68 : 0000;
0E69 : 0000;
0E6A : 0000;
0E6B : 0000;
0E6C : 0000;
0E6D : 0000;
0E6E : 0000;
0E6F : 0000;
0E70 : 0000;
0E71 : 0000;
0E72 : 0000;
0E73 : 0000;
0E74 : 0000;
0E75 : 0000;
0E76 : 0000;
0E77 : 0000;
0E78 : 0000;
0E79 : 0000;
0E7A : 0000;
0E7B : 0000;
0E7C : 0000;
0E7D : 0000;
0E7E : 0000;
0E7F : 0000;
0E80 : 0000;
0E81 : 0000;
0E82 : 0000;
0E83 : 0000;
0E84 : 0000;
0E85 : 0000;
0E86 : 0000;
0E87 : 0000;
0E88 : 0000;
0E89 : 0000;
0E8A : 0000;
0E8B : 0000;
0E8C : 0000;
0E8D : 0000;
0E8E : 0000;
0E8F : 0000;
0E90 : 0000;
0E91 : 0000;
0E92 : 0000;
0E93 : 0000;
0E94 : 0000;
0E95 : 0000;
0E96 : 0000;
0E97 : 0000;
0E98 : 0000;
0E99 : 0000;
0E9A : 0000;
0E9B : 0000;
0E9C : 0000;
0E9D : 0000;
0E9E : 0000;
0E9F : 0000;
0EA0 : 0000;
0EA1 : 0000;
0EA2 : 0000;
0EA3 : 0000;
0EA4 : 0000;
0EA5 : 0000;
0EA6 : 0000;
0EA7 : 0000;
0EA8 : 0000;
0EA9 : 0000;
0EAA : 0000;
0EAB : 0000;
0EAC : 0000;
0EAD : 0000;
0EAE : 0000;
0EAF : 0000;
0EB0 : 0000;
0EB1 : 0000;
0EB2 : 0000;
0EB3 : 0000;
0EB4 : 0000;
0EB5 : 0000;
0EB6 : 0000;
0EB7 : 0000;
0EB8 : 0000;
0EB9 : 0000;
0EBA : 0000;
0EBB : 0000;
0EBC : 0000;
0EBD : 0000;
0EBE : 0000;
0EBF : 0000;
0EC0 : 0000;
0EC1 : 0000;
0EC2 : 0000;
0EC3 : 0000;
0EC4 : 0000;
0EC5 : 0000;
0EC6 : 0000;
0EC7 : 0000;
0EC8 : 0000;
0EC9 : 0000;
0ECA : 0000;
0ECB : 0000;
0ECC : 0000;
0ECD : 0000;
0ECE : 0000;
0ECF : 0000;
0ED0 : 0000;
0ED1 : 0000;
0ED2 : 0000;
0ED3 : 0000;
0ED4 : 0000;
0ED5 : 0000;
0ED6 : 0000;
0ED7 : 0000;
0ED8 : 0000;
0ED9 : 0000;
0EDA : 0000;
0EDB : 0000;
0EDC : 0000;
0EDD : 0000;
0EDE : 0000;
0EDF : 0000;
0EE0 : 0000;
0EE1 : 0000;
0EE2 : 0000;
0EE3 : 0000;
0EE4 : 0000;
0EE5 : 0000;
0EE6 : 0000;
0EE7 : 0000;
0EE8 : 0000;
0EE9 : 0000;
0EEA : 0000;
0EEB : 0000;
0EEC : 0000;
0EED : 0000;
0EEE : 0000;
0EEF : 0000;
0EF0 : 0000;
0EF1 : 0000;
0EF2 : 0000;
0EF3 : 0000;
0EF4 : 0000;
0EF5 : 0000;
0EF6 : 0000;
0EF7 : 0000;
0EF8 : 0000;
0EF9 : 0000;
0EFA : 0000;
0EFB : 0000;
0EFC : 0000;
0EFD : 0000;
0EFE : 0000;
0EFF : 0000;
0F00 : 0000;
0F01 : 0000;
0F02 : 0000;
0F03 : 0000;
0F04 : 0000;
0F05 : 0000;
0F06 : 0000;
0F07 : 0000;
0F08 : 0000;
0F09 : 0000;
0F0A : 0000;
0F0B : 0000;
0F0C : 0000;
0F0D : 0000;
0F0E : 0000;
0F0F : 0000;
0F10 : 0000;
0F11 : 0000;
0F12 : 0000;
0F13 : 0000;
0F14 : 0000;
0F15 : 0000;
0F16 : 0000;
0F17 : 0000;
0F18 : 0000;
0F19 : 0000;
0F1A : 0000;
0F1B : 0000;
0F1C : 0000;
0F1D : 0000;
0F1E : 0000;
0F1F : 0000;
0F20 : 0000;
0F21 : 0000;
0F22 : 0000;
0F23 : 0000;
0F24 : 0000;
0F25 : 0000;
0F26 : 0000;
0F27 : 0000;
0F28 : 0000;
0F29 : 0000;
0F2A : 0000;
0F2B : 0000;
0F2C : 0000;
0F2D : 0000;
0F2E : 0000;
0F2F : 0000;
0F30 : 0000;
0F31 : 0000;
0F32 : 0000;
0F33 : 0000;
0F34 : 0000;
0F35 : 0000;
0F36 : 0000;
0F37 : 0000;
0F38 : 0000;
0F39 : 0000;
0F3A : 0000;
0F3B : 0000;
0F3C : 0000;
0F3D : 0000;
0F3E : 0000;
0F3F : 0000;
0F40 : 0000;
0F41 : 0000;
0F42 : 0000;
0F43 : 0000;
0F44 : 0000;
0F45 : 0000;
0F46 : 0000;
0F47 : 0000;
0F48 : 0000;
0F49 : 0000;
0F4A : 0000;
0F4B : 0000;
0F4C : 0000;
0F4D : 0000;
0F4E : 0000;
0F4F : 0000;
0F50 : 0000;
0F51 : 0000;
0F52 : 0000;
0F53 : 0000;
0F54 : 0000;
0F55 : 0000;
0F56 : 0000;
0F57 : 0000;
0F58 : 0000;
0F59 : 0000;
0F5A : 0000;
0F5B : 0000;
0F5C : 0000;
0F5D : 0000;
0F5E : 0000;
0F5F : 0000;
0F60 : 0000;
0F61 : 0000;
0F62 : 0000;
0F63 : 0000;
0F64 : 0000;
0F65 : 0000;
0F66 : 0000;
0F67 : 0000;
0F68 : 0000;
0F69 : 0000;
0F6A : 0000;
0F6B : 0000;
0F6C : 0000;
0F6D : 0000;
0F6E : 0000;
0F6F : 0000;
0F70 : 0000;
0F71 : 0000;
0F72 : 0000;
0F73 : 0000;
0F74 : 0000;
0F75 : 0000;
0F76 : 0000;
0F77 : 0000;
0F78 : 0000;
0F79 : 0000;
0F7A : 0000;
0F7B : 0000;
0F7C : 0000;
0F7D : 0000;
0F7E : 0000;
0F7F : 0000;
0F80 : 0000;
0F81 : 0000;
0F82 : 0000;
0F83 : 0000;
0F84 : 0000;
0F85 : 0000;
0F86 : 0000;
0F87 : 0000;
0F88 : 0000;
0F89 : 0000;
0F8A : 0000;
0F8B : 0000;
0F8C : 0000;
0F8D : 0000;
0F8E : 0000;
0F8F : 0000;
0F90 : 0000;
0F91 : 0000;
0F92 : 0000;
0F93 : 0000;
0F94 : 0000;
0F95 : 0000;
0F96 : 0000;
0F97 : 0000;
0F98 : 0000;
0F99 : 0000;
0F9A : 0000;
0F9B : 0000;
0F9C : 0000;
0F9D : 0000;
0F9E : 0000;
0F9F : 0000;
0FA0 : 0000;
0FA1 : 0000;
0FA2 : 0000;
0FA3 : 0000;
0FA4 : 0000;
0FA5 : 0000;
0FA6 : 0000;
0FA7 : 0000;
0FA8 : 0000;
0FA9 : 0000;
0FAA : 0000;
0FAB : 0000;
0FAC : 0000;
0FAD : 0000;
0FAE : 0000;
0FAF : 0000;
0FB0 : 0000;
0FB1 : 0000;
0FB2 : 0000;
0FB3 : 0000;
0FB4 : 0000;
0FB5 : 0000;
0FB6 : 0000;
0FB7 : 0000;
0FB8 : 0000;
0FB9 : 0000;
0FBA : 0000;
0FBB : 0000;
0FBC : 0000;
0FBD : 0000;
0FBE : 0000;
0FBF : 0000;
0FC0 : 0000;
0FC1 : 0000;
0FC2 : 0000;
0FC3 : 0000;
0FC4 : 0000;
0FC5 : 0000;
0FC6 : 0000;
0FC7 : 0000;
0FC8 : 0000;
0FC9 : 0000;
0FCA : 0000;
0FCB : 0000;
0FCC : 0000;
0FCD : 0000;
0FCE : 0000;
0FCF : 0000;
0FD0 : 0000;
0FD1 : 0000;
0FD2 : 0000;
0FD3 : 0000;
0FD4 : 0000;
0FD5 : 0000;
0FD6 : 0000;
0FD7 : 0000;
0FD8 : 0000;
0FD9 : 0000;
0FDA : 0000;
0FDB : 0000;
0FDC : 0000;
0FDD : 0000;
0FDE : 0000;
0FDF : 0000;
0FE0 : 0000;
0FE1 : 0000;
0FE2 : 0000;
0FE3 : 0000;
0FE4 : 0000;
0FE5 : 0000;
0FE6 : 0000;
0FE7 : 0000;
0FE8 : 0000;
0FE9 : 0000;
0FEA : 0000;
0FEB : 0000;
0FEC : 0000;
0FED : 0000;
0FEE : 0000;
0FEF : 0000;
0FF0 : 0000;
0FF1 : 0000;
0FF2 : 0000;
0FF3 : 0000;
0FF4 : 0000;
0FF5 : 0000;
0FF6 : 0000;
0FF7 : 0000;
0FF8 : 0000;
0FF9 : 0000;
0FFA : 0000;
0FFB : 0000;
0FFC : 0000;
0FFD : 0000;
0FFE : 0000;
0FFF : 0000;
1000 : 0000;
1001 : 0000;
1002 : 0000;
1003 : 0000;
1004 : 0000;
1005 : 0000;
1006 : 0000;
1007 : 0000;
1008 : 0000;
1009 : 0000;
100A : 0000;
100B : 0000;
100C : 0000;
100D : 0000;
100E : 0000;
100F : 0000;
1010 : 0000;
1011 : 0000;
1012 : 0000;
1013 : 0000;
1014 : 0000;
1015 : 0000;
1016 : 0000;
1017 : 0000;
1018 : 0000;
1019 : 0000;
101A : 0000;
101B : 0000;
101C : 0000;
101D : 0000;
101E : 0000;
101F : 0000;
1020 : 0000;
1021 : 0000;
1022 : 0000;
1023 : 0000;
1024 : 0000;
1025 : 0000;
1026 : 0000;
1027 : 0000;
1028 : 0000;
1029 : 0000;
102A : 0000;
102B : 0000;
102C : 0000;
102D : 0000;
102E : 0000;
102F : 0000;
1030 : 0000;
1031 : 0000;
1032 : 0000;
1033 : 0000;
1034 : 0000;
1035 : 0000;
1036 : 0000;
1037 : 0000;
1038 : 0000;
1039 : 0000;
103A : 0000;
103B : 0000;
103C : 0000;
103D : 0000;
103E : 0000;
103F : 0000;
1040 : 0000;
1041 : 0000;
1042 : 0000;
1043 : 0000;
1044 : 0000;
1045 : 0000;
1046 : 0000;
1047 : 0000;
1048 : 0000;
1049 : 0000;
104A : 0000;
104B : 0000;
104C : 0000;
104D : 0000;
104E : 0000;
104F : 0000;
1050 : 0000;
1051 : 0000;
1052 : 0000;
1053 : 0000;
1054 : 0000;
1055 : 0000;
1056 : 0000;
1057 : 0000;
1058 : 0000;
1059 : 0000;
105A : 0000;
105B : 0000;
105C : 0000;
105D : 0000;
105E : 0000;
105F : 0000;
1060 : 0000;
1061 : 0000;
1062 : 0000;
1063 : 0000;
1064 : 0000;
1065 : 0000;
1066 : 0000;
1067 : 0000;
1068 : 0000;
1069 : 0000;
106A : 0000;
106B : 0000;
106C : 0000;
106D : 0000;
106E : 0000;
106F : 0000;
1070 : 0000;
1071 : 0000;
1072 : 0000;
1073 : 0000;
1074 : 0000;
1075 : 0000;
1076 : 0000;
1077 : 0000;
1078 : 0000;
1079 : 0000;
107A : 0000;
107B : 0000;
107C : 0000;
107D : 0000;
107E : 0000;
107F : 0000;
1080 : 0000;
1081 : 0000;
1082 : 0000;
1083 : 0000;
1084 : 0000;
1085 : 0000;
1086 : 0000;
1087 : 0000;
1088 : 0000;
1089 : 0000;
108A : 0000;
108B : 0000;
108C : 0000;
108D : 0000;
108E : 0000;
108F : 0000;
1090 : 0000;
1091 : 0000;
1092 : 0000;
1093 : 0000;
1094 : 0000;
1095 : 0000;
1096 : 0000;
1097 : 0000;
1098 : 0000;
1099 : 0000;
109A : 0000;
109B : 0000;
109C : 0000;
109D : 0000;
109E : 0000;
109F : 0000;
10A0 : 0000;
10A1 : 0000;
10A2 : 0000;
10A3 : 0000;
10A4 : 0000;
10A5 : 0000;
10A6 : 0000;
10A7 : 0000;
10A8 : 0000;
10A9 : 0000;
10AA : 0000;
10AB : 0000;
10AC : 0000;
10AD : 0000;
10AE : 0000;
10AF : 0000;
10B0 : 0000;
10B1 : 0000;
10B2 : 0000;
10B3 : 0000;
10B4 : 0000;
10B5 : 0000;
10B6 : 0000;
10B7 : 0000;
10B8 : 0000;
10B9 : 0000;
10BA : 0000;
10BB : 0000;
10BC : 0000;
10BD : 0000;
10BE : 0000;
10BF : 0000;
10C0 : 0000;
10C1 : 0000;
10C2 : 0000;
10C3 : 0000;
10C4 : 0000;
10C5 : 0000;
10C6 : 0000;
10C7 : 0000;
10C8 : 0000;
10C9 : 0000;
10CA : 0000;
10CB : 0000;
10CC : 0000;
10CD : 0000;
10CE : 0000;
10CF : 0000;
10D0 : 0000;
10D1 : 0000;
10D2 : 0000;
10D3 : 0000;
10D4 : 0000;
10D5 : 0000;
10D6 : 0000;
10D7 : 0000;
10D8 : 0000;
10D9 : 0000;
10DA : 0000;
10DB : 0000;
10DC : 0000;
10DD : 0000;
10DE : 0000;
10DF : 0000;
10E0 : 0000;
10E1 : 0000;
10E2 : 0000;
10E3 : 0000;
10E4 : 0000;
10E5 : 0000;
10E6 : 0000;
10E7 : 0000;
10E8 : 0000;
10E9 : 0000;
10EA : 0000;
10EB : 0000;
10EC : 0000;
10ED : 0000;
10EE : 0000;
10EF : 0000;
10F0 : 0000;
10F1 : 0000;
10F2 : 0000;
10F3 : 0000;
10F4 : 0000;
10F5 : 0000;
10F6 : 0000;
10F7 : 0000;
10F8 : 0000;
10F9 : 0000;
10FA : 0000;
10FB : 0000;
10FC : 0000;
10FD : 0000;
10FE : 0000;
10FF : 0000;
1100 : 0000;
1101 : 0000;
1102 : 0000;
1103 : 0000;
1104 : 0000;
1105 : 0000;
1106 : 0000;
1107 : 0000;
1108 : 0000;
1109 : 0000;
110A : 0000;
110B : 0000;
110C : 0000;
110D : 0000;
110E : 0000;
110F : 0000;
1110 : 0000;
1111 : 0000;
1112 : 0000;
1113 : 0000;
1114 : 0000;
1115 : 0000;
1116 : 0000;
1117 : 0000;
1118 : 0000;
1119 : 0000;
111A : 0000;
111B : 0000;
111C : 0000;
111D : 0000;
111E : 0000;
111F : 0000;
1120 : 0000;
1121 : 0000;
1122 : 0000;
1123 : 0000;
1124 : 0000;
1125 : 0000;
1126 : 0000;
1127 : 0000;
1128 : 0000;
1129 : 0000;
112A : 0000;
112B : 0000;
112C : 0000;
112D : 0000;
112E : 0000;
112F : 0000;
1130 : 0000;
1131 : 0000;
1132 : 0000;
1133 : 0000;
1134 : 0000;
1135 : 0000;
1136 : 0000;
1137 : 0000;
1138 : 0000;
1139 : 0000;
113A : 0000;
113B : 0000;
113C : 0000;
113D : 0000;
113E : 0000;
113F : 0000;
1140 : 0000;
1141 : 0000;
1142 : 0000;
1143 : 0000;
1144 : 0000;
1145 : 0000;
1146 : 0000;
1147 : 0000;
1148 : 0000;
1149 : 0000;
114A : 0000;
114B : 0000;
114C : 0000;
114D : 0000;
114E : 0000;
114F : 0000;
1150 : 0000;
1151 : 0000;
1152 : 0000;
1153 : 0000;
1154 : 0000;
1155 : 0000;
1156 : 0000;
1157 : 0000;
1158 : 0000;
1159 : 0000;
115A : 0000;
115B : 0000;
115C : 0000;
115D : 0000;
115E : 0000;
115F : 0000;
1160 : 0000;
1161 : 0000;
1162 : 0000;
1163 : 0000;
1164 : 0000;
1165 : 0000;
1166 : 0000;
1167 : 0000;
1168 : 0000;
1169 : 0000;
116A : 0000;
116B : 0000;
116C : 0000;
116D : 0000;
116E : 0000;
116F : 0000;
1170 : 0000;
1171 : 0000;
1172 : 0000;
1173 : 0000;
1174 : 0000;
1175 : 0000;
1176 : 0000;
1177 : 0000;
1178 : 0000;
1179 : 0000;
117A : 0000;
117B : 0000;
117C : 0000;
117D : 0000;
117E : 0000;
117F : 0000;
1180 : 0000;
1181 : 0000;
1182 : 0000;
1183 : 0000;
1184 : 0000;
1185 : 0000;
1186 : 0000;
1187 : 0000;
1188 : 0000;
1189 : 0000;
118A : 0000;
118B : 0000;
118C : 0000;
118D : 0000;
118E : 0000;
118F : 0000;
1190 : 0000;
1191 : 0000;
1192 : 0000;
1193 : 0000;
1194 : 0000;
1195 : 0000;
1196 : 0000;
1197 : 0000;
1198 : 0000;
1199 : 0000;
119A : 0000;
119B : 0000;
119C : 0000;
119D : 0000;
119E : 0000;
119F : 0000;
11A0 : 0000;
11A1 : 0000;
11A2 : 0000;
11A3 : 0000;
11A4 : 0000;
11A5 : 0000;
11A6 : 0000;
11A7 : 0000;
11A8 : 0000;
11A9 : 0000;
11AA : 0000;
11AB : 0000;
11AC : 0000;
11AD : 0000;
11AE : 0000;
11AF : 0000;
11B0 : 0000;
11B1 : 0000;
11B2 : 0000;
11B3 : 0000;
11B4 : 0000;
11B5 : 0000;
11B6 : 0000;
11B7 : 0000;
11B8 : 0000;
11B9 : 0000;
11BA : 0000;
11BB : 0000;
11BC : 0000;
11BD : 0000;
11BE : 0000;
11BF : 0000;
11C0 : 0000;
11C1 : 0000;
11C2 : 0000;
11C3 : 0000;
11C4 : 0000;
11C5 : 0000;
11C6 : 0000;
11C7 : 0000;
11C8 : 0000;
11C9 : 0000;
11CA : 0000;
11CB : 0000;
11CC : 0000;
11CD : 0000;
11CE : 0000;
11CF : 0000;
11D0 : 0000;
11D1 : 0000;
11D2 : 0000;
11D3 : 0000;
11D4 : 0000;
11D5 : 0000;
11D6 : 0000;
11D7 : 0000;
11D8 : 0000;
11D9 : 0000;
11DA : 0000;
11DB : 0000;
11DC : 0000;
11DD : 0000;
11DE : 0000;
11DF : 0000;
11E0 : 0000;
11E1 : 0000;
11E2 : 0000;
11E3 : 0000;
11E4 : 0000;
11E5 : 0000;
11E6 : 0000;
11E7 : 0000;
11E8 : 0000;
11E9 : 0000;
11EA : 0000;
11EB : 0000;
11EC : 0000;
11ED : 0000;
11EE : 0000;
11EF : 0000;
11F0 : 0000;
11F1 : 0000;
11F2 : 0000;
11F3 : 0000;
11F4 : 0000;
11F5 : 0000;
11F6 : 0000;
11F7 : 0000;
11F8 : 0000;
11F9 : 0000;
11FA : 0000;
11FB : 0000;
11FC : 0000;
11FD : 0000;
11FE : 0000;
11FF : 0000;
1200 : 0000;
1201 : 0000;
1202 : 0000;
1203 : 0000;
1204 : 0000;
1205 : 0000;
1206 : 0000;
1207 : 0000;
1208 : 0000;
1209 : 0000;
120A : 0000;
120B : 0000;
120C : 0000;
120D : 0000;
120E : 0000;
120F : 0000;
1210 : 0000;
1211 : 0000;
1212 : 0000;
1213 : 0000;
1214 : 0000;
1215 : 0000;
1216 : 0000;
1217 : 0000;
1218 : 0000;
1219 : 0000;
121A : 0000;
121B : 0000;
121C : 0000;
121D : 0000;
121E : 0000;
121F : 0000;
1220 : 0000;
1221 : 0000;
1222 : 0000;
1223 : 0000;
1224 : 0000;
1225 : 0000;
1226 : 0000;
1227 : 0000;
1228 : 0000;
1229 : 0000;
122A : 0000;
122B : 0000;
122C : 0000;
122D : 0000;
122E : 0000;
122F : 0000;
1230 : 0000;
1231 : 0000;
1232 : 0000;
1233 : 0000;
1234 : 0000;
1235 : 0000;
1236 : 0000;
1237 : 0000;
1238 : 0000;
1239 : 0000;
123A : 0000;
123B : 0000;
123C : 0000;
123D : 0000;
123E : 0000;
123F : 0000;
1240 : 0000;
1241 : 0000;
1242 : 0000;
1243 : 0000;
1244 : 0000;
1245 : 0000;
1246 : 0000;
1247 : 0000;
1248 : 0000;
1249 : 0000;
124A : 0000;
124B : 0000;
124C : 0000;
124D : 0000;
124E : 0000;
124F : 0000;
1250 : 0000;
1251 : 0000;
1252 : 0000;
1253 : 0000;
1254 : 0000;
1255 : 0000;
1256 : 0000;
1257 : 0000;
1258 : 0000;
1259 : 0000;
125A : 0000;
125B : 0000;
125C : 0000;
125D : 0000;
125E : 0000;
125F : 0000;
1260 : 0000;
1261 : 0000;
1262 : 0000;
1263 : 0000;
1264 : 0000;
1265 : 0000;
1266 : 0000;
1267 : 0000;
1268 : 0000;
1269 : 0000;
126A : 0000;
126B : 0000;
126C : 0000;
126D : 0000;
126E : 0000;
126F : 0000;
1270 : 0000;
1271 : 0000;
1272 : 0000;
1273 : 0000;
1274 : 0000;
1275 : 0000;
1276 : 0000;
1277 : 0000;
1278 : 0000;
1279 : 0000;
127A : 0000;
127B : 0000;
127C : 0000;
127D : 0000;
127E : 0000;
127F : 0000;
1280 : 0000;
1281 : 0000;
1282 : 0000;
1283 : 0000;
1284 : 0000;
1285 : 0000;
1286 : 0000;
1287 : 0000;
1288 : 0000;
1289 : 0000;
128A : 0000;
128B : 0000;
128C : 0000;
128D : 0000;
128E : 0000;
128F : 0000;
1290 : 0000;
1291 : 0000;
1292 : 0000;
1293 : 0000;
1294 : 0000;
1295 : 0000;
1296 : 0000;
1297 : 0000;
1298 : 0000;
1299 : 0000;
129A : 0000;
129B : 0000;
129C : 0000;
129D : 0000;
129E : 0000;
129F : 0000;
12A0 : 0000;
12A1 : 0000;
12A2 : 0000;
12A3 : 0000;
12A4 : 0000;
12A5 : 0000;
12A6 : 0000;
12A7 : 0000;
12A8 : 0000;
12A9 : 0000;
12AA : 0000;
12AB : 0000;
12AC : 0000;
12AD : 0000;
12AE : 0000;
12AF : 0000;
12B0 : 0000;
12B1 : 0000;
12B2 : 0000;
12B3 : 0000;
12B4 : 0000;
12B5 : 0000;
12B6 : 0000;
12B7 : 0000;
12B8 : 0000;
12B9 : 0000;
12BA : 0000;
12BB : 0000;
12BC : 0000;
12BD : 0000;
12BE : 0000;
12BF : 0000;
12C0 : 0000;
12C1 : 0000;
12C2 : 0000;
12C3 : 0000;
12C4 : 0000;
12C5 : 0000;
12C6 : 0000;
12C7 : 0000;
12C8 : 0000;
12C9 : 0000;
12CA : 0000;
12CB : 0000;
12CC : 0000;
12CD : 0000;
12CE : 0000;
12CF : 0000;
12D0 : 0000;
12D1 : 0000;
12D2 : 0000;
12D3 : 0000;
12D4 : 0000;
12D5 : 0000;
12D6 : 0000;
12D7 : 0000;
12D8 : 0000;
12D9 : 0000;
12DA : 0000;
12DB : 0000;
12DC : 0000;
12DD : 0000;
12DE : 0000;
12DF : 0000;
12E0 : 0000;
12E1 : 0000;
12E2 : 0000;
12E3 : 0000;
12E4 : 0000;
12E5 : 0000;
12E6 : 0000;
12E7 : 0000;
12E8 : 0000;
12E9 : 0000;
12EA : 0000;
12EB : 0000;
12EC : 0000;
12ED : 0000;
12EE : 0000;
12EF : 0000;
12F0 : 0000;
12F1 : 0000;
12F2 : 0000;
12F3 : 0000;
12F4 : 0000;
12F5 : 0000;
12F6 : 0000;
12F7 : 0000;
12F8 : 0000;
12F9 : 0000;
12FA : 0000;
12FB : 0000;
12FC : 0000;
12FD : 0000;
12FE : 0000;
12FF : 0000;
1300 : 0000;
1301 : 0000;
1302 : 0000;
1303 : 0000;
1304 : 0000;
1305 : 0000;
1306 : 0000;
1307 : 0000;
1308 : 0000;
1309 : 0000;
130A : 0000;
130B : 0000;
130C : 0000;
130D : 0000;
130E : 0000;
130F : 0000;
1310 : 0000;
1311 : 0000;
1312 : 0000;
1313 : 0000;
1314 : 0000;
1315 : 0000;
1316 : 0000;
1317 : 0000;
1318 : 0000;
1319 : 0000;
131A : 0000;
131B : 0000;
131C : 0000;
131D : 0000;
131E : 0000;
131F : 0000;
1320 : 0000;
1321 : 0000;
1322 : 0000;
1323 : 0000;
1324 : 0000;
1325 : 0000;
1326 : 0000;
1327 : 0000;
1328 : 0000;
1329 : 0000;
132A : 0000;
132B : 0000;
132C : 0000;
132D : 0000;
132E : 0000;
132F : 0000;
1330 : 0000;
1331 : 0000;
1332 : 0000;
1333 : 0000;
1334 : 0000;
1335 : 0000;
1336 : 0000;
1337 : 0000;
1338 : 0000;
1339 : 0000;
133A : 0000;
133B : 0000;
133C : 0000;
133D : 0000;
133E : 0000;
133F : 0000;
1340 : 0000;
1341 : 0000;
1342 : 0000;
1343 : 0000;
1344 : 0000;
1345 : 0000;
1346 : 0000;
1347 : 0000;
1348 : 0000;
1349 : 0000;
134A : 0000;
134B : 0000;
134C : 0000;
134D : 0000;
134E : 0000;
134F : 0000;
1350 : 0000;
1351 : 0000;
1352 : 0000;
1353 : 0000;
1354 : 0000;
1355 : 0000;
1356 : 0000;
1357 : 0000;
1358 : 0000;
1359 : 0000;
135A : 0000;
135B : 0000;
135C : 0000;
135D : 0000;
135E : 0000;
135F : 0000;
1360 : 0000;
1361 : 0000;
1362 : 0000;
1363 : 0000;
1364 : 0000;
1365 : 0000;
1366 : 0000;
1367 : 0000;
1368 : 0000;
1369 : 0000;
136A : 0000;
136B : 0000;
136C : 0000;
136D : 0000;
136E : 0000;
136F : 0000;
1370 : 0000;
1371 : 0000;
1372 : 0000;
1373 : 0000;
1374 : 0000;
1375 : 0000;
1376 : 0000;
1377 : 0000;
1378 : 0000;
1379 : 0000;
137A : 0000;
137B : 0000;
137C : 0000;
137D : 0000;
137E : 0000;
137F : 0000;
1380 : 0000;
1381 : 0000;
1382 : 0000;
1383 : 0000;
1384 : 0000;
1385 : 0000;
1386 : 0000;
1387 : 0000;
1388 : 0000;
1389 : 0000;
138A : 0000;
138B : 0000;
138C : 0000;
138D : 0000;
138E : 0000;
138F : 0000;
1390 : 0000;
1391 : 0000;
1392 : 0000;
1393 : 0000;
1394 : 0000;
1395 : 0000;
1396 : 0000;
1397 : 0000;
1398 : 0000;
1399 : 0000;
139A : 0000;
139B : 0000;
139C : 0000;
139D : 0000;
139E : 0000;
139F : 0000;
13A0 : 0000;
13A1 : 0000;
13A2 : 0000;
13A3 : 0000;
13A4 : 0000;
13A5 : 0000;
13A6 : 0000;
13A7 : 0000;
13A8 : 0000;
13A9 : 0000;
13AA : 0000;
13AB : 0000;
13AC : 0000;
13AD : 0000;
13AE : 0000;
13AF : 0000;
13B0 : 0000;
13B1 : 0000;
13B2 : 0000;
13B3 : 0000;
13B4 : 0000;
13B5 : 0000;
13B6 : 0000;
13B7 : 0000;
13B8 : 0000;
13B9 : 0000;
13BA : 0000;
13BB : 0000;
13BC : 0000;
13BD : 0000;
13BE : 0000;
13BF : 0000;
13C0 : 0000;
13C1 : 0000;
13C2 : 0000;
13C3 : 0000;
13C4 : 0000;
13C5 : 0000;
13C6 : 0000;
13C7 : 0000;
13C8 : 0000;
13C9 : 0000;
13CA : 0000;
13CB : 0000;
13CC : 0000;
13CD : 0000;
13CE : 0000;
13CF : 0000;
13D0 : 0000;
13D1 : 0000;
13D2 : 0000;
13D3 : 0000;
13D4 : 0000;
13D5 : 0000;
13D6 : 0000;
13D7 : 0000;
13D8 : 0000;
13D9 : 0000;
13DA : 0000;
13DB : 0000;
13DC : 0000;
13DD : 0000;
13DE : 0000;
13DF : 0000;
13E0 : 0000;
13E1 : 0000;
13E2 : 0000;
13E3 : 0000;
13E4 : 0000;
13E5 : 0000;
13E6 : 0000;
13E7 : 0000;
13E8 : 0000;
13E9 : 0000;
13EA : 0000;
13EB : 0000;
13EC : 0000;
13ED : 0000;
13EE : 0000;
13EF : 0000;
13F0 : 0000;
13F1 : 0000;
13F2 : 0000;
13F3 : 0000;
13F4 : 0000;
13F5 : 0000;
13F6 : 0000;
13F7 : 0000;
13F8 : 0000;
13F9 : 0000;
13FA : 0000;
13FB : 0000;
13FC : 0000;
13FD : 0000;
13FE : 0000;
13FF : 0000;
1400 : 0000;
1401 : 0000;
1402 : 0000;
1403 : 0000;
1404 : 0000;
1405 : 0000;
1406 : 0000;
1407 : 0000;
1408 : 0000;
1409 : 0000;
140A : 0000;
140B : 0000;
140C : 0000;
140D : 0000;
140E : 0000;
140F : 0000;
1410 : 0000;
1411 : 0000;
1412 : 0000;
1413 : 0000;
1414 : 0000;
1415 : 0000;
1416 : 0000;
1417 : 0000;
1418 : 0000;
1419 : 0000;
141A : 0000;
141B : 0000;
141C : 0000;
141D : 0000;
141E : 0000;
141F : 0000;
1420 : 0000;
1421 : 0000;
1422 : 0000;
1423 : 0000;
1424 : 0000;
1425 : 0000;
1426 : 0000;
1427 : 0000;
1428 : 0000;
1429 : 0000;
142A : 0000;
142B : 0000;
142C : 0000;
142D : 0000;
142E : 0000;
142F : 0000;
1430 : 0000;
1431 : 0000;
1432 : 0000;
1433 : 0000;
1434 : 0000;
1435 : 0000;
1436 : 0000;
1437 : 0000;
1438 : 0000;
1439 : 0000;
143A : 0000;
143B : 0000;
143C : 0000;
143D : 0000;
143E : 0000;
143F : 0000;
1440 : 0000;
1441 : 0000;
1442 : 0000;
1443 : 0000;
1444 : 0000;
1445 : 0000;
1446 : 0000;
1447 : 0000;
1448 : 0000;
1449 : 0000;
144A : 0000;
144B : 0000;
144C : 0000;
144D : 0000;
144E : 0000;
144F : 0000;
1450 : 0000;
1451 : 0000;
1452 : 0000;
1453 : 0000;
1454 : 0000;
1455 : 0000;
1456 : 0000;
1457 : 0000;
1458 : 0000;
1459 : 0000;
145A : 0000;
145B : 0000;
145C : 0000;
145D : 0000;
145E : 0000;
145F : 0000;
1460 : 0000;
1461 : 0000;
1462 : 0000;
1463 : 0000;
1464 : 0000;
1465 : 0000;
1466 : 0000;
1467 : 0000;
1468 : 0000;
1469 : 0000;
146A : 0000;
146B : 0000;
146C : 0000;
146D : 0000;
146E : 0000;
146F : 0000;
1470 : 0000;
1471 : 0000;
1472 : 0000;
1473 : 0000;
1474 : 0000;
1475 : 0000;
1476 : 0000;
1477 : 0000;
1478 : 0000;
1479 : 0000;
147A : 0000;
147B : 0000;
147C : 0000;
147D : 0000;
147E : 0000;
147F : 0000;
1480 : 0000;
1481 : 0000;
1482 : 0000;
1483 : 0000;
1484 : 0000;
1485 : 0000;
1486 : 0000;
1487 : 0000;
1488 : 0000;
1489 : 0000;
148A : 0000;
148B : 0000;
148C : 0000;
148D : 0000;
148E : 0000;
148F : 0000;
1490 : 0000;
1491 : 0000;
1492 : 0000;
1493 : 0000;
1494 : 0000;
1495 : 0000;
1496 : 0000;
1497 : 0000;
1498 : 0000;
1499 : 0000;
149A : 0000;
149B : 0000;
149C : 0000;
149D : 0000;
149E : 0000;
149F : 0000;
14A0 : 0000;
14A1 : 0000;
14A2 : 0000;
14A3 : 0000;
14A4 : 0000;
14A5 : 0000;
14A6 : 0000;
14A7 : 0000;
14A8 : 0000;
14A9 : 0000;
14AA : 0000;
14AB : 0000;
14AC : 0000;
14AD : 0000;
14AE : 0000;
14AF : 0000;
14B0 : 0000;
14B1 : 0000;
14B2 : 0000;
14B3 : 0000;
14B4 : 0000;
14B5 : 0000;
14B6 : 0000;
14B7 : 0000;
14B8 : 0000;
14B9 : 0000;
14BA : 0000;
14BB : 0000;
14BC : 0000;
14BD : 0000;
14BE : 0000;
14BF : 0000;
14C0 : 0000;
14C1 : 0000;
14C2 : 0000;
14C3 : 0000;
14C4 : 0000;
14C5 : 0000;
14C6 : 0000;
14C7 : 0000;
14C8 : 0000;
14C9 : 0000;
14CA : 0000;
14CB : 0000;
14CC : 0000;
14CD : 0000;
14CE : 0000;
14CF : 0000;
14D0 : 0000;
14D1 : 0000;
14D2 : 0000;
14D3 : 0000;
14D4 : 0000;
14D5 : 0000;
14D6 : 0000;
14D7 : 0000;
14D8 : 0000;
14D9 : 0000;
14DA : 0000;
14DB : 0000;
14DC : 0000;
14DD : 0000;
14DE : 0000;
14DF : 0000;
14E0 : 0000;
14E1 : 0000;
14E2 : 0000;
14E3 : 0000;
14E4 : 0000;
14E5 : 0000;
14E6 : 0000;
14E7 : 0000;
14E8 : 0000;
14E9 : 0000;
14EA : 0000;
14EB : 0000;
14EC : 0000;
14ED : 0000;
14EE : 0000;
14EF : 0000;
14F0 : 0000;
14F1 : 0000;
14F2 : 0000;
14F3 : 0000;
14F4 : 0000;
14F5 : 0000;
14F6 : 0000;
14F7 : 0000;
14F8 : 0000;
14F9 : 0000;
14FA : 0000;
14FB : 0000;
14FC : 0000;
14FD : 0000;
14FE : 0000;
14FF : 0000;
1500 : 0000;
1501 : 0000;
1502 : 0000;
1503 : 0000;
1504 : 0000;
1505 : 0000;
1506 : 0000;
1507 : 0000;
1508 : 0000;
1509 : 0000;
150A : 0000;
150B : 0000;
150C : 0000;
150D : 0000;
150E : 0000;
150F : 0000;
1510 : 0000;
1511 : 0000;
1512 : 0000;
1513 : 0000;
1514 : 0000;
1515 : 0000;
1516 : 0000;
1517 : 0000;
1518 : 0000;
1519 : 0000;
151A : 0000;
151B : 0000;
151C : 0000;
151D : 0000;
151E : 0000;
151F : 0000;
1520 : 0000;
1521 : 0000;
1522 : 0000;
1523 : 0000;
1524 : 0000;
1525 : 0000;
1526 : 0000;
1527 : 0000;
1528 : 0000;
1529 : 0000;
152A : 0000;
152B : 0000;
152C : 0000;
152D : 0000;
152E : 0000;
152F : 0000;
1530 : 0000;
1531 : 0000;
1532 : 0000;
1533 : 0000;
1534 : 0000;
1535 : 0000;
1536 : 0000;
1537 : 0000;
1538 : 0000;
1539 : 0000;
153A : 0000;
153B : 0000;
153C : 0000;
153D : 0000;
153E : 0000;
153F : 0000;
1540 : 0000;
1541 : 0000;
1542 : 0000;
1543 : 0000;
1544 : 0000;
1545 : 0000;
1546 : 0000;
1547 : 0000;
1548 : 0000;
1549 : 0000;
154A : 0000;
154B : 0000;
154C : 0000;
154D : 0000;
154E : 0000;
154F : 0000;
1550 : 0000;
1551 : 0000;
1552 : 0000;
1553 : 0000;
1554 : 0000;
1555 : 0000;
1556 : 0000;
1557 : 0000;
1558 : 0000;
1559 : 0000;
155A : 0000;
155B : 0000;
155C : 0000;
155D : 0000;
155E : 0000;
155F : 0000;
1560 : 0000;
1561 : 0000;
1562 : 0000;
1563 : 0000;
1564 : 0000;
1565 : 0000;
1566 : 0000;
1567 : 0000;
1568 : 0000;
1569 : 0000;
156A : 0000;
156B : 0000;
156C : 0000;
156D : 0000;
156E : 0000;
156F : 0000;
1570 : 0000;
1571 : 0000;
1572 : 0000;
1573 : 0000;
1574 : 0000;
1575 : 0000;
1576 : 0000;
1577 : 0000;
1578 : 0000;
1579 : 0000;
157A : 0000;
157B : 0000;
157C : 0000;
157D : 0000;
157E : 0000;
157F : 0000;
1580 : 0000;
1581 : 0000;
1582 : 0000;
1583 : 0000;
1584 : 0000;
1585 : 0000;
1586 : 0000;
1587 : 0000;
1588 : 0000;
1589 : 0000;
158A : 0000;
158B : 0000;
158C : 0000;
158D : 0000;
158E : 0000;
158F : 0000;
1590 : 0000;
1591 : 0000;
1592 : 0000;
1593 : 0000;
1594 : 0000;
1595 : 0000;
1596 : 0000;
1597 : 0000;
1598 : 0000;
1599 : 0000;
159A : 0000;
159B : 0000;
159C : 0000;
159D : 0000;
159E : 0000;
159F : 0000;
15A0 : 0000;
15A1 : 0000;
15A2 : 0000;
15A3 : 0000;
15A4 : 0000;
15A5 : 0000;
15A6 : 0000;
15A7 : 0000;
15A8 : 0000;
15A9 : 0000;
15AA : 0000;
15AB : 0000;
15AC : 0000;
15AD : 0000;
15AE : 0000;
15AF : 0000;
15B0 : 0000;
15B1 : 0000;
15B2 : 0000;
15B3 : 0000;
15B4 : 0000;
15B5 : 0000;
15B6 : 0000;
15B7 : 0000;
15B8 : 0000;
15B9 : 0000;
15BA : 0000;
15BB : 0000;
15BC : 0000;
15BD : 0000;
15BE : 0000;
15BF : 0000;
15C0 : 0000;
15C1 : 0000;
15C2 : 0000;
15C3 : 0000;
15C4 : 0000;
15C5 : 0000;
15C6 : 0000;
15C7 : 0000;
15C8 : 0000;
15C9 : 0000;
15CA : 0000;
15CB : 0000;
15CC : 0000;
15CD : 0000;
15CE : 0000;
15CF : 0000;
15D0 : 0000;
15D1 : 0000;
15D2 : 0000;
15D3 : 0000;
15D4 : 0000;
15D5 : 0000;
15D6 : 0000;
15D7 : 0000;
15D8 : 0000;
15D9 : 0000;
15DA : 0000;
15DB : 0000;
15DC : 0000;
15DD : 0000;
15DE : 0000;
15DF : 0000;
15E0 : 0000;
15E1 : 0000;
15E2 : 0000;
15E3 : 0000;
15E4 : 0000;
15E5 : 0000;
15E6 : 0000;
15E7 : 0000;
15E8 : 0000;
15E9 : 0000;
15EA : 0000;
15EB : 0000;
15EC : 0000;
15ED : 0000;
15EE : 0000;
15EF : 0000;
15F0 : 0000;
15F1 : 0000;
15F2 : 0000;
15F3 : 0000;
15F4 : 0000;
15F5 : 0000;
15F6 : 0000;
15F7 : 0000;
15F8 : 0000;
15F9 : 0000;
15FA : 0000;
15FB : 0000;
15FC : 0000;
15FD : 0000;
15FE : 0000;
15FF : 0000;
1600 : 0000;
1601 : 0000;
1602 : 0000;
1603 : 0000;
1604 : 0000;
1605 : 0000;
1606 : 0000;
1607 : 0000;
1608 : 0000;
1609 : 0000;
160A : 0000;
160B : 0000;
160C : 0000;
160D : 0000;
160E : 0000;
160F : 0000;
1610 : 0000;
1611 : 0000;
1612 : 0000;
1613 : 0000;
1614 : 0000;
1615 : 0000;
1616 : 0000;
1617 : 0000;
1618 : 0000;
1619 : 0000;
161A : 0000;
161B : 0000;
161C : 0000;
161D : 0000;
161E : 0000;
161F : 0000;
1620 : 0000;
1621 : 0000;
1622 : 0000;
1623 : 0000;
1624 : 0000;
1625 : 0000;
1626 : 0000;
1627 : 0000;
1628 : 0000;
1629 : 0000;
162A : 0000;
162B : 0000;
162C : 0000;
162D : 0000;
162E : 0000;
162F : 0000;
1630 : 0000;
1631 : 0000;
1632 : 0000;
1633 : 0000;
1634 : 0000;
1635 : 0000;
1636 : 0000;
1637 : 0000;
1638 : 0000;
1639 : 0000;
163A : 0000;
163B : 0000;
163C : 0000;
163D : 0000;
163E : 0000;
163F : 0000;
1640 : 0000;
1641 : 0000;
1642 : 0000;
1643 : 0000;
1644 : 0000;
1645 : 0000;
1646 : 0000;
1647 : 0000;
1648 : 0000;
1649 : 0000;
164A : 0000;
164B : 0000;
164C : 0000;
164D : 0000;
164E : 0000;
164F : 0000;
1650 : 0000;
1651 : 0000;
1652 : 0000;
1653 : 0000;
1654 : 0000;
1655 : 0000;
1656 : 0000;
1657 : 0000;
1658 : 0000;
1659 : 0000;
165A : 0000;
165B : 0000;
165C : 0000;
165D : 0000;
165E : 0000;
165F : 0000;
1660 : 0000;
1661 : 0000;
1662 : 0000;
1663 : 0000;
1664 : 0000;
1665 : 0000;
1666 : 0000;
1667 : 0000;
1668 : 0000;
1669 : 0000;
166A : 0000;
166B : 0000;
166C : 0000;
166D : 0000;
166E : 0000;
166F : 0000;
1670 : 0000;
1671 : 0000;
1672 : 0000;
1673 : 0000;
1674 : 0000;
1675 : 0000;
1676 : 0000;
1677 : 0000;
1678 : 0000;
1679 : 0000;
167A : 0000;
167B : 0000;
167C : 0000;
167D : 0000;
167E : 0000;
167F : 0000;
1680 : 0000;
1681 : 0000;
1682 : 0000;
1683 : 0000;
1684 : 0000;
1685 : 0000;
1686 : 0000;
1687 : 0000;
1688 : 0000;
1689 : 0000;
168A : 0000;
168B : 0000;
168C : 0000;
168D : 0000;
168E : 0000;
168F : 0000;
1690 : 0000;
1691 : 0000;
1692 : 0000;
1693 : 0000;
1694 : 0000;
1695 : 0000;
1696 : 0000;
1697 : 0000;
1698 : 0000;
1699 : 0000;
169A : 0000;
169B : 0000;
169C : 0000;
169D : 0000;
169E : 0000;
169F : 0000;
16A0 : 0000;
16A1 : 0000;
16A2 : 0000;
16A3 : 0000;
16A4 : 0000;
16A5 : 0000;
16A6 : 0000;
16A7 : 0000;
16A8 : 0000;
16A9 : 0000;
16AA : 0000;
16AB : 0000;
16AC : 0000;
16AD : 0000;
16AE : 0000;
16AF : 0000;
16B0 : 0000;
16B1 : 0000;
16B2 : 0000;
16B3 : 0000;
16B4 : 0000;
16B5 : 0000;
16B6 : 0000;
16B7 : 0000;
16B8 : 0000;
16B9 : 0000;
16BA : 0000;
16BB : 0000;
16BC : 0000;
16BD : 0000;
16BE : 0000;
16BF : 0000;
16C0 : 0000;
16C1 : 0000;
16C2 : 0000;
16C3 : 0000;
16C4 : 0000;
16C5 : 0000;
16C6 : 0000;
16C7 : 0000;
16C8 : 0000;
16C9 : 0000;
16CA : 0000;
16CB : 0000;
16CC : 0000;
16CD : 0000;
16CE : 0000;
16CF : 0000;
16D0 : 0000;
16D1 : 0000;
16D2 : 0000;
16D3 : 0000;
16D4 : 0000;
16D5 : 0000;
16D6 : 0000;
16D7 : 0000;
16D8 : 0000;
16D9 : 0000;
16DA : 0000;
16DB : 0000;
16DC : 0000;
16DD : 0000;
16DE : 0000;
16DF : 0000;
16E0 : 0000;
16E1 : 0000;
16E2 : 0000;
16E3 : 0000;
16E4 : 0000;
16E5 : 0000;
16E6 : 0000;
16E7 : 0000;
16E8 : 0000;
16E9 : 0000;
16EA : 0000;
16EB : 0000;
16EC : 0000;
16ED : 0000;
16EE : 0000;
16EF : 0000;
16F0 : 0000;
16F1 : 0000;
16F2 : 0000;
16F3 : 0000;
16F4 : 0000;
16F5 : 0000;
16F6 : 0000;
16F7 : 0000;
16F8 : 0000;
16F9 : 0000;
16FA : 0000;
16FB : 0000;
16FC : 0000;
16FD : 0000;
16FE : 0000;
16FF : 0000;
1700 : 0000;
1701 : 0000;
1702 : 0000;
1703 : 0000;
1704 : 0000;
1705 : 0000;
1706 : 0000;
1707 : 0000;
1708 : 0000;
1709 : 0000;
170A : 0000;
170B : 0000;
170C : 0000;
170D : 0000;
170E : 0000;
170F : 0000;
1710 : 0000;
1711 : 0000;
1712 : 0000;
1713 : 0000;
1714 : 0000;
1715 : 0000;
1716 : 0000;
1717 : 0000;
1718 : 0000;
1719 : 0000;
171A : 0000;
171B : 0000;
171C : 0000;
171D : 0000;
171E : 0000;
171F : 0000;
1720 : 0000;
1721 : 0000;
1722 : 0000;
1723 : 0000;
1724 : 0000;
1725 : 0000;
1726 : 0000;
1727 : 0000;
1728 : 0000;
1729 : 0000;
172A : 0000;
172B : 0000;
172C : 0000;
172D : 0000;
172E : 0000;
172F : 0000;
1730 : 0000;
1731 : 0000;
1732 : 0000;
1733 : 0000;
1734 : 0000;
1735 : 0000;
1736 : 0000;
1737 : 0000;
1738 : 0000;
1739 : 0000;
173A : 0000;
173B : 0000;
173C : 0000;
173D : 0000;
173E : 0000;
173F : 0000;
1740 : 0000;
1741 : 0000;
1742 : 0000;
1743 : 0000;
1744 : 0000;
1745 : 0000;
1746 : 0000;
1747 : 0000;
1748 : 0000;
1749 : 0000;
174A : 0000;
174B : 0000;
174C : 0000;
174D : 0000;
174E : 0000;
174F : 0000;
1750 : 0000;
1751 : 0000;
1752 : 0000;
1753 : 0000;
1754 : 0000;
1755 : 0000;
1756 : 0000;
1757 : 0000;
1758 : 0000;
1759 : 0000;
175A : 0000;
175B : 0000;
175C : 0000;
175D : 0000;
175E : 0000;
175F : 0000;
1760 : 0000;
1761 : 0000;
1762 : 0000;
1763 : 0000;
1764 : 0000;
1765 : 0000;
1766 : 0000;
1767 : 0000;
1768 : 0000;
1769 : 0000;
176A : 0000;
176B : 0000;
176C : 0000;
176D : 0000;
176E : 0000;
176F : 0000;
1770 : 0000;
1771 : 0000;
1772 : 0000;
1773 : 0000;
1774 : 0000;
1775 : 0000;
1776 : 0000;
1777 : 0000;
1778 : 0000;
1779 : 0000;
177A : 0000;
177B : 0000;
177C : 0000;
177D : 0000;
177E : 0000;
177F : 0000;
1780 : 0000;
1781 : 0000;
1782 : 0000;
1783 : 0000;
1784 : 0000;
1785 : 0000;
1786 : 0000;
1787 : 0000;
1788 : 0000;
1789 : 0000;
178A : 0000;
178B : 0000;
178C : 0000;
178D : 0000;
178E : 0000;
178F : 0000;
1790 : 0000;
1791 : 0000;
1792 : 0000;
1793 : 0000;
1794 : 0000;
1795 : 0000;
1796 : 0000;
1797 : 0000;
1798 : 0000;
1799 : 0000;
179A : 0000;
179B : 0000;
179C : 0000;
179D : 0000;
179E : 0000;
179F : 0000;
17A0 : 0000;
17A1 : 0000;
17A2 : 0000;
17A3 : 0000;
17A4 : 0000;
17A5 : 0000;
17A6 : 0000;
17A7 : 0000;
17A8 : 0000;
17A9 : 0000;
17AA : 0000;
17AB : 0000;
17AC : 0000;
17AD : 0000;
17AE : 0000;
17AF : 0000;
17B0 : 0000;
17B1 : 0000;
17B2 : 0000;
17B3 : 0000;
17B4 : 0000;
17B5 : 0000;
17B6 : 0000;
17B7 : 0000;
17B8 : 0000;
17B9 : 0000;
17BA : 0000;
17BB : 0000;
17BC : 0000;
17BD : 0000;
17BE : 0000;
17BF : 0000;
17C0 : 0000;
17C1 : 0000;
17C2 : 0000;
17C3 : 0000;
17C4 : 0000;
17C5 : 0000;
17C6 : 0000;
17C7 : 0000;
17C8 : 0000;
17C9 : 0000;
17CA : 0000;
17CB : 0000;
17CC : 0000;
17CD : 0000;
17CE : 0000;
17CF : 0000;
17D0 : 0000;
17D1 : 0000;
17D2 : 0000;
17D3 : 0000;
17D4 : 0000;
17D5 : 0000;
17D6 : 0000;
17D7 : 0000;
17D8 : 0000;
17D9 : 0000;
17DA : 0000;
17DB : 0000;
17DC : 0000;
17DD : 0000;
17DE : 0000;
17DF : 0000;
17E0 : 0000;
17E1 : 0000;
17E2 : 0000;
17E3 : 0000;
17E4 : 0000;
17E5 : 0000;
17E6 : 0000;
17E7 : 0000;
17E8 : 0000;
17E9 : 0000;
17EA : 0000;
17EB : 0000;
17EC : 0000;
17ED : 0000;
17EE : 0000;
17EF : 0000;
17F0 : 0000;
17F1 : 0000;
17F2 : 0000;
17F3 : 0000;
17F4 : 0000;
17F5 : 0000;
17F6 : 0000;
17F7 : 0000;
17F8 : 0000;
17F9 : 0000;
17FA : 0000;
17FB : 0000;
17FC : 0000;
17FD : 0000;
17FE : 0000;
17FF : 0000;
1800 : 0000;
1801 : 0000;
1802 : 0000;
1803 : 0000;
1804 : 0000;
1805 : 0000;
1806 : 0000;
1807 : 0000;
1808 : 0000;
1809 : 0000;
180A : 0000;
180B : 0000;
180C : 0000;
180D : 0000;
180E : 0000;
180F : 0000;
1810 : 0000;
1811 : 0000;
1812 : 0000;
1813 : 0000;
1814 : 0000;
1815 : 0000;
1816 : 0000;
1817 : 0000;
1818 : 0000;
1819 : 0000;
181A : 0000;
181B : 0000;
181C : 0000;
181D : 0000;
181E : 0000;
181F : 0000;
1820 : 0000;
1821 : 0000;
1822 : 0000;
1823 : 0000;
1824 : 0000;
1825 : 0000;
1826 : 0000;
1827 : 0000;
1828 : 0000;
1829 : 0000;
182A : 0000;
182B : 0000;
182C : 0000;
182D : 0000;
182E : 0000;
182F : 0000;
1830 : 0000;
1831 : 0000;
1832 : 0000;
1833 : 0000;
1834 : 0000;
1835 : 0000;
1836 : 0000;
1837 : 0000;
1838 : 0000;
1839 : 0000;
183A : 0000;
183B : 0000;
183C : 0000;
183D : 0000;
183E : 0000;
183F : 0000;
1840 : 0000;
1841 : 0000;
1842 : 0000;
1843 : 0000;
1844 : 0000;
1845 : 0000;
1846 : 0000;
1847 : 0000;
1848 : 0000;
1849 : 0000;
184A : 0000;
184B : 0000;
184C : 0000;
184D : 0000;
184E : 0000;
184F : 0000;
1850 : 0000;
1851 : 0000;
1852 : 0000;
1853 : 0000;
1854 : 0000;
1855 : 0000;
1856 : 0000;
1857 : 0000;
1858 : 0000;
1859 : 0000;
185A : 0000;
185B : 0000;
185C : 0000;
185D : 0000;
185E : 0000;
185F : 0000;
1860 : 0000;
1861 : 0000;
1862 : 0000;
1863 : 0000;
1864 : 0000;
1865 : 0000;
1866 : 0000;
1867 : 0000;
1868 : 0000;
1869 : 0000;
186A : 0000;
186B : 0000;
186C : 0000;
186D : 0000;
186E : 0000;
186F : 0000;
1870 : 0000;
1871 : 0000;
1872 : 0000;
1873 : 0000;
1874 : 0000;
1875 : 0000;
1876 : 0000;
1877 : 0000;
1878 : 0000;
1879 : 0000;
187A : 0000;
187B : 0000;
187C : 0000;
187D : 0000;
187E : 0000;
187F : 0000;
1880 : 0000;
1881 : 0000;
1882 : 0000;
1883 : 0000;
1884 : 0000;
1885 : 0000;
1886 : 0000;
1887 : 0000;
1888 : 0000;
1889 : 0000;
188A : 0000;
188B : 0000;
188C : 0000;
188D : 0000;
188E : 0000;
188F : 0000;
1890 : 0000;
1891 : 0000;
1892 : 0000;
1893 : 0000;
1894 : 0000;
1895 : 0000;
1896 : 0000;
1897 : 0000;
1898 : 0000;
1899 : 0000;
189A : 0000;
189B : 0000;
189C : 0000;
189D : 0000;
189E : 0000;
189F : 0000;
18A0 : 0000;
18A1 : 0000;
18A2 : 0000;
18A3 : 0000;
18A4 : 0000;
18A5 : 0000;
18A6 : 0000;
18A7 : 0000;
18A8 : 0000;
18A9 : 0000;
18AA : 0000;
18AB : 0000;
18AC : 0000;
18AD : 0000;
18AE : 0000;
18AF : 0000;
18B0 : 0000;
18B1 : 0000;
18B2 : 0000;
18B3 : 0000;
18B4 : 0000;
18B5 : 0000;
18B6 : 0000;
18B7 : 0000;
18B8 : 0000;
18B9 : 0000;
18BA : 0000;
18BB : 0000;
18BC : 0000;
18BD : 0000;
18BE : 0000;
18BF : 0000;
18C0 : 0000;
18C1 : 0000;
18C2 : 0000;
18C3 : 0000;
18C4 : 0000;
18C5 : 0000;
18C6 : 0000;
18C7 : 0000;
18C8 : 0000;
18C9 : 0000;
18CA : 0000;
18CB : 0000;
18CC : 0000;
18CD : 0000;
18CE : 0000;
18CF : 0000;
18D0 : 0000;
18D1 : 0000;
18D2 : 0000;
18D3 : 0000;
18D4 : 0000;
18D5 : 0000;
18D6 : 0000;
18D7 : 0000;
18D8 : 0000;
18D9 : 0000;
18DA : 0000;
18DB : 0000;
18DC : 0000;
18DD : 0000;
18DE : 0000;
18DF : 0000;
18E0 : 0000;
18E1 : 0000;
18E2 : 0000;
18E3 : 0000;
18E4 : 0000;
18E5 : 0000;
18E6 : 0000;
18E7 : 0000;
18E8 : 0000;
18E9 : 0000;
18EA : 0000;
18EB : 0000;
18EC : 0000;
18ED : 0000;
18EE : 0000;
18EF : 0000;
18F0 : 0000;
18F1 : 0000;
18F2 : 0000;
18F3 : 0000;
18F4 : 0000;
18F5 : 0000;
18F6 : 0000;
18F7 : 0000;
18F8 : 0000;
18F9 : 0000;
18FA : 0000;
18FB : 0000;
18FC : 0000;
18FD : 0000;
18FE : 0000;
18FF : 0000;
1900 : 0000;
1901 : 0000;
1902 : 0000;
1903 : 0000;
1904 : 0000;
1905 : 0000;
1906 : 0000;
1907 : 0000;
1908 : 0000;
1909 : 0000;
190A : 0000;
190B : 0000;
190C : 0000;
190D : 0000;
190E : 0000;
190F : 0000;
1910 : 0000;
1911 : 0000;
1912 : 0000;
1913 : 0000;
1914 : 0000;
1915 : 0000;
1916 : 0000;
1917 : 0000;
1918 : 0000;
1919 : 0000;
191A : 0000;
191B : 0000;
191C : 0000;
191D : 0000;
191E : 0000;
191F : 0000;
1920 : 0000;
1921 : 0000;
1922 : 0000;
1923 : 0000;
1924 : 0000;
1925 : 0000;
1926 : 0000;
1927 : 0000;
1928 : 0000;
1929 : 0000;
192A : 0000;
192B : 0000;
192C : 0000;
192D : 0000;
192E : 0000;
192F : 0000;
1930 : 0000;
1931 : 0000;
1932 : 0000;
1933 : 0000;
1934 : 0000;
1935 : 0000;
1936 : 0000;
1937 : 0000;
1938 : 0000;
1939 : 0000;
193A : 0000;
193B : 0000;
193C : 0000;
193D : 0000;
193E : 0000;
193F : 0000;
1940 : 0000;
1941 : 0000;
1942 : 0000;
1943 : 0000;
1944 : 0000;
1945 : 0000;
1946 : 0000;
1947 : 0000;
1948 : 0000;
1949 : 0000;
194A : 0000;
194B : 0000;
194C : 0000;
194D : 0000;
194E : 0000;
194F : 0000;
1950 : 0000;
1951 : 0000;
1952 : 0000;
1953 : 0000;
1954 : 0000;
1955 : 0000;
1956 : 0000;
1957 : 0000;
1958 : 0000;
1959 : 0000;
195A : 0000;
195B : 0000;
195C : 0000;
195D : 0000;
195E : 0000;
195F : 0000;
1960 : 0000;
1961 : 0000;
1962 : 0000;
1963 : 0000;
1964 : 0000;
1965 : 0000;
1966 : 0000;
1967 : 0000;
1968 : 0000;
1969 : 0000;
196A : 0000;
196B : 0000;
196C : 0000;
196D : 0000;
196E : 0000;
196F : 0000;
1970 : 0000;
1971 : 0000;
1972 : 0000;
1973 : 0000;
1974 : 0000;
1975 : 0000;
1976 : 0000;
1977 : 0000;
1978 : 0000;
1979 : 0000;
197A : 0000;
197B : 0000;
197C : 0000;
197D : 0000;
197E : 0000;
197F : 0000;
1980 : 0000;
1981 : 0000;
1982 : 0000;
1983 : 0000;
1984 : 0000;
1985 : 0000;
1986 : 0000;
1987 : 0000;
1988 : 0000;
1989 : 0000;
198A : 0000;
198B : 0000;
198C : 0000;
198D : 0000;
198E : 0000;
198F : 0000;
1990 : 0000;
1991 : 0000;
1992 : 0000;
1993 : 0000;
1994 : 0000;
1995 : 0000;
1996 : 0000;
1997 : 0000;
1998 : 0000;
1999 : 0000;
199A : 0000;
199B : 0000;
199C : 0000;
199D : 0000;
199E : 0000;
199F : 0000;
19A0 : 0000;
19A1 : 0000;
19A2 : 0000;
19A3 : 0000;
19A4 : 0000;
19A5 : 0000;
19A6 : 0000;
19A7 : 0000;
19A8 : 0000;
19A9 : 0000;
19AA : 0000;
19AB : 0000;
19AC : 0000;
19AD : 0000;
19AE : 0000;
19AF : 0000;
19B0 : 0000;
19B1 : 0000;
19B2 : 0000;
19B3 : 0000;
19B4 : 0000;
19B5 : 0000;
19B6 : 0000;
19B7 : 0000;
19B8 : 0000;
19B9 : 0000;
19BA : 0000;
19BB : 0000;
19BC : 0000;
19BD : 0000;
19BE : 0000;
19BF : 0000;
19C0 : 0000;
19C1 : 0000;
19C2 : 0000;
19C3 : 0000;
19C4 : 0000;
19C5 : 0000;
19C6 : 0000;
19C7 : 0000;
19C8 : 0000;
19C9 : 0000;
19CA : 0000;
19CB : 0000;
19CC : 0000;
19CD : 0000;
19CE : 0000;
19CF : 0000;
19D0 : 0000;
19D1 : 0000;
19D2 : 0000;
19D3 : 0000;
19D4 : 0000;
19D5 : 0000;
19D6 : 0000;
19D7 : 0000;
19D8 : 0000;
19D9 : 0000;
19DA : 0000;
19DB : 0000;
19DC : 0000;
19DD : 0000;
19DE : 0000;
19DF : 0000;
19E0 : 0000;
19E1 : 0000;
19E2 : 0000;
19E3 : 0000;
19E4 : 0000;
19E5 : 0000;
19E6 : 0000;
19E7 : 0000;
19E8 : 0000;
19E9 : 0000;
19EA : 0000;
19EB : 0000;
19EC : 0000;
19ED : 0000;
19EE : 0000;
19EF : 0000;
19F0 : 0000;
19F1 : 0000;
19F2 : 0000;
19F3 : 0000;
19F4 : 0000;
19F5 : 0000;
19F6 : 0000;
19F7 : 0000;
19F8 : 0000;
19F9 : 0000;
19FA : 0000;
19FB : 0000;
19FC : 0000;
19FD : 0000;
19FE : 0000;
19FF : 0000;
1A00 : 0000;
1A01 : 0000;
1A02 : 0000;
1A03 : 0000;
1A04 : 0000;
1A05 : 0000;
1A06 : 0000;
1A07 : 0000;
1A08 : 0000;
1A09 : 0000;
1A0A : 0000;
1A0B : 0000;
1A0C : 0000;
1A0D : 0000;
1A0E : 0000;
1A0F : 0000;
1A10 : 0000;
1A11 : 0000;
1A12 : 0000;
1A13 : 0000;
1A14 : 0000;
1A15 : 0000;
1A16 : 0000;
1A17 : 0000;
1A18 : 0000;
1A19 : 0000;
1A1A : 0000;
1A1B : 0000;
1A1C : 0000;
1A1D : 0000;
1A1E : 0000;
1A1F : 0000;
1A20 : 0000;
1A21 : 0000;
1A22 : 0000;
1A23 : 0000;
1A24 : 0000;
1A25 : 0000;
1A26 : 0000;
1A27 : 0000;
1A28 : 0000;
1A29 : 0000;
1A2A : 0000;
1A2B : 0000;
1A2C : 0000;
1A2D : 0000;
1A2E : 0000;
1A2F : 0000;
1A30 : 0000;
1A31 : 0000;
1A32 : 0000;
1A33 : 0000;
1A34 : 0000;
1A35 : 0000;
1A36 : 0000;
1A37 : 0000;
1A38 : 0000;
1A39 : 0000;
1A3A : 0000;
1A3B : 0000;
1A3C : 0000;
1A3D : 0000;
1A3E : 0000;
1A3F : 0000;
1A40 : 0000;
1A41 : 0000;
1A42 : 0000;
1A43 : 0000;
1A44 : 0000;
1A45 : 0000;
1A46 : 0000;
1A47 : 0000;
1A48 : 0000;
1A49 : 0000;
1A4A : 0000;
1A4B : 0000;
1A4C : 0000;
1A4D : 0000;
1A4E : 0000;
1A4F : 0000;
1A50 : 0000;
1A51 : 0000;
1A52 : 0000;
1A53 : 0000;
1A54 : 0000;
1A55 : 0000;
1A56 : 0000;
1A57 : 0000;
1A58 : 0000;
1A59 : 0000;
1A5A : 0000;
1A5B : 0000;
1A5C : 0000;
1A5D : 0000;
1A5E : 0000;
1A5F : 0000;
1A60 : 0000;
1A61 : 0000;
1A62 : 0000;
1A63 : 0000;
1A64 : 0000;
1A65 : 0000;
1A66 : 0000;
1A67 : 0000;
1A68 : 0000;
1A69 : 0000;
1A6A : 0000;
1A6B : 0000;
1A6C : 0000;
1A6D : 0000;
1A6E : 0000;
1A6F : 0000;
1A70 : 0000;
1A71 : 0000;
1A72 : 0000;
1A73 : 0000;
1A74 : 0000;
1A75 : 0000;
1A76 : 0000;
1A77 : 0000;
1A78 : 0000;
1A79 : 0000;
1A7A : 0000;
1A7B : 0000;
1A7C : 0000;
1A7D : 0000;
1A7E : 0000;
1A7F : 0000;
1A80 : 0000;
1A81 : 0000;
1A82 : 0000;
1A83 : 0000;
1A84 : 0000;
1A85 : 0000;
1A86 : 0000;
1A87 : 0000;
1A88 : 0000;
1A89 : 0000;
1A8A : 0000;
1A8B : 0000;
1A8C : 0000;
1A8D : 0000;
1A8E : 0000;
1A8F : 0000;
1A90 : 0000;
1A91 : 0000;
1A92 : 0000;
1A93 : 0000;
1A94 : 0000;
1A95 : 0000;
1A96 : 0000;
1A97 : 0000;
1A98 : 0000;
1A99 : 0000;
1A9A : 0000;
1A9B : 0000;
1A9C : 0000;
1A9D : 0000;
1A9E : 0000;
1A9F : 0000;
1AA0 : 0000;
1AA1 : 0000;
1AA2 : 0000;
1AA3 : 0000;
1AA4 : 0000;
1AA5 : 0000;
1AA6 : 0000;
1AA7 : 0000;
1AA8 : 0000;
1AA9 : 0000;
1AAA : 0000;
1AAB : 0000;
1AAC : 0000;
1AAD : 0000;
1AAE : 0000;
1AAF : 0000;
1AB0 : 0000;
1AB1 : 0000;
1AB2 : 0000;
1AB3 : 0000;
1AB4 : 0000;
1AB5 : 0000;
1AB6 : 0000;
1AB7 : 0000;
1AB8 : 0000;
1AB9 : 0000;
1ABA : 0000;
1ABB : 0000;
1ABC : 0000;
1ABD : 0000;
1ABE : 0000;
1ABF : 0000;
1AC0 : 0000;
1AC1 : 0000;
1AC2 : 0000;
1AC3 : 0000;
1AC4 : 0000;
1AC5 : 0000;
1AC6 : 0000;
1AC7 : 0000;
1AC8 : 0000;
1AC9 : 0000;
1ACA : 0000;
1ACB : 0000;
1ACC : 0000;
1ACD : 0000;
1ACE : 0000;
1ACF : 0000;
1AD0 : 0000;
1AD1 : 0000;
1AD2 : 0000;
1AD3 : 0000;
1AD4 : 0000;
1AD5 : 0000;
1AD6 : 0000;
1AD7 : 0000;
1AD8 : 0000;
1AD9 : 0000;
1ADA : 0000;
1ADB : 0000;
1ADC : 0000;
1ADD : 0000;
1ADE : 0000;
1ADF : 0000;
1AE0 : 0000;
1AE1 : 0000;
1AE2 : 0000;
1AE3 : 0000;
1AE4 : 0000;
1AE5 : 0000;
1AE6 : 0000;
1AE7 : 0000;
1AE8 : 0000;
1AE9 : 0000;
1AEA : 0000;
1AEB : 0000;
1AEC : 0000;
1AED : 0000;
1AEE : 0000;
1AEF : 0000;
1AF0 : 0000;
1AF1 : 0000;
1AF2 : 0000;
1AF3 : 0000;
1AF4 : 0000;
1AF5 : 0000;
1AF6 : 0000;
1AF7 : 0000;
1AF8 : 0000;
1AF9 : 0000;
1AFA : 0000;
1AFB : 0000;
1AFC : 0000;
1AFD : 0000;
1AFE : 0000;
1AFF : 0000;
1B00 : 0000;
1B01 : 0000;
1B02 : 0000;
1B03 : 0000;
1B04 : 0000;
1B05 : 0000;
1B06 : 0000;
1B07 : 0000;
1B08 : 0000;
1B09 : 0000;
1B0A : 0000;
1B0B : 0000;
1B0C : 0000;
1B0D : 0000;
1B0E : 0000;
1B0F : 0000;
1B10 : 0000;
1B11 : 0000;
1B12 : 0000;
1B13 : 0000;
1B14 : 0000;
1B15 : 0000;
1B16 : 0000;
1B17 : 0000;
1B18 : 0000;
1B19 : 0000;
1B1A : 0000;
1B1B : 0000;
1B1C : 0000;
1B1D : 0000;
1B1E : 0000;
1B1F : 0000;
1B20 : 0000;
1B21 : 0000;
1B22 : 0000;
1B23 : 0000;
1B24 : 0000;
1B25 : 0000;
1B26 : 0000;
1B27 : 0000;
1B28 : 0000;
1B29 : 0000;
1B2A : 0000;
1B2B : 0000;
1B2C : 0000;
1B2D : 0000;
1B2E : 0000;
1B2F : 0000;
1B30 : 0000;
1B31 : 0000;
1B32 : 0000;
1B33 : 0000;
1B34 : 0000;
1B35 : 0000;
1B36 : 0000;
1B37 : 0000;
1B38 : 0000;
1B39 : 0000;
1B3A : 0000;
1B3B : 0000;
1B3C : 0000;
1B3D : 0000;
1B3E : 0000;
1B3F : 0000;
1B40 : 0000;
1B41 : 0000;
1B42 : 0000;
1B43 : 0000;
1B44 : 0000;
1B45 : 0000;
1B46 : 0000;
1B47 : 0000;
1B48 : 0000;
1B49 : 0000;
1B4A : 0000;
1B4B : 0000;
1B4C : 0000;
1B4D : 0000;
1B4E : 0000;
1B4F : 0000;
1B50 : 0000;
1B51 : 0000;
1B52 : 0000;
1B53 : 0000;
1B54 : 0000;
1B55 : 0000;
1B56 : 0000;
1B57 : 0000;
1B58 : 0000;
1B59 : 0000;
1B5A : 0000;
1B5B : 0000;
1B5C : 0000;
1B5D : 0000;
1B5E : 0000;
1B5F : 0000;
1B60 : 0000;
1B61 : 0000;
1B62 : 0000;
1B63 : 0000;
1B64 : 0000;
1B65 : 0000;
1B66 : 0000;
1B67 : 0000;
1B68 : 0000;
1B69 : 0000;
1B6A : 0000;
1B6B : 0000;
1B6C : 0000;
1B6D : 0000;
1B6E : 0000;
1B6F : 0000;
1B70 : 0000;
1B71 : 0000;
1B72 : 0000;
1B73 : 0000;
1B74 : 0000;
1B75 : 0000;
1B76 : 0000;
1B77 : 0000;
1B78 : 0000;
1B79 : 0000;
1B7A : 0000;
1B7B : 0000;
1B7C : 0000;
1B7D : 0000;
1B7E : 0000;
1B7F : 0000;
1B80 : 0000;
1B81 : 0000;
1B82 : 0000;
1B83 : 0000;
1B84 : 0000;
1B85 : 0000;
1B86 : 0000;
1B87 : 0000;
1B88 : 0000;
1B89 : 0000;
1B8A : 0000;
1B8B : 0000;
1B8C : 0000;
1B8D : 0000;
1B8E : 0000;
1B8F : 0000;
1B90 : 0000;
1B91 : 0000;
1B92 : 0000;
1B93 : 0000;
1B94 : 0000;
1B95 : 0000;
1B96 : 0000;
1B97 : 0000;
1B98 : 0000;
1B99 : 0000;
1B9A : 0000;
1B9B : 0000;
1B9C : 0000;
1B9D : 0000;
1B9E : 0000;
1B9F : 0000;
1BA0 : 0000;
1BA1 : 0000;
1BA2 : 0000;
1BA3 : 0000;
1BA4 : 0000;
1BA5 : 0000;
1BA6 : 0000;
1BA7 : 0000;
1BA8 : 0000;
1BA9 : 0000;
1BAA : 0000;
1BAB : 0000;
1BAC : 0000;
1BAD : 0000;
1BAE : 0000;
1BAF : 0000;
1BB0 : 0000;
1BB1 : 0000;
1BB2 : 0000;
1BB3 : 0000;
1BB4 : 0000;
1BB5 : 0000;
1BB6 : 0000;
1BB7 : 0000;
1BB8 : 0000;
1BB9 : 0000;
1BBA : 0000;
1BBB : 0000;
1BBC : 0000;
1BBD : 0000;
1BBE : 0000;
1BBF : 0000;
1BC0 : 0000;
1BC1 : 0000;
1BC2 : 0000;
1BC3 : 0000;
1BC4 : 0000;
1BC5 : 0000;
1BC6 : 0000;
1BC7 : 0000;
1BC8 : 0000;
1BC9 : 0000;
1BCA : 0000;
1BCB : 0000;
1BCC : 0000;
1BCD : 0000;
1BCE : 0000;
1BCF : 0000;
1BD0 : 0000;
1BD1 : 0000;
1BD2 : 0000;
1BD3 : 0000;
1BD4 : 0000;
1BD5 : 0000;
1BD6 : 0000;
1BD7 : 0000;
1BD8 : 0000;
1BD9 : 0000;
1BDA : 0000;
1BDB : 0000;
1BDC : 0000;
1BDD : 0000;
1BDE : 0000;
1BDF : 0000;
1BE0 : 0000;
1BE1 : 0000;
1BE2 : 0000;
1BE3 : 0000;
1BE4 : 0000;
1BE5 : 0000;
1BE6 : 0000;
1BE7 : 0000;
1BE8 : 0000;
1BE9 : 0000;
1BEA : 0000;
1BEB : 0000;
1BEC : 0000;
1BED : 0000;
1BEE : 0000;
1BEF : 0000;
1BF0 : 0000;
1BF1 : 0000;
1BF2 : 0000;
1BF3 : 0000;
1BF4 : 0000;
1BF5 : 0000;
1BF6 : 0000;
1BF7 : 0000;
1BF8 : 0000;
1BF9 : 0000;
1BFA : 0000;
1BFB : 0000;
1BFC : 0000;
1BFD : 0000;
1BFE : 0000;
1BFF : 0000;
1C00 : 0000;
1C01 : 0000;
1C02 : 0000;
1C03 : 0000;
1C04 : 0000;
1C05 : 0000;
1C06 : 0000;
1C07 : 0000;
1C08 : 0000;
1C09 : 0000;
1C0A : 0000;
1C0B : 0000;
1C0C : 0000;
1C0D : 0000;
1C0E : 0000;
1C0F : 0000;
1C10 : 0000;
1C11 : 0000;
1C12 : 0000;
1C13 : 0000;
1C14 : 0000;
1C15 : 0000;
1C16 : 0000;
1C17 : 0000;
1C18 : 0000;
1C19 : 0000;
1C1A : 0000;
1C1B : 0000;
1C1C : 0000;
1C1D : 0000;
1C1E : 0000;
1C1F : 0000;
1C20 : 0000;
1C21 : 0000;
1C22 : 0000;
1C23 : 0000;
1C24 : 0000;
1C25 : 0000;
1C26 : 0000;
1C27 : 0000;
1C28 : 0000;
1C29 : 0000;
1C2A : 0000;
1C2B : 0000;
1C2C : 0000;
1C2D : 0000;
1C2E : 0000;
1C2F : 0000;
1C30 : 0000;
1C31 : 0000;
1C32 : 0000;
1C33 : 0000;
1C34 : 0000;
1C35 : 0000;
1C36 : 0000;
1C37 : 0000;
1C38 : 0000;
1C39 : 0000;
1C3A : 0000;
1C3B : 0000;
1C3C : 0000;
1C3D : 0000;
1C3E : 0000;
1C3F : 0000;
1C40 : 0000;
1C41 : 0000;
1C42 : 0000;
1C43 : 0000;
1C44 : 0000;
1C45 : 0000;
1C46 : 0000;
1C47 : 0000;
1C48 : 0000;
1C49 : 0000;
1C4A : 0000;
1C4B : 0000;
1C4C : 0000;
1C4D : 0000;
1C4E : 0000;
1C4F : 0000;
1C50 : 0000;
1C51 : 0000;
1C52 : 0000;
1C53 : 0000;
1C54 : 0000;
1C55 : 0000;
1C56 : 0000;
1C57 : 0000;
1C58 : 0000;
1C59 : 0000;
1C5A : 0000;
1C5B : 0000;
1C5C : 0000;
1C5D : 0000;
1C5E : 0000;
1C5F : 0000;
1C60 : 0000;
1C61 : 0000;
1C62 : 0000;
1C63 : 0000;
1C64 : 0000;
1C65 : 0000;
1C66 : 0000;
1C67 : 0000;
1C68 : 0000;
1C69 : 0000;
1C6A : 0000;
1C6B : 0000;
1C6C : 0000;
1C6D : 0000;
1C6E : 0000;
1C6F : 0000;
1C70 : 0000;
1C71 : 0000;
1C72 : 0000;
1C73 : 0000;
1C74 : 0000;
1C75 : 0000;
1C76 : 0000;
1C77 : 0000;
1C78 : 0000;
1C79 : 0000;
1C7A : 0000;
1C7B : 0000;
1C7C : 0000;
1C7D : 0000;
1C7E : 0000;
1C7F : 0000;
1C80 : 0000;
1C81 : 0000;
1C82 : 0000;
1C83 : 0000;
1C84 : 0000;
1C85 : 0000;
1C86 : 0000;
1C87 : 0000;
1C88 : 0000;
1C89 : 0000;
1C8A : 0000;
1C8B : 0000;
1C8C : 0000;
1C8D : 0000;
1C8E : 0000;
1C8F : 0000;
1C90 : 0000;
1C91 : 0000;
1C92 : 0000;
1C93 : 0000;
1C94 : 0000;
1C95 : 0000;
1C96 : 0000;
1C97 : 0000;
1C98 : 0000;
1C99 : 0000;
1C9A : 0000;
1C9B : 0000;
1C9C : 0000;
1C9D : 0000;
1C9E : 0000;
1C9F : 0000;
1CA0 : 0000;
1CA1 : 0000;
1CA2 : 0000;
1CA3 : 0000;
1CA4 : 0000;
1CA5 : 0000;
1CA6 : 0000;
1CA7 : 0000;
1CA8 : 0000;
1CA9 : 0000;
1CAA : 0000;
1CAB : 0000;
1CAC : 0000;
1CAD : 0000;
1CAE : 0000;
1CAF : 0000;
1CB0 : 0000;
1CB1 : 0000;
1CB2 : 0000;
1CB3 : 0000;
1CB4 : 0000;
1CB5 : 0000;
1CB6 : 0000;
1CB7 : 0000;
1CB8 : 0000;
1CB9 : 0000;
1CBA : 0000;
1CBB : 0000;
1CBC : 0000;
1CBD : 0000;
1CBE : 0000;
1CBF : 0000;
1CC0 : 0000;
1CC1 : 0000;
1CC2 : 0000;
1CC3 : 0000;
1CC4 : 0000;
1CC5 : 0000;
1CC6 : 0000;
1CC7 : 0000;
1CC8 : 0000;
1CC9 : 0000;
1CCA : 0000;
1CCB : 0000;
1CCC : 0000;
1CCD : 0000;
1CCE : 0000;
1CCF : 0000;
1CD0 : 0000;
1CD1 : 0000;
1CD2 : 0000;
1CD3 : 0000;
1CD4 : 0000;
1CD5 : 0000;
1CD6 : 0000;
1CD7 : 0000;
1CD8 : 0000;
1CD9 : 0000;
1CDA : 0000;
1CDB : 0000;
1CDC : 0000;
1CDD : 0000;
1CDE : 0000;
1CDF : 0000;
1CE0 : 0000;
1CE1 : 0000;
1CE2 : 0000;
1CE3 : 0000;
1CE4 : 0000;
1CE5 : 0000;
1CE6 : 0000;
1CE7 : 0000;
1CE8 : 0000;
1CE9 : 0000;
1CEA : 0000;
1CEB : 0000;
1CEC : 0000;
1CED : 0000;
1CEE : 0000;
1CEF : 0000;
1CF0 : 0000;
1CF1 : 0000;
1CF2 : 0000;
1CF3 : 0000;
1CF4 : 0000;
1CF5 : 0000;
1CF6 : 0000;
1CF7 : 0000;
1CF8 : 0000;
1CF9 : 0000;
1CFA : 0000;
1CFB : 0000;
1CFC : 0000;
1CFD : 0000;
1CFE : 0000;
1CFF : 0000;
1D00 : 0000;
1D01 : 0000;
1D02 : 0000;
1D03 : 0000;
1D04 : 0000;
1D05 : 0000;
1D06 : 0000;
1D07 : 0000;
1D08 : 0000;
1D09 : 0000;
1D0A : 0000;
1D0B : 0000;
1D0C : 0000;
1D0D : 0000;
1D0E : 0000;
1D0F : 0000;
1D10 : 0000;
1D11 : 0000;
1D12 : 0000;
1D13 : 0000;
1D14 : 0000;
1D15 : 0000;
1D16 : 0000;
1D17 : 0000;
1D18 : 0000;
1D19 : 0000;
1D1A : 0000;
1D1B : 0000;
1D1C : 0000;
1D1D : 0000;
1D1E : 0000;
1D1F : 0000;
1D20 : 0000;
1D21 : 0000;
1D22 : 0000;
1D23 : 0000;
1D24 : 0000;
1D25 : 0000;
1D26 : 0000;
1D27 : 0000;
1D28 : 0000;
1D29 : 0000;
1D2A : 0000;
1D2B : 0000;
1D2C : 0000;
1D2D : 0000;
1D2E : 0000;
1D2F : 0000;
1D30 : 0000;
1D31 : 0000;
1D32 : 0000;
1D33 : 0000;
1D34 : 0000;
1D35 : 0000;
1D36 : 0000;
1D37 : 0000;
1D38 : 0000;
1D39 : 0000;
1D3A : 0000;
1D3B : 0000;
1D3C : 0000;
1D3D : 0000;
1D3E : 0000;
1D3F : 0000;
1D40 : 0000;
1D41 : 0000;
1D42 : 0000;
1D43 : 0000;
1D44 : 0000;
1D45 : 0000;
1D46 : 0000;
1D47 : 0000;
1D48 : 0000;
1D49 : 0000;
1D4A : 0000;
1D4B : 0000;
1D4C : 0000;
1D4D : 0000;
1D4E : 0000;
1D4F : 0000;
1D50 : 0000;
1D51 : 0000;
1D52 : 0000;
1D53 : 0000;
1D54 : 0000;
1D55 : 0000;
1D56 : 0000;
1D57 : 0000;
1D58 : 0000;
1D59 : 0000;
1D5A : 0000;
1D5B : 0000;
1D5C : 0000;
1D5D : 0000;
1D5E : 0000;
1D5F : 0000;
1D60 : 0000;
1D61 : 0000;
1D62 : 0000;
1D63 : 0000;
1D64 : 0000;
1D65 : 0000;
1D66 : 0000;
1D67 : 0000;
1D68 : 0000;
1D69 : 0000;
1D6A : 0000;
1D6B : 0000;
1D6C : 0000;
1D6D : 0000;
1D6E : 0000;
1D6F : 0000;
1D70 : 0000;
1D71 : 0000;
1D72 : 0000;
1D73 : 0000;
1D74 : 0000;
1D75 : 0000;
1D76 : 0000;
1D77 : 0000;
1D78 : 0000;
1D79 : 0000;
1D7A : 0000;
1D7B : 0000;
1D7C : 0000;
1D7D : 0000;
1D7E : 0000;
1D7F : 0000;
1D80 : 0000;
1D81 : 0000;
1D82 : 0000;
1D83 : 0000;
1D84 : 0000;
1D85 : 0000;
1D86 : 0000;
1D87 : 0000;
1D88 : 0000;
1D89 : 0000;
1D8A : 0000;
1D8B : 0000;
1D8C : 0000;
1D8D : 0000;
1D8E : 0000;
1D8F : 0000;
1D90 : 0000;
1D91 : 0000;
1D92 : 0000;
1D93 : 0000;
1D94 : 0000;
1D95 : 0000;
1D96 : 0000;
1D97 : 0000;
1D98 : 0000;
1D99 : 0000;
1D9A : 0000;
1D9B : 0000;
1D9C : 0000;
1D9D : 0000;
1D9E : 0000;
1D9F : 0000;
1DA0 : 0000;
1DA1 : 0000;
1DA2 : 0000;
1DA3 : 0000;
1DA4 : 0000;
1DA5 : 0000;
1DA6 : 0000;
1DA7 : 0000;
1DA8 : 0000;
1DA9 : 0000;
1DAA : 0000;
1DAB : 0000;
1DAC : 0000;
1DAD : 0000;
1DAE : 0000;
1DAF : 0000;
1DB0 : 0000;
1DB1 : 0000;
1DB2 : 0000;
1DB3 : 0000;
1DB4 : 0000;
1DB5 : 0000;
1DB6 : 0000;
1DB7 : 0000;
1DB8 : 0000;
1DB9 : 0000;
1DBA : 0000;
1DBB : 0000;
1DBC : 0000;
1DBD : 0000;
1DBE : 0000;
1DBF : 0000;
1DC0 : 0000;
1DC1 : 0000;
1DC2 : 0000;
1DC3 : 0000;
1DC4 : 0000;
1DC5 : 0000;
1DC6 : 0000;
1DC7 : 0000;
1DC8 : 0000;
1DC9 : 0000;
1DCA : 0000;
1DCB : 0000;
1DCC : 0000;
1DCD : 0000;
1DCE : 0000;
1DCF : 0000;
1DD0 : 0000;
1DD1 : 0000;
1DD2 : 0000;
1DD3 : 0000;
1DD4 : 0000;
1DD5 : 0000;
1DD6 : 0000;
1DD7 : 0000;
1DD8 : 0000;
1DD9 : 0000;
1DDA : 0000;
1DDB : 0000;
1DDC : 0000;
1DDD : 0000;
1DDE : 0000;
1DDF : 0000;
1DE0 : 0000;
1DE1 : 0000;
1DE2 : 0000;
1DE3 : 0000;
1DE4 : 0000;
1DE5 : 0000;
1DE6 : 0000;
1DE7 : 0000;
1DE8 : 0000;
1DE9 : 0000;
1DEA : 0000;
1DEB : 0000;
1DEC : 0000;
1DED : 0000;
1DEE : 0000;
1DEF : 0000;
1DF0 : 0000;
1DF1 : 0000;
1DF2 : 0000;
1DF3 : 0000;
1DF4 : 0000;
1DF5 : 0000;
1DF6 : 0000;
1DF7 : 0000;
1DF8 : 0000;
1DF9 : 0000;
1DFA : 0000;
1DFB : 0000;
1DFC : 0000;
1DFD : 0000;
1DFE : 0000;
1DFF : 0000;
1E00 : 0000;
1E01 : 0000;
1E02 : 0000;
1E03 : 0000;
1E04 : 0000;
1E05 : 0000;
1E06 : 0000;
1E07 : 0000;
1E08 : 0000;
1E09 : 0000;
1E0A : 0000;
1E0B : 0000;
1E0C : 0000;
1E0D : 0000;
1E0E : 0000;
1E0F : 0000;
1E10 : 0000;
1E11 : 0000;
1E12 : 0000;
1E13 : 0000;
1E14 : 0000;
1E15 : 0000;
1E16 : 0000;
1E17 : 0000;
1E18 : 0000;
1E19 : 0000;
1E1A : 0000;
1E1B : 0000;
1E1C : 0000;
1E1D : 0000;
1E1E : 0000;
1E1F : 0000;
1E20 : 0000;
1E21 : 0000;
1E22 : 0000;
1E23 : 0000;
1E24 : 0000;
1E25 : 0000;
1E26 : 0000;
1E27 : 0000;
1E28 : 0000;
1E29 : 0000;
1E2A : 0000;
1E2B : 0000;
1E2C : 0000;
1E2D : 0000;
1E2E : 0000;
1E2F : 0000;
1E30 : 0000;
1E31 : 0000;
1E32 : 0000;
1E33 : 0000;
1E34 : 0000;
1E35 : 0000;
1E36 : 0000;
1E37 : 0000;
1E38 : 0000;
1E39 : 0000;
1E3A : 0000;
1E3B : 0000;
1E3C : 0000;
1E3D : 0000;
1E3E : 0000;
1E3F : 0000;
1E40 : 0000;
1E41 : 0000;
1E42 : 0000;
1E43 : 0000;
1E44 : 0000;
1E45 : 0000;
1E46 : 0000;
1E47 : 0000;
1E48 : 0000;
1E49 : 0000;
1E4A : 0000;
1E4B : 0000;
1E4C : 0000;
1E4D : 0000;
1E4E : 0000;
1E4F : 0000;
1E50 : 0000;
1E51 : 0000;
1E52 : 0000;
1E53 : 0000;
1E54 : 0000;
1E55 : 0000;
1E56 : 0000;
1E57 : 0000;
1E58 : 0000;
1E59 : 0000;
1E5A : 0000;
1E5B : 0000;
1E5C : 0000;
1E5D : 0000;
1E5E : 0000;
1E5F : 0000;
1E60 : 0000;
1E61 : 0000;
1E62 : 0000;
1E63 : 0000;
1E64 : 0000;
1E65 : 0000;
1E66 : 0000;
1E67 : 0000;
1E68 : 0000;
1E69 : 0000;
1E6A : 0000;
1E6B : 0000;
1E6C : 0000;
1E6D : 0000;
1E6E : 0000;
1E6F : 0000;
1E70 : 0000;
1E71 : 0000;
1E72 : 0000;
1E73 : 0000;
1E74 : 0000;
1E75 : 0000;
1E76 : 0000;
1E77 : 0000;
1E78 : 0000;
1E79 : 0000;
1E7A : 0000;
1E7B : 0000;
1E7C : 0000;
1E7D : 0000;
1E7E : 0000;
1E7F : 0000;
1E80 : 0000;
1E81 : 0000;
1E82 : 0000;
1E83 : 0000;
1E84 : 0000;
1E85 : 0000;
1E86 : 0000;
1E87 : 0000;
1E88 : 0000;
1E89 : 0000;
1E8A : 0000;
1E8B : 0000;
1E8C : 0000;
1E8D : 0000;
1E8E : 0000;
1E8F : 0000;
1E90 : 0000;
1E91 : 0000;
1E92 : 0000;
1E93 : 0000;
1E94 : 0000;
1E95 : 0000;
1E96 : 0000;
1E97 : 0000;
1E98 : 0000;
1E99 : 0000;
1E9A : 0000;
1E9B : 0000;
1E9C : 0000;
1E9D : 0000;
1E9E : 0000;
1E9F : 0000;
1EA0 : 0000;
1EA1 : 0000;
1EA2 : 0000;
1EA3 : 0000;
1EA4 : 0000;
1EA5 : 0000;
1EA6 : 0000;
1EA7 : 0000;
1EA8 : 0000;
1EA9 : 0000;
1EAA : 0000;
1EAB : 0000;
1EAC : 0000;
1EAD : 0000;
1EAE : 0000;
1EAF : 0000;
1EB0 : 0000;
1EB1 : 0000;
1EB2 : 0000;
1EB3 : 0000;
1EB4 : 0000;
1EB5 : 0000;
1EB6 : 0000;
1EB7 : 0000;
1EB8 : 0000;
1EB9 : 0000;
1EBA : 0000;
1EBB : 0000;
1EBC : 0000;
1EBD : 0000;
1EBE : 0000;
1EBF : 0000;
1EC0 : 0000;
1EC1 : 0000;
1EC2 : 0000;
1EC3 : 0000;
1EC4 : 0000;
1EC5 : 0000;
1EC6 : 0000;
1EC7 : 0000;
1EC8 : 0000;
1EC9 : 0000;
1ECA : 0000;
1ECB : 0000;
1ECC : 0000;
1ECD : 0000;
1ECE : 0000;
1ECF : 0000;
1ED0 : 0000;
1ED1 : 0000;
1ED2 : 0000;
1ED3 : 0000;
1ED4 : 0000;
1ED5 : 0000;
1ED6 : 0000;
1ED7 : 0000;
1ED8 : 0000;
1ED9 : 0000;
1EDA : 0000;
1EDB : 0000;
1EDC : 0000;
1EDD : 0000;
1EDE : 0000;
1EDF : 0000;
1EE0 : 0000;
1EE1 : 0000;
1EE2 : 0000;
1EE3 : 0000;
1EE4 : 0000;
1EE5 : 0000;
1EE6 : 0000;
1EE7 : 0000;
1EE8 : 0000;
1EE9 : 0000;
1EEA : 0000;
1EEB : 0000;
1EEC : 0000;
1EED : 0000;
1EEE : 0000;
1EEF : 0000;
1EF0 : 0000;
1EF1 : 0000;
1EF2 : 0000;
1EF3 : 0000;
1EF4 : 0000;
1EF5 : 0000;
1EF6 : 0000;
1EF7 : 0000;
1EF8 : 0000;
1EF9 : 0000;
1EFA : 0000;
1EFB : 0000;
1EFC : 0000;
1EFD : 0000;
1EFE : 0000;
1EFF : 0000;
1F00 : 0000;
1F01 : 0000;
1F02 : 0000;
1F03 : 0000;
1F04 : 0000;
1F05 : 0000;
1F06 : 0000;
1F07 : 0000;
1F08 : 0000;
1F09 : 0000;
1F0A : 0000;
1F0B : 0000;
1F0C : 0000;
1F0D : 0000;
1F0E : 0000;
1F0F : 0000;
1F10 : 0000;
1F11 : 0000;
1F12 : 0000;
1F13 : 0000;
1F14 : 0000;
1F15 : 0000;
1F16 : 0000;
1F17 : 0000;
1F18 : 0000;
1F19 : 0000;
1F1A : 0000;
1F1B : 0000;
1F1C : 0000;
1F1D : 0000;
1F1E : 0000;
1F1F : 0000;
1F20 : 0000;
1F21 : 0000;
1F22 : 0000;
1F23 : 0000;
1F24 : 0000;
1F25 : 0000;
1F26 : 0000;
1F27 : 0000;
1F28 : 0000;
1F29 : 0000;
1F2A : 0000;
1F2B : 0000;
1F2C : 0000;
1F2D : 0000;
1F2E : 0000;
1F2F : 0000;
1F30 : 0000;
1F31 : 0000;
1F32 : 0000;
1F33 : 0000;
1F34 : 0000;
1F35 : 0000;
1F36 : 0000;
1F37 : 0000;
1F38 : 0000;
1F39 : 0000;
1F3A : 0000;
1F3B : 0000;
1F3C : 0000;
1F3D : 0000;
1F3E : 0000;
1F3F : 0000;
1F40 : 0000;
1F41 : 0000;
1F42 : 0000;
1F43 : 0000;
1F44 : 0000;
1F45 : 0000;
1F46 : 0000;
1F47 : 0000;
1F48 : 0000;
1F49 : 0000;
1F4A : 0000;
1F4B : 0000;
1F4C : 0000;
1F4D : 0000;
1F4E : 0000;
1F4F : 0000;
1F50 : 0000;
1F51 : 0000;
1F52 : 0000;
1F53 : 0000;
1F54 : 0000;
1F55 : 0000;
1F56 : 0000;
1F57 : 0000;
1F58 : 0000;
1F59 : 0000;
1F5A : 0000;
1F5B : 0000;
1F5C : 0000;
1F5D : 0000;
1F5E : 0000;
1F5F : 0000;
1F60 : 0000;
1F61 : 0000;
1F62 : 0000;
1F63 : 0000;
1F64 : 0000;
1F65 : 0000;
1F66 : 0000;
1F67 : 0000;
1F68 : 0000;
1F69 : 0000;
1F6A : 0000;
1F6B : 0000;
1F6C : 0000;
1F6D : 0000;
1F6E : 0000;
1F6F : 0000;
1F70 : 0000;
1F71 : 0000;
1F72 : 0000;
1F73 : 0000;
1F74 : 0000;
1F75 : 0000;
1F76 : 0000;
1F77 : 0000;
1F78 : 0000;
1F79 : 0000;
1F7A : 0000;
1F7B : 0000;
1F7C : 0000;
1F7D : 0000;
1F7E : 0000;
1F7F : 0000;
1F80 : 0000;
1F81 : 0000;
1F82 : 0000;
1F83 : 0000;
1F84 : 0000;
1F85 : 0000;
1F86 : 0000;
1F87 : 0000;
1F88 : 0000;
1F89 : 0000;
1F8A : 0000;
1F8B : 0000;
1F8C : 0000;
1F8D : 0000;
1F8E : 0000;
1F8F : 0000;
1F90 : 0000;
1F91 : 0000;
1F92 : 0000;
1F93 : 0000;
1F94 : 0000;
1F95 : 0000;
1F96 : 0000;
1F97 : 0000;
1F98 : 0000;
1F99 : 0000;
1F9A : 0000;
1F9B : 0000;
1F9C : 0000;
1F9D : 0000;
1F9E : 0000;
1F9F : 0000;
1FA0 : 0000;
1FA1 : 0000;
1FA2 : 0000;
1FA3 : 0000;
1FA4 : 0000;
1FA5 : 0000;
1FA6 : 0000;
1FA7 : 0000;
1FA8 : 0000;
1FA9 : 0000;
1FAA : 0000;
1FAB : 0000;
1FAC : 0000;
1FAD : 0000;
1FAE : 0000;
1FAF : 0000;
1FB0 : 0000;
1FB1 : 0000;
1FB2 : 0000;
1FB3 : 0000;
1FB4 : 0000;
1FB5 : 0000;
1FB6 : 0000;
1FB7 : 0000;
1FB8 : 0000;
1FB9 : 0000;
1FBA : 0000;
1FBB : 0000;
1FBC : 0000;
1FBD : 0000;
1FBE : 0000;
1FBF : 0000;
1FC0 : 0000;
1FC1 : 0000;
1FC2 : 0000;
1FC3 : 0000;
1FC4 : 0000;
1FC5 : 0000;
1FC6 : 0000;
1FC7 : 0000;
1FC8 : 0000;
1FC9 : 0000;
1FCA : 0000;
1FCB : 0000;
1FCC : 0000;
1FCD : 0000;
1FCE : 0000;
1FCF : 0000;
1FD0 : 0000;
1FD1 : 0000;
1FD2 : 0000;
1FD3 : 0000;
1FD4 : 0000;
1FD5 : 0000;
1FD6 : 0000;
1FD7 : 0000;
1FD8 : 0000;
1FD9 : 0000;
1FDA : 0000;
1FDB : 0000;
1FDC : 0000;
1FDD : 0000;
1FDE : 0000;
1FDF : 0000;
1FE0 : 0000;
1FE1 : 0000;
1FE2 : 0000;
1FE3 : 0000;
1FE4 : 0000;
1FE5 : 0000;
1FE6 : 0000;
1FE7 : 0000;
1FE8 : 0000;
1FE9 : 0000;
1FEA : 0000;
1FEB : 0000;
1FEC : 0000;
1FED : 0000;
1FEE : 0000;
1FEF : 0000;
1FF0 : 0000;
1FF1 : 0000;
1FF2 : 0000;
1FF3 : 0000;
1FF4 : 0000;
1FF5 : 0000;
1FF6 : 0000;
1FF7 : 0000;
1FF8 : 0000;
1FF9 : 0000;
1FFA : 0000;
1FFB : 0000;
1FFC : 0000;
1FFD : 0000;
1FFE : 0000;
1FFF : 0000;
END; 
>>>>>>> tmp
