Timing Analyzer report for chipInterface
Thu Apr 17 16:30:23 2025
Quartus Prime Version 20.1.0 Build 711 06/05/2020 SJ Lite Edition


---------------------
; Table of Contents ;
---------------------
  1. Legal Notice
  2. Timing Analyzer Summary
  3. Parallel Compilation
  4. SDC File List
  5. Clocks
  6. Slow 1200mV 85C Model Fmax Summary
  7. Timing Closure Recommendations
  8. Slow 1200mV 85C Model Setup Summary
  9. Slow 1200mV 85C Model Hold Summary
 10. Slow 1200mV 85C Model Recovery Summary
 11. Slow 1200mV 85C Model Removal Summary
 12. Slow 1200mV 85C Model Minimum Pulse Width Summary
 13. Slow 1200mV 85C Model Setup: 'CLOCK3_50'
 14. Slow 1200mV 85C Model Setup: 'CLOCK_50'
 15. Slow 1200mV 85C Model Hold: 'CLOCK_50'
 16. Slow 1200mV 85C Model Hold: 'CLOCK3_50'
 17. Slow 1200mV 85C Model Metastability Summary
 18. Slow 1200mV 0C Model Fmax Summary
 19. Slow 1200mV 0C Model Setup Summary
 20. Slow 1200mV 0C Model Hold Summary
 21. Slow 1200mV 0C Model Recovery Summary
 22. Slow 1200mV 0C Model Removal Summary
 23. Slow 1200mV 0C Model Minimum Pulse Width Summary
 24. Slow 1200mV 0C Model Setup: 'CLOCK3_50'
 25. Slow 1200mV 0C Model Setup: 'CLOCK_50'
 26. Slow 1200mV 0C Model Hold: 'CLOCK_50'
 27. Slow 1200mV 0C Model Hold: 'CLOCK3_50'
 28. Slow 1200mV 0C Model Metastability Summary
 29. Fast 1200mV 0C Model Setup Summary
 30. Fast 1200mV 0C Model Hold Summary
 31. Fast 1200mV 0C Model Recovery Summary
 32. Fast 1200mV 0C Model Removal Summary
 33. Fast 1200mV 0C Model Minimum Pulse Width Summary
 34. Fast 1200mV 0C Model Setup: 'CLOCK_50'
 35. Fast 1200mV 0C Model Setup: 'CLOCK3_50'
 36. Fast 1200mV 0C Model Hold: 'CLOCK_50'
 37. Fast 1200mV 0C Model Hold: 'CLOCK3_50'
 38. Fast 1200mV 0C Model Metastability Summary
 39. Multicorner Timing Analysis Summary
 40. Board Trace Model Assignments
 41. Input Transition Times
 42. Signal Integrity Metrics (Slow 1200mv 0c Model)
 43. Signal Integrity Metrics (Slow 1200mv 85c Model)
 44. Signal Integrity Metrics (Fast 1200mv 0c Model)
 45. Setup Transfers
 46. Hold Transfers
 47. Report TCCS
 48. Report RSKM
 49. Unconstrained Paths Summary
 50. Clock Status Summary
 51. Unconstrained Input Ports
 52. Unconstrained Output Ports
 53. Unconstrained Input Ports
 54. Unconstrained Output Ports
 55. Timing Analyzer Messages



----------------
; Legal Notice ;
----------------
Copyright (C) 2020  Intel Corporation. All rights reserved.
Your use of Intel Corporation's design tools, logic functions 
and other software and tools, and any partner logic 
functions, and any output files from any of the foregoing 
(including device programming or simulation files), and any 
associated documentation or information are expressly subject 
to the terms and conditions of the Intel Program License 
Subscription Agreement, the Intel Quartus Prime License Agreement,
the Intel FPGA IP License Agreement, or other applicable license
agreement, including, without limitation, that your use is for
the sole purpose of programming logic devices manufactured by
Intel and sold by Intel or its authorized distributors.  Please
refer to the applicable agreement for further details, at
https://fpgasoftware.intel.com/eula.



+-----------------------------------------------------------------------------+
; Timing Analyzer Summary                                                     ;
+-----------------------+-----------------------------------------------------+
; Quartus Prime Version ; Version 20.1.0 Build 711 06/05/2020 SJ Lite Edition ;
; Timing Analyzer       ; Legacy Timing Analyzer                              ;
; Revision Name         ; chipInterface                                       ;
; Device Family         ; Cyclone IV E                                        ;
; Device Name           ; EP4CE115F29C7                                       ;
; Timing Models         ; Final                                               ;
; Delay Model           ; Combined                                            ;
; Rise/Fall Delays      ; Enabled                                             ;
+-----------------------+-----------------------------------------------------+


+------------------------------------------+
; Parallel Compilation                     ;
+----------------------------+-------------+
; Processors                 ; Number      ;
+----------------------------+-------------+
; Number detected on machine ; 16          ;
; Maximum allowed            ; 8           ;
;                            ;             ;
; Average used               ; 1.62        ;
; Maximum used               ; 8           ;
;                            ;             ;
; Usage by Processor         ; % Time Used ;
;     Processor 1            ; 100.0%      ;
;     Processor 2            ;  10.7%      ;
;     Processor 3            ;   9.2%      ;
;     Processor 4            ;   8.8%      ;
;     Processors 5-8         ;   8.4%      ;
+----------------------------+-------------+


+---------------------------------------------------+
; SDC File List                                     ;
+---------------+--------+--------------------------+
; SDC File Path ; Status ; Read at                  ;
+---------------+--------+--------------------------+
; gameboy.sdc   ; OK     ; Thu Apr 17 16:30:21 2025 ;
+---------------+--------+--------------------------+


+-----------------------------------------------------------------------------------------------------------------------------------------------------------------------------------------+
; Clocks                                                                                                                                                                                  ;
+------------+------+---------+-----------+-------+---------+------------+-----------+-------------+-------+--------+-----------+------------+----------+--------+--------+---------------+
; Clock Name ; Type ; Period  ; Frequency ; Rise  ; Fall    ; Duty Cycle ; Divide by ; Multiply by ; Phase ; Offset ; Edge List ; Edge Shift ; Inverted ; Master ; Source ; Targets       ;
+------------+------+---------+-----------+-------+---------+------------+-----------+-------------+-------+--------+-----------+------------+----------+--------+--------+---------------+
; CLOCK2_50  ; Base ; 250.000 ; 4.0 MHz   ; 0.000 ; 125.000 ;            ;           ;             ;       ;        ;           ;            ;          ;        ;        ; { CLOCK2_50 } ;
; CLOCK3_50  ; Base ; 20.000  ; 50.0 MHz  ; 0.000 ; 10.000  ;            ;           ;             ;       ;        ;           ;            ;          ;        ;        ; { CLOCK3_50 } ;
; CLOCK_50   ; Base ; 125.000 ; 8.0 MHz   ; 0.000 ; 62.500  ;            ;           ;             ;       ;        ;           ;            ;          ;        ;        ; { CLOCK_50 }  ;
+------------+------+---------+-----------+-------+---------+------------+-----------+-------------+-------+--------+-----------+------------+----------+--------+--------+---------------+


+-------------------------------------------------+
; Slow 1200mV 85C Model Fmax Summary              ;
+-----------+-----------------+------------+------+
; Fmax      ; Restricted Fmax ; Clock Name ; Note ;
+-----------+-----------------+------------+------+
; 48.69 MHz ; 48.69 MHz       ; CLOCK3_50  ;      ;
; 70.34 MHz ; 70.34 MHz       ; CLOCK_50   ;      ;
+-----------+-----------------+------------+------+
This panel reports FMAX for every clock in the design, regardless of the user-specified clock periods.  FMAX is only computed for paths where the source and destination registers or ports are driven by the same clock.  Paths of different clocks, including generated clocks, are ignored.  For paths between a clock and its inversion, FMAX is computed as if the rising and falling edges are scaled along with FMAX, such that the duty cycle (in terms of a percentage) is maintained. Altera recommends that you always use clock constraints and other slack reports for sign-off analysis.


----------------------------------
; Timing Closure Recommendations ;
----------------------------------
HTML report is unavailable in plain text report export.


+-------------------------------------+
; Slow 1200mV 85C Model Setup Summary ;
+-----------+--------+----------------+
; Clock     ; Slack  ; End Point TNS  ;
+-----------+--------+----------------+
; CLOCK3_50 ; -0.540 ; -8.820         ;
; CLOCK_50  ; 1.466  ; 0.000          ;
+-----------+--------+----------------+


+------------------------------------+
; Slow 1200mV 85C Model Hold Summary ;
+-----------+-------+----------------+
; Clock     ; Slack ; End Point TNS  ;
+-----------+-------+----------------+
; CLOCK_50  ; 0.401 ; 0.000          ;
; CLOCK3_50 ; 0.643 ; 0.000          ;
+-----------+-------+----------------+


------------------------------------------
; Slow 1200mV 85C Model Recovery Summary ;
------------------------------------------
No paths to report.


-----------------------------------------
; Slow 1200mV 85C Model Removal Summary ;
-----------------------------------------
No paths to report.


+---------------------------------------------------+
; Slow 1200mV 85C Model Minimum Pulse Width Summary ;
+-----------+---------+-----------------------------+
; Clock     ; Slack   ; End Point TNS               ;
+-----------+---------+-----------------------------+
; CLOCK3_50 ; 9.651   ; 0.000                       ;
; CLOCK_50  ; 62.124  ; 0.000                       ;
; CLOCK2_50 ; 246.000 ; 0.000                       ;
+-----------+---------+-----------------------------+


+--------------------------------------------------------------------------------------------------------------------------------------------------------------------------------------------------------------------------------+
; Slow 1200mV 85C Model Setup: 'CLOCK3_50'                                                                                                                                                                                       ;
+--------+----------------------------+--------------------------------------------------------------------------------------------------------------------+--------------+-------------+--------------+------------+------------+
; Slack  ; From Node                  ; To Node                                                                                                            ; Launch Clock ; Latch Clock ; Relationship ; Clock Skew ; Data Delay ;
+--------+----------------------------+--------------------------------------------------------------------------------------------------------------------+--------------+-------------+--------------+------------+------------+
; -0.540 ; vga:v1|Counter:row_ct|Q[8] ; FRAME_BUFFER:frame|altsyncram:altsyncram_component|altsyncram_2sj1:auto_generated|ram_block1a27~portb_address_reg0 ; CLOCK3_50    ; CLOCK3_50   ; 20.000       ; 0.188      ; 20.786     ;
; -0.540 ; vga:v1|Counter:row_ct|Q[8] ; FRAME_BUFFER:frame|altsyncram:altsyncram_component|altsyncram_2sj1:auto_generated|ram_block1a59~portb_address_reg0 ; CLOCK3_50    ; CLOCK3_50   ; 20.000       ; 0.192      ; 20.790     ;
; -0.471 ; vga:v1|Counter:row_ct|Q[7] ; FRAME_BUFFER:frame|altsyncram:altsyncram_component|altsyncram_2sj1:auto_generated|ram_block1a27~portb_address_reg0 ; CLOCK3_50    ; CLOCK3_50   ; 20.000       ; 0.188      ; 20.717     ;
; -0.471 ; vga:v1|Counter:row_ct|Q[7] ; FRAME_BUFFER:frame|altsyncram:altsyncram_component|altsyncram_2sj1:auto_generated|ram_block1a59~portb_address_reg0 ; CLOCK3_50    ; CLOCK3_50   ; 20.000       ; 0.192      ; 20.721     ;
; -0.470 ; vga:v1|Counter:row_ct|Q[8] ; FRAME_BUFFER:frame|altsyncram:altsyncram_component|altsyncram_2sj1:auto_generated|ram_block1a61~portb_address_reg0 ; CLOCK3_50    ; CLOCK3_50   ; 20.000       ; 0.170      ; 20.698     ;
; -0.409 ; vga:v1|Counter:row_ct|Q[8] ; FRAME_BUFFER:frame|altsyncram:altsyncram_component|altsyncram_2sj1:auto_generated|ram_block1a60~portb_address_reg0 ; CLOCK3_50    ; CLOCK3_50   ; 20.000       ; 0.176      ; 20.643     ;
; -0.401 ; vga:v1|Counter:row_ct|Q[7] ; FRAME_BUFFER:frame|altsyncram:altsyncram_component|altsyncram_2sj1:auto_generated|ram_block1a61~portb_address_reg0 ; CLOCK3_50    ; CLOCK3_50   ; 20.000       ; 0.170      ; 20.629     ;
; -0.396 ; vga:v1|Counter:row_ct|Q[8] ; FRAME_BUFFER:frame|altsyncram:altsyncram_component|altsyncram_2sj1:auto_generated|ram_block1a23~portb_address_reg0 ; CLOCK3_50    ; CLOCK3_50   ; 20.000       ; 0.165      ; 20.619     ;
; -0.377 ; vga:v1|Counter:row_ct|Q[8] ; FRAME_BUFFER:frame|altsyncram:altsyncram_component|altsyncram_2sj1:auto_generated|ram_block1a40~portb_address_reg0 ; CLOCK3_50    ; CLOCK3_50   ; 20.000       ; 0.218      ; 20.653     ;
; -0.364 ; vga:v1|Counter:row_ct|Q[8] ; FRAME_BUFFER:frame|altsyncram:altsyncram_component|altsyncram_2sj1:auto_generated|ram_block1a28~portb_address_reg0 ; CLOCK3_50    ; CLOCK3_50   ; 20.000       ; 0.163      ; 20.585     ;
; -0.359 ; vga:v1|Counter:row_ct|Q[8] ; FRAME_BUFFER:frame|altsyncram:altsyncram_component|altsyncram_2sj1:auto_generated|ram_block1a36~portb_address_reg0 ; CLOCK3_50    ; CLOCK3_50   ; 20.000       ; 0.215      ; 20.632     ;
; -0.355 ; vga:v1|Counter:row_ct|Q[8] ; FRAME_BUFFER:frame|altsyncram:altsyncram_component|altsyncram_2sj1:auto_generated|ram_block1a11~portb_address_reg0 ; CLOCK3_50    ; CLOCK3_50   ; 20.000       ; 0.202      ; 20.615     ;
; -0.350 ; vga:v1|Counter:row_ct|Q[8] ; FRAME_BUFFER:frame|altsyncram:altsyncram_component|altsyncram_2sj1:auto_generated|ram_block1a45~portb_address_reg0 ; CLOCK3_50    ; CLOCK3_50   ; 20.000       ; 0.210      ; 20.618     ;
; -0.344 ; vga:v1|Counter:row_ct|Q[8] ; FRAME_BUFFER:frame|altsyncram:altsyncram_component|altsyncram_2sj1:auto_generated|ram_block1a43~portb_address_reg0 ; CLOCK3_50    ; CLOCK3_50   ; 20.000       ; 0.216      ; 20.618     ;
; -0.340 ; vga:v1|Counter:row_ct|Q[7] ; FRAME_BUFFER:frame|altsyncram:altsyncram_component|altsyncram_2sj1:auto_generated|ram_block1a60~portb_address_reg0 ; CLOCK3_50    ; CLOCK3_50   ; 20.000       ; 0.176      ; 20.574     ;
; -0.337 ; vga:v1|Counter:row_ct|Q[8] ; FRAME_BUFFER:frame|altsyncram:altsyncram_component|altsyncram_2sj1:auto_generated|ram_block1a34~portb_address_reg0 ; CLOCK3_50    ; CLOCK3_50   ; 20.000       ; 0.208      ; 20.603     ;
; -0.336 ; vga:v1|Counter:row_ct|Q[8] ; FRAME_BUFFER:frame|altsyncram:altsyncram_component|altsyncram_2sj1:auto_generated|ram_block1a41~portb_address_reg0 ; CLOCK3_50    ; CLOCK3_50   ; 20.000       ; 0.213      ; 20.607     ;
; -0.336 ; vga:v1|Counter:row_ct|Q[8] ; FRAME_BUFFER:frame|altsyncram:altsyncram_component|altsyncram_2sj1:auto_generated|ram_block1a31~portb_address_reg0 ; CLOCK3_50    ; CLOCK3_50   ; 20.000       ; 0.182      ; 20.576     ;
; -0.329 ; vga:v1|Counter:row_ct|Q[8] ; FRAME_BUFFER:frame|altsyncram:altsyncram_component|altsyncram_2sj1:auto_generated|ram_block1a42~portb_address_reg0 ; CLOCK3_50    ; CLOCK3_50   ; 20.000       ; 0.198      ; 20.585     ;
; -0.327 ; vga:v1|Counter:row_ct|Q[7] ; FRAME_BUFFER:frame|altsyncram:altsyncram_component|altsyncram_2sj1:auto_generated|ram_block1a23~portb_address_reg0 ; CLOCK3_50    ; CLOCK3_50   ; 20.000       ; 0.165      ; 20.550     ;
; -0.308 ; vga:v1|Counter:row_ct|Q[7] ; FRAME_BUFFER:frame|altsyncram:altsyncram_component|altsyncram_2sj1:auto_generated|ram_block1a40~portb_address_reg0 ; CLOCK3_50    ; CLOCK3_50   ; 20.000       ; 0.218      ; 20.584     ;
; -0.295 ; vga:v1|Counter:row_ct|Q[7] ; FRAME_BUFFER:frame|altsyncram:altsyncram_component|altsyncram_2sj1:auto_generated|ram_block1a28~portb_address_reg0 ; CLOCK3_50    ; CLOCK3_50   ; 20.000       ; 0.163      ; 20.516     ;
; -0.291 ; vga:v1|Counter:row_ct|Q[8] ; FRAME_BUFFER:frame|altsyncram:altsyncram_component|altsyncram_2sj1:auto_generated|ram_block1a14~portb_address_reg0 ; CLOCK3_50    ; CLOCK3_50   ; 20.000       ; 0.170      ; 20.519     ;
; -0.290 ; vga:v1|Counter:row_ct|Q[7] ; FRAME_BUFFER:frame|altsyncram:altsyncram_component|altsyncram_2sj1:auto_generated|ram_block1a36~portb_address_reg0 ; CLOCK3_50    ; CLOCK3_50   ; 20.000       ; 0.215      ; 20.563     ;
; -0.286 ; vga:v1|Counter:row_ct|Q[7] ; FRAME_BUFFER:frame|altsyncram:altsyncram_component|altsyncram_2sj1:auto_generated|ram_block1a11~portb_address_reg0 ; CLOCK3_50    ; CLOCK3_50   ; 20.000       ; 0.202      ; 20.546     ;
; -0.281 ; vga:v1|Counter:row_ct|Q[7] ; FRAME_BUFFER:frame|altsyncram:altsyncram_component|altsyncram_2sj1:auto_generated|ram_block1a45~portb_address_reg0 ; CLOCK3_50    ; CLOCK3_50   ; 20.000       ; 0.210      ; 20.549     ;
; -0.275 ; vga:v1|Counter:row_ct|Q[7] ; FRAME_BUFFER:frame|altsyncram:altsyncram_component|altsyncram_2sj1:auto_generated|ram_block1a43~portb_address_reg0 ; CLOCK3_50    ; CLOCK3_50   ; 20.000       ; 0.216      ; 20.549     ;
; -0.268 ; vga:v1|Counter:row_ct|Q[7] ; FRAME_BUFFER:frame|altsyncram:altsyncram_component|altsyncram_2sj1:auto_generated|ram_block1a34~portb_address_reg0 ; CLOCK3_50    ; CLOCK3_50   ; 20.000       ; 0.208      ; 20.534     ;
; -0.267 ; vga:v1|Counter:row_ct|Q[7] ; FRAME_BUFFER:frame|altsyncram:altsyncram_component|altsyncram_2sj1:auto_generated|ram_block1a41~portb_address_reg0 ; CLOCK3_50    ; CLOCK3_50   ; 20.000       ; 0.213      ; 20.538     ;
; -0.267 ; vga:v1|Counter:row_ct|Q[7] ; FRAME_BUFFER:frame|altsyncram:altsyncram_component|altsyncram_2sj1:auto_generated|ram_block1a31~portb_address_reg0 ; CLOCK3_50    ; CLOCK3_50   ; 20.000       ; 0.182      ; 20.507     ;
; -0.260 ; vga:v1|Counter:row_ct|Q[7] ; FRAME_BUFFER:frame|altsyncram:altsyncram_component|altsyncram_2sj1:auto_generated|ram_block1a42~portb_address_reg0 ; CLOCK3_50    ; CLOCK3_50   ; 20.000       ; 0.198      ; 20.516     ;
; -0.255 ; vga:v1|Counter:row_ct|Q[8] ; FRAME_BUFFER:frame|altsyncram:altsyncram_component|altsyncram_2sj1:auto_generated|ram_block1a35~portb_address_reg0 ; CLOCK3_50    ; CLOCK3_50   ; 20.000       ; 0.205      ; 20.518     ;
; -0.251 ; vga:v1|Counter:row_ct|Q[8] ; FRAME_BUFFER:frame|altsyncram:altsyncram_component|altsyncram_2sj1:auto_generated|ram_block1a26~portb_address_reg0 ; CLOCK3_50    ; CLOCK3_50   ; 20.000       ; 0.203      ; 20.512     ;
; -0.234 ; vga:v1|Counter:row_ct|Q[8] ; FRAME_BUFFER:frame|altsyncram:altsyncram_component|altsyncram_2sj1:auto_generated|ram_block1a48~portb_address_reg0 ; CLOCK3_50    ; CLOCK3_50   ; 20.000       ; 0.209      ; 20.501     ;
; -0.222 ; vga:v1|Counter:row_ct|Q[7] ; FRAME_BUFFER:frame|altsyncram:altsyncram_component|altsyncram_2sj1:auto_generated|ram_block1a14~portb_address_reg0 ; CLOCK3_50    ; CLOCK3_50   ; 20.000       ; 0.170      ; 20.450     ;
; -0.191 ; vga:v1|Counter:row_ct|Q[8] ; FRAME_BUFFER:frame|altsyncram:altsyncram_component|altsyncram_2sj1:auto_generated|ram_block1a44~portb_address_reg0 ; CLOCK3_50    ; CLOCK3_50   ; 20.000       ; 0.234      ; 20.483     ;
; -0.186 ; vga:v1|Counter:row_ct|Q[7] ; FRAME_BUFFER:frame|altsyncram:altsyncram_component|altsyncram_2sj1:auto_generated|ram_block1a35~portb_address_reg0 ; CLOCK3_50    ; CLOCK3_50   ; 20.000       ; 0.205      ; 20.449     ;
; -0.184 ; vga:v1|Counter:row_ct|Q[8] ; FRAME_BUFFER:frame|altsyncram:altsyncram_component|altsyncram_2sj1:auto_generated|ram_block1a7~portb_address_reg0  ; CLOCK3_50    ; CLOCK3_50   ; 20.000       ; 0.224      ; 20.466     ;
; -0.182 ; vga:v1|Counter:row_ct|Q[8] ; FRAME_BUFFER:frame|altsyncram:altsyncram_component|altsyncram_2sj1:auto_generated|ram_block1a5~portb_address_reg0  ; CLOCK3_50    ; CLOCK3_50   ; 20.000       ; 0.214      ; 20.454     ;
; -0.182 ; vga:v1|Counter:row_ct|Q[7] ; FRAME_BUFFER:frame|altsyncram:altsyncram_component|altsyncram_2sj1:auto_generated|ram_block1a26~portb_address_reg0 ; CLOCK3_50    ; CLOCK3_50   ; 20.000       ; 0.203      ; 20.443     ;
; -0.172 ; vga:v1|Counter:row_ct|Q[8] ; FRAME_BUFFER:frame|altsyncram:altsyncram_component|altsyncram_2sj1:auto_generated|ram_block1a13~portb_address_reg0 ; CLOCK3_50    ; CLOCK3_50   ; 20.000       ; 0.198      ; 20.428     ;
; -0.165 ; vga:v1|Counter:row_ct|Q[7] ; FRAME_BUFFER:frame|altsyncram:altsyncram_component|altsyncram_2sj1:auto_generated|ram_block1a48~portb_address_reg0 ; CLOCK3_50    ; CLOCK3_50   ; 20.000       ; 0.209      ; 20.432     ;
; -0.157 ; vga:v1|Counter:row_ct|Q[8] ; FRAME_BUFFER:frame|altsyncram:altsyncram_component|altsyncram_2sj1:auto_generated|ram_block1a12~portb_address_reg0 ; CLOCK3_50    ; CLOCK3_50   ; 20.000       ; 0.203      ; 20.418     ;
; -0.154 ; vga:v1|Counter:row_ct|Q[6] ; FRAME_BUFFER:frame|altsyncram:altsyncram_component|altsyncram_2sj1:auto_generated|ram_block1a27~portb_address_reg0 ; CLOCK3_50    ; CLOCK3_50   ; 20.000       ; 0.188      ; 20.400     ;
; -0.154 ; vga:v1|Counter:row_ct|Q[6] ; FRAME_BUFFER:frame|altsyncram:altsyncram_component|altsyncram_2sj1:auto_generated|ram_block1a59~portb_address_reg0 ; CLOCK3_50    ; CLOCK3_50   ; 20.000       ; 0.192      ; 20.404     ;
; -0.128 ; vga:v1|Counter:row_ct|Q[8] ; FRAME_BUFFER:frame|altsyncram:altsyncram_component|altsyncram_2sj1:auto_generated|ram_block1a3~portb_address_reg0  ; CLOCK3_50    ; CLOCK3_50   ; 20.000       ; 0.193      ; 20.379     ;
; -0.122 ; vga:v1|Counter:row_ct|Q[7] ; FRAME_BUFFER:frame|altsyncram:altsyncram_component|altsyncram_2sj1:auto_generated|ram_block1a44~portb_address_reg0 ; CLOCK3_50    ; CLOCK3_50   ; 20.000       ; 0.234      ; 20.414     ;
; -0.121 ; vga:v1|Counter:row_ct|Q[8] ; FRAME_BUFFER:frame|altsyncram:altsyncram_component|altsyncram_2sj1:auto_generated|ram_block1a19~portb_address_reg0 ; CLOCK3_50    ; CLOCK3_50   ; 20.000       ; 0.171      ; 20.350     ;
; -0.115 ; vga:v1|Counter:row_ct|Q[7] ; FRAME_BUFFER:frame|altsyncram:altsyncram_component|altsyncram_2sj1:auto_generated|ram_block1a7~portb_address_reg0  ; CLOCK3_50    ; CLOCK3_50   ; 20.000       ; 0.224      ; 20.397     ;
; -0.113 ; vga:v1|Counter:row_ct|Q[8] ; FRAME_BUFFER:frame|altsyncram:altsyncram_component|altsyncram_2sj1:auto_generated|ram_block1a4~portb_address_reg0  ; CLOCK3_50    ; CLOCK3_50   ; 20.000       ; 0.177      ; 20.348     ;
; -0.113 ; vga:v1|Counter:row_ct|Q[7] ; FRAME_BUFFER:frame|altsyncram:altsyncram_component|altsyncram_2sj1:auto_generated|ram_block1a5~portb_address_reg0  ; CLOCK3_50    ; CLOCK3_50   ; 20.000       ; 0.214      ; 20.385     ;
; -0.105 ; vga:v1|Counter:row_ct|Q[8] ; FRAME_BUFFER:frame|altsyncram:altsyncram_component|altsyncram_2sj1:auto_generated|ram_block1a62~portb_address_reg0 ; CLOCK3_50    ; CLOCK3_50   ; 20.000       ; 0.182      ; 20.345     ;
; -0.103 ; vga:v1|Counter:row_ct|Q[7] ; FRAME_BUFFER:frame|altsyncram:altsyncram_component|altsyncram_2sj1:auto_generated|ram_block1a13~portb_address_reg0 ; CLOCK3_50    ; CLOCK3_50   ; 20.000       ; 0.198      ; 20.359     ;
; -0.088 ; vga:v1|Counter:row_ct|Q[7] ; FRAME_BUFFER:frame|altsyncram:altsyncram_component|altsyncram_2sj1:auto_generated|ram_block1a12~portb_address_reg0 ; CLOCK3_50    ; CLOCK3_50   ; 20.000       ; 0.203      ; 20.349     ;
; -0.084 ; vga:v1|Counter:row_ct|Q[6] ; FRAME_BUFFER:frame|altsyncram:altsyncram_component|altsyncram_2sj1:auto_generated|ram_block1a61~portb_address_reg0 ; CLOCK3_50    ; CLOCK3_50   ; 20.000       ; 0.170      ; 20.312     ;
; -0.082 ; vga:v1|Counter:row_ct|Q[8] ; FRAME_BUFFER:frame|altsyncram:altsyncram_component|altsyncram_2sj1:auto_generated|ram_block1a53~portb_address_reg0 ; CLOCK3_50    ; CLOCK3_50   ; 20.000       ; 0.157      ; 20.297     ;
; -0.079 ; vga:v1|Counter:row_ct|Q[8] ; FRAME_BUFFER:frame|altsyncram:altsyncram_component|altsyncram_2sj1:auto_generated|ram_block1a37~portb_address_reg0 ; CLOCK3_50    ; CLOCK3_50   ; 20.000       ; 0.192      ; 20.329     ;
; -0.073 ; vga:v1|Counter:row_ct|Q[8] ; FRAME_BUFFER:frame|altsyncram:altsyncram_component|altsyncram_2sj1:auto_generated|ram_block1a63~portb_address_reg0 ; CLOCK3_50    ; CLOCK3_50   ; 20.000       ; 0.176      ; 20.307     ;
; -0.063 ; vga:v1|Counter:row_ct|Q[8] ; FRAME_BUFFER:frame|altsyncram:altsyncram_component|altsyncram_2sj1:auto_generated|ram_block1a30~portb_address_reg0 ; CLOCK3_50    ; CLOCK3_50   ; 20.000       ; 0.156      ; 20.277     ;
; -0.061 ; vga:v1|Counter:row_ct|Q[8] ; FRAME_BUFFER:frame|altsyncram:altsyncram_component|altsyncram_2sj1:auto_generated|ram_block1a1~portb_address_reg0  ; CLOCK3_50    ; CLOCK3_50   ; 20.000       ; 0.165      ; 20.284     ;
; -0.059 ; vga:v1|Counter:row_ct|Q[7] ; FRAME_BUFFER:frame|altsyncram:altsyncram_component|altsyncram_2sj1:auto_generated|ram_block1a3~portb_address_reg0  ; CLOCK3_50    ; CLOCK3_50   ; 20.000       ; 0.193      ; 20.310     ;
; -0.057 ; vga:v1|Counter:row_ct|Q[8] ; FRAME_BUFFER:frame|altsyncram:altsyncram_component|altsyncram_2sj1:auto_generated|ram_block1a0~portb_address_reg0  ; CLOCK3_50    ; CLOCK3_50   ; 20.000       ; 0.203      ; 20.318     ;
; -0.055 ; vga:v1|Counter:row_ct|Q[8] ; FRAME_BUFFER:frame|altsyncram:altsyncram_component|altsyncram_2sj1:auto_generated|ram_block1a21~portb_address_reg0 ; CLOCK3_50    ; CLOCK3_50   ; 20.000       ; 0.163      ; 20.276     ;
; -0.052 ; vga:v1|Counter:row_ct|Q[7] ; FRAME_BUFFER:frame|altsyncram:altsyncram_component|altsyncram_2sj1:auto_generated|ram_block1a19~portb_address_reg0 ; CLOCK3_50    ; CLOCK3_50   ; 20.000       ; 0.171      ; 20.281     ;
; -0.044 ; vga:v1|Counter:row_ct|Q[7] ; FRAME_BUFFER:frame|altsyncram:altsyncram_component|altsyncram_2sj1:auto_generated|ram_block1a4~portb_address_reg0  ; CLOCK3_50    ; CLOCK3_50   ; 20.000       ; 0.177      ; 20.279     ;
; -0.036 ; vga:v1|Counter:row_ct|Q[7] ; FRAME_BUFFER:frame|altsyncram:altsyncram_component|altsyncram_2sj1:auto_generated|ram_block1a62~portb_address_reg0 ; CLOCK3_50    ; CLOCK3_50   ; 20.000       ; 0.182      ; 20.276     ;
; -0.035 ; vga:v1|Counter:row_ct|Q[8] ; FRAME_BUFFER:frame|altsyncram:altsyncram_component|altsyncram_2sj1:auto_generated|ram_block1a46~portb_address_reg0 ; CLOCK3_50    ; CLOCK3_50   ; 20.000       ; 0.188      ; 20.281     ;
; -0.033 ; vga:v1|Counter:row_ct|Q[8] ; FRAME_BUFFER:frame|altsyncram:altsyncram_component|altsyncram_2sj1:auto_generated|ram_block1a16~portb_address_reg0 ; CLOCK3_50    ; CLOCK3_50   ; 20.000       ; 0.206      ; 20.297     ;
; -0.028 ; vga:v1|Counter:row_ct|Q[8] ; FRAME_BUFFER:frame|altsyncram:altsyncram_component|altsyncram_2sj1:auto_generated|ram_block1a50~portb_address_reg0 ; CLOCK3_50    ; CLOCK3_50   ; 20.000       ; 0.183      ; 20.269     ;
; -0.027 ; vga:v1|Counter:row_ct|Q[8] ; FRAME_BUFFER:frame|altsyncram:altsyncram_component|altsyncram_2sj1:auto_generated|ram_block1a9~portb_address_reg0  ; CLOCK3_50    ; CLOCK3_50   ; 20.000       ; 0.198      ; 20.283     ;
; -0.023 ; vga:v1|Counter:row_ct|Q[6] ; FRAME_BUFFER:frame|altsyncram:altsyncram_component|altsyncram_2sj1:auto_generated|ram_block1a60~portb_address_reg0 ; CLOCK3_50    ; CLOCK3_50   ; 20.000       ; 0.176      ; 20.257     ;
; -0.013 ; vga:v1|Counter:row_ct|Q[7] ; FRAME_BUFFER:frame|altsyncram:altsyncram_component|altsyncram_2sj1:auto_generated|ram_block1a53~portb_address_reg0 ; CLOCK3_50    ; CLOCK3_50   ; 20.000       ; 0.157      ; 20.228     ;
; -0.010 ; vga:v1|Counter:row_ct|Q[7] ; FRAME_BUFFER:frame|altsyncram:altsyncram_component|altsyncram_2sj1:auto_generated|ram_block1a37~portb_address_reg0 ; CLOCK3_50    ; CLOCK3_50   ; 20.000       ; 0.192      ; 20.260     ;
; -0.010 ; vga:v1|Counter:row_ct|Q[6] ; FRAME_BUFFER:frame|altsyncram:altsyncram_component|altsyncram_2sj1:auto_generated|ram_block1a23~portb_address_reg0 ; CLOCK3_50    ; CLOCK3_50   ; 20.000       ; 0.165      ; 20.233     ;
; -0.004 ; vga:v1|Counter:row_ct|Q[7] ; FRAME_BUFFER:frame|altsyncram:altsyncram_component|altsyncram_2sj1:auto_generated|ram_block1a63~portb_address_reg0 ; CLOCK3_50    ; CLOCK3_50   ; 20.000       ; 0.176      ; 20.238     ;
; -0.001 ; vga:v1|Counter:row_ct|Q[8] ; FRAME_BUFFER:frame|altsyncram:altsyncram_component|altsyncram_2sj1:auto_generated|ram_block1a25~portb_address_reg0 ; CLOCK3_50    ; CLOCK3_50   ; 20.000       ; 0.202      ; 20.261     ;
; 0.006  ; vga:v1|Counter:row_ct|Q[7] ; FRAME_BUFFER:frame|altsyncram:altsyncram_component|altsyncram_2sj1:auto_generated|ram_block1a30~portb_address_reg0 ; CLOCK3_50    ; CLOCK3_50   ; 20.000       ; 0.156      ; 20.208     ;
; 0.007  ; vga:v1|Counter:row_ct|Q[8] ; FRAME_BUFFER:frame|altsyncram:altsyncram_component|altsyncram_2sj1:auto_generated|ram_block1a22~portb_address_reg0 ; CLOCK3_50    ; CLOCK3_50   ; 20.000       ; 0.193      ; 20.244     ;
; 0.008  ; vga:v1|Counter:row_ct|Q[8] ; FRAME_BUFFER:frame|altsyncram:altsyncram_component|altsyncram_2sj1:auto_generated|ram_block1a20~portb_address_reg0 ; CLOCK3_50    ; CLOCK3_50   ; 20.000       ; 0.186      ; 20.236     ;
; 0.008  ; vga:v1|Counter:row_ct|Q[7] ; FRAME_BUFFER:frame|altsyncram:altsyncram_component|altsyncram_2sj1:auto_generated|ram_block1a1~portb_address_reg0  ; CLOCK3_50    ; CLOCK3_50   ; 20.000       ; 0.165      ; 20.215     ;
; 0.009  ; vga:v1|Counter:row_ct|Q[6] ; FRAME_BUFFER:frame|altsyncram:altsyncram_component|altsyncram_2sj1:auto_generated|ram_block1a40~portb_address_reg0 ; CLOCK3_50    ; CLOCK3_50   ; 20.000       ; 0.218      ; 20.267     ;
; 0.012  ; vga:v1|Counter:row_ct|Q[7] ; FRAME_BUFFER:frame|altsyncram:altsyncram_component|altsyncram_2sj1:auto_generated|ram_block1a0~portb_address_reg0  ; CLOCK3_50    ; CLOCK3_50   ; 20.000       ; 0.203      ; 20.249     ;
; 0.014  ; vga:v1|Counter:row_ct|Q[7] ; FRAME_BUFFER:frame|altsyncram:altsyncram_component|altsyncram_2sj1:auto_generated|ram_block1a21~portb_address_reg0 ; CLOCK3_50    ; CLOCK3_50   ; 20.000       ; 0.163      ; 20.207     ;
; 0.022  ; vga:v1|Counter:row_ct|Q[8] ; FRAME_BUFFER:frame|altsyncram:altsyncram_component|altsyncram_2sj1:auto_generated|ram_block1a49~portb_address_reg0 ; CLOCK3_50    ; CLOCK3_50   ; 20.000       ; 0.177      ; 20.213     ;
; 0.022  ; vga:v1|Counter:row_ct|Q[6] ; FRAME_BUFFER:frame|altsyncram:altsyncram_component|altsyncram_2sj1:auto_generated|ram_block1a28~portb_address_reg0 ; CLOCK3_50    ; CLOCK3_50   ; 20.000       ; 0.163      ; 20.199     ;
; 0.027  ; vga:v1|Counter:row_ct|Q[6] ; FRAME_BUFFER:frame|altsyncram:altsyncram_component|altsyncram_2sj1:auto_generated|ram_block1a36~portb_address_reg0 ; CLOCK3_50    ; CLOCK3_50   ; 20.000       ; 0.215      ; 20.246     ;
; 0.028  ; vga:v1|Counter:row_ct|Q[8] ; FRAME_BUFFER:frame|altsyncram:altsyncram_component|altsyncram_2sj1:auto_generated|ram_block1a58~portb_address_reg0 ; CLOCK3_50    ; CLOCK3_50   ; 20.000       ; 0.179      ; 20.209     ;
; 0.031  ; vga:v1|Counter:row_ct|Q[6] ; FRAME_BUFFER:frame|altsyncram:altsyncram_component|altsyncram_2sj1:auto_generated|ram_block1a11~portb_address_reg0 ; CLOCK3_50    ; CLOCK3_50   ; 20.000       ; 0.202      ; 20.229     ;
; 0.033  ; vga:v1|Counter:row_ct|Q[8] ; FRAME_BUFFER:frame|altsyncram:altsyncram_component|altsyncram_2sj1:auto_generated|ram_block1a54~portb_address_reg0 ; CLOCK3_50    ; CLOCK3_50   ; 20.000       ; 0.172      ; 20.197     ;
; 0.034  ; vga:v1|Counter:row_ct|Q[7] ; FRAME_BUFFER:frame|altsyncram:altsyncram_component|altsyncram_2sj1:auto_generated|ram_block1a46~portb_address_reg0 ; CLOCK3_50    ; CLOCK3_50   ; 20.000       ; 0.188      ; 20.212     ;
; 0.036  ; vga:v1|Counter:row_ct|Q[7] ; FRAME_BUFFER:frame|altsyncram:altsyncram_component|altsyncram_2sj1:auto_generated|ram_block1a16~portb_address_reg0 ; CLOCK3_50    ; CLOCK3_50   ; 20.000       ; 0.206      ; 20.228     ;
; 0.036  ; vga:v1|Counter:row_ct|Q[6] ; FRAME_BUFFER:frame|altsyncram:altsyncram_component|altsyncram_2sj1:auto_generated|ram_block1a45~portb_address_reg0 ; CLOCK3_50    ; CLOCK3_50   ; 20.000       ; 0.210      ; 20.232     ;
; 0.041  ; vga:v1|Counter:row_ct|Q[8] ; FRAME_BUFFER:frame|altsyncram:altsyncram_component|altsyncram_2sj1:auto_generated|ram_block1a51~portb_address_reg0 ; CLOCK3_50    ; CLOCK3_50   ; 20.000       ; 0.208      ; 20.225     ;
; 0.041  ; vga:v1|Counter:row_ct|Q[7] ; FRAME_BUFFER:frame|altsyncram:altsyncram_component|altsyncram_2sj1:auto_generated|ram_block1a50~portb_address_reg0 ; CLOCK3_50    ; CLOCK3_50   ; 20.000       ; 0.183      ; 20.200     ;
; 0.042  ; vga:v1|Counter:row_ct|Q[7] ; FRAME_BUFFER:frame|altsyncram:altsyncram_component|altsyncram_2sj1:auto_generated|ram_block1a9~portb_address_reg0  ; CLOCK3_50    ; CLOCK3_50   ; 20.000       ; 0.198      ; 20.214     ;
; 0.042  ; vga:v1|Counter:row_ct|Q[6] ; FRAME_BUFFER:frame|altsyncram:altsyncram_component|altsyncram_2sj1:auto_generated|ram_block1a43~portb_address_reg0 ; CLOCK3_50    ; CLOCK3_50   ; 20.000       ; 0.216      ; 20.232     ;
; 0.049  ; vga:v1|Counter:row_ct|Q[8] ; FRAME_BUFFER:frame|altsyncram:altsyncram_component|altsyncram_2sj1:auto_generated|ram_block1a47~portb_address_reg0 ; CLOCK3_50    ; CLOCK3_50   ; 20.000       ; 0.230      ; 20.239     ;
; 0.049  ; vga:v1|Counter:row_ct|Q[6] ; FRAME_BUFFER:frame|altsyncram:altsyncram_component|altsyncram_2sj1:auto_generated|ram_block1a34~portb_address_reg0 ; CLOCK3_50    ; CLOCK3_50   ; 20.000       ; 0.208      ; 20.217     ;
; 0.050  ; vga:v1|Counter:row_ct|Q[6] ; FRAME_BUFFER:frame|altsyncram:altsyncram_component|altsyncram_2sj1:auto_generated|ram_block1a41~portb_address_reg0 ; CLOCK3_50    ; CLOCK3_50   ; 20.000       ; 0.213      ; 20.221     ;
; 0.050  ; vga:v1|Counter:row_ct|Q[6] ; FRAME_BUFFER:frame|altsyncram:altsyncram_component|altsyncram_2sj1:auto_generated|ram_block1a31~portb_address_reg0 ; CLOCK3_50    ; CLOCK3_50   ; 20.000       ; 0.182      ; 20.190     ;
+--------+----------------------------+--------------------------------------------------------------------------------------------------------------------+--------------+-------------+--------------+------------+------------+


+----------------------------------------------------------------------------------------------------------------------------------------------------------+
; Slow 1200mV 85C Model Setup: 'CLOCK_50'                                                                                                                  ;
+-------+-----------+----------------------------------------------------------------+--------------+-------------+--------------+------------+------------+
; Slack ; From Node ; To Node                                                        ; Launch Clock ; Latch Clock ; Relationship ; Clock Skew ; Data Delay ;
+-------+-----------+----------------------------------------------------------------+--------------+-------------+--------------+------------+------------+
; 1.466 ; rst       ; gameboy:dut|MMU:mmu|IO_handler:io_registers|APU_R.NR4x_R[0][7] ; CLOCK3_50    ; CLOCK_50    ; 5.000        ; -0.041     ; 3.511      ;
; 1.470 ; rst       ; gameboy:dut|MMU:mmu|IO_handler:io_registers|APU_R.NR4x_R[0][2] ; CLOCK3_50    ; CLOCK_50    ; 5.000        ; -0.042     ; 3.506      ;
; 1.482 ; rst       ; gameboy:dut|MMU:mmu|IO_handler:io_registers|APU_R.NR2x_R[2][4] ; CLOCK3_50    ; CLOCK_50    ; 5.000        ; -0.046     ; 3.490      ;
; 1.504 ; rst       ; gameboy:dut|MMU:mmu|IO_handler:io_registers|APU_R.NR4x_R[2][2] ; CLOCK3_50    ; CLOCK_50    ; 5.000        ; -0.042     ; 3.472      ;
; 1.508 ; rst       ; gameboy:dut|MMU:mmu|IO_handler:io_registers|PPU_R.OBP0_R[2]    ; CLOCK3_50    ; CLOCK_50    ; 5.000        ; -0.031     ; 3.479      ;
; 1.513 ; rst       ; gameboy:dut|MMU:mmu|IO_handler:io_registers|PPU_R.LYC_R[7]     ; CLOCK3_50    ; CLOCK_50    ; 5.000        ; -0.034     ; 3.471      ;
; 1.515 ; rst       ; gameboy:dut|MMU:mmu|IO_handler:io_registers|APU_R.NR2x_R[0][4] ; CLOCK3_50    ; CLOCK_50    ; 5.000        ; -0.046     ; 3.457      ;
; 1.540 ; rst       ; gameboy:dut|MMU:mmu|IO_handler:io_registers|APU_R.NR50_R[7]    ; CLOCK3_50    ; CLOCK_50    ; 5.000        ; -0.043     ; 3.435      ;
; 1.574 ; rst       ; gameboy:dut|MMU:mmu|IO_handler:io_registers|PPU_R.BGP_R[3]     ; CLOCK3_50    ; CLOCK_50    ; 5.000        ; -0.029     ; 3.415      ;
; 1.574 ; rst       ; gameboy:dut|MMU:mmu|IO_handler:io_registers|IE_R[7]            ; CLOCK3_50    ; CLOCK_50    ; 5.000        ; -0.043     ; 3.401      ;
; 1.598 ; rst       ; gameboy:dut|MMU:mmu|IO_handler:io_registers|APU_R.NR2x_R[2][0] ; CLOCK3_50    ; CLOCK_50    ; 5.000        ; -0.046     ; 3.374      ;
; 1.607 ; rst       ; gameboy:dut|MMU:mmu|IO_handler:io_registers|PPU_R.SCX_R[3]     ; CLOCK3_50    ; CLOCK_50    ; 5.000        ; -0.029     ; 3.382      ;
; 1.616 ; rst       ; gameboy:dut|MMU:mmu|IO_handler:io_registers|PPU_R.OBP0_R[7]    ; CLOCK3_50    ; CLOCK_50    ; 5.000        ; -0.031     ; 3.371      ;
; 1.624 ; rst       ; gameboy:dut|MMU:mmu|IO_handler:io_registers|PPU_R.WY_R[7]      ; CLOCK3_50    ; CLOCK_50    ; 5.000        ; -0.032     ; 3.362      ;
; 1.628 ; rst       ; gameboy:dut|MMU:mmu|IO_handler:io_registers|APU_R.NR2x_R[0][0] ; CLOCK3_50    ; CLOCK_50    ; 5.000        ; -0.046     ; 3.344      ;
; 1.632 ; rst       ; gameboy:dut|MMU:mmu|IO_handler:io_registers|APU_R.NR4x_R[0][3] ; CLOCK3_50    ; CLOCK_50    ; 5.000        ; -0.042     ; 3.344      ;
; 1.632 ; rst       ; gameboy:dut|MMU:mmu|IO_handler:io_registers|APU_R.NR4x_R[2][7] ; CLOCK3_50    ; CLOCK_50    ; 5.000        ; -0.031     ; 3.355      ;
; 1.647 ; rst       ; gameboy:dut|MMU:mmu|IO_handler:io_registers|APU_R.NR51_R[7]    ; CLOCK3_50    ; CLOCK_50    ; 5.000        ; -0.031     ; 3.340      ;
; 1.648 ; rst       ; gameboy:dut|MMU:mmu|IO_handler:io_registers|APU_R.NR1x_R[2][5] ; CLOCK3_50    ; CLOCK_50    ; 5.000        ; -0.036     ; 3.334      ;
; 1.649 ; rst       ; gameboy:dut|MMU:mmu|IO_handler:io_registers|PPU_R.OBP1_R[7]    ; CLOCK3_50    ; CLOCK_50    ; 5.000        ; -0.031     ; 3.338      ;
; 1.649 ; rst       ; gameboy:dut|MMU:mmu|IO_handler:io_registers|APU_R.NR4x_R[3][2] ; CLOCK3_50    ; CLOCK_50    ; 5.000        ; -0.043     ; 3.326      ;
; 1.651 ; rst       ; gameboy:dut|MMU:mmu|IO_handler:io_registers|APU_R.NR1x_R[0][5] ; CLOCK3_50    ; CLOCK_50    ; 5.000        ; -0.036     ; 3.331      ;
; 1.659 ; rst       ; gameboy:dut|MMU:mmu|IO_handler:io_registers|PPU_R.WX_R[7]      ; CLOCK3_50    ; CLOCK_50    ; 5.000        ; -0.032     ; 3.327      ;
; 1.663 ; rst       ; gameboy:dut|MMU:mmu|IO_handler:io_registers|APU_R.NR4x_R[3][3] ; CLOCK3_50    ; CLOCK_50    ; 5.000        ; -0.043     ; 3.312      ;
; 1.665 ; rst       ; gameboy:dut|MMU:mmu|IO_handler:io_registers|APU_R.NR2x_R[4][7] ; CLOCK3_50    ; CLOCK_50    ; 5.000        ; -0.040     ; 3.313      ;
; 1.665 ; rst       ; gameboy:dut|MMU:mmu|IO_handler:io_registers|APU_R.NR2x_R[4][4] ; CLOCK3_50    ; CLOCK_50    ; 5.000        ; -0.040     ; 3.313      ;
; 1.665 ; rst       ; gameboy:dut|MMU:mmu|IO_handler:io_registers|APU_R.NR2x_R[4][6] ; CLOCK3_50    ; CLOCK_50    ; 5.000        ; -0.040     ; 3.313      ;
; 1.665 ; rst       ; gameboy:dut|MMU:mmu|IO_handler:io_registers|APU_R.NR2x_R[4][5] ; CLOCK3_50    ; CLOCK_50    ; 5.000        ; -0.040     ; 3.313      ;
; 1.665 ; rst       ; gameboy:dut|MMU:mmu|IO_handler:io_registers|APU_R.NR2x_R[4][0] ; CLOCK3_50    ; CLOCK_50    ; 5.000        ; -0.040     ; 3.313      ;
; 1.669 ; rst       ; gameboy:dut|MMU:mmu|IO_handler:io_registers|APU_R.NR4x_R[2][3] ; CLOCK3_50    ; CLOCK_50    ; 5.000        ; -0.042     ; 3.307      ;
; 1.671 ; rst       ; gameboy:dut|MMU:mmu|IO_handler:io_registers|APU_R.NR3x_R[4][4] ; CLOCK3_50    ; CLOCK_50    ; 5.000        ; -0.040     ; 3.307      ;
; 1.674 ; rst       ; gameboy:dut|MMU:mmu|IO_handler:io_registers|APU_R.NR1x_R[3][7] ; CLOCK3_50    ; CLOCK_50    ; 5.000        ; -0.034     ; 3.310      ;
; 1.674 ; rst       ; gameboy:dut|MMU:mmu|IO_handler:io_registers|APU_R.NR1x_R[4][7] ; CLOCK3_50    ; CLOCK_50    ; 5.000        ; -0.034     ; 3.310      ;
; 1.683 ; rst       ; gameboy:dut|MMU:mmu|IO_handler:io_registers|APU_R.NR4x_R[1][2] ; CLOCK3_50    ; CLOCK_50    ; 5.000        ; -0.043     ; 3.292      ;
; 1.691 ; rst       ; gameboy:dut|MMU:mmu|IO_handler:io_registers|PPU_R.BGP_R[7]     ; CLOCK3_50    ; CLOCK_50    ; 5.000        ; -0.029     ; 3.298      ;
; 1.691 ; rst       ; gameboy:dut|MMU:mmu|IO_handler:io_registers|APU_R.NR2x_R[1][2] ; CLOCK3_50    ; CLOCK_50    ; 5.000        ; -0.046     ; 3.281      ;
; 1.696 ; rst       ; gameboy:dut|MMU:mmu|IO_handler:io_registers|APU_R.NR3x_R[1][4] ; CLOCK3_50    ; CLOCK_50    ; 5.000        ; -0.040     ; 3.282      ;
; 1.697 ; rst       ; gameboy:dut|MMU:mmu|IO_handler:io_registers|APU_R.NR4x_R[1][3] ; CLOCK3_50    ; CLOCK_50    ; 5.000        ; -0.043     ; 3.278      ;
; 1.707 ; rst       ; gameboy:dut|MMU:mmu|IO_handler:io_registers|APU_R.NR51_R[6]    ; CLOCK3_50    ; CLOCK_50    ; 5.000        ; -0.031     ; 3.280      ;
; 1.709 ; rst       ; gameboy:dut|MMU:mmu|IO_handler:io_registers|IE_R[4]            ; CLOCK3_50    ; CLOCK_50    ; 5.000        ; -0.043     ; 3.266      ;
; 1.715 ; rst       ; gameboy:dut|MMU:mmu|IO_handler:io_registers|PPU_R.OBP1_R[3]    ; CLOCK3_50    ; CLOCK_50    ; 5.000        ; -0.031     ; 3.272      ;
; 1.715 ; rst       ; gameboy:dut|MMU:mmu|IO_handler:io_registers|PPU_R.OBP1_R[4]    ; CLOCK3_50    ; CLOCK_50    ; 5.000        ; -0.031     ; 3.272      ;
; 1.715 ; rst       ; gameboy:dut|MMU:mmu|IO_handler:io_registers|PPU_R.OBP1_R[6]    ; CLOCK3_50    ; CLOCK_50    ; 5.000        ; -0.031     ; 3.272      ;
; 1.715 ; rst       ; gameboy:dut|MMU:mmu|IO_handler:io_registers|PPU_R.OBP1_R[2]    ; CLOCK3_50    ; CLOCK_50    ; 5.000        ; -0.031     ; 3.272      ;
; 1.715 ; rst       ; gameboy:dut|MMU:mmu|IO_handler:io_registers|PPU_R.OBP1_R[5]    ; CLOCK3_50    ; CLOCK_50    ; 5.000        ; -0.031     ; 3.272      ;
; 1.715 ; rst       ; gameboy:dut|MMU:mmu|IO_handler:io_registers|PPU_R.OBP1_R[0]    ; CLOCK3_50    ; CLOCK_50    ; 5.000        ; -0.031     ; 3.272      ;
; 1.715 ; rst       ; gameboy:dut|MMU:mmu|IO_handler:io_registers|PPU_R.OBP1_R[1]    ; CLOCK3_50    ; CLOCK_50    ; 5.000        ; -0.031     ; 3.272      ;
; 1.726 ; rst       ; gameboy:dut|MMU:mmu|IO_handler:io_registers|APU_R.NR2x_R[3][2] ; CLOCK3_50    ; CLOCK_50    ; 5.000        ; -0.046     ; 3.246      ;
; 1.730 ; rst       ; gameboy:dut|MMU:mmu|IO_handler:io_registers|APU_R.NR3x_R[3][4] ; CLOCK3_50    ; CLOCK_50    ; 5.000        ; -0.040     ; 3.248      ;
; 1.731 ; rst       ; gameboy:dut|MMU:mmu|IO_handler:io_registers|TAC_R[7]           ; CLOCK3_50    ; CLOCK_50    ; 5.000        ; -0.030     ; 3.257      ;
; 1.735 ; rst       ; gameboy:dut|MMU:mmu|IO_handler:io_registers|PPU_R.OBP0_R[3]    ; CLOCK3_50    ; CLOCK_50    ; 5.000        ; -0.031     ; 3.252      ;
; 1.735 ; rst       ; gameboy:dut|MMU:mmu|IO_handler:io_registers|PPU_R.OBP0_R[4]    ; CLOCK3_50    ; CLOCK_50    ; 5.000        ; -0.031     ; 3.252      ;
; 1.735 ; rst       ; gameboy:dut|MMU:mmu|IO_handler:io_registers|PPU_R.OBP0_R[6]    ; CLOCK3_50    ; CLOCK_50    ; 5.000        ; -0.031     ; 3.252      ;
; 1.735 ; rst       ; gameboy:dut|MMU:mmu|IO_handler:io_registers|PPU_R.OBP0_R[5]    ; CLOCK3_50    ; CLOCK_50    ; 5.000        ; -0.031     ; 3.252      ;
; 1.735 ; rst       ; gameboy:dut|MMU:mmu|IO_handler:io_registers|PPU_R.OBP0_R[0]    ; CLOCK3_50    ; CLOCK_50    ; 5.000        ; -0.031     ; 3.252      ;
; 1.735 ; rst       ; gameboy:dut|MMU:mmu|IO_handler:io_registers|PPU_R.OBP0_R[1]    ; CLOCK3_50    ; CLOCK_50    ; 5.000        ; -0.031     ; 3.252      ;
; 1.739 ; rst       ; gameboy:dut|MMU:mmu|IO_handler:io_registers|PPU_R.SCX_R[7]     ; CLOCK3_50    ; CLOCK_50    ; 5.000        ; -0.033     ; 3.246      ;
; 1.742 ; rst       ; gameboy:dut|MMU:mmu|IO_handler:io_registers|PPU_R.SCY_R[7]     ; CLOCK3_50    ; CLOCK_50    ; 5.000        ; -0.033     ; 3.243      ;
; 1.748 ; rst       ; gameboy:dut|MMU:mmu|IO_handler:io_registers|IF_R[7]            ; CLOCK3_50    ; CLOCK_50    ; 5.000        ; -0.030     ; 3.240      ;
; 1.753 ; rst       ; gameboy:dut|MMU:mmu|IO_handler:io_registers|APU_R.NR50_R[2]    ; CLOCK3_50    ; CLOCK_50    ; 5.000        ; -0.043     ; 3.222      ;
; 1.779 ; rst       ; gameboy:dut|MMU:mmu|IO_handler:io_registers|APU_R.NR2x_R[2][7] ; CLOCK3_50    ; CLOCK_50    ; 5.000        ; -0.046     ; 3.193      ;
; 1.780 ; rst       ; gameboy:dut|MMU:mmu|IO_handler:io_registers|APU_R.NR2x_R[1][7] ; CLOCK3_50    ; CLOCK_50    ; 5.000        ; -0.046     ; 3.192      ;
; 1.790 ; rst       ; gameboy:dut|MMU:mmu|IO_handler:io_registers|IE_R[2]            ; CLOCK3_50    ; CLOCK_50    ; 5.000        ; -0.043     ; 3.185      ;
; 1.796 ; rst       ; gameboy:dut|MMU:mmu|IO_handler:io_registers|APU_R.NR4x_R[0][4] ; CLOCK3_50    ; CLOCK_50    ; 5.000        ; -0.042     ; 3.180      ;
; 1.798 ; rst       ; gameboy:dut|MMU:mmu|IO_handler:io_registers|PPU_R.WX_R[2]      ; CLOCK3_50    ; CLOCK_50    ; 5.000        ; -0.032     ; 3.188      ;
; 1.813 ; rst       ; gameboy:dut|MMU:mmu|IO_handler:io_registers|APU_R.NR2x_R[0][7] ; CLOCK3_50    ; CLOCK_50    ; 5.000        ; -0.046     ; 3.159      ;
; 1.817 ; rst       ; gameboy:dut|MMU:mmu|IO_handler:io_registers|APU_R.NR2x_R[3][7] ; CLOCK3_50    ; CLOCK_50    ; 5.000        ; -0.046     ; 3.155      ;
; 1.819 ; rst       ; gameboy:dut|MMU:mmu|IO_handler:io_registers|DMA_R[3]           ; CLOCK3_50    ; CLOCK_50    ; 5.000        ; -0.033     ; 3.166      ;
; 1.819 ; rst       ; gameboy:dut|MMU:mmu|IO_handler:io_registers|DMA_R[7]           ; CLOCK3_50    ; CLOCK_50    ; 5.000        ; -0.033     ; 3.166      ;
; 1.819 ; rst       ; gameboy:dut|MMU:mmu|IO_handler:io_registers|DMA_R[2]           ; CLOCK3_50    ; CLOCK_50    ; 5.000        ; -0.033     ; 3.166      ;
; 1.819 ; rst       ; gameboy:dut|MMU:mmu|IO_handler:io_registers|DMA_R[0]           ; CLOCK3_50    ; CLOCK_50    ; 5.000        ; -0.033     ; 3.166      ;
; 1.828 ; rst       ; gameboy:dut|MMU:mmu|IO_handler:io_registers|TMA_R[7]           ; CLOCK3_50    ; CLOCK_50    ; 5.000        ; -0.033     ; 3.157      ;
; 1.835 ; rst       ; gameboy:dut|MMU:mmu|IO_handler:io_registers|PPU_R.LY_R[6]      ; CLOCK3_50    ; CLOCK_50    ; 5.000        ; -0.034     ; 3.149      ;
; 1.835 ; rst       ; gameboy:dut|MMU:mmu|IO_handler:io_registers|PPU_R.LY_R[7]      ; CLOCK3_50    ; CLOCK_50    ; 5.000        ; -0.034     ; 3.149      ;
; 1.835 ; rst       ; gameboy:dut|MMU:mmu|IO_handler:io_registers|PPU_R.LY_R[0]      ; CLOCK3_50    ; CLOCK_50    ; 5.000        ; -0.034     ; 3.149      ;
; 1.835 ; rst       ; gameboy:dut|MMU:mmu|IO_handler:io_registers|PPU_R.LY_R[1]      ; CLOCK3_50    ; CLOCK_50    ; 5.000        ; -0.034     ; 3.149      ;
; 1.842 ; rst       ; gameboy:dut|MMU:mmu|IO_handler:io_registers|TMA_R[2]           ; CLOCK3_50    ; CLOCK_50    ; 5.000        ; -0.033     ; 3.143      ;
; 1.850 ; rst       ; gameboy:dut|MMU:mmu|IO_handler:io_registers|PPU_R.BGP_R[6]     ; CLOCK3_50    ; CLOCK_50    ; 5.000        ; -0.029     ; 3.139      ;
; 1.851 ; rst       ; gameboy:dut|MMU:mmu|IO_handler:io_registers|APU_R.NR4x_R[3][6] ; CLOCK3_50    ; CLOCK_50    ; 5.000        ; -0.043     ; 3.124      ;
; 1.851 ; rst       ; gameboy:dut|MMU:mmu|IO_handler:io_registers|APU_R.NR4x_R[3][0] ; CLOCK3_50    ; CLOCK_50    ; 5.000        ; -0.043     ; 3.124      ;
; 1.851 ; rst       ; gameboy:dut|MMU:mmu|IO_handler:io_registers|APU_R.NR4x_R[3][1] ; CLOCK3_50    ; CLOCK_50    ; 5.000        ; -0.043     ; 3.124      ;
; 1.851 ; rst       ; gameboy:dut|MMU:mmu|IO_handler:io_registers|APU_R.NR3x_R[4][1] ; CLOCK3_50    ; CLOCK_50    ; 5.000        ; -0.040     ; 3.127      ;
; 1.854 ; rst       ; gameboy:dut|MMU:mmu|IO_handler:io_registers|APU_R.NR1x_R[4][5] ; CLOCK3_50    ; CLOCK_50    ; 5.000        ; -0.034     ; 3.130      ;
; 1.863 ; rst       ; gameboy:dut|MMU:mmu|IO_handler:io_registers|APU_R.NR4x_R[3][7] ; CLOCK3_50    ; CLOCK_50    ; 5.000        ; -0.034     ; 3.121      ;
; 1.863 ; rst       ; gameboy:dut|MMU:mmu|IO_handler:io_registers|DIV_R[5]           ; CLOCK3_50    ; CLOCK_50    ; 5.000        ; -0.039     ; 3.116      ;
; 1.863 ; rst       ; gameboy:dut|MMU:mmu|IO_handler:io_registers|DIV_R[3]           ; CLOCK3_50    ; CLOCK_50    ; 5.000        ; -0.039     ; 3.116      ;
; 1.863 ; rst       ; gameboy:dut|MMU:mmu|IO_handler:io_registers|DIV_R[7]           ; CLOCK3_50    ; CLOCK_50    ; 5.000        ; -0.039     ; 3.116      ;
; 1.863 ; rst       ; gameboy:dut|MMU:mmu|IO_handler:io_registers|DIV_R[1]           ; CLOCK3_50    ; CLOCK_50    ; 5.000        ; -0.039     ; 3.116      ;
; 1.863 ; rst       ; gameboy:dut|MMU:mmu|IO_handler:io_registers|DIV_R[0]           ; CLOCK3_50    ; CLOCK_50    ; 5.000        ; -0.039     ; 3.116      ;
; 1.863 ; rst       ; gameboy:dut|MMU:mmu|IO_handler:io_registers|DIV_R[2]           ; CLOCK3_50    ; CLOCK_50    ; 5.000        ; -0.039     ; 3.116      ;
; 1.863 ; rst       ; gameboy:dut|MMU:mmu|IO_handler:io_registers|DIV_R[4]           ; CLOCK3_50    ; CLOCK_50    ; 5.000        ; -0.039     ; 3.116      ;
; 1.863 ; rst       ; gameboy:dut|MMU:mmu|IO_handler:io_registers|DIV_R[6]           ; CLOCK3_50    ; CLOCK_50    ; 5.000        ; -0.039     ; 3.116      ;
; 1.865 ; rst       ; gameboy:dut|MMU:mmu|IO_handler:io_registers|PPU_R.WX_R[3]      ; CLOCK3_50    ; CLOCK_50    ; 5.000        ; -0.032     ; 3.121      ;
; 1.865 ; rst       ; gameboy:dut|MMU:mmu|IO_handler:io_registers|PPU_R.WX_R[4]      ; CLOCK3_50    ; CLOCK_50    ; 5.000        ; -0.032     ; 3.121      ;
; 1.865 ; rst       ; gameboy:dut|MMU:mmu|IO_handler:io_registers|PPU_R.WX_R[6]      ; CLOCK3_50    ; CLOCK_50    ; 5.000        ; -0.032     ; 3.121      ;
; 1.865 ; rst       ; gameboy:dut|MMU:mmu|IO_handler:io_registers|PPU_R.WX_R[5]      ; CLOCK3_50    ; CLOCK_50    ; 5.000        ; -0.032     ; 3.121      ;
; 1.865 ; rst       ; gameboy:dut|MMU:mmu|IO_handler:io_registers|PPU_R.WX_R[0]      ; CLOCK3_50    ; CLOCK_50    ; 5.000        ; -0.032     ; 3.121      ;
; 1.865 ; rst       ; gameboy:dut|MMU:mmu|IO_handler:io_registers|PPU_R.WX_R[1]      ; CLOCK3_50    ; CLOCK_50    ; 5.000        ; -0.032     ; 3.121      ;
; 1.868 ; rst       ; gameboy:dut|MMU:mmu|IO_handler:io_registers|APU_R.NR2x_R[1][5] ; CLOCK3_50    ; CLOCK_50    ; 5.000        ; -0.046     ; 3.104      ;
; 1.878 ; rst       ; gameboy:dut|MMU:mmu|IO_handler:io_registers|APU_R.NR50_R[0]    ; CLOCK3_50    ; CLOCK_50    ; 5.000        ; -0.043     ; 3.097      ;
+-------+-----------+----------------------------------------------------------------+--------------+-------------+--------------+------------+------------+


+-----------------------------------------------------------------------------------------------------------------------------------------------------------------------------------------------------------------------------------------------------------------------------------------------------------------------------------------------------------------------------+
; Slow 1200mV 85C Model Hold: 'CLOCK_50'                                                                                                                                                                                                                                                                                                                                      ;
+-------+---------------------------------------------------------------------------------------------------------------------------------------------+-------------------------------------------------------------------------------------------------------------------------------------------------+--------------+-------------+--------------+------------+------------+
; Slack ; From Node                                                                                                                                   ; To Node                                                                                                                                         ; Launch Clock ; Latch Clock ; Relationship ; Clock Skew ; Data Delay ;
+-------+---------------------------------------------------------------------------------------------------------------------------------------------+-------------------------------------------------------------------------------------------------------------------------------------------------+--------------+-------------+--------------+------------+------------+
; 0.401 ; gameboy:dut|cnt[1]                                                                                                                          ; gameboy:dut|cnt[1]                                                                                                                              ; CLOCK_50     ; CLOCK_50    ; 0.000        ; 0.082      ; 0.669      ;
; 0.401 ; gameboy:dut|MMU:mmu|BRAM_handler:memory_units|MM_out_chooser:memory_out_muxer|dma_select[1]                                                 ; gameboy:dut|MMU:mmu|BRAM_handler:memory_units|MM_out_chooser:memory_out_muxer|dma_select[1]                                                     ; CLOCK_50     ; CLOCK_50    ; 0.000        ; 0.082      ; 0.669      ;
; 0.402 ; gameboy:dut|MMU:mmu|IO_handler:io_registers|start_dma                                                                                       ; gameboy:dut|MMU:mmu|IO_handler:io_registers|start_dma                                                                                           ; CLOCK_50     ; CLOCK_50    ; 0.000        ; 0.081      ; 0.669      ;
; 0.402 ; gameboy:dut|MMU:mmu|IO_handler:io_registers|NR52_R[7]                                                                                       ; gameboy:dut|MMU:mmu|IO_handler:io_registers|NR52_R[7]                                                                                           ; CLOCK_50     ; CLOCK_50    ; 0.000        ; 0.081      ; 0.669      ;
; 0.406 ; gameboy:dut|cnt[0]                                                                                                                          ; gameboy:dut|cnt[0]                                                                                                                              ; CLOCK_50     ; CLOCK_50    ; 0.000        ; 0.082      ; 0.674      ;
; 0.427 ; gameboy:dut|MMU:mmu|BRAM_handler:memory_units|ROM_BANK:rom0|altsyncram:altsyncram_component|altsyncram_frc1:auto_generated|address_reg_a[0] ; gameboy:dut|MMU:mmu|BRAM_handler:memory_units|ROM_BANK:rom0|altsyncram:altsyncram_component|altsyncram_frc1:auto_generated|out_address_reg_a[0] ; CLOCK_50     ; CLOCK_50    ; 0.000        ; 0.082      ; 0.695      ;
; 0.428 ; gameboy:dut|MMU:mmu|BRAM_handler:memory_units|MM_out_chooser:memory_out_muxer|ppu_select[0]                                                 ; gameboy:dut|MMU:mmu|BRAM_handler:memory_units|MM_out_chooser:memory_out_muxer|ppu_memory_selector[0]                                            ; CLOCK_50     ; CLOCK_50    ; 0.000        ; 0.082      ; 0.696      ;
; 0.429 ; gameboy:dut|MMU:mmu|BRAM_handler:memory_units|MM_out_chooser:memory_out_muxer|dma_select[1]                                                 ; gameboy:dut|MMU:mmu|BRAM_handler:memory_units|MM_out_chooser:memory_out_muxer|dma_memory_selector[1]                                            ; CLOCK_50     ; CLOCK_50    ; 0.000        ; 0.082      ; 0.697      ;
; 0.440 ; gameboy:dut|cpu_clk                                                                                                                         ; gameboy:dut|cpu_clk                                                                                                                             ; CLOCK_50     ; CLOCK_50    ; 0.000        ; 0.043      ; 0.669      ;
; 0.445 ; ppu_clk                                                                                                                                     ; ppu_clk                                                                                                                                         ; CLOCK_50     ; CLOCK_50    ; 0.000        ; 0.043      ; 0.674      ;
; 0.587 ; gameboy:dut|MMU:mmu|IO_handler:io_registers|tima_ticks[10]                                                                                  ; gameboy:dut|MMU:mmu|IO_handler:io_registers|tima_ticks[10]                                                                                      ; CLOCK_50     ; CLOCK_50    ; 0.000        ; 0.081      ; 0.854      ;
; 0.640 ; gameboy:dut|MMU:mmu|IO_handler:io_registers|tima_ticks[9]                                                                                   ; gameboy:dut|MMU:mmu|IO_handler:io_registers|tima_ticks[9]                                                                                       ; CLOCK_50     ; CLOCK_50    ; 0.000        ; 0.081      ; 0.907      ;
; 0.641 ; gameboy:dut|MMU:mmu|IO_handler:io_registers|tima_ticks[7]                                                                                   ; gameboy:dut|MMU:mmu|IO_handler:io_registers|tima_ticks[7]                                                                                       ; CLOCK_50     ; CLOCK_50    ; 0.000        ; 0.081      ; 0.908      ;
; 0.641 ; gameboy:dut|MMU:mmu|IO_handler:io_registers|divider_ticks[3]                                                                                ; gameboy:dut|MMU:mmu|IO_handler:io_registers|divider_ticks[3]                                                                                    ; CLOCK_50     ; CLOCK_50    ; 0.000        ; 0.080      ; 0.907      ;
; 0.642 ; gameboy:dut|MMU:mmu|IO_handler:io_registers|divider_ticks[5]                                                                                ; gameboy:dut|MMU:mmu|IO_handler:io_registers|divider_ticks[5]                                                                                    ; CLOCK_50     ; CLOCK_50    ; 0.000        ; 0.080      ; 0.908      ;
; 0.643 ; gameboy:dut|MMU:mmu|IO_handler:io_registers|divider_ticks[1]                                                                                ; gameboy:dut|MMU:mmu|IO_handler:io_registers|divider_ticks[1]                                                                                    ; CLOCK_50     ; CLOCK_50    ; 0.000        ; 0.080      ; 0.909      ;
; 0.644 ; gameboy:dut|MMU:mmu|IO_handler:io_registers|tima_ticks[5]                                                                                   ; gameboy:dut|MMU:mmu|IO_handler:io_registers|tima_ticks[5]                                                                                       ; CLOCK_50     ; CLOCK_50    ; 0.000        ; 0.081      ; 0.911      ;
; 0.645 ; gameboy:dut|MMU:mmu|IO_handler:io_registers|DIV_R[5]                                                                                        ; gameboy:dut|MMU:mmu|IO_handler:io_registers|DIV_R[5]                                                                                            ; CLOCK_50     ; CLOCK_50    ; 0.000        ; 0.081      ; 0.912      ;
; 0.645 ; gameboy:dut|MMU:mmu|IO_handler:io_registers|divider_ticks[6]                                                                                ; gameboy:dut|MMU:mmu|IO_handler:io_registers|divider_ticks[6]                                                                                    ; CLOCK_50     ; CLOCK_50    ; 0.000        ; 0.080      ; 0.911      ;
; 0.646 ; gameboy:dut|cnt[0]                                                                                                                          ; gameboy:dut|cnt[1]                                                                                                                              ; CLOCK_50     ; CLOCK_50    ; 0.000        ; 0.082      ; 0.914      ;
; 0.646 ; gameboy:dut|MMU:mmu|IO_handler:io_registers|DIV_R[7]                                                                                        ; gameboy:dut|MMU:mmu|IO_handler:io_registers|DIV_R[7]                                                                                            ; CLOCK_50     ; CLOCK_50    ; 0.000        ; 0.081      ; 0.913      ;
; 0.646 ; gameboy:dut|MMU:mmu|IO_handler:io_registers|DIV_R[2]                                                                                        ; gameboy:dut|MMU:mmu|IO_handler:io_registers|DIV_R[2]                                                                                            ; CLOCK_50     ; CLOCK_50    ; 0.000        ; 0.081      ; 0.913      ;
; 0.646 ; gameboy:dut|MMU:mmu|IO_handler:io_registers|divider_ticks[2]                                                                                ; gameboy:dut|MMU:mmu|IO_handler:io_registers|divider_ticks[2]                                                                                    ; CLOCK_50     ; CLOCK_50    ; 0.000        ; 0.080      ; 0.912      ;
; 0.646 ; gameboy:dut|MMU:mmu|IO_handler:io_registers|divider_ticks[7]                                                                                ; gameboy:dut|MMU:mmu|IO_handler:io_registers|divider_ticks[7]                                                                                    ; CLOCK_50     ; CLOCK_50    ; 0.000        ; 0.080      ; 0.912      ;
; 0.646 ; gameboy:dut|MMU:mmu|IO_handler:io_registers|divider_ticks[9]                                                                                ; gameboy:dut|MMU:mmu|IO_handler:io_registers|divider_ticks[9]                                                                                    ; CLOCK_50     ; CLOCK_50    ; 0.000        ; 0.080      ; 0.912      ;
; 0.647 ; gameboy:dut|MMU:mmu|IO_handler:io_registers|tima_ticks[6]                                                                                   ; gameboy:dut|MMU:mmu|IO_handler:io_registers|tima_ticks[6]                                                                                       ; CLOCK_50     ; CLOCK_50    ; 0.000        ; 0.081      ; 0.914      ;
; 0.647 ; gameboy:dut|MMU:mmu|IO_handler:io_registers|tima_ticks[8]                                                                                   ; gameboy:dut|MMU:mmu|IO_handler:io_registers|tima_ticks[8]                                                                                       ; CLOCK_50     ; CLOCK_50    ; 0.000        ; 0.081      ; 0.914      ;
; 0.647 ; gameboy:dut|MMU:mmu|IO_handler:io_registers|divider_ticks[4]                                                                                ; gameboy:dut|MMU:mmu|IO_handler:io_registers|divider_ticks[4]                                                                                    ; CLOCK_50     ; CLOCK_50    ; 0.000        ; 0.080      ; 0.913      ;
; 0.648 ; gameboy:dut|MMU:mmu|IO_handler:io_registers|DIV_R[6]                                                                                        ; gameboy:dut|MMU:mmu|IO_handler:io_registers|DIV_R[6]                                                                                            ; CLOCK_50     ; CLOCK_50    ; 0.000        ; 0.081      ; 0.915      ;
; 0.648 ; gameboy:dut|MMU:mmu|IO_handler:io_registers|divider_ticks[8]                                                                                ; gameboy:dut|MMU:mmu|IO_handler:io_registers|divider_ticks[8]                                                                                    ; CLOCK_50     ; CLOCK_50    ; 0.000        ; 0.080      ; 0.914      ;
; 0.655 ; gameboy:dut|MMU:mmu|IO_handler:io_registers|tima_ticks[1]                                                                                   ; gameboy:dut|MMU:mmu|IO_handler:io_registers|tima_ticks[1]                                                                                       ; CLOCK_50     ; CLOCK_50    ; 0.000        ; 0.081      ; 0.922      ;
; 0.655 ; gameboy:dut|MMU:mmu|IO_handler:io_registers|DIV_R[1]                                                                                        ; gameboy:dut|MMU:mmu|IO_handler:io_registers|DIV_R[1]                                                                                            ; CLOCK_50     ; CLOCK_50    ; 0.000        ; 0.081      ; 0.922      ;
; 0.656 ; gameboy:dut|MMU:mmu|IO_handler:io_registers|DIV_R[3]                                                                                        ; gameboy:dut|MMU:mmu|IO_handler:io_registers|DIV_R[3]                                                                                            ; CLOCK_50     ; CLOCK_50    ; 0.000        ; 0.081      ; 0.923      ;
; 0.658 ; gameboy:dut|MMU:mmu|IO_handler:io_registers|tima_ticks[2]                                                                                   ; gameboy:dut|MMU:mmu|IO_handler:io_registers|tima_ticks[2]                                                                                       ; CLOCK_50     ; CLOCK_50    ; 0.000        ; 0.081      ; 0.925      ;
; 0.658 ; gameboy:dut|MMU:mmu|IO_handler:io_registers|DIV_R[4]                                                                                        ; gameboy:dut|MMU:mmu|IO_handler:io_registers|DIV_R[4]                                                                                            ; CLOCK_50     ; CLOCK_50    ; 0.000        ; 0.081      ; 0.925      ;
; 0.664 ; gameboy:dut|MMU:mmu|IO_handler:io_registers|divider_ticks[10]                                                                               ; gameboy:dut|MMU:mmu|IO_handler:io_registers|divider_ticks[10]                                                                                   ; CLOCK_50     ; CLOCK_50    ; 0.000        ; 0.080      ; 0.930      ;
; 0.666 ; gameboy:dut|MMU:mmu|IO_handler:io_registers|tima_ticks[3]                                                                                   ; gameboy:dut|MMU:mmu|IO_handler:io_registers|tima_ticks[3]                                                                                       ; CLOCK_50     ; CLOCK_50    ; 0.000        ; 0.081      ; 0.933      ;
; 0.668 ; gameboy:dut|MMU:mmu|IO_handler:io_registers|DIV_R[0]                                                                                        ; gameboy:dut|MMU:mmu|IO_handler:io_registers|DIV_R[0]                                                                                            ; CLOCK_50     ; CLOCK_50    ; 0.000        ; 0.081      ; 0.935      ;
; 0.668 ; gameboy:dut|MMU:mmu|IO_handler:io_registers|divider_ticks[0]                                                                                ; gameboy:dut|MMU:mmu|IO_handler:io_registers|divider_ticks[0]                                                                                    ; CLOCK_50     ; CLOCK_50    ; 0.000        ; 0.080      ; 0.934      ;
; 0.669 ; gameboy:dut|MMU:mmu|IO_handler:io_registers|tima_ticks[4]                                                                                   ; gameboy:dut|MMU:mmu|IO_handler:io_registers|tima_ticks[4]                                                                                       ; CLOCK_50     ; CLOCK_50    ; 0.000        ; 0.081      ; 0.936      ;
; 0.684 ; gameboy:dut|MMU:mmu|IO_handler:io_registers|tima_ticks[0]                                                                                   ; gameboy:dut|MMU:mmu|IO_handler:io_registers|tima_ticks[0]                                                                                       ; CLOCK_50     ; CLOCK_50    ; 0.000        ; 0.081      ; 0.951      ;
; 0.789 ; gameboy:dut|MMU:mmu|BRAM_handler:memory_units|MM_out_chooser:memory_out_muxer|ppu_select[2]                                                 ; gameboy:dut|MMU:mmu|BRAM_handler:memory_units|MM_out_chooser:memory_out_muxer|ppu_memory_selector[2]                                            ; CLOCK_50     ; CLOCK_50    ; 0.000        ; 0.081      ; 1.056      ;
; 0.826 ; gameboy:dut|MMU:mmu|BRAM_handler:memory_units|MM_out_chooser:memory_out_muxer|cpu_select[2]                                                 ; gameboy:dut|MMU:mmu|BRAM_handler:memory_units|MM_out_chooser:memory_out_muxer|cpu_memory_selector[2]                                            ; CLOCK_50     ; CLOCK_50    ; 0.000        ; 0.076      ; 1.088      ;
; 0.851 ; rst                                                                                                                                         ; gameboy:dut|MMU:mmu|IO_handler:io_registers|PPU_R.LY_R[6]                                                                                       ; CLOCK3_50    ; CLOCK_50    ; 0.000        ; 0.190      ; 1.227      ;
; 0.852 ; rst                                                                                                                                         ; gameboy:dut|MMU:mmu|IO_handler:io_registers|PPU_R.LY_R[0]                                                                                       ; CLOCK3_50    ; CLOCK_50    ; 0.000        ; 0.190      ; 1.228      ;
; 0.856 ; rst                                                                                                                                         ; gameboy:dut|MMU:mmu|IO_handler:io_registers|PPU_R.LY_R[1]                                                                                       ; CLOCK3_50    ; CLOCK_50    ; 0.000        ; 0.190      ; 1.232      ;
; 0.868 ; rst                                                                                                                                         ; gameboy:dut|MMU:mmu|IO_handler:io_registers|PPU_R.LY_R[7]                                                                                       ; CLOCK3_50    ; CLOCK_50    ; 0.000        ; 0.190      ; 1.244      ;
; 0.886 ; gameboy:dut|MMU:mmu|BRAM_handler:memory_units|MM_out_chooser:memory_out_muxer|cpu_select[0]                                                 ; gameboy:dut|MMU:mmu|BRAM_handler:memory_units|MM_out_chooser:memory_out_muxer|cpu_memory_selector[0]                                            ; CLOCK_50     ; CLOCK_50    ; 0.000        ; 0.077      ; 1.149      ;
; 0.890 ; gameboy:dut|MMU:mmu|BRAM_handler:memory_units|MM_out_chooser:memory_out_muxer|dma_select[2]                                                 ; gameboy:dut|MMU:mmu|BRAM_handler:memory_units|MM_out_chooser:memory_out_muxer|dma_memory_selector[2]                                            ; CLOCK_50     ; CLOCK_50    ; 0.000        ; 0.080      ; 1.156      ;
; 0.901 ; gameboy:dut|MMU:mmu|IO_handler:io_registers|TMA_R[3]                                                                                        ; gameboy:dut|MMU:mmu|IO_handler:io_registers|TIMA_R[3]                                                                                           ; CLOCK_50     ; CLOCK_50    ; 0.000        ; 0.076      ; 1.163      ;
; 0.923 ; gameboy:dut|MMU:mmu|IO_handler:io_registers|TIMA_R[7]                                                                                       ; gameboy:dut|MMU:mmu|IO_handler:io_registers|TIMA_R[7]                                                                                           ; CLOCK_50     ; CLOCK_50    ; 0.000        ; 0.081      ; 1.190      ;
; 0.924 ; gameboy:dut|MMU:mmu|IO_handler:io_registers|TMA_R[0]                                                                                        ; gameboy:dut|MMU:mmu|IO_handler:io_registers|TIMA_R[0]                                                                                           ; CLOCK_50     ; CLOCK_50    ; 0.000        ; 0.076      ; 1.186      ;
; 0.958 ; gameboy:dut|MMU:mmu|IO_handler:io_registers|tima_ticks[9]                                                                                   ; gameboy:dut|MMU:mmu|IO_handler:io_registers|tima_ticks[10]                                                                                      ; CLOCK_50     ; CLOCK_50    ; 0.000        ; 0.081      ; 1.225      ;
; 0.959 ; gameboy:dut|MMU:mmu|IO_handler:io_registers|tima_ticks[7]                                                                                   ; gameboy:dut|MMU:mmu|IO_handler:io_registers|tima_ticks[8]                                                                                       ; CLOCK_50     ; CLOCK_50    ; 0.000        ; 0.081      ; 1.226      ;
; 0.959 ; gameboy:dut|MMU:mmu|IO_handler:io_registers|divider_ticks[3]                                                                                ; gameboy:dut|MMU:mmu|IO_handler:io_registers|divider_ticks[4]                                                                                    ; CLOCK_50     ; CLOCK_50    ; 0.000        ; 0.080      ; 1.225      ;
; 0.960 ; gameboy:dut|MMU:mmu|IO_handler:io_registers|divider_ticks[5]                                                                                ; gameboy:dut|MMU:mmu|IO_handler:io_registers|divider_ticks[6]                                                                                    ; CLOCK_50     ; CLOCK_50    ; 0.000        ; 0.080      ; 1.226      ;
; 0.960 ; gameboy:dut|MMU:mmu|IO_handler:io_registers|divider_ticks[1]                                                                                ; gameboy:dut|MMU:mmu|IO_handler:io_registers|divider_ticks[2]                                                                                    ; CLOCK_50     ; CLOCK_50    ; 0.000        ; 0.080      ; 1.226      ;
; 0.961 ; gameboy:dut|MMU:mmu|IO_handler:io_registers|tima_ticks[5]                                                                                   ; gameboy:dut|MMU:mmu|IO_handler:io_registers|tima_ticks[6]                                                                                       ; CLOCK_50     ; CLOCK_50    ; 0.000        ; 0.081      ; 1.228      ;
; 0.962 ; gameboy:dut|MMU:mmu|IO_handler:io_registers|DIV_R[5]                                                                                        ; gameboy:dut|MMU:mmu|IO_handler:io_registers|DIV_R[6]                                                                                            ; CLOCK_50     ; CLOCK_50    ; 0.000        ; 0.081      ; 1.229      ;
; 0.963 ; gameboy:dut|MMU:mmu|IO_handler:io_registers|divider_ticks[7]                                                                                ; gameboy:dut|MMU:mmu|IO_handler:io_registers|divider_ticks[8]                                                                                    ; CLOCK_50     ; CLOCK_50    ; 0.000        ; 0.080      ; 1.229      ;
; 0.963 ; gameboy:dut|MMU:mmu|IO_handler:io_registers|divider_ticks[9]                                                                                ; gameboy:dut|MMU:mmu|IO_handler:io_registers|divider_ticks[10]                                                                                   ; CLOCK_50     ; CLOCK_50    ; 0.000        ; 0.080      ; 1.229      ;
; 0.972 ; gameboy:dut|MMU:mmu|IO_handler:io_registers|divider_ticks[0]                                                                                ; gameboy:dut|MMU:mmu|IO_handler:io_registers|divider_ticks[1]                                                                                    ; CLOCK_50     ; CLOCK_50    ; 0.000        ; 0.080      ; 1.238      ;
; 0.972 ; gameboy:dut|MMU:mmu|IO_handler:io_registers|divider_ticks[6]                                                                                ; gameboy:dut|MMU:mmu|IO_handler:io_registers|divider_ticks[7]                                                                                    ; CLOCK_50     ; CLOCK_50    ; 0.000        ; 0.080      ; 1.238      ;
; 0.972 ; gameboy:dut|MMU:mmu|IO_handler:io_registers|DIV_R[0]                                                                                        ; gameboy:dut|MMU:mmu|IO_handler:io_registers|DIV_R[1]                                                                                            ; CLOCK_50     ; CLOCK_50    ; 0.000        ; 0.081      ; 1.239      ;
; 0.973 ; gameboy:dut|MMU:mmu|IO_handler:io_registers|DIV_R[1]                                                                                        ; gameboy:dut|MMU:mmu|IO_handler:io_registers|DIV_R[2]                                                                                            ; CLOCK_50     ; CLOCK_50    ; 0.000        ; 0.081      ; 1.240      ;
; 0.973 ; gameboy:dut|MMU:mmu|IO_handler:io_registers|tima_ticks[1]                                                                                   ; gameboy:dut|MMU:mmu|IO_handler:io_registers|tima_ticks[2]                                                                                       ; CLOCK_50     ; CLOCK_50    ; 0.000        ; 0.081      ; 1.240      ;
; 0.973 ; gameboy:dut|MMU:mmu|IO_handler:io_registers|divider_ticks[2]                                                                                ; gameboy:dut|MMU:mmu|IO_handler:io_registers|divider_ticks[3]                                                                                    ; CLOCK_50     ; CLOCK_50    ; 0.000        ; 0.080      ; 1.239      ;
; 0.973 ; gameboy:dut|MMU:mmu|IO_handler:io_registers|DIV_R[2]                                                                                        ; gameboy:dut|MMU:mmu|IO_handler:io_registers|DIV_R[3]                                                                                            ; CLOCK_50     ; CLOCK_50    ; 0.000        ; 0.081      ; 1.240      ;
; 0.974 ; gameboy:dut|MMU:mmu|IO_handler:io_registers|DIV_R[3]                                                                                        ; gameboy:dut|MMU:mmu|IO_handler:io_registers|DIV_R[4]                                                                                            ; CLOCK_50     ; CLOCK_50    ; 0.000        ; 0.081      ; 1.241      ;
; 0.974 ; gameboy:dut|MMU:mmu|IO_handler:io_registers|tima_ticks[8]                                                                                   ; gameboy:dut|MMU:mmu|IO_handler:io_registers|tima_ticks[9]                                                                                       ; CLOCK_50     ; CLOCK_50    ; 0.000        ; 0.081      ; 1.241      ;
; 0.974 ; gameboy:dut|MMU:mmu|IO_handler:io_registers|tima_ticks[6]                                                                                   ; gameboy:dut|MMU:mmu|IO_handler:io_registers|tima_ticks[7]                                                                                       ; CLOCK_50     ; CLOCK_50    ; 0.000        ; 0.081      ; 1.241      ;
; 0.974 ; gameboy:dut|MMU:mmu|IO_handler:io_registers|divider_ticks[4]                                                                                ; gameboy:dut|MMU:mmu|IO_handler:io_registers|divider_ticks[5]                                                                                    ; CLOCK_50     ; CLOCK_50    ; 0.000        ; 0.080      ; 1.240      ;
; 0.975 ; gameboy:dut|MMU:mmu|IO_handler:io_registers|DIV_R[6]                                                                                        ; gameboy:dut|MMU:mmu|IO_handler:io_registers|DIV_R[7]                                                                                            ; CLOCK_50     ; CLOCK_50    ; 0.000        ; 0.081      ; 1.242      ;
; 0.975 ; gameboy:dut|MMU:mmu|IO_handler:io_registers|divider_ticks[8]                                                                                ; gameboy:dut|MMU:mmu|IO_handler:io_registers|divider_ticks[9]                                                                                    ; CLOCK_50     ; CLOCK_50    ; 0.000        ; 0.080      ; 1.241      ;
; 0.977 ; gameboy:dut|MMU:mmu|IO_handler:io_registers|divider_ticks[0]                                                                                ; gameboy:dut|MMU:mmu|IO_handler:io_registers|divider_ticks[2]                                                                                    ; CLOCK_50     ; CLOCK_50    ; 0.000        ; 0.080      ; 1.243      ;
; 0.977 ; gameboy:dut|MMU:mmu|IO_handler:io_registers|divider_ticks[6]                                                                                ; gameboy:dut|MMU:mmu|IO_handler:io_registers|divider_ticks[8]                                                                                    ; CLOCK_50     ; CLOCK_50    ; 0.000        ; 0.080      ; 1.243      ;
; 0.977 ; gameboy:dut|MMU:mmu|IO_handler:io_registers|DIV_R[0]                                                                                        ; gameboy:dut|MMU:mmu|IO_handler:io_registers|DIV_R[2]                                                                                            ; CLOCK_50     ; CLOCK_50    ; 0.000        ; 0.081      ; 1.244      ;
; 0.978 ; gameboy:dut|MMU:mmu|IO_handler:io_registers|divider_ticks[2]                                                                                ; gameboy:dut|MMU:mmu|IO_handler:io_registers|divider_ticks[4]                                                                                    ; CLOCK_50     ; CLOCK_50    ; 0.000        ; 0.080      ; 1.244      ;
; 0.978 ; gameboy:dut|MMU:mmu|IO_handler:io_registers|DIV_R[2]                                                                                        ; gameboy:dut|MMU:mmu|IO_handler:io_registers|DIV_R[4]                                                                                            ; CLOCK_50     ; CLOCK_50    ; 0.000        ; 0.081      ; 1.245      ;
; 0.979 ; gameboy:dut|MMU:mmu|IO_handler:io_registers|tima_ticks[8]                                                                                   ; gameboy:dut|MMU:mmu|IO_handler:io_registers|tima_ticks[10]                                                                                      ; CLOCK_50     ; CLOCK_50    ; 0.000        ; 0.081      ; 1.246      ;
; 0.979 ; gameboy:dut|MMU:mmu|IO_handler:io_registers|tima_ticks[6]                                                                                   ; gameboy:dut|MMU:mmu|IO_handler:io_registers|tima_ticks[8]                                                                                       ; CLOCK_50     ; CLOCK_50    ; 0.000        ; 0.081      ; 1.246      ;
; 0.979 ; gameboy:dut|MMU:mmu|IO_handler:io_registers|divider_ticks[4]                                                                                ; gameboy:dut|MMU:mmu|IO_handler:io_registers|divider_ticks[6]                                                                                    ; CLOCK_50     ; CLOCK_50    ; 0.000        ; 0.080      ; 1.245      ;
; 0.980 ; gameboy:dut|MMU:mmu|IO_handler:io_registers|divider_ticks[8]                                                                                ; gameboy:dut|MMU:mmu|IO_handler:io_registers|divider_ticks[10]                                                                                   ; CLOCK_50     ; CLOCK_50    ; 0.000        ; 0.080      ; 1.246      ;
; 0.983 ; gameboy:dut|MMU:mmu|IO_handler:io_registers|tima_ticks[3]                                                                                   ; gameboy:dut|MMU:mmu|IO_handler:io_registers|tima_ticks[4]                                                                                       ; CLOCK_50     ; CLOCK_50    ; 0.000        ; 0.081      ; 1.250      ;
; 0.985 ; gameboy:dut|MMU:mmu|IO_handler:io_registers|DIV_R[4]                                                                                        ; gameboy:dut|MMU:mmu|IO_handler:io_registers|DIV_R[5]                                                                                            ; CLOCK_50     ; CLOCK_50    ; 0.000        ; 0.081      ; 1.252      ;
; 0.985 ; gameboy:dut|MMU:mmu|IO_handler:io_registers|tima_ticks[2]                                                                                   ; gameboy:dut|MMU:mmu|IO_handler:io_registers|tima_ticks[3]                                                                                       ; CLOCK_50     ; CLOCK_50    ; 0.000        ; 0.081      ; 1.252      ;
; 0.988 ; gameboy:dut|MMU:mmu|IO_handler:io_registers|tima_ticks[0]                                                                                   ; gameboy:dut|MMU:mmu|IO_handler:io_registers|tima_ticks[1]                                                                                       ; CLOCK_50     ; CLOCK_50    ; 0.000        ; 0.081      ; 1.255      ;
; 0.990 ; gameboy:dut|MMU:mmu|IO_handler:io_registers|DIV_R[4]                                                                                        ; gameboy:dut|MMU:mmu|IO_handler:io_registers|DIV_R[6]                                                                                            ; CLOCK_50     ; CLOCK_50    ; 0.000        ; 0.081      ; 1.257      ;
; 0.990 ; gameboy:dut|MMU:mmu|IO_handler:io_registers|tima_ticks[2]                                                                                   ; gameboy:dut|MMU:mmu|IO_handler:io_registers|tima_ticks[4]                                                                                       ; CLOCK_50     ; CLOCK_50    ; 0.000        ; 0.081      ; 1.257      ;
; 0.993 ; gameboy:dut|MMU:mmu|IO_handler:io_registers|tima_ticks[0]                                                                                   ; gameboy:dut|MMU:mmu|IO_handler:io_registers|tima_ticks[2]                                                                                       ; CLOCK_50     ; CLOCK_50    ; 0.000        ; 0.081      ; 1.260      ;
; 0.996 ; gameboy:dut|MMU:mmu|IO_handler:io_registers|tima_ticks[4]                                                                                   ; gameboy:dut|MMU:mmu|IO_handler:io_registers|tima_ticks[5]                                                                                       ; CLOCK_50     ; CLOCK_50    ; 0.000        ; 0.081      ; 1.263      ;
; 1.001 ; gameboy:dut|MMU:mmu|IO_handler:io_registers|tima_ticks[4]                                                                                   ; gameboy:dut|MMU:mmu|IO_handler:io_registers|tima_ticks[6]                                                                                       ; CLOCK_50     ; CLOCK_50    ; 0.000        ; 0.081      ; 1.268      ;
; 1.008 ; gameboy:dut|MMU:mmu|IO_handler:io_registers|TIMA_R[2]                                                                                       ; gameboy:dut|MMU:mmu|IO_handler:io_registers|TIMA_R[2]                                                                                           ; CLOCK_50     ; CLOCK_50    ; 0.000        ; 0.081      ; 1.275      ;
; 1.049 ; gameboy:dut|MMU:mmu|BRAM_handler:memory_units|MM_out_chooser:memory_out_muxer|cpu_select[1]                                                 ; gameboy:dut|MMU:mmu|BRAM_handler:memory_units|MM_out_chooser:memory_out_muxer|cpu_memory_selector[1]                                            ; CLOCK_50     ; CLOCK_50    ; 0.000        ; 0.077      ; 1.312      ;
; 1.052 ; gameboy:dut|MMU:mmu|IO_handler:io_registers|TMA_R[4]                                                                                        ; gameboy:dut|MMU:mmu|IO_handler:io_registers|TIMA_R[4]                                                                                           ; CLOCK_50     ; CLOCK_50    ; 0.000        ; 0.076      ; 1.314      ;
; 1.080 ; gameboy:dut|MMU:mmu|IO_handler:io_registers|tima_ticks[7]                                                                                   ; gameboy:dut|MMU:mmu|IO_handler:io_registers|tima_ticks[9]                                                                                       ; CLOCK_50     ; CLOCK_50    ; 0.000        ; 0.081      ; 1.347      ;
; 1.080 ; gameboy:dut|MMU:mmu|IO_handler:io_registers|divider_ticks[3]                                                                                ; gameboy:dut|MMU:mmu|IO_handler:io_registers|divider_ticks[5]                                                                                    ; CLOCK_50     ; CLOCK_50    ; 0.000        ; 0.080      ; 1.346      ;
; 1.081 ; gameboy:dut|MMU:mmu|IO_handler:io_registers|divider_ticks[5]                                                                                ; gameboy:dut|MMU:mmu|IO_handler:io_registers|divider_ticks[7]                                                                                    ; CLOCK_50     ; CLOCK_50    ; 0.000        ; 0.080      ; 1.347      ;
; 1.081 ; gameboy:dut|MMU:mmu|IO_handler:io_registers|divider_ticks[1]                                                                                ; gameboy:dut|MMU:mmu|IO_handler:io_registers|divider_ticks[3]                                                                                    ; CLOCK_50     ; CLOCK_50    ; 0.000        ; 0.080      ; 1.347      ;
; 1.082 ; gameboy:dut|MMU:mmu|IO_handler:io_registers|tima_ticks[5]                                                                                   ; gameboy:dut|MMU:mmu|IO_handler:io_registers|tima_ticks[7]                                                                                       ; CLOCK_50     ; CLOCK_50    ; 0.000        ; 0.081      ; 1.349      ;
+-------+---------------------------------------------------------------------------------------------------------------------------------------------+-------------------------------------------------------------------------------------------------------------------------------------------------+--------------+-------------+--------------+------------+------------+


+-------------------------------------------------------------------------------------------------------------------------------------------------------------------------------------------------------------------------------------------------------------------------------------------+
; Slow 1200mV 85C Model Hold: 'CLOCK3_50'                                                                                                                                                                                                                                                   ;
+-------+----------------------------------------------------------------------------------------------------+--------------------------------------------------------------------------------------------------------+--------------+-------------+--------------+------------+------------+
; Slack ; From Node                                                                                          ; To Node                                                                                                ; Launch Clock ; Latch Clock ; Relationship ; Clock Skew ; Data Delay ;
+-------+----------------------------------------------------------------------------------------------------+--------------------------------------------------------------------------------------------------------+--------------+-------------+--------------+------------+------------+
; 0.643 ; vga:v1|Counter:vs_ct|Q[1]                                                                          ; vga:v1|Counter:vs_ct|Q[1]                                                                              ; CLOCK3_50    ; CLOCK3_50   ; 0.000        ; 0.081      ; 0.910      ;
; 0.643 ; vga:v1|Counter:hs_ct|Q[2]                                                                          ; vga:v1|Counter:hs_ct|Q[2]                                                                              ; CLOCK3_50    ; CLOCK3_50   ; 0.000        ; 0.079      ; 0.908      ;
; 0.644 ; vga:v1|Counter:hs_ct|Q[3]                                                                          ; vga:v1|Counter:hs_ct|Q[3]                                                                              ; CLOCK3_50    ; CLOCK3_50   ; 0.000        ; 0.079      ; 0.909      ;
; 0.644 ; vga:v1|Counter:hs_ct|Q[1]                                                                          ; vga:v1|Counter:hs_ct|Q[1]                                                                              ; CLOCK3_50    ; CLOCK3_50   ; 0.000        ; 0.079      ; 0.909      ;
; 0.646 ; vga:v1|Counter:vs_ct|Q[2]                                                                          ; vga:v1|Counter:vs_ct|Q[2]                                                                              ; CLOCK3_50    ; CLOCK3_50   ; 0.000        ; 0.081      ; 0.913      ;
; 0.653 ; vga:v1|Counter:vs_ct|Q[9]                                                                          ; vga:v1|Counter:vs_ct|Q[9]                                                                              ; CLOCK3_50    ; CLOCK3_50   ; 0.000        ; 0.081      ; 0.920      ;
; 0.657 ; vga:v1|Counter:hs_ct|Q[5]                                                                          ; vga:v1|Counter:hs_ct|Q[5]                                                                              ; CLOCK3_50    ; CLOCK3_50   ; 0.000        ; 0.079      ; 0.922      ;
; 0.657 ; vga:v1|Counter:col_ct|Q[3]                                                                         ; vga:v1|Counter:col_ct|Q[3]                                                                             ; CLOCK3_50    ; CLOCK3_50   ; 0.000        ; 0.079      ; 0.922      ;
; 0.659 ; vga:v1|Counter:vs_ct|Q[17]                                                                         ; vga:v1|Counter:vs_ct|Q[17]                                                                             ; CLOCK3_50    ; CLOCK3_50   ; 0.000        ; 0.080      ; 0.925      ;
; 0.659 ; vga:v1|Counter:hs_ct|Q[4]                                                                          ; vga:v1|Counter:hs_ct|Q[4]                                                                              ; CLOCK3_50    ; CLOCK3_50   ; 0.000        ; 0.079      ; 0.924      ;
; 0.659 ; vga:v1|Counter:col_ct|Q[2]                                                                         ; vga:v1|Counter:col_ct|Q[2]                                                                             ; CLOCK3_50    ; CLOCK3_50   ; 0.000        ; 0.079      ; 0.924      ;
; 0.659 ; vga:v1|Counter:col_ct|Q[1]                                                                         ; vga:v1|Counter:col_ct|Q[1]                                                                             ; CLOCK3_50    ; CLOCK3_50   ; 0.000        ; 0.079      ; 0.924      ;
; 0.660 ; vga:v1|Counter:vs_ct|Q[6]                                                                          ; vga:v1|Counter:vs_ct|Q[6]                                                                              ; CLOCK3_50    ; CLOCK3_50   ; 0.000        ; 0.081      ; 0.927      ;
; 0.660 ; vga:v1|Counter:hs_ct|Q[7]                                                                          ; vga:v1|Counter:hs_ct|Q[7]                                                                              ; CLOCK3_50    ; CLOCK3_50   ; 0.000        ; 0.079      ; 0.925      ;
; 0.663 ; vga:v1|Counter:hs_ct|Q[8]                                                                          ; vga:v1|Counter:hs_ct|Q[8]                                                                              ; CLOCK3_50    ; CLOCK3_50   ; 0.000        ; 0.079      ; 0.928      ;
; 0.663 ; vga:v1|Counter:col_ct|Q[4]                                                                         ; vga:v1|Counter:col_ct|Q[4]                                                                             ; CLOCK3_50    ; CLOCK3_50   ; 0.000        ; 0.079      ; 0.928      ;
; 0.667 ; vga:v1|Counter:col_ct|Q[5]                                                                         ; vga:v1|Counter:col_ct|Q[5]                                                                             ; CLOCK3_50    ; CLOCK3_50   ; 0.000        ; 0.079      ; 0.932      ;
; 0.670 ; vga:v1|Counter:col_ct|Q[6]                                                                         ; vga:v1|Counter:col_ct|Q[6]                                                                             ; CLOCK3_50    ; CLOCK3_50   ; 0.000        ; 0.079      ; 0.935      ;
; 0.675 ; vga:v1|Counter:col_ct|Q[0]                                                                         ; vga:v1|Counter:col_ct|Q[0]                                                                             ; CLOCK3_50    ; CLOCK3_50   ; 0.000        ; 0.079      ; 0.940      ;
; 0.677 ; vga:v1|Counter:row_ct|Q[0]                                                                         ; vga:v1|Counter:row_ct|Q[0]                                                                             ; CLOCK3_50    ; CLOCK3_50   ; 0.000        ; 0.079      ; 0.942      ;
; 0.684 ; vga:v1|Counter:vs_ct|Q[14]                                                                         ; vga:v1|Counter:vs_ct|Q[14]                                                                             ; CLOCK3_50    ; CLOCK3_50   ; 0.000        ; 0.080      ; 0.950      ;
; 0.811 ; vga:v1|Counter:vs_ct|Q[16]                                                                         ; vga:v1|Counter:vs_ct|Q[16]                                                                             ; CLOCK3_50    ; CLOCK3_50   ; 0.000        ; 0.080      ; 1.077      ;
; 0.859 ; rst                                                                                                ; stop_collecting                                                                                        ; CLOCK3_50    ; CLOCK3_50   ; 0.000        ; 0.080      ; 1.125      ;
; 0.921 ; vga:v1|Counter:hs_ct|Q[10]                                                                         ; vga:v1|Counter:hs_ct|Q[10]                                                                             ; CLOCK3_50    ; CLOCK3_50   ; 0.000        ; 0.079      ; 1.186      ;
; 0.959 ; vga:v1|Counter:vs_ct|Q[5]                                                                          ; vga:v1|Counter:vs_ct|Q[6]                                                                              ; CLOCK3_50    ; CLOCK3_50   ; 0.000        ; 0.081      ; 1.226      ;
; 0.960 ; vga:v1|Counter:vs_ct|Q[1]                                                                          ; vga:v1|Counter:vs_ct|Q[2]                                                                              ; CLOCK3_50    ; CLOCK3_50   ; 0.000        ; 0.081      ; 1.227      ;
; 0.961 ; vga:v1|Counter:hs_ct|Q[1]                                                                          ; vga:v1|Counter:hs_ct|Q[2]                                                                              ; CLOCK3_50    ; CLOCK3_50   ; 0.000        ; 0.079      ; 1.226      ;
; 0.961 ; vga:v1|Counter:hs_ct|Q[3]                                                                          ; vga:v1|Counter:hs_ct|Q[4]                                                                              ; CLOCK3_50    ; CLOCK3_50   ; 0.000        ; 0.079      ; 1.226      ;
; 0.970 ; vga:v1|Counter:hs_ct|Q[2]                                                                          ; vga:v1|Counter:hs_ct|Q[3]                                                                              ; CLOCK3_50    ; CLOCK3_50   ; 0.000        ; 0.079      ; 1.235      ;
; 0.975 ; vga:v1|Counter:hs_ct|Q[2]                                                                          ; vga:v1|Counter:hs_ct|Q[4]                                                                              ; CLOCK3_50    ; CLOCK3_50   ; 0.000        ; 0.079      ; 1.240      ;
; 0.975 ; vga:v1|Counter:col_ct|Q[3]                                                                         ; vga:v1|Counter:col_ct|Q[4]                                                                             ; CLOCK3_50    ; CLOCK3_50   ; 0.000        ; 0.079      ; 1.240      ;
; 0.976 ; vga:v1|Counter:col_ct|Q[1]                                                                         ; vga:v1|Counter:col_ct|Q[2]                                                                             ; CLOCK3_50    ; CLOCK3_50   ; 0.000        ; 0.079      ; 1.241      ;
; 0.977 ; vga:v1|Counter:hs_ct|Q[7]                                                                          ; vga:v1|Counter:hs_ct|Q[8]                                                                              ; CLOCK3_50    ; CLOCK3_50   ; 0.000        ; 0.079      ; 1.242      ;
; 0.983 ; vga:v1|Counter:vs_ct|Q[13]                                                                         ; vga:v1|Counter:vs_ct|Q[14]                                                                             ; CLOCK3_50    ; CLOCK3_50   ; 0.000        ; 0.080      ; 1.249      ;
; 0.984 ; vga:v1|Counter:col_ct|Q[5]                                                                         ; vga:v1|Counter:col_ct|Q[6]                                                                             ; CLOCK3_50    ; CLOCK3_50   ; 0.000        ; 0.079      ; 1.249      ;
; 0.985 ; vga:v1|Counter:col_ct|Q[0]                                                                         ; vga:v1|Counter:col_ct|Q[1]                                                                             ; CLOCK3_50    ; CLOCK3_50   ; 0.000        ; 0.079      ; 1.250      ;
; 0.986 ; vga:v1|Counter:hs_ct|Q[4]                                                                          ; vga:v1|Counter:hs_ct|Q[5]                                                                              ; CLOCK3_50    ; CLOCK3_50   ; 0.000        ; 0.079      ; 1.251      ;
; 0.986 ; vga:v1|Counter:col_ct|Q[2]                                                                         ; vga:v1|Counter:col_ct|Q[3]                                                                             ; CLOCK3_50    ; CLOCK3_50   ; 0.000        ; 0.079      ; 1.251      ;
; 0.987 ; vga:v1|Counter:hs_ct|Q[6]                                                                          ; vga:v1|Counter:hs_ct|Q[7]                                                                              ; CLOCK3_50    ; CLOCK3_50   ; 0.000        ; 0.079      ; 1.252      ;
; 0.990 ; vga:v1|Counter:vs_ct|Q[8]                                                                          ; vga:v1|Counter:vs_ct|Q[9]                                                                              ; CLOCK3_50    ; CLOCK3_50   ; 0.000        ; 0.081      ; 1.257      ;
; 0.990 ; vga:v1|Counter:col_ct|Q[4]                                                                         ; vga:v1|Counter:col_ct|Q[5]                                                                             ; CLOCK3_50    ; CLOCK3_50   ; 0.000        ; 0.079      ; 1.255      ;
; 0.990 ; vga:v1|Counter:col_ct|Q[0]                                                                         ; vga:v1|Counter:col_ct|Q[2]                                                                             ; CLOCK3_50    ; CLOCK3_50   ; 0.000        ; 0.079      ; 1.255      ;
; 0.991 ; vga:v1|Counter:col_ct|Q[2]                                                                         ; vga:v1|Counter:col_ct|Q[4]                                                                             ; CLOCK3_50    ; CLOCK3_50   ; 0.000        ; 0.079      ; 1.256      ;
; 0.992 ; vga:v1|Counter:hs_ct|Q[6]                                                                          ; vga:v1|Counter:hs_ct|Q[8]                                                                              ; CLOCK3_50    ; CLOCK3_50   ; 0.000        ; 0.079      ; 1.257      ;
; 0.995 ; vga:v1|Counter:col_ct|Q[4]                                                                         ; vga:v1|Counter:col_ct|Q[6]                                                                             ; CLOCK3_50    ; CLOCK3_50   ; 0.000        ; 0.079      ; 1.260      ;
; 0.997 ; vga:v1|Counter:hs_ct|Q[0]                                                                          ; vga:v1|Counter:hs_ct|Q[1]                                                                              ; CLOCK3_50    ; CLOCK3_50   ; 0.000        ; 0.079      ; 1.262      ;
; 1.002 ; vga:v1|Counter:hs_ct|Q[0]                                                                          ; vga:v1|Counter:hs_ct|Q[2]                                                                              ; CLOCK3_50    ; CLOCK3_50   ; 0.000        ; 0.079      ; 1.267      ;
; 1.002 ; vga:v1|Counter:vs_ct|Q[12]                                                                         ; vga:v1|Counter:vs_ct|Q[14]                                                                             ; CLOCK3_50    ; CLOCK3_50   ; 0.000        ; 0.080      ; 1.268      ;
; 1.008 ; vga:v1|Counter:vs_ct|Q[18]                                                                         ; vga:v1|Counter:vs_ct|Q[18]                                                                             ; CLOCK3_50    ; CLOCK3_50   ; 0.000        ; 0.080      ; 1.274      ;
; 1.009 ; vga:v1|Counter:hs_ct|Q[9]                                                                          ; vga:v1|Counter:hs_ct|Q[9]                                                                              ; CLOCK3_50    ; CLOCK3_50   ; 0.000        ; 0.079      ; 1.274      ;
; 1.016 ; vga:v1|Counter:vs_ct|Q[14]                                                                         ; vga:v1|Counter:vs_ct|Q[16]                                                                             ; CLOCK3_50    ; CLOCK3_50   ; 0.000        ; 0.080      ; 1.282      ;
; 1.033 ; vga:v1|Counter:hs_ct|Q[0]                                                                          ; vga:v1|Counter:hs_ct|Q[0]                                                                              ; CLOCK3_50    ; CLOCK3_50   ; 0.000        ; 0.079      ; 1.298      ;
; 1.082 ; vga:v1|Counter:hs_ct|Q[1]                                                                          ; vga:v1|Counter:hs_ct|Q[3]                                                                              ; CLOCK3_50    ; CLOCK3_50   ; 0.000        ; 0.079      ; 1.347      ;
; 1.082 ; vga:v1|Counter:hs_ct|Q[3]                                                                          ; vga:v1|Counter:hs_ct|Q[5]                                                                              ; CLOCK3_50    ; CLOCK3_50   ; 0.000        ; 0.079      ; 1.347      ;
; 1.087 ; vga:v1|Counter:vs_ct|Q[3]                                                                          ; vga:v1|Counter:vs_ct|Q[6]                                                                              ; CLOCK3_50    ; CLOCK3_50   ; 0.000        ; 0.081      ; 1.354      ;
; 1.087 ; vga:v1|Counter:hs_ct|Q[1]                                                                          ; vga:v1|Counter:hs_ct|Q[4]                                                                              ; CLOCK3_50    ; CLOCK3_50   ; 0.000        ; 0.079      ; 1.352      ;
; 1.096 ; vga:v1|Counter:hs_ct|Q[5]                                                                          ; vga:v1|Counter:hs_ct|Q[7]                                                                              ; CLOCK3_50    ; CLOCK3_50   ; 0.000        ; 0.079      ; 1.361      ;
; 1.096 ; vga:v1|Counter:hs_ct|Q[2]                                                                          ; vga:v1|Counter:hs_ct|Q[5]                                                                              ; CLOCK3_50    ; CLOCK3_50   ; 0.000        ; 0.079      ; 1.361      ;
; 1.096 ; vga:v1|Counter:col_ct|Q[3]                                                                         ; vga:v1|Counter:col_ct|Q[5]                                                                             ; CLOCK3_50    ; CLOCK3_50   ; 0.000        ; 0.079      ; 1.361      ;
; 1.097 ; vga:v1|Counter:col_ct|Q[1]                                                                         ; vga:v1|Counter:col_ct|Q[3]                                                                             ; CLOCK3_50    ; CLOCK3_50   ; 0.000        ; 0.079      ; 1.362      ;
; 1.098 ; vga:v1|Counter:vs_ct|Q[7]                                                                          ; vga:v1|Counter:vs_ct|Q[9]                                                                              ; CLOCK3_50    ; CLOCK3_50   ; 0.000        ; 0.081      ; 1.365      ;
; 1.101 ; vga:v1|Counter:hs_ct|Q[5]                                                                          ; vga:v1|Counter:hs_ct|Q[8]                                                                              ; CLOCK3_50    ; CLOCK3_50   ; 0.000        ; 0.079      ; 1.366      ;
; 1.101 ; vga:v1|Counter:col_ct|Q[3]                                                                         ; vga:v1|Counter:col_ct|Q[6]                                                                             ; CLOCK3_50    ; CLOCK3_50   ; 0.000        ; 0.079      ; 1.366      ;
; 1.102 ; vga:v1|Counter:col_ct|Q[1]                                                                         ; vga:v1|Counter:col_ct|Q[4]                                                                             ; CLOCK3_50    ; CLOCK3_50   ; 0.000        ; 0.079      ; 1.367      ;
; 1.104 ; vga:v1|Counter:vs_ct|Q[2]                                                                          ; vga:v1|Counter:vs_ct|Q[6]                                                                              ; CLOCK3_50    ; CLOCK3_50   ; 0.000        ; 0.081      ; 1.371      ;
; 1.109 ; vga:v1|Counter:vs_ct|Q[13]                                                                         ; vga:v1|Counter:vs_ct|Q[16]                                                                             ; CLOCK3_50    ; CLOCK3_50   ; 0.000        ; 0.080      ; 1.375      ;
; 1.111 ; vga:v1|Counter:col_ct|Q[0]                                                                         ; vga:v1|Counter:col_ct|Q[3]                                                                             ; CLOCK3_50    ; CLOCK3_50   ; 0.000        ; 0.079      ; 1.376      ;
; 1.112 ; vga:v1|Counter:vs_ct|Q[11]                                                                         ; vga:v1|Counter:vs_ct|Q[14]                                                                             ; CLOCK3_50    ; CLOCK3_50   ; 0.000        ; 0.080      ; 1.378      ;
; 1.112 ; vga:v1|Counter:hs_ct|Q[4]                                                                          ; vga:v1|Counter:hs_ct|Q[7]                                                                              ; CLOCK3_50    ; CLOCK3_50   ; 0.000        ; 0.079      ; 1.377      ;
; 1.112 ; vga:v1|Counter:col_ct|Q[2]                                                                         ; vga:v1|Counter:col_ct|Q[5]                                                                             ; CLOCK3_50    ; CLOCK3_50   ; 0.000        ; 0.079      ; 1.377      ;
; 1.113 ; vga:v1|Counter:vs_ct|Q[5]                                                                          ; vga:v1|Counter:vs_ct|Q[5]                                                                              ; CLOCK3_50    ; CLOCK3_50   ; 0.000        ; 0.081      ; 1.380      ;
; 1.113 ; vga:v1|Counter:vs_ct|Q[6]                                                                          ; vga:v1|Counter:vs_ct|Q[9]                                                                              ; CLOCK3_50    ; CLOCK3_50   ; 0.000        ; 0.081      ; 1.380      ;
; 1.116 ; vga:v1|Counter:col_ct|Q[0]                                                                         ; vga:v1|Counter:col_ct|Q[4]                                                                             ; CLOCK3_50    ; CLOCK3_50   ; 0.000        ; 0.079      ; 1.381      ;
; 1.117 ; vga:v1|Counter:hs_ct|Q[4]                                                                          ; vga:v1|Counter:hs_ct|Q[8]                                                                              ; CLOCK3_50    ; CLOCK3_50   ; 0.000        ; 0.079      ; 1.382      ;
; 1.117 ; vga:v1|Counter:col_ct|Q[2]                                                                         ; vga:v1|Counter:col_ct|Q[6]                                                                             ; CLOCK3_50    ; CLOCK3_50   ; 0.000        ; 0.079      ; 1.382      ;
; 1.123 ; vga:v1|Counter:hs_ct|Q[0]                                                                          ; vga:v1|Counter:hs_ct|Q[3]                                                                              ; CLOCK3_50    ; CLOCK3_50   ; 0.000        ; 0.079      ; 1.388      ;
; 1.128 ; vga:v1|Counter:hs_ct|Q[0]                                                                          ; vga:v1|Counter:hs_ct|Q[4]                                                                              ; CLOCK3_50    ; CLOCK3_50   ; 0.000        ; 0.079      ; 1.393      ;
; 1.128 ; vga:v1|Counter:vs_ct|Q[12]                                                                         ; vga:v1|Counter:vs_ct|Q[16]                                                                             ; CLOCK3_50    ; CLOCK3_50   ; 0.000        ; 0.080      ; 1.394      ;
; 1.130 ; vga:v1|Counter:hs_ct|Q[6]                                                                          ; vga:v1|Counter:hs_ct|Q[6]                                                                              ; CLOCK3_50    ; CLOCK3_50   ; 0.000        ; 0.079      ; 1.395      ;
; 1.132 ; vga:v1|Counter:row_ct|Q[1]                                                                         ; vga:v1|Counter:row_ct|Q[1]                                                                             ; CLOCK3_50    ; CLOCK3_50   ; 0.000        ; 0.079      ; 1.397      ;
; 1.134 ; vga:v1|Counter:vs_ct|Q[7]                                                                          ; vga:v1|Counter:vs_ct|Q[7]                                                                              ; CLOCK3_50    ; CLOCK3_50   ; 0.000        ; 0.081      ; 1.401      ;
; 1.137 ; vga:v1|Counter:vs_ct|Q[14]                                                                         ; vga:v1|Counter:vs_ct|Q[17]                                                                             ; CLOCK3_50    ; CLOCK3_50   ; 0.000        ; 0.080      ; 1.403      ;
; 1.138 ; vga:v1|Counter:vs_ct|Q[16]                                                                         ; vga:v1|Counter:vs_ct|Q[17]                                                                             ; CLOCK3_50    ; CLOCK3_50   ; 0.000        ; 0.080      ; 1.404      ;
; 1.142 ; vga:v1|Counter:vs_ct|Q[12]                                                                         ; vga:v1|Counter:vs_ct|Q[12]                                                                             ; CLOCK3_50    ; CLOCK3_50   ; 0.000        ; 0.080      ; 1.408      ;
; 1.162 ; vga:v1|Counter:vs_ct|Q[15]                                                                         ; vga:v1|Counter:vs_ct|Q[16]                                                                             ; CLOCK3_50    ; CLOCK3_50   ; 0.000        ; 0.079      ; 1.427      ;
; 1.188 ; vga:v1|Counter:vs_ct|Q[4]                                                                          ; vga:v1|Counter:vs_ct|Q[6]                                                                              ; CLOCK3_50    ; CLOCK3_50   ; 0.000        ; 0.080      ; 1.454      ;
; 1.190 ; FRAME_BUFFER:frame|altsyncram:altsyncram_component|altsyncram_2sj1:auto_generated|address_reg_b[1] ; FRAME_BUFFER:frame|altsyncram:altsyncram_component|altsyncram_2sj1:auto_generated|out_address_reg_b[1] ; CLOCK3_50    ; CLOCK3_50   ; 0.000        ; -0.335     ; 1.041      ;
; 1.206 ; vga:v1|Counter:vs_ct|Q[5]                                                                          ; vga:v1|Counter:vs_ct|Q[9]                                                                              ; CLOCK3_50    ; CLOCK3_50   ; 0.000        ; 0.081      ; 1.473      ;
; 1.208 ; vga:v1|Counter:hs_ct|Q[1]                                                                          ; vga:v1|Counter:hs_ct|Q[5]                                                                              ; CLOCK3_50    ; CLOCK3_50   ; 0.000        ; 0.079      ; 1.473      ;
; 1.208 ; vga:v1|Counter:hs_ct|Q[3]                                                                          ; vga:v1|Counter:hs_ct|Q[7]                                                                              ; CLOCK3_50    ; CLOCK3_50   ; 0.000        ; 0.079      ; 1.473      ;
; 1.212 ; vga:v1|Counter:vs_ct|Q[1]                                                                          ; vga:v1|Counter:vs_ct|Q[6]                                                                              ; CLOCK3_50    ; CLOCK3_50   ; 0.000        ; 0.081      ; 1.479      ;
; 1.213 ; vga:v1|Counter:hs_ct|Q[3]                                                                          ; vga:v1|Counter:hs_ct|Q[8]                                                                              ; CLOCK3_50    ; CLOCK3_50   ; 0.000        ; 0.079      ; 1.478      ;
; 1.222 ; vga:v1|Counter:hs_ct|Q[2]                                                                          ; vga:v1|Counter:hs_ct|Q[7]                                                                              ; CLOCK3_50    ; CLOCK3_50   ; 0.000        ; 0.079      ; 1.487      ;
; 1.223 ; vga:v1|Counter:col_ct|Q[1]                                                                         ; vga:v1|Counter:col_ct|Q[5]                                                                             ; CLOCK3_50    ; CLOCK3_50   ; 0.000        ; 0.079      ; 1.488      ;
; 1.227 ; vga:v1|Counter:hs_ct|Q[2]                                                                          ; vga:v1|Counter:hs_ct|Q[8]                                                                              ; CLOCK3_50    ; CLOCK3_50   ; 0.000        ; 0.079      ; 1.492      ;
; 1.228 ; vga:v1|Counter:vs_ct|Q[9]                                                                          ; vga:v1|Counter:vs_ct|Q[14]                                                                             ; CLOCK3_50    ; CLOCK3_50   ; 0.000        ; 0.076      ; 1.490      ;
; 1.228 ; vga:v1|Counter:col_ct|Q[1]                                                                         ; vga:v1|Counter:col_ct|Q[6]                                                                             ; CLOCK3_50    ; CLOCK3_50   ; 0.000        ; 0.079      ; 1.493      ;
; 1.230 ; vga:v1|Counter:vs_ct|Q[13]                                                                         ; vga:v1|Counter:vs_ct|Q[17]                                                                             ; CLOCK3_50    ; CLOCK3_50   ; 0.000        ; 0.080      ; 1.496      ;
; 1.237 ; vga:v1|Counter:col_ct|Q[0]                                                                         ; vga:v1|Counter:col_ct|Q[5]                                                                             ; CLOCK3_50    ; CLOCK3_50   ; 0.000        ; 0.079      ; 1.502      ;
; 1.238 ; vga:v1|Counter:vs_ct|Q[11]                                                                         ; vga:v1|Counter:vs_ct|Q[16]                                                                             ; CLOCK3_50    ; CLOCK3_50   ; 0.000        ; 0.080      ; 1.504      ;
+-------+----------------------------------------------------------------------------------------------------+--------------------------------------------------------------------------------------------------------+--------------+-------------+--------------+------------+------------+


-----------------------------------------------
; Slow 1200mV 85C Model Metastability Summary ;
-----------------------------------------------
The design MTBF is not calculated because there are no specified synchronizers in the design.
Number of Synchronizer Chains Found: 40
Shortest Synchronizer Chain: 2 Registers
Fraction of Chains for which MTBFs Could Not be Calculated: 1.000
Worst Case Available Settling Time: 123.505 ns




+-------------------------------------------------+
; Slow 1200mV 0C Model Fmax Summary               ;
+-----------+-----------------+------------+------+
; Fmax      ; Restricted Fmax ; Clock Name ; Note ;
+-----------+-----------------+------------+------+
; 54.09 MHz ; 54.09 MHz       ; CLOCK3_50  ;      ;
; 76.21 MHz ; 76.21 MHz       ; CLOCK_50   ;      ;
+-----------+-----------------+------------+------+
This panel reports FMAX for every clock in the design, regardless of the user-specified clock periods.  FMAX is only computed for paths where the source and destination registers or ports are driven by the same clock.  Paths of different clocks, including generated clocks, are ignored.  For paths between a clock and its inversion, FMAX is computed as if the rising and falling edges are scaled along with FMAX, such that the duty cycle (in terms of a percentage) is maintained. Altera recommends that you always use clock constraints and other slack reports for sign-off analysis.


+------------------------------------+
; Slow 1200mV 0C Model Setup Summary ;
+-----------+-------+----------------+
; Clock     ; Slack ; End Point TNS  ;
+-----------+-------+----------------+
; CLOCK3_50 ; 1.514 ; 0.000          ;
; CLOCK_50  ; 1.753 ; 0.000          ;
+-----------+-------+----------------+


+-----------------------------------+
; Slow 1200mV 0C Model Hold Summary ;
+-----------+-------+---------------+
; Clock     ; Slack ; End Point TNS ;
+-----------+-------+---------------+
; CLOCK_50  ; 0.352 ; 0.000         ;
; CLOCK3_50 ; 0.586 ; 0.000         ;
+-----------+-------+---------------+


-----------------------------------------
; Slow 1200mV 0C Model Recovery Summary ;
-----------------------------------------
No paths to report.


----------------------------------------
; Slow 1200mV 0C Model Removal Summary ;
----------------------------------------
No paths to report.


+--------------------------------------------------+
; Slow 1200mV 0C Model Minimum Pulse Width Summary ;
+-----------+---------+----------------------------+
; Clock     ; Slack   ; End Point TNS              ;
+-----------+---------+----------------------------+
; CLOCK3_50 ; 9.661   ; 0.000                      ;
; CLOCK_50  ; 62.145  ; 0.000                      ;
; CLOCK2_50 ; 246.000 ; 0.000                      ;
+-----------+---------+----------------------------+


+-------------------------------------------------------------------------------------------------------------------------------------------------------------------------------------------------------------------------------+
; Slow 1200mV 0C Model Setup: 'CLOCK3_50'                                                                                                                                                                                       ;
+-------+----------------------------+--------------------------------------------------------------------------------------------------------------------+--------------+-------------+--------------+------------+------------+
; Slack ; From Node                  ; To Node                                                                                                            ; Launch Clock ; Latch Clock ; Relationship ; Clock Skew ; Data Delay ;
+-------+----------------------------+--------------------------------------------------------------------------------------------------------------------+--------------+-------------+--------------+------------+------------+
; 1.514 ; vga:v1|Counter:row_ct|Q[8] ; FRAME_BUFFER:frame|altsyncram:altsyncram_component|altsyncram_2sj1:auto_generated|ram_block1a59~portb_address_reg0 ; CLOCK3_50    ; CLOCK3_50   ; 20.000       ; 0.166      ; 18.702     ;
; 1.518 ; vga:v1|Counter:row_ct|Q[8] ; FRAME_BUFFER:frame|altsyncram:altsyncram_component|altsyncram_2sj1:auto_generated|ram_block1a27~portb_address_reg0 ; CLOCK3_50    ; CLOCK3_50   ; 20.000       ; 0.160      ; 18.692     ;
; 1.552 ; vga:v1|Counter:row_ct|Q[8] ; FRAME_BUFFER:frame|altsyncram:altsyncram_component|altsyncram_2sj1:auto_generated|ram_block1a61~portb_address_reg0 ; CLOCK3_50    ; CLOCK3_50   ; 20.000       ; 0.143      ; 18.641     ;
; 1.573 ; vga:v1|Counter:row_ct|Q[7] ; FRAME_BUFFER:frame|altsyncram:altsyncram_component|altsyncram_2sj1:auto_generated|ram_block1a59~portb_address_reg0 ; CLOCK3_50    ; CLOCK3_50   ; 20.000       ; 0.166      ; 18.643     ;
; 1.577 ; vga:v1|Counter:row_ct|Q[7] ; FRAME_BUFFER:frame|altsyncram:altsyncram_component|altsyncram_2sj1:auto_generated|ram_block1a27~portb_address_reg0 ; CLOCK3_50    ; CLOCK3_50   ; 20.000       ; 0.160      ; 18.633     ;
; 1.584 ; vga:v1|Counter:row_ct|Q[8] ; FRAME_BUFFER:frame|altsyncram:altsyncram_component|altsyncram_2sj1:auto_generated|ram_block1a23~portb_address_reg0 ; CLOCK3_50    ; CLOCK3_50   ; 20.000       ; 0.140      ; 18.606     ;
; 1.611 ; vga:v1|Counter:row_ct|Q[7] ; FRAME_BUFFER:frame|altsyncram:altsyncram_component|altsyncram_2sj1:auto_generated|ram_block1a61~portb_address_reg0 ; CLOCK3_50    ; CLOCK3_50   ; 20.000       ; 0.143      ; 18.582     ;
; 1.627 ; vga:v1|Counter:row_ct|Q[8] ; FRAME_BUFFER:frame|altsyncram:altsyncram_component|altsyncram_2sj1:auto_generated|ram_block1a28~portb_address_reg0 ; CLOCK3_50    ; CLOCK3_50   ; 20.000       ; 0.135      ; 18.558     ;
; 1.628 ; vga:v1|Counter:row_ct|Q[8] ; FRAME_BUFFER:frame|altsyncram:altsyncram_component|altsyncram_2sj1:auto_generated|ram_block1a60~portb_address_reg0 ; CLOCK3_50    ; CLOCK3_50   ; 20.000       ; 0.149      ; 18.571     ;
; 1.641 ; vga:v1|Counter:row_ct|Q[8] ; FRAME_BUFFER:frame|altsyncram:altsyncram_component|altsyncram_2sj1:auto_generated|ram_block1a40~portb_address_reg0 ; CLOCK3_50    ; CLOCK3_50   ; 20.000       ; 0.191      ; 18.600     ;
; 1.643 ; vga:v1|Counter:row_ct|Q[7] ; FRAME_BUFFER:frame|altsyncram:altsyncram_component|altsyncram_2sj1:auto_generated|ram_block1a23~portb_address_reg0 ; CLOCK3_50    ; CLOCK3_50   ; 20.000       ; 0.140      ; 18.547     ;
; 1.650 ; vga:v1|Counter:row_ct|Q[8] ; FRAME_BUFFER:frame|altsyncram:altsyncram_component|altsyncram_2sj1:auto_generated|ram_block1a11~portb_address_reg0 ; CLOCK3_50    ; CLOCK3_50   ; 20.000       ; 0.174      ; 18.574     ;
; 1.657 ; vga:v1|Counter:row_ct|Q[8] ; FRAME_BUFFER:frame|altsyncram:altsyncram_component|altsyncram_2sj1:auto_generated|ram_block1a36~portb_address_reg0 ; CLOCK3_50    ; CLOCK3_50   ; 20.000       ; 0.188      ; 18.581     ;
; 1.657 ; vga:v1|Counter:row_ct|Q[8] ; FRAME_BUFFER:frame|altsyncram:altsyncram_component|altsyncram_2sj1:auto_generated|ram_block1a31~portb_address_reg0 ; CLOCK3_50    ; CLOCK3_50   ; 20.000       ; 0.155      ; 18.548     ;
; 1.662 ; vga:v1|Counter:row_ct|Q[8] ; FRAME_BUFFER:frame|altsyncram:altsyncram_component|altsyncram_2sj1:auto_generated|ram_block1a45~portb_address_reg0 ; CLOCK3_50    ; CLOCK3_50   ; 20.000       ; 0.184      ; 18.572     ;
; 1.663 ; vga:v1|Counter:row_ct|Q[8] ; FRAME_BUFFER:frame|altsyncram:altsyncram_component|altsyncram_2sj1:auto_generated|ram_block1a42~portb_address_reg0 ; CLOCK3_50    ; CLOCK3_50   ; 20.000       ; 0.171      ; 18.558     ;
; 1.672 ; vga:v1|Counter:row_ct|Q[8] ; FRAME_BUFFER:frame|altsyncram:altsyncram_component|altsyncram_2sj1:auto_generated|ram_block1a43~portb_address_reg0 ; CLOCK3_50    ; CLOCK3_50   ; 20.000       ; 0.190      ; 18.568     ;
; 1.675 ; vga:v1|Counter:row_ct|Q[8] ; FRAME_BUFFER:frame|altsyncram:altsyncram_component|altsyncram_2sj1:auto_generated|ram_block1a34~portb_address_reg0 ; CLOCK3_50    ; CLOCK3_50   ; 20.000       ; 0.181      ; 18.556     ;
; 1.683 ; vga:v1|Counter:row_ct|Q[8] ; FRAME_BUFFER:frame|altsyncram:altsyncram_component|altsyncram_2sj1:auto_generated|ram_block1a41~portb_address_reg0 ; CLOCK3_50    ; CLOCK3_50   ; 20.000       ; 0.187      ; 18.554     ;
; 1.686 ; vga:v1|Counter:row_ct|Q[7] ; FRAME_BUFFER:frame|altsyncram:altsyncram_component|altsyncram_2sj1:auto_generated|ram_block1a28~portb_address_reg0 ; CLOCK3_50    ; CLOCK3_50   ; 20.000       ; 0.135      ; 18.499     ;
; 1.687 ; vga:v1|Counter:row_ct|Q[7] ; FRAME_BUFFER:frame|altsyncram:altsyncram_component|altsyncram_2sj1:auto_generated|ram_block1a60~portb_address_reg0 ; CLOCK3_50    ; CLOCK3_50   ; 20.000       ; 0.149      ; 18.512     ;
; 1.692 ; vga:v1|Counter:row_ct|Q[8] ; FRAME_BUFFER:frame|altsyncram:altsyncram_component|altsyncram_2sj1:auto_generated|ram_block1a14~portb_address_reg0 ; CLOCK3_50    ; CLOCK3_50   ; 20.000       ; 0.143      ; 18.501     ;
; 1.700 ; vga:v1|Counter:row_ct|Q[7] ; FRAME_BUFFER:frame|altsyncram:altsyncram_component|altsyncram_2sj1:auto_generated|ram_block1a40~portb_address_reg0 ; CLOCK3_50    ; CLOCK3_50   ; 20.000       ; 0.191      ; 18.541     ;
; 1.709 ; vga:v1|Counter:row_ct|Q[7] ; FRAME_BUFFER:frame|altsyncram:altsyncram_component|altsyncram_2sj1:auto_generated|ram_block1a11~portb_address_reg0 ; CLOCK3_50    ; CLOCK3_50   ; 20.000       ; 0.174      ; 18.515     ;
; 1.716 ; vga:v1|Counter:row_ct|Q[7] ; FRAME_BUFFER:frame|altsyncram:altsyncram_component|altsyncram_2sj1:auto_generated|ram_block1a36~portb_address_reg0 ; CLOCK3_50    ; CLOCK3_50   ; 20.000       ; 0.188      ; 18.522     ;
; 1.716 ; vga:v1|Counter:row_ct|Q[7] ; FRAME_BUFFER:frame|altsyncram:altsyncram_component|altsyncram_2sj1:auto_generated|ram_block1a31~portb_address_reg0 ; CLOCK3_50    ; CLOCK3_50   ; 20.000       ; 0.155      ; 18.489     ;
; 1.718 ; vga:v1|Counter:row_ct|Q[8] ; FRAME_BUFFER:frame|altsyncram:altsyncram_component|altsyncram_2sj1:auto_generated|ram_block1a26~portb_address_reg0 ; CLOCK3_50    ; CLOCK3_50   ; 20.000       ; 0.177      ; 18.509     ;
; 1.721 ; vga:v1|Counter:row_ct|Q[7] ; FRAME_BUFFER:frame|altsyncram:altsyncram_component|altsyncram_2sj1:auto_generated|ram_block1a45~portb_address_reg0 ; CLOCK3_50    ; CLOCK3_50   ; 20.000       ; 0.184      ; 18.513     ;
; 1.722 ; vga:v1|Counter:row_ct|Q[7] ; FRAME_BUFFER:frame|altsyncram:altsyncram_component|altsyncram_2sj1:auto_generated|ram_block1a42~portb_address_reg0 ; CLOCK3_50    ; CLOCK3_50   ; 20.000       ; 0.171      ; 18.499     ;
; 1.730 ; vga:v1|Counter:row_ct|Q[8] ; FRAME_BUFFER:frame|altsyncram:altsyncram_component|altsyncram_2sj1:auto_generated|ram_block1a35~portb_address_reg0 ; CLOCK3_50    ; CLOCK3_50   ; 20.000       ; 0.178      ; 18.498     ;
; 1.731 ; vga:v1|Counter:row_ct|Q[7] ; FRAME_BUFFER:frame|altsyncram:altsyncram_component|altsyncram_2sj1:auto_generated|ram_block1a43~portb_address_reg0 ; CLOCK3_50    ; CLOCK3_50   ; 20.000       ; 0.190      ; 18.509     ;
; 1.734 ; vga:v1|Counter:row_ct|Q[7] ; FRAME_BUFFER:frame|altsyncram:altsyncram_component|altsyncram_2sj1:auto_generated|ram_block1a34~portb_address_reg0 ; CLOCK3_50    ; CLOCK3_50   ; 20.000       ; 0.181      ; 18.497     ;
; 1.742 ; vga:v1|Counter:row_ct|Q[7] ; FRAME_BUFFER:frame|altsyncram:altsyncram_component|altsyncram_2sj1:auto_generated|ram_block1a41~portb_address_reg0 ; CLOCK3_50    ; CLOCK3_50   ; 20.000       ; 0.187      ; 18.495     ;
; 1.751 ; vga:v1|Counter:row_ct|Q[7] ; FRAME_BUFFER:frame|altsyncram:altsyncram_component|altsyncram_2sj1:auto_generated|ram_block1a14~portb_address_reg0 ; CLOCK3_50    ; CLOCK3_50   ; 20.000       ; 0.143      ; 18.442     ;
; 1.754 ; vga:v1|Counter:row_ct|Q[8] ; FRAME_BUFFER:frame|altsyncram:altsyncram_component|altsyncram_2sj1:auto_generated|ram_block1a48~portb_address_reg0 ; CLOCK3_50    ; CLOCK3_50   ; 20.000       ; 0.186      ; 18.482     ;
; 1.777 ; vga:v1|Counter:row_ct|Q[7] ; FRAME_BUFFER:frame|altsyncram:altsyncram_component|altsyncram_2sj1:auto_generated|ram_block1a26~portb_address_reg0 ; CLOCK3_50    ; CLOCK3_50   ; 20.000       ; 0.177      ; 18.450     ;
; 1.782 ; vga:v1|Counter:row_ct|Q[8] ; FRAME_BUFFER:frame|altsyncram:altsyncram_component|altsyncram_2sj1:auto_generated|ram_block1a44~portb_address_reg0 ; CLOCK3_50    ; CLOCK3_50   ; 20.000       ; 0.208      ; 18.476     ;
; 1.788 ; vga:v1|Counter:row_ct|Q[8] ; FRAME_BUFFER:frame|altsyncram:altsyncram_component|altsyncram_2sj1:auto_generated|ram_block1a7~portb_address_reg0  ; CLOCK3_50    ; CLOCK3_50   ; 20.000       ; 0.198      ; 18.460     ;
; 1.789 ; vga:v1|Counter:row_ct|Q[7] ; FRAME_BUFFER:frame|altsyncram:altsyncram_component|altsyncram_2sj1:auto_generated|ram_block1a35~portb_address_reg0 ; CLOCK3_50    ; CLOCK3_50   ; 20.000       ; 0.178      ; 18.439     ;
; 1.792 ; vga:v1|Counter:row_ct|Q[8] ; FRAME_BUFFER:frame|altsyncram:altsyncram_component|altsyncram_2sj1:auto_generated|ram_block1a5~portb_address_reg0  ; CLOCK3_50    ; CLOCK3_50   ; 20.000       ; 0.188      ; 18.446     ;
; 1.799 ; vga:v1|Counter:row_ct|Q[8] ; FRAME_BUFFER:frame|altsyncram:altsyncram_component|altsyncram_2sj1:auto_generated|ram_block1a13~portb_address_reg0 ; CLOCK3_50    ; CLOCK3_50   ; 20.000       ; 0.172      ; 18.423     ;
; 1.813 ; vga:v1|Counter:row_ct|Q[7] ; FRAME_BUFFER:frame|altsyncram:altsyncram_component|altsyncram_2sj1:auto_generated|ram_block1a48~portb_address_reg0 ; CLOCK3_50    ; CLOCK3_50   ; 20.000       ; 0.186      ; 18.423     ;
; 1.821 ; vga:v1|Counter:row_ct|Q[8] ; FRAME_BUFFER:frame|altsyncram:altsyncram_component|altsyncram_2sj1:auto_generated|ram_block1a12~portb_address_reg0 ; CLOCK3_50    ; CLOCK3_50   ; 20.000       ; 0.179      ; 18.408     ;
; 1.824 ; vga:v1|Counter:row_ct|Q[6] ; FRAME_BUFFER:frame|altsyncram:altsyncram_component|altsyncram_2sj1:auto_generated|ram_block1a59~portb_address_reg0 ; CLOCK3_50    ; CLOCK3_50   ; 20.000       ; 0.166      ; 18.392     ;
; 1.828 ; vga:v1|Counter:row_ct|Q[6] ; FRAME_BUFFER:frame|altsyncram:altsyncram_component|altsyncram_2sj1:auto_generated|ram_block1a27~portb_address_reg0 ; CLOCK3_50    ; CLOCK3_50   ; 20.000       ; 0.160      ; 18.382     ;
; 1.841 ; vga:v1|Counter:row_ct|Q[7] ; FRAME_BUFFER:frame|altsyncram:altsyncram_component|altsyncram_2sj1:auto_generated|ram_block1a44~portb_address_reg0 ; CLOCK3_50    ; CLOCK3_50   ; 20.000       ; 0.208      ; 18.417     ;
; 1.843 ; vga:v1|Counter:row_ct|Q[8] ; FRAME_BUFFER:frame|altsyncram:altsyncram_component|altsyncram_2sj1:auto_generated|ram_block1a19~portb_address_reg0 ; CLOCK3_50    ; CLOCK3_50   ; 20.000       ; 0.148      ; 18.355     ;
; 1.845 ; vga:v1|Counter:row_ct|Q[8] ; FRAME_BUFFER:frame|altsyncram:altsyncram_component|altsyncram_2sj1:auto_generated|ram_block1a3~portb_address_reg0  ; CLOCK3_50    ; CLOCK3_50   ; 20.000       ; 0.170      ; 18.375     ;
; 1.847 ; vga:v1|Counter:row_ct|Q[7] ; FRAME_BUFFER:frame|altsyncram:altsyncram_component|altsyncram_2sj1:auto_generated|ram_block1a7~portb_address_reg0  ; CLOCK3_50    ; CLOCK3_50   ; 20.000       ; 0.198      ; 18.401     ;
; 1.851 ; vga:v1|Counter:row_ct|Q[7] ; FRAME_BUFFER:frame|altsyncram:altsyncram_component|altsyncram_2sj1:auto_generated|ram_block1a5~portb_address_reg0  ; CLOCK3_50    ; CLOCK3_50   ; 20.000       ; 0.188      ; 18.387     ;
; 1.858 ; vga:v1|Counter:row_ct|Q[7] ; FRAME_BUFFER:frame|altsyncram:altsyncram_component|altsyncram_2sj1:auto_generated|ram_block1a13~portb_address_reg0 ; CLOCK3_50    ; CLOCK3_50   ; 20.000       ; 0.172      ; 18.364     ;
; 1.861 ; vga:v1|Counter:row_ct|Q[8] ; FRAME_BUFFER:frame|altsyncram:altsyncram_component|altsyncram_2sj1:auto_generated|ram_block1a4~portb_address_reg0  ; CLOCK3_50    ; CLOCK3_50   ; 20.000       ; 0.154      ; 18.343     ;
; 1.862 ; vga:v1|Counter:row_ct|Q[6] ; FRAME_BUFFER:frame|altsyncram:altsyncram_component|altsyncram_2sj1:auto_generated|ram_block1a61~portb_address_reg0 ; CLOCK3_50    ; CLOCK3_50   ; 20.000       ; 0.143      ; 18.331     ;
; 1.866 ; vga:v1|Counter:row_ct|Q[8] ; FRAME_BUFFER:frame|altsyncram:altsyncram_component|altsyncram_2sj1:auto_generated|ram_block1a37~portb_address_reg0 ; CLOCK3_50    ; CLOCK3_50   ; 20.000       ; 0.166      ; 18.350     ;
; 1.880 ; vga:v1|Counter:row_ct|Q[7] ; FRAME_BUFFER:frame|altsyncram:altsyncram_component|altsyncram_2sj1:auto_generated|ram_block1a12~portb_address_reg0 ; CLOCK3_50    ; CLOCK3_50   ; 20.000       ; 0.179      ; 18.349     ;
; 1.894 ; vga:v1|Counter:row_ct|Q[6] ; FRAME_BUFFER:frame|altsyncram:altsyncram_component|altsyncram_2sj1:auto_generated|ram_block1a23~portb_address_reg0 ; CLOCK3_50    ; CLOCK3_50   ; 20.000       ; 0.140      ; 18.296     ;
; 1.897 ; vga:v1|Counter:row_ct|Q[8] ; FRAME_BUFFER:frame|altsyncram:altsyncram_component|altsyncram_2sj1:auto_generated|ram_block1a62~portb_address_reg0 ; CLOCK3_50    ; CLOCK3_50   ; 20.000       ; 0.155      ; 18.308     ;
; 1.902 ; vga:v1|Counter:row_ct|Q[7] ; FRAME_BUFFER:frame|altsyncram:altsyncram_component|altsyncram_2sj1:auto_generated|ram_block1a19~portb_address_reg0 ; CLOCK3_50    ; CLOCK3_50   ; 20.000       ; 0.148      ; 18.296     ;
; 1.904 ; vga:v1|Counter:row_ct|Q[7] ; FRAME_BUFFER:frame|altsyncram:altsyncram_component|altsyncram_2sj1:auto_generated|ram_block1a3~portb_address_reg0  ; CLOCK3_50    ; CLOCK3_50   ; 20.000       ; 0.170      ; 18.316     ;
; 1.905 ; vga:v1|Counter:row_ct|Q[8] ; FRAME_BUFFER:frame|altsyncram:altsyncram_component|altsyncram_2sj1:auto_generated|ram_block1a46~portb_address_reg0 ; CLOCK3_50    ; CLOCK3_50   ; 20.000       ; 0.160      ; 18.305     ;
; 1.905 ; vga:v1|Counter:row_ct|Q[8] ; FRAME_BUFFER:frame|altsyncram:altsyncram_component|altsyncram_2sj1:auto_generated|ram_block1a1~portb_address_reg0  ; CLOCK3_50    ; CLOCK3_50   ; 20.000       ; 0.140      ; 18.285     ;
; 1.906 ; vga:v1|Counter:row_ct|Q[8] ; FRAME_BUFFER:frame|altsyncram:altsyncram_component|altsyncram_2sj1:auto_generated|ram_block1a53~portb_address_reg0 ; CLOCK3_50    ; CLOCK3_50   ; 20.000       ; 0.134      ; 18.278     ;
; 1.915 ; vga:v1|Counter:row_ct|Q[8] ; FRAME_BUFFER:frame|altsyncram:altsyncram_component|altsyncram_2sj1:auto_generated|ram_block1a63~portb_address_reg0 ; CLOCK3_50    ; CLOCK3_50   ; 20.000       ; 0.149      ; 18.284     ;
; 1.915 ; vga:v1|Counter:row_ct|Q[8] ; FRAME_BUFFER:frame|altsyncram:altsyncram_component|altsyncram_2sj1:auto_generated|ram_block1a0~portb_address_reg0  ; CLOCK3_50    ; CLOCK3_50   ; 20.000       ; 0.179      ; 18.314     ;
; 1.919 ; vga:v1|Counter:row_ct|Q[8] ; FRAME_BUFFER:frame|altsyncram:altsyncram_component|altsyncram_2sj1:auto_generated|ram_block1a30~portb_address_reg0 ; CLOCK3_50    ; CLOCK3_50   ; 20.000       ; 0.129      ; 18.260     ;
; 1.920 ; vga:v1|Counter:row_ct|Q[7] ; FRAME_BUFFER:frame|altsyncram:altsyncram_component|altsyncram_2sj1:auto_generated|ram_block1a4~portb_address_reg0  ; CLOCK3_50    ; CLOCK3_50   ; 20.000       ; 0.154      ; 18.284     ;
; 1.924 ; vga:v1|Counter:row_ct|Q[8] ; FRAME_BUFFER:frame|altsyncram:altsyncram_component|altsyncram_2sj1:auto_generated|ram_block1a16~portb_address_reg0 ; CLOCK3_50    ; CLOCK3_50   ; 20.000       ; 0.183      ; 18.309     ;
; 1.925 ; vga:v1|Counter:row_ct|Q[7] ; FRAME_BUFFER:frame|altsyncram:altsyncram_component|altsyncram_2sj1:auto_generated|ram_block1a37~portb_address_reg0 ; CLOCK3_50    ; CLOCK3_50   ; 20.000       ; 0.166      ; 18.291     ;
; 1.926 ; vga:v1|Counter:row_ct|Q[8] ; FRAME_BUFFER:frame|altsyncram:altsyncram_component|altsyncram_2sj1:auto_generated|ram_block1a21~portb_address_reg0 ; CLOCK3_50    ; CLOCK3_50   ; 20.000       ; 0.135      ; 18.259     ;
; 1.937 ; vga:v1|Counter:row_ct|Q[6] ; FRAME_BUFFER:frame|altsyncram:altsyncram_component|altsyncram_2sj1:auto_generated|ram_block1a28~portb_address_reg0 ; CLOCK3_50    ; CLOCK3_50   ; 20.000       ; 0.135      ; 18.248     ;
; 1.938 ; vga:v1|Counter:row_ct|Q[6] ; FRAME_BUFFER:frame|altsyncram:altsyncram_component|altsyncram_2sj1:auto_generated|ram_block1a60~portb_address_reg0 ; CLOCK3_50    ; CLOCK3_50   ; 20.000       ; 0.149      ; 18.261     ;
; 1.940 ; vga:v1|Counter:row_ct|Q[8] ; FRAME_BUFFER:frame|altsyncram:altsyncram_component|altsyncram_2sj1:auto_generated|ram_block1a9~portb_address_reg0  ; CLOCK3_50    ; CLOCK3_50   ; 20.000       ; 0.176      ; 18.286     ;
; 1.951 ; vga:v1|Counter:row_ct|Q[6] ; FRAME_BUFFER:frame|altsyncram:altsyncram_component|altsyncram_2sj1:auto_generated|ram_block1a40~portb_address_reg0 ; CLOCK3_50    ; CLOCK3_50   ; 20.000       ; 0.191      ; 18.290     ;
; 1.956 ; vga:v1|Counter:row_ct|Q[7] ; FRAME_BUFFER:frame|altsyncram:altsyncram_component|altsyncram_2sj1:auto_generated|ram_block1a62~portb_address_reg0 ; CLOCK3_50    ; CLOCK3_50   ; 20.000       ; 0.155      ; 18.249     ;
; 1.960 ; vga:v1|Counter:row_ct|Q[8] ; FRAME_BUFFER:frame|altsyncram:altsyncram_component|altsyncram_2sj1:auto_generated|ram_block1a50~portb_address_reg0 ; CLOCK3_50    ; CLOCK3_50   ; 20.000       ; 0.160      ; 18.250     ;
; 1.960 ; vga:v1|Counter:row_ct|Q[6] ; FRAME_BUFFER:frame|altsyncram:altsyncram_component|altsyncram_2sj1:auto_generated|ram_block1a11~portb_address_reg0 ; CLOCK3_50    ; CLOCK3_50   ; 20.000       ; 0.174      ; 18.264     ;
; 1.964 ; vga:v1|Counter:row_ct|Q[8] ; FRAME_BUFFER:frame|altsyncram:altsyncram_component|altsyncram_2sj1:auto_generated|ram_block1a20~portb_address_reg0 ; CLOCK3_50    ; CLOCK3_50   ; 20.000       ; 0.160      ; 18.246     ;
; 1.964 ; vga:v1|Counter:row_ct|Q[7] ; FRAME_BUFFER:frame|altsyncram:altsyncram_component|altsyncram_2sj1:auto_generated|ram_block1a46~portb_address_reg0 ; CLOCK3_50    ; CLOCK3_50   ; 20.000       ; 0.160      ; 18.246     ;
; 1.964 ; vga:v1|Counter:row_ct|Q[7] ; FRAME_BUFFER:frame|altsyncram:altsyncram_component|altsyncram_2sj1:auto_generated|ram_block1a1~portb_address_reg0  ; CLOCK3_50    ; CLOCK3_50   ; 20.000       ; 0.140      ; 18.226     ;
; 1.965 ; vga:v1|Counter:row_ct|Q[7] ; FRAME_BUFFER:frame|altsyncram:altsyncram_component|altsyncram_2sj1:auto_generated|ram_block1a53~portb_address_reg0 ; CLOCK3_50    ; CLOCK3_50   ; 20.000       ; 0.134      ; 18.219     ;
; 1.966 ; vga:v1|Counter:row_ct|Q[8] ; FRAME_BUFFER:frame|altsyncram:altsyncram_component|altsyncram_2sj1:auto_generated|ram_block1a22~portb_address_reg0 ; CLOCK3_50    ; CLOCK3_50   ; 20.000       ; 0.170      ; 18.254     ;
; 1.967 ; vga:v1|Counter:row_ct|Q[6] ; FRAME_BUFFER:frame|altsyncram:altsyncram_component|altsyncram_2sj1:auto_generated|ram_block1a36~portb_address_reg0 ; CLOCK3_50    ; CLOCK3_50   ; 20.000       ; 0.188      ; 18.271     ;
; 1.967 ; vga:v1|Counter:row_ct|Q[6] ; FRAME_BUFFER:frame|altsyncram:altsyncram_component|altsyncram_2sj1:auto_generated|ram_block1a31~portb_address_reg0 ; CLOCK3_50    ; CLOCK3_50   ; 20.000       ; 0.155      ; 18.238     ;
; 1.972 ; vga:v1|Counter:row_ct|Q[6] ; FRAME_BUFFER:frame|altsyncram:altsyncram_component|altsyncram_2sj1:auto_generated|ram_block1a45~portb_address_reg0 ; CLOCK3_50    ; CLOCK3_50   ; 20.000       ; 0.184      ; 18.262     ;
; 1.973 ; vga:v1|Counter:row_ct|Q[8] ; FRAME_BUFFER:frame|altsyncram:altsyncram_component|altsyncram_2sj1:auto_generated|ram_block1a25~portb_address_reg0 ; CLOCK3_50    ; CLOCK3_50   ; 20.000       ; 0.174      ; 18.251     ;
; 1.973 ; vga:v1|Counter:row_ct|Q[6] ; FRAME_BUFFER:frame|altsyncram:altsyncram_component|altsyncram_2sj1:auto_generated|ram_block1a42~portb_address_reg0 ; CLOCK3_50    ; CLOCK3_50   ; 20.000       ; 0.171      ; 18.248     ;
; 1.974 ; vga:v1|Counter:row_ct|Q[7] ; FRAME_BUFFER:frame|altsyncram:altsyncram_component|altsyncram_2sj1:auto_generated|ram_block1a63~portb_address_reg0 ; CLOCK3_50    ; CLOCK3_50   ; 20.000       ; 0.149      ; 18.225     ;
; 1.974 ; vga:v1|Counter:row_ct|Q[7] ; FRAME_BUFFER:frame|altsyncram:altsyncram_component|altsyncram_2sj1:auto_generated|ram_block1a0~portb_address_reg0  ; CLOCK3_50    ; CLOCK3_50   ; 20.000       ; 0.179      ; 18.255     ;
; 1.978 ; vga:v1|Counter:row_ct|Q[7] ; FRAME_BUFFER:frame|altsyncram:altsyncram_component|altsyncram_2sj1:auto_generated|ram_block1a30~portb_address_reg0 ; CLOCK3_50    ; CLOCK3_50   ; 20.000       ; 0.129      ; 18.201     ;
; 1.980 ; vga:v1|Counter:row_ct|Q[8] ; FRAME_BUFFER:frame|altsyncram:altsyncram_component|altsyncram_2sj1:auto_generated|ram_block1a58~portb_address_reg0 ; CLOCK3_50    ; CLOCK3_50   ; 20.000       ; 0.152      ; 18.222     ;
; 1.982 ; vga:v1|Counter:row_ct|Q[8] ; FRAME_BUFFER:frame|altsyncram:altsyncram_component|altsyncram_2sj1:auto_generated|ram_block1a54~portb_address_reg0 ; CLOCK3_50    ; CLOCK3_50   ; 20.000       ; 0.146      ; 18.214     ;
; 1.982 ; vga:v1|Counter:row_ct|Q[6] ; FRAME_BUFFER:frame|altsyncram:altsyncram_component|altsyncram_2sj1:auto_generated|ram_block1a43~portb_address_reg0 ; CLOCK3_50    ; CLOCK3_50   ; 20.000       ; 0.190      ; 18.258     ;
; 1.983 ; vga:v1|Counter:row_ct|Q[7] ; FRAME_BUFFER:frame|altsyncram:altsyncram_component|altsyncram_2sj1:auto_generated|ram_block1a16~portb_address_reg0 ; CLOCK3_50    ; CLOCK3_50   ; 20.000       ; 0.183      ; 18.250     ;
; 1.985 ; vga:v1|Counter:row_ct|Q[7] ; FRAME_BUFFER:frame|altsyncram:altsyncram_component|altsyncram_2sj1:auto_generated|ram_block1a21~portb_address_reg0 ; CLOCK3_50    ; CLOCK3_50   ; 20.000       ; 0.135      ; 18.200     ;
; 1.985 ; vga:v1|Counter:row_ct|Q[6] ; FRAME_BUFFER:frame|altsyncram:altsyncram_component|altsyncram_2sj1:auto_generated|ram_block1a34~portb_address_reg0 ; CLOCK3_50    ; CLOCK3_50   ; 20.000       ; 0.181      ; 18.246     ;
; 1.991 ; vga:v1|Counter:row_ct|Q[8] ; FRAME_BUFFER:frame|altsyncram:altsyncram_component|altsyncram_2sj1:auto_generated|ram_block1a49~portb_address_reg0 ; CLOCK3_50    ; CLOCK3_50   ; 20.000       ; 0.154      ; 18.213     ;
; 1.993 ; vga:v1|Counter:row_ct|Q[6] ; FRAME_BUFFER:frame|altsyncram:altsyncram_component|altsyncram_2sj1:auto_generated|ram_block1a41~portb_address_reg0 ; CLOCK3_50    ; CLOCK3_50   ; 20.000       ; 0.187      ; 18.244     ;
; 1.999 ; vga:v1|Counter:row_ct|Q[7] ; FRAME_BUFFER:frame|altsyncram:altsyncram_component|altsyncram_2sj1:auto_generated|ram_block1a9~portb_address_reg0  ; CLOCK3_50    ; CLOCK3_50   ; 20.000       ; 0.176      ; 18.227     ;
; 2.002 ; vga:v1|Counter:row_ct|Q[8] ; FRAME_BUFFER:frame|altsyncram:altsyncram_component|altsyncram_2sj1:auto_generated|ram_block1a29~portb_address_reg0 ; CLOCK3_50    ; CLOCK3_50   ; 20.000       ; 0.167      ; 18.215     ;
; 2.002 ; vga:v1|Counter:row_ct|Q[6] ; FRAME_BUFFER:frame|altsyncram:altsyncram_component|altsyncram_2sj1:auto_generated|ram_block1a14~portb_address_reg0 ; CLOCK3_50    ; CLOCK3_50   ; 20.000       ; 0.143      ; 18.191     ;
+-------+----------------------------+--------------------------------------------------------------------------------------------------------------------+--------------+-------------+--------------+------------+------------+


+----------------------------------------------------------------------------------------------------------------------------------------------------------+
; Slow 1200mV 0C Model Setup: 'CLOCK_50'                                                                                                                   ;
+-------+-----------+----------------------------------------------------------------+--------------+-------------+--------------+------------+------------+
; Slack ; From Node ; To Node                                                        ; Launch Clock ; Latch Clock ; Relationship ; Clock Skew ; Data Delay ;
+-------+-----------+----------------------------------------------------------------+--------------+-------------+--------------+------------+------------+
; 1.753 ; rst       ; gameboy:dut|MMU:mmu|IO_handler:io_registers|APU_R.NR4x_R[0][7] ; CLOCK3_50    ; CLOCK_50    ; 5.000        ; -0.036     ; 3.230      ;
; 1.754 ; rst       ; gameboy:dut|MMU:mmu|IO_handler:io_registers|APU_R.NR4x_R[0][2] ; CLOCK3_50    ; CLOCK_50    ; 5.000        ; -0.037     ; 3.228      ;
; 1.770 ; rst       ; gameboy:dut|MMU:mmu|IO_handler:io_registers|APU_R.NR2x_R[2][4] ; CLOCK3_50    ; CLOCK_50    ; 5.000        ; -0.042     ; 3.207      ;
; 1.780 ; rst       ; gameboy:dut|MMU:mmu|IO_handler:io_registers|APU_R.NR4x_R[2][2] ; CLOCK3_50    ; CLOCK_50    ; 5.000        ; -0.037     ; 3.202      ;
; 1.790 ; rst       ; gameboy:dut|MMU:mmu|IO_handler:io_registers|PPU_R.OBP0_R[2]    ; CLOCK3_50    ; CLOCK_50    ; 5.000        ; -0.026     ; 3.203      ;
; 1.797 ; rst       ; gameboy:dut|MMU:mmu|IO_handler:io_registers|APU_R.NR2x_R[0][4] ; CLOCK3_50    ; CLOCK_50    ; 5.000        ; -0.042     ; 3.180      ;
; 1.823 ; rst       ; gameboy:dut|MMU:mmu|IO_handler:io_registers|PPU_R.LYC_R[7]     ; CLOCK3_50    ; CLOCK_50    ; 5.000        ; -0.029     ; 3.167      ;
; 1.834 ; rst       ; gameboy:dut|MMU:mmu|IO_handler:io_registers|PPU_R.BGP_R[3]     ; CLOCK3_50    ; CLOCK_50    ; 5.000        ; -0.023     ; 3.162      ;
; 1.851 ; rst       ; gameboy:dut|MMU:mmu|IO_handler:io_registers|APU_R.NR50_R[7]    ; CLOCK3_50    ; CLOCK_50    ; 5.000        ; -0.038     ; 3.130      ;
; 1.861 ; rst       ; gameboy:dut|MMU:mmu|IO_handler:io_registers|PPU_R.SCX_R[3]     ; CLOCK3_50    ; CLOCK_50    ; 5.000        ; -0.023     ; 3.135      ;
; 1.877 ; rst       ; gameboy:dut|MMU:mmu|IO_handler:io_registers|IE_R[7]            ; CLOCK3_50    ; CLOCK_50    ; 5.000        ; -0.038     ; 3.104      ;
; 1.887 ; rst       ; gameboy:dut|MMU:mmu|IO_handler:io_registers|APU_R.NR2x_R[2][0] ; CLOCK3_50    ; CLOCK_50    ; 5.000        ; -0.042     ; 3.090      ;
; 1.894 ; rst       ; gameboy:dut|MMU:mmu|IO_handler:io_registers|APU_R.NR4x_R[0][3] ; CLOCK3_50    ; CLOCK_50    ; 5.000        ; -0.037     ; 3.088      ;
; 1.906 ; rst       ; gameboy:dut|MMU:mmu|IO_handler:io_registers|PPU_R.WY_R[7]      ; CLOCK3_50    ; CLOCK_50    ; 5.000        ; -0.028     ; 3.085      ;
; 1.908 ; rst       ; gameboy:dut|MMU:mmu|IO_handler:io_registers|PPU_R.OBP0_R[7]    ; CLOCK3_50    ; CLOCK_50    ; 5.000        ; -0.026     ; 3.085      ;
; 1.911 ; rst       ; gameboy:dut|MMU:mmu|IO_handler:io_registers|APU_R.NR2x_R[0][0] ; CLOCK3_50    ; CLOCK_50    ; 5.000        ; -0.042     ; 3.066      ;
; 1.921 ; rst       ; gameboy:dut|MMU:mmu|IO_handler:io_registers|APU_R.NR4x_R[3][3] ; CLOCK3_50    ; CLOCK_50    ; 5.000        ; -0.038     ; 3.060      ;
; 1.922 ; rst       ; gameboy:dut|MMU:mmu|IO_handler:io_registers|APU_R.NR4x_R[2][7] ; CLOCK3_50    ; CLOCK_50    ; 5.000        ; -0.025     ; 3.072      ;
; 1.923 ; rst       ; gameboy:dut|MMU:mmu|IO_handler:io_registers|APU_R.NR4x_R[2][3] ; CLOCK3_50    ; CLOCK_50    ; 5.000        ; -0.037     ; 3.059      ;
; 1.929 ; rst       ; gameboy:dut|MMU:mmu|IO_handler:io_registers|APU_R.NR4x_R[3][2] ; CLOCK3_50    ; CLOCK_50    ; 5.000        ; -0.038     ; 3.052      ;
; 1.934 ; rst       ; gameboy:dut|MMU:mmu|IO_handler:io_registers|PPU_R.OBP1_R[7]    ; CLOCK3_50    ; CLOCK_50    ; 5.000        ; -0.026     ; 3.059      ;
; 1.936 ; rst       ; gameboy:dut|MMU:mmu|IO_handler:io_registers|APU_R.NR1x_R[2][5] ; CLOCK3_50    ; CLOCK_50    ; 5.000        ; -0.031     ; 3.052      ;
; 1.938 ; rst       ; gameboy:dut|MMU:mmu|IO_handler:io_registers|APU_R.NR51_R[7]    ; CLOCK3_50    ; CLOCK_50    ; 5.000        ; -0.026     ; 3.055      ;
; 1.939 ; rst       ; gameboy:dut|MMU:mmu|IO_handler:io_registers|APU_R.NR1x_R[0][5] ; CLOCK3_50    ; CLOCK_50    ; 5.000        ; -0.031     ; 3.049      ;
; 1.942 ; rst       ; gameboy:dut|MMU:mmu|IO_handler:io_registers|PPU_R.WX_R[7]      ; CLOCK3_50    ; CLOCK_50    ; 5.000        ; -0.027     ; 3.050      ;
; 1.948 ; rst       ; gameboy:dut|MMU:mmu|IO_handler:io_registers|APU_R.NR4x_R[1][3] ; CLOCK3_50    ; CLOCK_50    ; 5.000        ; -0.038     ; 3.033      ;
; 1.951 ; rst       ; gameboy:dut|MMU:mmu|IO_handler:io_registers|APU_R.NR2x_R[4][7] ; CLOCK3_50    ; CLOCK_50    ; 5.000        ; -0.034     ; 3.034      ;
; 1.951 ; rst       ; gameboy:dut|MMU:mmu|IO_handler:io_registers|APU_R.NR2x_R[4][4] ; CLOCK3_50    ; CLOCK_50    ; 5.000        ; -0.034     ; 3.034      ;
; 1.951 ; rst       ; gameboy:dut|MMU:mmu|IO_handler:io_registers|APU_R.NR2x_R[4][6] ; CLOCK3_50    ; CLOCK_50    ; 5.000        ; -0.034     ; 3.034      ;
; 1.951 ; rst       ; gameboy:dut|MMU:mmu|IO_handler:io_registers|APU_R.NR2x_R[4][5] ; CLOCK3_50    ; CLOCK_50    ; 5.000        ; -0.034     ; 3.034      ;
; 1.951 ; rst       ; gameboy:dut|MMU:mmu|IO_handler:io_registers|APU_R.NR2x_R[4][0] ; CLOCK3_50    ; CLOCK_50    ; 5.000        ; -0.034     ; 3.034      ;
; 1.957 ; rst       ; gameboy:dut|MMU:mmu|IO_handler:io_registers|APU_R.NR4x_R[1][2] ; CLOCK3_50    ; CLOCK_50    ; 5.000        ; -0.038     ; 3.024      ;
; 1.963 ; rst       ; gameboy:dut|MMU:mmu|IO_handler:io_registers|APU_R.NR3x_R[4][4] ; CLOCK3_50    ; CLOCK_50    ; 5.000        ; -0.034     ; 3.022      ;
; 1.971 ; rst       ; gameboy:dut|MMU:mmu|IO_handler:io_registers|APU_R.NR1x_R[3][7] ; CLOCK3_50    ; CLOCK_50    ; 5.000        ; -0.028     ; 3.020      ;
; 1.971 ; rst       ; gameboy:dut|MMU:mmu|IO_handler:io_registers|APU_R.NR1x_R[4][7] ; CLOCK3_50    ; CLOCK_50    ; 5.000        ; -0.028     ; 3.020      ;
; 1.971 ; rst       ; gameboy:dut|MMU:mmu|IO_handler:io_registers|APU_R.NR2x_R[1][2] ; CLOCK3_50    ; CLOCK_50    ; 5.000        ; -0.041     ; 3.007      ;
; 1.978 ; rst       ; gameboy:dut|MMU:mmu|IO_handler:io_registers|PPU_R.OBP1_R[3]    ; CLOCK3_50    ; CLOCK_50    ; 5.000        ; -0.026     ; 3.015      ;
; 1.978 ; rst       ; gameboy:dut|MMU:mmu|IO_handler:io_registers|PPU_R.OBP1_R[4]    ; CLOCK3_50    ; CLOCK_50    ; 5.000        ; -0.026     ; 3.015      ;
; 1.978 ; rst       ; gameboy:dut|MMU:mmu|IO_handler:io_registers|PPU_R.OBP1_R[6]    ; CLOCK3_50    ; CLOCK_50    ; 5.000        ; -0.026     ; 3.015      ;
; 1.978 ; rst       ; gameboy:dut|MMU:mmu|IO_handler:io_registers|PPU_R.OBP1_R[2]    ; CLOCK3_50    ; CLOCK_50    ; 5.000        ; -0.026     ; 3.015      ;
; 1.978 ; rst       ; gameboy:dut|MMU:mmu|IO_handler:io_registers|PPU_R.OBP1_R[5]    ; CLOCK3_50    ; CLOCK_50    ; 5.000        ; -0.026     ; 3.015      ;
; 1.978 ; rst       ; gameboy:dut|MMU:mmu|IO_handler:io_registers|PPU_R.OBP1_R[0]    ; CLOCK3_50    ; CLOCK_50    ; 5.000        ; -0.026     ; 3.015      ;
; 1.978 ; rst       ; gameboy:dut|MMU:mmu|IO_handler:io_registers|PPU_R.OBP1_R[1]    ; CLOCK3_50    ; CLOCK_50    ; 5.000        ; -0.026     ; 3.015      ;
; 1.979 ; rst       ; gameboy:dut|MMU:mmu|IO_handler:io_registers|PPU_R.BGP_R[7]     ; CLOCK3_50    ; CLOCK_50    ; 5.000        ; -0.023     ; 3.017      ;
; 1.981 ; rst       ; gameboy:dut|MMU:mmu|IO_handler:io_registers|APU_R.NR51_R[6]    ; CLOCK3_50    ; CLOCK_50    ; 5.000        ; -0.026     ; 3.012      ;
; 1.982 ; rst       ; gameboy:dut|MMU:mmu|IO_handler:io_registers|PPU_R.OBP0_R[3]    ; CLOCK3_50    ; CLOCK_50    ; 5.000        ; -0.026     ; 3.011      ;
; 1.982 ; rst       ; gameboy:dut|MMU:mmu|IO_handler:io_registers|PPU_R.OBP0_R[4]    ; CLOCK3_50    ; CLOCK_50    ; 5.000        ; -0.026     ; 3.011      ;
; 1.982 ; rst       ; gameboy:dut|MMU:mmu|IO_handler:io_registers|PPU_R.OBP0_R[6]    ; CLOCK3_50    ; CLOCK_50    ; 5.000        ; -0.026     ; 3.011      ;
; 1.982 ; rst       ; gameboy:dut|MMU:mmu|IO_handler:io_registers|PPU_R.OBP0_R[5]    ; CLOCK3_50    ; CLOCK_50    ; 5.000        ; -0.026     ; 3.011      ;
; 1.982 ; rst       ; gameboy:dut|MMU:mmu|IO_handler:io_registers|PPU_R.OBP0_R[0]    ; CLOCK3_50    ; CLOCK_50    ; 5.000        ; -0.026     ; 3.011      ;
; 1.982 ; rst       ; gameboy:dut|MMU:mmu|IO_handler:io_registers|PPU_R.OBP0_R[1]    ; CLOCK3_50    ; CLOCK_50    ; 5.000        ; -0.026     ; 3.011      ;
; 1.986 ; rst       ; gameboy:dut|MMU:mmu|IO_handler:io_registers|APU_R.NR3x_R[1][4] ; CLOCK3_50    ; CLOCK_50    ; 5.000        ; -0.035     ; 2.998      ;
; 1.994 ; rst       ; gameboy:dut|MMU:mmu|IO_handler:io_registers|IE_R[4]            ; CLOCK3_50    ; CLOCK_50    ; 5.000        ; -0.039     ; 2.986      ;
; 1.998 ; rst       ; gameboy:dut|MMU:mmu|IO_handler:io_registers|APU_R.NR2x_R[3][2] ; CLOCK3_50    ; CLOCK_50    ; 5.000        ; -0.041     ; 2.980      ;
; 2.013 ; rst       ; gameboy:dut|MMU:mmu|IO_handler:io_registers|TAC_R[7]           ; CLOCK3_50    ; CLOCK_50    ; 5.000        ; -0.024     ; 2.982      ;
; 2.013 ; rst       ; gameboy:dut|MMU:mmu|IO_handler:io_registers|APU_R.NR3x_R[3][4] ; CLOCK3_50    ; CLOCK_50    ; 5.000        ; -0.035     ; 2.971      ;
; 2.019 ; rst       ; gameboy:dut|MMU:mmu|IO_handler:io_registers|PPU_R.SCX_R[7]     ; CLOCK3_50    ; CLOCK_50    ; 5.000        ; -0.028     ; 2.972      ;
; 2.022 ; rst       ; gameboy:dut|MMU:mmu|IO_handler:io_registers|PPU_R.SCY_R[7]     ; CLOCK3_50    ; CLOCK_50    ; 5.000        ; -0.028     ; 2.969      ;
; 2.026 ; rst       ; gameboy:dut|MMU:mmu|IO_handler:io_registers|APU_R.NR50_R[2]    ; CLOCK3_50    ; CLOCK_50    ; 5.000        ; -0.038     ; 2.955      ;
; 2.039 ; rst       ; gameboy:dut|MMU:mmu|IO_handler:io_registers|DMA_R[3]           ; CLOCK3_50    ; CLOCK_50    ; 5.000        ; -0.028     ; 2.952      ;
; 2.039 ; rst       ; gameboy:dut|MMU:mmu|IO_handler:io_registers|IF_R[7]            ; CLOCK3_50    ; CLOCK_50    ; 5.000        ; -0.024     ; 2.956      ;
; 2.039 ; rst       ; gameboy:dut|MMU:mmu|IO_handler:io_registers|DMA_R[7]           ; CLOCK3_50    ; CLOCK_50    ; 5.000        ; -0.028     ; 2.952      ;
; 2.039 ; rst       ; gameboy:dut|MMU:mmu|IO_handler:io_registers|DMA_R[2]           ; CLOCK3_50    ; CLOCK_50    ; 5.000        ; -0.028     ; 2.952      ;
; 2.039 ; rst       ; gameboy:dut|MMU:mmu|IO_handler:io_registers|DMA_R[0]           ; CLOCK3_50    ; CLOCK_50    ; 5.000        ; -0.028     ; 2.952      ;
; 2.055 ; rst       ; gameboy:dut|MMU:mmu|IO_handler:io_registers|PPU_R.WX_R[2]      ; CLOCK3_50    ; CLOCK_50    ; 5.000        ; -0.027     ; 2.937      ;
; 2.057 ; rst       ; gameboy:dut|MMU:mmu|IO_handler:io_registers|IE_R[2]            ; CLOCK3_50    ; CLOCK_50    ; 5.000        ; -0.038     ; 2.924      ;
; 2.062 ; rst       ; gameboy:dut|MMU:mmu|IO_handler:io_registers|PPU_R.LY_R[6]      ; CLOCK3_50    ; CLOCK_50    ; 5.000        ; -0.029     ; 2.928      ;
; 2.062 ; rst       ; gameboy:dut|MMU:mmu|IO_handler:io_registers|PPU_R.LY_R[7]      ; CLOCK3_50    ; CLOCK_50    ; 5.000        ; -0.029     ; 2.928      ;
; 2.062 ; rst       ; gameboy:dut|MMU:mmu|IO_handler:io_registers|PPU_R.LY_R[0]      ; CLOCK3_50    ; CLOCK_50    ; 5.000        ; -0.029     ; 2.928      ;
; 2.062 ; rst       ; gameboy:dut|MMU:mmu|IO_handler:io_registers|PPU_R.LY_R[1]      ; CLOCK3_50    ; CLOCK_50    ; 5.000        ; -0.029     ; 2.928      ;
; 2.063 ; rst       ; gameboy:dut|MMU:mmu|IO_handler:io_registers|APU_R.NR4x_R[0][4] ; CLOCK3_50    ; CLOCK_50    ; 5.000        ; -0.037     ; 2.919      ;
; 2.073 ; rst       ; gameboy:dut|MMU:mmu|IO_handler:io_registers|APU_R.NR2x_R[2][7] ; CLOCK3_50    ; CLOCK_50    ; 5.000        ; -0.042     ; 2.904      ;
; 2.073 ; rst       ; gameboy:dut|MMU:mmu|IO_handler:io_registers|APU_R.NR2x_R[1][7] ; CLOCK3_50    ; CLOCK_50    ; 5.000        ; -0.041     ; 2.905      ;
; 2.099 ; rst       ; gameboy:dut|MMU:mmu|IO_handler:io_registers|TMA_R[2]           ; CLOCK3_50    ; CLOCK_50    ; 5.000        ; -0.028     ; 2.892      ;
; 2.100 ; rst       ; gameboy:dut|MMU:mmu|IO_handler:io_registers|APU_R.NR2x_R[0][7] ; CLOCK3_50    ; CLOCK_50    ; 5.000        ; -0.042     ; 2.877      ;
; 2.102 ; rst       ; gameboy:dut|MMU:mmu|IO_handler:io_registers|APU_R.NR2x_R[3][7] ; CLOCK3_50    ; CLOCK_50    ; 5.000        ; -0.041     ; 2.876      ;
; 2.109 ; rst       ; gameboy:dut|MMU:mmu|IO_handler:io_registers|TMA_R[7]           ; CLOCK3_50    ; CLOCK_50    ; 5.000        ; -0.028     ; 2.882      ;
; 2.122 ; rst       ; gameboy:dut|MMU:mmu|IO_handler:io_registers|APU_R.NR3x_R[4][1] ; CLOCK3_50    ; CLOCK_50    ; 5.000        ; -0.034     ; 2.863      ;
; 2.127 ; rst       ; gameboy:dut|MMU:mmu|IO_handler:io_registers|APU_R.NR1x_R[4][5] ; CLOCK3_50    ; CLOCK_50    ; 5.000        ; -0.028     ; 2.864      ;
; 2.132 ; rst       ; gameboy:dut|MMU:mmu|IO_handler:io_registers|PPU_R.BGP_R[6]     ; CLOCK3_50    ; CLOCK_50    ; 5.000        ; -0.023     ; 2.864      ;
; 2.137 ; rst       ; gameboy:dut|MMU:mmu|IO_handler:io_registers|APU_R.NR4x_R[3][6] ; CLOCK3_50    ; CLOCK_50    ; 5.000        ; -0.038     ; 2.844      ;
; 2.137 ; rst       ; gameboy:dut|MMU:mmu|IO_handler:io_registers|APU_R.NR4x_R[3][0] ; CLOCK3_50    ; CLOCK_50    ; 5.000        ; -0.038     ; 2.844      ;
; 2.137 ; rst       ; gameboy:dut|MMU:mmu|IO_handler:io_registers|APU_R.NR4x_R[3][1] ; CLOCK3_50    ; CLOCK_50    ; 5.000        ; -0.038     ; 2.844      ;
; 2.141 ; rst       ; gameboy:dut|MMU:mmu|IO_handler:io_registers|APU_R.NR4x_R[3][7] ; CLOCK3_50    ; CLOCK_50    ; 5.000        ; -0.029     ; 2.849      ;
; 2.143 ; rst       ; gameboy:dut|MMU:mmu|IO_handler:io_registers|APU_R.NR2x_R[1][5] ; CLOCK3_50    ; CLOCK_50    ; 5.000        ; -0.041     ; 2.835      ;
; 2.145 ; rst       ; gameboy:dut|MMU:mmu|IO_handler:io_registers|PPU_R.WX_R[3]      ; CLOCK3_50    ; CLOCK_50    ; 5.000        ; -0.027     ; 2.847      ;
; 2.145 ; rst       ; gameboy:dut|MMU:mmu|IO_handler:io_registers|PPU_R.WX_R[4]      ; CLOCK3_50    ; CLOCK_50    ; 5.000        ; -0.027     ; 2.847      ;
; 2.145 ; rst       ; gameboy:dut|MMU:mmu|IO_handler:io_registers|PPU_R.WX_R[6]      ; CLOCK3_50    ; CLOCK_50    ; 5.000        ; -0.027     ; 2.847      ;
; 2.145 ; rst       ; gameboy:dut|MMU:mmu|IO_handler:io_registers|PPU_R.WX_R[5]      ; CLOCK3_50    ; CLOCK_50    ; 5.000        ; -0.027     ; 2.847      ;
; 2.145 ; rst       ; gameboy:dut|MMU:mmu|IO_handler:io_registers|PPU_R.WX_R[0]      ; CLOCK3_50    ; CLOCK_50    ; 5.000        ; -0.027     ; 2.847      ;
; 2.145 ; rst       ; gameboy:dut|MMU:mmu|IO_handler:io_registers|PPU_R.WX_R[1]      ; CLOCK3_50    ; CLOCK_50    ; 5.000        ; -0.027     ; 2.847      ;
; 2.151 ; rst       ; gameboy:dut|MMU:mmu|IO_handler:io_registers|PPU_R.WY_R[2]      ; CLOCK3_50    ; CLOCK_50    ; 5.000        ; -0.028     ; 2.840      ;
; 2.152 ; rst       ; gameboy:dut|MMU:mmu|IO_handler:io_registers|TMA_R[0]           ; CLOCK3_50    ; CLOCK_50    ; 5.000        ; -0.028     ; 2.839      ;
; 2.153 ; rst       ; gameboy:dut|MMU:mmu|IO_handler:io_registers|APU_R.NR50_R[0]    ; CLOCK3_50    ; CLOCK_50    ; 5.000        ; -0.038     ; 2.828      ;
; 2.159 ; rst       ; gameboy:dut|MMU:mmu|IO_handler:io_registers|APU_R.NR2x_R[1][1] ; CLOCK3_50    ; CLOCK_50    ; 5.000        ; -0.043     ; 2.817      ;
; 2.161 ; rst       ; gameboy:dut|MMU:mmu|IO_handler:io_registers|DIV_R[5]           ; CLOCK3_50    ; CLOCK_50    ; 5.000        ; -0.034     ; 2.824      ;
; 2.161 ; rst       ; gameboy:dut|MMU:mmu|IO_handler:io_registers|DIV_R[3]           ; CLOCK3_50    ; CLOCK_50    ; 5.000        ; -0.034     ; 2.824      ;
; 2.161 ; rst       ; gameboy:dut|MMU:mmu|IO_handler:io_registers|DIV_R[7]           ; CLOCK3_50    ; CLOCK_50    ; 5.000        ; -0.034     ; 2.824      ;
; 2.161 ; rst       ; gameboy:dut|MMU:mmu|IO_handler:io_registers|DIV_R[1]           ; CLOCK3_50    ; CLOCK_50    ; 5.000        ; -0.034     ; 2.824      ;
; 2.161 ; rst       ; gameboy:dut|MMU:mmu|IO_handler:io_registers|DIV_R[0]           ; CLOCK3_50    ; CLOCK_50    ; 5.000        ; -0.034     ; 2.824      ;
+-------+-----------+----------------------------------------------------------------+--------------+-------------+--------------+------------+------------+


+-----------------------------------------------------------------------------------------------------------------------------------------------------------------------------------------------------------------------------------------------------------------------------------------------------------------------------------------------------------------------------+
; Slow 1200mV 0C Model Hold: 'CLOCK_50'                                                                                                                                                                                                                                                                                                                                       ;
+-------+---------------------------------------------------------------------------------------------------------------------------------------------+-------------------------------------------------------------------------------------------------------------------------------------------------+--------------+-------------+--------------+------------+------------+
; Slack ; From Node                                                                                                                                   ; To Node                                                                                                                                         ; Launch Clock ; Latch Clock ; Relationship ; Clock Skew ; Data Delay ;
+-------+---------------------------------------------------------------------------------------------------------------------------------------------+-------------------------------------------------------------------------------------------------------------------------------------------------+--------------+-------------+--------------+------------+------------+
; 0.352 ; gameboy:dut|cnt[1]                                                                                                                          ; gameboy:dut|cnt[1]                                                                                                                              ; CLOCK_50     ; CLOCK_50    ; 0.000        ; 0.074      ; 0.597      ;
; 0.353 ; gameboy:dut|MMU:mmu|BRAM_handler:memory_units|MM_out_chooser:memory_out_muxer|dma_select[1]                                                 ; gameboy:dut|MMU:mmu|BRAM_handler:memory_units|MM_out_chooser:memory_out_muxer|dma_select[1]                                                     ; CLOCK_50     ; CLOCK_50    ; 0.000        ; 0.073      ; 0.597      ;
; 0.354 ; gameboy:dut|MMU:mmu|IO_handler:io_registers|start_dma                                                                                       ; gameboy:dut|MMU:mmu|IO_handler:io_registers|start_dma                                                                                           ; CLOCK_50     ; CLOCK_50    ; 0.000        ; 0.072      ; 0.597      ;
; 0.354 ; gameboy:dut|MMU:mmu|IO_handler:io_registers|NR52_R[7]                                                                                       ; gameboy:dut|MMU:mmu|IO_handler:io_registers|NR52_R[7]                                                                                           ; CLOCK_50     ; CLOCK_50    ; 0.000        ; 0.072      ; 0.597      ;
; 0.363 ; gameboy:dut|cnt[0]                                                                                                                          ; gameboy:dut|cnt[0]                                                                                                                              ; CLOCK_50     ; CLOCK_50    ; 0.000        ; 0.074      ; 0.608      ;
; 0.387 ; gameboy:dut|cpu_clk                                                                                                                         ; gameboy:dut|cpu_clk                                                                                                                             ; CLOCK_50     ; CLOCK_50    ; 0.000        ; 0.039      ; 0.597      ;
; 0.394 ; gameboy:dut|MMU:mmu|BRAM_handler:memory_units|MM_out_chooser:memory_out_muxer|ppu_select[0]                                                 ; gameboy:dut|MMU:mmu|BRAM_handler:memory_units|MM_out_chooser:memory_out_muxer|ppu_memory_selector[0]                                            ; CLOCK_50     ; CLOCK_50    ; 0.000        ; 0.074      ; 0.639      ;
; 0.395 ; gameboy:dut|MMU:mmu|BRAM_handler:memory_units|ROM_BANK:rom0|altsyncram:altsyncram_component|altsyncram_frc1:auto_generated|address_reg_a[0] ; gameboy:dut|MMU:mmu|BRAM_handler:memory_units|ROM_BANK:rom0|altsyncram:altsyncram_component|altsyncram_frc1:auto_generated|out_address_reg_a[0] ; CLOCK_50     ; CLOCK_50    ; 0.000        ; 0.073      ; 0.639      ;
; 0.396 ; gameboy:dut|MMU:mmu|BRAM_handler:memory_units|MM_out_chooser:memory_out_muxer|dma_select[1]                                                 ; gameboy:dut|MMU:mmu|BRAM_handler:memory_units|MM_out_chooser:memory_out_muxer|dma_memory_selector[1]                                            ; CLOCK_50     ; CLOCK_50    ; 0.000        ; 0.073      ; 0.640      ;
; 0.398 ; ppu_clk                                                                                                                                     ; ppu_clk                                                                                                                                         ; CLOCK_50     ; CLOCK_50    ; 0.000        ; 0.039      ; 0.608      ;
; 0.543 ; gameboy:dut|MMU:mmu|IO_handler:io_registers|tima_ticks[10]                                                                                  ; gameboy:dut|MMU:mmu|IO_handler:io_registers|tima_ticks[10]                                                                                      ; CLOCK_50     ; CLOCK_50    ; 0.000        ; 0.072      ; 0.786      ;
; 0.586 ; gameboy:dut|MMU:mmu|IO_handler:io_registers|tima_ticks[7]                                                                                   ; gameboy:dut|MMU:mmu|IO_handler:io_registers|tima_ticks[7]                                                                                       ; CLOCK_50     ; CLOCK_50    ; 0.000        ; 0.072      ; 0.829      ;
; 0.586 ; gameboy:dut|MMU:mmu|IO_handler:io_registers|tima_ticks[9]                                                                                   ; gameboy:dut|MMU:mmu|IO_handler:io_registers|tima_ticks[9]                                                                                       ; CLOCK_50     ; CLOCK_50    ; 0.000        ; 0.072      ; 0.829      ;
; 0.586 ; gameboy:dut|MMU:mmu|IO_handler:io_registers|divider_ticks[5]                                                                                ; gameboy:dut|MMU:mmu|IO_handler:io_registers|divider_ticks[5]                                                                                    ; CLOCK_50     ; CLOCK_50    ; 0.000        ; 0.072      ; 0.829      ;
; 0.586 ; gameboy:dut|MMU:mmu|IO_handler:io_registers|divider_ticks[3]                                                                                ; gameboy:dut|MMU:mmu|IO_handler:io_registers|divider_ticks[3]                                                                                    ; CLOCK_50     ; CLOCK_50    ; 0.000        ; 0.072      ; 0.829      ;
; 0.587 ; gameboy:dut|MMU:mmu|IO_handler:io_registers|divider_ticks[1]                                                                                ; gameboy:dut|MMU:mmu|IO_handler:io_registers|divider_ticks[1]                                                                                    ; CLOCK_50     ; CLOCK_50    ; 0.000        ; 0.072      ; 0.830      ;
; 0.589 ; gameboy:dut|MMU:mmu|IO_handler:io_registers|divider_ticks[6]                                                                                ; gameboy:dut|MMU:mmu|IO_handler:io_registers|divider_ticks[6]                                                                                    ; CLOCK_50     ; CLOCK_50    ; 0.000        ; 0.072      ; 0.832      ;
; 0.590 ; gameboy:dut|MMU:mmu|IO_handler:io_registers|tima_ticks[5]                                                                                   ; gameboy:dut|MMU:mmu|IO_handler:io_registers|tima_ticks[5]                                                                                       ; CLOCK_50     ; CLOCK_50    ; 0.000        ; 0.072      ; 0.833      ;
; 0.590 ; gameboy:dut|MMU:mmu|IO_handler:io_registers|DIV_R[5]                                                                                        ; gameboy:dut|MMU:mmu|IO_handler:io_registers|DIV_R[5]                                                                                            ; CLOCK_50     ; CLOCK_50    ; 0.000        ; 0.073      ; 0.834      ;
; 0.590 ; gameboy:dut|MMU:mmu|IO_handler:io_registers|DIV_R[2]                                                                                        ; gameboy:dut|MMU:mmu|IO_handler:io_registers|DIV_R[2]                                                                                            ; CLOCK_50     ; CLOCK_50    ; 0.000        ; 0.073      ; 0.834      ;
; 0.590 ; gameboy:dut|MMU:mmu|IO_handler:io_registers|divider_ticks[2]                                                                                ; gameboy:dut|MMU:mmu|IO_handler:io_registers|divider_ticks[2]                                                                                    ; CLOCK_50     ; CLOCK_50    ; 0.000        ; 0.072      ; 0.833      ;
; 0.590 ; gameboy:dut|MMU:mmu|IO_handler:io_registers|divider_ticks[7]                                                                                ; gameboy:dut|MMU:mmu|IO_handler:io_registers|divider_ticks[7]                                                                                    ; CLOCK_50     ; CLOCK_50    ; 0.000        ; 0.072      ; 0.833      ;
; 0.591 ; gameboy:dut|cnt[0]                                                                                                                          ; gameboy:dut|cnt[1]                                                                                                                              ; CLOCK_50     ; CLOCK_50    ; 0.000        ; 0.074      ; 0.836      ;
; 0.591 ; gameboy:dut|MMU:mmu|IO_handler:io_registers|DIV_R[7]                                                                                        ; gameboy:dut|MMU:mmu|IO_handler:io_registers|DIV_R[7]                                                                                            ; CLOCK_50     ; CLOCK_50    ; 0.000        ; 0.073      ; 0.835      ;
; 0.591 ; gameboy:dut|MMU:mmu|IO_handler:io_registers|divider_ticks[4]                                                                                ; gameboy:dut|MMU:mmu|IO_handler:io_registers|divider_ticks[4]                                                                                    ; CLOCK_50     ; CLOCK_50    ; 0.000        ; 0.072      ; 0.834      ;
; 0.591 ; gameboy:dut|MMU:mmu|IO_handler:io_registers|divider_ticks[9]                                                                                ; gameboy:dut|MMU:mmu|IO_handler:io_registers|divider_ticks[9]                                                                                    ; CLOCK_50     ; CLOCK_50    ; 0.000        ; 0.072      ; 0.834      ;
; 0.592 ; gameboy:dut|MMU:mmu|IO_handler:io_registers|tima_ticks[6]                                                                                   ; gameboy:dut|MMU:mmu|IO_handler:io_registers|tima_ticks[6]                                                                                       ; CLOCK_50     ; CLOCK_50    ; 0.000        ; 0.072      ; 0.835      ;
; 0.592 ; gameboy:dut|MMU:mmu|IO_handler:io_registers|tima_ticks[8]                                                                                   ; gameboy:dut|MMU:mmu|IO_handler:io_registers|tima_ticks[8]                                                                                       ; CLOCK_50     ; CLOCK_50    ; 0.000        ; 0.072      ; 0.835      ;
; 0.592 ; gameboy:dut|MMU:mmu|IO_handler:io_registers|DIV_R[6]                                                                                        ; gameboy:dut|MMU:mmu|IO_handler:io_registers|DIV_R[6]                                                                                            ; CLOCK_50     ; CLOCK_50    ; 0.000        ; 0.073      ; 0.836      ;
; 0.592 ; gameboy:dut|MMU:mmu|IO_handler:io_registers|divider_ticks[8]                                                                                ; gameboy:dut|MMU:mmu|IO_handler:io_registers|divider_ticks[8]                                                                                    ; CLOCK_50     ; CLOCK_50    ; 0.000        ; 0.072      ; 0.835      ;
; 0.598 ; gameboy:dut|MMU:mmu|IO_handler:io_registers|DIV_R[1]                                                                                        ; gameboy:dut|MMU:mmu|IO_handler:io_registers|DIV_R[1]                                                                                            ; CLOCK_50     ; CLOCK_50    ; 0.000        ; 0.073      ; 0.842      ;
; 0.599 ; gameboy:dut|MMU:mmu|IO_handler:io_registers|tima_ticks[1]                                                                                   ; gameboy:dut|MMU:mmu|IO_handler:io_registers|tima_ticks[1]                                                                                       ; CLOCK_50     ; CLOCK_50    ; 0.000        ; 0.072      ; 0.842      ;
; 0.599 ; gameboy:dut|MMU:mmu|IO_handler:io_registers|DIV_R[3]                                                                                        ; gameboy:dut|MMU:mmu|IO_handler:io_registers|DIV_R[3]                                                                                            ; CLOCK_50     ; CLOCK_50    ; 0.000        ; 0.073      ; 0.843      ;
; 0.600 ; gameboy:dut|MMU:mmu|IO_handler:io_registers|DIV_R[4]                                                                                        ; gameboy:dut|MMU:mmu|IO_handler:io_registers|DIV_R[4]                                                                                            ; CLOCK_50     ; CLOCK_50    ; 0.000        ; 0.073      ; 0.844      ;
; 0.601 ; gameboy:dut|MMU:mmu|IO_handler:io_registers|tima_ticks[2]                                                                                   ; gameboy:dut|MMU:mmu|IO_handler:io_registers|tima_ticks[2]                                                                                       ; CLOCK_50     ; CLOCK_50    ; 0.000        ; 0.072      ; 0.844      ;
; 0.607 ; gameboy:dut|MMU:mmu|IO_handler:io_registers|divider_ticks[10]                                                                               ; gameboy:dut|MMU:mmu|IO_handler:io_registers|divider_ticks[10]                                                                                   ; CLOCK_50     ; CLOCK_50    ; 0.000        ; 0.072      ; 0.850      ;
; 0.610 ; gameboy:dut|MMU:mmu|IO_handler:io_registers|tima_ticks[3]                                                                                   ; gameboy:dut|MMU:mmu|IO_handler:io_registers|tima_ticks[3]                                                                                       ; CLOCK_50     ; CLOCK_50    ; 0.000        ; 0.072      ; 0.853      ;
; 0.610 ; gameboy:dut|MMU:mmu|IO_handler:io_registers|DIV_R[0]                                                                                        ; gameboy:dut|MMU:mmu|IO_handler:io_registers|DIV_R[0]                                                                                            ; CLOCK_50     ; CLOCK_50    ; 0.000        ; 0.073      ; 0.854      ;
; 0.610 ; gameboy:dut|MMU:mmu|IO_handler:io_registers|divider_ticks[0]                                                                                ; gameboy:dut|MMU:mmu|IO_handler:io_registers|divider_ticks[0]                                                                                    ; CLOCK_50     ; CLOCK_50    ; 0.000        ; 0.072      ; 0.853      ;
; 0.612 ; gameboy:dut|MMU:mmu|IO_handler:io_registers|tima_ticks[4]                                                                                   ; gameboy:dut|MMU:mmu|IO_handler:io_registers|tima_ticks[4]                                                                                       ; CLOCK_50     ; CLOCK_50    ; 0.000        ; 0.072      ; 0.855      ;
; 0.626 ; gameboy:dut|MMU:mmu|IO_handler:io_registers|tima_ticks[0]                                                                                   ; gameboy:dut|MMU:mmu|IO_handler:io_registers|tima_ticks[0]                                                                                       ; CLOCK_50     ; CLOCK_50    ; 0.000        ; 0.072      ; 0.869      ;
; 0.734 ; gameboy:dut|MMU:mmu|BRAM_handler:memory_units|MM_out_chooser:memory_out_muxer|ppu_select[2]                                                 ; gameboy:dut|MMU:mmu|BRAM_handler:memory_units|MM_out_chooser:memory_out_muxer|ppu_memory_selector[2]                                            ; CLOCK_50     ; CLOCK_50    ; 0.000        ; 0.072      ; 0.977      ;
; 0.739 ; gameboy:dut|MMU:mmu|BRAM_handler:memory_units|MM_out_chooser:memory_out_muxer|cpu_select[2]                                                 ; gameboy:dut|MMU:mmu|BRAM_handler:memory_units|MM_out_chooser:memory_out_muxer|cpu_memory_selector[2]                                            ; CLOCK_50     ; CLOCK_50    ; 0.000        ; 0.068      ; 0.978      ;
; 0.786 ; gameboy:dut|MMU:mmu|BRAM_handler:memory_units|MM_out_chooser:memory_out_muxer|cpu_select[0]                                                 ; gameboy:dut|MMU:mmu|BRAM_handler:memory_units|MM_out_chooser:memory_out_muxer|cpu_memory_selector[0]                                            ; CLOCK_50     ; CLOCK_50    ; 0.000        ; 0.069      ; 1.026      ;
; 0.793 ; rst                                                                                                                                         ; gameboy:dut|MMU:mmu|IO_handler:io_registers|PPU_R.LY_R[6]                                                                                       ; CLOCK3_50    ; CLOCK_50    ; 0.000        ; 0.170      ; 1.134      ;
; 0.793 ; rst                                                                                                                                         ; gameboy:dut|MMU:mmu|IO_handler:io_registers|PPU_R.LY_R[0]                                                                                       ; CLOCK3_50    ; CLOCK_50    ; 0.000        ; 0.170      ; 1.134      ;
; 0.797 ; rst                                                                                                                                         ; gameboy:dut|MMU:mmu|IO_handler:io_registers|PPU_R.LY_R[1]                                                                                       ; CLOCK3_50    ; CLOCK_50    ; 0.000        ; 0.170      ; 1.138      ;
; 0.807 ; rst                                                                                                                                         ; gameboy:dut|MMU:mmu|IO_handler:io_registers|PPU_R.LY_R[7]                                                                                       ; CLOCK3_50    ; CLOCK_50    ; 0.000        ; 0.170      ; 1.148      ;
; 0.814 ; gameboy:dut|MMU:mmu|BRAM_handler:memory_units|MM_out_chooser:memory_out_muxer|dma_select[2]                                                 ; gameboy:dut|MMU:mmu|BRAM_handler:memory_units|MM_out_chooser:memory_out_muxer|dma_memory_selector[2]                                            ; CLOCK_50     ; CLOCK_50    ; 0.000        ; 0.072      ; 1.057      ;
; 0.826 ; gameboy:dut|MMU:mmu|IO_handler:io_registers|TMA_R[3]                                                                                        ; gameboy:dut|MMU:mmu|IO_handler:io_registers|TIMA_R[3]                                                                                           ; CLOCK_50     ; CLOCK_50    ; 0.000        ; 0.067      ; 1.064      ;
; 0.845 ; gameboy:dut|MMU:mmu|IO_handler:io_registers|TMA_R[0]                                                                                        ; gameboy:dut|MMU:mmu|IO_handler:io_registers|TIMA_R[0]                                                                                           ; CLOCK_50     ; CLOCK_50    ; 0.000        ; 0.067      ; 1.083      ;
; 0.849 ; gameboy:dut|MMU:mmu|IO_handler:io_registers|TIMA_R[7]                                                                                       ; gameboy:dut|MMU:mmu|IO_handler:io_registers|TIMA_R[7]                                                                                           ; CLOCK_50     ; CLOCK_50    ; 0.000        ; 0.072      ; 1.092      ;
; 0.872 ; gameboy:dut|MMU:mmu|IO_handler:io_registers|tima_ticks[9]                                                                                   ; gameboy:dut|MMU:mmu|IO_handler:io_registers|tima_ticks[10]                                                                                      ; CLOCK_50     ; CLOCK_50    ; 0.000        ; 0.072      ; 1.115      ;
; 0.872 ; gameboy:dut|MMU:mmu|IO_handler:io_registers|divider_ticks[5]                                                                                ; gameboy:dut|MMU:mmu|IO_handler:io_registers|divider_ticks[6]                                                                                    ; CLOCK_50     ; CLOCK_50    ; 0.000        ; 0.072      ; 1.115      ;
; 0.872 ; gameboy:dut|MMU:mmu|IO_handler:io_registers|divider_ticks[3]                                                                                ; gameboy:dut|MMU:mmu|IO_handler:io_registers|divider_ticks[4]                                                                                    ; CLOCK_50     ; CLOCK_50    ; 0.000        ; 0.072      ; 1.115      ;
; 0.872 ; gameboy:dut|MMU:mmu|IO_handler:io_registers|tima_ticks[7]                                                                                   ; gameboy:dut|MMU:mmu|IO_handler:io_registers|tima_ticks[8]                                                                                       ; CLOCK_50     ; CLOCK_50    ; 0.000        ; 0.072      ; 1.115      ;
; 0.874 ; gameboy:dut|MMU:mmu|IO_handler:io_registers|divider_ticks[1]                                                                                ; gameboy:dut|MMU:mmu|IO_handler:io_registers|divider_ticks[2]                                                                                    ; CLOCK_50     ; CLOCK_50    ; 0.000        ; 0.072      ; 1.117      ;
; 0.877 ; gameboy:dut|MMU:mmu|IO_handler:io_registers|tima_ticks[5]                                                                                   ; gameboy:dut|MMU:mmu|IO_handler:io_registers|tima_ticks[6]                                                                                       ; CLOCK_50     ; CLOCK_50    ; 0.000        ; 0.072      ; 1.120      ;
; 0.877 ; gameboy:dut|MMU:mmu|IO_handler:io_registers|DIV_R[5]                                                                                        ; gameboy:dut|MMU:mmu|IO_handler:io_registers|DIV_R[6]                                                                                            ; CLOCK_50     ; CLOCK_50    ; 0.000        ; 0.073      ; 1.121      ;
; 0.877 ; gameboy:dut|MMU:mmu|IO_handler:io_registers|divider_ticks[7]                                                                                ; gameboy:dut|MMU:mmu|IO_handler:io_registers|divider_ticks[8]                                                                                    ; CLOCK_50     ; CLOCK_50    ; 0.000        ; 0.072      ; 1.120      ;
; 0.877 ; gameboy:dut|MMU:mmu|IO_handler:io_registers|divider_ticks[0]                                                                                ; gameboy:dut|MMU:mmu|IO_handler:io_registers|divider_ticks[1]                                                                                    ; CLOCK_50     ; CLOCK_50    ; 0.000        ; 0.072      ; 1.120      ;
; 0.877 ; gameboy:dut|MMU:mmu|IO_handler:io_registers|divider_ticks[6]                                                                                ; gameboy:dut|MMU:mmu|IO_handler:io_registers|divider_ticks[7]                                                                                    ; CLOCK_50     ; CLOCK_50    ; 0.000        ; 0.072      ; 1.120      ;
; 0.877 ; gameboy:dut|MMU:mmu|IO_handler:io_registers|DIV_R[0]                                                                                        ; gameboy:dut|MMU:mmu|IO_handler:io_registers|DIV_R[1]                                                                                            ; CLOCK_50     ; CLOCK_50    ; 0.000        ; 0.073      ; 1.121      ;
; 0.878 ; gameboy:dut|MMU:mmu|IO_handler:io_registers|divider_ticks[2]                                                                                ; gameboy:dut|MMU:mmu|IO_handler:io_registers|divider_ticks[3]                                                                                    ; CLOCK_50     ; CLOCK_50    ; 0.000        ; 0.072      ; 1.121      ;
; 0.878 ; gameboy:dut|MMU:mmu|IO_handler:io_registers|divider_ticks[9]                                                                                ; gameboy:dut|MMU:mmu|IO_handler:io_registers|divider_ticks[10]                                                                                   ; CLOCK_50     ; CLOCK_50    ; 0.000        ; 0.072      ; 1.121      ;
; 0.878 ; gameboy:dut|MMU:mmu|IO_handler:io_registers|DIV_R[2]                                                                                        ; gameboy:dut|MMU:mmu|IO_handler:io_registers|DIV_R[3]                                                                                            ; CLOCK_50     ; CLOCK_50    ; 0.000        ; 0.073      ; 1.122      ;
; 0.879 ; gameboy:dut|MMU:mmu|IO_handler:io_registers|divider_ticks[4]                                                                                ; gameboy:dut|MMU:mmu|IO_handler:io_registers|divider_ticks[5]                                                                                    ; CLOCK_50     ; CLOCK_50    ; 0.000        ; 0.072      ; 1.122      ;
; 0.880 ; gameboy:dut|MMU:mmu|IO_handler:io_registers|tima_ticks[6]                                                                                   ; gameboy:dut|MMU:mmu|IO_handler:io_registers|tima_ticks[7]                                                                                       ; CLOCK_50     ; CLOCK_50    ; 0.000        ; 0.072      ; 1.123      ;
; 0.880 ; gameboy:dut|MMU:mmu|IO_handler:io_registers|tima_ticks[8]                                                                                   ; gameboy:dut|MMU:mmu|IO_handler:io_registers|tima_ticks[9]                                                                                       ; CLOCK_50     ; CLOCK_50    ; 0.000        ; 0.072      ; 1.123      ;
; 0.880 ; gameboy:dut|MMU:mmu|IO_handler:io_registers|DIV_R[6]                                                                                        ; gameboy:dut|MMU:mmu|IO_handler:io_registers|DIV_R[7]                                                                                            ; CLOCK_50     ; CLOCK_50    ; 0.000        ; 0.073      ; 1.124      ;
; 0.880 ; gameboy:dut|MMU:mmu|IO_handler:io_registers|divider_ticks[8]                                                                                ; gameboy:dut|MMU:mmu|IO_handler:io_registers|divider_ticks[9]                                                                                    ; CLOCK_50     ; CLOCK_50    ; 0.000        ; 0.072      ; 1.123      ;
; 0.884 ; gameboy:dut|MMU:mmu|IO_handler:io_registers|DIV_R[1]                                                                                        ; gameboy:dut|MMU:mmu|IO_handler:io_registers|DIV_R[2]                                                                                            ; CLOCK_50     ; CLOCK_50    ; 0.000        ; 0.073      ; 1.128      ;
; 0.885 ; gameboy:dut|MMU:mmu|IO_handler:io_registers|DIV_R[3]                                                                                        ; gameboy:dut|MMU:mmu|IO_handler:io_registers|DIV_R[4]                                                                                            ; CLOCK_50     ; CLOCK_50    ; 0.000        ; 0.073      ; 1.129      ;
; 0.885 ; gameboy:dut|MMU:mmu|IO_handler:io_registers|tima_ticks[1]                                                                                   ; gameboy:dut|MMU:mmu|IO_handler:io_registers|tima_ticks[2]                                                                                       ; CLOCK_50     ; CLOCK_50    ; 0.000        ; 0.072      ; 1.128      ;
; 0.888 ; gameboy:dut|MMU:mmu|IO_handler:io_registers|DIV_R[4]                                                                                        ; gameboy:dut|MMU:mmu|IO_handler:io_registers|DIV_R[5]                                                                                            ; CLOCK_50     ; CLOCK_50    ; 0.000        ; 0.073      ; 1.132      ;
; 0.888 ; gameboy:dut|MMU:mmu|IO_handler:io_registers|divider_ticks[0]                                                                                ; gameboy:dut|MMU:mmu|IO_handler:io_registers|divider_ticks[2]                                                                                    ; CLOCK_50     ; CLOCK_50    ; 0.000        ; 0.072      ; 1.131      ;
; 0.888 ; gameboy:dut|MMU:mmu|IO_handler:io_registers|divider_ticks[6]                                                                                ; gameboy:dut|MMU:mmu|IO_handler:io_registers|divider_ticks[8]                                                                                    ; CLOCK_50     ; CLOCK_50    ; 0.000        ; 0.072      ; 1.131      ;
; 0.888 ; gameboy:dut|MMU:mmu|IO_handler:io_registers|DIV_R[0]                                                                                        ; gameboy:dut|MMU:mmu|IO_handler:io_registers|DIV_R[2]                                                                                            ; CLOCK_50     ; CLOCK_50    ; 0.000        ; 0.073      ; 1.132      ;
; 0.889 ; gameboy:dut|MMU:mmu|IO_handler:io_registers|tima_ticks[2]                                                                                   ; gameboy:dut|MMU:mmu|IO_handler:io_registers|tima_ticks[3]                                                                                       ; CLOCK_50     ; CLOCK_50    ; 0.000        ; 0.072      ; 1.132      ;
; 0.889 ; gameboy:dut|MMU:mmu|IO_handler:io_registers|divider_ticks[2]                                                                                ; gameboy:dut|MMU:mmu|IO_handler:io_registers|divider_ticks[4]                                                                                    ; CLOCK_50     ; CLOCK_50    ; 0.000        ; 0.072      ; 1.132      ;
; 0.889 ; gameboy:dut|MMU:mmu|IO_handler:io_registers|DIV_R[2]                                                                                        ; gameboy:dut|MMU:mmu|IO_handler:io_registers|DIV_R[4]                                                                                            ; CLOCK_50     ; CLOCK_50    ; 0.000        ; 0.073      ; 1.133      ;
; 0.890 ; gameboy:dut|MMU:mmu|IO_handler:io_registers|divider_ticks[4]                                                                                ; gameboy:dut|MMU:mmu|IO_handler:io_registers|divider_ticks[6]                                                                                    ; CLOCK_50     ; CLOCK_50    ; 0.000        ; 0.072      ; 1.133      ;
; 0.891 ; gameboy:dut|MMU:mmu|IO_handler:io_registers|tima_ticks[8]                                                                                   ; gameboy:dut|MMU:mmu|IO_handler:io_registers|tima_ticks[10]                                                                                      ; CLOCK_50     ; CLOCK_50    ; 0.000        ; 0.072      ; 1.134      ;
; 0.891 ; gameboy:dut|MMU:mmu|IO_handler:io_registers|tima_ticks[6]                                                                                   ; gameboy:dut|MMU:mmu|IO_handler:io_registers|tima_ticks[8]                                                                                       ; CLOCK_50     ; CLOCK_50    ; 0.000        ; 0.072      ; 1.134      ;
; 0.891 ; gameboy:dut|MMU:mmu|IO_handler:io_registers|divider_ticks[8]                                                                                ; gameboy:dut|MMU:mmu|IO_handler:io_registers|divider_ticks[10]                                                                                   ; CLOCK_50     ; CLOCK_50    ; 0.000        ; 0.072      ; 1.134      ;
; 0.893 ; gameboy:dut|MMU:mmu|IO_handler:io_registers|tima_ticks[0]                                                                                   ; gameboy:dut|MMU:mmu|IO_handler:io_registers|tima_ticks[1]                                                                                       ; CLOCK_50     ; CLOCK_50    ; 0.000        ; 0.072      ; 1.136      ;
; 0.897 ; gameboy:dut|MMU:mmu|IO_handler:io_registers|tima_ticks[3]                                                                                   ; gameboy:dut|MMU:mmu|IO_handler:io_registers|tima_ticks[4]                                                                                       ; CLOCK_50     ; CLOCK_50    ; 0.000        ; 0.072      ; 1.140      ;
; 0.899 ; gameboy:dut|MMU:mmu|IO_handler:io_registers|DIV_R[4]                                                                                        ; gameboy:dut|MMU:mmu|IO_handler:io_registers|DIV_R[6]                                                                                            ; CLOCK_50     ; CLOCK_50    ; 0.000        ; 0.073      ; 1.143      ;
; 0.900 ; gameboy:dut|MMU:mmu|IO_handler:io_registers|tima_ticks[4]                                                                                   ; gameboy:dut|MMU:mmu|IO_handler:io_registers|tima_ticks[5]                                                                                       ; CLOCK_50     ; CLOCK_50    ; 0.000        ; 0.072      ; 1.143      ;
; 0.900 ; gameboy:dut|MMU:mmu|IO_handler:io_registers|tima_ticks[2]                                                                                   ; gameboy:dut|MMU:mmu|IO_handler:io_registers|tima_ticks[4]                                                                                       ; CLOCK_50     ; CLOCK_50    ; 0.000        ; 0.072      ; 1.143      ;
; 0.904 ; gameboy:dut|MMU:mmu|IO_handler:io_registers|tima_ticks[0]                                                                                   ; gameboy:dut|MMU:mmu|IO_handler:io_registers|tima_ticks[2]                                                                                       ; CLOCK_50     ; CLOCK_50    ; 0.000        ; 0.072      ; 1.147      ;
; 0.911 ; gameboy:dut|MMU:mmu|IO_handler:io_registers|tima_ticks[4]                                                                                   ; gameboy:dut|MMU:mmu|IO_handler:io_registers|tima_ticks[6]                                                                                       ; CLOCK_50     ; CLOCK_50    ; 0.000        ; 0.072      ; 1.154      ;
; 0.926 ; gameboy:dut|MMU:mmu|IO_handler:io_registers|TIMA_R[2]                                                                                       ; gameboy:dut|MMU:mmu|IO_handler:io_registers|TIMA_R[2]                                                                                           ; CLOCK_50     ; CLOCK_50    ; 0.000        ; 0.072      ; 1.169      ;
; 0.971 ; gameboy:dut|MMU:mmu|BRAM_handler:memory_units|MM_out_chooser:memory_out_muxer|cpu_select[1]                                                 ; gameboy:dut|MMU:mmu|BRAM_handler:memory_units|MM_out_chooser:memory_out_muxer|cpu_memory_selector[1]                                            ; CLOCK_50     ; CLOCK_50    ; 0.000        ; 0.072      ; 1.214      ;
; 0.971 ; gameboy:dut|MMU:mmu|IO_handler:io_registers|divider_ticks[5]                                                                                ; gameboy:dut|MMU:mmu|IO_handler:io_registers|divider_ticks[7]                                                                                    ; CLOCK_50     ; CLOCK_50    ; 0.000        ; 0.072      ; 1.214      ;
; 0.971 ; gameboy:dut|MMU:mmu|IO_handler:io_registers|divider_ticks[3]                                                                                ; gameboy:dut|MMU:mmu|IO_handler:io_registers|divider_ticks[5]                                                                                    ; CLOCK_50     ; CLOCK_50    ; 0.000        ; 0.072      ; 1.214      ;
; 0.971 ; gameboy:dut|MMU:mmu|IO_handler:io_registers|tima_ticks[7]                                                                                   ; gameboy:dut|MMU:mmu|IO_handler:io_registers|tima_ticks[9]                                                                                       ; CLOCK_50     ; CLOCK_50    ; 0.000        ; 0.072      ; 1.214      ;
; 0.973 ; gameboy:dut|MMU:mmu|IO_handler:io_registers|divider_ticks[1]                                                                                ; gameboy:dut|MMU:mmu|IO_handler:io_registers|divider_ticks[3]                                                                                    ; CLOCK_50     ; CLOCK_50    ; 0.000        ; 0.072      ; 1.216      ;
; 0.976 ; gameboy:dut|MMU:mmu|IO_handler:io_registers|tima_ticks[5]                                                                                   ; gameboy:dut|MMU:mmu|IO_handler:io_registers|tima_ticks[7]                                                                                       ; CLOCK_50     ; CLOCK_50    ; 0.000        ; 0.072      ; 1.219      ;
; 0.976 ; gameboy:dut|MMU:mmu|IO_handler:io_registers|DIV_R[5]                                                                                        ; gameboy:dut|MMU:mmu|IO_handler:io_registers|DIV_R[7]                                                                                            ; CLOCK_50     ; CLOCK_50    ; 0.000        ; 0.073      ; 1.220      ;
+-------+---------------------------------------------------------------------------------------------------------------------------------------------+-------------------------------------------------------------------------------------------------------------------------------------------------+--------------+-------------+--------------+------------+------------+


+-------------------------------------------------------------------------------------------------------------------------------------------------------------------------------------------------------------------------------------------------------------------------------------------+
; Slow 1200mV 0C Model Hold: 'CLOCK3_50'                                                                                                                                                                                                                                                    ;
+-------+----------------------------------------------------------------------------------------------------+--------------------------------------------------------------------------------------------------------+--------------+-------------+--------------+------------+------------+
; Slack ; From Node                                                                                          ; To Node                                                                                                ; Launch Clock ; Latch Clock ; Relationship ; Clock Skew ; Data Delay ;
+-------+----------------------------------------------------------------------------------------------------+--------------------------------------------------------------------------------------------------------+--------------+-------------+--------------+------------+------------+
; 0.586 ; vga:v1|Counter:hs_ct|Q[2]                                                                          ; vga:v1|Counter:hs_ct|Q[2]                                                                              ; CLOCK3_50    ; CLOCK3_50   ; 0.000        ; 0.071      ; 0.828      ;
; 0.588 ; vga:v1|Counter:hs_ct|Q[1]                                                                          ; vga:v1|Counter:hs_ct|Q[1]                                                                              ; CLOCK3_50    ; CLOCK3_50   ; 0.000        ; 0.071      ; 0.830      ;
; 0.589 ; vga:v1|Counter:hs_ct|Q[3]                                                                          ; vga:v1|Counter:hs_ct|Q[3]                                                                              ; CLOCK3_50    ; CLOCK3_50   ; 0.000        ; 0.071      ; 0.831      ;
; 0.590 ; vga:v1|Counter:vs_ct|Q[1]                                                                          ; vga:v1|Counter:vs_ct|Q[1]                                                                              ; CLOCK3_50    ; CLOCK3_50   ; 0.000        ; 0.071      ; 0.832      ;
; 0.592 ; vga:v1|Counter:vs_ct|Q[2]                                                                          ; vga:v1|Counter:vs_ct|Q[2]                                                                              ; CLOCK3_50    ; CLOCK3_50   ; 0.000        ; 0.071      ; 0.834      ;
; 0.598 ; vga:v1|Counter:vs_ct|Q[9]                                                                          ; vga:v1|Counter:vs_ct|Q[9]                                                                              ; CLOCK3_50    ; CLOCK3_50   ; 0.000        ; 0.071      ; 0.840      ;
; 0.600 ; vga:v1|Counter:hs_ct|Q[5]                                                                          ; vga:v1|Counter:hs_ct|Q[5]                                                                              ; CLOCK3_50    ; CLOCK3_50   ; 0.000        ; 0.071      ; 0.842      ;
; 0.601 ; vga:v1|Counter:hs_ct|Q[4]                                                                          ; vga:v1|Counter:hs_ct|Q[4]                                                                              ; CLOCK3_50    ; CLOCK3_50   ; 0.000        ; 0.071      ; 0.843      ;
; 0.601 ; vga:v1|Counter:col_ct|Q[3]                                                                         ; vga:v1|Counter:col_ct|Q[3]                                                                             ; CLOCK3_50    ; CLOCK3_50   ; 0.000        ; 0.070      ; 0.842      ;
; 0.602 ; vga:v1|Counter:col_ct|Q[2]                                                                         ; vga:v1|Counter:col_ct|Q[2]                                                                             ; CLOCK3_50    ; CLOCK3_50   ; 0.000        ; 0.070      ; 0.843      ;
; 0.603 ; vga:v1|Counter:vs_ct|Q[17]                                                                         ; vga:v1|Counter:vs_ct|Q[17]                                                                             ; CLOCK3_50    ; CLOCK3_50   ; 0.000        ; 0.072      ; 0.846      ;
; 0.604 ; vga:v1|Counter:hs_ct|Q[7]                                                                          ; vga:v1|Counter:hs_ct|Q[7]                                                                              ; CLOCK3_50    ; CLOCK3_50   ; 0.000        ; 0.071      ; 0.846      ;
; 0.604 ; vga:v1|Counter:col_ct|Q[1]                                                                         ; vga:v1|Counter:col_ct|Q[1]                                                                             ; CLOCK3_50    ; CLOCK3_50   ; 0.000        ; 0.070      ; 0.845      ;
; 0.605 ; vga:v1|Counter:vs_ct|Q[6]                                                                          ; vga:v1|Counter:vs_ct|Q[6]                                                                              ; CLOCK3_50    ; CLOCK3_50   ; 0.000        ; 0.071      ; 0.847      ;
; 0.606 ; vga:v1|Counter:hs_ct|Q[8]                                                                          ; vga:v1|Counter:hs_ct|Q[8]                                                                              ; CLOCK3_50    ; CLOCK3_50   ; 0.000        ; 0.071      ; 0.848      ;
; 0.607 ; vga:v1|Counter:col_ct|Q[4]                                                                         ; vga:v1|Counter:col_ct|Q[4]                                                                             ; CLOCK3_50    ; CLOCK3_50   ; 0.000        ; 0.070      ; 0.848      ;
; 0.611 ; vga:v1|Counter:col_ct|Q[5]                                                                         ; vga:v1|Counter:col_ct|Q[5]                                                                             ; CLOCK3_50    ; CLOCK3_50   ; 0.000        ; 0.070      ; 0.852      ;
; 0.613 ; vga:v1|Counter:col_ct|Q[6]                                                                         ; vga:v1|Counter:col_ct|Q[6]                                                                             ; CLOCK3_50    ; CLOCK3_50   ; 0.000        ; 0.070      ; 0.854      ;
; 0.620 ; vga:v1|Counter:row_ct|Q[0]                                                                         ; vga:v1|Counter:row_ct|Q[0]                                                                             ; CLOCK3_50    ; CLOCK3_50   ; 0.000        ; 0.071      ; 0.862      ;
; 0.621 ; vga:v1|Counter:col_ct|Q[0]                                                                         ; vga:v1|Counter:col_ct|Q[0]                                                                             ; CLOCK3_50    ; CLOCK3_50   ; 0.000        ; 0.070      ; 0.862      ;
; 0.623 ; vga:v1|Counter:vs_ct|Q[14]                                                                         ; vga:v1|Counter:vs_ct|Q[14]                                                                             ; CLOCK3_50    ; CLOCK3_50   ; 0.000        ; 0.072      ; 0.866      ;
; 0.754 ; vga:v1|Counter:vs_ct|Q[16]                                                                         ; vga:v1|Counter:vs_ct|Q[16]                                                                             ; CLOCK3_50    ; CLOCK3_50   ; 0.000        ; 0.072      ; 0.997      ;
; 0.792 ; rst                                                                                                ; stop_collecting                                                                                        ; CLOCK3_50    ; CLOCK3_50   ; 0.000        ; 0.072      ; 1.035      ;
; 0.848 ; vga:v1|Counter:hs_ct|Q[10]                                                                         ; vga:v1|Counter:hs_ct|Q[10]                                                                             ; CLOCK3_50    ; CLOCK3_50   ; 0.000        ; 0.071      ; 1.090      ;
; 0.874 ; vga:v1|Counter:vs_ct|Q[5]                                                                          ; vga:v1|Counter:vs_ct|Q[6]                                                                              ; CLOCK3_50    ; CLOCK3_50   ; 0.000        ; 0.071      ; 1.116      ;
; 0.874 ; vga:v1|Counter:hs_ct|Q[2]                                                                          ; vga:v1|Counter:hs_ct|Q[3]                                                                              ; CLOCK3_50    ; CLOCK3_50   ; 0.000        ; 0.071      ; 1.116      ;
; 0.875 ; vga:v1|Counter:hs_ct|Q[1]                                                                          ; vga:v1|Counter:hs_ct|Q[2]                                                                              ; CLOCK3_50    ; CLOCK3_50   ; 0.000        ; 0.071      ; 1.117      ;
; 0.876 ; vga:v1|Counter:hs_ct|Q[3]                                                                          ; vga:v1|Counter:hs_ct|Q[4]                                                                              ; CLOCK3_50    ; CLOCK3_50   ; 0.000        ; 0.071      ; 1.118      ;
; 0.877 ; vga:v1|Counter:vs_ct|Q[1]                                                                          ; vga:v1|Counter:vs_ct|Q[2]                                                                              ; CLOCK3_50    ; CLOCK3_50   ; 0.000        ; 0.071      ; 1.119      ;
; 0.885 ; vga:v1|Counter:hs_ct|Q[2]                                                                          ; vga:v1|Counter:hs_ct|Q[4]                                                                              ; CLOCK3_50    ; CLOCK3_50   ; 0.000        ; 0.071      ; 1.127      ;
; 0.887 ; vga:v1|Counter:col_ct|Q[3]                                                                         ; vga:v1|Counter:col_ct|Q[4]                                                                             ; CLOCK3_50    ; CLOCK3_50   ; 0.000        ; 0.070      ; 1.128      ;
; 0.889 ; vga:v1|Counter:hs_ct|Q[4]                                                                          ; vga:v1|Counter:hs_ct|Q[5]                                                                              ; CLOCK3_50    ; CLOCK3_50   ; 0.000        ; 0.071      ; 1.131      ;
; 0.889 ; vga:v1|Counter:col_ct|Q[0]                                                                         ; vga:v1|Counter:col_ct|Q[1]                                                                             ; CLOCK3_50    ; CLOCK3_50   ; 0.000        ; 0.070      ; 1.130      ;
; 0.890 ; vga:v1|Counter:hs_ct|Q[6]                                                                          ; vga:v1|Counter:hs_ct|Q[7]                                                                              ; CLOCK3_50    ; CLOCK3_50   ; 0.000        ; 0.071      ; 1.132      ;
; 0.890 ; vga:v1|Counter:col_ct|Q[2]                                                                         ; vga:v1|Counter:col_ct|Q[3]                                                                             ; CLOCK3_50    ; CLOCK3_50   ; 0.000        ; 0.070      ; 1.131      ;
; 0.891 ; vga:v1|Counter:hs_ct|Q[7]                                                                          ; vga:v1|Counter:hs_ct|Q[8]                                                                              ; CLOCK3_50    ; CLOCK3_50   ; 0.000        ; 0.071      ; 1.133      ;
; 0.891 ; vga:v1|Counter:col_ct|Q[1]                                                                         ; vga:v1|Counter:col_ct|Q[2]                                                                             ; CLOCK3_50    ; CLOCK3_50   ; 0.000        ; 0.070      ; 1.132      ;
; 0.894 ; vga:v1|Counter:vs_ct|Q[13]                                                                         ; vga:v1|Counter:vs_ct|Q[14]                                                                             ; CLOCK3_50    ; CLOCK3_50   ; 0.000        ; 0.072      ; 1.137      ;
; 0.895 ; vga:v1|Counter:col_ct|Q[4]                                                                         ; vga:v1|Counter:col_ct|Q[5]                                                                             ; CLOCK3_50    ; CLOCK3_50   ; 0.000        ; 0.070      ; 1.136      ;
; 0.896 ; vga:v1|Counter:vs_ct|Q[8]                                                                          ; vga:v1|Counter:vs_ct|Q[9]                                                                              ; CLOCK3_50    ; CLOCK3_50   ; 0.000        ; 0.071      ; 1.138      ;
; 0.898 ; vga:v1|Counter:col_ct|Q[5]                                                                         ; vga:v1|Counter:col_ct|Q[6]                                                                             ; CLOCK3_50    ; CLOCK3_50   ; 0.000        ; 0.070      ; 1.139      ;
; 0.900 ; vga:v1|Counter:hs_ct|Q[0]                                                                          ; vga:v1|Counter:hs_ct|Q[1]                                                                              ; CLOCK3_50    ; CLOCK3_50   ; 0.000        ; 0.071      ; 1.142      ;
; 0.900 ; vga:v1|Counter:col_ct|Q[0]                                                                         ; vga:v1|Counter:col_ct|Q[2]                                                                             ; CLOCK3_50    ; CLOCK3_50   ; 0.000        ; 0.070      ; 1.141      ;
; 0.901 ; vga:v1|Counter:hs_ct|Q[6]                                                                          ; vga:v1|Counter:hs_ct|Q[8]                                                                              ; CLOCK3_50    ; CLOCK3_50   ; 0.000        ; 0.071      ; 1.143      ;
; 0.901 ; vga:v1|Counter:col_ct|Q[2]                                                                         ; vga:v1|Counter:col_ct|Q[4]                                                                             ; CLOCK3_50    ; CLOCK3_50   ; 0.000        ; 0.070      ; 1.142      ;
; 0.906 ; vga:v1|Counter:col_ct|Q[4]                                                                         ; vga:v1|Counter:col_ct|Q[6]                                                                             ; CLOCK3_50    ; CLOCK3_50   ; 0.000        ; 0.070      ; 1.147      ;
; 0.911 ; vga:v1|Counter:hs_ct|Q[0]                                                                          ; vga:v1|Counter:hs_ct|Q[2]                                                                              ; CLOCK3_50    ; CLOCK3_50   ; 0.000        ; 0.071      ; 1.153      ;
; 0.911 ; vga:v1|Counter:vs_ct|Q[12]                                                                         ; vga:v1|Counter:vs_ct|Q[14]                                                                             ; CLOCK3_50    ; CLOCK3_50   ; 0.000        ; 0.072      ; 1.154      ;
; 0.922 ; vga:v1|Counter:vs_ct|Q[14]                                                                         ; vga:v1|Counter:vs_ct|Q[16]                                                                             ; CLOCK3_50    ; CLOCK3_50   ; 0.000        ; 0.072      ; 1.165      ;
; 0.925 ; vga:v1|Counter:vs_ct|Q[18]                                                                         ; vga:v1|Counter:vs_ct|Q[18]                                                                             ; CLOCK3_50    ; CLOCK3_50   ; 0.000        ; 0.072      ; 1.168      ;
; 0.927 ; vga:v1|Counter:hs_ct|Q[9]                                                                          ; vga:v1|Counter:hs_ct|Q[9]                                                                              ; CLOCK3_50    ; CLOCK3_50   ; 0.000        ; 0.071      ; 1.169      ;
; 0.940 ; vga:v1|Counter:hs_ct|Q[0]                                                                          ; vga:v1|Counter:hs_ct|Q[0]                                                                              ; CLOCK3_50    ; CLOCK3_50   ; 0.000        ; 0.071      ; 1.182      ;
; 0.974 ; vga:v1|Counter:hs_ct|Q[1]                                                                          ; vga:v1|Counter:hs_ct|Q[3]                                                                              ; CLOCK3_50    ; CLOCK3_50   ; 0.000        ; 0.071      ; 1.216      ;
; 0.975 ; vga:v1|Counter:hs_ct|Q[3]                                                                          ; vga:v1|Counter:hs_ct|Q[5]                                                                              ; CLOCK3_50    ; CLOCK3_50   ; 0.000        ; 0.071      ; 1.217      ;
; 0.984 ; vga:v1|Counter:hs_ct|Q[2]                                                                          ; vga:v1|Counter:hs_ct|Q[5]                                                                              ; CLOCK3_50    ; CLOCK3_50   ; 0.000        ; 0.071      ; 1.226      ;
; 0.985 ; vga:v1|Counter:hs_ct|Q[1]                                                                          ; vga:v1|Counter:hs_ct|Q[4]                                                                              ; CLOCK3_50    ; CLOCK3_50   ; 0.000        ; 0.071      ; 1.227      ;
; 0.985 ; vga:v1|Counter:hs_ct|Q[5]                                                                          ; vga:v1|Counter:hs_ct|Q[7]                                                                              ; CLOCK3_50    ; CLOCK3_50   ; 0.000        ; 0.071      ; 1.227      ;
; 0.986 ; vga:v1|Counter:col_ct|Q[3]                                                                         ; vga:v1|Counter:col_ct|Q[5]                                                                             ; CLOCK3_50    ; CLOCK3_50   ; 0.000        ; 0.070      ; 1.227      ;
; 0.988 ; vga:v1|Counter:vs_ct|Q[3]                                                                          ; vga:v1|Counter:vs_ct|Q[6]                                                                              ; CLOCK3_50    ; CLOCK3_50   ; 0.000        ; 0.071      ; 1.230      ;
; 0.990 ; vga:v1|Counter:col_ct|Q[1]                                                                         ; vga:v1|Counter:col_ct|Q[3]                                                                             ; CLOCK3_50    ; CLOCK3_50   ; 0.000        ; 0.070      ; 1.231      ;
; 0.992 ; vga:v1|Counter:vs_ct|Q[7]                                                                          ; vga:v1|Counter:vs_ct|Q[9]                                                                              ; CLOCK3_50    ; CLOCK3_50   ; 0.000        ; 0.071      ; 1.234      ;
; 0.996 ; vga:v1|Counter:hs_ct|Q[5]                                                                          ; vga:v1|Counter:hs_ct|Q[8]                                                                              ; CLOCK3_50    ; CLOCK3_50   ; 0.000        ; 0.071      ; 1.238      ;
; 0.997 ; vga:v1|Counter:col_ct|Q[3]                                                                         ; vga:v1|Counter:col_ct|Q[6]                                                                             ; CLOCK3_50    ; CLOCK3_50   ; 0.000        ; 0.070      ; 1.238      ;
; 0.999 ; vga:v1|Counter:hs_ct|Q[4]                                                                          ; vga:v1|Counter:hs_ct|Q[7]                                                                              ; CLOCK3_50    ; CLOCK3_50   ; 0.000        ; 0.071      ; 1.241      ;
; 0.999 ; vga:v1|Counter:col_ct|Q[0]                                                                         ; vga:v1|Counter:col_ct|Q[3]                                                                             ; CLOCK3_50    ; CLOCK3_50   ; 0.000        ; 0.070      ; 1.240      ;
; 1.000 ; vga:v1|Counter:col_ct|Q[2]                                                                         ; vga:v1|Counter:col_ct|Q[5]                                                                             ; CLOCK3_50    ; CLOCK3_50   ; 0.000        ; 0.070      ; 1.241      ;
; 1.001 ; vga:v1|Counter:vs_ct|Q[2]                                                                          ; vga:v1|Counter:vs_ct|Q[6]                                                                              ; CLOCK3_50    ; CLOCK3_50   ; 0.000        ; 0.071      ; 1.243      ;
; 1.001 ; vga:v1|Counter:col_ct|Q[1]                                                                         ; vga:v1|Counter:col_ct|Q[4]                                                                             ; CLOCK3_50    ; CLOCK3_50   ; 0.000        ; 0.070      ; 1.242      ;
; 1.003 ; vga:v1|Counter:vs_ct|Q[6]                                                                          ; vga:v1|Counter:vs_ct|Q[9]                                                                              ; CLOCK3_50    ; CLOCK3_50   ; 0.000        ; 0.071      ; 1.245      ;
; 1.004 ; vga:v1|Counter:vs_ct|Q[13]                                                                         ; vga:v1|Counter:vs_ct|Q[16]                                                                             ; CLOCK3_50    ; CLOCK3_50   ; 0.000        ; 0.072      ; 1.247      ;
; 1.008 ; vga:v1|Counter:vs_ct|Q[11]                                                                         ; vga:v1|Counter:vs_ct|Q[14]                                                                             ; CLOCK3_50    ; CLOCK3_50   ; 0.000        ; 0.072      ; 1.251      ;
; 1.010 ; vga:v1|Counter:hs_ct|Q[0]                                                                          ; vga:v1|Counter:hs_ct|Q[3]                                                                              ; CLOCK3_50    ; CLOCK3_50   ; 0.000        ; 0.071      ; 1.252      ;
; 1.010 ; vga:v1|Counter:hs_ct|Q[4]                                                                          ; vga:v1|Counter:hs_ct|Q[8]                                                                              ; CLOCK3_50    ; CLOCK3_50   ; 0.000        ; 0.071      ; 1.252      ;
; 1.010 ; vga:v1|Counter:col_ct|Q[0]                                                                         ; vga:v1|Counter:col_ct|Q[4]                                                                             ; CLOCK3_50    ; CLOCK3_50   ; 0.000        ; 0.070      ; 1.251      ;
; 1.011 ; vga:v1|Counter:col_ct|Q[2]                                                                         ; vga:v1|Counter:col_ct|Q[6]                                                                             ; CLOCK3_50    ; CLOCK3_50   ; 0.000        ; 0.070      ; 1.252      ;
; 1.021 ; vga:v1|Counter:vs_ct|Q[14]                                                                         ; vga:v1|Counter:vs_ct|Q[17]                                                                             ; CLOCK3_50    ; CLOCK3_50   ; 0.000        ; 0.072      ; 1.264      ;
; 1.021 ; vga:v1|Counter:hs_ct|Q[0]                                                                          ; vga:v1|Counter:hs_ct|Q[4]                                                                              ; CLOCK3_50    ; CLOCK3_50   ; 0.000        ; 0.071      ; 1.263      ;
; 1.021 ; vga:v1|Counter:vs_ct|Q[12]                                                                         ; vga:v1|Counter:vs_ct|Q[16]                                                                             ; CLOCK3_50    ; CLOCK3_50   ; 0.000        ; 0.072      ; 1.264      ;
; 1.022 ; vga:v1|Counter:vs_ct|Q[5]                                                                          ; vga:v1|Counter:vs_ct|Q[5]                                                                              ; CLOCK3_50    ; CLOCK3_50   ; 0.000        ; 0.071      ; 1.264      ;
; 1.031 ; vga:v1|Counter:vs_ct|Q[16]                                                                         ; vga:v1|Counter:vs_ct|Q[17]                                                                             ; CLOCK3_50    ; CLOCK3_50   ; 0.000        ; 0.072      ; 1.274      ;
; 1.034 ; vga:v1|Counter:hs_ct|Q[6]                                                                          ; vga:v1|Counter:hs_ct|Q[6]                                                                              ; CLOCK3_50    ; CLOCK3_50   ; 0.000        ; 0.071      ; 1.276      ;
; 1.038 ; vga:v1|Counter:row_ct|Q[1]                                                                         ; vga:v1|Counter:row_ct|Q[1]                                                                             ; CLOCK3_50    ; CLOCK3_50   ; 0.000        ; 0.071      ; 1.280      ;
; 1.042 ; vga:v1|Counter:vs_ct|Q[7]                                                                          ; vga:v1|Counter:vs_ct|Q[7]                                                                              ; CLOCK3_50    ; CLOCK3_50   ; 0.000        ; 0.071      ; 1.284      ;
; 1.046 ; vga:v1|Counter:vs_ct|Q[12]                                                                         ; vga:v1|Counter:vs_ct|Q[12]                                                                             ; CLOCK3_50    ; CLOCK3_50   ; 0.000        ; 0.072      ; 1.289      ;
; 1.069 ; vga:v1|Counter:vs_ct|Q[15]                                                                         ; vga:v1|Counter:vs_ct|Q[16]                                                                             ; CLOCK3_50    ; CLOCK3_50   ; 0.000        ; 0.071      ; 1.311      ;
; 1.083 ; vga:v1|Counter:vs_ct|Q[5]                                                                          ; vga:v1|Counter:vs_ct|Q[9]                                                                              ; CLOCK3_50    ; CLOCK3_50   ; 0.000        ; 0.071      ; 1.325      ;
; 1.084 ; vga:v1|Counter:hs_ct|Q[1]                                                                          ; vga:v1|Counter:hs_ct|Q[5]                                                                              ; CLOCK3_50    ; CLOCK3_50   ; 0.000        ; 0.071      ; 1.326      ;
; 1.085 ; vga:v1|Counter:hs_ct|Q[3]                                                                          ; vga:v1|Counter:hs_ct|Q[7]                                                                              ; CLOCK3_50    ; CLOCK3_50   ; 0.000        ; 0.071      ; 1.327      ;
; 1.094 ; vga:v1|Counter:hs_ct|Q[2]                                                                          ; vga:v1|Counter:hs_ct|Q[7]                                                                              ; CLOCK3_50    ; CLOCK3_50   ; 0.000        ; 0.071      ; 1.336      ;
; 1.096 ; vga:v1|Counter:hs_ct|Q[3]                                                                          ; vga:v1|Counter:hs_ct|Q[8]                                                                              ; CLOCK3_50    ; CLOCK3_50   ; 0.000        ; 0.071      ; 1.338      ;
; 1.097 ; vga:v1|Counter:vs_ct|Q[4]                                                                          ; vga:v1|Counter:vs_ct|Q[6]                                                                              ; CLOCK3_50    ; CLOCK3_50   ; 0.000        ; 0.071      ; 1.339      ;
; 1.097 ; vga:v1|Counter:vs_ct|Q[1]                                                                          ; vga:v1|Counter:vs_ct|Q[6]                                                                              ; CLOCK3_50    ; CLOCK3_50   ; 0.000        ; 0.071      ; 1.339      ;
; 1.099 ; FRAME_BUFFER:frame|altsyncram:altsyncram_component|altsyncram_2sj1:auto_generated|address_reg_b[1] ; FRAME_BUFFER:frame|altsyncram:altsyncram_component|altsyncram_2sj1:auto_generated|out_address_reg_b[1] ; CLOCK3_50    ; CLOCK3_50   ; 0.000        ; -0.309     ; 0.961      ;
; 1.100 ; vga:v1|Counter:col_ct|Q[1]                                                                         ; vga:v1|Counter:col_ct|Q[5]                                                                             ; CLOCK3_50    ; CLOCK3_50   ; 0.000        ; 0.070      ; 1.341      ;
; 1.103 ; vga:v1|Counter:vs_ct|Q[13]                                                                         ; vga:v1|Counter:vs_ct|Q[17]                                                                             ; CLOCK3_50    ; CLOCK3_50   ; 0.000        ; 0.072      ; 1.346      ;
; 1.105 ; vga:v1|Counter:hs_ct|Q[2]                                                                          ; vga:v1|Counter:hs_ct|Q[8]                                                                              ; CLOCK3_50    ; CLOCK3_50   ; 0.000        ; 0.071      ; 1.347      ;
; 1.107 ; vga:v1|Counter:vs_ct|Q[9]                                                                          ; vga:v1|Counter:vs_ct|Q[14]                                                                             ; CLOCK3_50    ; CLOCK3_50   ; 0.000        ; 0.068      ; 1.346      ;
; 1.109 ; vga:v1|Counter:col_ct|Q[0]                                                                         ; vga:v1|Counter:col_ct|Q[5]                                                                             ; CLOCK3_50    ; CLOCK3_50   ; 0.000        ; 0.070      ; 1.350      ;
; 1.111 ; vga:v1|Counter:col_ct|Q[1]                                                                         ; vga:v1|Counter:col_ct|Q[6]                                                                             ; CLOCK3_50    ; CLOCK3_50   ; 0.000        ; 0.070      ; 1.352      ;
; 1.118 ; vga:v1|Counter:vs_ct|Q[11]                                                                         ; vga:v1|Counter:vs_ct|Q[16]                                                                             ; CLOCK3_50    ; CLOCK3_50   ; 0.000        ; 0.072      ; 1.361      ;
+-------+----------------------------------------------------------------------------------------------------+--------------------------------------------------------------------------------------------------------+--------------+-------------+--------------+------------+------------+


----------------------------------------------
; Slow 1200mV 0C Model Metastability Summary ;
----------------------------------------------
The design MTBF is not calculated because there are no specified synchronizers in the design.
Number of Synchronizer Chains Found: 40
Shortest Synchronizer Chain: 2 Registers
Fraction of Chains for which MTBFs Could Not be Calculated: 1.000
Worst Case Available Settling Time: 123.652 ns




+------------------------------------+
; Fast 1200mV 0C Model Setup Summary ;
+-----------+--------+---------------+
; Clock     ; Slack  ; End Point TNS ;
+-----------+--------+---------------+
; CLOCK_50  ; 3.266  ; 0.000         ;
; CLOCK3_50 ; 10.031 ; 0.000         ;
+-----------+--------+---------------+


+-----------------------------------+
; Fast 1200mV 0C Model Hold Summary ;
+-----------+-------+---------------+
; Clock     ; Slack ; End Point TNS ;
+-----------+-------+---------------+
; CLOCK_50  ; 0.181 ; 0.000         ;
; CLOCK3_50 ; 0.293 ; 0.000         ;
+-----------+-------+---------------+


-----------------------------------------
; Fast 1200mV 0C Model Recovery Summary ;
-----------------------------------------
No paths to report.


----------------------------------------
; Fast 1200mV 0C Model Removal Summary ;
----------------------------------------
No paths to report.


+--------------------------------------------------+
; Fast 1200mV 0C Model Minimum Pulse Width Summary ;
+-----------+---------+----------------------------+
; Clock     ; Slack   ; End Point TNS              ;
+-----------+---------+----------------------------+
; CLOCK3_50 ; 9.381   ; 0.000                      ;
; CLOCK_50  ; 61.872  ; 0.000                      ;
; CLOCK2_50 ; 246.000 ; 0.000                      ;
+-----------+---------+----------------------------+


+----------------------------------------------------------------------------------------------------------------------------------------------------------+
; Fast 1200mV 0C Model Setup: 'CLOCK_50'                                                                                                                   ;
+-------+-----------+----------------------------------------------------------------+--------------+-------------+--------------+------------+------------+
; Slack ; From Node ; To Node                                                        ; Launch Clock ; Latch Clock ; Relationship ; Clock Skew ; Data Delay ;
+-------+-----------+----------------------------------------------------------------+--------------+-------------+--------------+------------+------------+
; 3.266 ; rst       ; gameboy:dut|MMU:mmu|IO_handler:io_registers|APU_R.NR4x_R[0][7] ; CLOCK3_50    ; CLOCK_50    ; 5.000        ; -0.002     ; 1.739      ;
; 3.274 ; rst       ; gameboy:dut|MMU:mmu|IO_handler:io_registers|APU_R.NR4x_R[2][2] ; CLOCK3_50    ; CLOCK_50    ; 5.000        ; -0.003     ; 1.730      ;
; 3.281 ; rst       ; gameboy:dut|MMU:mmu|IO_handler:io_registers|APU_R.NR4x_R[0][2] ; CLOCK3_50    ; CLOCK_50    ; 5.000        ; -0.003     ; 1.723      ;
; 3.314 ; rst       ; gameboy:dut|MMU:mmu|IO_handler:io_registers|APU_R.NR2x_R[0][4] ; CLOCK3_50    ; CLOCK_50    ; 5.000        ; -0.010     ; 1.683      ;
; 3.322 ; rst       ; gameboy:dut|MMU:mmu|IO_handler:io_registers|APU_R.NR2x_R[2][4] ; CLOCK3_50    ; CLOCK_50    ; 5.000        ; -0.010     ; 1.675      ;
; 3.324 ; rst       ; gameboy:dut|MMU:mmu|IO_handler:io_registers|APU_R.NR2x_R[4][7] ; CLOCK3_50    ; CLOCK_50    ; 5.000        ; -0.003     ; 1.680      ;
; 3.324 ; rst       ; gameboy:dut|MMU:mmu|IO_handler:io_registers|APU_R.NR2x_R[4][4] ; CLOCK3_50    ; CLOCK_50    ; 5.000        ; -0.003     ; 1.680      ;
; 3.324 ; rst       ; gameboy:dut|MMU:mmu|IO_handler:io_registers|APU_R.NR2x_R[4][6] ; CLOCK3_50    ; CLOCK_50    ; 5.000        ; -0.003     ; 1.680      ;
; 3.324 ; rst       ; gameboy:dut|MMU:mmu|IO_handler:io_registers|APU_R.NR2x_R[4][5] ; CLOCK3_50    ; CLOCK_50    ; 5.000        ; -0.003     ; 1.680      ;
; 3.324 ; rst       ; gameboy:dut|MMU:mmu|IO_handler:io_registers|APU_R.NR2x_R[4][0] ; CLOCK3_50    ; CLOCK_50    ; 5.000        ; -0.003     ; 1.680      ;
; 3.326 ; rst       ; gameboy:dut|MMU:mmu|IO_handler:io_registers|PPU_R.BGP_R[7]     ; CLOCK3_50    ; CLOCK_50    ; 5.000        ; 0.011      ; 1.692      ;
; 3.333 ; rst       ; gameboy:dut|MMU:mmu|IO_handler:io_registers|APU_R.NR50_R[7]    ; CLOCK3_50    ; CLOCK_50    ; 5.000        ; -0.005     ; 1.669      ;
; 3.337 ; rst       ; gameboy:dut|MMU:mmu|IO_handler:io_registers|PPU_R.OBP0_R[2]    ; CLOCK3_50    ; CLOCK_50    ; 5.000        ; 0.009      ; 1.679      ;
; 3.338 ; rst       ; gameboy:dut|MMU:mmu|IO_handler:io_registers|PPU_R.LYC_R[7]     ; CLOCK3_50    ; CLOCK_50    ; 5.000        ; 0.002      ; 1.671      ;
; 3.340 ; rst       ; gameboy:dut|MMU:mmu|IO_handler:io_registers|PPU_R.SCX_R[3]     ; CLOCK3_50    ; CLOCK_50    ; 5.000        ; 0.011      ; 1.678      ;
; 3.340 ; rst       ; gameboy:dut|MMU:mmu|IO_handler:io_registers|IE_R[7]            ; CLOCK3_50    ; CLOCK_50    ; 5.000        ; -0.005     ; 1.662      ;
; 3.347 ; rst       ; gameboy:dut|MMU:mmu|IO_handler:io_registers|IF_R[7]            ; CLOCK3_50    ; CLOCK_50    ; 5.000        ; 0.010      ; 1.670      ;
; 3.348 ; rst       ; gameboy:dut|MMU:mmu|IO_handler:io_registers|PPU_R.BGP_R[3]     ; CLOCK3_50    ; CLOCK_50    ; 5.000        ; 0.011      ; 1.670      ;
; 3.350 ; rst       ; gameboy:dut|MMU:mmu|IO_handler:io_registers|APU_R.NR2x_R[0][0] ; CLOCK3_50    ; CLOCK_50    ; 5.000        ; -0.010     ; 1.647      ;
; 3.352 ; rst       ; gameboy:dut|MMU:mmu|IO_handler:io_registers|PPU_R.OBP1_R[3]    ; CLOCK3_50    ; CLOCK_50    ; 5.000        ; 0.009      ; 1.664      ;
; 3.352 ; rst       ; gameboy:dut|MMU:mmu|IO_handler:io_registers|PPU_R.OBP1_R[7]    ; CLOCK3_50    ; CLOCK_50    ; 5.000        ; 0.009      ; 1.664      ;
; 3.352 ; rst       ; gameboy:dut|MMU:mmu|IO_handler:io_registers|PPU_R.OBP1_R[4]    ; CLOCK3_50    ; CLOCK_50    ; 5.000        ; 0.009      ; 1.664      ;
; 3.352 ; rst       ; gameboy:dut|MMU:mmu|IO_handler:io_registers|PPU_R.OBP1_R[6]    ; CLOCK3_50    ; CLOCK_50    ; 5.000        ; 0.009      ; 1.664      ;
; 3.352 ; rst       ; gameboy:dut|MMU:mmu|IO_handler:io_registers|PPU_R.OBP1_R[2]    ; CLOCK3_50    ; CLOCK_50    ; 5.000        ; 0.009      ; 1.664      ;
; 3.352 ; rst       ; gameboy:dut|MMU:mmu|IO_handler:io_registers|PPU_R.OBP1_R[5]    ; CLOCK3_50    ; CLOCK_50    ; 5.000        ; 0.009      ; 1.664      ;
; 3.352 ; rst       ; gameboy:dut|MMU:mmu|IO_handler:io_registers|PPU_R.OBP1_R[0]    ; CLOCK3_50    ; CLOCK_50    ; 5.000        ; 0.009      ; 1.664      ;
; 3.352 ; rst       ; gameboy:dut|MMU:mmu|IO_handler:io_registers|PPU_R.OBP1_R[1]    ; CLOCK3_50    ; CLOCK_50    ; 5.000        ; 0.009      ; 1.664      ;
; 3.355 ; rst       ; gameboy:dut|MMU:mmu|IO_handler:io_registers|TAC_R[7]           ; CLOCK3_50    ; CLOCK_50    ; 5.000        ; 0.010      ; 1.662      ;
; 3.361 ; rst       ; gameboy:dut|MMU:mmu|IO_handler:io_registers|PPU_R.OBP0_R[3]    ; CLOCK3_50    ; CLOCK_50    ; 5.000        ; 0.009      ; 1.655      ;
; 3.361 ; rst       ; gameboy:dut|MMU:mmu|IO_handler:io_registers|PPU_R.OBP0_R[7]    ; CLOCK3_50    ; CLOCK_50    ; 5.000        ; 0.009      ; 1.655      ;
; 3.361 ; rst       ; gameboy:dut|MMU:mmu|IO_handler:io_registers|PPU_R.OBP0_R[4]    ; CLOCK3_50    ; CLOCK_50    ; 5.000        ; 0.009      ; 1.655      ;
; 3.361 ; rst       ; gameboy:dut|MMU:mmu|IO_handler:io_registers|PPU_R.OBP0_R[6]    ; CLOCK3_50    ; CLOCK_50    ; 5.000        ; 0.009      ; 1.655      ;
; 3.361 ; rst       ; gameboy:dut|MMU:mmu|IO_handler:io_registers|PPU_R.OBP0_R[5]    ; CLOCK3_50    ; CLOCK_50    ; 5.000        ; 0.009      ; 1.655      ;
; 3.361 ; rst       ; gameboy:dut|MMU:mmu|IO_handler:io_registers|PPU_R.OBP0_R[0]    ; CLOCK3_50    ; CLOCK_50    ; 5.000        ; 0.009      ; 1.655      ;
; 3.361 ; rst       ; gameboy:dut|MMU:mmu|IO_handler:io_registers|PPU_R.OBP0_R[1]    ; CLOCK3_50    ; CLOCK_50    ; 5.000        ; 0.009      ; 1.655      ;
; 3.362 ; rst       ; gameboy:dut|MMU:mmu|IO_handler:io_registers|APU_R.NR2x_R[2][0] ; CLOCK3_50    ; CLOCK_50    ; 5.000        ; -0.010     ; 1.635      ;
; 3.365 ; rst       ; gameboy:dut|MMU:mmu|IO_handler:io_registers|APU_R.NR4x_R[1][2] ; CLOCK3_50    ; CLOCK_50    ; 5.000        ; -0.004     ; 1.638      ;
; 3.367 ; rst       ; gameboy:dut|MMU:mmu|IO_handler:io_registers|APU_R.NR4x_R[2][3] ; CLOCK3_50    ; CLOCK_50    ; 5.000        ; -0.003     ; 1.637      ;
; 3.371 ; rst       ; gameboy:dut|MMU:mmu|IO_handler:io_registers|APU_R.NR4x_R[0][3] ; CLOCK3_50    ; CLOCK_50    ; 5.000        ; -0.003     ; 1.633      ;
; 3.372 ; rst       ; gameboy:dut|MMU:mmu|IO_handler:io_registers|APU_R.NR4x_R[3][2] ; CLOCK3_50    ; CLOCK_50    ; 5.000        ; -0.004     ; 1.631      ;
; 3.377 ; rst       ; gameboy:dut|MMU:mmu|IO_handler:io_registers|APU_R.NR4x_R[1][3] ; CLOCK3_50    ; CLOCK_50    ; 5.000        ; -0.004     ; 1.626      ;
; 3.377 ; rst       ; gameboy:dut|MMU:mmu|IO_handler:io_registers|PPU_R.WY_R[7]      ; CLOCK3_50    ; CLOCK_50    ; 5.000        ; 0.007      ; 1.637      ;
; 3.379 ; rst       ; gameboy:dut|MMU:mmu|IO_handler:io_registers|APU_R.NR1x_R[2][5] ; CLOCK3_50    ; CLOCK_50    ; 5.000        ; -0.001     ; 1.627      ;
; 3.383 ; rst       ; gameboy:dut|MMU:mmu|IO_handler:io_registers|APU_R.NR1x_R[0][5] ; CLOCK3_50    ; CLOCK_50    ; 5.000        ; -0.001     ; 1.623      ;
; 3.384 ; rst       ; gameboy:dut|MMU:mmu|IO_handler:io_registers|APU_R.NR4x_R[3][3] ; CLOCK3_50    ; CLOCK_50    ; 5.000        ; -0.004     ; 1.619      ;
; 3.385 ; rst       ; gameboy:dut|MMU:mmu|IO_handler:io_registers|APU_R.NR4x_R[2][7] ; CLOCK3_50    ; CLOCK_50    ; 5.000        ; 0.009      ; 1.631      ;
; 3.385 ; rst       ; gameboy:dut|MMU:mmu|IO_handler:io_registers|APU_R.NR2x_R[3][2] ; CLOCK3_50    ; CLOCK_50    ; 5.000        ; -0.009     ; 1.613      ;
; 3.390 ; rst       ; gameboy:dut|MMU:mmu|IO_handler:io_registers|PPU_R.WX_R[7]      ; CLOCK3_50    ; CLOCK_50    ; 5.000        ; 0.008      ; 1.625      ;
; 3.390 ; rst       ; gameboy:dut|MMU:mmu|IO_handler:io_registers|APU_R.NR51_R[7]    ; CLOCK3_50    ; CLOCK_50    ; 5.000        ; 0.007      ; 1.624      ;
; 3.392 ; rst       ; gameboy:dut|MMU:mmu|IO_handler:io_registers|APU_R.NR2x_R[1][2] ; CLOCK3_50    ; CLOCK_50    ; 5.000        ; -0.009     ; 1.606      ;
; 3.398 ; rst       ; gameboy:dut|MMU:mmu|IO_handler:io_registers|DMA_R[3]           ; CLOCK3_50    ; CLOCK_50    ; 5.000        ; 0.006      ; 1.615      ;
; 3.398 ; rst       ; gameboy:dut|MMU:mmu|IO_handler:io_registers|DMA_R[7]           ; CLOCK3_50    ; CLOCK_50    ; 5.000        ; 0.006      ; 1.615      ;
; 3.398 ; rst       ; gameboy:dut|MMU:mmu|IO_handler:io_registers|DMA_R[2]           ; CLOCK3_50    ; CLOCK_50    ; 5.000        ; 0.006      ; 1.615      ;
; 3.398 ; rst       ; gameboy:dut|MMU:mmu|IO_handler:io_registers|DMA_R[0]           ; CLOCK3_50    ; CLOCK_50    ; 5.000        ; 0.006      ; 1.615      ;
; 3.404 ; rst       ; gameboy:dut|MMU:mmu|IO_handler:io_registers|APU_R.NR1x_R[3][7] ; CLOCK3_50    ; CLOCK_50    ; 5.000        ; 0.003      ; 1.606      ;
; 3.404 ; rst       ; gameboy:dut|MMU:mmu|IO_handler:io_registers|APU_R.NR1x_R[4][7] ; CLOCK3_50    ; CLOCK_50    ; 5.000        ; 0.003      ; 1.606      ;
; 3.410 ; rst       ; gameboy:dut|MMU:mmu|IO_handler:io_registers|PPU_R.BGP_R[6]     ; CLOCK3_50    ; CLOCK_50    ; 5.000        ; 0.011      ; 1.608      ;
; 3.414 ; rst       ; gameboy:dut|MMU:mmu|IO_handler:io_registers|APU_R.NR3x_R[4][4] ; CLOCK3_50    ; CLOCK_50    ; 5.000        ; -0.003     ; 1.590      ;
; 3.416 ; rst       ; gameboy:dut|MMU:mmu|IO_handler:io_registers|APU_R.NR4x_R[3][6] ; CLOCK3_50    ; CLOCK_50    ; 5.000        ; -0.004     ; 1.587      ;
; 3.416 ; rst       ; gameboy:dut|MMU:mmu|IO_handler:io_registers|APU_R.NR4x_R[3][0] ; CLOCK3_50    ; CLOCK_50    ; 5.000        ; -0.004     ; 1.587      ;
; 3.416 ; rst       ; gameboy:dut|MMU:mmu|IO_handler:io_registers|APU_R.NR4x_R[3][1] ; CLOCK3_50    ; CLOCK_50    ; 5.000        ; -0.004     ; 1.587      ;
; 3.419 ; rst       ; gameboy:dut|MMU:mmu|IO_handler:io_registers|APU_R.NR3x_R[3][4] ; CLOCK3_50    ; CLOCK_50    ; 5.000        ; -0.004     ; 1.584      ;
; 3.419 ; rst       ; gameboy:dut|MMU:mmu|IO_handler:io_registers|APU_R.NR51_R[6]    ; CLOCK3_50    ; CLOCK_50    ; 5.000        ; 0.007      ; 1.595      ;
; 3.420 ; rst       ; gameboy:dut|MMU:mmu|IO_handler:io_registers|PPU_R.LY_R[6]      ; CLOCK3_50    ; CLOCK_50    ; 5.000        ; 0.002      ; 1.589      ;
; 3.420 ; rst       ; gameboy:dut|MMU:mmu|IO_handler:io_registers|PPU_R.LY_R[7]      ; CLOCK3_50    ; CLOCK_50    ; 5.000        ; 0.002      ; 1.589      ;
; 3.420 ; rst       ; gameboy:dut|MMU:mmu|IO_handler:io_registers|PPU_R.LY_R[0]      ; CLOCK3_50    ; CLOCK_50    ; 5.000        ; 0.002      ; 1.589      ;
; 3.420 ; rst       ; gameboy:dut|MMU:mmu|IO_handler:io_registers|PPU_R.LY_R[1]      ; CLOCK3_50    ; CLOCK_50    ; 5.000        ; 0.002      ; 1.589      ;
; 3.424 ; rst       ; gameboy:dut|MMU:mmu|IO_handler:io_registers|PPU_R.SCX_R[7]     ; CLOCK3_50    ; CLOCK_50    ; 5.000        ; 0.007      ; 1.590      ;
; 3.426 ; rst       ; gameboy:dut|MMU:mmu|IO_handler:io_registers|APU_R.NR2x_R[2][7] ; CLOCK3_50    ; CLOCK_50    ; 5.000        ; -0.010     ; 1.571      ;
; 3.426 ; rst       ; gameboy:dut|MMU:mmu|IO_handler:io_registers|APU_R.NR3x_R[1][4] ; CLOCK3_50    ; CLOCK_50    ; 5.000        ; -0.004     ; 1.577      ;
; 3.428 ; rst       ; gameboy:dut|MMU:mmu|IO_handler:io_registers|BTN_R[1]           ; CLOCK3_50    ; CLOCK_50    ; 5.000        ; -0.007     ; 1.572      ;
; 3.428 ; rst       ; gameboy:dut|MMU:mmu|IO_handler:io_registers|BTN_R[0]           ; CLOCK3_50    ; CLOCK_50    ; 5.000        ; -0.007     ; 1.572      ;
; 3.428 ; rst       ; gameboy:dut|MMU:mmu|IO_handler:io_registers|BTN_R[3]           ; CLOCK3_50    ; CLOCK_50    ; 5.000        ; -0.007     ; 1.572      ;
; 3.428 ; rst       ; gameboy:dut|MMU:mmu|IO_handler:io_registers|PPU_R.SCY_R[7]     ; CLOCK3_50    ; CLOCK_50    ; 5.000        ; 0.007      ; 1.586      ;
; 3.428 ; rst       ; gameboy:dut|MMU:mmu|IO_handler:io_registers|APU_R.NR2x_R[1][7] ; CLOCK3_50    ; CLOCK_50    ; 5.000        ; -0.009     ; 1.570      ;
; 3.428 ; rst       ; gameboy:dut|MMU:mmu|IO_handler:io_registers|BTN_R[2]           ; CLOCK3_50    ; CLOCK_50    ; 5.000        ; -0.007     ; 1.572      ;
; 3.429 ; rst       ; gameboy:dut|MMU:mmu|IO_handler:io_registers|PPU_R.WX_R[3]      ; CLOCK3_50    ; CLOCK_50    ; 5.000        ; 0.008      ; 1.586      ;
; 3.429 ; rst       ; gameboy:dut|MMU:mmu|IO_handler:io_registers|PPU_R.WX_R[4]      ; CLOCK3_50    ; CLOCK_50    ; 5.000        ; 0.008      ; 1.586      ;
; 3.429 ; rst       ; gameboy:dut|MMU:mmu|IO_handler:io_registers|PPU_R.WX_R[6]      ; CLOCK3_50    ; CLOCK_50    ; 5.000        ; 0.008      ; 1.586      ;
; 3.429 ; rst       ; gameboy:dut|MMU:mmu|IO_handler:io_registers|PPU_R.WX_R[2]      ; CLOCK3_50    ; CLOCK_50    ; 5.000        ; 0.008      ; 1.586      ;
; 3.429 ; rst       ; gameboy:dut|MMU:mmu|IO_handler:io_registers|PPU_R.WX_R[5]      ; CLOCK3_50    ; CLOCK_50    ; 5.000        ; 0.008      ; 1.586      ;
; 3.429 ; rst       ; gameboy:dut|MMU:mmu|IO_handler:io_registers|PPU_R.WX_R[0]      ; CLOCK3_50    ; CLOCK_50    ; 5.000        ; 0.008      ; 1.586      ;
; 3.429 ; rst       ; gameboy:dut|MMU:mmu|IO_handler:io_registers|PPU_R.WX_R[1]      ; CLOCK3_50    ; CLOCK_50    ; 5.000        ; 0.008      ; 1.586      ;
; 3.435 ; rst       ; gameboy:dut|MMU:mmu|IO_handler:io_registers|IE_R[4]            ; CLOCK3_50    ; CLOCK_50    ; 5.000        ; -0.006     ; 1.566      ;
; 3.437 ; rst       ; gameboy:dut|MMU:mmu|IO_handler:io_registers|APU_R.NR2x_R[0][7] ; CLOCK3_50    ; CLOCK_50    ; 5.000        ; -0.010     ; 1.560      ;
; 3.437 ; rst       ; gameboy:dut|MMU:mmu|IO_handler:io_registers|IE_R[2]            ; CLOCK3_50    ; CLOCK_50    ; 5.000        ; -0.005     ; 1.565      ;
; 3.440 ; rst       ; gameboy:dut|MMU:mmu|IO_handler:io_registers|APU_R.NR50_R[2]    ; CLOCK3_50    ; CLOCK_50    ; 5.000        ; -0.005     ; 1.562      ;
; 3.441 ; rst       ; gameboy:dut|MMU:mmu|IO_handler:io_registers|APU_R.NR2x_R[3][7] ; CLOCK3_50    ; CLOCK_50    ; 5.000        ; -0.009     ; 1.557      ;
; 3.447 ; rst       ; gameboy:dut|MMU:mmu|IO_handler:io_registers|DIV_R[5]           ; CLOCK3_50    ; CLOCK_50    ; 5.000        ; -0.002     ; 1.558      ;
; 3.447 ; rst       ; gameboy:dut|MMU:mmu|IO_handler:io_registers|DIV_R[3]           ; CLOCK3_50    ; CLOCK_50    ; 5.000        ; -0.002     ; 1.558      ;
; 3.447 ; rst       ; gameboy:dut|MMU:mmu|IO_handler:io_registers|DIV_R[7]           ; CLOCK3_50    ; CLOCK_50    ; 5.000        ; -0.002     ; 1.558      ;
; 3.447 ; rst       ; gameboy:dut|MMU:mmu|IO_handler:io_registers|DIV_R[1]           ; CLOCK3_50    ; CLOCK_50    ; 5.000        ; -0.002     ; 1.558      ;
; 3.447 ; rst       ; gameboy:dut|MMU:mmu|IO_handler:io_registers|DIV_R[0]           ; CLOCK3_50    ; CLOCK_50    ; 5.000        ; -0.002     ; 1.558      ;
; 3.447 ; rst       ; gameboy:dut|MMU:mmu|IO_handler:io_registers|DIV_R[2]           ; CLOCK3_50    ; CLOCK_50    ; 5.000        ; -0.002     ; 1.558      ;
; 3.447 ; rst       ; gameboy:dut|MMU:mmu|IO_handler:io_registers|DIV_R[4]           ; CLOCK3_50    ; CLOCK_50    ; 5.000        ; -0.002     ; 1.558      ;
; 3.447 ; rst       ; gameboy:dut|MMU:mmu|IO_handler:io_registers|DIV_R[6]           ; CLOCK3_50    ; CLOCK_50    ; 5.000        ; -0.002     ; 1.558      ;
; 3.451 ; rst       ; gameboy:dut|MMU:mmu|IO_handler:io_registers|APU_R.NR4x_R[1][6] ; CLOCK3_50    ; CLOCK_50    ; 5.000        ; -0.004     ; 1.552      ;
; 3.451 ; rst       ; gameboy:dut|MMU:mmu|IO_handler:io_registers|APU_R.NR4x_R[1][0] ; CLOCK3_50    ; CLOCK_50    ; 5.000        ; -0.004     ; 1.552      ;
; 3.451 ; rst       ; gameboy:dut|MMU:mmu|IO_handler:io_registers|APU_R.NR4x_R[1][1] ; CLOCK3_50    ; CLOCK_50    ; 5.000        ; -0.004     ; 1.552      ;
; 3.453 ; rst       ; gameboy:dut|MMU:mmu|IO_handler:io_registers|APU_R.NR1x_R[5][7] ; CLOCK3_50    ; CLOCK_50    ; 5.000        ; 0.010      ; 1.564      ;
+-------+-----------+----------------------------------------------------------------+--------------+-------------+--------------+------------+------------+


+--------------------------------------------------------------------------------------------------------------------------------------------------------------------------------------------------------------------------------+
; Fast 1200mV 0C Model Setup: 'CLOCK3_50'                                                                                                                                                                                        ;
+--------+----------------------------+--------------------------------------------------------------------------------------------------------------------+--------------+-------------+--------------+------------+------------+
; Slack  ; From Node                  ; To Node                                                                                                            ; Launch Clock ; Latch Clock ; Relationship ; Clock Skew ; Data Delay ;
+--------+----------------------------+--------------------------------------------------------------------------------------------------------------------+--------------+-------------+--------------+------------+------------+
; 10.031 ; vga:v1|Counter:row_ct|Q[8] ; FRAME_BUFFER:frame|altsyncram:altsyncram_component|altsyncram_2sj1:auto_generated|ram_block1a27~portb_address_reg0 ; CLOCK3_50    ; CLOCK3_50   ; 20.000       ; 0.075      ; 10.073     ;
; 10.031 ; vga:v1|Counter:row_ct|Q[8] ; FRAME_BUFFER:frame|altsyncram:altsyncram_component|altsyncram_2sj1:auto_generated|ram_block1a59~portb_address_reg0 ; CLOCK3_50    ; CLOCK3_50   ; 20.000       ; 0.079      ; 10.077     ;
; 10.038 ; vga:v1|Counter:row_ct|Q[7] ; FRAME_BUFFER:frame|altsyncram:altsyncram_component|altsyncram_2sj1:auto_generated|ram_block1a27~portb_address_reg0 ; CLOCK3_50    ; CLOCK3_50   ; 20.000       ; 0.075      ; 10.066     ;
; 10.038 ; vga:v1|Counter:row_ct|Q[7] ; FRAME_BUFFER:frame|altsyncram:altsyncram_component|altsyncram_2sj1:auto_generated|ram_block1a59~portb_address_reg0 ; CLOCK3_50    ; CLOCK3_50   ; 20.000       ; 0.079      ; 10.070     ;
; 10.053 ; vga:v1|Counter:row_ct|Q[8] ; FRAME_BUFFER:frame|altsyncram:altsyncram_component|altsyncram_2sj1:auto_generated|ram_block1a61~portb_address_reg0 ; CLOCK3_50    ; CLOCK3_50   ; 20.000       ; 0.056      ; 10.032     ;
; 10.060 ; vga:v1|Counter:row_ct|Q[7] ; FRAME_BUFFER:frame|altsyncram:altsyncram_component|altsyncram_2sj1:auto_generated|ram_block1a61~portb_address_reg0 ; CLOCK3_50    ; CLOCK3_50   ; 20.000       ; 0.056      ; 10.025     ;
; 10.104 ; vga:v1|Counter:row_ct|Q[8] ; FRAME_BUFFER:frame|altsyncram:altsyncram_component|altsyncram_2sj1:auto_generated|ram_block1a60~portb_address_reg0 ; CLOCK3_50    ; CLOCK3_50   ; 20.000       ; 0.063      ; 9.988      ;
; 10.111 ; vga:v1|Counter:row_ct|Q[7] ; FRAME_BUFFER:frame|altsyncram:altsyncram_component|altsyncram_2sj1:auto_generated|ram_block1a60~portb_address_reg0 ; CLOCK3_50    ; CLOCK3_50   ; 20.000       ; 0.063      ; 9.981      ;
; 10.121 ; vga:v1|Counter:row_ct|Q[8] ; FRAME_BUFFER:frame|altsyncram:altsyncram_component|altsyncram_2sj1:auto_generated|ram_block1a28~portb_address_reg0 ; CLOCK3_50    ; CLOCK3_50   ; 20.000       ; 0.050      ; 9.958      ;
; 10.128 ; vga:v1|Counter:row_ct|Q[7] ; FRAME_BUFFER:frame|altsyncram:altsyncram_component|altsyncram_2sj1:auto_generated|ram_block1a28~portb_address_reg0 ; CLOCK3_50    ; CLOCK3_50   ; 20.000       ; 0.050      ; 9.951      ;
; 10.138 ; vga:v1|Counter:row_ct|Q[8] ; FRAME_BUFFER:frame|altsyncram:altsyncram_component|altsyncram_2sj1:auto_generated|ram_block1a31~portb_address_reg0 ; CLOCK3_50    ; CLOCK3_50   ; 20.000       ; 0.069      ; 9.960      ;
; 10.145 ; vga:v1|Counter:row_ct|Q[7] ; FRAME_BUFFER:frame|altsyncram:altsyncram_component|altsyncram_2sj1:auto_generated|ram_block1a31~portb_address_reg0 ; CLOCK3_50    ; CLOCK3_50   ; 20.000       ; 0.069      ; 9.953      ;
; 10.156 ; vga:v1|Counter:row_ct|Q[8] ; FRAME_BUFFER:frame|altsyncram:altsyncram_component|altsyncram_2sj1:auto_generated|ram_block1a40~portb_address_reg0 ; CLOCK3_50    ; CLOCK3_50   ; 20.000       ; 0.105      ; 9.978      ;
; 10.159 ; vga:v1|Counter:row_ct|Q[8] ; FRAME_BUFFER:frame|altsyncram:altsyncram_component|altsyncram_2sj1:auto_generated|ram_block1a11~portb_address_reg0 ; CLOCK3_50    ; CLOCK3_50   ; 20.000       ; 0.088      ; 9.958      ;
; 10.162 ; vga:v1|Counter:row_ct|Q[8] ; FRAME_BUFFER:frame|altsyncram:altsyncram_component|altsyncram_2sj1:auto_generated|ram_block1a23~portb_address_reg0 ; CLOCK3_50    ; CLOCK3_50   ; 20.000       ; 0.059      ; 9.926      ;
; 10.163 ; vga:v1|Counter:row_ct|Q[7] ; FRAME_BUFFER:frame|altsyncram:altsyncram_component|altsyncram_2sj1:auto_generated|ram_block1a40~portb_address_reg0 ; CLOCK3_50    ; CLOCK3_50   ; 20.000       ; 0.105      ; 9.971      ;
; 10.166 ; vga:v1|Counter:row_ct|Q[7] ; FRAME_BUFFER:frame|altsyncram:altsyncram_component|altsyncram_2sj1:auto_generated|ram_block1a11~portb_address_reg0 ; CLOCK3_50    ; CLOCK3_50   ; 20.000       ; 0.088      ; 9.951      ;
; 10.169 ; vga:v1|Counter:row_ct|Q[7] ; FRAME_BUFFER:frame|altsyncram:altsyncram_component|altsyncram_2sj1:auto_generated|ram_block1a23~portb_address_reg0 ; CLOCK3_50    ; CLOCK3_50   ; 20.000       ; 0.059      ; 9.919      ;
; 10.172 ; vga:v1|Counter:row_ct|Q[8] ; FRAME_BUFFER:frame|altsyncram:altsyncram_component|altsyncram_2sj1:auto_generated|ram_block1a36~portb_address_reg0 ; CLOCK3_50    ; CLOCK3_50   ; 20.000       ; 0.102      ; 9.959      ;
; 10.175 ; vga:v1|Counter:row_ct|Q[8] ; FRAME_BUFFER:frame|altsyncram:altsyncram_component|altsyncram_2sj1:auto_generated|ram_block1a45~portb_address_reg0 ; CLOCK3_50    ; CLOCK3_50   ; 20.000       ; 0.097      ; 9.951      ;
; 10.177 ; vga:v1|Counter:row_ct|Q[8] ; FRAME_BUFFER:frame|altsyncram:altsyncram_component|altsyncram_2sj1:auto_generated|ram_block1a43~portb_address_reg0 ; CLOCK3_50    ; CLOCK3_50   ; 20.000       ; 0.104      ; 9.956      ;
; 10.178 ; vga:v1|Counter:row_ct|Q[8] ; FRAME_BUFFER:frame|altsyncram:altsyncram_component|altsyncram_2sj1:auto_generated|ram_block1a34~portb_address_reg0 ; CLOCK3_50    ; CLOCK3_50   ; 20.000       ; 0.095      ; 9.946      ;
; 10.179 ; vga:v1|Counter:row_ct|Q[8] ; FRAME_BUFFER:frame|altsyncram:altsyncram_component|altsyncram_2sj1:auto_generated|ram_block1a42~portb_address_reg0 ; CLOCK3_50    ; CLOCK3_50   ; 20.000       ; 0.083      ; 9.933      ;
; 10.179 ; vga:v1|Counter:row_ct|Q[7] ; FRAME_BUFFER:frame|altsyncram:altsyncram_component|altsyncram_2sj1:auto_generated|ram_block1a36~portb_address_reg0 ; CLOCK3_50    ; CLOCK3_50   ; 20.000       ; 0.102      ; 9.952      ;
; 10.182 ; vga:v1|Counter:row_ct|Q[8] ; FRAME_BUFFER:frame|altsyncram:altsyncram_component|altsyncram_2sj1:auto_generated|ram_block1a41~portb_address_reg0 ; CLOCK3_50    ; CLOCK3_50   ; 20.000       ; 0.100      ; 9.947      ;
; 10.182 ; vga:v1|Counter:row_ct|Q[7] ; FRAME_BUFFER:frame|altsyncram:altsyncram_component|altsyncram_2sj1:auto_generated|ram_block1a45~portb_address_reg0 ; CLOCK3_50    ; CLOCK3_50   ; 20.000       ; 0.097      ; 9.944      ;
; 10.184 ; vga:v1|Counter:row_ct|Q[7] ; FRAME_BUFFER:frame|altsyncram:altsyncram_component|altsyncram_2sj1:auto_generated|ram_block1a43~portb_address_reg0 ; CLOCK3_50    ; CLOCK3_50   ; 20.000       ; 0.104      ; 9.949      ;
; 10.185 ; vga:v1|Counter:row_ct|Q[7] ; FRAME_BUFFER:frame|altsyncram:altsyncram_component|altsyncram_2sj1:auto_generated|ram_block1a34~portb_address_reg0 ; CLOCK3_50    ; CLOCK3_50   ; 20.000       ; 0.095      ; 9.939      ;
; 10.186 ; vga:v1|Counter:row_ct|Q[8] ; FRAME_BUFFER:frame|altsyncram:altsyncram_component|altsyncram_2sj1:auto_generated|ram_block1a14~portb_address_reg0 ; CLOCK3_50    ; CLOCK3_50   ; 20.000       ; 0.056      ; 9.899      ;
; 10.186 ; vga:v1|Counter:row_ct|Q[7] ; FRAME_BUFFER:frame|altsyncram:altsyncram_component|altsyncram_2sj1:auto_generated|ram_block1a42~portb_address_reg0 ; CLOCK3_50    ; CLOCK3_50   ; 20.000       ; 0.083      ; 9.926      ;
; 10.189 ; vga:v1|Counter:row_ct|Q[7] ; FRAME_BUFFER:frame|altsyncram:altsyncram_component|altsyncram_2sj1:auto_generated|ram_block1a41~portb_address_reg0 ; CLOCK3_50    ; CLOCK3_50   ; 20.000       ; 0.100      ; 9.940      ;
; 10.193 ; vga:v1|Counter:row_ct|Q[7] ; FRAME_BUFFER:frame|altsyncram:altsyncram_component|altsyncram_2sj1:auto_generated|ram_block1a14~portb_address_reg0 ; CLOCK3_50    ; CLOCK3_50   ; 20.000       ; 0.056      ; 9.892      ;
; 10.207 ; vga:v1|Counter:row_ct|Q[8] ; FRAME_BUFFER:frame|altsyncram:altsyncram_component|altsyncram_2sj1:auto_generated|ram_block1a26~portb_address_reg0 ; CLOCK3_50    ; CLOCK3_50   ; 20.000       ; 0.092      ; 9.914      ;
; 10.214 ; vga:v1|Counter:row_ct|Q[7] ; FRAME_BUFFER:frame|altsyncram:altsyncram_component|altsyncram_2sj1:auto_generated|ram_block1a26~portb_address_reg0 ; CLOCK3_50    ; CLOCK3_50   ; 20.000       ; 0.092      ; 9.907      ;
; 10.218 ; vga:v1|Counter:row_ct|Q[8] ; FRAME_BUFFER:frame|altsyncram:altsyncram_component|altsyncram_2sj1:auto_generated|ram_block1a35~portb_address_reg0 ; CLOCK3_50    ; CLOCK3_50   ; 20.000       ; 0.092      ; 9.903      ;
; 10.225 ; vga:v1|Counter:row_ct|Q[7] ; FRAME_BUFFER:frame|altsyncram:altsyncram_component|altsyncram_2sj1:auto_generated|ram_block1a35~portb_address_reg0 ; CLOCK3_50    ; CLOCK3_50   ; 20.000       ; 0.092      ; 9.896      ;
; 10.228 ; vga:v1|Counter:row_ct|Q[8] ; FRAME_BUFFER:frame|altsyncram:altsyncram_component|altsyncram_2sj1:auto_generated|ram_block1a48~portb_address_reg0 ; CLOCK3_50    ; CLOCK3_50   ; 20.000       ; 0.103      ; 9.904      ;
; 10.235 ; vga:v1|Counter:row_ct|Q[7] ; FRAME_BUFFER:frame|altsyncram:altsyncram_component|altsyncram_2sj1:auto_generated|ram_block1a48~portb_address_reg0 ; CLOCK3_50    ; CLOCK3_50   ; 20.000       ; 0.103      ; 9.897      ;
; 10.256 ; vga:v1|Counter:row_ct|Q[6] ; FRAME_BUFFER:frame|altsyncram:altsyncram_component|altsyncram_2sj1:auto_generated|ram_block1a27~portb_address_reg0 ; CLOCK3_50    ; CLOCK3_50   ; 20.000       ; 0.075      ; 9.848      ;
; 10.256 ; vga:v1|Counter:row_ct|Q[6] ; FRAME_BUFFER:frame|altsyncram:altsyncram_component|altsyncram_2sj1:auto_generated|ram_block1a59~portb_address_reg0 ; CLOCK3_50    ; CLOCK3_50   ; 20.000       ; 0.079      ; 9.852      ;
; 10.274 ; vga:v1|Counter:row_ct|Q[8] ; FRAME_BUFFER:frame|altsyncram:altsyncram_component|altsyncram_2sj1:auto_generated|ram_block1a62~portb_address_reg0 ; CLOCK3_50    ; CLOCK3_50   ; 20.000       ; 0.069      ; 9.824      ;
; 10.278 ; vga:v1|Counter:row_ct|Q[6] ; FRAME_BUFFER:frame|altsyncram:altsyncram_component|altsyncram_2sj1:auto_generated|ram_block1a61~portb_address_reg0 ; CLOCK3_50    ; CLOCK3_50   ; 20.000       ; 0.056      ; 9.807      ;
; 10.281 ; vga:v1|Counter:row_ct|Q[8] ; FRAME_BUFFER:frame|altsyncram:altsyncram_component|altsyncram_2sj1:auto_generated|ram_block1a5~portb_address_reg0  ; CLOCK3_50    ; CLOCK3_50   ; 20.000       ; 0.101      ; 9.849      ;
; 10.281 ; vga:v1|Counter:row_ct|Q[7] ; FRAME_BUFFER:frame|altsyncram:altsyncram_component|altsyncram_2sj1:auto_generated|ram_block1a62~portb_address_reg0 ; CLOCK3_50    ; CLOCK3_50   ; 20.000       ; 0.069      ; 9.817      ;
; 10.282 ; vga:v1|Counter:row_ct|Q[8] ; FRAME_BUFFER:frame|altsyncram:altsyncram_component|altsyncram_2sj1:auto_generated|ram_block1a7~portb_address_reg0  ; CLOCK3_50    ; CLOCK3_50   ; 20.000       ; 0.112      ; 9.859      ;
; 10.285 ; vga:v1|Counter:row_ct|Q[8] ; FRAME_BUFFER:frame|altsyncram:altsyncram_component|altsyncram_2sj1:auto_generated|ram_block1a44~portb_address_reg0 ; CLOCK3_50    ; CLOCK3_50   ; 20.000       ; 0.123      ; 9.867      ;
; 10.285 ; vga:v1|Counter:row_ct|Q[8] ; FRAME_BUFFER:frame|altsyncram:altsyncram_component|altsyncram_2sj1:auto_generated|ram_block1a13~portb_address_reg0 ; CLOCK3_50    ; CLOCK3_50   ; 20.000       ; 0.087      ; 9.831      ;
; 10.285 ; vga:v1|Counter:row_ct|Q[8] ; FRAME_BUFFER:frame|altsyncram:altsyncram_component|altsyncram_2sj1:auto_generated|ram_block1a30~portb_address_reg0 ; CLOCK3_50    ; CLOCK3_50   ; 20.000       ; 0.043      ; 9.787      ;
; 10.286 ; vga:v1|Counter:row_ct|Q[8] ; FRAME_BUFFER:frame|altsyncram:altsyncram_component|altsyncram_2sj1:auto_generated|ram_block1a53~portb_address_reg0 ; CLOCK3_50    ; CLOCK3_50   ; 20.000       ; 0.052      ; 9.795      ;
; 10.288 ; vga:v1|Counter:row_ct|Q[7] ; FRAME_BUFFER:frame|altsyncram:altsyncram_component|altsyncram_2sj1:auto_generated|ram_block1a5~portb_address_reg0  ; CLOCK3_50    ; CLOCK3_50   ; 20.000       ; 0.101      ; 9.842      ;
; 10.289 ; vga:v1|Counter:row_ct|Q[7] ; FRAME_BUFFER:frame|altsyncram:altsyncram_component|altsyncram_2sj1:auto_generated|ram_block1a7~portb_address_reg0  ; CLOCK3_50    ; CLOCK3_50   ; 20.000       ; 0.112      ; 9.852      ;
; 10.290 ; vga:v1|Counter:row_ct|Q[8] ; FRAME_BUFFER:frame|altsyncram:altsyncram_component|altsyncram_2sj1:auto_generated|ram_block1a63~portb_address_reg0 ; CLOCK3_50    ; CLOCK3_50   ; 20.000       ; 0.063      ; 9.802      ;
; 10.292 ; vga:v1|Counter:row_ct|Q[7] ; FRAME_BUFFER:frame|altsyncram:altsyncram_component|altsyncram_2sj1:auto_generated|ram_block1a44~portb_address_reg0 ; CLOCK3_50    ; CLOCK3_50   ; 20.000       ; 0.123      ; 9.860      ;
; 10.292 ; vga:v1|Counter:row_ct|Q[7] ; FRAME_BUFFER:frame|altsyncram:altsyncram_component|altsyncram_2sj1:auto_generated|ram_block1a13~portb_address_reg0 ; CLOCK3_50    ; CLOCK3_50   ; 20.000       ; 0.087      ; 9.824      ;
; 10.292 ; vga:v1|Counter:row_ct|Q[7] ; FRAME_BUFFER:frame|altsyncram:altsyncram_component|altsyncram_2sj1:auto_generated|ram_block1a30~portb_address_reg0 ; CLOCK3_50    ; CLOCK3_50   ; 20.000       ; 0.043      ; 9.780      ;
; 10.293 ; vga:v1|Counter:row_ct|Q[8] ; FRAME_BUFFER:frame|altsyncram:altsyncram_component|altsyncram_2sj1:auto_generated|ram_block1a21~portb_address_reg0 ; CLOCK3_50    ; CLOCK3_50   ; 20.000       ; 0.050      ; 9.786      ;
; 10.293 ; vga:v1|Counter:row_ct|Q[7] ; FRAME_BUFFER:frame|altsyncram:altsyncram_component|altsyncram_2sj1:auto_generated|ram_block1a53~portb_address_reg0 ; CLOCK3_50    ; CLOCK3_50   ; 20.000       ; 0.052      ; 9.788      ;
; 10.297 ; vga:v1|Counter:row_ct|Q[7] ; FRAME_BUFFER:frame|altsyncram:altsyncram_component|altsyncram_2sj1:auto_generated|ram_block1a63~portb_address_reg0 ; CLOCK3_50    ; CLOCK3_50   ; 20.000       ; 0.063      ; 9.795      ;
; 10.300 ; vga:v1|Counter:row_ct|Q[7] ; FRAME_BUFFER:frame|altsyncram:altsyncram_component|altsyncram_2sj1:auto_generated|ram_block1a21~portb_address_reg0 ; CLOCK3_50    ; CLOCK3_50   ; 20.000       ; 0.050      ; 9.779      ;
; 10.312 ; vga:v1|Counter:row_ct|Q[8] ; FRAME_BUFFER:frame|altsyncram:altsyncram_component|altsyncram_2sj1:auto_generated|ram_block1a12~portb_address_reg0 ; CLOCK3_50    ; CLOCK3_50   ; 20.000       ; 0.097      ; 9.814      ;
; 10.319 ; vga:v1|Counter:row_ct|Q[7] ; FRAME_BUFFER:frame|altsyncram:altsyncram_component|altsyncram_2sj1:auto_generated|ram_block1a12~portb_address_reg0 ; CLOCK3_50    ; CLOCK3_50   ; 20.000       ; 0.097      ; 9.807      ;
; 10.324 ; vga:v1|Counter:row_ct|Q[8] ; FRAME_BUFFER:frame|altsyncram:altsyncram_component|altsyncram_2sj1:auto_generated|ram_block1a19~portb_address_reg0 ; CLOCK3_50    ; CLOCK3_50   ; 20.000       ; 0.065      ; 9.770      ;
; 10.328 ; vga:v1|Counter:row_ct|Q[8] ; FRAME_BUFFER:frame|altsyncram:altsyncram_component|altsyncram_2sj1:auto_generated|ram_block1a3~portb_address_reg0  ; CLOCK3_50    ; CLOCK3_50   ; 20.000       ; 0.088      ; 9.789      ;
; 10.329 ; vga:v1|Counter:row_ct|Q[6] ; FRAME_BUFFER:frame|altsyncram:altsyncram_component|altsyncram_2sj1:auto_generated|ram_block1a60~portb_address_reg0 ; CLOCK3_50    ; CLOCK3_50   ; 20.000       ; 0.063      ; 9.763      ;
; 10.331 ; vga:v1|Counter:row_ct|Q[8] ; FRAME_BUFFER:frame|altsyncram:altsyncram_component|altsyncram_2sj1:auto_generated|ram_block1a4~portb_address_reg0  ; CLOCK3_50    ; CLOCK3_50   ; 20.000       ; 0.072      ; 9.770      ;
; 10.331 ; vga:v1|Counter:row_ct|Q[7] ; FRAME_BUFFER:frame|altsyncram:altsyncram_component|altsyncram_2sj1:auto_generated|ram_block1a19~portb_address_reg0 ; CLOCK3_50    ; CLOCK3_50   ; 20.000       ; 0.065      ; 9.763      ;
; 10.333 ; vga:v1|Counter:row_ct|Q[8] ; FRAME_BUFFER:frame|altsyncram:altsyncram_component|altsyncram_2sj1:auto_generated|ram_block1a50~portb_address_reg0 ; CLOCK3_50    ; CLOCK3_50   ; 20.000       ; 0.077      ; 9.773      ;
; 10.335 ; vga:v1|Counter:row_ct|Q[7] ; FRAME_BUFFER:frame|altsyncram:altsyncram_component|altsyncram_2sj1:auto_generated|ram_block1a3~portb_address_reg0  ; CLOCK3_50    ; CLOCK3_50   ; 20.000       ; 0.088      ; 9.782      ;
; 10.338 ; vga:v1|Counter:row_ct|Q[7] ; FRAME_BUFFER:frame|altsyncram:altsyncram_component|altsyncram_2sj1:auto_generated|ram_block1a4~portb_address_reg0  ; CLOCK3_50    ; CLOCK3_50   ; 20.000       ; 0.072      ; 9.763      ;
; 10.340 ; vga:v1|Counter:row_ct|Q[8] ; FRAME_BUFFER:frame|altsyncram:altsyncram_component|altsyncram_2sj1:auto_generated|ram_block1a25~portb_address_reg0 ; CLOCK3_50    ; CLOCK3_50   ; 20.000       ; 0.088      ; 9.777      ;
; 10.340 ; vga:v1|Counter:row_ct|Q[7] ; FRAME_BUFFER:frame|altsyncram:altsyncram_component|altsyncram_2sj1:auto_generated|ram_block1a50~portb_address_reg0 ; CLOCK3_50    ; CLOCK3_50   ; 20.000       ; 0.077      ; 9.766      ;
; 10.346 ; vga:v1|Counter:row_ct|Q[8] ; FRAME_BUFFER:frame|altsyncram:altsyncram_component|altsyncram_2sj1:auto_generated|ram_block1a37~portb_address_reg0 ; CLOCK3_50    ; CLOCK3_50   ; 20.000       ; 0.079      ; 9.762      ;
; 10.346 ; vga:v1|Counter:row_ct|Q[6] ; FRAME_BUFFER:frame|altsyncram:altsyncram_component|altsyncram_2sj1:auto_generated|ram_block1a28~portb_address_reg0 ; CLOCK3_50    ; CLOCK3_50   ; 20.000       ; 0.050      ; 9.733      ;
; 10.347 ; vga:v1|Counter:row_ct|Q[8] ; FRAME_BUFFER:frame|altsyncram:altsyncram_component|altsyncram_2sj1:auto_generated|ram_block1a54~portb_address_reg0 ; CLOCK3_50    ; CLOCK3_50   ; 20.000       ; 0.061      ; 9.743      ;
; 10.347 ; vga:v1|Counter:row_ct|Q[8] ; FRAME_BUFFER:frame|altsyncram:altsyncram_component|altsyncram_2sj1:auto_generated|ram_block1a58~portb_address_reg0 ; CLOCK3_50    ; CLOCK3_50   ; 20.000       ; 0.068      ; 9.750      ;
; 10.347 ; vga:v1|Counter:row_ct|Q[7] ; FRAME_BUFFER:frame|altsyncram:altsyncram_component|altsyncram_2sj1:auto_generated|ram_block1a25~portb_address_reg0 ; CLOCK3_50    ; CLOCK3_50   ; 20.000       ; 0.088      ; 9.770      ;
; 10.348 ; vga:v1|Counter:row_ct|Q[8] ; FRAME_BUFFER:frame|altsyncram:altsyncram_component|altsyncram_2sj1:auto_generated|ram_block1a20~portb_address_reg0 ; CLOCK3_50    ; CLOCK3_50   ; 20.000       ; 0.074      ; 9.755      ;
; 10.353 ; vga:v1|Counter:row_ct|Q[7] ; FRAME_BUFFER:frame|altsyncram:altsyncram_component|altsyncram_2sj1:auto_generated|ram_block1a37~portb_address_reg0 ; CLOCK3_50    ; CLOCK3_50   ; 20.000       ; 0.079      ; 9.755      ;
; 10.354 ; vga:v1|Counter:row_ct|Q[7] ; FRAME_BUFFER:frame|altsyncram:altsyncram_component|altsyncram_2sj1:auto_generated|ram_block1a54~portb_address_reg0 ; CLOCK3_50    ; CLOCK3_50   ; 20.000       ; 0.061      ; 9.736      ;
; 10.354 ; vga:v1|Counter:row_ct|Q[7] ; FRAME_BUFFER:frame|altsyncram:altsyncram_component|altsyncram_2sj1:auto_generated|ram_block1a58~portb_address_reg0 ; CLOCK3_50    ; CLOCK3_50   ; 20.000       ; 0.068      ; 9.743      ;
; 10.355 ; vga:v1|Counter:row_ct|Q[7] ; FRAME_BUFFER:frame|altsyncram:altsyncram_component|altsyncram_2sj1:auto_generated|ram_block1a20~portb_address_reg0 ; CLOCK3_50    ; CLOCK3_50   ; 20.000       ; 0.074      ; 9.748      ;
; 10.363 ; vga:v1|Counter:row_ct|Q[6] ; FRAME_BUFFER:frame|altsyncram:altsyncram_component|altsyncram_2sj1:auto_generated|ram_block1a31~portb_address_reg0 ; CLOCK3_50    ; CLOCK3_50   ; 20.000       ; 0.069      ; 9.735      ;
; 10.367 ; vga:v1|Counter:row_ct|Q[8] ; FRAME_BUFFER:frame|altsyncram:altsyncram_component|altsyncram_2sj1:auto_generated|ram_block1a49~portb_address_reg0 ; CLOCK3_50    ; CLOCK3_50   ; 20.000       ; 0.072      ; 9.734      ;
; 10.368 ; vga:v1|Counter:row_ct|Q[8] ; FRAME_BUFFER:frame|altsyncram:altsyncram_component|altsyncram_2sj1:auto_generated|ram_block1a51~portb_address_reg0 ; CLOCK3_50    ; CLOCK3_50   ; 20.000       ; 0.097      ; 9.758      ;
; 10.368 ; vga:v1|Counter:row_ct|Q[8] ; FRAME_BUFFER:frame|altsyncram:altsyncram_component|altsyncram_2sj1:auto_generated|ram_block1a29~portb_address_reg0 ; CLOCK3_50    ; CLOCK3_50   ; 20.000       ; 0.081      ; 9.742      ;
; 10.372 ; vga:v1|Counter:row_ct|Q[8] ; FRAME_BUFFER:frame|altsyncram:altsyncram_component|altsyncram_2sj1:auto_generated|ram_block1a46~portb_address_reg0 ; CLOCK3_50    ; CLOCK3_50   ; 20.000       ; 0.075      ; 9.732      ;
; 10.374 ; vga:v1|Counter:row_ct|Q[7] ; FRAME_BUFFER:frame|altsyncram:altsyncram_component|altsyncram_2sj1:auto_generated|ram_block1a49~portb_address_reg0 ; CLOCK3_50    ; CLOCK3_50   ; 20.000       ; 0.072      ; 9.727      ;
; 10.375 ; vga:v1|Counter:row_ct|Q[7] ; FRAME_BUFFER:frame|altsyncram:altsyncram_component|altsyncram_2sj1:auto_generated|ram_block1a51~portb_address_reg0 ; CLOCK3_50    ; CLOCK3_50   ; 20.000       ; 0.097      ; 9.751      ;
; 10.375 ; vga:v1|Counter:row_ct|Q[7] ; FRAME_BUFFER:frame|altsyncram:altsyncram_component|altsyncram_2sj1:auto_generated|ram_block1a29~portb_address_reg0 ; CLOCK3_50    ; CLOCK3_50   ; 20.000       ; 0.081      ; 9.735      ;
; 10.378 ; vga:v1|Counter:row_ct|Q[8] ; FRAME_BUFFER:frame|altsyncram:altsyncram_component|altsyncram_2sj1:auto_generated|ram_block1a1~portb_address_reg0  ; CLOCK3_50    ; CLOCK3_50   ; 20.000       ; 0.059      ; 9.710      ;
; 10.379 ; vga:v1|Counter:row_ct|Q[7] ; FRAME_BUFFER:frame|altsyncram:altsyncram_component|altsyncram_2sj1:auto_generated|ram_block1a46~portb_address_reg0 ; CLOCK3_50    ; CLOCK3_50   ; 20.000       ; 0.075      ; 9.725      ;
; 10.381 ; vga:v1|Counter:row_ct|Q[6] ; FRAME_BUFFER:frame|altsyncram:altsyncram_component|altsyncram_2sj1:auto_generated|ram_block1a40~portb_address_reg0 ; CLOCK3_50    ; CLOCK3_50   ; 20.000       ; 0.105      ; 9.753      ;
; 10.384 ; vga:v1|Counter:row_ct|Q[6] ; FRAME_BUFFER:frame|altsyncram:altsyncram_component|altsyncram_2sj1:auto_generated|ram_block1a11~portb_address_reg0 ; CLOCK3_50    ; CLOCK3_50   ; 20.000       ; 0.088      ; 9.733      ;
; 10.385 ; vga:v1|Counter:row_ct|Q[7] ; FRAME_BUFFER:frame|altsyncram:altsyncram_component|altsyncram_2sj1:auto_generated|ram_block1a1~portb_address_reg0  ; CLOCK3_50    ; CLOCK3_50   ; 20.000       ; 0.059      ; 9.703      ;
; 10.387 ; vga:v1|Counter:row_ct|Q[6] ; FRAME_BUFFER:frame|altsyncram:altsyncram_component|altsyncram_2sj1:auto_generated|ram_block1a23~portb_address_reg0 ; CLOCK3_50    ; CLOCK3_50   ; 20.000       ; 0.059      ; 9.701      ;
; 10.396 ; vga:v1|Counter:row_ct|Q[8] ; FRAME_BUFFER:frame|altsyncram:altsyncram_component|altsyncram_2sj1:auto_generated|ram_block1a16~portb_address_reg0 ; CLOCK3_50    ; CLOCK3_50   ; 20.000       ; 0.100      ; 9.733      ;
; 10.397 ; vga:v1|Counter:row_ct|Q[8] ; FRAME_BUFFER:frame|altsyncram:altsyncram_component|altsyncram_2sj1:auto_generated|ram_block1a0~portb_address_reg0  ; CLOCK3_50    ; CLOCK3_50   ; 20.000       ; 0.097      ; 9.729      ;
; 10.397 ; vga:v1|Counter:row_ct|Q[6] ; FRAME_BUFFER:frame|altsyncram:altsyncram_component|altsyncram_2sj1:auto_generated|ram_block1a36~portb_address_reg0 ; CLOCK3_50    ; CLOCK3_50   ; 20.000       ; 0.102      ; 9.734      ;
; 10.400 ; vga:v1|Counter:row_ct|Q[6] ; FRAME_BUFFER:frame|altsyncram:altsyncram_component|altsyncram_2sj1:auto_generated|ram_block1a45~portb_address_reg0 ; CLOCK3_50    ; CLOCK3_50   ; 20.000       ; 0.097      ; 9.726      ;
; 10.402 ; vga:v1|Counter:row_ct|Q[6] ; FRAME_BUFFER:frame|altsyncram:altsyncram_component|altsyncram_2sj1:auto_generated|ram_block1a43~portb_address_reg0 ; CLOCK3_50    ; CLOCK3_50   ; 20.000       ; 0.104      ; 9.731      ;
+--------+----------------------------+--------------------------------------------------------------------------------------------------------------------+--------------+-------------+--------------+------------+------------+


+-----------------------------------------------------------------------------------------------------------------------------------------------------------------------------------------------------------------------------------------------------------------------------------------------------------------------------------------------------------------------------+
; Fast 1200mV 0C Model Hold: 'CLOCK_50'                                                                                                                                                                                                                                                                                                                                       ;
+-------+---------------------------------------------------------------------------------------------------------------------------------------------+-------------------------------------------------------------------------------------------------------------------------------------------------+--------------+-------------+--------------+------------+------------+
; Slack ; From Node                                                                                                                                   ; To Node                                                                                                                                         ; Launch Clock ; Latch Clock ; Relationship ; Clock Skew ; Data Delay ;
+-------+---------------------------------------------------------------------------------------------------------------------------------------------+-------------------------------------------------------------------------------------------------------------------------------------------------+--------------+-------------+--------------+------------+------------+
; 0.181 ; gameboy:dut|cnt[1]                                                                                                                          ; gameboy:dut|cnt[1]                                                                                                                              ; CLOCK_50     ; CLOCK_50    ; 0.000        ; 0.042      ; 0.307      ;
; 0.181 ; gameboy:dut|MMU:mmu|IO_handler:io_registers|start_dma                                                                                       ; gameboy:dut|MMU:mmu|IO_handler:io_registers|start_dma                                                                                           ; CLOCK_50     ; CLOCK_50    ; 0.000        ; 0.042      ; 0.307      ;
; 0.181 ; gameboy:dut|MMU:mmu|BRAM_handler:memory_units|MM_out_chooser:memory_out_muxer|dma_select[1]                                                 ; gameboy:dut|MMU:mmu|BRAM_handler:memory_units|MM_out_chooser:memory_out_muxer|dma_select[1]                                                     ; CLOCK_50     ; CLOCK_50    ; 0.000        ; 0.042      ; 0.307      ;
; 0.181 ; gameboy:dut|MMU:mmu|IO_handler:io_registers|NR52_R[7]                                                                                       ; gameboy:dut|MMU:mmu|IO_handler:io_registers|NR52_R[7]                                                                                           ; CLOCK_50     ; CLOCK_50    ; 0.000        ; 0.042      ; 0.307      ;
; 0.187 ; gameboy:dut|MMU:mmu|BRAM_handler:memory_units|ROM_BANK:rom0|altsyncram:altsyncram_component|altsyncram_frc1:auto_generated|address_reg_a[0] ; gameboy:dut|MMU:mmu|BRAM_handler:memory_units|ROM_BANK:rom0|altsyncram:altsyncram_component|altsyncram_frc1:auto_generated|out_address_reg_a[0] ; CLOCK_50     ; CLOCK_50    ; 0.000        ; 0.043      ; 0.314      ;
; 0.187 ; gameboy:dut|MMU:mmu|BRAM_handler:memory_units|MM_out_chooser:memory_out_muxer|ppu_select[0]                                                 ; gameboy:dut|MMU:mmu|BRAM_handler:memory_units|MM_out_chooser:memory_out_muxer|ppu_memory_selector[0]                                            ; CLOCK_50     ; CLOCK_50    ; 0.000        ; 0.043      ; 0.314      ;
; 0.188 ; gameboy:dut|cnt[0]                                                                                                                          ; gameboy:dut|cnt[0]                                                                                                                              ; CLOCK_50     ; CLOCK_50    ; 0.000        ; 0.042      ; 0.314      ;
; 0.190 ; gameboy:dut|MMU:mmu|BRAM_handler:memory_units|MM_out_chooser:memory_out_muxer|dma_select[1]                                                 ; gameboy:dut|MMU:mmu|BRAM_handler:memory_units|MM_out_chooser:memory_out_muxer|dma_memory_selector[1]                                            ; CLOCK_50     ; CLOCK_50    ; 0.000        ; 0.042      ; 0.316      ;
; 0.201 ; gameboy:dut|cpu_clk                                                                                                                         ; gameboy:dut|cpu_clk                                                                                                                             ; CLOCK_50     ; CLOCK_50    ; 0.000        ; 0.022      ; 0.307      ;
; 0.208 ; ppu_clk                                                                                                                                     ; ppu_clk                                                                                                                                         ; CLOCK_50     ; CLOCK_50    ; 0.000        ; 0.022      ; 0.314      ;
; 0.258 ; gameboy:dut|MMU:mmu|IO_handler:io_registers|tima_ticks[10]                                                                                  ; gameboy:dut|MMU:mmu|IO_handler:io_registers|tima_ticks[10]                                                                                      ; CLOCK_50     ; CLOCK_50    ; 0.000        ; 0.042      ; 0.384      ;
; 0.292 ; gameboy:dut|MMU:mmu|IO_handler:io_registers|tima_ticks[7]                                                                                   ; gameboy:dut|MMU:mmu|IO_handler:io_registers|tima_ticks[7]                                                                                       ; CLOCK_50     ; CLOCK_50    ; 0.000        ; 0.042      ; 0.418      ;
; 0.292 ; gameboy:dut|MMU:mmu|IO_handler:io_registers|tima_ticks[9]                                                                                   ; gameboy:dut|MMU:mmu|IO_handler:io_registers|tima_ticks[9]                                                                                       ; CLOCK_50     ; CLOCK_50    ; 0.000        ; 0.042      ; 0.418      ;
; 0.293 ; gameboy:dut|MMU:mmu|IO_handler:io_registers|tima_ticks[5]                                                                                   ; gameboy:dut|MMU:mmu|IO_handler:io_registers|tima_ticks[5]                                                                                       ; CLOCK_50     ; CLOCK_50    ; 0.000        ; 0.042      ; 0.419      ;
; 0.293 ; gameboy:dut|MMU:mmu|IO_handler:io_registers|DIV_R[5]                                                                                        ; gameboy:dut|MMU:mmu|IO_handler:io_registers|DIV_R[5]                                                                                            ; CLOCK_50     ; CLOCK_50    ; 0.000        ; 0.042      ; 0.419      ;
; 0.293 ; gameboy:dut|MMU:mmu|IO_handler:io_registers|divider_ticks[5]                                                                                ; gameboy:dut|MMU:mmu|IO_handler:io_registers|divider_ticks[5]                                                                                    ; CLOCK_50     ; CLOCK_50    ; 0.000        ; 0.041      ; 0.418      ;
; 0.293 ; gameboy:dut|MMU:mmu|IO_handler:io_registers|divider_ticks[1]                                                                                ; gameboy:dut|MMU:mmu|IO_handler:io_registers|divider_ticks[1]                                                                                    ; CLOCK_50     ; CLOCK_50    ; 0.000        ; 0.041      ; 0.418      ;
; 0.293 ; gameboy:dut|MMU:mmu|IO_handler:io_registers|divider_ticks[3]                                                                                ; gameboy:dut|MMU:mmu|IO_handler:io_registers|divider_ticks[3]                                                                                    ; CLOCK_50     ; CLOCK_50    ; 0.000        ; 0.041      ; 0.418      ;
; 0.294 ; gameboy:dut|MMU:mmu|IO_handler:io_registers|tima_ticks[6]                                                                                   ; gameboy:dut|MMU:mmu|IO_handler:io_registers|tima_ticks[6]                                                                                       ; CLOCK_50     ; CLOCK_50    ; 0.000        ; 0.042      ; 0.420      ;
; 0.294 ; gameboy:dut|MMU:mmu|IO_handler:io_registers|DIV_R[7]                                                                                        ; gameboy:dut|MMU:mmu|IO_handler:io_registers|DIV_R[7]                                                                                            ; CLOCK_50     ; CLOCK_50    ; 0.000        ; 0.042      ; 0.420      ;
; 0.294 ; gameboy:dut|MMU:mmu|IO_handler:io_registers|DIV_R[6]                                                                                        ; gameboy:dut|MMU:mmu|IO_handler:io_registers|DIV_R[6]                                                                                            ; CLOCK_50     ; CLOCK_50    ; 0.000        ; 0.042      ; 0.420      ;
; 0.294 ; gameboy:dut|MMU:mmu|IO_handler:io_registers|divider_ticks[7]                                                                                ; gameboy:dut|MMU:mmu|IO_handler:io_registers|divider_ticks[7]                                                                                    ; CLOCK_50     ; CLOCK_50    ; 0.000        ; 0.041      ; 0.419      ;
; 0.295 ; gameboy:dut|MMU:mmu|IO_handler:io_registers|tima_ticks[8]                                                                                   ; gameboy:dut|MMU:mmu|IO_handler:io_registers|tima_ticks[8]                                                                                       ; CLOCK_50     ; CLOCK_50    ; 0.000        ; 0.042      ; 0.421      ;
; 0.295 ; gameboy:dut|MMU:mmu|IO_handler:io_registers|DIV_R[2]                                                                                        ; gameboy:dut|MMU:mmu|IO_handler:io_registers|DIV_R[2]                                                                                            ; CLOCK_50     ; CLOCK_50    ; 0.000        ; 0.042      ; 0.421      ;
; 0.295 ; gameboy:dut|MMU:mmu|IO_handler:io_registers|divider_ticks[8]                                                                                ; gameboy:dut|MMU:mmu|IO_handler:io_registers|divider_ticks[8]                                                                                    ; CLOCK_50     ; CLOCK_50    ; 0.000        ; 0.041      ; 0.420      ;
; 0.295 ; gameboy:dut|MMU:mmu|IO_handler:io_registers|divider_ticks[2]                                                                                ; gameboy:dut|MMU:mmu|IO_handler:io_registers|divider_ticks[2]                                                                                    ; CLOCK_50     ; CLOCK_50    ; 0.000        ; 0.041      ; 0.420      ;
; 0.295 ; gameboy:dut|MMU:mmu|IO_handler:io_registers|divider_ticks[4]                                                                                ; gameboy:dut|MMU:mmu|IO_handler:io_registers|divider_ticks[4]                                                                                    ; CLOCK_50     ; CLOCK_50    ; 0.000        ; 0.041      ; 0.420      ;
; 0.295 ; gameboy:dut|MMU:mmu|IO_handler:io_registers|divider_ticks[6]                                                                                ; gameboy:dut|MMU:mmu|IO_handler:io_registers|divider_ticks[6]                                                                                    ; CLOCK_50     ; CLOCK_50    ; 0.000        ; 0.041      ; 0.420      ;
; 0.295 ; gameboy:dut|MMU:mmu|IO_handler:io_registers|divider_ticks[9]                                                                                ; gameboy:dut|MMU:mmu|IO_handler:io_registers|divider_ticks[9]                                                                                    ; CLOCK_50     ; CLOCK_50    ; 0.000        ; 0.041      ; 0.420      ;
; 0.296 ; gameboy:dut|cnt[0]                                                                                                                          ; gameboy:dut|cnt[1]                                                                                                                              ; CLOCK_50     ; CLOCK_50    ; 0.000        ; 0.042      ; 0.422      ;
; 0.299 ; gameboy:dut|MMU:mmu|IO_handler:io_registers|tima_ticks[1]                                                                                   ; gameboy:dut|MMU:mmu|IO_handler:io_registers|tima_ticks[1]                                                                                       ; CLOCK_50     ; CLOCK_50    ; 0.000        ; 0.042      ; 0.425      ;
; 0.299 ; gameboy:dut|MMU:mmu|IO_handler:io_registers|DIV_R[3]                                                                                        ; gameboy:dut|MMU:mmu|IO_handler:io_registers|DIV_R[3]                                                                                            ; CLOCK_50     ; CLOCK_50    ; 0.000        ; 0.042      ; 0.425      ;
; 0.299 ; gameboy:dut|MMU:mmu|IO_handler:io_registers|DIV_R[1]                                                                                        ; gameboy:dut|MMU:mmu|IO_handler:io_registers|DIV_R[1]                                                                                            ; CLOCK_50     ; CLOCK_50    ; 0.000        ; 0.042      ; 0.425      ;
; 0.300 ; gameboy:dut|MMU:mmu|IO_handler:io_registers|tima_ticks[2]                                                                                   ; gameboy:dut|MMU:mmu|IO_handler:io_registers|tima_ticks[2]                                                                                       ; CLOCK_50     ; CLOCK_50    ; 0.000        ; 0.042      ; 0.426      ;
; 0.300 ; gameboy:dut|MMU:mmu|IO_handler:io_registers|DIV_R[4]                                                                                        ; gameboy:dut|MMU:mmu|IO_handler:io_registers|DIV_R[4]                                                                                            ; CLOCK_50     ; CLOCK_50    ; 0.000        ; 0.042      ; 0.426      ;
; 0.303 ; gameboy:dut|MMU:mmu|IO_handler:io_registers|divider_ticks[10]                                                                               ; gameboy:dut|MMU:mmu|IO_handler:io_registers|divider_ticks[10]                                                                                   ; CLOCK_50     ; CLOCK_50    ; 0.000        ; 0.041      ; 0.428      ;
; 0.304 ; gameboy:dut|MMU:mmu|IO_handler:io_registers|divider_ticks[0]                                                                                ; gameboy:dut|MMU:mmu|IO_handler:io_registers|divider_ticks[0]                                                                                    ; CLOCK_50     ; CLOCK_50    ; 0.000        ; 0.041      ; 0.429      ;
; 0.305 ; gameboy:dut|MMU:mmu|IO_handler:io_registers|tima_ticks[3]                                                                                   ; gameboy:dut|MMU:mmu|IO_handler:io_registers|tima_ticks[3]                                                                                       ; CLOCK_50     ; CLOCK_50    ; 0.000        ; 0.042      ; 0.431      ;
; 0.305 ; gameboy:dut|MMU:mmu|IO_handler:io_registers|tima_ticks[4]                                                                                   ; gameboy:dut|MMU:mmu|IO_handler:io_registers|tima_ticks[4]                                                                                       ; CLOCK_50     ; CLOCK_50    ; 0.000        ; 0.042      ; 0.431      ;
; 0.305 ; gameboy:dut|MMU:mmu|IO_handler:io_registers|DIV_R[0]                                                                                        ; gameboy:dut|MMU:mmu|IO_handler:io_registers|DIV_R[0]                                                                                            ; CLOCK_50     ; CLOCK_50    ; 0.000        ; 0.042      ; 0.431      ;
; 0.312 ; gameboy:dut|MMU:mmu|IO_handler:io_registers|tima_ticks[0]                                                                                   ; gameboy:dut|MMU:mmu|IO_handler:io_registers|tima_ticks[0]                                                                                       ; CLOCK_50     ; CLOCK_50    ; 0.000        ; 0.042      ; 0.438      ;
; 0.338 ; gameboy:dut|MMU:mmu|BRAM_handler:memory_units|MM_out_chooser:memory_out_muxer|ppu_select[2]                                                 ; gameboy:dut|MMU:mmu|BRAM_handler:memory_units|MM_out_chooser:memory_out_muxer|ppu_memory_selector[2]                                            ; CLOCK_50     ; CLOCK_50    ; 0.000        ; 0.041      ; 0.463      ;
; 0.361 ; rst                                                                                                                                         ; gameboy:dut|MMU:mmu|IO_handler:io_registers|PPU_R.LY_R[6]                                                                                       ; CLOCK3_50    ; CLOCK_50    ; 0.000        ; 0.124      ; 0.569      ;
; 0.361 ; rst                                                                                                                                         ; gameboy:dut|MMU:mmu|IO_handler:io_registers|PPU_R.LY_R[0]                                                                                       ; CLOCK3_50    ; CLOCK_50    ; 0.000        ; 0.124      ; 0.569      ;
; 0.365 ; rst                                                                                                                                         ; gameboy:dut|MMU:mmu|IO_handler:io_registers|PPU_R.LY_R[7]                                                                                       ; CLOCK3_50    ; CLOCK_50    ; 0.000        ; 0.124      ; 0.573      ;
; 0.366 ; rst                                                                                                                                         ; gameboy:dut|MMU:mmu|IO_handler:io_registers|PPU_R.LY_R[1]                                                                                       ; CLOCK3_50    ; CLOCK_50    ; 0.000        ; 0.124      ; 0.574      ;
; 0.372 ; gameboy:dut|MMU:mmu|BRAM_handler:memory_units|MM_out_chooser:memory_out_muxer|cpu_select[2]                                                 ; gameboy:dut|MMU:mmu|BRAM_handler:memory_units|MM_out_chooser:memory_out_muxer|cpu_memory_selector[2]                                            ; CLOCK_50     ; CLOCK_50    ; 0.000        ; 0.035      ; 0.491      ;
; 0.393 ; gameboy:dut|MMU:mmu|BRAM_handler:memory_units|MM_out_chooser:memory_out_muxer|cpu_select[0]                                                 ; gameboy:dut|MMU:mmu|BRAM_handler:memory_units|MM_out_chooser:memory_out_muxer|cpu_memory_selector[0]                                            ; CLOCK_50     ; CLOCK_50    ; 0.000        ; 0.036      ; 0.513      ;
; 0.401 ; gameboy:dut|MMU:mmu|BRAM_handler:memory_units|MM_out_chooser:memory_out_muxer|dma_select[2]                                                 ; gameboy:dut|MMU:mmu|BRAM_handler:memory_units|MM_out_chooser:memory_out_muxer|dma_memory_selector[2]                                            ; CLOCK_50     ; CLOCK_50    ; 0.000        ; 0.042      ; 0.527      ;
; 0.412 ; gameboy:dut|MMU:mmu|IO_handler:io_registers|TMA_R[3]                                                                                        ; gameboy:dut|MMU:mmu|IO_handler:io_registers|TIMA_R[3]                                                                                           ; CLOCK_50     ; CLOCK_50    ; 0.000        ; 0.038      ; 0.534      ;
; 0.414 ; gameboy:dut|MMU:mmu|IO_handler:io_registers|TIMA_R[7]                                                                                       ; gameboy:dut|MMU:mmu|IO_handler:io_registers|TIMA_R[7]                                                                                           ; CLOCK_50     ; CLOCK_50    ; 0.000        ; 0.042      ; 0.540      ;
; 0.420 ; gameboy:dut|MMU:mmu|IO_handler:io_registers|TMA_R[0]                                                                                        ; gameboy:dut|MMU:mmu|IO_handler:io_registers|TIMA_R[0]                                                                                           ; CLOCK_50     ; CLOCK_50    ; 0.000        ; 0.038      ; 0.542      ;
; 0.441 ; gameboy:dut|MMU:mmu|IO_handler:io_registers|tima_ticks[9]                                                                                   ; gameboy:dut|MMU:mmu|IO_handler:io_registers|tima_ticks[10]                                                                                      ; CLOCK_50     ; CLOCK_50    ; 0.000        ; 0.042      ; 0.567      ;
; 0.441 ; gameboy:dut|MMU:mmu|IO_handler:io_registers|tima_ticks[7]                                                                                   ; gameboy:dut|MMU:mmu|IO_handler:io_registers|tima_ticks[8]                                                                                       ; CLOCK_50     ; CLOCK_50    ; 0.000        ; 0.042      ; 0.567      ;
; 0.442 ; gameboy:dut|MMU:mmu|IO_handler:io_registers|tima_ticks[5]                                                                                   ; gameboy:dut|MMU:mmu|IO_handler:io_registers|tima_ticks[6]                                                                                       ; CLOCK_50     ; CLOCK_50    ; 0.000        ; 0.042      ; 0.568      ;
; 0.442 ; gameboy:dut|MMU:mmu|IO_handler:io_registers|DIV_R[5]                                                                                        ; gameboy:dut|MMU:mmu|IO_handler:io_registers|DIV_R[6]                                                                                            ; CLOCK_50     ; CLOCK_50    ; 0.000        ; 0.042      ; 0.568      ;
; 0.442 ; gameboy:dut|MMU:mmu|IO_handler:io_registers|divider_ticks[1]                                                                                ; gameboy:dut|MMU:mmu|IO_handler:io_registers|divider_ticks[2]                                                                                    ; CLOCK_50     ; CLOCK_50    ; 0.000        ; 0.041      ; 0.567      ;
; 0.442 ; gameboy:dut|MMU:mmu|IO_handler:io_registers|divider_ticks[3]                                                                                ; gameboy:dut|MMU:mmu|IO_handler:io_registers|divider_ticks[4]                                                                                    ; CLOCK_50     ; CLOCK_50    ; 0.000        ; 0.041      ; 0.567      ;
; 0.442 ; gameboy:dut|MMU:mmu|IO_handler:io_registers|divider_ticks[5]                                                                                ; gameboy:dut|MMU:mmu|IO_handler:io_registers|divider_ticks[6]                                                                                    ; CLOCK_50     ; CLOCK_50    ; 0.000        ; 0.041      ; 0.567      ;
; 0.443 ; gameboy:dut|MMU:mmu|IO_handler:io_registers|divider_ticks[7]                                                                                ; gameboy:dut|MMU:mmu|IO_handler:io_registers|divider_ticks[8]                                                                                    ; CLOCK_50     ; CLOCK_50    ; 0.000        ; 0.041      ; 0.568      ;
; 0.444 ; gameboy:dut|MMU:mmu|IO_handler:io_registers|divider_ticks[9]                                                                                ; gameboy:dut|MMU:mmu|IO_handler:io_registers|divider_ticks[10]                                                                                   ; CLOCK_50     ; CLOCK_50    ; 0.000        ; 0.041      ; 0.569      ;
; 0.448 ; gameboy:dut|MMU:mmu|IO_handler:io_registers|DIV_R[1]                                                                                        ; gameboy:dut|MMU:mmu|IO_handler:io_registers|DIV_R[2]                                                                                            ; CLOCK_50     ; CLOCK_50    ; 0.000        ; 0.042      ; 0.574      ;
; 0.448 ; gameboy:dut|MMU:mmu|IO_handler:io_registers|tima_ticks[1]                                                                                   ; gameboy:dut|MMU:mmu|IO_handler:io_registers|tima_ticks[2]                                                                                       ; CLOCK_50     ; CLOCK_50    ; 0.000        ; 0.042      ; 0.574      ;
; 0.448 ; gameboy:dut|MMU:mmu|IO_handler:io_registers|DIV_R[3]                                                                                        ; gameboy:dut|MMU:mmu|IO_handler:io_registers|DIV_R[4]                                                                                            ; CLOCK_50     ; CLOCK_50    ; 0.000        ; 0.042      ; 0.574      ;
; 0.451 ; gameboy:dut|MMU:mmu|IO_handler:io_registers|divider_ticks[0]                                                                                ; gameboy:dut|MMU:mmu|IO_handler:io_registers|divider_ticks[1]                                                                                    ; CLOCK_50     ; CLOCK_50    ; 0.000        ; 0.041      ; 0.576      ;
; 0.452 ; gameboy:dut|MMU:mmu|IO_handler:io_registers|tima_ticks[6]                                                                                   ; gameboy:dut|MMU:mmu|IO_handler:io_registers|tima_ticks[7]                                                                                       ; CLOCK_50     ; CLOCK_50    ; 0.000        ; 0.042      ; 0.578      ;
; 0.452 ; gameboy:dut|MMU:mmu|IO_handler:io_registers|DIV_R[6]                                                                                        ; gameboy:dut|MMU:mmu|IO_handler:io_registers|DIV_R[7]                                                                                            ; CLOCK_50     ; CLOCK_50    ; 0.000        ; 0.042      ; 0.578      ;
; 0.452 ; gameboy:dut|MMU:mmu|IO_handler:io_registers|DIV_R[0]                                                                                        ; gameboy:dut|MMU:mmu|IO_handler:io_registers|DIV_R[1]                                                                                            ; CLOCK_50     ; CLOCK_50    ; 0.000        ; 0.042      ; 0.578      ;
; 0.453 ; gameboy:dut|MMU:mmu|IO_handler:io_registers|tima_ticks[8]                                                                                   ; gameboy:dut|MMU:mmu|IO_handler:io_registers|tima_ticks[9]                                                                                       ; CLOCK_50     ; CLOCK_50    ; 0.000        ; 0.042      ; 0.579      ;
; 0.453 ; gameboy:dut|MMU:mmu|IO_handler:io_registers|divider_ticks[4]                                                                                ; gameboy:dut|MMU:mmu|IO_handler:io_registers|divider_ticks[5]                                                                                    ; CLOCK_50     ; CLOCK_50    ; 0.000        ; 0.041      ; 0.578      ;
; 0.453 ; gameboy:dut|MMU:mmu|IO_handler:io_registers|divider_ticks[2]                                                                                ; gameboy:dut|MMU:mmu|IO_handler:io_registers|divider_ticks[3]                                                                                    ; CLOCK_50     ; CLOCK_50    ; 0.000        ; 0.041      ; 0.578      ;
; 0.453 ; gameboy:dut|MMU:mmu|IO_handler:io_registers|divider_ticks[6]                                                                                ; gameboy:dut|MMU:mmu|IO_handler:io_registers|divider_ticks[7]                                                                                    ; CLOCK_50     ; CLOCK_50    ; 0.000        ; 0.041      ; 0.578      ;
; 0.453 ; gameboy:dut|MMU:mmu|IO_handler:io_registers|divider_ticks[8]                                                                                ; gameboy:dut|MMU:mmu|IO_handler:io_registers|divider_ticks[9]                                                                                    ; CLOCK_50     ; CLOCK_50    ; 0.000        ; 0.041      ; 0.578      ;
; 0.453 ; gameboy:dut|MMU:mmu|IO_handler:io_registers|DIV_R[2]                                                                                        ; gameboy:dut|MMU:mmu|IO_handler:io_registers|DIV_R[3]                                                                                            ; CLOCK_50     ; CLOCK_50    ; 0.000        ; 0.042      ; 0.579      ;
; 0.454 ; gameboy:dut|MMU:mmu|IO_handler:io_registers|tima_ticks[3]                                                                                   ; gameboy:dut|MMU:mmu|IO_handler:io_registers|tima_ticks[4]                                                                                       ; CLOCK_50     ; CLOCK_50    ; 0.000        ; 0.042      ; 0.580      ;
; 0.454 ; gameboy:dut|MMU:mmu|IO_handler:io_registers|divider_ticks[0]                                                                                ; gameboy:dut|MMU:mmu|IO_handler:io_registers|divider_ticks[2]                                                                                    ; CLOCK_50     ; CLOCK_50    ; 0.000        ; 0.041      ; 0.579      ;
; 0.455 ; gameboy:dut|MMU:mmu|IO_handler:io_registers|TIMA_R[2]                                                                                       ; gameboy:dut|MMU:mmu|IO_handler:io_registers|TIMA_R[2]                                                                                           ; CLOCK_50     ; CLOCK_50    ; 0.000        ; 0.042      ; 0.581      ;
; 0.455 ; gameboy:dut|MMU:mmu|IO_handler:io_registers|tima_ticks[6]                                                                                   ; gameboy:dut|MMU:mmu|IO_handler:io_registers|tima_ticks[8]                                                                                       ; CLOCK_50     ; CLOCK_50    ; 0.000        ; 0.042      ; 0.581      ;
; 0.455 ; gameboy:dut|MMU:mmu|IO_handler:io_registers|DIV_R[0]                                                                                        ; gameboy:dut|MMU:mmu|IO_handler:io_registers|DIV_R[2]                                                                                            ; CLOCK_50     ; CLOCK_50    ; 0.000        ; 0.042      ; 0.581      ;
; 0.456 ; gameboy:dut|MMU:mmu|IO_handler:io_registers|tima_ticks[8]                                                                                   ; gameboy:dut|MMU:mmu|IO_handler:io_registers|tima_ticks[10]                                                                                      ; CLOCK_50     ; CLOCK_50    ; 0.000        ; 0.042      ; 0.582      ;
; 0.456 ; gameboy:dut|MMU:mmu|IO_handler:io_registers|divider_ticks[2]                                                                                ; gameboy:dut|MMU:mmu|IO_handler:io_registers|divider_ticks[4]                                                                                    ; CLOCK_50     ; CLOCK_50    ; 0.000        ; 0.041      ; 0.581      ;
; 0.456 ; gameboy:dut|MMU:mmu|IO_handler:io_registers|divider_ticks[4]                                                                                ; gameboy:dut|MMU:mmu|IO_handler:io_registers|divider_ticks[6]                                                                                    ; CLOCK_50     ; CLOCK_50    ; 0.000        ; 0.041      ; 0.581      ;
; 0.456 ; gameboy:dut|MMU:mmu|IO_handler:io_registers|divider_ticks[6]                                                                                ; gameboy:dut|MMU:mmu|IO_handler:io_registers|divider_ticks[8]                                                                                    ; CLOCK_50     ; CLOCK_50    ; 0.000        ; 0.041      ; 0.581      ;
; 0.456 ; gameboy:dut|MMU:mmu|IO_handler:io_registers|divider_ticks[8]                                                                                ; gameboy:dut|MMU:mmu|IO_handler:io_registers|divider_ticks[10]                                                                                   ; CLOCK_50     ; CLOCK_50    ; 0.000        ; 0.041      ; 0.581      ;
; 0.456 ; gameboy:dut|MMU:mmu|IO_handler:io_registers|DIV_R[2]                                                                                        ; gameboy:dut|MMU:mmu|IO_handler:io_registers|DIV_R[4]                                                                                            ; CLOCK_50     ; CLOCK_50    ; 0.000        ; 0.042      ; 0.582      ;
; 0.458 ; gameboy:dut|MMU:mmu|IO_handler:io_registers|DIV_R[4]                                                                                        ; gameboy:dut|MMU:mmu|IO_handler:io_registers|DIV_R[5]                                                                                            ; CLOCK_50     ; CLOCK_50    ; 0.000        ; 0.042      ; 0.584      ;
; 0.458 ; gameboy:dut|MMU:mmu|IO_handler:io_registers|tima_ticks[2]                                                                                   ; gameboy:dut|MMU:mmu|IO_handler:io_registers|tima_ticks[3]                                                                                       ; CLOCK_50     ; CLOCK_50    ; 0.000        ; 0.042      ; 0.584      ;
; 0.459 ; gameboy:dut|MMU:mmu|IO_handler:io_registers|tima_ticks[0]                                                                                   ; gameboy:dut|MMU:mmu|IO_handler:io_registers|tima_ticks[1]                                                                                       ; CLOCK_50     ; CLOCK_50    ; 0.000        ; 0.042      ; 0.585      ;
; 0.461 ; gameboy:dut|MMU:mmu|IO_handler:io_registers|DIV_R[4]                                                                                        ; gameboy:dut|MMU:mmu|IO_handler:io_registers|DIV_R[6]                                                                                            ; CLOCK_50     ; CLOCK_50    ; 0.000        ; 0.042      ; 0.587      ;
; 0.461 ; gameboy:dut|MMU:mmu|IO_handler:io_registers|tima_ticks[2]                                                                                   ; gameboy:dut|MMU:mmu|IO_handler:io_registers|tima_ticks[4]                                                                                       ; CLOCK_50     ; CLOCK_50    ; 0.000        ; 0.042      ; 0.587      ;
; 0.462 ; gameboy:dut|MMU:mmu|IO_handler:io_registers|tima_ticks[0]                                                                                   ; gameboy:dut|MMU:mmu|IO_handler:io_registers|tima_ticks[2]                                                                                       ; CLOCK_50     ; CLOCK_50    ; 0.000        ; 0.042      ; 0.588      ;
; 0.463 ; gameboy:dut|MMU:mmu|IO_handler:io_registers|tima_ticks[4]                                                                                   ; gameboy:dut|MMU:mmu|IO_handler:io_registers|tima_ticks[5]                                                                                       ; CLOCK_50     ; CLOCK_50    ; 0.000        ; 0.042      ; 0.589      ;
; 0.466 ; gameboy:dut|MMU:mmu|IO_handler:io_registers|tima_ticks[4]                                                                                   ; gameboy:dut|MMU:mmu|IO_handler:io_registers|tima_ticks[6]                                                                                       ; CLOCK_50     ; CLOCK_50    ; 0.000        ; 0.042      ; 0.592      ;
; 0.468 ; gameboy:dut|MMU:mmu|BRAM_handler:memory_units|MM_out_chooser:memory_out_muxer|cpu_select[1]                                                 ; gameboy:dut|MMU:mmu|BRAM_handler:memory_units|MM_out_chooser:memory_out_muxer|cpu_memory_selector[1]                                            ; CLOCK_50     ; CLOCK_50    ; 0.000        ; 0.041      ; 0.593      ;
; 0.481 ; gameboy:dut|MMU:mmu|IO_handler:io_registers|TMA_R[4]                                                                                        ; gameboy:dut|MMU:mmu|IO_handler:io_registers|TIMA_R[4]                                                                                           ; CLOCK_50     ; CLOCK_50    ; 0.000        ; 0.038      ; 0.603      ;
; 0.483 ; rst                                                                                                                                         ; gameboy:dut|MMU:mmu|IO_handler:io_registers|PPU_R.LY_R[4]                                                                                       ; CLOCK3_50    ; CLOCK_50    ; 0.000        ; 0.132      ; 0.699      ;
; 0.484 ; gameboy:dut|MMU:mmu|BRAM_handler:memory_units|MM_out_chooser:memory_out_muxer|dma_select[0]                                                 ; gameboy:dut|MMU:mmu|BRAM_handler:memory_units|MM_out_chooser:memory_out_muxer|dma_memory_selector[0]                                            ; CLOCK_50     ; CLOCK_50    ; 0.000        ; 0.043      ; 0.611      ;
; 0.490 ; rst                                                                                                                                         ; gameboy:dut|MMU:mmu|IO_handler:io_registers|PPU_R.LY_R[2]                                                                                       ; CLOCK3_50    ; CLOCK_50    ; 0.000        ; 0.132      ; 0.706      ;
; 0.494 ; rst                                                                                                                                         ; gameboy:dut|MMU:mmu|IO_handler:io_registers|PPU_R.LY_R[3]                                                                                       ; CLOCK3_50    ; CLOCK_50    ; 0.000        ; 0.132      ; 0.710      ;
; 0.495 ; rst                                                                                                                                         ; gameboy:dut|MMU:mmu|IO_handler:io_registers|PPU_R.LY_R[5]                                                                                       ; CLOCK3_50    ; CLOCK_50    ; 0.000        ; 0.132      ; 0.711      ;
+-------+---------------------------------------------------------------------------------------------------------------------------------------------+-------------------------------------------------------------------------------------------------------------------------------------------------+--------------+-------------+--------------+------------+------------+


+-------------------------------------------------------------------------------------------------------------------------------------------------------------------------------------------------------------------------------------------------------------------------------------------+
; Fast 1200mV 0C Model Hold: 'CLOCK3_50'                                                                                                                                                                                                                                                    ;
+-------+----------------------------------------------------------------------------------------------------+--------------------------------------------------------------------------------------------------------+--------------+-------------+--------------+------------+------------+
; Slack ; From Node                                                                                          ; To Node                                                                                                ; Launch Clock ; Latch Clock ; Relationship ; Clock Skew ; Data Delay ;
+-------+----------------------------------------------------------------------------------------------------+--------------------------------------------------------------------------------------------------------+--------------+-------------+--------------+------------+------------+
; 0.293 ; vga:v1|Counter:vs_ct|Q[1]                                                                          ; vga:v1|Counter:vs_ct|Q[1]                                                                              ; CLOCK3_50    ; CLOCK3_50   ; 0.000        ; 0.041      ; 0.418      ;
; 0.294 ; vga:v1|Counter:vs_ct|Q[2]                                                                          ; vga:v1|Counter:vs_ct|Q[2]                                                                              ; CLOCK3_50    ; CLOCK3_50   ; 0.000        ; 0.041      ; 0.419      ;
; 0.294 ; vga:v1|Counter:hs_ct|Q[2]                                                                          ; vga:v1|Counter:hs_ct|Q[2]                                                                              ; CLOCK3_50    ; CLOCK3_50   ; 0.000        ; 0.040      ; 0.418      ;
; 0.294 ; vga:v1|Counter:hs_ct|Q[1]                                                                          ; vga:v1|Counter:hs_ct|Q[1]                                                                              ; CLOCK3_50    ; CLOCK3_50   ; 0.000        ; 0.040      ; 0.418      ;
; 0.295 ; vga:v1|Counter:hs_ct|Q[3]                                                                          ; vga:v1|Counter:hs_ct|Q[3]                                                                              ; CLOCK3_50    ; CLOCK3_50   ; 0.000        ; 0.040      ; 0.419      ;
; 0.298 ; vga:v1|Counter:vs_ct|Q[9]                                                                          ; vga:v1|Counter:vs_ct|Q[9]                                                                              ; CLOCK3_50    ; CLOCK3_50   ; 0.000        ; 0.041      ; 0.423      ;
; 0.300 ; vga:v1|Counter:col_ct|Q[3]                                                                         ; vga:v1|Counter:col_ct|Q[3]                                                                             ; CLOCK3_50    ; CLOCK3_50   ; 0.000        ; 0.041      ; 0.425      ;
; 0.301 ; vga:v1|Counter:vs_ct|Q[17]                                                                         ; vga:v1|Counter:vs_ct|Q[17]                                                                             ; CLOCK3_50    ; CLOCK3_50   ; 0.000        ; 0.041      ; 0.426      ;
; 0.301 ; vga:v1|Counter:hs_ct|Q[5]                                                                          ; vga:v1|Counter:hs_ct|Q[5]                                                                              ; CLOCK3_50    ; CLOCK3_50   ; 0.000        ; 0.040      ; 0.425      ;
; 0.301 ; vga:v1|Counter:col_ct|Q[2]                                                                         ; vga:v1|Counter:col_ct|Q[2]                                                                             ; CLOCK3_50    ; CLOCK3_50   ; 0.000        ; 0.041      ; 0.426      ;
; 0.301 ; vga:v1|Counter:col_ct|Q[1]                                                                         ; vga:v1|Counter:col_ct|Q[1]                                                                             ; CLOCK3_50    ; CLOCK3_50   ; 0.000        ; 0.041      ; 0.426      ;
; 0.302 ; vga:v1|Counter:vs_ct|Q[6]                                                                          ; vga:v1|Counter:vs_ct|Q[6]                                                                              ; CLOCK3_50    ; CLOCK3_50   ; 0.000        ; 0.041      ; 0.427      ;
; 0.302 ; vga:v1|Counter:hs_ct|Q[7]                                                                          ; vga:v1|Counter:hs_ct|Q[7]                                                                              ; CLOCK3_50    ; CLOCK3_50   ; 0.000        ; 0.040      ; 0.426      ;
; 0.302 ; vga:v1|Counter:hs_ct|Q[4]                                                                          ; vga:v1|Counter:hs_ct|Q[4]                                                                              ; CLOCK3_50    ; CLOCK3_50   ; 0.000        ; 0.040      ; 0.426      ;
; 0.302 ; vga:v1|Counter:col_ct|Q[4]                                                                         ; vga:v1|Counter:col_ct|Q[4]                                                                             ; CLOCK3_50    ; CLOCK3_50   ; 0.000        ; 0.041      ; 0.427      ;
; 0.303 ; vga:v1|Counter:hs_ct|Q[8]                                                                          ; vga:v1|Counter:hs_ct|Q[8]                                                                              ; CLOCK3_50    ; CLOCK3_50   ; 0.000        ; 0.040      ; 0.427      ;
; 0.305 ; vga:v1|Counter:col_ct|Q[5]                                                                         ; vga:v1|Counter:col_ct|Q[5]                                                                             ; CLOCK3_50    ; CLOCK3_50   ; 0.000        ; 0.041      ; 0.430      ;
; 0.306 ; vga:v1|Counter:col_ct|Q[6]                                                                         ; vga:v1|Counter:col_ct|Q[6]                                                                             ; CLOCK3_50    ; CLOCK3_50   ; 0.000        ; 0.041      ; 0.431      ;
; 0.306 ; vga:v1|Counter:col_ct|Q[0]                                                                         ; vga:v1|Counter:col_ct|Q[0]                                                                             ; CLOCK3_50    ; CLOCK3_50   ; 0.000        ; 0.041      ; 0.431      ;
; 0.310 ; vga:v1|Counter:row_ct|Q[0]                                                                         ; vga:v1|Counter:row_ct|Q[0]                                                                             ; CLOCK3_50    ; CLOCK3_50   ; 0.000        ; 0.041      ; 0.435      ;
; 0.314 ; vga:v1|Counter:vs_ct|Q[14]                                                                         ; vga:v1|Counter:vs_ct|Q[14]                                                                             ; CLOCK3_50    ; CLOCK3_50   ; 0.000        ; 0.041      ; 0.439      ;
; 0.364 ; vga:v1|Counter:vs_ct|Q[16]                                                                         ; vga:v1|Counter:vs_ct|Q[16]                                                                             ; CLOCK3_50    ; CLOCK3_50   ; 0.000        ; 0.041      ; 0.489      ;
; 0.388 ; rst                                                                                                ; stop_collecting                                                                                        ; CLOCK3_50    ; CLOCK3_50   ; 0.000        ; 0.041      ; 0.513      ;
; 0.412 ; vga:v1|Counter:hs_ct|Q[10]                                                                         ; vga:v1|Counter:hs_ct|Q[10]                                                                             ; CLOCK3_50    ; CLOCK3_50   ; 0.000        ; 0.040      ; 0.536      ;
; 0.442 ; vga:v1|Counter:vs_ct|Q[1]                                                                          ; vga:v1|Counter:vs_ct|Q[2]                                                                              ; CLOCK3_50    ; CLOCK3_50   ; 0.000        ; 0.041      ; 0.567      ;
; 0.443 ; vga:v1|Counter:hs_ct|Q[1]                                                                          ; vga:v1|Counter:hs_ct|Q[2]                                                                              ; CLOCK3_50    ; CLOCK3_50   ; 0.000        ; 0.040      ; 0.567      ;
; 0.443 ; vga:v1|Counter:vs_ct|Q[5]                                                                          ; vga:v1|Counter:vs_ct|Q[6]                                                                              ; CLOCK3_50    ; CLOCK3_50   ; 0.000        ; 0.041      ; 0.568      ;
; 0.444 ; vga:v1|Counter:hs_ct|Q[3]                                                                          ; vga:v1|Counter:hs_ct|Q[4]                                                                              ; CLOCK3_50    ; CLOCK3_50   ; 0.000        ; 0.040      ; 0.568      ;
; 0.449 ; vga:v1|Counter:col_ct|Q[3]                                                                         ; vga:v1|Counter:col_ct|Q[4]                                                                             ; CLOCK3_50    ; CLOCK3_50   ; 0.000        ; 0.041      ; 0.574      ;
; 0.450 ; vga:v1|Counter:col_ct|Q[1]                                                                         ; vga:v1|Counter:col_ct|Q[2]                                                                             ; CLOCK3_50    ; CLOCK3_50   ; 0.000        ; 0.041      ; 0.575      ;
; 0.451 ; vga:v1|Counter:hs_ct|Q[7]                                                                          ; vga:v1|Counter:hs_ct|Q[8]                                                                              ; CLOCK3_50    ; CLOCK3_50   ; 0.000        ; 0.040      ; 0.575      ;
; 0.452 ; vga:v1|Counter:hs_ct|Q[2]                                                                          ; vga:v1|Counter:hs_ct|Q[3]                                                                              ; CLOCK3_50    ; CLOCK3_50   ; 0.000        ; 0.040      ; 0.576      ;
; 0.454 ; vga:v1|Counter:vs_ct|Q[18]                                                                         ; vga:v1|Counter:vs_ct|Q[18]                                                                             ; CLOCK3_50    ; CLOCK3_50   ; 0.000        ; 0.041      ; 0.579      ;
; 0.454 ; vga:v1|Counter:col_ct|Q[5]                                                                         ; vga:v1|Counter:col_ct|Q[6]                                                                             ; CLOCK3_50    ; CLOCK3_50   ; 0.000        ; 0.041      ; 0.579      ;
; 0.455 ; vga:v1|Counter:hs_ct|Q[2]                                                                          ; vga:v1|Counter:hs_ct|Q[4]                                                                              ; CLOCK3_50    ; CLOCK3_50   ; 0.000        ; 0.040      ; 0.579      ;
; 0.456 ; vga:v1|Counter:vs_ct|Q[13]                                                                         ; vga:v1|Counter:vs_ct|Q[14]                                                                             ; CLOCK3_50    ; CLOCK3_50   ; 0.000        ; 0.041      ; 0.581      ;
; 0.458 ; vga:v1|Counter:col_ct|Q[0]                                                                         ; vga:v1|Counter:col_ct|Q[1]                                                                             ; CLOCK3_50    ; CLOCK3_50   ; 0.000        ; 0.041      ; 0.583      ;
; 0.459 ; vga:v1|Counter:hs_ct|Q[9]                                                                          ; vga:v1|Counter:hs_ct|Q[9]                                                                              ; CLOCK3_50    ; CLOCK3_50   ; 0.000        ; 0.040      ; 0.583      ;
; 0.459 ; vga:v1|Counter:col_ct|Q[2]                                                                         ; vga:v1|Counter:col_ct|Q[3]                                                                             ; CLOCK3_50    ; CLOCK3_50   ; 0.000        ; 0.041      ; 0.584      ;
; 0.460 ; vga:v1|Counter:hs_ct|Q[4]                                                                          ; vga:v1|Counter:hs_ct|Q[5]                                                                              ; CLOCK3_50    ; CLOCK3_50   ; 0.000        ; 0.040      ; 0.584      ;
; 0.460 ; vga:v1|Counter:col_ct|Q[4]                                                                         ; vga:v1|Counter:col_ct|Q[5]                                                                             ; CLOCK3_50    ; CLOCK3_50   ; 0.000        ; 0.041      ; 0.585      ;
; 0.461 ; vga:v1|Counter:hs_ct|Q[6]                                                                          ; vga:v1|Counter:hs_ct|Q[7]                                                                              ; CLOCK3_50    ; CLOCK3_50   ; 0.000        ; 0.040      ; 0.585      ;
; 0.461 ; vga:v1|Counter:col_ct|Q[0]                                                                         ; vga:v1|Counter:col_ct|Q[2]                                                                             ; CLOCK3_50    ; CLOCK3_50   ; 0.000        ; 0.041      ; 0.586      ;
; 0.462 ; vga:v1|Counter:col_ct|Q[2]                                                                         ; vga:v1|Counter:col_ct|Q[4]                                                                             ; CLOCK3_50    ; CLOCK3_50   ; 0.000        ; 0.041      ; 0.587      ;
; 0.463 ; vga:v1|Counter:vs_ct|Q[8]                                                                          ; vga:v1|Counter:vs_ct|Q[9]                                                                              ; CLOCK3_50    ; CLOCK3_50   ; 0.000        ; 0.041      ; 0.588      ;
; 0.463 ; vga:v1|Counter:col_ct|Q[4]                                                                         ; vga:v1|Counter:col_ct|Q[6]                                                                             ; CLOCK3_50    ; CLOCK3_50   ; 0.000        ; 0.041      ; 0.588      ;
; 0.464 ; vga:v1|Counter:hs_ct|Q[6]                                                                          ; vga:v1|Counter:hs_ct|Q[8]                                                                              ; CLOCK3_50    ; CLOCK3_50   ; 0.000        ; 0.040      ; 0.588      ;
; 0.468 ; vga:v1|Counter:hs_ct|Q[0]                                                                          ; vga:v1|Counter:hs_ct|Q[1]                                                                              ; CLOCK3_50    ; CLOCK3_50   ; 0.000        ; 0.040      ; 0.592      ;
; 0.469 ; vga:v1|Counter:vs_ct|Q[12]                                                                         ; vga:v1|Counter:vs_ct|Q[14]                                                                             ; CLOCK3_50    ; CLOCK3_50   ; 0.000        ; 0.041      ; 0.594      ;
; 0.471 ; vga:v1|Counter:hs_ct|Q[0]                                                                          ; vga:v1|Counter:hs_ct|Q[2]                                                                              ; CLOCK3_50    ; CLOCK3_50   ; 0.000        ; 0.040      ; 0.595      ;
; 0.475 ; vga:v1|Counter:vs_ct|Q[14]                                                                         ; vga:v1|Counter:vs_ct|Q[16]                                                                             ; CLOCK3_50    ; CLOCK3_50   ; 0.000        ; 0.041      ; 0.600      ;
; 0.486 ; vga:v1|Counter:hs_ct|Q[0]                                                                          ; vga:v1|Counter:hs_ct|Q[0]                                                                              ; CLOCK3_50    ; CLOCK3_50   ; 0.000        ; 0.040      ; 0.610      ;
; 0.506 ; vga:v1|Counter:vs_ct|Q[5]                                                                          ; vga:v1|Counter:vs_ct|Q[5]                                                                              ; CLOCK3_50    ; CLOCK3_50   ; 0.000        ; 0.041      ; 0.631      ;
; 0.506 ; vga:v1|Counter:hs_ct|Q[1]                                                                          ; vga:v1|Counter:hs_ct|Q[3]                                                                              ; CLOCK3_50    ; CLOCK3_50   ; 0.000        ; 0.040      ; 0.630      ;
; 0.507 ; vga:v1|Counter:hs_ct|Q[3]                                                                          ; vga:v1|Counter:hs_ct|Q[5]                                                                              ; CLOCK3_50    ; CLOCK3_50   ; 0.000        ; 0.040      ; 0.631      ;
; 0.509 ; vga:v1|Counter:hs_ct|Q[1]                                                                          ; vga:v1|Counter:hs_ct|Q[4]                                                                              ; CLOCK3_50    ; CLOCK3_50   ; 0.000        ; 0.040      ; 0.633      ;
; 0.511 ; vga:v1|Counter:vs_ct|Q[3]                                                                          ; vga:v1|Counter:vs_ct|Q[6]                                                                              ; CLOCK3_50    ; CLOCK3_50   ; 0.000        ; 0.041      ; 0.636      ;
; 0.512 ; vga:v1|Counter:col_ct|Q[3]                                                                         ; vga:v1|Counter:col_ct|Q[5]                                                                             ; CLOCK3_50    ; CLOCK3_50   ; 0.000        ; 0.041      ; 0.637      ;
; 0.513 ; vga:v1|Counter:hs_ct|Q[5]                                                                          ; vga:v1|Counter:hs_ct|Q[7]                                                                              ; CLOCK3_50    ; CLOCK3_50   ; 0.000        ; 0.040      ; 0.637      ;
; 0.513 ; vga:v1|Counter:col_ct|Q[1]                                                                         ; vga:v1|Counter:col_ct|Q[3]                                                                             ; CLOCK3_50    ; CLOCK3_50   ; 0.000        ; 0.041      ; 0.638      ;
; 0.515 ; vga:v1|Counter:hs_ct|Q[6]                                                                          ; vga:v1|Counter:hs_ct|Q[6]                                                                              ; CLOCK3_50    ; CLOCK3_50   ; 0.000        ; 0.040      ; 0.639      ;
; 0.515 ; vga:v1|Counter:col_ct|Q[3]                                                                         ; vga:v1|Counter:col_ct|Q[6]                                                                             ; CLOCK3_50    ; CLOCK3_50   ; 0.000        ; 0.041      ; 0.640      ;
; 0.516 ; vga:v1|Counter:vs_ct|Q[7]                                                                          ; vga:v1|Counter:vs_ct|Q[9]                                                                              ; CLOCK3_50    ; CLOCK3_50   ; 0.000        ; 0.041      ; 0.641      ;
; 0.516 ; vga:v1|Counter:hs_ct|Q[5]                                                                          ; vga:v1|Counter:hs_ct|Q[8]                                                                              ; CLOCK3_50    ; CLOCK3_50   ; 0.000        ; 0.040      ; 0.640      ;
; 0.516 ; vga:v1|Counter:row_ct|Q[1]                                                                         ; vga:v1|Counter:row_ct|Q[1]                                                                             ; CLOCK3_50    ; CLOCK3_50   ; 0.000        ; 0.041      ; 0.641      ;
; 0.516 ; vga:v1|Counter:col_ct|Q[1]                                                                         ; vga:v1|Counter:col_ct|Q[4]                                                                             ; CLOCK3_50    ; CLOCK3_50   ; 0.000        ; 0.041      ; 0.641      ;
; 0.518 ; vga:v1|Counter:vs_ct|Q[7]                                                                          ; vga:v1|Counter:vs_ct|Q[7]                                                                              ; CLOCK3_50    ; CLOCK3_50   ; 0.000        ; 0.041      ; 0.643      ;
; 0.518 ; vga:v1|Counter:hs_ct|Q[2]                                                                          ; vga:v1|Counter:hs_ct|Q[5]                                                                              ; CLOCK3_50    ; CLOCK3_50   ; 0.000        ; 0.040      ; 0.642      ;
; 0.521 ; vga:v1|Counter:vs_ct|Q[12]                                                                         ; vga:v1|Counter:vs_ct|Q[12]                                                                             ; CLOCK3_50    ; CLOCK3_50   ; 0.000        ; 0.041      ; 0.646      ;
; 0.521 ; vga:v1|Counter:vs_ct|Q[2]                                                                          ; vga:v1|Counter:vs_ct|Q[6]                                                                              ; CLOCK3_50    ; CLOCK3_50   ; 0.000        ; 0.041      ; 0.646      ;
; 0.522 ; vga:v1|Counter:vs_ct|Q[16]                                                                         ; vga:v1|Counter:vs_ct|Q[17]                                                                             ; CLOCK3_50    ; CLOCK3_50   ; 0.000        ; 0.041      ; 0.647      ;
; 0.522 ; vga:v1|Counter:vs_ct|Q[13]                                                                         ; vga:v1|Counter:vs_ct|Q[16]                                                                             ; CLOCK3_50    ; CLOCK3_50   ; 0.000        ; 0.041      ; 0.647      ;
; 0.523 ; vga:v1|Counter:vs_ct|Q[11]                                                                         ; vga:v1|Counter:vs_ct|Q[14]                                                                             ; CLOCK3_50    ; CLOCK3_50   ; 0.000        ; 0.041      ; 0.648      ;
; 0.524 ; vga:v1|Counter:col_ct|Q[0]                                                                         ; vga:v1|Counter:col_ct|Q[3]                                                                             ; CLOCK3_50    ; CLOCK3_50   ; 0.000        ; 0.041      ; 0.649      ;
; 0.525 ; vga:v1|Counter:col_ct|Q[2]                                                                         ; vga:v1|Counter:col_ct|Q[5]                                                                             ; CLOCK3_50    ; CLOCK3_50   ; 0.000        ; 0.041      ; 0.650      ;
; 0.526 ; vga:v1|Counter:hs_ct|Q[4]                                                                          ; vga:v1|Counter:hs_ct|Q[7]                                                                              ; CLOCK3_50    ; CLOCK3_50   ; 0.000        ; 0.040      ; 0.650      ;
; 0.526 ; vga:v1|Counter:vs_ct|Q[6]                                                                          ; vga:v1|Counter:vs_ct|Q[9]                                                                              ; CLOCK3_50    ; CLOCK3_50   ; 0.000        ; 0.041      ; 0.651      ;
; 0.527 ; vga:v1|Counter:col_ct|Q[0]                                                                         ; vga:v1|Counter:col_ct|Q[4]                                                                             ; CLOCK3_50    ; CLOCK3_50   ; 0.000        ; 0.041      ; 0.652      ;
; 0.528 ; vga:v1|Counter:col_ct|Q[2]                                                                         ; vga:v1|Counter:col_ct|Q[6]                                                                             ; CLOCK3_50    ; CLOCK3_50   ; 0.000        ; 0.041      ; 0.653      ;
; 0.529 ; vga:v1|Counter:hs_ct|Q[4]                                                                          ; vga:v1|Counter:hs_ct|Q[8]                                                                              ; CLOCK3_50    ; CLOCK3_50   ; 0.000        ; 0.040      ; 0.653      ;
; 0.530 ; vga:v1|Counter:vs_ct|Q[15]                                                                         ; vga:v1|Counter:vs_ct|Q[16]                                                                             ; CLOCK3_50    ; CLOCK3_50   ; 0.000        ; 0.040      ; 0.654      ;
; 0.531 ; FRAME_BUFFER:frame|altsyncram:altsyncram_component|altsyncram_2sj1:auto_generated|address_reg_b[1] ; FRAME_BUFFER:frame|altsyncram:altsyncram_component|altsyncram_2sj1:auto_generated|out_address_reg_b[1] ; CLOCK3_50    ; CLOCK3_50   ; 0.000        ; -0.154     ; 0.461      ;
; 0.534 ; vga:v1|Counter:hs_ct|Q[0]                                                                          ; vga:v1|Counter:hs_ct|Q[3]                                                                              ; CLOCK3_50    ; CLOCK3_50   ; 0.000        ; 0.040      ; 0.658      ;
; 0.535 ; vga:v1|Counter:vs_ct|Q[12]                                                                         ; vga:v1|Counter:vs_ct|Q[16]                                                                             ; CLOCK3_50    ; CLOCK3_50   ; 0.000        ; 0.041      ; 0.660      ;
; 0.537 ; vga:v1|Counter:hs_ct|Q[0]                                                                          ; vga:v1|Counter:hs_ct|Q[4]                                                                              ; CLOCK3_50    ; CLOCK3_50   ; 0.000        ; 0.040      ; 0.661      ;
; 0.538 ; vga:v1|Counter:vs_ct|Q[14]                                                                         ; vga:v1|Counter:vs_ct|Q[17]                                                                             ; CLOCK3_50    ; CLOCK3_50   ; 0.000        ; 0.041      ; 0.663      ;
; 0.543 ; vga:v1|Counter:vs_ct|Q[4]                                                                          ; vga:v1|Counter:vs_ct|Q[6]                                                                              ; CLOCK3_50    ; CLOCK3_50   ; 0.000        ; 0.040      ; 0.667      ;
; 0.571 ; vga:v1|Counter:vs_ct|Q[3]                                                                          ; vga:v1|Counter:vs_ct|Q[3]                                                                              ; CLOCK3_50    ; CLOCK3_50   ; 0.000        ; 0.041      ; 0.696      ;
; 0.572 ; vga:v1|Counter:hs_ct|Q[1]                                                                          ; vga:v1|Counter:hs_ct|Q[5]                                                                              ; CLOCK3_50    ; CLOCK3_50   ; 0.000        ; 0.040      ; 0.696      ;
; 0.572 ; vga:v1|Counter:vs_ct|Q[5]                                                                          ; vga:v1|Counter:vs_ct|Q[9]                                                                              ; CLOCK3_50    ; CLOCK3_50   ; 0.000        ; 0.041      ; 0.697      ;
; 0.573 ; vga:v1|Counter:hs_ct|Q[3]                                                                          ; vga:v1|Counter:hs_ct|Q[7]                                                                              ; CLOCK3_50    ; CLOCK3_50   ; 0.000        ; 0.040      ; 0.697      ;
; 0.574 ; vga:v1|Counter:vs_ct|Q[1]                                                                          ; vga:v1|Counter:vs_ct|Q[6]                                                                              ; CLOCK3_50    ; CLOCK3_50   ; 0.000        ; 0.041      ; 0.699      ;
; 0.575 ; vga:v1|Counter:vs_ct|Q[19]                                                                         ; vga:v1|Counter:vs_ct|Q[19]                                                                             ; CLOCK3_50    ; CLOCK3_50   ; 0.000        ; 0.041      ; 0.700      ;
; 0.576 ; vga:v1|Counter:hs_ct|Q[3]                                                                          ; vga:v1|Counter:hs_ct|Q[8]                                                                              ; CLOCK3_50    ; CLOCK3_50   ; 0.000        ; 0.040      ; 0.700      ;
; 0.579 ; vga:v1|Counter:col_ct|Q[1]                                                                         ; vga:v1|Counter:col_ct|Q[5]                                                                             ; CLOCK3_50    ; CLOCK3_50   ; 0.000        ; 0.041      ; 0.704      ;
; 0.582 ; vga:v1|Counter:vs_ct|Q[8]                                                                          ; vga:v1|Counter:vs_ct|Q[8]                                                                              ; CLOCK3_50    ; CLOCK3_50   ; 0.000        ; 0.041      ; 0.707      ;
; 0.582 ; vga:v1|Counter:vs_ct|Q[9]                                                                          ; vga:v1|Counter:vs_ct|Q[14]                                                                             ; CLOCK3_50    ; CLOCK3_50   ; 0.000        ; 0.038      ; 0.704      ;
; 0.582 ; vga:v1|Counter:col_ct|Q[1]                                                                         ; vga:v1|Counter:col_ct|Q[6]                                                                             ; CLOCK3_50    ; CLOCK3_50   ; 0.000        ; 0.041      ; 0.707      ;
; 0.583 ; vga:v1|Counter:vs_ct|Q[13]                                                                         ; vga:v1|Counter:vs_ct|Q[13]                                                                             ; CLOCK3_50    ; CLOCK3_50   ; 0.000        ; 0.041      ; 0.708      ;
; 0.584 ; vga:v1|Counter:hs_ct|Q[2]                                                                          ; vga:v1|Counter:hs_ct|Q[7]                                                                              ; CLOCK3_50    ; CLOCK3_50   ; 0.000        ; 0.040      ; 0.708      ;
+-------+----------------------------------------------------------------------------------------------------+--------------------------------------------------------------------------------------------------------+--------------+-------------+--------------+------------+------------+


----------------------------------------------
; Fast 1200mV 0C Model Metastability Summary ;
----------------------------------------------
The design MTBF is not calculated because there are no specified synchronizers in the design.
Number of Synchronizer Chains Found: 40
Shortest Synchronizer Chain: 2 Registers
Fraction of Chains for which MTBFs Could Not be Calculated: 1.000
Worst Case Available Settling Time: 124.263 ns




+------------------------------------------------------------------------------+
; Multicorner Timing Analysis Summary                                          ;
+------------------+--------+-------+----------+---------+---------------------+
; Clock            ; Setup  ; Hold  ; Recovery ; Removal ; Minimum Pulse Width ;
+------------------+--------+-------+----------+---------+---------------------+
; Worst-case Slack ; -0.540 ; 0.181 ; N/A      ; N/A     ; 9.381               ;
;  CLOCK2_50       ; N/A    ; N/A   ; N/A      ; N/A     ; 246.000             ;
;  CLOCK3_50       ; -0.540 ; 0.293 ; N/A      ; N/A     ; 9.381               ;
;  CLOCK_50        ; 1.466  ; 0.181 ; N/A      ; N/A     ; 61.872              ;
; Design-wide TNS  ; -8.82  ; 0.0   ; 0.0      ; 0.0     ; 0.0                 ;
;  CLOCK2_50       ; N/A    ; N/A   ; N/A      ; N/A     ; 0.000               ;
;  CLOCK3_50       ; -8.820 ; 0.000 ; N/A      ; N/A     ; 0.000               ;
;  CLOCK_50        ; 0.000  ; 0.000 ; N/A      ; N/A     ; 0.000               ;
+------------------+--------+-------+----------+---------+---------------------+


+------------------------------------------------------------------------------------------------------------------------------------------------------------------------------------------------------------------------------------------------------------------------------------------------------------------------------------------------------------------------------------------------------------------+
; Board Trace Model Assignments                                                                                                                                                                                                                                                                                                                                                                                    ;
+---------------+--------------+-------------------+-------------------------+-------------------------+---------------+---------------------+----------------+------------------+--------+------------------+------------------------+------------------------+--------------+---------------+-----------------+-------+---------------------+--------------------+---------------+-----------------+-------------+
; Pin           ; I/O Standard ; Near Tline Length ; Near Tline L per Length ; Near Tline C per Length ; Near Series R ; Near Differential R ; Near Pull-up R ; Near Pull-down R ; Near C ; Far Tline Length ; Far Tline L per Length ; Far Tline C per Length ; Far Series R ; Far Pull-up R ; Far Pull-down R ; Far C ; Termination Voltage ; Far Differential R ; EBD File Name ; EBD Signal Name ; EBD Far-end ;
+---------------+--------------+-------------------+-------------------------+-------------------------+---------------+---------------------+----------------+------------------+--------+------------------+------------------------+------------------------+--------------+---------------+-----------------+-------+---------------------+--------------------+---------------+-----------------+-------------+
; LEDR[0]       ; 2.5 V        ; 0 in              ; 0 H/in                  ; 0 F/in                  ; short         ; -                   ; open           ; open             ; open   ; 0 in             ; 0 H/in                 ; 0 F/in                 ; short        ; open          ; open            ; open  ; 0 V                 ; -                  ; n/a           ; n/a             ; n/a         ;
; LEDR[1]       ; 2.5 V        ; 0 in              ; 0 H/in                  ; 0 F/in                  ; short         ; -                   ; open           ; open             ; open   ; 0 in             ; 0 H/in                 ; 0 F/in                 ; short        ; open          ; open            ; open  ; 0 V                 ; -                  ; n/a           ; n/a             ; n/a         ;
; LEDR[2]       ; 2.5 V        ; 0 in              ; 0 H/in                  ; 0 F/in                  ; short         ; -                   ; open           ; open             ; open   ; 0 in             ; 0 H/in                 ; 0 F/in                 ; short        ; open          ; open            ; open  ; 0 V                 ; -                  ; n/a           ; n/a             ; n/a         ;
; LEDR[3]       ; 2.5 V        ; 0 in              ; 0 H/in                  ; 0 F/in                  ; short         ; -                   ; open           ; open             ; open   ; 0 in             ; 0 H/in                 ; 0 F/in                 ; short        ; open          ; open            ; open  ; 0 V                 ; -                  ; n/a           ; n/a             ; n/a         ;
; LEDR[4]       ; 2.5 V        ; 0 in              ; 0 H/in                  ; 0 F/in                  ; short         ; -                   ; open           ; open             ; open   ; 0 in             ; 0 H/in                 ; 0 F/in                 ; short        ; open          ; open            ; open  ; 0 V                 ; -                  ; n/a           ; n/a             ; n/a         ;
; LEDR[5]       ; 2.5 V        ; 0 in              ; 0 H/in                  ; 0 F/in                  ; short         ; -                   ; open           ; open             ; open   ; 0 in             ; 0 H/in                 ; 0 F/in                 ; short        ; open          ; open            ; open  ; 0 V                 ; -                  ; n/a           ; n/a             ; n/a         ;
; LEDR[6]       ; 2.5 V        ; 0 in              ; 0 H/in                  ; 0 F/in                  ; short         ; -                   ; open           ; open             ; open   ; 0 in             ; 0 H/in                 ; 0 F/in                 ; short        ; open          ; open            ; open  ; 0 V                 ; -                  ; n/a           ; n/a             ; n/a         ;
; LEDR[7]       ; 2.5 V        ; 0 in              ; 0 H/in                  ; 0 F/in                  ; short         ; -                   ; open           ; open             ; open   ; 0 in             ; 0 H/in                 ; 0 F/in                 ; short        ; open          ; open            ; open  ; 0 V                 ; -                  ; n/a           ; n/a             ; n/a         ;
; LEDR[8]       ; 2.5 V        ; 0 in              ; 0 H/in                  ; 0 F/in                  ; short         ; -                   ; open           ; open             ; open   ; 0 in             ; 0 H/in                 ; 0 F/in                 ; short        ; open          ; open            ; open  ; 0 V                 ; -                  ; n/a           ; n/a             ; n/a         ;
; LEDR[9]       ; 2.5 V        ; 0 in              ; 0 H/in                  ; 0 F/in                  ; short         ; -                   ; open           ; open             ; open   ; 0 in             ; 0 H/in                 ; 0 F/in                 ; short        ; open          ; open            ; open  ; 0 V                 ; -                  ; n/a           ; n/a             ; n/a         ;
; LEDR[10]      ; 2.5 V        ; 0 in              ; 0 H/in                  ; 0 F/in                  ; short         ; -                   ; open           ; open             ; open   ; 0 in             ; 0 H/in                 ; 0 F/in                 ; short        ; open          ; open            ; open  ; 0 V                 ; -                  ; n/a           ; n/a             ; n/a         ;
; LEDR[11]      ; 2.5 V        ; 0 in              ; 0 H/in                  ; 0 F/in                  ; short         ; -                   ; open           ; open             ; open   ; 0 in             ; 0 H/in                 ; 0 F/in                 ; short        ; open          ; open            ; open  ; 0 V                 ; -                  ; n/a           ; n/a             ; n/a         ;
; LEDR[12]      ; 2.5 V        ; 0 in              ; 0 H/in                  ; 0 F/in                  ; short         ; -                   ; open           ; open             ; open   ; 0 in             ; 0 H/in                 ; 0 F/in                 ; short        ; open          ; open            ; open  ; 0 V                 ; -                  ; n/a           ; n/a             ; n/a         ;
; LEDR[13]      ; 2.5 V        ; 0 in              ; 0 H/in                  ; 0 F/in                  ; short         ; -                   ; open           ; open             ; open   ; 0 in             ; 0 H/in                 ; 0 F/in                 ; short        ; open          ; open            ; open  ; 0 V                 ; -                  ; n/a           ; n/a             ; n/a         ;
; LEDR[14]      ; 2.5 V        ; 0 in              ; 0 H/in                  ; 0 F/in                  ; short         ; -                   ; open           ; open             ; open   ; 0 in             ; 0 H/in                 ; 0 F/in                 ; short        ; open          ; open            ; open  ; 0 V                 ; -                  ; n/a           ; n/a             ; n/a         ;
; LEDR[15]      ; 2.5 V        ; 0 in              ; 0 H/in                  ; 0 F/in                  ; short         ; -                   ; open           ; open             ; open   ; 0 in             ; 0 H/in                 ; 0 F/in                 ; short        ; open          ; open            ; open  ; 0 V                 ; -                  ; n/a           ; n/a             ; n/a         ;
; LEDR[16]      ; 2.5 V        ; 0 in              ; 0 H/in                  ; 0 F/in                  ; short         ; -                   ; open           ; open             ; open   ; 0 in             ; 0 H/in                 ; 0 F/in                 ; short        ; open          ; open            ; open  ; 0 V                 ; -                  ; n/a           ; n/a             ; n/a         ;
; LEDR[17]      ; 2.5 V        ; 0 in              ; 0 H/in                  ; 0 F/in                  ; short         ; -                   ; open           ; open             ; open   ; 0 in             ; 0 H/in                 ; 0 F/in                 ; short        ; open          ; open            ; open  ; 0 V                 ; -                  ; n/a           ; n/a             ; n/a         ;
; LEDG[0]       ; 2.5 V        ; 0 in              ; 0 H/in                  ; 0 F/in                  ; short         ; -                   ; open           ; open             ; open   ; 0 in             ; 0 H/in                 ; 0 F/in                 ; short        ; open          ; open            ; open  ; 0 V                 ; -                  ; n/a           ; n/a             ; n/a         ;
; LEDG[1]       ; 2.5 V        ; 0 in              ; 0 H/in                  ; 0 F/in                  ; short         ; -                   ; open           ; open             ; open   ; 0 in             ; 0 H/in                 ; 0 F/in                 ; short        ; open          ; open            ; open  ; 0 V                 ; -                  ; n/a           ; n/a             ; n/a         ;
; LEDG[2]       ; 2.5 V        ; 0 in              ; 0 H/in                  ; 0 F/in                  ; short         ; -                   ; open           ; open             ; open   ; 0 in             ; 0 H/in                 ; 0 F/in                 ; short        ; open          ; open            ; open  ; 0 V                 ; -                  ; n/a           ; n/a             ; n/a         ;
; LEDG[3]       ; 2.5 V        ; 0 in              ; 0 H/in                  ; 0 F/in                  ; short         ; -                   ; open           ; open             ; open   ; 0 in             ; 0 H/in                 ; 0 F/in                 ; short        ; open          ; open            ; open  ; 0 V                 ; -                  ; n/a           ; n/a             ; n/a         ;
; LEDG[4]       ; 2.5 V        ; 0 in              ; 0 H/in                  ; 0 F/in                  ; short         ; -                   ; open           ; open             ; open   ; 0 in             ; 0 H/in                 ; 0 F/in                 ; short        ; open          ; open            ; open  ; 0 V                 ; -                  ; n/a           ; n/a             ; n/a         ;
; LEDG[5]       ; 2.5 V        ; 0 in              ; 0 H/in                  ; 0 F/in                  ; short         ; -                   ; open           ; open             ; open   ; 0 in             ; 0 H/in                 ; 0 F/in                 ; short        ; open          ; open            ; open  ; 0 V                 ; -                  ; n/a           ; n/a             ; n/a         ;
; LEDG[6]       ; 2.5 V        ; 0 in              ; 0 H/in                  ; 0 F/in                  ; short         ; -                   ; open           ; open             ; open   ; 0 in             ; 0 H/in                 ; 0 F/in                 ; short        ; open          ; open            ; open  ; 0 V                 ; -                  ; n/a           ; n/a             ; n/a         ;
; LEDG[7]       ; 2.5 V        ; 0 in              ; 0 H/in                  ; 0 F/in                  ; short         ; -                   ; open           ; open             ; open   ; 0 in             ; 0 H/in                 ; 0 F/in                 ; short        ; open          ; open            ; open  ; 0 V                 ; -                  ; n/a           ; n/a             ; n/a         ;
; LEDG[8]       ; 2.5 V        ; 0 in              ; 0 H/in                  ; 0 F/in                  ; short         ; -                   ; open           ; open             ; open   ; 0 in             ; 0 H/in                 ; 0 F/in                 ; short        ; open          ; open            ; open  ; 0 V                 ; -                  ; n/a           ; n/a             ; n/a         ;
; HEX0[0]       ; 2.5 V        ; 0 in              ; 0 H/in                  ; 0 F/in                  ; short         ; -                   ; open           ; open             ; open   ; 0 in             ; 0 H/in                 ; 0 F/in                 ; short        ; open          ; open            ; open  ; 0 V                 ; -                  ; n/a           ; n/a             ; n/a         ;
; HEX0[1]       ; 2.5 V        ; 0 in              ; 0 H/in                  ; 0 F/in                  ; short         ; -                   ; open           ; open             ; open   ; 0 in             ; 0 H/in                 ; 0 F/in                 ; short        ; open          ; open            ; open  ; 0 V                 ; -                  ; n/a           ; n/a             ; n/a         ;
; HEX0[2]       ; 2.5 V        ; 0 in              ; 0 H/in                  ; 0 F/in                  ; short         ; -                   ; open           ; open             ; open   ; 0 in             ; 0 H/in                 ; 0 F/in                 ; short        ; open          ; open            ; open  ; 0 V                 ; -                  ; n/a           ; n/a             ; n/a         ;
; HEX0[3]       ; 2.5 V        ; 0 in              ; 0 H/in                  ; 0 F/in                  ; short         ; -                   ; open           ; open             ; open   ; 0 in             ; 0 H/in                 ; 0 F/in                 ; short        ; open          ; open            ; open  ; 0 V                 ; -                  ; n/a           ; n/a             ; n/a         ;
; HEX0[4]       ; 2.5 V        ; 0 in              ; 0 H/in                  ; 0 F/in                  ; short         ; -                   ; open           ; open             ; open   ; 0 in             ; 0 H/in                 ; 0 F/in                 ; short        ; open          ; open            ; open  ; 0 V                 ; -                  ; n/a           ; n/a             ; n/a         ;
; HEX0[5]       ; 2.5 V        ; 0 in              ; 0 H/in                  ; 0 F/in                  ; short         ; -                   ; open           ; open             ; open   ; 0 in             ; 0 H/in                 ; 0 F/in                 ; short        ; open          ; open            ; open  ; 0 V                 ; -                  ; n/a           ; n/a             ; n/a         ;
; HEX0[6]       ; 2.5 V        ; 0 in              ; 0 H/in                  ; 0 F/in                  ; short         ; -                   ; open           ; open             ; open   ; 0 in             ; 0 H/in                 ; 0 F/in                 ; short        ; open          ; open            ; open  ; 0 V                 ; -                  ; n/a           ; n/a             ; n/a         ;
; HEX1[0]       ; 2.5 V        ; 0 in              ; 0 H/in                  ; 0 F/in                  ; short         ; -                   ; open           ; open             ; open   ; 0 in             ; 0 H/in                 ; 0 F/in                 ; short        ; open          ; open            ; open  ; 0 V                 ; -                  ; n/a           ; n/a             ; n/a         ;
; HEX1[1]       ; 2.5 V        ; 0 in              ; 0 H/in                  ; 0 F/in                  ; short         ; -                   ; open           ; open             ; open   ; 0 in             ; 0 H/in                 ; 0 F/in                 ; short        ; open          ; open            ; open  ; 0 V                 ; -                  ; n/a           ; n/a             ; n/a         ;
; HEX1[2]       ; 2.5 V        ; 0 in              ; 0 H/in                  ; 0 F/in                  ; short         ; -                   ; open           ; open             ; open   ; 0 in             ; 0 H/in                 ; 0 F/in                 ; short        ; open          ; open            ; open  ; 0 V                 ; -                  ; n/a           ; n/a             ; n/a         ;
; HEX1[3]       ; 2.5 V        ; 0 in              ; 0 H/in                  ; 0 F/in                  ; short         ; -                   ; open           ; open             ; open   ; 0 in             ; 0 H/in                 ; 0 F/in                 ; short        ; open          ; open            ; open  ; 0 V                 ; -                  ; n/a           ; n/a             ; n/a         ;
; HEX1[4]       ; 2.5 V        ; 0 in              ; 0 H/in                  ; 0 F/in                  ; short         ; -                   ; open           ; open             ; open   ; 0 in             ; 0 H/in                 ; 0 F/in                 ; short        ; open          ; open            ; open  ; 0 V                 ; -                  ; n/a           ; n/a             ; n/a         ;
; HEX1[5]       ; 2.5 V        ; 0 in              ; 0 H/in                  ; 0 F/in                  ; short         ; -                   ; open           ; open             ; open   ; 0 in             ; 0 H/in                 ; 0 F/in                 ; short        ; open          ; open            ; open  ; 0 V                 ; -                  ; n/a           ; n/a             ; n/a         ;
; HEX1[6]       ; 2.5 V        ; 0 in              ; 0 H/in                  ; 0 F/in                  ; short         ; -                   ; open           ; open             ; open   ; 0 in             ; 0 H/in                 ; 0 F/in                 ; short        ; open          ; open            ; open  ; 0 V                 ; -                  ; n/a           ; n/a             ; n/a         ;
; HEX2[0]       ; 2.5 V        ; 0 in              ; 0 H/in                  ; 0 F/in                  ; short         ; -                   ; open           ; open             ; open   ; 0 in             ; 0 H/in                 ; 0 F/in                 ; short        ; open          ; open            ; open  ; 0 V                 ; -                  ; n/a           ; n/a             ; n/a         ;
; HEX2[1]       ; 2.5 V        ; 0 in              ; 0 H/in                  ; 0 F/in                  ; short         ; -                   ; open           ; open             ; open   ; 0 in             ; 0 H/in                 ; 0 F/in                 ; short        ; open          ; open            ; open  ; 0 V                 ; -                  ; n/a           ; n/a             ; n/a         ;
; HEX2[2]       ; 2.5 V        ; 0 in              ; 0 H/in                  ; 0 F/in                  ; short         ; -                   ; open           ; open             ; open   ; 0 in             ; 0 H/in                 ; 0 F/in                 ; short        ; open          ; open            ; open  ; 0 V                 ; -                  ; n/a           ; n/a             ; n/a         ;
; HEX2[3]       ; 2.5 V        ; 0 in              ; 0 H/in                  ; 0 F/in                  ; short         ; -                   ; open           ; open             ; open   ; 0 in             ; 0 H/in                 ; 0 F/in                 ; short        ; open          ; open            ; open  ; 0 V                 ; -                  ; n/a           ; n/a             ; n/a         ;
; HEX2[4]       ; 2.5 V        ; 0 in              ; 0 H/in                  ; 0 F/in                  ; short         ; -                   ; open           ; open             ; open   ; 0 in             ; 0 H/in                 ; 0 F/in                 ; short        ; open          ; open            ; open  ; 0 V                 ; -                  ; n/a           ; n/a             ; n/a         ;
; HEX2[5]       ; 2.5 V        ; 0 in              ; 0 H/in                  ; 0 F/in                  ; short         ; -                   ; open           ; open             ; open   ; 0 in             ; 0 H/in                 ; 0 F/in                 ; short        ; open          ; open            ; open  ; 0 V                 ; -                  ; n/a           ; n/a             ; n/a         ;
; HEX2[6]       ; 2.5 V        ; 0 in              ; 0 H/in                  ; 0 F/in                  ; short         ; -                   ; open           ; open             ; open   ; 0 in             ; 0 H/in                 ; 0 F/in                 ; short        ; open          ; open            ; open  ; 0 V                 ; -                  ; n/a           ; n/a             ; n/a         ;
; HEX3[0]       ; 2.5 V        ; 0 in              ; 0 H/in                  ; 0 F/in                  ; short         ; -                   ; open           ; open             ; open   ; 0 in             ; 0 H/in                 ; 0 F/in                 ; short        ; open          ; open            ; open  ; 0 V                 ; -                  ; n/a           ; n/a             ; n/a         ;
; HEX3[1]       ; 2.5 V        ; 0 in              ; 0 H/in                  ; 0 F/in                  ; short         ; -                   ; open           ; open             ; open   ; 0 in             ; 0 H/in                 ; 0 F/in                 ; short        ; open          ; open            ; open  ; 0 V                 ; -                  ; n/a           ; n/a             ; n/a         ;
; HEX3[2]       ; 2.5 V        ; 0 in              ; 0 H/in                  ; 0 F/in                  ; short         ; -                   ; open           ; open             ; open   ; 0 in             ; 0 H/in                 ; 0 F/in                 ; short        ; open          ; open            ; open  ; 0 V                 ; -                  ; n/a           ; n/a             ; n/a         ;
; HEX3[3]       ; 2.5 V        ; 0 in              ; 0 H/in                  ; 0 F/in                  ; short         ; -                   ; open           ; open             ; open   ; 0 in             ; 0 H/in                 ; 0 F/in                 ; short        ; open          ; open            ; open  ; 0 V                 ; -                  ; n/a           ; n/a             ; n/a         ;
; HEX3[4]       ; 2.5 V        ; 0 in              ; 0 H/in                  ; 0 F/in                  ; short         ; -                   ; open           ; open             ; open   ; 0 in             ; 0 H/in                 ; 0 F/in                 ; short        ; open          ; open            ; open  ; 0 V                 ; -                  ; n/a           ; n/a             ; n/a         ;
; HEX3[5]       ; 2.5 V        ; 0 in              ; 0 H/in                  ; 0 F/in                  ; short         ; -                   ; open           ; open             ; open   ; 0 in             ; 0 H/in                 ; 0 F/in                 ; short        ; open          ; open            ; open  ; 0 V                 ; -                  ; n/a           ; n/a             ; n/a         ;
; HEX3[6]       ; 2.5 V        ; 0 in              ; 0 H/in                  ; 0 F/in                  ; short         ; -                   ; open           ; open             ; open   ; 0 in             ; 0 H/in                 ; 0 F/in                 ; short        ; open          ; open            ; open  ; 0 V                 ; -                  ; n/a           ; n/a             ; n/a         ;
; HEX4[0]       ; 2.5 V        ; 0 in              ; 0 H/in                  ; 0 F/in                  ; short         ; -                   ; open           ; open             ; open   ; 0 in             ; 0 H/in                 ; 0 F/in                 ; short        ; open          ; open            ; open  ; 0 V                 ; -                  ; n/a           ; n/a             ; n/a         ;
; HEX4[1]       ; 2.5 V        ; 0 in              ; 0 H/in                  ; 0 F/in                  ; short         ; -                   ; open           ; open             ; open   ; 0 in             ; 0 H/in                 ; 0 F/in                 ; short        ; open          ; open            ; open  ; 0 V                 ; -                  ; n/a           ; n/a             ; n/a         ;
; HEX4[2]       ; 2.5 V        ; 0 in              ; 0 H/in                  ; 0 F/in                  ; short         ; -                   ; open           ; open             ; open   ; 0 in             ; 0 H/in                 ; 0 F/in                 ; short        ; open          ; open            ; open  ; 0 V                 ; -                  ; n/a           ; n/a             ; n/a         ;
; HEX4[3]       ; 2.5 V        ; 0 in              ; 0 H/in                  ; 0 F/in                  ; short         ; -                   ; open           ; open             ; open   ; 0 in             ; 0 H/in                 ; 0 F/in                 ; short        ; open          ; open            ; open  ; 0 V                 ; -                  ; n/a           ; n/a             ; n/a         ;
; HEX4[4]       ; 2.5 V        ; 0 in              ; 0 H/in                  ; 0 F/in                  ; short         ; -                   ; open           ; open             ; open   ; 0 in             ; 0 H/in                 ; 0 F/in                 ; short        ; open          ; open            ; open  ; 0 V                 ; -                  ; n/a           ; n/a             ; n/a         ;
; HEX4[5]       ; 2.5 V        ; 0 in              ; 0 H/in                  ; 0 F/in                  ; short         ; -                   ; open           ; open             ; open   ; 0 in             ; 0 H/in                 ; 0 F/in                 ; short        ; open          ; open            ; open  ; 0 V                 ; -                  ; n/a           ; n/a             ; n/a         ;
; HEX4[6]       ; 2.5 V        ; 0 in              ; 0 H/in                  ; 0 F/in                  ; short         ; -                   ; open           ; open             ; open   ; 0 in             ; 0 H/in                 ; 0 F/in                 ; short        ; open          ; open            ; open  ; 0 V                 ; -                  ; n/a           ; n/a             ; n/a         ;
; HEX5[0]       ; 2.5 V        ; 0 in              ; 0 H/in                  ; 0 F/in                  ; short         ; -                   ; open           ; open             ; open   ; 0 in             ; 0 H/in                 ; 0 F/in                 ; short        ; open          ; open            ; open  ; 0 V                 ; -                  ; n/a           ; n/a             ; n/a         ;
; HEX5[1]       ; 2.5 V        ; 0 in              ; 0 H/in                  ; 0 F/in                  ; short         ; -                   ; open           ; open             ; open   ; 0 in             ; 0 H/in                 ; 0 F/in                 ; short        ; open          ; open            ; open  ; 0 V                 ; -                  ; n/a           ; n/a             ; n/a         ;
; HEX5[2]       ; 2.5 V        ; 0 in              ; 0 H/in                  ; 0 F/in                  ; short         ; -                   ; open           ; open             ; open   ; 0 in             ; 0 H/in                 ; 0 F/in                 ; short        ; open          ; open            ; open  ; 0 V                 ; -                  ; n/a           ; n/a             ; n/a         ;
; HEX5[3]       ; 2.5 V        ; 0 in              ; 0 H/in                  ; 0 F/in                  ; short         ; -                   ; open           ; open             ; open   ; 0 in             ; 0 H/in                 ; 0 F/in                 ; short        ; open          ; open            ; open  ; 0 V                 ; -                  ; n/a           ; n/a             ; n/a         ;
; HEX5[4]       ; 2.5 V        ; 0 in              ; 0 H/in                  ; 0 F/in                  ; short         ; -                   ; open           ; open             ; open   ; 0 in             ; 0 H/in                 ; 0 F/in                 ; short        ; open          ; open            ; open  ; 0 V                 ; -                  ; n/a           ; n/a             ; n/a         ;
; HEX5[5]       ; 2.5 V        ; 0 in              ; 0 H/in                  ; 0 F/in                  ; short         ; -                   ; open           ; open             ; open   ; 0 in             ; 0 H/in                 ; 0 F/in                 ; short        ; open          ; open            ; open  ; 0 V                 ; -                  ; n/a           ; n/a             ; n/a         ;
; HEX5[6]       ; 2.5 V        ; 0 in              ; 0 H/in                  ; 0 F/in                  ; short         ; -                   ; open           ; open             ; open   ; 0 in             ; 0 H/in                 ; 0 F/in                 ; short        ; open          ; open            ; open  ; 0 V                 ; -                  ; n/a           ; n/a             ; n/a         ;
; HEX6[0]       ; 2.5 V        ; 0 in              ; 0 H/in                  ; 0 F/in                  ; short         ; -                   ; open           ; open             ; open   ; 0 in             ; 0 H/in                 ; 0 F/in                 ; short        ; open          ; open            ; open  ; 0 V                 ; -                  ; n/a           ; n/a             ; n/a         ;
; HEX6[1]       ; 2.5 V        ; 0 in              ; 0 H/in                  ; 0 F/in                  ; short         ; -                   ; open           ; open             ; open   ; 0 in             ; 0 H/in                 ; 0 F/in                 ; short        ; open          ; open            ; open  ; 0 V                 ; -                  ; n/a           ; n/a             ; n/a         ;
; HEX6[2]       ; 2.5 V        ; 0 in              ; 0 H/in                  ; 0 F/in                  ; short         ; -                   ; open           ; open             ; open   ; 0 in             ; 0 H/in                 ; 0 F/in                 ; short        ; open          ; open            ; open  ; 0 V                 ; -                  ; n/a           ; n/a             ; n/a         ;
; HEX6[3]       ; 2.5 V        ; 0 in              ; 0 H/in                  ; 0 F/in                  ; short         ; -                   ; open           ; open             ; open   ; 0 in             ; 0 H/in                 ; 0 F/in                 ; short        ; open          ; open            ; open  ; 0 V                 ; -                  ; n/a           ; n/a             ; n/a         ;
; HEX6[4]       ; 2.5 V        ; 0 in              ; 0 H/in                  ; 0 F/in                  ; short         ; -                   ; open           ; open             ; open   ; 0 in             ; 0 H/in                 ; 0 F/in                 ; short        ; open          ; open            ; open  ; 0 V                 ; -                  ; n/a           ; n/a             ; n/a         ;
; HEX6[5]       ; 2.5 V        ; 0 in              ; 0 H/in                  ; 0 F/in                  ; short         ; -                   ; open           ; open             ; open   ; 0 in             ; 0 H/in                 ; 0 F/in                 ; short        ; open          ; open            ; open  ; 0 V                 ; -                  ; n/a           ; n/a             ; n/a         ;
; HEX6[6]       ; 2.5 V        ; 0 in              ; 0 H/in                  ; 0 F/in                  ; short         ; -                   ; open           ; open             ; open   ; 0 in             ; 0 H/in                 ; 0 F/in                 ; short        ; open          ; open            ; open  ; 0 V                 ; -                  ; n/a           ; n/a             ; n/a         ;
; HEX7[0]       ; 2.5 V        ; 0 in              ; 0 H/in                  ; 0 F/in                  ; short         ; -                   ; open           ; open             ; open   ; 0 in             ; 0 H/in                 ; 0 F/in                 ; short        ; open          ; open            ; open  ; 0 V                 ; -                  ; n/a           ; n/a             ; n/a         ;
; HEX7[1]       ; 2.5 V        ; 0 in              ; 0 H/in                  ; 0 F/in                  ; short         ; -                   ; open           ; open             ; open   ; 0 in             ; 0 H/in                 ; 0 F/in                 ; short        ; open          ; open            ; open  ; 0 V                 ; -                  ; n/a           ; n/a             ; n/a         ;
; HEX7[2]       ; 2.5 V        ; 0 in              ; 0 H/in                  ; 0 F/in                  ; short         ; -                   ; open           ; open             ; open   ; 0 in             ; 0 H/in                 ; 0 F/in                 ; short        ; open          ; open            ; open  ; 0 V                 ; -                  ; n/a           ; n/a             ; n/a         ;
; HEX7[3]       ; 2.5 V        ; 0 in              ; 0 H/in                  ; 0 F/in                  ; short         ; -                   ; open           ; open             ; open   ; 0 in             ; 0 H/in                 ; 0 F/in                 ; short        ; open          ; open            ; open  ; 0 V                 ; -                  ; n/a           ; n/a             ; n/a         ;
; HEX7[4]       ; 2.5 V        ; 0 in              ; 0 H/in                  ; 0 F/in                  ; short         ; -                   ; open           ; open             ; open   ; 0 in             ; 0 H/in                 ; 0 F/in                 ; short        ; open          ; open            ; open  ; 0 V                 ; -                  ; n/a           ; n/a             ; n/a         ;
; HEX7[5]       ; 2.5 V        ; 0 in              ; 0 H/in                  ; 0 F/in                  ; short         ; -                   ; open           ; open             ; open   ; 0 in             ; 0 H/in                 ; 0 F/in                 ; short        ; open          ; open            ; open  ; 0 V                 ; -                  ; n/a           ; n/a             ; n/a         ;
; HEX7[6]       ; 2.5 V        ; 0 in              ; 0 H/in                  ; 0 F/in                  ; short         ; -                   ; open           ; open             ; open   ; 0 in             ; 0 H/in                 ; 0 F/in                 ; short        ; open          ; open            ; open  ; 0 V                 ; -                  ; n/a           ; n/a             ; n/a         ;
; VGA_R[0]      ; 2.5 V        ; 0 in              ; 0 H/in                  ; 0 F/in                  ; short         ; -                   ; open           ; open             ; open   ; 0 in             ; 0 H/in                 ; 0 F/in                 ; short        ; open          ; open            ; open  ; 0 V                 ; -                  ; n/a           ; n/a             ; n/a         ;
; VGA_R[1]      ; 2.5 V        ; 0 in              ; 0 H/in                  ; 0 F/in                  ; short         ; -                   ; open           ; open             ; open   ; 0 in             ; 0 H/in                 ; 0 F/in                 ; short        ; open          ; open            ; open  ; 0 V                 ; -                  ; n/a           ; n/a             ; n/a         ;
; VGA_R[2]      ; 2.5 V        ; 0 in              ; 0 H/in                  ; 0 F/in                  ; short         ; -                   ; open           ; open             ; open   ; 0 in             ; 0 H/in                 ; 0 F/in                 ; short        ; open          ; open            ; open  ; 0 V                 ; -                  ; n/a           ; n/a             ; n/a         ;
; VGA_R[3]      ; 2.5 V        ; 0 in              ; 0 H/in                  ; 0 F/in                  ; short         ; -                   ; open           ; open             ; open   ; 0 in             ; 0 H/in                 ; 0 F/in                 ; short        ; open          ; open            ; open  ; 0 V                 ; -                  ; n/a           ; n/a             ; n/a         ;
; VGA_R[4]      ; 2.5 V        ; 0 in              ; 0 H/in                  ; 0 F/in                  ; short         ; -                   ; open           ; open             ; open   ; 0 in             ; 0 H/in                 ; 0 F/in                 ; short        ; open          ; open            ; open  ; 0 V                 ; -                  ; n/a           ; n/a             ; n/a         ;
; VGA_R[5]      ; 2.5 V        ; 0 in              ; 0 H/in                  ; 0 F/in                  ; short         ; -                   ; open           ; open             ; open   ; 0 in             ; 0 H/in                 ; 0 F/in                 ; short        ; open          ; open            ; open  ; 0 V                 ; -                  ; n/a           ; n/a             ; n/a         ;
; VGA_R[6]      ; 2.5 V        ; 0 in              ; 0 H/in                  ; 0 F/in                  ; short         ; -                   ; open           ; open             ; open   ; 0 in             ; 0 H/in                 ; 0 F/in                 ; short        ; open          ; open            ; open  ; 0 V                 ; -                  ; n/a           ; n/a             ; n/a         ;
; VGA_R[7]      ; 2.5 V        ; 0 in              ; 0 H/in                  ; 0 F/in                  ; short         ; -                   ; open           ; open             ; open   ; 0 in             ; 0 H/in                 ; 0 F/in                 ; short        ; open          ; open            ; open  ; 0 V                 ; -                  ; n/a           ; n/a             ; n/a         ;
; VGA_G[0]      ; 2.5 V        ; 0 in              ; 0 H/in                  ; 0 F/in                  ; short         ; -                   ; open           ; open             ; open   ; 0 in             ; 0 H/in                 ; 0 F/in                 ; short        ; open          ; open            ; open  ; 0 V                 ; -                  ; n/a           ; n/a             ; n/a         ;
; VGA_G[1]      ; 2.5 V        ; 0 in              ; 0 H/in                  ; 0 F/in                  ; short         ; -                   ; open           ; open             ; open   ; 0 in             ; 0 H/in                 ; 0 F/in                 ; short        ; open          ; open            ; open  ; 0 V                 ; -                  ; n/a           ; n/a             ; n/a         ;
; VGA_G[2]      ; 2.5 V        ; 0 in              ; 0 H/in                  ; 0 F/in                  ; short         ; -                   ; open           ; open             ; open   ; 0 in             ; 0 H/in                 ; 0 F/in                 ; short        ; open          ; open            ; open  ; 0 V                 ; -                  ; n/a           ; n/a             ; n/a         ;
; VGA_G[3]      ; 2.5 V        ; 0 in              ; 0 H/in                  ; 0 F/in                  ; short         ; -                   ; open           ; open             ; open   ; 0 in             ; 0 H/in                 ; 0 F/in                 ; short        ; open          ; open            ; open  ; 0 V                 ; -                  ; n/a           ; n/a             ; n/a         ;
; VGA_G[4]      ; 2.5 V        ; 0 in              ; 0 H/in                  ; 0 F/in                  ; short         ; -                   ; open           ; open             ; open   ; 0 in             ; 0 H/in                 ; 0 F/in                 ; short        ; open          ; open            ; open  ; 0 V                 ; -                  ; n/a           ; n/a             ; n/a         ;
; VGA_G[5]      ; 2.5 V        ; 0 in              ; 0 H/in                  ; 0 F/in                  ; short         ; -                   ; open           ; open             ; open   ; 0 in             ; 0 H/in                 ; 0 F/in                 ; short        ; open          ; open            ; open  ; 0 V                 ; -                  ; n/a           ; n/a             ; n/a         ;
; VGA_G[6]      ; 2.5 V        ; 0 in              ; 0 H/in                  ; 0 F/in                  ; short         ; -                   ; open           ; open             ; open   ; 0 in             ; 0 H/in                 ; 0 F/in                 ; short        ; open          ; open            ; open  ; 0 V                 ; -                  ; n/a           ; n/a             ; n/a         ;
; VGA_G[7]      ; 2.5 V        ; 0 in              ; 0 H/in                  ; 0 F/in                  ; short         ; -                   ; open           ; open             ; open   ; 0 in             ; 0 H/in                 ; 0 F/in                 ; short        ; open          ; open            ; open  ; 0 V                 ; -                  ; n/a           ; n/a             ; n/a         ;
; VGA_B[0]      ; 2.5 V        ; 0 in              ; 0 H/in                  ; 0 F/in                  ; short         ; -                   ; open           ; open             ; open   ; 0 in             ; 0 H/in                 ; 0 F/in                 ; short        ; open          ; open            ; open  ; 0 V                 ; -                  ; n/a           ; n/a             ; n/a         ;
; VGA_B[1]      ; 2.5 V        ; 0 in              ; 0 H/in                  ; 0 F/in                  ; short         ; -                   ; open           ; open             ; open   ; 0 in             ; 0 H/in                 ; 0 F/in                 ; short        ; open          ; open            ; open  ; 0 V                 ; -                  ; n/a           ; n/a             ; n/a         ;
; VGA_B[2]      ; 2.5 V        ; 0 in              ; 0 H/in                  ; 0 F/in                  ; short         ; -                   ; open           ; open             ; open   ; 0 in             ; 0 H/in                 ; 0 F/in                 ; short        ; open          ; open            ; open  ; 0 V                 ; -                  ; n/a           ; n/a             ; n/a         ;
; VGA_B[3]      ; 2.5 V        ; 0 in              ; 0 H/in                  ; 0 F/in                  ; short         ; -                   ; open           ; open             ; open   ; 0 in             ; 0 H/in                 ; 0 F/in                 ; short        ; open          ; open            ; open  ; 0 V                 ; -                  ; n/a           ; n/a             ; n/a         ;
; VGA_B[4]      ; 2.5 V        ; 0 in              ; 0 H/in                  ; 0 F/in                  ; short         ; -                   ; open           ; open             ; open   ; 0 in             ; 0 H/in                 ; 0 F/in                 ; short        ; open          ; open            ; open  ; 0 V                 ; -                  ; n/a           ; n/a             ; n/a         ;
; VGA_B[5]      ; 2.5 V        ; 0 in              ; 0 H/in                  ; 0 F/in                  ; short         ; -                   ; open           ; open             ; open   ; 0 in             ; 0 H/in                 ; 0 F/in                 ; short        ; open          ; open            ; open  ; 0 V                 ; -                  ; n/a           ; n/a             ; n/a         ;
; VGA_B[6]      ; 2.5 V        ; 0 in              ; 0 H/in                  ; 0 F/in                  ; short         ; -                   ; open           ; open             ; open   ; 0 in             ; 0 H/in                 ; 0 F/in                 ; short        ; open          ; open            ; open  ; 0 V                 ; -                  ; n/a           ; n/a             ; n/a         ;
; VGA_B[7]      ; 2.5 V        ; 0 in              ; 0 H/in                  ; 0 F/in                  ; short         ; -                   ; open           ; open             ; open   ; 0 in             ; 0 H/in                 ; 0 F/in                 ; short        ; open          ; open            ; open  ; 0 V                 ; -                  ; n/a           ; n/a             ; n/a         ;
; VGA_BLANK_N   ; 2.5 V        ; 0 in              ; 0 H/in                  ; 0 F/in                  ; short         ; -                   ; open           ; open             ; open   ; 0 in             ; 0 H/in                 ; 0 F/in                 ; short        ; open          ; open            ; open  ; 0 V                 ; -                  ; n/a           ; n/a             ; n/a         ;
; VGA_CLK       ; 2.5 V        ; 0 in              ; 0 H/in                  ; 0 F/in                  ; short         ; -                   ; open           ; open             ; open   ; 0 in             ; 0 H/in                 ; 0 F/in                 ; short        ; open          ; open            ; open  ; 0 V                 ; -                  ; n/a           ; n/a             ; n/a         ;
; VGA_SYNC_N    ; 2.5 V        ; 0 in              ; 0 H/in                  ; 0 F/in                  ; short         ; -                   ; open           ; open             ; open   ; 0 in             ; 0 H/in                 ; 0 F/in                 ; short        ; open          ; open            ; open  ; 0 V                 ; -                  ; n/a           ; n/a             ; n/a         ;
; VGA_VS        ; 2.5 V        ; 0 in              ; 0 H/in                  ; 0 F/in                  ; short         ; -                   ; open           ; open             ; open   ; 0 in             ; 0 H/in                 ; 0 F/in                 ; short        ; open          ; open            ; open  ; 0 V                 ; -                  ; n/a           ; n/a             ; n/a         ;
; VGA_HS        ; 2.5 V        ; 0 in              ; 0 H/in                  ; 0 F/in                  ; short         ; -                   ; open           ; open             ; open   ; 0 in             ; 0 H/in                 ; 0 F/in                 ; short        ; open          ; open            ; open  ; 0 V                 ; -                  ; n/a           ; n/a             ; n/a         ;
; ~ALTERA_DCLK~ ; 2.5 V        ; 0 in              ; 0 H/in                  ; 0 F/in                  ; short         ; -                   ; open           ; open             ; open   ; 0 in             ; 0 H/in                 ; 0 F/in                 ; short        ; open          ; open            ; open  ; 0 V                 ; -                  ; n/a           ; n/a             ; n/a         ;
; ~ALTERA_nCEO~ ; 2.5 V        ; 0 in              ; 0 H/in                  ; 0 F/in                  ; short         ; -                   ; open           ; open             ; open   ; 0 in             ; 0 H/in                 ; 0 F/in                 ; short        ; open          ; open            ; open  ; 0 V                 ; -                  ; n/a           ; n/a             ; n/a         ;
+---------------+--------------+-------------------+-------------------------+-------------------------+---------------+---------------------+----------------+------------------+--------+------------------+------------------------+------------------------+--------------+---------------+-----------------+-------+---------------------+--------------------+---------------+-----------------+-------------+


+----------------------------------------------------------------------------+
; Input Transition Times                                                     ;
+-------------------------+--------------+-----------------+-----------------+
; Pin                     ; I/O Standard ; 10-90 Rise Time ; 90-10 Fall Time ;
+-------------------------+--------------+-----------------+-----------------+
; CLOCK2_50               ; 2.5 V        ; 2000 ps         ; 2000 ps         ;
; KEY[0]                  ; 2.5 V        ; 2000 ps         ; 2000 ps         ;
; KEY[1]                  ; 2.5 V        ; 2000 ps         ; 2000 ps         ;
; KEY[3]                  ; 2.5 V        ; 2000 ps         ; 2000 ps         ;
; GPIO[8]                 ; 2.5 V        ; 2000 ps         ; 2000 ps         ;
; GPIO[9]                 ; 2.5 V        ; 2000 ps         ; 2000 ps         ;
; GPIO[10]                ; 2.5 V        ; 2000 ps         ; 2000 ps         ;
; GPIO[11]                ; 2.5 V        ; 2000 ps         ; 2000 ps         ;
; GPIO[12]                ; 2.5 V        ; 2000 ps         ; 2000 ps         ;
; GPIO[13]                ; 2.5 V        ; 2000 ps         ; 2000 ps         ;
; GPIO[14]                ; 2.5 V        ; 2000 ps         ; 2000 ps         ;
; GPIO[15]                ; 2.5 V        ; 2000 ps         ; 2000 ps         ;
; GPIO[16]                ; 2.5 V        ; 2000 ps         ; 2000 ps         ;
; GPIO[17]                ; 2.5 V        ; 2000 ps         ; 2000 ps         ;
; GPIO[18]                ; 2.5 V        ; 2000 ps         ; 2000 ps         ;
; GPIO[19]                ; 2.5 V        ; 2000 ps         ; 2000 ps         ;
; GPIO[20]                ; 2.5 V        ; 2000 ps         ; 2000 ps         ;
; GPIO[21]                ; 2.5 V        ; 2000 ps         ; 2000 ps         ;
; GPIO[22]                ; 2.5 V        ; 2000 ps         ; 2000 ps         ;
; GPIO[23]                ; 2.5 V        ; 2000 ps         ; 2000 ps         ;
; GPIO[24]                ; 2.5 V        ; 2000 ps         ; 2000 ps         ;
; GPIO[25]                ; 2.5 V        ; 2000 ps         ; 2000 ps         ;
; GPIO[26]                ; 2.5 V        ; 2000 ps         ; 2000 ps         ;
; GPIO[27]                ; 2.5 V        ; 2000 ps         ; 2000 ps         ;
; GPIO[28]                ; 2.5 V        ; 2000 ps         ; 2000 ps         ;
; GPIO[29]                ; 2.5 V        ; 2000 ps         ; 2000 ps         ;
; GPIO[30]                ; 2.5 V        ; 2000 ps         ; 2000 ps         ;
; GPIO[31]                ; 2.5 V        ; 2000 ps         ; 2000 ps         ;
; GPIO[32]                ; 2.5 V        ; 2000 ps         ; 2000 ps         ;
; GPIO[33]                ; 2.5 V        ; 2000 ps         ; 2000 ps         ;
; GPIO[34]                ; 2.5 V        ; 2000 ps         ; 2000 ps         ;
; GPIO[35]                ; 2.5 V        ; 2000 ps         ; 2000 ps         ;
; SW[1]                   ; 2.5 V        ; 2000 ps         ; 2000 ps         ;
; SW[2]                   ; 2.5 V        ; 2000 ps         ; 2000 ps         ;
; SW[3]                   ; 2.5 V        ; 2000 ps         ; 2000 ps         ;
; SW[4]                   ; 2.5 V        ; 2000 ps         ; 2000 ps         ;
; SW[5]                   ; 2.5 V        ; 2000 ps         ; 2000 ps         ;
; SW[6]                   ; 2.5 V        ; 2000 ps         ; 2000 ps         ;
; SW[7]                   ; 2.5 V        ; 2000 ps         ; 2000 ps         ;
; SW[8]                   ; 2.5 V        ; 2000 ps         ; 2000 ps         ;
; SW[9]                   ; 2.5 V        ; 2000 ps         ; 2000 ps         ;
; SW[10]                  ; 2.5 V        ; 2000 ps         ; 2000 ps         ;
; SW[11]                  ; 2.5 V        ; 2000 ps         ; 2000 ps         ;
; SW[12]                  ; 2.5 V        ; 2000 ps         ; 2000 ps         ;
; SW[13]                  ; 2.5 V        ; 2000 ps         ; 2000 ps         ;
; SW[14]                  ; 2.5 V        ; 2000 ps         ; 2000 ps         ;
; SW[15]                  ; 2.5 V        ; 2000 ps         ; 2000 ps         ;
; SW[16]                  ; 2.5 V        ; 2000 ps         ; 2000 ps         ;
; SW[17]                  ; 2.5 V        ; 2000 ps         ; 2000 ps         ;
; GPIO[0]                 ; 2.5 V        ; 2000 ps         ; 2000 ps         ;
; GPIO[1]                 ; 2.5 V        ; 2000 ps         ; 2000 ps         ;
; GPIO[2]                 ; 2.5 V        ; 2000 ps         ; 2000 ps         ;
; GPIO[3]                 ; 2.5 V        ; 2000 ps         ; 2000 ps         ;
; GPIO[4]                 ; 2.5 V        ; 2000 ps         ; 2000 ps         ;
; GPIO[5]                 ; 2.5 V        ; 2000 ps         ; 2000 ps         ;
; GPIO[6]                 ; 2.5 V        ; 2000 ps         ; 2000 ps         ;
; GPIO[7]                 ; 2.5 V        ; 2000 ps         ; 2000 ps         ;
; CLOCK3_50               ; 2.5 V        ; 2000 ps         ; 2000 ps         ;
; SW[0]                   ; 2.5 V        ; 2000 ps         ; 2000 ps         ;
; KEY[2]                  ; 2.5 V        ; 2000 ps         ; 2000 ps         ;
; CLOCK_50                ; 2.5 V        ; 2000 ps         ; 2000 ps         ;
; ~ALTERA_ASDO_DATA1~     ; 2.5 V        ; 2000 ps         ; 2000 ps         ;
; ~ALTERA_FLASH_nCE_nCSO~ ; 2.5 V        ; 2000 ps         ; 2000 ps         ;
; ~ALTERA_DATA0~          ; 2.5 V        ; 2000 ps         ; 2000 ps         ;
+-------------------------+--------------+-----------------+-----------------+


+--------------------------------------------------------------------------------------------------------------------------------------------------------------------------------------------------------------------------------------------------------------------------------------------------------------------------------------------------------------------------------------------------------------------------------------------------------------------------------------------------------------------------------------------------------------------------------------------------------------------------------------------------------------------------------------------+
; Signal Integrity Metrics (Slow 1200mv 0c Model)                                                                                                                                                                                                                                                                                                                                                                                                                                                                                                                                                                                                                                            ;
+---------------+--------------+---------------------+---------------------+------------------------------+------------------------------+---------------------+---------------------+--------------------------------------+--------------------------------------+-----------------------------+-----------------------------+----------------------------+----------------------------+-----------------------------+-----------------------------+--------------------+--------------------+-------------------------------------+-------------------------------------+----------------------------+----------------------------+---------------------------+---------------------------+
; Pin           ; I/O Standard ; Board Delay on Rise ; Board Delay on Fall ; Steady State Voh at FPGA Pin ; Steady State Vol at FPGA Pin ; Voh Max at FPGA Pin ; Vol Min at FPGA Pin ; Ringback Voltage on Rise at FPGA Pin ; Ringback Voltage on Fall at FPGA Pin ; 10-90 Rise Time at FPGA Pin ; 90-10 Fall Time at FPGA Pin ; Monotonic Rise at FPGA Pin ; Monotonic Fall at FPGA Pin ; Steady State Voh at Far-end ; Steady State Vol at Far-end ; Voh Max at Far-end ; Vol Min at Far-end ; Ringback Voltage on Rise at Far-end ; Ringback Voltage on Fall at Far-end ; 10-90 Rise Time at Far-end ; 90-10 Fall Time at Far-end ; Monotonic Rise at Far-end ; Monotonic Fall at Far-end ;
+---------------+--------------+---------------------+---------------------+------------------------------+------------------------------+---------------------+---------------------+--------------------------------------+--------------------------------------+-----------------------------+-----------------------------+----------------------------+----------------------------+-----------------------------+-----------------------------+--------------------+--------------------+-------------------------------------+-------------------------------------+----------------------------+----------------------------+---------------------------+---------------------------+
; LEDR[0]       ; 2.5 V        ; 0 s                 ; 0 s                 ; 2.32 V                       ; 4.49e-09 V                   ; 2.38 V              ; -0.00552 V          ; 0.096 V                              ; 0.019 V                              ; 4.18e-10 s                  ; 3.59e-10 s                  ; No                         ; Yes                        ; 2.32 V                      ; 4.49e-09 V                  ; 2.38 V             ; -0.00552 V         ; 0.096 V                             ; 0.019 V                             ; 4.18e-10 s                 ; 3.59e-10 s                 ; No                        ; Yes                       ;
; LEDR[1]       ; 2.5 V        ; 0 s                 ; 0 s                 ; 2.32 V                       ; 4.49e-09 V                   ; 2.38 V              ; -0.00552 V          ; 0.096 V                              ; 0.019 V                              ; 4.18e-10 s                  ; 3.59e-10 s                  ; No                         ; Yes                        ; 2.32 V                      ; 4.49e-09 V                  ; 2.38 V             ; -0.00552 V         ; 0.096 V                             ; 0.019 V                             ; 4.18e-10 s                 ; 3.59e-10 s                 ; No                        ; Yes                       ;
; LEDR[2]       ; 2.5 V        ; 0 s                 ; 0 s                 ; 2.32 V                       ; 4.49e-09 V                   ; 2.38 V              ; -0.00552 V          ; 0.096 V                              ; 0.019 V                              ; 4.18e-10 s                  ; 3.59e-10 s                  ; No                         ; Yes                        ; 2.32 V                      ; 4.49e-09 V                  ; 2.38 V             ; -0.00552 V         ; 0.096 V                             ; 0.019 V                             ; 4.18e-10 s                 ; 3.59e-10 s                 ; No                        ; Yes                       ;
; LEDR[3]       ; 2.5 V        ; 0 s                 ; 0 s                 ; 2.32 V                       ; 4.49e-09 V                   ; 2.38 V              ; -0.00552 V          ; 0.096 V                              ; 0.019 V                              ; 4.18e-10 s                  ; 3.59e-10 s                  ; No                         ; Yes                        ; 2.32 V                      ; 4.49e-09 V                  ; 2.38 V             ; -0.00552 V         ; 0.096 V                             ; 0.019 V                             ; 4.18e-10 s                 ; 3.59e-10 s                 ; No                        ; Yes                       ;
; LEDR[4]       ; 2.5 V        ; 0 s                 ; 0 s                 ; 2.32 V                       ; 4.49e-09 V                   ; 2.38 V              ; -0.00552 V          ; 0.096 V                              ; 0.019 V                              ; 4.18e-10 s                  ; 3.59e-10 s                  ; No                         ; Yes                        ; 2.32 V                      ; 4.49e-09 V                  ; 2.38 V             ; -0.00552 V         ; 0.096 V                             ; 0.019 V                             ; 4.18e-10 s                 ; 3.59e-10 s                 ; No                        ; Yes                       ;
; LEDR[5]       ; 2.5 V        ; 0 s                 ; 0 s                 ; 2.32 V                       ; 4.49e-09 V                   ; 2.38 V              ; -0.00552 V          ; 0.096 V                              ; 0.019 V                              ; 4.18e-10 s                  ; 3.59e-10 s                  ; No                         ; Yes                        ; 2.32 V                      ; 4.49e-09 V                  ; 2.38 V             ; -0.00552 V         ; 0.096 V                             ; 0.019 V                             ; 4.18e-10 s                 ; 3.59e-10 s                 ; No                        ; Yes                       ;
; LEDR[6]       ; 2.5 V        ; 0 s                 ; 0 s                 ; 2.32 V                       ; 4.49e-09 V                   ; 2.38 V              ; -0.00552 V          ; 0.096 V                              ; 0.019 V                              ; 4.18e-10 s                  ; 3.59e-10 s                  ; No                         ; Yes                        ; 2.32 V                      ; 4.49e-09 V                  ; 2.38 V             ; -0.00552 V         ; 0.096 V                             ; 0.019 V                             ; 4.18e-10 s                 ; 3.59e-10 s                 ; No                        ; Yes                       ;
; LEDR[7]       ; 2.5 V        ; 0 s                 ; 0 s                 ; 2.32 V                       ; 4.49e-09 V                   ; 2.38 V              ; -0.00552 V          ; 0.096 V                              ; 0.019 V                              ; 4.18e-10 s                  ; 3.59e-10 s                  ; No                         ; Yes                        ; 2.32 V                      ; 4.49e-09 V                  ; 2.38 V             ; -0.00552 V         ; 0.096 V                             ; 0.019 V                             ; 4.18e-10 s                 ; 3.59e-10 s                 ; No                        ; Yes                       ;
; LEDR[8]       ; 2.5 V        ; 0 s                 ; 0 s                 ; 2.32 V                       ; 4.49e-09 V                   ; 2.38 V              ; -0.00552 V          ; 0.096 V                              ; 0.019 V                              ; 4.18e-10 s                  ; 3.59e-10 s                  ; No                         ; Yes                        ; 2.32 V                      ; 4.49e-09 V                  ; 2.38 V             ; -0.00552 V         ; 0.096 V                             ; 0.019 V                             ; 4.18e-10 s                 ; 3.59e-10 s                 ; No                        ; Yes                       ;
; LEDR[9]       ; 2.5 V        ; 0 s                 ; 0 s                 ; 2.32 V                       ; 4.49e-09 V                   ; 2.33 V              ; -0.00467 V          ; 0.226 V                              ; 0.087 V                              ; 2.91e-09 s                  ; 2.74e-09 s                  ; Yes                        ; Yes                        ; 2.32 V                      ; 4.49e-09 V                  ; 2.33 V             ; -0.00467 V         ; 0.226 V                             ; 0.087 V                             ; 2.91e-09 s                 ; 2.74e-09 s                 ; Yes                       ; Yes                       ;
; LEDR[10]      ; 2.5 V        ; 0 s                 ; 0 s                 ; 2.32 V                       ; 4.49e-09 V                   ; 2.38 V              ; -0.00552 V          ; 0.096 V                              ; 0.019 V                              ; 4.18e-10 s                  ; 3.59e-10 s                  ; No                         ; Yes                        ; 2.32 V                      ; 4.49e-09 V                  ; 2.38 V             ; -0.00552 V         ; 0.096 V                             ; 0.019 V                             ; 4.18e-10 s                 ; 3.59e-10 s                 ; No                        ; Yes                       ;
; LEDR[11]      ; 2.5 V        ; 0 s                 ; 0 s                 ; 2.32 V                       ; 4.49e-09 V                   ; 2.38 V              ; -0.00552 V          ; 0.096 V                              ; 0.019 V                              ; 4.18e-10 s                  ; 3.59e-10 s                  ; No                         ; Yes                        ; 2.32 V                      ; 4.49e-09 V                  ; 2.38 V             ; -0.00552 V         ; 0.096 V                             ; 0.019 V                             ; 4.18e-10 s                 ; 3.59e-10 s                 ; No                        ; Yes                       ;
; LEDR[12]      ; 2.5 V        ; 0 s                 ; 0 s                 ; 2.32 V                       ; 4.49e-09 V                   ; 2.38 V              ; -0.00552 V          ; 0.096 V                              ; 0.019 V                              ; 4.18e-10 s                  ; 3.59e-10 s                  ; No                         ; Yes                        ; 2.32 V                      ; 4.49e-09 V                  ; 2.38 V             ; -0.00552 V         ; 0.096 V                             ; 0.019 V                             ; 4.18e-10 s                 ; 3.59e-10 s                 ; No                        ; Yes                       ;
; LEDR[13]      ; 2.5 V        ; 0 s                 ; 0 s                 ; 2.32 V                       ; 4.49e-09 V                   ; 2.38 V              ; -0.00552 V          ; 0.096 V                              ; 0.019 V                              ; 4.18e-10 s                  ; 3.59e-10 s                  ; No                         ; Yes                        ; 2.32 V                      ; 4.49e-09 V                  ; 2.38 V             ; -0.00552 V         ; 0.096 V                             ; 0.019 V                             ; 4.18e-10 s                 ; 3.59e-10 s                 ; No                        ; Yes                       ;
; LEDR[14]      ; 2.5 V        ; 0 s                 ; 0 s                 ; 2.32 V                       ; 4.49e-09 V                   ; 2.38 V              ; -0.00552 V          ; 0.096 V                              ; 0.019 V                              ; 4.18e-10 s                  ; 3.59e-10 s                  ; No                         ; Yes                        ; 2.32 V                      ; 4.49e-09 V                  ; 2.38 V             ; -0.00552 V         ; 0.096 V                             ; 0.019 V                             ; 4.18e-10 s                 ; 3.59e-10 s                 ; No                        ; Yes                       ;
; LEDR[15]      ; 2.5 V        ; 0 s                 ; 0 s                 ; 2.32 V                       ; 4.49e-09 V                   ; 2.33 V              ; -0.00467 V          ; 0.226 V                              ; 0.087 V                              ; 2.91e-09 s                  ; 2.74e-09 s                  ; Yes                        ; Yes                        ; 2.32 V                      ; 4.49e-09 V                  ; 2.33 V             ; -0.00467 V         ; 0.226 V                             ; 0.087 V                             ; 2.91e-09 s                 ; 2.74e-09 s                 ; Yes                       ; Yes                       ;
; LEDR[16]      ; 2.5 V        ; 0 s                 ; 0 s                 ; 2.32 V                       ; 4.49e-09 V                   ; 2.38 V              ; -0.00552 V          ; 0.096 V                              ; 0.019 V                              ; 4.18e-10 s                  ; 3.59e-10 s                  ; No                         ; Yes                        ; 2.32 V                      ; 4.49e-09 V                  ; 2.38 V             ; -0.00552 V         ; 0.096 V                             ; 0.019 V                             ; 4.18e-10 s                 ; 3.59e-10 s                 ; No                        ; Yes                       ;
; LEDR[17]      ; 2.5 V        ; 0 s                 ; 0 s                 ; 2.32 V                       ; 4.49e-09 V                   ; 2.38 V              ; -0.00552 V          ; 0.096 V                              ; 0.019 V                              ; 4.18e-10 s                  ; 3.59e-10 s                  ; No                         ; Yes                        ; 2.32 V                      ; 4.49e-09 V                  ; 2.38 V             ; -0.00552 V         ; 0.096 V                             ; 0.019 V                             ; 4.18e-10 s                 ; 3.59e-10 s                 ; No                        ; Yes                       ;
; LEDG[0]       ; 2.5 V        ; 0 s                 ; 0 s                 ; 2.32 V                       ; 4.49e-09 V                   ; 2.38 V              ; -0.00552 V          ; 0.096 V                              ; 0.019 V                              ; 4.18e-10 s                  ; 3.59e-10 s                  ; No                         ; Yes                        ; 2.32 V                      ; 4.49e-09 V                  ; 2.38 V             ; -0.00552 V         ; 0.096 V                             ; 0.019 V                             ; 4.18e-10 s                 ; 3.59e-10 s                 ; No                        ; Yes                       ;
; LEDG[1]       ; 2.5 V        ; 0 s                 ; 0 s                 ; 2.32 V                       ; 4.49e-09 V                   ; 2.38 V              ; -0.00552 V          ; 0.096 V                              ; 0.019 V                              ; 4.18e-10 s                  ; 3.59e-10 s                  ; No                         ; Yes                        ; 2.32 V                      ; 4.49e-09 V                  ; 2.38 V             ; -0.00552 V         ; 0.096 V                             ; 0.019 V                             ; 4.18e-10 s                 ; 3.59e-10 s                 ; No                        ; Yes                       ;
; LEDG[2]       ; 2.5 V        ; 0 s                 ; 0 s                 ; 2.32 V                       ; 4.49e-09 V                   ; 2.38 V              ; -0.00552 V          ; 0.096 V                              ; 0.019 V                              ; 4.18e-10 s                  ; 3.59e-10 s                  ; No                         ; Yes                        ; 2.32 V                      ; 4.49e-09 V                  ; 2.38 V             ; -0.00552 V         ; 0.096 V                             ; 0.019 V                             ; 4.18e-10 s                 ; 3.59e-10 s                 ; No                        ; Yes                       ;
; LEDG[3]       ; 2.5 V        ; 0 s                 ; 0 s                 ; 2.32 V                       ; 4.49e-09 V                   ; 2.38 V              ; -0.00552 V          ; 0.096 V                              ; 0.019 V                              ; 4.18e-10 s                  ; 3.59e-10 s                  ; No                         ; Yes                        ; 2.32 V                      ; 4.49e-09 V                  ; 2.38 V             ; -0.00552 V         ; 0.096 V                             ; 0.019 V                             ; 4.18e-10 s                 ; 3.59e-10 s                 ; No                        ; Yes                       ;
; LEDG[4]       ; 2.5 V        ; 0 s                 ; 0 s                 ; 2.32 V                       ; 4.49e-09 V                   ; 2.38 V              ; -0.00552 V          ; 0.096 V                              ; 0.019 V                              ; 4.18e-10 s                  ; 3.59e-10 s                  ; No                         ; Yes                        ; 2.32 V                      ; 4.49e-09 V                  ; 2.38 V             ; -0.00552 V         ; 0.096 V                             ; 0.019 V                             ; 4.18e-10 s                 ; 3.59e-10 s                 ; No                        ; Yes                       ;
; LEDG[5]       ; 2.5 V        ; 0 s                 ; 0 s                 ; 2.32 V                       ; 4.49e-09 V                   ; 2.38 V              ; -0.00552 V          ; 0.096 V                              ; 0.019 V                              ; 4.18e-10 s                  ; 3.59e-10 s                  ; No                         ; Yes                        ; 2.32 V                      ; 4.49e-09 V                  ; 2.38 V             ; -0.00552 V         ; 0.096 V                             ; 0.019 V                             ; 4.18e-10 s                 ; 3.59e-10 s                 ; No                        ; Yes                       ;
; LEDG[6]       ; 2.5 V        ; 0 s                 ; 0 s                 ; 2.32 V                       ; 4.49e-09 V                   ; 2.38 V              ; -0.00552 V          ; 0.096 V                              ; 0.019 V                              ; 4.18e-10 s                  ; 3.59e-10 s                  ; No                         ; Yes                        ; 2.32 V                      ; 4.49e-09 V                  ; 2.38 V             ; -0.00552 V         ; 0.096 V                             ; 0.019 V                             ; 4.18e-10 s                 ; 3.59e-10 s                 ; No                        ; Yes                       ;
; LEDG[7]       ; 2.5 V        ; 0 s                 ; 0 s                 ; 2.32 V                       ; 4.49e-09 V                   ; 2.38 V              ; -0.00552 V          ; 0.096 V                              ; 0.019 V                              ; 4.18e-10 s                  ; 3.59e-10 s                  ; No                         ; Yes                        ; 2.32 V                      ; 4.49e-09 V                  ; 2.38 V             ; -0.00552 V         ; 0.096 V                             ; 0.019 V                             ; 4.18e-10 s                 ; 3.59e-10 s                 ; No                        ; Yes                       ;
; LEDG[8]       ; 2.5 V        ; 0 s                 ; 0 s                 ; 2.32 V                       ; 4.49e-09 V                   ; 2.38 V              ; -0.00552 V          ; 0.096 V                              ; 0.019 V                              ; 4.18e-10 s                  ; 3.59e-10 s                  ; No                         ; Yes                        ; 2.32 V                      ; 4.49e-09 V                  ; 2.38 V             ; -0.00552 V         ; 0.096 V                             ; 0.019 V                             ; 4.18e-10 s                 ; 3.59e-10 s                 ; No                        ; Yes                       ;
; HEX0[0]       ; 2.5 V        ; 0 s                 ; 0 s                 ; 2.32 V                       ; 4.49e-09 V                   ; 2.38 V              ; -0.00552 V          ; 0.096 V                              ; 0.019 V                              ; 4.18e-10 s                  ; 3.59e-10 s                  ; No                         ; Yes                        ; 2.32 V                      ; 4.49e-09 V                  ; 2.38 V             ; -0.00552 V         ; 0.096 V                             ; 0.019 V                             ; 4.18e-10 s                 ; 3.59e-10 s                 ; No                        ; Yes                       ;
; HEX0[1]       ; 2.5 V        ; 0 s                 ; 0 s                 ; 2.32 V                       ; 4.49e-09 V                   ; 2.33 V              ; -0.00467 V          ; 0.226 V                              ; 0.087 V                              ; 2.91e-09 s                  ; 2.74e-09 s                  ; Yes                        ; Yes                        ; 2.32 V                      ; 4.49e-09 V                  ; 2.33 V             ; -0.00467 V         ; 0.226 V                             ; 0.087 V                             ; 2.91e-09 s                 ; 2.74e-09 s                 ; Yes                       ; Yes                       ;
; HEX0[2]       ; 2.5 V        ; 0 s                 ; 0 s                 ; 2.32 V                       ; 4.49e-09 V                   ; 2.38 V              ; -0.00552 V          ; 0.096 V                              ; 0.019 V                              ; 4.18e-10 s                  ; 3.59e-10 s                  ; No                         ; Yes                        ; 2.32 V                      ; 4.49e-09 V                  ; 2.38 V             ; -0.00552 V         ; 0.096 V                             ; 0.019 V                             ; 4.18e-10 s                 ; 3.59e-10 s                 ; No                        ; Yes                       ;
; HEX0[3]       ; 2.5 V        ; 0 s                 ; 0 s                 ; 2.32 V                       ; 3.07e-09 V                   ; 2.38 V              ; -0.0144 V           ; 0.227 V                              ; 0.024 V                              ; 3.14e-10 s                  ; 3.39e-10 s                  ; Yes                        ; Yes                        ; 2.32 V                      ; 3.07e-09 V                  ; 2.38 V             ; -0.0144 V          ; 0.227 V                             ; 0.024 V                             ; 3.14e-10 s                 ; 3.39e-10 s                 ; Yes                       ; Yes                       ;
; HEX0[4]       ; 2.5 V        ; 0 s                 ; 0 s                 ; 2.32 V                       ; 3.07e-09 V                   ; 2.38 V              ; -0.0144 V           ; 0.227 V                              ; 0.024 V                              ; 3.14e-10 s                  ; 3.39e-10 s                  ; Yes                        ; Yes                        ; 2.32 V                      ; 3.07e-09 V                  ; 2.38 V             ; -0.0144 V          ; 0.227 V                             ; 0.024 V                             ; 3.14e-10 s                 ; 3.39e-10 s                 ; Yes                       ; Yes                       ;
; HEX0[5]       ; 2.5 V        ; 0 s                 ; 0 s                 ; 2.32 V                       ; 3.07e-09 V                   ; 2.33 V              ; -0.00496 V          ; 0.223 V                              ; 0.086 V                              ; 2.9e-09 s                   ; 2.73e-09 s                  ; Yes                        ; Yes                        ; 2.32 V                      ; 3.07e-09 V                  ; 2.33 V             ; -0.00496 V         ; 0.223 V                             ; 0.086 V                             ; 2.9e-09 s                  ; 2.73e-09 s                 ; Yes                       ; Yes                       ;
; HEX0[6]       ; 2.5 V        ; 0 s                 ; 0 s                 ; 2.32 V                       ; 3.07e-09 V                   ; 2.38 V              ; -0.0144 V           ; 0.227 V                              ; 0.024 V                              ; 3.14e-10 s                  ; 3.39e-10 s                  ; Yes                        ; Yes                        ; 2.32 V                      ; 3.07e-09 V                  ; 2.38 V             ; -0.0144 V          ; 0.227 V                             ; 0.024 V                             ; 3.14e-10 s                 ; 3.39e-10 s                 ; Yes                       ; Yes                       ;
; HEX1[0]       ; 2.5 V        ; 0 s                 ; 0 s                 ; 2.32 V                       ; 3.07e-09 V                   ; 2.38 V              ; -0.0144 V           ; 0.227 V                              ; 0.024 V                              ; 3.14e-10 s                  ; 3.39e-10 s                  ; Yes                        ; Yes                        ; 2.32 V                      ; 3.07e-09 V                  ; 2.38 V             ; -0.0144 V          ; 0.227 V                             ; 0.024 V                             ; 3.14e-10 s                 ; 3.39e-10 s                 ; Yes                       ; Yes                       ;
; HEX1[1]       ; 2.5 V        ; 0 s                 ; 0 s                 ; 2.32 V                       ; 3.07e-09 V                   ; 2.37 V              ; -0.00994 V          ; 0.186 V                              ; 0.028 V                              ; 4.98e-10 s                  ; 4.96e-10 s                  ; Yes                        ; Yes                        ; 2.32 V                      ; 3.07e-09 V                  ; 2.37 V             ; -0.00994 V         ; 0.186 V                             ; 0.028 V                             ; 4.98e-10 s                 ; 4.96e-10 s                 ; Yes                       ; Yes                       ;
; HEX1[2]       ; 2.5 V        ; 0 s                 ; 0 s                 ; 2.32 V                       ; 3.07e-09 V                   ; 2.37 V              ; -0.00994 V          ; 0.186 V                              ; 0.028 V                              ; 4.98e-10 s                  ; 4.96e-10 s                  ; Yes                        ; Yes                        ; 2.32 V                      ; 3.07e-09 V                  ; 2.37 V             ; -0.00994 V         ; 0.186 V                             ; 0.028 V                             ; 4.98e-10 s                 ; 4.96e-10 s                 ; Yes                       ; Yes                       ;
; HEX1[3]       ; 2.5 V        ; 0 s                 ; 0 s                 ; 2.32 V                       ; 3.07e-09 V                   ; 2.37 V              ; -0.00994 V          ; 0.186 V                              ; 0.028 V                              ; 4.98e-10 s                  ; 4.96e-10 s                  ; Yes                        ; Yes                        ; 2.32 V                      ; 3.07e-09 V                  ; 2.37 V             ; -0.00994 V         ; 0.186 V                             ; 0.028 V                             ; 4.98e-10 s                 ; 4.96e-10 s                 ; Yes                       ; Yes                       ;
; HEX1[4]       ; 2.5 V        ; 0 s                 ; 0 s                 ; 2.32 V                       ; 3.07e-09 V                   ; 2.37 V              ; -0.00994 V          ; 0.186 V                              ; 0.028 V                              ; 4.98e-10 s                  ; 4.96e-10 s                  ; Yes                        ; Yes                        ; 2.32 V                      ; 3.07e-09 V                  ; 2.37 V             ; -0.00994 V         ; 0.186 V                             ; 0.028 V                             ; 4.98e-10 s                 ; 4.96e-10 s                 ; Yes                       ; Yes                       ;
; HEX1[5]       ; 2.5 V        ; 0 s                 ; 0 s                 ; 2.32 V                       ; 3.07e-09 V                   ; 2.33 V              ; -0.00496 V          ; 0.223 V                              ; 0.086 V                              ; 2.9e-09 s                   ; 2.73e-09 s                  ; Yes                        ; Yes                        ; 2.32 V                      ; 3.07e-09 V                  ; 2.33 V             ; -0.00496 V         ; 0.223 V                             ; 0.086 V                             ; 2.9e-09 s                  ; 2.73e-09 s                 ; Yes                       ; Yes                       ;
; HEX1[6]       ; 2.5 V        ; 0 s                 ; 0 s                 ; 2.32 V                       ; 3.07e-09 V                   ; 2.33 V              ; -0.00496 V          ; 0.223 V                              ; 0.086 V                              ; 2.9e-09 s                   ; 2.73e-09 s                  ; Yes                        ; Yes                        ; 2.32 V                      ; 3.07e-09 V                  ; 2.33 V             ; -0.00496 V         ; 0.223 V                             ; 0.086 V                             ; 2.9e-09 s                  ; 2.73e-09 s                 ; Yes                       ; Yes                       ;
; HEX2[0]       ; 2.5 V        ; 0 s                 ; 0 s                 ; 2.32 V                       ; 3.07e-09 V                   ; 2.37 V              ; -0.00994 V          ; 0.186 V                              ; 0.028 V                              ; 4.98e-10 s                  ; 4.96e-10 s                  ; Yes                        ; Yes                        ; 2.32 V                      ; 3.07e-09 V                  ; 2.37 V             ; -0.00994 V         ; 0.186 V                             ; 0.028 V                             ; 4.98e-10 s                 ; 4.96e-10 s                 ; Yes                       ; Yes                       ;
; HEX2[1]       ; 2.5 V        ; 0 s                 ; 0 s                 ; 2.32 V                       ; 3.07e-09 V                   ; 2.37 V              ; -0.00994 V          ; 0.186 V                              ; 0.028 V                              ; 4.98e-10 s                  ; 4.96e-10 s                  ; Yes                        ; Yes                        ; 2.32 V                      ; 3.07e-09 V                  ; 2.37 V             ; -0.00994 V         ; 0.186 V                             ; 0.028 V                             ; 4.98e-10 s                 ; 4.96e-10 s                 ; Yes                       ; Yes                       ;
; HEX2[2]       ; 2.5 V        ; 0 s                 ; 0 s                 ; 2.32 V                       ; 3.07e-09 V                   ; 2.37 V              ; -0.00994 V          ; 0.186 V                              ; 0.028 V                              ; 4.98e-10 s                  ; 4.96e-10 s                  ; Yes                        ; Yes                        ; 2.32 V                      ; 3.07e-09 V                  ; 2.37 V             ; -0.00994 V         ; 0.186 V                             ; 0.028 V                             ; 4.98e-10 s                 ; 4.96e-10 s                 ; Yes                       ; Yes                       ;
; HEX2[3]       ; 2.5 V        ; 0 s                 ; 0 s                 ; 2.32 V                       ; 3.07e-09 V                   ; 2.37 V              ; -0.00994 V          ; 0.186 V                              ; 0.028 V                              ; 4.98e-10 s                  ; 4.96e-10 s                  ; Yes                        ; Yes                        ; 2.32 V                      ; 3.07e-09 V                  ; 2.37 V             ; -0.00994 V         ; 0.186 V                             ; 0.028 V                             ; 4.98e-10 s                 ; 4.96e-10 s                 ; Yes                       ; Yes                       ;
; HEX2[4]       ; 2.5 V        ; 0 s                 ; 0 s                 ; 2.32 V                       ; 3.07e-09 V                   ; 2.37 V              ; -0.00994 V          ; 0.186 V                              ; 0.028 V                              ; 4.98e-10 s                  ; 4.96e-10 s                  ; Yes                        ; Yes                        ; 2.32 V                      ; 3.07e-09 V                  ; 2.37 V             ; -0.00994 V         ; 0.186 V                             ; 0.028 V                             ; 4.98e-10 s                 ; 4.96e-10 s                 ; Yes                       ; Yes                       ;
; HEX2[5]       ; 2.5 V        ; 0 s                 ; 0 s                 ; 2.32 V                       ; 3.07e-09 V                   ; 2.37 V              ; -0.00994 V          ; 0.186 V                              ; 0.028 V                              ; 4.98e-10 s                  ; 4.96e-10 s                  ; Yes                        ; Yes                        ; 2.32 V                      ; 3.07e-09 V                  ; 2.37 V             ; -0.00994 V         ; 0.186 V                             ; 0.028 V                             ; 4.98e-10 s                 ; 4.96e-10 s                 ; Yes                       ; Yes                       ;
; HEX2[6]       ; 2.5 V        ; 0 s                 ; 0 s                 ; 2.32 V                       ; 3.07e-09 V                   ; 2.37 V              ; -0.00994 V          ; 0.186 V                              ; 0.028 V                              ; 4.98e-10 s                  ; 4.96e-10 s                  ; Yes                        ; Yes                        ; 2.32 V                      ; 3.07e-09 V                  ; 2.37 V             ; -0.00994 V         ; 0.186 V                             ; 0.028 V                             ; 4.98e-10 s                 ; 4.96e-10 s                 ; Yes                       ; Yes                       ;
; HEX3[0]       ; 2.5 V        ; 0 s                 ; 0 s                 ; 2.32 V                       ; 3.07e-09 V                   ; 2.37 V              ; -0.00994 V          ; 0.186 V                              ; 0.028 V                              ; 4.98e-10 s                  ; 4.96e-10 s                  ; Yes                        ; Yes                        ; 2.32 V                      ; 3.07e-09 V                  ; 2.37 V             ; -0.00994 V         ; 0.186 V                             ; 0.028 V                             ; 4.98e-10 s                 ; 4.96e-10 s                 ; Yes                       ; Yes                       ;
; HEX3[1]       ; 2.5 V        ; 0 s                 ; 0 s                 ; 2.32 V                       ; 3.07e-09 V                   ; 2.38 V              ; -0.0144 V           ; 0.227 V                              ; 0.024 V                              ; 3.14e-10 s                  ; 3.39e-10 s                  ; Yes                        ; Yes                        ; 2.32 V                      ; 3.07e-09 V                  ; 2.38 V             ; -0.0144 V          ; 0.227 V                             ; 0.024 V                             ; 3.14e-10 s                 ; 3.39e-10 s                 ; Yes                       ; Yes                       ;
; HEX3[2]       ; 2.5 V        ; 0 s                 ; 0 s                 ; 2.32 V                       ; 4.49e-09 V                   ; 2.33 V              ; -0.00467 V          ; 0.226 V                              ; 0.087 V                              ; 2.91e-09 s                  ; 2.74e-09 s                  ; Yes                        ; Yes                        ; 2.32 V                      ; 4.49e-09 V                  ; 2.33 V             ; -0.00467 V         ; 0.226 V                             ; 0.087 V                             ; 2.91e-09 s                 ; 2.74e-09 s                 ; Yes                       ; Yes                       ;
; HEX3[3]       ; 2.5 V        ; 0 s                 ; 0 s                 ; 2.32 V                       ; 4.49e-09 V                   ; 2.38 V              ; -0.00552 V          ; 0.096 V                              ; 0.019 V                              ; 4.18e-10 s                  ; 3.59e-10 s                  ; No                         ; Yes                        ; 2.32 V                      ; 4.49e-09 V                  ; 2.38 V             ; -0.00552 V         ; 0.096 V                             ; 0.019 V                             ; 4.18e-10 s                 ; 3.59e-10 s                 ; No                        ; Yes                       ;
; HEX3[4]       ; 2.5 V        ; 0 s                 ; 0 s                 ; 2.32 V                       ; 4.49e-09 V                   ; 2.38 V              ; -0.00552 V          ; 0.096 V                              ; 0.019 V                              ; 4.18e-10 s                  ; 3.59e-10 s                  ; No                         ; Yes                        ; 2.32 V                      ; 4.49e-09 V                  ; 2.38 V             ; -0.00552 V         ; 0.096 V                             ; 0.019 V                             ; 4.18e-10 s                 ; 3.59e-10 s                 ; No                        ; Yes                       ;
; HEX3[5]       ; 2.5 V        ; 0 s                 ; 0 s                 ; 2.32 V                       ; 4.49e-09 V                   ; 2.38 V              ; -0.00552 V          ; 0.096 V                              ; 0.019 V                              ; 4.18e-10 s                  ; 3.59e-10 s                  ; No                         ; Yes                        ; 2.32 V                      ; 4.49e-09 V                  ; 2.38 V             ; -0.00552 V         ; 0.096 V                             ; 0.019 V                             ; 4.18e-10 s                 ; 3.59e-10 s                 ; No                        ; Yes                       ;
; HEX3[6]       ; 2.5 V        ; 0 s                 ; 0 s                 ; 2.32 V                       ; 4.49e-09 V                   ; 2.38 V              ; -0.00552 V          ; 0.096 V                              ; 0.019 V                              ; 4.18e-10 s                  ; 3.59e-10 s                  ; No                         ; Yes                        ; 2.32 V                      ; 4.49e-09 V                  ; 2.38 V             ; -0.00552 V         ; 0.096 V                             ; 0.019 V                             ; 4.18e-10 s                 ; 3.59e-10 s                 ; No                        ; Yes                       ;
; HEX4[0]       ; 2.5 V        ; 0 s                 ; 0 s                 ; 2.32 V                       ; 4.49e-09 V                   ; 2.38 V              ; -0.00552 V          ; 0.096 V                              ; 0.019 V                              ; 4.18e-10 s                  ; 3.59e-10 s                  ; No                         ; Yes                        ; 2.32 V                      ; 4.49e-09 V                  ; 2.38 V             ; -0.00552 V         ; 0.096 V                             ; 0.019 V                             ; 4.18e-10 s                 ; 3.59e-10 s                 ; No                        ; Yes                       ;
; HEX4[1]       ; 2.5 V        ; 0 s                 ; 0 s                 ; 2.32 V                       ; 4.49e-09 V                   ; 2.38 V              ; -0.00552 V          ; 0.096 V                              ; 0.019 V                              ; 4.18e-10 s                  ; 3.59e-10 s                  ; No                         ; Yes                        ; 2.32 V                      ; 4.49e-09 V                  ; 2.38 V             ; -0.00552 V         ; 0.096 V                             ; 0.019 V                             ; 4.18e-10 s                 ; 3.59e-10 s                 ; No                        ; Yes                       ;
; HEX4[2]       ; 2.5 V        ; 0 s                 ; 0 s                 ; 2.32 V                       ; 4.49e-09 V                   ; 2.38 V              ; -0.00552 V          ; 0.096 V                              ; 0.019 V                              ; 4.18e-10 s                  ; 3.59e-10 s                  ; No                         ; Yes                        ; 2.32 V                      ; 4.49e-09 V                  ; 2.38 V             ; -0.00552 V         ; 0.096 V                             ; 0.019 V                             ; 4.18e-10 s                 ; 3.59e-10 s                 ; No                        ; Yes                       ;
; HEX4[3]       ; 2.5 V        ; 0 s                 ; 0 s                 ; 2.32 V                       ; 4.49e-09 V                   ; 2.38 V              ; -0.00552 V          ; 0.096 V                              ; 0.019 V                              ; 4.18e-10 s                  ; 3.59e-10 s                  ; No                         ; Yes                        ; 2.32 V                      ; 4.49e-09 V                  ; 2.38 V             ; -0.00552 V         ; 0.096 V                             ; 0.019 V                             ; 4.18e-10 s                 ; 3.59e-10 s                 ; No                        ; Yes                       ;
; HEX4[4]       ; 2.5 V        ; 0 s                 ; 0 s                 ; 2.32 V                       ; 4.49e-09 V                   ; 2.38 V              ; -0.00552 V          ; 0.096 V                              ; 0.019 V                              ; 4.18e-10 s                  ; 3.59e-10 s                  ; No                         ; Yes                        ; 2.32 V                      ; 4.49e-09 V                  ; 2.38 V             ; -0.00552 V         ; 0.096 V                             ; 0.019 V                             ; 4.18e-10 s                 ; 3.59e-10 s                 ; No                        ; Yes                       ;
; HEX4[5]       ; 2.5 V        ; 0 s                 ; 0 s                 ; 2.32 V                       ; 4.49e-09 V                   ; 2.38 V              ; -0.00552 V          ; 0.096 V                              ; 0.019 V                              ; 4.18e-10 s                  ; 3.59e-10 s                  ; No                         ; Yes                        ; 2.32 V                      ; 4.49e-09 V                  ; 2.38 V             ; -0.00552 V         ; 0.096 V                             ; 0.019 V                             ; 4.18e-10 s                 ; 3.59e-10 s                 ; No                        ; Yes                       ;
; HEX4[6]       ; 2.5 V        ; 0 s                 ; 0 s                 ; 2.32 V                       ; 4.49e-09 V                   ; 2.38 V              ; -0.00552 V          ; 0.096 V                              ; 0.019 V                              ; 4.18e-10 s                  ; 3.59e-10 s                  ; No                         ; Yes                        ; 2.32 V                      ; 4.49e-09 V                  ; 2.38 V             ; -0.00552 V         ; 0.096 V                             ; 0.019 V                             ; 4.18e-10 s                 ; 3.59e-10 s                 ; No                        ; Yes                       ;
; HEX5[0]       ; 2.5 V        ; 0 s                 ; 0 s                 ; 2.32 V                       ; 4.49e-09 V                   ; 2.38 V              ; -0.00552 V          ; 0.096 V                              ; 0.019 V                              ; 4.18e-10 s                  ; 3.59e-10 s                  ; No                         ; Yes                        ; 2.32 V                      ; 4.49e-09 V                  ; 2.38 V             ; -0.00552 V         ; 0.096 V                             ; 0.019 V                             ; 4.18e-10 s                 ; 3.59e-10 s                 ; No                        ; Yes                       ;
; HEX5[1]       ; 2.5 V        ; 0 s                 ; 0 s                 ; 2.32 V                       ; 4.49e-09 V                   ; 2.33 V              ; -0.00467 V          ; 0.226 V                              ; 0.087 V                              ; 2.91e-09 s                  ; 2.74e-09 s                  ; Yes                        ; Yes                        ; 2.32 V                      ; 4.49e-09 V                  ; 2.33 V             ; -0.00467 V         ; 0.226 V                             ; 0.087 V                             ; 2.91e-09 s                 ; 2.74e-09 s                 ; Yes                       ; Yes                       ;
; HEX5[2]       ; 2.5 V        ; 0 s                 ; 0 s                 ; 2.32 V                       ; 4.49e-09 V                   ; 2.38 V              ; -0.00552 V          ; 0.096 V                              ; 0.019 V                              ; 4.18e-10 s                  ; 3.59e-10 s                  ; No                         ; Yes                        ; 2.32 V                      ; 4.49e-09 V                  ; 2.38 V             ; -0.00552 V         ; 0.096 V                             ; 0.019 V                             ; 4.18e-10 s                 ; 3.59e-10 s                 ; No                        ; Yes                       ;
; HEX5[3]       ; 2.5 V        ; 0 s                 ; 0 s                 ; 2.32 V                       ; 4.49e-09 V                   ; 2.38 V              ; -0.00552 V          ; 0.096 V                              ; 0.019 V                              ; 4.18e-10 s                  ; 3.59e-10 s                  ; No                         ; Yes                        ; 2.32 V                      ; 4.49e-09 V                  ; 2.38 V             ; -0.00552 V         ; 0.096 V                             ; 0.019 V                             ; 4.18e-10 s                 ; 3.59e-10 s                 ; No                        ; Yes                       ;
; HEX5[4]       ; 2.5 V        ; 0 s                 ; 0 s                 ; 2.32 V                       ; 4.49e-09 V                   ; 2.38 V              ; -0.00552 V          ; 0.096 V                              ; 0.019 V                              ; 4.18e-10 s                  ; 3.59e-10 s                  ; No                         ; Yes                        ; 2.32 V                      ; 4.49e-09 V                  ; 2.38 V             ; -0.00552 V         ; 0.096 V                             ; 0.019 V                             ; 4.18e-10 s                 ; 3.59e-10 s                 ; No                        ; Yes                       ;
; HEX5[5]       ; 2.5 V        ; 0 s                 ; 0 s                 ; 2.32 V                       ; 4.49e-09 V                   ; 2.38 V              ; -0.00552 V          ; 0.096 V                              ; 0.019 V                              ; 4.18e-10 s                  ; 3.59e-10 s                  ; No                         ; Yes                        ; 2.32 V                      ; 4.49e-09 V                  ; 2.38 V             ; -0.00552 V         ; 0.096 V                             ; 0.019 V                             ; 4.18e-10 s                 ; 3.59e-10 s                 ; No                        ; Yes                       ;
; HEX5[6]       ; 2.5 V        ; 0 s                 ; 0 s                 ; 2.32 V                       ; 4.49e-09 V                   ; 2.38 V              ; -0.00552 V          ; 0.096 V                              ; 0.019 V                              ; 4.18e-10 s                  ; 3.59e-10 s                  ; No                         ; Yes                        ; 2.32 V                      ; 4.49e-09 V                  ; 2.38 V             ; -0.00552 V         ; 0.096 V                             ; 0.019 V                             ; 4.18e-10 s                 ; 3.59e-10 s                 ; No                        ; Yes                       ;
; HEX6[0]       ; 2.5 V        ; 0 s                 ; 0 s                 ; 2.32 V                       ; 4.49e-09 V                   ; 2.38 V              ; -0.00552 V          ; 0.096 V                              ; 0.019 V                              ; 4.18e-10 s                  ; 3.59e-10 s                  ; No                         ; Yes                        ; 2.32 V                      ; 4.49e-09 V                  ; 2.38 V             ; -0.00552 V         ; 0.096 V                             ; 0.019 V                             ; 4.18e-10 s                 ; 3.59e-10 s                 ; No                        ; Yes                       ;
; HEX6[1]       ; 2.5 V        ; 0 s                 ; 0 s                 ; 2.32 V                       ; 4.49e-09 V                   ; 2.38 V              ; -0.00552 V          ; 0.096 V                              ; 0.019 V                              ; 4.18e-10 s                  ; 3.59e-10 s                  ; No                         ; Yes                        ; 2.32 V                      ; 4.49e-09 V                  ; 2.38 V             ; -0.00552 V         ; 0.096 V                             ; 0.019 V                             ; 4.18e-10 s                 ; 3.59e-10 s                 ; No                        ; Yes                       ;
; HEX6[2]       ; 2.5 V        ; 0 s                 ; 0 s                 ; 2.32 V                       ; 4.49e-09 V                   ; 2.38 V              ; -0.00552 V          ; 0.096 V                              ; 0.019 V                              ; 4.18e-10 s                  ; 3.59e-10 s                  ; No                         ; Yes                        ; 2.32 V                      ; 4.49e-09 V                  ; 2.38 V             ; -0.00552 V         ; 0.096 V                             ; 0.019 V                             ; 4.18e-10 s                 ; 3.59e-10 s                 ; No                        ; Yes                       ;
; HEX6[3]       ; 2.5 V        ; 0 s                 ; 0 s                 ; 2.32 V                       ; 4.49e-09 V                   ; 2.38 V              ; -0.00552 V          ; 0.096 V                              ; 0.019 V                              ; 4.18e-10 s                  ; 3.59e-10 s                  ; No                         ; Yes                        ; 2.32 V                      ; 4.49e-09 V                  ; 2.38 V             ; -0.00552 V         ; 0.096 V                             ; 0.019 V                             ; 4.18e-10 s                 ; 3.59e-10 s                 ; No                        ; Yes                       ;
; HEX6[4]       ; 2.5 V        ; 0 s                 ; 0 s                 ; 2.32 V                       ; 4.49e-09 V                   ; 2.38 V              ; -0.00552 V          ; 0.096 V                              ; 0.019 V                              ; 4.18e-10 s                  ; 3.59e-10 s                  ; No                         ; Yes                        ; 2.32 V                      ; 4.49e-09 V                  ; 2.38 V             ; -0.00552 V         ; 0.096 V                             ; 0.019 V                             ; 4.18e-10 s                 ; 3.59e-10 s                 ; No                        ; Yes                       ;
; HEX6[5]       ; 2.5 V        ; 0 s                 ; 0 s                 ; 2.32 V                       ; 4.49e-09 V                   ; 2.33 V              ; -0.00467 V          ; 0.226 V                              ; 0.087 V                              ; 2.91e-09 s                  ; 2.74e-09 s                  ; Yes                        ; Yes                        ; 2.32 V                      ; 4.49e-09 V                  ; 2.33 V             ; -0.00467 V         ; 0.226 V                             ; 0.087 V                             ; 2.91e-09 s                 ; 2.74e-09 s                 ; Yes                       ; Yes                       ;
; HEX6[6]       ; 2.5 V        ; 0 s                 ; 0 s                 ; 2.32 V                       ; 4.49e-09 V                   ; 2.38 V              ; -0.00552 V          ; 0.096 V                              ; 0.019 V                              ; 4.18e-10 s                  ; 3.59e-10 s                  ; No                         ; Yes                        ; 2.32 V                      ; 4.49e-09 V                  ; 2.38 V             ; -0.00552 V         ; 0.096 V                             ; 0.019 V                             ; 4.18e-10 s                 ; 3.59e-10 s                 ; No                        ; Yes                       ;
; HEX7[0]       ; 2.5 V        ; 0 s                 ; 0 s                 ; 2.32 V                       ; 4.49e-09 V                   ; 2.38 V              ; -0.00552 V          ; 0.096 V                              ; 0.019 V                              ; 4.18e-10 s                  ; 3.59e-10 s                  ; No                         ; Yes                        ; 2.32 V                      ; 4.49e-09 V                  ; 2.38 V             ; -0.00552 V         ; 0.096 V                             ; 0.019 V                             ; 4.18e-10 s                 ; 3.59e-10 s                 ; No                        ; Yes                       ;
; HEX7[1]       ; 2.5 V        ; 0 s                 ; 0 s                 ; 2.32 V                       ; 4.49e-09 V                   ; 2.38 V              ; -0.00552 V          ; 0.096 V                              ; 0.019 V                              ; 4.18e-10 s                  ; 3.59e-10 s                  ; No                         ; Yes                        ; 2.32 V                      ; 4.49e-09 V                  ; 2.38 V             ; -0.00552 V         ; 0.096 V                             ; 0.019 V                             ; 4.18e-10 s                 ; 3.59e-10 s                 ; No                        ; Yes                       ;
; HEX7[2]       ; 2.5 V        ; 0 s                 ; 0 s                 ; 2.32 V                       ; 4.49e-09 V                   ; 2.38 V              ; -0.00552 V          ; 0.096 V                              ; 0.019 V                              ; 4.18e-10 s                  ; 3.59e-10 s                  ; No                         ; Yes                        ; 2.32 V                      ; 4.49e-09 V                  ; 2.38 V             ; -0.00552 V         ; 0.096 V                             ; 0.019 V                             ; 4.18e-10 s                 ; 3.59e-10 s                 ; No                        ; Yes                       ;
; HEX7[3]       ; 2.5 V        ; 0 s                 ; 0 s                 ; 2.32 V                       ; 4.49e-09 V                   ; 2.38 V              ; -0.00552 V          ; 0.096 V                              ; 0.019 V                              ; 4.18e-10 s                  ; 3.59e-10 s                  ; No                         ; Yes                        ; 2.32 V                      ; 4.49e-09 V                  ; 2.38 V             ; -0.00552 V         ; 0.096 V                             ; 0.019 V                             ; 4.18e-10 s                 ; 3.59e-10 s                 ; No                        ; Yes                       ;
; HEX7[4]       ; 2.5 V        ; 0 s                 ; 0 s                 ; 2.32 V                       ; 4.49e-09 V                   ; 2.38 V              ; -0.00552 V          ; 0.096 V                              ; 0.019 V                              ; 4.18e-10 s                  ; 3.59e-10 s                  ; No                         ; Yes                        ; 2.32 V                      ; 4.49e-09 V                  ; 2.38 V             ; -0.00552 V         ; 0.096 V                             ; 0.019 V                             ; 4.18e-10 s                 ; 3.59e-10 s                 ; No                        ; Yes                       ;
; HEX7[5]       ; 2.5 V        ; 0 s                 ; 0 s                 ; 2.32 V                       ; 4.49e-09 V                   ; 2.38 V              ; -0.00552 V          ; 0.096 V                              ; 0.019 V                              ; 4.18e-10 s                  ; 3.59e-10 s                  ; No                         ; Yes                        ; 2.32 V                      ; 4.49e-09 V                  ; 2.38 V             ; -0.00552 V         ; 0.096 V                             ; 0.019 V                             ; 4.18e-10 s                 ; 3.59e-10 s                 ; No                        ; Yes                       ;
; HEX7[6]       ; 2.5 V        ; 0 s                 ; 0 s                 ; 2.32 V                       ; 4.49e-09 V                   ; 2.38 V              ; -0.00552 V          ; 0.096 V                              ; 0.019 V                              ; 4.18e-10 s                  ; 3.59e-10 s                  ; No                         ; Yes                        ; 2.32 V                      ; 4.49e-09 V                  ; 2.38 V             ; -0.00552 V         ; 0.096 V                             ; 0.019 V                             ; 4.18e-10 s                 ; 3.59e-10 s                 ; No                        ; Yes                       ;
; VGA_R[0]      ; 2.5 V        ; 0 s                 ; 0 s                 ; 2.32 V                       ; 4.49e-09 V                   ; 2.38 V              ; -0.00552 V          ; 0.096 V                              ; 0.019 V                              ; 4.18e-10 s                  ; 3.59e-10 s                  ; No                         ; Yes                        ; 2.32 V                      ; 4.49e-09 V                  ; 2.38 V             ; -0.00552 V         ; 0.096 V                             ; 0.019 V                             ; 4.18e-10 s                 ; 3.59e-10 s                 ; No                        ; Yes                       ;
; VGA_R[1]      ; 2.5 V        ; 0 s                 ; 0 s                 ; 2.32 V                       ; 4.49e-09 V                   ; 2.38 V              ; -0.00552 V          ; 0.096 V                              ; 0.019 V                              ; 4.18e-10 s                  ; 3.59e-10 s                  ; No                         ; Yes                        ; 2.32 V                      ; 4.49e-09 V                  ; 2.38 V             ; -0.00552 V         ; 0.096 V                             ; 0.019 V                             ; 4.18e-10 s                 ; 3.59e-10 s                 ; No                        ; Yes                       ;
; VGA_R[2]      ; 2.5 V        ; 0 s                 ; 0 s                 ; 2.32 V                       ; 4.49e-09 V                   ; 2.38 V              ; -0.00552 V          ; 0.096 V                              ; 0.019 V                              ; 4.18e-10 s                  ; 3.59e-10 s                  ; No                         ; Yes                        ; 2.32 V                      ; 4.49e-09 V                  ; 2.38 V             ; -0.00552 V         ; 0.096 V                             ; 0.019 V                             ; 4.18e-10 s                 ; 3.59e-10 s                 ; No                        ; Yes                       ;
; VGA_R[3]      ; 2.5 V        ; 0 s                 ; 0 s                 ; 2.32 V                       ; 4.49e-09 V                   ; 2.38 V              ; -0.00552 V          ; 0.096 V                              ; 0.019 V                              ; 4.18e-10 s                  ; 3.59e-10 s                  ; No                         ; Yes                        ; 2.32 V                      ; 4.49e-09 V                  ; 2.38 V             ; -0.00552 V         ; 0.096 V                             ; 0.019 V                             ; 4.18e-10 s                 ; 3.59e-10 s                 ; No                        ; Yes                       ;
; VGA_R[4]      ; 2.5 V        ; 0 s                 ; 0 s                 ; 2.32 V                       ; 4.49e-09 V                   ; 2.38 V              ; -0.00552 V          ; 0.096 V                              ; 0.019 V                              ; 4.18e-10 s                  ; 3.59e-10 s                  ; No                         ; Yes                        ; 2.32 V                      ; 4.49e-09 V                  ; 2.38 V             ; -0.00552 V         ; 0.096 V                             ; 0.019 V                             ; 4.18e-10 s                 ; 3.59e-10 s                 ; No                        ; Yes                       ;
; VGA_R[5]      ; 2.5 V        ; 0 s                 ; 0 s                 ; 2.32 V                       ; 4.49e-09 V                   ; 2.38 V              ; -0.00552 V          ; 0.096 V                              ; 0.019 V                              ; 4.18e-10 s                  ; 3.59e-10 s                  ; No                         ; Yes                        ; 2.32 V                      ; 4.49e-09 V                  ; 2.38 V             ; -0.00552 V         ; 0.096 V                             ; 0.019 V                             ; 4.18e-10 s                 ; 3.59e-10 s                 ; No                        ; Yes                       ;
; VGA_R[6]      ; 2.5 V        ; 0 s                 ; 0 s                 ; 2.32 V                       ; 4.49e-09 V                   ; 2.38 V              ; -0.00552 V          ; 0.096 V                              ; 0.019 V                              ; 4.18e-10 s                  ; 3.59e-10 s                  ; No                         ; Yes                        ; 2.32 V                      ; 4.49e-09 V                  ; 2.38 V             ; -0.00552 V         ; 0.096 V                             ; 0.019 V                             ; 4.18e-10 s                 ; 3.59e-10 s                 ; No                        ; Yes                       ;
; VGA_R[7]      ; 2.5 V        ; 0 s                 ; 0 s                 ; 2.32 V                       ; 4.49e-09 V                   ; 2.38 V              ; -0.00552 V          ; 0.096 V                              ; 0.019 V                              ; 4.18e-10 s                  ; 3.59e-10 s                  ; No                         ; Yes                        ; 2.32 V                      ; 4.49e-09 V                  ; 2.38 V             ; -0.00552 V         ; 0.096 V                             ; 0.019 V                             ; 4.18e-10 s                 ; 3.59e-10 s                 ; No                        ; Yes                       ;
; VGA_G[0]      ; 2.5 V        ; 0 s                 ; 0 s                 ; 2.32 V                       ; 4.49e-09 V                   ; 2.38 V              ; -0.00552 V          ; 0.096 V                              ; 0.019 V                              ; 4.18e-10 s                  ; 3.59e-10 s                  ; No                         ; Yes                        ; 2.32 V                      ; 4.49e-09 V                  ; 2.38 V             ; -0.00552 V         ; 0.096 V                             ; 0.019 V                             ; 4.18e-10 s                 ; 3.59e-10 s                 ; No                        ; Yes                       ;
; VGA_G[1]      ; 2.5 V        ; 0 s                 ; 0 s                 ; 2.32 V                       ; 4.49e-09 V                   ; 2.38 V              ; -0.00552 V          ; 0.096 V                              ; 0.019 V                              ; 4.18e-10 s                  ; 3.59e-10 s                  ; No                         ; Yes                        ; 2.32 V                      ; 4.49e-09 V                  ; 2.38 V             ; -0.00552 V         ; 0.096 V                             ; 0.019 V                             ; 4.18e-10 s                 ; 3.59e-10 s                 ; No                        ; Yes                       ;
; VGA_G[2]      ; 2.5 V        ; 0 s                 ; 0 s                 ; 2.32 V                       ; 4.49e-09 V                   ; 2.38 V              ; -0.00552 V          ; 0.096 V                              ; 0.019 V                              ; 4.18e-10 s                  ; 3.59e-10 s                  ; No                         ; Yes                        ; 2.32 V                      ; 4.49e-09 V                  ; 2.38 V             ; -0.00552 V         ; 0.096 V                             ; 0.019 V                             ; 4.18e-10 s                 ; 3.59e-10 s                 ; No                        ; Yes                       ;
; VGA_G[3]      ; 2.5 V        ; 0 s                 ; 0 s                 ; 2.32 V                       ; 4.49e-09 V                   ; 2.38 V              ; -0.00552 V          ; 0.096 V                              ; 0.019 V                              ; 4.18e-10 s                  ; 3.59e-10 s                  ; No                         ; Yes                        ; 2.32 V                      ; 4.49e-09 V                  ; 2.38 V             ; -0.00552 V         ; 0.096 V                             ; 0.019 V                             ; 4.18e-10 s                 ; 3.59e-10 s                 ; No                        ; Yes                       ;
; VGA_G[4]      ; 2.5 V        ; 0 s                 ; 0 s                 ; 2.32 V                       ; 4.49e-09 V                   ; 2.38 V              ; -0.00552 V          ; 0.096 V                              ; 0.019 V                              ; 4.18e-10 s                  ; 3.59e-10 s                  ; No                         ; Yes                        ; 2.32 V                      ; 4.49e-09 V                  ; 2.38 V             ; -0.00552 V         ; 0.096 V                             ; 0.019 V                             ; 4.18e-10 s                 ; 3.59e-10 s                 ; No                        ; Yes                       ;
; VGA_G[5]      ; 2.5 V        ; 0 s                 ; 0 s                 ; 2.32 V                       ; 4.49e-09 V                   ; 2.38 V              ; -0.00552 V          ; 0.096 V                              ; 0.019 V                              ; 4.18e-10 s                  ; 3.59e-10 s                  ; No                         ; Yes                        ; 2.32 V                      ; 4.49e-09 V                  ; 2.38 V             ; -0.00552 V         ; 0.096 V                             ; 0.019 V                             ; 4.18e-10 s                 ; 3.59e-10 s                 ; No                        ; Yes                       ;
; VGA_G[6]      ; 2.5 V        ; 0 s                 ; 0 s                 ; 2.32 V                       ; 4.49e-09 V                   ; 2.38 V              ; -0.00552 V          ; 0.096 V                              ; 0.019 V                              ; 4.18e-10 s                  ; 3.59e-10 s                  ; No                         ; Yes                        ; 2.32 V                      ; 4.49e-09 V                  ; 2.38 V             ; -0.00552 V         ; 0.096 V                             ; 0.019 V                             ; 4.18e-10 s                 ; 3.59e-10 s                 ; No                        ; Yes                       ;
; VGA_G[7]      ; 2.5 V        ; 0 s                 ; 0 s                 ; 2.32 V                       ; 4.49e-09 V                   ; 2.38 V              ; -0.00552 V          ; 0.096 V                              ; 0.019 V                              ; 4.18e-10 s                  ; 3.59e-10 s                  ; No                         ; Yes                        ; 2.32 V                      ; 4.49e-09 V                  ; 2.38 V             ; -0.00552 V         ; 0.096 V                             ; 0.019 V                             ; 4.18e-10 s                 ; 3.59e-10 s                 ; No                        ; Yes                       ;
; VGA_B[0]      ; 2.5 V        ; 0 s                 ; 0 s                 ; 2.32 V                       ; 4.49e-09 V                   ; 2.38 V              ; -0.00552 V          ; 0.096 V                              ; 0.019 V                              ; 4.18e-10 s                  ; 3.59e-10 s                  ; No                         ; Yes                        ; 2.32 V                      ; 4.49e-09 V                  ; 2.38 V             ; -0.00552 V         ; 0.096 V                             ; 0.019 V                             ; 4.18e-10 s                 ; 3.59e-10 s                 ; No                        ; Yes                       ;
; VGA_B[1]      ; 2.5 V        ; 0 s                 ; 0 s                 ; 2.32 V                       ; 4.49e-09 V                   ; 2.38 V              ; -0.00552 V          ; 0.096 V                              ; 0.019 V                              ; 4.18e-10 s                  ; 3.59e-10 s                  ; No                         ; Yes                        ; 2.32 V                      ; 4.49e-09 V                  ; 2.38 V             ; -0.00552 V         ; 0.096 V                             ; 0.019 V                             ; 4.18e-10 s                 ; 3.59e-10 s                 ; No                        ; Yes                       ;
; VGA_B[2]      ; 2.5 V        ; 0 s                 ; 0 s                 ; 2.32 V                       ; 4.49e-09 V                   ; 2.38 V              ; -0.00552 V          ; 0.096 V                              ; 0.019 V                              ; 4.18e-10 s                  ; 3.59e-10 s                  ; No                         ; Yes                        ; 2.32 V                      ; 4.49e-09 V                  ; 2.38 V             ; -0.00552 V         ; 0.096 V                             ; 0.019 V                             ; 4.18e-10 s                 ; 3.59e-10 s                 ; No                        ; Yes                       ;
; VGA_B[3]      ; 2.5 V        ; 0 s                 ; 0 s                 ; 2.32 V                       ; 4.49e-09 V                   ; 2.38 V              ; -0.00552 V          ; 0.096 V                              ; 0.019 V                              ; 4.18e-10 s                  ; 3.59e-10 s                  ; No                         ; Yes                        ; 2.32 V                      ; 4.49e-09 V                  ; 2.38 V             ; -0.00552 V         ; 0.096 V                             ; 0.019 V                             ; 4.18e-10 s                 ; 3.59e-10 s                 ; No                        ; Yes                       ;
; VGA_B[4]      ; 2.5 V        ; 0 s                 ; 0 s                 ; 2.32 V                       ; 4.49e-09 V                   ; 2.38 V              ; -0.00552 V          ; 0.096 V                              ; 0.019 V                              ; 4.18e-10 s                  ; 3.59e-10 s                  ; No                         ; Yes                        ; 2.32 V                      ; 4.49e-09 V                  ; 2.38 V             ; -0.00552 V         ; 0.096 V                             ; 0.019 V                             ; 4.18e-10 s                 ; 3.59e-10 s                 ; No                        ; Yes                       ;
; VGA_B[5]      ; 2.5 V        ; 0 s                 ; 0 s                 ; 2.32 V                       ; 4.49e-09 V                   ; 2.38 V              ; -0.00552 V          ; 0.096 V                              ; 0.019 V                              ; 4.18e-10 s                  ; 3.59e-10 s                  ; No                         ; Yes                        ; 2.32 V                      ; 4.49e-09 V                  ; 2.38 V             ; -0.00552 V         ; 0.096 V                             ; 0.019 V                             ; 4.18e-10 s                 ; 3.59e-10 s                 ; No                        ; Yes                       ;
; VGA_B[6]      ; 2.5 V        ; 0 s                 ; 0 s                 ; 2.32 V                       ; 4.49e-09 V                   ; 2.38 V              ; -0.00552 V          ; 0.096 V                              ; 0.019 V                              ; 4.18e-10 s                  ; 3.59e-10 s                  ; No                         ; Yes                        ; 2.32 V                      ; 4.49e-09 V                  ; 2.38 V             ; -0.00552 V         ; 0.096 V                             ; 0.019 V                             ; 4.18e-10 s                 ; 3.59e-10 s                 ; No                        ; Yes                       ;
; VGA_B[7]      ; 2.5 V        ; 0 s                 ; 0 s                 ; 2.32 V                       ; 4.49e-09 V                   ; 2.38 V              ; -0.00552 V          ; 0.096 V                              ; 0.019 V                              ; 4.18e-10 s                  ; 3.59e-10 s                  ; No                         ; Yes                        ; 2.32 V                      ; 4.49e-09 V                  ; 2.38 V             ; -0.00552 V         ; 0.096 V                             ; 0.019 V                             ; 4.18e-10 s                 ; 3.59e-10 s                 ; No                        ; Yes                       ;
; VGA_BLANK_N   ; 2.5 V        ; 0 s                 ; 0 s                 ; 2.32 V                       ; 4.49e-09 V                   ; 2.38 V              ; -0.00552 V          ; 0.096 V                              ; 0.019 V                              ; 4.18e-10 s                  ; 3.59e-10 s                  ; No                         ; Yes                        ; 2.32 V                      ; 4.49e-09 V                  ; 2.38 V             ; -0.00552 V         ; 0.096 V                             ; 0.019 V                             ; 4.18e-10 s                 ; 3.59e-10 s                 ; No                        ; Yes                       ;
; VGA_CLK       ; 2.5 V        ; 0 s                 ; 0 s                 ; 2.32 V                       ; 4.49e-09 V                   ; 2.38 V              ; -0.00552 V          ; 0.096 V                              ; 0.019 V                              ; 4.18e-10 s                  ; 3.59e-10 s                  ; No                         ; Yes                        ; 2.32 V                      ; 4.49e-09 V                  ; 2.38 V             ; -0.00552 V         ; 0.096 V                             ; 0.019 V                             ; 4.18e-10 s                 ; 3.59e-10 s                 ; No                        ; Yes                       ;
; VGA_SYNC_N    ; 2.5 V        ; 0 s                 ; 0 s                 ; 2.32 V                       ; 4.49e-09 V                   ; 2.38 V              ; -0.00552 V          ; 0.096 V                              ; 0.019 V                              ; 4.18e-10 s                  ; 3.59e-10 s                  ; No                         ; Yes                        ; 2.32 V                      ; 4.49e-09 V                  ; 2.38 V             ; -0.00552 V         ; 0.096 V                             ; 0.019 V                             ; 4.18e-10 s                 ; 3.59e-10 s                 ; No                        ; Yes                       ;
; VGA_VS        ; 2.5 V        ; 0 s                 ; 0 s                 ; 2.32 V                       ; 4.49e-09 V                   ; 2.38 V              ; -0.00552 V          ; 0.096 V                              ; 0.019 V                              ; 4.18e-10 s                  ; 3.59e-10 s                  ; No                         ; Yes                        ; 2.32 V                      ; 4.49e-09 V                  ; 2.38 V             ; -0.00552 V         ; 0.096 V                             ; 0.019 V                             ; 4.18e-10 s                 ; 3.59e-10 s                 ; No                        ; Yes                       ;
; VGA_HS        ; 2.5 V        ; 0 s                 ; 0 s                 ; 2.32 V                       ; 4.49e-09 V                   ; 2.38 V              ; -0.00552 V          ; 0.096 V                              ; 0.019 V                              ; 4.18e-10 s                  ; 3.59e-10 s                  ; No                         ; Yes                        ; 2.32 V                      ; 4.49e-09 V                  ; 2.38 V             ; -0.00552 V         ; 0.096 V                             ; 0.019 V                             ; 4.18e-10 s                 ; 3.59e-10 s                 ; No                        ; Yes                       ;
; ~ALTERA_DCLK~ ; 2.5 V        ; 0 s                 ; 0 s                 ; 2.32 V                       ; 2.67e-09 V                   ; 2.38 V              ; -0.0485 V           ; 0.167 V                              ; 0.096 V                              ; 2.95e-10 s                  ; 2.73e-10 s                  ; Yes                        ; Yes                        ; 2.32 V                      ; 2.67e-09 V                  ; 2.38 V             ; -0.0485 V          ; 0.167 V                             ; 0.096 V                             ; 2.95e-10 s                 ; 2.73e-10 s                 ; Yes                       ; Yes                       ;
; ~ALTERA_nCEO~ ; 2.5 V        ; 0 s                 ; 0 s                 ; 2.32 V                       ; 4.18e-09 V                   ; 2.38 V              ; -0.00483 V          ; 0.152 V                              ; 0.012 V                              ; 4.81e-10 s                  ; 6.29e-10 s                  ; Yes                        ; Yes                        ; 2.32 V                      ; 4.18e-09 V                  ; 2.38 V             ; -0.00483 V         ; 0.152 V                             ; 0.012 V                             ; 4.81e-10 s                 ; 6.29e-10 s                 ; Yes                       ; Yes                       ;
+---------------+--------------+---------------------+---------------------+------------------------------+------------------------------+---------------------+---------------------+--------------------------------------+--------------------------------------+-----------------------------+-----------------------------+----------------------------+----------------------------+-----------------------------+-----------------------------+--------------------+--------------------+-------------------------------------+-------------------------------------+----------------------------+----------------------------+---------------------------+---------------------------+


+--------------------------------------------------------------------------------------------------------------------------------------------------------------------------------------------------------------------------------------------------------------------------------------------------------------------------------------------------------------------------------------------------------------------------------------------------------------------------------------------------------------------------------------------------------------------------------------------------------------------------------------------------------------------------------------------+
; Signal Integrity Metrics (Slow 1200mv 85c Model)                                                                                                                                                                                                                                                                                                                                                                                                                                                                                                                                                                                                                                           ;
+---------------+--------------+---------------------+---------------------+------------------------------+------------------------------+---------------------+---------------------+--------------------------------------+--------------------------------------+-----------------------------+-----------------------------+----------------------------+----------------------------+-----------------------------+-----------------------------+--------------------+--------------------+-------------------------------------+-------------------------------------+----------------------------+----------------------------+---------------------------+---------------------------+
; Pin           ; I/O Standard ; Board Delay on Rise ; Board Delay on Fall ; Steady State Voh at FPGA Pin ; Steady State Vol at FPGA Pin ; Voh Max at FPGA Pin ; Vol Min at FPGA Pin ; Ringback Voltage on Rise at FPGA Pin ; Ringback Voltage on Fall at FPGA Pin ; 10-90 Rise Time at FPGA Pin ; 90-10 Fall Time at FPGA Pin ; Monotonic Rise at FPGA Pin ; Monotonic Fall at FPGA Pin ; Steady State Voh at Far-end ; Steady State Vol at Far-end ; Voh Max at Far-end ; Vol Min at Far-end ; Ringback Voltage on Rise at Far-end ; Ringback Voltage on Fall at Far-end ; 10-90 Rise Time at Far-end ; 90-10 Fall Time at Far-end ; Monotonic Rise at Far-end ; Monotonic Fall at Far-end ;
+---------------+--------------+---------------------+---------------------+------------------------------+------------------------------+---------------------+---------------------+--------------------------------------+--------------------------------------+-----------------------------+-----------------------------+----------------------------+----------------------------+-----------------------------+-----------------------------+--------------------+--------------------+-------------------------------------+-------------------------------------+----------------------------+----------------------------+---------------------------+---------------------------+
; LEDR[0]       ; 2.5 V        ; 0 s                 ; 0 s                 ; 2.32 V                       ; 6.92e-07 V                   ; 2.35 V              ; -0.00996 V          ; 0.121 V                              ; 0.03 V                               ; 4.64e-10 s                  ; 4.47e-10 s                  ; Yes                        ; Yes                        ; 2.32 V                      ; 6.92e-07 V                  ; 2.35 V             ; -0.00996 V         ; 0.121 V                             ; 0.03 V                              ; 4.64e-10 s                 ; 4.47e-10 s                 ; Yes                       ; Yes                       ;
; LEDR[1]       ; 2.5 V        ; 0 s                 ; 0 s                 ; 2.32 V                       ; 6.92e-07 V                   ; 2.35 V              ; -0.00996 V          ; 0.121 V                              ; 0.03 V                               ; 4.64e-10 s                  ; 4.47e-10 s                  ; Yes                        ; Yes                        ; 2.32 V                      ; 6.92e-07 V                  ; 2.35 V             ; -0.00996 V         ; 0.121 V                             ; 0.03 V                              ; 4.64e-10 s                 ; 4.47e-10 s                 ; Yes                       ; Yes                       ;
; LEDR[2]       ; 2.5 V        ; 0 s                 ; 0 s                 ; 2.32 V                       ; 6.92e-07 V                   ; 2.35 V              ; -0.00996 V          ; 0.121 V                              ; 0.03 V                               ; 4.64e-10 s                  ; 4.47e-10 s                  ; Yes                        ; Yes                        ; 2.32 V                      ; 6.92e-07 V                  ; 2.35 V             ; -0.00996 V         ; 0.121 V                             ; 0.03 V                              ; 4.64e-10 s                 ; 4.47e-10 s                 ; Yes                       ; Yes                       ;
; LEDR[3]       ; 2.5 V        ; 0 s                 ; 0 s                 ; 2.32 V                       ; 6.92e-07 V                   ; 2.35 V              ; -0.00996 V          ; 0.121 V                              ; 0.03 V                               ; 4.64e-10 s                  ; 4.47e-10 s                  ; Yes                        ; Yes                        ; 2.32 V                      ; 6.92e-07 V                  ; 2.35 V             ; -0.00996 V         ; 0.121 V                             ; 0.03 V                              ; 4.64e-10 s                 ; 4.47e-10 s                 ; Yes                       ; Yes                       ;
; LEDR[4]       ; 2.5 V        ; 0 s                 ; 0 s                 ; 2.32 V                       ; 6.92e-07 V                   ; 2.35 V              ; -0.00996 V          ; 0.121 V                              ; 0.03 V                               ; 4.64e-10 s                  ; 4.47e-10 s                  ; Yes                        ; Yes                        ; 2.32 V                      ; 6.92e-07 V                  ; 2.35 V             ; -0.00996 V         ; 0.121 V                             ; 0.03 V                              ; 4.64e-10 s                 ; 4.47e-10 s                 ; Yes                       ; Yes                       ;
; LEDR[5]       ; 2.5 V        ; 0 s                 ; 0 s                 ; 2.32 V                       ; 6.92e-07 V                   ; 2.35 V              ; -0.00996 V          ; 0.121 V                              ; 0.03 V                               ; 4.64e-10 s                  ; 4.47e-10 s                  ; Yes                        ; Yes                        ; 2.32 V                      ; 6.92e-07 V                  ; 2.35 V             ; -0.00996 V         ; 0.121 V                             ; 0.03 V                              ; 4.64e-10 s                 ; 4.47e-10 s                 ; Yes                       ; Yes                       ;
; LEDR[6]       ; 2.5 V        ; 0 s                 ; 0 s                 ; 2.32 V                       ; 6.92e-07 V                   ; 2.35 V              ; -0.00996 V          ; 0.121 V                              ; 0.03 V                               ; 4.64e-10 s                  ; 4.47e-10 s                  ; Yes                        ; Yes                        ; 2.32 V                      ; 6.92e-07 V                  ; 2.35 V             ; -0.00996 V         ; 0.121 V                             ; 0.03 V                              ; 4.64e-10 s                 ; 4.47e-10 s                 ; Yes                       ; Yes                       ;
; LEDR[7]       ; 2.5 V        ; 0 s                 ; 0 s                 ; 2.32 V                       ; 6.92e-07 V                   ; 2.35 V              ; -0.00996 V          ; 0.121 V                              ; 0.03 V                               ; 4.64e-10 s                  ; 4.47e-10 s                  ; Yes                        ; Yes                        ; 2.32 V                      ; 6.92e-07 V                  ; 2.35 V             ; -0.00996 V         ; 0.121 V                             ; 0.03 V                              ; 4.64e-10 s                 ; 4.47e-10 s                 ; Yes                       ; Yes                       ;
; LEDR[8]       ; 2.5 V        ; 0 s                 ; 0 s                 ; 2.32 V                       ; 6.92e-07 V                   ; 2.35 V              ; -0.00996 V          ; 0.121 V                              ; 0.03 V                               ; 4.64e-10 s                  ; 4.47e-10 s                  ; Yes                        ; Yes                        ; 2.32 V                      ; 6.92e-07 V                  ; 2.35 V             ; -0.00996 V         ; 0.121 V                             ; 0.03 V                              ; 4.64e-10 s                 ; 4.47e-10 s                 ; Yes                       ; Yes                       ;
; LEDR[9]       ; 2.5 V        ; 0 s                 ; 0 s                 ; 2.32 V                       ; 6.92e-07 V                   ; 2.33 V              ; -0.00265 V          ; 0.133 V                              ; 0.056 V                              ; 3.55e-09 s                  ; 3.31e-09 s                  ; Yes                        ; Yes                        ; 2.32 V                      ; 6.92e-07 V                  ; 2.33 V             ; -0.00265 V         ; 0.133 V                             ; 0.056 V                             ; 3.55e-09 s                 ; 3.31e-09 s                 ; Yes                       ; Yes                       ;
; LEDR[10]      ; 2.5 V        ; 0 s                 ; 0 s                 ; 2.32 V                       ; 6.92e-07 V                   ; 2.35 V              ; -0.00996 V          ; 0.121 V                              ; 0.03 V                               ; 4.64e-10 s                  ; 4.47e-10 s                  ; Yes                        ; Yes                        ; 2.32 V                      ; 6.92e-07 V                  ; 2.35 V             ; -0.00996 V         ; 0.121 V                             ; 0.03 V                              ; 4.64e-10 s                 ; 4.47e-10 s                 ; Yes                       ; Yes                       ;
; LEDR[11]      ; 2.5 V        ; 0 s                 ; 0 s                 ; 2.32 V                       ; 6.92e-07 V                   ; 2.35 V              ; -0.00996 V          ; 0.121 V                              ; 0.03 V                               ; 4.64e-10 s                  ; 4.47e-10 s                  ; Yes                        ; Yes                        ; 2.32 V                      ; 6.92e-07 V                  ; 2.35 V             ; -0.00996 V         ; 0.121 V                             ; 0.03 V                              ; 4.64e-10 s                 ; 4.47e-10 s                 ; Yes                       ; Yes                       ;
; LEDR[12]      ; 2.5 V        ; 0 s                 ; 0 s                 ; 2.32 V                       ; 6.92e-07 V                   ; 2.35 V              ; -0.00996 V          ; 0.121 V                              ; 0.03 V                               ; 4.64e-10 s                  ; 4.47e-10 s                  ; Yes                        ; Yes                        ; 2.32 V                      ; 6.92e-07 V                  ; 2.35 V             ; -0.00996 V         ; 0.121 V                             ; 0.03 V                              ; 4.64e-10 s                 ; 4.47e-10 s                 ; Yes                       ; Yes                       ;
; LEDR[13]      ; 2.5 V        ; 0 s                 ; 0 s                 ; 2.32 V                       ; 6.92e-07 V                   ; 2.35 V              ; -0.00996 V          ; 0.121 V                              ; 0.03 V                               ; 4.64e-10 s                  ; 4.47e-10 s                  ; Yes                        ; Yes                        ; 2.32 V                      ; 6.92e-07 V                  ; 2.35 V             ; -0.00996 V         ; 0.121 V                             ; 0.03 V                              ; 4.64e-10 s                 ; 4.47e-10 s                 ; Yes                       ; Yes                       ;
; LEDR[14]      ; 2.5 V        ; 0 s                 ; 0 s                 ; 2.32 V                       ; 6.92e-07 V                   ; 2.35 V              ; -0.00996 V          ; 0.121 V                              ; 0.03 V                               ; 4.64e-10 s                  ; 4.47e-10 s                  ; Yes                        ; Yes                        ; 2.32 V                      ; 6.92e-07 V                  ; 2.35 V             ; -0.00996 V         ; 0.121 V                             ; 0.03 V                              ; 4.64e-10 s                 ; 4.47e-10 s                 ; Yes                       ; Yes                       ;
; LEDR[15]      ; 2.5 V        ; 0 s                 ; 0 s                 ; 2.32 V                       ; 6.92e-07 V                   ; 2.33 V              ; -0.00265 V          ; 0.133 V                              ; 0.056 V                              ; 3.55e-09 s                  ; 3.31e-09 s                  ; Yes                        ; Yes                        ; 2.32 V                      ; 6.92e-07 V                  ; 2.33 V             ; -0.00265 V         ; 0.133 V                             ; 0.056 V                             ; 3.55e-09 s                 ; 3.31e-09 s                 ; Yes                       ; Yes                       ;
; LEDR[16]      ; 2.5 V        ; 0 s                 ; 0 s                 ; 2.32 V                       ; 6.92e-07 V                   ; 2.35 V              ; -0.00996 V          ; 0.121 V                              ; 0.03 V                               ; 4.64e-10 s                  ; 4.47e-10 s                  ; Yes                        ; Yes                        ; 2.32 V                      ; 6.92e-07 V                  ; 2.35 V             ; -0.00996 V         ; 0.121 V                             ; 0.03 V                              ; 4.64e-10 s                 ; 4.47e-10 s                 ; Yes                       ; Yes                       ;
; LEDR[17]      ; 2.5 V        ; 0 s                 ; 0 s                 ; 2.32 V                       ; 6.92e-07 V                   ; 2.35 V              ; -0.00996 V          ; 0.121 V                              ; 0.03 V                               ; 4.64e-10 s                  ; 4.47e-10 s                  ; Yes                        ; Yes                        ; 2.32 V                      ; 6.92e-07 V                  ; 2.35 V             ; -0.00996 V         ; 0.121 V                             ; 0.03 V                              ; 4.64e-10 s                 ; 4.47e-10 s                 ; Yes                       ; Yes                       ;
; LEDG[0]       ; 2.5 V        ; 0 s                 ; 0 s                 ; 2.32 V                       ; 6.92e-07 V                   ; 2.35 V              ; -0.00996 V          ; 0.121 V                              ; 0.03 V                               ; 4.64e-10 s                  ; 4.47e-10 s                  ; Yes                        ; Yes                        ; 2.32 V                      ; 6.92e-07 V                  ; 2.35 V             ; -0.00996 V         ; 0.121 V                             ; 0.03 V                              ; 4.64e-10 s                 ; 4.47e-10 s                 ; Yes                       ; Yes                       ;
; LEDG[1]       ; 2.5 V        ; 0 s                 ; 0 s                 ; 2.32 V                       ; 6.92e-07 V                   ; 2.35 V              ; -0.00996 V          ; 0.121 V                              ; 0.03 V                               ; 4.64e-10 s                  ; 4.47e-10 s                  ; Yes                        ; Yes                        ; 2.32 V                      ; 6.92e-07 V                  ; 2.35 V             ; -0.00996 V         ; 0.121 V                             ; 0.03 V                              ; 4.64e-10 s                 ; 4.47e-10 s                 ; Yes                       ; Yes                       ;
; LEDG[2]       ; 2.5 V        ; 0 s                 ; 0 s                 ; 2.32 V                       ; 6.92e-07 V                   ; 2.35 V              ; -0.00996 V          ; 0.121 V                              ; 0.03 V                               ; 4.64e-10 s                  ; 4.47e-10 s                  ; Yes                        ; Yes                        ; 2.32 V                      ; 6.92e-07 V                  ; 2.35 V             ; -0.00996 V         ; 0.121 V                             ; 0.03 V                              ; 4.64e-10 s                 ; 4.47e-10 s                 ; Yes                       ; Yes                       ;
; LEDG[3]       ; 2.5 V        ; 0 s                 ; 0 s                 ; 2.32 V                       ; 6.92e-07 V                   ; 2.35 V              ; -0.00996 V          ; 0.121 V                              ; 0.03 V                               ; 4.64e-10 s                  ; 4.47e-10 s                  ; Yes                        ; Yes                        ; 2.32 V                      ; 6.92e-07 V                  ; 2.35 V             ; -0.00996 V         ; 0.121 V                             ; 0.03 V                              ; 4.64e-10 s                 ; 4.47e-10 s                 ; Yes                       ; Yes                       ;
; LEDG[4]       ; 2.5 V        ; 0 s                 ; 0 s                 ; 2.32 V                       ; 6.92e-07 V                   ; 2.35 V              ; -0.00996 V          ; 0.121 V                              ; 0.03 V                               ; 4.64e-10 s                  ; 4.47e-10 s                  ; Yes                        ; Yes                        ; 2.32 V                      ; 6.92e-07 V                  ; 2.35 V             ; -0.00996 V         ; 0.121 V                             ; 0.03 V                              ; 4.64e-10 s                 ; 4.47e-10 s                 ; Yes                       ; Yes                       ;
; LEDG[5]       ; 2.5 V        ; 0 s                 ; 0 s                 ; 2.32 V                       ; 6.92e-07 V                   ; 2.35 V              ; -0.00996 V          ; 0.121 V                              ; 0.03 V                               ; 4.64e-10 s                  ; 4.47e-10 s                  ; Yes                        ; Yes                        ; 2.32 V                      ; 6.92e-07 V                  ; 2.35 V             ; -0.00996 V         ; 0.121 V                             ; 0.03 V                              ; 4.64e-10 s                 ; 4.47e-10 s                 ; Yes                       ; Yes                       ;
; LEDG[6]       ; 2.5 V        ; 0 s                 ; 0 s                 ; 2.32 V                       ; 6.92e-07 V                   ; 2.35 V              ; -0.00996 V          ; 0.121 V                              ; 0.03 V                               ; 4.64e-10 s                  ; 4.47e-10 s                  ; Yes                        ; Yes                        ; 2.32 V                      ; 6.92e-07 V                  ; 2.35 V             ; -0.00996 V         ; 0.121 V                             ; 0.03 V                              ; 4.64e-10 s                 ; 4.47e-10 s                 ; Yes                       ; Yes                       ;
; LEDG[7]       ; 2.5 V        ; 0 s                 ; 0 s                 ; 2.32 V                       ; 6.92e-07 V                   ; 2.35 V              ; -0.00996 V          ; 0.121 V                              ; 0.03 V                               ; 4.64e-10 s                  ; 4.47e-10 s                  ; Yes                        ; Yes                        ; 2.32 V                      ; 6.92e-07 V                  ; 2.35 V             ; -0.00996 V         ; 0.121 V                             ; 0.03 V                              ; 4.64e-10 s                 ; 4.47e-10 s                 ; Yes                       ; Yes                       ;
; LEDG[8]       ; 2.5 V        ; 0 s                 ; 0 s                 ; 2.32 V                       ; 6.92e-07 V                   ; 2.35 V              ; -0.00996 V          ; 0.121 V                              ; 0.03 V                               ; 4.64e-10 s                  ; 4.47e-10 s                  ; Yes                        ; Yes                        ; 2.32 V                      ; 6.92e-07 V                  ; 2.35 V             ; -0.00996 V         ; 0.121 V                             ; 0.03 V                              ; 4.64e-10 s                 ; 4.47e-10 s                 ; Yes                       ; Yes                       ;
; HEX0[0]       ; 2.5 V        ; 0 s                 ; 0 s                 ; 2.32 V                       ; 6.92e-07 V                   ; 2.35 V              ; -0.00996 V          ; 0.121 V                              ; 0.03 V                               ; 4.64e-10 s                  ; 4.47e-10 s                  ; Yes                        ; Yes                        ; 2.32 V                      ; 6.92e-07 V                  ; 2.35 V             ; -0.00996 V         ; 0.121 V                             ; 0.03 V                              ; 4.64e-10 s                 ; 4.47e-10 s                 ; Yes                       ; Yes                       ;
; HEX0[1]       ; 2.5 V        ; 0 s                 ; 0 s                 ; 2.32 V                       ; 6.92e-07 V                   ; 2.33 V              ; -0.00265 V          ; 0.133 V                              ; 0.056 V                              ; 3.55e-09 s                  ; 3.31e-09 s                  ; Yes                        ; Yes                        ; 2.32 V                      ; 6.92e-07 V                  ; 2.33 V             ; -0.00265 V         ; 0.133 V                             ; 0.056 V                             ; 3.55e-09 s                 ; 3.31e-09 s                 ; Yes                       ; Yes                       ;
; HEX0[2]       ; 2.5 V        ; 0 s                 ; 0 s                 ; 2.32 V                       ; 6.92e-07 V                   ; 2.35 V              ; -0.00996 V          ; 0.121 V                              ; 0.03 V                               ; 4.64e-10 s                  ; 4.47e-10 s                  ; Yes                        ; Yes                        ; 2.32 V                      ; 6.92e-07 V                  ; 2.35 V             ; -0.00996 V         ; 0.121 V                             ; 0.03 V                              ; 4.64e-10 s                 ; 4.47e-10 s                 ; Yes                       ; Yes                       ;
; HEX0[3]       ; 2.5 V        ; 0 s                 ; 0 s                 ; 2.32 V                       ; 4.67e-07 V                   ; 2.36 V              ; -0.00552 V          ; 0.11 V                               ; 0.007 V                              ; 4.54e-10 s                  ; 4.35e-10 s                  ; Yes                        ; Yes                        ; 2.32 V                      ; 4.67e-07 V                  ; 2.36 V             ; -0.00552 V         ; 0.11 V                              ; 0.007 V                             ; 4.54e-10 s                 ; 4.35e-10 s                 ; Yes                       ; Yes                       ;
; HEX0[4]       ; 2.5 V        ; 0 s                 ; 0 s                 ; 2.32 V                       ; 4.67e-07 V                   ; 2.36 V              ; -0.00552 V          ; 0.11 V                               ; 0.007 V                              ; 4.54e-10 s                  ; 4.35e-10 s                  ; Yes                        ; Yes                        ; 2.32 V                      ; 4.67e-07 V                  ; 2.36 V             ; -0.00552 V         ; 0.11 V                              ; 0.007 V                             ; 4.54e-10 s                 ; 4.35e-10 s                 ; Yes                       ; Yes                       ;
; HEX0[5]       ; 2.5 V        ; 0 s                 ; 0 s                 ; 2.32 V                       ; 4.67e-07 V                   ; 2.33 V              ; -0.00269 V          ; 0.13 V                               ; 0.055 V                              ; 3.54e-09 s                  ; 3.29e-09 s                  ; Yes                        ; Yes                        ; 2.32 V                      ; 4.67e-07 V                  ; 2.33 V             ; -0.00269 V         ; 0.13 V                              ; 0.055 V                             ; 3.54e-09 s                 ; 3.29e-09 s                 ; Yes                       ; Yes                       ;
; HEX0[6]       ; 2.5 V        ; 0 s                 ; 0 s                 ; 2.32 V                       ; 4.67e-07 V                   ; 2.36 V              ; -0.00552 V          ; 0.11 V                               ; 0.007 V                              ; 4.54e-10 s                  ; 4.35e-10 s                  ; Yes                        ; Yes                        ; 2.32 V                      ; 4.67e-07 V                  ; 2.36 V             ; -0.00552 V         ; 0.11 V                              ; 0.007 V                             ; 4.54e-10 s                 ; 4.35e-10 s                 ; Yes                       ; Yes                       ;
; HEX1[0]       ; 2.5 V        ; 0 s                 ; 0 s                 ; 2.32 V                       ; 4.67e-07 V                   ; 2.36 V              ; -0.00552 V          ; 0.11 V                               ; 0.007 V                              ; 4.54e-10 s                  ; 4.35e-10 s                  ; Yes                        ; Yes                        ; 2.32 V                      ; 4.67e-07 V                  ; 2.36 V             ; -0.00552 V         ; 0.11 V                              ; 0.007 V                             ; 4.54e-10 s                 ; 4.35e-10 s                 ; Yes                       ; Yes                       ;
; HEX1[1]       ; 2.5 V        ; 0 s                 ; 0 s                 ; 2.32 V                       ; 4.67e-07 V                   ; 2.35 V              ; -0.00942 V          ; 0.116 V                              ; 0.033 V                              ; 6.66e-10 s                  ; 6.27e-10 s                  ; Yes                        ; Yes                        ; 2.32 V                      ; 4.67e-07 V                  ; 2.35 V             ; -0.00942 V         ; 0.116 V                             ; 0.033 V                             ; 6.66e-10 s                 ; 6.27e-10 s                 ; Yes                       ; Yes                       ;
; HEX1[2]       ; 2.5 V        ; 0 s                 ; 0 s                 ; 2.32 V                       ; 4.67e-07 V                   ; 2.35 V              ; -0.00942 V          ; 0.116 V                              ; 0.033 V                              ; 6.66e-10 s                  ; 6.27e-10 s                  ; Yes                        ; Yes                        ; 2.32 V                      ; 4.67e-07 V                  ; 2.35 V             ; -0.00942 V         ; 0.116 V                             ; 0.033 V                             ; 6.66e-10 s                 ; 6.27e-10 s                 ; Yes                       ; Yes                       ;
; HEX1[3]       ; 2.5 V        ; 0 s                 ; 0 s                 ; 2.32 V                       ; 4.67e-07 V                   ; 2.35 V              ; -0.00942 V          ; 0.116 V                              ; 0.033 V                              ; 6.66e-10 s                  ; 6.27e-10 s                  ; Yes                        ; Yes                        ; 2.32 V                      ; 4.67e-07 V                  ; 2.35 V             ; -0.00942 V         ; 0.116 V                             ; 0.033 V                             ; 6.66e-10 s                 ; 6.27e-10 s                 ; Yes                       ; Yes                       ;
; HEX1[4]       ; 2.5 V        ; 0 s                 ; 0 s                 ; 2.32 V                       ; 4.67e-07 V                   ; 2.35 V              ; -0.00942 V          ; 0.116 V                              ; 0.033 V                              ; 6.66e-10 s                  ; 6.27e-10 s                  ; Yes                        ; Yes                        ; 2.32 V                      ; 4.67e-07 V                  ; 2.35 V             ; -0.00942 V         ; 0.116 V                             ; 0.033 V                             ; 6.66e-10 s                 ; 6.27e-10 s                 ; Yes                       ; Yes                       ;
; HEX1[5]       ; 2.5 V        ; 0 s                 ; 0 s                 ; 2.32 V                       ; 4.67e-07 V                   ; 2.33 V              ; -0.00269 V          ; 0.13 V                               ; 0.055 V                              ; 3.54e-09 s                  ; 3.29e-09 s                  ; Yes                        ; Yes                        ; 2.32 V                      ; 4.67e-07 V                  ; 2.33 V             ; -0.00269 V         ; 0.13 V                              ; 0.055 V                             ; 3.54e-09 s                 ; 3.29e-09 s                 ; Yes                       ; Yes                       ;
; HEX1[6]       ; 2.5 V        ; 0 s                 ; 0 s                 ; 2.32 V                       ; 4.67e-07 V                   ; 2.33 V              ; -0.00269 V          ; 0.13 V                               ; 0.055 V                              ; 3.54e-09 s                  ; 3.29e-09 s                  ; Yes                        ; Yes                        ; 2.32 V                      ; 4.67e-07 V                  ; 2.33 V             ; -0.00269 V         ; 0.13 V                              ; 0.055 V                             ; 3.54e-09 s                 ; 3.29e-09 s                 ; Yes                       ; Yes                       ;
; HEX2[0]       ; 2.5 V        ; 0 s                 ; 0 s                 ; 2.32 V                       ; 4.67e-07 V                   ; 2.35 V              ; -0.00942 V          ; 0.116 V                              ; 0.033 V                              ; 6.66e-10 s                  ; 6.27e-10 s                  ; Yes                        ; Yes                        ; 2.32 V                      ; 4.67e-07 V                  ; 2.35 V             ; -0.00942 V         ; 0.116 V                             ; 0.033 V                             ; 6.66e-10 s                 ; 6.27e-10 s                 ; Yes                       ; Yes                       ;
; HEX2[1]       ; 2.5 V        ; 0 s                 ; 0 s                 ; 2.32 V                       ; 4.67e-07 V                   ; 2.35 V              ; -0.00942 V          ; 0.116 V                              ; 0.033 V                              ; 6.66e-10 s                  ; 6.27e-10 s                  ; Yes                        ; Yes                        ; 2.32 V                      ; 4.67e-07 V                  ; 2.35 V             ; -0.00942 V         ; 0.116 V                             ; 0.033 V                             ; 6.66e-10 s                 ; 6.27e-10 s                 ; Yes                       ; Yes                       ;
; HEX2[2]       ; 2.5 V        ; 0 s                 ; 0 s                 ; 2.32 V                       ; 4.67e-07 V                   ; 2.35 V              ; -0.00942 V          ; 0.116 V                              ; 0.033 V                              ; 6.66e-10 s                  ; 6.27e-10 s                  ; Yes                        ; Yes                        ; 2.32 V                      ; 4.67e-07 V                  ; 2.35 V             ; -0.00942 V         ; 0.116 V                             ; 0.033 V                             ; 6.66e-10 s                 ; 6.27e-10 s                 ; Yes                       ; Yes                       ;
; HEX2[3]       ; 2.5 V        ; 0 s                 ; 0 s                 ; 2.32 V                       ; 4.67e-07 V                   ; 2.35 V              ; -0.00942 V          ; 0.116 V                              ; 0.033 V                              ; 6.66e-10 s                  ; 6.27e-10 s                  ; Yes                        ; Yes                        ; 2.32 V                      ; 4.67e-07 V                  ; 2.35 V             ; -0.00942 V         ; 0.116 V                             ; 0.033 V                             ; 6.66e-10 s                 ; 6.27e-10 s                 ; Yes                       ; Yes                       ;
; HEX2[4]       ; 2.5 V        ; 0 s                 ; 0 s                 ; 2.32 V                       ; 4.67e-07 V                   ; 2.35 V              ; -0.00942 V          ; 0.116 V                              ; 0.033 V                              ; 6.66e-10 s                  ; 6.27e-10 s                  ; Yes                        ; Yes                        ; 2.32 V                      ; 4.67e-07 V                  ; 2.35 V             ; -0.00942 V         ; 0.116 V                             ; 0.033 V                             ; 6.66e-10 s                 ; 6.27e-10 s                 ; Yes                       ; Yes                       ;
; HEX2[5]       ; 2.5 V        ; 0 s                 ; 0 s                 ; 2.32 V                       ; 4.67e-07 V                   ; 2.35 V              ; -0.00942 V          ; 0.116 V                              ; 0.033 V                              ; 6.66e-10 s                  ; 6.27e-10 s                  ; Yes                        ; Yes                        ; 2.32 V                      ; 4.67e-07 V                  ; 2.35 V             ; -0.00942 V         ; 0.116 V                             ; 0.033 V                             ; 6.66e-10 s                 ; 6.27e-10 s                 ; Yes                       ; Yes                       ;
; HEX2[6]       ; 2.5 V        ; 0 s                 ; 0 s                 ; 2.32 V                       ; 4.67e-07 V                   ; 2.35 V              ; -0.00942 V          ; 0.116 V                              ; 0.033 V                              ; 6.66e-10 s                  ; 6.27e-10 s                  ; Yes                        ; Yes                        ; 2.32 V                      ; 4.67e-07 V                  ; 2.35 V             ; -0.00942 V         ; 0.116 V                             ; 0.033 V                             ; 6.66e-10 s                 ; 6.27e-10 s                 ; Yes                       ; Yes                       ;
; HEX3[0]       ; 2.5 V        ; 0 s                 ; 0 s                 ; 2.32 V                       ; 4.67e-07 V                   ; 2.35 V              ; -0.00942 V          ; 0.116 V                              ; 0.033 V                              ; 6.66e-10 s                  ; 6.27e-10 s                  ; Yes                        ; Yes                        ; 2.32 V                      ; 4.67e-07 V                  ; 2.35 V             ; -0.00942 V         ; 0.116 V                             ; 0.033 V                             ; 6.66e-10 s                 ; 6.27e-10 s                 ; Yes                       ; Yes                       ;
; HEX3[1]       ; 2.5 V        ; 0 s                 ; 0 s                 ; 2.32 V                       ; 4.67e-07 V                   ; 2.36 V              ; -0.00552 V          ; 0.11 V                               ; 0.007 V                              ; 4.54e-10 s                  ; 4.35e-10 s                  ; Yes                        ; Yes                        ; 2.32 V                      ; 4.67e-07 V                  ; 2.36 V             ; -0.00552 V         ; 0.11 V                              ; 0.007 V                             ; 4.54e-10 s                 ; 4.35e-10 s                 ; Yes                       ; Yes                       ;
; HEX3[2]       ; 2.5 V        ; 0 s                 ; 0 s                 ; 2.32 V                       ; 6.92e-07 V                   ; 2.33 V              ; -0.00265 V          ; 0.133 V                              ; 0.056 V                              ; 3.55e-09 s                  ; 3.31e-09 s                  ; Yes                        ; Yes                        ; 2.32 V                      ; 6.92e-07 V                  ; 2.33 V             ; -0.00265 V         ; 0.133 V                             ; 0.056 V                             ; 3.55e-09 s                 ; 3.31e-09 s                 ; Yes                       ; Yes                       ;
; HEX3[3]       ; 2.5 V        ; 0 s                 ; 0 s                 ; 2.32 V                       ; 6.92e-07 V                   ; 2.35 V              ; -0.00996 V          ; 0.121 V                              ; 0.03 V                               ; 4.64e-10 s                  ; 4.47e-10 s                  ; Yes                        ; Yes                        ; 2.32 V                      ; 6.92e-07 V                  ; 2.35 V             ; -0.00996 V         ; 0.121 V                             ; 0.03 V                              ; 4.64e-10 s                 ; 4.47e-10 s                 ; Yes                       ; Yes                       ;
; HEX3[4]       ; 2.5 V        ; 0 s                 ; 0 s                 ; 2.32 V                       ; 6.92e-07 V                   ; 2.35 V              ; -0.00996 V          ; 0.121 V                              ; 0.03 V                               ; 4.64e-10 s                  ; 4.47e-10 s                  ; Yes                        ; Yes                        ; 2.32 V                      ; 6.92e-07 V                  ; 2.35 V             ; -0.00996 V         ; 0.121 V                             ; 0.03 V                              ; 4.64e-10 s                 ; 4.47e-10 s                 ; Yes                       ; Yes                       ;
; HEX3[5]       ; 2.5 V        ; 0 s                 ; 0 s                 ; 2.32 V                       ; 6.92e-07 V                   ; 2.35 V              ; -0.00996 V          ; 0.121 V                              ; 0.03 V                               ; 4.64e-10 s                  ; 4.47e-10 s                  ; Yes                        ; Yes                        ; 2.32 V                      ; 6.92e-07 V                  ; 2.35 V             ; -0.00996 V         ; 0.121 V                             ; 0.03 V                              ; 4.64e-10 s                 ; 4.47e-10 s                 ; Yes                       ; Yes                       ;
; HEX3[6]       ; 2.5 V        ; 0 s                 ; 0 s                 ; 2.32 V                       ; 6.92e-07 V                   ; 2.35 V              ; -0.00996 V          ; 0.121 V                              ; 0.03 V                               ; 4.64e-10 s                  ; 4.47e-10 s                  ; Yes                        ; Yes                        ; 2.32 V                      ; 6.92e-07 V                  ; 2.35 V             ; -0.00996 V         ; 0.121 V                             ; 0.03 V                              ; 4.64e-10 s                 ; 4.47e-10 s                 ; Yes                       ; Yes                       ;
; HEX4[0]       ; 2.5 V        ; 0 s                 ; 0 s                 ; 2.32 V                       ; 6.92e-07 V                   ; 2.35 V              ; -0.00996 V          ; 0.121 V                              ; 0.03 V                               ; 4.64e-10 s                  ; 4.47e-10 s                  ; Yes                        ; Yes                        ; 2.32 V                      ; 6.92e-07 V                  ; 2.35 V             ; -0.00996 V         ; 0.121 V                             ; 0.03 V                              ; 4.64e-10 s                 ; 4.47e-10 s                 ; Yes                       ; Yes                       ;
; HEX4[1]       ; 2.5 V        ; 0 s                 ; 0 s                 ; 2.32 V                       ; 6.92e-07 V                   ; 2.35 V              ; -0.00996 V          ; 0.121 V                              ; 0.03 V                               ; 4.64e-10 s                  ; 4.47e-10 s                  ; Yes                        ; Yes                        ; 2.32 V                      ; 6.92e-07 V                  ; 2.35 V             ; -0.00996 V         ; 0.121 V                             ; 0.03 V                              ; 4.64e-10 s                 ; 4.47e-10 s                 ; Yes                       ; Yes                       ;
; HEX4[2]       ; 2.5 V        ; 0 s                 ; 0 s                 ; 2.32 V                       ; 6.92e-07 V                   ; 2.35 V              ; -0.00996 V          ; 0.121 V                              ; 0.03 V                               ; 4.64e-10 s                  ; 4.47e-10 s                  ; Yes                        ; Yes                        ; 2.32 V                      ; 6.92e-07 V                  ; 2.35 V             ; -0.00996 V         ; 0.121 V                             ; 0.03 V                              ; 4.64e-10 s                 ; 4.47e-10 s                 ; Yes                       ; Yes                       ;
; HEX4[3]       ; 2.5 V        ; 0 s                 ; 0 s                 ; 2.32 V                       ; 6.92e-07 V                   ; 2.35 V              ; -0.00996 V          ; 0.121 V                              ; 0.03 V                               ; 4.64e-10 s                  ; 4.47e-10 s                  ; Yes                        ; Yes                        ; 2.32 V                      ; 6.92e-07 V                  ; 2.35 V             ; -0.00996 V         ; 0.121 V                             ; 0.03 V                              ; 4.64e-10 s                 ; 4.47e-10 s                 ; Yes                       ; Yes                       ;
; HEX4[4]       ; 2.5 V        ; 0 s                 ; 0 s                 ; 2.32 V                       ; 6.92e-07 V                   ; 2.35 V              ; -0.00996 V          ; 0.121 V                              ; 0.03 V                               ; 4.64e-10 s                  ; 4.47e-10 s                  ; Yes                        ; Yes                        ; 2.32 V                      ; 6.92e-07 V                  ; 2.35 V             ; -0.00996 V         ; 0.121 V                             ; 0.03 V                              ; 4.64e-10 s                 ; 4.47e-10 s                 ; Yes                       ; Yes                       ;
; HEX4[5]       ; 2.5 V        ; 0 s                 ; 0 s                 ; 2.32 V                       ; 6.92e-07 V                   ; 2.35 V              ; -0.00996 V          ; 0.121 V                              ; 0.03 V                               ; 4.64e-10 s                  ; 4.47e-10 s                  ; Yes                        ; Yes                        ; 2.32 V                      ; 6.92e-07 V                  ; 2.35 V             ; -0.00996 V         ; 0.121 V                             ; 0.03 V                              ; 4.64e-10 s                 ; 4.47e-10 s                 ; Yes                       ; Yes                       ;
; HEX4[6]       ; 2.5 V        ; 0 s                 ; 0 s                 ; 2.32 V                       ; 6.92e-07 V                   ; 2.35 V              ; -0.00996 V          ; 0.121 V                              ; 0.03 V                               ; 4.64e-10 s                  ; 4.47e-10 s                  ; Yes                        ; Yes                        ; 2.32 V                      ; 6.92e-07 V                  ; 2.35 V             ; -0.00996 V         ; 0.121 V                             ; 0.03 V                              ; 4.64e-10 s                 ; 4.47e-10 s                 ; Yes                       ; Yes                       ;
; HEX5[0]       ; 2.5 V        ; 0 s                 ; 0 s                 ; 2.32 V                       ; 6.92e-07 V                   ; 2.35 V              ; -0.00996 V          ; 0.121 V                              ; 0.03 V                               ; 4.64e-10 s                  ; 4.47e-10 s                  ; Yes                        ; Yes                        ; 2.32 V                      ; 6.92e-07 V                  ; 2.35 V             ; -0.00996 V         ; 0.121 V                             ; 0.03 V                              ; 4.64e-10 s                 ; 4.47e-10 s                 ; Yes                       ; Yes                       ;
; HEX5[1]       ; 2.5 V        ; 0 s                 ; 0 s                 ; 2.32 V                       ; 6.92e-07 V                   ; 2.33 V              ; -0.00265 V          ; 0.133 V                              ; 0.056 V                              ; 3.55e-09 s                  ; 3.31e-09 s                  ; Yes                        ; Yes                        ; 2.32 V                      ; 6.92e-07 V                  ; 2.33 V             ; -0.00265 V         ; 0.133 V                             ; 0.056 V                             ; 3.55e-09 s                 ; 3.31e-09 s                 ; Yes                       ; Yes                       ;
; HEX5[2]       ; 2.5 V        ; 0 s                 ; 0 s                 ; 2.32 V                       ; 6.92e-07 V                   ; 2.35 V              ; -0.00996 V          ; 0.121 V                              ; 0.03 V                               ; 4.64e-10 s                  ; 4.47e-10 s                  ; Yes                        ; Yes                        ; 2.32 V                      ; 6.92e-07 V                  ; 2.35 V             ; -0.00996 V         ; 0.121 V                             ; 0.03 V                              ; 4.64e-10 s                 ; 4.47e-10 s                 ; Yes                       ; Yes                       ;
; HEX5[3]       ; 2.5 V        ; 0 s                 ; 0 s                 ; 2.32 V                       ; 6.92e-07 V                   ; 2.35 V              ; -0.00996 V          ; 0.121 V                              ; 0.03 V                               ; 4.64e-10 s                  ; 4.47e-10 s                  ; Yes                        ; Yes                        ; 2.32 V                      ; 6.92e-07 V                  ; 2.35 V             ; -0.00996 V         ; 0.121 V                             ; 0.03 V                              ; 4.64e-10 s                 ; 4.47e-10 s                 ; Yes                       ; Yes                       ;
; HEX5[4]       ; 2.5 V        ; 0 s                 ; 0 s                 ; 2.32 V                       ; 6.92e-07 V                   ; 2.35 V              ; -0.00996 V          ; 0.121 V                              ; 0.03 V                               ; 4.64e-10 s                  ; 4.47e-10 s                  ; Yes                        ; Yes                        ; 2.32 V                      ; 6.92e-07 V                  ; 2.35 V             ; -0.00996 V         ; 0.121 V                             ; 0.03 V                              ; 4.64e-10 s                 ; 4.47e-10 s                 ; Yes                       ; Yes                       ;
; HEX5[5]       ; 2.5 V        ; 0 s                 ; 0 s                 ; 2.32 V                       ; 6.92e-07 V                   ; 2.35 V              ; -0.00996 V          ; 0.121 V                              ; 0.03 V                               ; 4.64e-10 s                  ; 4.47e-10 s                  ; Yes                        ; Yes                        ; 2.32 V                      ; 6.92e-07 V                  ; 2.35 V             ; -0.00996 V         ; 0.121 V                             ; 0.03 V                              ; 4.64e-10 s                 ; 4.47e-10 s                 ; Yes                       ; Yes                       ;
; HEX5[6]       ; 2.5 V        ; 0 s                 ; 0 s                 ; 2.32 V                       ; 6.92e-07 V                   ; 2.35 V              ; -0.00996 V          ; 0.121 V                              ; 0.03 V                               ; 4.64e-10 s                  ; 4.47e-10 s                  ; Yes                        ; Yes                        ; 2.32 V                      ; 6.92e-07 V                  ; 2.35 V             ; -0.00996 V         ; 0.121 V                             ; 0.03 V                              ; 4.64e-10 s                 ; 4.47e-10 s                 ; Yes                       ; Yes                       ;
; HEX6[0]       ; 2.5 V        ; 0 s                 ; 0 s                 ; 2.32 V                       ; 6.92e-07 V                   ; 2.35 V              ; -0.00996 V          ; 0.121 V                              ; 0.03 V                               ; 4.64e-10 s                  ; 4.47e-10 s                  ; Yes                        ; Yes                        ; 2.32 V                      ; 6.92e-07 V                  ; 2.35 V             ; -0.00996 V         ; 0.121 V                             ; 0.03 V                              ; 4.64e-10 s                 ; 4.47e-10 s                 ; Yes                       ; Yes                       ;
; HEX6[1]       ; 2.5 V        ; 0 s                 ; 0 s                 ; 2.32 V                       ; 6.92e-07 V                   ; 2.35 V              ; -0.00996 V          ; 0.121 V                              ; 0.03 V                               ; 4.64e-10 s                  ; 4.47e-10 s                  ; Yes                        ; Yes                        ; 2.32 V                      ; 6.92e-07 V                  ; 2.35 V             ; -0.00996 V         ; 0.121 V                             ; 0.03 V                              ; 4.64e-10 s                 ; 4.47e-10 s                 ; Yes                       ; Yes                       ;
; HEX6[2]       ; 2.5 V        ; 0 s                 ; 0 s                 ; 2.32 V                       ; 6.92e-07 V                   ; 2.35 V              ; -0.00996 V          ; 0.121 V                              ; 0.03 V                               ; 4.64e-10 s                  ; 4.47e-10 s                  ; Yes                        ; Yes                        ; 2.32 V                      ; 6.92e-07 V                  ; 2.35 V             ; -0.00996 V         ; 0.121 V                             ; 0.03 V                              ; 4.64e-10 s                 ; 4.47e-10 s                 ; Yes                       ; Yes                       ;
; HEX6[3]       ; 2.5 V        ; 0 s                 ; 0 s                 ; 2.32 V                       ; 6.92e-07 V                   ; 2.35 V              ; -0.00996 V          ; 0.121 V                              ; 0.03 V                               ; 4.64e-10 s                  ; 4.47e-10 s                  ; Yes                        ; Yes                        ; 2.32 V                      ; 6.92e-07 V                  ; 2.35 V             ; -0.00996 V         ; 0.121 V                             ; 0.03 V                              ; 4.64e-10 s                 ; 4.47e-10 s                 ; Yes                       ; Yes                       ;
; HEX6[4]       ; 2.5 V        ; 0 s                 ; 0 s                 ; 2.32 V                       ; 6.92e-07 V                   ; 2.35 V              ; -0.00996 V          ; 0.121 V                              ; 0.03 V                               ; 4.64e-10 s                  ; 4.47e-10 s                  ; Yes                        ; Yes                        ; 2.32 V                      ; 6.92e-07 V                  ; 2.35 V             ; -0.00996 V         ; 0.121 V                             ; 0.03 V                              ; 4.64e-10 s                 ; 4.47e-10 s                 ; Yes                       ; Yes                       ;
; HEX6[5]       ; 2.5 V        ; 0 s                 ; 0 s                 ; 2.32 V                       ; 6.92e-07 V                   ; 2.33 V              ; -0.00265 V          ; 0.133 V                              ; 0.056 V                              ; 3.55e-09 s                  ; 3.31e-09 s                  ; Yes                        ; Yes                        ; 2.32 V                      ; 6.92e-07 V                  ; 2.33 V             ; -0.00265 V         ; 0.133 V                             ; 0.056 V                             ; 3.55e-09 s                 ; 3.31e-09 s                 ; Yes                       ; Yes                       ;
; HEX6[6]       ; 2.5 V        ; 0 s                 ; 0 s                 ; 2.32 V                       ; 6.92e-07 V                   ; 2.35 V              ; -0.00996 V          ; 0.121 V                              ; 0.03 V                               ; 4.64e-10 s                  ; 4.47e-10 s                  ; Yes                        ; Yes                        ; 2.32 V                      ; 6.92e-07 V                  ; 2.35 V             ; -0.00996 V         ; 0.121 V                             ; 0.03 V                              ; 4.64e-10 s                 ; 4.47e-10 s                 ; Yes                       ; Yes                       ;
; HEX7[0]       ; 2.5 V        ; 0 s                 ; 0 s                 ; 2.32 V                       ; 6.92e-07 V                   ; 2.35 V              ; -0.00996 V          ; 0.121 V                              ; 0.03 V                               ; 4.64e-10 s                  ; 4.47e-10 s                  ; Yes                        ; Yes                        ; 2.32 V                      ; 6.92e-07 V                  ; 2.35 V             ; -0.00996 V         ; 0.121 V                             ; 0.03 V                              ; 4.64e-10 s                 ; 4.47e-10 s                 ; Yes                       ; Yes                       ;
; HEX7[1]       ; 2.5 V        ; 0 s                 ; 0 s                 ; 2.32 V                       ; 6.92e-07 V                   ; 2.35 V              ; -0.00996 V          ; 0.121 V                              ; 0.03 V                               ; 4.64e-10 s                  ; 4.47e-10 s                  ; Yes                        ; Yes                        ; 2.32 V                      ; 6.92e-07 V                  ; 2.35 V             ; -0.00996 V         ; 0.121 V                             ; 0.03 V                              ; 4.64e-10 s                 ; 4.47e-10 s                 ; Yes                       ; Yes                       ;
; HEX7[2]       ; 2.5 V        ; 0 s                 ; 0 s                 ; 2.32 V                       ; 6.92e-07 V                   ; 2.35 V              ; -0.00996 V          ; 0.121 V                              ; 0.03 V                               ; 4.64e-10 s                  ; 4.47e-10 s                  ; Yes                        ; Yes                        ; 2.32 V                      ; 6.92e-07 V                  ; 2.35 V             ; -0.00996 V         ; 0.121 V                             ; 0.03 V                              ; 4.64e-10 s                 ; 4.47e-10 s                 ; Yes                       ; Yes                       ;
; HEX7[3]       ; 2.5 V        ; 0 s                 ; 0 s                 ; 2.32 V                       ; 6.92e-07 V                   ; 2.35 V              ; -0.00996 V          ; 0.121 V                              ; 0.03 V                               ; 4.64e-10 s                  ; 4.47e-10 s                  ; Yes                        ; Yes                        ; 2.32 V                      ; 6.92e-07 V                  ; 2.35 V             ; -0.00996 V         ; 0.121 V                             ; 0.03 V                              ; 4.64e-10 s                 ; 4.47e-10 s                 ; Yes                       ; Yes                       ;
; HEX7[4]       ; 2.5 V        ; 0 s                 ; 0 s                 ; 2.32 V                       ; 6.92e-07 V                   ; 2.35 V              ; -0.00996 V          ; 0.121 V                              ; 0.03 V                               ; 4.64e-10 s                  ; 4.47e-10 s                  ; Yes                        ; Yes                        ; 2.32 V                      ; 6.92e-07 V                  ; 2.35 V             ; -0.00996 V         ; 0.121 V                             ; 0.03 V                              ; 4.64e-10 s                 ; 4.47e-10 s                 ; Yes                       ; Yes                       ;
; HEX7[5]       ; 2.5 V        ; 0 s                 ; 0 s                 ; 2.32 V                       ; 6.92e-07 V                   ; 2.35 V              ; -0.00996 V          ; 0.121 V                              ; 0.03 V                               ; 4.64e-10 s                  ; 4.47e-10 s                  ; Yes                        ; Yes                        ; 2.32 V                      ; 6.92e-07 V                  ; 2.35 V             ; -0.00996 V         ; 0.121 V                             ; 0.03 V                              ; 4.64e-10 s                 ; 4.47e-10 s                 ; Yes                       ; Yes                       ;
; HEX7[6]       ; 2.5 V        ; 0 s                 ; 0 s                 ; 2.32 V                       ; 6.92e-07 V                   ; 2.35 V              ; -0.00996 V          ; 0.121 V                              ; 0.03 V                               ; 4.64e-10 s                  ; 4.47e-10 s                  ; Yes                        ; Yes                        ; 2.32 V                      ; 6.92e-07 V                  ; 2.35 V             ; -0.00996 V         ; 0.121 V                             ; 0.03 V                              ; 4.64e-10 s                 ; 4.47e-10 s                 ; Yes                       ; Yes                       ;
; VGA_R[0]      ; 2.5 V        ; 0 s                 ; 0 s                 ; 2.32 V                       ; 6.92e-07 V                   ; 2.35 V              ; -0.00996 V          ; 0.121 V                              ; 0.03 V                               ; 4.64e-10 s                  ; 4.47e-10 s                  ; Yes                        ; Yes                        ; 2.32 V                      ; 6.92e-07 V                  ; 2.35 V             ; -0.00996 V         ; 0.121 V                             ; 0.03 V                              ; 4.64e-10 s                 ; 4.47e-10 s                 ; Yes                       ; Yes                       ;
; VGA_R[1]      ; 2.5 V        ; 0 s                 ; 0 s                 ; 2.32 V                       ; 6.92e-07 V                   ; 2.35 V              ; -0.00996 V          ; 0.121 V                              ; 0.03 V                               ; 4.64e-10 s                  ; 4.47e-10 s                  ; Yes                        ; Yes                        ; 2.32 V                      ; 6.92e-07 V                  ; 2.35 V             ; -0.00996 V         ; 0.121 V                             ; 0.03 V                              ; 4.64e-10 s                 ; 4.47e-10 s                 ; Yes                       ; Yes                       ;
; VGA_R[2]      ; 2.5 V        ; 0 s                 ; 0 s                 ; 2.32 V                       ; 6.92e-07 V                   ; 2.35 V              ; -0.00996 V          ; 0.121 V                              ; 0.03 V                               ; 4.64e-10 s                  ; 4.47e-10 s                  ; Yes                        ; Yes                        ; 2.32 V                      ; 6.92e-07 V                  ; 2.35 V             ; -0.00996 V         ; 0.121 V                             ; 0.03 V                              ; 4.64e-10 s                 ; 4.47e-10 s                 ; Yes                       ; Yes                       ;
; VGA_R[3]      ; 2.5 V        ; 0 s                 ; 0 s                 ; 2.32 V                       ; 6.92e-07 V                   ; 2.35 V              ; -0.00996 V          ; 0.121 V                              ; 0.03 V                               ; 4.64e-10 s                  ; 4.47e-10 s                  ; Yes                        ; Yes                        ; 2.32 V                      ; 6.92e-07 V                  ; 2.35 V             ; -0.00996 V         ; 0.121 V                             ; 0.03 V                              ; 4.64e-10 s                 ; 4.47e-10 s                 ; Yes                       ; Yes                       ;
; VGA_R[4]      ; 2.5 V        ; 0 s                 ; 0 s                 ; 2.32 V                       ; 6.92e-07 V                   ; 2.35 V              ; -0.00996 V          ; 0.121 V                              ; 0.03 V                               ; 4.64e-10 s                  ; 4.47e-10 s                  ; Yes                        ; Yes                        ; 2.32 V                      ; 6.92e-07 V                  ; 2.35 V             ; -0.00996 V         ; 0.121 V                             ; 0.03 V                              ; 4.64e-10 s                 ; 4.47e-10 s                 ; Yes                       ; Yes                       ;
; VGA_R[5]      ; 2.5 V        ; 0 s                 ; 0 s                 ; 2.32 V                       ; 6.92e-07 V                   ; 2.35 V              ; -0.00996 V          ; 0.121 V                              ; 0.03 V                               ; 4.64e-10 s                  ; 4.47e-10 s                  ; Yes                        ; Yes                        ; 2.32 V                      ; 6.92e-07 V                  ; 2.35 V             ; -0.00996 V         ; 0.121 V                             ; 0.03 V                              ; 4.64e-10 s                 ; 4.47e-10 s                 ; Yes                       ; Yes                       ;
; VGA_R[6]      ; 2.5 V        ; 0 s                 ; 0 s                 ; 2.32 V                       ; 6.92e-07 V                   ; 2.35 V              ; -0.00996 V          ; 0.121 V                              ; 0.03 V                               ; 4.64e-10 s                  ; 4.47e-10 s                  ; Yes                        ; Yes                        ; 2.32 V                      ; 6.92e-07 V                  ; 2.35 V             ; -0.00996 V         ; 0.121 V                             ; 0.03 V                              ; 4.64e-10 s                 ; 4.47e-10 s                 ; Yes                       ; Yes                       ;
; VGA_R[7]      ; 2.5 V        ; 0 s                 ; 0 s                 ; 2.32 V                       ; 6.92e-07 V                   ; 2.35 V              ; -0.00996 V          ; 0.121 V                              ; 0.03 V                               ; 4.64e-10 s                  ; 4.47e-10 s                  ; Yes                        ; Yes                        ; 2.32 V                      ; 6.92e-07 V                  ; 2.35 V             ; -0.00996 V         ; 0.121 V                             ; 0.03 V                              ; 4.64e-10 s                 ; 4.47e-10 s                 ; Yes                       ; Yes                       ;
; VGA_G[0]      ; 2.5 V        ; 0 s                 ; 0 s                 ; 2.32 V                       ; 6.92e-07 V                   ; 2.35 V              ; -0.00996 V          ; 0.121 V                              ; 0.03 V                               ; 4.64e-10 s                  ; 4.47e-10 s                  ; Yes                        ; Yes                        ; 2.32 V                      ; 6.92e-07 V                  ; 2.35 V             ; -0.00996 V         ; 0.121 V                             ; 0.03 V                              ; 4.64e-10 s                 ; 4.47e-10 s                 ; Yes                       ; Yes                       ;
; VGA_G[1]      ; 2.5 V        ; 0 s                 ; 0 s                 ; 2.32 V                       ; 6.92e-07 V                   ; 2.35 V              ; -0.00996 V          ; 0.121 V                              ; 0.03 V                               ; 4.64e-10 s                  ; 4.47e-10 s                  ; Yes                        ; Yes                        ; 2.32 V                      ; 6.92e-07 V                  ; 2.35 V             ; -0.00996 V         ; 0.121 V                             ; 0.03 V                              ; 4.64e-10 s                 ; 4.47e-10 s                 ; Yes                       ; Yes                       ;
; VGA_G[2]      ; 2.5 V        ; 0 s                 ; 0 s                 ; 2.32 V                       ; 6.92e-07 V                   ; 2.35 V              ; -0.00996 V          ; 0.121 V                              ; 0.03 V                               ; 4.64e-10 s                  ; 4.47e-10 s                  ; Yes                        ; Yes                        ; 2.32 V                      ; 6.92e-07 V                  ; 2.35 V             ; -0.00996 V         ; 0.121 V                             ; 0.03 V                              ; 4.64e-10 s                 ; 4.47e-10 s                 ; Yes                       ; Yes                       ;
; VGA_G[3]      ; 2.5 V        ; 0 s                 ; 0 s                 ; 2.32 V                       ; 6.92e-07 V                   ; 2.35 V              ; -0.00996 V          ; 0.121 V                              ; 0.03 V                               ; 4.64e-10 s                  ; 4.47e-10 s                  ; Yes                        ; Yes                        ; 2.32 V                      ; 6.92e-07 V                  ; 2.35 V             ; -0.00996 V         ; 0.121 V                             ; 0.03 V                              ; 4.64e-10 s                 ; 4.47e-10 s                 ; Yes                       ; Yes                       ;
; VGA_G[4]      ; 2.5 V        ; 0 s                 ; 0 s                 ; 2.32 V                       ; 6.92e-07 V                   ; 2.35 V              ; -0.00996 V          ; 0.121 V                              ; 0.03 V                               ; 4.64e-10 s                  ; 4.47e-10 s                  ; Yes                        ; Yes                        ; 2.32 V                      ; 6.92e-07 V                  ; 2.35 V             ; -0.00996 V         ; 0.121 V                             ; 0.03 V                              ; 4.64e-10 s                 ; 4.47e-10 s                 ; Yes                       ; Yes                       ;
; VGA_G[5]      ; 2.5 V        ; 0 s                 ; 0 s                 ; 2.32 V                       ; 6.92e-07 V                   ; 2.35 V              ; -0.00996 V          ; 0.121 V                              ; 0.03 V                               ; 4.64e-10 s                  ; 4.47e-10 s                  ; Yes                        ; Yes                        ; 2.32 V                      ; 6.92e-07 V                  ; 2.35 V             ; -0.00996 V         ; 0.121 V                             ; 0.03 V                              ; 4.64e-10 s                 ; 4.47e-10 s                 ; Yes                       ; Yes                       ;
; VGA_G[6]      ; 2.5 V        ; 0 s                 ; 0 s                 ; 2.32 V                       ; 6.92e-07 V                   ; 2.35 V              ; -0.00996 V          ; 0.121 V                              ; 0.03 V                               ; 4.64e-10 s                  ; 4.47e-10 s                  ; Yes                        ; Yes                        ; 2.32 V                      ; 6.92e-07 V                  ; 2.35 V             ; -0.00996 V         ; 0.121 V                             ; 0.03 V                              ; 4.64e-10 s                 ; 4.47e-10 s                 ; Yes                       ; Yes                       ;
; VGA_G[7]      ; 2.5 V        ; 0 s                 ; 0 s                 ; 2.32 V                       ; 6.92e-07 V                   ; 2.35 V              ; -0.00996 V          ; 0.121 V                              ; 0.03 V                               ; 4.64e-10 s                  ; 4.47e-10 s                  ; Yes                        ; Yes                        ; 2.32 V                      ; 6.92e-07 V                  ; 2.35 V             ; -0.00996 V         ; 0.121 V                             ; 0.03 V                              ; 4.64e-10 s                 ; 4.47e-10 s                 ; Yes                       ; Yes                       ;
; VGA_B[0]      ; 2.5 V        ; 0 s                 ; 0 s                 ; 2.32 V                       ; 6.92e-07 V                   ; 2.35 V              ; -0.00996 V          ; 0.121 V                              ; 0.03 V                               ; 4.64e-10 s                  ; 4.47e-10 s                  ; Yes                        ; Yes                        ; 2.32 V                      ; 6.92e-07 V                  ; 2.35 V             ; -0.00996 V         ; 0.121 V                             ; 0.03 V                              ; 4.64e-10 s                 ; 4.47e-10 s                 ; Yes                       ; Yes                       ;
; VGA_B[1]      ; 2.5 V        ; 0 s                 ; 0 s                 ; 2.32 V                       ; 6.92e-07 V                   ; 2.35 V              ; -0.00996 V          ; 0.121 V                              ; 0.03 V                               ; 4.64e-10 s                  ; 4.47e-10 s                  ; Yes                        ; Yes                        ; 2.32 V                      ; 6.92e-07 V                  ; 2.35 V             ; -0.00996 V         ; 0.121 V                             ; 0.03 V                              ; 4.64e-10 s                 ; 4.47e-10 s                 ; Yes                       ; Yes                       ;
; VGA_B[2]      ; 2.5 V        ; 0 s                 ; 0 s                 ; 2.32 V                       ; 6.92e-07 V                   ; 2.35 V              ; -0.00996 V          ; 0.121 V                              ; 0.03 V                               ; 4.64e-10 s                  ; 4.47e-10 s                  ; Yes                        ; Yes                        ; 2.32 V                      ; 6.92e-07 V                  ; 2.35 V             ; -0.00996 V         ; 0.121 V                             ; 0.03 V                              ; 4.64e-10 s                 ; 4.47e-10 s                 ; Yes                       ; Yes                       ;
; VGA_B[3]      ; 2.5 V        ; 0 s                 ; 0 s                 ; 2.32 V                       ; 6.92e-07 V                   ; 2.35 V              ; -0.00996 V          ; 0.121 V                              ; 0.03 V                               ; 4.64e-10 s                  ; 4.47e-10 s                  ; Yes                        ; Yes                        ; 2.32 V                      ; 6.92e-07 V                  ; 2.35 V             ; -0.00996 V         ; 0.121 V                             ; 0.03 V                              ; 4.64e-10 s                 ; 4.47e-10 s                 ; Yes                       ; Yes                       ;
; VGA_B[4]      ; 2.5 V        ; 0 s                 ; 0 s                 ; 2.32 V                       ; 6.92e-07 V                   ; 2.35 V              ; -0.00996 V          ; 0.121 V                              ; 0.03 V                               ; 4.64e-10 s                  ; 4.47e-10 s                  ; Yes                        ; Yes                        ; 2.32 V                      ; 6.92e-07 V                  ; 2.35 V             ; -0.00996 V         ; 0.121 V                             ; 0.03 V                              ; 4.64e-10 s                 ; 4.47e-10 s                 ; Yes                       ; Yes                       ;
; VGA_B[5]      ; 2.5 V        ; 0 s                 ; 0 s                 ; 2.32 V                       ; 6.92e-07 V                   ; 2.35 V              ; -0.00996 V          ; 0.121 V                              ; 0.03 V                               ; 4.64e-10 s                  ; 4.47e-10 s                  ; Yes                        ; Yes                        ; 2.32 V                      ; 6.92e-07 V                  ; 2.35 V             ; -0.00996 V         ; 0.121 V                             ; 0.03 V                              ; 4.64e-10 s                 ; 4.47e-10 s                 ; Yes                       ; Yes                       ;
; VGA_B[6]      ; 2.5 V        ; 0 s                 ; 0 s                 ; 2.32 V                       ; 6.92e-07 V                   ; 2.35 V              ; -0.00996 V          ; 0.121 V                              ; 0.03 V                               ; 4.64e-10 s                  ; 4.47e-10 s                  ; Yes                        ; Yes                        ; 2.32 V                      ; 6.92e-07 V                  ; 2.35 V             ; -0.00996 V         ; 0.121 V                             ; 0.03 V                              ; 4.64e-10 s                 ; 4.47e-10 s                 ; Yes                       ; Yes                       ;
; VGA_B[7]      ; 2.5 V        ; 0 s                 ; 0 s                 ; 2.32 V                       ; 6.92e-07 V                   ; 2.35 V              ; -0.00996 V          ; 0.121 V                              ; 0.03 V                               ; 4.64e-10 s                  ; 4.47e-10 s                  ; Yes                        ; Yes                        ; 2.32 V                      ; 6.92e-07 V                  ; 2.35 V             ; -0.00996 V         ; 0.121 V                             ; 0.03 V                              ; 4.64e-10 s                 ; 4.47e-10 s                 ; Yes                       ; Yes                       ;
; VGA_BLANK_N   ; 2.5 V        ; 0 s                 ; 0 s                 ; 2.32 V                       ; 6.92e-07 V                   ; 2.35 V              ; -0.00996 V          ; 0.121 V                              ; 0.03 V                               ; 4.64e-10 s                  ; 4.47e-10 s                  ; Yes                        ; Yes                        ; 2.32 V                      ; 6.92e-07 V                  ; 2.35 V             ; -0.00996 V         ; 0.121 V                             ; 0.03 V                              ; 4.64e-10 s                 ; 4.47e-10 s                 ; Yes                       ; Yes                       ;
; VGA_CLK       ; 2.5 V        ; 0 s                 ; 0 s                 ; 2.32 V                       ; 6.92e-07 V                   ; 2.35 V              ; -0.00996 V          ; 0.121 V                              ; 0.03 V                               ; 4.64e-10 s                  ; 4.47e-10 s                  ; Yes                        ; Yes                        ; 2.32 V                      ; 6.92e-07 V                  ; 2.35 V             ; -0.00996 V         ; 0.121 V                             ; 0.03 V                              ; 4.64e-10 s                 ; 4.47e-10 s                 ; Yes                       ; Yes                       ;
; VGA_SYNC_N    ; 2.5 V        ; 0 s                 ; 0 s                 ; 2.32 V                       ; 6.92e-07 V                   ; 2.35 V              ; -0.00996 V          ; 0.121 V                              ; 0.03 V                               ; 4.64e-10 s                  ; 4.47e-10 s                  ; Yes                        ; Yes                        ; 2.32 V                      ; 6.92e-07 V                  ; 2.35 V             ; -0.00996 V         ; 0.121 V                             ; 0.03 V                              ; 4.64e-10 s                 ; 4.47e-10 s                 ; Yes                       ; Yes                       ;
; VGA_VS        ; 2.5 V        ; 0 s                 ; 0 s                 ; 2.32 V                       ; 6.92e-07 V                   ; 2.35 V              ; -0.00996 V          ; 0.121 V                              ; 0.03 V                               ; 4.64e-10 s                  ; 4.47e-10 s                  ; Yes                        ; Yes                        ; 2.32 V                      ; 6.92e-07 V                  ; 2.35 V             ; -0.00996 V         ; 0.121 V                             ; 0.03 V                              ; 4.64e-10 s                 ; 4.47e-10 s                 ; Yes                       ; Yes                       ;
; VGA_HS        ; 2.5 V        ; 0 s                 ; 0 s                 ; 2.32 V                       ; 6.92e-07 V                   ; 2.35 V              ; -0.00996 V          ; 0.121 V                              ; 0.03 V                               ; 4.64e-10 s                  ; 4.47e-10 s                  ; Yes                        ; Yes                        ; 2.32 V                      ; 6.92e-07 V                  ; 2.35 V             ; -0.00996 V         ; 0.121 V                             ; 0.03 V                              ; 4.64e-10 s                 ; 4.47e-10 s                 ; Yes                       ; Yes                       ;
; ~ALTERA_DCLK~ ; 2.5 V        ; 0 s                 ; 0 s                 ; 2.32 V                       ; 3.75e-07 V                   ; 2.35 V              ; -0.0109 V           ; 0.084 V                              ; 0.027 V                              ; 4.31e-10 s                  ; 3.61e-10 s                  ; Yes                        ; Yes                        ; 2.32 V                      ; 3.75e-07 V                  ; 2.35 V             ; -0.0109 V          ; 0.084 V                             ; 0.027 V                             ; 4.31e-10 s                 ; 3.61e-10 s                 ; Yes                       ; Yes                       ;
; ~ALTERA_nCEO~ ; 2.5 V        ; 0 s                 ; 0 s                 ; 2.32 V                       ; 6.15e-07 V                   ; 2.35 V              ; -0.00712 V          ; 0.093 V                              ; 0.02 V                               ; 6.21e-10 s                  ; 7.9e-10 s                   ; Yes                        ; Yes                        ; 2.32 V                      ; 6.15e-07 V                  ; 2.35 V             ; -0.00712 V         ; 0.093 V                             ; 0.02 V                              ; 6.21e-10 s                 ; 7.9e-10 s                  ; Yes                       ; Yes                       ;
+---------------+--------------+---------------------+---------------------+------------------------------+------------------------------+---------------------+---------------------+--------------------------------------+--------------------------------------+-----------------------------+-----------------------------+----------------------------+----------------------------+-----------------------------+-----------------------------+--------------------+--------------------+-------------------------------------+-------------------------------------+----------------------------+----------------------------+---------------------------+---------------------------+


+--------------------------------------------------------------------------------------------------------------------------------------------------------------------------------------------------------------------------------------------------------------------------------------------------------------------------------------------------------------------------------------------------------------------------------------------------------------------------------------------------------------------------------------------------------------------------------------------------------------------------------------------------------------------------------------------+
; Signal Integrity Metrics (Fast 1200mv 0c Model)                                                                                                                                                                                                                                                                                                                                                                                                                                                                                                                                                                                                                                            ;
+---------------+--------------+---------------------+---------------------+------------------------------+------------------------------+---------------------+---------------------+--------------------------------------+--------------------------------------+-----------------------------+-----------------------------+----------------------------+----------------------------+-----------------------------+-----------------------------+--------------------+--------------------+-------------------------------------+-------------------------------------+----------------------------+----------------------------+---------------------------+---------------------------+
; Pin           ; I/O Standard ; Board Delay on Rise ; Board Delay on Fall ; Steady State Voh at FPGA Pin ; Steady State Vol at FPGA Pin ; Voh Max at FPGA Pin ; Vol Min at FPGA Pin ; Ringback Voltage on Rise at FPGA Pin ; Ringback Voltage on Fall at FPGA Pin ; 10-90 Rise Time at FPGA Pin ; 90-10 Fall Time at FPGA Pin ; Monotonic Rise at FPGA Pin ; Monotonic Fall at FPGA Pin ; Steady State Voh at Far-end ; Steady State Vol at Far-end ; Voh Max at Far-end ; Vol Min at Far-end ; Ringback Voltage on Rise at Far-end ; Ringback Voltage on Fall at Far-end ; 10-90 Rise Time at Far-end ; 90-10 Fall Time at Far-end ; Monotonic Rise at Far-end ; Monotonic Fall at Far-end ;
+---------------+--------------+---------------------+---------------------+------------------------------+------------------------------+---------------------+---------------------+--------------------------------------+--------------------------------------+-----------------------------+-----------------------------+----------------------------+----------------------------+-----------------------------+-----------------------------+--------------------+--------------------+-------------------------------------+-------------------------------------+----------------------------+----------------------------+---------------------------+---------------------------+
; LEDR[0]       ; 2.5 V        ; 0 s                 ; 0 s                 ; 2.62 V                       ; 4.05e-08 V                   ; 2.72 V              ; -0.0349 V           ; 0.173 V                              ; 0.1 V                                ; 2.72e-10 s                  ; 2.69e-10 s                  ; Yes                        ; Yes                        ; 2.62 V                      ; 4.05e-08 V                  ; 2.72 V             ; -0.0349 V          ; 0.173 V                             ; 0.1 V                               ; 2.72e-10 s                 ; 2.69e-10 s                 ; Yes                       ; Yes                       ;
; LEDR[1]       ; 2.5 V        ; 0 s                 ; 0 s                 ; 2.62 V                       ; 4.05e-08 V                   ; 2.72 V              ; -0.0349 V           ; 0.173 V                              ; 0.1 V                                ; 2.72e-10 s                  ; 2.69e-10 s                  ; Yes                        ; Yes                        ; 2.62 V                      ; 4.05e-08 V                  ; 2.72 V             ; -0.0349 V          ; 0.173 V                             ; 0.1 V                               ; 2.72e-10 s                 ; 2.69e-10 s                 ; Yes                       ; Yes                       ;
; LEDR[2]       ; 2.5 V        ; 0 s                 ; 0 s                 ; 2.62 V                       ; 4.05e-08 V                   ; 2.72 V              ; -0.0349 V           ; 0.173 V                              ; 0.1 V                                ; 2.72e-10 s                  ; 2.69e-10 s                  ; Yes                        ; Yes                        ; 2.62 V                      ; 4.05e-08 V                  ; 2.72 V             ; -0.0349 V          ; 0.173 V                             ; 0.1 V                               ; 2.72e-10 s                 ; 2.69e-10 s                 ; Yes                       ; Yes                       ;
; LEDR[3]       ; 2.5 V        ; 0 s                 ; 0 s                 ; 2.62 V                       ; 4.05e-08 V                   ; 2.72 V              ; -0.0349 V           ; 0.173 V                              ; 0.1 V                                ; 2.72e-10 s                  ; 2.69e-10 s                  ; Yes                        ; Yes                        ; 2.62 V                      ; 4.05e-08 V                  ; 2.72 V             ; -0.0349 V          ; 0.173 V                             ; 0.1 V                               ; 2.72e-10 s                 ; 2.69e-10 s                 ; Yes                       ; Yes                       ;
; LEDR[4]       ; 2.5 V        ; 0 s                 ; 0 s                 ; 2.62 V                       ; 4.05e-08 V                   ; 2.72 V              ; -0.0349 V           ; 0.173 V                              ; 0.1 V                                ; 2.72e-10 s                  ; 2.69e-10 s                  ; Yes                        ; Yes                        ; 2.62 V                      ; 4.05e-08 V                  ; 2.72 V             ; -0.0349 V          ; 0.173 V                             ; 0.1 V                               ; 2.72e-10 s                 ; 2.69e-10 s                 ; Yes                       ; Yes                       ;
; LEDR[5]       ; 2.5 V        ; 0 s                 ; 0 s                 ; 2.62 V                       ; 4.05e-08 V                   ; 2.72 V              ; -0.0349 V           ; 0.173 V                              ; 0.1 V                                ; 2.72e-10 s                  ; 2.69e-10 s                  ; Yes                        ; Yes                        ; 2.62 V                      ; 4.05e-08 V                  ; 2.72 V             ; -0.0349 V          ; 0.173 V                             ; 0.1 V                               ; 2.72e-10 s                 ; 2.69e-10 s                 ; Yes                       ; Yes                       ;
; LEDR[6]       ; 2.5 V        ; 0 s                 ; 0 s                 ; 2.62 V                       ; 4.05e-08 V                   ; 2.72 V              ; -0.0349 V           ; 0.173 V                              ; 0.1 V                                ; 2.72e-10 s                  ; 2.69e-10 s                  ; Yes                        ; Yes                        ; 2.62 V                      ; 4.05e-08 V                  ; 2.72 V             ; -0.0349 V          ; 0.173 V                             ; 0.1 V                               ; 2.72e-10 s                 ; 2.69e-10 s                 ; Yes                       ; Yes                       ;
; LEDR[7]       ; 2.5 V        ; 0 s                 ; 0 s                 ; 2.62 V                       ; 4.05e-08 V                   ; 2.72 V              ; -0.0349 V           ; 0.173 V                              ; 0.1 V                                ; 2.72e-10 s                  ; 2.69e-10 s                  ; Yes                        ; Yes                        ; 2.62 V                      ; 4.05e-08 V                  ; 2.72 V             ; -0.0349 V          ; 0.173 V                             ; 0.1 V                               ; 2.72e-10 s                 ; 2.69e-10 s                 ; Yes                       ; Yes                       ;
; LEDR[8]       ; 2.5 V        ; 0 s                 ; 0 s                 ; 2.62 V                       ; 4.05e-08 V                   ; 2.72 V              ; -0.0349 V           ; 0.173 V                              ; 0.1 V                                ; 2.72e-10 s                  ; 2.69e-10 s                  ; Yes                        ; Yes                        ; 2.62 V                      ; 4.05e-08 V                  ; 2.72 V             ; -0.0349 V          ; 0.173 V                             ; 0.1 V                               ; 2.72e-10 s                 ; 2.69e-10 s                 ; Yes                       ; Yes                       ;
; LEDR[9]       ; 2.5 V        ; 0 s                 ; 0 s                 ; 2.62 V                       ; 4.05e-08 V                   ; 2.64 V              ; -0.0113 V           ; 0.208 V                              ; 0.179 V                              ; 2.38e-09 s                  ; 2.23e-09 s                  ; No                         ; Yes                        ; 2.62 V                      ; 4.05e-08 V                  ; 2.64 V             ; -0.0113 V          ; 0.208 V                             ; 0.179 V                             ; 2.38e-09 s                 ; 2.23e-09 s                 ; No                        ; Yes                       ;
; LEDR[10]      ; 2.5 V        ; 0 s                 ; 0 s                 ; 2.62 V                       ; 4.05e-08 V                   ; 2.72 V              ; -0.0349 V           ; 0.173 V                              ; 0.1 V                                ; 2.72e-10 s                  ; 2.69e-10 s                  ; Yes                        ; Yes                        ; 2.62 V                      ; 4.05e-08 V                  ; 2.72 V             ; -0.0349 V          ; 0.173 V                             ; 0.1 V                               ; 2.72e-10 s                 ; 2.69e-10 s                 ; Yes                       ; Yes                       ;
; LEDR[11]      ; 2.5 V        ; 0 s                 ; 0 s                 ; 2.62 V                       ; 4.05e-08 V                   ; 2.72 V              ; -0.0349 V           ; 0.173 V                              ; 0.1 V                                ; 2.72e-10 s                  ; 2.69e-10 s                  ; Yes                        ; Yes                        ; 2.62 V                      ; 4.05e-08 V                  ; 2.72 V             ; -0.0349 V          ; 0.173 V                             ; 0.1 V                               ; 2.72e-10 s                 ; 2.69e-10 s                 ; Yes                       ; Yes                       ;
; LEDR[12]      ; 2.5 V        ; 0 s                 ; 0 s                 ; 2.62 V                       ; 4.05e-08 V                   ; 2.72 V              ; -0.0349 V           ; 0.173 V                              ; 0.1 V                                ; 2.72e-10 s                  ; 2.69e-10 s                  ; Yes                        ; Yes                        ; 2.62 V                      ; 4.05e-08 V                  ; 2.72 V             ; -0.0349 V          ; 0.173 V                             ; 0.1 V                               ; 2.72e-10 s                 ; 2.69e-10 s                 ; Yes                       ; Yes                       ;
; LEDR[13]      ; 2.5 V        ; 0 s                 ; 0 s                 ; 2.62 V                       ; 4.05e-08 V                   ; 2.72 V              ; -0.0349 V           ; 0.173 V                              ; 0.1 V                                ; 2.72e-10 s                  ; 2.69e-10 s                  ; Yes                        ; Yes                        ; 2.62 V                      ; 4.05e-08 V                  ; 2.72 V             ; -0.0349 V          ; 0.173 V                             ; 0.1 V                               ; 2.72e-10 s                 ; 2.69e-10 s                 ; Yes                       ; Yes                       ;
; LEDR[14]      ; 2.5 V        ; 0 s                 ; 0 s                 ; 2.62 V                       ; 4.05e-08 V                   ; 2.72 V              ; -0.0349 V           ; 0.173 V                              ; 0.1 V                                ; 2.72e-10 s                  ; 2.69e-10 s                  ; Yes                        ; Yes                        ; 2.62 V                      ; 4.05e-08 V                  ; 2.72 V             ; -0.0349 V          ; 0.173 V                             ; 0.1 V                               ; 2.72e-10 s                 ; 2.69e-10 s                 ; Yes                       ; Yes                       ;
; LEDR[15]      ; 2.5 V        ; 0 s                 ; 0 s                 ; 2.62 V                       ; 4.05e-08 V                   ; 2.64 V              ; -0.0113 V           ; 0.208 V                              ; 0.179 V                              ; 2.38e-09 s                  ; 2.23e-09 s                  ; No                         ; Yes                        ; 2.62 V                      ; 4.05e-08 V                  ; 2.64 V             ; -0.0113 V          ; 0.208 V                             ; 0.179 V                             ; 2.38e-09 s                 ; 2.23e-09 s                 ; No                        ; Yes                       ;
; LEDR[16]      ; 2.5 V        ; 0 s                 ; 0 s                 ; 2.62 V                       ; 4.05e-08 V                   ; 2.72 V              ; -0.0349 V           ; 0.173 V                              ; 0.1 V                                ; 2.72e-10 s                  ; 2.69e-10 s                  ; Yes                        ; Yes                        ; 2.62 V                      ; 4.05e-08 V                  ; 2.72 V             ; -0.0349 V          ; 0.173 V                             ; 0.1 V                               ; 2.72e-10 s                 ; 2.69e-10 s                 ; Yes                       ; Yes                       ;
; LEDR[17]      ; 2.5 V        ; 0 s                 ; 0 s                 ; 2.62 V                       ; 4.05e-08 V                   ; 2.72 V              ; -0.0349 V           ; 0.173 V                              ; 0.1 V                                ; 2.72e-10 s                  ; 2.69e-10 s                  ; Yes                        ; Yes                        ; 2.62 V                      ; 4.05e-08 V                  ; 2.72 V             ; -0.0349 V          ; 0.173 V                             ; 0.1 V                               ; 2.72e-10 s                 ; 2.69e-10 s                 ; Yes                       ; Yes                       ;
; LEDG[0]       ; 2.5 V        ; 0 s                 ; 0 s                 ; 2.62 V                       ; 4.05e-08 V                   ; 2.72 V              ; -0.0349 V           ; 0.173 V                              ; 0.1 V                                ; 2.72e-10 s                  ; 2.69e-10 s                  ; Yes                        ; Yes                        ; 2.62 V                      ; 4.05e-08 V                  ; 2.72 V             ; -0.0349 V          ; 0.173 V                             ; 0.1 V                               ; 2.72e-10 s                 ; 2.69e-10 s                 ; Yes                       ; Yes                       ;
; LEDG[1]       ; 2.5 V        ; 0 s                 ; 0 s                 ; 2.62 V                       ; 4.05e-08 V                   ; 2.72 V              ; -0.0349 V           ; 0.173 V                              ; 0.1 V                                ; 2.72e-10 s                  ; 2.69e-10 s                  ; Yes                        ; Yes                        ; 2.62 V                      ; 4.05e-08 V                  ; 2.72 V             ; -0.0349 V          ; 0.173 V                             ; 0.1 V                               ; 2.72e-10 s                 ; 2.69e-10 s                 ; Yes                       ; Yes                       ;
; LEDG[2]       ; 2.5 V        ; 0 s                 ; 0 s                 ; 2.62 V                       ; 4.05e-08 V                   ; 2.72 V              ; -0.0349 V           ; 0.173 V                              ; 0.1 V                                ; 2.72e-10 s                  ; 2.69e-10 s                  ; Yes                        ; Yes                        ; 2.62 V                      ; 4.05e-08 V                  ; 2.72 V             ; -0.0349 V          ; 0.173 V                             ; 0.1 V                               ; 2.72e-10 s                 ; 2.69e-10 s                 ; Yes                       ; Yes                       ;
; LEDG[3]       ; 2.5 V        ; 0 s                 ; 0 s                 ; 2.62 V                       ; 4.05e-08 V                   ; 2.72 V              ; -0.0349 V           ; 0.173 V                              ; 0.1 V                                ; 2.72e-10 s                  ; 2.69e-10 s                  ; Yes                        ; Yes                        ; 2.62 V                      ; 4.05e-08 V                  ; 2.72 V             ; -0.0349 V          ; 0.173 V                             ; 0.1 V                               ; 2.72e-10 s                 ; 2.69e-10 s                 ; Yes                       ; Yes                       ;
; LEDG[4]       ; 2.5 V        ; 0 s                 ; 0 s                 ; 2.62 V                       ; 4.05e-08 V                   ; 2.72 V              ; -0.0349 V           ; 0.173 V                              ; 0.1 V                                ; 2.72e-10 s                  ; 2.69e-10 s                  ; Yes                        ; Yes                        ; 2.62 V                      ; 4.05e-08 V                  ; 2.72 V             ; -0.0349 V          ; 0.173 V                             ; 0.1 V                               ; 2.72e-10 s                 ; 2.69e-10 s                 ; Yes                       ; Yes                       ;
; LEDG[5]       ; 2.5 V        ; 0 s                 ; 0 s                 ; 2.62 V                       ; 4.05e-08 V                   ; 2.72 V              ; -0.0349 V           ; 0.173 V                              ; 0.1 V                                ; 2.72e-10 s                  ; 2.69e-10 s                  ; Yes                        ; Yes                        ; 2.62 V                      ; 4.05e-08 V                  ; 2.72 V             ; -0.0349 V          ; 0.173 V                             ; 0.1 V                               ; 2.72e-10 s                 ; 2.69e-10 s                 ; Yes                       ; Yes                       ;
; LEDG[6]       ; 2.5 V        ; 0 s                 ; 0 s                 ; 2.62 V                       ; 4.05e-08 V                   ; 2.72 V              ; -0.0349 V           ; 0.173 V                              ; 0.1 V                                ; 2.72e-10 s                  ; 2.69e-10 s                  ; Yes                        ; Yes                        ; 2.62 V                      ; 4.05e-08 V                  ; 2.72 V             ; -0.0349 V          ; 0.173 V                             ; 0.1 V                               ; 2.72e-10 s                 ; 2.69e-10 s                 ; Yes                       ; Yes                       ;
; LEDG[7]       ; 2.5 V        ; 0 s                 ; 0 s                 ; 2.62 V                       ; 4.05e-08 V                   ; 2.72 V              ; -0.0349 V           ; 0.173 V                              ; 0.1 V                                ; 2.72e-10 s                  ; 2.69e-10 s                  ; Yes                        ; Yes                        ; 2.62 V                      ; 4.05e-08 V                  ; 2.72 V             ; -0.0349 V          ; 0.173 V                             ; 0.1 V                               ; 2.72e-10 s                 ; 2.69e-10 s                 ; Yes                       ; Yes                       ;
; LEDG[8]       ; 2.5 V        ; 0 s                 ; 0 s                 ; 2.62 V                       ; 4.05e-08 V                   ; 2.72 V              ; -0.0349 V           ; 0.173 V                              ; 0.1 V                                ; 2.72e-10 s                  ; 2.69e-10 s                  ; Yes                        ; Yes                        ; 2.62 V                      ; 4.05e-08 V                  ; 2.72 V             ; -0.0349 V          ; 0.173 V                             ; 0.1 V                               ; 2.72e-10 s                 ; 2.69e-10 s                 ; Yes                       ; Yes                       ;
; HEX0[0]       ; 2.5 V        ; 0 s                 ; 0 s                 ; 2.62 V                       ; 4.05e-08 V                   ; 2.72 V              ; -0.0349 V           ; 0.173 V                              ; 0.1 V                                ; 2.72e-10 s                  ; 2.69e-10 s                  ; Yes                        ; Yes                        ; 2.62 V                      ; 4.05e-08 V                  ; 2.72 V             ; -0.0349 V          ; 0.173 V                             ; 0.1 V                               ; 2.72e-10 s                 ; 2.69e-10 s                 ; Yes                       ; Yes                       ;
; HEX0[1]       ; 2.5 V        ; 0 s                 ; 0 s                 ; 2.62 V                       ; 4.05e-08 V                   ; 2.64 V              ; -0.0113 V           ; 0.208 V                              ; 0.179 V                              ; 2.38e-09 s                  ; 2.23e-09 s                  ; No                         ; Yes                        ; 2.62 V                      ; 4.05e-08 V                  ; 2.64 V             ; -0.0113 V          ; 0.208 V                             ; 0.179 V                             ; 2.38e-09 s                 ; 2.23e-09 s                 ; No                        ; Yes                       ;
; HEX0[2]       ; 2.5 V        ; 0 s                 ; 0 s                 ; 2.62 V                       ; 4.05e-08 V                   ; 2.72 V              ; -0.0349 V           ; 0.173 V                              ; 0.1 V                                ; 2.72e-10 s                  ; 2.69e-10 s                  ; Yes                        ; Yes                        ; 2.62 V                      ; 4.05e-08 V                  ; 2.72 V             ; -0.0349 V          ; 0.173 V                             ; 0.1 V                               ; 2.72e-10 s                 ; 2.69e-10 s                 ; Yes                       ; Yes                       ;
; HEX0[3]       ; 2.5 V        ; 0 s                 ; 0 s                 ; 2.62 V                       ; 2.74e-08 V                   ; 2.73 V              ; -0.0384 V           ; 0.169 V                              ; 0.089 V                              ; 2.7e-10 s                   ; 2.62e-10 s                  ; Yes                        ; Yes                        ; 2.62 V                      ; 2.74e-08 V                  ; 2.73 V             ; -0.0384 V          ; 0.169 V                             ; 0.089 V                             ; 2.7e-10 s                  ; 2.62e-10 s                 ; Yes                       ; Yes                       ;
; HEX0[4]       ; 2.5 V        ; 0 s                 ; 0 s                 ; 2.62 V                       ; 2.74e-08 V                   ; 2.73 V              ; -0.0384 V           ; 0.169 V                              ; 0.089 V                              ; 2.7e-10 s                   ; 2.62e-10 s                  ; Yes                        ; Yes                        ; 2.62 V                      ; 2.74e-08 V                  ; 2.73 V             ; -0.0384 V          ; 0.169 V                             ; 0.089 V                             ; 2.7e-10 s                  ; 2.62e-10 s                 ; Yes                       ; Yes                       ;
; HEX0[5]       ; 2.5 V        ; 0 s                 ; 0 s                 ; 2.62 V                       ; 2.74e-08 V                   ; 2.64 V              ; -0.0117 V           ; 0.202 V                              ; 0.176 V                              ; 2.38e-09 s                  ; 2.22e-09 s                  ; No                         ; Yes                        ; 2.62 V                      ; 2.74e-08 V                  ; 2.64 V             ; -0.0117 V          ; 0.202 V                             ; 0.176 V                             ; 2.38e-09 s                 ; 2.22e-09 s                 ; No                        ; Yes                       ;
; HEX0[6]       ; 2.5 V        ; 0 s                 ; 0 s                 ; 2.62 V                       ; 2.74e-08 V                   ; 2.73 V              ; -0.0384 V           ; 0.169 V                              ; 0.089 V                              ; 2.7e-10 s                   ; 2.62e-10 s                  ; Yes                        ; Yes                        ; 2.62 V                      ; 2.74e-08 V                  ; 2.73 V             ; -0.0384 V          ; 0.169 V                             ; 0.089 V                             ; 2.7e-10 s                  ; 2.62e-10 s                 ; Yes                       ; Yes                       ;
; HEX1[0]       ; 2.5 V        ; 0 s                 ; 0 s                 ; 2.62 V                       ; 2.74e-08 V                   ; 2.73 V              ; -0.0384 V           ; 0.169 V                              ; 0.089 V                              ; 2.7e-10 s                   ; 2.62e-10 s                  ; Yes                        ; Yes                        ; 2.62 V                      ; 2.74e-08 V                  ; 2.73 V             ; -0.0384 V          ; 0.169 V                             ; 0.089 V                             ; 2.7e-10 s                  ; 2.62e-10 s                 ; Yes                       ; Yes                       ;
; HEX1[1]       ; 2.5 V        ; 0 s                 ; 0 s                 ; 2.62 V                       ; 2.74e-08 V                   ; 2.71 V              ; -0.0317 V           ; 0.148 V                              ; 0.064 V                              ; 4.51e-10 s                  ; 4.15e-10 s                  ; No                         ; Yes                        ; 2.62 V                      ; 2.74e-08 V                  ; 2.71 V             ; -0.0317 V          ; 0.148 V                             ; 0.064 V                             ; 4.51e-10 s                 ; 4.15e-10 s                 ; No                        ; Yes                       ;
; HEX1[2]       ; 2.5 V        ; 0 s                 ; 0 s                 ; 2.62 V                       ; 2.74e-08 V                   ; 2.71 V              ; -0.0317 V           ; 0.148 V                              ; 0.064 V                              ; 4.51e-10 s                  ; 4.15e-10 s                  ; No                         ; Yes                        ; 2.62 V                      ; 2.74e-08 V                  ; 2.71 V             ; -0.0317 V          ; 0.148 V                             ; 0.064 V                             ; 4.51e-10 s                 ; 4.15e-10 s                 ; No                        ; Yes                       ;
; HEX1[3]       ; 2.5 V        ; 0 s                 ; 0 s                 ; 2.62 V                       ; 2.74e-08 V                   ; 2.71 V              ; -0.0317 V           ; 0.148 V                              ; 0.064 V                              ; 4.51e-10 s                  ; 4.15e-10 s                  ; No                         ; Yes                        ; 2.62 V                      ; 2.74e-08 V                  ; 2.71 V             ; -0.0317 V          ; 0.148 V                             ; 0.064 V                             ; 4.51e-10 s                 ; 4.15e-10 s                 ; No                        ; Yes                       ;
; HEX1[4]       ; 2.5 V        ; 0 s                 ; 0 s                 ; 2.62 V                       ; 2.74e-08 V                   ; 2.71 V              ; -0.0317 V           ; 0.148 V                              ; 0.064 V                              ; 4.51e-10 s                  ; 4.15e-10 s                  ; No                         ; Yes                        ; 2.62 V                      ; 2.74e-08 V                  ; 2.71 V             ; -0.0317 V          ; 0.148 V                             ; 0.064 V                             ; 4.51e-10 s                 ; 4.15e-10 s                 ; No                        ; Yes                       ;
; HEX1[5]       ; 2.5 V        ; 0 s                 ; 0 s                 ; 2.62 V                       ; 2.74e-08 V                   ; 2.64 V              ; -0.0117 V           ; 0.202 V                              ; 0.176 V                              ; 2.38e-09 s                  ; 2.22e-09 s                  ; No                         ; Yes                        ; 2.62 V                      ; 2.74e-08 V                  ; 2.64 V             ; -0.0117 V          ; 0.202 V                             ; 0.176 V                             ; 2.38e-09 s                 ; 2.22e-09 s                 ; No                        ; Yes                       ;
; HEX1[6]       ; 2.5 V        ; 0 s                 ; 0 s                 ; 2.62 V                       ; 2.74e-08 V                   ; 2.64 V              ; -0.0117 V           ; 0.202 V                              ; 0.176 V                              ; 2.38e-09 s                  ; 2.22e-09 s                  ; No                         ; Yes                        ; 2.62 V                      ; 2.74e-08 V                  ; 2.64 V             ; -0.0117 V          ; 0.202 V                             ; 0.176 V                             ; 2.38e-09 s                 ; 2.22e-09 s                 ; No                        ; Yes                       ;
; HEX2[0]       ; 2.5 V        ; 0 s                 ; 0 s                 ; 2.62 V                       ; 2.74e-08 V                   ; 2.71 V              ; -0.0317 V           ; 0.148 V                              ; 0.064 V                              ; 4.51e-10 s                  ; 4.15e-10 s                  ; No                         ; Yes                        ; 2.62 V                      ; 2.74e-08 V                  ; 2.71 V             ; -0.0317 V          ; 0.148 V                             ; 0.064 V                             ; 4.51e-10 s                 ; 4.15e-10 s                 ; No                        ; Yes                       ;
; HEX2[1]       ; 2.5 V        ; 0 s                 ; 0 s                 ; 2.62 V                       ; 2.74e-08 V                   ; 2.71 V              ; -0.0317 V           ; 0.148 V                              ; 0.064 V                              ; 4.51e-10 s                  ; 4.15e-10 s                  ; No                         ; Yes                        ; 2.62 V                      ; 2.74e-08 V                  ; 2.71 V             ; -0.0317 V          ; 0.148 V                             ; 0.064 V                             ; 4.51e-10 s                 ; 4.15e-10 s                 ; No                        ; Yes                       ;
; HEX2[2]       ; 2.5 V        ; 0 s                 ; 0 s                 ; 2.62 V                       ; 2.74e-08 V                   ; 2.71 V              ; -0.0317 V           ; 0.148 V                              ; 0.064 V                              ; 4.51e-10 s                  ; 4.15e-10 s                  ; No                         ; Yes                        ; 2.62 V                      ; 2.74e-08 V                  ; 2.71 V             ; -0.0317 V          ; 0.148 V                             ; 0.064 V                             ; 4.51e-10 s                 ; 4.15e-10 s                 ; No                        ; Yes                       ;
; HEX2[3]       ; 2.5 V        ; 0 s                 ; 0 s                 ; 2.62 V                       ; 2.74e-08 V                   ; 2.71 V              ; -0.0317 V           ; 0.148 V                              ; 0.064 V                              ; 4.51e-10 s                  ; 4.15e-10 s                  ; No                         ; Yes                        ; 2.62 V                      ; 2.74e-08 V                  ; 2.71 V             ; -0.0317 V          ; 0.148 V                             ; 0.064 V                             ; 4.51e-10 s                 ; 4.15e-10 s                 ; No                        ; Yes                       ;
; HEX2[4]       ; 2.5 V        ; 0 s                 ; 0 s                 ; 2.62 V                       ; 2.74e-08 V                   ; 2.71 V              ; -0.0317 V           ; 0.148 V                              ; 0.064 V                              ; 4.51e-10 s                  ; 4.15e-10 s                  ; No                         ; Yes                        ; 2.62 V                      ; 2.74e-08 V                  ; 2.71 V             ; -0.0317 V          ; 0.148 V                             ; 0.064 V                             ; 4.51e-10 s                 ; 4.15e-10 s                 ; No                        ; Yes                       ;
; HEX2[5]       ; 2.5 V        ; 0 s                 ; 0 s                 ; 2.62 V                       ; 2.74e-08 V                   ; 2.71 V              ; -0.0317 V           ; 0.148 V                              ; 0.064 V                              ; 4.51e-10 s                  ; 4.15e-10 s                  ; No                         ; Yes                        ; 2.62 V                      ; 2.74e-08 V                  ; 2.71 V             ; -0.0317 V          ; 0.148 V                             ; 0.064 V                             ; 4.51e-10 s                 ; 4.15e-10 s                 ; No                        ; Yes                       ;
; HEX2[6]       ; 2.5 V        ; 0 s                 ; 0 s                 ; 2.62 V                       ; 2.74e-08 V                   ; 2.71 V              ; -0.0317 V           ; 0.148 V                              ; 0.064 V                              ; 4.51e-10 s                  ; 4.15e-10 s                  ; No                         ; Yes                        ; 2.62 V                      ; 2.74e-08 V                  ; 2.71 V             ; -0.0317 V          ; 0.148 V                             ; 0.064 V                             ; 4.51e-10 s                 ; 4.15e-10 s                 ; No                        ; Yes                       ;
; HEX3[0]       ; 2.5 V        ; 0 s                 ; 0 s                 ; 2.62 V                       ; 2.74e-08 V                   ; 2.71 V              ; -0.0317 V           ; 0.148 V                              ; 0.064 V                              ; 4.51e-10 s                  ; 4.15e-10 s                  ; No                         ; Yes                        ; 2.62 V                      ; 2.74e-08 V                  ; 2.71 V             ; -0.0317 V          ; 0.148 V                             ; 0.064 V                             ; 4.51e-10 s                 ; 4.15e-10 s                 ; No                        ; Yes                       ;
; HEX3[1]       ; 2.5 V        ; 0 s                 ; 0 s                 ; 2.62 V                       ; 2.74e-08 V                   ; 2.73 V              ; -0.0384 V           ; 0.169 V                              ; 0.089 V                              ; 2.7e-10 s                   ; 2.62e-10 s                  ; Yes                        ; Yes                        ; 2.62 V                      ; 2.74e-08 V                  ; 2.73 V             ; -0.0384 V          ; 0.169 V                             ; 0.089 V                             ; 2.7e-10 s                  ; 2.62e-10 s                 ; Yes                       ; Yes                       ;
; HEX3[2]       ; 2.5 V        ; 0 s                 ; 0 s                 ; 2.62 V                       ; 4.05e-08 V                   ; 2.64 V              ; -0.0113 V           ; 0.208 V                              ; 0.179 V                              ; 2.38e-09 s                  ; 2.23e-09 s                  ; No                         ; Yes                        ; 2.62 V                      ; 4.05e-08 V                  ; 2.64 V             ; -0.0113 V          ; 0.208 V                             ; 0.179 V                             ; 2.38e-09 s                 ; 2.23e-09 s                 ; No                        ; Yes                       ;
; HEX3[3]       ; 2.5 V        ; 0 s                 ; 0 s                 ; 2.62 V                       ; 4.05e-08 V                   ; 2.72 V              ; -0.0349 V           ; 0.173 V                              ; 0.1 V                                ; 2.72e-10 s                  ; 2.69e-10 s                  ; Yes                        ; Yes                        ; 2.62 V                      ; 4.05e-08 V                  ; 2.72 V             ; -0.0349 V          ; 0.173 V                             ; 0.1 V                               ; 2.72e-10 s                 ; 2.69e-10 s                 ; Yes                       ; Yes                       ;
; HEX3[4]       ; 2.5 V        ; 0 s                 ; 0 s                 ; 2.62 V                       ; 4.05e-08 V                   ; 2.72 V              ; -0.0349 V           ; 0.173 V                              ; 0.1 V                                ; 2.72e-10 s                  ; 2.69e-10 s                  ; Yes                        ; Yes                        ; 2.62 V                      ; 4.05e-08 V                  ; 2.72 V             ; -0.0349 V          ; 0.173 V                             ; 0.1 V                               ; 2.72e-10 s                 ; 2.69e-10 s                 ; Yes                       ; Yes                       ;
; HEX3[5]       ; 2.5 V        ; 0 s                 ; 0 s                 ; 2.62 V                       ; 4.05e-08 V                   ; 2.72 V              ; -0.0349 V           ; 0.173 V                              ; 0.1 V                                ; 2.72e-10 s                  ; 2.69e-10 s                  ; Yes                        ; Yes                        ; 2.62 V                      ; 4.05e-08 V                  ; 2.72 V             ; -0.0349 V          ; 0.173 V                             ; 0.1 V                               ; 2.72e-10 s                 ; 2.69e-10 s                 ; Yes                       ; Yes                       ;
; HEX3[6]       ; 2.5 V        ; 0 s                 ; 0 s                 ; 2.62 V                       ; 4.05e-08 V                   ; 2.72 V              ; -0.0349 V           ; 0.173 V                              ; 0.1 V                                ; 2.72e-10 s                  ; 2.69e-10 s                  ; Yes                        ; Yes                        ; 2.62 V                      ; 4.05e-08 V                  ; 2.72 V             ; -0.0349 V          ; 0.173 V                             ; 0.1 V                               ; 2.72e-10 s                 ; 2.69e-10 s                 ; Yes                       ; Yes                       ;
; HEX4[0]       ; 2.5 V        ; 0 s                 ; 0 s                 ; 2.62 V                       ; 4.05e-08 V                   ; 2.72 V              ; -0.0349 V           ; 0.173 V                              ; 0.1 V                                ; 2.72e-10 s                  ; 2.69e-10 s                  ; Yes                        ; Yes                        ; 2.62 V                      ; 4.05e-08 V                  ; 2.72 V             ; -0.0349 V          ; 0.173 V                             ; 0.1 V                               ; 2.72e-10 s                 ; 2.69e-10 s                 ; Yes                       ; Yes                       ;
; HEX4[1]       ; 2.5 V        ; 0 s                 ; 0 s                 ; 2.62 V                       ; 4.05e-08 V                   ; 2.72 V              ; -0.0349 V           ; 0.173 V                              ; 0.1 V                                ; 2.72e-10 s                  ; 2.69e-10 s                  ; Yes                        ; Yes                        ; 2.62 V                      ; 4.05e-08 V                  ; 2.72 V             ; -0.0349 V          ; 0.173 V                             ; 0.1 V                               ; 2.72e-10 s                 ; 2.69e-10 s                 ; Yes                       ; Yes                       ;
; HEX4[2]       ; 2.5 V        ; 0 s                 ; 0 s                 ; 2.62 V                       ; 4.05e-08 V                   ; 2.72 V              ; -0.0349 V           ; 0.173 V                              ; 0.1 V                                ; 2.72e-10 s                  ; 2.69e-10 s                  ; Yes                        ; Yes                        ; 2.62 V                      ; 4.05e-08 V                  ; 2.72 V             ; -0.0349 V          ; 0.173 V                             ; 0.1 V                               ; 2.72e-10 s                 ; 2.69e-10 s                 ; Yes                       ; Yes                       ;
; HEX4[3]       ; 2.5 V        ; 0 s                 ; 0 s                 ; 2.62 V                       ; 4.05e-08 V                   ; 2.72 V              ; -0.0349 V           ; 0.173 V                              ; 0.1 V                                ; 2.72e-10 s                  ; 2.69e-10 s                  ; Yes                        ; Yes                        ; 2.62 V                      ; 4.05e-08 V                  ; 2.72 V             ; -0.0349 V          ; 0.173 V                             ; 0.1 V                               ; 2.72e-10 s                 ; 2.69e-10 s                 ; Yes                       ; Yes                       ;
; HEX4[4]       ; 2.5 V        ; 0 s                 ; 0 s                 ; 2.62 V                       ; 4.05e-08 V                   ; 2.72 V              ; -0.0349 V           ; 0.173 V                              ; 0.1 V                                ; 2.72e-10 s                  ; 2.69e-10 s                  ; Yes                        ; Yes                        ; 2.62 V                      ; 4.05e-08 V                  ; 2.72 V             ; -0.0349 V          ; 0.173 V                             ; 0.1 V                               ; 2.72e-10 s                 ; 2.69e-10 s                 ; Yes                       ; Yes                       ;
; HEX4[5]       ; 2.5 V        ; 0 s                 ; 0 s                 ; 2.62 V                       ; 4.05e-08 V                   ; 2.72 V              ; -0.0349 V           ; 0.173 V                              ; 0.1 V                                ; 2.72e-10 s                  ; 2.69e-10 s                  ; Yes                        ; Yes                        ; 2.62 V                      ; 4.05e-08 V                  ; 2.72 V             ; -0.0349 V          ; 0.173 V                             ; 0.1 V                               ; 2.72e-10 s                 ; 2.69e-10 s                 ; Yes                       ; Yes                       ;
; HEX4[6]       ; 2.5 V        ; 0 s                 ; 0 s                 ; 2.62 V                       ; 4.05e-08 V                   ; 2.72 V              ; -0.0349 V           ; 0.173 V                              ; 0.1 V                                ; 2.72e-10 s                  ; 2.69e-10 s                  ; Yes                        ; Yes                        ; 2.62 V                      ; 4.05e-08 V                  ; 2.72 V             ; -0.0349 V          ; 0.173 V                             ; 0.1 V                               ; 2.72e-10 s                 ; 2.69e-10 s                 ; Yes                       ; Yes                       ;
; HEX5[0]       ; 2.5 V        ; 0 s                 ; 0 s                 ; 2.62 V                       ; 4.05e-08 V                   ; 2.72 V              ; -0.0349 V           ; 0.173 V                              ; 0.1 V                                ; 2.72e-10 s                  ; 2.69e-10 s                  ; Yes                        ; Yes                        ; 2.62 V                      ; 4.05e-08 V                  ; 2.72 V             ; -0.0349 V          ; 0.173 V                             ; 0.1 V                               ; 2.72e-10 s                 ; 2.69e-10 s                 ; Yes                       ; Yes                       ;
; HEX5[1]       ; 2.5 V        ; 0 s                 ; 0 s                 ; 2.62 V                       ; 4.05e-08 V                   ; 2.64 V              ; -0.0113 V           ; 0.208 V                              ; 0.179 V                              ; 2.38e-09 s                  ; 2.23e-09 s                  ; No                         ; Yes                        ; 2.62 V                      ; 4.05e-08 V                  ; 2.64 V             ; -0.0113 V          ; 0.208 V                             ; 0.179 V                             ; 2.38e-09 s                 ; 2.23e-09 s                 ; No                        ; Yes                       ;
; HEX5[2]       ; 2.5 V        ; 0 s                 ; 0 s                 ; 2.62 V                       ; 4.05e-08 V                   ; 2.72 V              ; -0.0349 V           ; 0.173 V                              ; 0.1 V                                ; 2.72e-10 s                  ; 2.69e-10 s                  ; Yes                        ; Yes                        ; 2.62 V                      ; 4.05e-08 V                  ; 2.72 V             ; -0.0349 V          ; 0.173 V                             ; 0.1 V                               ; 2.72e-10 s                 ; 2.69e-10 s                 ; Yes                       ; Yes                       ;
; HEX5[3]       ; 2.5 V        ; 0 s                 ; 0 s                 ; 2.62 V                       ; 4.05e-08 V                   ; 2.72 V              ; -0.0349 V           ; 0.173 V                              ; 0.1 V                                ; 2.72e-10 s                  ; 2.69e-10 s                  ; Yes                        ; Yes                        ; 2.62 V                      ; 4.05e-08 V                  ; 2.72 V             ; -0.0349 V          ; 0.173 V                             ; 0.1 V                               ; 2.72e-10 s                 ; 2.69e-10 s                 ; Yes                       ; Yes                       ;
; HEX5[4]       ; 2.5 V        ; 0 s                 ; 0 s                 ; 2.62 V                       ; 4.05e-08 V                   ; 2.72 V              ; -0.0349 V           ; 0.173 V                              ; 0.1 V                                ; 2.72e-10 s                  ; 2.69e-10 s                  ; Yes                        ; Yes                        ; 2.62 V                      ; 4.05e-08 V                  ; 2.72 V             ; -0.0349 V          ; 0.173 V                             ; 0.1 V                               ; 2.72e-10 s                 ; 2.69e-10 s                 ; Yes                       ; Yes                       ;
; HEX5[5]       ; 2.5 V        ; 0 s                 ; 0 s                 ; 2.62 V                       ; 4.05e-08 V                   ; 2.72 V              ; -0.0349 V           ; 0.173 V                              ; 0.1 V                                ; 2.72e-10 s                  ; 2.69e-10 s                  ; Yes                        ; Yes                        ; 2.62 V                      ; 4.05e-08 V                  ; 2.72 V             ; -0.0349 V          ; 0.173 V                             ; 0.1 V                               ; 2.72e-10 s                 ; 2.69e-10 s                 ; Yes                       ; Yes                       ;
; HEX5[6]       ; 2.5 V        ; 0 s                 ; 0 s                 ; 2.62 V                       ; 4.05e-08 V                   ; 2.72 V              ; -0.0349 V           ; 0.173 V                              ; 0.1 V                                ; 2.72e-10 s                  ; 2.69e-10 s                  ; Yes                        ; Yes                        ; 2.62 V                      ; 4.05e-08 V                  ; 2.72 V             ; -0.0349 V          ; 0.173 V                             ; 0.1 V                               ; 2.72e-10 s                 ; 2.69e-10 s                 ; Yes                       ; Yes                       ;
; HEX6[0]       ; 2.5 V        ; 0 s                 ; 0 s                 ; 2.62 V                       ; 4.05e-08 V                   ; 2.72 V              ; -0.0349 V           ; 0.173 V                              ; 0.1 V                                ; 2.72e-10 s                  ; 2.69e-10 s                  ; Yes                        ; Yes                        ; 2.62 V                      ; 4.05e-08 V                  ; 2.72 V             ; -0.0349 V          ; 0.173 V                             ; 0.1 V                               ; 2.72e-10 s                 ; 2.69e-10 s                 ; Yes                       ; Yes                       ;
; HEX6[1]       ; 2.5 V        ; 0 s                 ; 0 s                 ; 2.62 V                       ; 4.05e-08 V                   ; 2.72 V              ; -0.0349 V           ; 0.173 V                              ; 0.1 V                                ; 2.72e-10 s                  ; 2.69e-10 s                  ; Yes                        ; Yes                        ; 2.62 V                      ; 4.05e-08 V                  ; 2.72 V             ; -0.0349 V          ; 0.173 V                             ; 0.1 V                               ; 2.72e-10 s                 ; 2.69e-10 s                 ; Yes                       ; Yes                       ;
; HEX6[2]       ; 2.5 V        ; 0 s                 ; 0 s                 ; 2.62 V                       ; 4.05e-08 V                   ; 2.72 V              ; -0.0349 V           ; 0.173 V                              ; 0.1 V                                ; 2.72e-10 s                  ; 2.69e-10 s                  ; Yes                        ; Yes                        ; 2.62 V                      ; 4.05e-08 V                  ; 2.72 V             ; -0.0349 V          ; 0.173 V                             ; 0.1 V                               ; 2.72e-10 s                 ; 2.69e-10 s                 ; Yes                       ; Yes                       ;
; HEX6[3]       ; 2.5 V        ; 0 s                 ; 0 s                 ; 2.62 V                       ; 4.05e-08 V                   ; 2.72 V              ; -0.0349 V           ; 0.173 V                              ; 0.1 V                                ; 2.72e-10 s                  ; 2.69e-10 s                  ; Yes                        ; Yes                        ; 2.62 V                      ; 4.05e-08 V                  ; 2.72 V             ; -0.0349 V          ; 0.173 V                             ; 0.1 V                               ; 2.72e-10 s                 ; 2.69e-10 s                 ; Yes                       ; Yes                       ;
; HEX6[4]       ; 2.5 V        ; 0 s                 ; 0 s                 ; 2.62 V                       ; 4.05e-08 V                   ; 2.72 V              ; -0.0349 V           ; 0.173 V                              ; 0.1 V                                ; 2.72e-10 s                  ; 2.69e-10 s                  ; Yes                        ; Yes                        ; 2.62 V                      ; 4.05e-08 V                  ; 2.72 V             ; -0.0349 V          ; 0.173 V                             ; 0.1 V                               ; 2.72e-10 s                 ; 2.69e-10 s                 ; Yes                       ; Yes                       ;
; HEX6[5]       ; 2.5 V        ; 0 s                 ; 0 s                 ; 2.62 V                       ; 4.05e-08 V                   ; 2.64 V              ; -0.0113 V           ; 0.208 V                              ; 0.179 V                              ; 2.38e-09 s                  ; 2.23e-09 s                  ; No                         ; Yes                        ; 2.62 V                      ; 4.05e-08 V                  ; 2.64 V             ; -0.0113 V          ; 0.208 V                             ; 0.179 V                             ; 2.38e-09 s                 ; 2.23e-09 s                 ; No                        ; Yes                       ;
; HEX6[6]       ; 2.5 V        ; 0 s                 ; 0 s                 ; 2.62 V                       ; 4.05e-08 V                   ; 2.72 V              ; -0.0349 V           ; 0.173 V                              ; 0.1 V                                ; 2.72e-10 s                  ; 2.69e-10 s                  ; Yes                        ; Yes                        ; 2.62 V                      ; 4.05e-08 V                  ; 2.72 V             ; -0.0349 V          ; 0.173 V                             ; 0.1 V                               ; 2.72e-10 s                 ; 2.69e-10 s                 ; Yes                       ; Yes                       ;
; HEX7[0]       ; 2.5 V        ; 0 s                 ; 0 s                 ; 2.62 V                       ; 4.05e-08 V                   ; 2.72 V              ; -0.0349 V           ; 0.173 V                              ; 0.1 V                                ; 2.72e-10 s                  ; 2.69e-10 s                  ; Yes                        ; Yes                        ; 2.62 V                      ; 4.05e-08 V                  ; 2.72 V             ; -0.0349 V          ; 0.173 V                             ; 0.1 V                               ; 2.72e-10 s                 ; 2.69e-10 s                 ; Yes                       ; Yes                       ;
; HEX7[1]       ; 2.5 V        ; 0 s                 ; 0 s                 ; 2.62 V                       ; 4.05e-08 V                   ; 2.72 V              ; -0.0349 V           ; 0.173 V                              ; 0.1 V                                ; 2.72e-10 s                  ; 2.69e-10 s                  ; Yes                        ; Yes                        ; 2.62 V                      ; 4.05e-08 V                  ; 2.72 V             ; -0.0349 V          ; 0.173 V                             ; 0.1 V                               ; 2.72e-10 s                 ; 2.69e-10 s                 ; Yes                       ; Yes                       ;
; HEX7[2]       ; 2.5 V        ; 0 s                 ; 0 s                 ; 2.62 V                       ; 4.05e-08 V                   ; 2.72 V              ; -0.0349 V           ; 0.173 V                              ; 0.1 V                                ; 2.72e-10 s                  ; 2.69e-10 s                  ; Yes                        ; Yes                        ; 2.62 V                      ; 4.05e-08 V                  ; 2.72 V             ; -0.0349 V          ; 0.173 V                             ; 0.1 V                               ; 2.72e-10 s                 ; 2.69e-10 s                 ; Yes                       ; Yes                       ;
; HEX7[3]       ; 2.5 V        ; 0 s                 ; 0 s                 ; 2.62 V                       ; 4.05e-08 V                   ; 2.72 V              ; -0.0349 V           ; 0.173 V                              ; 0.1 V                                ; 2.72e-10 s                  ; 2.69e-10 s                  ; Yes                        ; Yes                        ; 2.62 V                      ; 4.05e-08 V                  ; 2.72 V             ; -0.0349 V          ; 0.173 V                             ; 0.1 V                               ; 2.72e-10 s                 ; 2.69e-10 s                 ; Yes                       ; Yes                       ;
; HEX7[4]       ; 2.5 V        ; 0 s                 ; 0 s                 ; 2.62 V                       ; 4.05e-08 V                   ; 2.72 V              ; -0.0349 V           ; 0.173 V                              ; 0.1 V                                ; 2.72e-10 s                  ; 2.69e-10 s                  ; Yes                        ; Yes                        ; 2.62 V                      ; 4.05e-08 V                  ; 2.72 V             ; -0.0349 V          ; 0.173 V                             ; 0.1 V                               ; 2.72e-10 s                 ; 2.69e-10 s                 ; Yes                       ; Yes                       ;
; HEX7[5]       ; 2.5 V        ; 0 s                 ; 0 s                 ; 2.62 V                       ; 4.05e-08 V                   ; 2.72 V              ; -0.0349 V           ; 0.173 V                              ; 0.1 V                                ; 2.72e-10 s                  ; 2.69e-10 s                  ; Yes                        ; Yes                        ; 2.62 V                      ; 4.05e-08 V                  ; 2.72 V             ; -0.0349 V          ; 0.173 V                             ; 0.1 V                               ; 2.72e-10 s                 ; 2.69e-10 s                 ; Yes                       ; Yes                       ;
; HEX7[6]       ; 2.5 V        ; 0 s                 ; 0 s                 ; 2.62 V                       ; 4.05e-08 V                   ; 2.72 V              ; -0.0349 V           ; 0.173 V                              ; 0.1 V                                ; 2.72e-10 s                  ; 2.69e-10 s                  ; Yes                        ; Yes                        ; 2.62 V                      ; 4.05e-08 V                  ; 2.72 V             ; -0.0349 V          ; 0.173 V                             ; 0.1 V                               ; 2.72e-10 s                 ; 2.69e-10 s                 ; Yes                       ; Yes                       ;
; VGA_R[0]      ; 2.5 V        ; 0 s                 ; 0 s                 ; 2.62 V                       ; 4.05e-08 V                   ; 2.72 V              ; -0.0349 V           ; 0.173 V                              ; 0.1 V                                ; 2.72e-10 s                  ; 2.69e-10 s                  ; Yes                        ; Yes                        ; 2.62 V                      ; 4.05e-08 V                  ; 2.72 V             ; -0.0349 V          ; 0.173 V                             ; 0.1 V                               ; 2.72e-10 s                 ; 2.69e-10 s                 ; Yes                       ; Yes                       ;
; VGA_R[1]      ; 2.5 V        ; 0 s                 ; 0 s                 ; 2.62 V                       ; 4.05e-08 V                   ; 2.72 V              ; -0.0349 V           ; 0.173 V                              ; 0.1 V                                ; 2.72e-10 s                  ; 2.69e-10 s                  ; Yes                        ; Yes                        ; 2.62 V                      ; 4.05e-08 V                  ; 2.72 V             ; -0.0349 V          ; 0.173 V                             ; 0.1 V                               ; 2.72e-10 s                 ; 2.69e-10 s                 ; Yes                       ; Yes                       ;
; VGA_R[2]      ; 2.5 V        ; 0 s                 ; 0 s                 ; 2.62 V                       ; 4.05e-08 V                   ; 2.72 V              ; -0.0349 V           ; 0.173 V                              ; 0.1 V                                ; 2.72e-10 s                  ; 2.69e-10 s                  ; Yes                        ; Yes                        ; 2.62 V                      ; 4.05e-08 V                  ; 2.72 V             ; -0.0349 V          ; 0.173 V                             ; 0.1 V                               ; 2.72e-10 s                 ; 2.69e-10 s                 ; Yes                       ; Yes                       ;
; VGA_R[3]      ; 2.5 V        ; 0 s                 ; 0 s                 ; 2.62 V                       ; 4.05e-08 V                   ; 2.72 V              ; -0.0349 V           ; 0.173 V                              ; 0.1 V                                ; 2.72e-10 s                  ; 2.69e-10 s                  ; Yes                        ; Yes                        ; 2.62 V                      ; 4.05e-08 V                  ; 2.72 V             ; -0.0349 V          ; 0.173 V                             ; 0.1 V                               ; 2.72e-10 s                 ; 2.69e-10 s                 ; Yes                       ; Yes                       ;
; VGA_R[4]      ; 2.5 V        ; 0 s                 ; 0 s                 ; 2.62 V                       ; 4.05e-08 V                   ; 2.72 V              ; -0.0349 V           ; 0.173 V                              ; 0.1 V                                ; 2.72e-10 s                  ; 2.69e-10 s                  ; Yes                        ; Yes                        ; 2.62 V                      ; 4.05e-08 V                  ; 2.72 V             ; -0.0349 V          ; 0.173 V                             ; 0.1 V                               ; 2.72e-10 s                 ; 2.69e-10 s                 ; Yes                       ; Yes                       ;
; VGA_R[5]      ; 2.5 V        ; 0 s                 ; 0 s                 ; 2.62 V                       ; 4.05e-08 V                   ; 2.72 V              ; -0.0349 V           ; 0.173 V                              ; 0.1 V                                ; 2.72e-10 s                  ; 2.69e-10 s                  ; Yes                        ; Yes                        ; 2.62 V                      ; 4.05e-08 V                  ; 2.72 V             ; -0.0349 V          ; 0.173 V                             ; 0.1 V                               ; 2.72e-10 s                 ; 2.69e-10 s                 ; Yes                       ; Yes                       ;
; VGA_R[6]      ; 2.5 V        ; 0 s                 ; 0 s                 ; 2.62 V                       ; 4.05e-08 V                   ; 2.72 V              ; -0.0349 V           ; 0.173 V                              ; 0.1 V                                ; 2.72e-10 s                  ; 2.69e-10 s                  ; Yes                        ; Yes                        ; 2.62 V                      ; 4.05e-08 V                  ; 2.72 V             ; -0.0349 V          ; 0.173 V                             ; 0.1 V                               ; 2.72e-10 s                 ; 2.69e-10 s                 ; Yes                       ; Yes                       ;
; VGA_R[7]      ; 2.5 V        ; 0 s                 ; 0 s                 ; 2.62 V                       ; 4.05e-08 V                   ; 2.72 V              ; -0.0349 V           ; 0.173 V                              ; 0.1 V                                ; 2.72e-10 s                  ; 2.69e-10 s                  ; Yes                        ; Yes                        ; 2.62 V                      ; 4.05e-08 V                  ; 2.72 V             ; -0.0349 V          ; 0.173 V                             ; 0.1 V                               ; 2.72e-10 s                 ; 2.69e-10 s                 ; Yes                       ; Yes                       ;
; VGA_G[0]      ; 2.5 V        ; 0 s                 ; 0 s                 ; 2.62 V                       ; 4.05e-08 V                   ; 2.72 V              ; -0.0349 V           ; 0.173 V                              ; 0.1 V                                ; 2.72e-10 s                  ; 2.69e-10 s                  ; Yes                        ; Yes                        ; 2.62 V                      ; 4.05e-08 V                  ; 2.72 V             ; -0.0349 V          ; 0.173 V                             ; 0.1 V                               ; 2.72e-10 s                 ; 2.69e-10 s                 ; Yes                       ; Yes                       ;
; VGA_G[1]      ; 2.5 V        ; 0 s                 ; 0 s                 ; 2.62 V                       ; 4.05e-08 V                   ; 2.72 V              ; -0.0349 V           ; 0.173 V                              ; 0.1 V                                ; 2.72e-10 s                  ; 2.69e-10 s                  ; Yes                        ; Yes                        ; 2.62 V                      ; 4.05e-08 V                  ; 2.72 V             ; -0.0349 V          ; 0.173 V                             ; 0.1 V                               ; 2.72e-10 s                 ; 2.69e-10 s                 ; Yes                       ; Yes                       ;
; VGA_G[2]      ; 2.5 V        ; 0 s                 ; 0 s                 ; 2.62 V                       ; 4.05e-08 V                   ; 2.72 V              ; -0.0349 V           ; 0.173 V                              ; 0.1 V                                ; 2.72e-10 s                  ; 2.69e-10 s                  ; Yes                        ; Yes                        ; 2.62 V                      ; 4.05e-08 V                  ; 2.72 V             ; -0.0349 V          ; 0.173 V                             ; 0.1 V                               ; 2.72e-10 s                 ; 2.69e-10 s                 ; Yes                       ; Yes                       ;
; VGA_G[3]      ; 2.5 V        ; 0 s                 ; 0 s                 ; 2.62 V                       ; 4.05e-08 V                   ; 2.72 V              ; -0.0349 V           ; 0.173 V                              ; 0.1 V                                ; 2.72e-10 s                  ; 2.69e-10 s                  ; Yes                        ; Yes                        ; 2.62 V                      ; 4.05e-08 V                  ; 2.72 V             ; -0.0349 V          ; 0.173 V                             ; 0.1 V                               ; 2.72e-10 s                 ; 2.69e-10 s                 ; Yes                       ; Yes                       ;
; VGA_G[4]      ; 2.5 V        ; 0 s                 ; 0 s                 ; 2.62 V                       ; 4.05e-08 V                   ; 2.72 V              ; -0.0349 V           ; 0.173 V                              ; 0.1 V                                ; 2.72e-10 s                  ; 2.69e-10 s                  ; Yes                        ; Yes                        ; 2.62 V                      ; 4.05e-08 V                  ; 2.72 V             ; -0.0349 V          ; 0.173 V                             ; 0.1 V                               ; 2.72e-10 s                 ; 2.69e-10 s                 ; Yes                       ; Yes                       ;
; VGA_G[5]      ; 2.5 V        ; 0 s                 ; 0 s                 ; 2.62 V                       ; 4.05e-08 V                   ; 2.72 V              ; -0.0349 V           ; 0.173 V                              ; 0.1 V                                ; 2.72e-10 s                  ; 2.69e-10 s                  ; Yes                        ; Yes                        ; 2.62 V                      ; 4.05e-08 V                  ; 2.72 V             ; -0.0349 V          ; 0.173 V                             ; 0.1 V                               ; 2.72e-10 s                 ; 2.69e-10 s                 ; Yes                       ; Yes                       ;
; VGA_G[6]      ; 2.5 V        ; 0 s                 ; 0 s                 ; 2.62 V                       ; 4.05e-08 V                   ; 2.72 V              ; -0.0349 V           ; 0.173 V                              ; 0.1 V                                ; 2.72e-10 s                  ; 2.69e-10 s                  ; Yes                        ; Yes                        ; 2.62 V                      ; 4.05e-08 V                  ; 2.72 V             ; -0.0349 V          ; 0.173 V                             ; 0.1 V                               ; 2.72e-10 s                 ; 2.69e-10 s                 ; Yes                       ; Yes                       ;
; VGA_G[7]      ; 2.5 V        ; 0 s                 ; 0 s                 ; 2.62 V                       ; 4.05e-08 V                   ; 2.72 V              ; -0.0349 V           ; 0.173 V                              ; 0.1 V                                ; 2.72e-10 s                  ; 2.69e-10 s                  ; Yes                        ; Yes                        ; 2.62 V                      ; 4.05e-08 V                  ; 2.72 V             ; -0.0349 V          ; 0.173 V                             ; 0.1 V                               ; 2.72e-10 s                 ; 2.69e-10 s                 ; Yes                       ; Yes                       ;
; VGA_B[0]      ; 2.5 V        ; 0 s                 ; 0 s                 ; 2.62 V                       ; 4.05e-08 V                   ; 2.72 V              ; -0.0349 V           ; 0.173 V                              ; 0.1 V                                ; 2.72e-10 s                  ; 2.69e-10 s                  ; Yes                        ; Yes                        ; 2.62 V                      ; 4.05e-08 V                  ; 2.72 V             ; -0.0349 V          ; 0.173 V                             ; 0.1 V                               ; 2.72e-10 s                 ; 2.69e-10 s                 ; Yes                       ; Yes                       ;
; VGA_B[1]      ; 2.5 V        ; 0 s                 ; 0 s                 ; 2.62 V                       ; 4.05e-08 V                   ; 2.72 V              ; -0.0349 V           ; 0.173 V                              ; 0.1 V                                ; 2.72e-10 s                  ; 2.69e-10 s                  ; Yes                        ; Yes                        ; 2.62 V                      ; 4.05e-08 V                  ; 2.72 V             ; -0.0349 V          ; 0.173 V                             ; 0.1 V                               ; 2.72e-10 s                 ; 2.69e-10 s                 ; Yes                       ; Yes                       ;
; VGA_B[2]      ; 2.5 V        ; 0 s                 ; 0 s                 ; 2.62 V                       ; 4.05e-08 V                   ; 2.72 V              ; -0.0349 V           ; 0.173 V                              ; 0.1 V                                ; 2.72e-10 s                  ; 2.69e-10 s                  ; Yes                        ; Yes                        ; 2.62 V                      ; 4.05e-08 V                  ; 2.72 V             ; -0.0349 V          ; 0.173 V                             ; 0.1 V                               ; 2.72e-10 s                 ; 2.69e-10 s                 ; Yes                       ; Yes                       ;
; VGA_B[3]      ; 2.5 V        ; 0 s                 ; 0 s                 ; 2.62 V                       ; 4.05e-08 V                   ; 2.72 V              ; -0.0349 V           ; 0.173 V                              ; 0.1 V                                ; 2.72e-10 s                  ; 2.69e-10 s                  ; Yes                        ; Yes                        ; 2.62 V                      ; 4.05e-08 V                  ; 2.72 V             ; -0.0349 V          ; 0.173 V                             ; 0.1 V                               ; 2.72e-10 s                 ; 2.69e-10 s                 ; Yes                       ; Yes                       ;
; VGA_B[4]      ; 2.5 V        ; 0 s                 ; 0 s                 ; 2.62 V                       ; 4.05e-08 V                   ; 2.72 V              ; -0.0349 V           ; 0.173 V                              ; 0.1 V                                ; 2.72e-10 s                  ; 2.69e-10 s                  ; Yes                        ; Yes                        ; 2.62 V                      ; 4.05e-08 V                  ; 2.72 V             ; -0.0349 V          ; 0.173 V                             ; 0.1 V                               ; 2.72e-10 s                 ; 2.69e-10 s                 ; Yes                       ; Yes                       ;
; VGA_B[5]      ; 2.5 V        ; 0 s                 ; 0 s                 ; 2.62 V                       ; 4.05e-08 V                   ; 2.72 V              ; -0.0349 V           ; 0.173 V                              ; 0.1 V                                ; 2.72e-10 s                  ; 2.69e-10 s                  ; Yes                        ; Yes                        ; 2.62 V                      ; 4.05e-08 V                  ; 2.72 V             ; -0.0349 V          ; 0.173 V                             ; 0.1 V                               ; 2.72e-10 s                 ; 2.69e-10 s                 ; Yes                       ; Yes                       ;
; VGA_B[6]      ; 2.5 V        ; 0 s                 ; 0 s                 ; 2.62 V                       ; 4.05e-08 V                   ; 2.72 V              ; -0.0349 V           ; 0.173 V                              ; 0.1 V                                ; 2.72e-10 s                  ; 2.69e-10 s                  ; Yes                        ; Yes                        ; 2.62 V                      ; 4.05e-08 V                  ; 2.72 V             ; -0.0349 V          ; 0.173 V                             ; 0.1 V                               ; 2.72e-10 s                 ; 2.69e-10 s                 ; Yes                       ; Yes                       ;
; VGA_B[7]      ; 2.5 V        ; 0 s                 ; 0 s                 ; 2.62 V                       ; 4.05e-08 V                   ; 2.72 V              ; -0.0349 V           ; 0.173 V                              ; 0.1 V                                ; 2.72e-10 s                  ; 2.69e-10 s                  ; Yes                        ; Yes                        ; 2.62 V                      ; 4.05e-08 V                  ; 2.72 V             ; -0.0349 V          ; 0.173 V                             ; 0.1 V                               ; 2.72e-10 s                 ; 2.69e-10 s                 ; Yes                       ; Yes                       ;
; VGA_BLANK_N   ; 2.5 V        ; 0 s                 ; 0 s                 ; 2.62 V                       ; 4.05e-08 V                   ; 2.72 V              ; -0.0349 V           ; 0.173 V                              ; 0.1 V                                ; 2.72e-10 s                  ; 2.69e-10 s                  ; Yes                        ; Yes                        ; 2.62 V                      ; 4.05e-08 V                  ; 2.72 V             ; -0.0349 V          ; 0.173 V                             ; 0.1 V                               ; 2.72e-10 s                 ; 2.69e-10 s                 ; Yes                       ; Yes                       ;
; VGA_CLK       ; 2.5 V        ; 0 s                 ; 0 s                 ; 2.62 V                       ; 4.05e-08 V                   ; 2.72 V              ; -0.0349 V           ; 0.173 V                              ; 0.1 V                                ; 2.72e-10 s                  ; 2.69e-10 s                  ; Yes                        ; Yes                        ; 2.62 V                      ; 4.05e-08 V                  ; 2.72 V             ; -0.0349 V          ; 0.173 V                             ; 0.1 V                               ; 2.72e-10 s                 ; 2.69e-10 s                 ; Yes                       ; Yes                       ;
; VGA_SYNC_N    ; 2.5 V        ; 0 s                 ; 0 s                 ; 2.62 V                       ; 4.05e-08 V                   ; 2.72 V              ; -0.0349 V           ; 0.173 V                              ; 0.1 V                                ; 2.72e-10 s                  ; 2.69e-10 s                  ; Yes                        ; Yes                        ; 2.62 V                      ; 4.05e-08 V                  ; 2.72 V             ; -0.0349 V          ; 0.173 V                             ; 0.1 V                               ; 2.72e-10 s                 ; 2.69e-10 s                 ; Yes                       ; Yes                       ;
; VGA_VS        ; 2.5 V        ; 0 s                 ; 0 s                 ; 2.62 V                       ; 4.05e-08 V                   ; 2.72 V              ; -0.0349 V           ; 0.173 V                              ; 0.1 V                                ; 2.72e-10 s                  ; 2.69e-10 s                  ; Yes                        ; Yes                        ; 2.62 V                      ; 4.05e-08 V                  ; 2.72 V             ; -0.0349 V          ; 0.173 V                             ; 0.1 V                               ; 2.72e-10 s                 ; 2.69e-10 s                 ; Yes                       ; Yes                       ;
; VGA_HS        ; 2.5 V        ; 0 s                 ; 0 s                 ; 2.62 V                       ; 4.05e-08 V                   ; 2.72 V              ; -0.0349 V           ; 0.173 V                              ; 0.1 V                                ; 2.72e-10 s                  ; 2.69e-10 s                  ; Yes                        ; Yes                        ; 2.62 V                      ; 4.05e-08 V                  ; 2.72 V             ; -0.0349 V          ; 0.173 V                             ; 0.1 V                               ; 2.72e-10 s                 ; 2.69e-10 s                 ; Yes                       ; Yes                       ;
; ~ALTERA_DCLK~ ; 2.5 V        ; 0 s                 ; 0 s                 ; 2.62 V                       ; 2.22e-08 V                   ; 2.74 V              ; -0.06 V             ; 0.158 V                              ; 0.08 V                               ; 2.68e-10 s                  ; 2.19e-10 s                  ; Yes                        ; Yes                        ; 2.62 V                      ; 2.22e-08 V                  ; 2.74 V             ; -0.06 V            ; 0.158 V                             ; 0.08 V                              ; 2.68e-10 s                 ; 2.19e-10 s                 ; Yes                       ; Yes                       ;
; ~ALTERA_nCEO~ ; 2.5 V        ; 0 s                 ; 0 s                 ; 2.62 V                       ; 3.54e-08 V                   ; 2.7 V               ; -0.00943 V          ; 0.276 V                              ; 0.035 V                              ; 3.19e-10 s                  ; 4.99e-10 s                  ; No                         ; Yes                        ; 2.62 V                      ; 3.54e-08 V                  ; 2.7 V              ; -0.00943 V         ; 0.276 V                             ; 0.035 V                             ; 3.19e-10 s                 ; 4.99e-10 s                 ; No                        ; Yes                       ;
+---------------+--------------+---------------------+---------------------+------------------------------+------------------------------+---------------------+---------------------+--------------------------------------+--------------------------------------+-----------------------------+-----------------------------+----------------------------+----------------------------+-----------------------------+-----------------------------+--------------------+--------------------+-------------------------------------+-------------------------------------+----------------------------+----------------------------+---------------------------+---------------------------+


+---------------------------------------------------------------------+
; Setup Transfers                                                     ;
+------------+-----------+-----------+----------+----------+----------+
; From Clock ; To Clock  ; RR Paths  ; FR Paths ; RF Paths ; FF Paths ;
+------------+-----------+-----------+----------+----------+----------+
; CLOCK3_50  ; CLOCK3_50 ; 213097730 ; 0        ; 0        ; 0        ;
; CLOCK3_50  ; CLOCK_50  ; 729       ; 0        ; 0        ; 0        ;
; CLOCK_50   ; CLOCK_50  ; 15033     ; 0        ; 0        ; 0        ;
+------------+-----------+-----------+----------+----------+----------+
Entries labeled "false path" only account for clock-to-clock false paths and not path-based false paths. As a result, actual path counts may be lower than reported.


+---------------------------------------------------------------------+
; Hold Transfers                                                      ;
+------------+-----------+-----------+----------+----------+----------+
; From Clock ; To Clock  ; RR Paths  ; FR Paths ; RF Paths ; FF Paths ;
+------------+-----------+-----------+----------+----------+----------+
; CLOCK3_50  ; CLOCK3_50 ; 213097730 ; 0        ; 0        ; 0        ;
; CLOCK3_50  ; CLOCK_50  ; 729       ; 0        ; 0        ; 0        ;
; CLOCK_50   ; CLOCK_50  ; 15033     ; 0        ; 0        ; 0        ;
+------------+-----------+-----------+----------+----------+----------+
Entries labeled "false path" only account for clock-to-clock false paths and not path-based false paths. As a result, actual path counts may be lower than reported.


---------------
; Report TCCS ;
---------------
No dedicated SERDES Transmitter circuitry present in device or used in design


---------------
; Report RSKM ;
---------------
No non-DPA dedicated SERDES Receiver circuitry present in device or used in design


+------------------------------------------------+
; Unconstrained Paths Summary                    ;
+---------------------------------+-------+------+
; Property                        ; Setup ; Hold ;
+---------------------------------+-------+------+
; Illegal Clocks                  ; 0     ; 0    ;
; Unconstrained Clocks            ; 2     ; 2    ;
; Unconstrained Input Ports       ; 11    ; 11   ;
; Unconstrained Input Port Paths  ; 75    ; 75   ;
; Unconstrained Output Ports      ; 82    ; 82   ;
; Unconstrained Output Port Paths ; 1973  ; 1973 ;
+---------------------------------+-------+------+


+--------------------------------------------------------+
; Clock Status Summary                                   ;
+---------------------+-----------+------+---------------+
; Target              ; Clock     ; Type ; Status        ;
+---------------------+-----------+------+---------------+
; CLOCK2_50           ; CLOCK2_50 ; Base ; Constrained   ;
; CLOCK3_50           ; CLOCK3_50 ; Base ; Constrained   ;
; CLOCK_50            ; CLOCK_50  ; Base ; Constrained   ;
; gameboy:dut|cpu_clk ;           ; Base ; Unconstrained ;
; ppu_clk             ;           ; Base ; Unconstrained ;
+---------------------+-----------+------+---------------+


+---------------------------------------------------------------------------------------------------+
; Unconstrained Input Ports                                                                         ;
+------------+--------------------------------------------------------------------------------------+
; Input Port ; Comment                                                                              ;
+------------+--------------------------------------------------------------------------------------+
; CLOCK3_50  ; No input delay, min/max delays, false-path exceptions, or max skew assignments found ;
; GPIO[0]    ; No input delay, min/max delays, false-path exceptions, or max skew assignments found ;
; GPIO[1]    ; No input delay, min/max delays, false-path exceptions, or max skew assignments found ;
; GPIO[2]    ; No input delay, min/max delays, false-path exceptions, or max skew assignments found ;
; GPIO[3]    ; No input delay, min/max delays, false-path exceptions, or max skew assignments found ;
; GPIO[4]    ; No input delay, min/max delays, false-path exceptions, or max skew assignments found ;
; GPIO[5]    ; No input delay, min/max delays, false-path exceptions, or max skew assignments found ;
; GPIO[6]    ; No input delay, min/max delays, false-path exceptions, or max skew assignments found ;
; GPIO[7]    ; No input delay, min/max delays, false-path exceptions, or max skew assignments found ;
; KEY[2]     ; No input delay, min/max delays, false-path exceptions, or max skew assignments found ;
; SW[0]      ; No input delay, min/max delays, false-path exceptions, or max skew assignments found ;
+------------+--------------------------------------------------------------------------------------+


+-----------------------------------------------------------------------------------------------------+
; Unconstrained Output Ports                                                                          ;
+-------------+---------------------------------------------------------------------------------------+
; Output Port ; Comment                                                                               ;
+-------------+---------------------------------------------------------------------------------------+
; HEX0[0]     ; No output delay, min/max delays, false-path exceptions, or max skew assignments found ;
; HEX0[1]     ; No output delay, min/max delays, false-path exceptions, or max skew assignments found ;
; HEX0[2]     ; No output delay, min/max delays, false-path exceptions, or max skew assignments found ;
; HEX0[3]     ; No output delay, min/max delays, false-path exceptions, or max skew assignments found ;
; HEX0[4]     ; No output delay, min/max delays, false-path exceptions, or max skew assignments found ;
; HEX0[5]     ; No output delay, min/max delays, false-path exceptions, or max skew assignments found ;
; HEX0[6]     ; No output delay, min/max delays, false-path exceptions, or max skew assignments found ;
; HEX1[0]     ; No output delay, min/max delays, false-path exceptions, or max skew assignments found ;
; HEX1[1]     ; No output delay, min/max delays, false-path exceptions, or max skew assignments found ;
; HEX1[2]     ; No output delay, min/max delays, false-path exceptions, or max skew assignments found ;
; HEX1[3]     ; No output delay, min/max delays, false-path exceptions, or max skew assignments found ;
; HEX1[4]     ; No output delay, min/max delays, false-path exceptions, or max skew assignments found ;
; HEX1[5]     ; No output delay, min/max delays, false-path exceptions, or max skew assignments found ;
; HEX1[6]     ; No output delay, min/max delays, false-path exceptions, or max skew assignments found ;
; HEX2[0]     ; No output delay, min/max delays, false-path exceptions, or max skew assignments found ;
; HEX2[1]     ; No output delay, min/max delays, false-path exceptions, or max skew assignments found ;
; HEX2[2]     ; No output delay, min/max delays, false-path exceptions, or max skew assignments found ;
; HEX2[3]     ; No output delay, min/max delays, false-path exceptions, or max skew assignments found ;
; HEX2[4]     ; No output delay, min/max delays, false-path exceptions, or max skew assignments found ;
; HEX2[5]     ; No output delay, min/max delays, false-path exceptions, or max skew assignments found ;
; HEX2[6]     ; No output delay, min/max delays, false-path exceptions, or max skew assignments found ;
; HEX3[0]     ; No output delay, min/max delays, false-path exceptions, or max skew assignments found ;
; HEX3[1]     ; No output delay, min/max delays, false-path exceptions, or max skew assignments found ;
; HEX3[2]     ; No output delay, min/max delays, false-path exceptions, or max skew assignments found ;
; HEX3[3]     ; No output delay, min/max delays, false-path exceptions, or max skew assignments found ;
; HEX3[4]     ; No output delay, min/max delays, false-path exceptions, or max skew assignments found ;
; HEX3[5]     ; No output delay, min/max delays, false-path exceptions, or max skew assignments found ;
; HEX3[6]     ; No output delay, min/max delays, false-path exceptions, or max skew assignments found ;
; HEX4[0]     ; No output delay, min/max delays, false-path exceptions, or max skew assignments found ;
; HEX4[1]     ; No output delay, min/max delays, false-path exceptions, or max skew assignments found ;
; HEX4[2]     ; No output delay, min/max delays, false-path exceptions, or max skew assignments found ;
; HEX4[3]     ; No output delay, min/max delays, false-path exceptions, or max skew assignments found ;
; HEX4[4]     ; No output delay, min/max delays, false-path exceptions, or max skew assignments found ;
; HEX4[5]     ; No output delay, min/max delays, false-path exceptions, or max skew assignments found ;
; HEX4[6]     ; No output delay, min/max delays, false-path exceptions, or max skew assignments found ;
; HEX5[0]     ; No output delay, min/max delays, false-path exceptions, or max skew assignments found ;
; HEX5[1]     ; No output delay, min/max delays, false-path exceptions, or max skew assignments found ;
; HEX5[2]     ; No output delay, min/max delays, false-path exceptions, or max skew assignments found ;
; HEX5[3]     ; No output delay, min/max delays, false-path exceptions, or max skew assignments found ;
; HEX5[4]     ; No output delay, min/max delays, false-path exceptions, or max skew assignments found ;
; HEX5[5]     ; No output delay, min/max delays, false-path exceptions, or max skew assignments found ;
; HEX5[6]     ; No output delay, min/max delays, false-path exceptions, or max skew assignments found ;
; LEDG[0]     ; No output delay, min/max delays, false-path exceptions, or max skew assignments found ;
; LEDG[1]     ; No output delay, min/max delays, false-path exceptions, or max skew assignments found ;
; LEDG[2]     ; No output delay, min/max delays, false-path exceptions, or max skew assignments found ;
; LEDR[0]     ; No output delay, min/max delays, false-path exceptions, or max skew assignments found ;
; LEDR[1]     ; No output delay, min/max delays, false-path exceptions, or max skew assignments found ;
; LEDR[2]     ; No output delay, min/max delays, false-path exceptions, or max skew assignments found ;
; LEDR[3]     ; No output delay, min/max delays, false-path exceptions, or max skew assignments found ;
; LEDR[4]     ; No output delay, min/max delays, false-path exceptions, or max skew assignments found ;
; LEDR[5]     ; No output delay, min/max delays, false-path exceptions, or max skew assignments found ;
; LEDR[6]     ; No output delay, min/max delays, false-path exceptions, or max skew assignments found ;
; LEDR[7]     ; No output delay, min/max delays, false-path exceptions, or max skew assignments found ;
; LEDR[17]    ; No output delay, min/max delays, false-path exceptions, or max skew assignments found ;
; VGA_BLANK_N ; No output delay, min/max delays, false-path exceptions, or max skew assignments found ;
; VGA_B[0]    ; No output delay, min/max delays, false-path exceptions, or max skew assignments found ;
; VGA_B[1]    ; No output delay, min/max delays, false-path exceptions, or max skew assignments found ;
; VGA_B[2]    ; No output delay, min/max delays, false-path exceptions, or max skew assignments found ;
; VGA_B[3]    ; No output delay, min/max delays, false-path exceptions, or max skew assignments found ;
; VGA_B[4]    ; No output delay, min/max delays, false-path exceptions, or max skew assignments found ;
; VGA_B[5]    ; No output delay, min/max delays, false-path exceptions, or max skew assignments found ;
; VGA_B[6]    ; No output delay, min/max delays, false-path exceptions, or max skew assignments found ;
; VGA_B[7]    ; No output delay, min/max delays, false-path exceptions, or max skew assignments found ;
; VGA_CLK     ; No output delay, min/max delays, false-path exceptions, or max skew assignments found ;
; VGA_G[0]    ; No output delay, min/max delays, false-path exceptions, or max skew assignments found ;
; VGA_G[1]    ; No output delay, min/max delays, false-path exceptions, or max skew assignments found ;
; VGA_G[2]    ; No output delay, min/max delays, false-path exceptions, or max skew assignments found ;
; VGA_G[3]    ; No output delay, min/max delays, false-path exceptions, or max skew assignments found ;
; VGA_G[4]    ; No output delay, min/max delays, false-path exceptions, or max skew assignments found ;
; VGA_G[5]    ; No output delay, min/max delays, false-path exceptions, or max skew assignments found ;
; VGA_G[6]    ; No output delay, min/max delays, false-path exceptions, or max skew assignments found ;
; VGA_G[7]    ; No output delay, min/max delays, false-path exceptions, or max skew assignments found ;
; VGA_HS      ; No output delay, min/max delays, false-path exceptions, or max skew assignments found ;
; VGA_R[0]    ; No output delay, min/max delays, false-path exceptions, or max skew assignments found ;
; VGA_R[1]    ; No output delay, min/max delays, false-path exceptions, or max skew assignments found ;
; VGA_R[2]    ; No output delay, min/max delays, false-path exceptions, or max skew assignments found ;
; VGA_R[3]    ; No output delay, min/max delays, false-path exceptions, or max skew assignments found ;
; VGA_R[4]    ; No output delay, min/max delays, false-path exceptions, or max skew assignments found ;
; VGA_R[5]    ; No output delay, min/max delays, false-path exceptions, or max skew assignments found ;
; VGA_R[6]    ; No output delay, min/max delays, false-path exceptions, or max skew assignments found ;
; VGA_R[7]    ; No output delay, min/max delays, false-path exceptions, or max skew assignments found ;
; VGA_VS      ; No output delay, min/max delays, false-path exceptions, or max skew assignments found ;
+-------------+---------------------------------------------------------------------------------------+


+---------------------------------------------------------------------------------------------------+
; Unconstrained Input Ports                                                                         ;
+------------+--------------------------------------------------------------------------------------+
; Input Port ; Comment                                                                              ;
+------------+--------------------------------------------------------------------------------------+
; CLOCK3_50  ; No input delay, min/max delays, false-path exceptions, or max skew assignments found ;
; GPIO[0]    ; No input delay, min/max delays, false-path exceptions, or max skew assignments found ;
; GPIO[1]    ; No input delay, min/max delays, false-path exceptions, or max skew assignments found ;
; GPIO[2]    ; No input delay, min/max delays, false-path exceptions, or max skew assignments found ;
; GPIO[3]    ; No input delay, min/max delays, false-path exceptions, or max skew assignments found ;
; GPIO[4]    ; No input delay, min/max delays, false-path exceptions, or max skew assignments found ;
; GPIO[5]    ; No input delay, min/max delays, false-path exceptions, or max skew assignments found ;
; GPIO[6]    ; No input delay, min/max delays, false-path exceptions, or max skew assignments found ;
; GPIO[7]    ; No input delay, min/max delays, false-path exceptions, or max skew assignments found ;
; KEY[2]     ; No input delay, min/max delays, false-path exceptions, or max skew assignments found ;
; SW[0]      ; No input delay, min/max delays, false-path exceptions, or max skew assignments found ;
+------------+--------------------------------------------------------------------------------------+


+-----------------------------------------------------------------------------------------------------+
; Unconstrained Output Ports                                                                          ;
+-------------+---------------------------------------------------------------------------------------+
; Output Port ; Comment                                                                               ;
+-------------+---------------------------------------------------------------------------------------+
; HEX0[0]     ; No output delay, min/max delays, false-path exceptions, or max skew assignments found ;
; HEX0[1]     ; No output delay, min/max delays, false-path exceptions, or max skew assignments found ;
; HEX0[2]     ; No output delay, min/max delays, false-path exceptions, or max skew assignments found ;
; HEX0[3]     ; No output delay, min/max delays, false-path exceptions, or max skew assignments found ;
; HEX0[4]     ; No output delay, min/max delays, false-path exceptions, or max skew assignments found ;
; HEX0[5]     ; No output delay, min/max delays, false-path exceptions, or max skew assignments found ;
; HEX0[6]     ; No output delay, min/max delays, false-path exceptions, or max skew assignments found ;
; HEX1[0]     ; No output delay, min/max delays, false-path exceptions, or max skew assignments found ;
; HEX1[1]     ; No output delay, min/max delays, false-path exceptions, or max skew assignments found ;
; HEX1[2]     ; No output delay, min/max delays, false-path exceptions, or max skew assignments found ;
; HEX1[3]     ; No output delay, min/max delays, false-path exceptions, or max skew assignments found ;
; HEX1[4]     ; No output delay, min/max delays, false-path exceptions, or max skew assignments found ;
; HEX1[5]     ; No output delay, min/max delays, false-path exceptions, or max skew assignments found ;
; HEX1[6]     ; No output delay, min/max delays, false-path exceptions, or max skew assignments found ;
; HEX2[0]     ; No output delay, min/max delays, false-path exceptions, or max skew assignments found ;
; HEX2[1]     ; No output delay, min/max delays, false-path exceptions, or max skew assignments found ;
; HEX2[2]     ; No output delay, min/max delays, false-path exceptions, or max skew assignments found ;
; HEX2[3]     ; No output delay, min/max delays, false-path exceptions, or max skew assignments found ;
; HEX2[4]     ; No output delay, min/max delays, false-path exceptions, or max skew assignments found ;
; HEX2[5]     ; No output delay, min/max delays, false-path exceptions, or max skew assignments found ;
; HEX2[6]     ; No output delay, min/max delays, false-path exceptions, or max skew assignments found ;
; HEX3[0]     ; No output delay, min/max delays, false-path exceptions, or max skew assignments found ;
; HEX3[1]     ; No output delay, min/max delays, false-path exceptions, or max skew assignments found ;
; HEX3[2]     ; No output delay, min/max delays, false-path exceptions, or max skew assignments found ;
; HEX3[3]     ; No output delay, min/max delays, false-path exceptions, or max skew assignments found ;
; HEX3[4]     ; No output delay, min/max delays, false-path exceptions, or max skew assignments found ;
; HEX3[5]     ; No output delay, min/max delays, false-path exceptions, or max skew assignments found ;
; HEX3[6]     ; No output delay, min/max delays, false-path exceptions, or max skew assignments found ;
; HEX4[0]     ; No output delay, min/max delays, false-path exceptions, or max skew assignments found ;
; HEX4[1]     ; No output delay, min/max delays, false-path exceptions, or max skew assignments found ;
; HEX4[2]     ; No output delay, min/max delays, false-path exceptions, or max skew assignments found ;
; HEX4[3]     ; No output delay, min/max delays, false-path exceptions, or max skew assignments found ;
; HEX4[4]     ; No output delay, min/max delays, false-path exceptions, or max skew assignments found ;
; HEX4[5]     ; No output delay, min/max delays, false-path exceptions, or max skew assignments found ;
; HEX4[6]     ; No output delay, min/max delays, false-path exceptions, or max skew assignments found ;
; HEX5[0]     ; No output delay, min/max delays, false-path exceptions, or max skew assignments found ;
; HEX5[1]     ; No output delay, min/max delays, false-path exceptions, or max skew assignments found ;
; HEX5[2]     ; No output delay, min/max delays, false-path exceptions, or max skew assignments found ;
; HEX5[3]     ; No output delay, min/max delays, false-path exceptions, or max skew assignments found ;
; HEX5[4]     ; No output delay, min/max delays, false-path exceptions, or max skew assignments found ;
; HEX5[5]     ; No output delay, min/max delays, false-path exceptions, or max skew assignments found ;
; HEX5[6]     ; No output delay, min/max delays, false-path exceptions, or max skew assignments found ;
; LEDG[0]     ; No output delay, min/max delays, false-path exceptions, or max skew assignments found ;
; LEDG[1]     ; No output delay, min/max delays, false-path exceptions, or max skew assignments found ;
; LEDG[2]     ; No output delay, min/max delays, false-path exceptions, or max skew assignments found ;
; LEDR[0]     ; No output delay, min/max delays, false-path exceptions, or max skew assignments found ;
; LEDR[1]     ; No output delay, min/max delays, false-path exceptions, or max skew assignments found ;
; LEDR[2]     ; No output delay, min/max delays, false-path exceptions, or max skew assignments found ;
; LEDR[3]     ; No output delay, min/max delays, false-path exceptions, or max skew assignments found ;
; LEDR[4]     ; No output delay, min/max delays, false-path exceptions, or max skew assignments found ;
; LEDR[5]     ; No output delay, min/max delays, false-path exceptions, or max skew assignments found ;
; LEDR[6]     ; No output delay, min/max delays, false-path exceptions, or max skew assignments found ;
; LEDR[7]     ; No output delay, min/max delays, false-path exceptions, or max skew assignments found ;
; LEDR[17]    ; No output delay, min/max delays, false-path exceptions, or max skew assignments found ;
; VGA_BLANK_N ; No output delay, min/max delays, false-path exceptions, or max skew assignments found ;
; VGA_B[0]    ; No output delay, min/max delays, false-path exceptions, or max skew assignments found ;
; VGA_B[1]    ; No output delay, min/max delays, false-path exceptions, or max skew assignments found ;
; VGA_B[2]    ; No output delay, min/max delays, false-path exceptions, or max skew assignments found ;
; VGA_B[3]    ; No output delay, min/max delays, false-path exceptions, or max skew assignments found ;
; VGA_B[4]    ; No output delay, min/max delays, false-path exceptions, or max skew assignments found ;
; VGA_B[5]    ; No output delay, min/max delays, false-path exceptions, or max skew assignments found ;
; VGA_B[6]    ; No output delay, min/max delays, false-path exceptions, or max skew assignments found ;
; VGA_B[7]    ; No output delay, min/max delays, false-path exceptions, or max skew assignments found ;
; VGA_CLK     ; No output delay, min/max delays, false-path exceptions, or max skew assignments found ;
; VGA_G[0]    ; No output delay, min/max delays, false-path exceptions, or max skew assignments found ;
; VGA_G[1]    ; No output delay, min/max delays, false-path exceptions, or max skew assignments found ;
; VGA_G[2]    ; No output delay, min/max delays, false-path exceptions, or max skew assignments found ;
; VGA_G[3]    ; No output delay, min/max delays, false-path exceptions, or max skew assignments found ;
; VGA_G[4]    ; No output delay, min/max delays, false-path exceptions, or max skew assignments found ;
; VGA_G[5]    ; No output delay, min/max delays, false-path exceptions, or max skew assignments found ;
; VGA_G[6]    ; No output delay, min/max delays, false-path exceptions, or max skew assignments found ;
; VGA_G[7]    ; No output delay, min/max delays, false-path exceptions, or max skew assignments found ;
; VGA_HS      ; No output delay, min/max delays, false-path exceptions, or max skew assignments found ;
; VGA_R[0]    ; No output delay, min/max delays, false-path exceptions, or max skew assignments found ;
; VGA_R[1]    ; No output delay, min/max delays, false-path exceptions, or max skew assignments found ;
; VGA_R[2]    ; No output delay, min/max delays, false-path exceptions, or max skew assignments found ;
; VGA_R[3]    ; No output delay, min/max delays, false-path exceptions, or max skew assignments found ;
; VGA_R[4]    ; No output delay, min/max delays, false-path exceptions, or max skew assignments found ;
; VGA_R[5]    ; No output delay, min/max delays, false-path exceptions, or max skew assignments found ;
; VGA_R[6]    ; No output delay, min/max delays, false-path exceptions, or max skew assignments found ;
; VGA_R[7]    ; No output delay, min/max delays, false-path exceptions, or max skew assignments found ;
; VGA_VS      ; No output delay, min/max delays, false-path exceptions, or max skew assignments found ;
+-------------+---------------------------------------------------------------------------------------+


+--------------------------+
; Timing Analyzer Messages ;
+--------------------------+
Info: *******************************************************************
Info: Running Quartus Prime Timing Analyzer
    Info: Version 20.1.0 Build 711 06/05/2020 SJ Lite Edition
    Info: Processing started: Thu Apr 17 16:30:20 2025
Info: Command: quartus_sta gameboy2 -c chipInterface
Info: qsta_default_script.tcl version: #1
Warning (18236): Number of processors has not been specified which may cause overloading on shared machines.  Set the global assignment NUM_PARALLEL_PROCESSORS in your QSF to an appropriate value for best performance.
Info (20030): Parallel compilation is enabled and will use 8 of the 8 processors detected
Info (21077): Low junction temperature is 0 degrees C
Info (21077): High junction temperature is 85 degrees C
Info (332104): Reading SDC File: 'gameboy.sdc'
Warning (332060): Node: ppu_clk was determined to be a clock but was found without an associated clock assignment.
    Info (13166): Register gameboy:dut|PPU_Wrapper:ppu|PPU_Mode_controller:mode_ctrl|mode[1] is being clocked by ppu_clk
Warning (332060): Node: gameboy:dut|cpu_clk was determined to be a clock but was found without an associated clock assignment.
    Info (13166): Register gameboy:dut|cpu:cpu|regfile:regfile|regs[11][3] is being clocked by gameboy:dut|cpu_clk
Critical Warning (332168): The following clock transfers have no clock uncertainty assignment. For more accurate results, apply clock uncertainty assignments or use the derive_clock_uncertainty command.
    Critical Warning (332169): From CLOCK3_50 (Rise) to CLOCK3_50 (Rise) (setup and hold)
    Critical Warning (332169): From CLOCK3_50 (Rise) to CLOCK_50 (Rise) (setup and hold)
Info: Found TIMING_ANALYZER_REPORT_SCRIPT_INCLUDE_DEFAULT_ANALYSIS = ON
Info: Analyzing Slow 1200mV 85C Model
Critical Warning (332148): Timing requirements not met
    Info (11105): For recommendations on closing timing, run Report Timing Closure Recommendations in the Timing Analyzer.
Info (332146): Worst-case setup slack is -0.540
    Info (332119):     Slack       End Point TNS Clock 
    Info (332119): ========= =================== =====================
    Info (332119):    -0.540              -8.820 CLOCK3_50 
    Info (332119):     1.466               0.000 CLOCK_50 
Info (332146): Worst-case hold slack is 0.401
    Info (332119):     Slack       End Point TNS Clock 
    Info (332119): ========= =================== =====================
    Info (332119):     0.401               0.000 CLOCK_50 
    Info (332119):     0.643               0.000 CLOCK3_50 
Info (332140): No Recovery paths to report
Info (332140): No Removal paths to report
Info (332146): Worst-case minimum pulse width slack is 9.651
    Info (332119):     Slack       End Point TNS Clock 
    Info (332119): ========= =================== =====================
    Info (332119):     9.651               0.000 CLOCK3_50 
    Info (332119):    62.124               0.000 CLOCK_50 
    Info (332119):   246.000               0.000 CLOCK2_50 
Info (332114): Report Metastability: Found 40 synchronizer chains.
    Info (332114): The design MTBF is not calculated because there are no specified synchronizers in the design.
    Info (332114): Number of Synchronizer Chains Found: 40
    Info (332114): Shortest Synchronizer Chain: 2 Registers
    Info (332114): Fraction of Chains for which MTBFs Could Not be Calculated: 1.000
    Info (332114): Worst Case Available Settling Time: 123.505 ns
    Info (332114): 
Info: Analyzing Slow 1200mV 0C Model
Info (334003): Started post-fitting delay annotation
Info (334004): Delay annotation completed successfully
Warning (332060): Node: ppu_clk was determined to be a clock but was found without an associated clock assignment.
    Info (13166): Register gameboy:dut|PPU_Wrapper:ppu|PPU_Mode_controller:mode_ctrl|mode[1] is being clocked by ppu_clk
Warning (332060): Node: gameboy:dut|cpu_clk was determined to be a clock but was found without an associated clock assignment.
    Info (13166): Register gameboy:dut|cpu:cpu|regfile:regfile|regs[11][3] is being clocked by gameboy:dut|cpu_clk
Critical Warning (332168): The following clock transfers have no clock uncertainty assignment. For more accurate results, apply clock uncertainty assignments or use the derive_clock_uncertainty command.
    Critical Warning (332169): From CLOCK3_50 (Rise) to CLOCK3_50 (Rise) (setup and hold)
    Critical Warning (332169): From CLOCK3_50 (Rise) to CLOCK_50 (Rise) (setup and hold)
Info (332146): Worst-case setup slack is 1.514
    Info (332119):     Slack       End Point TNS Clock 
    Info (332119): ========= =================== =====================
    Info (332119):     1.514               0.000 CLOCK3_50 
    Info (332119):     1.753               0.000 CLOCK_50 
Info (332146): Worst-case hold slack is 0.352
    Info (332119):     Slack       End Point TNS Clock 
    Info (332119): ========= =================== =====================
    Info (332119):     0.352               0.000 CLOCK_50 
    Info (332119):     0.586               0.000 CLOCK3_50 
Info (332140): No Recovery paths to report
Info (332140): No Removal paths to report
Info (332146): Worst-case minimum pulse width slack is 9.661
    Info (332119):     Slack       End Point TNS Clock 
    Info (332119): ========= =================== =====================
    Info (332119):     9.661               0.000 CLOCK3_50 
    Info (332119):    62.145               0.000 CLOCK_50 
    Info (332119):   246.000               0.000 CLOCK2_50 
Info (332114): Report Metastability: Found 40 synchronizer chains.
    Info (332114): The design MTBF is not calculated because there are no specified synchronizers in the design.
    Info (332114): Number of Synchronizer Chains Found: 40
    Info (332114): Shortest Synchronizer Chain: 2 Registers
    Info (332114): Fraction of Chains for which MTBFs Could Not be Calculated: 1.000
    Info (332114): Worst Case Available Settling Time: 123.652 ns
    Info (332114): 
Info: Analyzing Fast 1200mV 0C Model
Warning (332060): Node: ppu_clk was determined to be a clock but was found without an associated clock assignment.
    Info (13166): Register gameboy:dut|PPU_Wrapper:ppu|PPU_Mode_controller:mode_ctrl|mode[1] is being clocked by ppu_clk
Warning (332060): Node: gameboy:dut|cpu_clk was determined to be a clock but was found without an associated clock assignment.
    Info (13166): Register gameboy:dut|cpu:cpu|regfile:regfile|regs[11][3] is being clocked by gameboy:dut|cpu_clk
Critical Warning (332168): The following clock transfers have no clock uncertainty assignment. For more accurate results, apply clock uncertainty assignments or use the derive_clock_uncertainty command.
    Critical Warning (332169): From CLOCK3_50 (Rise) to CLOCK3_50 (Rise) (setup and hold)
    Critical Warning (332169): From CLOCK3_50 (Rise) to CLOCK_50 (Rise) (setup and hold)
Info (332146): Worst-case setup slack is 3.266
    Info (332119):     Slack       End Point TNS Clock 
    Info (332119): ========= =================== =====================
    Info (332119):     3.266               0.000 CLOCK_50 
    Info (332119):    10.031               0.000 CLOCK3_50 
Info (332146): Worst-case hold slack is 0.181
    Info (332119):     Slack       End Point TNS Clock 
    Info (332119): ========= =================== =====================
    Info (332119):     0.181               0.000 CLOCK_50 
    Info (332119):     0.293               0.000 CLOCK3_50 
Info (332140): No Recovery paths to report
Info (332140): No Removal paths to report
Info (332146): Worst-case minimum pulse width slack is 9.381
    Info (332119):     Slack       End Point TNS Clock 
    Info (332119): ========= =================== =====================
    Info (332119):     9.381               0.000 CLOCK3_50 
    Info (332119):    61.872               0.000 CLOCK_50 
    Info (332119):   246.000               0.000 CLOCK2_50 
Info (332114): Report Metastability: Found 40 synchronizer chains.
    Info (332114): The design MTBF is not calculated because there are no specified synchronizers in the design.
    Info (332114): Number of Synchronizer Chains Found: 40
    Info (332114): Shortest Synchronizer Chain: 2 Registers
    Info (332114): Fraction of Chains for which MTBFs Could Not be Calculated: 1.000
    Info (332114): Worst Case Available Settling Time: 124.263 ns
    Info (332114): 
Info (332102): Design is not fully constrained for setup requirements
Info (332102): Design is not fully constrained for hold requirements
Info: Quartus Prime Timing Analyzer was successful. 0 errors, 17 warnings
    Info: Peak virtual memory: 660 megabytes
    Info: Processing ended: Thu Apr 17 16:30:23 2025
    Info: Elapsed time: 00:00:03
    Info: Total CPU time (on all processors): 00:00:05


