Analysis & Synthesis report for chipInterface
Thu Apr 17 16:29:33 2025
Quartus Prime Version 20.1.0 Build 711 06/05/2020 SJ Lite Edition


---------------------
; Table of Contents ;
---------------------
  1. Legal Notice
  2. Analysis & Synthesis Summary
  3. Analysis & Synthesis Settings
  4. Parallel Compilation
  5. Analysis & Synthesis Source Files Read
  6. Analysis & Synthesis Resource Usage Summary
  7. Analysis & Synthesis Resource Utilization by Entity
  8. Analysis & Synthesis RAM Summary
  9. Analysis & Synthesis IP Cores Summary
 10. State Machine - |chipInterface|gameboy:dut|PPU_Wrapper:ppu|Pixel_Gen:Pixel_Gen_inst|Render_Sprites:render_sprites_inst|state
 11. State Machine - |chipInterface|gameboy:dut|PPU_Wrapper:ppu|Pixel_Gen:Pixel_Gen_inst|Render_BG:render_bg_inst|state
 12. State Machine - |chipInterface|gameboy:dut|PPU_Wrapper:ppu|OAM_Search:oam_search|state
 13. State Machine - |chipInterface|gameboy:dut|MMU:mmu|BRAM_handler:memory_units|DMA_controller:dma_guy|state
 14. Registers Removed During Synthesis
 15. Removed Registers Triggering Further Register Optimizations
 16. General Register Statistics
 17. Inverted Register Statistics
 18. Registers Added for RAM Pass-Through Logic
 19. Multiplexer Restructuring Statistics (Restructuring Performed)
 20. Source assignments for gameboy:dut|MMU:mmu|BRAM_handler:memory_units|ROM_BANK:rom0|altsyncram:altsyncram_component|altsyncram_frc1:auto_generated
 21. Source assignments for gameboy:dut|MMU:mmu|BRAM_handler:memory_units|DUAL_VRAM_8KB:vram0|altsyncram:altsyncram_component|altsyncram_54g2:auto_generated
 22. Source assignments for gameboy:dut|MMU:mmu|BRAM_handler:memory_units|DUAL_8KB:exram0|altsyncram:altsyncram_component|altsyncram_54g2:auto_generated
 23. Source assignments for gameboy:dut|MMU:mmu|BRAM_handler:memory_units|DUAL_8KB:wram0|altsyncram:altsyncram_component|altsyncram_54g2:auto_generated
 24. Source assignments for gameboy:dut|MMU:mmu|BRAM_handler:memory_units|OAM_DUALBANK:oam|altsyncram:altsyncram_component|altsyncram_ttf2:auto_generated
 25. Source assignments for FRAME_BUFFER:frame|altsyncram:altsyncram_component|altsyncram_2sj1:auto_generated
 26. Source assignments for gameboy:dut|PPU_Wrapper:ppu|Pixel_Gen:Pixel_Gen_inst|FIFO:bg_fifo_inst|altsyncram:fifo_mem_rtl_0|altsyncram_qcc1:auto_generated
 27. Source assignments for gameboy:dut|PPU_Wrapper:ppu|Pixel_Gen:Pixel_Gen_inst|FIFO:sprite_fifo_inst|altsyncram:fifo_mem_rtl_0|altsyncram_scc1:auto_generated
 28. Parameter Settings for User Entity Instance: vga:v1
 29. Parameter Settings for User Entity Instance: vga:v1|Counter:hs_ct
 30. Parameter Settings for User Entity Instance: vga:v1|Counter:vs_ct
 31. Parameter Settings for User Entity Instance: vga:v1|MagComp:HS_num_clock
 32. Parameter Settings for User Entity Instance: vga:v1|MagComp:VS_num_clock
 33. Parameter Settings for User Entity Instance: vga:v1|Counter:row_ct
 34. Parameter Settings for User Entity Instance: vga:v1|Counter:col_ct
 35. Parameter Settings for User Entity Instance: vga:v1|range_check:hs_period
 36. Parameter Settings for User Entity Instance: vga:v1|range_check:vs_period
 37. Parameter Settings for User Entity Instance: vga:v1|range_check:tdisphs_period
 38. Parameter Settings for User Entity Instance: vga:v1|range_check:tdispvs_period
 39. Parameter Settings for User Entity Instance: gameboy:dut|flopenr:validflop
 40. Parameter Settings for User Entity Instance: gameboy:dut|flop:memflop
 41. Parameter Settings for User Entity Instance: gameboy:dut|flop:memflg
 42. Parameter Settings for User Entity Instance: gameboy:dut|cpu:cpu|flopr:memAdrflop
 43. Parameter Settings for User Entity Instance: gameboy:dut|cpu:cpu|decoder:decoder|flopenr:oldopreg
 44. Parameter Settings for User Entity Instance: gameboy:dut|cpu:cpu|decoder:decoder|flopenr:nextopreg
 45. Parameter Settings for User Entity Instance: gameboy:dut|cpu:cpu|decoder:decoder|flopr:cbprereg
 46. Parameter Settings for User Entity Instance: gameboy:dut|cpu:cpu|decoder:decoder|flopenr:imereg
 47. Parameter Settings for User Entity Instance: gameboy:dut|cpu:cpu|decoder:decoder|flopenr:imereg2
 48. Parameter Settings for User Entity Instance: gameboy:dut|cpu:cpu|decoder:decoder|flopr:doneflop
 49. Parameter Settings for User Entity Instance: gameboy:dut|cpu:cpu|decoder:decoder|flopr:mpcflop
 50. Parameter Settings for User Entity Instance: gameboy:dut|cpu:cpu|flopenr:pcflop
 51. Parameter Settings for User Entity Instance: gameboy:dut|cpu:cpu|flopenr:memfwdflop
 52. Parameter Settings for User Entity Instance: gameboy:dut|MMU:mmu|BRAM_handler:memory_units|DMA_controller:dma_guy|Counter:dma_addr_cnter
 53. Parameter Settings for User Entity Instance: gameboy:dut|MMU:mmu|BRAM_handler:memory_units|DMA_controller:dma_guy|Counter:oam_addr_cnter
 54. Parameter Settings for User Entity Instance: gameboy:dut|MMU:mmu|BRAM_handler:memory_units|DMA_controller:dma_guy|Counter:cycle_cnter
 55. Parameter Settings for User Entity Instance: gameboy:dut|MMU:mmu|BRAM_handler:memory_units|ROM_BANK:rom0|altsyncram:altsyncram_component
 56. Parameter Settings for User Entity Instance: gameboy:dut|MMU:mmu|BRAM_handler:memory_units|DUAL_VRAM_8KB:vram0|altsyncram:altsyncram_component
 57. Parameter Settings for User Entity Instance: gameboy:dut|MMU:mmu|BRAM_handler:memory_units|DUAL_8KB:exram0|altsyncram:altsyncram_component
 58. Parameter Settings for User Entity Instance: gameboy:dut|MMU:mmu|BRAM_handler:memory_units|DUAL_8KB:wram0|altsyncram:altsyncram_component
 59. Parameter Settings for User Entity Instance: gameboy:dut|MMU:mmu|BRAM_handler:memory_units|OAM_DUALBANK:oam|altsyncram:altsyncram_component
 60. Parameter Settings for User Entity Instance: gameboy:dut|PPU_Wrapper:ppu|Pixel_Gen:Pixel_Gen_inst|FIFO:bg_fifo_inst
 61. Parameter Settings for User Entity Instance: gameboy:dut|PPU_Wrapper:ppu|Pixel_Gen:Pixel_Gen_inst|FIFO:sprite_fifo_inst
 62. Parameter Settings for User Entity Instance: FRAME_BUFFER:frame|altsyncram:altsyncram_component
 63. Parameter Settings for Inferred Entity Instance: gameboy:dut|PPU_Wrapper:ppu|Pixel_Gen:Pixel_Gen_inst|FIFO:bg_fifo_inst|altsyncram:fifo_mem_rtl_0
 64. Parameter Settings for Inferred Entity Instance: gameboy:dut|PPU_Wrapper:ppu|Pixel_Gen:Pixel_Gen_inst|FIFO:sprite_fifo_inst|altsyncram:fifo_mem_rtl_0
 65. Parameter Settings for Inferred Entity Instance: lpm_divide:Mod0
 66. Parameter Settings for Inferred Entity Instance: lpm_divide:Div2
 67. Parameter Settings for Inferred Entity Instance: lpm_divide:Div0
 68. Parameter Settings for Inferred Entity Instance: lpm_divide:Div1
 69. altsyncram Parameter Settings by Entity Instance
 70. Port Connectivity Checks: "SevenSegmentDisplayWithHex:hi"
 71. Port Connectivity Checks: "FRAME_BUFFER:frame"
 72. Port Connectivity Checks: "gameboy:dut|PPU_Wrapper:ppu|Pixel_Gen:Pixel_Gen_inst|FIFO:sprite_fifo_inst"
 73. Port Connectivity Checks: "gameboy:dut|PPU_Wrapper:ppu|Pixel_Gen:Pixel_Gen_inst|FIFO:bg_fifo_inst"
 74. Port Connectivity Checks: "gameboy:dut|PPU_Wrapper:ppu|Pixel_Gen:Pixel_Gen_inst"
 75. Port Connectivity Checks: "gameboy:dut|PPU_Wrapper:ppu|OAM_Search:oam_search"
 76. Port Connectivity Checks: "gameboy:dut|PPU_Wrapper:ppu"
 77. Port Connectivity Checks: "gameboy:dut|MMU:mmu|BRAM_handler:memory_units|OAM_DUALBANK:oam"
 78. Port Connectivity Checks: "gameboy:dut|MMU:mmu|BRAM_handler:memory_units|DUAL_8KB:wram0"
 79. Port Connectivity Checks: "gameboy:dut|MMU:mmu|BRAM_handler:memory_units|DUAL_8KB:exram0"
 80. Port Connectivity Checks: "gameboy:dut|MMU:mmu|BRAM_handler:memory_units|DUAL_VRAM_8KB:vram0"
 81. Port Connectivity Checks: "gameboy:dut|MMU:mmu|BRAM_handler:memory_units|MM_out_chooser:memory_out_muxer"
 82. Port Connectivity Checks: "gameboy:dut|MMU:mmu|BRAM_handler:memory_units|DMA_controller:dma_guy|Counter:cycle_cnter"
 83. Port Connectivity Checks: "gameboy:dut|MMU:mmu|BRAM_handler:memory_units|DMA_controller:dma_guy|Counter:oam_addr_cnter"
 84. Port Connectivity Checks: "gameboy:dut|MMU:mmu|BRAM_handler:memory_units|DMA_controller:dma_guy|Counter:dma_addr_cnter"
 85. Port Connectivity Checks: "gameboy:dut|MMU:mmu|IO_handler:io_registers"
 86. Port Connectivity Checks: "gameboy:dut|MMU:mmu"
 87. Port Connectivity Checks: "gameboy:dut|cpu:cpu|decoder:decoder|flopenr:nextopreg"
 88. Port Connectivity Checks: "gameboy:dut|cpu:cpu|decoder:decoder|flopenr:oldopreg"
 89. Port Connectivity Checks: "gameboy:dut|cpu:cpu|decoder:decoder"
 90. Port Connectivity Checks: "gameboy:dut|flopenr:validflop"
 91. Port Connectivity Checks: "gameboy:dut"
 92. Port Connectivity Checks: "vga:v1|range_check:vs_period"
 93. Port Connectivity Checks: "vga:v1|range_check:hs_period"
 94. Port Connectivity Checks: "vga:v1|Counter:col_ct"
 95. Port Connectivity Checks: "vga:v1|Counter:row_ct"
 96. Port Connectivity Checks: "vga:v1|MagComp:VS_num_clock"
 97. Port Connectivity Checks: "vga:v1|MagComp:HS_num_clock"
 98. Port Connectivity Checks: "vga:v1|Counter:vs_ct"
 99. Port Connectivity Checks: "vga:v1|Counter:hs_ct"
100. Port Connectivity Checks: "vga:v1"
101. Post-Synthesis Netlist Statistics for Top Partition
102. Elapsed Time Per Partition
103. Analysis & Synthesis Messages
104. Analysis & Synthesis Suppressed Messages



----------------
; Legal Notice ;
----------------
Copyright (C) 2020  Intel Corporation. All rights reserved.
Your use of Intel Corporation's design tools, logic functions 
and other software and tools, and any partner logic 
functions, and any output files from any of the foregoing 
(including device programming or simulation files), and any 
associated documentation or information are expressly subject 
to the terms and conditions of the Intel Program License 
Subscription Agreement, the Intel Quartus Prime License Agreement,
the Intel FPGA IP License Agreement, or other applicable license
agreement, including, without limitation, that your use is for
the sole purpose of programming logic devices manufactured by
Intel and sold by Intel or its authorized distributors.  Please
refer to the applicable agreement for further details, at
https://fpgasoftware.intel.com/eula.



+----------------------------------------------------------------------------------+
; Analysis & Synthesis Summary                                                     ;
+------------------------------------+---------------------------------------------+
; Analysis & Synthesis Status        ; Successful - Thu Apr 17 16:29:33 2025       ;
; Quartus Prime Version              ; 20.1.0 Build 711 06/05/2020 SJ Lite Edition ;
; Revision Name                      ; chipInterface                               ;
; Top-level Entity Name              ; chipInterface                               ;
; Family                             ; Cyclone IV E                                ;
; Total logic elements               ; 10,368                                      ;
;     Total combinational functions  ; 7,899                                       ;
;     Dedicated logic registers      ; 3,307                                       ;
; Total registers                    ; 3307                                        ;
; Total pins                         ; 173                                         ;
; Total virtual pins                 ; 0                                           ;
; Total memory bits                  ; 986,432                                     ;
; Embedded Multiplier 9-bit elements ; 0                                           ;
; Total PLLs                         ; 0                                           ;
+------------------------------------+---------------------------------------------+


+------------------------------------------------------------------------------------------------------------+
; Analysis & Synthesis Settings                                                                              ;
+------------------------------------------------------------------+--------------------+--------------------+
; Option                                                           ; Setting            ; Default Value      ;
+------------------------------------------------------------------+--------------------+--------------------+
; Device                                                           ; EP4CE115F29C7      ;                    ;
; Top-level entity name                                            ; chipInterface      ; chipInterface      ;
; Family name                                                      ; Cyclone IV E       ; Cyclone V          ;
; Use smart compilation                                            ; Off                ; Off                ;
; Enable parallel Assembler and Timing Analyzer during compilation ; On                 ; On                 ;
; Enable compact report table                                      ; Off                ; Off                ;
; Restructure Multiplexers                                         ; Auto               ; Auto               ;
; Create Debugging Nodes for IP Cores                              ; Off                ; Off                ;
; Preserve fewer node names                                        ; On                 ; On                 ;
; Intel FPGA IP Evaluation Mode                                    ; Enable             ; Enable             ;
; Verilog Version                                                  ; Verilog_2001       ; Verilog_2001       ;
; VHDL Version                                                     ; VHDL_1993          ; VHDL_1993          ;
; State Machine Processing                                         ; Auto               ; Auto               ;
; Safe State Machine                                               ; Off                ; Off                ;
; Extract Verilog State Machines                                   ; On                 ; On                 ;
; Extract VHDL State Machines                                      ; On                 ; On                 ;
; Ignore Verilog initial constructs                                ; Off                ; Off                ;
; Iteration limit for constant Verilog loops                       ; 5000               ; 5000               ;
; Iteration limit for non-constant Verilog loops                   ; 250                ; 250                ;
; Add Pass-Through Logic to Inferred RAMs                          ; On                 ; On                 ;
; Infer RAMs from Raw Logic                                        ; On                 ; On                 ;
; Parallel Synthesis                                               ; On                 ; On                 ;
; DSP Block Balancing                                              ; Auto               ; Auto               ;
; NOT Gate Push-Back                                               ; On                 ; On                 ;
; Power-Up Don't Care                                              ; On                 ; On                 ;
; Remove Redundant Logic Cells                                     ; Off                ; Off                ;
; Remove Duplicate Registers                                       ; On                 ; On                 ;
; Ignore CARRY Buffers                                             ; Off                ; Off                ;
; Ignore CASCADE Buffers                                           ; Off                ; Off                ;
; Ignore GLOBAL Buffers                                            ; Off                ; Off                ;
; Ignore ROW GLOBAL Buffers                                        ; Off                ; Off                ;
; Ignore LCELL Buffers                                             ; Off                ; Off                ;
; Ignore SOFT Buffers                                              ; On                 ; On                 ;
; Limit AHDL Integers to 32 Bits                                   ; Off                ; Off                ;
; Optimization Technique                                           ; Balanced           ; Balanced           ;
; Carry Chain Length                                               ; 70                 ; 70                 ;
; Auto Carry Chains                                                ; On                 ; On                 ;
; Auto Open-Drain Pins                                             ; On                 ; On                 ;
; Perform WYSIWYG Primitive Resynthesis                            ; Off                ; Off                ;
; Auto ROM Replacement                                             ; On                 ; On                 ;
; Auto RAM Replacement                                             ; On                 ; On                 ;
; Auto DSP Block Replacement                                       ; On                 ; On                 ;
; Auto Shift Register Replacement                                  ; Auto               ; Auto               ;
; Allow Shift Register Merging across Hierarchies                  ; Auto               ; Auto               ;
; Auto Clock Enable Replacement                                    ; On                 ; On                 ;
; Strict RAM Replacement                                           ; Off                ; Off                ;
; Allow Synchronous Control Signals                                ; On                 ; On                 ;
; Force Use of Synchronous Clear Signals                           ; Off                ; Off                ;
; Auto RAM Block Balancing                                         ; On                 ; On                 ;
; Auto RAM to Logic Cell Conversion                                ; Off                ; Off                ;
; Auto Resource Sharing                                            ; Off                ; Off                ;
; Allow Any RAM Size For Recognition                               ; Off                ; Off                ;
; Allow Any ROM Size For Recognition                               ; Off                ; Off                ;
; Allow Any Shift Register Size For Recognition                    ; Off                ; Off                ;
; Use LogicLock Constraints during Resource Balancing              ; On                 ; On                 ;
; Ignore translate_off and synthesis_off directives                ; Off                ; Off                ;
; Timing-Driven Synthesis                                          ; On                 ; On                 ;
; Report Parameter Settings                                        ; On                 ; On                 ;
; Report Source Assignments                                        ; On                 ; On                 ;
; Report Connectivity Checks                                       ; On                 ; On                 ;
; Ignore Maximum Fan-Out Assignments                               ; Off                ; Off                ;
; Synchronization Register Chain Length                            ; 2                  ; 2                  ;
; Power Optimization During Synthesis                              ; Normal compilation ; Normal compilation ;
; HDL message level                                                ; Level2             ; Level2             ;
; Suppress Register Optimization Related Messages                  ; Off                ; Off                ;
; Number of Removed Registers Reported in Synthesis Report         ; 5000               ; 5000               ;
; Number of Swept Nodes Reported in Synthesis Report               ; 5000               ; 5000               ;
; Number of Inverted Registers Reported in Synthesis Report        ; 100                ; 100                ;
; Clock MUX Protection                                             ; On                 ; On                 ;
; Auto Gated Clock Conversion                                      ; Off                ; Off                ;
; Block Design Naming                                              ; Auto               ; Auto               ;
; SDC constraint protection                                        ; Off                ; Off                ;
; Synthesis Effort                                                 ; Auto               ; Auto               ;
; Shift Register Replacement - Allow Asynchronous Clear Signal     ; On                 ; On                 ;
; Pre-Mapping Resynthesis Optimization                             ; Off                ; Off                ;
; Analysis & Synthesis Message Level                               ; Medium             ; Medium             ;
; Disable Register Merging Across Hierarchies                      ; Auto               ; Auto               ;
; Resource Aware Inference For Block RAM                           ; On                 ; On                 ;
+------------------------------------------------------------------+--------------------+--------------------+


+------------------------------------------+
; Parallel Compilation                     ;
+----------------------------+-------------+
; Processors                 ; Number      ;
+----------------------------+-------------+
; Number detected on machine ; 16          ;
; Maximum allowed            ; 8           ;
;                            ;             ;
; Average used               ; 1.00        ;
; Maximum used               ; 8           ;
;                            ;             ;
; Usage by Processor         ; % Time Used ;
;     Processor 1            ; 100.0%      ;
;     Processor 2            ;   0.0%      ;
;     Processor 3            ;   0.0%      ;
;     Processor 4            ;   0.0%      ;
;     Processor 5            ;   0.0%      ;
;     Processor 6            ;   0.0%      ;
;     Processor 7            ;   0.0%      ;
;     Processor 8            ;   0.0%      ;
+----------------------------+-------------+


+-------------------------------------------------------------------------------------------------------------------------------------------------------------------------------------------------------------------------------------------+
; Analysis & Synthesis Source Files Read                                                                                                                                                                                                    ;
+--------------------------------------------------------------------------+-----------------+----------------------------------------+-------------------------------------------------------------------------------------------+---------+
; File Name with User-Entered Path                                         ; Used in Netlist ; File Type                              ; File Name with Absolute Path                                                              ; Library ;
+--------------------------------------------------------------------------+-----------------+----------------------------------------+-------------------------------------------------------------------------------------------+---------+
; BRAMS/ROM_BANK.v                                                         ; yes             ; User Wizard-Generated File             ; /home/katherine/code/Gameboy/synthesis2/BRAMS/ROM_BANK.v                                  ;         ;
; BRAMS/OAM_DUALBANK.v                                                     ; yes             ; User Wizard-Generated File             ; /home/katherine/code/Gameboy/synthesis2/BRAMS/OAM_DUALBANK.v                              ;         ;
; BRAMS/FRAME_BUFFER.v                                                     ; yes             ; User Wizard-Generated File             ; /home/katherine/code/Gameboy/synthesis2/BRAMS/FRAME_BUFFER.v                              ;         ;
; BRAMS/DUAL_VRAM_8KB.v                                                    ; yes             ; User Wizard-Generated File             ; /home/katherine/code/Gameboy/synthesis2/BRAMS/DUAL_VRAM_8KB.v                             ;         ;
; BRAMS/DUAL_8KB.v                                                         ; yes             ; User Wizard-Generated File             ; /home/katherine/code/Gameboy/synthesis2/BRAMS/DUAL_8KB.v                                  ;         ;
; select.svh                                                               ; yes             ; User Unspecified File                  ; /home/katherine/code/Gameboy/synthesis2/select.svh                                        ;         ;
; RegisterPkg.svh                                                          ; yes             ; User Unspecified File                  ; /home/katherine/code/Gameboy/synthesis2/RegisterPkg.svh                                   ;         ;
; defs.svh                                                                 ; yes             ; User Unspecified File                  ; /home/katherine/code/Gameboy/synthesis2/defs.svh                                          ;         ;
; addresses.svh                                                            ; yes             ; User Unspecified File                  ; /home/katherine/code/Gameboy/synthesis2/addresses.svh                                     ;         ;
; vga.sv                                                                   ; yes             ; User SystemVerilog HDL File            ; /home/katherine/code/Gameboy/synthesis2/vga.sv                                            ;         ;
; SevenSegmentDisplayWithHex.sv                                            ; yes             ; User SystemVerilog HDL File            ; /home/katherine/code/Gameboy/synthesis2/SevenSegmentDisplayWithHex.sv                     ;         ;
; regfile.sv                                                               ; yes             ; User SystemVerilog HDL File            ; /home/katherine/code/Gameboy/synthesis2/regfile.sv                                        ;         ;
; ppu.sv                                                                   ; yes             ; User SystemVerilog HDL File            ; /home/katherine/code/Gameboy/synthesis2/ppu.sv                                            ;         ;
; MMU.sv                                                                   ; yes             ; User SystemVerilog HDL File            ; /home/katherine/code/Gameboy/synthesis2/MMU.sv                                            ;         ;
; IO_reg_handler.sv                                                        ; yes             ; User SystemVerilog HDL File            ; /home/katherine/code/Gameboy/synthesis2/IO_reg_handler.sv                                 ;         ;
; DMA_controller.sv                                                        ; yes             ; User SystemVerilog HDL File            ; /home/katherine/code/Gameboy/synthesis2/DMA_controller.sv                                 ;         ;
; decoder.sv                                                               ; yes             ; User SystemVerilog HDL File            ; /home/katherine/code/Gameboy/synthesis2/decoder.sv                                        ;         ;
; gameboy.sv                                                               ; yes             ; User SystemVerilog HDL File            ; /home/katherine/code/Gameboy/synthesis2/gameboy.sv                                        ;         ;
; cpu.sv                                                                   ; yes             ; User SystemVerilog HDL File            ; /home/katherine/code/Gameboy/synthesis2/cpu.sv                                            ;         ;
; chipInterface.sv                                                         ; yes             ; User SystemVerilog HDL File            ; /home/katherine/code/Gameboy/synthesis2/chipInterface.sv                                  ;         ;
; BRAM_out_chooser.sv                                                      ; yes             ; User SystemVerilog HDL File            ; /home/katherine/code/Gameboy/synthesis2/BRAM_out_chooser.sv                               ;         ;
; BRAM_handler.sv                                                          ; yes             ; User SystemVerilog HDL File            ; /home/katherine/code/Gameboy/synthesis2/BRAM_handler.sv                                   ;         ;
; BRAM_addr_chooser.sv                                                     ; yes             ; User SystemVerilog HDL File            ; /home/katherine/code/Gameboy/synthesis2/BRAM_addr_chooser.sv                              ;         ;
; basic.sv                                                                 ; yes             ; User SystemVerilog HDL File            ; /home/katherine/code/Gameboy/synthesis2/basic.sv                                          ;         ;
; alu.sv                                                                   ; yes             ; User SystemVerilog HDL File            ; /home/katherine/code/Gameboy/synthesis2/alu.sv                                            ;         ;
; altsyncram.tdf                                                           ; yes             ; Megafunction                           ; /home/katherine/intelFPGA_lite/20.1/quartus/libraries/megafunctions/altsyncram.tdf        ;         ;
; stratix_ram_block.inc                                                    ; yes             ; Megafunction                           ; /home/katherine/intelFPGA_lite/20.1/quartus/libraries/megafunctions/stratix_ram_block.inc ;         ;
; lpm_mux.inc                                                              ; yes             ; Megafunction                           ; /home/katherine/intelFPGA_lite/20.1/quartus/libraries/megafunctions/lpm_mux.inc           ;         ;
; lpm_decode.inc                                                           ; yes             ; Megafunction                           ; /home/katherine/intelFPGA_lite/20.1/quartus/libraries/megafunctions/lpm_decode.inc        ;         ;
; aglobal201.inc                                                           ; yes             ; Megafunction                           ; /home/katherine/intelFPGA_lite/20.1/quartus/libraries/megafunctions/aglobal201.inc        ;         ;
; a_rdenreg.inc                                                            ; yes             ; Megafunction                           ; /home/katherine/intelFPGA_lite/20.1/quartus/libraries/megafunctions/a_rdenreg.inc         ;         ;
; altrom.inc                                                               ; yes             ; Megafunction                           ; /home/katherine/intelFPGA_lite/20.1/quartus/libraries/megafunctions/altrom.inc            ;         ;
; altram.inc                                                               ; yes             ; Megafunction                           ; /home/katherine/intelFPGA_lite/20.1/quartus/libraries/megafunctions/altram.inc            ;         ;
; altdpram.inc                                                             ; yes             ; Megafunction                           ; /home/katherine/intelFPGA_lite/20.1/quartus/libraries/megafunctions/altdpram.inc          ;         ;
; db/altsyncram_frc1.tdf                                                   ; yes             ; Auto-Generated Megafunction            ; /home/katherine/code/Gameboy/synthesis2/db/altsyncram_frc1.tdf                            ;         ;
; /home/katherine/code/Gameboy/code/Integration/MMU/mif_files/Dr.Mario.mif ; yes             ; Auto-Found Memory Initialization File  ; /home/katherine/code/Gameboy/code/Integration/MMU/mif_files/Dr.Mario.mif                  ;         ;
; db/decode_c8a.tdf                                                        ; yes             ; Auto-Generated Megafunction            ; /home/katherine/code/Gameboy/synthesis2/db/decode_c8a.tdf                                 ;         ;
; db/mux_iob.tdf                                                           ; yes             ; Auto-Generated Megafunction            ; /home/katherine/code/Gameboy/synthesis2/db/mux_iob.tdf                                    ;         ;
; db/altsyncram_54g2.tdf                                                   ; yes             ; Auto-Generated Megafunction            ; /home/katherine/code/Gameboy/synthesis2/db/altsyncram_54g2.tdf                            ;         ;
; db/altsyncram_ttf2.tdf                                                   ; yes             ; Auto-Generated Megafunction            ; /home/katherine/code/Gameboy/synthesis2/db/altsyncram_ttf2.tdf                            ;         ;
; db/altsyncram_2sj1.tdf                                                   ; yes             ; Auto-Generated Megafunction            ; /home/katherine/code/Gameboy/synthesis2/db/altsyncram_2sj1.tdf                            ;         ;
; db/decode_msa.tdf                                                        ; yes             ; Auto-Generated Megafunction            ; /home/katherine/code/Gameboy/synthesis2/db/decode_msa.tdf                                 ;         ;
; db/decode_f8a.tdf                                                        ; yes             ; Auto-Generated Megafunction            ; /home/katherine/code/Gameboy/synthesis2/db/decode_f8a.tdf                                 ;         ;
; db/mux_lob.tdf                                                           ; yes             ; Auto-Generated Megafunction            ; /home/katherine/code/Gameboy/synthesis2/db/mux_lob.tdf                                    ;         ;
; db/altsyncram_qcc1.tdf                                                   ; yes             ; Auto-Generated Megafunction            ; /home/katherine/code/Gameboy/synthesis2/db/altsyncram_qcc1.tdf                            ;         ;
; db/altsyncram_scc1.tdf                                                   ; yes             ; Auto-Generated Megafunction            ; /home/katherine/code/Gameboy/synthesis2/db/altsyncram_scc1.tdf                            ;         ;
; lpm_divide.tdf                                                           ; yes             ; Megafunction                           ; /home/katherine/intelFPGA_lite/20.1/quartus/libraries/megafunctions/lpm_divide.tdf        ;         ;
; abs_divider.inc                                                          ; yes             ; Megafunction                           ; /home/katherine/intelFPGA_lite/20.1/quartus/libraries/megafunctions/abs_divider.inc       ;         ;
; sign_div_unsign.inc                                                      ; yes             ; Megafunction                           ; /home/katherine/intelFPGA_lite/20.1/quartus/libraries/megafunctions/sign_div_unsign.inc   ;         ;
; db/lpm_divide_0po.tdf                                                    ; yes             ; Auto-Generated Megafunction            ; /home/katherine/code/Gameboy/synthesis2/db/lpm_divide_0po.tdf                             ;         ;
; db/abs_divider_obg.tdf                                                   ; yes             ; Auto-Generated Megafunction            ; /home/katherine/code/Gameboy/synthesis2/db/abs_divider_obg.tdf                            ;         ;
; db/alt_u_div_e7f.tdf                                                     ; yes             ; Auto-Generated Megafunction            ; /home/katherine/code/Gameboy/synthesis2/db/alt_u_div_e7f.tdf                              ;         ;
; db/add_sub_7pc.tdf                                                       ; yes             ; Auto-Generated Megafunction            ; /home/katherine/code/Gameboy/synthesis2/db/add_sub_7pc.tdf                                ;         ;
; db/add_sub_8pc.tdf                                                       ; yes             ; Auto-Generated Megafunction            ; /home/katherine/code/Gameboy/synthesis2/db/add_sub_8pc.tdf                                ;         ;
; db/lpm_abs_6v9.tdf                                                       ; yes             ; Auto-Generated Megafunction            ; /home/katherine/code/Gameboy/synthesis2/db/lpm_abs_6v9.tdf                                ;         ;
; db/lpm_abs_i0a.tdf                                                       ; yes             ; Auto-Generated Megafunction            ; /home/katherine/code/Gameboy/synthesis2/db/lpm_abs_i0a.tdf                                ;         ;
; db/lpm_divide_qim.tdf                                                    ; yes             ; Auto-Generated Megafunction            ; /home/katherine/code/Gameboy/synthesis2/db/lpm_divide_qim.tdf                             ;         ;
; db/sign_div_unsign_ilh.tdf                                               ; yes             ; Auto-Generated Megafunction            ; /home/katherine/code/Gameboy/synthesis2/db/sign_div_unsign_ilh.tdf                        ;         ;
; db/alt_u_div_o6f.tdf                                                     ; yes             ; Auto-Generated Megafunction            ; /home/katherine/code/Gameboy/synthesis2/db/alt_u_div_o6f.tdf                              ;         ;
; db/lpm_divide_t0p.tdf                                                    ; yes             ; Auto-Generated Megafunction            ; /home/katherine/code/Gameboy/synthesis2/db/lpm_divide_t0p.tdf                             ;         ;
; db/lpm_divide_ihm.tdf                                                    ; yes             ; Auto-Generated Megafunction            ; /home/katherine/code/Gameboy/synthesis2/db/lpm_divide_ihm.tdf                             ;         ;
; db/sign_div_unsign_akh.tdf                                               ; yes             ; Auto-Generated Megafunction            ; /home/katherine/code/Gameboy/synthesis2/db/sign_div_unsign_akh.tdf                        ;         ;
; db/alt_u_div_84f.tdf                                                     ; yes             ; Auto-Generated Megafunction            ; /home/katherine/code/Gameboy/synthesis2/db/alt_u_div_84f.tdf                              ;         ;
+--------------------------------------------------------------------------+-----------------+----------------------------------------+-------------------------------------------------------------------------------------------+---------+


+-------------------------------------------------------+
; Analysis & Synthesis Resource Usage Summary           ;
+---------------------------------------------+---------+
; Resource                                    ; Usage   ;
+---------------------------------------------+---------+
; Estimated Total logic elements              ; 10,368  ;
;                                             ;         ;
; Total combinational functions               ; 7899    ;
; Logic element usage by number of LUT inputs ;         ;
;     -- 4 input functions                    ; 4815    ;
;     -- 3 input functions                    ; 1511    ;
;     -- <=2 input functions                  ; 1573    ;
;                                             ;         ;
; Logic elements by mode                      ;         ;
;     -- normal mode                          ; 6859    ;
;     -- arithmetic mode                      ; 1040    ;
;                                             ;         ;
; Total registers                             ; 3307    ;
;     -- Dedicated logic registers            ; 3307    ;
;     -- I/O registers                        ; 0       ;
;                                             ;         ;
; I/O pins                                    ; 173     ;
; Total memory bits                           ; 986432  ;
;                                             ;         ;
; Embedded Multiplier 9-bit elements          ; 0       ;
;                                             ;         ;
; Maximum fan-out node                        ; ppu_clk ;
; Maximum fan-out                             ; 2742    ;
; Total fan-out                               ; 41503   ;
; Average fan-out                             ; 3.54    ;
+---------------------------------------------+---------+


+---------------------------------------------------------------------------------------------------------------------------------------------------------------------------------------------------------------------------------------------------------------------------------------------------------------------------------------------------------------------------------------+
; Analysis & Synthesis Resource Utilization by Entity                                                                                                                                                                                                                                                                                                                                   ;
+-------------------------------------------------------+---------------------+---------------------------+-------------+--------------+---------+-----------+------+--------------+--------------------------------------------------------------------------------------------------------------------------------------------------------+----------------------------+--------------+
; Compilation Hierarchy Node                            ; Combinational ALUTs ; Dedicated Logic Registers ; Memory Bits ; DSP Elements ; DSP 9x9 ; DSP 18x18 ; Pins ; Virtual Pins ; Full Hierarchy Name                                                                                                                                    ; Entity Name                ; Library Name ;
+-------------------------------------------------------+---------------------+---------------------------+-------------+--------------+---------+-----------+------+--------------+--------------------------------------------------------------------------------------------------------------------------------------------------------+----------------------------+--------------+
; |chipInterface                                        ; 7899 (157)          ; 3307 (36)                 ; 986432      ; 0            ; 0       ; 0         ; 173  ; 0            ; |chipInterface                                                                                                                                         ; chipInterface              ; work         ;
;    |FRAME_BUFFER:frame|                               ; 40 (0)              ; 4 (0)                     ; 524288      ; 0            ; 0       ; 0         ; 0    ; 0            ; |chipInterface|FRAME_BUFFER:frame                                                                                                                      ; FRAME_BUFFER               ; work         ;
;       |altsyncram:altsyncram_component|               ; 40 (0)              ; 4 (0)                     ; 524288      ; 0            ; 0       ; 0         ; 0    ; 0            ; |chipInterface|FRAME_BUFFER:frame|altsyncram:altsyncram_component                                                                                      ; altsyncram                 ; work         ;
;          |altsyncram_2sj1:auto_generated|             ; 40 (0)              ; 4 (4)                     ; 524288      ; 0            ; 0       ; 0         ; 0    ; 0            ; |chipInterface|FRAME_BUFFER:frame|altsyncram:altsyncram_component|altsyncram_2sj1:auto_generated                                                       ; altsyncram_2sj1            ; work         ;
;             |decode_f8a:rden_decode_b|                ; 4 (4)               ; 0 (0)                     ; 0           ; 0            ; 0       ; 0         ; 0    ; 0            ; |chipInterface|FRAME_BUFFER:frame|altsyncram:altsyncram_component|altsyncram_2sj1:auto_generated|decode_f8a:rden_decode_b                              ; decode_f8a                 ; work         ;
;             |decode_msa:decode2|                      ; 4 (4)               ; 0 (0)                     ; 0           ; 0            ; 0       ; 0         ; 0    ; 0            ; |chipInterface|FRAME_BUFFER:frame|altsyncram:altsyncram_component|altsyncram_2sj1:auto_generated|decode_msa:decode2                                    ; decode_msa                 ; work         ;
;             |mux_lob:mux3|                            ; 32 (32)             ; 0 (0)                     ; 0           ; 0            ; 0       ; 0         ; 0    ; 0            ; |chipInterface|FRAME_BUFFER:frame|altsyncram:altsyncram_component|altsyncram_2sj1:auto_generated|mux_lob:mux3                                          ; mux_lob                    ; work         ;
;    |SevenSegmentDisplayWithHex:hi|                    ; 42 (0)              ; 0 (0)                     ; 0           ; 0            ; 0       ; 0         ; 0    ; 0            ; |chipInterface|SevenSegmentDisplayWithHex:hi                                                                                                           ; SevenSegmentDisplayWithHex ; work         ;
;       |BCDtoSevenSegment:g1|                          ; 7 (7)               ; 0 (0)                     ; 0           ; 0            ; 0       ; 0         ; 0    ; 0            ; |chipInterface|SevenSegmentDisplayWithHex:hi|BCDtoSevenSegment:g1                                                                                      ; BCDtoSevenSegment          ; work         ;
;       |BCDtoSevenSegment:g2|                          ; 7 (7)               ; 0 (0)                     ; 0           ; 0            ; 0       ; 0         ; 0    ; 0            ; |chipInterface|SevenSegmentDisplayWithHex:hi|BCDtoSevenSegment:g2                                                                                      ; BCDtoSevenSegment          ; work         ;
;       |BCDtoSevenSegment:g3|                          ; 7 (7)               ; 0 (0)                     ; 0           ; 0            ; 0       ; 0         ; 0    ; 0            ; |chipInterface|SevenSegmentDisplayWithHex:hi|BCDtoSevenSegment:g3                                                                                      ; BCDtoSevenSegment          ; work         ;
;       |BCDtoSevenSegment:g4|                          ; 7 (7)               ; 0 (0)                     ; 0           ; 0            ; 0       ; 0         ; 0    ; 0            ; |chipInterface|SevenSegmentDisplayWithHex:hi|BCDtoSevenSegment:g4                                                                                      ; BCDtoSevenSegment          ; work         ;
;       |BCDtoSevenSegment:g5|                          ; 7 (7)               ; 0 (0)                     ; 0           ; 0            ; 0       ; 0         ; 0    ; 0            ; |chipInterface|SevenSegmentDisplayWithHex:hi|BCDtoSevenSegment:g5                                                                                      ; BCDtoSevenSegment          ; work         ;
;       |BCDtoSevenSegment:g6|                          ; 7 (7)               ; 0 (0)                     ; 0           ; 0            ; 0       ; 0         ; 0    ; 0            ; |chipInterface|SevenSegmentDisplayWithHex:hi|BCDtoSevenSegment:g6                                                                                      ; BCDtoSevenSegment          ; work         ;
;    |gameboy:dut|                                      ; 6000 (42)           ; 3217 (35)                 ; 462144      ; 0            ; 0       ; 0         ; 0    ; 0            ; |chipInterface|gameboy:dut                                                                                                                             ; gameboy                    ; work         ;
;       |MMU:mmu|                                       ; 2563 (86)           ; 2497 (16)                 ; 460800      ; 0            ; 0       ; 0         ; 0    ; 0            ; |chipInterface|gameboy:dut|MMU:mmu                                                                                                                     ; MMU                        ; work         ;
;          |BRAM_handler:memory_units|                  ; 1845 (1633)         ; 2122 (2064)               ; 460800      ; 0            ; 0       ; 0         ; 0    ; 0            ; |chipInterface|gameboy:dut|MMU:mmu|BRAM_handler:memory_units                                                                                           ; BRAM_handler               ; work         ;
;             |DMA_controller:dma_guy|                  ; 71 (17)             ; 40 (4)                    ; 0           ; 0            ; 0       ; 0         ; 0    ; 0            ; |chipInterface|gameboy:dut|MMU:mmu|BRAM_handler:memory_units|DMA_controller:dma_guy                                                                    ; DMA_controller             ; work         ;
;                |Counter:cycle_cnter|                  ; 13 (13)             ; 12 (12)                   ; 0           ; 0            ; 0       ; 0         ; 0    ; 0            ; |chipInterface|gameboy:dut|MMU:mmu|BRAM_handler:memory_units|DMA_controller:dma_guy|Counter:cycle_cnter                                                ; Counter                    ; work         ;
;                |Counter:dma_addr_cnter|               ; 23 (23)             ; 8 (8)                     ; 0           ; 0            ; 0       ; 0         ; 0    ; 0            ; |chipInterface|gameboy:dut|MMU:mmu|BRAM_handler:memory_units|DMA_controller:dma_guy|Counter:dma_addr_cnter                                             ; Counter                    ; work         ;
;                |Counter:oam_addr_cnter|               ; 18 (18)             ; 16 (16)                   ; 0           ; 0            ; 0       ; 0         ; 0    ; 0            ; |chipInterface|gameboy:dut|MMU:mmu|BRAM_handler:memory_units|DMA_controller:dma_guy|Counter:oam_addr_cnter                                             ; Counter                    ; work         ;
;             |DUAL_8KB:exram0|                         ; 0 (0)               ; 0 (0)                     ; 65536       ; 0            ; 0       ; 0         ; 0    ; 0            ; |chipInterface|gameboy:dut|MMU:mmu|BRAM_handler:memory_units|DUAL_8KB:exram0                                                                           ; DUAL_8KB                   ; work         ;
;                |altsyncram:altsyncram_component|      ; 0 (0)               ; 0 (0)                     ; 65536       ; 0            ; 0       ; 0         ; 0    ; 0            ; |chipInterface|gameboy:dut|MMU:mmu|BRAM_handler:memory_units|DUAL_8KB:exram0|altsyncram:altsyncram_component                                           ; altsyncram                 ; work         ;
;                   |altsyncram_54g2:auto_generated|    ; 0 (0)               ; 0 (0)                     ; 65536       ; 0            ; 0       ; 0         ; 0    ; 0            ; |chipInterface|gameboy:dut|MMU:mmu|BRAM_handler:memory_units|DUAL_8KB:exram0|altsyncram:altsyncram_component|altsyncram_54g2:auto_generated            ; altsyncram_54g2            ; work         ;
;             |DUAL_8KB:wram0|                          ; 0 (0)               ; 0 (0)                     ; 65536       ; 0            ; 0       ; 0         ; 0    ; 0            ; |chipInterface|gameboy:dut|MMU:mmu|BRAM_handler:memory_units|DUAL_8KB:wram0                                                                            ; DUAL_8KB                   ; work         ;
;                |altsyncram:altsyncram_component|      ; 0 (0)               ; 0 (0)                     ; 65536       ; 0            ; 0       ; 0         ; 0    ; 0            ; |chipInterface|gameboy:dut|MMU:mmu|BRAM_handler:memory_units|DUAL_8KB:wram0|altsyncram:altsyncram_component                                            ; altsyncram                 ; work         ;
;                   |altsyncram_54g2:auto_generated|    ; 0 (0)               ; 0 (0)                     ; 65536       ; 0            ; 0       ; 0         ; 0    ; 0            ; |chipInterface|gameboy:dut|MMU:mmu|BRAM_handler:memory_units|DUAL_8KB:wram0|altsyncram:altsyncram_component|altsyncram_54g2:auto_generated             ; altsyncram_54g2            ; work         ;
;             |DUAL_VRAM_8KB:vram0|                     ; 0 (0)               ; 0 (0)                     ; 65536       ; 0            ; 0       ; 0         ; 0    ; 0            ; |chipInterface|gameboy:dut|MMU:mmu|BRAM_handler:memory_units|DUAL_VRAM_8KB:vram0                                                                       ; DUAL_VRAM_8KB              ; work         ;
;                |altsyncram:altsyncram_component|      ; 0 (0)               ; 0 (0)                     ; 65536       ; 0            ; 0       ; 0         ; 0    ; 0            ; |chipInterface|gameboy:dut|MMU:mmu|BRAM_handler:memory_units|DUAL_VRAM_8KB:vram0|altsyncram:altsyncram_component                                       ; altsyncram                 ; work         ;
;                   |altsyncram_54g2:auto_generated|    ; 0 (0)               ; 0 (0)                     ; 65536       ; 0            ; 0       ; 0         ; 0    ; 0            ; |chipInterface|gameboy:dut|MMU:mmu|BRAM_handler:memory_units|DUAL_VRAM_8KB:vram0|altsyncram:altsyncram_component|altsyncram_54g2:auto_generated        ; altsyncram_54g2            ; work         ;
;             |MM_addr_contention_handler:addr_handler| ; 97 (97)             ; 0 (0)                     ; 0           ; 0            ; 0       ; 0         ; 0    ; 0            ; |chipInterface|gameboy:dut|MMU:mmu|BRAM_handler:memory_units|MM_addr_contention_handler:addr_handler                                                   ; MM_addr_contention_handler ; work         ;
;             |MM_out_chooser:memory_out_muxer|         ; 28 (28)             ; 16 (16)                   ; 0           ; 0            ; 0       ; 0         ; 0    ; 0            ; |chipInterface|gameboy:dut|MMU:mmu|BRAM_handler:memory_units|MM_out_chooser:memory_out_muxer                                                           ; MM_out_chooser             ; work         ;
;             |OAM_DUALBANK:oam|                        ; 0 (0)               ; 0 (0)                     ; 2048        ; 0            ; 0       ; 0         ; 0    ; 0            ; |chipInterface|gameboy:dut|MMU:mmu|BRAM_handler:memory_units|OAM_DUALBANK:oam                                                                          ; OAM_DUALBANK               ; work         ;
;                |altsyncram:altsyncram_component|      ; 0 (0)               ; 0 (0)                     ; 2048        ; 0            ; 0       ; 0         ; 0    ; 0            ; |chipInterface|gameboy:dut|MMU:mmu|BRAM_handler:memory_units|OAM_DUALBANK:oam|altsyncram:altsyncram_component                                          ; altsyncram                 ; work         ;
;                   |altsyncram_ttf2:auto_generated|    ; 0 (0)               ; 0 (0)                     ; 2048        ; 0            ; 0       ; 0         ; 0    ; 0            ; |chipInterface|gameboy:dut|MMU:mmu|BRAM_handler:memory_units|OAM_DUALBANK:oam|altsyncram:altsyncram_component|altsyncram_ttf2:auto_generated           ; altsyncram_ttf2            ; work         ;
;             |ROM_BANK:rom0|                           ; 16 (0)              ; 2 (0)                     ; 262144      ; 0            ; 0       ; 0         ; 0    ; 0            ; |chipInterface|gameboy:dut|MMU:mmu|BRAM_handler:memory_units|ROM_BANK:rom0                                                                             ; ROM_BANK                   ; work         ;
;                |altsyncram:altsyncram_component|      ; 16 (0)              ; 2 (0)                     ; 262144      ; 0            ; 0       ; 0         ; 0    ; 0            ; |chipInterface|gameboy:dut|MMU:mmu|BRAM_handler:memory_units|ROM_BANK:rom0|altsyncram:altsyncram_component                                             ; altsyncram                 ; work         ;
;                   |altsyncram_frc1:auto_generated|    ; 16 (0)              ; 2 (2)                     ; 262144      ; 0            ; 0       ; 0         ; 0    ; 0            ; |chipInterface|gameboy:dut|MMU:mmu|BRAM_handler:memory_units|ROM_BANK:rom0|altsyncram:altsyncram_component|altsyncram_frc1:auto_generated              ; altsyncram_frc1            ; work         ;
;                      |mux_iob:mux2|                   ; 16 (16)             ; 0 (0)                     ; 0           ; 0            ; 0       ; 0         ; 0    ; 0            ; |chipInterface|gameboy:dut|MMU:mmu|BRAM_handler:memory_units|ROM_BANK:rom0|altsyncram:altsyncram_component|altsyncram_frc1:auto_generated|mux_iob:mux2 ; mux_iob                    ; work         ;
;          |IO_handler:io_registers|                    ; 632 (632)           ; 359 (359)                 ; 0           ; 0            ; 0       ; 0         ; 0    ; 0            ; |chipInterface|gameboy:dut|MMU:mmu|IO_handler:io_registers                                                                                             ; IO_handler                 ; work         ;
;       |PPU_Wrapper:ppu|                               ; 1625 (32)           ; 503 (0)                   ; 1344        ; 0            ; 0       ; 0         ; 0    ; 0            ; |chipInterface|gameboy:dut|PPU_Wrapper:ppu                                                                                                             ; PPU_Wrapper                ; work         ;
;          |OAM_Search:oam_search|                      ; 630 (630)           ; 267 (267)                 ; 0           ; 0            ; 0       ; 0         ; 0    ; 0            ; |chipInterface|gameboy:dut|PPU_Wrapper:ppu|OAM_Search:oam_search                                                                                       ; OAM_Search                 ; work         ;
;          |PPU_Mode_controller:mode_ctrl|              ; 39 (39)             ; 38 (38)                   ; 0           ; 0            ; 0       ; 0         ; 0    ; 0            ; |chipInterface|gameboy:dut|PPU_Wrapper:ppu|PPU_Mode_controller:mode_ctrl                                                                               ; PPU_Mode_controller        ; work         ;
;          |Pixel_Gen:Pixel_Gen_inst|                   ; 894 (0)             ; 195 (0)                   ; 1344        ; 0            ; 0       ; 0         ; 0    ; 0            ; |chipInterface|gameboy:dut|PPU_Wrapper:ppu|Pixel_Gen:Pixel_Gen_inst                                                                                    ; Pixel_Gen                  ; work         ;
;             |FIFO:bg_fifo_inst|                       ; 40 (40)             ; 42 (42)                   ; 640         ; 0            ; 0       ; 0         ; 0    ; 0            ; |chipInterface|gameboy:dut|PPU_Wrapper:ppu|Pixel_Gen:Pixel_Gen_inst|FIFO:bg_fifo_inst                                                                  ; FIFO                       ; work         ;
;                |altsyncram:fifo_mem_rtl_0|            ; 0 (0)               ; 0 (0)                     ; 640         ; 0            ; 0       ; 0         ; 0    ; 0            ; |chipInterface|gameboy:dut|PPU_Wrapper:ppu|Pixel_Gen:Pixel_Gen_inst|FIFO:bg_fifo_inst|altsyncram:fifo_mem_rtl_0                                        ; altsyncram                 ; work         ;
;                   |altsyncram_qcc1:auto_generated|    ; 0 (0)               ; 0 (0)                     ; 640         ; 0            ; 0       ; 0         ; 0    ; 0            ; |chipInterface|gameboy:dut|PPU_Wrapper:ppu|Pixel_Gen:Pixel_Gen_inst|FIFO:bg_fifo_inst|altsyncram:fifo_mem_rtl_0|altsyncram_qcc1:auto_generated         ; altsyncram_qcc1            ; work         ;
;             |FIFO:sprite_fifo_inst|                   ; 30 (30)             ; 37 (37)                   ; 704         ; 0            ; 0       ; 0         ; 0    ; 0            ; |chipInterface|gameboy:dut|PPU_Wrapper:ppu|Pixel_Gen:Pixel_Gen_inst|FIFO:sprite_fifo_inst                                                              ; FIFO                       ; work         ;
;                |altsyncram:fifo_mem_rtl_0|            ; 0 (0)               ; 0 (0)                     ; 704         ; 0            ; 0       ; 0         ; 0    ; 0            ; |chipInterface|gameboy:dut|PPU_Wrapper:ppu|Pixel_Gen:Pixel_Gen_inst|FIFO:sprite_fifo_inst|altsyncram:fifo_mem_rtl_0                                    ; altsyncram                 ; work         ;
;                   |altsyncram_scc1:auto_generated|    ; 0 (0)               ; 0 (0)                     ; 704         ; 0            ; 0       ; 0         ; 0    ; 0            ; |chipInterface|gameboy:dut|PPU_Wrapper:ppu|Pixel_Gen:Pixel_Gen_inst|FIFO:sprite_fifo_inst|altsyncram:fifo_mem_rtl_0|altsyncram_scc1:auto_generated     ; altsyncram_scc1            ; work         ;
;             |Render_BG:render_bg_inst|                ; 137 (137)           ; 64 (64)                   ; 0           ; 0            ; 0       ; 0         ; 0    ; 0            ; |chipInterface|gameboy:dut|PPU_Wrapper:ppu|Pixel_Gen:Pixel_Gen_inst|Render_BG:render_bg_inst                                                           ; Render_BG                  ; work         ;
;             |Render_Sprites:render_sprites_inst|      ; 687 (687)           ; 52 (52)                   ; 0           ; 0            ; 0       ; 0         ; 0    ; 0            ; |chipInterface|gameboy:dut|PPU_Wrapper:ppu|Pixel_Gen:Pixel_Gen_inst|Render_Sprites:render_sprites_inst                                                 ; Render_Sprites             ; work         ;
;          |Pixel_Mixer:pixel_mixer_inst|               ; 30 (30)             ; 3 (3)                     ; 0           ; 0            ; 0       ; 0         ; 0    ; 0            ; |chipInterface|gameboy:dut|PPU_Wrapper:ppu|Pixel_Mixer:pixel_mixer_inst                                                                                ; Pixel_Mixer                ; work         ;
;       |cpu:cpu|                                       ; 1762 (350)          ; 155 (0)                   ; 0           ; 0            ; 0       ; 0         ; 0    ; 0            ; |chipInterface|gameboy:dut|cpu:cpu                                                                                                                     ; cpu                        ; work         ;
;          |alu:alu|                                    ; 194 (194)           ; 0 (0)                     ; 0           ; 0            ; 0       ; 0         ; 0    ; 0            ; |chipInterface|gameboy:dut|cpu:cpu|alu:alu                                                                                                             ; alu                        ; work         ;
;          |decoder:decoder|                            ; 772 (726)           ; 23 (1)                    ; 0           ; 0            ; 0       ; 0         ; 0    ; 0            ; |chipInterface|gameboy:dut|cpu:cpu|decoder:decoder                                                                                                     ; decoder                    ; work         ;
;             |flopenr:imereg2|                         ; 1 (1)               ; 1 (1)                     ; 0           ; 0            ; 0       ; 0         ; 0    ; 0            ; |chipInterface|gameboy:dut|cpu:cpu|decoder:decoder|flopenr:imereg2                                                                                     ; flopenr                    ; work         ;
;             |flopenr:imereg|                          ; 2 (2)               ; 2 (2)                     ; 0           ; 0            ; 0       ; 0         ; 0    ; 0            ; |chipInterface|gameboy:dut|cpu:cpu|decoder:decoder|flopenr:imereg                                                                                      ; flopenr                    ; work         ;
;             |flopenr:oldopreg|                        ; 31 (31)             ; 6 (6)                     ; 0           ; 0            ; 0       ; 0         ; 0    ; 0            ; |chipInterface|gameboy:dut|cpu:cpu|decoder:decoder|flopenr:oldopreg                                                                                    ; flopenr                    ; work         ;
;             |flopr:cbprereg|                          ; 0 (0)               ; 1 (1)                     ; 0           ; 0            ; 0       ; 0         ; 0    ; 0            ; |chipInterface|gameboy:dut|cpu:cpu|decoder:decoder|flopr:cbprereg                                                                                      ; flopr                      ; work         ;
;             |flopr:doneflop|                          ; 1 (1)               ; 1 (1)                     ; 0           ; 0            ; 0       ; 0         ; 0    ; 0            ; |chipInterface|gameboy:dut|cpu:cpu|decoder:decoder|flopr:doneflop                                                                                      ; flopr                      ; work         ;
;             |flopr:mpcflop|                           ; 11 (11)             ; 11 (11)                   ; 0           ; 0            ; 0       ; 0         ; 0    ; 0            ; |chipInterface|gameboy:dut|cpu:cpu|decoder:decoder|flopr:mpcflop                                                                                       ; flopr                      ; work         ;
;          |flopenr:memfwdflop|                         ; 18 (18)             ; 23 (23)                   ; 0           ; 0            ; 0       ; 0         ; 0    ; 0            ; |chipInterface|gameboy:dut|cpu:cpu|flopenr:memfwdflop                                                                                                  ; flopenr                    ; work         ;
;          |flopenr:pcflop|                             ; 69 (69)             ; 16 (16)                   ; 0           ; 0            ; 0       ; 0         ; 0    ; 0            ; |chipInterface|gameboy:dut|cpu:cpu|flopenr:pcflop                                                                                                      ; flopenr                    ; work         ;
;          |flopr:memAdrflop|                           ; 1 (1)               ; 1 (1)                     ; 0           ; 0            ; 0       ; 0         ; 0    ; 0            ; |chipInterface|gameboy:dut|cpu:cpu|flopr:memAdrflop                                                                                                    ; flopr                      ; work         ;
;          |regfile:regfile|                            ; 358 (358)           ; 92 (92)                   ; 0           ; 0            ; 0       ; 0         ; 0    ; 0            ; |chipInterface|gameboy:dut|cpu:cpu|regfile:regfile                                                                                                     ; regfile                    ; work         ;
;       |flop:memflg|                                   ; 0 (0)               ; 10 (10)                   ; 0           ; 0            ; 0       ; 0         ; 0    ; 0            ; |chipInterface|gameboy:dut|flop:memflg                                                                                                                 ; flop                       ; work         ;
;       |flop:memflop|                                  ; 7 (7)               ; 16 (16)                   ; 0           ; 0            ; 0       ; 0         ; 0    ; 0            ; |chipInterface|gameboy:dut|flop:memflop                                                                                                                ; flop                       ; work         ;
;       |flopenr:validflop|                             ; 1 (1)               ; 1 (1)                     ; 0           ; 0            ; 0       ; 0         ; 0    ; 0            ; |chipInterface|gameboy:dut|flopenr:validflop                                                                                                           ; flopenr                    ; work         ;
;    |lpm_divide:Div0|                                  ; 705 (0)             ; 0 (0)                     ; 0           ; 0            ; 0       ; 0         ; 0    ; 0            ; |chipInterface|lpm_divide:Div0                                                                                                                         ; lpm_divide                 ; work         ;
;       |lpm_divide_t0p:auto_generated|                 ; 705 (0)             ; 0 (0)                     ; 0           ; 0            ; 0       ; 0         ; 0    ; 0            ; |chipInterface|lpm_divide:Div0|lpm_divide_t0p:auto_generated                                                                                           ; lpm_divide_t0p             ; work         ;
;          |abs_divider_obg:divider|                    ; 705 (38)            ; 0 (0)                     ; 0           ; 0            ; 0       ; 0         ; 0    ; 0            ; |chipInterface|lpm_divide:Div0|lpm_divide_t0p:auto_generated|abs_divider_obg:divider                                                                   ; abs_divider_obg            ; work         ;
;             |alt_u_div_e7f:divider|                   ; 643 (643)           ; 0 (0)                     ; 0           ; 0            ; 0       ; 0         ; 0    ; 0            ; |chipInterface|lpm_divide:Div0|lpm_divide_t0p:auto_generated|abs_divider_obg:divider|alt_u_div_e7f:divider                                             ; alt_u_div_e7f              ; work         ;
;             |lpm_abs_i0a:my_abs_num|                  ; 24 (24)             ; 0 (0)                     ; 0           ; 0            ; 0       ; 0         ; 0    ; 0            ; |chipInterface|lpm_divide:Div0|lpm_divide_t0p:auto_generated|abs_divider_obg:divider|lpm_abs_i0a:my_abs_num                                            ; lpm_abs_i0a                ; work         ;
;    |lpm_divide:Div1|                                  ; 53 (0)              ; 0 (0)                     ; 0           ; 0            ; 0       ; 0         ; 0    ; 0            ; |chipInterface|lpm_divide:Div1                                                                                                                         ; lpm_divide                 ; work         ;
;       |lpm_divide_ihm:auto_generated|                 ; 53 (0)              ; 0 (0)                     ; 0           ; 0            ; 0       ; 0         ; 0    ; 0            ; |chipInterface|lpm_divide:Div1|lpm_divide_ihm:auto_generated                                                                                           ; lpm_divide_ihm             ; work         ;
;          |sign_div_unsign_akh:divider|                ; 53 (0)              ; 0 (0)                     ; 0           ; 0            ; 0       ; 0         ; 0    ; 0            ; |chipInterface|lpm_divide:Div1|lpm_divide_ihm:auto_generated|sign_div_unsign_akh:divider                                                               ; sign_div_unsign_akh        ; work         ;
;             |alt_u_div_84f:divider|                   ; 53 (52)             ; 0 (0)                     ; 0           ; 0            ; 0       ; 0         ; 0    ; 0            ; |chipInterface|lpm_divide:Div1|lpm_divide_ihm:auto_generated|sign_div_unsign_akh:divider|alt_u_div_84f:divider                                         ; alt_u_div_84f              ; work         ;
;                |add_sub_8pc:add_sub_1|                ; 1 (1)               ; 0 (0)                     ; 0           ; 0            ; 0       ; 0         ; 0    ; 0            ; |chipInterface|lpm_divide:Div1|lpm_divide_ihm:auto_generated|sign_div_unsign_akh:divider|alt_u_div_84f:divider|add_sub_8pc:add_sub_1                   ; add_sub_8pc                ; work         ;
;    |lpm_divide:Div2|                                  ; 66 (0)              ; 0 (0)                     ; 0           ; 0            ; 0       ; 0         ; 0    ; 0            ; |chipInterface|lpm_divide:Div2                                                                                                                         ; lpm_divide                 ; work         ;
;       |lpm_divide_qim:auto_generated|                 ; 66 (0)              ; 0 (0)                     ; 0           ; 0            ; 0       ; 0         ; 0    ; 0            ; |chipInterface|lpm_divide:Div2|lpm_divide_qim:auto_generated                                                                                           ; lpm_divide_qim             ; work         ;
;          |sign_div_unsign_ilh:divider|                ; 66 (0)              ; 0 (0)                     ; 0           ; 0            ; 0       ; 0         ; 0    ; 0            ; |chipInterface|lpm_divide:Div2|lpm_divide_qim:auto_generated|sign_div_unsign_ilh:divider                                                               ; sign_div_unsign_ilh        ; work         ;
;             |alt_u_div_o6f:divider|                   ; 66 (65)             ; 0 (0)                     ; 0           ; 0            ; 0       ; 0         ; 0    ; 0            ; |chipInterface|lpm_divide:Div2|lpm_divide_qim:auto_generated|sign_div_unsign_ilh:divider|alt_u_div_o6f:divider                                         ; alt_u_div_o6f              ; work         ;
;                |add_sub_8pc:add_sub_1|                ; 1 (1)               ; 0 (0)                     ; 0           ; 0            ; 0       ; 0         ; 0    ; 0            ; |chipInterface|lpm_divide:Div2|lpm_divide_qim:auto_generated|sign_div_unsign_ilh:divider|alt_u_div_o6f:divider|add_sub_8pc:add_sub_1                   ; add_sub_8pc                ; work         ;
;    |lpm_divide:Mod0|                                  ; 727 (0)             ; 0 (0)                     ; 0           ; 0            ; 0       ; 0         ; 0    ; 0            ; |chipInterface|lpm_divide:Mod0                                                                                                                         ; lpm_divide                 ; work         ;
;       |lpm_divide_0po:auto_generated|                 ; 727 (0)             ; 0 (0)                     ; 0           ; 0            ; 0       ; 0         ; 0    ; 0            ; |chipInterface|lpm_divide:Mod0|lpm_divide_0po:auto_generated                                                                                           ; lpm_divide_0po             ; work         ;
;          |abs_divider_obg:divider|                    ; 727 (18)            ; 0 (0)                     ; 0           ; 0            ; 0       ; 0         ; 0    ; 0            ; |chipInterface|lpm_divide:Mod0|lpm_divide_0po:auto_generated|abs_divider_obg:divider                                                                   ; abs_divider_obg            ; work         ;
;             |alt_u_div_e7f:divider|                   ; 691 (691)           ; 0 (0)                     ; 0           ; 0            ; 0       ; 0         ; 0    ; 0            ; |chipInterface|lpm_divide:Mod0|lpm_divide_0po:auto_generated|abs_divider_obg:divider|alt_u_div_e7f:divider                                             ; alt_u_div_e7f              ; work         ;
;             |lpm_abs_i0a:my_abs_num|                  ; 18 (18)             ; 0 (0)                     ; 0           ; 0            ; 0       ; 0         ; 0    ; 0            ; |chipInterface|lpm_divide:Mod0|lpm_divide_0po:auto_generated|abs_divider_obg:divider|lpm_abs_i0a:my_abs_num                                            ; lpm_abs_i0a                ; work         ;
;    |vga:v1|                                           ; 109 (1)             ; 50 (0)                    ; 0           ; 0            ; 0       ; 0         ; 0    ; 0            ; |chipInterface|vga:v1                                                                                                                                  ; vga                        ; work         ;
;       |Counter:col_ct|                                ; 11 (11)             ; 10 (10)                   ; 0           ; 0            ; 0       ; 0         ; 0    ; 0            ; |chipInterface|vga:v1|Counter:col_ct                                                                                                                   ; Counter                    ; work         ;
;       |Counter:hs_ct|                                 ; 15 (15)             ; 11 (11)                   ; 0           ; 0            ; 0       ; 0         ; 0    ; 0            ; |chipInterface|vga:v1|Counter:hs_ct                                                                                                                    ; Counter                    ; work         ;
;       |Counter:row_ct|                                ; 12 (12)             ; 9 (9)                     ; 0           ; 0            ; 0       ; 0         ; 0    ; 0            ; |chipInterface|vga:v1|Counter:row_ct                                                                                                                   ; Counter                    ; work         ;
;       |Counter:vs_ct|                                 ; 34 (34)             ; 20 (20)                   ; 0           ; 0            ; 0       ; 0         ; 0    ; 0            ; |chipInterface|vga:v1|Counter:vs_ct                                                                                                                    ; Counter                    ; work         ;
;       |MagComp:HS_num_clock|                          ; 5 (5)               ; 0 (0)                     ; 0           ; 0            ; 0       ; 0         ; 0    ; 0            ; |chipInterface|vga:v1|MagComp:HS_num_clock                                                                                                             ; MagComp                    ; work         ;
;       |MagComp:VS_num_clock|                          ; 9 (9)               ; 0 (0)                     ; 0           ; 0            ; 0       ; 0         ; 0    ; 0            ; |chipInterface|vga:v1|MagComp:VS_num_clock                                                                                                             ; MagComp                    ; work         ;
;       |range_check:hs_period|                         ; 3 (3)               ; 0 (0)                     ; 0           ; 0            ; 0       ; 0         ; 0    ; 0            ; |chipInterface|vga:v1|range_check:hs_period                                                                                                            ; range_check                ; work         ;
;       |range_check:tdisphs_period|                    ; 4 (4)               ; 0 (0)                     ; 0           ; 0            ; 0       ; 0         ; 0    ; 0            ; |chipInterface|vga:v1|range_check:tdisphs_period                                                                                                       ; range_check                ; work         ;
;       |range_check:tdispvs_period|                    ; 7 (7)               ; 0 (0)                     ; 0           ; 0            ; 0       ; 0         ; 0    ; 0            ; |chipInterface|vga:v1|range_check:tdispvs_period                                                                                                       ; range_check                ; work         ;
;       |range_check:vs_period|                         ; 8 (8)               ; 0 (0)                     ; 0           ; 0            ; 0       ; 0         ; 0    ; 0            ; |chipInterface|vga:v1|range_check:vs_period                                                                                                            ; range_check                ; work         ;
+-------------------------------------------------------+---------------------+---------------------------+-------------+--------------+---------+-----------+------+--------------+--------------------------------------------------------------------------------------------------------------------------------------------------------+----------------------------+--------------+
Note: For table entries with two numbers listed, the numbers in parentheses indicate the number of resources of the given type used by the specific entity alone. The numbers listed outside of parentheses indicate the total resources of the given type used by the specific entity and all of its sub-entities in the hierarchy.


+---------------------------------------------------------------------------------------------------------------------------------------------------------------------------------------------------------------------------------------------------------------------------------------------------+
; Analysis & Synthesis RAM Summary                                                                                                                                                                                                                                                                  ;
+------------------------------------------------------------------------------------------------------------------------------------------------+------+------------------+--------------+--------------+--------------+--------------+--------+---------------------------------------------------+
; Name                                                                                                                                           ; Type ; Mode             ; Port A Depth ; Port A Width ; Port B Depth ; Port B Width ; Size   ; MIF                                               ;
+------------------------------------------------------------------------------------------------------------------------------------------------+------+------------------+--------------+--------------+--------------+--------------+--------+---------------------------------------------------+
; FRAME_BUFFER:frame|altsyncram:altsyncram_component|altsyncram_2sj1:auto_generated|ALTSYNCRAM                                                   ; AUTO ; Simple Dual Port ; 32768        ; 16           ; 32768        ; 16           ; 524288 ; None                                              ;
; gameboy:dut|MMU:mmu|BRAM_handler:memory_units|DUAL_8KB:exram0|altsyncram:altsyncram_component|altsyncram_54g2:auto_generated|ALTSYNCRAM        ; AUTO ; True Dual Port   ; 4096         ; 16           ; 4096         ; 16           ; 65536  ; None                                              ;
; gameboy:dut|MMU:mmu|BRAM_handler:memory_units|DUAL_8KB:wram0|altsyncram:altsyncram_component|altsyncram_54g2:auto_generated|ALTSYNCRAM         ; AUTO ; True Dual Port   ; 4096         ; 16           ; 4096         ; 16           ; 65536  ; None                                              ;
; gameboy:dut|MMU:mmu|BRAM_handler:memory_units|DUAL_VRAM_8KB:vram0|altsyncram:altsyncram_component|altsyncram_54g2:auto_generated|ALTSYNCRAM    ; AUTO ; True Dual Port   ; 4096         ; 16           ; 4096         ; 16           ; 65536  ; None                                              ;
; gameboy:dut|MMU:mmu|BRAM_handler:memory_units|OAM_DUALBANK:oam|altsyncram:altsyncram_component|altsyncram_ttf2:auto_generated|ALTSYNCRAM       ; AUTO ; True Dual Port   ; 128          ; 16           ; 128          ; 16           ; 2048   ; None                                              ;
; gameboy:dut|MMU:mmu|BRAM_handler:memory_units|ROM_BANK:rom0|altsyncram:altsyncram_component|altsyncram_frc1:auto_generated|ALTSYNCRAM          ; AUTO ; ROM              ; 16384        ; 16           ; --           ; --           ; 262144 ; ../../code/Integration/MMU/mif_files/Dr.Mario.mif ;
; gameboy:dut|PPU_Wrapper:ppu|Pixel_Gen:Pixel_Gen_inst|FIFO:bg_fifo_inst|altsyncram:fifo_mem_rtl_0|altsyncram_qcc1:auto_generated|ALTSYNCRAM     ; AUTO ; Simple Dual Port ; 64           ; 10           ; 64           ; 10           ; 640    ; None                                              ;
; gameboy:dut|PPU_Wrapper:ppu|Pixel_Gen:Pixel_Gen_inst|FIFO:sprite_fifo_inst|altsyncram:fifo_mem_rtl_0|altsyncram_scc1:auto_generated|ALTSYNCRAM ; AUTO ; Simple Dual Port ; 64           ; 11           ; 64           ; 11           ; 704    ; None                                              ;
+------------------------------------------------------------------------------------------------------------------------------------------------+------+------------------+--------------+--------------+--------------+--------------+--------+---------------------------------------------------+


+--------------------------------------------------------------------------------------------------------------------------+
; Analysis & Synthesis IP Cores Summary                                                                                    ;
+--------+--------------+---------+--------------+--------------+-----------------------------------+----------------------+
; Vendor ; IP Core Name ; Version ; Release Date ; License Type ; Entity Instance                   ; IP Include File      ;
+--------+--------------+---------+--------------+--------------+-----------------------------------+----------------------+
; Altera ; RAM: 2-PORT  ; 23.1    ; N/A          ; N/A          ; |chipInterface|FRAME_BUFFER:frame ; BRAMS/FRAME_BUFFER.v ;
+--------+--------------+---------+--------------+--------------+-----------------------------------+----------------------+


Encoding Type:  One-Hot
+------------------------------------------------------------------------------------------------------------------------------+
; State Machine - |chipInterface|gameboy:dut|PPU_Wrapper:ppu|Pixel_Gen:Pixel_Gen_inst|Render_Sprites:render_sprites_inst|state ;
+-------------------+-------------------+------------------+------------------+------------+-----------------------------------+
; Name              ; state.DUMP_PIXELS ; state.FETCH_TILE ; state.SCAN_CHECK ; state.IDLE ; state.DONE                        ;
+-------------------+-------------------+------------------+------------------+------------+-----------------------------------+
; state.IDLE        ; 0                 ; 0                ; 0                ; 0          ; 0                                 ;
; state.SCAN_CHECK  ; 0                 ; 0                ; 1                ; 1          ; 0                                 ;
; state.FETCH_TILE  ; 0                 ; 1                ; 0                ; 1          ; 0                                 ;
; state.DUMP_PIXELS ; 1                 ; 0                ; 0                ; 1          ; 0                                 ;
; state.DONE        ; 0                 ; 0                ; 0                ; 1          ; 1                                 ;
+-------------------+-------------------+------------------+------------------+------------+-----------------------------------+


Encoding Type:  One-Hot
+---------------------------------------------------------------------------------------------------------------------------------------------------------------+
; State Machine - |chipInterface|gameboy:dut|PPU_Wrapper:ppu|Pixel_Gen:Pixel_Gen_inst|Render_BG:render_bg_inst|state                                            ;
+--------------------------+---------------+-------------------------+--------------------------+-------------------------+---------------------+---------------+
; Name                     ; state.BG_DONE ; state.BG_PROCESS_PIXELS ; state.BG_FETCH_TILE_DATA ; state.BG_FETCH_TILE_MAP ; state.BG_FETCH_TILE ; state.BG_IDLE ;
+--------------------------+---------------+-------------------------+--------------------------+-------------------------+---------------------+---------------+
; state.BG_IDLE            ; 0             ; 0                       ; 0                        ; 0                       ; 0                   ; 0             ;
; state.BG_FETCH_TILE      ; 0             ; 0                       ; 0                        ; 0                       ; 1                   ; 1             ;
; state.BG_FETCH_TILE_MAP  ; 0             ; 0                       ; 0                        ; 1                       ; 0                   ; 1             ;
; state.BG_FETCH_TILE_DATA ; 0             ; 0                       ; 1                        ; 0                       ; 0                   ; 1             ;
; state.BG_PROCESS_PIXELS  ; 0             ; 1                       ; 0                        ; 0                       ; 0                   ; 1             ;
; state.BG_DONE            ; 1             ; 0                       ; 0                        ; 0                       ; 0                   ; 1             ;
+--------------------------+---------------+-------------------------+--------------------------+-------------------------+---------------------+---------------+


Encoding Type:  One-Hot
+----------------------------------------------------------------------------------------+
; State Machine - |chipInterface|gameboy:dut|PPU_Wrapper:ppu|OAM_Search:oam_search|state ;
+-----------------+----------------+----------------+-----------------+------------------+
; Name            ; state.OAM_DONE ; state.OAM_SORT ; state.OAM_FETCH ; state.OAM_IDLE   ;
+-----------------+----------------+----------------+-----------------+------------------+
; state.OAM_IDLE  ; 0              ; 0              ; 0               ; 0                ;
; state.OAM_FETCH ; 0              ; 0              ; 1               ; 1                ;
; state.OAM_SORT  ; 0              ; 1              ; 0               ; 1                ;
; state.OAM_DONE  ; 1              ; 0              ; 0               ; 1                ;
+-----------------+----------------+----------------+-----------------+------------------+


Encoding Type:  One-Hot
+-----------------------------------------------------------------------------------------------------------+
; State Machine - |chipInterface|gameboy:dut|MMU:mmu|BRAM_handler:memory_units|DMA_controller:dma_guy|state ;
+----------------+----------------+---------------+---------------+-----------------------------------------+
; Name           ; state.FINISHED ; state.WRITING ; state.READING ; state.IDLE                              ;
+----------------+----------------+---------------+---------------+-----------------------------------------+
; state.IDLE     ; 0              ; 0             ; 0             ; 0                                       ;
; state.READING  ; 0              ; 0             ; 1             ; 1                                       ;
; state.WRITING  ; 0              ; 1             ; 0             ; 1                                       ;
; state.FINISHED ; 1              ; 0             ; 0             ; 1                                       ;
+----------------+----------------+---------------+---------------+-----------------------------------------+


+------------------------------------------------------------------------------------------------------------------------------------------------------------------------------------------------------------------------------------+
; Registers Removed During Synthesis                                                                                                                                                                                                 ;
+-----------------------------------------------------------------------------------------------------------------+------------------------------------------------------------------------------------------------------------------+
; Register name                                                                                                   ; Reason for Removal                                                                                               ;
+-----------------------------------------------------------------------------------------------------------------+------------------------------------------------------------------------------------------------------------------+
; gameboy:dut|MMU:mmu|BRAM_handler:memory_units|MM_out_chooser:memory_out_muxer|ppu_select[4,5]                   ; Stuck at GND due to stuck port data_in                                                                           ;
; gameboy:dut|MMU:mmu|BRAM_handler:memory_units|MM_out_chooser:memory_out_muxer|cpu_select[4,5]                   ; Stuck at GND due to stuck port data_in                                                                           ;
; gameboy:dut|MMU:mmu|BRAM_handler:memory_units|MM_out_chooser:memory_out_muxer|ppu_memory_selector[4,5]          ; Stuck at GND due to stuck port data_in                                                                           ;
; gameboy:dut|MMU:mmu|BRAM_handler:memory_units|MM_out_chooser:memory_out_muxer|cpu_memory_selector[4,5]          ; Stuck at GND due to stuck port data_in                                                                           ;
; gameboy:dut|MMU:mmu|IO_handler:io_registers|NR52_R[4..6]                                                        ; Stuck at VCC due to stuck port data_in                                                                           ;
; gameboy:dut|cpu:cpu|regfile:regfile|regs[6][0]                                                                  ; Stuck at GND due to stuck port data_in                                                                           ;
; gameboy:dut|cpu:cpu|regfile:regfile|regs[6][1]                                                                  ; Stuck at GND due to stuck port data_in                                                                           ;
; gameboy:dut|cpu:cpu|regfile:regfile|regs[6][2]                                                                  ; Stuck at GND due to stuck port data_in                                                                           ;
; gameboy:dut|cpu:cpu|regfile:regfile|regs[6][3]                                                                  ; Stuck at GND due to stuck port data_in                                                                           ;
; gameboy:dut|PPU_Wrapper:ppu|Pixel_Gen:Pixel_Gen_inst|Render_Sprites:render_sprites_inst|candidate_pixel.y[0..9] ; Lost fanout                                                                                                      ;
; gameboy:dut|PPU_Wrapper:ppu|Pixel_Gen:Pixel_Gen_inst|Render_Sprites:render_sprites_inst|candidate_pixel.x[0..9] ; Lost fanout                                                                                                      ;
; gameboy:dut|PPU_Wrapper:ppu|Pixel_Gen:Pixel_Gen_inst|Render_BG:render_bg_inst|bg_pixel.sprite_priority          ; Lost fanout                                                                                                      ;
; gameboy:dut|PPU_Wrapper:ppu|Pixel_Gen:Pixel_Gen_inst|Render_BG:render_bg_inst|bg_pixel.y[0..9]                  ; Lost fanout                                                                                                      ;
; gameboy:dut|PPU_Wrapper:ppu|Pixel_Gen:Pixel_Gen_inst|Render_BG:render_bg_inst|bg_pixel.x[0..9]                  ; Lost fanout                                                                                                      ;
; gameboy:dut|PPU_Wrapper:ppu|OAM_Search:oam_search|oam_port1_addr[0]                                             ; Stuck at GND due to stuck port data_in                                                                           ;
; gameboy:dut|PPU_Wrapper:ppu|OAM_Search:oam_search|oam_port1_addr[1]                                             ; Stuck at VCC due to stuck port data_in                                                                           ;
; gameboy:dut|PPU_Wrapper:ppu|OAM_Search:oam_search|oam_port1_addr[8]                                             ; Stuck at GND due to stuck port data_in                                                                           ;
; gameboy:dut|PPU_Wrapper:ppu|OAM_Search:oam_search|oam_port1_addr[9..15]                                         ; Stuck at VCC due to stuck port data_in                                                                           ;
; gameboy:dut|PPU_Wrapper:ppu|OAM_Search:oam_search|oam_port0_addr[0,1,8]                                         ; Stuck at GND due to stuck port data_in                                                                           ;
; gameboy:dut|PPU_Wrapper:ppu|OAM_Search:oam_search|oam_port0_addr[9..15]                                         ; Stuck at VCC due to stuck port data_in                                                                           ;
; gameboy:dut|PPU_Wrapper:ppu|Pixel_Gen:Pixel_Gen_inst|Render_BG:render_bg_inst|pixel_total[2]                    ; Merged with gameboy:dut|PPU_Wrapper:ppu|Pixel_Gen:Pixel_Gen_inst|Render_BG:render_bg_inst|pixel_total[1]         ;
; gameboy:dut|PPU_Wrapper:ppu|OAM_Search:oam_search|selected_sprites_reg[9].y[4..7]                               ; Lost fanout                                                                                                      ;
; gameboy:dut|PPU_Wrapper:ppu|OAM_Search:oam_search|selected_sprites_reg[8].y[4..7]                               ; Lost fanout                                                                                                      ;
; gameboy:dut|PPU_Wrapper:ppu|OAM_Search:oam_search|selected_sprites_reg[7].y[4..7]                               ; Lost fanout                                                                                                      ;
; gameboy:dut|PPU_Wrapper:ppu|OAM_Search:oam_search|selected_sprites_reg[6].y[4..7]                               ; Lost fanout                                                                                                      ;
; gameboy:dut|PPU_Wrapper:ppu|OAM_Search:oam_search|selected_sprites_reg[5].y[4..7]                               ; Lost fanout                                                                                                      ;
; gameboy:dut|PPU_Wrapper:ppu|OAM_Search:oam_search|selected_sprites_reg[4].y[4..7]                               ; Lost fanout                                                                                                      ;
; gameboy:dut|PPU_Wrapper:ppu|OAM_Search:oam_search|selected_sprites_reg[3].y[4..7]                               ; Lost fanout                                                                                                      ;
; gameboy:dut|PPU_Wrapper:ppu|OAM_Search:oam_search|selected_sprites_reg[2].y[4..7]                               ; Lost fanout                                                                                                      ;
; gameboy:dut|PPU_Wrapper:ppu|OAM_Search:oam_search|selected_sprites_reg[1].y[4..7]                               ; Lost fanout                                                                                                      ;
; gameboy:dut|PPU_Wrapper:ppu|OAM_Search:oam_search|selected_sprites_reg[0].y[4..7]                               ; Lost fanout                                                                                                      ;
; gameboy:dut|PPU_Wrapper:ppu|Pixel_Gen:Pixel_Gen_inst|Render_BG:render_bg_inst|pixel_total[1]                    ; Merged with gameboy:dut|PPU_Wrapper:ppu|Pixel_Gen:Pixel_Gen_inst|Render_BG:render_bg_inst|pixel_total[0]         ;
; gameboy:dut|PPU_Wrapper:ppu|OAM_Search:oam_search|sort_j[1]                                                     ; Merged with gameboy:dut|PPU_Wrapper:ppu|OAM_Search:oam_search|sort_j[0]                                          ;
; gameboy:dut|MMU:mmu|IO_handler:io_registers|NR52_R[2,3]                                                         ; Merged with gameboy:dut|MMU:mmu|IO_handler:io_registers|NR52_R[1]                                                ;
; gameboy:dut|PPU_Wrapper:ppu|OAM_Search:oam_search|oam_port1_addr[2]                                             ; Merged with gameboy:dut|PPU_Wrapper:ppu|OAM_Search:oam_search|oam_port0_addr[2]                                  ;
; gameboy:dut|PPU_Wrapper:ppu|OAM_Search:oam_search|oam_port1_addr[3]                                             ; Merged with gameboy:dut|PPU_Wrapper:ppu|OAM_Search:oam_search|oam_port0_addr[3]                                  ;
; gameboy:dut|PPU_Wrapper:ppu|OAM_Search:oam_search|oam_port1_addr[4]                                             ; Merged with gameboy:dut|PPU_Wrapper:ppu|OAM_Search:oam_search|oam_port0_addr[4]                                  ;
; gameboy:dut|PPU_Wrapper:ppu|OAM_Search:oam_search|oam_port1_addr[5]                                             ; Merged with gameboy:dut|PPU_Wrapper:ppu|OAM_Search:oam_search|oam_port0_addr[5]                                  ;
; gameboy:dut|PPU_Wrapper:ppu|OAM_Search:oam_search|oam_port1_addr[6]                                             ; Merged with gameboy:dut|PPU_Wrapper:ppu|OAM_Search:oam_search|oam_port0_addr[6]                                  ;
; gameboy:dut|PPU_Wrapper:ppu|OAM_Search:oam_search|oam_port1_addr[7]                                             ; Merged with gameboy:dut|PPU_Wrapper:ppu|OAM_Search:oam_search|oam_port0_addr[7]                                  ;
; gameboy:dut|MMU:mmu|BRAM_handler:memory_units|MM_out_chooser:memory_out_muxer|dma_memory_selector[5]            ; Merged with gameboy:dut|MMU:mmu|BRAM_handler:memory_units|MM_out_chooser:memory_out_muxer|dma_memory_selector[4] ;
; gameboy:dut|MMU:mmu|BRAM_handler:memory_units|MM_out_chooser:memory_out_muxer|dma_select[5]                     ; Merged with gameboy:dut|MMU:mmu|BRAM_handler:memory_units|MM_out_chooser:memory_out_muxer|dma_select[4]          ;
; gameboy:dut|PPU_Wrapper:ppu|Pixel_Gen:Pixel_Gen_inst|Render_BG:render_bg_inst|pixel_total[0]                    ; Stuck at GND due to stuck port data_in                                                                           ;
; gameboy:dut|MMU:mmu|BRAM_handler:memory_units|MM_out_chooser:memory_out_muxer|dma_select[4]                     ; Stuck at GND due to stuck port data_in                                                                           ;
; gameboy:dut|MMU:mmu|BRAM_handler:memory_units|MM_out_chooser:memory_out_muxer|dma_memory_selector[4]            ; Stuck at GND due to stuck port data_in                                                                           ;
; gameboy:dut|MMU:mmu|IO_handler:io_registers|NR52_R[1]                                                           ; Stuck at GND due to stuck port data_in                                                                           ;
; gameboy:dut|MMU:mmu|BRAM_handler:memory_units|DMA_controller:dma_guy|Counter:dma_addr_cnter|Q[0]                ; Merged with gameboy:dut|MMU:mmu|BRAM_handler:memory_units|DMA_controller:dma_guy|Counter:oam_addr_cnter|Q[0]     ;
; gameboy:dut|MMU:mmu|BRAM_handler:memory_units|DMA_controller:dma_guy|Counter:dma_addr_cnter|Q[1]                ; Merged with gameboy:dut|MMU:mmu|BRAM_handler:memory_units|DMA_controller:dma_guy|Counter:oam_addr_cnter|Q[1]     ;
; gameboy:dut|MMU:mmu|BRAM_handler:memory_units|DMA_controller:dma_guy|Counter:dma_addr_cnter|Q[2]                ; Merged with gameboy:dut|MMU:mmu|BRAM_handler:memory_units|DMA_controller:dma_guy|Counter:oam_addr_cnter|Q[2]     ;
; gameboy:dut|MMU:mmu|BRAM_handler:memory_units|DMA_controller:dma_guy|Counter:dma_addr_cnter|Q[3]                ; Merged with gameboy:dut|MMU:mmu|BRAM_handler:memory_units|DMA_controller:dma_guy|Counter:oam_addr_cnter|Q[3]     ;
; gameboy:dut|MMU:mmu|BRAM_handler:memory_units|DMA_controller:dma_guy|Counter:dma_addr_cnter|Q[4]                ; Merged with gameboy:dut|MMU:mmu|BRAM_handler:memory_units|DMA_controller:dma_guy|Counter:oam_addr_cnter|Q[4]     ;
; gameboy:dut|MMU:mmu|BRAM_handler:memory_units|DMA_controller:dma_guy|Counter:dma_addr_cnter|Q[5]                ; Merged with gameboy:dut|MMU:mmu|BRAM_handler:memory_units|DMA_controller:dma_guy|Counter:oam_addr_cnter|Q[5]     ;
; gameboy:dut|MMU:mmu|BRAM_handler:memory_units|DMA_controller:dma_guy|Counter:dma_addr_cnter|Q[6]                ; Merged with gameboy:dut|MMU:mmu|BRAM_handler:memory_units|DMA_controller:dma_guy|Counter:oam_addr_cnter|Q[6]     ;
; gameboy:dut|MMU:mmu|BRAM_handler:memory_units|DMA_controller:dma_guy|Counter:dma_addr_cnter|Q[7]                ; Merged with gameboy:dut|MMU:mmu|BRAM_handler:memory_units|DMA_controller:dma_guy|Counter:oam_addr_cnter|Q[7]     ;
; gameboy:dut|MMU:mmu|BRAM_handler:memory_units|MM_out_chooser:memory_out_muxer|cpu_memory_selector[3]            ; Lost fanout                                                                                                      ;
; gameboy:dut|MMU:mmu|BRAM_handler:memory_units|MM_out_chooser:memory_out_muxer|cpu_select[3]                     ; Lost fanout                                                                                                      ;
; gameboy:dut|MMU:mmu|BRAM_handler:memory_units|MM_out_chooser:memory_out_muxer|dma_memory_selector[3]            ; Lost fanout                                                                                                      ;
; gameboy:dut|MMU:mmu|BRAM_handler:memory_units|MM_out_chooser:memory_out_muxer|dma_select[3]                     ; Lost fanout                                                                                                      ;
; gameboy:dut|MMU:mmu|BRAM_handler:memory_units|MM_out_chooser:memory_out_muxer|ppu_memory_selector[1]            ; Lost fanout                                                                                                      ;
; gameboy:dut|MMU:mmu|BRAM_handler:memory_units|MM_out_chooser:memory_out_muxer|ppu_select[1]                     ; Lost fanout                                                                                                      ;
; gameboy:dut|MMU:mmu|BRAM_handler:memory_units|MM_out_chooser:memory_out_muxer|ppu_memory_selector[3]            ; Lost fanout                                                                                                      ;
; gameboy:dut|MMU:mmu|BRAM_handler:memory_units|MM_out_chooser:memory_out_muxer|ppu_select[3]                     ; Lost fanout                                                                                                      ;
; gameboy:dut|MMU:mmu|IO_handler:io_registers|STAT_R[7]                                                           ; Stuck at VCC due to stuck port data_in                                                                           ;
; gameboy:dut|PPU_Wrapper:ppu|OAM_Search:oam_search|sort_j[0]                                                     ; Stuck at GND due to stuck port data_in                                                                           ;
; gameboy:dut|MMU:mmu|IO_handler:io_registers|APU_R.NR4x_R[4][0]                                                  ; Stuck at GND due to stuck port data_in                                                                           ;
; gameboy:dut|MMU:mmu|IO_handler:io_registers|APU_R.NR4x_R[5][0]                                                  ; Stuck at GND due to stuck port data_in                                                                           ;
; gameboy:dut|MMU:mmu|IO_handler:io_registers|APU_R.NR4x_R[5][1]                                                  ; Lost fanout                                                                                                      ;
; gameboy:dut|MMU:mmu|IO_handler:io_registers|APU_R.NR4x_R[4][1]                                                  ; Stuck at GND due to stuck port data_in                                                                           ;
; gameboy:dut|MMU:mmu|IO_handler:io_registers|APU_R.NR1x_R[5][1]                                                  ; Lost fanout                                                                                                      ;
; gameboy:dut|MMU:mmu|IO_handler:io_registers|APU_R.NR4x_R[5][2]                                                  ; Lost fanout                                                                                                      ;
; gameboy:dut|MMU:mmu|IO_handler:io_registers|APU_R.NR4x_R[4][2]                                                  ; Stuck at GND due to stuck port data_in                                                                           ;
; gameboy:dut|MMU:mmu|IO_handler:io_registers|APU_R.NR1x_R[5][2]                                                  ; Lost fanout                                                                                                      ;
; gameboy:dut|MMU:mmu|IO_handler:io_registers|APU_R.NR4x_R[5][3]                                                  ; Lost fanout                                                                                                      ;
; gameboy:dut|MMU:mmu|IO_handler:io_registers|APU_R.NR4x_R[4][3]                                                  ; Stuck at GND due to stuck port data_in                                                                           ;
; gameboy:dut|MMU:mmu|IO_handler:io_registers|APU_R.NR1x_R[5][3]                                                  ; Lost fanout                                                                                                      ;
; gameboy:dut|MMU:mmu|IO_handler:io_registers|APU_R.NR4x_R[5][4]                                                  ; Lost fanout                                                                                                      ;
; gameboy:dut|MMU:mmu|IO_handler:io_registers|APU_R.NR4x_R[4][4]                                                  ; Stuck at GND due to stuck port data_in                                                                           ;
; gameboy:dut|MMU:mmu|IO_handler:io_registers|APU_R.NR1x_R[5][4]                                                  ; Lost fanout                                                                                                      ;
; gameboy:dut|MMU:mmu|IO_handler:io_registers|APU_R.NR4x_R[5][5]                                                  ; Lost fanout                                                                                                      ;
; gameboy:dut|MMU:mmu|IO_handler:io_registers|APU_R.NR4x_R[4][5]                                                  ; Stuck at GND due to stuck port data_in                                                                           ;
; gameboy:dut|MMU:mmu|IO_handler:io_registers|APU_R.NR1x_R[5][5]                                                  ; Lost fanout                                                                                                      ;
; gameboy:dut|MMU:mmu|IO_handler:io_registers|APU_R.NR4x_R[4][6]                                                  ; Stuck at GND due to stuck port data_in                                                                           ;
; gameboy:dut|MMU:mmu|IO_handler:io_registers|APU_R.NR4x_R[5][6]                                                  ; Stuck at GND due to stuck port data_in                                                                           ;
; gameboy:dut|MMU:mmu|IO_handler:io_registers|APU_R.NR4x_R[4][7]                                                  ; Stuck at GND due to stuck port data_in                                                                           ;
; gameboy:dut|MMU:mmu|IO_handler:io_registers|APU_R.NR4x_R[5][7]                                                  ; Stuck at GND due to stuck port data_in                                                                           ;
; gameboy:dut|PPU_Wrapper:ppu|Pixel_Gen:Pixel_Gen_inst|Render_Sprites:render_sprites_inst|state~2                 ; Lost fanout                                                                                                      ;
; gameboy:dut|PPU_Wrapper:ppu|Pixel_Gen:Pixel_Gen_inst|Render_Sprites:render_sprites_inst|state~3                 ; Lost fanout                                                                                                      ;
; gameboy:dut|PPU_Wrapper:ppu|Pixel_Gen:Pixel_Gen_inst|Render_BG:render_bg_inst|state~2                           ; Lost fanout                                                                                                      ;
; gameboy:dut|PPU_Wrapper:ppu|Pixel_Gen:Pixel_Gen_inst|Render_BG:render_bg_inst|state~3                           ; Lost fanout                                                                                                      ;
; gameboy:dut|PPU_Wrapper:ppu|Pixel_Gen:Pixel_Gen_inst|Render_BG:render_bg_inst|state~4                           ; Lost fanout                                                                                                      ;
; gameboy:dut|PPU_Wrapper:ppu|OAM_Search:oam_search|state~2                                                       ; Lost fanout                                                                                                      ;
; gameboy:dut|PPU_Wrapper:ppu|OAM_Search:oam_search|state~3                                                       ; Lost fanout                                                                                                      ;
; gameboy:dut|MMU:mmu|BRAM_handler:memory_units|DMA_controller:dma_guy|state~2                                    ; Lost fanout                                                                                                      ;
; gameboy:dut|MMU:mmu|BRAM_handler:memory_units|DMA_controller:dma_guy|state~3                                    ; Lost fanout                                                                                                      ;
; gameboy:dut|MMU:mmu|BRAM_handler:memory_units|DMA_controller:dma_guy|state~4                                    ; Lost fanout                                                                                                      ;
; gameboy:dut|PPU_Wrapper:ppu|Pixel_Gen:Pixel_Gen_inst|FIFO:sprite_fifo_inst|rd_ptr[0]                            ; Merged with gameboy:dut|PPU_Wrapper:ppu|Pixel_Gen:Pixel_Gen_inst|FIFO:bg_fifo_inst|rd_ptr[0]                     ;
; gameboy:dut|PPU_Wrapper:ppu|Pixel_Gen:Pixel_Gen_inst|FIFO:sprite_fifo_inst|rd_ptr[5]                            ; Merged with gameboy:dut|PPU_Wrapper:ppu|Pixel_Gen:Pixel_Gen_inst|FIFO:bg_fifo_inst|rd_ptr[5]                     ;
; gameboy:dut|PPU_Wrapper:ppu|Pixel_Gen:Pixel_Gen_inst|FIFO:sprite_fifo_inst|rd_ptr[4]                            ; Merged with gameboy:dut|PPU_Wrapper:ppu|Pixel_Gen:Pixel_Gen_inst|FIFO:bg_fifo_inst|rd_ptr[4]                     ;
; gameboy:dut|PPU_Wrapper:ppu|Pixel_Gen:Pixel_Gen_inst|FIFO:sprite_fifo_inst|rd_ptr[3]                            ; Merged with gameboy:dut|PPU_Wrapper:ppu|Pixel_Gen:Pixel_Gen_inst|FIFO:bg_fifo_inst|rd_ptr[3]                     ;
; gameboy:dut|PPU_Wrapper:ppu|Pixel_Gen:Pixel_Gen_inst|FIFO:sprite_fifo_inst|rd_ptr[2]                            ; Merged with gameboy:dut|PPU_Wrapper:ppu|Pixel_Gen:Pixel_Gen_inst|FIFO:bg_fifo_inst|rd_ptr[2]                     ;
; gameboy:dut|PPU_Wrapper:ppu|Pixel_Gen:Pixel_Gen_inst|FIFO:sprite_fifo_inst|rd_ptr[1]                            ; Merged with gameboy:dut|PPU_Wrapper:ppu|Pixel_Gen:Pixel_Gen_inst|FIFO:bg_fifo_inst|rd_ptr[1]                     ;
; gameboy:dut|PPU_Wrapper:ppu|Pixel_Gen:Pixel_Gen_inst|Render_BG:render_bg_inst|scx_latched[0..2]                 ; Lost fanout                                                                                                      ;
; Total Number of Removed Registers = 191                                                                         ;                                                                                                                  ;
+-----------------------------------------------------------------------------------------------------------------+------------------------------------------------------------------------------------------------------------------+


+---------------------------------------------------------------------------------------------------------------------------------------------------------------------------------------------------------------------------------+
; Removed Registers Triggering Further Register Optimizations                                                                                                                                                                     ;
+---------------------------------------------------------------------------------------------+---------------------------+-------------------------------------------------------------------------------------------------------+
; Register name                                                                               ; Reason for Removal        ; Registers Removed due to This Register                                                                ;
+---------------------------------------------------------------------------------------------+---------------------------+-------------------------------------------------------------------------------------------------------+
; gameboy:dut|cpu:cpu|regfile:regfile|regs[6][1]                                              ; Stuck at GND              ; gameboy:dut|PPU_Wrapper:ppu|OAM_Search:oam_search|selected_sprites_reg[9].y[6],                       ;
;                                                                                             ; due to stuck port data_in ; gameboy:dut|PPU_Wrapper:ppu|OAM_Search:oam_search|selected_sprites_reg[9].y[5],                       ;
;                                                                                             ;                           ; gameboy:dut|PPU_Wrapper:ppu|OAM_Search:oam_search|selected_sprites_reg[9].y[4],                       ;
;                                                                                             ;                           ; gameboy:dut|PPU_Wrapper:ppu|OAM_Search:oam_search|selected_sprites_reg[9].y[7],                       ;
;                                                                                             ;                           ; gameboy:dut|PPU_Wrapper:ppu|OAM_Search:oam_search|selected_sprites_reg[8].y[4],                       ;
;                                                                                             ;                           ; gameboy:dut|PPU_Wrapper:ppu|OAM_Search:oam_search|selected_sprites_reg[8].y[5],                       ;
;                                                                                             ;                           ; gameboy:dut|PPU_Wrapper:ppu|OAM_Search:oam_search|selected_sprites_reg[8].y[6],                       ;
;                                                                                             ;                           ; gameboy:dut|PPU_Wrapper:ppu|OAM_Search:oam_search|selected_sprites_reg[8].y[7],                       ;
;                                                                                             ;                           ; gameboy:dut|PPU_Wrapper:ppu|OAM_Search:oam_search|selected_sprites_reg[7].y[4],                       ;
;                                                                                             ;                           ; gameboy:dut|PPU_Wrapper:ppu|OAM_Search:oam_search|selected_sprites_reg[7].y[5],                       ;
;                                                                                             ;                           ; gameboy:dut|PPU_Wrapper:ppu|OAM_Search:oam_search|selected_sprites_reg[7].y[6],                       ;
;                                                                                             ;                           ; gameboy:dut|PPU_Wrapper:ppu|OAM_Search:oam_search|selected_sprites_reg[7].y[7],                       ;
;                                                                                             ;                           ; gameboy:dut|PPU_Wrapper:ppu|OAM_Search:oam_search|selected_sprites_reg[6].y[4],                       ;
;                                                                                             ;                           ; gameboy:dut|PPU_Wrapper:ppu|OAM_Search:oam_search|selected_sprites_reg[6].y[5],                       ;
;                                                                                             ;                           ; gameboy:dut|PPU_Wrapper:ppu|OAM_Search:oam_search|selected_sprites_reg[6].y[6],                       ;
;                                                                                             ;                           ; gameboy:dut|PPU_Wrapper:ppu|OAM_Search:oam_search|selected_sprites_reg[6].y[7],                       ;
;                                                                                             ;                           ; gameboy:dut|PPU_Wrapper:ppu|OAM_Search:oam_search|selected_sprites_reg[5].y[4],                       ;
;                                                                                             ;                           ; gameboy:dut|PPU_Wrapper:ppu|OAM_Search:oam_search|selected_sprites_reg[5].y[5],                       ;
;                                                                                             ;                           ; gameboy:dut|PPU_Wrapper:ppu|OAM_Search:oam_search|selected_sprites_reg[5].y[6],                       ;
;                                                                                             ;                           ; gameboy:dut|PPU_Wrapper:ppu|OAM_Search:oam_search|selected_sprites_reg[5].y[7],                       ;
;                                                                                             ;                           ; gameboy:dut|PPU_Wrapper:ppu|OAM_Search:oam_search|selected_sprites_reg[4].y[4],                       ;
;                                                                                             ;                           ; gameboy:dut|PPU_Wrapper:ppu|OAM_Search:oam_search|selected_sprites_reg[4].y[5],                       ;
;                                                                                             ;                           ; gameboy:dut|PPU_Wrapper:ppu|OAM_Search:oam_search|selected_sprites_reg[4].y[6],                       ;
;                                                                                             ;                           ; gameboy:dut|PPU_Wrapper:ppu|OAM_Search:oam_search|selected_sprites_reg[4].y[7],                       ;
;                                                                                             ;                           ; gameboy:dut|PPU_Wrapper:ppu|OAM_Search:oam_search|selected_sprites_reg[3].y[4],                       ;
;                                                                                             ;                           ; gameboy:dut|PPU_Wrapper:ppu|OAM_Search:oam_search|selected_sprites_reg[3].y[5],                       ;
;                                                                                             ;                           ; gameboy:dut|PPU_Wrapper:ppu|OAM_Search:oam_search|selected_sprites_reg[3].y[6],                       ;
;                                                                                             ;                           ; gameboy:dut|PPU_Wrapper:ppu|OAM_Search:oam_search|selected_sprites_reg[3].y[7],                       ;
;                                                                                             ;                           ; gameboy:dut|PPU_Wrapper:ppu|OAM_Search:oam_search|selected_sprites_reg[2].y[4],                       ;
;                                                                                             ;                           ; gameboy:dut|PPU_Wrapper:ppu|OAM_Search:oam_search|selected_sprites_reg[2].y[5],                       ;
;                                                                                             ;                           ; gameboy:dut|PPU_Wrapper:ppu|OAM_Search:oam_search|selected_sprites_reg[2].y[6],                       ;
;                                                                                             ;                           ; gameboy:dut|PPU_Wrapper:ppu|OAM_Search:oam_search|selected_sprites_reg[2].y[7],                       ;
;                                                                                             ;                           ; gameboy:dut|PPU_Wrapper:ppu|OAM_Search:oam_search|selected_sprites_reg[1].y[4],                       ;
;                                                                                             ;                           ; gameboy:dut|PPU_Wrapper:ppu|OAM_Search:oam_search|selected_sprites_reg[1].y[5],                       ;
;                                                                                             ;                           ; gameboy:dut|PPU_Wrapper:ppu|OAM_Search:oam_search|selected_sprites_reg[1].y[6],                       ;
;                                                                                             ;                           ; gameboy:dut|PPU_Wrapper:ppu|OAM_Search:oam_search|selected_sprites_reg[1].y[7],                       ;
;                                                                                             ;                           ; gameboy:dut|PPU_Wrapper:ppu|OAM_Search:oam_search|selected_sprites_reg[0].y[4],                       ;
;                                                                                             ;                           ; gameboy:dut|PPU_Wrapper:ppu|OAM_Search:oam_search|selected_sprites_reg[0].y[5],                       ;
;                                                                                             ;                           ; gameboy:dut|PPU_Wrapper:ppu|OAM_Search:oam_search|selected_sprites_reg[0].y[6],                       ;
;                                                                                             ;                           ; gameboy:dut|PPU_Wrapper:ppu|OAM_Search:oam_search|selected_sprites_reg[0].y[7]                        ;
; gameboy:dut|cpu:cpu|regfile:regfile|regs[6][0]                                              ; Stuck at GND              ; gameboy:dut|MMU:mmu|IO_handler:io_registers|APU_R.NR4x_R[4][0],                                       ;
;                                                                                             ; due to stuck port data_in ; gameboy:dut|MMU:mmu|IO_handler:io_registers|APU_R.NR4x_R[5][0],                                       ;
;                                                                                             ;                           ; gameboy:dut|MMU:mmu|IO_handler:io_registers|APU_R.NR4x_R[4][1],                                       ;
;                                                                                             ;                           ; gameboy:dut|MMU:mmu|IO_handler:io_registers|APU_R.NR4x_R[4][2],                                       ;
;                                                                                             ;                           ; gameboy:dut|MMU:mmu|IO_handler:io_registers|APU_R.NR4x_R[4][3],                                       ;
;                                                                                             ;                           ; gameboy:dut|MMU:mmu|IO_handler:io_registers|APU_R.NR4x_R[4][4],                                       ;
;                                                                                             ;                           ; gameboy:dut|MMU:mmu|IO_handler:io_registers|APU_R.NR4x_R[4][5],                                       ;
;                                                                                             ;                           ; gameboy:dut|MMU:mmu|IO_handler:io_registers|APU_R.NR4x_R[4][6],                                       ;
;                                                                                             ;                           ; gameboy:dut|MMU:mmu|IO_handler:io_registers|APU_R.NR4x_R[5][6],                                       ;
;                                                                                             ;                           ; gameboy:dut|MMU:mmu|IO_handler:io_registers|APU_R.NR4x_R[4][7],                                       ;
;                                                                                             ;                           ; gameboy:dut|MMU:mmu|IO_handler:io_registers|APU_R.NR4x_R[5][7]                                        ;
; gameboy:dut|MMU:mmu|BRAM_handler:memory_units|MM_out_chooser:memory_out_muxer|ppu_select[4] ; Stuck at GND              ; gameboy:dut|MMU:mmu|BRAM_handler:memory_units|MM_out_chooser:memory_out_muxer|ppu_memory_selector[4], ;
;                                                                                             ; due to stuck port data_in ; gameboy:dut|MMU:mmu|BRAM_handler:memory_units|MM_out_chooser:memory_out_muxer|ppu_memory_selector[1], ;
;                                                                                             ;                           ; gameboy:dut|MMU:mmu|BRAM_handler:memory_units|MM_out_chooser:memory_out_muxer|ppu_select[1],          ;
;                                                                                             ;                           ; gameboy:dut|MMU:mmu|BRAM_handler:memory_units|MM_out_chooser:memory_out_muxer|ppu_memory_selector[3], ;
;                                                                                             ;                           ; gameboy:dut|MMU:mmu|BRAM_handler:memory_units|MM_out_chooser:memory_out_muxer|ppu_select[3]           ;
; gameboy:dut|MMU:mmu|BRAM_handler:memory_units|MM_out_chooser:memory_out_muxer|cpu_select[4] ; Stuck at GND              ; gameboy:dut|MMU:mmu|BRAM_handler:memory_units|MM_out_chooser:memory_out_muxer|cpu_memory_selector[4], ;
;                                                                                             ; due to stuck port data_in ; gameboy:dut|MMU:mmu|BRAM_handler:memory_units|MM_out_chooser:memory_out_muxer|cpu_memory_selector[3], ;
;                                                                                             ;                           ; gameboy:dut|MMU:mmu|BRAM_handler:memory_units|MM_out_chooser:memory_out_muxer|cpu_select[3]           ;
; gameboy:dut|MMU:mmu|BRAM_handler:memory_units|MM_out_chooser:memory_out_muxer|dma_select[4] ; Stuck at GND              ; gameboy:dut|MMU:mmu|BRAM_handler:memory_units|MM_out_chooser:memory_out_muxer|dma_memory_selector[4], ;
;                                                                                             ; due to stuck port data_in ; gameboy:dut|MMU:mmu|BRAM_handler:memory_units|MM_out_chooser:memory_out_muxer|dma_memory_selector[3], ;
;                                                                                             ;                           ; gameboy:dut|MMU:mmu|BRAM_handler:memory_units|MM_out_chooser:memory_out_muxer|dma_select[3]           ;
; gameboy:dut|MMU:mmu|BRAM_handler:memory_units|MM_out_chooser:memory_out_muxer|ppu_select[5] ; Stuck at GND              ; gameboy:dut|MMU:mmu|BRAM_handler:memory_units|MM_out_chooser:memory_out_muxer|ppu_memory_selector[5]  ;
;                                                                                             ; due to stuck port data_in ;                                                                                                       ;
; gameboy:dut|MMU:mmu|BRAM_handler:memory_units|MM_out_chooser:memory_out_muxer|cpu_select[5] ; Stuck at GND              ; gameboy:dut|MMU:mmu|BRAM_handler:memory_units|MM_out_chooser:memory_out_muxer|cpu_memory_selector[5]  ;
;                                                                                             ; due to stuck port data_in ;                                                                                                       ;
+---------------------------------------------------------------------------------------------+---------------------------+-------------------------------------------------------------------------------------------------------+


+------------------------------------------------------+
; General Register Statistics                          ;
+----------------------------------------------+-------+
; Statistic                                    ; Value ;
+----------------------------------------------+-------+
; Total registers                              ; 3307  ;
; Number of registers using Synchronous Clear  ; 204   ;
; Number of registers using Synchronous Load   ; 142   ;
; Number of registers using Asynchronous Clear ; 0     ;
; Number of registers using Asynchronous Load  ; 0     ;
; Number of registers using Clock Enable       ; 3009  ;
; Number of registers using Preset             ; 0     ;
+----------------------------------------------+-------+


+--------------------------------------------------+
; Inverted Register Statistics                     ;
+----------------------------------------+---------+
; Inverted Register                      ; Fan out ;
+----------------------------------------+---------+
; gameboy:dut|cpu_clk                    ; 215     ;
; Total number of inverted registers = 1 ;         ;
+----------------------------------------+---------+


+--------------------------------------------------------------------------------------------------------------------------------------------------------------------------------------------------+
; Registers Added for RAM Pass-Through Logic                                                                                                                                                       ;
+------------------------------------------------------------------------------------------------------+-------------------------------------------------------------------------------------------+
; Register Name                                                                                        ; RAM Name                                                                                  ;
+------------------------------------------------------------------------------------------------------+-------------------------------------------------------------------------------------------+
; gameboy:dut|PPU_Wrapper:ppu|Pixel_Gen:Pixel_Gen_inst|FIFO:bg_fifo_inst|fifo_mem_rtl_0_bypass[0]      ; gameboy:dut|PPU_Wrapper:ppu|Pixel_Gen:Pixel_Gen_inst|FIFO:bg_fifo_inst|fifo_mem_rtl_0     ;
; gameboy:dut|PPU_Wrapper:ppu|Pixel_Gen:Pixel_Gen_inst|FIFO:bg_fifo_inst|fifo_mem_rtl_0_bypass[1]      ; gameboy:dut|PPU_Wrapper:ppu|Pixel_Gen:Pixel_Gen_inst|FIFO:bg_fifo_inst|fifo_mem_rtl_0     ;
; gameboy:dut|PPU_Wrapper:ppu|Pixel_Gen:Pixel_Gen_inst|FIFO:bg_fifo_inst|fifo_mem_rtl_0_bypass[2]      ; gameboy:dut|PPU_Wrapper:ppu|Pixel_Gen:Pixel_Gen_inst|FIFO:bg_fifo_inst|fifo_mem_rtl_0     ;
; gameboy:dut|PPU_Wrapper:ppu|Pixel_Gen:Pixel_Gen_inst|FIFO:bg_fifo_inst|fifo_mem_rtl_0_bypass[3]      ; gameboy:dut|PPU_Wrapper:ppu|Pixel_Gen:Pixel_Gen_inst|FIFO:bg_fifo_inst|fifo_mem_rtl_0     ;
; gameboy:dut|PPU_Wrapper:ppu|Pixel_Gen:Pixel_Gen_inst|FIFO:bg_fifo_inst|fifo_mem_rtl_0_bypass[4]      ; gameboy:dut|PPU_Wrapper:ppu|Pixel_Gen:Pixel_Gen_inst|FIFO:bg_fifo_inst|fifo_mem_rtl_0     ;
; gameboy:dut|PPU_Wrapper:ppu|Pixel_Gen:Pixel_Gen_inst|FIFO:bg_fifo_inst|fifo_mem_rtl_0_bypass[5]      ; gameboy:dut|PPU_Wrapper:ppu|Pixel_Gen:Pixel_Gen_inst|FIFO:bg_fifo_inst|fifo_mem_rtl_0     ;
; gameboy:dut|PPU_Wrapper:ppu|Pixel_Gen:Pixel_Gen_inst|FIFO:bg_fifo_inst|fifo_mem_rtl_0_bypass[6]      ; gameboy:dut|PPU_Wrapper:ppu|Pixel_Gen:Pixel_Gen_inst|FIFO:bg_fifo_inst|fifo_mem_rtl_0     ;
; gameboy:dut|PPU_Wrapper:ppu|Pixel_Gen:Pixel_Gen_inst|FIFO:bg_fifo_inst|fifo_mem_rtl_0_bypass[7]      ; gameboy:dut|PPU_Wrapper:ppu|Pixel_Gen:Pixel_Gen_inst|FIFO:bg_fifo_inst|fifo_mem_rtl_0     ;
; gameboy:dut|PPU_Wrapper:ppu|Pixel_Gen:Pixel_Gen_inst|FIFO:bg_fifo_inst|fifo_mem_rtl_0_bypass[8]      ; gameboy:dut|PPU_Wrapper:ppu|Pixel_Gen:Pixel_Gen_inst|FIFO:bg_fifo_inst|fifo_mem_rtl_0     ;
; gameboy:dut|PPU_Wrapper:ppu|Pixel_Gen:Pixel_Gen_inst|FIFO:bg_fifo_inst|fifo_mem_rtl_0_bypass[9]      ; gameboy:dut|PPU_Wrapper:ppu|Pixel_Gen:Pixel_Gen_inst|FIFO:bg_fifo_inst|fifo_mem_rtl_0     ;
; gameboy:dut|PPU_Wrapper:ppu|Pixel_Gen:Pixel_Gen_inst|FIFO:bg_fifo_inst|fifo_mem_rtl_0_bypass[10]     ; gameboy:dut|PPU_Wrapper:ppu|Pixel_Gen:Pixel_Gen_inst|FIFO:bg_fifo_inst|fifo_mem_rtl_0     ;
; gameboy:dut|PPU_Wrapper:ppu|Pixel_Gen:Pixel_Gen_inst|FIFO:bg_fifo_inst|fifo_mem_rtl_0_bypass[11]     ; gameboy:dut|PPU_Wrapper:ppu|Pixel_Gen:Pixel_Gen_inst|FIFO:bg_fifo_inst|fifo_mem_rtl_0     ;
; gameboy:dut|PPU_Wrapper:ppu|Pixel_Gen:Pixel_Gen_inst|FIFO:bg_fifo_inst|fifo_mem_rtl_0_bypass[12]     ; gameboy:dut|PPU_Wrapper:ppu|Pixel_Gen:Pixel_Gen_inst|FIFO:bg_fifo_inst|fifo_mem_rtl_0     ;
; gameboy:dut|PPU_Wrapper:ppu|Pixel_Gen:Pixel_Gen_inst|FIFO:bg_fifo_inst|fifo_mem_rtl_0_bypass[13]     ; gameboy:dut|PPU_Wrapper:ppu|Pixel_Gen:Pixel_Gen_inst|FIFO:bg_fifo_inst|fifo_mem_rtl_0     ;
; gameboy:dut|PPU_Wrapper:ppu|Pixel_Gen:Pixel_Gen_inst|FIFO:bg_fifo_inst|fifo_mem_rtl_0_bypass[14]     ; gameboy:dut|PPU_Wrapper:ppu|Pixel_Gen:Pixel_Gen_inst|FIFO:bg_fifo_inst|fifo_mem_rtl_0     ;
; gameboy:dut|PPU_Wrapper:ppu|Pixel_Gen:Pixel_Gen_inst|FIFO:bg_fifo_inst|fifo_mem_rtl_0_bypass[15]     ; gameboy:dut|PPU_Wrapper:ppu|Pixel_Gen:Pixel_Gen_inst|FIFO:bg_fifo_inst|fifo_mem_rtl_0     ;
; gameboy:dut|PPU_Wrapper:ppu|Pixel_Gen:Pixel_Gen_inst|FIFO:bg_fifo_inst|fifo_mem_rtl_0_bypass[16]     ; gameboy:dut|PPU_Wrapper:ppu|Pixel_Gen:Pixel_Gen_inst|FIFO:bg_fifo_inst|fifo_mem_rtl_0     ;
; gameboy:dut|PPU_Wrapper:ppu|Pixel_Gen:Pixel_Gen_inst|FIFO:bg_fifo_inst|fifo_mem_rtl_0_bypass[17]     ; gameboy:dut|PPU_Wrapper:ppu|Pixel_Gen:Pixel_Gen_inst|FIFO:bg_fifo_inst|fifo_mem_rtl_0     ;
; gameboy:dut|PPU_Wrapper:ppu|Pixel_Gen:Pixel_Gen_inst|FIFO:bg_fifo_inst|fifo_mem_rtl_0_bypass[18]     ; gameboy:dut|PPU_Wrapper:ppu|Pixel_Gen:Pixel_Gen_inst|FIFO:bg_fifo_inst|fifo_mem_rtl_0     ;
; gameboy:dut|PPU_Wrapper:ppu|Pixel_Gen:Pixel_Gen_inst|FIFO:bg_fifo_inst|fifo_mem_rtl_0_bypass[19]     ; gameboy:dut|PPU_Wrapper:ppu|Pixel_Gen:Pixel_Gen_inst|FIFO:bg_fifo_inst|fifo_mem_rtl_0     ;
; gameboy:dut|PPU_Wrapper:ppu|Pixel_Gen:Pixel_Gen_inst|FIFO:bg_fifo_inst|fifo_mem_rtl_0_bypass[20]     ; gameboy:dut|PPU_Wrapper:ppu|Pixel_Gen:Pixel_Gen_inst|FIFO:bg_fifo_inst|fifo_mem_rtl_0     ;
; gameboy:dut|PPU_Wrapper:ppu|Pixel_Gen:Pixel_Gen_inst|FIFO:bg_fifo_inst|fifo_mem_rtl_0_bypass[21]     ; gameboy:dut|PPU_Wrapper:ppu|Pixel_Gen:Pixel_Gen_inst|FIFO:bg_fifo_inst|fifo_mem_rtl_0     ;
; gameboy:dut|PPU_Wrapper:ppu|Pixel_Gen:Pixel_Gen_inst|FIFO:bg_fifo_inst|fifo_mem_rtl_0_bypass[22]     ; gameboy:dut|PPU_Wrapper:ppu|Pixel_Gen:Pixel_Gen_inst|FIFO:bg_fifo_inst|fifo_mem_rtl_0     ;
; gameboy:dut|PPU_Wrapper:ppu|Pixel_Gen:Pixel_Gen_inst|FIFO:sprite_fifo_inst|fifo_mem_rtl_0_bypass[0]  ; gameboy:dut|PPU_Wrapper:ppu|Pixel_Gen:Pixel_Gen_inst|FIFO:sprite_fifo_inst|fifo_mem_rtl_0 ;
; gameboy:dut|PPU_Wrapper:ppu|Pixel_Gen:Pixel_Gen_inst|FIFO:sprite_fifo_inst|fifo_mem_rtl_0_bypass[1]  ; gameboy:dut|PPU_Wrapper:ppu|Pixel_Gen:Pixel_Gen_inst|FIFO:sprite_fifo_inst|fifo_mem_rtl_0 ;
; gameboy:dut|PPU_Wrapper:ppu|Pixel_Gen:Pixel_Gen_inst|FIFO:sprite_fifo_inst|fifo_mem_rtl_0_bypass[2]  ; gameboy:dut|PPU_Wrapper:ppu|Pixel_Gen:Pixel_Gen_inst|FIFO:sprite_fifo_inst|fifo_mem_rtl_0 ;
; gameboy:dut|PPU_Wrapper:ppu|Pixel_Gen:Pixel_Gen_inst|FIFO:sprite_fifo_inst|fifo_mem_rtl_0_bypass[3]  ; gameboy:dut|PPU_Wrapper:ppu|Pixel_Gen:Pixel_Gen_inst|FIFO:sprite_fifo_inst|fifo_mem_rtl_0 ;
; gameboy:dut|PPU_Wrapper:ppu|Pixel_Gen:Pixel_Gen_inst|FIFO:sprite_fifo_inst|fifo_mem_rtl_0_bypass[4]  ; gameboy:dut|PPU_Wrapper:ppu|Pixel_Gen:Pixel_Gen_inst|FIFO:sprite_fifo_inst|fifo_mem_rtl_0 ;
; gameboy:dut|PPU_Wrapper:ppu|Pixel_Gen:Pixel_Gen_inst|FIFO:sprite_fifo_inst|fifo_mem_rtl_0_bypass[5]  ; gameboy:dut|PPU_Wrapper:ppu|Pixel_Gen:Pixel_Gen_inst|FIFO:sprite_fifo_inst|fifo_mem_rtl_0 ;
; gameboy:dut|PPU_Wrapper:ppu|Pixel_Gen:Pixel_Gen_inst|FIFO:sprite_fifo_inst|fifo_mem_rtl_0_bypass[6]  ; gameboy:dut|PPU_Wrapper:ppu|Pixel_Gen:Pixel_Gen_inst|FIFO:sprite_fifo_inst|fifo_mem_rtl_0 ;
; gameboy:dut|PPU_Wrapper:ppu|Pixel_Gen:Pixel_Gen_inst|FIFO:sprite_fifo_inst|fifo_mem_rtl_0_bypass[7]  ; gameboy:dut|PPU_Wrapper:ppu|Pixel_Gen:Pixel_Gen_inst|FIFO:sprite_fifo_inst|fifo_mem_rtl_0 ;
; gameboy:dut|PPU_Wrapper:ppu|Pixel_Gen:Pixel_Gen_inst|FIFO:sprite_fifo_inst|fifo_mem_rtl_0_bypass[8]  ; gameboy:dut|PPU_Wrapper:ppu|Pixel_Gen:Pixel_Gen_inst|FIFO:sprite_fifo_inst|fifo_mem_rtl_0 ;
; gameboy:dut|PPU_Wrapper:ppu|Pixel_Gen:Pixel_Gen_inst|FIFO:sprite_fifo_inst|fifo_mem_rtl_0_bypass[9]  ; gameboy:dut|PPU_Wrapper:ppu|Pixel_Gen:Pixel_Gen_inst|FIFO:sprite_fifo_inst|fifo_mem_rtl_0 ;
; gameboy:dut|PPU_Wrapper:ppu|Pixel_Gen:Pixel_Gen_inst|FIFO:sprite_fifo_inst|fifo_mem_rtl_0_bypass[10] ; gameboy:dut|PPU_Wrapper:ppu|Pixel_Gen:Pixel_Gen_inst|FIFO:sprite_fifo_inst|fifo_mem_rtl_0 ;
; gameboy:dut|PPU_Wrapper:ppu|Pixel_Gen:Pixel_Gen_inst|FIFO:sprite_fifo_inst|fifo_mem_rtl_0_bypass[11] ; gameboy:dut|PPU_Wrapper:ppu|Pixel_Gen:Pixel_Gen_inst|FIFO:sprite_fifo_inst|fifo_mem_rtl_0 ;
; gameboy:dut|PPU_Wrapper:ppu|Pixel_Gen:Pixel_Gen_inst|FIFO:sprite_fifo_inst|fifo_mem_rtl_0_bypass[12] ; gameboy:dut|PPU_Wrapper:ppu|Pixel_Gen:Pixel_Gen_inst|FIFO:sprite_fifo_inst|fifo_mem_rtl_0 ;
; gameboy:dut|PPU_Wrapper:ppu|Pixel_Gen:Pixel_Gen_inst|FIFO:sprite_fifo_inst|fifo_mem_rtl_0_bypass[13] ; gameboy:dut|PPU_Wrapper:ppu|Pixel_Gen:Pixel_Gen_inst|FIFO:sprite_fifo_inst|fifo_mem_rtl_0 ;
; gameboy:dut|PPU_Wrapper:ppu|Pixel_Gen:Pixel_Gen_inst|FIFO:sprite_fifo_inst|fifo_mem_rtl_0_bypass[14] ; gameboy:dut|PPU_Wrapper:ppu|Pixel_Gen:Pixel_Gen_inst|FIFO:sprite_fifo_inst|fifo_mem_rtl_0 ;
; gameboy:dut|PPU_Wrapper:ppu|Pixel_Gen:Pixel_Gen_inst|FIFO:sprite_fifo_inst|fifo_mem_rtl_0_bypass[15] ; gameboy:dut|PPU_Wrapper:ppu|Pixel_Gen:Pixel_Gen_inst|FIFO:sprite_fifo_inst|fifo_mem_rtl_0 ;
; gameboy:dut|PPU_Wrapper:ppu|Pixel_Gen:Pixel_Gen_inst|FIFO:sprite_fifo_inst|fifo_mem_rtl_0_bypass[16] ; gameboy:dut|PPU_Wrapper:ppu|Pixel_Gen:Pixel_Gen_inst|FIFO:sprite_fifo_inst|fifo_mem_rtl_0 ;
; gameboy:dut|PPU_Wrapper:ppu|Pixel_Gen:Pixel_Gen_inst|FIFO:sprite_fifo_inst|fifo_mem_rtl_0_bypass[17] ; gameboy:dut|PPU_Wrapper:ppu|Pixel_Gen:Pixel_Gen_inst|FIFO:sprite_fifo_inst|fifo_mem_rtl_0 ;
; gameboy:dut|PPU_Wrapper:ppu|Pixel_Gen:Pixel_Gen_inst|FIFO:sprite_fifo_inst|fifo_mem_rtl_0_bypass[18] ; gameboy:dut|PPU_Wrapper:ppu|Pixel_Gen:Pixel_Gen_inst|FIFO:sprite_fifo_inst|fifo_mem_rtl_0 ;
; gameboy:dut|PPU_Wrapper:ppu|Pixel_Gen:Pixel_Gen_inst|FIFO:sprite_fifo_inst|fifo_mem_rtl_0_bypass[19] ; gameboy:dut|PPU_Wrapper:ppu|Pixel_Gen:Pixel_Gen_inst|FIFO:sprite_fifo_inst|fifo_mem_rtl_0 ;
; gameboy:dut|PPU_Wrapper:ppu|Pixel_Gen:Pixel_Gen_inst|FIFO:sprite_fifo_inst|fifo_mem_rtl_0_bypass[20] ; gameboy:dut|PPU_Wrapper:ppu|Pixel_Gen:Pixel_Gen_inst|FIFO:sprite_fifo_inst|fifo_mem_rtl_0 ;
; gameboy:dut|PPU_Wrapper:ppu|Pixel_Gen:Pixel_Gen_inst|FIFO:sprite_fifo_inst|fifo_mem_rtl_0_bypass[21] ; gameboy:dut|PPU_Wrapper:ppu|Pixel_Gen:Pixel_Gen_inst|FIFO:sprite_fifo_inst|fifo_mem_rtl_0 ;
; gameboy:dut|PPU_Wrapper:ppu|Pixel_Gen:Pixel_Gen_inst|FIFO:sprite_fifo_inst|fifo_mem_rtl_0_bypass[22] ; gameboy:dut|PPU_Wrapper:ppu|Pixel_Gen:Pixel_Gen_inst|FIFO:sprite_fifo_inst|fifo_mem_rtl_0 ;
; gameboy:dut|PPU_Wrapper:ppu|Pixel_Gen:Pixel_Gen_inst|FIFO:sprite_fifo_inst|fifo_mem_rtl_0_bypass[23] ; gameboy:dut|PPU_Wrapper:ppu|Pixel_Gen:Pixel_Gen_inst|FIFO:sprite_fifo_inst|fifo_mem_rtl_0 ;
+------------------------------------------------------------------------------------------------------+-------------------------------------------------------------------------------------------+


+-------------------------------------------------------------------------------------------------------------------------------------------------------------------------------------------------------------------------------------------------+
; Multiplexer Restructuring Statistics (Restructuring Performed)                                                                                                                                                                                  ;
+--------------------+-----------+---------------+----------------------+------------------------+------------+-----------------------------------------------------------------------------------------------------------------------------------+
; Multiplexer Inputs ; Bus Width ; Baseline Area ; Area if Restructured ; Saving if Restructured ; Registered ; Example Multiplexer Output                                                                                                        ;
+--------------------+-----------+---------------+----------------------+------------------------+------------+-----------------------------------------------------------------------------------------------------------------------------------+
; 3:1                ; 8 bits    ; 16 LEs        ; 8 LEs                ; 8 LEs                  ; Yes        ; |chipInterface|gameboy:dut|PPU_Wrapper:ppu|Pixel_Gen:Pixel_Gen_inst|Render_BG:render_bg_inst|bg_pixel.palette[5]                  ;
; 3:1                ; 8 bits    ; 16 LEs        ; 8 LEs                ; 8 LEs                  ; Yes        ; |chipInterface|gameboy:dut|PPU_Wrapper:ppu|Pixel_Gen:Pixel_Gen_inst|Render_BG:render_bg_inst|scx_latched[7]                       ;
; 3:1                ; 8 bits    ; 16 LEs        ; 8 LEs                ; 8 LEs                  ; Yes        ; |chipInterface|gameboy:dut|PPU_Wrapper:ppu|Pixel_Gen:Pixel_Gen_inst|Render_BG:render_bg_inst|wly[5]                               ;
; 3:1                ; 15 bits   ; 30 LEs        ; 15 LEs               ; 15 LEs                 ; Yes        ; |chipInterface|gameboy:dut|cpu:cpu|flopenr:memfwdflop|q[0]                                                                        ;
; 3:1                ; 2 bits    ; 4 LEs         ; 2 LEs                ; 2 LEs                  ; Yes        ; |chipInterface|gameboy:dut|MMU:mmu|IO_handler:io_registers|STAT_R[7]                                                              ;
; 3:1                ; 12 bits   ; 24 LEs        ; 12 LEs               ; 12 LEs                 ; Yes        ; |chipInterface|gameboy:dut|MMU:mmu|BRAM_handler:memory_units|DMA_controller:dma_guy|Counter:cycle_cnter|Q[0]                      ;
; 3:1                ; 32 bits   ; 64 LEs        ; 32 LEs               ; 32 LEs                 ; Yes        ; |chipInterface|gameboy:dut|instr_counter[31]                                                                                      ;
; 3:1                ; 6 bits    ; 12 LEs        ; 6 LEs                ; 6 LEs                  ; Yes        ; |chipInterface|gameboy:dut|cpu:cpu|decoder:decoder|flopenr:oldopreg|q[0]                                                          ;
; 3:1                ; 8 bits    ; 16 LEs        ; 8 LEs                ; 8 LEs                  ; Yes        ; |chipInterface|gameboy:dut|cpu:cpu|regfile:regfile|regs[10][7]                                                                    ;
; 3:1                ; 8 bits    ; 16 LEs        ; 8 LEs                ; 8 LEs                  ; Yes        ; |chipInterface|gameboy:dut|cpu:cpu|regfile:regfile|regs[8][0]                                                                     ;
; 3:1                ; 8 bits    ; 16 LEs        ; 8 LEs                ; 8 LEs                  ; Yes        ; |chipInterface|gameboy:dut|cpu:cpu|regfile:regfile|regs[11][7]                                                                    ;
; 3:1                ; 8 bits    ; 16 LEs        ; 8 LEs                ; 8 LEs                  ; Yes        ; |chipInterface|gameboy:dut|cpu:cpu|regfile:regfile|regs[9][7]                                                                     ;
; 3:1                ; 8 bits    ; 16 LEs        ; 8 LEs                ; 8 LEs                  ; Yes        ; |chipInterface|gameboy:dut|MMU:mmu|IO_handler:io_registers|APU_R.NR1x_R[0][0]                                                     ;
; 3:1                ; 8 bits    ; 16 LEs        ; 8 LEs                ; 8 LEs                  ; Yes        ; |chipInterface|gameboy:dut|MMU:mmu|IO_handler:io_registers|APU_R.NR1x_R[1][1]                                                     ;
; 3:1                ; 8 bits    ; 16 LEs        ; 8 LEs                ; 8 LEs                  ; Yes        ; |chipInterface|gameboy:dut|MMU:mmu|IO_handler:io_registers|APU_R.NR1x_R[2][5]                                                     ;
; 3:1                ; 8 bits    ; 16 LEs        ; 8 LEs                ; 8 LEs                  ; Yes        ; |chipInterface|gameboy:dut|MMU:mmu|IO_handler:io_registers|APU_R.NR1x_R[3][5]                                                     ;
; 3:1                ; 8 bits    ; 16 LEs        ; 8 LEs                ; 8 LEs                  ; Yes        ; |chipInterface|gameboy:dut|MMU:mmu|IO_handler:io_registers|APU_R.NR1x_R[4][1]                                                     ;
; 3:1                ; 8 bits    ; 16 LEs        ; 8 LEs                ; 8 LEs                  ; Yes        ; |chipInterface|gameboy:dut|MMU:mmu|IO_handler:io_registers|APU_R.NR1x_R[5][1]                                                     ;
; 3:1                ; 8 bits    ; 16 LEs        ; 8 LEs                ; 8 LEs                  ; Yes        ; |chipInterface|gameboy:dut|MMU:mmu|IO_handler:io_registers|APU_R.NR2x_R[0][6]                                                     ;
; 3:1                ; 8 bits    ; 16 LEs        ; 8 LEs                ; 8 LEs                  ; Yes        ; |chipInterface|gameboy:dut|MMU:mmu|IO_handler:io_registers|APU_R.NR2x_R[1][1]                                                     ;
; 3:1                ; 8 bits    ; 16 LEs        ; 8 LEs                ; 8 LEs                  ; Yes        ; |chipInterface|gameboy:dut|MMU:mmu|IO_handler:io_registers|APU_R.NR2x_R[2][4]                                                     ;
; 3:1                ; 8 bits    ; 16 LEs        ; 8 LEs                ; 8 LEs                  ; Yes        ; |chipInterface|gameboy:dut|MMU:mmu|IO_handler:io_registers|APU_R.NR2x_R[3][7]                                                     ;
; 3:1                ; 8 bits    ; 16 LEs        ; 8 LEs                ; 8 LEs                  ; Yes        ; |chipInterface|gameboy:dut|MMU:mmu|IO_handler:io_registers|APU_R.NR2x_R[4][4]                                                     ;
; 3:1                ; 8 bits    ; 16 LEs        ; 8 LEs                ; 8 LEs                  ; Yes        ; |chipInterface|gameboy:dut|MMU:mmu|IO_handler:io_registers|APU_R.NR3x_R[0][3]                                                     ;
; 3:1                ; 8 bits    ; 16 LEs        ; 8 LEs                ; 8 LEs                  ; Yes        ; |chipInterface|gameboy:dut|MMU:mmu|IO_handler:io_registers|APU_R.NR3x_R[1][2]                                                     ;
; 3:1                ; 8 bits    ; 16 LEs        ; 8 LEs                ; 8 LEs                  ; Yes        ; |chipInterface|gameboy:dut|MMU:mmu|IO_handler:io_registers|APU_R.NR3x_R[2][3]                                                     ;
; 3:1                ; 8 bits    ; 16 LEs        ; 8 LEs                ; 8 LEs                  ; Yes        ; |chipInterface|gameboy:dut|MMU:mmu|IO_handler:io_registers|APU_R.NR3x_R[3][6]                                                     ;
; 3:1                ; 8 bits    ; 16 LEs        ; 8 LEs                ; 8 LEs                  ; Yes        ; |chipInterface|gameboy:dut|MMU:mmu|IO_handler:io_registers|APU_R.NR3x_R[4][7]                                                     ;
; 3:1                ; 8 bits    ; 16 LEs        ; 8 LEs                ; 8 LEs                  ; Yes        ; |chipInterface|gameboy:dut|MMU:mmu|IO_handler:io_registers|APU_R.NR4x_R[0][0]                                                     ;
; 3:1                ; 8 bits    ; 16 LEs        ; 8 LEs                ; 8 LEs                  ; Yes        ; |chipInterface|gameboy:dut|MMU:mmu|IO_handler:io_registers|APU_R.NR4x_R[1][1]                                                     ;
; 3:1                ; 8 bits    ; 16 LEs        ; 8 LEs                ; 8 LEs                  ; Yes        ; |chipInterface|gameboy:dut|MMU:mmu|IO_handler:io_registers|APU_R.NR4x_R[2][4]                                                     ;
; 3:1                ; 8 bits    ; 16 LEs        ; 8 LEs                ; 8 LEs                  ; Yes        ; |chipInterface|gameboy:dut|MMU:mmu|IO_handler:io_registers|APU_R.NR4x_R[3][6]                                                     ;
; 3:1                ; 8 bits    ; 16 LEs        ; 8 LEs                ; 8 LEs                  ; Yes        ; |chipInterface|gameboy:dut|MMU:mmu|IO_handler:io_registers|APU_R.NR4x_R[4][6]                                                     ;
; 3:1                ; 8 bits    ; 16 LEs        ; 8 LEs                ; 8 LEs                  ; Yes        ; |chipInterface|gameboy:dut|MMU:mmu|IO_handler:io_registers|APU_R.NR4x_R[5][4]                                                     ;
; 3:1                ; 8 bits    ; 16 LEs        ; 8 LEs                ; 8 LEs                  ; Yes        ; |chipInterface|gameboy:dut|MMU:mmu|IO_handler:io_registers|APU_R.NR51_R[6]                                                        ;
; 3:1                ; 8 bits    ; 16 LEs        ; 8 LEs                ; 8 LEs                  ; Yes        ; |chipInterface|gameboy:dut|MMU:mmu|IO_handler:io_registers|APU_R.NR50_R[3]                                                        ;
; 3:1                ; 8 bits    ; 16 LEs        ; 8 LEs                ; 8 LEs                  ; Yes        ; |chipInterface|gameboy:dut|MMU:mmu|IO_handler:io_registers|APU_R.WAV_RAM_R[0][5]                                                  ;
; 3:1                ; 8 bits    ; 16 LEs        ; 8 LEs                ; 8 LEs                  ; Yes        ; |chipInterface|gameboy:dut|MMU:mmu|IO_handler:io_registers|PPU_R.SCY_R[4]                                                         ;
; 3:1                ; 8 bits    ; 16 LEs        ; 8 LEs                ; 8 LEs                  ; Yes        ; |chipInterface|gameboy:dut|MMU:mmu|IO_handler:io_registers|PPU_R.SCX_R[7]                                                         ;
; 3:1                ; 8 bits    ; 16 LEs        ; 8 LEs                ; 8 LEs                  ; Yes        ; |chipInterface|gameboy:dut|MMU:mmu|IO_handler:io_registers|PPU_R.LYC_R[6]                                                         ;
; 3:1                ; 8 bits    ; 16 LEs        ; 8 LEs                ; 8 LEs                  ; Yes        ; |chipInterface|gameboy:dut|MMU:mmu|IO_handler:io_registers|PPU_R.BGP_R[7]                                                         ;
; 3:1                ; 8 bits    ; 16 LEs        ; 8 LEs                ; 8 LEs                  ; Yes        ; |chipInterface|gameboy:dut|MMU:mmu|IO_handler:io_registers|PPU_R.OBP0_R[0]                                                        ;
; 3:1                ; 8 bits    ; 16 LEs        ; 8 LEs                ; 8 LEs                  ; Yes        ; |chipInterface|gameboy:dut|MMU:mmu|IO_handler:io_registers|PPU_R.OBP1_R[0]                                                        ;
; 3:1                ; 8 bits    ; 16 LEs        ; 8 LEs                ; 8 LEs                  ; Yes        ; |chipInterface|gameboy:dut|MMU:mmu|IO_handler:io_registers|PPU_R.WY_R[0]                                                          ;
; 3:1                ; 8 bits    ; 16 LEs        ; 8 LEs                ; 8 LEs                  ; Yes        ; |chipInterface|gameboy:dut|MMU:mmu|IO_handler:io_registers|PPU_R.WX_R[6]                                                          ;
; 3:1                ; 8 bits    ; 16 LEs        ; 8 LEs                ; 8 LEs                  ; Yes        ; |chipInterface|gameboy:dut|MMU:mmu|IO_handler:io_registers|TMA_R[2]                                                               ;
; 3:1                ; 8 bits    ; 16 LEs        ; 8 LEs                ; 8 LEs                  ; Yes        ; |chipInterface|gameboy:dut|MMU:mmu|IO_handler:io_registers|TAC_R[7]                                                               ;
; 3:1                ; 3 bits    ; 6 LEs         ; 3 LEs                ; 3 LEs                  ; Yes        ; |chipInterface|gameboy:dut|MMU:mmu|IO_handler:io_registers|IF_R[7]                                                                ;
; 3:1                ; 8 bits    ; 16 LEs        ; 8 LEs                ; 8 LEs                  ; Yes        ; |chipInterface|gameboy:dut|MMU:mmu|IO_handler:io_registers|IE_R[3]                                                                ;
; 3:1                ; 8 bits    ; 16 LEs        ; 8 LEs                ; 8 LEs                  ; Yes        ; |chipInterface|gameboy:dut|MMU:mmu|IO_handler:io_registers|DMA_R[3]                                                               ;
; 3:1                ; 4 bits    ; 8 LEs         ; 4 LEs                ; 4 LEs                  ; Yes        ; |chipInterface|gameboy:dut|MMU:mmu|IO_handler:io_registers|STAT_R[4]                                                              ;
; 3:1                ; 2 bits    ; 4 LEs         ; 2 LEs                ; 2 LEs                  ; Yes        ; |chipInterface|gameboy:dut|MMU:mmu|IO_handler:io_registers|JOYPAD_OUTPUT[5]                                                       ;
; 3:1                ; 4 bits    ; 8 LEs         ; 4 LEs                ; 4 LEs                  ; Yes        ; |chipInterface|gameboy:dut|MMU:mmu|IO_handler:io_registers|BTN_R[1]                                                               ;
; 3:1                ; 4 bits    ; 8 LEs         ; 4 LEs                ; 4 LEs                  ; Yes        ; |chipInterface|gameboy:dut|MMU:mmu|IO_handler:io_registers|DPAD_R[0]                                                              ;
; 3:1                ; 16 bits   ; 32 LEs        ; 16 LEs               ; 16 LEs                 ; Yes        ; |chipInterface|gameboy:dut|MMU:mmu|BRAM_handler:memory_units|HRAM[64][8]                                                          ;
; 3:1                ; 16 bits   ; 32 LEs        ; 16 LEs               ; 16 LEs                 ; Yes        ; |chipInterface|gameboy:dut|MMU:mmu|BRAM_handler:memory_units|HRAM[65][4]                                                          ;
; 3:1                ; 16 bits   ; 32 LEs        ; 16 LEs               ; 16 LEs                 ; Yes        ; |chipInterface|gameboy:dut|MMU:mmu|BRAM_handler:memory_units|HRAM[66][0]                                                          ;
; 3:1                ; 16 bits   ; 32 LEs        ; 16 LEs               ; 16 LEs                 ; Yes        ; |chipInterface|gameboy:dut|MMU:mmu|BRAM_handler:memory_units|HRAM[67][8]                                                          ;
; 3:1                ; 16 bits   ; 32 LEs        ; 16 LEs               ; 16 LEs                 ; Yes        ; |chipInterface|gameboy:dut|MMU:mmu|BRAM_handler:memory_units|HRAM[68][6]                                                          ;
; 3:1                ; 16 bits   ; 32 LEs        ; 16 LEs               ; 16 LEs                 ; Yes        ; |chipInterface|gameboy:dut|MMU:mmu|BRAM_handler:memory_units|HRAM[69][7]                                                          ;
; 3:1                ; 16 bits   ; 32 LEs        ; 16 LEs               ; 16 LEs                 ; Yes        ; |chipInterface|gameboy:dut|MMU:mmu|BRAM_handler:memory_units|HRAM[70][11]                                                         ;
; 3:1                ; 16 bits   ; 32 LEs        ; 16 LEs               ; 16 LEs                 ; Yes        ; |chipInterface|gameboy:dut|MMU:mmu|BRAM_handler:memory_units|HRAM[71][13]                                                         ;
; 3:1                ; 16 bits   ; 32 LEs        ; 16 LEs               ; 16 LEs                 ; Yes        ; |chipInterface|gameboy:dut|MMU:mmu|BRAM_handler:memory_units|HRAM[72][0]                                                          ;
; 3:1                ; 16 bits   ; 32 LEs        ; 16 LEs               ; 16 LEs                 ; Yes        ; |chipInterface|gameboy:dut|MMU:mmu|BRAM_handler:memory_units|HRAM[73][10]                                                         ;
; 3:1                ; 16 bits   ; 32 LEs        ; 16 LEs               ; 16 LEs                 ; Yes        ; |chipInterface|gameboy:dut|MMU:mmu|BRAM_handler:memory_units|HRAM[74][13]                                                         ;
; 3:1                ; 16 bits   ; 32 LEs        ; 16 LEs               ; 16 LEs                 ; Yes        ; |chipInterface|gameboy:dut|MMU:mmu|BRAM_handler:memory_units|HRAM[75][9]                                                          ;
; 3:1                ; 16 bits   ; 32 LEs        ; 16 LEs               ; 16 LEs                 ; Yes        ; |chipInterface|gameboy:dut|MMU:mmu|BRAM_handler:memory_units|HRAM[76][6]                                                          ;
; 3:1                ; 16 bits   ; 32 LEs        ; 16 LEs               ; 16 LEs                 ; Yes        ; |chipInterface|gameboy:dut|MMU:mmu|BRAM_handler:memory_units|HRAM[77][4]                                                          ;
; 3:1                ; 16 bits   ; 32 LEs        ; 16 LEs               ; 16 LEs                 ; Yes        ; |chipInterface|gameboy:dut|MMU:mmu|BRAM_handler:memory_units|HRAM[78][4]                                                          ;
; 3:1                ; 16 bits   ; 32 LEs        ; 16 LEs               ; 16 LEs                 ; Yes        ; |chipInterface|gameboy:dut|MMU:mmu|BRAM_handler:memory_units|HRAM[79][11]                                                         ;
; 3:1                ; 16 bits   ; 32 LEs        ; 16 LEs               ; 16 LEs                 ; Yes        ; |chipInterface|gameboy:dut|MMU:mmu|BRAM_handler:memory_units|HRAM[80][11]                                                         ;
; 3:1                ; 16 bits   ; 32 LEs        ; 16 LEs               ; 16 LEs                 ; Yes        ; |chipInterface|gameboy:dut|MMU:mmu|BRAM_handler:memory_units|HRAM[81][7]                                                          ;
; 3:1                ; 16 bits   ; 32 LEs        ; 16 LEs               ; 16 LEs                 ; Yes        ; |chipInterface|gameboy:dut|MMU:mmu|BRAM_handler:memory_units|HRAM[82][7]                                                          ;
; 3:1                ; 16 bits   ; 32 LEs        ; 16 LEs               ; 16 LEs                 ; Yes        ; |chipInterface|gameboy:dut|MMU:mmu|BRAM_handler:memory_units|HRAM[83][13]                                                         ;
; 3:1                ; 16 bits   ; 32 LEs        ; 16 LEs               ; 16 LEs                 ; Yes        ; |chipInterface|gameboy:dut|MMU:mmu|BRAM_handler:memory_units|HRAM[84][14]                                                         ;
; 3:1                ; 16 bits   ; 32 LEs        ; 16 LEs               ; 16 LEs                 ; Yes        ; |chipInterface|gameboy:dut|MMU:mmu|BRAM_handler:memory_units|HRAM[85][6]                                                          ;
; 3:1                ; 16 bits   ; 32 LEs        ; 16 LEs               ; 16 LEs                 ; Yes        ; |chipInterface|gameboy:dut|MMU:mmu|BRAM_handler:memory_units|HRAM[86][11]                                                         ;
; 3:1                ; 16 bits   ; 32 LEs        ; 16 LEs               ; 16 LEs                 ; Yes        ; |chipInterface|gameboy:dut|MMU:mmu|BRAM_handler:memory_units|HRAM[87][5]                                                          ;
; 3:1                ; 16 bits   ; 32 LEs        ; 16 LEs               ; 16 LEs                 ; Yes        ; |chipInterface|gameboy:dut|MMU:mmu|BRAM_handler:memory_units|HRAM[88][15]                                                         ;
; 3:1                ; 16 bits   ; 32 LEs        ; 16 LEs               ; 16 LEs                 ; Yes        ; |chipInterface|gameboy:dut|MMU:mmu|BRAM_handler:memory_units|HRAM[89][12]                                                         ;
; 3:1                ; 16 bits   ; 32 LEs        ; 16 LEs               ; 16 LEs                 ; Yes        ; |chipInterface|gameboy:dut|MMU:mmu|BRAM_handler:memory_units|HRAM[90][9]                                                          ;
; 3:1                ; 16 bits   ; 32 LEs        ; 16 LEs               ; 16 LEs                 ; Yes        ; |chipInterface|gameboy:dut|MMU:mmu|BRAM_handler:memory_units|HRAM[91][11]                                                         ;
; 3:1                ; 16 bits   ; 32 LEs        ; 16 LEs               ; 16 LEs                 ; Yes        ; |chipInterface|gameboy:dut|MMU:mmu|BRAM_handler:memory_units|HRAM[92][15]                                                         ;
; 3:1                ; 16 bits   ; 32 LEs        ; 16 LEs               ; 16 LEs                 ; Yes        ; |chipInterface|gameboy:dut|MMU:mmu|BRAM_handler:memory_units|HRAM[93][13]                                                         ;
; 3:1                ; 16 bits   ; 32 LEs        ; 16 LEs               ; 16 LEs                 ; Yes        ; |chipInterface|gameboy:dut|MMU:mmu|BRAM_handler:memory_units|HRAM[94][15]                                                         ;
; 3:1                ; 16 bits   ; 32 LEs        ; 16 LEs               ; 16 LEs                 ; Yes        ; |chipInterface|gameboy:dut|MMU:mmu|BRAM_handler:memory_units|HRAM[95][1]                                                          ;
; 3:1                ; 16 bits   ; 32 LEs        ; 16 LEs               ; 16 LEs                 ; Yes        ; |chipInterface|gameboy:dut|MMU:mmu|BRAM_handler:memory_units|HRAM[96][4]                                                          ;
; 3:1                ; 16 bits   ; 32 LEs        ; 16 LEs               ; 16 LEs                 ; Yes        ; |chipInterface|gameboy:dut|MMU:mmu|BRAM_handler:memory_units|HRAM[97][10]                                                         ;
; 3:1                ; 16 bits   ; 32 LEs        ; 16 LEs               ; 16 LEs                 ; Yes        ; |chipInterface|gameboy:dut|MMU:mmu|BRAM_handler:memory_units|HRAM[98][3]                                                          ;
; 3:1                ; 16 bits   ; 32 LEs        ; 16 LEs               ; 16 LEs                 ; Yes        ; |chipInterface|gameboy:dut|MMU:mmu|BRAM_handler:memory_units|HRAM[99][14]                                                         ;
; 3:1                ; 16 bits   ; 32 LEs        ; 16 LEs               ; 16 LEs                 ; Yes        ; |chipInterface|gameboy:dut|MMU:mmu|BRAM_handler:memory_units|HRAM[100][7]                                                         ;
; 3:1                ; 16 bits   ; 32 LEs        ; 16 LEs               ; 16 LEs                 ; Yes        ; |chipInterface|gameboy:dut|MMU:mmu|BRAM_handler:memory_units|HRAM[101][8]                                                         ;
; 3:1                ; 16 bits   ; 32 LEs        ; 16 LEs               ; 16 LEs                 ; Yes        ; |chipInterface|gameboy:dut|MMU:mmu|BRAM_handler:memory_units|HRAM[102][5]                                                         ;
; 3:1                ; 16 bits   ; 32 LEs        ; 16 LEs               ; 16 LEs                 ; Yes        ; |chipInterface|gameboy:dut|MMU:mmu|BRAM_handler:memory_units|HRAM[103][14]                                                        ;
; 3:1                ; 16 bits   ; 32 LEs        ; 16 LEs               ; 16 LEs                 ; Yes        ; |chipInterface|gameboy:dut|MMU:mmu|BRAM_handler:memory_units|HRAM[104][15]                                                        ;
; 3:1                ; 16 bits   ; 32 LEs        ; 16 LEs               ; 16 LEs                 ; Yes        ; |chipInterface|gameboy:dut|MMU:mmu|BRAM_handler:memory_units|HRAM[105][3]                                                         ;
; 3:1                ; 16 bits   ; 32 LEs        ; 16 LEs               ; 16 LEs                 ; Yes        ; |chipInterface|gameboy:dut|MMU:mmu|BRAM_handler:memory_units|HRAM[106][12]                                                        ;
; 3:1                ; 16 bits   ; 32 LEs        ; 16 LEs               ; 16 LEs                 ; Yes        ; |chipInterface|gameboy:dut|MMU:mmu|BRAM_handler:memory_units|HRAM[107][11]                                                        ;
; 3:1                ; 16 bits   ; 32 LEs        ; 16 LEs               ; 16 LEs                 ; Yes        ; |chipInterface|gameboy:dut|MMU:mmu|BRAM_handler:memory_units|HRAM[108][14]                                                        ;
; 3:1                ; 16 bits   ; 32 LEs        ; 16 LEs               ; 16 LEs                 ; Yes        ; |chipInterface|gameboy:dut|MMU:mmu|BRAM_handler:memory_units|HRAM[109][12]                                                        ;
; 3:1                ; 16 bits   ; 32 LEs        ; 16 LEs               ; 16 LEs                 ; Yes        ; |chipInterface|gameboy:dut|MMU:mmu|BRAM_handler:memory_units|HRAM[110][0]                                                         ;
; 3:1                ; 16 bits   ; 32 LEs        ; 16 LEs               ; 16 LEs                 ; Yes        ; |chipInterface|gameboy:dut|MMU:mmu|BRAM_handler:memory_units|HRAM[111][9]                                                         ;
; 3:1                ; 16 bits   ; 32 LEs        ; 16 LEs               ; 16 LEs                 ; Yes        ; |chipInterface|gameboy:dut|MMU:mmu|BRAM_handler:memory_units|HRAM[112][13]                                                        ;
; 3:1                ; 16 bits   ; 32 LEs        ; 16 LEs               ; 16 LEs                 ; Yes        ; |chipInterface|gameboy:dut|MMU:mmu|BRAM_handler:memory_units|HRAM[113][6]                                                         ;
; 3:1                ; 16 bits   ; 32 LEs        ; 16 LEs               ; 16 LEs                 ; Yes        ; |chipInterface|gameboy:dut|MMU:mmu|BRAM_handler:memory_units|HRAM[114][1]                                                         ;
; 3:1                ; 16 bits   ; 32 LEs        ; 16 LEs               ; 16 LEs                 ; Yes        ; |chipInterface|gameboy:dut|MMU:mmu|BRAM_handler:memory_units|HRAM[115][14]                                                        ;
; 3:1                ; 16 bits   ; 32 LEs        ; 16 LEs               ; 16 LEs                 ; Yes        ; |chipInterface|gameboy:dut|MMU:mmu|BRAM_handler:memory_units|HRAM[116][5]                                                         ;
; 3:1                ; 16 bits   ; 32 LEs        ; 16 LEs               ; 16 LEs                 ; Yes        ; |chipInterface|gameboy:dut|MMU:mmu|BRAM_handler:memory_units|HRAM[117][8]                                                         ;
; 3:1                ; 16 bits   ; 32 LEs        ; 16 LEs               ; 16 LEs                 ; Yes        ; |chipInterface|gameboy:dut|MMU:mmu|BRAM_handler:memory_units|HRAM[118][1]                                                         ;
; 3:1                ; 16 bits   ; 32 LEs        ; 16 LEs               ; 16 LEs                 ; Yes        ; |chipInterface|gameboy:dut|MMU:mmu|BRAM_handler:memory_units|HRAM[119][6]                                                         ;
; 3:1                ; 16 bits   ; 32 LEs        ; 16 LEs               ; 16 LEs                 ; Yes        ; |chipInterface|gameboy:dut|MMU:mmu|BRAM_handler:memory_units|HRAM[120][0]                                                         ;
; 3:1                ; 16 bits   ; 32 LEs        ; 16 LEs               ; 16 LEs                 ; Yes        ; |chipInterface|gameboy:dut|MMU:mmu|BRAM_handler:memory_units|HRAM[121][6]                                                         ;
; 3:1                ; 16 bits   ; 32 LEs        ; 16 LEs               ; 16 LEs                 ; Yes        ; |chipInterface|gameboy:dut|MMU:mmu|BRAM_handler:memory_units|HRAM[122][3]                                                         ;
; 3:1                ; 16 bits   ; 32 LEs        ; 16 LEs               ; 16 LEs                 ; Yes        ; |chipInterface|gameboy:dut|MMU:mmu|BRAM_handler:memory_units|HRAM[123][6]                                                         ;
; 3:1                ; 16 bits   ; 32 LEs        ; 16 LEs               ; 16 LEs                 ; Yes        ; |chipInterface|gameboy:dut|MMU:mmu|BRAM_handler:memory_units|HRAM[124][12]                                                        ;
; 3:1                ; 16 bits   ; 32 LEs        ; 16 LEs               ; 16 LEs                 ; Yes        ; |chipInterface|gameboy:dut|MMU:mmu|BRAM_handler:memory_units|HRAM[125][13]                                                        ;
; 3:1                ; 16 bits   ; 32 LEs        ; 16 LEs               ; 16 LEs                 ; Yes        ; |chipInterface|gameboy:dut|MMU:mmu|BRAM_handler:memory_units|HRAM[126][13]                                                        ;
; 3:1                ; 16 bits   ; 32 LEs        ; 16 LEs               ; 16 LEs                 ; Yes        ; |chipInterface|gameboy:dut|MMU:mmu|BRAM_handler:memory_units|HRAM[127][13]                                                        ;
; 3:1                ; 16 bits   ; 32 LEs        ; 16 LEs               ; 16 LEs                 ; Yes        ; |chipInterface|gameboy:dut|MMU:mmu|BRAM_handler:memory_units|HRAM[0][14]                                                          ;
; 3:1                ; 16 bits   ; 32 LEs        ; 16 LEs               ; 16 LEs                 ; Yes        ; |chipInterface|gameboy:dut|MMU:mmu|BRAM_handler:memory_units|HRAM[1][6]                                                           ;
; 3:1                ; 16 bits   ; 32 LEs        ; 16 LEs               ; 16 LEs                 ; Yes        ; |chipInterface|gameboy:dut|MMU:mmu|BRAM_handler:memory_units|HRAM[2][4]                                                           ;
; 3:1                ; 16 bits   ; 32 LEs        ; 16 LEs               ; 16 LEs                 ; Yes        ; |chipInterface|gameboy:dut|MMU:mmu|BRAM_handler:memory_units|HRAM[3][4]                                                           ;
; 3:1                ; 16 bits   ; 32 LEs        ; 16 LEs               ; 16 LEs                 ; Yes        ; |chipInterface|gameboy:dut|MMU:mmu|BRAM_handler:memory_units|HRAM[4][13]                                                          ;
; 3:1                ; 16 bits   ; 32 LEs        ; 16 LEs               ; 16 LEs                 ; Yes        ; |chipInterface|gameboy:dut|MMU:mmu|BRAM_handler:memory_units|HRAM[5][1]                                                           ;
; 3:1                ; 16 bits   ; 32 LEs        ; 16 LEs               ; 16 LEs                 ; Yes        ; |chipInterface|gameboy:dut|MMU:mmu|BRAM_handler:memory_units|HRAM[6][1]                                                           ;
; 3:1                ; 16 bits   ; 32 LEs        ; 16 LEs               ; 16 LEs                 ; Yes        ; |chipInterface|gameboy:dut|MMU:mmu|BRAM_handler:memory_units|HRAM[7][11]                                                          ;
; 3:1                ; 16 bits   ; 32 LEs        ; 16 LEs               ; 16 LEs                 ; Yes        ; |chipInterface|gameboy:dut|MMU:mmu|BRAM_handler:memory_units|HRAM[8][6]                                                           ;
; 3:1                ; 16 bits   ; 32 LEs        ; 16 LEs               ; 16 LEs                 ; Yes        ; |chipInterface|gameboy:dut|MMU:mmu|BRAM_handler:memory_units|HRAM[9][14]                                                          ;
; 3:1                ; 16 bits   ; 32 LEs        ; 16 LEs               ; 16 LEs                 ; Yes        ; |chipInterface|gameboy:dut|MMU:mmu|BRAM_handler:memory_units|HRAM[10][13]                                                         ;
; 3:1                ; 16 bits   ; 32 LEs        ; 16 LEs               ; 16 LEs                 ; Yes        ; |chipInterface|gameboy:dut|MMU:mmu|BRAM_handler:memory_units|HRAM[11][0]                                                          ;
; 3:1                ; 16 bits   ; 32 LEs        ; 16 LEs               ; 16 LEs                 ; Yes        ; |chipInterface|gameboy:dut|MMU:mmu|BRAM_handler:memory_units|HRAM[12][15]                                                         ;
; 3:1                ; 16 bits   ; 32 LEs        ; 16 LEs               ; 16 LEs                 ; Yes        ; |chipInterface|gameboy:dut|MMU:mmu|BRAM_handler:memory_units|HRAM[13][5]                                                          ;
; 3:1                ; 16 bits   ; 32 LEs        ; 16 LEs               ; 16 LEs                 ; Yes        ; |chipInterface|gameboy:dut|MMU:mmu|BRAM_handler:memory_units|HRAM[14][11]                                                         ;
; 3:1                ; 16 bits   ; 32 LEs        ; 16 LEs               ; 16 LEs                 ; Yes        ; |chipInterface|gameboy:dut|MMU:mmu|BRAM_handler:memory_units|HRAM[15][8]                                                          ;
; 3:1                ; 16 bits   ; 32 LEs        ; 16 LEs               ; 16 LEs                 ; Yes        ; |chipInterface|gameboy:dut|MMU:mmu|BRAM_handler:memory_units|HRAM[16][9]                                                          ;
; 3:1                ; 16 bits   ; 32 LEs        ; 16 LEs               ; 16 LEs                 ; Yes        ; |chipInterface|gameboy:dut|MMU:mmu|BRAM_handler:memory_units|HRAM[17][10]                                                         ;
; 3:1                ; 16 bits   ; 32 LEs        ; 16 LEs               ; 16 LEs                 ; Yes        ; |chipInterface|gameboy:dut|MMU:mmu|BRAM_handler:memory_units|HRAM[18][12]                                                         ;
; 3:1                ; 16 bits   ; 32 LEs        ; 16 LEs               ; 16 LEs                 ; Yes        ; |chipInterface|gameboy:dut|MMU:mmu|BRAM_handler:memory_units|HRAM[19][13]                                                         ;
; 3:1                ; 16 bits   ; 32 LEs        ; 16 LEs               ; 16 LEs                 ; Yes        ; |chipInterface|gameboy:dut|MMU:mmu|BRAM_handler:memory_units|HRAM[20][7]                                                          ;
; 3:1                ; 16 bits   ; 32 LEs        ; 16 LEs               ; 16 LEs                 ; Yes        ; |chipInterface|gameboy:dut|MMU:mmu|BRAM_handler:memory_units|HRAM[21][1]                                                          ;
; 3:1                ; 16 bits   ; 32 LEs        ; 16 LEs               ; 16 LEs                 ; Yes        ; |chipInterface|gameboy:dut|MMU:mmu|BRAM_handler:memory_units|HRAM[22][11]                                                         ;
; 3:1                ; 16 bits   ; 32 LEs        ; 16 LEs               ; 16 LEs                 ; Yes        ; |chipInterface|gameboy:dut|MMU:mmu|BRAM_handler:memory_units|HRAM[23][4]                                                          ;
; 3:1                ; 16 bits   ; 32 LEs        ; 16 LEs               ; 16 LEs                 ; Yes        ; |chipInterface|gameboy:dut|MMU:mmu|BRAM_handler:memory_units|HRAM[24][6]                                                          ;
; 3:1                ; 16 bits   ; 32 LEs        ; 16 LEs               ; 16 LEs                 ; Yes        ; |chipInterface|gameboy:dut|MMU:mmu|BRAM_handler:memory_units|HRAM[25][12]                                                         ;
; 3:1                ; 16 bits   ; 32 LEs        ; 16 LEs               ; 16 LEs                 ; Yes        ; |chipInterface|gameboy:dut|MMU:mmu|BRAM_handler:memory_units|HRAM[26][12]                                                         ;
; 3:1                ; 16 bits   ; 32 LEs        ; 16 LEs               ; 16 LEs                 ; Yes        ; |chipInterface|gameboy:dut|MMU:mmu|BRAM_handler:memory_units|HRAM[27][3]                                                          ;
; 3:1                ; 16 bits   ; 32 LEs        ; 16 LEs               ; 16 LEs                 ; Yes        ; |chipInterface|gameboy:dut|MMU:mmu|BRAM_handler:memory_units|HRAM[28][12]                                                         ;
; 3:1                ; 16 bits   ; 32 LEs        ; 16 LEs               ; 16 LEs                 ; Yes        ; |chipInterface|gameboy:dut|MMU:mmu|BRAM_handler:memory_units|HRAM[29][13]                                                         ;
; 3:1                ; 16 bits   ; 32 LEs        ; 16 LEs               ; 16 LEs                 ; Yes        ; |chipInterface|gameboy:dut|MMU:mmu|BRAM_handler:memory_units|HRAM[30][14]                                                         ;
; 3:1                ; 16 bits   ; 32 LEs        ; 16 LEs               ; 16 LEs                 ; Yes        ; |chipInterface|gameboy:dut|MMU:mmu|BRAM_handler:memory_units|HRAM[31][13]                                                         ;
; 3:1                ; 16 bits   ; 32 LEs        ; 16 LEs               ; 16 LEs                 ; Yes        ; |chipInterface|gameboy:dut|MMU:mmu|BRAM_handler:memory_units|HRAM[32][15]                                                         ;
; 3:1                ; 16 bits   ; 32 LEs        ; 16 LEs               ; 16 LEs                 ; Yes        ; |chipInterface|gameboy:dut|MMU:mmu|BRAM_handler:memory_units|HRAM[33][13]                                                         ;
; 3:1                ; 16 bits   ; 32 LEs        ; 16 LEs               ; 16 LEs                 ; Yes        ; |chipInterface|gameboy:dut|MMU:mmu|BRAM_handler:memory_units|HRAM[34][8]                                                          ;
; 3:1                ; 16 bits   ; 32 LEs        ; 16 LEs               ; 16 LEs                 ; Yes        ; |chipInterface|gameboy:dut|MMU:mmu|BRAM_handler:memory_units|HRAM[35][7]                                                          ;
; 3:1                ; 16 bits   ; 32 LEs        ; 16 LEs               ; 16 LEs                 ; Yes        ; |chipInterface|gameboy:dut|MMU:mmu|BRAM_handler:memory_units|HRAM[36][2]                                                          ;
; 3:1                ; 16 bits   ; 32 LEs        ; 16 LEs               ; 16 LEs                 ; Yes        ; |chipInterface|gameboy:dut|MMU:mmu|BRAM_handler:memory_units|HRAM[37][9]                                                          ;
; 3:1                ; 16 bits   ; 32 LEs        ; 16 LEs               ; 16 LEs                 ; Yes        ; |chipInterface|gameboy:dut|MMU:mmu|BRAM_handler:memory_units|HRAM[38][12]                                                         ;
; 3:1                ; 16 bits   ; 32 LEs        ; 16 LEs               ; 16 LEs                 ; Yes        ; |chipInterface|gameboy:dut|MMU:mmu|BRAM_handler:memory_units|HRAM[39][3]                                                          ;
; 3:1                ; 16 bits   ; 32 LEs        ; 16 LEs               ; 16 LEs                 ; Yes        ; |chipInterface|gameboy:dut|MMU:mmu|BRAM_handler:memory_units|HRAM[40][3]                                                          ;
; 3:1                ; 16 bits   ; 32 LEs        ; 16 LEs               ; 16 LEs                 ; Yes        ; |chipInterface|gameboy:dut|MMU:mmu|BRAM_handler:memory_units|HRAM[41][3]                                                          ;
; 3:1                ; 16 bits   ; 32 LEs        ; 16 LEs               ; 16 LEs                 ; Yes        ; |chipInterface|gameboy:dut|MMU:mmu|BRAM_handler:memory_units|HRAM[42][4]                                                          ;
; 3:1                ; 16 bits   ; 32 LEs        ; 16 LEs               ; 16 LEs                 ; Yes        ; |chipInterface|gameboy:dut|MMU:mmu|BRAM_handler:memory_units|HRAM[43][4]                                                          ;
; 3:1                ; 16 bits   ; 32 LEs        ; 16 LEs               ; 16 LEs                 ; Yes        ; |chipInterface|gameboy:dut|MMU:mmu|BRAM_handler:memory_units|HRAM[44][6]                                                          ;
; 3:1                ; 16 bits   ; 32 LEs        ; 16 LEs               ; 16 LEs                 ; Yes        ; |chipInterface|gameboy:dut|MMU:mmu|BRAM_handler:memory_units|HRAM[45][12]                                                         ;
; 3:1                ; 16 bits   ; 32 LEs        ; 16 LEs               ; 16 LEs                 ; Yes        ; |chipInterface|gameboy:dut|MMU:mmu|BRAM_handler:memory_units|HRAM[46][13]                                                         ;
; 3:1                ; 16 bits   ; 32 LEs        ; 16 LEs               ; 16 LEs                 ; Yes        ; |chipInterface|gameboy:dut|MMU:mmu|BRAM_handler:memory_units|HRAM[47][1]                                                          ;
; 3:1                ; 16 bits   ; 32 LEs        ; 16 LEs               ; 16 LEs                 ; Yes        ; |chipInterface|gameboy:dut|MMU:mmu|BRAM_handler:memory_units|HRAM[48][13]                                                         ;
; 3:1                ; 16 bits   ; 32 LEs        ; 16 LEs               ; 16 LEs                 ; Yes        ; |chipInterface|gameboy:dut|MMU:mmu|BRAM_handler:memory_units|HRAM[49][0]                                                          ;
; 3:1                ; 16 bits   ; 32 LEs        ; 16 LEs               ; 16 LEs                 ; Yes        ; |chipInterface|gameboy:dut|MMU:mmu|BRAM_handler:memory_units|HRAM[50][4]                                                          ;
; 3:1                ; 16 bits   ; 32 LEs        ; 16 LEs               ; 16 LEs                 ; Yes        ; |chipInterface|gameboy:dut|MMU:mmu|BRAM_handler:memory_units|HRAM[51][10]                                                         ;
; 3:1                ; 16 bits   ; 32 LEs        ; 16 LEs               ; 16 LEs                 ; Yes        ; |chipInterface|gameboy:dut|MMU:mmu|BRAM_handler:memory_units|HRAM[52][12]                                                         ;
; 3:1                ; 16 bits   ; 32 LEs        ; 16 LEs               ; 16 LEs                 ; Yes        ; |chipInterface|gameboy:dut|MMU:mmu|BRAM_handler:memory_units|HRAM[53][15]                                                         ;
; 3:1                ; 16 bits   ; 32 LEs        ; 16 LEs               ; 16 LEs                 ; Yes        ; |chipInterface|gameboy:dut|MMU:mmu|BRAM_handler:memory_units|HRAM[54][5]                                                          ;
; 3:1                ; 16 bits   ; 32 LEs        ; 16 LEs               ; 16 LEs                 ; Yes        ; |chipInterface|gameboy:dut|MMU:mmu|BRAM_handler:memory_units|HRAM[55][5]                                                          ;
; 3:1                ; 16 bits   ; 32 LEs        ; 16 LEs               ; 16 LEs                 ; Yes        ; |chipInterface|gameboy:dut|MMU:mmu|BRAM_handler:memory_units|HRAM[56][11]                                                         ;
; 3:1                ; 16 bits   ; 32 LEs        ; 16 LEs               ; 16 LEs                 ; Yes        ; |chipInterface|gameboy:dut|MMU:mmu|BRAM_handler:memory_units|HRAM[57][1]                                                          ;
; 3:1                ; 16 bits   ; 32 LEs        ; 16 LEs               ; 16 LEs                 ; Yes        ; |chipInterface|gameboy:dut|MMU:mmu|BRAM_handler:memory_units|HRAM[58][0]                                                          ;
; 3:1                ; 16 bits   ; 32 LEs        ; 16 LEs               ; 16 LEs                 ; Yes        ; |chipInterface|gameboy:dut|MMU:mmu|BRAM_handler:memory_units|HRAM[59][2]                                                          ;
; 3:1                ; 16 bits   ; 32 LEs        ; 16 LEs               ; 16 LEs                 ; Yes        ; |chipInterface|gameboy:dut|MMU:mmu|BRAM_handler:memory_units|HRAM[60][11]                                                         ;
; 3:1                ; 16 bits   ; 32 LEs        ; 16 LEs               ; 16 LEs                 ; Yes        ; |chipInterface|gameboy:dut|MMU:mmu|BRAM_handler:memory_units|HRAM[61][10]                                                         ;
; 3:1                ; 16 bits   ; 32 LEs        ; 16 LEs               ; 16 LEs                 ; Yes        ; |chipInterface|gameboy:dut|MMU:mmu|BRAM_handler:memory_units|HRAM[62][8]                                                          ;
; 3:1                ; 16 bits   ; 32 LEs        ; 16 LEs               ; 16 LEs                 ; Yes        ; |chipInterface|gameboy:dut|MMU:mmu|BRAM_handler:memory_units|HRAM[63][7]                                                          ;
; 3:1                ; 8 bits    ; 16 LEs        ; 8 LEs                ; 8 LEs                  ; Yes        ; |chipInterface|gameboy:dut|PPU_Wrapper:ppu|Pixel_Gen:Pixel_Gen_inst|Render_BG:render_bg_inst|wly_next[2]                          ;
; 3:1                ; 10 bits   ; 20 LEs        ; 10 LEs               ; 10 LEs                 ; Yes        ; |chipInterface|vga:v1|Counter:col_ct|Q[2]                                                                                         ;
; 3:1                ; 8 bits    ; 16 LEs        ; 8 LEs                ; 8 LEs                  ; Yes        ; |chipInterface|gameboy:dut|cpu:cpu|flopenr:memfwdflop|q[22]                                                                       ;
; 3:1                ; 9 bits    ; 18 LEs        ; 9 LEs                ; 9 LEs                  ; Yes        ; |chipInterface|gameboy:dut|PPU_Wrapper:ppu|PPU_Mode_controller:mode_ctrl|dot[7]                                                   ;
; 4:1                ; 16 bits   ; 32 LEs        ; 32 LEs               ; 0 LEs                  ; Yes        ; |chipInterface|gameboy:dut|MMU:mmu|BRAM_handler:memory_units|DMA_controller:dma_guy|Counter:oam_addr_cnter|Q[8]                   ;
; 4:1                ; 8 bits    ; 16 LEs        ; 16 LEs               ; 0 LEs                  ; Yes        ; |chipInterface|gameboy:dut|MMU:mmu|BRAM_handler:memory_units|DMA_controller:dma_guy|Counter:dma_addr_cnter|Q[13]                  ;
; 4:1                ; 10 bits   ; 20 LEs        ; 20 LEs               ; 0 LEs                  ; Yes        ; |chipInterface|gameboy:dut|MMU:mmu|IO_handler:io_registers|PPU_R.LY_R[3]                                                          ;
; 4:1                ; 9 bits    ; 18 LEs        ; 9 LEs                ; 9 LEs                  ; Yes        ; |chipInterface|vga:v1|Counter:row_ct|Q[3]                                                                                         ;
; 4:1                ; 8 bits    ; 16 LEs        ; 16 LEs               ; 0 LEs                  ; Yes        ; |chipInterface|gameboy:dut|MMU:mmu|IO_handler:io_registers|LCDC_R[1]                                                              ;
; 4:1                ; 10 bits   ; 20 LEs        ; 10 LEs               ; 10 LEs                 ; Yes        ; |chipInterface|gameboy:dut|PPU_Wrapper:ppu|Pixel_Gen:Pixel_Gen_inst|Render_Sprites:render_sprites_inst|x_coord[4]                 ;
; 4:1                ; 8 bits    ; 16 LEs        ; 16 LEs               ; 0 LEs                  ; Yes        ; |chipInterface|gameboy:dut|cpu:cpu|regfile:regfile|regs[4][2]                                                                     ;
; 4:1                ; 8 bits    ; 16 LEs        ; 16 LEs               ; 0 LEs                  ; Yes        ; |chipInterface|gameboy:dut|cpu:cpu|regfile:regfile|regs[2][0]                                                                     ;
; 4:1                ; 8 bits    ; 16 LEs        ; 16 LEs               ; 0 LEs                  ; Yes        ; |chipInterface|gameboy:dut|cpu:cpu|regfile:regfile|regs[0][1]                                                                     ;
; 4:1                ; 8 bits    ; 16 LEs        ; 16 LEs               ; 0 LEs                  ; Yes        ; |chipInterface|gameboy:dut|cpu:cpu|regfile:regfile|regs[5][2]                                                                     ;
; 4:1                ; 8 bits    ; 16 LEs        ; 16 LEs               ; 0 LEs                  ; Yes        ; |chipInterface|gameboy:dut|cpu:cpu|regfile:regfile|regs[3][6]                                                                     ;
; 4:1                ; 8 bits    ; 16 LEs        ; 16 LEs               ; 0 LEs                  ; Yes        ; |chipInterface|gameboy:dut|cpu:cpu|regfile:regfile|regs[1][2]                                                                     ;
; 4:1                ; 8 bits    ; 16 LEs        ; 16 LEs               ; 0 LEs                  ; Yes        ; |chipInterface|gameboy:dut|cpu:cpu|regfile:regfile|regs[7][7]                                                                     ;
; 4:1                ; 32 bits   ; 64 LEs        ; 32 LEs               ; 32 LEs                 ; Yes        ; |chipInterface|pixel_count[20]                                                                                                    ;
; 4:1                ; 11 bits   ; 22 LEs        ; 11 LEs               ; 11 LEs                 ; Yes        ; |chipInterface|gameboy:dut|MMU:mmu|IO_handler:io_registers|divider_ticks[6]                                                       ;
; 4:1                ; 8 bits    ; 16 LEs        ; 16 LEs               ; 0 LEs                  ; Yes        ; |chipInterface|gameboy:dut|MMU:mmu|IO_handler:io_registers|TIMA_R[6]                                                              ;
; 4:1                ; 11 bits   ; 22 LEs        ; 11 LEs               ; 11 LEs                 ; Yes        ; |chipInterface|gameboy:dut|MMU:mmu|IO_handler:io_registers|tima_ticks[3]                                                          ;
; 4:1                ; 3 bits    ; 6 LEs         ; 3 LEs                ; 3 LEs                  ; Yes        ; |chipInterface|gameboy:dut|MMU:mmu|BRAM_handler:memory_units|MM_out_chooser:memory_out_muxer|ppu_select[3]                        ;
; 3:1                ; 4 bits    ; 8 LEs         ; 8 LEs                ; 0 LEs                  ; Yes        ; |chipInterface|gameboy:dut|PPU_Wrapper:ppu|Pixel_Gen:Pixel_Gen_inst|Render_Sprites:render_sprites_inst|tile_data_word[10]         ;
; 5:1                ; 7 bits    ; 21 LEs        ; 7 LEs                ; 14 LEs                 ; Yes        ; |chipInterface|gameboy:dut|PPU_Wrapper:ppu|Pixel_Gen:Pixel_Gen_inst|FIFO:bg_fifo_inst|count[5]                                    ;
; 5:1                ; 7 bits    ; 21 LEs        ; 7 LEs                ; 14 LEs                 ; Yes        ; |chipInterface|gameboy:dut|PPU_Wrapper:ppu|Pixel_Gen:Pixel_Gen_inst|FIFO:sprite_fifo_inst|count[6]                                ;
; 5:1                ; 8 bits    ; 24 LEs        ; 16 LEs               ; 8 LEs                  ; Yes        ; |chipInterface|gameboy:dut|MMU:mmu|IO_handler:io_registers|DIV_R[5]                                                               ;
; 5:1                ; 6 bits    ; 18 LEs        ; 6 LEs                ; 12 LEs                 ; Yes        ; |chipInterface|gameboy:dut|PPU_Wrapper:ppu|Pixel_Gen:Pixel_Gen_inst|FIFO:bg_fifo_inst|wr_ptr[5]                                   ;
; 5:1                ; 8 bits    ; 24 LEs        ; 16 LEs               ; 8 LEs                  ; Yes        ; |chipInterface|gameboy:dut|PPU_Wrapper:ppu|Pixel_Gen:Pixel_Gen_inst|Render_Sprites:render_sprites_inst|candidate_pixel.palette[3] ;
; 5:1                ; 6 bits    ; 18 LEs        ; 6 LEs                ; 12 LEs                 ; Yes        ; |chipInterface|gameboy:dut|PPU_Wrapper:ppu|Pixel_Gen:Pixel_Gen_inst|FIFO:sprite_fifo_inst|wr_ptr[5]                               ;
; 5:1                ; 2 bits    ; 6 LEs         ; 6 LEs                ; 0 LEs                  ; Yes        ; |chipInterface|gameboy:dut|PPU_Wrapper:ppu|PPU_Mode_controller:mode_ctrl|mode[1]                                                  ;
; 5:1                ; 6 bits    ; 18 LEs        ; 6 LEs                ; 12 LEs                 ; Yes        ; |chipInterface|gameboy:dut|PPU_Wrapper:ppu|OAM_Search:oam_search|oam_index[0]                                                     ;
; 10:1               ; 7 bits    ; 42 LEs        ; 21 LEs               ; 21 LEs                 ; Yes        ; |chipInterface|gameboy:dut|cpu:cpu|flopenr:pcflop|q[12]                                                                           ;
; 6:1                ; 8 bits    ; 32 LEs        ; 8 LEs                ; 24 LEs                 ; Yes        ; |chipInterface|gameboy:dut|PPU_Wrapper:ppu|PPU_Mode_controller:mode_ctrl|line[0]                                                  ;
; 6:1                ; 4 bits    ; 16 LEs        ; 4 LEs                ; 12 LEs                 ; Yes        ; |chipInterface|gameboy:dut|PPU_Wrapper:ppu|OAM_Search:oam_search|selected_count[0]                                                ;
; 7:1                ; 3 bits    ; 12 LEs        ; 3 LEs                ; 9 LEs                  ; Yes        ; |chipInterface|gameboy:dut|PPU_Wrapper:ppu|Pixel_Gen:Pixel_Gen_inst|Render_Sprites:render_sprites_inst|pixel_index[0]             ;
; 6:1                ; 4 bits    ; 16 LEs        ; 4 LEs                ; 12 LEs                 ; Yes        ; |chipInterface|gameboy:dut|PPU_Wrapper:ppu|OAM_Search:oam_search|sort_i[3]                                                        ;
; 9:1                ; 8 bits    ; 48 LEs        ; 40 LEs               ; 8 LEs                  ; Yes        ; |chipInterface|gameboy:dut|flop:memflop|q[2]                                                                                      ;
; 9:1                ; 8 bits    ; 48 LEs        ; 40 LEs               ; 8 LEs                  ; Yes        ; |chipInterface|gameboy:dut|flop:memflop|q[13]                                                                                     ;
; 7:1                ; 3 bits    ; 12 LEs        ; 12 LEs               ; 0 LEs                  ; Yes        ; |chipInterface|gameboy:dut|MMU:mmu|BRAM_handler:memory_units|MM_out_chooser:memory_out_muxer|dma_select[0]                        ;
; 34:1               ; 6 bits    ; 132 LEs       ; 30 LEs               ; 102 LEs                ; Yes        ; |chipInterface|gameboy:dut|cpu:cpu|flopenr:pcflop|q[8]                                                                            ;
; 34:1               ; 3 bits    ; 66 LEs        ; 15 LEs               ; 51 LEs                 ; Yes        ; |chipInterface|gameboy:dut|cpu:cpu|flopenr:pcflop|q[3]                                                                            ;
; 128:1              ; 16 bits   ; 1360 LEs      ; 1360 LEs             ; 0 LEs                  ; Yes        ; |chipInterface|gameboy:dut|MMU:mmu|BRAM_handler:memory_units|hram_out_data[11]                                                    ;
; 8:1                ; 2 bits    ; 10 LEs        ; 8 LEs                ; 2 LEs                  ; Yes        ; |chipInterface|gameboy:dut|MMU:mmu|BRAM_handler:memory_units|MM_out_chooser:memory_out_muxer|cpu_select[0]                        ;
; 7:1                ; 2 bits    ; 8 LEs         ; 2 LEs                ; 6 LEs                  ; Yes        ; |chipInterface|gameboy:dut|PPU_Wrapper:ppu|OAM_Search:oam_search|sort_j[2]                                                        ;
; 10:1               ; 24 bits   ; 144 LEs       ; 48 LEs               ; 96 LEs                 ; Yes        ; |chipInterface|gameboy:dut|PPU_Wrapper:ppu|OAM_Search:oam_search|selected_sprites_reg[1].x[0]                                     ;
; 20:1               ; 2 bits    ; 26 LEs        ; 12 LEs               ; 14 LEs                 ; Yes        ; |chipInterface|gameboy:dut|PPU_Wrapper:ppu|Pixel_Gen:Pixel_Gen_inst|Render_Sprites:render_sprites_inst|candidate_pixel.pixel[1]   ;
; 11:1               ; 24 bits   ; 168 LEs       ; 48 LEs               ; 120 LEs                ; Yes        ; |chipInterface|gameboy:dut|PPU_Wrapper:ppu|OAM_Search:oam_search|selected_sprites_reg[0].x[4]                                     ;
; 10:1               ; 24 bits   ; 144 LEs       ; 48 LEs               ; 96 LEs                 ; Yes        ; |chipInterface|gameboy:dut|PPU_Wrapper:ppu|OAM_Search:oam_search|selected_sprites_reg[3].tile_index[2]                            ;
; 12:1               ; 24 bits   ; 192 LEs       ; 72 LEs               ; 120 LEs                ; Yes        ; |chipInterface|gameboy:dut|PPU_Wrapper:ppu|OAM_Search:oam_search|selected_sprites_reg[4].flags[6]                                 ;
; 12:1               ; 24 bits   ; 192 LEs       ; 72 LEs               ; 120 LEs                ; Yes        ; |chipInterface|gameboy:dut|PPU_Wrapper:ppu|OAM_Search:oam_search|selected_sprites_reg[8].tile_index[5]                            ;
; 11:1               ; 24 bits   ; 168 LEs       ; 72 LEs               ; 96 LEs                 ; Yes        ; |chipInterface|gameboy:dut|PPU_Wrapper:ppu|OAM_Search:oam_search|selected_sprites_reg[2].flags[4]                                 ;
; 11:1               ; 24 bits   ; 168 LEs       ; 72 LEs               ; 96 LEs                 ; Yes        ; |chipInterface|gameboy:dut|PPU_Wrapper:ppu|OAM_Search:oam_search|selected_sprites_reg[7].tile_index[3]                            ;
; 11:1               ; 24 bits   ; 168 LEs       ; 72 LEs               ; 96 LEs                 ; Yes        ; |chipInterface|gameboy:dut|PPU_Wrapper:ppu|OAM_Search:oam_search|selected_sprites_reg[6].flags[6]                                 ;
; 12:1               ; 24 bits   ; 192 LEs       ; 72 LEs               ; 120 LEs                ; Yes        ; |chipInterface|gameboy:dut|PPU_Wrapper:ppu|OAM_Search:oam_search|selected_sprites_reg[5].tile_index[0]                            ;
; 12:1               ; 24 bits   ; 192 LEs       ; 72 LEs               ; 120 LEs                ; Yes        ; |chipInterface|gameboy:dut|PPU_Wrapper:ppu|OAM_Search:oam_search|selected_sprites_reg[9].x[5]                                     ;
; 25:1               ; 2 bits    ; 32 LEs        ; 26 LEs               ; 6 LEs                  ; Yes        ; |chipInterface|gameboy:dut|PPU_Wrapper:ppu|Pixel_Mixer:pixel_mixer_inst|pixel_out[1]                                              ;
; 3:1                ; 8 bits    ; 16 LEs        ; 16 LEs               ; 0 LEs                  ; No         ; |chipInterface|gameboy:dut|cpu:cpu|Add7                                                                                           ;
; 3:1                ; 8 bits    ; 16 LEs        ; 16 LEs               ; 0 LEs                  ; No         ; |chipInterface|gameboy:dut|cpu:cpu|Selector88                                                                                     ;
; 4:1                ; 24 bits   ; 48 LEs        ; 48 LEs               ; 0 LEs                  ; No         ; |chipInterface|gameboy:dut|PPU_Wrapper:ppu|OAM_Search:oam_search|Mux0                                                             ;
; 4:1                ; 24 bits   ; 48 LEs        ; 48 LEs               ; 0 LEs                  ; No         ; |chipInterface|gameboy:dut|PPU_Wrapper:ppu|OAM_Search:oam_search|Mux141                                                           ;
; 3:1                ; 8 bits    ; 16 LEs        ; 16 LEs               ; 0 LEs                  ; No         ; |chipInterface|gameboy:dut|cpu:cpu|Selector48                                                                                     ;
; 3:1                ; 12 bits   ; 24 LEs        ; 24 LEs               ; 0 LEs                  ; No         ; |chipInterface|gameboy:dut|MMU:mmu|BRAM_handler:memory_units|MM_addr_contention_handler:addr_handler|vram_addr_r[1]               ;
; 3:1                ; 12 bits   ; 24 LEs        ; 24 LEs               ; 0 LEs                  ; No         ; |chipInterface|gameboy:dut|MMU:mmu|BRAM_handler:memory_units|MM_addr_contention_handler:addr_handler|vram_addr_rw[4]              ;
; 3:1                ; 5 bits    ; 10 LEs        ; 10 LEs               ; 0 LEs                  ; No         ; |chipInterface|gameboy:dut|PPU_Wrapper:ppu|port1_addr[11]                                                                         ;
; 3:1                ; 4 bits    ; 8 LEs         ; 8 LEs                ; 0 LEs                  ; No         ; |chipInterface|gameboy:dut|PPU_Wrapper:ppu|port1_addr[7]                                                                          ;
; 3:1                ; 7 bits    ; 14 LEs        ; 14 LEs               ; 0 LEs                  ; No         ; |chipInterface|gameboy:dut|MMU:mmu|BRAM_handler:memory_units|MM_addr_contention_handler:addr_handler|oam_addr_r[1]                ;
; 3:1                ; 7 bits    ; 14 LEs        ; 14 LEs               ; 0 LEs                  ; No         ; |chipInterface|gameboy:dut|MMU:mmu|BRAM_handler:memory_units|MM_addr_contention_handler:addr_handler|oam_addr_rw[0]               ;
; 3:1                ; 2 bits    ; 4 LEs         ; 4 LEs                ; 0 LEs                  ; No         ; |chipInterface|gameboy:dut|PPU_Wrapper:ppu|Pixel_Gen:Pixel_Gen_inst|FIFO:bg_fifo_inst|data_out.pixel[0]                           ;
; 3:1                ; 3 bits    ; 6 LEs         ; 6 LEs                ; 0 LEs                  ; No         ; |chipInterface|gameboy:dut|PPU_Wrapper:ppu|Pixel_Gen:Pixel_Gen_inst|FIFO:sprite_fifo_inst|data_out.pixel[1]                       ;
; 3:1                ; 3 bits    ; 6 LEs         ; 3 LEs                ; 3 LEs                  ; No         ; |chipInterface|gameboy:dut|PPU_Wrapper:ppu|Pixel_Gen:Pixel_Gen_inst|Render_BG:render_bg_inst|state                                ;
; 3:1                ; 3 bits    ; 6 LEs         ; 6 LEs                ; 0 LEs                  ; No         ; |chipInterface|gameboy:dut|cpu:cpu|decoder:decoder|mpc[8]                                                                         ;
; 4:1                ; 16 bits   ; 32 LEs        ; 32 LEs               ; 0 LEs                  ; No         ; |chipInterface|gameboy:dut|cpu:cpu|regfile:regfile|Mux18                                                                          ;
; 5:1                ; 8 bits    ; 24 LEs        ; 24 LEs               ; 0 LEs                  ; No         ; |chipInterface|gameboy:dut|cpu:cpu|Selector113                                                                                    ;
; 4:1                ; 2 bits    ; 4 LEs         ; 4 LEs                ; 0 LEs                  ; No         ; |chipInterface|gameboy:dut|PPU_Wrapper:ppu|port1_addr[2]                                                                          ;
; 16:1               ; 14 bits   ; 140 LEs       ; 98 LEs               ; 42 LEs                 ; No         ; |chipInterface|gameboy:dut|PPU_Wrapper:ppu|Pixel_Gen:Pixel_Gen_inst|Render_Sprites:render_sprites_inst|Mux5                       ;
; 9:1                ; 2 bits    ; 12 LEs        ; 12 LEs               ; 0 LEs                  ; No         ; |chipInterface|gameboy:dut|PPU_Wrapper:ppu|Pixel_Gen:Pixel_Gen_inst|Render_BG:render_bg_inst|bg_pixel                             ;
; 5:1                ; 2 bits    ; 6 LEs         ; 6 LEs                ; 0 LEs                  ; No         ; |chipInterface|gameboy:dut|cpu:cpu|decoder:decoder|mpc[6]                                                                         ;
; 5:1                ; 6 bits    ; 18 LEs        ; 18 LEs               ; 0 LEs                  ; No         ; |chipInterface|gameboy:dut|cpu:cpu|decoder:decoder|mpc[3]                                                                         ;
; 3:1                ; 16 bits   ; 32 LEs        ; 32 LEs               ; 0 LEs                  ; No         ; |chipInterface|gameboy:dut|cpu:cpu|regfile:regfile|Mux17                                                                          ;
; 16:1               ; 4 bits    ; 40 LEs        ; 28 LEs               ; 12 LEs                 ; No         ; |chipInterface|gameboy:dut|cpu:cpu|regfile:regfile|Mux15                                                                          ;
; 16:1               ; 4 bits    ; 40 LEs        ; 32 LEs               ; 8 LEs                  ; No         ; |chipInterface|gameboy:dut|cpu:cpu|regfile:regfile|Mux8                                                                           ;
; 3:1                ; 28 bits   ; 56 LEs        ; 56 LEs               ; 0 LEs                  ; No         ; |chipInterface|gameboy:dut|MMU:mmu|BRAM_handler:memory_units|Selector45                                                           ;
; 6:1                ; 24 bits   ; 96 LEs        ; 72 LEs               ; 24 LEs                 ; No         ; |chipInterface|gameboy:dut|PPU_Wrapper:ppu|OAM_Search:oam_search|Mux120                                                           ;
; 6:1                ; 8 bits    ; 32 LEs        ; 24 LEs               ; 8 LEs                  ; No         ; |chipInterface|gameboy:dut|cpu:cpu|regfile:regfile|regs                                                                           ;
; 5:1                ; 3 bits    ; 9 LEs         ; 9 LEs                ; 0 LEs                  ; No         ; |chipInterface|gameboy:dut|cpu:cpu|alu:alu|addIn2[3]                                                                              ;
; 5:1                ; 6 bits    ; 18 LEs        ; 12 LEs               ; 6 LEs                  ; No         ; |chipInterface|gameboy:dut|PPU_Wrapper:ppu|Pixel_Gen:Pixel_Gen_inst|FIFO:bg_fifo_inst|rd_ptr                                      ;
; 5:1                ; 6 bits    ; 18 LEs        ; 12 LEs               ; 6 LEs                  ; No         ; |chipInterface|gameboy:dut|PPU_Wrapper:ppu|Pixel_Gen:Pixel_Gen_inst|FIFO:sprite_fifo_inst|rd_ptr                                  ;
; 7:1                ; 3 bits    ; 12 LEs        ; 9 LEs                ; 3 LEs                  ; No         ; |chipInterface|gameboy:dut|cpu:cpu|Selector90                                                                                     ;
; 7:1                ; 5 bits    ; 20 LEs        ; 20 LEs               ; 0 LEs                  ; No         ; |chipInterface|gameboy:dut|cpu:cpu|Selector94                                                                                     ;
; 7:1                ; 8 bits    ; 32 LEs        ; 32 LEs               ; 0 LEs                  ; No         ; |chipInterface|gameboy:dut|cpu:cpu|Selector100                                                                                    ;
; 7:1                ; 24 bits   ; 96 LEs        ; 96 LEs               ; 0 LEs                  ; No         ; |chipInterface|gameboy:dut|PPU_Wrapper:ppu|OAM_Search:oam_search|Mux84                                                            ;
; 7:1                ; 24 bits   ; 96 LEs        ; 96 LEs               ; 0 LEs                  ; No         ; |chipInterface|gameboy:dut|PPU_Wrapper:ppu|OAM_Search:oam_search|Mux32                                                            ;
; 6:1                ; 2 bits    ; 8 LEs         ; 8 LEs                ; 0 LEs                  ; No         ; |chipInterface|gameboy:dut|cpu:cpu|alu:alu|addIn2[5]                                                                              ;
; 7:1                ; 16 bits   ; 64 LEs        ; 64 LEs               ; 0 LEs                  ; No         ; |chipInterface|gameboy:dut|MMU:mmu|BRAM_handler:memory_units|oam_data_in[9]                                                       ;
; 8:1                ; 4 bits    ; 20 LEs        ; 16 LEs               ; 4 LEs                  ; No         ; |chipInterface|gameboy:dut|cpu:cpu|regfile:regfile|Mux5                                                                           ;
; 8:1                ; 4 bits    ; 20 LEs        ; 16 LEs               ; 4 LEs                  ; No         ; |chipInterface|gameboy:dut|cpu:cpu|regfile:regfile|Mux3                                                                           ;
; 19:1               ; 4 bits    ; 48 LEs        ; 12 LEs               ; 36 LEs                 ; No         ; |chipInterface|gameboy:dut|cpu:cpu|Selector20                                                                                     ;
; 16:1               ; 4 bits    ; 40 LEs        ; 16 LEs               ; 24 LEs                 ; No         ; |chipInterface|gameboy:dut|cpu:cpu|Selector22                                                                                     ;
; 23:1               ; 4 bits    ; 60 LEs        ; 16 LEs               ; 44 LEs                 ; No         ; |chipInterface|gameboy:dut|cpu:cpu|Selector28                                                                                     ;
; 16:1               ; 3 bits    ; 30 LEs        ; 12 LEs               ; 18 LEs                 ; No         ; |chipInterface|gameboy:dut|cpu:cpu|Selector32                                                                                     ;
; 57:1               ; 2 bits    ; 76 LEs        ; 68 LEs               ; 8 LEs                  ; No         ; |chipInterface|gameboy:dut|MMU:mmu|IO_handler:io_registers|Selector2                                                              ;
; 58:1               ; 3 bits    ; 114 LEs       ; 102 LEs              ; 12 LEs                 ; No         ; |chipInterface|gameboy:dut|MMU:mmu|IO_handler:io_registers|Selector5                                                              ;
; 33:1               ; 2 bits    ; 44 LEs        ; 24 LEs               ; 20 LEs                 ; No         ; |chipInterface|gameboy:dut|cpu:cpu|decoder:decoder|Selector20                                                                     ;
+--------------------+-----------+---------------+----------------------+------------------------+------------+-----------------------------------------------------------------------------------------------------------------------------------+


+---------------------------------------------------------------------------------------------------------------------------------------------------+
; Source assignments for gameboy:dut|MMU:mmu|BRAM_handler:memory_units|ROM_BANK:rom0|altsyncram:altsyncram_component|altsyncram_frc1:auto_generated ;
+---------------------------------+--------------------+------+-------------------------------------------------------------------------------------+
; Assignment                      ; Value              ; From ; To                                                                                  ;
+---------------------------------+--------------------+------+-------------------------------------------------------------------------------------+
; OPTIMIZE_POWER_DURING_SYNTHESIS ; NORMAL_COMPILATION ; -    ; -                                                                                   ;
+---------------------------------+--------------------+------+-------------------------------------------------------------------------------------+


+---------------------------------------------------------------------------------------------------------------------------------------------------------+
; Source assignments for gameboy:dut|MMU:mmu|BRAM_handler:memory_units|DUAL_VRAM_8KB:vram0|altsyncram:altsyncram_component|altsyncram_54g2:auto_generated ;
+---------------------------------+--------------------+------+-------------------------------------------------------------------------------------------+
; Assignment                      ; Value              ; From ; To                                                                                        ;
+---------------------------------+--------------------+------+-------------------------------------------------------------------------------------------+
; OPTIMIZE_POWER_DURING_SYNTHESIS ; NORMAL_COMPILATION ; -    ; -                                                                                         ;
+---------------------------------+--------------------+------+-------------------------------------------------------------------------------------------+


+-----------------------------------------------------------------------------------------------------------------------------------------------------+
; Source assignments for gameboy:dut|MMU:mmu|BRAM_handler:memory_units|DUAL_8KB:exram0|altsyncram:altsyncram_component|altsyncram_54g2:auto_generated ;
+---------------------------------+--------------------+------+---------------------------------------------------------------------------------------+
; Assignment                      ; Value              ; From ; To                                                                                    ;
+---------------------------------+--------------------+------+---------------------------------------------------------------------------------------+
; OPTIMIZE_POWER_DURING_SYNTHESIS ; NORMAL_COMPILATION ; -    ; -                                                                                     ;
+---------------------------------+--------------------+------+---------------------------------------------------------------------------------------+


+----------------------------------------------------------------------------------------------------------------------------------------------------+
; Source assignments for gameboy:dut|MMU:mmu|BRAM_handler:memory_units|DUAL_8KB:wram0|altsyncram:altsyncram_component|altsyncram_54g2:auto_generated ;
+---------------------------------+--------------------+------+--------------------------------------------------------------------------------------+
; Assignment                      ; Value              ; From ; To                                                                                   ;
+---------------------------------+--------------------+------+--------------------------------------------------------------------------------------+
; OPTIMIZE_POWER_DURING_SYNTHESIS ; NORMAL_COMPILATION ; -    ; -                                                                                    ;
+---------------------------------+--------------------+------+--------------------------------------------------------------------------------------+


+------------------------------------------------------------------------------------------------------------------------------------------------------+
; Source assignments for gameboy:dut|MMU:mmu|BRAM_handler:memory_units|OAM_DUALBANK:oam|altsyncram:altsyncram_component|altsyncram_ttf2:auto_generated ;
+---------------------------------+--------------------+------+----------------------------------------------------------------------------------------+
; Assignment                      ; Value              ; From ; To                                                                                     ;
+---------------------------------+--------------------+------+----------------------------------------------------------------------------------------+
; OPTIMIZE_POWER_DURING_SYNTHESIS ; NORMAL_COMPILATION ; -    ; -                                                                                      ;
+---------------------------------+--------------------+------+----------------------------------------------------------------------------------------+


+----------------------------------------------------------------------------------------------------------+
; Source assignments for FRAME_BUFFER:frame|altsyncram:altsyncram_component|altsyncram_2sj1:auto_generated ;
+---------------------------------+--------------------+------+--------------------------------------------+
; Assignment                      ; Value              ; From ; To                                         ;
+---------------------------------+--------------------+------+--------------------------------------------+
; OPTIMIZE_POWER_DURING_SYNTHESIS ; NORMAL_COMPILATION ; -    ; -                                          ;
+---------------------------------+--------------------+------+--------------------------------------------+


+--------------------------------------------------------------------------------------------------------------------------------------------------------+
; Source assignments for gameboy:dut|PPU_Wrapper:ppu|Pixel_Gen:Pixel_Gen_inst|FIFO:bg_fifo_inst|altsyncram:fifo_mem_rtl_0|altsyncram_qcc1:auto_generated ;
+---------------------------------+--------------------+------+------------------------------------------------------------------------------------------+
; Assignment                      ; Value              ; From ; To                                                                                       ;
+---------------------------------+--------------------+------+------------------------------------------------------------------------------------------+
; OPTIMIZE_POWER_DURING_SYNTHESIS ; NORMAL_COMPILATION ; -    ; -                                                                                        ;
+---------------------------------+--------------------+------+------------------------------------------------------------------------------------------+


+------------------------------------------------------------------------------------------------------------------------------------------------------------+
; Source assignments for gameboy:dut|PPU_Wrapper:ppu|Pixel_Gen:Pixel_Gen_inst|FIFO:sprite_fifo_inst|altsyncram:fifo_mem_rtl_0|altsyncram_scc1:auto_generated ;
+---------------------------------+--------------------+------+----------------------------------------------------------------------------------------------+
; Assignment                      ; Value              ; From ; To                                                                                           ;
+---------------------------------+--------------------+------+----------------------------------------------------------------------------------------------+
; OPTIMIZE_POWER_DURING_SYNTHESIS ; NORMAL_COMPILATION ; -    ; -                                                                                            ;
+---------------------------------+--------------------+------+----------------------------------------------------------------------------------------------+


+-----------------------------------------------------+
; Parameter Settings for User Entity Instance: vga:v1 ;
+----------------+-------+----------------------------+
; Parameter Name ; Value ; Type                       ;
+----------------+-------+----------------------------+
; CLOCK_NS       ; 20    ; Signed Integer             ;
+----------------+-------+----------------------------+
Note: In order to hide this table in the UI and the text report file, please set the "Show Parameter Settings in Synthesis Report" option in "Analysis and Synthesis Settings -> More Settings" to "Off".


+-------------------------------------------------------------------+
; Parameter Settings for User Entity Instance: vga:v1|Counter:hs_ct ;
+----------------+-------+------------------------------------------+
; Parameter Name ; Value ; Type                                     ;
+----------------+-------+------------------------------------------+
; WIDTH          ; 11    ; Signed Integer                           ;
+----------------+-------+------------------------------------------+
Note: In order to hide this table in the UI and the text report file, please set the "Show Parameter Settings in Synthesis Report" option in "Analysis and Synthesis Settings -> More Settings" to "Off".


+-------------------------------------------------------------------+
; Parameter Settings for User Entity Instance: vga:v1|Counter:vs_ct ;
+----------------+-------+------------------------------------------+
; Parameter Name ; Value ; Type                                     ;
+----------------+-------+------------------------------------------+
; WIDTH          ; 20    ; Signed Integer                           ;
+----------------+-------+------------------------------------------+
Note: In order to hide this table in the UI and the text report file, please set the "Show Parameter Settings in Synthesis Report" option in "Analysis and Synthesis Settings -> More Settings" to "Off".


+--------------------------------------------------------------------------+
; Parameter Settings for User Entity Instance: vga:v1|MagComp:HS_num_clock ;
+----------------+-------+-------------------------------------------------+
; Parameter Name ; Value ; Type                                            ;
+----------------+-------+-------------------------------------------------+
; WIDTH          ; 11    ; Signed Integer                                  ;
+----------------+-------+-------------------------------------------------+
Note: In order to hide this table in the UI and the text report file, please set the "Show Parameter Settings in Synthesis Report" option in "Analysis and Synthesis Settings -> More Settings" to "Off".


+--------------------------------------------------------------------------+
; Parameter Settings for User Entity Instance: vga:v1|MagComp:VS_num_clock ;
+----------------+-------+-------------------------------------------------+
; Parameter Name ; Value ; Type                                            ;
+----------------+-------+-------------------------------------------------+
; WIDTH          ; 20    ; Signed Integer                                  ;
+----------------+-------+-------------------------------------------------+
Note: In order to hide this table in the UI and the text report file, please set the "Show Parameter Settings in Synthesis Report" option in "Analysis and Synthesis Settings -> More Settings" to "Off".


+--------------------------------------------------------------------+
; Parameter Settings for User Entity Instance: vga:v1|Counter:row_ct ;
+----------------+-------+-------------------------------------------+
; Parameter Name ; Value ; Type                                      ;
+----------------+-------+-------------------------------------------+
; WIDTH          ; 9     ; Signed Integer                            ;
+----------------+-------+-------------------------------------------+
Note: In order to hide this table in the UI and the text report file, please set the "Show Parameter Settings in Synthesis Report" option in "Analysis and Synthesis Settings -> More Settings" to "Off".


+--------------------------------------------------------------------+
; Parameter Settings for User Entity Instance: vga:v1|Counter:col_ct ;
+----------------+-------+-------------------------------------------+
; Parameter Name ; Value ; Type                                      ;
+----------------+-------+-------------------------------------------+
; WIDTH          ; 10    ; Signed Integer                            ;
+----------------+-------+-------------------------------------------+
Note: In order to hide this table in the UI and the text report file, please set the "Show Parameter Settings in Synthesis Report" option in "Analysis and Synthesis Settings -> More Settings" to "Off".


+---------------------------------------------------------------------------+
; Parameter Settings for User Entity Instance: vga:v1|range_check:hs_period ;
+----------------+-------+--------------------------------------------------+
; Parameter Name ; Value ; Type                                             ;
+----------------+-------+--------------------------------------------------+
; WIDTH          ; 11    ; Signed Integer                                   ;
+----------------+-------+--------------------------------------------------+
Note: In order to hide this table in the UI and the text report file, please set the "Show Parameter Settings in Synthesis Report" option in "Analysis and Synthesis Settings -> More Settings" to "Off".


+---------------------------------------------------------------------------+
; Parameter Settings for User Entity Instance: vga:v1|range_check:vs_period ;
+----------------+-------+--------------------------------------------------+
; Parameter Name ; Value ; Type                                             ;
+----------------+-------+--------------------------------------------------+
; WIDTH          ; 20    ; Signed Integer                                   ;
+----------------+-------+--------------------------------------------------+
Note: In order to hide this table in the UI and the text report file, please set the "Show Parameter Settings in Synthesis Report" option in "Analysis and Synthesis Settings -> More Settings" to "Off".


+--------------------------------------------------------------------------------+
; Parameter Settings for User Entity Instance: vga:v1|range_check:tdisphs_period ;
+----------------+-------+-------------------------------------------------------+
; Parameter Name ; Value ; Type                                                  ;
+----------------+-------+-------------------------------------------------------+
; WIDTH          ; 11    ; Signed Integer                                        ;
+----------------+-------+-------------------------------------------------------+
Note: In order to hide this table in the UI and the text report file, please set the "Show Parameter Settings in Synthesis Report" option in "Analysis and Synthesis Settings -> More Settings" to "Off".


+--------------------------------------------------------------------------------+
; Parameter Settings for User Entity Instance: vga:v1|range_check:tdispvs_period ;
+----------------+-------+-------------------------------------------------------+
; Parameter Name ; Value ; Type                                                  ;
+----------------+-------+-------------------------------------------------------+
; WIDTH          ; 20    ; Signed Integer                                        ;
+----------------+-------+-------------------------------------------------------+
Note: In order to hide this table in the UI and the text report file, please set the "Show Parameter Settings in Synthesis Report" option in "Analysis and Synthesis Settings -> More Settings" to "Off".


+----------------------------------------------------------------------------+
; Parameter Settings for User Entity Instance: gameboy:dut|flopenr:validflop ;
+----------------+-------+---------------------------------------------------+
; Parameter Name ; Value ; Type                                              ;
+----------------+-------+---------------------------------------------------+
; WIDTH          ; 1     ; Signed Integer                                    ;
; RST            ; 0     ; Signed Integer                                    ;
+----------------+-------+---------------------------------------------------+
Note: In order to hide this table in the UI and the text report file, please set the "Show Parameter Settings in Synthesis Report" option in "Analysis and Synthesis Settings -> More Settings" to "Off".


+-----------------------------------------------------------------------+
; Parameter Settings for User Entity Instance: gameboy:dut|flop:memflop ;
+----------------+-------+----------------------------------------------+
; Parameter Name ; Value ; Type                                         ;
+----------------+-------+----------------------------------------------+
; WIDTH          ; 16    ; Signed Integer                               ;
+----------------+-------+----------------------------------------------+
Note: In order to hide this table in the UI and the text report file, please set the "Show Parameter Settings in Synthesis Report" option in "Analysis and Synthesis Settings -> More Settings" to "Off".


+----------------------------------------------------------------------+
; Parameter Settings for User Entity Instance: gameboy:dut|flop:memflg ;
+----------------+-------+---------------------------------------------+
; Parameter Name ; Value ; Type                                        ;
+----------------+-------+---------------------------------------------+
; WIDTH          ; 16    ; Signed Integer                              ;
+----------------+-------+---------------------------------------------+
Note: In order to hide this table in the UI and the text report file, please set the "Show Parameter Settings in Synthesis Report" option in "Analysis and Synthesis Settings -> More Settings" to "Off".


+-----------------------------------------------------------------------------------+
; Parameter Settings for User Entity Instance: gameboy:dut|cpu:cpu|flopr:memAdrflop ;
+----------------+-------+----------------------------------------------------------+
; Parameter Name ; Value ; Type                                                     ;
+----------------+-------+----------------------------------------------------------+
; WIDTH          ; 1     ; Signed Integer                                           ;
+----------------+-------+----------------------------------------------------------+
Note: In order to hide this table in the UI and the text report file, please set the "Show Parameter Settings in Synthesis Report" option in "Analysis and Synthesis Settings -> More Settings" to "Off".


+---------------------------------------------------------------------------------------------------+
; Parameter Settings for User Entity Instance: gameboy:dut|cpu:cpu|decoder:decoder|flopenr:oldopreg ;
+----------------+-------+--------------------------------------------------------------------------+
; Parameter Name ; Value ; Type                                                                     ;
+----------------+-------+--------------------------------------------------------------------------+
; WIDTH          ; 8     ; Signed Integer                                                           ;
; RST            ; 0     ; Signed Integer                                                           ;
+----------------+-------+--------------------------------------------------------------------------+
Note: In order to hide this table in the UI and the text report file, please set the "Show Parameter Settings in Synthesis Report" option in "Analysis and Synthesis Settings -> More Settings" to "Off".


+----------------------------------------------------------------------------------------------------+
; Parameter Settings for User Entity Instance: gameboy:dut|cpu:cpu|decoder:decoder|flopenr:nextopreg ;
+----------------+-------+---------------------------------------------------------------------------+
; Parameter Name ; Value ; Type                                                                      ;
+----------------+-------+---------------------------------------------------------------------------+
; WIDTH          ; 8     ; Signed Integer                                                            ;
; RST            ; 0     ; Signed Integer                                                            ;
+----------------+-------+---------------------------------------------------------------------------+
Note: In order to hide this table in the UI and the text report file, please set the "Show Parameter Settings in Synthesis Report" option in "Analysis and Synthesis Settings -> More Settings" to "Off".


+-------------------------------------------------------------------------------------------------+
; Parameter Settings for User Entity Instance: gameboy:dut|cpu:cpu|decoder:decoder|flopr:cbprereg ;
+----------------+-------+------------------------------------------------------------------------+
; Parameter Name ; Value ; Type                                                                   ;
+----------------+-------+------------------------------------------------------------------------+
; WIDTH          ; 1     ; Signed Integer                                                         ;
+----------------+-------+------------------------------------------------------------------------+
Note: In order to hide this table in the UI and the text report file, please set the "Show Parameter Settings in Synthesis Report" option in "Analysis and Synthesis Settings -> More Settings" to "Off".


+-------------------------------------------------------------------------------------------------+
; Parameter Settings for User Entity Instance: gameboy:dut|cpu:cpu|decoder:decoder|flopenr:imereg ;
+----------------+-------+------------------------------------------------------------------------+
; Parameter Name ; Value ; Type                                                                   ;
+----------------+-------+------------------------------------------------------------------------+
; WIDTH          ; 2     ; Signed Integer                                                         ;
; RST            ; 0     ; Signed Integer                                                         ;
+----------------+-------+------------------------------------------------------------------------+
Note: In order to hide this table in the UI and the text report file, please set the "Show Parameter Settings in Synthesis Report" option in "Analysis and Synthesis Settings -> More Settings" to "Off".


+--------------------------------------------------------------------------------------------------+
; Parameter Settings for User Entity Instance: gameboy:dut|cpu:cpu|decoder:decoder|flopenr:imereg2 ;
+----------------+-------+-------------------------------------------------------------------------+
; Parameter Name ; Value ; Type                                                                    ;
+----------------+-------+-------------------------------------------------------------------------+
; WIDTH          ; 1     ; Signed Integer                                                          ;
; RST            ; 0     ; Signed Integer                                                          ;
+----------------+-------+-------------------------------------------------------------------------+
Note: In order to hide this table in the UI and the text report file, please set the "Show Parameter Settings in Synthesis Report" option in "Analysis and Synthesis Settings -> More Settings" to "Off".


+-------------------------------------------------------------------------------------------------+
; Parameter Settings for User Entity Instance: gameboy:dut|cpu:cpu|decoder:decoder|flopr:doneflop ;
+----------------+-------+------------------------------------------------------------------------+
; Parameter Name ; Value ; Type                                                                   ;
+----------------+-------+------------------------------------------------------------------------+
; WIDTH          ; 1     ; Signed Integer                                                         ;
+----------------+-------+------------------------------------------------------------------------+
Note: In order to hide this table in the UI and the text report file, please set the "Show Parameter Settings in Synthesis Report" option in "Analysis and Synthesis Settings -> More Settings" to "Off".


+------------------------------------------------------------------------------------------------+
; Parameter Settings for User Entity Instance: gameboy:dut|cpu:cpu|decoder:decoder|flopr:mpcflop ;
+----------------+-------+-----------------------------------------------------------------------+
; Parameter Name ; Value ; Type                                                                  ;
+----------------+-------+-----------------------------------------------------------------------+
; WIDTH          ; 11    ; Signed Integer                                                        ;
+----------------+-------+-----------------------------------------------------------------------+
Note: In order to hide this table in the UI and the text report file, please set the "Show Parameter Settings in Synthesis Report" option in "Analysis and Synthesis Settings -> More Settings" to "Off".


+---------------------------------------------------------------------------------+
; Parameter Settings for User Entity Instance: gameboy:dut|cpu:cpu|flopenr:pcflop ;
+----------------+------------------+---------------------------------------------+
; Parameter Name ; Value            ; Type                                        ;
+----------------+------------------+---------------------------------------------+
; WIDTH          ; 16               ; Signed Integer                              ;
; RST            ; 0000000100000000 ; Unsigned Binary                             ;
+----------------+------------------+---------------------------------------------+
Note: In order to hide this table in the UI and the text report file, please set the "Show Parameter Settings in Synthesis Report" option in "Analysis and Synthesis Settings -> More Settings" to "Off".


+-------------------------------------------------------------------------------------+
; Parameter Settings for User Entity Instance: gameboy:dut|cpu:cpu|flopenr:memfwdflop ;
+----------------+-------+------------------------------------------------------------+
; Parameter Name ; Value ; Type                                                       ;
+----------------+-------+------------------------------------------------------------+
; WIDTH          ; 23    ; Signed Integer                                             ;
; RST            ; 0     ; Signed Integer                                             ;
+----------------+-------+------------------------------------------------------------+
Note: In order to hide this table in the UI and the text report file, please set the "Show Parameter Settings in Synthesis Report" option in "Analysis and Synthesis Settings -> More Settings" to "Off".


+------------------------------------------------------------------------------------------------------------------------------------------+
; Parameter Settings for User Entity Instance: gameboy:dut|MMU:mmu|BRAM_handler:memory_units|DMA_controller:dma_guy|Counter:dma_addr_cnter ;
+----------------+-------+-----------------------------------------------------------------------------------------------------------------+
; Parameter Name ; Value ; Type                                                                                                            ;
+----------------+-------+-----------------------------------------------------------------------------------------------------------------+
; WIDTH          ; 16    ; Signed Integer                                                                                                  ;
+----------------+-------+-----------------------------------------------------------------------------------------------------------------+
Note: In order to hide this table in the UI and the text report file, please set the "Show Parameter Settings in Synthesis Report" option in "Analysis and Synthesis Settings -> More Settings" to "Off".


+------------------------------------------------------------------------------------------------------------------------------------------+
; Parameter Settings for User Entity Instance: gameboy:dut|MMU:mmu|BRAM_handler:memory_units|DMA_controller:dma_guy|Counter:oam_addr_cnter ;
+----------------+-------+-----------------------------------------------------------------------------------------------------------------+
; Parameter Name ; Value ; Type                                                                                                            ;
+----------------+-------+-----------------------------------------------------------------------------------------------------------------+
; WIDTH          ; 16    ; Signed Integer                                                                                                  ;
+----------------+-------+-----------------------------------------------------------------------------------------------------------------+
Note: In order to hide this table in the UI and the text report file, please set the "Show Parameter Settings in Synthesis Report" option in "Analysis and Synthesis Settings -> More Settings" to "Off".


+---------------------------------------------------------------------------------------------------------------------------------------+
; Parameter Settings for User Entity Instance: gameboy:dut|MMU:mmu|BRAM_handler:memory_units|DMA_controller:dma_guy|Counter:cycle_cnter ;
+----------------+-------+--------------------------------------------------------------------------------------------------------------+
; Parameter Name ; Value ; Type                                                                                                         ;
+----------------+-------+--------------------------------------------------------------------------------------------------------------+
; WIDTH          ; 12    ; Signed Integer                                                                                               ;
+----------------+-------+--------------------------------------------------------------------------------------------------------------+
Note: In order to hide this table in the UI and the text report file, please set the "Show Parameter Settings in Synthesis Report" option in "Analysis and Synthesis Settings -> More Settings" to "Off".


+------------------------------------------------------------------------------------------------------------------------------------------+
; Parameter Settings for User Entity Instance: gameboy:dut|MMU:mmu|BRAM_handler:memory_units|ROM_BANK:rom0|altsyncram:altsyncram_component ;
+------------------------------------+---------------------------------------------------+-------------------------------------------------+
; Parameter Name                     ; Value                                             ; Type                                            ;
+------------------------------------+---------------------------------------------------+-------------------------------------------------+
; BYTE_SIZE_BLOCK                    ; 8                                                 ; Untyped                                         ;
; AUTO_CARRY_CHAINS                  ; ON                                                ; AUTO_CARRY                                      ;
; IGNORE_CARRY_BUFFERS               ; OFF                                               ; IGNORE_CARRY                                    ;
; AUTO_CASCADE_CHAINS                ; ON                                                ; AUTO_CASCADE                                    ;
; IGNORE_CASCADE_BUFFERS             ; OFF                                               ; IGNORE_CASCADE                                  ;
; WIDTH_BYTEENA                      ; 1                                                 ; Untyped                                         ;
; OPERATION_MODE                     ; ROM                                               ; Untyped                                         ;
; WIDTH_A                            ; 16                                                ; Signed Integer                                  ;
; WIDTHAD_A                          ; 14                                                ; Signed Integer                                  ;
; NUMWORDS_A                         ; 16384                                             ; Signed Integer                                  ;
; OUTDATA_REG_A                      ; CLOCK0                                            ; Untyped                                         ;
; ADDRESS_ACLR_A                     ; NONE                                              ; Untyped                                         ;
; OUTDATA_ACLR_A                     ; NONE                                              ; Untyped                                         ;
; WRCONTROL_ACLR_A                   ; NONE                                              ; Untyped                                         ;
; INDATA_ACLR_A                      ; NONE                                              ; Untyped                                         ;
; BYTEENA_ACLR_A                     ; NONE                                              ; Untyped                                         ;
; WIDTH_B                            ; 1                                                 ; Untyped                                         ;
; WIDTHAD_B                          ; 1                                                 ; Untyped                                         ;
; NUMWORDS_B                         ; 1                                                 ; Untyped                                         ;
; INDATA_REG_B                       ; CLOCK1                                            ; Untyped                                         ;
; WRCONTROL_WRADDRESS_REG_B          ; CLOCK1                                            ; Untyped                                         ;
; RDCONTROL_REG_B                    ; CLOCK1                                            ; Untyped                                         ;
; ADDRESS_REG_B                      ; CLOCK1                                            ; Untyped                                         ;
; OUTDATA_REG_B                      ; UNREGISTERED                                      ; Untyped                                         ;
; BYTEENA_REG_B                      ; CLOCK1                                            ; Untyped                                         ;
; INDATA_ACLR_B                      ; NONE                                              ; Untyped                                         ;
; WRCONTROL_ACLR_B                   ; NONE                                              ; Untyped                                         ;
; ADDRESS_ACLR_B                     ; NONE                                              ; Untyped                                         ;
; OUTDATA_ACLR_B                     ; NONE                                              ; Untyped                                         ;
; RDCONTROL_ACLR_B                   ; NONE                                              ; Untyped                                         ;
; BYTEENA_ACLR_B                     ; NONE                                              ; Untyped                                         ;
; WIDTH_BYTEENA_A                    ; 1                                                 ; Signed Integer                                  ;
; WIDTH_BYTEENA_B                    ; 1                                                 ; Untyped                                         ;
; RAM_BLOCK_TYPE                     ; AUTO                                              ; Untyped                                         ;
; BYTE_SIZE                          ; 8                                                 ; Untyped                                         ;
; READ_DURING_WRITE_MODE_MIXED_PORTS ; DONT_CARE                                         ; Untyped                                         ;
; READ_DURING_WRITE_MODE_PORT_A      ; NEW_DATA_NO_NBE_READ                              ; Untyped                                         ;
; READ_DURING_WRITE_MODE_PORT_B      ; NEW_DATA_NO_NBE_READ                              ; Untyped                                         ;
; INIT_FILE                          ; ../../code/Integration/MMU/mif_files/Dr.Mario.mif ; Untyped                                         ;
; INIT_FILE_LAYOUT                   ; PORT_A                                            ; Untyped                                         ;
; MAXIMUM_DEPTH                      ; 0                                                 ; Untyped                                         ;
; CLOCK_ENABLE_INPUT_A               ; BYPASS                                            ; Untyped                                         ;
; CLOCK_ENABLE_INPUT_B               ; NORMAL                                            ; Untyped                                         ;
; CLOCK_ENABLE_OUTPUT_A              ; BYPASS                                            ; Untyped                                         ;
; CLOCK_ENABLE_OUTPUT_B              ; NORMAL                                            ; Untyped                                         ;
; CLOCK_ENABLE_CORE_A                ; USE_INPUT_CLKEN                                   ; Untyped                                         ;
; CLOCK_ENABLE_CORE_B                ; USE_INPUT_CLKEN                                   ; Untyped                                         ;
; ENABLE_ECC                         ; FALSE                                             ; Untyped                                         ;
; ECC_PIPELINE_STAGE_ENABLED         ; FALSE                                             ; Untyped                                         ;
; WIDTH_ECCSTATUS                    ; 3                                                 ; Untyped                                         ;
; DEVICE_FAMILY                      ; Cyclone IV E                                      ; Untyped                                         ;
; CBXI_PARAMETER                     ; altsyncram_frc1                                   ; Untyped                                         ;
+------------------------------------+---------------------------------------------------+-------------------------------------------------+
Note: In order to hide this table in the UI and the text report file, please set the "Show Parameter Settings in Synthesis Report" option in "Analysis and Synthesis Settings -> More Settings" to "Off".


+------------------------------------------------------------------------------------------------------------------------------------------------+
; Parameter Settings for User Entity Instance: gameboy:dut|MMU:mmu|BRAM_handler:memory_units|DUAL_VRAM_8KB:vram0|altsyncram:altsyncram_component ;
+------------------------------------+----------------------+------------------------------------------------------------------------------------+
; Parameter Name                     ; Value                ; Type                                                                               ;
+------------------------------------+----------------------+------------------------------------------------------------------------------------+
; BYTE_SIZE_BLOCK                    ; 8                    ; Untyped                                                                            ;
; AUTO_CARRY_CHAINS                  ; ON                   ; AUTO_CARRY                                                                         ;
; IGNORE_CARRY_BUFFERS               ; OFF                  ; IGNORE_CARRY                                                                       ;
; AUTO_CASCADE_CHAINS                ; ON                   ; AUTO_CASCADE                                                                       ;
; IGNORE_CASCADE_BUFFERS             ; OFF                  ; IGNORE_CASCADE                                                                     ;
; WIDTH_BYTEENA                      ; 1                    ; Untyped                                                                            ;
; OPERATION_MODE                     ; BIDIR_DUAL_PORT      ; Untyped                                                                            ;
; WIDTH_A                            ; 16                   ; Signed Integer                                                                     ;
; WIDTHAD_A                          ; 12                   ; Signed Integer                                                                     ;
; NUMWORDS_A                         ; 4096                 ; Signed Integer                                                                     ;
; OUTDATA_REG_A                      ; CLOCK0               ; Untyped                                                                            ;
; ADDRESS_ACLR_A                     ; NONE                 ; Untyped                                                                            ;
; OUTDATA_ACLR_A                     ; NONE                 ; Untyped                                                                            ;
; WRCONTROL_ACLR_A                   ; NONE                 ; Untyped                                                                            ;
; INDATA_ACLR_A                      ; NONE                 ; Untyped                                                                            ;
; BYTEENA_ACLR_A                     ; NONE                 ; Untyped                                                                            ;
; WIDTH_B                            ; 16                   ; Signed Integer                                                                     ;
; WIDTHAD_B                          ; 12                   ; Signed Integer                                                                     ;
; NUMWORDS_B                         ; 4096                 ; Signed Integer                                                                     ;
; INDATA_REG_B                       ; CLOCK0               ; Untyped                                                                            ;
; WRCONTROL_WRADDRESS_REG_B          ; CLOCK0               ; Untyped                                                                            ;
; RDCONTROL_REG_B                    ; CLOCK1               ; Untyped                                                                            ;
; ADDRESS_REG_B                      ; CLOCK0               ; Untyped                                                                            ;
; OUTDATA_REG_B                      ; CLOCK0               ; Untyped                                                                            ;
; BYTEENA_REG_B                      ; CLOCK1               ; Untyped                                                                            ;
; INDATA_ACLR_B                      ; NONE                 ; Untyped                                                                            ;
; WRCONTROL_ACLR_B                   ; NONE                 ; Untyped                                                                            ;
; ADDRESS_ACLR_B                     ; NONE                 ; Untyped                                                                            ;
; OUTDATA_ACLR_B                     ; NONE                 ; Untyped                                                                            ;
; RDCONTROL_ACLR_B                   ; NONE                 ; Untyped                                                                            ;
; BYTEENA_ACLR_B                     ; NONE                 ; Untyped                                                                            ;
; WIDTH_BYTEENA_A                    ; 1                    ; Signed Integer                                                                     ;
; WIDTH_BYTEENA_B                    ; 1                    ; Signed Integer                                                                     ;
; RAM_BLOCK_TYPE                     ; AUTO                 ; Untyped                                                                            ;
; BYTE_SIZE                          ; 8                    ; Untyped                                                                            ;
; READ_DURING_WRITE_MODE_MIXED_PORTS ; OLD_DATA             ; Untyped                                                                            ;
; READ_DURING_WRITE_MODE_PORT_A      ; NEW_DATA_NO_NBE_READ ; Untyped                                                                            ;
; READ_DURING_WRITE_MODE_PORT_B      ; NEW_DATA_NO_NBE_READ ; Untyped                                                                            ;
; INIT_FILE                          ; UNUSED               ; Untyped                                                                            ;
; INIT_FILE_LAYOUT                   ; PORT_A               ; Untyped                                                                            ;
; MAXIMUM_DEPTH                      ; 0                    ; Untyped                                                                            ;
; CLOCK_ENABLE_INPUT_A               ; BYPASS               ; Untyped                                                                            ;
; CLOCK_ENABLE_INPUT_B               ; BYPASS               ; Untyped                                                                            ;
; CLOCK_ENABLE_OUTPUT_A              ; BYPASS               ; Untyped                                                                            ;
; CLOCK_ENABLE_OUTPUT_B              ; BYPASS               ; Untyped                                                                            ;
; CLOCK_ENABLE_CORE_A                ; USE_INPUT_CLKEN      ; Untyped                                                                            ;
; CLOCK_ENABLE_CORE_B                ; USE_INPUT_CLKEN      ; Untyped                                                                            ;
; ENABLE_ECC                         ; FALSE                ; Untyped                                                                            ;
; ECC_PIPELINE_STAGE_ENABLED         ; FALSE                ; Untyped                                                                            ;
; WIDTH_ECCSTATUS                    ; 3                    ; Untyped                                                                            ;
; DEVICE_FAMILY                      ; Cyclone IV E         ; Untyped                                                                            ;
; CBXI_PARAMETER                     ; altsyncram_54g2      ; Untyped                                                                            ;
+------------------------------------+----------------------+------------------------------------------------------------------------------------+
Note: In order to hide this table in the UI and the text report file, please set the "Show Parameter Settings in Synthesis Report" option in "Analysis and Synthesis Settings -> More Settings" to "Off".


+--------------------------------------------------------------------------------------------------------------------------------------------+
; Parameter Settings for User Entity Instance: gameboy:dut|MMU:mmu|BRAM_handler:memory_units|DUAL_8KB:exram0|altsyncram:altsyncram_component ;
+------------------------------------+----------------------+--------------------------------------------------------------------------------+
; Parameter Name                     ; Value                ; Type                                                                           ;
+------------------------------------+----------------------+--------------------------------------------------------------------------------+
; BYTE_SIZE_BLOCK                    ; 8                    ; Untyped                                                                        ;
; AUTO_CARRY_CHAINS                  ; ON                   ; AUTO_CARRY                                                                     ;
; IGNORE_CARRY_BUFFERS               ; OFF                  ; IGNORE_CARRY                                                                   ;
; AUTO_CASCADE_CHAINS                ; ON                   ; AUTO_CASCADE                                                                   ;
; IGNORE_CASCADE_BUFFERS             ; OFF                  ; IGNORE_CASCADE                                                                 ;
; WIDTH_BYTEENA                      ; 1                    ; Untyped                                                                        ;
; OPERATION_MODE                     ; BIDIR_DUAL_PORT      ; Untyped                                                                        ;
; WIDTH_A                            ; 16                   ; Signed Integer                                                                 ;
; WIDTHAD_A                          ; 12                   ; Signed Integer                                                                 ;
; NUMWORDS_A                         ; 4096                 ; Signed Integer                                                                 ;
; OUTDATA_REG_A                      ; CLOCK0               ; Untyped                                                                        ;
; ADDRESS_ACLR_A                     ; NONE                 ; Untyped                                                                        ;
; OUTDATA_ACLR_A                     ; NONE                 ; Untyped                                                                        ;
; WRCONTROL_ACLR_A                   ; NONE                 ; Untyped                                                                        ;
; INDATA_ACLR_A                      ; NONE                 ; Untyped                                                                        ;
; BYTEENA_ACLR_A                     ; NONE                 ; Untyped                                                                        ;
; WIDTH_B                            ; 16                   ; Signed Integer                                                                 ;
; WIDTHAD_B                          ; 12                   ; Signed Integer                                                                 ;
; NUMWORDS_B                         ; 4096                 ; Signed Integer                                                                 ;
; INDATA_REG_B                       ; CLOCK0               ; Untyped                                                                        ;
; WRCONTROL_WRADDRESS_REG_B          ; CLOCK0               ; Untyped                                                                        ;
; RDCONTROL_REG_B                    ; CLOCK1               ; Untyped                                                                        ;
; ADDRESS_REG_B                      ; CLOCK0               ; Untyped                                                                        ;
; OUTDATA_REG_B                      ; CLOCK0               ; Untyped                                                                        ;
; BYTEENA_REG_B                      ; CLOCK1               ; Untyped                                                                        ;
; INDATA_ACLR_B                      ; NONE                 ; Untyped                                                                        ;
; WRCONTROL_ACLR_B                   ; NONE                 ; Untyped                                                                        ;
; ADDRESS_ACLR_B                     ; NONE                 ; Untyped                                                                        ;
; OUTDATA_ACLR_B                     ; NONE                 ; Untyped                                                                        ;
; RDCONTROL_ACLR_B                   ; NONE                 ; Untyped                                                                        ;
; BYTEENA_ACLR_B                     ; NONE                 ; Untyped                                                                        ;
; WIDTH_BYTEENA_A                    ; 1                    ; Signed Integer                                                                 ;
; WIDTH_BYTEENA_B                    ; 1                    ; Signed Integer                                                                 ;
; RAM_BLOCK_TYPE                     ; AUTO                 ; Untyped                                                                        ;
; BYTE_SIZE                          ; 8                    ; Untyped                                                                        ;
; READ_DURING_WRITE_MODE_MIXED_PORTS ; OLD_DATA             ; Untyped                                                                        ;
; READ_DURING_WRITE_MODE_PORT_A      ; NEW_DATA_NO_NBE_READ ; Untyped                                                                        ;
; READ_DURING_WRITE_MODE_PORT_B      ; NEW_DATA_NO_NBE_READ ; Untyped                                                                        ;
; INIT_FILE                          ; UNUSED               ; Untyped                                                                        ;
; INIT_FILE_LAYOUT                   ; PORT_A               ; Untyped                                                                        ;
; MAXIMUM_DEPTH                      ; 0                    ; Untyped                                                                        ;
; CLOCK_ENABLE_INPUT_A               ; BYPASS               ; Untyped                                                                        ;
; CLOCK_ENABLE_INPUT_B               ; BYPASS               ; Untyped                                                                        ;
; CLOCK_ENABLE_OUTPUT_A              ; BYPASS               ; Untyped                                                                        ;
; CLOCK_ENABLE_OUTPUT_B              ; BYPASS               ; Untyped                                                                        ;
; CLOCK_ENABLE_CORE_A                ; USE_INPUT_CLKEN      ; Untyped                                                                        ;
; CLOCK_ENABLE_CORE_B                ; USE_INPUT_CLKEN      ; Untyped                                                                        ;
; ENABLE_ECC                         ; FALSE                ; Untyped                                                                        ;
; ECC_PIPELINE_STAGE_ENABLED         ; FALSE                ; Untyped                                                                        ;
; WIDTH_ECCSTATUS                    ; 3                    ; Untyped                                                                        ;
; DEVICE_FAMILY                      ; Cyclone IV E         ; Untyped                                                                        ;
; CBXI_PARAMETER                     ; altsyncram_54g2      ; Untyped                                                                        ;
+------------------------------------+----------------------+--------------------------------------------------------------------------------+
Note: In order to hide this table in the UI and the text report file, please set the "Show Parameter Settings in Synthesis Report" option in "Analysis and Synthesis Settings -> More Settings" to "Off".


+-------------------------------------------------------------------------------------------------------------------------------------------+
; Parameter Settings for User Entity Instance: gameboy:dut|MMU:mmu|BRAM_handler:memory_units|DUAL_8KB:wram0|altsyncram:altsyncram_component ;
+------------------------------------+----------------------+-------------------------------------------------------------------------------+
; Parameter Name                     ; Value                ; Type                                                                          ;
+------------------------------------+----------------------+-------------------------------------------------------------------------------+
; BYTE_SIZE_BLOCK                    ; 8                    ; Untyped                                                                       ;
; AUTO_CARRY_CHAINS                  ; ON                   ; AUTO_CARRY                                                                    ;
; IGNORE_CARRY_BUFFERS               ; OFF                  ; IGNORE_CARRY                                                                  ;
; AUTO_CASCADE_CHAINS                ; ON                   ; AUTO_CASCADE                                                                  ;
; IGNORE_CASCADE_BUFFERS             ; OFF                  ; IGNORE_CASCADE                                                                ;
; WIDTH_BYTEENA                      ; 1                    ; Untyped                                                                       ;
; OPERATION_MODE                     ; BIDIR_DUAL_PORT      ; Untyped                                                                       ;
; WIDTH_A                            ; 16                   ; Signed Integer                                                                ;
; WIDTHAD_A                          ; 12                   ; Signed Integer                                                                ;
; NUMWORDS_A                         ; 4096                 ; Signed Integer                                                                ;
; OUTDATA_REG_A                      ; CLOCK0               ; Untyped                                                                       ;
; ADDRESS_ACLR_A                     ; NONE                 ; Untyped                                                                       ;
; OUTDATA_ACLR_A                     ; NONE                 ; Untyped                                                                       ;
; WRCONTROL_ACLR_A                   ; NONE                 ; Untyped                                                                       ;
; INDATA_ACLR_A                      ; NONE                 ; Untyped                                                                       ;
; BYTEENA_ACLR_A                     ; NONE                 ; Untyped                                                                       ;
; WIDTH_B                            ; 16                   ; Signed Integer                                                                ;
; WIDTHAD_B                          ; 12                   ; Signed Integer                                                                ;
; NUMWORDS_B                         ; 4096                 ; Signed Integer                                                                ;
; INDATA_REG_B                       ; CLOCK0               ; Untyped                                                                       ;
; WRCONTROL_WRADDRESS_REG_B          ; CLOCK0               ; Untyped                                                                       ;
; RDCONTROL_REG_B                    ; CLOCK1               ; Untyped                                                                       ;
; ADDRESS_REG_B                      ; CLOCK0               ; Untyped                                                                       ;
; OUTDATA_REG_B                      ; CLOCK0               ; Untyped                                                                       ;
; BYTEENA_REG_B                      ; CLOCK1               ; Untyped                                                                       ;
; INDATA_ACLR_B                      ; NONE                 ; Untyped                                                                       ;
; WRCONTROL_ACLR_B                   ; NONE                 ; Untyped                                                                       ;
; ADDRESS_ACLR_B                     ; NONE                 ; Untyped                                                                       ;
; OUTDATA_ACLR_B                     ; NONE                 ; Untyped                                                                       ;
; RDCONTROL_ACLR_B                   ; NONE                 ; Untyped                                                                       ;
; BYTEENA_ACLR_B                     ; NONE                 ; Untyped                                                                       ;
; WIDTH_BYTEENA_A                    ; 1                    ; Signed Integer                                                                ;
; WIDTH_BYTEENA_B                    ; 1                    ; Signed Integer                                                                ;
; RAM_BLOCK_TYPE                     ; AUTO                 ; Untyped                                                                       ;
; BYTE_SIZE                          ; 8                    ; Untyped                                                                       ;
; READ_DURING_WRITE_MODE_MIXED_PORTS ; OLD_DATA             ; Untyped                                                                       ;
; READ_DURING_WRITE_MODE_PORT_A      ; NEW_DATA_NO_NBE_READ ; Untyped                                                                       ;
; READ_DURING_WRITE_MODE_PORT_B      ; NEW_DATA_NO_NBE_READ ; Untyped                                                                       ;
; INIT_FILE                          ; UNUSED               ; Untyped                                                                       ;
; INIT_FILE_LAYOUT                   ; PORT_A               ; Untyped                                                                       ;
; MAXIMUM_DEPTH                      ; 0                    ; Untyped                                                                       ;
; CLOCK_ENABLE_INPUT_A               ; BYPASS               ; Untyped                                                                       ;
; CLOCK_ENABLE_INPUT_B               ; BYPASS               ; Untyped                                                                       ;
; CLOCK_ENABLE_OUTPUT_A              ; BYPASS               ; Untyped                                                                       ;
; CLOCK_ENABLE_OUTPUT_B              ; BYPASS               ; Untyped                                                                       ;
; CLOCK_ENABLE_CORE_A                ; USE_INPUT_CLKEN      ; Untyped                                                                       ;
; CLOCK_ENABLE_CORE_B                ; USE_INPUT_CLKEN      ; Untyped                                                                       ;
; ENABLE_ECC                         ; FALSE                ; Untyped                                                                       ;
; ECC_PIPELINE_STAGE_ENABLED         ; FALSE                ; Untyped                                                                       ;
; WIDTH_ECCSTATUS                    ; 3                    ; Untyped                                                                       ;
; DEVICE_FAMILY                      ; Cyclone IV E         ; Untyped                                                                       ;
; CBXI_PARAMETER                     ; altsyncram_54g2      ; Untyped                                                                       ;
+------------------------------------+----------------------+-------------------------------------------------------------------------------+
Note: In order to hide this table in the UI and the text report file, please set the "Show Parameter Settings in Synthesis Report" option in "Analysis and Synthesis Settings -> More Settings" to "Off".


+---------------------------------------------------------------------------------------------------------------------------------------------+
; Parameter Settings for User Entity Instance: gameboy:dut|MMU:mmu|BRAM_handler:memory_units|OAM_DUALBANK:oam|altsyncram:altsyncram_component ;
+------------------------------------+----------------------+---------------------------------------------------------------------------------+
; Parameter Name                     ; Value                ; Type                                                                            ;
+------------------------------------+----------------------+---------------------------------------------------------------------------------+
; BYTE_SIZE_BLOCK                    ; 8                    ; Untyped                                                                         ;
; AUTO_CARRY_CHAINS                  ; ON                   ; AUTO_CARRY                                                                      ;
; IGNORE_CARRY_BUFFERS               ; OFF                  ; IGNORE_CARRY                                                                    ;
; AUTO_CASCADE_CHAINS                ; ON                   ; AUTO_CASCADE                                                                    ;
; IGNORE_CASCADE_BUFFERS             ; OFF                  ; IGNORE_CASCADE                                                                  ;
; WIDTH_BYTEENA                      ; 1                    ; Untyped                                                                         ;
; OPERATION_MODE                     ; BIDIR_DUAL_PORT      ; Untyped                                                                         ;
; WIDTH_A                            ; 16                   ; Signed Integer                                                                  ;
; WIDTHAD_A                          ; 7                    ; Signed Integer                                                                  ;
; NUMWORDS_A                         ; 128                  ; Signed Integer                                                                  ;
; OUTDATA_REG_A                      ; CLOCK0               ; Untyped                                                                         ;
; ADDRESS_ACLR_A                     ; NONE                 ; Untyped                                                                         ;
; OUTDATA_ACLR_A                     ; NONE                 ; Untyped                                                                         ;
; WRCONTROL_ACLR_A                   ; NONE                 ; Untyped                                                                         ;
; INDATA_ACLR_A                      ; NONE                 ; Untyped                                                                         ;
; BYTEENA_ACLR_A                     ; NONE                 ; Untyped                                                                         ;
; WIDTH_B                            ; 16                   ; Signed Integer                                                                  ;
; WIDTHAD_B                          ; 7                    ; Signed Integer                                                                  ;
; NUMWORDS_B                         ; 128                  ; Signed Integer                                                                  ;
; INDATA_REG_B                       ; CLOCK0               ; Untyped                                                                         ;
; WRCONTROL_WRADDRESS_REG_B          ; CLOCK0               ; Untyped                                                                         ;
; RDCONTROL_REG_B                    ; CLOCK1               ; Untyped                                                                         ;
; ADDRESS_REG_B                      ; CLOCK0               ; Untyped                                                                         ;
; OUTDATA_REG_B                      ; CLOCK0               ; Untyped                                                                         ;
; BYTEENA_REG_B                      ; CLOCK1               ; Untyped                                                                         ;
; INDATA_ACLR_B                      ; NONE                 ; Untyped                                                                         ;
; WRCONTROL_ACLR_B                   ; NONE                 ; Untyped                                                                         ;
; ADDRESS_ACLR_B                     ; NONE                 ; Untyped                                                                         ;
; OUTDATA_ACLR_B                     ; NONE                 ; Untyped                                                                         ;
; RDCONTROL_ACLR_B                   ; NONE                 ; Untyped                                                                         ;
; BYTEENA_ACLR_B                     ; NONE                 ; Untyped                                                                         ;
; WIDTH_BYTEENA_A                    ; 1                    ; Signed Integer                                                                  ;
; WIDTH_BYTEENA_B                    ; 1                    ; Signed Integer                                                                  ;
; RAM_BLOCK_TYPE                     ; AUTO                 ; Untyped                                                                         ;
; BYTE_SIZE                          ; 8                    ; Untyped                                                                         ;
; READ_DURING_WRITE_MODE_MIXED_PORTS ; OLD_DATA             ; Untyped                                                                         ;
; READ_DURING_WRITE_MODE_PORT_A      ; NEW_DATA_NO_NBE_READ ; Untyped                                                                         ;
; READ_DURING_WRITE_MODE_PORT_B      ; NEW_DATA_NO_NBE_READ ; Untyped                                                                         ;
; INIT_FILE                          ; UNUSED               ; Untyped                                                                         ;
; INIT_FILE_LAYOUT                   ; PORT_A               ; Untyped                                                                         ;
; MAXIMUM_DEPTH                      ; 0                    ; Untyped                                                                         ;
; CLOCK_ENABLE_INPUT_A               ; BYPASS               ; Untyped                                                                         ;
; CLOCK_ENABLE_INPUT_B               ; BYPASS               ; Untyped                                                                         ;
; CLOCK_ENABLE_OUTPUT_A              ; BYPASS               ; Untyped                                                                         ;
; CLOCK_ENABLE_OUTPUT_B              ; BYPASS               ; Untyped                                                                         ;
; CLOCK_ENABLE_CORE_A                ; USE_INPUT_CLKEN      ; Untyped                                                                         ;
; CLOCK_ENABLE_CORE_B                ; USE_INPUT_CLKEN      ; Untyped                                                                         ;
; ENABLE_ECC                         ; FALSE                ; Untyped                                                                         ;
; ECC_PIPELINE_STAGE_ENABLED         ; FALSE                ; Untyped                                                                         ;
; WIDTH_ECCSTATUS                    ; 3                    ; Untyped                                                                         ;
; DEVICE_FAMILY                      ; Cyclone IV E         ; Untyped                                                                         ;
; CBXI_PARAMETER                     ; altsyncram_ttf2      ; Untyped                                                                         ;
+------------------------------------+----------------------+---------------------------------------------------------------------------------+
Note: In order to hide this table in the UI and the text report file, please set the "Show Parameter Settings in Synthesis Report" option in "Analysis and Synthesis Settings -> More Settings" to "Off".


+---------------------------------------------------------------------------------------------------------------------+
; Parameter Settings for User Entity Instance: gameboy:dut|PPU_Wrapper:ppu|Pixel_Gen:Pixel_Gen_inst|FIFO:bg_fifo_inst ;
+----------------+-------+--------------------------------------------------------------------------------------------+
; Parameter Name ; Value ; Type                                                                                       ;
+----------------+-------+--------------------------------------------------------------------------------------------+
; DEPTH          ; 64    ; Signed Integer                                                                             ;
; THRESHOLD      ; 0     ; Signed Integer                                                                             ;
+----------------+-------+--------------------------------------------------------------------------------------------+
Note: In order to hide this table in the UI and the text report file, please set the "Show Parameter Settings in Synthesis Report" option in "Analysis and Synthesis Settings -> More Settings" to "Off".


+-------------------------------------------------------------------------------------------------------------------------+
; Parameter Settings for User Entity Instance: gameboy:dut|PPU_Wrapper:ppu|Pixel_Gen:Pixel_Gen_inst|FIFO:sprite_fifo_inst ;
+----------------+-------+------------------------------------------------------------------------------------------------+
; Parameter Name ; Value ; Type                                                                                           ;
+----------------+-------+------------------------------------------------------------------------------------------------+
; DEPTH          ; 64    ; Signed Integer                                                                                 ;
; THRESHOLD      ; 0     ; Signed Integer                                                                                 ;
+----------------+-------+------------------------------------------------------------------------------------------------+
Note: In order to hide this table in the UI and the text report file, please set the "Show Parameter Settings in Synthesis Report" option in "Analysis and Synthesis Settings -> More Settings" to "Off".


+-------------------------------------------------------------------------------------------------+
; Parameter Settings for User Entity Instance: FRAME_BUFFER:frame|altsyncram:altsyncram_component ;
+------------------------------------+----------------------+-------------------------------------+
; Parameter Name                     ; Value                ; Type                                ;
+------------------------------------+----------------------+-------------------------------------+
; BYTE_SIZE_BLOCK                    ; 8                    ; Untyped                             ;
; AUTO_CARRY_CHAINS                  ; ON                   ; AUTO_CARRY                          ;
; IGNORE_CARRY_BUFFERS               ; OFF                  ; IGNORE_CARRY                        ;
; AUTO_CASCADE_CHAINS                ; ON                   ; AUTO_CASCADE                        ;
; IGNORE_CASCADE_BUFFERS             ; OFF                  ; IGNORE_CASCADE                      ;
; WIDTH_BYTEENA                      ; 1                    ; Untyped                             ;
; OPERATION_MODE                     ; DUAL_PORT            ; Untyped                             ;
; WIDTH_A                            ; 16                   ; Signed Integer                      ;
; WIDTHAD_A                          ; 15                   ; Signed Integer                      ;
; NUMWORDS_A                         ; 32768                ; Signed Integer                      ;
; OUTDATA_REG_A                      ; UNREGISTERED         ; Untyped                             ;
; ADDRESS_ACLR_A                     ; NONE                 ; Untyped                             ;
; OUTDATA_ACLR_A                     ; NONE                 ; Untyped                             ;
; WRCONTROL_ACLR_A                   ; NONE                 ; Untyped                             ;
; INDATA_ACLR_A                      ; NONE                 ; Untyped                             ;
; BYTEENA_ACLR_A                     ; NONE                 ; Untyped                             ;
; WIDTH_B                            ; 16                   ; Signed Integer                      ;
; WIDTHAD_B                          ; 15                   ; Signed Integer                      ;
; NUMWORDS_B                         ; 32768                ; Signed Integer                      ;
; INDATA_REG_B                       ; CLOCK1               ; Untyped                             ;
; WRCONTROL_WRADDRESS_REG_B          ; CLOCK1               ; Untyped                             ;
; RDCONTROL_REG_B                    ; CLOCK1               ; Untyped                             ;
; ADDRESS_REG_B                      ; CLOCK1               ; Untyped                             ;
; OUTDATA_REG_B                      ; CLOCK1               ; Untyped                             ;
; BYTEENA_REG_B                      ; CLOCK1               ; Untyped                             ;
; INDATA_ACLR_B                      ; NONE                 ; Untyped                             ;
; WRCONTROL_ACLR_B                   ; NONE                 ; Untyped                             ;
; ADDRESS_ACLR_B                     ; NONE                 ; Untyped                             ;
; OUTDATA_ACLR_B                     ; NONE                 ; Untyped                             ;
; RDCONTROL_ACLR_B                   ; NONE                 ; Untyped                             ;
; BYTEENA_ACLR_B                     ; NONE                 ; Untyped                             ;
; WIDTH_BYTEENA_A                    ; 1                    ; Signed Integer                      ;
; WIDTH_BYTEENA_B                    ; 1                    ; Untyped                             ;
; RAM_BLOCK_TYPE                     ; AUTO                 ; Untyped                             ;
; BYTE_SIZE                          ; 8                    ; Untyped                             ;
; READ_DURING_WRITE_MODE_MIXED_PORTS ; DONT_CARE            ; Untyped                             ;
; READ_DURING_WRITE_MODE_PORT_A      ; NEW_DATA_NO_NBE_READ ; Untyped                             ;
; READ_DURING_WRITE_MODE_PORT_B      ; NEW_DATA_NO_NBE_READ ; Untyped                             ;
; INIT_FILE                          ; UNUSED               ; Untyped                             ;
; INIT_FILE_LAYOUT                   ; PORT_A               ; Untyped                             ;
; MAXIMUM_DEPTH                      ; 0                    ; Untyped                             ;
; CLOCK_ENABLE_INPUT_A               ; BYPASS               ; Untyped                             ;
; CLOCK_ENABLE_INPUT_B               ; BYPASS               ; Untyped                             ;
; CLOCK_ENABLE_OUTPUT_A              ; NORMAL               ; Untyped                             ;
; CLOCK_ENABLE_OUTPUT_B              ; BYPASS               ; Untyped                             ;
; CLOCK_ENABLE_CORE_A                ; USE_INPUT_CLKEN      ; Untyped                             ;
; CLOCK_ENABLE_CORE_B                ; USE_INPUT_CLKEN      ; Untyped                             ;
; ENABLE_ECC                         ; FALSE                ; Untyped                             ;
; ECC_PIPELINE_STAGE_ENABLED         ; FALSE                ; Untyped                             ;
; WIDTH_ECCSTATUS                    ; 3                    ; Untyped                             ;
; DEVICE_FAMILY                      ; Cyclone IV E         ; Untyped                             ;
; CBXI_PARAMETER                     ; altsyncram_2sj1      ; Untyped                             ;
+------------------------------------+----------------------+-------------------------------------+
Note: In order to hide this table in the UI and the text report file, please set the "Show Parameter Settings in Synthesis Report" option in "Analysis and Synthesis Settings -> More Settings" to "Off".


+---------------------------------------------------------------------------------------------------------------------------------------------------+
; Parameter Settings for Inferred Entity Instance: gameboy:dut|PPU_Wrapper:ppu|Pixel_Gen:Pixel_Gen_inst|FIFO:bg_fifo_inst|altsyncram:fifo_mem_rtl_0 ;
+------------------------------------+----------------------+---------------------------------------------------------------------------------------+
; Parameter Name                     ; Value                ; Type                                                                                  ;
+------------------------------------+----------------------+---------------------------------------------------------------------------------------+
; BYTE_SIZE_BLOCK                    ; 8                    ; Untyped                                                                               ;
; AUTO_CARRY_CHAINS                  ; ON                   ; AUTO_CARRY                                                                            ;
; IGNORE_CARRY_BUFFERS               ; OFF                  ; IGNORE_CARRY                                                                          ;
; AUTO_CASCADE_CHAINS                ; ON                   ; AUTO_CASCADE                                                                          ;
; IGNORE_CASCADE_BUFFERS             ; OFF                  ; IGNORE_CASCADE                                                                        ;
; WIDTH_BYTEENA                      ; 1                    ; Untyped                                                                               ;
; OPERATION_MODE                     ; DUAL_PORT            ; Untyped                                                                               ;
; WIDTH_A                            ; 10                   ; Untyped                                                                               ;
; WIDTHAD_A                          ; 6                    ; Untyped                                                                               ;
; NUMWORDS_A                         ; 64                   ; Untyped                                                                               ;
; OUTDATA_REG_A                      ; UNREGISTERED         ; Untyped                                                                               ;
; ADDRESS_ACLR_A                     ; NONE                 ; Untyped                                                                               ;
; OUTDATA_ACLR_A                     ; NONE                 ; Untyped                                                                               ;
; WRCONTROL_ACLR_A                   ; NONE                 ; Untyped                                                                               ;
; INDATA_ACLR_A                      ; NONE                 ; Untyped                                                                               ;
; BYTEENA_ACLR_A                     ; NONE                 ; Untyped                                                                               ;
; WIDTH_B                            ; 10                   ; Untyped                                                                               ;
; WIDTHAD_B                          ; 6                    ; Untyped                                                                               ;
; NUMWORDS_B                         ; 64                   ; Untyped                                                                               ;
; INDATA_REG_B                       ; CLOCK1               ; Untyped                                                                               ;
; WRCONTROL_WRADDRESS_REG_B          ; CLOCK1               ; Untyped                                                                               ;
; RDCONTROL_REG_B                    ; CLOCK1               ; Untyped                                                                               ;
; ADDRESS_REG_B                      ; CLOCK0               ; Untyped                                                                               ;
; OUTDATA_REG_B                      ; UNREGISTERED         ; Untyped                                                                               ;
; BYTEENA_REG_B                      ; CLOCK1               ; Untyped                                                                               ;
; INDATA_ACLR_B                      ; NONE                 ; Untyped                                                                               ;
; WRCONTROL_ACLR_B                   ; NONE                 ; Untyped                                                                               ;
; ADDRESS_ACLR_B                     ; NONE                 ; Untyped                                                                               ;
; OUTDATA_ACLR_B                     ; NONE                 ; Untyped                                                                               ;
; RDCONTROL_ACLR_B                   ; NONE                 ; Untyped                                                                               ;
; BYTEENA_ACLR_B                     ; NONE                 ; Untyped                                                                               ;
; WIDTH_BYTEENA_A                    ; 1                    ; Untyped                                                                               ;
; WIDTH_BYTEENA_B                    ; 1                    ; Untyped                                                                               ;
; RAM_BLOCK_TYPE                     ; AUTO                 ; Untyped                                                                               ;
; BYTE_SIZE                          ; 8                    ; Untyped                                                                               ;
; READ_DURING_WRITE_MODE_MIXED_PORTS ; DONT_CARE            ; Untyped                                                                               ;
; READ_DURING_WRITE_MODE_PORT_A      ; NEW_DATA_NO_NBE_READ ; Untyped                                                                               ;
; READ_DURING_WRITE_MODE_PORT_B      ; NEW_DATA_NO_NBE_READ ; Untyped                                                                               ;
; INIT_FILE                          ; UNUSED               ; Untyped                                                                               ;
; INIT_FILE_LAYOUT                   ; PORT_A               ; Untyped                                                                               ;
; MAXIMUM_DEPTH                      ; 0                    ; Untyped                                                                               ;
; CLOCK_ENABLE_INPUT_A               ; NORMAL               ; Untyped                                                                               ;
; CLOCK_ENABLE_INPUT_B               ; NORMAL               ; Untyped                                                                               ;
; CLOCK_ENABLE_OUTPUT_A              ; NORMAL               ; Untyped                                                                               ;
; CLOCK_ENABLE_OUTPUT_B              ; NORMAL               ; Untyped                                                                               ;
; CLOCK_ENABLE_CORE_A                ; USE_INPUT_CLKEN      ; Untyped                                                                               ;
; CLOCK_ENABLE_CORE_B                ; USE_INPUT_CLKEN      ; Untyped                                                                               ;
; ENABLE_ECC                         ; FALSE                ; Untyped                                                                               ;
; ECC_PIPELINE_STAGE_ENABLED         ; FALSE                ; Untyped                                                                               ;
; WIDTH_ECCSTATUS                    ; 3                    ; Untyped                                                                               ;
; DEVICE_FAMILY                      ; Cyclone IV E         ; Untyped                                                                               ;
; CBXI_PARAMETER                     ; altsyncram_qcc1      ; Untyped                                                                               ;
+------------------------------------+----------------------+---------------------------------------------------------------------------------------+
Note: In order to hide this table in the UI and the text report file, please set the "Show Parameter Settings in Synthesis Report" option in "Analysis and Synthesis Settings -> More Settings" to "Off".


+-------------------------------------------------------------------------------------------------------------------------------------------------------+
; Parameter Settings for Inferred Entity Instance: gameboy:dut|PPU_Wrapper:ppu|Pixel_Gen:Pixel_Gen_inst|FIFO:sprite_fifo_inst|altsyncram:fifo_mem_rtl_0 ;
+------------------------------------+----------------------+-------------------------------------------------------------------------------------------+
; Parameter Name                     ; Value                ; Type                                                                                      ;
+------------------------------------+----------------------+-------------------------------------------------------------------------------------------+
; BYTE_SIZE_BLOCK                    ; 8                    ; Untyped                                                                                   ;
; AUTO_CARRY_CHAINS                  ; ON                   ; AUTO_CARRY                                                                                ;
; IGNORE_CARRY_BUFFERS               ; OFF                  ; IGNORE_CARRY                                                                              ;
; AUTO_CASCADE_CHAINS                ; ON                   ; AUTO_CASCADE                                                                              ;
; IGNORE_CASCADE_BUFFERS             ; OFF                  ; IGNORE_CASCADE                                                                            ;
; WIDTH_BYTEENA                      ; 1                    ; Untyped                                                                                   ;
; OPERATION_MODE                     ; DUAL_PORT            ; Untyped                                                                                   ;
; WIDTH_A                            ; 11                   ; Untyped                                                                                   ;
; WIDTHAD_A                          ; 6                    ; Untyped                                                                                   ;
; NUMWORDS_A                         ; 64                   ; Untyped                                                                                   ;
; OUTDATA_REG_A                      ; UNREGISTERED         ; Untyped                                                                                   ;
; ADDRESS_ACLR_A                     ; NONE                 ; Untyped                                                                                   ;
; OUTDATA_ACLR_A                     ; NONE                 ; Untyped                                                                                   ;
; WRCONTROL_ACLR_A                   ; NONE                 ; Untyped                                                                                   ;
; INDATA_ACLR_A                      ; NONE                 ; Untyped                                                                                   ;
; BYTEENA_ACLR_A                     ; NONE                 ; Untyped                                                                                   ;
; WIDTH_B                            ; 11                   ; Untyped                                                                                   ;
; WIDTHAD_B                          ; 6                    ; Untyped                                                                                   ;
; NUMWORDS_B                         ; 64                   ; Untyped                                                                                   ;
; INDATA_REG_B                       ; CLOCK1               ; Untyped                                                                                   ;
; WRCONTROL_WRADDRESS_REG_B          ; CLOCK1               ; Untyped                                                                                   ;
; RDCONTROL_REG_B                    ; CLOCK1               ; Untyped                                                                                   ;
; ADDRESS_REG_B                      ; CLOCK0               ; Untyped                                                                                   ;
; OUTDATA_REG_B                      ; UNREGISTERED         ; Untyped                                                                                   ;
; BYTEENA_REG_B                      ; CLOCK1               ; Untyped                                                                                   ;
; INDATA_ACLR_B                      ; NONE                 ; Untyped                                                                                   ;
; WRCONTROL_ACLR_B                   ; NONE                 ; Untyped                                                                                   ;
; ADDRESS_ACLR_B                     ; NONE                 ; Untyped                                                                                   ;
; OUTDATA_ACLR_B                     ; NONE                 ; Untyped                                                                                   ;
; RDCONTROL_ACLR_B                   ; NONE                 ; Untyped                                                                                   ;
; BYTEENA_ACLR_B                     ; NONE                 ; Untyped                                                                                   ;
; WIDTH_BYTEENA_A                    ; 1                    ; Untyped                                                                                   ;
; WIDTH_BYTEENA_B                    ; 1                    ; Untyped                                                                                   ;
; RAM_BLOCK_TYPE                     ; AUTO                 ; Untyped                                                                                   ;
; BYTE_SIZE                          ; 8                    ; Untyped                                                                                   ;
; READ_DURING_WRITE_MODE_MIXED_PORTS ; DONT_CARE            ; Untyped                                                                                   ;
; READ_DURING_WRITE_MODE_PORT_A      ; NEW_DATA_NO_NBE_READ ; Untyped                                                                                   ;
; READ_DURING_WRITE_MODE_PORT_B      ; NEW_DATA_NO_NBE_READ ; Untyped                                                                                   ;
; INIT_FILE                          ; UNUSED               ; Untyped                                                                                   ;
; INIT_FILE_LAYOUT                   ; PORT_A               ; Untyped                                                                                   ;
; MAXIMUM_DEPTH                      ; 0                    ; Untyped                                                                                   ;
; CLOCK_ENABLE_INPUT_A               ; NORMAL               ; Untyped                                                                                   ;
; CLOCK_ENABLE_INPUT_B               ; NORMAL               ; Untyped                                                                                   ;
; CLOCK_ENABLE_OUTPUT_A              ; NORMAL               ; Untyped                                                                                   ;
; CLOCK_ENABLE_OUTPUT_B              ; NORMAL               ; Untyped                                                                                   ;
; CLOCK_ENABLE_CORE_A                ; USE_INPUT_CLKEN      ; Untyped                                                                                   ;
; CLOCK_ENABLE_CORE_B                ; USE_INPUT_CLKEN      ; Untyped                                                                                   ;
; ENABLE_ECC                         ; FALSE                ; Untyped                                                                                   ;
; ECC_PIPELINE_STAGE_ENABLED         ; FALSE                ; Untyped                                                                                   ;
; WIDTH_ECCSTATUS                    ; 3                    ; Untyped                                                                                   ;
; DEVICE_FAMILY                      ; Cyclone IV E         ; Untyped                                                                                   ;
; CBXI_PARAMETER                     ; altsyncram_scc1      ; Untyped                                                                                   ;
+------------------------------------+----------------------+-------------------------------------------------------------------------------------------+
Note: In order to hide this table in the UI and the text report file, please set the "Show Parameter Settings in Synthesis Report" option in "Analysis and Synthesis Settings -> More Settings" to "Off".


+------------------------------------------------------------------+
; Parameter Settings for Inferred Entity Instance: lpm_divide:Mod0 ;
+------------------------+----------------+------------------------+
; Parameter Name         ; Value          ; Type                   ;
+------------------------+----------------+------------------------+
; LPM_WIDTHN             ; 32             ; Untyped                ;
; LPM_WIDTHD             ; 9              ; Untyped                ;
; LPM_NREPRESENTATION    ; SIGNED         ; Untyped                ;
; LPM_DREPRESENTATION    ; SIGNED         ; Untyped                ;
; LPM_PIPELINE           ; 0              ; Untyped                ;
; LPM_REMAINDERPOSITIVE  ; FALSE          ; Untyped                ;
; MAXIMIZE_SPEED         ; 5              ; Untyped                ;
; CBXI_PARAMETER         ; lpm_divide_0po ; Untyped                ;
; CARRY_CHAIN            ; MANUAL         ; Untyped                ;
; OPTIMIZE_FOR_SPEED     ; 5              ; Untyped                ;
; AUTO_CARRY_CHAINS      ; ON             ; AUTO_CARRY             ;
; IGNORE_CARRY_BUFFERS   ; OFF            ; IGNORE_CARRY           ;
; AUTO_CASCADE_CHAINS    ; ON             ; AUTO_CASCADE           ;
; IGNORE_CASCADE_BUFFERS ; OFF            ; IGNORE_CASCADE         ;
+------------------------+----------------+------------------------+
Note: In order to hide this table in the UI and the text report file, please set the "Show Parameter Settings in Synthesis Report" option in "Analysis and Synthesis Settings -> More Settings" to "Off".


+------------------------------------------------------------------+
; Parameter Settings for Inferred Entity Instance: lpm_divide:Div2 ;
+------------------------+----------------+------------------------+
; Parameter Name         ; Value          ; Type                   ;
+------------------------+----------------+------------------------+
; LPM_WIDTHN             ; 10             ; Untyped                ;
; LPM_WIDTHD             ; 2              ; Untyped                ;
; LPM_NREPRESENTATION    ; UNSIGNED       ; Untyped                ;
; LPM_DREPRESENTATION    ; UNSIGNED       ; Untyped                ;
; LPM_PIPELINE           ; 0              ; Untyped                ;
; LPM_REMAINDERPOSITIVE  ; TRUE           ; Untyped                ;
; MAXIMIZE_SPEED         ; 5              ; Untyped                ;
; CBXI_PARAMETER         ; lpm_divide_qim ; Untyped                ;
; CARRY_CHAIN            ; MANUAL         ; Untyped                ;
; OPTIMIZE_FOR_SPEED     ; 5              ; Untyped                ;
; AUTO_CARRY_CHAINS      ; ON             ; AUTO_CARRY             ;
; IGNORE_CARRY_BUFFERS   ; OFF            ; IGNORE_CARRY           ;
; AUTO_CASCADE_CHAINS    ; ON             ; AUTO_CASCADE           ;
; IGNORE_CASCADE_BUFFERS ; OFF            ; IGNORE_CASCADE         ;
+------------------------+----------------+------------------------+
Note: In order to hide this table in the UI and the text report file, please set the "Show Parameter Settings in Synthesis Report" option in "Analysis and Synthesis Settings -> More Settings" to "Off".


+------------------------------------------------------------------+
; Parameter Settings for Inferred Entity Instance: lpm_divide:Div0 ;
+------------------------+----------------+------------------------+
; Parameter Name         ; Value          ; Type                   ;
+------------------------+----------------+------------------------+
; LPM_WIDTHN             ; 32             ; Untyped                ;
; LPM_WIDTHD             ; 9              ; Untyped                ;
; LPM_NREPRESENTATION    ; SIGNED         ; Untyped                ;
; LPM_DREPRESENTATION    ; SIGNED         ; Untyped                ;
; LPM_PIPELINE           ; 0              ; Untyped                ;
; LPM_REMAINDERPOSITIVE  ; FALSE          ; Untyped                ;
; MAXIMIZE_SPEED         ; 5              ; Untyped                ;
; CBXI_PARAMETER         ; lpm_divide_t0p ; Untyped                ;
; CARRY_CHAIN            ; MANUAL         ; Untyped                ;
; OPTIMIZE_FOR_SPEED     ; 5              ; Untyped                ;
; AUTO_CARRY_CHAINS      ; ON             ; AUTO_CARRY             ;
; IGNORE_CARRY_BUFFERS   ; OFF            ; IGNORE_CARRY           ;
; AUTO_CASCADE_CHAINS    ; ON             ; AUTO_CASCADE           ;
; IGNORE_CASCADE_BUFFERS ; OFF            ; IGNORE_CASCADE         ;
+------------------------+----------------+------------------------+
Note: In order to hide this table in the UI and the text report file, please set the "Show Parameter Settings in Synthesis Report" option in "Analysis and Synthesis Settings -> More Settings" to "Off".


+------------------------------------------------------------------+
; Parameter Settings for Inferred Entity Instance: lpm_divide:Div1 ;
+------------------------+----------------+------------------------+
; Parameter Name         ; Value          ; Type                   ;
+------------------------+----------------+------------------------+
; LPM_WIDTHN             ; 9              ; Untyped                ;
; LPM_WIDTHD             ; 2              ; Untyped                ;
; LPM_NREPRESENTATION    ; UNSIGNED       ; Untyped                ;
; LPM_DREPRESENTATION    ; UNSIGNED       ; Untyped                ;
; LPM_PIPELINE           ; 0              ; Untyped                ;
; LPM_REMAINDERPOSITIVE  ; TRUE           ; Untyped                ;
; MAXIMIZE_SPEED         ; 5              ; Untyped                ;
; CBXI_PARAMETER         ; lpm_divide_ihm ; Untyped                ;
; CARRY_CHAIN            ; MANUAL         ; Untyped                ;
; OPTIMIZE_FOR_SPEED     ; 5              ; Untyped                ;
; AUTO_CARRY_CHAINS      ; ON             ; AUTO_CARRY             ;
; IGNORE_CARRY_BUFFERS   ; OFF            ; IGNORE_CARRY           ;
; AUTO_CASCADE_CHAINS    ; ON             ; AUTO_CASCADE           ;
; IGNORE_CASCADE_BUFFERS ; OFF            ; IGNORE_CASCADE         ;
+------------------------+----------------+------------------------+
Note: In order to hide this table in the UI and the text report file, please set the "Show Parameter Settings in Synthesis Report" option in "Analysis and Synthesis Settings -> More Settings" to "Off".


+--------------------------------------------------------------------------------------------------------------------------------------------------+
; altsyncram Parameter Settings by Entity Instance                                                                                                 ;
+-------------------------------------------+------------------------------------------------------------------------------------------------------+
; Name                                      ; Value                                                                                                ;
+-------------------------------------------+------------------------------------------------------------------------------------------------------+
; Number of entity instances                ; 8                                                                                                    ;
; Entity Instance                           ; gameboy:dut|MMU:mmu|BRAM_handler:memory_units|ROM_BANK:rom0|altsyncram:altsyncram_component          ;
;     -- OPERATION_MODE                     ; ROM                                                                                                  ;
;     -- WIDTH_A                            ; 16                                                                                                   ;
;     -- NUMWORDS_A                         ; 16384                                                                                                ;
;     -- OUTDATA_REG_A                      ; CLOCK0                                                                                               ;
;     -- WIDTH_B                            ; 1                                                                                                    ;
;     -- NUMWORDS_B                         ; 1                                                                                                    ;
;     -- ADDRESS_REG_B                      ; CLOCK1                                                                                               ;
;     -- OUTDATA_REG_B                      ; UNREGISTERED                                                                                         ;
;     -- RAM_BLOCK_TYPE                     ; AUTO                                                                                                 ;
;     -- READ_DURING_WRITE_MODE_MIXED_PORTS ; DONT_CARE                                                                                            ;
; Entity Instance                           ; gameboy:dut|MMU:mmu|BRAM_handler:memory_units|DUAL_VRAM_8KB:vram0|altsyncram:altsyncram_component    ;
;     -- OPERATION_MODE                     ; BIDIR_DUAL_PORT                                                                                      ;
;     -- WIDTH_A                            ; 16                                                                                                   ;
;     -- NUMWORDS_A                         ; 4096                                                                                                 ;
;     -- OUTDATA_REG_A                      ; CLOCK0                                                                                               ;
;     -- WIDTH_B                            ; 16                                                                                                   ;
;     -- NUMWORDS_B                         ; 4096                                                                                                 ;
;     -- ADDRESS_REG_B                      ; CLOCK0                                                                                               ;
;     -- OUTDATA_REG_B                      ; CLOCK0                                                                                               ;
;     -- RAM_BLOCK_TYPE                     ; AUTO                                                                                                 ;
;     -- READ_DURING_WRITE_MODE_MIXED_PORTS ; OLD_DATA                                                                                             ;
; Entity Instance                           ; gameboy:dut|MMU:mmu|BRAM_handler:memory_units|DUAL_8KB:exram0|altsyncram:altsyncram_component        ;
;     -- OPERATION_MODE                     ; BIDIR_DUAL_PORT                                                                                      ;
;     -- WIDTH_A                            ; 16                                                                                                   ;
;     -- NUMWORDS_A                         ; 4096                                                                                                 ;
;     -- OUTDATA_REG_A                      ; CLOCK0                                                                                               ;
;     -- WIDTH_B                            ; 16                                                                                                   ;
;     -- NUMWORDS_B                         ; 4096                                                                                                 ;
;     -- ADDRESS_REG_B                      ; CLOCK0                                                                                               ;
;     -- OUTDATA_REG_B                      ; CLOCK0                                                                                               ;
;     -- RAM_BLOCK_TYPE                     ; AUTO                                                                                                 ;
;     -- READ_DURING_WRITE_MODE_MIXED_PORTS ; OLD_DATA                                                                                             ;
; Entity Instance                           ; gameboy:dut|MMU:mmu|BRAM_handler:memory_units|DUAL_8KB:wram0|altsyncram:altsyncram_component         ;
;     -- OPERATION_MODE                     ; BIDIR_DUAL_PORT                                                                                      ;
;     -- WIDTH_A                            ; 16                                                                                                   ;
;     -- NUMWORDS_A                         ; 4096                                                                                                 ;
;     -- OUTDATA_REG_A                      ; CLOCK0                                                                                               ;
;     -- WIDTH_B                            ; 16                                                                                                   ;
;     -- NUMWORDS_B                         ; 4096                                                                                                 ;
;     -- ADDRESS_REG_B                      ; CLOCK0                                                                                               ;
;     -- OUTDATA_REG_B                      ; CLOCK0                                                                                               ;
;     -- RAM_BLOCK_TYPE                     ; AUTO                                                                                                 ;
;     -- READ_DURING_WRITE_MODE_MIXED_PORTS ; OLD_DATA                                                                                             ;
; Entity Instance                           ; gameboy:dut|MMU:mmu|BRAM_handler:memory_units|OAM_DUALBANK:oam|altsyncram:altsyncram_component       ;
;     -- OPERATION_MODE                     ; BIDIR_DUAL_PORT                                                                                      ;
;     -- WIDTH_A                            ; 16                                                                                                   ;
;     -- NUMWORDS_A                         ; 128                                                                                                  ;
;     -- OUTDATA_REG_A                      ; CLOCK0                                                                                               ;
;     -- WIDTH_B                            ; 16                                                                                                   ;
;     -- NUMWORDS_B                         ; 128                                                                                                  ;
;     -- ADDRESS_REG_B                      ; CLOCK0                                                                                               ;
;     -- OUTDATA_REG_B                      ; CLOCK0                                                                                               ;
;     -- RAM_BLOCK_TYPE                     ; AUTO                                                                                                 ;
;     -- READ_DURING_WRITE_MODE_MIXED_PORTS ; OLD_DATA                                                                                             ;
; Entity Instance                           ; FRAME_BUFFER:frame|altsyncram:altsyncram_component                                                   ;
;     -- OPERATION_MODE                     ; DUAL_PORT                                                                                            ;
;     -- WIDTH_A                            ; 16                                                                                                   ;
;     -- NUMWORDS_A                         ; 32768                                                                                                ;
;     -- OUTDATA_REG_A                      ; UNREGISTERED                                                                                         ;
;     -- WIDTH_B                            ; 16                                                                                                   ;
;     -- NUMWORDS_B                         ; 32768                                                                                                ;
;     -- ADDRESS_REG_B                      ; CLOCK1                                                                                               ;
;     -- OUTDATA_REG_B                      ; CLOCK1                                                                                               ;
;     -- RAM_BLOCK_TYPE                     ; AUTO                                                                                                 ;
;     -- READ_DURING_WRITE_MODE_MIXED_PORTS ; DONT_CARE                                                                                            ;
; Entity Instance                           ; gameboy:dut|PPU_Wrapper:ppu|Pixel_Gen:Pixel_Gen_inst|FIFO:bg_fifo_inst|altsyncram:fifo_mem_rtl_0     ;
;     -- OPERATION_MODE                     ; DUAL_PORT                                                                                            ;
;     -- WIDTH_A                            ; 10                                                                                                   ;
;     -- NUMWORDS_A                         ; 64                                                                                                   ;
;     -- OUTDATA_REG_A                      ; UNREGISTERED                                                                                         ;
;     -- WIDTH_B                            ; 10                                                                                                   ;
;     -- NUMWORDS_B                         ; 64                                                                                                   ;
;     -- ADDRESS_REG_B                      ; CLOCK0                                                                                               ;
;     -- OUTDATA_REG_B                      ; UNREGISTERED                                                                                         ;
;     -- RAM_BLOCK_TYPE                     ; AUTO                                                                                                 ;
;     -- READ_DURING_WRITE_MODE_MIXED_PORTS ; DONT_CARE                                                                                            ;
; Entity Instance                           ; gameboy:dut|PPU_Wrapper:ppu|Pixel_Gen:Pixel_Gen_inst|FIFO:sprite_fifo_inst|altsyncram:fifo_mem_rtl_0 ;
;     -- OPERATION_MODE                     ; DUAL_PORT                                                                                            ;
;     -- WIDTH_A                            ; 11                                                                                                   ;
;     -- NUMWORDS_A                         ; 64                                                                                                   ;
;     -- OUTDATA_REG_A                      ; UNREGISTERED                                                                                         ;
;     -- WIDTH_B                            ; 11                                                                                                   ;
;     -- NUMWORDS_B                         ; 64                                                                                                   ;
;     -- ADDRESS_REG_B                      ; CLOCK0                                                                                               ;
;     -- OUTDATA_REG_B                      ; UNREGISTERED                                                                                         ;
;     -- RAM_BLOCK_TYPE                     ; AUTO                                                                                                 ;
;     -- READ_DURING_WRITE_MODE_MIXED_PORTS ; DONT_CARE                                                                                            ;
+-------------------------------------------+------------------------------------------------------------------------------------------------------+


+-----------------------------------------------------------+
; Port Connectivity Checks: "SevenSegmentDisplayWithHex:hi" ;
+------+-------+----------+---------------------------------+
; Port ; Type  ; Severity ; Details                         ;
+------+-------+----------+---------------------------------+
; BCD7 ; Input ; Info     ; Stuck at GND                    ;
; BCD6 ; Input ; Info     ; Stuck at GND                    ;
+------+-------+----------+---------------------------------+


+------------------------------------------------+
; Port Connectivity Checks: "FRAME_BUFFER:frame" ;
+-------------+-------+----------+---------------+
; Port        ; Type  ; Severity ; Details       ;
+-------------+-------+----------+---------------+
; data[15..2] ; Input ; Info     ; Stuck at GND  ;
+-------------+-------+----------+---------------+


+--------------------------------------------------------------------------------------------------------+
; Port Connectivity Checks: "gameboy:dut|PPU_Wrapper:ppu|Pixel_Gen:Pixel_Gen_inst|FIFO:sprite_fifo_inst" ;
+-------+--------+----------+----------------------------------------------------------------------------+
; Port  ; Type   ; Severity ; Details                                                                    ;
+-------+--------+----------+----------------------------------------------------------------------------+
; empty ; Output ; Info     ; Explicitly unconnected                                                     ;
; full  ; Output ; Info     ; Explicitly unconnected                                                     ;
; size  ; Output ; Info     ; Explicitly unconnected                                                     ;
+-------+--------+----------+----------------------------------------------------------------------------+


+----------------------------------------------------------------------------------------------------+
; Port Connectivity Checks: "gameboy:dut|PPU_Wrapper:ppu|Pixel_Gen:Pixel_Gen_inst|FIFO:bg_fifo_inst" ;
+-------+--------+----------+------------------------------------------------------------------------+
; Port  ; Type   ; Severity ; Details                                                                ;
+-------+--------+----------+------------------------------------------------------------------------+
; empty ; Output ; Info     ; Explicitly unconnected                                                 ;
; full  ; Output ; Info     ; Explicitly unconnected                                                 ;
; size  ; Output ; Info     ; Explicitly unconnected                                                 ;
+-------+--------+----------+------------------------------------------------------------------------+


+----------------------------------------------------------------------------------+
; Port Connectivity Checks: "gameboy:dut|PPU_Wrapper:ppu|Pixel_Gen:Pixel_Gen_inst" ;
+------------------------+-------+----------+--------------------------------------+
; Port                   ; Type  ; Severity ; Details                              ;
+------------------------+-------+----------+--------------------------------------+
; bg_port_data_valid     ; Input ; Info     ; Stuck at VCC                         ;
; sprite_port_data_valid ; Input ; Info     ; Stuck at VCC                         ;
+------------------------+-------+----------+--------------------------------------+


+----------------------------------------------------------------------------------------------------------------+
; Port Connectivity Checks: "gameboy:dut|PPU_Wrapper:ppu|OAM_Search:oam_search"                                  ;
+------+--------+----------+-------------------------------------------------------------------------------------+
; Port ; Type   ; Severity ; Details                                                                             ;
+------+--------+----------+-------------------------------------------------------------------------------------+
; done ; Output ; Info     ; Connected to dangling logic. Logic that only feeds a dangling port will be removed. ;
+------+--------+----------+-------------------------------------------------------------------------------------+


+------------------------------------------------------------+
; Port Connectivity Checks: "gameboy:dut|PPU_Wrapper:ppu"    ;
+---------------+--------+----------+------------------------+
; Port          ; Type   ; Severity ; Details                ;
+---------------+--------+----------+------------------------+
; port0_read_en ; Output ; Info     ; Explicitly unconnected ;
; port1_read_en ; Output ; Info     ; Explicitly unconnected ;
+---------------+--------+----------+------------------------+


+--------------------------------------------------------------------------------------------+
; Port Connectivity Checks: "gameboy:dut|MMU:mmu|BRAM_handler:memory_units|OAM_DUALBANK:oam" ;
+--------+-------+----------+----------------------------------------------------------------+
; Port   ; Type  ; Severity ; Details                                                        ;
+--------+-------+----------+----------------------------------------------------------------+
; wren_b ; Input ; Info     ; Stuck at GND                                                   ;
+--------+-------+----------+----------------------------------------------------------------+


+------------------------------------------------------------------------------------------+
; Port Connectivity Checks: "gameboy:dut|MMU:mmu|BRAM_handler:memory_units|DUAL_8KB:wram0" ;
+--------+--------+----------+-------------------------------------------------------------+
; Port   ; Type   ; Severity ; Details                                                     ;
+--------+--------+----------+-------------------------------------------------------------+
; q_a    ; Output ; Info     ; Explicitly unconnected                                      ;
; wren_b ; Input  ; Info     ; Stuck at GND                                                ;
+--------+--------+----------+-------------------------------------------------------------+


+-------------------------------------------------------------------------------------------+
; Port Connectivity Checks: "gameboy:dut|MMU:mmu|BRAM_handler:memory_units|DUAL_8KB:exram0" ;
+--------+--------+----------+--------------------------------------------------------------+
; Port   ; Type   ; Severity ; Details                                                      ;
+--------+--------+----------+--------------------------------------------------------------+
; q_a    ; Output ; Info     ; Explicitly unconnected                                       ;
; wren_b ; Input  ; Info     ; Stuck at GND                                                 ;
+--------+--------+----------+--------------------------------------------------------------+


+-----------------------------------------------------------------------------------------------+
; Port Connectivity Checks: "gameboy:dut|MMU:mmu|BRAM_handler:memory_units|DUAL_VRAM_8KB:vram0" ;
+--------+-------+----------+-------------------------------------------------------------------+
; Port   ; Type  ; Severity ; Details                                                           ;
+--------+-------+----------+-------------------------------------------------------------------+
; wren_b ; Input ; Info     ; Stuck at GND                                                      ;
+--------+-------+----------+-------------------------------------------------------------------+


+--------------------------------------------------------------------------------------------------------------------------------------------------------------------------+
; Port Connectivity Checks: "gameboy:dut|MMU:mmu|BRAM_handler:memory_units|MM_out_chooser:memory_out_muxer"                                                                ;
+--------+-------+----------+----------------------------------------------------------------------------------------------------------------------------------------------+
; Port   ; Type  ; Severity ; Details                                                                                                                                      ;
+--------+-------+----------+----------------------------------------------------------------------------------------------------------------------------------------------+
; LCDC_R ; Input ; Warning  ; Declared by entity but not connected by instance. If a default value exists, it will be used.  Otherwise, the port will be connected to GND. ;
+--------+-------+----------+----------------------------------------------------------------------------------------------------------------------------------------------+


+----------------------------------------------------------------------------------------------------------------------+
; Port Connectivity Checks: "gameboy:dut|MMU:mmu|BRAM_handler:memory_units|DMA_controller:dma_guy|Counter:cycle_cnter" ;
+------+-------+----------+--------------------------------------------------------------------------------------------+
; Port ; Type  ; Severity ; Details                                                                                    ;
+------+-------+----------+--------------------------------------------------------------------------------------------+
; D    ; Input ; Info     ; Explicitly unconnected                                                                     ;
; load ; Input ; Info     ; Explicitly unconnected                                                                     ;
; up   ; Input ; Info     ; Stuck at VCC                                                                               ;
+------+-------+----------+--------------------------------------------------------------------------------------------+


+-------------------------------------------------------------------------------------------------------------------------+
; Port Connectivity Checks: "gameboy:dut|MMU:mmu|BRAM_handler:memory_units|DMA_controller:dma_guy|Counter:oam_addr_cnter" ;
+----------+-------+----------+-------------------------------------------------------------------------------------------+
; Port     ; Type  ; Severity ; Details                                                                                   ;
+----------+-------+----------+-------------------------------------------------------------------------------------------+
; D[15..9] ; Input ; Info     ; Stuck at VCC                                                                              ;
; D[8..0]  ; Input ; Info     ; Stuck at GND                                                                              ;
; clear    ; Input ; Info     ; Explicitly unconnected                                                                    ;
; up       ; Input ; Info     ; Stuck at VCC                                                                              ;
+----------+-------+----------+-------------------------------------------------------------------------------------------+


+-------------------------------------------------------------------------------------------------------------------------+
; Port Connectivity Checks: "gameboy:dut|MMU:mmu|BRAM_handler:memory_units|DMA_controller:dma_guy|Counter:dma_addr_cnter" ;
+---------+-------+----------+--------------------------------------------------------------------------------------------+
; Port    ; Type  ; Severity ; Details                                                                                    ;
+---------+-------+----------+--------------------------------------------------------------------------------------------+
; D[7..0] ; Input ; Info     ; Stuck at GND                                                                               ;
; clear   ; Input ; Info     ; Explicitly unconnected                                                                     ;
; up      ; Input ; Info     ; Stuck at VCC                                                                               ;
+---------+-------+----------+--------------------------------------------------------------------------------------------+


+--------------------------------------------------------------------------------------------------------------------------+
; Port Connectivity Checks: "gameboy:dut|MMU:mmu|IO_handler:io_registers"                                                  ;
+----------------+--------+----------+-------------------------------------------------------------------------------------+
; Port           ; Type   ; Severity ; Details                                                                             ;
+----------------+--------+----------+-------------------------------------------------------------------------------------+
; cpu_data_valid ; Output ; Info     ; Connected to dangling logic. Logic that only feeds a dangling port will be removed. ;
; halted         ; Output ; Info     ; Connected to dangling logic. Logic that only feeds a dangling port will be removed. ;
; JOYPAD_R       ; Output ; Info     ; Connected to dangling logic. Logic that only feeds a dangling port will be removed. ;
; JOYPAD_OUTPUT  ; Output ; Info     ; Connected to dangling logic. Logic that only feeds a dangling port will be removed. ;
; NR52_R         ; Output ; Info     ; Connected to dangling logic. Logic that only feeds a dangling port will be removed. ;
; APU_R          ; Output ; Info     ; Connected to dangling logic. Logic that only feeds a dangling port will be removed. ;
; DIV_R          ; Output ; Info     ; Connected to dangling logic. Logic that only feeds a dangling port will be removed. ;
; TIMA_R         ; Output ; Info     ; Connected to dangling logic. Logic that only feeds a dangling port will be removed. ;
; TMA_R          ; Output ; Info     ; Connected to dangling logic. Logic that only feeds a dangling port will be removed. ;
; TAC_R          ; Output ; Info     ; Connected to dangling logic. Logic that only feeds a dangling port will be removed. ;
; BOOT_ROM_EN_R  ; Output ; Info     ; Connected to dangling logic. Logic that only feeds a dangling port will be removed. ;
+----------------+--------+----------+-------------------------------------------------------------------------------------+


+---------------------------------------------------------------------------------------------------------------------------------------------------+
; Port Connectivity Checks: "gameboy:dut|MMU:mmu"                                                                                                   ;
+--------------------+--------+----------+----------------------------------------------------------------------------------------------------------+
; Port               ; Type   ; Severity ; Details                                                                                                  ;
+--------------------+--------+----------+----------------------------------------------------------------------------------------------------------+
; APU_NR52           ; Input  ; Info     ; Stuck at GND                                                                                             ;
; PPU_R.LY_R         ; Output ; Info     ; Connected to dangling logic. Logic that only feeds a dangling port will be removed.                      ;
; ppu_data_valid     ; Output ; Info     ; Explicitly unconnected                                                                                   ;
; restart_after_stop ; Output ; Info     ; Explicitly unconnected                                                                                   ;
; cpu_data_valid     ; Output ; Warning  ; Declared by entity but not connected by instance. Logic that only feeds a dangling port will be removed. ;
+--------------------+--------+----------+----------------------------------------------------------------------------------------------------------+


+----------------------------------------------------------------------------------------------------------------+
; Port Connectivity Checks: "gameboy:dut|cpu:cpu|decoder:decoder|flopenr:nextopreg"                              ;
+------+--------+----------+-------------------------------------------------------------------------------------+
; Port ; Type   ; Severity ; Details                                                                             ;
+------+--------+----------+-------------------------------------------------------------------------------------+
; q    ; Output ; Info     ; Connected to dangling logic. Logic that only feeds a dangling port will be removed. ;
+------+--------+----------+-------------------------------------------------------------------------------------+


+-------------------------------------------------------------------------------------------------------------------+
; Port Connectivity Checks: "gameboy:dut|cpu:cpu|decoder:decoder|flopenr:oldopreg"                                  ;
+---------+--------+----------+-------------------------------------------------------------------------------------+
; Port    ; Type   ; Severity ; Details                                                                             ;
+---------+--------+----------+-------------------------------------------------------------------------------------+
; q[7..6] ; Output ; Info     ; Connected to dangling logic. Logic that only feeds a dangling port will be removed. ;
+---------+--------+----------+-------------------------------------------------------------------------------------+


+-----------------------------------------------------------------------------------------------------------------------+
; Port Connectivity Checks: "gameboy:dut|cpu:cpu|decoder:decoder"                                                       ;
+-------------+--------+----------+-------------------------------------------------------------------------------------+
; Port        ; Type   ; Severity ; Details                                                                             ;
+-------------+--------+----------+-------------------------------------------------------------------------------------+
; ctrl.iren   ; Output ; Info     ; Connected to dangling logic. Logic that only feeds a dangling port will be removed. ;
; ctrl.useOp  ; Output ; Info     ; Connected to dangling logic. Logic that only feeds a dangling port will be removed. ;
; ctrl.rd2Sel ; Output ; Info     ; Connected to dangling logic. Logic that only feeds a dangling port will be removed. ;
+-------------+--------+----------+-------------------------------------------------------------------------------------+


+-----------------------------------------------------------+
; Port Connectivity Checks: "gameboy:dut|flopenr:validflop" ;
+------+-------+----------+---------------------------------+
; Port ; Type  ; Severity ; Details                         ;
+------+-------+----------+---------------------------------+
; d    ; Input ; Info     ; Stuck at VCC                    ;
+------+-------+----------+---------------------------------+


+---------------------------------------------------------------------------------------------------------------------------------------------+
; Port Connectivity Checks: "gameboy:dut"                                                                                                     ;
+--------------+--------+----------+----------------------------------------------------------------------------------------------------------+
; Port         ; Type   ; Severity ; Details                                                                                                  ;
+--------------+--------+----------+----------------------------------------------------------------------------------------------------------+
; LCDC_R[6..0] ; Output ; Info     ; Connected to dangling logic. Logic that only feeds a dangling port will be removed.                      ;
; done         ; Output ; Info     ; Connected to dangling logic. Logic that only feeds a dangling port will be removed.                      ;
; npc          ; Output ; Warning  ; Declared by entity but not connected by instance. Logic that only feeds a dangling port will be removed. ;
+--------------+--------+----------+----------------------------------------------------------------------------------------------------------+


+----------------------------------------------------------+
; Port Connectivity Checks: "vga:v1|range_check:vs_period" ;
+--------------+-------+----------+------------------------+
; Port         ; Type  ; Severity ; Details                ;
+--------------+-------+----------+------------------------+
; low[11..10]  ; Input ; Info     ; Stuck at VCC           ;
; low[19..12]  ; Input ; Info     ; Stuck at GND           ;
; low[9..8]    ; Input ; Info     ; Stuck at GND           ;
; low[6..0]    ; Input ; Info     ; Stuck at GND           ;
; low[7]       ; Input ; Info     ; Stuck at VCC           ;
; high[19..18] ; Input ; Info     ; Stuck at VCC           ;
; high[13..10] ; Input ; Info     ; Stuck at VCC           ;
; high[8..7]   ; Input ; Info     ; Stuck at VCC           ;
; high[5..3]   ; Input ; Info     ; Stuck at VCC           ;
; high[17..16] ; Input ; Info     ; Stuck at GND           ;
; high[2..0]   ; Input ; Info     ; Stuck at GND           ;
; high[15]     ; Input ; Info     ; Stuck at VCC           ;
; high[14]     ; Input ; Info     ; Stuck at GND           ;
; high[9]      ; Input ; Info     ; Stuck at GND           ;
; high[6]      ; Input ; Info     ; Stuck at GND           ;
+--------------+-------+----------+------------------------+


+----------------------------------------------------------+
; Port Connectivity Checks: "vga:v1|range_check:hs_period" ;
+-------------+-------+----------+-------------------------+
; Port        ; Type  ; Severity ; Details                 ;
+-------------+-------+----------+-------------------------+
; low[7..6]   ; Input ; Info     ; Stuck at VCC            ;
; low[10..8]  ; Input ; Info     ; Stuck at GND            ;
; low[5..0]   ; Input ; Info     ; Stuck at GND            ;
; high[10..9] ; Input ; Info     ; Stuck at VCC            ;
; high[8..7]  ; Input ; Info     ; Stuck at GND            ;
; high[5..0]  ; Input ; Info     ; Stuck at GND            ;
; high[6]     ; Input ; Info     ; Stuck at VCC            ;
+-------------+-------+----------+-------------------------+


+-------------------------------------------------------------------------------------------------------------------------------------------------------------------------+
; Port Connectivity Checks: "vga:v1|Counter:col_ct"                                                                                                                       ;
+-------+-------+----------+----------------------------------------------------------------------------------------------------------------------------------------------+
; Port  ; Type  ; Severity ; Details                                                                                                                                      ;
+-------+-------+----------+----------------------------------------------------------------------------------------------------------------------------------------------+
; up    ; Input ; Info     ; Stuck at VCC                                                                                                                                 ;
; D     ; Input ; Info     ; Stuck at GND                                                                                                                                 ;
; reset ; Input ; Warning  ; Declared by entity but not connected by instance. If a default value exists, it will be used.  Otherwise, the port will be connected to GND. ;
+-------+-------+----------+----------------------------------------------------------------------------------------------------------------------------------------------+


+-------------------------------------------------------------------------------------------------------------------------------------------------------------------------+
; Port Connectivity Checks: "vga:v1|Counter:row_ct"                                                                                                                       ;
+-------+-------+----------+----------------------------------------------------------------------------------------------------------------------------------------------+
; Port  ; Type  ; Severity ; Details                                                                                                                                      ;
+-------+-------+----------+----------------------------------------------------------------------------------------------------------------------------------------------+
; up    ; Input ; Info     ; Stuck at VCC                                                                                                                                 ;
; D     ; Input ; Info     ; Stuck at GND                                                                                                                                 ;
; reset ; Input ; Warning  ; Declared by entity but not connected by instance. If a default value exists, it will be used.  Otherwise, the port will be connected to GND. ;
+-------+-------+----------+----------------------------------------------------------------------------------------------------------------------------------------------+


+------------------------------------------------------------------------------------------------------------------------------------------+
; Port Connectivity Checks: "vga:v1|MagComp:VS_num_clock"                                                                                  ;
+-----------+--------+----------+----------------------------------------------------------------------------------------------------------+
; Port      ; Type   ; Severity ; Details                                                                                                  ;
+-----------+--------+----------+----------------------------------------------------------------------------------------------------------+
; B[19..18] ; Input  ; Info     ; Stuck at VCC                                                                                             ;
; B[13..10] ; Input  ; Info     ; Stuck at VCC                                                                                             ;
; B[8..7]   ; Input  ; Info     ; Stuck at VCC                                                                                             ;
; B[5..3]   ; Input  ; Info     ; Stuck at VCC                                                                                             ;
; B[17..16] ; Input  ; Info     ; Stuck at GND                                                                                             ;
; B[2..0]   ; Input  ; Info     ; Stuck at GND                                                                                             ;
; B[15]     ; Input  ; Info     ; Stuck at VCC                                                                                             ;
; B[14]     ; Input  ; Info     ; Stuck at GND                                                                                             ;
; B[9]      ; Input  ; Info     ; Stuck at GND                                                                                             ;
; B[6]      ; Input  ; Info     ; Stuck at GND                                                                                             ;
; AltB      ; Output ; Warning  ; Declared by entity but not connected by instance. Logic that only feeds a dangling port will be removed. ;
; AgtB      ; Output ; Warning  ; Declared by entity but not connected by instance. Logic that only feeds a dangling port will be removed. ;
+-----------+--------+----------+----------------------------------------------------------------------------------------------------------+


+-----------------------------------------------------------------------------------------------------------------------------------------+
; Port Connectivity Checks: "vga:v1|MagComp:HS_num_clock"                                                                                 ;
+----------+--------+----------+----------------------------------------------------------------------------------------------------------+
; Port     ; Type   ; Severity ; Details                                                                                                  ;
+----------+--------+----------+----------------------------------------------------------------------------------------------------------+
; B[10..9] ; Input  ; Info     ; Stuck at VCC                                                                                             ;
; B[8..7]  ; Input  ; Info     ; Stuck at GND                                                                                             ;
; B[5..0]  ; Input  ; Info     ; Stuck at GND                                                                                             ;
; B[6]     ; Input  ; Info     ; Stuck at VCC                                                                                             ;
; AltB     ; Output ; Warning  ; Declared by entity but not connected by instance. Logic that only feeds a dangling port will be removed. ;
; AgtB     ; Output ; Warning  ; Declared by entity but not connected by instance. Logic that only feeds a dangling port will be removed. ;
+----------+--------+----------+----------------------------------------------------------------------------------------------------------+


+-------------------------------------------------------------------------------------------------------------------------------------------------------------------------+
; Port Connectivity Checks: "vga:v1|Counter:vs_ct"                                                                                                                        ;
+-------+-------+----------+----------------------------------------------------------------------------------------------------------------------------------------------+
; Port  ; Type  ; Severity ; Details                                                                                                                                      ;
+-------+-------+----------+----------------------------------------------------------------------------------------------------------------------------------------------+
; en    ; Input ; Info     ; Stuck at VCC                                                                                                                                 ;
; D     ; Input ; Info     ; Stuck at GND                                                                                                                                 ;
; up    ; Input ; Info     ; Stuck at VCC                                                                                                                                 ;
; reset ; Input ; Warning  ; Declared by entity but not connected by instance. If a default value exists, it will be used.  Otherwise, the port will be connected to GND. ;
+-------+-------+----------+----------------------------------------------------------------------------------------------------------------------------------------------+


+-------------------------------------------------------------------------------------------------------------------------------------------------------------------------+
; Port Connectivity Checks: "vga:v1|Counter:hs_ct"                                                                                                                        ;
+-------+-------+----------+----------------------------------------------------------------------------------------------------------------------------------------------+
; Port  ; Type  ; Severity ; Details                                                                                                                                      ;
+-------+-------+----------+----------------------------------------------------------------------------------------------------------------------------------------------+
; en    ; Input ; Info     ; Stuck at VCC                                                                                                                                 ;
; D     ; Input ; Info     ; Stuck at GND                                                                                                                                 ;
; up    ; Input ; Info     ; Stuck at VCC                                                                                                                                 ;
; reset ; Input ; Warning  ; Declared by entity but not connected by instance. If a default value exists, it will be used.  Otherwise, the port will be connected to GND. ;
+-------+-------+----------+----------------------------------------------------------------------------------------------------------------------------------------------+


+---------------------------------------------------+
; Port Connectivity Checks: "vga:v1"                ;
+-------+-------+----------+------------------------+
; Port  ; Type  ; Severity ; Details                ;
+-------+-------+----------+------------------------+
; reset ; Input ; Info     ; Explicitly unconnected ;
+-------+-------+----------+------------------------+


+-----------------------------------------------------+
; Post-Synthesis Netlist Statistics for Top Partition ;
+-----------------------+-----------------------------+
; Type                  ; Count                       ;
+-----------------------+-----------------------------+
; boundary_port         ; 173                         ;
; cycloneiii_ff         ; 3307                        ;
;     ENA               ; 2727                        ;
;     ENA SCLR          ; 146                         ;
;     ENA SLD           ; 136                         ;
;     SCLR              ; 58                          ;
;     SLD               ; 6                           ;
;     plain             ; 234                         ;
; cycloneiii_lcell_comb ; 7910                        ;
;     arith             ; 1040                        ;
;         1 data inputs ; 1                           ;
;         2 data inputs ; 455                         ;
;         3 data inputs ; 584                         ;
;     normal            ; 6870                        ;
;         0 data inputs ; 83                          ;
;         1 data inputs ; 52                          ;
;         2 data inputs ; 993                         ;
;         3 data inputs ; 927                         ;
;         4 data inputs ; 4815                        ;
; cycloneiii_ram_block  ; 181                         ;
;                       ;                             ;
; Max LUT depth         ; 83.40                       ;
; Average LUT depth     ; 28.34                       ;
+-----------------------+-----------------------------+


+-------------------------------+
; Elapsed Time Per Partition    ;
+----------------+--------------+
; Partition Name ; Elapsed Time ;
+----------------+--------------+
; Top            ; 00:00:35     ;
+----------------+--------------+


+-------------------------------+
; Analysis & Synthesis Messages ;
+-------------------------------+
Info: *******************************************************************
Info: Running Quartus Prime Analysis & Synthesis
    Info: Version 20.1.0 Build 711 06/05/2020 SJ Lite Edition
    Info: Processing started: Thu Apr 17 16:28:49 2025
Info: Command: quartus_map --read_settings_files=on --write_settings_files=off gameboy2 -c chipInterface
Warning (18236): Number of processors has not been specified which may cause overloading on shared machines.  Set the global assignment NUM_PARALLEL_PROCESSORS in your QSF to an appropriate value for best performance.
Info (20030): Parallel compilation is enabled and will use 8 of the 8 processors detected
Info (12021): Found 1 design units, including 1 entities, in source file BRAMS/WRAM_BANK.v
    Info (12023): Found entity 1: WRAM_BANK File: /home/katherine/code/Gameboy/synthesis2/BRAMS/WRAM_BANK.v Line: 40
Info (12021): Found 1 design units, including 1 entities, in source file BRAMS/ROM_BANK.v
    Info (12023): Found entity 1: ROM_BANK File: /home/katherine/code/Gameboy/synthesis2/BRAMS/ROM_BANK.v Line: 40
Info (12021): Found 1 design units, including 1 entities, in source file BRAMS/OAM_DUALBANK.v
    Info (12023): Found entity 1: OAM_DUALBANK File: /home/katherine/code/Gameboy/synthesis2/BRAMS/OAM_DUALBANK.v Line: 40
Info (12021): Found 1 design units, including 1 entities, in source file BRAMS/FRAME_BUFFER.v
    Info (12023): Found entity 1: FRAME_BUFFER File: /home/katherine/code/Gameboy/synthesis2/BRAMS/FRAME_BUFFER.v Line: 40
Info (12021): Found 1 design units, including 1 entities, in source file BRAMS/EXRAM_BANK.v
    Info (12023): Found entity 1: EXRAM_BANK File: /home/katherine/code/Gameboy/synthesis2/BRAMS/EXRAM_BANK.v Line: 40
Info (12021): Found 1 design units, including 1 entities, in source file BRAMS/DUAL_VRAM_8KB.v
    Info (12023): Found entity 1: DUAL_VRAM_8KB File: /home/katherine/code/Gameboy/synthesis2/BRAMS/DUAL_VRAM_8KB.v Line: 40
Info (12021): Found 1 design units, including 1 entities, in source file BRAMS/DUAL_8KB.v
    Info (12023): Found entity 1: DUAL_8KB File: /home/katherine/code/Gameboy/synthesis2/BRAMS/DUAL_8KB.v Line: 40
Info (12021): Found 5 design units, including 5 entities, in source file vga.sv
    Info (12023): Found entity 1: vga File: /home/katherine/code/Gameboy/synthesis2/vga.sv Line: 3
    Info (12023): Found entity 2: range_check File: /home/katherine/code/Gameboy/synthesis2/vga.sv Line: 114
    Info (12023): Found entity 3: offset_check File: /home/katherine/code/Gameboy/synthesis2/vga.sv Line: 124
    Info (12023): Found entity 4: Counter File: /home/katherine/code/Gameboy/synthesis2/vga.sv Line: 135
    Info (12023): Found entity 5: MagComp File: /home/katherine/code/Gameboy/synthesis2/vga.sv Line: 151
Info (12021): Found 2 design units, including 2 entities, in source file SevenSegmentDisplayWithHex.sv
    Info (12023): Found entity 1: SevenSegmentDisplayWithHex File: /home/katherine/code/Gameboy/synthesis2/SevenSegmentDisplayWithHex.sv Line: 5
    Info (12023): Found entity 2: BCDtoSevenSegment File: /home/katherine/code/Gameboy/synthesis2/SevenSegmentDisplayWithHex.sv Line: 34
Info (12021): Found 2 design units, including 1 entities, in source file regfile.sv
    Info (12022): Found design unit 1: defs (SystemVerilog) File: /home/katherine/code/Gameboy/synthesis2/defs.svh Line: 3
    Info (12023): Found entity 1: regfile File: /home/katherine/code/Gameboy/synthesis2/regfile.sv Line: 3
Info (12021): Found 9 design units, including 9 entities, in source file ppu.sv
    Info (12023): Found entity 1: PPU_Mode_controller File: /home/katherine/code/Gameboy/synthesis2/ppu.sv Line: 34
    Info (12023): Found entity 2: OAM_Search File: /home/katherine/code/Gameboy/synthesis2/ppu.sv Line: 148
    Info (12023): Found entity 3: FIFO File: /home/katherine/code/Gameboy/synthesis2/ppu.sv Line: 340
    Info (12023): Found entity 4: Render_BG File: /home/katherine/code/Gameboy/synthesis2/ppu.sv Line: 420
    Info (12023): Found entity 5: Render_Sprites File: /home/katherine/code/Gameboy/synthesis2/ppu.sv Line: 774
    Info (12023): Found entity 6: Pixel_Gen File: /home/katherine/code/Gameboy/synthesis2/ppu.sv Line: 1032
    Info (12023): Found entity 7: Pixel_Mixer File: /home/katherine/code/Gameboy/synthesis2/ppu.sv Line: 1185
    Info (12023): Found entity 8: DMG_Color_Mapper File: /home/katherine/code/Gameboy/synthesis2/ppu.sv Line: 1282
    Info (12023): Found entity 9: PPU_Wrapper File: /home/katherine/code/Gameboy/synthesis2/ppu.sv Line: 1313
Info (12021): Found 2 design units, including 1 entities, in source file MMU.sv
    Info (12022): Found design unit 1: RegisterPkg (SystemVerilog) File: /home/katherine/code/Gameboy/synthesis2/RegisterPkg.svh Line: 3
    Info (12023): Found entity 1: MMU File: /home/katherine/code/Gameboy/synthesis2/MMU.sv Line: 9
Info (12021): Found 1 design units, including 1 entities, in source file IO_reg_handler.sv
    Info (12023): Found entity 1: IO_handler File: /home/katherine/code/Gameboy/synthesis2/IO_reg_handler.sv Line: 7
Info (12021): Found 1 design units, including 1 entities, in source file DMA_controller.sv
    Info (12023): Found entity 1: DMA_controller File: /home/katherine/code/Gameboy/synthesis2/DMA_controller.sv Line: 5
Info (12021): Found 1 design units, including 1 entities, in source file decoder.sv
    Info (12023): Found entity 1: decoder File: /home/katherine/code/Gameboy/synthesis2/decoder.sv Line: 3
Info (12021): Found 1 design units, including 1 entities, in source file gameboy.sv
    Info (12023): Found entity 1: gameboy File: /home/katherine/code/Gameboy/synthesis2/gameboy.sv Line: 3
Info (12021): Found 1 design units, including 1 entities, in source file cpu.sv
    Info (12023): Found entity 1: cpu File: /home/katherine/code/Gameboy/synthesis2/cpu.sv Line: 3
Info (12021): Found 1 design units, including 1 entities, in source file chipInterface.sv
    Info (12023): Found entity 1: chipInterface File: /home/katherine/code/Gameboy/synthesis2/chipInterface.sv Line: 11
Info (12021): Found 1 design units, including 1 entities, in source file BRAM_out_chooser.sv
    Info (12023): Found entity 1: MM_out_chooser File: /home/katherine/code/Gameboy/synthesis2/BRAM_out_chooser.sv Line: 6
Info (12021): Found 1 design units, including 1 entities, in source file BRAM_handler.sv
    Info (12023): Found entity 1: BRAM_handler File: /home/katherine/code/Gameboy/synthesis2/BRAM_handler.sv Line: 8
Info (12021): Found 1 design units, including 1 entities, in source file BRAM_addr_chooser.sv
    Info (12023): Found entity 1: MM_addr_contention_handler File: /home/katherine/code/Gameboy/synthesis2/BRAM_addr_chooser.sv Line: 7
Info (12021): Found 4 design units, including 4 entities, in source file basic.sv
    Info (12023): Found entity 1: flop File: /home/katherine/code/Gameboy/synthesis2/basic.sv Line: 2
    Info (12023): Found entity 2: flopen File: /home/katherine/code/Gameboy/synthesis2/basic.sv Line: 12
    Info (12023): Found entity 3: flopenr File: /home/katherine/code/Gameboy/synthesis2/basic.sv Line: 22
    Info (12023): Found entity 4: flopr File: /home/katherine/code/Gameboy/synthesis2/basic.sv Line: 33
Info (12021): Found 1 design units, including 1 entities, in source file alu.sv
    Info (12023): Found entity 1: alu File: /home/katherine/code/Gameboy/synthesis2/alu.sv Line: 4
Info (12127): Elaborating entity "chipInterface" for the top level hierarchy
Warning (10036): Verilog HDL or VHDL warning at chipInterface.sv(28): object "clk_key" assigned a value but never read File: /home/katherine/code/Gameboy/synthesis2/chipInterface.sv Line: 28
Warning (10230): Verilog HDL assignment warning at alu.sv(96): truncated value with size 32 to match size of target (16) File: /home/katherine/code/Gameboy/synthesis2/alu.sv Line: 96
Info (12128): Elaborating entity "vga" for hierarchy "vga:v1" File: /home/katherine/code/Gameboy/synthesis2/chipInterface.sv Line: 107
Info (12128): Elaborating entity "Counter" for hierarchy "vga:v1|Counter:hs_ct" File: /home/katherine/code/Gameboy/synthesis2/vga.sv Line: 30
Info (12128): Elaborating entity "Counter" for hierarchy "vga:v1|Counter:vs_ct" File: /home/katherine/code/Gameboy/synthesis2/vga.sv Line: 33
Info (12128): Elaborating entity "MagComp" for hierarchy "vga:v1|MagComp:HS_num_clock" File: /home/katherine/code/Gameboy/synthesis2/vga.sv Line: 43
Info (12128): Elaborating entity "MagComp" for hierarchy "vga:v1|MagComp:VS_num_clock" File: /home/katherine/code/Gameboy/synthesis2/vga.sv Line: 45
Info (12128): Elaborating entity "Counter" for hierarchy "vga:v1|Counter:row_ct" File: /home/katherine/code/Gameboy/synthesis2/vga.sv Line: 56
Info (12128): Elaborating entity "Counter" for hierarchy "vga:v1|Counter:col_ct" File: /home/katherine/code/Gameboy/synthesis2/vga.sv Line: 60
Info (12128): Elaborating entity "range_check" for hierarchy "vga:v1|range_check:hs_period" File: /home/katherine/code/Gameboy/synthesis2/vga.sv Line: 68
Info (12128): Elaborating entity "range_check" for hierarchy "vga:v1|range_check:vs_period" File: /home/katherine/code/Gameboy/synthesis2/vga.sv Line: 78
Info (12128): Elaborating entity "gameboy" for hierarchy "gameboy:dut" File: /home/katherine/code/Gameboy/synthesis2/chipInterface.sv Line: 190
Info (12128): Elaborating entity "flopenr" for hierarchy "gameboy:dut|flopenr:validflop" File: /home/katherine/code/Gameboy/synthesis2/gameboy.sv Line: 51
Warning (10230): Verilog HDL assignment warning at basic.sv(28): truncated value with size 32 to match size of target (1) File: /home/katherine/code/Gameboy/synthesis2/basic.sv Line: 28
Info (12128): Elaborating entity "flop" for hierarchy "gameboy:dut|flop:memflop" File: /home/katherine/code/Gameboy/synthesis2/gameboy.sv Line: 52
Info (12128): Elaborating entity "cpu" for hierarchy "gameboy:dut|cpu:cpu" File: /home/katherine/code/Gameboy/synthesis2/gameboy.sv Line: 95
Warning (10036): Verilog HDL or VHDL warning at cpu.sv(28): object "n" assigned a value but never read File: /home/katherine/code/Gameboy/synthesis2/cpu.sv Line: 28
Warning (10230): Verilog HDL assignment warning at cpu.sv(69): truncated value with size 32 to match size of target (16) File: /home/katherine/code/Gameboy/synthesis2/cpu.sv Line: 69
Warning (10230): Verilog HDL assignment warning at cpu.sv(70): truncated value with size 32 to match size of target (16) File: /home/katherine/code/Gameboy/synthesis2/cpu.sv Line: 70
Warning (10230): Verilog HDL assignment warning at cpu.sv(71): truncated value with size 32 to match size of target (16) File: /home/katherine/code/Gameboy/synthesis2/cpu.sv Line: 71
Warning (10230): Verilog HDL assignment warning at cpu.sv(72): truncated value with size 32 to match size of target (16) File: /home/katherine/code/Gameboy/synthesis2/cpu.sv Line: 72
Warning (10230): Verilog HDL assignment warning at cpu.sv(73): truncated value with size 32 to match size of target (16) File: /home/katherine/code/Gameboy/synthesis2/cpu.sv Line: 73
Warning (10230): Verilog HDL assignment warning at cpu.sv(74): truncated value with size 32 to match size of target (16) File: /home/katherine/code/Gameboy/synthesis2/cpu.sv Line: 74
Info (10264): Verilog HDL Case Statement information at cpu.sv(146): all case item expressions in this case statement are onehot File: /home/katherine/code/Gameboy/synthesis2/cpu.sv Line: 146
Warning (10230): Verilog HDL assignment warning at cpu.sv(153): truncated value with size 32 to match size of target (16) File: /home/katherine/code/Gameboy/synthesis2/cpu.sv Line: 153
Warning (10230): Verilog HDL assignment warning at cpu.sv(159): truncated value with size 9 to match size of target (8) File: /home/katherine/code/Gameboy/synthesis2/cpu.sv Line: 159
Warning (10230): Verilog HDL assignment warning at cpu.sv(160): truncated value with size 9 to match size of target (8) File: /home/katherine/code/Gameboy/synthesis2/cpu.sv Line: 160
Warning (10230): Verilog HDL assignment warning at cpu.sv(161): truncated value with size 9 to match size of target (8) File: /home/katherine/code/Gameboy/synthesis2/cpu.sv Line: 161
Warning (10230): Verilog HDL assignment warning at cpu.sv(162): truncated value with size 9 to match size of target (8) File: /home/katherine/code/Gameboy/synthesis2/cpu.sv Line: 162
Info (12128): Elaborating entity "flopr" for hierarchy "gameboy:dut|cpu:cpu|flopr:memAdrflop" File: /home/katherine/code/Gameboy/synthesis2/cpu.sv Line: 41
Info (12128): Elaborating entity "decoder" for hierarchy "gameboy:dut|cpu:cpu|decoder:decoder" File: /home/katherine/code/Gameboy/synthesis2/cpu.sv Line: 55
Warning (10036): Verilog HDL or VHDL warning at decoder.sv(15): object "mpc_enum" assigned a value but never read File: /home/katherine/code/Gameboy/synthesis2/decoder.sv Line: 15
Warning (10036): Verilog HDL or VHDL warning at decoder.sv(18): object "nextInstr" assigned a value but never read File: /home/katherine/code/Gameboy/synthesis2/decoder.sv Line: 18
Warning (10935): Verilog HDL Casex/Casez warning at decoder.sv(118): casex/casez item expression overlaps with a previous casex/casez item expression File: /home/katherine/code/Gameboy/synthesis2/decoder.sv Line: 118
Warning (10935): Verilog HDL Casex/Casez warning at decoder.sv(119): casex/casez item expression overlaps with a previous casex/casez item expression File: /home/katherine/code/Gameboy/synthesis2/decoder.sv Line: 119
Warning (10935): Verilog HDL Casex/Casez warning at decoder.sv(120): casex/casez item expression overlaps with a previous casex/casez item expression File: /home/katherine/code/Gameboy/synthesis2/decoder.sv Line: 120
Warning (10935): Verilog HDL Casex/Casez warning at decoder.sv(121): casex/casez item expression overlaps with a previous casex/casez item expression File: /home/katherine/code/Gameboy/synthesis2/decoder.sv Line: 121
Warning (10935): Verilog HDL Casex/Casez warning at decoder.sv(122): casex/casez item expression overlaps with a previous casex/casez item expression File: /home/katherine/code/Gameboy/synthesis2/decoder.sv Line: 122
Warning (10935): Verilog HDL Casex/Casez warning at decoder.sv(123): casex/casez item expression overlaps with a previous casex/casez item expression File: /home/katherine/code/Gameboy/synthesis2/decoder.sv Line: 123
Warning (10935): Verilog HDL Casex/Casez warning at decoder.sv(124): casex/casez item expression overlaps with a previous casex/casez item expression File: /home/katherine/code/Gameboy/synthesis2/decoder.sv Line: 124
Warning (10935): Verilog HDL Casex/Casez warning at decoder.sv(125): casex/casez item expression overlaps with a previous casex/casez item expression File: /home/katherine/code/Gameboy/synthesis2/decoder.sv Line: 125
Warning (10935): Verilog HDL Casex/Casez warning at decoder.sv(126): casex/casez item expression overlaps with a previous casex/casez item expression File: /home/katherine/code/Gameboy/synthesis2/decoder.sv Line: 126
Warning (10935): Verilog HDL Casex/Casez warning at decoder.sv(127): casex/casez item expression overlaps with a previous casex/casez item expression File: /home/katherine/code/Gameboy/synthesis2/decoder.sv Line: 127
Warning (10935): Verilog HDL Casex/Casez warning at decoder.sv(128): casex/casez item expression overlaps with a previous casex/casez item expression File: /home/katherine/code/Gameboy/synthesis2/decoder.sv Line: 128
Warning (10935): Verilog HDL Casex/Casez warning at decoder.sv(129): casex/casez item expression overlaps with a previous casex/casez item expression File: /home/katherine/code/Gameboy/synthesis2/decoder.sv Line: 129
Warning (10935): Verilog HDL Casex/Casez warning at decoder.sv(130): casex/casez item expression overlaps with a previous casex/casez item expression File: /home/katherine/code/Gameboy/synthesis2/decoder.sv Line: 130
Warning (10935): Verilog HDL Casex/Casez warning at decoder.sv(131): casex/casez item expression overlaps with a previous casex/casez item expression File: /home/katherine/code/Gameboy/synthesis2/decoder.sv Line: 131
Warning (10935): Verilog HDL Casex/Casez warning at decoder.sv(148): casex/casez item expression overlaps with a previous casex/casez item expression File: /home/katherine/code/Gameboy/synthesis2/decoder.sv Line: 148
Warning (10935): Verilog HDL Casex/Casez warning at decoder.sv(149): casex/casez item expression overlaps with a previous casex/casez item expression File: /home/katherine/code/Gameboy/synthesis2/decoder.sv Line: 149
Warning (10935): Verilog HDL Casex/Casez warning at decoder.sv(150): casex/casez item expression overlaps with a previous casex/casez item expression File: /home/katherine/code/Gameboy/synthesis2/decoder.sv Line: 150
Warning (10935): Verilog HDL Casex/Casez warning at decoder.sv(151): casex/casez item expression overlaps with a previous casex/casez item expression File: /home/katherine/code/Gameboy/synthesis2/decoder.sv Line: 151
Warning (10935): Verilog HDL Casex/Casez warning at decoder.sv(152): casex/casez item expression overlaps with a previous casex/casez item expression File: /home/katherine/code/Gameboy/synthesis2/decoder.sv Line: 152
Warning (10935): Verilog HDL Casex/Casez warning at decoder.sv(153): casex/casez item expression overlaps with a previous casex/casez item expression File: /home/katherine/code/Gameboy/synthesis2/decoder.sv Line: 153
Warning (10935): Verilog HDL Casex/Casez warning at decoder.sv(154): casex/casez item expression overlaps with a previous casex/casez item expression File: /home/katherine/code/Gameboy/synthesis2/decoder.sv Line: 154
Warning (10935): Verilog HDL Casex/Casez warning at decoder.sv(155): casex/casez item expression overlaps with a previous casex/casez item expression File: /home/katherine/code/Gameboy/synthesis2/decoder.sv Line: 155
Warning (10935): Verilog HDL Casex/Casez warning at decoder.sv(156): casex/casez item expression overlaps with a previous casex/casez item expression File: /home/katherine/code/Gameboy/synthesis2/decoder.sv Line: 156
Warning (10935): Verilog HDL Casex/Casez warning at decoder.sv(157): casex/casez item expression overlaps with a previous casex/casez item expression File: /home/katherine/code/Gameboy/synthesis2/decoder.sv Line: 157
Warning (10935): Verilog HDL Casex/Casez warning at decoder.sv(158): casex/casez item expression overlaps with a previous casex/casez item expression File: /home/katherine/code/Gameboy/synthesis2/decoder.sv Line: 158
Warning (10230): Verilog HDL assignment warning at decoder.sv(165): truncated value with size 32 to match size of target (11) File: /home/katherine/code/Gameboy/synthesis2/decoder.sv Line: 165
Warning (10230): Verilog HDL assignment warning at decoder.sv(1771): truncated value with size 4 to match size of target (3) File: /home/katherine/code/Gameboy/synthesis2/decoder.sv Line: 1771
Warning (10230): Verilog HDL assignment warning at decoder.sv(1786): truncated value with size 4 to match size of target (3) File: /home/katherine/code/Gameboy/synthesis2/decoder.sv Line: 1786
Warning (10230): Verilog HDL assignment warning at decoder.sv(1799): truncated value with size 4 to match size of target (3) File: /home/katherine/code/Gameboy/synthesis2/decoder.sv Line: 1799
Warning (10230): Verilog HDL assignment warning at decoder.sv(1815): truncated value with size 4 to match size of target (3) File: /home/katherine/code/Gameboy/synthesis2/decoder.sv Line: 1815
Warning (10230): Verilog HDL assignment warning at decoder.sv(1832): truncated value with size 4 to match size of target (3) File: /home/katherine/code/Gameboy/synthesis2/decoder.sv Line: 1832
Warning (10230): Verilog HDL assignment warning at decoder.sv(1848): truncated value with size 4 to match size of target (3) File: /home/katherine/code/Gameboy/synthesis2/decoder.sv Line: 1848
Info (12128): Elaborating entity "flopenr" for hierarchy "gameboy:dut|cpu:cpu|decoder:decoder|flopenr:oldopreg" File: /home/katherine/code/Gameboy/synthesis2/decoder.sv Line: 29
Warning (10230): Verilog HDL assignment warning at basic.sv(28): truncated value with size 32 to match size of target (8) File: /home/katherine/code/Gameboy/synthesis2/basic.sv Line: 28
Info (12128): Elaborating entity "flopenr" for hierarchy "gameboy:dut|cpu:cpu|decoder:decoder|flopenr:imereg" File: /home/katherine/code/Gameboy/synthesis2/decoder.sv Line: 32
Warning (10230): Verilog HDL assignment warning at basic.sv(28): truncated value with size 32 to match size of target (2) File: /home/katherine/code/Gameboy/synthesis2/basic.sv Line: 28
Info (12128): Elaborating entity "flopr" for hierarchy "gameboy:dut|cpu:cpu|decoder:decoder|flopr:mpcflop" File: /home/katherine/code/Gameboy/synthesis2/decoder.sv Line: 41
Info (12128): Elaborating entity "flopenr" for hierarchy "gameboy:dut|cpu:cpu|flopenr:pcflop" File: /home/katherine/code/Gameboy/synthesis2/cpu.sv Line: 66
Info (12128): Elaborating entity "regfile" for hierarchy "gameboy:dut|cpu:cpu|regfile:regfile" File: /home/katherine/code/Gameboy/synthesis2/cpu.sv Line: 117
Info (12128): Elaborating entity "alu" for hierarchy "gameboy:dut|cpu:cpu|alu:alu" File: /home/katherine/code/Gameboy/synthesis2/cpu.sv Line: 143
Warning (10230): Verilog HDL assignment warning at alu.sv(88): truncated value with size 2 to match size of target (1) File: /home/katherine/code/Gameboy/synthesis2/alu.sv Line: 88
Info (12128): Elaborating entity "flopenr" for hierarchy "gameboy:dut|cpu:cpu|flopenr:memfwdflop" File: /home/katherine/code/Gameboy/synthesis2/cpu.sv Line: 177
Warning (10230): Verilog HDL assignment warning at basic.sv(28): truncated value with size 32 to match size of target (23) File: /home/katherine/code/Gameboy/synthesis2/basic.sv Line: 28
Info (12128): Elaborating entity "MMU" for hierarchy "gameboy:dut|MMU:mmu" File: /home/katherine/code/Gameboy/synthesis2/gameboy.sv Line: 133
Info (12128): Elaborating entity "IO_handler" for hierarchy "gameboy:dut|MMU:mmu|IO_handler:io_registers" File: /home/katherine/code/Gameboy/synthesis2/MMU.sv Line: 182
Info (12128): Elaborating entity "BRAM_handler" for hierarchy "gameboy:dut|MMU:mmu|BRAM_handler:memory_units" File: /home/katherine/code/Gameboy/synthesis2/MMU.sv Line: 205
Info (12128): Elaborating entity "DMA_controller" for hierarchy "gameboy:dut|MMU:mmu|BRAM_handler:memory_units|DMA_controller:dma_guy" File: /home/katherine/code/Gameboy/synthesis2/BRAM_handler.sv Line: 137
Info (12128): Elaborating entity "Counter" for hierarchy "gameboy:dut|MMU:mmu|BRAM_handler:memory_units|DMA_controller:dma_guy|Counter:dma_addr_cnter" File: /home/katherine/code/Gameboy/synthesis2/DMA_controller.sv Line: 47
Info (12128): Elaborating entity "Counter" for hierarchy "gameboy:dut|MMU:mmu|BRAM_handler:memory_units|DMA_controller:dma_guy|Counter:cycle_cnter" File: /home/katherine/code/Gameboy/synthesis2/DMA_controller.sv Line: 65
Info (12128): Elaborating entity "MM_out_chooser" for hierarchy "gameboy:dut|MMU:mmu|BRAM_handler:memory_units|MM_out_chooser:memory_out_muxer" File: /home/katherine/code/Gameboy/synthesis2/BRAM_handler.sv Line: 148
Info (12128): Elaborating entity "MM_addr_contention_handler" for hierarchy "gameboy:dut|MMU:mmu|BRAM_handler:memory_units|MM_addr_contention_handler:addr_handler" File: /home/katherine/code/Gameboy/synthesis2/BRAM_handler.sv Line: 165
Info (12128): Elaborating entity "ROM_BANK" for hierarchy "gameboy:dut|MMU:mmu|BRAM_handler:memory_units|ROM_BANK:rom0" File: /home/katherine/code/Gameboy/synthesis2/BRAM_handler.sv Line: 189
Info (12128): Elaborating entity "altsyncram" for hierarchy "gameboy:dut|MMU:mmu|BRAM_handler:memory_units|ROM_BANK:rom0|altsyncram:altsyncram_component" File: /home/katherine/code/Gameboy/synthesis2/BRAMS/ROM_BANK.v Line: 82
Info (12130): Elaborated megafunction instantiation "gameboy:dut|MMU:mmu|BRAM_handler:memory_units|ROM_BANK:rom0|altsyncram:altsyncram_component" File: /home/katherine/code/Gameboy/synthesis2/BRAMS/ROM_BANK.v Line: 82
Info (12133): Instantiated megafunction "gameboy:dut|MMU:mmu|BRAM_handler:memory_units|ROM_BANK:rom0|altsyncram:altsyncram_component" with the following parameter: File: /home/katherine/code/Gameboy/synthesis2/BRAMS/ROM_BANK.v Line: 82
    Info (12134): Parameter "address_aclr_a" = "NONE"
    Info (12134): Parameter "clock_enable_input_a" = "BYPASS"
    Info (12134): Parameter "clock_enable_output_a" = "BYPASS"
    Info (12134): Parameter "init_file" = "../../code/Integration/MMU/mif_files/Dr.Mario.mif"
    Info (12134): Parameter "intended_device_family" = "Cyclone IV E"
    Info (12134): Parameter "lpm_hint" = "ENABLE_RUNTIME_MOD=NO"
    Info (12134): Parameter "lpm_type" = "altsyncram"
    Info (12134): Parameter "numwords_a" = "16384"
    Info (12134): Parameter "operation_mode" = "ROM"
    Info (12134): Parameter "outdata_aclr_a" = "NONE"
    Info (12134): Parameter "outdata_reg_a" = "CLOCK0"
    Info (12134): Parameter "widthad_a" = "14"
    Info (12134): Parameter "width_a" = "16"
    Info (12134): Parameter "width_byteena_a" = "1"
Info (12021): Found 1 design units, including 1 entities, in source file db/altsyncram_frc1.tdf
    Info (12023): Found entity 1: altsyncram_frc1 File: /home/katherine/code/Gameboy/synthesis2/db/altsyncram_frc1.tdf Line: 32
Info (12128): Elaborating entity "altsyncram_frc1" for hierarchy "gameboy:dut|MMU:mmu|BRAM_handler:memory_units|ROM_BANK:rom0|altsyncram:altsyncram_component|altsyncram_frc1:auto_generated" File: /home/katherine/intelFPGA_lite/20.1/quartus/libraries/megafunctions/altsyncram.tdf Line: 792
Info (12021): Found 1 design units, including 1 entities, in source file db/decode_c8a.tdf
    Info (12023): Found entity 1: decode_c8a File: /home/katherine/code/Gameboy/synthesis2/db/decode_c8a.tdf Line: 23
Info (12128): Elaborating entity "decode_c8a" for hierarchy "gameboy:dut|MMU:mmu|BRAM_handler:memory_units|ROM_BANK:rom0|altsyncram:altsyncram_component|altsyncram_frc1:auto_generated|decode_c8a:rden_decode" File: /home/katherine/code/Gameboy/synthesis2/db/altsyncram_frc1.tdf Line: 41
Info (12021): Found 1 design units, including 1 entities, in source file db/mux_iob.tdf
    Info (12023): Found entity 1: mux_iob File: /home/katherine/code/Gameboy/synthesis2/db/mux_iob.tdf Line: 23
Info (12128): Elaborating entity "mux_iob" for hierarchy "gameboy:dut|MMU:mmu|BRAM_handler:memory_units|ROM_BANK:rom0|altsyncram:altsyncram_component|altsyncram_frc1:auto_generated|mux_iob:mux2" File: /home/katherine/code/Gameboy/synthesis2/db/altsyncram_frc1.tdf Line: 42
Info (12128): Elaborating entity "DUAL_VRAM_8KB" for hierarchy "gameboy:dut|MMU:mmu|BRAM_handler:memory_units|DUAL_VRAM_8KB:vram0" File: /home/katherine/code/Gameboy/synthesis2/BRAM_handler.sv Line: 195
Info (12128): Elaborating entity "altsyncram" for hierarchy "gameboy:dut|MMU:mmu|BRAM_handler:memory_units|DUAL_VRAM_8KB:vram0|altsyncram:altsyncram_component" File: /home/katherine/code/Gameboy/synthesis2/BRAMS/DUAL_VRAM_8KB.v Line: 98
Info (12130): Elaborated megafunction instantiation "gameboy:dut|MMU:mmu|BRAM_handler:memory_units|DUAL_VRAM_8KB:vram0|altsyncram:altsyncram_component" File: /home/katherine/code/Gameboy/synthesis2/BRAMS/DUAL_VRAM_8KB.v Line: 98
Info (12133): Instantiated megafunction "gameboy:dut|MMU:mmu|BRAM_handler:memory_units|DUAL_VRAM_8KB:vram0|altsyncram:altsyncram_component" with the following parameter: File: /home/katherine/code/Gameboy/synthesis2/BRAMS/DUAL_VRAM_8KB.v Line: 98
    Info (12134): Parameter "address_reg_b" = "CLOCK0"
    Info (12134): Parameter "clock_enable_input_a" = "BYPASS"
    Info (12134): Parameter "clock_enable_input_b" = "BYPASS"
    Info (12134): Parameter "clock_enable_output_a" = "BYPASS"
    Info (12134): Parameter "clock_enable_output_b" = "BYPASS"
    Info (12134): Parameter "indata_reg_b" = "CLOCK0"
    Info (12134): Parameter "intended_device_family" = "Cyclone V"
    Info (12134): Parameter "lpm_type" = "altsyncram"
    Info (12134): Parameter "numwords_a" = "4096"
    Info (12134): Parameter "numwords_b" = "4096"
    Info (12134): Parameter "operation_mode" = "BIDIR_DUAL_PORT"
    Info (12134): Parameter "outdata_aclr_a" = "NONE"
    Info (12134): Parameter "outdata_aclr_b" = "NONE"
    Info (12134): Parameter "outdata_reg_a" = "CLOCK0"
    Info (12134): Parameter "outdata_reg_b" = "CLOCK0"
    Info (12134): Parameter "power_up_uninitialized" = "FALSE"
    Info (12134): Parameter "read_during_write_mode_mixed_ports" = "OLD_DATA"
    Info (12134): Parameter "read_during_write_mode_port_a" = "NEW_DATA_NO_NBE_READ"
    Info (12134): Parameter "read_during_write_mode_port_b" = "NEW_DATA_NO_NBE_READ"
    Info (12134): Parameter "widthad_a" = "12"
    Info (12134): Parameter "widthad_b" = "12"
    Info (12134): Parameter "width_a" = "16"
    Info (12134): Parameter "width_b" = "16"
    Info (12134): Parameter "width_byteena_a" = "1"
    Info (12134): Parameter "width_byteena_b" = "1"
    Info (12134): Parameter "wrcontrol_wraddress_reg_b" = "CLOCK0"
Info (12021): Found 1 design units, including 1 entities, in source file db/altsyncram_54g2.tdf
    Info (12023): Found entity 1: altsyncram_54g2 File: /home/katherine/code/Gameboy/synthesis2/db/altsyncram_54g2.tdf Line: 28
Info (12128): Elaborating entity "altsyncram_54g2" for hierarchy "gameboy:dut|MMU:mmu|BRAM_handler:memory_units|DUAL_VRAM_8KB:vram0|altsyncram:altsyncram_component|altsyncram_54g2:auto_generated" File: /home/katherine/intelFPGA_lite/20.1/quartus/libraries/megafunctions/altsyncram.tdf Line: 792
Info (12128): Elaborating entity "DUAL_8KB" for hierarchy "gameboy:dut|MMU:mmu|BRAM_handler:memory_units|DUAL_8KB:exram0" File: /home/katherine/code/Gameboy/synthesis2/BRAM_handler.sv Line: 201
Info (12128): Elaborating entity "OAM_DUALBANK" for hierarchy "gameboy:dut|MMU:mmu|BRAM_handler:memory_units|OAM_DUALBANK:oam" File: /home/katherine/code/Gameboy/synthesis2/BRAM_handler.sv Line: 214
Info (12128): Elaborating entity "altsyncram" for hierarchy "gameboy:dut|MMU:mmu|BRAM_handler:memory_units|OAM_DUALBANK:oam|altsyncram:altsyncram_component" File: /home/katherine/code/Gameboy/synthesis2/BRAMS/OAM_DUALBANK.v Line: 98
Info (12130): Elaborated megafunction instantiation "gameboy:dut|MMU:mmu|BRAM_handler:memory_units|OAM_DUALBANK:oam|altsyncram:altsyncram_component" File: /home/katherine/code/Gameboy/synthesis2/BRAMS/OAM_DUALBANK.v Line: 98
Info (12133): Instantiated megafunction "gameboy:dut|MMU:mmu|BRAM_handler:memory_units|OAM_DUALBANK:oam|altsyncram:altsyncram_component" with the following parameter: File: /home/katherine/code/Gameboy/synthesis2/BRAMS/OAM_DUALBANK.v Line: 98
    Info (12134): Parameter "address_reg_b" = "CLOCK0"
    Info (12134): Parameter "clock_enable_input_a" = "BYPASS"
    Info (12134): Parameter "clock_enable_input_b" = "BYPASS"
    Info (12134): Parameter "clock_enable_output_a" = "BYPASS"
    Info (12134): Parameter "clock_enable_output_b" = "BYPASS"
    Info (12134): Parameter "indata_reg_b" = "CLOCK0"
    Info (12134): Parameter "intended_device_family" = "Cyclone IV E"
    Info (12134): Parameter "lpm_type" = "altsyncram"
    Info (12134): Parameter "numwords_a" = "128"
    Info (12134): Parameter "numwords_b" = "128"
    Info (12134): Parameter "operation_mode" = "BIDIR_DUAL_PORT"
    Info (12134): Parameter "outdata_aclr_a" = "NONE"
    Info (12134): Parameter "outdata_aclr_b" = "NONE"
    Info (12134): Parameter "outdata_reg_a" = "CLOCK0"
    Info (12134): Parameter "outdata_reg_b" = "CLOCK0"
    Info (12134): Parameter "power_up_uninitialized" = "FALSE"
    Info (12134): Parameter "read_during_write_mode_mixed_ports" = "OLD_DATA"
    Info (12134): Parameter "read_during_write_mode_port_a" = "NEW_DATA_NO_NBE_READ"
    Info (12134): Parameter "read_during_write_mode_port_b" = "NEW_DATA_NO_NBE_READ"
    Info (12134): Parameter "widthad_a" = "7"
    Info (12134): Parameter "widthad_b" = "7"
    Info (12134): Parameter "width_a" = "16"
    Info (12134): Parameter "width_b" = "16"
    Info (12134): Parameter "width_byteena_a" = "1"
    Info (12134): Parameter "width_byteena_b" = "1"
    Info (12134): Parameter "wrcontrol_wraddress_reg_b" = "CLOCK0"
Info (12021): Found 1 design units, including 1 entities, in source file db/altsyncram_ttf2.tdf
    Info (12023): Found entity 1: altsyncram_ttf2 File: /home/katherine/code/Gameboy/synthesis2/db/altsyncram_ttf2.tdf Line: 28
Info (12128): Elaborating entity "altsyncram_ttf2" for hierarchy "gameboy:dut|MMU:mmu|BRAM_handler:memory_units|OAM_DUALBANK:oam|altsyncram:altsyncram_component|altsyncram_ttf2:auto_generated" File: /home/katherine/intelFPGA_lite/20.1/quartus/libraries/megafunctions/altsyncram.tdf Line: 792
Info (12128): Elaborating entity "PPU_Wrapper" for hierarchy "gameboy:dut|PPU_Wrapper:ppu" File: /home/katherine/code/Gameboy/synthesis2/gameboy.sv Line: 160
Info (12128): Elaborating entity "PPU_Mode_controller" for hierarchy "gameboy:dut|PPU_Wrapper:ppu|PPU_Mode_controller:mode_ctrl" File: /home/katherine/code/Gameboy/synthesis2/ppu.sv Line: 1379
Info (12128): Elaborating entity "OAM_Search" for hierarchy "gameboy:dut|PPU_Wrapper:ppu|OAM_Search:oam_search" File: /home/katherine/code/Gameboy/synthesis2/ppu.sv Line: 1395
Warning (10230): Verilog HDL assignment warning at ppu.sv(226): truncated value with size 32 to match size of target (4) File: /home/katherine/code/Gameboy/synthesis2/ppu.sv Line: 226
Warning (10230): Verilog HDL assignment warning at ppu.sv(229): truncated value with size 32 to match size of target (6) File: /home/katherine/code/Gameboy/synthesis2/ppu.sv Line: 229
Warning (10230): Verilog HDL assignment warning at ppu.sv(250): truncated value with size 32 to match size of target (4) File: /home/katherine/code/Gameboy/synthesis2/ppu.sv Line: 250
Warning (10230): Verilog HDL assignment warning at ppu.sv(254): truncated value with size 32 to match size of target (4) File: /home/katherine/code/Gameboy/synthesis2/ppu.sv Line: 254
Warning (10230): Verilog HDL assignment warning at ppu.sv(273): truncated value with size 32 to match size of target (4) File: /home/katherine/code/Gameboy/synthesis2/ppu.sv Line: 273
Warning (10230): Verilog HDL assignment warning at ppu.sv(277): truncated value with size 32 to match size of target (4) File: /home/katherine/code/Gameboy/synthesis2/ppu.sv Line: 277
Info (12128): Elaborating entity "Pixel_Gen" for hierarchy "gameboy:dut|PPU_Wrapper:ppu|Pixel_Gen:Pixel_Gen_inst" File: /home/katherine/code/Gameboy/synthesis2/ppu.sv Line: 1429
Info (12128): Elaborating entity "Render_BG" for hierarchy "gameboy:dut|PPU_Wrapper:ppu|Pixel_Gen:Pixel_Gen_inst|Render_BG:render_bg_inst" File: /home/katherine/code/Gameboy/synthesis2/ppu.sv Line: 1099
Warning (10036): Verilog HDL or VHDL warning at ppu.sv(494): object "wly_reg" assigned a value but never read File: /home/katherine/code/Gameboy/synthesis2/ppu.sv Line: 494
Warning (10036): Verilog HDL or VHDL warning at ppu.sv(580): object "temp_pixel" assigned a value but never read File: /home/katherine/code/Gameboy/synthesis2/ppu.sv Line: 580
Warning (10230): Verilog HDL assignment warning at ppu.sv(506): truncated value with size 32 to match size of target (8) File: /home/katherine/code/Gameboy/synthesis2/ppu.sv Line: 506
Warning (10230): Verilog HDL assignment warning at ppu.sv(526): truncated value with size 8 to match size of target (5) File: /home/katherine/code/Gameboy/synthesis2/ppu.sv Line: 526
Warning (10230): Verilog HDL assignment warning at ppu.sv(527): truncated value with size 8 to match size of target (5) File: /home/katherine/code/Gameboy/synthesis2/ppu.sv Line: 527
Warning (10230): Verilog HDL assignment warning at ppu.sv(529): truncated value with size 32 to match size of target (5) File: /home/katherine/code/Gameboy/synthesis2/ppu.sv Line: 529
Warning (10230): Verilog HDL assignment warning at ppu.sv(530): truncated value with size 8 to match size of target (5) File: /home/katherine/code/Gameboy/synthesis2/ppu.sv Line: 530
Warning (10230): Verilog HDL assignment warning at ppu.sv(556): truncated value with size 32 to match size of target (4) File: /home/katherine/code/Gameboy/synthesis2/ppu.sv Line: 556
Warning (10230): Verilog HDL assignment warning at ppu.sv(564): truncated value with size 32 to match size of target (16) File: /home/katherine/code/Gameboy/synthesis2/ppu.sv Line: 564
Warning (10230): Verilog HDL assignment warning at ppu.sv(567): truncated value with size 32 to match size of target (16) File: /home/katherine/code/Gameboy/synthesis2/ppu.sv Line: 567
Warning (10230): Verilog HDL assignment warning at ppu.sv(569): truncated value with size 32 to match size of target (16) File: /home/katherine/code/Gameboy/synthesis2/ppu.sv Line: 569
Info (10264): Verilog HDL Case Statement information at ppu.sv(590): all case item expressions in this case statement are onehot File: /home/katherine/code/Gameboy/synthesis2/ppu.sv Line: 590
Warning (10230): Verilog HDL assignment warning at ppu.sv(647): truncated value with size 32 to match size of target (10) File: /home/katherine/code/Gameboy/synthesis2/ppu.sv Line: 647
Warning (10027): Verilog HDL or VHDL warning at the ppu.sv(657): index expression is not wide enough to address all of the elements in the array File: /home/katherine/code/Gameboy/synthesis2/ppu.sv Line: 657
Warning (10027): Verilog HDL or VHDL warning at the ppu.sv(658): index expression is not wide enough to address all of the elements in the array File: /home/katherine/code/Gameboy/synthesis2/ppu.sv Line: 658
Warning (10230): Verilog HDL assignment warning at ppu.sv(664): truncated value with size 32 to match size of target (3) File: /home/katherine/code/Gameboy/synthesis2/ppu.sv Line: 664
Warning (10230): Verilog HDL assignment warning at ppu.sv(668): truncated value with size 32 to match size of target (8) File: /home/katherine/code/Gameboy/synthesis2/ppu.sv Line: 668
Info (10264): Verilog HDL Case Statement information at ppu.sv(704): all case item expressions in this case statement are onehot File: /home/katherine/code/Gameboy/synthesis2/ppu.sv Line: 704
Info (12128): Elaborating entity "Render_Sprites" for hierarchy "gameboy:dut|PPU_Wrapper:ppu|Pixel_Gen:Pixel_Gen_inst|Render_Sprites:render_sprites_inst" File: /home/katherine/code/Gameboy/synthesis2/ppu.sv Line: 1122
Warning (10230): Verilog HDL assignment warning at ppu.sv(875): truncated value with size 32 to match size of target (10) File: /home/katherine/code/Gameboy/synthesis2/ppu.sv Line: 875
Warning (10027): Verilog HDL or VHDL warning at the ppu.sv(895): index expression is not wide enough to address all of the elements in the array File: /home/katherine/code/Gameboy/synthesis2/ppu.sv Line: 895
Warning (10027): Verilog HDL or VHDL warning at the ppu.sv(897): index expression is not wide enough to address all of the elements in the array File: /home/katherine/code/Gameboy/synthesis2/ppu.sv Line: 897
Warning (10230): Verilog HDL assignment warning at ppu.sv(904): truncated value with size 32 to match size of target (3) File: /home/katherine/code/Gameboy/synthesis2/ppu.sv Line: 904
Warning (10230): Verilog HDL assignment warning at ppu.sv(905): truncated value with size 32 to match size of target (10) File: /home/katherine/code/Gameboy/synthesis2/ppu.sv Line: 905
Warning (10230): Verilog HDL assignment warning at ppu.sv(909): truncated value with size 32 to match size of target (10) File: /home/katherine/code/Gameboy/synthesis2/ppu.sv Line: 909
Warning (10230): Verilog HDL assignment warning at ppu.sv(984): truncated value with size 32 to match size of target (16) File: /home/katherine/code/Gameboy/synthesis2/ppu.sv Line: 984
Info (12128): Elaborating entity "FIFO" for hierarchy "gameboy:dut|PPU_Wrapper:ppu|Pixel_Gen:Pixel_Gen_inst|FIFO:bg_fifo_inst" File: /home/katherine/code/Gameboy/synthesis2/ppu.sv Line: 1140
Warning (10230): Verilog HDL assignment warning at ppu.sv(375): truncated value with size 32 to match size of target (6) File: /home/katherine/code/Gameboy/synthesis2/ppu.sv Line: 375
Warning (10230): Verilog HDL assignment warning at ppu.sv(376): truncated value with size 32 to match size of target (6) File: /home/katherine/code/Gameboy/synthesis2/ppu.sv Line: 376
Warning (10230): Verilog HDL assignment warning at ppu.sv(381): truncated value with size 32 to match size of target (6) File: /home/katherine/code/Gameboy/synthesis2/ppu.sv Line: 381
Warning (10230): Verilog HDL assignment warning at ppu.sv(382): truncated value with size 32 to match size of target (7) File: /home/katherine/code/Gameboy/synthesis2/ppu.sv Line: 382
Warning (10230): Verilog HDL assignment warning at ppu.sv(385): truncated value with size 32 to match size of target (6) File: /home/katherine/code/Gameboy/synthesis2/ppu.sv Line: 385
Warning (10230): Verilog HDL assignment warning at ppu.sv(386): truncated value with size 32 to match size of target (7) File: /home/katherine/code/Gameboy/synthesis2/ppu.sv Line: 386
Info (12128): Elaborating entity "Pixel_Mixer" for hierarchy "gameboy:dut|PPU_Wrapper:ppu|Pixel_Mixer:pixel_mixer_inst" File: /home/katherine/code/Gameboy/synthesis2/ppu.sv Line: 1449
Info (12128): Elaborating entity "FRAME_BUFFER" for hierarchy "FRAME_BUFFER:frame" File: /home/katherine/code/Gameboy/synthesis2/chipInterface.sv Line: 200
Info (12128): Elaborating entity "altsyncram" for hierarchy "FRAME_BUFFER:frame|altsyncram:altsyncram_component" File: /home/katherine/code/Gameboy/synthesis2/BRAMS/FRAME_BUFFER.v Line: 91
Info (12130): Elaborated megafunction instantiation "FRAME_BUFFER:frame|altsyncram:altsyncram_component" File: /home/katherine/code/Gameboy/synthesis2/BRAMS/FRAME_BUFFER.v Line: 91
Info (12133): Instantiated megafunction "FRAME_BUFFER:frame|altsyncram:altsyncram_component" with the following parameter: File: /home/katherine/code/Gameboy/synthesis2/BRAMS/FRAME_BUFFER.v Line: 91
    Info (12134): Parameter "address_aclr_b" = "NONE"
    Info (12134): Parameter "address_reg_b" = "CLOCK1"
    Info (12134): Parameter "clock_enable_input_a" = "BYPASS"
    Info (12134): Parameter "clock_enable_input_b" = "BYPASS"
    Info (12134): Parameter "clock_enable_output_b" = "BYPASS"
    Info (12134): Parameter "intended_device_family" = "Cyclone V"
    Info (12134): Parameter "lpm_type" = "altsyncram"
    Info (12134): Parameter "numwords_a" = "32768"
    Info (12134): Parameter "numwords_b" = "32768"
    Info (12134): Parameter "operation_mode" = "DUAL_PORT"
    Info (12134): Parameter "outdata_aclr_b" = "NONE"
    Info (12134): Parameter "outdata_reg_b" = "CLOCK1"
    Info (12134): Parameter "power_up_uninitialized" = "FALSE"
    Info (12134): Parameter "widthad_a" = "15"
    Info (12134): Parameter "widthad_b" = "15"
    Info (12134): Parameter "width_a" = "16"
    Info (12134): Parameter "width_b" = "16"
    Info (12134): Parameter "width_byteena_a" = "1"
Info (12021): Found 1 design units, including 1 entities, in source file db/altsyncram_2sj1.tdf
    Info (12023): Found entity 1: altsyncram_2sj1 File: /home/katherine/code/Gameboy/synthesis2/db/altsyncram_2sj1.tdf Line: 34
Info (12128): Elaborating entity "altsyncram_2sj1" for hierarchy "FRAME_BUFFER:frame|altsyncram:altsyncram_component|altsyncram_2sj1:auto_generated" File: /home/katherine/intelFPGA_lite/20.1/quartus/libraries/megafunctions/altsyncram.tdf Line: 792
Info (12021): Found 1 design units, including 1 entities, in source file db/decode_msa.tdf
    Info (12023): Found entity 1: decode_msa File: /home/katherine/code/Gameboy/synthesis2/db/decode_msa.tdf Line: 23
Info (12128): Elaborating entity "decode_msa" for hierarchy "FRAME_BUFFER:frame|altsyncram:altsyncram_component|altsyncram_2sj1:auto_generated|decode_msa:decode2" File: /home/katherine/code/Gameboy/synthesis2/db/altsyncram_2sj1.tdf Line: 47
Info (12021): Found 1 design units, including 1 entities, in source file db/decode_f8a.tdf
    Info (12023): Found entity 1: decode_f8a File: /home/katherine/code/Gameboy/synthesis2/db/decode_f8a.tdf Line: 23
Info (12128): Elaborating entity "decode_f8a" for hierarchy "FRAME_BUFFER:frame|altsyncram:altsyncram_component|altsyncram_2sj1:auto_generated|decode_f8a:rden_decode_b" File: /home/katherine/code/Gameboy/synthesis2/db/altsyncram_2sj1.tdf Line: 48
Info (12021): Found 1 design units, including 1 entities, in source file db/mux_lob.tdf
    Info (12023): Found entity 1: mux_lob File: /home/katherine/code/Gameboy/synthesis2/db/mux_lob.tdf Line: 23
Info (12128): Elaborating entity "mux_lob" for hierarchy "FRAME_BUFFER:frame|altsyncram:altsyncram_component|altsyncram_2sj1:auto_generated|mux_lob:mux3" File: /home/katherine/code/Gameboy/synthesis2/db/altsyncram_2sj1.tdf Line: 50
Info (12128): Elaborating entity "SevenSegmentDisplayWithHex" for hierarchy "SevenSegmentDisplayWithHex:hi" File: /home/katherine/code/Gameboy/synthesis2/chipInterface.sv Line: 212
Info (12128): Elaborating entity "BCDtoSevenSegment" for hierarchy "SevenSegmentDisplayWithHex:hi|BCDtoSevenSegment:g1" File: /home/katherine/code/Gameboy/synthesis2/SevenSegmentDisplayWithHex.sv Line: 12
Warning (276020): Inferred RAM node "gameboy:dut|PPU_Wrapper:ppu|Pixel_Gen:Pixel_Gen_inst|FIFO:bg_fifo_inst|fifo_mem_rtl_0" from synchronous design logic.  Pass-through logic has been added to match the read-during-write behavior of the original design.
Warning (276020): Inferred RAM node "gameboy:dut|PPU_Wrapper:ppu|Pixel_Gen:Pixel_Gen_inst|FIFO:sprite_fifo_inst|fifo_mem_rtl_0" from synchronous design logic.  Pass-through logic has been added to match the read-during-write behavior of the original design.
Info (19000): Inferred 2 megafunctions from design logic
    Info (276029): Inferred altsyncram megafunction from the following design logic: "gameboy:dut|PPU_Wrapper:ppu|Pixel_Gen:Pixel_Gen_inst|FIFO:bg_fifo_inst|fifo_mem_rtl_0" 
        Info (286033): Parameter OPERATION_MODE set to DUAL_PORT
        Info (286033): Parameter WIDTH_A set to 10
        Info (286033): Parameter WIDTHAD_A set to 6
        Info (286033): Parameter NUMWORDS_A set to 64
        Info (286033): Parameter WIDTH_B set to 10
        Info (286033): Parameter WIDTHAD_B set to 6
        Info (286033): Parameter NUMWORDS_B set to 64
        Info (286033): Parameter ADDRESS_ACLR_A set to NONE
        Info (286033): Parameter OUTDATA_REG_B set to UNREGISTERED
        Info (286033): Parameter ADDRESS_ACLR_B set to NONE
        Info (286033): Parameter OUTDATA_ACLR_B set to NONE
        Info (286033): Parameter ADDRESS_REG_B set to CLOCK0
        Info (286033): Parameter INDATA_ACLR_A set to NONE
        Info (286033): Parameter WRCONTROL_ACLR_A set to NONE
    Info (276029): Inferred altsyncram megafunction from the following design logic: "gameboy:dut|PPU_Wrapper:ppu|Pixel_Gen:Pixel_Gen_inst|FIFO:sprite_fifo_inst|fifo_mem_rtl_0" 
        Info (286033): Parameter OPERATION_MODE set to DUAL_PORT
        Info (286033): Parameter WIDTH_A set to 11
        Info (286033): Parameter WIDTHAD_A set to 6
        Info (286033): Parameter NUMWORDS_A set to 64
        Info (286033): Parameter WIDTH_B set to 11
        Info (286033): Parameter WIDTHAD_B set to 6
        Info (286033): Parameter NUMWORDS_B set to 64
        Info (286033): Parameter ADDRESS_ACLR_A set to NONE
        Info (286033): Parameter OUTDATA_REG_B set to UNREGISTERED
        Info (286033): Parameter ADDRESS_ACLR_B set to NONE
        Info (286033): Parameter OUTDATA_ACLR_B set to NONE
        Info (286033): Parameter ADDRESS_REG_B set to CLOCK0
        Info (286033): Parameter INDATA_ACLR_A set to NONE
        Info (286033): Parameter WRCONTROL_ACLR_A set to NONE
Info (278001): Inferred 4 megafunctions from design logic
    Info (278004): Inferred divider/modulo megafunction ("lpm_divide") from the following logic: "Mod0" File: /home/katherine/code/Gameboy/synthesis2/chipInterface.sv Line: 118
    Info (278004): Inferred divider/modulo megafunction ("lpm_divide") from the following logic: "Div2" File: /home/katherine/code/Gameboy/synthesis2/chipInterface.sv Line: 193
    Info (278004): Inferred divider/modulo megafunction ("lpm_divide") from the following logic: "Div0" File: /home/katherine/code/Gameboy/synthesis2/chipInterface.sv Line: 117
    Info (278004): Inferred divider/modulo megafunction ("lpm_divide") from the following logic: "Div1" File: /home/katherine/code/Gameboy/synthesis2/chipInterface.sv Line: 193
Info (12130): Elaborated megafunction instantiation "gameboy:dut|PPU_Wrapper:ppu|Pixel_Gen:Pixel_Gen_inst|FIFO:bg_fifo_inst|altsyncram:fifo_mem_rtl_0"
Info (12133): Instantiated megafunction "gameboy:dut|PPU_Wrapper:ppu|Pixel_Gen:Pixel_Gen_inst|FIFO:bg_fifo_inst|altsyncram:fifo_mem_rtl_0" with the following parameter:
    Info (12134): Parameter "OPERATION_MODE" = "DUAL_PORT"
    Info (12134): Parameter "WIDTH_A" = "10"
    Info (12134): Parameter "WIDTHAD_A" = "6"
    Info (12134): Parameter "NUMWORDS_A" = "64"
    Info (12134): Parameter "WIDTH_B" = "10"
    Info (12134): Parameter "WIDTHAD_B" = "6"
    Info (12134): Parameter "NUMWORDS_B" = "64"
    Info (12134): Parameter "ADDRESS_ACLR_A" = "NONE"
    Info (12134): Parameter "OUTDATA_REG_B" = "UNREGISTERED"
    Info (12134): Parameter "ADDRESS_ACLR_B" = "NONE"
    Info (12134): Parameter "OUTDATA_ACLR_B" = "NONE"
    Info (12134): Parameter "ADDRESS_REG_B" = "CLOCK0"
    Info (12134): Parameter "INDATA_ACLR_A" = "NONE"
    Info (12134): Parameter "WRCONTROL_ACLR_A" = "NONE"
Info (12021): Found 1 design units, including 1 entities, in source file db/altsyncram_qcc1.tdf
    Info (12023): Found entity 1: altsyncram_qcc1 File: /home/katherine/code/Gameboy/synthesis2/db/altsyncram_qcc1.tdf Line: 28
Info (12130): Elaborated megafunction instantiation "gameboy:dut|PPU_Wrapper:ppu|Pixel_Gen:Pixel_Gen_inst|FIFO:sprite_fifo_inst|altsyncram:fifo_mem_rtl_0"
Info (12133): Instantiated megafunction "gameboy:dut|PPU_Wrapper:ppu|Pixel_Gen:Pixel_Gen_inst|FIFO:sprite_fifo_inst|altsyncram:fifo_mem_rtl_0" with the following parameter:
    Info (12134): Parameter "OPERATION_MODE" = "DUAL_PORT"
    Info (12134): Parameter "WIDTH_A" = "11"
    Info (12134): Parameter "WIDTHAD_A" = "6"
    Info (12134): Parameter "NUMWORDS_A" = "64"
    Info (12134): Parameter "WIDTH_B" = "11"
    Info (12134): Parameter "WIDTHAD_B" = "6"
    Info (12134): Parameter "NUMWORDS_B" = "64"
    Info (12134): Parameter "ADDRESS_ACLR_A" = "NONE"
    Info (12134): Parameter "OUTDATA_REG_B" = "UNREGISTERED"
    Info (12134): Parameter "ADDRESS_ACLR_B" = "NONE"
    Info (12134): Parameter "OUTDATA_ACLR_B" = "NONE"
    Info (12134): Parameter "ADDRESS_REG_B" = "CLOCK0"
    Info (12134): Parameter "INDATA_ACLR_A" = "NONE"
    Info (12134): Parameter "WRCONTROL_ACLR_A" = "NONE"
Info (12021): Found 1 design units, including 1 entities, in source file db/altsyncram_scc1.tdf
    Info (12023): Found entity 1: altsyncram_scc1 File: /home/katherine/code/Gameboy/synthesis2/db/altsyncram_scc1.tdf Line: 28
Info (12130): Elaborated megafunction instantiation "lpm_divide:Mod0" File: /home/katherine/code/Gameboy/synthesis2/chipInterface.sv Line: 118
Info (12133): Instantiated megafunction "lpm_divide:Mod0" with the following parameter: File: /home/katherine/code/Gameboy/synthesis2/chipInterface.sv Line: 118
    Info (12134): Parameter "LPM_WIDTHN" = "32"
    Info (12134): Parameter "LPM_WIDTHD" = "9"
    Info (12134): Parameter "LPM_NREPRESENTATION" = "SIGNED"
    Info (12134): Parameter "LPM_DREPRESENTATION" = "SIGNED"
    Info (12134): Parameter "LPM_HINT" = "LPM_REMAINDERPOSITIVE=FALSE"
Info (12021): Found 1 design units, including 1 entities, in source file db/lpm_divide_0po.tdf
    Info (12023): Found entity 1: lpm_divide_0po File: /home/katherine/code/Gameboy/synthesis2/db/lpm_divide_0po.tdf Line: 25
Info (12021): Found 1 design units, including 1 entities, in source file db/abs_divider_obg.tdf
    Info (12023): Found entity 1: abs_divider_obg File: /home/katherine/code/Gameboy/synthesis2/db/abs_divider_obg.tdf Line: 29
Info (12021): Found 1 design units, including 1 entities, in source file db/alt_u_div_e7f.tdf
    Info (12023): Found entity 1: alt_u_div_e7f File: /home/katherine/code/Gameboy/synthesis2/db/alt_u_div_e7f.tdf Line: 27
Info (12021): Found 1 design units, including 1 entities, in source file db/add_sub_7pc.tdf
    Info (12023): Found entity 1: add_sub_7pc File: /home/katherine/code/Gameboy/synthesis2/db/add_sub_7pc.tdf Line: 23
Info (12021): Found 1 design units, including 1 entities, in source file db/add_sub_8pc.tdf
    Info (12023): Found entity 1: add_sub_8pc File: /home/katherine/code/Gameboy/synthesis2/db/add_sub_8pc.tdf Line: 23
Info (12021): Found 1 design units, including 1 entities, in source file db/lpm_abs_6v9.tdf
    Info (12023): Found entity 1: lpm_abs_6v9 File: /home/katherine/code/Gameboy/synthesis2/db/lpm_abs_6v9.tdf Line: 25
Info (12021): Found 1 design units, including 1 entities, in source file db/lpm_abs_i0a.tdf
    Info (12023): Found entity 1: lpm_abs_i0a File: /home/katherine/code/Gameboy/synthesis2/db/lpm_abs_i0a.tdf Line: 25
Info (12130): Elaborated megafunction instantiation "lpm_divide:Div2" File: /home/katherine/code/Gameboy/synthesis2/chipInterface.sv Line: 193
Info (12133): Instantiated megafunction "lpm_divide:Div2" with the following parameter: File: /home/katherine/code/Gameboy/synthesis2/chipInterface.sv Line: 193
    Info (12134): Parameter "LPM_WIDTHN" = "10"
    Info (12134): Parameter "LPM_WIDTHD" = "2"
    Info (12134): Parameter "LPM_NREPRESENTATION" = "UNSIGNED"
    Info (12134): Parameter "LPM_DREPRESENTATION" = "UNSIGNED"
Info (12021): Found 1 design units, including 1 entities, in source file db/lpm_divide_qim.tdf
    Info (12023): Found entity 1: lpm_divide_qim File: /home/katherine/code/Gameboy/synthesis2/db/lpm_divide_qim.tdf Line: 25
Info (12021): Found 1 design units, including 1 entities, in source file db/sign_div_unsign_ilh.tdf
    Info (12023): Found entity 1: sign_div_unsign_ilh File: /home/katherine/code/Gameboy/synthesis2/db/sign_div_unsign_ilh.tdf Line: 25
Info (12021): Found 1 design units, including 1 entities, in source file db/alt_u_div_o6f.tdf
    Info (12023): Found entity 1: alt_u_div_o6f File: /home/katherine/code/Gameboy/synthesis2/db/alt_u_div_o6f.tdf Line: 27
Info (12130): Elaborated megafunction instantiation "lpm_divide:Div0" File: /home/katherine/code/Gameboy/synthesis2/chipInterface.sv Line: 117
Info (12133): Instantiated megafunction "lpm_divide:Div0" with the following parameter: File: /home/katherine/code/Gameboy/synthesis2/chipInterface.sv Line: 117
    Info (12134): Parameter "LPM_WIDTHN" = "32"
    Info (12134): Parameter "LPM_WIDTHD" = "9"
    Info (12134): Parameter "LPM_NREPRESENTATION" = "SIGNED"
    Info (12134): Parameter "LPM_DREPRESENTATION" = "SIGNED"
    Info (12134): Parameter "LPM_HINT" = "LPM_REMAINDERPOSITIVE=FALSE"
Info (12021): Found 1 design units, including 1 entities, in source file db/lpm_divide_t0p.tdf
    Info (12023): Found entity 1: lpm_divide_t0p File: /home/katherine/code/Gameboy/synthesis2/db/lpm_divide_t0p.tdf Line: 25
Info (12130): Elaborated megafunction instantiation "lpm_divide:Div1" File: /home/katherine/code/Gameboy/synthesis2/chipInterface.sv Line: 193
Info (12133): Instantiated megafunction "lpm_divide:Div1" with the following parameter: File: /home/katherine/code/Gameboy/synthesis2/chipInterface.sv Line: 193
    Info (12134): Parameter "LPM_WIDTHN" = "9"
    Info (12134): Parameter "LPM_WIDTHD" = "2"
    Info (12134): Parameter "LPM_NREPRESENTATION" = "UNSIGNED"
    Info (12134): Parameter "LPM_DREPRESENTATION" = "UNSIGNED"
Info (12021): Found 1 design units, including 1 entities, in source file db/lpm_divide_ihm.tdf
    Info (12023): Found entity 1: lpm_divide_ihm File: /home/katherine/code/Gameboy/synthesis2/db/lpm_divide_ihm.tdf Line: 25
Info (12021): Found 1 design units, including 1 entities, in source file db/sign_div_unsign_akh.tdf
    Info (12023): Found entity 1: sign_div_unsign_akh File: /home/katherine/code/Gameboy/synthesis2/db/sign_div_unsign_akh.tdf Line: 25
Info (12021): Found 1 design units, including 1 entities, in source file db/alt_u_div_84f.tdf
    Info (12023): Found entity 1: alt_u_div_84f File: /home/katherine/code/Gameboy/synthesis2/db/alt_u_div_84f.tdf Line: 27
Warning (12241): 9 hierarchies have connectivity warnings - see the Connectivity Checks report folder
Info (13014): Ignored 62 buffer(s)
    Info (13016): Ignored 62 CARRY_SUM buffer(s)
Warning (13024): Output pins are stuck at VCC or GND
    Warning (13410): Pin "LEDR[8]" is stuck at GND File: /home/katherine/code/Gameboy/synthesis2/chipInterface.sv Line: 18
    Warning (13410): Pin "LEDR[9]" is stuck at GND File: /home/katherine/code/Gameboy/synthesis2/chipInterface.sv Line: 18
    Warning (13410): Pin "LEDR[10]" is stuck at GND File: /home/katherine/code/Gameboy/synthesis2/chipInterface.sv Line: 18
    Warning (13410): Pin "LEDR[11]" is stuck at GND File: /home/katherine/code/Gameboy/synthesis2/chipInterface.sv Line: 18
    Warning (13410): Pin "LEDR[12]" is stuck at GND File: /home/katherine/code/Gameboy/synthesis2/chipInterface.sv Line: 18
    Warning (13410): Pin "LEDR[13]" is stuck at GND File: /home/katherine/code/Gameboy/synthesis2/chipInterface.sv Line: 18
    Warning (13410): Pin "LEDR[14]" is stuck at GND File: /home/katherine/code/Gameboy/synthesis2/chipInterface.sv Line: 18
    Warning (13410): Pin "LEDR[15]" is stuck at GND File: /home/katherine/code/Gameboy/synthesis2/chipInterface.sv Line: 18
    Warning (13410): Pin "LEDR[16]" is stuck at GND File: /home/katherine/code/Gameboy/synthesis2/chipInterface.sv Line: 18
    Warning (13410): Pin "LEDG[3]" is stuck at GND File: /home/katherine/code/Gameboy/synthesis2/chipInterface.sv Line: 19
    Warning (13410): Pin "LEDG[4]" is stuck at GND File: /home/katherine/code/Gameboy/synthesis2/chipInterface.sv Line: 19
    Warning (13410): Pin "LEDG[5]" is stuck at GND File: /home/katherine/code/Gameboy/synthesis2/chipInterface.sv Line: 19
    Warning (13410): Pin "LEDG[6]" is stuck at GND File: /home/katherine/code/Gameboy/synthesis2/chipInterface.sv Line: 19
    Warning (13410): Pin "LEDG[7]" is stuck at GND File: /home/katherine/code/Gameboy/synthesis2/chipInterface.sv Line: 19
    Warning (13410): Pin "LEDG[8]" is stuck at GND File: /home/katherine/code/Gameboy/synthesis2/chipInterface.sv Line: 19
    Warning (13410): Pin "HEX6[0]" is stuck at GND File: /home/katherine/code/Gameboy/synthesis2/chipInterface.sv Line: 21
    Warning (13410): Pin "HEX6[1]" is stuck at GND File: /home/katherine/code/Gameboy/synthesis2/chipInterface.sv Line: 21
    Warning (13410): Pin "HEX6[2]" is stuck at GND File: /home/katherine/code/Gameboy/synthesis2/chipInterface.sv Line: 21
    Warning (13410): Pin "HEX6[3]" is stuck at GND File: /home/katherine/code/Gameboy/synthesis2/chipInterface.sv Line: 21
    Warning (13410): Pin "HEX6[4]" is stuck at GND File: /home/katherine/code/Gameboy/synthesis2/chipInterface.sv Line: 21
    Warning (13410): Pin "HEX6[5]" is stuck at GND File: /home/katherine/code/Gameboy/synthesis2/chipInterface.sv Line: 21
    Warning (13410): Pin "HEX6[6]" is stuck at VCC File: /home/katherine/code/Gameboy/synthesis2/chipInterface.sv Line: 21
    Warning (13410): Pin "HEX7[0]" is stuck at GND File: /home/katherine/code/Gameboy/synthesis2/chipInterface.sv Line: 21
    Warning (13410): Pin "HEX7[1]" is stuck at GND File: /home/katherine/code/Gameboy/synthesis2/chipInterface.sv Line: 21
    Warning (13410): Pin "HEX7[2]" is stuck at GND File: /home/katherine/code/Gameboy/synthesis2/chipInterface.sv Line: 21
    Warning (13410): Pin "HEX7[3]" is stuck at GND File: /home/katherine/code/Gameboy/synthesis2/chipInterface.sv Line: 21
    Warning (13410): Pin "HEX7[4]" is stuck at GND File: /home/katherine/code/Gameboy/synthesis2/chipInterface.sv Line: 21
    Warning (13410): Pin "HEX7[5]" is stuck at GND File: /home/katherine/code/Gameboy/synthesis2/chipInterface.sv Line: 21
    Warning (13410): Pin "HEX7[6]" is stuck at VCC File: /home/katherine/code/Gameboy/synthesis2/chipInterface.sv Line: 21
    Warning (13410): Pin "VGA_SYNC_N" is stuck at GND File: /home/katherine/code/Gameboy/synthesis2/chipInterface.sv Line: 23
Info (286030): Timing-Driven Synthesis is running
Info (17049): 112 registers lost all their fanouts during netlist optimizations.
Info (144001): Generated suppressed messages file /home/katherine/code/Gameboy/synthesis2/output_files/chipInterface.map.smsg
Info (16010): Generating hard_block partition "hard_block:auto_generated_inst"
    Info (16011): Adding 0 node(s), including 0 DDIO, 0 PLL, 0 transceiver and 0 LCELL
Warning (21074): Design contains 49 input pin(s) that do not drive logic
    Warning (15610): No output dependent on input pin "CLOCK2_50" File: /home/katherine/code/Gameboy/synthesis2/chipInterface.sv Line: 13
    Warning (15610): No output dependent on input pin "KEY[0]" File: /home/katherine/code/Gameboy/synthesis2/chipInterface.sv Line: 15
    Warning (15610): No output dependent on input pin "KEY[1]" File: /home/katherine/code/Gameboy/synthesis2/chipInterface.sv Line: 15
    Warning (15610): No output dependent on input pin "KEY[3]" File: /home/katherine/code/Gameboy/synthesis2/chipInterface.sv Line: 15
    Warning (15610): No output dependent on input pin "GPIO[8]" File: /home/katherine/code/Gameboy/synthesis2/chipInterface.sv Line: 16
    Warning (15610): No output dependent on input pin "GPIO[9]" File: /home/katherine/code/Gameboy/synthesis2/chipInterface.sv Line: 16
    Warning (15610): No output dependent on input pin "GPIO[10]" File: /home/katherine/code/Gameboy/synthesis2/chipInterface.sv Line: 16
    Warning (15610): No output dependent on input pin "GPIO[11]" File: /home/katherine/code/Gameboy/synthesis2/chipInterface.sv Line: 16
    Warning (15610): No output dependent on input pin "GPIO[12]" File: /home/katherine/code/Gameboy/synthesis2/chipInterface.sv Line: 16
    Warning (15610): No output dependent on input pin "GPIO[13]" File: /home/katherine/code/Gameboy/synthesis2/chipInterface.sv Line: 16
    Warning (15610): No output dependent on input pin "GPIO[14]" File: /home/katherine/code/Gameboy/synthesis2/chipInterface.sv Line: 16
    Warning (15610): No output dependent on input pin "GPIO[15]" File: /home/katherine/code/Gameboy/synthesis2/chipInterface.sv Line: 16
    Warning (15610): No output dependent on input pin "GPIO[16]" File: /home/katherine/code/Gameboy/synthesis2/chipInterface.sv Line: 16
    Warning (15610): No output dependent on input pin "GPIO[17]" File: /home/katherine/code/Gameboy/synthesis2/chipInterface.sv Line: 16
    Warning (15610): No output dependent on input pin "GPIO[18]" File: /home/katherine/code/Gameboy/synthesis2/chipInterface.sv Line: 16
    Warning (15610): No output dependent on input pin "GPIO[19]" File: /home/katherine/code/Gameboy/synthesis2/chipInterface.sv Line: 16
    Warning (15610): No output dependent on input pin "GPIO[20]" File: /home/katherine/code/Gameboy/synthesis2/chipInterface.sv Line: 16
    Warning (15610): No output dependent on input pin "GPIO[21]" File: /home/katherine/code/Gameboy/synthesis2/chipInterface.sv Line: 16
    Warning (15610): No output dependent on input pin "GPIO[22]" File: /home/katherine/code/Gameboy/synthesis2/chipInterface.sv Line: 16
    Warning (15610): No output dependent on input pin "GPIO[23]" File: /home/katherine/code/Gameboy/synthesis2/chipInterface.sv Line: 16
    Warning (15610): No output dependent on input pin "GPIO[24]" File: /home/katherine/code/Gameboy/synthesis2/chipInterface.sv Line: 16
    Warning (15610): No output dependent on input pin "GPIO[25]" File: /home/katherine/code/Gameboy/synthesis2/chipInterface.sv Line: 16
    Warning (15610): No output dependent on input pin "GPIO[26]" File: /home/katherine/code/Gameboy/synthesis2/chipInterface.sv Line: 16
    Warning (15610): No output dependent on input pin "GPIO[27]" File: /home/katherine/code/Gameboy/synthesis2/chipInterface.sv Line: 16
    Warning (15610): No output dependent on input pin "GPIO[28]" File: /home/katherine/code/Gameboy/synthesis2/chipInterface.sv Line: 16
    Warning (15610): No output dependent on input pin "GPIO[29]" File: /home/katherine/code/Gameboy/synthesis2/chipInterface.sv Line: 16
    Warning (15610): No output dependent on input pin "GPIO[30]" File: /home/katherine/code/Gameboy/synthesis2/chipInterface.sv Line: 16
    Warning (15610): No output dependent on input pin "GPIO[31]" File: /home/katherine/code/Gameboy/synthesis2/chipInterface.sv Line: 16
    Warning (15610): No output dependent on input pin "GPIO[32]" File: /home/katherine/code/Gameboy/synthesis2/chipInterface.sv Line: 16
    Warning (15610): No output dependent on input pin "GPIO[33]" File: /home/katherine/code/Gameboy/synthesis2/chipInterface.sv Line: 16
    Warning (15610): No output dependent on input pin "GPIO[34]" File: /home/katherine/code/Gameboy/synthesis2/chipInterface.sv Line: 16
    Warning (15610): No output dependent on input pin "GPIO[35]" File: /home/katherine/code/Gameboy/synthesis2/chipInterface.sv Line: 16
    Warning (15610): No output dependent on input pin "SW[1]" File: /home/katherine/code/Gameboy/synthesis2/chipInterface.sv Line: 17
    Warning (15610): No output dependent on input pin "SW[2]" File: /home/katherine/code/Gameboy/synthesis2/chipInterface.sv Line: 17
    Warning (15610): No output dependent on input pin "SW[3]" File: /home/katherine/code/Gameboy/synthesis2/chipInterface.sv Line: 17
    Warning (15610): No output dependent on input pin "SW[4]" File: /home/katherine/code/Gameboy/synthesis2/chipInterface.sv Line: 17
    Warning (15610): No output dependent on input pin "SW[5]" File: /home/katherine/code/Gameboy/synthesis2/chipInterface.sv Line: 17
    Warning (15610): No output dependent on input pin "SW[6]" File: /home/katherine/code/Gameboy/synthesis2/chipInterface.sv Line: 17
    Warning (15610): No output dependent on input pin "SW[7]" File: /home/katherine/code/Gameboy/synthesis2/chipInterface.sv Line: 17
    Warning (15610): No output dependent on input pin "SW[8]" File: /home/katherine/code/Gameboy/synthesis2/chipInterface.sv Line: 17
    Warning (15610): No output dependent on input pin "SW[9]" File: /home/katherine/code/Gameboy/synthesis2/chipInterface.sv Line: 17
    Warning (15610): No output dependent on input pin "SW[10]" File: /home/katherine/code/Gameboy/synthesis2/chipInterface.sv Line: 17
    Warning (15610): No output dependent on input pin "SW[11]" File: /home/katherine/code/Gameboy/synthesis2/chipInterface.sv Line: 17
    Warning (15610): No output dependent on input pin "SW[12]" File: /home/katherine/code/Gameboy/synthesis2/chipInterface.sv Line: 17
    Warning (15610): No output dependent on input pin "SW[13]" File: /home/katherine/code/Gameboy/synthesis2/chipInterface.sv Line: 17
    Warning (15610): No output dependent on input pin "SW[14]" File: /home/katherine/code/Gameboy/synthesis2/chipInterface.sv Line: 17
    Warning (15610): No output dependent on input pin "SW[15]" File: /home/katherine/code/Gameboy/synthesis2/chipInterface.sv Line: 17
    Warning (15610): No output dependent on input pin "SW[16]" File: /home/katherine/code/Gameboy/synthesis2/chipInterface.sv Line: 17
    Warning (15610): No output dependent on input pin "SW[17]" File: /home/katherine/code/Gameboy/synthesis2/chipInterface.sv Line: 17
Info (21057): Implemented 10879 device resources after synthesis - the final resource count might be different
    Info (21058): Implemented 61 input pins
    Info (21059): Implemented 112 output pins
    Info (21061): Implemented 10525 logic cells
    Info (21064): Implemented 181 RAM segments
Info: Quartus Prime Analysis & Synthesis was successful. 0 errors, 173 warnings
    Info: Peak virtual memory: 577 megabytes
    Info: Processing ended: Thu Apr 17 16:29:33 2025
    Info: Elapsed time: 00:00:44
    Info: Total CPU time (on all processors): 00:01:02


+------------------------------------------+
; Analysis & Synthesis Suppressed Messages ;
+------------------------------------------+
The suppressed messages can be found in /home/katherine/code/Gameboy/synthesis2/output_files/chipInterface.map.smsg.


