WIDTH=16;
DEPTH=16384;
ADDRESS_RADIX=HEX;
DATA_RADIX=HEX;
CONTENT BEGIN
0000 : e8c3;
0001 : 0001;
0002 : 0000;
0003 : 0000;
0004 : 06c5;
0005 : 40fa;
0006 : 2005;
0007 : c1fc;
0008 : 0fc9;
0009 : 0f0f;
000A : 0f0f;
000B : 0f0f;
000C : fe1a;
000D : c8ff;
000E : 1322;
000F : f818;
0010 : 0f0f;
0011 : 0f0f;
0012 : 0f0f;
0013 : 0f0f;
0014 : e187;
0015 : 165f;
0016 : 1900;
0017 : 235e;
0018 : d556;
0019 : e9e1;
001A : 0f0f;
001B : 0f0f;
001C : 0f0f;
001D : 0f0f;
001E : 0f0f;
001F : 0f0f;
0020 : a6c3;
0021 : 0f01;
0022 : 0f0f;
0023 : 0f0f;
0024 : 82c3;
0025 : 0f20;
0026 : 0f0f;
0027 : 0f0f;
0028 : 5dc3;
0029 : 0f20;
002A : 0f0f;
002B : 0f0f;
002C : c5f5;
002D : 01f0;
002E : f2e0;
002F : fa47;
0030 : c4f1;
0031 : 28a7;
0032 : f026;
0033 : a7e4;
0034 : 2120;
0035 : a5fa;
0036 : a7c0;
0037 : f2f0;
0038 : 0d20;
0039 : fefe;
003A : 1820;
003B : 013e;
003C : dce0;
003D : a5ea;
003E : 18c0;
003F : ea0f;
0040 : c0a4;
0041 : 20ea;
0042 : afd0;
0043 : a5ea;
0044 : 18c0;
0045 : 7803;
0046 : d0e0;
0047 : eaaf;
0048 : d008;
0049 : e03c;
004A : f0cc;
004B : fecb;
004C : 2830;
004D : f024;
004E : e0cf;
004F : cd01;
0050 : 0153;
0051 : f2f0;
0052 : f0fe;
0053 : e8ca;
0054 : af01;
0055 : 02e0;
0056 : 803e;
0057 : 02e0;
0058 : b1f0;
0059 : 28a7;
005A : fa0a;
005B : c4f1;
005C : 28a7;
005D : 3e04;
005E : e0e0;
005F : c1cf;
0060 : d9f1;
0061 : b5f0;
0062 : f057;
0063 : 5fb4;
0064 : 0406;
0065 : 1acb;
0066 : 1bcb;
0067 : 2005;
0068 : 7bf9;
0069 : 84d6;
006A : fee6;
006B : 0707;
006C : 08c6;
006D : b2e0;
006E : b4f0;
006F : 1fe6;
0070 : 1717;
0071 : c617;
0072 : e008;
0073 : c9b3;
0074 : 0f0f;
0075 : 0f0f;
0076 : 0f0f;
0077 : 0f0f;
0078 : 0f0f;
0079 : 0f0f;
007A : 0f0f;
007B : 0f0f;
007C : 0f0f;
007D : 0f0f;
007E : 0f0f;
007F : 0f0f;
0080 : c300;
0081 : 0150;
0082 : edce;
0083 : 6666;
0084 : 0dcc;
0085 : 0b00;
0086 : 7303;
0087 : 8300;
0088 : 0c00;
0089 : 0d00;
008A : 0800;
008B : 1f11;
008C : 8988;
008D : 0e00;
008E : ccdc;
008F : e66e;
0090 : dddd;
0091 : 99d9;
0092 : bbbb;
0093 : 6367;
0094 : 0e6e;
0095 : ccec;
0096 : dcdd;
0097 : 9f99;
0098 : b9bb;
0099 : 3e33;
009A : 5244;
009B : 4d2e;
009C : 5241;
009D : 4f49;
009E : 0000;
009F : 0000;
00A0 : 0000;
00A1 : 0000;
00A2 : 0000;
00A3 : 0000;
00A4 : 0000;
00A5 : 0100;
00A6 : a901;
00A7 : 46b9;
00A8 : e8c3;
00A9 : 0101;
00AA : d00e;
00AB : a70a;
00AC : 0d20;
00AD : cff0;
00AE : fefe;
00AF : 0420;
00B0 : 013e;
00B1 : 0118;
00B2 : 02af;
00B3 : fac9;
00B4 : d046;
00B5 : 01e0;
00B6 : f618;
00B7 : 59cd;
00B8 : f023;
00B9 : e641;
00BA : 2003;
00BB : 46fa;
00BC : 41f0;
00BD : 03e6;
00BE : fa20;
00BF : a07e;
00C0 : 7bc9;
00C1 : 2786;
00C2 : 7a22;
00C3 : 278e;
00C4 : 3e22;
00C5 : 8e00;
00C6 : 2227;
00C7 : 003e;
00C8 : 278e;
00C9 : 3e77;
00CA : e001;
00CB : 7ee0;
00CC : 37cb;
00CD : 0fe6;
00CE : 3ec8;
00CF : 3209;
00D0 : 993e;
00D1 : 3232;
00D2 : c977;
00D3 : c5f5;
00D4 : e5d5;
00D5 : b1f0;
00D6 : 28a7;
00D7 : fa0b;
00D8 : c4f1;
00D9 : 28a7;
00DA : f005;
00DB : a7ef;
00DC : 0920;
00DD : e1f0;
00DE : 03fe;
00DF : 0328;
00E0 : b6cd;
00E1 : cdff;
00E2 : 2e2d;
00E3 : b1f0;
00E4 : 20a7;
00E5 : 1109;
00E6 : c0a3;
00E7 : 4c21;
00E8 : cd98;
00E9 : 257b;
00EA : b1f0;
00EB : 28a7;
00EC : fa06;
00ED : c4f1;
00EE : 28a7;
00EF : 3e00;
00F0 : e001;
00F1 : e185;
00F2 : c1d1;
00F3 : d9f1;
00F4 : 21af;
00F5 : dfff;
00F6 : 100e;
00F7 : 0006;
00F8 : 0532;
00F9 : fc20;
00FA : 200d;
00FB : 3ef9;
00FC : f30d;
00FD : 0fe0;
00FE : ffe0;
00FF : e0af;
0100 : e042;
0101 : e043;
0102 : e0a4;
0103 : e041;
0104 : e001;
0105 : ea02;
0106 : d000;
0107 : 01ea;
0108 : 3ed0;
0109 : e080;
010A : f040;
010B : fe44;
010C : 2094;
010D : 3efa;
010E : e003;
010F : 3e40;
0110 : e0e1;
0111 : e047;
0112 : 3e48;
0113 : e0e5;
0114 : 2149;
0115 : ff26;
0116 : 803e;
0117 : 3e32;
0118 : 32ff;
0119 : 7736;
011A : 0621;
011B : 3eff;
011C : 22bf;
011D : 043e;
011E : 3e77;
011F : ea01;
0120 : 2000;
0121 : ff31;
0122 : afcf;
0123 : ff21;
0124 : 06df;
0125 : 3200;
0126 : 2005;
0127 : 21fc;
0128 : cfff;
0129 : 100e;
012A : 0006;
012B : 0532;
012C : fc20;
012D : 200d;
012E : 21f9;
012F : 9fff;
0130 : 200e;
0131 : 06af;
0132 : 3200;
0133 : 2005;
0134 : 0dfc;
0135 : f920;
0136 : ff21;
0137 : 06fe;
0138 : 3200;
0139 : 2005;
013A : 21fc;
013B : fffe;
013C : 8006;
013D : 0532;
013E : fc20;
013F : b60e;
0140 : 0a06;
0141 : 8621;
0142 : 2a23;
0143 : 0ce2;
0144 : 2005;
0145 : cdfa;
0146 : 20a3;
0147 : f3cd;
0148 : cd7f;
0149 : 20bb;
014A : 0d3e;
014B : ffe0;
014C : 803e;
014D : 40e0;
014E : e0af;
014F : e00f;
0150 : e04a;
0151 : e04b;
0152 : e0e1;
0153 : fb9c;
0154 : faf3;
0155 : c4f1;
0156 : 28a7;
0157 : f011;
0158 : a7cc;
0159 : 003e;
015A : cce0;
015B : 0420;
015C : e03e;
015D : 0218;
015E : f2f0;
015F : d0e0;
0160 : cdfb;
0161 : 0434;
0162 : 1ccd;
0163 : 2123;
0164 : df89;
0165 : a77e;
0166 : 0528;
0167 : 77af;
0168 : 02cd;
0169 : cd30;
016A : 0455;
016B : e4f0;
016C : 20a7;
016D : f05f;
016E : a7b1;
016F : 3128;
0170 : f1fa;
0171 : a7c4;
0172 : 0b28;
0173 : abf0;
0174 : 20a7;
0175 : cd06;
0176 : 0364;
0177 : e4cd;
0178 : f003;
0179 : eade;
017A : df8f;
017B : 28a7;
017C : fe0c;
017D : 2801;
017E : fe0c;
017F : 2802;
0180 : 3e0c;
0181 : 18d8;
0182 : 3e0a;
0183 : 18bf;
0184 : 3e06;
0185 : 18c8;
0186 : 3e02;
0187 : e0d0;
0188 : f006;
0189 : fecb;
018A : 2860;
018B : f023;
018C : e680;
018D : fe0f;
018E : 200f;
018F : f01b;
0190 : a7b1;
0191 : e8ca;
0192 : cf01;
0193 : afcf;
0194 : cce0;
0195 : f03e;
0196 : 01e0;
0197 : 813e;
0198 : 02e0;
0199 : ccf0;
019A : 28a7;
019B : c3fb;
019C : 01e8;
019D : a621;
019E : 06ff;
019F : 7e02;
01A0 : 28a7;
01A1 : 3501;
01A2 : 052c;
01A3 : f720;
01A4 : e221;
01A5 : 34ff;
01A6 : e521;
01A7 : 34ff;
01A8 : e621;
01A9 : 34ff;
01AA : e721;
01AB : 34ff;
01AC : f076;
01AD : a785;
01AE : fa28;
01AF : e0af;
01B0 : c385;
01B1 : 02a8;
01B2 : dcf0;
01B3 : 20a7;
01B4 : f03a;
01B5 : fed0;
01B6 : 28fd;
01B7 : fe0a;
01B8 : 28f8;
01B9 : fe21;
01BA : d055;
01BB : d3e0;
01BC : afc9;
01BD : d0e0;
01BE : f83e;
01BF : f4e0;
01C0 : 1706;
01C1 : b1f0;
01C2 : 20a7;
01C3 : 3e05;
01C4 : e001;
01C5 : c9a9;
01C6 : 103e;
01C7 : a6e0;
01C8 : e078;
01C9 : c9e1;
01CA : fd3e;
01CB : f4e0;
01CC : 0f06;
01CD : b1f0;
01CE : 28a7;
01CF : 06ed;
01D0 : 1817;
01D1 : fae9;
01D2 : c0a4;
01D3 : c8a7;
01D4 : e0fe;
01D5 : 47c8;
01D6 : e678;
01D7 : 20c0;
01D8 : cb06;
01D9 : cb20;
01DA : 1820;
01DB : 48f5;
01DC : d9f0;
01DD : 7a57;
01DE : c0e6;
01DF : 1120;
01E0 : e679;
01E1 : 28c0;
01E2 : cb19;
01E3 : cb21;
01E4 : cb12;
01E5 : cb21;
01E6 : 7912;
01E7 : 20a7;
01E8 : 7aea;
01E9 : d9e0;
01EA : 16ea;
01EB : afd0;
01EC : dce0;
01ED : a4ea;
01EE : c9c0;
01EF : 21cb;
01F0 : 21cb;
01F1 : dc18;
01F2 : 0811;
01F3 : 21d0;
01F4 : ffdd;
01F5 : fe7e;
01F6 : 2802;
01F7 : fe27;
01F8 : 2801;
01F9 : 1a16;
01FA : c0a7;
01FB : 0efa;
01FC : a7d0;
01FD : 0420;
01FE : d1f0;
01FF : 0318;
0200 : 46fa;
0201 : e0d0;
0202 : 1acf;
0203 : 123c;
0204 : 1ac9;
0205 : c0a7;
0206 : fe3e;
0207 : cfe0;
0208 : 3c1a;
0209 : 3612;
020A : c902;
020B : a71a;
020C : f0c0;
020D : e0d8;
020E : eacf;
020F : d046;
0210 : e0af;
0211 : 77d8;
0212 : 123c;
0213 : cbf0;
0214 : 60fe;
0215 : 0b3e;
0216 : 0228;
0217 : 083e;
0218 : e0ea;
0219 : c9df;
021A : 3afa;
021B : a7d0;
021C : f0c0;
021D : fecb;
021E : c030;
021F : cff0;
0220 : 01e0;
0221 : 53cd;
0222 : af01;
0223 : 08ea;
0224 : fad0;
0225 : c4f1;
0226 : 20a7;
0227 : cf01;
0228 : 813e;
0229 : 02e0;
022A : f0c9;
022B : efe1;
022C : 0492;
022D : 04da;
022E : 0b8f;
022F : 2fc6;
0230 : 0eb4;
0231 : 0fc8;
0232 : 1139;
0233 : 14f4;
0234 : 1590;
0235 : 0be8;
0236 : 337b;
0237 : 0588;
0238 : 0679;
0239 : 0848;
023A : 09d6;
023B : 12f5;
023C : 13b8;
023D : 1432;
023E : 20fb;
023F : 1601;
0240 : 059b;
0241 : 21af;
0242 : 0deb;
0243 : 12ab;
0244 : 1674;
0245 : 3264;
0246 : 16e8;
0247 : 14a3;
0248 : 20c8;
0249 : 50cd;
024A : cd22;
024B : 1e40;
024C : 3211;
024D : cd5c;
024E : 20c9;
024F : 833e;
0250 : 40e0;
0251 : eaaf;
0252 : d03a;
0253 : 01e0;
0254 : cfe0;
0255 : d0e0;
0256 : f2e0;
0257 : b1e0;
0258 : f1ea;
0259 : 3cc4;
025A : e1e0;
025B : e4e0;
025C : 0021;
025D : 36c0;
025E : 2c70;
025F : 2036;
0260 : 362c;
0261 : 3e9b;
0262 : e003;
0263 : e0ad;
0264 : 3eae;
0265 : e002;
0266 : 3ef0;
0267 : e0ff;
0268 : 3ea6;
0269 : ea01;
026A : d054;
026B : e0ea;
026C : c9df;
026D : a621;
026E : 7eff;
026F : 20a7;
0270 : 361d;
0271 : 21ff;
0272 : fff0;
0273 : 2035;
0274 : 1815;
0275 : af03;
0276 : e4e0;
0277 : e0af;
0278 : 3eb1;
0279 : e00a;
027A : 3ec2;
027B : e010;
027C : 3ec3;
027D : c302;
027E : 0553;
027F : 3ecf;
0280 : e060;
0281 : e0cf;
0282 : 3e01;
0283 : e080;
0284 : f002;
0285 : a7cc;
0286 : 1128;
0287 : e0af;
0288 : f0cc;
0289 : fed0;
028A : 2830;
028B : fe32;
028C : 2860;
028D : cd42;
028E : 04c9;
028F : f0c9;
0290 : 4781;
0291 : b1f0;
0292 : 70cb;
0293 : 5b20;
0294 : 78cb;
0295 : 5320;
0296 : 50cb;
0297 : 3120;
0298 : 58cb;
0299 : a7c8;
029A : 0b3e;
029B : 1b28;
029C : d0f0;
029D : 30fe;
029E : 0b28;
029F : 303e;
02A0 : cfe0;
02A1 : 01e0;
02A2 : 813e;
02A3 : 02e0;
02A4 : 3ec9;
02A5 : e001;
02A6 : 3eb1;
02A7 : e060;
02A8 : 3ecb;
02A9 : e014;
02AA : afe1;
02AB : a6e0;
02AC : cfe0;
02AD : f2e0;
02AE : 3ec9;
02AF : 1830;
02B0 : eeee;
02B1 : e001;
02B2 : 47b1;
02B3 : 013e;
02B4 : 54ea;
02B5 : 78d0;
02B6 : 3ea7;
02B7 : 2870;
02B8 : 3e02;
02B9 : ea78;
02BA : c000;
02BB : 013e;
02BC : e0ea;
02BD : cddf;
02BE : 04c9;
02BF : a7c9;
02C0 : 18c0;
02C1 : a7de;
02C2 : afc8;
02C3 : db18;
02C4 : e0af;
02C5 : 3eef;
02C6 : ea03;
02C7 : dfe8;
02C8 : e3cd;
02C9 : cd21;
02CA : 2209;
02CB : 0c3e;
02CC : e1e0;
02CD : afc9;
02CE : efe0;
02CF : e3cd;
02D0 : 3e21;
02D1 : ea88;
02D2 : c009;
02D3 : 903e;
02D4 : 0dea;
02D5 : 3ec0;
02D6 : ea34;
02D7 : c015;
02D8 : 5d3e;
02D9 : 21ea;
02DA : 3ec0;
02DB : ea65;
02DC : c025;
02DD : 1c3e;
02DE : 49ea;
02DF : 3ec0;
02E0 : ea24;
02E1 : c04d;
02E2 : 2c3e;
02E3 : 51ea;
02E4 : 3ec0;
02E5 : ea1c;
02E6 : c061;
02E7 : 243e;
02E8 : 65ea;
02E9 : 3ec0;
02EA : ea2c;
02EB : c069;
02EC : 64cd;
02ED : cd06;
02EE : 2209;
02EF : 103e;
02F0 : a7e0;
02F1 : 0c3e;
02F2 : e1e0;
02F3 : 3fc9;
02F4 : 0088;
02F5 : 3f00;
02F6 : 0090;
02F7 : 4900;
02F8 : 00f0;
02F9 : 4900;
02FA : 00f0;
02FB : 3b00;
02FC : 2734;
02FD : 4d00;
02FE : 27f0;
02FF : 6240;
0300 : 9c5c;
0301 : 6200;
0302 : 9c64;
0303 : 6e20;
0304 : 9cf0;
0305 : 6e40;
0306 : 9cf0;
0307 : 8860;
0308 : fe20;
0309 : 8800;
030A : fe28;
030B : 8800;
030C : fe30;
030D : 8800;
030E : fe48;
030F : 8800;
0310 : fe50;
0311 : 3f00;
0312 : 221c;
0313 : 3f00;
0314 : 1824;
0315 : 3f00;
0316 : 1e2c;
0317 : 4900;
0318 : 0cf0;
0319 : 4900;
031A : 18f0;
031B : 4900;
031C : 16f0;
031D : 6400;
031E : 221c;
031F : 6400;
0320 : 1824;
0321 : 6400;
0322 : 1e2c;
0323 : 6d00;
0324 : 0cf0;
0325 : 6d00;
0326 : 18f0;
0327 : 6d00;
0328 : 16f0;
0329 : f0ff;
032A : 21c3;
032B : c002;
032C : 7dcd;
032D : f007;
032E : 21c2;
032F : c011;
0330 : 8bcd;
0331 : c907;
0332 : cbf0;
0333 : c8a7;
0334 : c5f0;
0335 : 0a21;
0336 : cdc0;
0337 : 077d;
0338 : c4f0;
0339 : 1521;
033A : cdc0;
033B : 078b;
033C : cdc9;
033D : 06fa;
033E : 64cd;
033F : cd06;
0340 : 0653;
0341 : cbf0;
0342 : 30fe;
0343 : 0b20;
0344 : cff0;
0345 : 18fe;
0346 : 2528;
0347 : c0e6;
0348 : c8c2;
0349 : cd07;
034A : 0768;
034B : 62cd;
034C : f00b;
034D : fecb;
034E : 2860;
034F : f01f;
0350 : cb81;
0351 : 285f;
0352 : f01f;
0353 : a7b1;
0354 : 0928;
0355 : a7f0;
0356 : c0a7;
0357 : 183e;
0358 : cfe0;
0359 : cdc9;
035A : 1e40;
035B : f3cd;
035C : 3e7f;
035D : e002;
035E : c9e1;
035F : d0f0;
0360 : 18fe;
0361 : ef28;
0362 : 81f0;
0363 : f047;
0364 : fecb;
0365 : 2860;
0366 : 780f;
0367 : c0e6;
0368 : 0a28;
0369 : b1f0;
036A : caa7;
036B : 07c8;
036C : e078;
036D : c9cf;
036E : 80f0;
036F : cb4f;
0370 : 3e60;
0371 : 2010;
0372 : cb0d;
0373 : ca61;
0374 : 07b1;
0375 : aaf0;
0376 : e03d;
0377 : c0aa;
0378 : 083e;
0379 : aae0;
037A : 2006;
037B : 53cd;
037C : c907;
037D : cbf0;
037E : c8a7;
037F : 30fe;
0380 : 2628;
0381 : d0f0;
0382 : e647;
0383 : 20c0;
0384 : 7819;
0385 : 30fe;
0386 : 2a30;
0387 : 22fe;
0388 : 2f30;
0389 : 18fe;
038A : fec8;
038B : c819;
038C : c421;
038D : 70ff;
038E : 71cd;
038F : e007;
0390 : c9c5;
0391 : 81e0;
0392 : c3f1;
0393 : 07c8;
0394 : d0f0;
0395 : 15fe;
0396 : 1730;
0397 : c421;
0398 : 77ff;
0399 : 71cd;
039A : e007;
039B : c9c5;
039C : 403e;
039D : 81e0;
039E : f147;
039F : c8c3;
03A0 : 3e07;
03A1 : 1880;
03A2 : fef5;
03A3 : d822;
03A4 : 25fe;
03A5 : d6d0;
03A6 : e020;
03A7 : cdae;
03A8 : 0928;
03A9 : 21c9;
03AA : ffc3;
03AB : b83a;
03AC : 34c8;
03AD : c62c;
03AE : 2701;
03AF : fe77;
03B0 : c021;
03B1 : 013e;
03B2 : 52ea;
03B3 : c9d0;
03B4 : b1f0;
03B5 : c8a7;
03B6 : c2f0;
03B7 : cfe0;
03B8 : 7ec9;
03B9 : c8a7;
03BA : af47;
03BB : 01c6;
03BC : 0527;
03BD : fa20;
03BE : 47c9;
03BF : f0e6;
03C0 : 37cb;
03C1 : 2c22;
03C2 : 2c2c;
03C3 : e678;
03C4 : 770f;
03C5 : a7c9;
03C6 : 3e47;
03C7 : 2834;
03C8 : c605;
03C9 : 0504;
03CA : fb20;
03CB : c8be;
03CC : 3e77;
03CD : ea03;
03CE : dfe0;
03CF : cdc9;
03D0 : 07a3;
03D1 : 21c9;
03D2 : ffc3;
03D3 : a73a;
03D4 : 35c8;
03D5 : d62c;
03D6 : cd01;
03D7 : 075d;
03D8 : cbc9;
03D9 : 3e68;
03DA : 2010;
03DB : cb0b;
03DC : c869;
03DD : aaf0;
03DE : e03d;
03DF : c0aa;
03E0 : 083e;
03E1 : aae0;
03E2 : 9fcd;
03E3 : c907;
03E4 : 013e;
03E5 : e0ea;
03E6 : 21df;
03E7 : 9863;
03E8 : 833e;
03E9 : 0201;
03EA : cd03;
03EB : 0b4c;
03EC : 6f21;
03ED : 3e98;
03EE : 0185;
03EF : 0203;
03F0 : 4ccd;
03F1 : 210b;
03F2 : 9864;
03F3 : 843e;
03F4 : 0b06;
03F5 : 42cd;
03F6 : 210b;
03F7 : 98a4;
03F8 : 893e;
03F9 : 0b06;
03FA : 42cd;
03FB : f00b;
03FC : fecb;
03FD : 2030;
03FE : f008;
03FF : e0cf;
0400 : 3e81;
0401 : e019;
0402 : f0cf;
0403 : 4781;
0404 : 80e0;
0405 : 70cb;
0406 : 8bc2;
0407 : 2109;
0408 : 9903;
0409 : 933e;
040A : 0201;
040B : cd03;
040C : 0b4c;
040D : 0921;
040E : 3e99;
040F : 0195;
0410 : 0203;
0411 : 4ccd;
0412 : 210b;
0413 : 9904;
0414 : 943e;
0415 : 0506;
0416 : 42cd;
0417 : 210b;
0418 : 9944;
0419 : 993e;
041A : 0506;
041B : 42cd;
041C : 3e0b;
041D : e00d;
041E : 21e1;
041F : dfe9;
0420 : 033e;
0421 : c8be;
0422 : e8ea;
0423 : c9df;
0424 : a9cd;
0425 : cd08;
0426 : 0928;
0427 : cbf0;
0428 : 30fe;
0429 : 0c20;
042A : cff0;
042B : 18fe;
042C : b3ca;
042D : e606;
042E : c2c0;
042F : 093d;
0430 : 0dcd;
0431 : cd09;
0432 : 0b62;
0433 : cbf0;
0434 : 60fe;
0435 : 1128;
0436 : 81f0;
0437 : 5fcb;
0438 : 1228;
0439 : b1f0;
043A : caa7;
043B : 06b3;
043C : 183e;
043D : cfe0;
043E : f0c9;
043F : fed0;
0440 : ca18;
0441 : 06b3;
0442 : 81f0;
0443 : f047;
0444 : fecb;
0445 : 2860;
0446 : 780f;
0447 : c0e6;
0448 : 0a28;
0449 : b1f0;
044A : caa7;
044B : 093d;
044C : e078;
044D : c9cf;
044E : 60cb;
044F : 0520;
0450 : 68cb;
0451 : 7420;
0452 : cdc9;
0453 : 0901;
0454 : f0c9;
0455 : a7cb;
0456 : fec8;
0457 : 2830;
0458 : f024;
0459 : 47d0;
045A : c0e6;
045B : 1620;
045C : fe78;
045D : 3815;
045E : fe38;
045F : c818;
0460 : 19fe;
0461 : fec8;
0462 : 3030;
0463 : d636;
0464 : 2120;
0465 : ffae;
0466 : c977;
0467 : e078;
0468 : f181;
0469 : 3dc3;
046A : f009;
046B : fed0;
046C : 3820;
046D : fe0a;
046E : d025;
046F : 20d6;
0470 : ae21;
0471 : 77ff;
0472 : fec9;
0473 : d015;
0474 : c421;
0475 : 77ff;
0476 : 71cd;
0477 : e007;
0478 : cdc5;
0479 : 0664;
047A : 3ec9;
047B : e040;
047C : 4781;
047D : 18f1;
047E : 3e40;
047F : 1880;
0480 : 21f6;
0481 : ffad;
0482 : 7e35;
0483 : 01fe;
0484 : 3ec0;
0485 : 7704;
0486 : f0c9;
0487 : a7b1;
0488 : f0c8;
0489 : c6ad;
048A : e020;
048B : c9cf;
048C : 1ccd;
048D : c909;
048E : ad21;
048F : 34ff;
0490 : fe7e;
0491 : c005;
0492 : 023e;
0493 : c977;
0494 : adf0;
0495 : 1921;
0496 : cdc0;
0497 : 0b20;
0498 : b1f0;
0499 : c8a7;
049A : aef0;
049B : 2121;
049C : cdc0;
049D : 0b20;
049E : 3ec9;
049F : ea01;
04A0 : dfe0;
04A1 : 0321;
04A2 : 3e99;
04A3 : 0183;
04A4 : 0302;
04A5 : 4ccd;
04A6 : 210b;
04A7 : 9909;
04A8 : 853e;
04A9 : 0301;
04AA : cd02;
04AB : 0b4c;
04AC : 0421;
04AD : 3e99;
04AE : 0684;
04AF : cd05;
04B0 : 0b42;
04B1 : 4421;
04B2 : 3e99;
04B3 : 0689;
04B4 : cd05;
04B5 : 0b42;
04B6 : cbf0;
04B7 : 30fe;
04B8 : 0820;
04B9 : cff0;
04BA : 81e0;
04BB : 193e;
04BC : cfe0;
04BD : 81f0;
04BE : e047;
04BF : cb80;
04C0 : 2870;
04C1 : cd08;
04C2 : 221b;
04C3 : 0c3e;
04C4 : e1e0;
04C5 : 21c9;
04C6 : 9983;
04C7 : 933e;
04C8 : 0201;
04C9 : cd03;
04CA : 0b4c;
04CB : 8921;
04CC : 3e99;
04CD : 0195;
04CE : 0203;
04CF : 4ccd;
04D0 : 210b;
04D1 : 9984;
04D2 : 943e;
04D3 : 0506;
04D4 : 42cd;
04D5 : 210b;
04D6 : 99c4;
04D7 : 993e;
04D8 : 0506;
04D9 : 42cd;
04DA : 3e0b;
04DB : e00e;
04DC : c9e1;
04DD : e921;
04DE : 06df;
04DF : f001;
04E0 : a7c1;
04E1 : 0b28;
04E2 : fe04;
04E3 : 2801;
04E4 : 3e06;
04E5 : ea07;
04E6 : dfe8;
04E7 : 78c9;
04E8 : c8be;
04E9 : e8ea;
04EA : c9df;
04EB : bacd;
04EC : f009;
04ED : fecb;
04EE : 2030;
04EF : f00c;
04F0 : fecf;
04F1 : ca18;
04F2 : 06b3;
04F3 : c0e6;
04F4 : a6c2;
04F5 : cd0a;
04F6 : 0a4f;
04F7 : a2cd;
04F8 : cd0a;
04F9 : 0b62;
04FA : cbf0;
04FB : 60fe;
04FC : 1128;
04FD : 81f0;
04FE : 5fcb;
04FF : 1328;
0500 : b1f0;
0501 : caa7;
0502 : 06b3;
0503 : 183e;
0504 : cfe0;
0505 : f0c9;
0506 : fed0;
0507 : ca18;
0508 : 06b3;
0509 : f0c9;
050A : 4781;
050B : c0e6;
050C : 0a28;
050D : b1f0;
050E : caa7;
050F : 0aa6;
0510 : e078;
0511 : c9cf;
0512 : 60cb;
0513 : 0520;
0514 : 68cb;
0515 : 1120;
0516 : 3ec9;
0517 : ea03;
0518 : dfe0;
0519 : c121;
051A : 34ff;
051B : fe7e;
051C : c003;
051D : 77af;
051E : 3ec9;
051F : ea03;
0520 : dfe0;
0521 : c121;
0522 : 7eff;
0523 : 28a7;
0524 : 3502;
0525 : 3ec9;
0526 : 7702;
0527 : f0c9;
0528 : a7cb;
0529 : fec8;
052A : 2830;
052B : f022;
052C : 47d0;
052D : c0e6;
052E : 3220;
052F : fe78;
0530 : 2819;
0531 : fe13;
0532 : d825;
0533 : cfe0;
0534 : 30d6;
0535 : c121;
0536 : beff;
0537 : 77c8;
0538 : 033e;
0539 : e0ea;
053A : c9df;
053B : cfe0;
053C : f0c9;
053D : fed0;
053E : da15;
053F : 08e5;
0540 : 22fe;
0541 : 0538;
0542 : 25fe;
0543 : 45da;
0544 : f007;
0545 : c6c1;
0546 : e030;
0547 : c9cf;
0548 : e078;
0549 : f181;
054A : 1018;
054B : 403e;
054C : 81e0;
054D : f147;
054E : 0818;
054F : 803e;
0550 : f618;
0551 : f5cd;
0552 : c90a;
0553 : 013e;
0554 : e0ea;
0555 : 21df;
0556 : 9983;
0557 : 833e;
0558 : 0201;
0559 : cd03;
055A : 0b4c;
055B : 8921;
055C : 3e99;
055D : 0185;
055E : 0203;
055F : 4ccd;
0560 : 210b;
0561 : 9984;
0562 : 843e;
0563 : 0506;
0564 : 42cd;
0565 : 210b;
0566 : 99c4;
0567 : 893e;
0568 : 0506;
0569 : 42cd;
056A : f00b;
056B : fecb;
056C : 2030;
056D : f008;
056E : e0cf;
056F : 3e81;
0570 : e019;
0571 : f0cf;
0572 : 4781;
0573 : 80e0;
0574 : 70cb;
0575 : 0fc2;
0576 : cd08;
0577 : 221b;
0578 : 0c3e;
0579 : e1e0;
057A : f0c9;
057B : 21c1;
057C : c029;
057D : 0301;
057E : fe80;
057F : 2802;
0580 : 0109;
0581 : 5005;
0582 : 01fe;
0583 : 0228;
0584 : 2006;
0585 : 1178;
0586 : 0004;
0587 : c677;
0588 : 1908;
0589 : 200d;
058A : f0f9;
058B : fec1;
058C : c002;
058D : f03e;
058E : 1977;
058F : c977;
0590 : 3c06;
0591 : 04fe;
0592 : 0828;
0593 : 5c06;
0594 : 03fe;
0595 : 0228;
0596 : 7806;
0597 : 0678;
0598 : be02;
0599 : 22c8;
059A : 2c2c;
059B : c62c;
059C : 0508;
059D : f520;
059E : 033e;
059F : e0ea;
05A0 : c9df;
05A1 : cdf3;
05A2 : 0b7a;
05A3 : 0522;
05A4 : f820;
05A5 : c9fb;
05A6 : 11f3;
05A7 : 0020;
05A8 : 7acd;
05A9 : 770b;
05AA : 8019;
05AB : 7acd;
05AC : 770b;
05AD : 8119;
05AE : 7acd;
05AF : 770b;
05B0 : c9fb;
05B1 : a6f0;
05B2 : c0a7;
05B3 : 093e;
05B4 : a6e0;
05B5 : 2b21;
05B6 : 06c0;
05B7 : 7e05;
05B8 : 80ee;
05B9 : 2c22;
05BA : 2c2c;
05BB : 2005;
05BC : c9f6;
05BD : f0f5;
05BE : e641;
05BF : 2003;
05C0 : f1fa;
05C1 : 21c9;
05C2 : c808;
05C3 : ff36;
05C4 : 7d2c;
05C5 : 80fe;
05C6 : f820;
05C7 : cdc9;
05C8 : 2250;
05C9 : 40cd;
05CA : 111e;
05CB : 8000;
05CC : aa21;
05CD : 013d;
05CE : 0300;
05CF : b2cd;
05D0 : 1120;
05D1 : 3a38;
05D2 : b1f0;
05D3 : 20a7;
05D4 : 1103;
05D5 : 38d0;
05D6 : cdd5;
05D7 : 20c9;
05D8 : f0d1;
05D9 : a7b1;
05DA : 2120;
05DB : eaaf;
05DC : c0a0;
05DD : a1ea;
05DE : eac0;
05DF : c0a2;
05E0 : a3ea;
05E1 : eac0;
05E2 : 9852;
05E3 : 0021;
05E4 : cd9c;
05E5 : 20cc;
05E6 : d911;
05E7 : 210c;
05E8 : 9d02;
05E9 : 90cd;
05EA : 180d;
05EB : 2111;
05EC : 9c00;
05ED : 0811;
05EE : cd3d;
05EF : 20e2;
05F0 : 003e;
05F1 : 4ae0;
05F2 : 5f3e;
05F3 : 4be0;
05F4 : 40f0;
05F5 : 80e6;
05F6 : 0328;
05F7 : 50cd;
05F8 : cd22;
05F9 : 0b83;
05FA : 39cd;
05FB : 211e;
05FC : c200;
05FD : 8311;
05FE : df20;
05FF : 1021;
0600 : 11c2;
0601 : 209b;
0602 : e4f0;
0603 : 20a7;
0604 : 1103;
0605 : 208b;
0606 : f0df;
0607 : a7b1;
0608 : 0928;
0609 : 5021;
060A : 11c0;
060B : 0ce2;
060C : 94cd;
060D : f027;
060E : a7e4;
060F : 1320;
0610 : b1f0;
0611 : 28a7;
0612 : 3e05;
0613 : ea80;
0614 : c210;
0615 : 85cd;
0616 : cd11;
0617 : 1185;
0618 : 85cd;
0619 : 2111;
061A : c200;
061B : 8036;
061C : 17cd;
061D : cd20;
061E : 25d2;
061F : e0af;
0620 : e098;
0621 : 3efd;
0622 : e003;
0623 : f0a6;
0624 : 06ad;
0625 : fe00;
0626 : 2804;
0627 : 0608;
0628 : fe09;
0629 : 2803;
062A : 0602;
062B : f014;
062C : fec3;
062D : 3821;
062E : d604;
062F : 8020;
0630 : 7847;
0631 : ace0;
0632 : b8cd;
0633 : 210d;
0634 : 9971;
0635 : b1f0;
0636 : 20a7;
0637 : f00a;
0638 : 47c3;
0639 : 25cd;
063A : 3e0d;
063B : e001;
063C : 3ee0;
063D : e083;
063E : f040;
063F : a7e4;
0640 : 4920;
0641 : cbf0;
0642 : 30fe;
0643 : 1520;
0644 : e1cd;
0645 : cd11;
0646 : 11e1;
0647 : e1cd;
0648 : 0611;
0649 : 2180;
064A : c300;
064B : e1cd;
064C : 2211;
064D : 2005;
064E : f0f9;
064F : fec2;
0650 : 3815;
0651 : 3e02;
0652 : 4714;
0653 : c611;
0654 : cdff;
0655 : 0d6a;
0656 : b1f0;
0657 : 28a7;
0658 : f00f;
0659 : 47c4;
065A : c821;
065B : 11ff;
065C : ffc7;
065D : 6acd;
065E : cd0d;
065F : 0d75;
0660 : 1601;
0661 : cd03;
0662 : 0d82;
0663 : 3a21;
0664 : 34d0;
0665 : cdc9;
0666 : 0d03;
0667 : 00fa;
0668 : eac3;
0669 : c203;
066A : 13ea;
066B : 18c2;
066C : 8fc4;
066D : 1413;
066E : 211a;
066F : 5e23;
0670 : fd8f;
0671 : 6878;
0672 : 00ff;
0673 : 6880;
0674 : 00ff;
0675 : 7078;
0676 : 00ff;
0677 : 7080;
0678 : 00ff;
0679 : 8c78;
067A : 00ff;
067B : 8c80;
067C : 00ff;
067D : 9478;
067E : 00ff;
067F : 9480;
0680 : 00ff;
0681 : 21fd;
0682 : c300;
0683 : 0b11;
0684 : df0d;
0685 : 10c9;
0686 : 0410;
0687 : 0000;
0688 : 0a12;
0689 : 0c10;
068A : 1414;
068B : 0800;
068C : 1208;
068D : 0c12;
068E : 0806;
068F : 120a;
0690 : 0410;
0691 : 0800;
0692 : 78ff;
0693 : f0e6;
0694 : 37cb;
0695 : cd4f;
0696 : 0b7a;
0697 : 2c71;
0698 : e678;
0699 : 4f0f;
069A : 7acd;
069B : 710b;
069C : 21c9;
069D : 98cc;
069E : adf0;
069F : 4acd;
06A0 : 210d;
06A1 : 98d0;
06A2 : aef0;
06A3 : 4acd;
06A4 : c90d;
06A5 : 02fe;
06A6 : 0d28;
06A7 : 03fe;
06A8 : 0f28;
06A9 : 1536;
06AA : 362c;
06AB : 2c18;
06AC : 2036;
06AD : 36c9;
06AE : 2c11;
06AF : 1236;
06B0 : 36c9;
06B1 : 2c16;
06B2 : 0e36;
06B3 : 362c;
06B4 : c90d;
06B5 : 3c78;
06B6 : 064f;
06B7 : 8103;
06B8 : 2005;
06B9 : 12fc;
06BA : 1ac9;
06BB : 3fcb;
06BC : 3fcb;
06BD : cb22;
06BE : 223f;
06BF : 3fcb;
06C0 : c977;
06C1 : b1f0;
06C2 : 78a7;
06C3 : 0128;
06C4 : e079;
06C5 : c9e1;
06C6 : 8006;
06C7 : 0218;
06C8 : 0806;
06C9 : 1ae5;
06CA : fdfe;
06CB : 0e28;
06CC : 1322;
06CD : 2005;
06CE : e1f6;
06CF : 11d5;
06D0 : 0020;
06D1 : d119;
06D2 : ec18;
06D3 : c9e1;
06D4 : 198f;
06D5 : 1e0a;
06D6 : 0e1c;
06D7 : fd8f;
06D8 : ac21;
06D9 : 7eff;
06DA : 23fe;
06DB : 34c8;
06DC : acf0;
06DD : 215f;
06DE : 0dc7;
06DF : 0016;
06E0 : 7e19;
06E1 : 99e0;
06E2 : 9ae0;
06E3 : 27c9;
06E4 : 2325;
06E5 : 1f21;
06E6 : 1b1d;
06E7 : 1719;
06E8 : 1415;
06E9 : 1213;
06EA : 1011;
06EB : 0e0f;
06EC : 0c0d;
06ED : 0a0b;
06EE : 0909;
06EF : 0808;
06F0 : 0707;
06F1 : 0606;
06F2 : 0505;
06F3 : 0505;
06F4 : 0505;
06F5 : af05;
06F6 : 0fe0;
06F7 : 083e;
06F8 : ffe0;
06F9 : cbf0;
06FA : 30fe;
06FB : 4a20;
06FC : cfcf;
06FD : 993e;
06FE : 01e0;
06FF : 813e;
0700 : 02e0;
0701 : e0af;
0702 : f0cc;
0703 : a7cc;
0704 : fb28;
0705 : d0f0;
0706 : 66fe;
0707 : e820;
0708 : 0021;
0709 : 06c3;
070A : 2a80;
070B : e0cf;
070C : 3e01;
070D : e081;
070E : af02;
070F : cce0;
0710 : ccf0;
0711 : 28a7;
0712 : 04fb;
0713 : ed20;
0714 : cfcf;
0715 : 333e;
0716 : 01e0;
0717 : 813e;
0718 : 02e0;
0719 : e0af;
071A : f0cc;
071B : a7cc;
071C : fb28;
071D : d0f0;
071E : 77fe;
071F : e820;
0720 : 4918;
0721 : 663e;
0722 : 01e0;
0723 : cfe0;
0724 : 803e;
0725 : 02e0;
0726 : e0af;
0727 : f0cc;
0728 : a7cc;
0729 : fb28;
072A : d0f0;
072B : 99fe;
072C : e820;
072D : 8006;
072E : 0021;
072F : e0c3;
0730 : 3e01;
0731 : e080;
0732 : af02;
0733 : cce0;
0734 : ccf0;
0735 : 28a7;
0736 : f0fb;
0737 : 22d0;
0738 : 2004;
0739 : 3eec;
073A : e077;
073B : e001;
073C : 3ecf;
073D : e080;
073E : af02;
073F : cce0;
0740 : ccf0;
0741 : 28a7;
0742 : f0fb;
0743 : fed0;
0744 : 2033;
0745 : afe8;
0746 : 0fe0;
0747 : 0d3e;
0748 : ffe0;
0749 : e0af;
074A : e0b0;
074B : eacc;
074C : d03a;
074D : 85cd;
074E : cd11;
074F : 1185;
0750 : 85cd;
0751 : 3e11;
0752 : ea80;
0753 : c200;
0754 : eaaf;
0755 : c210;
0756 : 17cd;
0757 : 3e20;
0758 : e003;
0759 : c9e1;
075A : 013e;
075B : f1ea;
075C : cdc4;
075D : 1e98;
075E : abf0;
075F : c0a7;
0760 : 1ccd;
0761 : cd0f;
0762 : 0f42;
0763 : 6ccd;
0764 : cd1d;
0765 : 1223;
0766 : 95cd;
0767 : cd1f;
0768 : 34a1;
0769 : e4cd;
076A : cd0e;
076B : 279c;
076C : bacd;
076D : cd0f;
076E : 0fb1;
076F : 013e;
0770 : f1ea;
0771 : c9c4;
0772 : cef0;
0773 : c8a7;
0774 : e2f0;
0775 : 07e6;
0776 : 21c0;
0777 : c048;
0778 : 0411;
0779 : 3e00;
077A : 223d;
077B : 8c3e;
077C : 2e77;
077D : 0142;
077E : d051;
077F : ee0a;
0780 : 0201;
0781 : 0c20;
0782 : 063e;
0783 : 1977;
0784 : 083e;
0785 : 1977;
0786 : ff3e;
0787 : c977;
0788 : 3d3e;
0789 : 1977;
078A : 3f3e;
078B : 1977;
078C : 3e3e;
078D : c977;
078E : e4f0;
078F : c8a7;
0790 : f0cf;
0791 : fed0;
0792 : 2830;
0793 : fe18;
0794 : 2837;
0795 : af14;
0796 : 01e0;
0797 : 803e;
0798 : 02e0;
0799 : 81f0;
079A : 5fcb;
079B : 3ec8;
079C : e037;
079D : 3e01;
079E : e081;
079F : f102;
07A0 : 4618;
07A1 : e4f0;
07A2 : c8a7;
07A3 : eafa;
07A4 : a7c4;
07A5 : 0628;
07A6 : ea3d;
07A7 : c4ea;
07A8 : 2518;
07A9 : ebfa;
07AA : 67c4;
07AB : ecfa;
07AC : 6fc4;
07AD : fe2a;
07AE : 28fc;
07AF : 4729;
07B0 : edf0;
07B1 : a0a8;
07B2 : 81e0;
07B3 : e078;
07B4 : 2aed;
07B5 : eaea;
07B6 : 7cc4;
07B7 : ebea;
07B8 : 7dc4;
07B9 : ecea;
07BA : 18c4;
07BB : af03;
07BC : 81e0;
07BD : 80f0;
07BE : eee0;
07BF : edf0;
07C0 : 80e0;
07C1 : afc9;
07C2 : ede0;
07C3 : ef18;
07C4 : e0af;
07C5 : e0e1;
07C6 : e0c2;
07C7 : eac3;
07C8 : c0a0;
07C9 : a1ea;
07CA : eac0;
07CB : c0a2;
07CC : a3ea;
07CD : e0c0;
07CE : e0ed;
07CF : eaee;
07D0 : c4eb;
07D1 : ecea;
07D2 : e0c4;
07D3 : eab0;
07D4 : c4f1;
07D5 : 0dea;
07D6 : ead0;
07D7 : c4ea;
07D8 : f0c9;
07D9 : a7e4;
07DA : f0c8;
07DB : e0ee;
07DC : c980;
07DD : a9f0;
07DE : c8a7;
07DF : e0af;
07E0 : e098;
07E1 : 3ea9;
07E2 : e005;
07E3 : c9e1;
07E4 : e0af;
07E5 : ea98;
07E6 : c4f1;
07E7 : 0dea;
07E8 : 3ed0;
07E9 : ea80;
07EA : c200;
07EB : 10ea;
07EC : cdc2;
07ED : 2017;
07EE : b1f0;
07EF : 28a7;
07F0 : cd05;
07F1 : 22c2;
07F2 : 0318;
07F3 : cdcd;
07F4 : cd22;
07F5 : 2288;
07F6 : 6ccd;
07F7 : cd22;
07F8 : 22d8;
07F9 : 103e;
07FA : efe0;
07FB : b1f0;
07FC : 28a7;
07FD : 211e;
07FE : d000;
07FF : cd34;
0800 : 105c;
0801 : 0121;
0802 : cdd0;
0803 : 1081;
0804 : 013e;
0805 : 4bea;
0806 : cdd0;
0807 : 1025;
0808 : 103e;
0809 : a7e0;
080A : 123e;
080B : e1e0;
080C : cdc9;
080D : 34a1;
080E : 3006;
080F : 53cd;
0810 : 3e07;
0811 : 1810;
0812 : 21f1;
0813 : c020;
0814 : 2f11;
0815 : cd10;
0816 : 2794;
0817 : 70c9;
0818 : ff28;
0819 : 7810;
081A : 1c28;
081B : 7810;
081C : 1d30;
081D : 6810;
081E : 1030;
081F : 7010;
0820 : 1a30;
0821 : 8010;
0822 : 1830;
0823 : 6810;
0824 : 1138;
0825 : 7010;
0826 : 1b38;
0827 : 7810;
0828 : 1e38;
0829 : 8010;
082A : 1938;
082B : 7810;
082C : 1f40;
082D : fd10;
082E : a77e;
082F : 4fc8;
0830 : 2141;
0831 : c070;
0832 : 0811;
0833 : 1900;
0834 : 2005;
0835 : e5fc;
0836 : c721;
0837 : 4110;
0838 : 0519;
0839 : fc20;
083A : 06d1;
083B : 2a08;
083C : 1312;
083D : 2005;
083E : 0dfa;
083F : e020;
0840 : 7ec9;
0841 : c8a7;
0842 : 414f;
0843 : f821;
0844 : 11bf;
0845 : 0008;
0846 : 0519;
0847 : fc20;
0848 : 21e5;
0849 : 10df;
084A : 1941;
084B : 2005;
084C : d1fc;
084D : 0806;
084E : 122a;
084F : 0513;
0850 : fa20;
0851 : 200d;
0852 : c9e0;
0853 : 0221;
0854 : 11c0;
0855 : 0004;
0856 : b5cd;
0857 : 2e10;
0858 : cd7a;
0859 : 10b5;
085A : 06c9;
085B : 3e06;
085C : 77ff;
085D : 0519;
085E : fb20;
085F : 06c9;
0860 : 2108;
0861 : c052;
0862 : 0411;
0863 : 3e00;
0864 : 77ff;
0865 : 0519;
0866 : fb20;
0867 : 8cc9;
0868 : 8b71;
0869 : 8c00;
086A : 8b79;
086B : 8020;
086C : 8b71;
086D : 8000;
086E : 8b79;
086F : 7420;
0870 : 8b71;
0871 : 7400;
0872 : 8b79;
0873 : 8c20;
0874 : 8b87;
0875 : 8c00;
0876 : 8b8f;
0877 : 8020;
0878 : 8b87;
0879 : 8000;
087A : 8b8f;
087B : 7420;
087C : 8b87;
087D : 7400;
087E : 8b8f;
087F : 1620;
0880 : 1c12;
0881 : fd1c;
0882 : 150c;
0883 : 0a0e;
0884 : fd1b;
0885 : 1822;
0886 : fe1e;
0887 : 1220;
0888 : 2517;
0889 : 22fd;
088A : 1e18;
088B : 15fe;
088C : 1c18;
088D : fd1d;
088E : 1e19;
088F : 111c;
0890 : 1cfd;
0891 : 0a1d;
0892 : 1d1b;
0893 : fd25;
0894 : 1519;
0895 : 0a0e;
0896 : 0e1c;
0897 : 20fd;
0898 : 120a;
0899 : fd1d;
089A : 1b0d;
089B : 200a;
089C : affd;
089D : 98e0;
089E : f1ea;
089F : eac4;
08A0 : d00d;
08A1 : 803e;
08A2 : 00ea;
08A3 : eac2;
08A4 : c210;
08A5 : 17cd;
08A6 : 2120;
08A7 : d000;
08A8 : 5ccd;
08A9 : 2110;
08AA : d001;
08AB : 81cd;
08AC : f010;
08AD : fef4;
08AE : 28fd;
08AF : cd05;
08B0 : 22c2;
08B1 : 0618;
08B2 : b7cd;
08B3 : cd22;
08B4 : 136c;
08B5 : a4cd;
08B6 : cd22;
08B7 : 22d8;
08B8 : 013e;
08B9 : 4bea;
08BA : cdd0;
08BB : 135d;
08BC : 103e;
08BD : efe0;
08BE : 103e;
08BF : a7e0;
08C0 : 123e;
08C1 : e1e0;
08C2 : 21c9;
08C3 : c200;
08C4 : 0036;
08C5 : 362c;
08C6 : 2c20;
08C7 : 3036;
08C8 : fa2c;
08C9 : c213;
08CA : e677;
08CB : 4ffc;
08CC : e4f0;
08CD : 20a7;
08CE : f005;
08CF : a7b1;
08D0 : 1328;
08D1 : c326;
08D2 : b0f0;
08D3 : 5e6f;
08D4 : 7d23;
08D5 : 80fe;
08D6 : 0220;
08D7 : 002e;
08D8 : e07d;
08D9 : 18b0;
08DA : 2616;
08DB : cd03;
08DC : 1204;
08DD : f057;
08DE : 5faf;
08DF : 2825;
08E0 : b207;
08E1 : e6b1;
08E2 : b9fc;
08E3 : ef28;
08E4 : e07a;
08E5 : 7baf;
08E6 : 13ea;
08E7 : 3ec2;
08E8 : ea3b;
08E9 : c211;
08EA : 6a3e;
08EB : 12ea;
08EC : cdc2;
08ED : 203d;
08EE : 9af0;
08EF : 99e0;
08F0 : e5c9;
08F1 : f0c5;
08F2 : e6fe;
08F3 : 4ffc;
08F4 : 0326;
08F5 : 04cd;
08F6 : 5712;
08F7 : aff0;
08F8 : 255f;
08F9 : 0728;
08FA : b1b2;
08FB : fce6;
08FC : 28b9;
08FD : 7aef;
08FE : afe0;
08FF : e07b;
0900 : c1fe;
0901 : c9e1;
0902 : 04f0;
0903 : af47;
0904 : c805;
0905 : 3c3c;
0906 : 18fe;
0907 : f728;
0908 : f618;
0909 : f0c9;
090A : a7a7;
090B : 2720;
090C : 98f0;
090D : 20a7;
090E : 3e22;
090F : e003;
0910 : 18a7;
0911 : 212e;
0912 : c200;
0913 : fe2a;
0914 : c880;
0915 : fe7e;
0916 : 2820;
0917 : f041;
0918 : e680;
0919 : feb0;
091A : 2880;
091B : f0dc;
091C : a799;
091D : 0728;
091E : e03d;
091F : cd99;
0920 : 202a;
0921 : f0c9;
0922 : fe98;
0923 : c802;
0924 : 9af0;
0925 : 99e0;
0926 : 073e;
0927 : e0ea;
0928 : 21df;
0929 : c201;
092A : e07e;
092B : c6a0;
092C : 7708;
092D : 2acd;
092E : cd20;
092F : 1f61;
0930 : c8a7;
0931 : a0f0;
0932 : 0121;
0933 : 77c2;
0934 : 2acd;
0935 : 3e20;
0936 : e001;
0937 : c998;
0938 : 2acd;
0939 : cd20;
093A : 1f61;
093B : 20a7;
093C : 1802;
093D : 3eb4;
093E : e001;
093F : f0c0;
0940 : a7b1;
0941 : 0a28;
0942 : fd3e;
0943 : cfe0;
0944 : f4e0;
0945 : eaaf;
0946 : d00e;
0947 : 013e;
0948 : 98e0;
0949 : 95cd;
094A : cd1f;
094B : 7ff3;
094C : 0f06;
094D : b1f0;
094E : 28a7;
094F : 0602;
0950 : 7817;
0951 : e1e0;
0952 : 023e;
0953 : f0ea;
0954 : f1df;
0955 : afc9;
0956 : f1ea;
0957 : eac4;
0958 : d00d;
0959 : e33e;
095A : 40e0;
095B : bfcd;
095C : cd10;
095D : 12e5;
095E : f4f0;
095F : cfe0;
0960 : d0f0;
0961 : fdfe;
0962 : 0328;
0963 : f8fe;
0964 : 21c0;
0965 : fff4;
0966 : d0f0;
0967 : 28be;
0968 : 7e0f;
0969 : fdfe;
096A : 0528;
096B : 053e;
096C : e1e0;
096D : 3ec9;
096E : e00f;
096F : c9e1;
0970 : 063e;
0971 : e1e0;
0972 : 21c9;
0973 : c082;
0974 : 0606;
0975 : 0411;
0976 : 3e00;
0977 : 77ff;
0978 : 0519;
0979 : fb20;
097A : afc9;
097B : 98e0;
097C : f1ea;
097D : eac4;
097E : d00d;
097F : 803e;
0980 : 00ea;
0981 : eac2;
0982 : c210;
0983 : 17cd;
0984 : f020;
0985 : a7b1;
0986 : 0528;
0987 : b7cd;
0988 : 1822;
0989 : cd03;
098A : 22cd;
098B : 96cd;
098C : cd22;
098D : 227a;
098E : d8cd;
098F : f022;
0990 : a7b1;
0991 : 0528;
0992 : 6ccd;
0993 : 1813;
0994 : cd03;
0995 : 37c0;
0996 : 103e;
0997 : efe0;
0998 : 1006;
0999 : b1f0;
099A : 28a7;
099B : 211f;
099C : d001;
099D : cd34;
099E : 1081;
099F : 0021;
09A0 : cdd0;
09A1 : 105c;
09A2 : 013e;
09A3 : 4bea;
09A4 : cdd0;
09A5 : 135d;
09A6 : 103e;
09A7 : a7e0;
09A8 : 1206;
09A9 : e078;
09AA : c9e1;
09AB : 083e;
09AC : e8ea;
09AD : 18df;
09AE : 21f5;
09AF : c023;
09B0 : 0411;
09B1 : 0600;
09B2 : cb0b;
09B3 : 19fe;
09B4 : 2005;
09B5 : c9fa;
09B6 : 3a21;
09B7 : 11c8;
09B8 : 1376;
09B9 : 8ccd;
09BA : c90d;
09BB : fcfc;
09BC : fcfc;
09BD : fefe;
09BE : fefe;
09BF : effc;
09C0 : fcee;
09C1 : fefe;
09C2 : fefe;
09C3 : eefc;
09C4 : fcef;
09C5 : fefe;
09C6 : fefe;
09C7 : fcfc;
09C8 : fcfc;
09C9 : 21fd;
09CA : c068;
09CB : b311;
09CC : df13;
09CD : e2f0;
09CE : 07e6;
09CF : 21c0;
09D0 : d01f;
09D1 : ee7e;
09D2 : 7701;
09D3 : 0428;
09D4 : dacd;
09D5 : c926;
09D6 : 5a21;
09D7 : cdc0;
09D8 : 3807;
09D9 : 70c9;
09DA : 8c34;
09DB : ff00;
09DC : c0f0;
09DD : 20a7;
09DE : cd15;
09DF : 34a1;
09E0 : 1dcd;
09E1 : 2114;
09E2 : d042;
09E3 : a77e;
09E4 : 0620;
09E5 : 3e34;
09E6 : ea04;
09E7 : dfe8;
09E8 : 0318;
09E9 : c0cd;
09EA : cd37;
09EB : 279c;
09EC : eff0;
09ED : c0a7;
09EE : c0f0;
09EF : c4a7;
09F0 : 379a;
09F1 : 81f0;
09F2 : 5fcb;
09F3 : cdc8;
09F4 : 0b83;
09F5 : c0f0;
09F6 : 20a7;
09F7 : 3e0d;
09F8 : e010;
09F9 : 21ef;
09FA : ffe1;
09FB : af34;
09FC : 42ea;
09FD : c9d0;
09FE : eaaf;
09FF : d01f;
0A00 : c0e0;
0A01 : 98e0;
0A02 : 39cd;
0A03 : 3e1e;
0A04 : e081;
0A05 : 3e40;
0A06 : e00b;
0A07 : f0e1;
0A08 : fec3;
0A09 : d821;
0A0A : 143e;
0A0B : c2e0;
0A0C : 203e;
0A0D : c3e0;
0A0E : fac9;
0A0F : dfe9;
0A10 : c0a7;
0A11 : 50fa;
0A12 : a7d0;
0A13 : 3ec0;
0A14 : ea0c;
0A15 : dfe0;
0A16 : 013e;
0A17 : 50ea;
0A18 : c9d0;
0A19 : 9ccd;
0A1A : f027;
0A1B : a7ef;
0A1C : 06c0;
0A1D : f009;
0A1E : fead;
0A1F : 2804;
0A20 : fe56;
0A21 : 2803;
0A22 : 1822;
0A23 : 3e2a;
0A24 : ea09;
0A25 : dfe8;
0A26 : e078;
0A27 : afe1;
0A28 : 1fea;
0A29 : e0d0;
0A2A : e0c0;
0A2B : ea98;
0A2C : d050;
0A2D : f9e0;
0A2E : 52ea;
0A2F : cdd0;
0A30 : 1e39;
0A31 : 813e;
0A32 : 40e0;
0A33 : fac9;
0A34 : d052;
0A35 : 28a7;
0A36 : 06df;
0A37 : 1807;
0A38 : f0d6;
0A39 : fec3;
0A3A : 2806;
0A3B : fe10;
0A3C : 2811;
0A3D : fe10;
0A3E : 2816;
0A3F : fa10;
0A40 : d052;
0A41 : 20a7;
0A42 : 180e;
0A43 : 06c5;
0A44 : 1808;
0A45 : 06bc;
0A46 : 1813;
0A47 : 06b8;
0A48 : 1818;
0A49 : 06b4;
0A4A : 181a;
0A4B : f0b0;
0A4C : fac3;
0A4D : d052;
0A4E : 28a7;
0A4F : 06ad;
0A50 : 181b;
0A51 : f0a4;
0A52 : a7f9;
0A53 : 0420;
0A54 : d1cd;
0A55 : c918;
0A56 : 81f0;
0A57 : 5fcb;
0A58 : 6cc2;
0A59 : cd15;
0A5A : 1add;
0A5B : 52cd;
0A5C : cd19;
0A5D : 197a;
0A5E : f9f0;
0A5F : 02fe;
0A60 : 0c28;
0A61 : 03fe;
0A62 : 2528;
0A63 : 04fe;
0A64 : 21c8;
0A65 : fff9;
0A66 : c934;
0A67 : 3811;
0A68 : 211c;
0A69 : c501;
0A6A : 94cd;
0A6B : 3e27;
0A6C : 2e02;
0A6D : 2224;
0A6E : 77af;
0A6F : 372e;
0A70 : 153e;
0A71 : 3e22;
0A72 : 2218;
0A73 : 203e;
0A74 : 1877;
0A75 : f056;
0A76 : e6e2;
0A77 : c007;
0A78 : fbcd;
0A79 : c918;
0A7A : f9f0;
0A7B : 20a7;
0A7C : cd07;
0A7D : 18d1;
0A7E : d7cd;
0A7F : c919;
0A80 : 81f0;
0A81 : 5fcb;
0A82 : 6620;
0A83 : ddcd;
0A84 : cd1a;
0A85 : 1952;
0A86 : 7acd;
0A87 : f019;
0A88 : fef9;
0A89 : 2802;
0A8A : fe31;
0A8B : 2803;
0A8C : fe4a;
0A8D : c804;
0A8E : e2f0;
0A8F : 07e6;
0A90 : cdc0;
0A91 : 1b0e;
0A92 : 0d21;
0A93 : 7ec0;
0A94 : f1fe;
0A95 : 1528;
0A96 : a0fe;
0A97 : 29cc;
0A98 : 7e19;
0A99 : 50fe;
0A9A : 2fcc;
0A9B : 1119;
0A9C : 0004;
0A9D : 3543;
0A9E : 0519;
0A9F : fb20;
0AA0 : 21c9;
0AA1 : fff9;
0AA2 : c934;
0AA3 : 3811;
0AA4 : 211c;
0AA5 : c501;
0AA6 : 94cd;
0AA7 : 3e27;
0AA8 : 2e02;
0AA9 : 2224;
0AAA : 77af;
0AAB : 372e;
0AAC : 163e;
0AAD : 3e22;
0AAE : 220e;
0AAF : 0d3e;
0AB0 : 1877;
0AB1 : f0de;
0AB2 : e6e2;
0AB3 : c007;
0AB4 : fbcd;
0AB5 : c918;
0AB6 : e0af;
0AB7 : cdf9;
0AB8 : 2250;
0AB9 : aa21;
0ABA : 1145;
0ABB : 8800;
0ABC : 2001;
0ABD : cd05;
0ABE : 20b2;
0ABF : d011;
0AC0 : cd38;
0AC1 : 20c9;
0AC2 : 40cd;
0AC3 : 3e1e;
0AC4 : e083;
0AC5 : 3e40;
0AC6 : e009;
0AC7 : c9e1;
0AC8 : f9f0;
0AC9 : 20a7;
0ACA : cd07;
0ACB : 18d1;
0ACC : f2cd;
0ACD : c919;
0ACE : 81f0;
0ACF : 5fcb;
0AD0 : ca20;
0AD1 : ddcd;
0AD2 : cd1a;
0AD3 : 1952;
0AD4 : 7acd;
0AD5 : f019;
0AD6 : fef9;
0AD7 : 2802;
0AD8 : fe32;
0AD9 : 2803;
0ADA : fe43;
0ADB : c804;
0ADC : e2f0;
0ADD : 07e6;
0ADE : cdc0;
0ADF : 1b1c;
0AE0 : 0d21;
0AE1 : 7ec0;
0AE2 : f1fe;
0AE3 : 1628;
0AE4 : a0fe;
0AE5 : 29cc;
0AE6 : 7e19;
0AE7 : 50fe;
0AE8 : 2fcc;
0AE9 : 1119;
0AEA : 0004;
0AEB : 0406;
0AEC : 1935;
0AED : 2005;
0AEE : c9fb;
0AEF : f921;
0AF0 : 34ff;
0AF1 : 11c9;
0AF2 : 1c38;
0AF3 : 0121;
0AF4 : cdc5;
0AF5 : 2794;
0AF6 : 2eaf;
0AF7 : 2224;
0AF8 : 053e;
0AF9 : cd77;
0AFA : 18f2;
0AFB : e618;
0AFC : e2f0;
0AFD : 07e6;
0AFE : cdc0;
0AFF : 18fb;
0B00 : f0c9;
0B01 : a7f9;
0B02 : 0720;
0B03 : d1cd;
0B04 : cd18;
0B05 : 1a0d;
0B06 : f0c9;
0B07 : cb81;
0B08 : c25f;
0B09 : 156c;
0B0A : ddcd;
0B0B : cd1a;
0B0C : 1952;
0B0D : 7acd;
0B0E : f019;
0B0F : fef9;
0B10 : 2802;
0B11 : fe33;
0B12 : 2803;
0B13 : fe44;
0B14 : c804;
0B15 : e2f0;
0B16 : 03e6;
0B17 : cdc0;
0B18 : 1b2a;
0B19 : 0d21;
0B1A : 7ec0;
0B1B : f2fe;
0B1C : 1728;
0B1D : a0fe;
0B1E : 29cc;
0B1F : 7e19;
0B20 : 50fe;
0B21 : 2fcc;
0B22 : 1119;
0B23 : 0004;
0B24 : 0406;
0B25 : 3535;
0B26 : 0519;
0B27 : fa20;
0B28 : 21c9;
0B29 : fff9;
0B2A : c934;
0B2B : 3811;
0B2C : 211c;
0B2D : c501;
0B2E : 94cd;
0B2F : 3e27;
0B30 : 2e01;
0B31 : 2224;
0B32 : 77af;
0B33 : f2cd;
0B34 : 1818;
0B35 : f0e6;
0B36 : e6e2;
0B37 : c007;
0B38 : fbcd;
0B39 : c918;
0B3A : f9f0;
0B3B : 20a7;
0B3C : cd07;
0B3D : 18d1;
0B3E : 28cd;
0B3F : c91a;
0B40 : 81f0;
0B41 : 5fcb;
0B42 : 6cc2;
0B43 : cd15;
0B44 : 1add;
0B45 : 52cd;
0B46 : cd19;
0B47 : 197a;
0B48 : f9f0;
0B49 : 02fe;
0B4A : 3328;
0B4B : 03fe;
0B4C : 4528;
0B4D : 04fe;
0B4E : f0c8;
0B4F : e6e2;
0B50 : c003;
0B51 : 47cd;
0B52 : 211b;
0B53 : c00d;
0B54 : fe7e;
0B55 : 28ea;
0B56 : fe17;
0B57 : cca0;
0B58 : 1929;
0B59 : fe7e;
0B5A : cc50;
0B5B : 192f;
0B5C : 0411;
0B5D : 0600;
0B5E : 3504;
0B5F : 1935;
0B60 : 2005;
0B61 : c9fa;
0B62 : f921;
0B63 : 34ff;
0B64 : 11c9;
0B65 : 1c38;
0B66 : 0121;
0B67 : cdc5;
0B68 : 2794;
0B69 : 013e;
0B6A : 242e;
0B6B : 3e22;
0B6C : 7705;
0B6D : f2cd;
0B6E : 1818;
0B6F : f0e5;
0B70 : e6e2;
0B71 : c007;
0B72 : fbcd;
0B73 : c918;
0B74 : 52cd;
0B75 : cd19;
0B76 : 197a;
0B77 : f9f0;
0B78 : 0bfe;
0B79 : 0c30;
0B7A : ddcd;
0B7B : f01a;
0B7C : a7f9;
0B7D : 0420;
0B7E : d1cd;
0B7F : c918;
0B80 : 81f0;
0B81 : 5fcb;
0B82 : 6cc2;
0B83 : f015;
0B84 : fef9;
0B85 : 2802;
0B86 : fe46;
0B87 : 2803;
0B88 : fe4b;
0B89 : 2804;
0B8A : fe56;
0B8B : 2805;
0B8C : fe5f;
0B8D : 2806;
0B8E : fe64;
0B8F : ca07;
0B90 : 1790;
0B91 : 08fe;
0B92 : b6ca;
0B93 : fe17;
0B94 : ca09;
0B95 : 17c8;
0B96 : 0afe;
0B97 : 42ca;
0B98 : fe18;
0B99 : ca0b;
0B9A : 186d;
0B9B : 0cfe;
0B9C : 97ca;
0B9D : 1118;
0B9E : 1c38;
0B9F : 0121;
0BA0 : cdc5;
0BA1 : 2794;
0BA2 : 023e;
0BA3 : 242e;
0BA4 : af22;
0BA5 : cd77;
0BA6 : 18f2;
0BA7 : f921;
0BA8 : 34ff;
0BA9 : f0c9;
0BAA : e6e2;
0BAB : c007;
0BAC : fbcd;
0BAD : c918;
0BAE : eaaf;
0BAF : d009;
0BB0 : 6821;
0BB1 : 3ed0;
0BB2 : 2298;
0BB3 : 7f3e;
0BB4 : 1877;
0BB5 : 21e3;
0BB6 : c500;
0BB7 : 3c06;
0BB8 : ff3e;
0BB9 : 0522;
0BBA : fc20;
0BBB : d618;
0BBC : e2f0;
0BBD : 01e6;
0BBE : cdc0;
0BBF : 18fb;
0BC0 : 21c9;
0BC1 : d060;
0BC2 : 7e34;
0BC3 : a0fe;
0BC4 : afc0;
0BC5 : cd77;
0BC6 : 1a43;
0BC7 : be18;
0BC8 : 68cd;
0BC9 : f01b;
0BCA : e6e2;
0BCB : c003;
0BCC : 0d21;
0BCD : 7ec0;
0BCE : 50fe;
0BCF : 0f28;
0BD0 : 90fe;
0BD1 : 29cc;
0BD2 : 1119;
0BD3 : 0004;
0BD4 : 3543;
0BD5 : 0519;
0BD6 : fb20;
0BD7 : 3ec9;
0BD8 : ea02;
0BD9 : dff8;
0BDA : 9818;
0BDB : 99cd;
0BDC : fa19;
0BDD : d065;
0BDE : 0efe;
0BDF : 0130;
0BE0 : afc9;
0BE1 : cd02;
0BE2 : 1a5e;
0BE3 : 8618;
0BE4 : 99cd;
0BE5 : f019;
0BE6 : e6e2;
0BE7 : c003;
0BE8 : 0021;
0BE9 : 7ec0;
0BEA : 0411;
0BEB : fe00;
0BEC : 3848;
0BED : 2113;
0BEE : d05f;
0BEF : ee7e;
0BF0 : 7701;
0BF1 : 21c0;
0BF2 : c000;
0BF3 : 0306;
0BF4 : 1935;
0BF5 : 2005;
0BF6 : c9fb;
0BF7 : 85cd;
0BF8 : e51b;
0BF9 : 1d21;
0BFA : 06c0;
0BFB : 4b15;
0BFC : fe7e;
0BFD : cc70;
0BFE : 1c17;
0BFF : 5cfe;
0C00 : facc;
0C01 : fe1b;
0C02 : cc54;
0C03 : 1c04;
0C04 : 4cfe;
0C05 : 10cc;
0C06 : fe1c;
0C07 : cc40;
0C08 : 1c27;
0C09 : d0fe;
0C0A : 1228;
0C0B : 0430;
0C0C : 40fe;
0C0D : 0230;
0C0E : 020e;
0C0F : 917e;
0C10 : 1977;
0C11 : 2005;
0C12 : e1f9;
0C13 : b318;
0C14 : 3ee1;
0C15 : ea03;
0C16 : dff8;
0C17 : ff3e;
0C18 : 82ea;
0C19 : eac0;
0C1A : c086;
0C1B : 1c21;
0C1C : 11c0;
0C1D : 1932;
0C1E : 94cd;
0C1F : c327;
0C20 : 174e;
0C21 : b9cd;
0C22 : 211b;
0C23 : c00d;
0C24 : fe7e;
0C25 : 30f0;
0C26 : 110e;
0C27 : 0004;
0C28 : 0606;
0C29 : c67e;
0C2A : 7701;
0C2B : 0519;
0C2C : f820;
0C2D : 21c9;
0C2E : c001;
0C2F : 2606;
0C30 : 0411;
0C31 : 3e00;
0C32 : 77f0;
0C33 : 0519;
0C34 : fb20;
0C35 : 4ec3;
0C36 : f017;
0C37 : e604;
0C38 : 3c07;
0C39 : 0411;
0C3A : 2100;
0C3B : 1ab9;
0C3C : 3d19;
0C3D : fc20;
0C3E : c1e5;
0C3F : 66fa;
0C40 : 6fd0;
0C41 : 04c6;
0C42 : 98fe;
0C43 : 0120;
0C44 : eaaf;
0C45 : d066;
0C46 : c026;
0C47 : 220a;
0C48 : 1d03;
0C49 : fa20;
0C4A : 4ec3;
0C4B : f017;
0C4C : e6e2;
0C4D : c007;
0C4E : d6cd;
0C4F : 211b;
0C50 : c001;
0C51 : 0411;
0C52 : 0600;
0C53 : 7e26;
0C54 : f0fe;
0C55 : 1228;
0C56 : 3535;
0C57 : 3a2c;
0C58 : c8fe;
0C59 : 0a30;
0C5A : 3535;
0C5B : 04f0;
0C5C : 01e6;
0C5D : 0228;
0C5E : 3535;
0C5F : 0519;
0C60 : e520;
0C61 : 6721;
0C62 : 34d0;
0C63 : fe7e;
0C64 : c006;
0C65 : 77af;
0C66 : f921;
0C67 : 35ff;
0C68 : cdc9;
0C69 : 2250;
0C6A : aa21;
0C6B : 1155;
0C6C : 8800;
0C6D : 2001;
0C6E : cd05;
0C6F : 20b2;
0C70 : a011;
0C71 : cd3b;
0C72 : 20c9;
0C73 : 3bcd;
0C74 : 3e19;
0C75 : e083;
0C76 : 2140;
0C77 : fff9;
0C78 : c934;
0C79 : 382e;
0C7A : 113e;
0C7B : 3e22;
0C7C : 7712;
0C7D : 21c9;
0C7E : d009;
0C7F : 7e34;
0C80 : 3cfe;
0C81 : 2028;
0C82 : 6821;
0C83 : 2ad0;
0C84 : 5e57;
0C85 : 7b13;
0C86 : 94fe;
0C87 : 0b28;
0C88 : d4fe;
0C89 : 0b28;
0C8A : 7232;
0C8B : 033e;
0C8C : 9de0;
0C8D : 3ec9;
0C8E : 18c0;
0C8F : 3ef5;
0C90 : 1400;
0C91 : f018;
0C92 : f921;
0C93 : 34ff;
0C94 : 3ec9;
0C95 : ea01;
0C96 : d00a;
0C97 : afc9;
0C98 : f918;
0C99 : 4810;
0C9A : 00d0;
0C9B : 4818;
0C9C : 00d1;
0C9D : 21fd;
0C9E : c000;
0C9F : 4511;
0CA0 : cd19;
0CA1 : 2794;
0CA2 : 94c9;
0CA3 : c04c;
0CA4 : 9400;
0CA5 : c154;
0CA6 : 9400;
0CA7 : c25c;
0CA8 : fd00;
0CA9 : e2f0;
0CAA : 03e6;
0CAB : 21c0;
0CAC : c098;
0CAD : 6301;
0CAE : 0ad0;
0CAF : 20a7;
0CB0 : 3c09;
0CB1 : 1102;
0CB2 : 1975;
0CB3 : 94cd;
0CB4 : c927;
0CB5 : 023c;
0CB6 : 38fe;
0CB7 : 0220;
0CB8 : 02af;
0CB9 : 3535;
0CBA : 90c9;
0CBB : 9038;
0CBC : fd00;
0CBD : e2f0;
0CBE : 03e6;
0CBF : 21c0;
0CC0 : c09c;
0CC1 : 6301;
0CC2 : 0ad0;
0CC3 : 20fe;
0CC4 : 0720;
0CC5 : 9411;
0CC6 : cd19;
0CC7 : 2794;
0CC8 : 35c9;
0CC9 : c935;
0CCA : 8090;
0CCB : 0090;
0CCC : 21fd;
0CCD : c080;
0CCE : 6401;
0CCF : 0ad0;
0CD0 : 20a7;
0CD1 : 3c09;
0CD2 : 1102;
0CD3 : 19ce;
0CD4 : 94cd;
0CD5 : c927;
0CD6 : 023c;
0CD7 : fa57;
0CD8 : d065;
0CD9 : 20ba;
0CDA : af0d;
0CDB : 7a02;
0CDC : 0efe;
0CDD : 0628;
0CDE : ea3c;
0CDF : d065;
0CE0 : 02af;
0CE1 : 081e;
0CE2 : 837e;
0CE3 : 2c22;
0CE4 : 2c2c;
0CE5 : 837e;
0CE6 : c977;
0CE7 : 5420;
0CE8 : 00fe;
0CE9 : 5430;
0CEA : 00fe;
0CEB : 21fd;
0CEC : c00c;
0CED : e111;
0CEE : cd19;
0CEF : 2794;
0CF0 : 50c9;
0CF1 : 94f0;
0CF2 : 5000;
0CF3 : 95f8;
0CF4 : 5800;
0CF5 : 96f0;
0CF6 : 5800;
0CF7 : 97f8;
0CF8 : fd00;
0CF9 : 0c21;
0CFA : 11c0;
0CFB : 19fc;
0CFC : 94cd;
0CFD : c927;
0CFE : f040;
0CFF : 0098;
0D00 : f840;
0D01 : 0099;
0D02 : f048;
0D03 : 009a;
0D04 : f848;
0D05 : 009b;
0D06 : 21fd;
0D07 : c00c;
0D08 : 1711;
0D09 : cd1a;
0D0A : 2794;
0D0B : 7cc9;
0D0C : 91f0;
0D0D : 7c00;
0D0E : 91f8;
0D0F : 8420;
0D10 : 92f0;
0D11 : 8400;
0D12 : 93f8;
0D13 : fd20;
0D14 : 0c21;
0D15 : 11c0;
0D16 : 1a32;
0D17 : 94cd;
0D18 : c927;
0D19 : e818;
0D1A : 009d;
0D1B : f010;
0D1C : 00a0;
0D1D : f018;
0D1E : 009e;
0D1F : f818;
0D20 : 009f;
0D21 : 21fd;
0D22 : c00c;
0D23 : 4d11;
0D24 : cd1a;
0D25 : 2794;
0D26 : 10c9;
0D27 : caf0;
0D28 : 1000;
0D29 : caf8;
0D2A : 1820;
0D2B : bff0;
0D2C : 1800;
0D2D : bff8;
0D2E : fd20;
0D2F : 1c21;
0D30 : 11c0;
0D31 : 1a68;
0D32 : 94cd;
0D33 : c927;
0D34 : c830;
0D35 : 00a2;
0D36 : c838;
0D37 : 00b2;
0D38 : c840;
0D39 : 00a9;
0D3A : d030;
0D3B : 00a3;
0D3C : d038;
0D3D : 00b3;
0D3E : d040;
0D3F : 00aa;
0D40 : d830;
0D41 : 00a4;
0D42 : d838;
0D43 : 00b4;
0D44 : d840;
0D45 : 00ab;
0D46 : e030;
0D47 : 00a5;
0D48 : e038;
0D49 : 00b5;
0D4A : e040;
0D4B : 00ac;
0D4C : e830;
0D4D : 00a6;
0D4E : e838;
0D4F : 00b6;
0D50 : e840;
0D51 : 00ad;
0D52 : f030;
0D53 : 00a7;
0D54 : f038;
0D55 : 00b7;
0D56 : f040;
0D57 : 00ae;
0D58 : f830;
0D59 : 00a8;
0D5A : f838;
0D5B : 00b8;
0D5C : f840;
0D5D : 00af;
0D5E : 28fd;
0D5F : c6d8;
0D60 : 3800;
0D61 : c6d8;
0D62 : 4000;
0D63 : c8d8;
0D64 : 4800;
0D65 : c6d8;
0D66 : 5800;
0D67 : c6d8;
0D68 : 6000;
0D69 : c8d8;
0D6A : 6800;
0D6B : c6d8;
0D6C : 7800;
0D6D : c6d8;
0D6E : fa00;
0D6F : c00a;
0D70 : fffe;
0D71 : 06c8;
0D72 : fa0f;
0D73 : d00a;
0D74 : 28a7;
0D75 : 0602;
0D76 : f003;
0D77 : a0e2;
0D78 : 21c0;
0D79 : c002;
0D7A : 0411;
0D7B : 0600;
0D7C : 7e03;
0D7D : c0fe;
0D7E : 0828;
0D7F : 3535;
0D80 : 1935;
0D81 : 2005;
0D82 : c9f9;
0D83 : 3434;
0D84 : 1934;
0D85 : 2005;
0D86 : c9f9;
0D87 : 1a21;
0D88 : 7ec0;
0D89 : 97fe;
0D8A : 0328;
0D8B : 9736;
0D8C : 36c9;
0D8D : c985;
0D8E : 1621;
0D8F : 06c0;
0D90 : 7e9c;
0D91 : 9afe;
0D92 : 0228;
0D93 : 9a06;
0D94 : c970;
0D95 : 0521;
0D96 : 34d0;
0D97 : fe7e;
0D98 : c002;
0D99 : 77af;
0D9A : 1621;
0D9B : 11c0;
0D9C : 0004;
0D9D : fe7e;
0D9E : 2892;
0D9F : 3504;
0DA0 : 3419;
0DA1 : 34c9;
0DA2 : 3519;
0DA3 : 21c9;
0DA4 : d006;
0DA5 : 7e34;
0DA6 : 02fe;
0DA7 : afc0;
0DA8 : 2177;
0DA9 : c012;
0DAA : 0411;
0DAB : 7e00;
0DAC : a0fe;
0DAD : 0628;
0DAE : a036;
0DAF : 3619;
0DB0 : c99e;
0DB1 : ff36;
0DB2 : 3619;
0DB3 : c9a1;
0DB4 : 5b21;
0DB5 : 34d0;
0DB6 : fe7e;
0DB7 : c003;
0DB8 : 77af;
0DB9 : 0e21;
0DBA : 11c0;
0DBB : 0004;
0DBC : fe7e;
0DBD : 28cb;
0DBE : 3404;
0DBF : 3419;
0DC0 : 35c9;
0DC1 : 3519;
0DC2 : 21c9;
0DC3 : d061;
0DC4 : 7e34;
0DC5 : 02fe;
0DC6 : afc0;
0DC7 : 2177;
0DC8 : c05a;
0DC9 : 0411;
0DCA : 0100;
0DCB : 1bab;
0DCC : fe7e;
0DCD : 28a7;
0DCE : 1802;
0DCF : 0103;
0DD0 : 1bb2;
0DD1 : fe0a;
0DD2 : c8fd;
0DD3 : 1977;
0DD4 : 1803;
0DD5 : a7f7;
0DD6 : aeb7;
0DD7 : b8a8;
0DD8 : fdaf;
0DD9 : bbb9;
0DDA : babd;
0DDB : bebc;
0DDC : f0fd;
0DDD : e6e2;
0DDE : c007;
0DDF : 1e21;
0DE0 : 11c0;
0DE1 : 0004;
0DE2 : fe7e;
0DE3 : 28d0;
0DE4 : 3e07;
0DE5 : 77d0;
0DE6 : 3c19;
0DE7 : c977;
0DE8 : ff3e;
0DE9 : 1977;
0DEA : c977;
0DEB : 0221;
0DEC : 11c0;
0DED : 0004;
0DEE : 2606;
0DEF : fe7e;
0DF0 : 28c6;
0DF1 : fe14;
0DF2 : 28c7;
0DF3 : fe0a;
0DF4 : 28c8;
0DF5 : fe0c;
0DF6 : 28c9;
0DF7 : 1802;
0DF8 : 3501;
0DF9 : 0519;
0DFA : e820;
0DFB : 34c9;
0DFC : f818;
0DFD : e5f5;
0DFE : 0a21;
0DFF : 36c0;
0E00 : e1ff;
0E01 : c9f1;
0E02 : e5f5;
0E03 : 0e3e;
0E04 : e0ea;
0E05 : 21df;
0E06 : c006;
0E07 : ef18;
0E08 : e5f5;
0E09 : 0221;
0E0A : 18c0;
0E0B : f5e8;
0E0C : 21e5;
0E0D : c022;
0E0E : b03e;
0E0F : 2c22;
0E10 : 2c2c;
0E11 : 773c;
0E12 : f1e1;
0E13 : f5c9;
0E14 : 21e5;
0E15 : c022;
0E16 : b23e;
0E17 : 2c22;
0E18 : 2c2c;
0E19 : a93e;
0E1A : e177;
0E1B : c9f1;
0E1C : ffff;
0E1D : 180c;
0E1E : 1017;
0E1F : 0a1b;
0E20 : 1e1d;
0E21 : 0a15;
0E22 : 121d;
0E23 : 1718;
0E24 : 251c;
0E25 : ffff;
0E26 : ffff;
0E27 : 1fff;
0E28 : 1b12;
0E29 : 1c1e;
0E2A : 15ff;
0E2B : 1f0e;
0E2C : 150e;
0E2D : ffff;
0E2E : ffff;
0E2F : ffff;
0E30 : ffff;
0E31 : 1cff;
0E32 : 0e19;
0E33 : 0d0e;
0E34 : ffff;
0E35 : ffff;
0E36 : ffff;
0E37 : ffff;
0E38 : ffff;
0E39 : ffff;
0E3A : fffd;
0E3B : ffff;
0E3C : ffff;
0E3D : 11ff;
0E3E : ff12;
0E3F : ffff;
0E40 : ffff;
0E41 : ffff;
0E42 : ffff;
0E43 : ffff;
0E44 : ffff;
0E45 : ffff;
0E46 : ffff;
0E47 : 0e15;
0E48 : 0e1f;
0E49 : ff15;
0E4A : 0500;
0E4B : ffff;
0E4C : ffff;
0E4D : ffff;
0E4E : ffff;
0E4F : ffff;
0E50 : 17ff;
0E51 : 0c12;
0E52 : ff0e;
0E53 : 150c;
0E54 : 0a0e;
0E55 : ff1b;
0E56 : ffff;
0E57 : fffd;
0E58 : ffff;
0E59 : ffff;
0E5A : 11ff;
0E5B : ff12;
0E5C : ffff;
0E5D : ffff;
0E5E : ffff;
0E5F : ffff;
0E60 : ffff;
0E61 : ffff;
0E62 : ffff;
0E63 : ffff;
0E64 : 0e15;
0E65 : 0e1f;
0E66 : ff15;
0E67 : 0001;
0E68 : ffff;
0E69 : ffff;
0E6A : ffff;
0E6B : ffff;
0E6C : ffff;
0E6D : 17ff;
0E6E : 0c12;
0E6F : ff0e;
0E70 : 150c;
0E71 : 0a0e;
0E72 : ff1b;
0E73 : ffff;
0E74 : fffd;
0E75 : ffff;
0E76 : ffff;
0E77 : 11ff;
0E78 : ff12;
0E79 : ffff;
0E7A : ffff;
0E7B : ffff;
0E7C : ffff;
0E7D : ffff;
0E7E : ffff;
0E7F : ffff;
0E80 : ffff;
0E81 : 0e15;
0E82 : 0e1f;
0E83 : ff15;
0E84 : 0501;
0E85 : ffff;
0E86 : ffff;
0E87 : ffff;
0E88 : ffff;
0E89 : ffff;
0E8A : 17ff;
0E8B : 0c12;
0E8C : ff0e;
0E8D : 150c;
0E8E : 0a0e;
0E8F : ff1b;
0E90 : ffff;
0E91 : fffd;
0E92 : ffff;
0E93 : ffff;
0E94 : 11ff;
0E95 : ff12;
0E96 : ffff;
0E97 : ffff;
0E98 : ffff;
0E99 : ffff;
0E9A : ffff;
0E9B : ffff;
0E9C : ffff;
0E9D : ffff;
0E9E : 0e15;
0E9F : 0e1f;
0EA0 : ff15;
0EA1 : 0002;
0EA2 : ffff;
0EA3 : ffff;
0EA4 : ffff;
0EA5 : ffff;
0EA6 : ffff;
0EA7 : 17ff;
0EA8 : 0c12;
0EA9 : ff0e;
0EAA : 150c;
0EAB : 0a0e;
0EAC : ff1b;
0EAD : ffff;
0EAE : 06fd;
0EAF : 1a0a;
0EB0 : 2c77;
0EB1 : 051c;
0EB2 : f920;
0EB3 : e3f0;
0EB4 : e03c;
0EB5 : c9e3;
0EB6 : 0021;
0EB7 : 7ec2;
0EB8 : 80fe;
0EB9 : 2ec8;
0EBA : 7e03;
0EBB : a0e0;
0EBC : 81f0;
0EBD : cb47;
0EBE : 2040;
0EBF : cb12;
0EC0 : 2848;
0EC1 : 7e4c;
0EC2 : 03e6;
0EC3 : 0328;
0EC4 : 1835;
0EC5 : 7e14;
0EC6 : 03f6;
0EC7 : 1877;
0EC8 : 7e0e;
0EC9 : 03e6;
0ECA : 03fe;
0ECB : 0328;
0ECC : 1834;
0ECD : 7e04;
0ECE : fce6;
0ECF : 3e77;
0ED0 : ea02;
0ED1 : dfe0;
0ED2 : 2acd;
0ED3 : cd20;
0ED4 : 1f61;
0ED5 : 28a7;
0ED6 : 2122;
0ED7 : c202;
0ED8 : e07e;
0ED9 : d6a1;
0EDA : 7708;
0EDB : 2acd;
0EDC : cd20;
0EDD : 1f61;
0EDE : 28a7;
0EDF : af10;
0EE0 : e0ea;
0EE1 : 21df;
0EE2 : c203;
0EE3 : a0f0;
0EE4 : f032;
0EE5 : 77a1;
0EE6 : 2acd;
0EE7 : 2120;
0EE8 : c202;
0EE9 : 81f0;
0EEA : f047;
0EEB : 4f80;
0EEC : e07e;
0EED : cba0;
0EEE : 3e60;
0EEF : 2010;
0EF0 : cb0c;
0EF1 : 2861;
0EF2 : f02d;
0EF3 : 3daa;
0EF4 : aae0;
0EF5 : 3ec0;
0EF6 : e006;
0EF7 : 7eaa;
0EF8 : 08c6;
0EF9 : cd77;
0EFA : 202a;
0EFB : 033e;
0EFC : e0ea;
0EFD : cddf;
0EFE : 1f61;
0EFF : c8a7;
0F00 : 0221;
0F01 : afc2;
0F02 : e0ea;
0F03 : f0df;
0F04 : 77a0;
0F05 : 2acd;
0F06 : 3e20;
0F07 : e001;
0F08 : c9aa;
0F09 : 68cb;
0F0A : 103e;
0F0B : 0c20;
0F0C : 69cb;
0F0D : f328;
0F0E : aaf0;
0F0F : e03d;
0F10 : c0aa;
0F11 : 063e;
0F12 : aae0;
0F13 : d67e;
0F14 : 7708;
0F15 : 033e;
0F16 : e0ea;
0F17 : cddf;
0F18 : 202a;
0F19 : 61cd;
0F1A : a71f;
0F1B : 18c8;
0F1C : 21c7;
0F1D : c018;
0F1E : 6006;
0F1F : 0518;
0F20 : 0021;
0F21 : 06c0;
0F22 : afa0;
0F23 : 0522;
0F24 : fc20;
0F25 : 21c9;
0F26 : 99c2;
0F27 : 7011;
0F28 : 0e1e;
0F29 : 0604;
0F2A : e50a;
0F2B : 771a;
0F2C : 7ce5;
0F2D : 30c6;
0F2E : 1a67;
0F2F : e177;
0F30 : 132c;
0F31 : 2005;
0F32 : e1f1;
0F33 : 11d5;
0F34 : 0020;
0F35 : d119;
0F36 : 200d;
0F37 : c9e4;
0F38 : 2f85;
0F39 : 8682;
0F3A : 2f83;
0F3B : 802f;
0F3C : 8582;
0F3D : 822f;
0F3E : 8284;
0F3F : 2f83;
0F40 : 2f83;
0F41 : 2f87;
0F42 : 852f;
0F43 : 832f;
0F44 : 862f;
0F45 : 8082;
0F46 : 2f81;
0F47 : 2f83;
0F48 : 8386;
0F49 : 852f;
0F4A : 852f;
0F4B : 2f2f;
0F4C : e4f0;
0F4D : c0a7;
0F4E : 81f0;
0F4F : 5fcb;
0F50 : 01ca;
0F51 : f01f;
0F52 : a7b1;
0F53 : 2020;
0F54 : 4021;
0F55 : f0ff;
0F56 : eeab;
0F57 : e001;
0F58 : 28ab;
0F59 : 7e0b;
0F5A : 8ecb;
0F5B : decb;
0F5C : 013e;
0F5D : 7fea;
0F5E : c9df;
0F5F : 9ecb;
0F60 : cecb;
0F61 : 023e;
0F62 : 7fea;
0F63 : c9df;
0F64 : cbf0;
0F65 : 30fe;
0F66 : f0c0;
0F67 : eeab;
0F68 : e001;
0F69 : 28ab;
0F6A : cd50;
0F6B : 1ee9;
0F6C : 3118;
0F6D : abf0;
0F6E : 20a7;
0F6F : f039;
0F70 : fed0;
0F71 : c090;
0F72 : e9cd;
0F73 : 181e;
0F74 : 3e2f;
0F75 : e001;
0F76 : eaab;
0F77 : df7f;
0F78 : 4c21;
0F79 : 1198;
0F7A : 0da8;
0F7B : fe1a;
0F7C : c8fd;
0F7D : 56cd;
0F7E : 131f;
0F7F : 1823;
0F80 : f0f5;
0F81 : a7b1;
0F82 : f0c8;
0F83 : fecb;
0F84 : 2030;
0F85 : f0cf;
0F86 : a7ab;
0F87 : 3ec8;
0F88 : e090;
0F89 : cdcf;
0F8A : 2c4f;
0F8B : c9e1;
0F8C : e0af;
0F8D : f0cf;
0F8E : fed0;
0F8F : 2890;
0F90 : fe16;
0F91 : 28e0;
0F92 : 3e12;
0F93 : ea02;
0F94 : df7f;
0F95 : e0af;
0F96 : 21ab;
0F97 : 984c;
0F98 : 4e11;
0F99 : cd1f;
0F9A : 1ef6;
0F9B : cdc9;
0F9C : 2c4f;
0F9D : c9e1;
0F9E : ee21;
0F9F : 0e98;
0FA0 : 1105;
0FA1 : 0da8;
0FA2 : cd1a;
0FA3 : 1f56;
0FA4 : 2c13;
0FA5 : 200d;
0FA6 : c9f7;
0FA7 : 2f0d;
0FA8 : 0a16;
0FA9 : 121b;
0FAA : fd18;
0FAB : 47f3;
0FAC : 41f0;
0FAD : 03e6;
0FAE : fa20;
0FAF : fb70;
0FB0 : 06c9;
0FB1 : 2102;
0FB2 : c010;
0FB3 : fe2a;
0FB4 : 3098;
0FB5 : d625;
0FB6 : 5f18;
0FB7 : fe2a;
0FB8 : 3811;
0FB9 : fe1d;
0FBA : 3058;
0FBB : fe19;
0FBC : 2818;
0FBD : d605;
0FBE : 1c08;
0FBF : f718;
0FC0 : c816;
0FC1 : fe1a;
0FC2 : 20ff;
0FC3 : 2c09;
0FC4 : 052c;
0FC5 : da20;
0FC6 : e0af;
0FC7 : c99b;
0FC8 : 013e;
0FC9 : 9be0;
0FCA : f0c9;
0FCB : fe98;
0FCC : c001;
0FCD : 1021;
0FCE : 06c0;
0FCF : 2a02;
0FD0 : b2e0;
0FD1 : e02a;
0FD2 : e5b3;
0FD3 : cdc5;
0FD4 : 2359;
0FD5 : d1e5;
0FD6 : e1c1;
0FD7 : fe7a;
0FD8 : 2098;
0FD9 : 7b1f;
0FDA : f0e6;
0FDB : 20fe;
0FDC : 2228;
0FDD : 40fe;
0FDE : 1420;
0FDF : fe7b;
0FE0 : 2845;
0FE1 : fe0f;
0FE2 : 2846;
0FE3 : 7e0b;
0FE4 : f0e6;
0FE5 : b0fe;
0FE6 : 0420;
0FE7 : c67e;
0FE8 : 7710;
0FE9 : f0f3;
0FEA : e641;
0FEB : 2003;
0FEC : 7efa;
0FED : fb12;
0FEE : 2c2c;
0FEF : 2005;
0FF0 : 06be;
0FF1 : 2101;
0FF2 : c010;
0FF3 : 66cd;
0FF4 : 211f;
0FF5 : c012;
0FF6 : e67b;
0FF7 : 28f8;
0FF8 : 7e02;
0FF9 : 0612;
0FFA : 2101;
0FFB : c014;
0FFC : 66cd;
0FFD : 211f;
0FFE : c016;
0FFF : e67b;
1000 : 28f8;
1001 : 7e02;
1002 : 2112;
1003 : c200;
1004 : 8036;
1005 : 2acd;
1006 : 3e20;
1007 : e002;
1008 : 3e98;
1009 : ea01;
100A : dff8;
100B : 3ec9;
100C : e002;
100D : 3e8f;
100E : e010;
100F : 3e8e;
1010 : e0c0;
1011 : 218d;
1012 : c200;
1013 : 90cd;
1014 : c923;
1015 : 013e;
1016 : 8fe0;
1017 : 103e;
1018 : 8ee0;
1019 : c03e;
101A : 8de0;
101B : 0021;
101C : cdc2;
101D : 2390;
101E : 3ec9;
101F : e001;
1020 : 3e8f;
1021 : e018;
1022 : 3e8e;
1023 : e0c0;
1024 : 218d;
1025 : c210;
1026 : 90cd;
1027 : c923;
1028 : 2006;
1029 : 8e3e;
102A : 2011;
102B : 7700;
102C : 0519;
102D : fb20;
102E : fbc9;
102F : faf5;
1030 : d054;
1031 : 20a7;
1032 : f005;
1033 : a7e4;
1034 : 0f20;
1035 : eaaf;
1036 : d054;
1037 : d5c5;
1038 : cde5;
1039 : 7ff0;
103A : d1e1;
103B : f1c1;
103C : afd9;
103D : e0ea;
103E : eadf;
103F : dff8;
1040 : e818;
1041 : 00d9;
1042 : 3020;
1043 : 0000;
1044 : 0000;
1045 : 00ff;
1046 : 6a3b;
1047 : 0000;
1048 : 0000;
1049 : 00ff;
104A : 3014;
104B : 0000;
104C : 0000;
104D : 00ff;
104E : 6a3b;
104F : 0010;
1050 : 0000;
1051 : 21ff;
1052 : 9bff;
1053 : 0001;
1054 : 3e04;
1055 : 32ff;
1056 : 780b;
1057 : 20b1;
1058 : c9f8;
1059 : 122a;
105A : 0b13;
105B : b178;
105C : f820;
105D : 21c9;
105E : 3daa;
105F : 0011;
1060 : 0180;
1061 : 17ff;
1062 : b2cd;
1063 : c920;
1064 : 21c9;
1065 : 9800;
1066 : 1206;
1067 : 0ee5;
1068 : 1a14;
1069 : 1322;
106A : 200d;
106B : e1fa;
106C : 11d5;
106D : 0020;
106E : d119;
106F : 2005;
1070 : c9ed;
1071 : 0021;
1072 : 069c;
1073 : e518;
1074 : 090e;
1075 : 221a;
1076 : 0d13;
1077 : fa20;
1078 : d5e1;
1079 : 2011;
107A : 1900;
107B : 05d1;
107C : ed20;
107D : 11c9;
107E : dfe8;
107F : e0af;
1080 : fade;
1081 : d042;
1082 : 20a7;
1083 : 3e18;
1084 : 1204;
1085 : 0021;
1086 : 2ad0;
1087 : 03fe;
1088 : 0528;
1089 : fe7e;
108A : 2003;
108B : 3e03;
108C : 1206;
108D : 013e;
108E : 42ea;
108F : cdd0;
1090 : 279c;
1091 : eff0;
1092 : c0a7;
1093 : f4f0;
1094 : fdfe;
1095 : 0520;
1096 : 93cd;
1097 : 1813;
1098 : cd03;
1099 : 2181;
109A : cbf0;
109B : 30fe;
109C : 0728;
109D : d0f0;
109E : e8fe;
109F : 0e28;
10A0 : f0c9;
10A1 : fe81;
10A2 : c008;
10A3 : a7f0;
10A4 : c0a7;
10A5 : e83e;
10A6 : cfe0;
10A7 : 833e;
10A8 : 40e0;
10A9 : a6cd;
10AA : af10;
10AB : 4bea;
10AC : cdd0;
10AD : 2172;
10AE : f3cd;
10AF : cd7f;
10B0 : 1e39;
10B1 : 83cd;
10B2 : 3e0b;
10B3 : e010;
10B4 : 3eef;
10B5 : e015;
10B6 : afe1;
10B7 : 42ea;
10B8 : c9d0;
10B9 : 2321;
10BA : 11c0;
10BB : 0004;
10BC : 0a06;
10BD : becb;
10BE : 0519;
10BF : fa20;
10C0 : f0c9;
10C1 : e6e2;
10C2 : c00f;
10C3 : 2221;
10C4 : 11c0;
10C5 : 0004;
10C6 : 3f01;
10C7 : 0ad0;
10C8 : 01ee;
10C9 : 2802;
10CA : cd0d;
10CB : 1025;
10CC : 0ac9;
10CD : fdfe;
10CE : 77c8;
10CF : 0319;
10D0 : f718;
10D1 : ab01;
10D2 : 1821;
10D3 : fff2;
10D4 : 1d1c;
10D5 : 3cfd;
10D6 : 2f2e;
10D7 : affd;
10D8 : 98e0;
10D9 : c0e0;
10DA : 9ccd;
10DB : f027;
10DC : a7ef;
10DD : 06c0;
10DE : fa14;
10DF : d000;
10E0 : 03fe;
10E1 : d1d2;
10E2 : fa21;
10E3 : d001;
10E4 : 03fe;
10E5 : d1d2;
10E6 : 0621;
10E7 : 1809;
10E8 : 210b;
10E9 : d000;
10EA : 22af;
10EB : c577;
10EC : 40cd;
10ED : c11e;
10EE : e078;
10EF : cde1;
10F0 : 1e39;
10F1 : cdc9;
10F2 : 2250;
10F3 : e0af;
10F4 : 11e4;
10F5 : 8000;
10F6 : aa21;
10F7 : 014d;
10F8 : 0300;
10F9 : b2cd;
10FA : 1120;
10FB : 5aca;
10FC : c9cd;
10FD : f020;
10FE : 3cb1;
10FF : 44ea;
1100 : 2198;
1101 : c000;
1102 : e711;
1103 : df05;
1104 : cdc9;
1105 : 0653;
1106 : 28cd;
1107 : cd09;
1108 : 0af5;
1109 : 833e;
110A : 40e0;
110B : e0af;
110C : e0cf;
110D : 21d0;
110E : 9863;
110F : 933e;
1110 : 0201;
1111 : cd03;
1112 : 0b4c;
1113 : 6f21;
1114 : 3e98;
1115 : 0195;
1116 : 0203;
1117 : 4ccd;
1118 : 210b;
1119 : 9864;
111A : 943e;
111B : 0b06;
111C : 42cd;
111D : 210b;
111E : 98a4;
111F : 993e;
1120 : 0b06;
1121 : 42cd;
1122 : 210b;
1123 : dfe9;
1124 : 033e;
1125 : c8be;
1126 : e8ea;
1127 : c9df;
1128 : fff0;
1129 : a1e0;
112A : 87cb;
112B : ffe0;
112C : 44f0;
112D : 91fe;
112E : fa20;
112F : 40f0;
1130 : 7fe6;
1131 : 40e0;
1132 : e0af;
1133 : f00f;
1134 : e0a1;
1135 : c9ff;
1136 : b1f0;
1137 : c0a7;
1138 : 5921;
1139 : 11c8;
113A : 1104;
113B : 90cd;
113C : c90d;
113D : b1f0;
113E : c0a7;
113F : 5a21;
1140 : 11c8;
1141 : 10ff;
1142 : 90cd;
1143 : c90d;
1144 : b1f0;
1145 : c8a7;
1146 : 4821;
1147 : 11c8;
1148 : 110a;
1149 : 90cd;
114A : c90d;
114B : b1f0;
114C : c8a7;
114D : 3021;
114E : 11c8;
114F : 1113;
1150 : 90cd;
1151 : c90d;
1152 : 4a21;
1153 : f0c8;
1154 : fef4;
1155 : 20fd;
1156 : 2103;
1157 : c832;
1158 : 3411;
1159 : cd11;
115A : 0d90;
115B : 21c9;
115C : c828;
115D : 5806;
115E : fe3e;
115F : 87cd;
1160 : c926;
1161 : 4021;
1162 : 06c8;
1163 : 3e40;
1164 : cdfe;
1165 : 2687;
1166 : 21c9;
1167 : c850;
1168 : 3006;
1169 : fe3e;
116A : 87cd;
116B : c926;
116C : b1f0;
116D : 28a7;
116E : f02c;
116F : fecb;
1170 : 2860;
1171 : 2113;
1172 : c872;
1173 : 1c11;
1174 : cd11;
1175 : 0d90;
1176 : 7921;
1177 : 11c8;
1178 : 1121;
1179 : 90cd;
117A : c90d;
117B : 7121;
117C : 11c8;
117D : 1128;
117E : 90cd;
117F : 210d;
1180 : c87a;
1181 : 2f11;
1182 : cd11;
1183 : 0d90;
1184 : 21c9;
1185 : c869;
1186 : 1c11;
1187 : cd11;
1188 : 0d90;
1189 : 7221;
118A : 11c8;
118B : 1121;
118C : 90cd;
118D : c90d;
118E : 203e;
118F : 00e0;
1190 : 00f0;
1191 : 00f0;
1192 : 00f0;
1193 : 00f0;
1194 : e62f;
1195 : cb0f;
1196 : 4737;
1197 : 103e;
1198 : 00e0;
1199 : 00f0;
119A : 00f0;
119B : 00f0;
119C : 00f0;
119D : 00f0;
119E : 00f0;
119F : 00f0;
11A0 : 00f0;
11A1 : 00f0;
11A2 : 00f0;
11A3 : e62f;
11A4 : b00f;
11A5 : f04f;
11A6 : a980;
11A7 : e0a1;
11A8 : 7981;
11A9 : 80e0;
11AA : 303e;
11AB : 00e0;
11AC : f0c9;
11AD : d6b2;
11AE : cb10;
11AF : cb3f;
11B0 : cb3f;
11B1 : 113f;
11B2 : 0000;
11B3 : 215f;
11B4 : 9800;
11B5 : 2006;
11B6 : 0519;
11B7 : fc20;
11B8 : b3f0;
11B9 : 08d6;
11BA : 3fcb;
11BB : 3fcb;
11BC : 3fcb;
11BD : 0011;
11BE : 5f00;
11BF : 7c19;
11C0 : b5e0;
11C1 : e07d;
11C2 : c9b4;
11C3 : c03e;
11C4 : 46e0;
11C5 : 283e;
11C6 : 203d;
11C7 : c9fd;
11C8 : e07c;
11C9 : 7d96;
11CA : 97e0;
11CB : a77e;
11CC : 1d28;
11CD : 80fe;
11CE : 1728;
11CF : 96f0;
11D0 : f067;
11D1 : 6f97;
11D2 : 1011;
11D3 : 1900;
11D4 : 8ff0;
11D5 : e03d;
11D6 : c88f;
11D7 : e018;
11D8 : e0af;
11D9 : 1895;
11DA : e0e9;
11DB : 0695;
11DC : 1107;
11DD : ff86;
11DE : 122a;
11DF : 0513;
11E0 : fa20;
11E1 : 89f0;
11E2 : 6b21;
11E3 : 0724;
11E4 : 165f;
11E5 : 1900;
11E6 : 235e;
11E7 : 1a56;
11E8 : 136f;
11E9 : 671a;
11EA : 1a13;
11EB : 90e0;
11EC : 1a13;
11ED : 91e0;
11EE : 235e;
11EF : 2356;
11F0 : 8cf0;
11F1 : 94e0;
11F2 : fe7e;
11F3 : 28ff;
11F4 : fec7;
11F5 : 20fd;
11F6 : f00e;
11F7 : ee8c;
11F8 : e020;
11F9 : 2394;
11FA : 187e;
11FB : 1308;
11FC : 1813;
11FD : fee4;
11FE : 28fe;
11FF : e0f8;
1200 : f089;
1201 : 4787;
1202 : 4f1a;
1203 : 8bf0;
1204 : 77cb;
1205 : 0620;
1206 : 90f0;
1207 : 8980;
1208 : 0a18;
1209 : f578;
120A : 90f0;
120B : f147;
120C : 9990;
120D : 08de;
120E : 93e0;
120F : 88f0;
1210 : 1347;
1211 : 131a;
1212 : f04f;
1213 : cb8b;
1214 : 206f;
1215 : f006;
1216 : 8091;
1217 : 1889;
1218 : 780a;
1219 : f0f5;
121A : 4791;
121B : 90f1;
121C : de99;
121D : e008;
121E : e592;
121F : 8df0;
1220 : f067;
1221 : 6f8e;
1222 : 95f0;
1223 : 28a7;
1224 : 3e04;
1225 : 18ff;
1226 : f002;
1227 : 2293;
1228 : 92f0;
1229 : f022;
122A : 2289;
122B : 94f0;
122C : f047;
122D : b08b;
122E : f047;
122F : b08a;
1230 : 7c22;
1231 : 8de0;
1232 : e07d;
1233 : e18e;
1234 : dfc3;
1235 : 9b23;
1236 : 9f24;
1237 : a324;
1238 : a724;
1239 : ab24;
123A : af24;
123B : b324;
123C : b724;
123D : bb24;
123E : bf24;
123F : c324;
1240 : c724;
1241 : cb24;
1242 : cf24;
1243 : d324;
1244 : d724;
1245 : db24;
1246 : df24;
1247 : e324;
1248 : e724;
1249 : eb24;
124A : ef24;
124B : f324;
124C : f724;
124D : fb24;
124E : ff24;
124F : 0000;
1250 : f725;
1251 : 0500;
1252 : ff25;
1253 : 0a00;
1254 : f725;
1255 : 0f00;
1256 : ff25;
1257 : 1400;
1258 : f725;
1259 : 1900;
125A : ff25;
125B : 1e00;
125C : f725;
125D : 2300;
125E : ff25;
125F : 2800;
1260 : f725;
1261 : 2d00;
1262 : ff25;
1263 : 3200;
1264 : f725;
1265 : 3700;
1266 : ff25;
1267 : 3c00;
1268 : f725;
1269 : 4100;
126A : ff25;
126B : 4600;
126C : f725;
126D : 4b00;
126E : ff25;
126F : 5000;
1270 : f725;
1271 : 5500;
1272 : ff25;
1273 : 5a00;
1274 : f725;
1275 : 5f00;
1276 : ff25;
1277 : 6400;
1278 : f725;
1279 : 6900;
127A : ff25;
127B : 6e00;
127C : f725;
127D : 7300;
127E : 8025;
127F : ff90;
1280 : 2577;
1281 : b0a0;
1282 : 73ff;
1283 : 8025;
1284 : ff90;
1285 : 2577;
1286 : b0a0;
1287 : 73ff;
1288 : 8025;
1289 : ff91;
128A : 2577;
128B : b1a0;
128C : 73ff;
128D : 8125;
128E : ff90;
128F : 2577;
1290 : b0a1;
1291 : 73ff;
1292 : 8025;
1293 : ff92;
1294 : 2577;
1295 : b2a0;
1296 : 73ff;
1297 : 8225;
1298 : ff90;
1299 : 2577;
129A : b0a2;
129B : 73ff;
129C : 8125;
129D : ff91;
129E : 2577;
129F : b1a1;
12A0 : 73ff;
12A1 : 8125;
12A2 : ff91;
12A3 : 2577;
12A4 : b1a1;
12A5 : 73ff;
12A6 : 8125;
12A7 : ff92;
12A8 : 2577;
12A9 : b2a1;
12AA : 73ff;
12AB : 8225;
12AC : ff91;
12AD : 2577;
12AE : b1a2;
12AF : 73ff;
12B0 : 8225;
12B1 : ff92;
12B2 : 2577;
12B3 : b2a2;
12B4 : 73ff;
12B5 : 8225;
12B6 : ff92;
12B7 : 2577;
12B8 : b2a2;
12B9 : 00ff;
12BA : 0000;
12BB : 0008;
12BC : 0800;
12BD : f000;
12BE : a7e0;
12BF : 1ac8;
12C0 : e61d;
12C1 : 280f;
12C2 : 2207;
12C3 : 030e;
12C4 : 013e;
12C5 : 0418;
12C6 : 0e2c;
12C7 : af03;
12C8 : e0e0;
12C9 : 471a;
12CA : 37cb;
12CB : 0fe6;
12CC : 2820;
12CD : e0f0;
12CE : 3ea7;
12CF : 2000;
12D0 : 3e02;
12D1 : 22fe;
12D2 : e678;
12D3 : 200f;
12D4 : f021;
12D5 : a7e0;
12D6 : 003e;
12D7 : 0920;
12D8 : 013e;
12D9 : 3eb9;
12DA : 2800;
12DB : 3e02;
12DC : 22fe;
12DD : 0d1d;
12DE : d420;
12DF : e0af;
12E0 : c9e0;
12E1 : 3ef5;
12E2 : e001;
12E3 : f1e0;
12E4 : d918;
12E5 : 3ef5;
12E6 : e001;
12E7 : f1e0;
12E8 : e718;
12E9 : b221;
12EA : 1198;
12EB : 2729;
12EC : 0306;
12ED : adf0;
12EE : 04fe;
12EF : 0a28;
12F0 : 2c11;
12F1 : fe27;
12F2 : 2803;
12F3 : 1103;
12F4 : 272f;
12F5 : 771a;
12F6 : 11d5;
12F7 : 0020;
12F8 : d119;
12F9 : 0513;
12FA : f420;
12FB : 8ccd;
12FC : f026;
12FD : a7b1;
12FE : 0b20;
12FF : 96cd;
1300 : cd26;
1301 : 26da;
1302 : 0ecd;
1303 : 1827;
1304 : 210c;
1305 : d000;
1306 : 32cd;
1307 : 2127;
1308 : d001;
1309 : 57cd;
130A : 2127;
130B : c800;
130C : 8006;
130D : ff3e;
130E : 87cd;
130F : af26;
1310 : 9de0;
1311 : 9ce0;
1312 : 9fe0;
1313 : c6e0;
1314 : c7e0;
1315 : c8e0;
1316 : c9e0;
1317 : cae0;
1318 : cee0;
1319 : d1e0;
131A : d2e0;
131B : d3e0;
131C : d4e0;
131D : d5e0;
131E : d6e0;
131F : d7e0;
1320 : d8e0;
1321 : d9e0;
1322 : 803e;
1323 : dae0;
1324 : e0af;
1325 : e0db;
1326 : e0dc;
1327 : e0dd;
1328 : e0de;
1329 : e0e5;
132A : e0e6;
132B : e0e7;
132C : e0e8;
132D : e0ef;
132E : e0f0;
132F : e0f3;
1330 : e0f4;
1331 : e0f5;
1332 : e0f6;
1333 : e0f7;
1334 : e0f8;
1335 : e0f9;
1336 : e0fa;
1337 : e0fb;
1338 : 21fc;
1339 : d002;
133A : 06af;
133B : cd63;
133C : 2687;
133D : 033e;
133E : af22;
133F : 2222;
1340 : 983e;
1341 : 3e22;
1342 : 227f;
1343 : 22c9;
1344 : 2005;
1345 : c9fc;
1346 : 2021;
1347 : 11c0;
1348 : 26a0;
1349 : 94cd;
134A : c927;
134B : 4821;
134C : 11c0;
134D : 26c9;
134E : 94cd;
134F : c927;
1350 : 7435;
1351 : 10ff;
1352 : 743d;
1353 : 1004;
1354 : 7c35;
1355 : 1002;
1356 : 7c3d;
1357 : 1005;
1358 : 7c2d;
1359 : 1000;
135A : 7c45;
135B : 1007;
135C : 842d;
135D : 1001;
135E : 8435;
135F : 1003;
1360 : 843d;
1361 : 1006;
1362 : 8445;
1363 : 1008;
1364 : 8dfd;
1365 : 206b;
1366 : 8d10;
1367 : 2173;
1368 : 9510;
1369 : 306b;
136A : 9510;
136B : 3173;
136C : fd10;
136D : 5821;
136E : 11c0;
136F : 26ec;
1370 : b1f0;
1371 : 28a7;
1372 : 1103;
1373 : 26fd;
1374 : 94cd;
1375 : c927;
1376 : 7b8d;
1377 : 1040;
1378 : 838d;
1379 : 1041;
137A : 7b95;
137B : 1050;
137C : 8395;
137D : 1051;
137E : 75fd;
137F : 4038;
1380 : 7510;
1381 : 4140;
1382 : 7d10;
1383 : 5038;
1384 : 7d10;
1385 : 5140;
1386 : fd10;
1387 : 6821;
1388 : 11c0;
1389 : 2718;
138A : 94cd;
138B : c927;
138C : 8b8d;
138D : 1060;
138E : 938d;
138F : 1061;
1390 : 8b95;
1391 : 1070;
1392 : 9395;
1393 : 1071;
1394 : 15fd;
1395 : 2018;
1396 : 0e16;
1397 : 110d;
1398 : fe12;
1399 : a77e;
139A : 4fc8;
139B : 2141;
139C : c07c;
139D : 0411;
139E : 1900;
139F : 2005;
13A0 : e5fc;
13A1 : 7821;
13A2 : 4127;
13A3 : 0519;
13A4 : fc20;
13A5 : 06d1;
13A6 : 2a04;
13A7 : 1312;
13A8 : 2005;
13A9 : 0dfa;
13AA : e020;
13AB : 7ec9;
13AC : c8a7;
13AD : 414f;
13AE : 8821;
13AF : 11c0;
13B0 : 0004;
13B1 : 0519;
13B2 : fc20;
13B3 : 21e5;
13B4 : 2784;
13B5 : 1941;
13B6 : 2005;
13B7 : d1fc;
13B8 : 0406;
13B9 : 122a;
13BA : 0513;
13BB : fa20;
13BC : 200d;
13BD : c9e0;
13BE : 6860;
13BF : 002c;
13C0 : 7060;
13C1 : 002c;
13C2 : 7860;
13C3 : 002c;
13C4 : 8860;
13C5 : 002c;
13C6 : 9060;
13C7 : 002c;
13C8 : 9860;
13C9 : 002c;
13CA : fe1a;
13CB : c8fd;
13CC : 1322;
13CD : f818;
13CE : c0f0;
13CF : 20a7;
13D0 : f012;
13D1 : a7b1;
13D2 : 0628;
13D3 : f1fa;
13D4 : a7c4;
13D5 : 0b20;
13D6 : 98f0;
13D7 : 02fe;
13D8 : 2aca;
13D9 : cd28;
13DA : 2c4f;
13DB : 21c9;
13DC : ffd3;
13DD : 98f0;
13DE : 02fe;
13DF : 1720;
13E0 : cef0;
13E1 : 20a7;
13E2 : f012;
13E3 : fec4;
13E4 : 3805;
13E5 : f00c;
13E6 : a7de;
13E7 : 0728;
13E8 : 013e;
13E9 : 8bea;
13EA : e0df;
13EB : cdce;
13EC : 0771;
13ED : 772c;
13EE : 0411;
13EF : 2100;
13F0 : c052;
13F1 : d2f0;
13F2 : eecd;
13F3 : f027;
13F4 : cdd4;
13F5 : 27ee;
13F6 : be18;
13F7 : cb47;
13F8 : e637;
13F9 : cd0f;
13FA : 27fd;
13FB : e678;
13FC : cd0f;
13FD : 27fd;
13FE : fec9;
13FF : 3008;
1400 : fe0a;
1401 : 3004;
1402 : 0e0e;
1403 : cd4c;
1404 : 281b;
1405 : 0ec9;
1406 : d668;
1407 : cd08;
1408 : 281b;
1409 : 0ec9;
140A : d66c;
140B : cd04;
140C : 281b;
140D : a7c9;
140E : 0428;
140F : 3d0c;
1410 : f918;
1411 : 1971;
1412 : c679;
1413 : 7710;
1414 : c919;
1415 : 2ecd;
1416 : c928;
1417 : 9cf0;
1418 : 41ef;
1419 : 0928;
141A : 432a;
141B : d92b;
141C : 7f2b;
141D : fb2c;
141E : 062c;
141F : 222d;
1420 : f02e;
1421 : a7b1;
1422 : 3328;
1423 : 8a11;
1424 : 21df;
1425 : c80b;
1426 : fe2a;
1427 : 20ff;
1428 : 7e21;
1429 : fffe;
142A : 1c20;
142B : 132e;
142C : fe2a;
142D : 20ff;
142E : 7e15;
142F : fffe;
1430 : 1020;
1431 : 1b2e;
1432 : fe2a;
1433 : 20ff;
1434 : 7e09;
1435 : fffe;
1436 : 0420;
1437 : 12af;
1438 : 0718;
1439 : a71a;
143A : 0320;
143B : 013e;
143C : 2112;
143D : c808;
143E : dccd;
143F : 2e29;
1440 : cd10;
1441 : 28cb;
1442 : 182e;
1443 : dccd;
1444 : 2e29;
1445 : cd20;
1446 : 28cb;
1447 : 282e;
1448 : dccd;
1449 : 2e29;
144A : cd30;
144B : 28cb;
144C : 382e;
144D : dccd;
144E : 2e29;
144F : cd40;
1450 : 28cb;
1451 : 482e;
1452 : dccd;
1453 : 2e29;
1454 : cd50;
1455 : 28cb;
1456 : 582e;
1457 : dccd;
1458 : 2e29;
1459 : cd60;
145A : 28cb;
145B : 682e;
145C : dccd;
145D : 2e29;
145E : cd70;
145F : 28cb;
1460 : 782e;
1461 : dccd;
1462 : 3e29;
1463 : e001;
1464 : c99c;
1465 : 7d2c;
1466 : 0fe6;
1467 : 05fe;
1468 : 7ed0;
1469 : fffe;
146A : f428;
146B : 0fe6;
146C : 0e47;
146D : 0c00;
146E : 7d2c;
146F : 0fe6;
1470 : 08fe;
1471 : 0628;
1472 : e67e;
1473 : b80f;
1474 : f128;
1475 : fe79;
1476 : 3804;
1477 : cddc;
1478 : 28f9;
1479 : cde5;
147A : 29c8;
147B : 18e1;
147C : 3ed2;
147D : e001;
147E : 7d9f;
147F : 6f91;
1480 : 07cd;
1481 : 0d29;
1482 : fa20;
1483 : 7ec9;
1484 : e0fe;
1485 : 0a38;
1486 : 0d28;
1487 : e1fe;
1488 : 3a28;
1489 : e2fe;
148A : 5228;
148B : 0f3e;
148C : 22a6;
148D : e5c9;
148E : b1f0;
148F : 20a7;
1490 : 2114;
1491 : ffd5;
1492 : f035;
1493 : cbdb;
1494 : 2857;
1495 : cb06;
1496 : e0ff;
1497 : 18db;
1498 : cb04;
1499 : e0d7;
149A : 21db;
149B : ffd1;
149C : 2c35;
149D : d67e;
149E : 2701;
149F : 2177;
14A0 : d00f;
14A1 : e134;
14A2 : f03e;
14A3 : 22b6;
14A4 : 84cd;
14A5 : c929;
14A6 : f0e5;
14A7 : a7b1;
14A8 : e320;
14A9 : d621;
14AA : 35ff;
14AB : dbf0;
14AC : 4fcb;
14AD : 0628;
14AE : f7cb;
14AF : dbe0;
14B0 : d318;
14B1 : cfcb;
14B2 : dbe0;
14B3 : cd18;
14B4 : f0e5;
14B5 : a7b1;
14B6 : c720;
14B7 : d721;
14B8 : 35ff;
14B9 : dbf0;
14BA : 47cb;
14BB : 0628;
14BC : efcb;
14BD : dbe0;
14BE : b718;
14BF : c7cb;
14C0 : dbe0;
14C1 : b118;
14C2 : f0f5;
14C3 : a7b1;
14C4 : 2720;
14C5 : d5c5;
14C6 : 1ee5;
14C7 : f000;
14C8 : fead;
14C9 : 2802;
14CA : fe1e;
14CB : 2803;
14CC : 161e;
14CD : cd01;
14CE : 29bb;
14CF : a021;
14D0 : cdc0;
14D1 : 0181;
14D2 : e821;
14D3 : 34ff;
14D4 : fe7e;
14D5 : 3806;
14D6 : 3501;
14D7 : d1e1;
14D8 : f1c1;
14D9 : 16c9;
14DA : 1803;
14DB : 16e4;
14DC : 1802;
14DD : f0e0;
14DE : a7e8;
14DF : 47c8;
14E0 : 827a;
14E1 : 5727;
14E2 : 2005;
14E3 : c9fa;
14E4 : 0fe6;
14E5 : 0447;
14E6 : d821;
14E7 : 7eff;
14E8 : c0e6;
14E9 : cbc0;
14EA : cb26;
14EB : 7e26;
14EC : 77b0;
14ED : 2cc9;
14EE : e67d;
14EF : c80f;
14F0 : 0dfe;
14F1 : 7ed0;
14F2 : fffe;
14F3 : f328;
14F4 : 0fe6;
14F5 : 0e47;
14F6 : 0c00;
14F7 : 7d2c;
14F8 : 0fe6;
14F9 : 0628;
14FA : e67e;
14FB : b80f;
14FC : f328;
14FD : fe79;
14FE : 3804;
14FF : cddd;
1500 : 28f9;
1501 : cde5;
1502 : 29c8;
1503 : 18e1;
1504 : 11d3;
1505 : 0008;
1506 : 0821;
1507 : cdc8;
1508 : 2a85;
1509 : 092e;
150A : 85cd;
150B : 2e2a;
150C : cd0a;
150D : 2a85;
150E : 0b2e;
150F : 85cd;
1510 : 2e2a;
1511 : cd0c;
1512 : 2a85;
1513 : 0d2e;
1514 : 85cd;
1515 : 2e2a;
1516 : cd0e;
1517 : 2a85;
1518 : 0f2e;
1519 : 85cd;
151A : 212a;
151B : ff9f;
151C : a77e;
151D : 2a20;
151E : e0af;
151F : f0e8;
1520 : e6d8;
1521 : 28fc;
1522 : 470c;
1523 : b1f0;
1524 : 28a7;
1525 : 3e22;
1526 : e001;
1527 : 18dd;
1528 : af03;
1529 : d8e0;
152A : 063e;
152B : 9ce0;
152C : f321;
152D : 34ff;
152E : fe7e;
152F : c00a;
1530 : 77af;
1531 : b0cd;
1532 : c90d;
1533 : 77af;
1534 : 023e;
1535 : 9ce0;
1536 : 0ec9;
1537 : 7808;
1538 : f0e6;
1539 : 0620;
153A : ea79;
153B : dfe0;
153C : d718;
153D : 0b0e;
153E : c0e6;
153F : f428;
1540 : 0d0e;
1541 : f018;
1542 : 7d19;
1543 : 68fe;
1544 : 7ed0;
1545 : fffe;
1546 : f628;
1547 : 0fe6;
1548 : 0e47;
1549 : 0c00;
154A : 7d19;
154B : 80fe;
154C : 0630;
154D : e67e;
154E : b80f;
154F : f328;
1550 : fe79;
1551 : 3804;
1552 : cde0;
1553 : 2aaf;
1554 : cde5;
1555 : 29c8;
1556 : 18e1;
1557 : 3ed6;
1558 : e001;
1559 : 439f;
155A : 917d;
155B : 2005;
155C : 6ffc;
155D : c1cd;
155E : 0d2a;
155F : fa20;
1560 : 7ec9;
1561 : e0fe;
1562 : 0a38;
1563 : 0e28;
1564 : e1fe;
1565 : 3f28;
1566 : e2fe;
1567 : 5728;
1568 : 0f3e;
1569 : 77a6;
156A : c919;
156B : f0e5;
156C : a7b1;
156D : 1420;
156E : d521;
156F : 35ff;
1570 : dbf0;
1571 : 57cb;
1572 : 0628;
1573 : ffcb;
1574 : dbe0;
1575 : 0418;
1576 : d7cb;
1577 : dbe0;
1578 : d121;
1579 : 35ff;
157A : 7e2c;
157B : 01d6;
157C : 7727;
157D : 3ee1;
157E : b6f0;
157F : f577;
1580 : cd19;
1581 : 2984;
1582 : 013e;
1583 : 41ea;
1584 : f1d0;
1585 : e5c9;
1586 : b1f0;
1587 : 20a7;
1588 : 21df;
1589 : ffd6;
158A : f035;
158B : cbdb;
158C : 284f;
158D : cb06;
158E : e0f7;
158F : 18db;
1590 : cbcf;
1591 : e0cf;
1592 : 18db;
1593 : e5c9;
1594 : b1f0;
1595 : 20a7;
1596 : 21c3;
1597 : ffd7;
1598 : f035;
1599 : cbdb;
159A : 2847;
159B : cb06;
159C : e0ef;
159D : 18db;
159E : cbb3;
159F : e0c7;
15A0 : 18db;
15A1 : 21ad;
15A2 : c800;
15A3 : 8006;
15A4 : e548;
15A5 : 6acd;
15A6 : e12b;
15A7 : 7acd;
15A8 : 062b;
15A9 : 2105;
15AA : d041;
15AB : a77e;
15AC : 0328;
15AD : 77af;
15AE : 7804;
15AF : e0ea;
15B0 : 3edf;
15B1 : e010;
15B2 : 3eef;
15B3 : e003;
15B4 : c99c;
15B5 : e62a;
15B6 : ccf0;
15B7 : 2b74;
15B8 : 200d;
15B9 : c9f7;
15BA : 7e2d;
15BB : d0c6;
15BC : c922;
15BD : e62a;
15BE : fef0;
15BF : 2880;
15C0 : fe10;
15C1 : 2890;
15C2 : fe1a;
15C3 : 28a0;
15C4 : fe28;
15C5 : 28b0;
15C6 : 0538;
15C7 : ea20;
15C8 : 7ec9;
15C9 : f0e6;
15CA : 90fe;
15CB : f528;
15CC : 7e2d;
15CD : 40c6;
15CE : 1822;
15CF : e5ee;
15D0 : 2d2d;
15D1 : e17e;
15D2 : f0e6;
15D3 : 80fe;
15D4 : e328;
15D5 : 7e2d;
15D6 : 30c6;
15D7 : 1822;
15D8 : e5dc;
15D9 : c67d;
15DA : 6f07;
15DB : e17e;
15DC : f0e6;
15DD : b0fe;
15DE : cf28;
15DF : 7e2d;
15E0 : 20c6;
15E1 : 1822;
15E2 : e5c8;
15E3 : d67d;
15E4 : 6f09;
15E5 : e17e;
15E6 : f0e6;
15E7 : a0fe;
15E8 : bb28;
15E9 : 7e2d;
15EA : 10c6;
15EB : 1822;
15EC : cdb4;
15ED : 2c4f;
15EE : a77e;
15EF : f0c0;
15F0 : a7d1;
15F1 : 1620;
15F2 : b1f0;
15F3 : 28a7;
15F4 : 3e48;
15F5 : e0f8;
15F6 : e0cf;
15F7 : aff4;
15F8 : 0eea;
15F9 : e0d0;
15FA : 3e9c;
15FB : e017;
15FC : c9e1;
15FD : c4f0;
15FE : 05fe;
15FF : 1e38;
1600 : d3f0;
1601 : 0306;
1602 : ca21;
1603 : beff;
1604 : 1128;
1605 : 0f38;
1606 : 2b05;
1607 : 28be;
1608 : 380a;
1609 : 0508;
160A : be2b;
160B : 0328;
160C : 0138;
160D : 7805;
160E : dee0;
160F : 0021;
1610 : 06c8;
1611 : 0e80;
1612 : cdff;
1613 : 2c38;
1614 : 053e;
1615 : 9ce0;
1616 : 103e;
1617 : efe0;
1618 : afc9;
1619 : 9ce0;
161A : e03c;
161B : c9a9;
161C : e62a;
161D : fef0;
161E : ccd0;
161F : 2c49;
1620 : f0fe;
1621 : 49cc;
1622 : 052c;
1623 : f020;
1624 : 2dc9;
1625 : ff3e;
1626 : 2c71;
1627 : 21c9;
1628 : ffef;
1629 : a77e;
162A : afc8;
162B : 9de0;
162C : 3d7e;
162D : 214f;
162E : 9822;
162F : 2011;
1630 : 1900;
1631 : 203d;
1632 : 7cfc;
1633 : 23ea;
1634 : 7dd0;
1635 : 24ea;
1636 : afd0;
1637 : 0806;
1638 : 0d80;
1639 : fc20;
163A : 26ea;
163B : 3ed0;
163C : e002;
163D : 219d;
163E : ffef;
163F : 06c9;
1640 : 0e78;
1641 : f0ff;
1642 : a7f7;
1643 : 1d20;
1644 : 7f21;
1645 : 7ec8;
1646 : ccb9;
1647 : 2cb4;
1648 : 052d;
1649 : f720;
164A : f521;
164B : 7eff;
164C : 28a7;
164D : af15;
164E : 3e77;
164F : e001;
1650 : 3ef7;
1651 : e010;
1652 : cdef;
1653 : 2c4f;
1654 : eff0;
1655 : c0a7;
1656 : e0af;
1657 : c9f7;
1658 : e0af;
1659 : c99c;
165A : 7de5;
165B : 08d6;
165C : 7e6f;
165D : fffe;
165E : 1c28;
165F : 83fe;
1660 : 1838;
1661 : f0e6;
1662 : e0fe;
1663 : 1228;
1664 : 90fe;
1665 : 1528;
1666 : 043e;
1667 : e0ea;
1668 : 7edf;
1669 : e171;
166A : 3e77;
166B : e001;
166C : c9f5;
166D : c9e1;
166E : 3ee1;
166F : 77ff;
1670 : e1c9;
1671 : 7e2d;
1672 : fffe;
1673 : e5c0;
1674 : d67d;
1675 : 6f08;
1676 : 7156;
1677 : 5e2c;
1678 : e171;
1679 : 2c72;
167A : 2d73;
167B : 013e;
167C : f5e0;
167D : cdc9;
167E : 2c4f;
167F : a77e;
1680 : 3ec0;
1681 : e004;
1682 : c99c;
1683 : d921;
1684 : 16ff;
1685 : 7ec8;
1686 : fce6;
1687 : 2c28;
1688 : f0e6;
1689 : 3428;
168A : c0e6;
168B : 5b28;
168C : 0601;
168D : f02e;
168E : e604;
168F : 2801;
1690 : 0103;
1691 : 2e0a;
1692 : b0cd;
1693 : cd2d;
1694 : 2db0;
1695 : b0cd;
1696 : cd2d;
1697 : 2db0;
1698 : e0af;
1699 : 3ed9;
169A : e007;
169B : 3e9c;
169C : e003;
169D : c9ef;
169E : e0af;
169F : e0d9;
16A0 : e098;
16A1 : 3e9c;
16A2 : e00a;
16A3 : c9e1;
16A4 : 04f0;
16A5 : 03e6;
16A6 : 0d28;
16A7 : 01fe;
16A8 : 0e28;
16A9 : 02fe;
16AA : 0f28;
16AB : 2001;
16AC : 182e;
16AD : 010d;
16AE : 2e1a;
16AF : 0818;
16B0 : 1c01;
16B1 : 182e;
16B2 : 0103;
16B3 : 2e1e;
16B4 : a1cd;
16B5 : cd2d;
16B6 : 2db0;
16B7 : b0cd;
16B8 : 182d;
16B9 : f0bd;
16BA : e604;
16BB : 2803;
16BC : fe0d;
16BD : 2801;
16BE : fe0e;
16BF : 2802;
16C0 : 010f;
16C1 : 2e17;
16C2 : 0d18;
16C3 : 0e01;
16C4 : 182e;
16C5 : 0108;
16C6 : 2e11;
16C7 : 0318;
16C8 : 1401;
16C9 : cd2e;
16CA : 2da1;
16CB : b0cd;
16CC : cd2d;
16CD : 2db0;
16CE : b0cd;
16CF : 182d;
16D0 : 7e8f;
16D1 : 7b5f;
16D2 : c0e6;
16D3 : 0620;
16D4 : 23cb;
16D5 : 23cb;
16D6 : f518;
16D7 : c973;
16D8 : 5f0a;
16D9 : 06cb;
16DA : 06cb;
16DB : e67e;
16DC : 3d03;
16DD : c0c6;
16DE : f512;
16DF : d5c5;
16E0 : cde5;
16E1 : 2dd0;
16E2 : e2cd;
16E3 : cd2d;
16E4 : 2df5;
16E5 : d1e1;
16E6 : f1c1;
16E7 : c903;
16E8 : 7b1c;
16E9 : 10fe;
16EA : 1ac8;
16EB : f0e6;
16EC : 90fe;
16ED : 1ac0;
16EE : 0fe6;
16EF : c0c6;
16F0 : c912;
16F1 : 1d1d;
16F2 : fe7b;
16F3 : c807;
16F4 : e61a;
16F5 : fef0;
16F6 : c080;
16F7 : e61a;
16F8 : c60f;
16F9 : 12c0;
16FA : 3ec9;
16FB : 8309;
16FC : 1a5f;
16FD : f0e6;
16FE : b0fe;
16FF : 1ac0;
1700 : 0fe6;
1701 : c0c6;
1702 : c912;
1703 : 0a08;
1704 : 0e0c;
1705 : 0b09;
1706 : 0f0d;
1707 : 0a08;
1708 : 090c;
1709 : 0d0b;
170A : 0c0a;
170B : 0b0e;
170C : 0f0d;
170D : 0c08;
170E : 0d09;
170F : 0e0a;
1710 : 0f0b;
1711 : 4fcd;
1712 : 7e2c;
1713 : c0a7;
1714 : 043e;
1715 : 9ce0;
1716 : 21c9;
1717 : ff9d;
1718 : a77e;
1719 : 2dc4;
171A : af2f;
171B : 9de0;
171C : f9f0;
171D : 20a7;
171E : fa33;
171F : d00d;
1720 : caa7;
1721 : 2ed2;
1722 : e2f0;
1723 : 07e6;
1724 : 03fe;
1725 : d2d2;
1726 : 112e;
1727 : fff8;
1728 : c61a;
1729 : fe10;
172A : 2060;
172B : af01;
172C : 4f12;
172D : 0006;
172E : aa21;
172F : 094b;
1730 : 8e16;
1731 : 30fe;
1732 : 0438;
1733 : 10c6;
1734 : 3fe6;
1735 : cd5f;
1736 : 2f24;
1737 : 6218;
1738 : e2f0;
1739 : 07e6;
173A : 5c20;
173B : 5621;
173C : 7ed0;
173D : 28a7;
173E : fe0f;
173F : 2801;
1740 : fe2c;
1741 : 2802;
1742 : af2e;
1743 : cd77;
1744 : 2f11;
1745 : 4618;
1746 : 2134;
1747 : 567a;
1748 : d011;
1749 : cd88;
174A : 2f24;
174B : 8a21;
174C : 1156;
174D : 88e0;
174E : 24cd;
174F : 212f;
1750 : 569a;
1751 : f011;
1752 : cd88;
1753 : 2f24;
1754 : fecd;
1755 : 182e;
1756 : 3425;
1757 : 11cd;
1758 : 182f;
1759 : 341f;
175A : 6a21;
175B : 115a;
175C : 88d0;
175D : 24cd;
175E : 212f;
175F : 5a7a;
1760 : e011;
1761 : cd88;
1762 : 2f24;
1763 : 8a21;
1764 : 115a;
1765 : 88f0;
1766 : 24cd;
1767 : cd2f;
1768 : 2efe;
1769 : f1fa;
176A : a7c4;
176B : 1728;
176C : b1f0;
176D : 20a7;
176E : 2112;
176F : ffd2;
1770 : 477e;
1771 : f0e6;
1772 : 37cb;
1773 : b121;
1774 : 2299;
1775 : e678;
1776 : 770f;
1777 : fac9;
1778 : d04b;
1779 : c8a7;
177A : 83cd;
177B : cd2f;
177C : 2f90;
177D : a1cd;
177E : c92f;
177F : aa21;
1780 : 1155;
1781 : 8800;
1782 : 24cd;
1783 : 212f;
1784 : 55ba;
1785 : 1011;
1786 : cd88;
1787 : 2f24;
1788 : 21c9;
1789 : 55ba;
178A : 0011;
178B : cd88;
178C : 2f24;
178D : aa21;
178E : 1155;
178F : 8810;
1790 : 24cd;
1791 : c92f;
1792 : 1006;
1793 : 122a;
1794 : 0513;
1795 : fa20;
1796 : 7ec9;
1797 : 37ef;
1798 : 382f;
1799 : 4e2f;
179A : 6c2f;
179B : c92f;
179C : 0cfa;
179D : a7d0;
179E : 21c8;
179F : d036;
17A0 : 572a;
17A1 : 5f7e;
17A2 : 35fa;
17A3 : 12d0;
17A4 : af12;
17A5 : 0cea;
17A6 : c9d0;
17A7 : 2321;
17A8 : 2ad0;
17A9 : 2a47;
17AA : 164f;
17AB : 23c8;
17AC : c55e;
17AD : 06e1;
17AE : 1a08;
17AF : 1c22;
17B0 : 2005;
17B1 : 21fa;
17B2 : ffef;
17B3 : 7e35;
17B4 : c03d;
17B5 : c977;
17B6 : 6821;
17B7 : 2ad0;
17B8 : 5e57;
17B9 : 09fa;
17BA : 6fd0;
17BB : c526;
17BC : 127e;
17BD : fffe;
17BE : 3ec8;
17BF : ea01;
17C0 : dfe0;
17C1 : 21c9;
17C2 : 9ca1;
17C3 : c3f0;
17C4 : f047;
17C5 : 4fc5;
17C6 : aecd;
17C7 : c92f;
17C8 : e121;
17C9 : f09c;
17CA : cdad;
17CB : 0d4a;
17CC : e521;
17CD : f09c;
17CE : cdae;
17CF : 0d4a;
17D0 : 21c9;
17D1 : 9d21;
17D2 : d2f0;
17D3 : f047;
17D4 : 4fd4;
17D5 : aecd;
17D6 : c92f;
17D7 : cb78;
17D8 : e637;
17D9 : 220f;
17DA : e678;
17DB : 220f;
17DC : 2c2c;
17DD : 792c;
17DE : 37cb;
17DF : 0fe6;
17E0 : 7922;
17E1 : 0fe6;
17E2 : c977;
17E3 : 013e;
17E4 : 21ea;
17E5 : ead0;
17E6 : d00d;
17E7 : e4f0;
17E8 : 20a7;
17E9 : f04b;
17EA : fecb;
17EB : 2060;
17EC : f008;
17ED : 47c2;
17EE : c4f0;
17EF : 28b8;
17F0 : f06a;
17F1 : 21c6;
17F2 : ffd1;
17F3 : 20be;
17F4 : f06f;
17F5 : a7b1;
17F6 : 0828;
17F7 : c2f0;
17F8 : f047;
17F9 : b8c4;
17FA : 5028;
17FB : 02cd;
17FC : 3e30;
17FD : e00a;
17FE : afe1;
17FF : f1ea;
1800 : c9c4;
1801 : e4f0;
1802 : 20a7;
1803 : 060c;
1804 : f001;
1805 : a7c1;
1806 : 0b28;
1807 : fe04;
1808 : 2801;
1809 : 3e06;
180A : ea07;
180B : dfe8;
180C : 78c9;
180D : e8ea;
180E : c9df;
180F : 0011;
1810 : 215e;
1811 : c4eb;
1812 : 227a;
1813 : 3e73;
1814 : e001;
1815 : cdb0;
1816 : 30fa;
1817 : c6f0;
1818 : d121;
1819 : 77ff;
181A : 71cd;
181B : e007;
181C : 3ed2;
181D : e00f;
181E : 3cd5;
181F : d6e0;
1820 : 0d3e;
1821 : d7e0;
1822 : b018;
1823 : 193e;
1824 : e1e0;
1825 : f0c9;
1826 : 21c6;
1827 : ffd1;
1828 : cd77;
1829 : 0771;
182A : d2e0;
182B : ee18;
182C : 3afa;
182D : a7d0;
182E : 1320;
182F : cbf0;
1830 : 30fe;
1831 : 0d20;
1832 : c2f0;
1833 : f047;
1834 : b8c4;
1835 : 0520;
1836 : 013e;
1837 : 3aea;
1838 : fad0;
1839 : d00c;
183A : c0a7;
183B : 1b21;
183C : f031;
183D : 5fc2;
183E : 0016;
183F : 4619;
1840 : 3a21;
1841 : 1931;
1842 : f04e;
1843 : 5704;
1844 : 37cb;
1845 : 5fa0;
1846 : a17a;
1847 : 5f83;
1848 : 7f3e;
1849 : 5f93;
184A : 0016;
184B : 0021;
184C : 19c8;
184D : 59cd;
184E : 2131;
184F : ffda;
1850 : e67e;
1851 : 77f0;
1852 : 1021;
1853 : 7ed0;
1854 : 20a7;
1855 : 1317;
1856 : fe7b;
1857 : 3080;
1858 : 210c;
1859 : d004;
185A : fe34;
185B : 2810;
185C : d504;
185D : 18e1;
185E : afdd;
185F : 04ea;
1860 : c9d0;
1861 : 77af;
1862 : 04ea;
1863 : 1ad0;
1864 : 35ea;
1865 : f0d0;
1866 : a7b1;
1867 : 0928;
1868 : c2f0;
1869 : f047;
186A : b8c4;
186B : e1ca;
186C : cd2f;
186D : 3815;
186E : 013e;
186F : 9de0;
1870 : 0cea;
1871 : c9d0;
1872 : 0a11;
1873 : 2631;
1874 : 1ac8;
1875 : fcfe;
1876 : 0728;
1877 : 136f;
1878 : 771a;
1879 : 1813;
187A : 3ef4;
187B : e010;
187C : c9ef;
187D : 8011;
187E : 215f;
187F : c800;
1880 : 8006;
1881 : 221a;
1882 : 0513;
1883 : fa20;
1884 : eb18;
1885 : e146;
1886 : e049;
1887 : e14e;
1888 : e254;
1889 : e25d;
188A : e064;
188B : e079;
188C : e17b;
188D : 3ffc;
188E : 3f3f;
188F : 3f3f;
1890 : 3f3f;
1891 : 3f3f;
1892 : 3f3f;
1893 : 3f3f;
1894 : 3f3f;
1895 : 3f3f;
1896 : 3f3f;
1897 : 3f3f;
1898 : 3f3f;
1899 : 3f3f;
189A : 3f3f;
189B : 3f3f;
189C : 3f3f;
189D : 0f0f;
189E : 0f0f;
189F : 0f0f;
18A0 : 0f0f;
18A1 : 0f0f;
18A2 : 0f0f;
18A3 : 0f0f;
18A4 : 170f;
18A5 : 1f17;
18A6 : 271f;
18A7 : 2727;
18A8 : 2f2f;
18A9 : 2f2f;
18AA : 2f2f;
18AB : 2f2f;
18AC : e52f;
18AD : d1e5;
18AE : 0ac1;
18AF : fffe;
18B0 : c5c0;
18B1 : e1cd;
18B2 : c131;
18B3 : cdc5;
18B4 : 31ed;
18B5 : c5c1;
18B6 : f9cd;
18B7 : c131;
18B8 : 01cd;
18B9 : f032;
18BA : e6da;
18BB : fe07;
18BC : c807;
18BD : 0221;
18BE : 7ad0;
18BF : 7322;
18C0 : 1021;
18C1 : 34d0;
18C2 : 0721;
18C3 : f0d0;
18C4 : cbda;
18C5 : 2077;
18C6 : cb2e;
18C7 : 206f;
18C8 : cd3d;
18C9 : 3226;
18CA : a77e;
18CB : 0a20;
18CC : 44cd;
18CD : 7e32;
18CE : 20a7;
18CF : cd03;
18D0 : 3254;
18D1 : 77af;
18D2 : da21;
18D3 : cbff;
18D4 : 206e;
18D5 : cb08;
18D6 : 2076;
18D7 : 3e08;
18D8 : 7740;
18D9 : 3ec9;
18DA : 7780;
18DB : 3ec9;
18DC : 7720;
18DD : cdc9;
18DE : 3244;
18DF : a77e;
18E0 : e020;
18E1 : 54cd;
18E2 : 7e32;
18E3 : 20a7;
18E4 : cdd9;
18E5 : 3226;
18E6 : d418;
18E7 : 54cd;
18E8 : 7e32;
18E9 : 20a7;
18EA : cdcd;
18EB : 3226;
18EC : a77e;
18ED : c620;
18EE : 44cd;
18EF : 1832;
18F0 : 79c1;
18F1 : 07e6;
18F2 : 06fe;
18F3 : 0cd0;
18F4 : cd0c;
18F5 : 320c;
18F6 : 79c9;
18F7 : 07e6;
18F8 : 02fe;
18F9 : 0dd8;
18FA : cd0d;
18FB : 320c;
18FC : 79c9;
18FD : 10d6;
18FE : cd4f;
18FF : 320c;
1900 : 79c9;
1901 : 70fe;
1902 : c6d0;
1903 : 4f10;
1904 : 0ccd;
1905 : c932;
1906 : da21;
1907 : 0aff;
1908 : e0fe;
1909 : 0928;
190A : e1fe;
190B : 0828;
190C : e2fe;
190D : 0728;
190E : cbc9;
190F : c9d6;
1910 : cecb;
1911 : cbc9;
1912 : c9c6;
1913 : daf0;
1914 : 57cb;
1915 : 34c0;
1916 : e03e;
1917 : e512;
1918 : d521;
1919 : 34ff;
191A : d121;
191B : 34ff;
191C : 7e2c;
191D : 01c6;
191E : 7727;
191F : 0f21;
1920 : 34d0;
1921 : c9e1;
1922 : daf0;
1923 : 4fcb;
1924 : 34c0;
1925 : e13e;
1926 : e512;
1927 : d621;
1928 : 34ff;
1929 : e018;
192A : daf0;
192B : 47cb;
192C : 34c0;
192D : e23e;
192E : e512;
192F : d721;
1930 : 34ff;
1931 : d018;
1932 : cfcf;
1933 : e0af;
1934 : 3e0f;
1935 : e008;
1936 : afff;
1937 : 3aea;
1938 : e0d0;
1939 : e001;
193A : e0cf;
193B : e0d0;
193C : e0d5;
193D : e0d6;
193E : f0d7;
193F : fecb;
1940 : ca60;
1941 : 32fd;
1942 : cfcf;
1943 : e03e;
1944 : 01e0;
1945 : 813e;
1946 : 02e0;
1947 : e0af;
1948 : e0d0;
1949 : f0cc;
194A : a7cc;
194B : fb28;
194C : d0f0;
194D : d0fe;
194E : e620;
194F : cfcf;
1950 : c03e;
1951 : 01e0;
1952 : 813e;
1953 : 02e0;
1954 : e0af;
1955 : e0d0;
1956 : f0cc;
1957 : a7cc;
1958 : fb28;
1959 : d0f0;
195A : d0fe;
195B : e620;
195C : 0021;
195D : 06c8;
195E : cf80;
195F : e02a;
1960 : cd01;
1961 : 3358;
1962 : 813e;
1963 : 02e0;
1964 : e0af;
1965 : e0d0;
1966 : f0cc;
1967 : a7cc;
1968 : fb28;
1969 : 2005;
196A : cfe8;
196B : 3ecf;
196C : e0c1;
196D : 3e01;
196E : e081;
196F : af02;
1970 : d0e0;
1971 : cce0;
1972 : ccf0;
1973 : 28a7;
1974 : f0fb;
1975 : fed0;
1976 : 20d1;
1977 : 3ee6;
1978 : e010;
1979 : afef;
197A : 0fe0;
197B : 0d3e;
197C : ffe0;
197D : f6c3;
197E : cf2f;
197F : d03e;
1980 : 01e0;
1981 : cfe0;
1982 : 803e;
1983 : 02e0;
1984 : e0af;
1985 : e0d0;
1986 : f0cc;
1987 : a7cc;
1988 : fb28;
1989 : d0f0;
198A : c0fe;
198B : e520;
198C : 8006;
198D : 0021;
198E : e0c8;
198F : e001;
1990 : 3ed0;
1991 : e080;
1992 : af02;
1993 : d0e0;
1994 : cce0;
1995 : ccf0;
1996 : 28a7;
1997 : f0fb;
1998 : fed0;
1999 : 28c0;
199A : 22e8;
199B : 58cd;
199C : 0533;
199D : e520;
199E : d13e;
199F : 01e0;
19A0 : cfe0;
19A1 : 803e;
19A2 : 02e0;
19A3 : e0af;
19A4 : e0d0;
19A5 : f0cc;
19A6 : a7cc;
19A7 : fb28;
19A8 : d0f0;
19A9 : c1fe;
19AA : e620;
19AB : 9718;
19AC : fee5;
19AD : 28e1;
19AE : fe11;
19AF : 28e2;
19B0 : fe14;
19B1 : 28e0;
19B2 : e102;
19B3 : 21c9;
19B4 : ffd5;
19B5 : c334;
19B6 : 3379;
19B7 : d621;
19B8 : 34ff;
19B9 : 79c3;
19BA : 2133;
19BB : ffd7;
19BC : e134;
19BD : fac9;
19BE : c4f1;
19BF : 28a7;
19C0 : cd07;
19C1 : 1e98;
19C2 : abf0;
19C3 : c0a7;
19C4 : 1ccd;
19C5 : cd0f;
19C6 : 279c;
19C7 : eff0;
19C8 : c0a7;
19C9 : a1cd;
19CA : cd34;
19CB : 0ee4;
19CC : 21fa;
19CD : a7d0;
19CE : 1128;
19CF : 2221;
19D0 : 34d0;
19D1 : fe7e;
19D2 : c050;
19D3 : 77af;
19D4 : 21ea;
19D5 : 3cd0;
19D6 : f1ea;
19D7 : 21c4;
19D8 : ffad;
19D9 : 477e;
19DA : 02fe;
19DB : 0128;
19DC : 1105;
19DD : d014;
19DE : 3c1a;
19DF : b812;
19E0 : afc0;
19E1 : 0112;
19E2 : d012;
19E3 : 0411;
19E4 : 2100;
19E5 : c022;
19E6 : 3c0a;
19E7 : fe02;
19E8 : 2801;
19E9 : fe0f;
19EA : 2802;
19EB : fe1c;
19EC : 280d;
19ED : cd2c;
19EE : 3426;
19EF : 17cd;
19F0 : c920;
19F1 : 093e;
19F2 : 1977;
19F3 : 0b3e;
19F4 : 1977;
19F5 : 0a3e;
19F6 : 1977;
19F7 : 0c3e;
19F8 : 1877;
19F9 : 3ee8;
19FA : 770d;
19FB : 3e19;
19FC : 77ff;
19FD : 3e19;
19FE : 770e;
19FF : 3e19;
1A00 : 770f;
1A01 : af19;
1A02 : 1877;
1A03 : afd4;
1A04 : ea02;
1A05 : d013;
1A06 : ff3e;
1A07 : 1977;
1A08 : 043e;
1A09 : 1977;
1A0A : 023e;
1A0B : 1977;
1A0C : 053e;
1A0D : 1977;
1A0E : 77af;
1A0F : 85cd;
1A10 : 3e11;
1A11 : e004;
1A12 : c9e1;
1A13 : 21e5;
1A14 : 3450;
1A15 : 13fa;
1A16 : 4fd0;
1A17 : 02c6;
1A18 : 13ea;
1A19 : 06d0;
1A1A : 0900;
1A1B : c1e5;
1A1C : 1121;
1A1D : 0ac2;
1A1E : 0322;
1A1F : 220a;
1A20 : 45cd;
1A21 : e134;
1A22 : 35c9;
1A23 : e67e;
1A24 : fe03;
1A25 : c003;
1A26 : 837e;
1A27 : c977;
1A28 : 662e;
1A29 : 5a20;
1A2A : 581e;
1A2B : 5117;
1A2C : 501a;
1A2D : 4716;
1A2E : 461a;
1A2F : 3f17;
1A30 : 3f1c;
1A31 : 351a;
1A32 : 3420;
1A33 : 3020;
1A34 : eaaf;
1A35 : d015;
1A36 : 1cea;
1A37 : ead0;
1A38 : d019;
1A39 : db21;
1A3A : cbff;
1A3B : cdbe;
1A3C : 2696;
1A3D : afc9;
1A3E : 17ea;
1A3F : ead0;
1A40 : d01d;
1A41 : 1aea;
1A42 : 21d0;
1A43 : ffdb;
1A44 : b6cb;
1A45 : dacd;
1A46 : c926;
1A47 : eaaf;
1A48 : d018;
1A49 : 1eea;
1A4A : ead0;
1A4B : d01b;
1A4C : db21;
1A4D : cbff;
1A4E : cdae;
1A4F : 270e;
1A50 : f0c9;
1A51 : a7b1;
1A52 : f0c0;
1A53 : cbdb;
1A54 : c47f;
1A55 : 3468;
1A56 : dbf0;
1A57 : 77cb;
1A58 : 7bc4;
1A59 : f034;
1A5A : cbdb;
1A5B : c46f;
1A5C : 348e;
1A5D : fa21;
1A5E : 7eff;
1A5F : 03fe;
1A60 : 1828;
1A61 : 01fe;
1A62 : 2fca;
1A63 : fe36;
1A64 : ca02;
1A65 : 363e;
1A66 : dbf0;
1A67 : 57cb;
1A68 : 0520;
1A69 : 19cd;
1A6A : 1835;
1A6B : cd03;
1A6C : 35af;
1A6D : fb21;
1A6E : 7eff;
1A6F : 03fe;
1A70 : 1828;
1A71 : 01fe;
1A72 : d2ca;
1A73 : fe36;
1A74 : ca02;
1A75 : 36e1;
1A76 : dbf0;
1A77 : 4fcb;
1A78 : 0520;
1A79 : 5bcd;
1A7A : 1835;
1A7B : cd03;
1A7C : 364e;
1A7D : fc21;
1A7E : 7eff;
1A7F : 03fe;
1A80 : fec8;
1A81 : ca01;
1A82 : 3751;
1A83 : 02fe;
1A84 : 60ca;
1A85 : f037;
1A86 : cbdb;
1A87 : 2047;
1A88 : cd04;
1A89 : 3585;
1A8A : cdc9;
1A8B : 36f1;
1A8C : fac9;
1A8D : df88;
1A8E : 2147;
1A8F : ffe5;
1A90 : b87e;
1A91 : afd8;
1A92 : 2177;
1A93 : d015;
1A94 : 7e34;
1A95 : 4a21;
1A96 : 11c0;
1A97 : 0004;
1A98 : fe43;
1A99 : 2801;
1A9A : fe15;
1A9B : 2802;
1A9C : fe1b;
1A9D : 2803;
1A9E : af1b;
1A9F : 15ea;
1AA0 : 4bd0;
1AA1 : 917e;
1AA2 : 1977;
1AA3 : 2005;
1AA4 : c9f9;
1AA5 : 020e;
1AA6 : 817e;
1AA7 : 1977;
1AA8 : 2005;
1AA9 : c9f9;
1AAA : 020e;
1AAB : ea18;
1AAC : 184b;
1AAD : faf1;
1AAE : df88;
1AAF : 2147;
1AB0 : ffe6;
1AB1 : b87e;
1AB2 : afd8;
1AB3 : 2177;
1AB4 : d017;
1AB5 : 7e34;
1AB6 : 5a21;
1AB7 : 11c0;
1AB8 : 0004;
1AB9 : fe43;
1ABA : 2801;
1ABB : fed3;
1ABC : 2802;
1ABD : fed9;
1ABE : 2803;
1ABF : afd9;
1AC0 : 17ea;
1AC1 : 18d0;
1AC2 : fabc;
1AC3 : df88;
1AC4 : 2147;
1AC5 : ffe7;
1AC6 : b87e;
1AC7 : afd8;
1AC8 : 2177;
1AC9 : d018;
1ACA : 7e34;
1ACB : 6a21;
1ACC : 11c0;
1ACD : 0004;
1ACE : fe43;
1ACF : 2801;
1AD0 : fea9;
1AD1 : 2802;
1AD2 : feaf;
1AD3 : 2803;
1AD4 : afaf;
1AD5 : 18ea;
1AD6 : 18d0;
1AD7 : f092;
1AD8 : e6e2;
1AD9 : c001;
1ADA : 1c21;
1ADB : 34d0;
1ADC : 217e;
1ADD : c048;
1ADE : 0411;
1ADF : 4300;
1AE0 : 04fe;
1AE1 : 2238;
1AE2 : 2928;
1AE3 : 08fe;
1AE4 : 3838;
1AE5 : 20fe;
1AE6 : 3d38;
1AE7 : eaaf;
1AE8 : d015;
1AE9 : 1cea;
1AEA : ead0;
1AEB : d019;
1AEC : db21;
1AED : cbff;
1AEE : f096;
1AEF : a7d5;
1AF0 : 4228;
1AF1 : 96cd;
1AF2 : c926;
1AF3 : d67e;
1AF4 : 7702;
1AF5 : 0519;
1AF6 : f820;
1AF7 : 2cc9;
1AF8 : 7e2c;
1AF9 : f0e6;
1AFA : 06c6;
1AFB : 1977;
1AFC : 773c;
1AFD : c619;
1AFE : 770f;
1AFF : 3c19;
1B00 : c977;
1B01 : c67e;
1B02 : 7702;
1B03 : 0519;
1B04 : f820;
1B05 : f0c9;
1B06 : e6e2;
1B07 : 2803;
1B08 : 2105;
1B09 : d01c;
1B0A : c935;
1B0B : 1921;
1B0C : 7ed0;
1B0D : 01ee;
1B0E : 2177;
1B0F : c04a;
1B10 : c428;
1B11 : de18;
1B12 : 4a21;
1B13 : cdc0;
1B14 : 3770;
1B15 : 013e;
1B16 : fae0;
1B17 : 21c9;
1B18 : d027;
1B19 : 7e34;
1B1A : 03fe;
1B1B : afc0;
1B1C : 3e77;
1B1D : e002;
1B1E : c9fa;
1B1F : 033e;
1B20 : 2177;
1B21 : c048;
1B22 : 86cd;
1B23 : 2137;
1B24 : c04a;
1B25 : 8ecd;
1B26 : c937;
1B27 : e2f0;
1B28 : 01e6;
1B29 : 21c0;
1B2A : d01d;
1B2B : 7e34;
1B2C : 5821;
1B2D : 11c0;
1B2E : 0004;
1B2F : fe43;
1B30 : da04;
1B31 : 35e6;
1B32 : efca;
1B33 : fe35;
1B34 : da08;
1B35 : 3602;
1B36 : 20fe;
1B37 : 1838;
1B38 : eaaf;
1B39 : d017;
1B3A : 1dea;
1B3B : ead0;
1B3C : d01a;
1B3D : db21;
1B3E : cbff;
1B3F : f08e;
1B40 : a7d6;
1B41 : 4328;
1B42 : dacd;
1B43 : c926;
1B44 : e2f0;
1B45 : 03e6;
1B46 : 0528;
1B47 : 1d21;
1B48 : 35d0;
1B49 : 21c9;
1B4A : d01a;
1B4B : ee7e;
1B4C : 7701;
1B4D : 5a21;
1B4E : 28c0;
1B4F : 0614;
1B50 : 7e02;
1B51 : 223c;
1B52 : eecb;
1B53 : 192d;
1B54 : 3d7e;
1B55 : cb22;
1B56 : 2dee;
1B57 : 0519;
1B58 : ef20;
1B59 : 06c9;
1B5A : 7e02;
1B5B : 223d;
1B5C : aecb;
1B5D : 192d;
1B5E : 3c7e;
1B5F : cb22;
1B60 : 2dae;
1B61 : 0519;
1B62 : ef20;
1B63 : 21c9;
1B64 : c05a;
1B65 : 70cd;
1B66 : 3e37;
1B67 : e001;
1B68 : c9fb;
1B69 : 2821;
1B6A : 34d0;
1B6B : fe7e;
1B6C : c003;
1B6D : 77af;
1B6E : 023e;
1B6F : fbe0;
1B70 : 3ec9;
1B71 : 7703;
1B72 : 5821;
1B73 : cdc0;
1B74 : 3786;
1B75 : 5a21;
1B76 : cdc0;
1B77 : 378e;
1B78 : f0c9;
1B79 : e6e2;
1B7A : c001;
1B7B : 1e21;
1B7C : 34d0;
1B7D : 217e;
1B7E : c068;
1B7F : 0411;
1B80 : 4300;
1B81 : 04fe;
1B82 : e6da;
1B83 : ca35;
1B84 : 35ef;
1B85 : 08fe;
1B86 : 02da;
1B87 : fe36;
1B88 : 3820;
1B89 : af18;
1B8A : 18ea;
1B8B : ead0;
1B8C : d01e;
1B8D : 1bea;
1B8E : 21d0;
1B8F : ffdb;
1B90 : 86cb;
1B91 : d7f0;
1B92 : 28a7;
1B93 : cd1f;
1B94 : 270e;
1B95 : f0c9;
1B96 : e6e2;
1B97 : 2803;
1B98 : 2105;
1B99 : d01e;
1B9A : c935;
1B9B : 1b21;
1B9C : 7ed0;
1B9D : 01ee;
1B9E : 2177;
1B9F : c06a;
1BA0 : b3ca;
1BA1 : c336;
1BA2 : 369f;
1BA3 : 6a21;
1BA4 : cdc0;
1BA5 : 3770;
1BA6 : 013e;
1BA7 : fce0;
1BA8 : 21c9;
1BA9 : d029;
1BAA : 7e34;
1BAB : 03fe;
1BAC : afc0;
1BAD : 3e77;
1BAE : e002;
1BAF : c9fc;
1BB0 : 033e;
1BB1 : 2177;
1BB2 : c068;
1BB3 : 86cd;
1BB4 : 2137;
1BB5 : c06a;
1BB6 : 8ecd;
1BB7 : c937;
1BB8 : 0411;
1BB9 : 3e00;
1BBA : 7748;
1BBB : 3c19;
1BBC : 1977;
1BBD : 0fc6;
1BBE : 1977;
1BBF : 773c;
1BC0 : 0c3e;
1BC1 : e0ea;
1BC2 : c9df;
1BC3 : 1006;
1BC4 : 22af;
1BC5 : 2005;
1BC6 : c9fc;
1BC7 : 0411;
1BC8 : 4300;
1BC9 : ff3e;
1BCA : 1977;
1BCB : 2005;
1BCC : c9fb;
1BCD : b1f0;
1BCE : c0a7;
1BCF : 2021;
1BD0 : 3ec0;
1BD1 : 223d;
1BD2 : 8c3e;
1BD3 : 1122;
1BD4 : 37b6;
1BD5 : 0a06;
1BD6 : 221a;
1BD7 : 2c2c;
1BD8 : 132c;
1BD9 : 2005;
1BDA : c9f7;
1BDB : 1417;
1BDC : 1512;
1BDD : 1810;
1BDE : 1311;
1BDF : 1916;
1BE0 : e2f0;
1BE1 : 07e6;
1BE2 : 21c0;
1BE3 : d01f;
1BE4 : ee7e;
1BE5 : 7701;
1BE6 : 1828;
1BE7 : d5f0;
1BE8 : 28a7;
1BE9 : cd03;
1BEA : 2696;
1BEB : d6f0;
1BEC : 28a7;
1BED : cd03;
1BEE : 26da;
1BEF : d7f0;
1BF0 : c8a7;
1BF1 : 0ecd;
1BF2 : c927;
1BF3 : d5f0;
1BF4 : 28a7;
1BF5 : 2106;
1BF6 : c04a;
1BF7 : 07cd;
1BF8 : f038;
1BF9 : a7d6;
1BFA : 0628;
1BFB : 5a21;
1BFC : cdc0;
1BFD : 3807;
1BFE : d7f0;
1BFF : c8a7;
1C00 : 6a21;
1C01 : cdc0;
1C02 : 3807;
1C03 : 01c9;
1C04 : 040a;
1C05 : 0411;
1C06 : 7e00;
1C07 : 7781;
1C08 : 0519;
1C09 : f920;
1C0A : 21c9;
1C0B : d002;
1C0C : 572a;
1C0D : 5f7e;
1C0E : 78fe;
1C0F : 3b30;
1C10 : 70fe;
1C11 : 4a30;
1C12 : 68fe;
1C13 : 4d30;
1C14 : 60fe;
1C15 : 5030;
1C16 : 58fe;
1C17 : 5330;
1C18 : 50fe;
1C19 : 5630;
1C1A : 48fe;
1C1B : 5930;
1C1C : 40fe;
1C1D : 5c30;
1C1E : 38fe;
1C1F : 5f30;
1C20 : 30fe;
1C21 : 6230;
1C22 : 28fe;
1C23 : 6530;
1C24 : 20fe;
1C25 : 6830;
1C26 : 18fe;
1C27 : 6b30;
1C28 : 7018;
1C29 : 10fe;
1C2A : 6c30;
1C2B : 08fe;
1C2C : 6f30;
1C2D : 06c9;
1C2E : 2178;
1C2F : 9a02;
1C30 : 5f90;
1C31 : 0016;
1C32 : 7c19;
1C33 : 36ea;
1C34 : 7dd0;
1C35 : 37ea;
1C36 : c9d0;
1C37 : 7006;
1C38 : e221;
1C39 : 1899;
1C3A : 06eb;
1C3B : 2168;
1C3C : 99c2;
1C3D : e418;
1C3E : 6006;
1C3F : a221;
1C40 : 1899;
1C41 : 06dd;
1C42 : 2158;
1C43 : 9982;
1C44 : d618;
1C45 : 5006;
1C46 : 6221;
1C47 : 1899;
1C48 : 06cf;
1C49 : 2148;
1C4A : 9942;
1C4B : c818;
1C4C : 4006;
1C4D : 2221;
1C4E : 1899;
1C4F : 06c1;
1C50 : 2138;
1C51 : 9902;
1C52 : ba18;
1C53 : 3006;
1C54 : e221;
1C55 : 1898;
1C56 : 06b3;
1C57 : 2128;
1C58 : 98c2;
1C59 : ac18;
1C5A : 2006;
1C5B : a221;
1C5C : 1898;
1C5D : 06a5;
1C5E : 2118;
1C5F : 9882;
1C60 : 9e18;
1C61 : 1006;
1C62 : 6221;
1C63 : 1898;
1C64 : 0697;
1C65 : 2108;
1C66 : 9842;
1C67 : 9018;
1C68 : 3f3f;
1C69 : 383f;
1C6A : 4f39;
1C6B : 3c4f;
1C6C : 3f3d;
1C6D : 563f;
1C6E : 5757;
1C6F : 5757;
1C70 : 5757;
1C71 : 5857;
1C72 : 303f;
1C73 : 3131;
1C74 : 4e3a;
1C75 : 3b4e;
1C76 : 3131;
1C77 : 5932;
1C78 : 1cfe;
1C79 : 180c;
1C7A : 0e1b;
1C7B : 5afe;
1C7C : 333f;
1C7D : ffff;
1C7E : ffff;
1C7F : ffff;
1C80 : ffff;
1C81 : 5934;
1C82 : fefe;
1C83 : fefe;
1C84 : fefe;
1C85 : 5afe;
1C86 : 333f;
1C87 : ffff;
1C88 : ffff;
1C89 : ffff;
1C8A : ffff;
1C8B : 5b34;
1C8C : 5c5c;
1C8D : 5c5c;
1C8E : 5c5c;
1C8F : 5d5c;
1C90 : 333f;
1C91 : ffff;
1C92 : ffff;
1C93 : ffff;
1C94 : ffff;
1C95 : 3f34;
1C96 : 4c48;
1C97 : 4c4c;
1C98 : 3f49;
1C99 : 3f66;
1C9A : 333f;
1C9B : ffff;
1C9C : ffff;
1C9D : ffff;
1C9E : ffff;
1C9F : 3f34;
1CA0 : fefe;
1CA1 : fefe;
1CA2 : 3ffe;
1CA3 : 3ffe;
1CA4 : 333f;
1CA5 : ffff;
1CA6 : ffff;
1CA7 : ffff;
1CA8 : ffff;
1CA9 : 3f34;
1CAA : fefe;
1CAB : fefe;
1CAC : 3ffe;
1CAD : 3ffe;
1CAE : 333f;
1CAF : ffff;
1CB0 : ffff;
1CB1 : ffff;
1CB2 : ffff;
1CB3 : 3f34;
1CB4 : 4d4a;
1CB5 : 4d4d;
1CB6 : 3f4b;
1CB7 : 3ffe;
1CB8 : 333f;
1CB9 : ffff;
1CBA : ffff;
1CBB : ffff;
1CBC : ffff;
1CBD : 3f34;
1CBE : 503f;
1CBF : 5151;
1CC0 : 5251;
1CC1 : 3f67;
1CC2 : 333f;
1CC3 : ffff;
1CC4 : ffff;
1CC5 : ffff;
1CC6 : ffff;
1CC7 : 4034;
1CC8 : 5341;
1CC9 : 5454;
1CCA : 5554;
1CCB : 4241;
1CCC : 333f;
1CCD : ffff;
1CCE : ffff;
1CCF : ffff;
1CD0 : ffff;
1CD1 : 4334;
1CD2 : 15fe;
1CD3 : 1f0e;
1CD4 : 150e;
1CD5 : 44fe;
1CD6 : 333f;
1CD7 : ffff;
1CD8 : ffff;
1CD9 : ffff;
1CDA : ffff;
1CDB : 4334;
1CDC : fefe;
1CDD : fefe;
1CDE : fefe;
1CDF : 44fe;
1CE0 : 333f;
1CE1 : ffff;
1CE2 : ffff;
1CE3 : ffff;
1CE4 : ffff;
1CE5 : 4334;
1CE6 : 1ffe;
1CE7 : 1b12;
1CE8 : 1c1e;
1CE9 : 44fe;
1CEA : 333f;
1CEB : ffff;
1CEC : ffff;
1CED : ffff;
1CEE : ffff;
1CEF : 4334;
1CF0 : fefe;
1CF1 : fefe;
1CF2 : fefe;
1CF3 : 44fe;
1CF4 : 333f;
1CF5 : ffff;
1CF6 : ffff;
1CF7 : ffff;
1CF8 : ffff;
1CF9 : 4534;
1CFA : 4646;
1CFB : 4646;
1CFC : 4646;
1CFD : 4746;
1CFE : 333f;
1CFF : ffff;
1D00 : ffff;
1D01 : ffff;
1D02 : ffff;
1D03 : 3f34;
1D04 : 4c48;
1D05 : 4c4c;
1D06 : 4c4c;
1D07 : 3f49;
1D08 : 333f;
1D09 : ffff;
1D0A : ffff;
1D0B : ffff;
1D0C : ffff;
1D0D : 3f34;
1D0E : fefe;
1D0F : fefe;
1D10 : fefe;
1D11 : 3ffe;
1D12 : 353f;
1D13 : 3636;
1D14 : 3636;
1D15 : 3636;
1D16 : 3636;
1D17 : 3f37;
1D18 : 4d4a;
1D19 : 4d4d;
1D1A : 4d4d;
1D1B : 3f4b;
1D1C : 3f3f;
1D1D : 383f;
1D1E : 4f39;
1D1F : 3c4f;
1D20 : 3f3d;
1D21 : 3f3f;
1D22 : 3f3f;
1D23 : 3f3f;
1D24 : 3f3f;
1D25 : 3f3f;
1D26 : 303f;
1D27 : 3131;
1D28 : 4e3a;
1D29 : 3b4e;
1D2A : 3131;
1D2B : 5632;
1D2C : 5757;
1D2D : 5757;
1D2E : 5757;
1D2F : 5857;
1D30 : 333f;
1D31 : ffff;
1D32 : ffff;
1D33 : ffff;
1D34 : ffff;
1D35 : 5934;
1D36 : 2f0d;
1D37 : 0a16;
1D38 : 121b;
1D39 : 5a18;
1D3A : 333f;
1D3B : ffff;
1D3C : ffff;
1D3D : ffff;
1D3E : ffff;
1D3F : 5b34;
1D40 : 5c5c;
1D41 : 5c5c;
1D42 : 5c5c;
1D43 : 5d5c;
1D44 : 333f;
1D45 : ffff;
1D46 : ffff;
1D47 : ffff;
1D48 : ffff;
1D49 : 3f34;
1D4A : 4c48;
1D4B : 4c4c;
1D4C : 3f49;
1D4D : 3f66;
1D4E : 333f;
1D4F : ffff;
1D50 : ffff;
1D51 : ffff;
1D52 : ffff;
1D53 : 3f34;
1D54 : fefe;
1D55 : fefe;
1D56 : 3ffe;
1D57 : 3ffe;
1D58 : 333f;
1D59 : ffff;
1D5A : ffff;
1D5B : ffff;
1D5C : ffff;
1D5D : 3f34;
1D5E : fefe;
1D5F : fefe;
1D60 : 3ffe;
1D61 : 3ffe;
1D62 : 333f;
1D63 : ffff;
1D64 : ffff;
1D65 : ffff;
1D66 : ffff;
1D67 : 3f34;
1D68 : 4d4a;
1D69 : 4d4d;
1D6A : 3f4b;
1D6B : 3ffe;
1D6C : 333f;
1D6D : ffff;
1D6E : ffff;
1D6F : ffff;
1D70 : ffff;
1D71 : 3f34;
1D72 : 3f3f;
1D73 : 3f3f;
1D74 : 3f3f;
1D75 : 3f67;
1D76 : 333f;
1D77 : ffff;
1D78 : ffff;
1D79 : ffff;
1D7A : ffff;
1D7B : 5634;
1D7C : 5757;
1D7D : 6857;
1D7E : 5757;
1D7F : 5857;
1D80 : 333f;
1D81 : ffff;
1D82 : ffff;
1D83 : ffff;
1D84 : ffff;
1D85 : 5934;
1D86 : fefe;
1D87 : 6afe;
1D88 : fefe;
1D89 : 5afe;
1D8A : 333f;
1D8B : ffff;
1D8C : ffff;
1D8D : ffff;
1D8E : ffff;
1D8F : 5b34;
1D90 : 5c5c;
1D91 : 695c;
1D92 : 5c5c;
1D93 : 5d5c;
1D94 : 333f;
1D95 : ffff;
1D96 : ffff;
1D97 : ffff;
1D98 : ffff;
1D99 : 5634;
1D9A : 5757;
1D9B : 3f58;
1D9C : 6160;
1D9D : 3f62;
1D9E : 333f;
1D9F : ffff;
1DA0 : ffff;
1DA1 : ffff;
1DA2 : ffff;
1DA3 : 5934;
1DA4 : fefe;
1DA5 : 3f5a;
1DA6 : 7170;
1DA7 : 3f72;
1DA8 : 333f;
1DA9 : ffff;
1DAA : ffff;
1DAB : ffff;
1DAC : ffff;
1DAD : 5934;
1DAE : fefe;
1DAF : 3f5a;
1DB0 : fe73;
1DB1 : 3f74;
1DB2 : 333f;
1DB3 : ffff;
1DB4 : ffff;
1DB5 : ffff;
1DB6 : ffff;
1DB7 : 5b34;
1DB8 : 5c5c;
1DB9 : 3f5d;
1DBA : 6463;
1DBB : 3f65;
1DBC : 333f;
1DBD : ffff;
1DBE : ffff;
1DBF : ffff;
1DC0 : ffff;
1DC1 : 3f34;
1DC2 : 1822;
1DC3 : 3f1e;
1DC4 : 180c;
1DC5 : 3f16;
1DC6 : 353f;
1DC7 : 3636;
1DC8 : 3636;
1DC9 : 3636;
1DCA : 3636;
1DCB : 3f37;
1DCC : 3f3f;
1DCD : 3f3f;
1DCE : 3f3f;
1DCF : 3f3f;
1DD0 : fefe;
1DD1 : fefe;
1DD2 : fefe;
1DD3 : fefe;
1DD4 : fefe;
1DD5 : fefe;
1DD6 : fefe;
1DD7 : fefe;
1DD8 : fefe;
1DD9 : fefe;
1DDA : fefe;
1DDB : fefe;
1DDC : fefe;
1DDD : fefe;
1DDE : fefe;
1DDF : fefe;
1DE0 : fefe;
1DE1 : fefe;
1DE2 : fefe;
1DE3 : fefe;
1DE4 : 8180;
1DE5 : 8180;
1DE6 : 8180;
1DE7 : 8180;
1DE8 : 8180;
1DE9 : 8180;
1DEA : 8180;
1DEB : 8180;
1DEC : 8180;
1DED : 8180;
1DEE : ffff;
1DEF : ffff;
1DF0 : ffff;
1DF1 : ffff;
1DF2 : ffff;
1DF3 : ffff;
1DF4 : ffff;
1DF5 : ffff;
1DF6 : ffff;
1DF7 : ffff;
1DF8 : ffff;
1DF9 : ffff;
1DFA : ffff;
1DFB : ffff;
1DFC : ffff;
1DFD : ffff;
1DFE : ffff;
1DFF : ffff;
1E00 : ffff;
1E01 : ffff;
1E02 : ffff;
1E03 : ffff;
1E04 : ffff;
1E05 : ffff;
1E06 : ffff;
1E07 : ffff;
1E08 : ffff;
1E09 : ffff;
1E0A : ffff;
1E0B : ffff;
1E0C : ffff;
1E0D : ffff;
1E0E : ffff;
1E0F : ffff;
1E10 : ffff;
1E11 : ffff;
1E12 : ffff;
1E13 : ffff;
1E14 : ffff;
1E15 : ffff;
1E16 : ffff;
1E17 : ffff;
1E18 : ffff;
1E19 : ffff;
1E1A : ffff;
1E1B : ffff;
1E1C : ffff;
1E1D : ffff;
1E1E : ffff;
1E1F : ffff;
1E20 : ffff;
1E21 : ffff;
1E22 : ffff;
1E23 : ffff;
1E24 : ffff;
1E25 : ffff;
1E26 : ffff;
1E27 : ffff;
1E28 : ffff;
1E29 : ffff;
1E2A : ffff;
1E2B : ffff;
1E2C : ffff;
1E2D : ffff;
1E2E : ffff;
1E2F : ffff;
1E30 : ffff;
1E31 : ffff;
1E32 : ffff;
1E33 : ffff;
1E34 : 8dff;
1E35 : ffff;
1E36 : ffff;
1E37 : ffff;
1E38 : ffff;
1E39 : ffff;
1E3A : ffff;
1E3B : ffff;
1E3C : ffff;
1E3D : ffff;
1E3E : 8eff;
1E3F : ffff;
1E40 : ffff;
1E41 : ffff;
1E42 : ffff;
1E43 : ffff;
1E44 : ffff;
1E45 : ffff;
1E46 : ffff;
1E47 : ff8d;
1E48 : 8d8f;
1E49 : ffff;
1E4A : ff8d;
1E4B : 8dff;
1E4C : ffff;
1E4D : ffff;
1E4E : ffff;
1E4F : ffff;
1E50 : ffff;
1E51 : ff8e;
1E52 : 8e8f;
1E53 : ffff;
1E54 : ff8e;
1E55 : 8eff;
1E56 : ffff;
1E57 : ffff;
1E58 : ffff;
1E59 : 8f8f;
1E5A : ffff;
1E5B : ff8d;
1E5C : 8d8f;
1E5D : ffff;
1E5E : ff8d;
1E5F : 8dff;
1E60 : ffff;
1E61 : ffff;
1E62 : ffff;
1E63 : 8f8f;
1E64 : ffff;
1E65 : ff8e;
1E66 : 8ecf;
1E67 : 8a8a;
1E68 : 8a82;
1E69 : 8486;
1E6A : 8a8a;
1E6B : 8a8b;
1E6C : 8a8b;
1E6D : cfcf;
1E6E : 8a8a;
1E6F : 8a8d;
1E70 : 828b;
1E71 : 8786;
1E72 : 8c8b;
1E73 : 8988;
1E74 : 8b83;
1E75 : 8c8b;
1E76 : 8c8b;
1E77 : 8786;
1E78 : 8c8b;
1E79 : 8b82;
1E7A : 8c8c;
1E7B : 8988;
1E7C : 8c8c;
1E7D : 8c8b;
1E7E : 8c8c;
1E7F : 8c8b;
1E80 : 8c8c;
1E81 : 8988;
1E82 : 8b8c;
1E83 : 8c8b;
1E84 : 3f3f;
1E85 : 3f3f;
1E86 : 3f3f;
1E87 : 3f3f;
1E88 : 563f;
1E89 : 5757;
1E8A : 6857;
1E8B : 5757;
1E8C : 5857;
1E8D : 2259;
1E8E : 1e18;
1E8F : 0c6a;
1E90 : 1618;
1E91 : 6d5a;
1E92 : 6b6b;
1E93 : 6c6b;
1E94 : 6b6b;
1E95 : 6e6b;
1E96 : fe59;
1E97 : 0e15;
1E98 : 0e1f;
1E99 : fe15;
1E9A : 595a;
1E9B : fefe;
1E9C : fefe;
1E9D : fefe;
1E9E : 5afe;
1E9F : fe59;
1EA0 : 191c;
1EA1 : 0e0e;
1EA2 : fe0d;
1EA3 : 595a;
1EA4 : fefe;
1EA5 : fefe;
1EA6 : fefe;
1EA7 : 5afe;
1EA8 : fe59;
1EA9 : 121f;
1EAA : 1e1b;
1EAB : fe1c;
1EAC : 595a;
1EAD : fefe;
1EAE : fefe;
1EAF : fefe;
1EB0 : 5afe;
1EB1 : 5c5b;
1EB2 : 5c5c;
1EB3 : 5c5c;
1EB4 : 5c5c;
1EB5 : 3f5d;
1EB6 : 5756;
1EB7 : 6857;
1EB8 : 5757;
1EB9 : 3f58;
1EBA : 593f;
1EBB : fefe;
1EBC : fe6a;
1EBD : 5afe;
1EBE : 3f3f;
1EBF : fe59;
1EC0 : 6afe;
1EC1 : fefe;
1EC2 : 3f5a;
1EC3 : 593f;
1EC4 : fefe;
1EC5 : fe6a;
1EC6 : 5afe;
1EC7 : 3f3f;
1EC8 : fe59;
1EC9 : 6afe;
1ECA : fefe;
1ECB : 3f5a;
1ECC : 593f;
1ECD : fefe;
1ECE : fe6a;
1ECF : 5afe;
1ED0 : 3f3f;
1ED1 : 5c5b;
1ED2 : 695c;
1ED3 : 5c5c;
1ED4 : 3f5d;
1ED5 : 0000;
1ED6 : 0000;
1ED7 : 0000;
1ED8 : 0000;
1ED9 : 3030;
1EDA : 4f4f;
1EDB : 87a7;
1EDC : cccc;
1EDD : 0000;
1EDE : 0000;
1EDF : 0000;
1EE0 : 0000;
1EE1 : 0000;
1EE2 : e0e0;
1EE3 : f0f0;
1EE4 : 0808;
1EE5 : 7f7f;
1EE6 : 4149;
1EE7 : 545c;
1EE8 : 545c;
1EE9 : 407f;
1EEA : 83ff;
1EEB : 87ff;
1EEC : 7f7f;
1EED : f8f8;
1EEE : 3cfc;
1EEF : 32fe;
1EF0 : 6afe;
1EF1 : 0afe;
1EF2 : 12fe;
1EF3 : cefe;
1EF4 : 8cfc;
1EF5 : 0000;
1EF6 : 0000;
1EF7 : 0707;
1EF8 : 1a1e;
1EF9 : 223e;
1EFA : 3e3e;
1EFB : 0303;
1EFC : 0000;
1EFD : 2c3f;
1EFE : 505f;
1EFF : 8f8f;
1F00 : 2a2a;
1F01 : 4747;
1F02 : 4444;
1F03 : f4f4;
1F04 : 4444;
1F05 : 18f8;
1F06 : 64e4;
1F07 : 8282;
1F08 : 8282;
1F09 : 1111;
1F0A : 1111;
1F0B : f1f1;
1F0C : 3f3f;
1F0D : 2424;
1F0E : 2222;
1F0F : 1f1f;
1F10 : 0909;
1F11 : 1d1d;
1F12 : 3f23;
1F13 : 7f41;
1F14 : 7f7f;
1F15 : 213f;
1F16 : 111f;
1F17 : fefe;
1F18 : 0808;
1F19 : 3838;
1F1A : fcc4;
1F1B : fe02;
1F1C : fefe;
1F1D : 0000;
1F1E : 0000;
1F1F : 1a1a;
1F20 : 253f;
1F21 : 213f;
1F22 : 233f;
1F23 : 141c;
1F24 : 0808;
1F25 : 7f7f;
1F26 : 4149;
1F27 : 545c;
1F28 : 545c;
1F29 : 407f;
1F2A : 83ff;
1F2B : 87ff;
1F2C : 7f7f;
1F2D : 0404;
1F2E : 0303;
1F2F : 0000;
1F30 : 0000;
1F31 : 0000;
1F32 : 0000;
1F33 : 0000;
1F34 : 0000;
1F35 : 2c3f;
1F36 : 101f;
1F37 : 8f8f;
1F38 : 6a6a;
1F39 : 4747;
1F3A : 4444;
1F3B : 7474;
1F3C : 4444;
1F3D : 0000;
1F3E : 0101;
1F3F : 0101;
1F40 : 0101;
1F41 : 0101;
1F42 : 0101;
1F43 : 0101;
1F44 : 0101;
1F45 : ffff;
1F46 : 41c9;
1F47 : 54dc;
1F48 : d4dc;
1F49 : 407f;
1F4A : 83ff;
1F4B : 87ff;
1F4C : 7f7f;
1F4D : acbf;
1F4E : 909f;
1F4F : 4f4f;
1F50 : 6a6a;
1F51 : 4747;
1F52 : 4444;
1F53 : 7474;
1F54 : 4444;
1F55 : 0000;
1F56 : 0000;
1F57 : 0000;
1F58 : 0000;
1F59 : 0303;
1F5A : 0f0f;
1F5B : 1e1e;
1F5C : 2323;
1F5D : 0000;
1F5E : 0000;
1F5F : 0000;
1F60 : 0000;
1F61 : c0c0;
1F62 : 3030;
1F63 : 5818;
1F64 : 3434;
1F65 : 3f3f;
1F66 : 6879;
1F67 : a2f3;
1F68 : b2f3;
1F69 : 80ff;
1F6A : a8ff;
1F6B : 5c7f;
1F6C : 4f7f;
1F6D : fcfc;
1F6E : 2e3e;
1F6F : 899f;
1F70 : 999f;
1F71 : 01ff;
1F72 : 25ff;
1F73 : 72fe;
1F74 : e2fe;
1F75 : 0202;
1F76 : 0d0f;
1F77 : 111f;
1F78 : 1e1e;
1F79 : 0404;
1F7A : 0202;
1F7B : 0101;
1F7C : 0000;
1F7D : 203f;
1F7E : 585f;
1F7F : afaf;
1F80 : 2b2b;
1F81 : 4545;
1F82 : 4343;
1F83 : dddd;
1F84 : 4141;
1F85 : 04fc;
1F86 : 3afa;
1F87 : e1e1;
1F88 : a2a2;
1F89 : 4141;
1F8A : 8181;
1F8B : 7979;
1F8C : 0303;
1F8D : 4040;
1F8E : b8f8;
1F8F : 84fc;
1F90 : 7878;
1F91 : 2020;
1F92 : c0c0;
1F93 : 0000;
1F94 : 0000;
1F95 : 4141;
1F96 : 2121;
1F97 : 1f1f;
1F98 : 0808;
1F99 : 1c1c;
1F9A : 3f23;
1F9B : 7f40;
1F9C : 7f7f;
1F9D : 0202;
1F9E : 0404;
1F9F : f8f8;
1FA0 : 8888;
1FA1 : b8b8;
1FA2 : fcc4;
1FA3 : fe82;
1FA4 : fefe;
1FA5 : 3f3f;
1FA6 : 6879;
1FA7 : a2f3;
1FA8 : b2f3;
1FA9 : 80ff;
1FAA : a8ff;
1FAB : dcff;
1FAC : 5f6f;
1FAD : fcfc;
1FAE : 2e3e;
1FAF : 899f;
1FB0 : 999f;
1FB1 : 01ff;
1FB2 : 25ff;
1FB3 : 72fe;
1FB4 : fae6;
1FB5 : 0303;
1FB6 : 0407;
1FB7 : 0407;
1FB8 : 0407;
1FB9 : 0303;
1FBA : 0101;
1FBB : 0000;
1FBC : 0000;
1FBD : dfe0;
1FBE : 6ef0;
1FBF : 53dc;
1FC0 : 8c8f;
1FC1 : 2727;
1FC2 : 4545;
1FC3 : c2c2;
1FC4 : 5d5d;
1FC5 : fb07;
1FC6 : 760f;
1FC7 : ca3b;
1FC8 : 31f1;
1FC9 : c4c4;
1FCA : 4242;
1FCB : 8383;
1FCC : 3a3a;
1FCD : c0c0;
1FCE : 20e0;
1FCF : 20e0;
1FD0 : 60e0;
1FD1 : a0a0;
1FD2 : 4040;
1FD3 : 8080;
1FD4 : 0000;
1FD5 : 0000;
1FD6 : 0000;
1FD7 : 3838;
1FD8 : 7e7e;
1FD9 : f7e7;
1FDA : a181;
1FDB : 4202;
1FDC : 4000;
1FDD : 0000;
1FDE : 0000;
1FDF : 3838;
1FE0 : fcfc;
1FE1 : dece;
1FE2 : 0a02;
1FE3 : 8480;
1FE4 : 0400;
1FE5 : 3c3c;
1FE6 : 7e7e;
1FE7 : 8e8e;
1FE8 : 3723;
1FE9 : 6141;
1FEA : 4202;
1FEB : 4000;
1FEC : 6a01;
1FED : 0000;
1FEE : 3838;
1FEF : 7c7c;
1FF0 : dece;
1FF1 : 0a02;
1FF2 : 8480;
1FF3 : 0400;
1FF4 : ac00;
1FF5 : 0000;
1FF6 : 3838;
1FF7 : 7c7c;
1FF8 : f7e7;
1FF9 : a181;
1FFA : 4202;
1FFB : 4000;
1FFC : 6a01;
1FFD : 7878;
1FFE : fcfc;
1FFF : e2e2;
2000 : d888;
2001 : 0c04;
2002 : 8480;
2003 : 0400;
2004 : ac00;
2005 : 0000;
2006 : 0000;
2007 : 0000;
2008 : 1a1a;
2009 : 3030;
200A : 2c2c;
200B : 1f1f;
200C : dfdf;
200D : 0000;
200E : 0000;
200F : e0e0;
2010 : 90b0;
2011 : 1808;
2012 : 6c64;
2013 : f4fc;
2014 : f8f4;
2015 : 0000;
2016 : 0000;
2017 : 0e0e;
2018 : 121a;
2019 : 3020;
201A : 6c4c;
201B : 5f7f;
201C : 7f5f;
201D : 0000;
201E : 0000;
201F : 0000;
2020 : 98b8;
2021 : 1c0c;
2022 : 6c64;
2023 : f0f0;
2024 : f6f6;
2025 : 0000;
2026 : 0000;
2027 : 3e3e;
2028 : 7373;
2029 : 6565;
202A : c0c0;
202B : 4a41;
202C : af5f;
202D : 0000;
202E : 0000;
202F : f8f8;
2030 : 9c9c;
2031 : 4c4c;
2032 : 0606;
2033 : a404;
2034 : ead0;
2035 : 0000;
2036 : 1818;
2037 : 5a5a;
2038 : 7e7e;
2039 : 6666;
203A : 6600;
203B : 7e7e;
203C : 0000;
203D : 0000;
203E : 0000;
203F : 0000;
2040 : 0000;
2041 : 0000;
2042 : 0000;
2043 : 0000;
2044 : 0000;
2045 : 0202;
2046 : 0202;
2047 : 0101;
2048 : 0000;
2049 : 0000;
204A : 0000;
204B : 0000;
204C : 0000;
204D : 3f20;
204E : 2e30;
204F : 131c;
2050 : cccf;
2051 : 2727;
2052 : 4545;
2053 : 4242;
2054 : 5d5d;
2055 : 6a01;
2056 : 7f3f;
2057 : 5404;
2058 : 2f07;
2059 : 1500;
205A : 2a00;
205B : 7050;
205C : f0f0;
205D : ac00;
205E : fcf8;
205F : 5440;
2060 : e8c0;
2061 : 5000;
2062 : a800;
2063 : 1c14;
2064 : 1e1e;
2065 : 7f3f;
2066 : 5404;
2067 : 2f07;
2068 : 1500;
2069 : 2a00;
206A : 2000;
206B : 5050;
206C : f0f0;
206D : fcf8;
206E : 5242;
206F : eec6;
2070 : 5a02;
2071 : b606;
2072 : 0000;
2073 : 0000;
2074 : 0000;
2075 : 7f3f;
2076 : 9484;
2077 : efc7;
2078 : b580;
2079 : dac0;
207A : 0000;
207B : 0000;
207C : 0000;
207D : fcf8;
207E : 5440;
207F : e8c0;
2080 : 5000;
2081 : a800;
2082 : 0800;
2083 : 1414;
2084 : 1e1e;
2085 : d7c7;
2086 : eae5;
2087 : 656a;
2088 : 0a05;
2089 : 150a;
208A : 0205;
208B : 0000;
208C : 0000;
208D : d0c8;
208E : a656;
208F : 56a6;
2090 : ae4e;
2091 : 4cac;
2092 : 8040;
2093 : 0000;
2094 : 0000;
2095 : 1727;
2096 : cad1;
2097 : d5ca;
2098 : eae5;
2099 : 656a;
209A : 0205;
209B : 0000;
209C : 0000;
209D : d6c6;
209E : ae4e;
209F : 4cac;
20A0 : a050;
20A1 : 50a0;
20A2 : 8040;
20A3 : 0000;
20A4 : 0000;
20A5 : dc0c;
20A6 : bf1f;
20A7 : 5f1f;
20A8 : 6f0f;
20A9 : 3707;
20AA : 2a00;
20AB : 7550;
20AC : f0f0;
20AD : 7660;
20AE : faf0;
20AF : f4f0;
20B0 : ece0;
20B1 : d8c0;
20B2 : b810;
20B3 : 5c14;
20B4 : 1e1e;
20B5 : 0000;
20B6 : 0000;
20B7 : 0000;
20B8 : 0707;
20B9 : 080f;
20BA : 080f;
20BB : 0d0f;
20BC : 0606;
20BD : 13f3;
20BE : 60e0;
20BF : 8888;
20C0 : 8484;
20C1 : 0303;
20C2 : 0202;
20C3 : e2e2;
20C4 : 0202;
20C5 : 8080;
20C6 : 6060;
20C7 : 1010;
20C8 : 3030;
20C9 : 4878;
20CA : 88f8;
20CB : 90f0;
20CC : 6060;
20CD : 0404;
20CE : 0404;
20CF : fcfc;
20D0 : 0808;
20D1 : 3838;
20D2 : fcc4;
20D3 : fe02;
20D4 : fefe;
20D5 : 0000;
20D6 : 2020;
20D7 : 3232;
20D8 : 3f3f;
20D9 : dcdc;
20DA : d0d0;
20DB : 3232;
20DC : 7979;
20DD : 0000;
20DE : 0404;
20DF : 4c4c;
20E0 : fcfc;
20E1 : 3b3b;
20E2 : 0b0b;
20E3 : 4c4c;
20E4 : 9e9e;
20E5 : 0000;
20E6 : d5d0;
20E7 : dfdf;
20E8 : 7070;
20E9 : 2020;
20EA : 4949;
20EB : 6666;
20EC : 7f7f;
20ED : 1010;
20EE : 3030;
20EF : f0f0;
20F0 : f8f8;
20F1 : 3838;
20F2 : 3b3b;
20F3 : 7b7b;
20F4 : fcfc;
20F5 : 0808;
20F6 : 0c0c;
20F7 : 0f0f;
20F8 : 1f1f;
20F9 : 1c1c;
20FA : dcdc;
20FB : dede;
20FC : 3f3f;
20FD : 0000;
20FE : ab0b;
20FF : fbfb;
2100 : 0e0e;
2101 : 0404;
2102 : 9292;
2103 : 6666;
2104 : fefe;
2105 : 0000;
2106 : 0000;
2107 : 0000;
2108 : 0a0a;
2109 : 1010;
210A : dbdb;
210B : bcbc;
210C : 3131;
210D : 0000;
210E : 0000;
210F : 0000;
2110 : 4c4c;
2111 : 1414;
2112 : d8d8;
2113 : 3c3c;
2114 : 8c8c;
2115 : 0101;
2116 : 0101;
2117 : 2121;
2118 : 1010;
2119 : 0808;
211A : 0000;
211B : 0000;
211C : e0e0;
211D : 0000;
211E : 0000;
211F : 0808;
2120 : 1010;
2121 : 2020;
2122 : 0000;
2123 : 0000;
2124 : 0e0e;
2125 : 0000;
2126 : 0000;
2127 : 2020;
2128 : 3737;
2129 : 3c3c;
212A : d2d2;
212B : f9f9;
212C : 7f7f;
212D : 0000;
212E : 0000;
212F : 0404;
2130 : ecec;
2131 : 3c3c;
2132 : 4b4b;
2133 : 9f9f;
2134 : fefe;
2135 : 00ff;
2136 : 3cff;
2137 : 7eff;
2138 : 66ff;
2139 : 66ff;
213A : 66ff;
213B : 66ff;
213C : 66ff;
213D : 00ff;
213E : 18ff;
213F : 38ff;
2140 : 38ff;
2141 : 18ff;
2142 : 18ff;
2143 : 18ff;
2144 : 18ff;
2145 : 00ff;
2146 : 3cff;
2147 : 7eff;
2148 : 66ff;
2149 : 06ff;
214A : 06ff;
214B : 06ff;
214C : 0eff;
214D : 00ff;
214E : 3cff;
214F : 7eff;
2150 : 66ff;
2151 : 06ff;
2152 : 06ff;
2153 : 1cff;
2154 : 1cff;
2155 : 7f7f;
2156 : 7f7f;
2157 : 6660;
2158 : 3f3f;
2159 : 7f7f;
215A : 4f4f;
215B : 6060;
215C : e0e0;
215D : fefe;
215E : fefe;
215F : 0606;
2160 : fcfc;
2161 : fefe;
2162 : f2f2;
2163 : 0606;
2164 : 0707;
2165 : 4c40;
2166 : 6c60;
2167 : 2020;
2168 : 3030;
2169 : 1818;
216A : 2f2f;
216B : 6060;
216C : e0e0;
216D : 0c0c;
216E : 0c0c;
216F : 1c1c;
2170 : 3838;
2171 : f6f6;
2172 : c7c7;
2173 : 0000;
2174 : 0000;
2175 : 3130;
2176 : 3938;
2177 : 3838;
2178 : 1c1c;
2179 : 6f6f;
217A : e3e3;
217B : 0000;
217C : 0000;
217D : 8202;
217E : 8606;
217F : 0404;
2180 : 0c0c;
2181 : 1818;
2182 : f4f4;
2183 : 0606;
2184 : 0707;
2185 : 2727;
2186 : 3737;
2187 : dfdf;
2188 : efef;
2189 : 6f6f;
218A : 0707;
218B : 0000;
218C : 0000;
218D : e4e4;
218E : e4e4;
218F : fcfc;
2190 : f8f8;
2191 : fbfb;
2192 : e7e7;
2193 : 0606;
2194 : 0000;
2195 : 0000;
2196 : 0000;
2197 : 0808;
2198 : 1111;
2199 : 2121;
219A : 0101;
219B : 0101;
219C : 0000;
219D : 0000;
219E : 0000;
219F : 2020;
21A0 : 1010;
21A1 : 0808;
21A2 : 0000;
21A3 : 0000;
21A4 : 0000;
21A5 : 6660;
21A6 : 4640;
21A7 : 4040;
21A8 : 2021;
21A9 : 6063;
21AA : 5859;
21AB : 6f6f;
21AC : e0e0;
21AD : 0606;
21AE : 0202;
21AF : 0202;
21B0 : 0484;
21B1 : 06c6;
21B2 : 1a9a;
21B3 : f6f6;
21B4 : 0707;
21B5 : 66ff;
21B6 : 66ff;
21B7 : 66ff;
21B8 : 66ff;
21B9 : 66ff;
21BA : 7eff;
21BB : 3cff;
21BC : 00ff;
21BD : 18ff;
21BE : 18ff;
21BF : 18ff;
21C0 : 18ff;
21C1 : 18ff;
21C2 : 3cff;
21C3 : 3cff;
21C4 : 00ff;
21C5 : 1cff;
21C6 : 38ff;
21C7 : 30ff;
21C8 : 60ff;
21C9 : 60ff;
21CA : 7eff;
21CB : 7eff;
21CC : 00ff;
21CD : 06ff;
21CE : 06ff;
21CF : 06ff;
21D0 : 06ff;
21D1 : 66ff;
21D2 : 7eff;
21D3 : 3cff;
21D4 : 00ff;
21D5 : 6262;
21D6 : 5775;
21D7 : 2838;
21D8 : 1010;
21D9 : 1717;
21DA : dddd;
21DB : a3e3;
21DC : 4444;
21DD : 4646;
21DE : eaae;
21DF : 141c;
21E0 : 0808;
21E1 : e8e8;
21E2 : bbbb;
21E3 : c5c7;
21E4 : 2222;
21E5 : 0000;
21E6 : 0000;
21E7 : 6262;
21E8 : 5775;
21E9 : 2838;
21EA : 1010;
21EB : 1717;
21EC : 3d3d;
21ED : 0000;
21EE : 0000;
21EF : 4646;
21F0 : eaae;
21F1 : 141c;
21F2 : 0808;
21F3 : e8e8;
21F4 : bcbc;
21F5 : c5c7;
21F6 : a8e8;
21F7 : 5070;
21F8 : 3737;
21F9 : dddd;
21FA : b3f3;
21FB : 6464;
21FC : 2020;
21FD : a3e3;
21FE : 1517;
21FF : 0a0e;
2200 : ecec;
2201 : bbbb;
2202 : cdcf;
2203 : 2626;
2204 : 0404;
2205 : 0000;
2206 : 0000;
2207 : 0303;
2208 : 6c0c;
2209 : 7313;
220A : 1f1f;
220B : 1010;
220C : 2020;
220D : 0000;
220E : 0000;
220F : c0c0;
2210 : 3030;
2211 : c8c8;
2212 : f8f8;
2213 : 0f0c;
2214 : 0704;
2215 : 00ff;
2216 : 3cff;
2217 : 7eff;
2218 : 66ff;
2219 : 66ff;
221A : 66ff;
221B : 3cff;
221C : 3cff;
221D : 00ff;
221E : 3cff;
221F : 7eff;
2220 : 66ff;
2221 : 66ff;
2222 : 66ff;
2223 : 7eff;
2224 : 3eff;
2225 : c2c2;
2226 : afef;
2227 : 5070;
2228 : 2727;
2229 : 2d2d;
222A : 4444;
222B : 8080;
222C : 9f9f;
222D : 4343;
222E : f5f7;
222F : 0a0e;
2230 : e4e4;
2231 : b4b4;
2232 : 2222;
2233 : 0101;
2234 : f9f9;
2235 : 00ff;
2236 : 1cff;
2237 : 3cff;
2238 : 3cff;
2239 : 6cff;
223A : 6cff;
223B : 6cff;
223C : 6cff;
223D : 00ff;
223E : 7eff;
223F : 7eff;
2240 : 60ff;
2241 : 60ff;
2242 : 60ff;
2243 : 7cff;
2244 : 7eff;
2245 : 00ff;
2246 : 3cff;
2247 : 7eff;
2248 : 66ff;
2249 : 60ff;
224A : 60ff;
224B : 7cff;
224C : 7eff;
224D : 00ff;
224E : 7eff;
224F : 7eff;
2250 : 66ff;
2251 : 06ff;
2252 : 06ff;
2253 : 06ff;
2254 : 0cff;
2255 : 4040;
2256 : 5f5f;
2257 : e020;
2258 : d010;
2259 : 0f0f;
225A : 141c;
225B : 223e;
225C : 3e3e;
225D : 0202;
225E : fafa;
225F : 0704;
2260 : 0b08;
2261 : f0f0;
2262 : 2838;
2263 : 447c;
2264 : 7c7c;
2265 : 4343;
2266 : 8080;
2267 : b8b8;
2268 : 4747;
2269 : f030;
226A : df1f;
226B : 322e;
226C : 3e3e;
226D : c2c2;
226E : 0101;
226F : 1d1d;
2270 : e2e2;
2271 : 0f0c;
2272 : fbf8;
2273 : 447c;
2274 : 7c7c;
2275 : ef2f;
2276 : d010;
2277 : 1010;
2278 : 0c0c;
2279 : 171f;
227A : 141c;
227B : 223e;
227C : 3e3e;
227D : f7f4;
227E : 0b08;
227F : 0808;
2280 : 3030;
2281 : e8f8;
2282 : 2838;
2283 : 447c;
2284 : 7c7c;
2285 : 4f4f;
2286 : 5858;
2287 : 6464;
2288 : 2424;
2289 : 3838;
228A : 1818;
228B : 0707;
228C : 0000;
228D : fafa;
228E : 0606;
228F : 0909;
2290 : 0909;
2291 : 0606;
2292 : 1818;
2293 : e0e0;
2294 : 0000;
2295 : 66ff;
2296 : 66ff;
2297 : 66ff;
2298 : 66ff;
2299 : 66ff;
229A : 7eff;
229B : 3cff;
229C : 00ff;
229D : 06ff;
229E : 06ff;
229F : 06ff;
22A0 : 06ff;
22A1 : 66ff;
22A2 : 7eff;
22A3 : 3cff;
22A4 : 00ff;
22A5 : a4a4;
22A6 : bcbc;
22A7 : 4f4f;
22A8 : f030;
22A9 : cf0f;
22AA : 141c;
22AB : 223e;
22AC : 3e3e;
22AD : 9595;
22AE : 9d9d;
22AF : f2f2;
22B0 : 0f0c;
22B1 : f3f0;
22B2 : 2838;
22B3 : 447c;
22B4 : 7c7c;
22B5 : 6cff;
22B6 : 6cff;
22B7 : 7eff;
22B8 : 7eff;
22B9 : 0cff;
22BA : 0cff;
22BB : 0cff;
22BC : 00ff;
22BD : 06ff;
22BE : 06ff;
22BF : 06ff;
22C0 : 06ff;
22C1 : 66ff;
22C2 : 7eff;
22C3 : 3cff;
22C4 : 00ff;
22C5 : 66ff;
22C6 : 66ff;
22C7 : 66ff;
22C8 : 66ff;
22C9 : 66ff;
22CA : 7eff;
22CB : 3cff;
22CC : 00ff;
22CD : 18ff;
22CE : 18ff;
22CF : 18ff;
22D0 : 18ff;
22D1 : 18ff;
22D2 : 18ff;
22D3 : 18ff;
22D4 : 00ff;
22D5 : 7f7f;
22D6 : d5eb;
22D7 : abd5;
22D8 : d5ab;
22D9 : abd5;
22DA : d5eb;
22DB : 7f7f;
22DC : 0000;
22DD : 7f7f;
22DE : c1ff;
22DF : bfff;
22E0 : ffff;
22E1 : ffff;
22E2 : ffff;
22E3 : 7f7f;
22E4 : 0000;
22E5 : 7f7f;
22E6 : c1ff;
22E7 : 81ff;
22E8 : 81ff;
22E9 : 81ff;
22EA : c1ff;
22EB : 7f7f;
22EC : 0000;
22ED : 00ff;
22EE : 00ff;
22EF : 00ff;
22F0 : 00ff;
22F1 : 00ff;
22F2 : 00ff;
22F3 : 00fe;
22F4 : 00f8;
22F5 : 00ff;
22F6 : 00ff;
22F7 : 00ff;
22F8 : 00ff;
22F9 : 00ff;
22FA : 00ff;
22FB : 0000;
22FC : 0000;
22FD : 00ff;
22FE : 00ff;
22FF : 00ff;
2300 : 00ff;
2301 : 00ff;
2302 : 00ff;
2303 : 007f;
2304 : 001f;
2305 : 00f0;
2306 : 00e3;
2307 : 00e7;
2308 : 00e7;
2309 : 00e7;
230A : 00e7;
230B : 00e3;
230C : 00f0;
230D : 000f;
230E : 00c7;
230F : 00e7;
2310 : 00e7;
2311 : 00e7;
2312 : 00e7;
2313 : 00c7;
2314 : 000f;
2315 : 00f8;
2316 : 00fe;
2317 : 00ff;
2318 : 00ff;
2319 : 00ff;
231A : 00ff;
231B : 00ff;
231C : 00ff;
231D : 0000;
231E : 0000;
231F : 00ff;
2320 : 00ff;
2321 : 00ff;
2322 : 00ff;
2323 : 00ff;
2324 : 00ff;
2325 : 001f;
2326 : 007f;
2327 : 00ff;
2328 : 00ff;
2329 : 00ff;
232A : 00ff;
232B : 00ff;
232C : 00ff;
232D : 1111;
232E : 2a3b;
232F : 243f;
2330 : 2f3a;
2331 : 2a3f;
2332 : 3f3f;
2333 : 2936;
2334 : 3f3f;
2335 : 1800;
2336 : 1818;
2337 : 1800;
2338 : 1818;
2339 : 1800;
233A : 1818;
233B : 1800;
233C : 1818;
233D : 0000;
233E : 1818;
233F : 3838;
2340 : 1818;
2341 : 1818;
2342 : 1818;
2343 : 3c3c;
2344 : 0000;
2345 : 0000;
2346 : 7c7c;
2347 : 6666;
2348 : 6666;
2349 : 7c7c;
234A : 6060;
234B : 6060;
234C : 0000;
234D : 38ff;
234E : 7cc7;
234F : 7cc7;
2350 : 7cc7;
2351 : 44ff;
2352 : 44ff;
2353 : 44ff;
2354 : 38ff;
2355 : fcfc;
2356 : 56ae;
2357 : aa56;
2358 : 56aa;
2359 : aa56;
235A : 56ae;
235B : fcfc;
235C : 0000;
235D : fcfc;
235E : 06fe;
235F : fafe;
2360 : fefe;
2361 : fefe;
2362 : fefe;
2363 : fcfc;
2364 : 0000;
2365 : fcfc;
2366 : 06fe;
2367 : 02fe;
2368 : 02fe;
2369 : 02fe;
236A : 06fe;
236B : fcfc;
236C : 0000;
236D : 00ff;
236E : 00ff;
236F : 00ff;
2370 : 00ff;
2371 : 00ff;
2372 : 03ff;
2373 : 0ffe;
2374 : 1ef8;
2375 : 00ff;
2376 : 00ff;
2377 : 00ff;
2378 : 00ff;
2379 : 00ff;
237A : ffff;
237B : ff00;
237C : 0000;
237D : 00ff;
237E : 00ff;
237F : 00ff;
2380 : 00ff;
2381 : 00ff;
2382 : c0ff;
2383 : f07f;
2384 : 781f;
2385 : 18f0;
2386 : 30e3;
2387 : 30e7;
2388 : 30e7;
2389 : 30e7;
238A : 30e7;
238B : 30e3;
238C : 18f0;
238D : 180f;
238E : 0cc7;
238F : 0ce7;
2390 : 0ce7;
2391 : 0ce7;
2392 : 0ce7;
2393 : 0cc7;
2394 : 180f;
2395 : 1ef8;
2396 : 0ffe;
2397 : 03ff;
2398 : 00ff;
2399 : 00ff;
239A : 00ff;
239B : 00ff;
239C : 00ff;
239D : 0000;
239E : ff00;
239F : ffff;
23A0 : 00ff;
23A1 : 00ff;
23A2 : 00ff;
23A3 : 00ff;
23A4 : 00ff;
23A5 : 781f;
23A6 : f07f;
23A7 : c0ff;
23A8 : 00ff;
23A9 : 00ff;
23AA : 00ff;
23AB : 00ff;
23AC : 00ff;
23AD : 0000;
23AE : 6c6c;
23AF : fafe;
23B0 : fefe;
23B1 : fefe;
23B2 : 7c7c;
23B3 : 3838;
23B4 : 1010;
23B5 : 0000;
23B6 : 0000;
23B7 : ffff;
23B8 : 3f3f;
23B9 : 0f0f;
23BA : 0303;
23BB : 0000;
23BC : 0000;
23BD : 0000;
23BE : 3c3c;
23BF : 4e4e;
23C0 : 0e0e;
23C1 : 3c3c;
23C2 : 7070;
23C3 : 7e7e;
23C4 : 0000;
23C5 : 0000;
23C6 : 7c7c;
23C7 : 6666;
23C8 : 6666;
23C9 : 7c7c;
23CA : 6060;
23CB : 6060;
23CC : 0000;
23CD : 0000;
23CE : 8080;
23CF : 4040;
23D0 : 2020;
23D1 : e0e0;
23D2 : 20e0;
23D3 : 20e0;
23D4 : c0c0;
23D5 : 7c7c;
23D6 : d6ee;
23D7 : aad6;
23D8 : d6aa;
23D9 : aad6;
23DA : d6aa;
23DB : aad6;
23DC : fefe;
23DD : 7c7c;
23DE : f6fe;
23DF : fafe;
23E0 : fafe;
23E1 : fafe;
23E2 : fafe;
23E3 : fafe;
23E4 : fefe;
23E5 : 7c7c;
23E6 : c6fe;
23E7 : 82fe;
23E8 : 82fe;
23E9 : 82fe;
23EA : 82fe;
23EB : 82fe;
23EC : fefe;
23ED : ff00;
23EE : ff00;
23EF : ff00;
23F0 : ff0f;
23F1 : f010;
23F2 : e025;
23F3 : e028;
23F4 : e028;
23F5 : ff00;
23F6 : ff00;
23F7 : ff00;
23F8 : fff0;
23F9 : 0f0e;
23FA : 01e1;
23FB : 0000;
23FC : 0000;
23FD : ff00;
23FE : ff00;
23FF : ff00;
2400 : ff00;
2401 : ff00;
2402 : ff80;
2403 : 7f40;
2404 : 3f20;
2405 : ff00;
2406 : ff00;
2407 : ff00;
2408 : ff00;
2409 : ff00;
240A : ff00;
240B : ff00;
240C : ff00;
240D : ff00;
240E : ff00;
240F : ff00;
2410 : ff1f;
2411 : e020;
2412 : c044;
2413 : c048;
2414 : c048;
2415 : ff00;
2416 : ff00;
2417 : ff00;
2418 : ff80;
2419 : 7f40;
241A : 7f40;
241B : 3f21;
241C : 3f21;
241D : ff00;
241E : ff00;
241F : ff00;
2420 : ff7e;
2421 : 8181;
2422 : 8098;
2423 : 0020;
2424 : 0020;
2425 : ff00;
2426 : ff00;
2427 : ff00;
2428 : ff0f;
2429 : f010;
242A : e0a5;
242B : e0a8;
242C : e0a8;
242D : ff00;
242E : ff00;
242F : ff00;
2430 : ffff;
2431 : 0000;
2432 : 00fe;
2433 : 0000;
2434 : 0000;
2435 : ff00;
2436 : ff00;
2437 : ff00;
2438 : ffc1;
2439 : 3e22;
243A : 1c14;
243B : 1c15;
243C : 1c15;
243D : ff00;
243E : ff00;
243F : ff00;
2440 : ffff;
2441 : 0000;
2442 : 00bf;
2443 : 0000;
2444 : 0000;
2445 : ff00;
2446 : ff00;
2447 : ff00;
2448 : ffc0;
2449 : 3f30;
244A : 0f08;
244B : 0704;
244C : 0302;
244D : ff00;
244E : ff00;
244F : ff00;
2450 : ff3f;
2451 : c040;
2452 : 8090;
2453 : 80a0;
2454 : 80a0;
2455 : aad6;
2456 : d6aa;
2457 : aad6;
2458 : d6aa;
2459 : aad6;
245A : d6ee;
245B : 7c7c;
245C : 0000;
245D : fafe;
245E : fafe;
245F : fafe;
2460 : fafe;
2461 : fafe;
2462 : f6fe;
2463 : 7c7c;
2464 : 0000;
2465 : 82fe;
2466 : 82fe;
2467 : 82fe;
2468 : 82fe;
2469 : 82fe;
246A : c6fe;
246B : 7c7c;
246C : 0000;
246D : e020;
246E : e020;
246F : e020;
2470 : f010;
2471 : f808;
2472 : f808;
2473 : f80a;
2474 : f80a;
2475 : 0000;
2476 : 0000;
2477 : 0000;
2478 : 0000;
2479 : 0000;
247A : 1818;
247B : 1c14;
247C : 1c15;
247D : 3f20;
247E : 1f10;
247F : 1f10;
2480 : 0f08;
2481 : 0f08;
2482 : 0f08;
2483 : 0f0b;
2484 : 0c0c;
2485 : ff00;
2486 : ff00;
2487 : ff00;
2488 : ff00;
2489 : ff00;
248A : ff00;
248B : ff80;
248C : 7f5c;
248D : c040;
248E : e020;
248F : f010;
2490 : f010;
2491 : f010;
2492 : f014;
2493 : f014;
2494 : f014;
2495 : 1e12;
2496 : 1e12;
2497 : 0c0c;
2498 : 0c0c;
2499 : 0000;
249A : 0000;
249B : 0000;
249C : 4040;
249D : 0040;
249E : 0101;
249F : 0302;
24A0 : 0302;
24A1 : 0302;
24A2 : 0322;
24A3 : 0322;
24A4 : 83a2;
24A5 : e0a0;
24A6 : f010;
24A7 : f808;
24A8 : f808;
24A9 : f808;
24AA : f012;
24AB : f012;
24AC : f014;
24AD : 0000;
24AE : 0000;
24AF : 3030;
24B0 : 3030;
24B1 : 3030;
24B2 : 7848;
24B3 : 7848;
24B4 : 7878;
24B5 : 1c14;
24B6 : 3e22;
24B7 : 7f41;
24B8 : 7f41;
24B9 : 7f41;
24BA : 3f21;
24BB : 3f21;
24BC : 3f21;
24BD : 0000;
24BE : 0000;
24BF : 0707;
24C0 : 0704;
24C1 : 0704;
24C2 : 0704;
24C3 : 0744;
24C4 : 0745;
24C5 : 0302;
24C6 : 0101;
24C7 : 0101;
24C8 : 8181;
24C9 : 8181;
24CA : 8181;
24CB : 8181;
24CC : 8181;
24CD : 8080;
24CE : c040;
24CF : e020;
24D0 : e020;
24D1 : e020;
24D2 : e020;
24D3 : e028;
24D4 : e028;
24D5 : 7c7c;
24D6 : d6ee;
24D7 : aad6;
24D8 : d6aa;
24D9 : aad6;
24DA : d6ee;
24DB : 7c7c;
24DC : 0000;
24DD : 7c7c;
24DE : c6fe;
24DF : befe;
24E0 : fefe;
24E1 : fefe;
24E2 : fefe;
24E3 : 7c7c;
24E4 : 0000;
24E5 : 7c7c;
24E6 : c6fe;
24E7 : 82fe;
24E8 : 82fe;
24E9 : 82fe;
24EA : c6fe;
24EB : 7c7c;
24EC : 0000;
24ED : f80a;
24EE : f80a;
24EF : f80a;
24F0 : f80a;
24F1 : f80a;
24F2 : f012;
24F3 : e024;
24F4 : e024;
24F5 : 1c15;
24F6 : 1c15;
24F7 : 1c15;
24F8 : 1819;
24F9 : 0002;
24FA : 0000;
24FB : 0000;
24FC : 0000;
24FD : 0808;
24FE : 0808;
24FF : 080a;
2500 : 080a;
2501 : 080a;
2502 : 080a;
2503 : 181a;
2504 : 181a;
2505 : 2322;
2506 : 0111;
2507 : 0101;
2508 : 0101;
2509 : 2322;
250A : 3f3c;
250B : 3f20;
250C : 3f20;
250D : f014;
250E : f014;
250F : f014;
2510 : f014;
2511 : f014;
2512 : f014;
2513 : f010;
2514 : f014;
2515 : 6161;
2516 : 6161;
2517 : 7352;
2518 : 7352;
2519 : 7f4c;
251A : 7f40;
251B : 7f40;
251C : 7f40;
251D : 83a2;
251E : 83a2;
251F : 83a2;
2520 : 83a2;
2521 : 83a2;
2522 : 83a2;
2523 : 8382;
2524 : 83a2;
2525 : e024;
2526 : e028;
2527 : e028;
2528 : c048;
2529 : c050;
252A : c050;
252B : 8181;
252C : 81a1;
252D : 000c;
252E : 0000;
252F : 0000;
2530 : 0000;
2531 : fcfc;
2532 : fc84;
2533 : fe02;
2534 : fe02;
2535 : 1f11;
2536 : 1f11;
2537 : 1f11;
2538 : 0f09;
2539 : 0f09;
253A : 0f09;
253B : 0705;
253C : 0785;
253D : 0041;
253E : 0040;
253F : 0040;
2540 : 0040;
2541 : 0747;
2542 : 0744;
2543 : 0704;
2544 : 0744;
2545 : 0382;
2546 : 0704;
2547 : 0704;
2548 : 0302;
2549 : 0302;
254A : 8181;
254B : 8181;
254C : c040;
254D : e028;
254E : e028;
254F : e028;
2550 : e028;
2551 : e028;
2552 : e028;
2553 : e020;
2554 : c0d0;
2555 : 5400;
2556 : 8200;
2557 : 0000;
2558 : 8200;
2559 : 0000;
255A : 8200;
255B : 5400;
255C : 0000;
255D : 5454;
255E : 8282;
255F : 0000;
2560 : 8282;
2561 : 0000;
2562 : 8282;
2563 : 5454;
2564 : 0000;
2565 : 0054;
2566 : 0082;
2567 : 0000;
2568 : 0082;
2569 : 0000;
256A : 0082;
256B : 0054;
256C : 0000;
256D : e020;
256E : e020;
256F : e020;
2570 : e020;
2571 : f010;
2572 : ff0f;
2573 : ff00;
2574 : ff00;
2575 : 0000;
2576 : 0000;
2577 : 0000;
2578 : 0101;
2579 : 0f0e;
257A : fff0;
257B : ff00;
257C : ff00;
257D : 382a;
257E : 382a;
257F : 7848;
2580 : f888;
2581 : fc04;
2582 : ff03;
2583 : ff00;
2584 : ff00;
2585 : 3f20;
2586 : 3f26;
2587 : 392d;
2588 : 3929;
2589 : 7f46;
258A : ff80;
258B : ff00;
258C : ff00;
258D : e028;
258E : c048;
258F : c040;
2590 : c040;
2591 : e020;
2592 : ff1f;
2593 : ff00;
2594 : ff00;
2595 : 3f21;
2596 : 1e12;
2597 : 1e12;
2598 : 1e12;
2599 : 3f21;
259A : ffc0;
259B : ff00;
259C : ff00;
259D : 0141;
259E : 0040;
259F : 0000;
25A0 : 0000;
25A1 : 0000;
25A2 : ffff;
25A3 : ff00;
25A4 : ff00;
25A5 : 0040;
25A6 : 0040;
25A7 : 0000;
25A8 : 0000;
25A9 : 0000;
25AA : ffff;
25AB : ff00;
25AC : ff00;
25AD : fc85;
25AE : 7849;
25AF : 7848;
25B0 : 7848;
25B1 : fc84;
25B2 : ff03;
25B3 : ff00;
25B4 : ff00;
25B5 : 0202;
25B6 : 0000;
25B7 : 0000;
25B8 : 0000;
25B9 : 0000;
25BA : ffff;
25BB : ff00;
25BC : ff00;
25BD : 0382;
25BE : 0181;
25BF : 0101;
25C0 : 0101;
25C1 : 0302;
25C2 : fffc;
25C3 : ff00;
25C4 : ff00;
25C5 : c040;
25C6 : e020;
25C7 : e020;
25C8 : f010;
25C9 : f010;
25CA : ff0f;
25CB : ff00;
25CC : ff00;
25CD : 80a0;
25CE : 0020;
25CF : 0000;
25D0 : 0000;
25D1 : 0000;
25D2 : ffff;
25D3 : ff00;
25D4 : ff00;
25D5 : 0000;
25D6 : 2828;
25D7 : 7c7c;
25D8 : d6fe;
25D9 : aafe;
25DA : d6fe;
25DB : 7c7c;
25DC : 0000;
25DD : 4444;
25DE : 7c7c;
25DF : fefe;
25E0 : fefe;
25E1 : 74fe;
25E2 : 8afe;
25E3 : 7c7c;
25E4 : 0000;
25E5 : 5454;
25E6 : 6c7c;
25E7 : 82fe;
25E8 : 82fe;
25E9 : 82fe;
25EA : 82fe;
25EB : 5454;
25EC : 0000;
25ED : eeee;
25EE : 7c7c;
25EF : d6fe;
25F0 : aafe;
25F1 : d6fe;
25F2 : aafe;
25F3 : 7c7c;
25F4 : 0000;
25F5 : 2828;
25F6 : 7c7c;
25F7 : fefe;
25F8 : fefe;
25F9 : fefe;
25FA : 7c7c;
25FB : 0000;
25FC : 0000;
25FD : 0000;
25FE : 9292;
25FF : 6c7c;
2600 : 447c;
2601 : 447c;
2602 : 447c;
2603 : 2828;
2604 : 0000;
2605 : ff00;
2606 : ff00;
2607 : ff00;
2608 : ff80;
2609 : 7f41;
260A : 3e22;
260B : 3c24;
260C : 3829;
260D : ff00;
260E : ff00;
260F : ff00;
2610 : ff7e;
2611 : 8181;
2612 : 0000;
2613 : 0000;
2614 : 0000;
2615 : ff00;
2616 : ff00;
2617 : ff00;
2618 : ff00;
2619 : ff80;
261A : 7f40;
261B : 3f20;
261C : 1f10;
261D : e0a0;
261E : e0a0;
261F : e0a0;
2620 : e0a0;
2621 : e0a0;
2622 : e0a0;
2623 : 7050;
2624 : 7050;
2625 : 7e42;
2626 : 7e42;
2627 : 7e42;
2628 : 3c24;
2629 : 3c24;
262A : 1819;
262B : 0002;
262C : 0000;
262D : 0704;
262E : 0704;
262F : 0784;
2630 : 0784;
2631 : 0704;
2632 : 0704;
2633 : 0f08;
2634 : 0f08;
2635 : ff00;
2636 : ff00;
2637 : 0200;
2638 : dedc;
2639 : de10;
263A : de10;
263B : de10;
263C : de10;
263D : ff00;
263E : ff00;
263F : 7300;
2640 : ab88;
2641 : dbd8;
2642 : fba8;
2643 : fb88;
2644 : fb88;
2645 : f8ff;
2646 : f0ff;
2647 : e0ff;
2648 : c1ff;
2649 : 83ff;
264A : 07ff;
264B : 0fff;
264C : 1fff;
264D : 1fff;
264E : 0fff;
264F : 07ff;
2650 : 83ff;
2651 : c1ff;
2652 : e0ff;
2653 : f0ff;
2654 : f8ff;
2655 : 8200;
2656 : 5400;
2657 : 3800;
2658 : 7c00;
2659 : 3800;
265A : 5400;
265B : 8200;
265C : 0000;
265D : 8282;
265E : 5454;
265F : 3838;
2660 : 7c7c;
2661 : 3838;
2662 : 5454;
2663 : 8282;
2664 : 0000;
2665 : 0082;
2666 : 0054;
2667 : 0038;
2668 : 007c;
2669 : 0038;
266A : 0054;
266B : 0082;
266C : 0000;
266D : 0000;
266E : 0000;
266F : 0000;
2670 : 0000;
2671 : 0000;
2672 : 0000;
2673 : 0000;
2674 : 0000;
2675 : 0000;
2676 : 0000;
2677 : 0000;
2678 : 0000;
2679 : 0000;
267A : 0000;
267B : 0000;
267C : 0000;
267D : 0000;
267E : 0000;
267F : 0000;
2680 : 0000;
2681 : 0000;
2682 : 0000;
2683 : 0000;
2684 : 0000;
2685 : 382a;
2686 : 7052;
2687 : f094;
2688 : e0a4;
2689 : e0a8;
268A : e0a8;
268B : e0a0;
268C : e0a0;
268D : 0000;
268E : 0000;
268F : 0000;
2690 : 0000;
2691 : 1818;
2692 : 3c24;
2693 : 3c24;
2694 : 7e42;
2695 : 1f10;
2696 : 0f08;
2697 : 0f08;
2698 : 0704;
2699 : 0704;
269A : 0704;
269B : 0704;
269C : 0704;
269D : 3828;
269E : 3828;
269F : 3c24;
26A0 : 3e22;
26A1 : 7f41;
26A2 : ff80;
26A3 : ff00;
26A4 : ff00;
26A5 : 0000;
26A6 : 0000;
26A7 : 0000;
26A8 : 0000;
26A9 : 8181;
26AA : ff7e;
26AB : ff00;
26AC : ff00;
26AD : 1f10;
26AE : 1f10;
26AF : 3f20;
26B0 : 7f40;
26B1 : ff80;
26B2 : ff00;
26B3 : ff00;
26B4 : ff00;
26B5 : ffff;
26B6 : ffff;
26B7 : ffff;
26B8 : ffff;
26B9 : ffff;
26BA : ffff;
26BB : ffff;
26BC : ffff;
26BD : ff00;
26BE : ff00;
26BF : ff00;
26C0 : ff00;
26C1 : ff00;
26C2 : ff00;
26C3 : ff00;
26C4 : ff00;
26C5 : 00ff;
26C6 : 00ff;
26C7 : 00ff;
26C8 : 00ff;
26C9 : 00ff;
26CA : 00ff;
26CB : 00ff;
26CC : 00ff;
26CD : 0000;
26CE : 0000;
26CF : 0000;
26D0 : 0000;
26D1 : 0000;
26D2 : 0000;
26D3 : 0000;
26D4 : 0000;
26D5 : 00ff;
26D6 : 3cff;
26D7 : 66ff;
26D8 : 66ff;
26D9 : 66ff;
26DA : 66ff;
26DB : 3cff;
26DC : 00ff;
26DD : 00ff;
26DE : 18ff;
26DF : 38ff;
26E0 : 18ff;
26E1 : 18ff;
26E2 : 18ff;
26E3 : 3cff;
26E4 : 00ff;
26E5 : 00ff;
26E6 : 3cff;
26E7 : 4eff;
26E8 : 0eff;
26E9 : 3cff;
26EA : 70ff;
26EB : 7eff;
26EC : 00ff;
26ED : 00ff;
26EE : 7cff;
26EF : 0eff;
26F0 : 3cff;
26F1 : 0eff;
26F2 : 0eff;
26F3 : 7cff;
26F4 : 00ff;
26F5 : 00ff;
26F6 : 3cff;
26F7 : 6cff;
26F8 : 4cff;
26F9 : 4eff;
26FA : 7eff;
26FB : 0cff;
26FC : 00ff;
26FD : 00ff;
26FE : 7cff;
26FF : 60ff;
2700 : 7cff;
2701 : 0eff;
2702 : 4eff;
2703 : 3cff;
2704 : 00ff;
2705 : 00ff;
2706 : 3cff;
2707 : 60ff;
2708 : 7cff;
2709 : 66ff;
270A : 66ff;
270B : 3cff;
270C : 00ff;
270D : 00ff;
270E : 7eff;
270F : 06ff;
2710 : 0cff;
2711 : 18ff;
2712 : 38ff;
2713 : 38ff;
2714 : 00ff;
2715 : 00ff;
2716 : 3cff;
2717 : 4eff;
2718 : 3cff;
2719 : 4eff;
271A : 4eff;
271B : 3cff;
271C : 00ff;
271D : 00ff;
271E : 3cff;
271F : 4eff;
2720 : 4eff;
2721 : 3eff;
2722 : 0eff;
2723 : 3cff;
2724 : 00ff;
2725 : 00ff;
2726 : 3cff;
2727 : 4eff;
2728 : 4eff;
2729 : 7eff;
272A : 4eff;
272B : 4eff;
272C : 00ff;
272D : 00ff;
272E : 7cff;
272F : 66ff;
2730 : 7cff;
2731 : 66ff;
2732 : 66ff;
2733 : 7cff;
2734 : 00ff;
2735 : 00ff;
2736 : 3cff;
2737 : 66ff;
2738 : 60ff;
2739 : 60ff;
273A : 66ff;
273B : 3cff;
273C : 00ff;
273D : 00ff;
273E : 7cff;
273F : 4eff;
2740 : 4eff;
2741 : 4eff;
2742 : 4eff;
2743 : 7cff;
2744 : 00ff;
2745 : 00ff;
2746 : 7eff;
2747 : 60ff;
2748 : 7cff;
2749 : 60ff;
274A : 60ff;
274B : 7eff;
274C : 00ff;
274D : 00ff;
274E : 7eff;
274F : 60ff;
2750 : 60ff;
2751 : 7cff;
2752 : 60ff;
2753 : 60ff;
2754 : 00ff;
2755 : 00ff;
2756 : 3cff;
2757 : 66ff;
2758 : 60ff;
2759 : 6eff;
275A : 66ff;
275B : 3eff;
275C : 00ff;
275D : 00ff;
275E : 46ff;
275F : 46ff;
2760 : 7eff;
2761 : 46ff;
2762 : 46ff;
2763 : 46ff;
2764 : 00ff;
2765 : 00ff;
2766 : 3cff;
2767 : 18ff;
2768 : 18ff;
2769 : 18ff;
276A : 18ff;
276B : 3cff;
276C : 00ff;
276D : 00ff;
276E : 07ff;
276F : 06ff;
2770 : 06ff;
2771 : 07ff;
2772 : 06ff;
2773 : 06ff;
2774 : 00ff;
2775 : 00ff;
2776 : c3ff;
2777 : 64ff;
2778 : 64ff;
2779 : c7ff;
277A : 04ff;
277B : 04ff;
277C : 00ff;
277D : 00ff;
277E : 60ff;
277F : 60ff;
2780 : 60ff;
2781 : 60ff;
2782 : 60ff;
2783 : 7eff;
2784 : 00ff;
2785 : 00ff;
2786 : 46ff;
2787 : 6eff;
2788 : 7eff;
2789 : 56ff;
278A : 46ff;
278B : 46ff;
278C : 00ff;
278D : 00ff;
278E : 46ff;
278F : 66ff;
2790 : 76ff;
2791 : 5eff;
2792 : 4eff;
2793 : 46ff;
2794 : 00ff;
2795 : 00ff;
2796 : 3cff;
2797 : 66ff;
2798 : 66ff;
2799 : 66ff;
279A : 66ff;
279B : 3cff;
279C : 00ff;
279D : 00ff;
279E : 7cff;
279F : 66ff;
27A0 : 66ff;
27A1 : 7cff;
27A2 : 60ff;
27A3 : 60ff;
27A4 : 00ff;
27A5 : 00ff;
27A6 : c4ff;
27A7 : e4ff;
27A8 : e4ff;
27A9 : e4ff;
27AA : e4ff;
27AB : e3ff;
27AC : 00ff;
27AD : 00ff;
27AE : 7cff;
27AF : 66ff;
27B0 : 66ff;
27B1 : 7cff;
27B2 : 68ff;
27B3 : 66ff;
27B4 : 00ff;
27B5 : 00ff;
27B6 : 3cff;
27B7 : 60ff;
27B8 : 3cff;
27B9 : 0eff;
27BA : 4eff;
27BB : 3cff;
27BC : 00ff;
27BD : 00ff;
27BE : 7eff;
27BF : 18ff;
27C0 : 18ff;
27C1 : 18ff;
27C2 : 18ff;
27C3 : 18ff;
27C4 : 00ff;
27C5 : 00ff;
27C6 : 46ff;
27C7 : 46ff;
27C8 : 46ff;
27C9 : 46ff;
27CA : 4eff;
27CB : 3cff;
27CC : 00ff;
27CD : 00ff;
27CE : 46ff;
27CF : 46ff;
27D0 : 46ff;
27D1 : 46ff;
27D2 : 2cff;
27D3 : 18ff;
27D4 : 00ff;
27D5 : 00ff;
27D6 : 46ff;
27D7 : 46ff;
27D8 : 56ff;
27D9 : 7eff;
27DA : 6eff;
27DB : 46ff;
27DC : 00ff;
27DD : 00ff;
27DE : 63ff;
27DF : 66ff;
27E0 : 63ff;
27E1 : 60ff;
27E2 : e4ff;
27E3 : c3ff;
27E4 : 00ff;
27E5 : 00ff;
27E6 : 66ff;
27E7 : 66ff;
27E8 : 3cff;
27E9 : 18ff;
27EA : 18ff;
27EB : 18ff;
27EC : 00ff;
27ED : 00ff;
27EE : c7ff;
27EF : 06ff;
27F0 : c7ff;
27F1 : e6ff;
27F2 : e6ff;
27F3 : c7ff;
27F4 : 00ff;
27F5 : 00ff;
27F6 : 00ff;
27F7 : 00ff;
27F8 : 00ff;
27F9 : 00ff;
27FA : 30ff;
27FB : 30ff;
27FC : 00ff;
27FD : 00ff;
27FE : 06ff;
27FF : 0eff;
2800 : 1cff;
2801 : 18ff;
2802 : 60ff;
2803 : 60ff;
2804 : 00ff;
2805 : 00ff;
2806 : 00ff;
2807 : 00ff;
2808 : 3cff;
2809 : 3cff;
280A : 00ff;
280B : 00ff;
280C : 00ff;
280D : 0000;
280E : fe00;
280F : 7c00;
2810 : 7c00;
2811 : 3800;
2812 : 3800;
2813 : 1000;
2814 : 1000;
2815 : 00ff;
2816 : e6ff;
2817 : d6ff;
2818 : d6ff;
2819 : ceff;
281A : ceff;
281B : c6ff;
281C : 00ff;
281D : 00ff;
281E : c0ff;
281F : dbff;
2820 : 1dff;
2821 : d9ff;
2822 : d9ff;
2823 : d9ff;
2824 : 00ff;
2825 : 00ff;
2826 : 30ff;
2827 : 7bff;
2828 : b6ff;
2829 : b7ff;
282A : b6ff;
282B : b3ff;
282C : 00ff;
282D : 00ff;
282E : 00ff;
282F : cdff;
2830 : 6eff;
2831 : ecff;
2832 : 0cff;
2833 : ecff;
2834 : 00ff;
2835 : 00ff;
2836 : 01ff;
2837 : 8fff;
2838 : d9ff;
2839 : d9ff;
283A : d9ff;
283B : cfff;
283C : 00ff;
283D : 00ff;
283E : 80ff;
283F : 9eff;
2840 : b3ff;
2841 : b3ff;
2842 : b3ff;
2843 : 9eff;
2844 : 00ff;
2845 : 00ff;
2846 : 38ff;
2847 : 44ff;
2848 : baff;
2849 : a2ff;
284A : baff;
284B : 44ff;
284C : 38ff;
284D : 00ff;
284E : 00ff;
284F : 60ff;
2850 : 78ff;
2851 : 60ff;
2852 : 60ff;
2853 : 64ff;
2854 : 00ff;
2855 : 0f00;
2856 : 0f07;
2857 : 1f18;
2858 : 3820;
2859 : e047;
285A : e04e;
285B : c19c;
285C : c399;
285D : 0f00;
285E : ffff;
285F : ff00;
2860 : 0000;
2861 : 00ff;
2862 : 0000;
2863 : ff00;
2864 : ffff;
2865 : 0f00;
2866 : cfc0;
2867 : ff30;
2868 : 3f08;
2869 : 0cc4;
286A : 0ce4;
286B : 0672;
286C : 8632;
286D : c692;
286E : c692;
286F : c692;
2870 : c692;
2871 : c692;
2872 : c692;
2873 : c692;
2874 : c692;
2875 : c792;
2876 : c792;
2877 : c792;
2878 : c792;
2879 : c692;
287A : c692;
287B : c692;
287C : c692;
287D : c399;
287E : c19c;
287F : 604e;
2880 : 6047;
2881 : f820;
2882 : ff18;
2883 : f707;
2884 : f000;
2885 : ffff;
2886 : ff00;
2887 : 0000;
2888 : 00ff;
2889 : 0000;
288A : ff00;
288B : ffff;
288C : f000;
288D : 8732;
288E : 0772;
288F : 0fe6;
2890 : 0fc4;
2891 : 3808;
2892 : f030;
2893 : f0c0;
2894 : f000;
2895 : 0f01;
2896 : 0f02;
2897 : 0e04;
2898 : 0e04;
2899 : f604;
289A : f302;
289B : f101;
289C : f000;
289D : c0c0;
289E : ff30;
289F : 780f;
28A0 : 1cc4;
28A1 : 0f64;
28A2 : 8632;
28A3 : c692;
28A4 : c692;
28A5 : c692;
28A6 : c692;
28A7 : c692;
28A8 : 8732;
28A9 : 06e3;
28AA : 0c04;
28AB : ff08;
28AC : f0f0;
28AD : 6349;
28AE : 6349;
28AF : 6349;
28B0 : e14c;
28B1 : 60c7;
28B2 : 3020;
28B3 : ff10;
28B4 : 0f0f;
28B5 : 0303;
28B6 : ff0c;
28B7 : 1ef0;
28B8 : 3823;
28B9 : f026;
28BA : 614c;
28BB : 6349;
28BC : 6349;
28BD : 8f80;
28BE : cf40;
28BF : 6f20;
28C0 : 6f20;
28C1 : 7020;
28C2 : f060;
28C3 : f0c0;
28C4 : f000;
28C5 : c3ff;
28C6 : 81ff;
28C7 : 00ff;
28C8 : 00ff;
28C9 : 00ff;
28CA : 00ff;
28CB : 00ff;
28CC : ffff;
28CD : 0f00;
28CE : 0f00;
28CF : 0f00;
28D0 : 0f00;
28D1 : f000;
28D2 : f000;
28D3 : f000;
28D4 : f000;
28D5 : 0f00;
28D6 : 7f7f;
28D7 : 5540;
28D8 : 6a40;
28D9 : d740;
28DA : ec43;
28DB : d443;
28DC : ec43;
28DD : 0f00;
28DE : ffff;
28DF : 5500;
28E0 : aa00;
28E1 : ff00;
28E2 : 00ff;
28E3 : 00ff;
28E4 : 00ff;
28E5 : 0f00;
28E6 : fffe;
28E7 : 5702;
28E8 : ab02;
28E9 : f602;
28EA : 2ac2;
28EB : 36c2;
28EC : 2ac2;
28ED : d4c3;
28EE : ecc3;
28EF : d4c3;
28F0 : ecc3;
28F1 : d443;
28F2 : ec43;
28F3 : d443;
28F4 : ec43;
28F5 : 37c2;
28F6 : 2bc2;
28F7 : 37c2;
28F8 : 2bc2;
28F9 : 36c2;
28FA : 2ac2;
28FB : 36c2;
28FC : 2ac2;
28FD : 5740;
28FE : 6a40;
28FF : 5540;
2900 : 7f7f;
2901 : c040;
2902 : ff7f;
2903 : f000;
2904 : f000;
2905 : ff00;
2906 : aa00;
2907 : 5500;
2908 : ffff;
2909 : 0000;
290A : ffff;
290B : f000;
290C : f000;
290D : f702;
290E : ab02;
290F : 5702;
2910 : fffe;
2911 : 0202;
2912 : fefe;
2913 : f000;
2914 : f000;
2915 : 0f00;
2916 : 0f00;
2917 : 001f;
2918 : 007f;
2919 : 807f;
291A : 00ff;
291B : 00ff;
291C : 00ff;
291D : 0f00;
291E : 0f00;
291F : 07f8;
2920 : 01fe;
2921 : 00fe;
2922 : 00ff;
2923 : 00ff;
2924 : 00ff;
2925 : 00ff;
2926 : 00ff;
2927 : 00ff;
2928 : 007f;
2929 : 807f;
292A : e01f;
292B : f000;
292C : f000;
292D : 00ff;
292E : 00ff;
292F : 00ff;
2930 : 01fe;
2931 : 00fe;
2932 : 00f8;
2933 : f000;
2934 : f000;
2935 : 0f00;
2936 : 0f00;
2937 : 00ff;
2938 : 00ff;
2939 : 00ff;
293A : 00ff;
293B : 00ff;
293C : 00ff;
293D : 00ff;
293E : 00ff;
293F : 00ff;
2940 : 00ff;
2941 : 00ff;
2942 : 00ff;
2943 : f000;
2944 : f000;
2945 : 0000;
2946 : 0000;
2947 : 0000;
2948 : ff00;
2949 : 00ff;
294A : 0000;
294B : ff00;
294C : 0000;
294D : 0000;
294E : ff00;
294F : 00ff;
2950 : 0000;
2951 : ff00;
2952 : 0000;
2953 : 0000;
2954 : 0000;
2955 : 0f00;
2956 : 0f00;
2957 : 0f00;
2958 : 0f00;
2959 : f000;
295A : f303;
295B : fc0c;
295C : f51d;
295D : 0f00;
295E : 0f00;
295F : 0f00;
2960 : 0f00;
2961 : ff0f;
2962 : ffff;
2963 : 0000;
2964 : 0000;
2965 : 0f00;
2966 : 0f00;
2967 : 0f00;
2968 : 0f00;
2969 : f000;
296A : f0e0;
296B : 3030;
296C : a8b8;
296D : 1414;
296E : f7f7;
296F : 5514;
2970 : b717;
2971 : f616;
2972 : 12f3;
2973 : 0efe;
2974 : 03ff;
2975 : 0000;
2976 : ffff;
2977 : 5500;
2978 : ffff;
2979 : 0000;
297A : 00ff;
297B : 0000;
297C : ffff;
297D : 2f28;
297E : efef;
297F : 6a28;
2980 : ede8;
2981 : 6f68;
2982 : 48cf;
2983 : 707f;
2984 : c0ff;
2985 : 0f00;
2986 : 0f00;
2987 : 0f0f;
2988 : 1f10;
2989 : f827;
298A : f32c;
298B : f728;
298C : f729;
298D : 0f00;
298E : 0f00;
298F : ffff;
2990 : ff00;
2991 : 00ff;
2992 : ff00;
2993 : ff00;
2994 : ffff;
2995 : 0f00;
2996 : 0f00;
2997 : fff0;
2998 : ff08;
2999 : 1ce4;
299A : cc34;
299B : ec14;
299C : ec94;
299D : 3729;
299E : 3729;
299F : 3729;
29A0 : 3729;
29A1 : f729;
29A2 : f729;
29A3 : f729;
29A4 : f729;
29A5 : ef94;
29A6 : ef94;
29A7 : ef94;
29A8 : ef94;
29A9 : ec94;
29AA : ec94;
29AB : ec94;
29AC : ec94;
29AD : 3729;
29AE : 3728;
29AF : 332c;
29B0 : 3827;
29B1 : ff10;
29B2 : ff0f;
29B3 : f000;
29B4 : f000;
29B5 : ffff;
29B6 : ff00;
29B7 : ff00;
29B8 : 00ff;
29B9 : ff00;
29BA : ffff;
29BB : f000;
29BC : f000;
29BD : ef94;
29BE : ef14;
29BF : cf34;
29C0 : 1fe4;
29C1 : f808;
29C2 : f0f0;
29C3 : f000;
29C4 : f000;
29C5 : 00ff;
29C6 : e0ff;
29C7 : 00ff;
29C8 : c0ff;
29C9 : 00ff;
29CA : 00ff;
29CB : e0ff;
29CC : 00ff;
29CD : 34e7;
29CE : 2ce7;
29CF : 34e7;
29D0 : 2ce7;
29D1 : 34e7;
29D2 : 2ce7;
29D3 : 34e7;
29D4 : 2ce7;
29D5 : 0f01;
29D6 : 0e02;
29D7 : 0e02;
29D8 : 0e02;
29D9 : f101;
29DA : ff1f;
29DB : e060;
29DC : c05f;
29DD : ffff;
29DE : 0000;
29DF : 00ff;
29E0 : 00ff;
29E1 : 007e;
29E2 : 007e;
29E3 : 00ff;
29E4 : 00ff;
29E5 : 8f80;
29E6 : 4f40;
29E7 : 4f40;
29E8 : 4f40;
29E9 : f080;
29EA : f8f8;
29EB : 0606;
29EC : 02fa;
29ED : 80bf;
29EE : 80bf;
29EF : 80bf;
29F0 : 405f;
29F1 : e060;
29F2 : ff1f;
29F3 : f000;
29F4 : f000;
29F5 : 00ff;
29F6 : 00ff;
29F7 : 00ff;
29F8 : 00ff;
29F9 : 0000;
29FA : ffff;
29FB : f000;
29FC : f000;
29FD : 01fd;
29FE : 01fd;
29FF : 01fd;
2A00 : 03fa;
2A01 : 0606;
2A02 : f8f8;
2A03 : f000;
2A04 : f000;
2A05 : 0f00;
2A06 : 0f00;
2A07 : 033c;
2A08 : 017e;
2A09 : 00ff;
2A0A : 00ff;
2A0B : 00ff;
2A0C : 00ff;
2A0D : 00ff;
2A0E : 00ff;
2A0F : 00ff;
2A10 : 00ff;
2A11 : 807e;
2A12 : c03c;
2A13 : f000;
2A14 : f000;
2A15 : 0f00;
2A16 : 0f00;
2A17 : ffff;
2A18 : ff00;
2A19 : 00ff;
2A1A : ff00;
2A1B : ff00;
2A1C : e7d3;
2A1D : e7d3;
2A1E : ff00;
2A1F : ff00;
2A20 : 00ff;
2A21 : ff00;
2A22 : ffff;
2A23 : f000;
2A24 : f000;
2A25 : 24db;
2A26 : 24db;
2A27 : 24db;
2A28 : 24db;
2A29 : 24db;
2A2A : 24db;
2A2B : 24db;
2A2C : 24db;
2A2D : 00ff;
2A2E : 00ff;
2A2F : ff00;
2A30 : 00ff;
2A31 : ff00;
2A32 : 00ff;
2A33 : 00ff;
2A34 : 00ff;
2A35 : 24db;
2A36 : 24db;
2A37 : e718;
2A38 : 00ff;
2A39 : ff00;
2A3A : 00ff;
2A3B : 00ff;
2A3C : 00ff;
2A3D : 3729;
2A3E : 3729;
2A3F : 3728;
2A40 : 3629;
2A41 : f728;
2A42 : f728;
2A43 : f729;
2A44 : f729;
2A45 : ef94;
2A46 : ef94;
2A47 : ef14;
2A48 : 6f94;
2A49 : ec14;
2A4A : ec14;
2A4B : ec94;
2A4C : ec94;
2A4D : 0000;
2A4E : 0000;
2A4F : 0000;
2A50 : 0000;
2A51 : 0000;
2A52 : 0000;
2A53 : 0000;
2A54 : 0000;
2A55 : 80bf;
2A56 : 80bf;
2A57 : 80bf;
2A58 : 80bf;
2A59 : 80bf;
2A5A : 80bf;
2A5B : 80bf;
2A5C : 80bf;
2A5D : 00ff;
2A5E : 00ff;
2A5F : 00ff;
2A60 : 00ff;
2A61 : 00ff;
2A62 : 00ff;
2A63 : 00ff;
2A64 : 00ff;
2A65 : 01fd;
2A66 : 01fd;
2A67 : 01fd;
2A68 : 01fd;
2A69 : 01fd;
2A6A : 01fd;
2A6B : 01fd;
2A6C : 01fd;
2A6D : 80bf;
2A6E : 80bf;
2A6F : 80bf;
2A70 : 80bf;
2A71 : 80bf;
2A72 : 80bf;
2A73 : 80bf;
2A74 : 80bf;
2A75 : 01fd;
2A76 : 01fd;
2A77 : 01fd;
2A78 : 01fd;
2A79 : 01fd;
2A7A : 01fd;
2A7B : 01fd;
2A7C : 01fd;
2A7D : 00ff;
2A7E : 00ff;
2A7F : 00ff;
2A80 : 01ff;
2A81 : 01ff;
2A82 : 01ff;
2A83 : 01ff;
2A84 : 01ff;
2A85 : 00ff;
2A86 : 00ff;
2A87 : 00ff;
2A88 : 00ff;
2A89 : 00ff;
2A8A : 11ff;
2A8B : 11ff;
2A8C : ffff;
2A8D : 00ff;
2A8E : 00ff;
2A8F : 00ff;
2A90 : 00ff;
2A91 : 10ff;
2A92 : 11ff;
2A93 : 11ff;
2A94 : ffff;
2A95 : 00ff;
2A96 : 00ff;
2A97 : 00ff;
2A98 : 01ff;
2A99 : 01ff;
2A9A : 11ff;
2A9B : 11ff;
2A9C : ffff;
2A9D : 01ff;
2A9E : 01ff;
2A9F : 01ff;
2AA0 : 01ff;
2AA1 : 01ff;
2AA2 : 00ff;
2AA3 : 00ff;
2AA4 : 00ff;
2AA5 : ffff;
2AA6 : 11ff;
2AA7 : 11ff;
2AA8 : 00ff;
2AA9 : 00ff;
2AAA : 00ff;
2AAB : 00ff;
2AAC : 00ff;
2AAD : ffff;
2AAE : 11ff;
2AAF : 11ff;
2AB0 : 10ff;
2AB1 : 10ff;
2AB2 : 00ff;
2AB3 : 00ff;
2AB4 : 00ff;
2AB5 : ffff;
2AB6 : 11ff;
2AB7 : 11ff;
2AB8 : 01ff;
2AB9 : 01ff;
2ABA : 00ff;
2ABB : 00ff;
2ABC : 00ff;
2ABD : 0f00;
2ABE : 0f00;
2ABF : 0f00;
2AC0 : 0cc3;
2AC1 : 30c3;
2AC2 : 10e7;
2AC3 : 10e7;
2AC4 : 10e7;
2AC5 : 08e7;
2AC6 : 08e7;
2AC7 : 08e7;
2AC8 : 08e7;
2AC9 : 10e7;
2ACA : 10e7;
2ACB : 10e7;
2ACC : 10e7;
2ACD : 08e7;
2ACE : 08e7;
2ACF : 08e7;
2AD0 : 0cc3;
2AD1 : 30c3;
2AD2 : f000;
2AD3 : f000;
2AD4 : f000;
2AD5 : 00ff;
2AD6 : 00ff;
2AD7 : 00ff;
2AD8 : 00e7;
2AD9 : 0081;
2ADA : 0000;
2ADB : 0000;
2ADC : 0000;
2ADD : 00ff;
2ADE : 00ff;
2ADF : 00ff;
2AE0 : 00ff;
2AE1 : 00e7;
2AE2 : 0000;
2AE3 : 0000;
2AE4 : 0000;
2AE5 : 08a9;
2AE6 : 085a;
2AE7 : 18b3;
2AE8 : 1852;
2AE9 : 08c9;
2AEA : 00a6;
2AEB : 0075;
2AEC : 009b;
2AED : c000;
2AEE : e004;
2AEF : 7000;
2AF0 : 7005;
2AF1 : d8d0;
2AF2 : e0e8;
2AF3 : 0002;
2AF4 : 0090;
2AF5 : 0808;
2AF6 : 0c28;
2AF7 : 1889;
2AF8 : 082c;
2AF9 : c01a;
2AFA : 7008;
2AFB : f805;
2AFC : 1400;
2AFD : 38c8;
2AFE : f030;
2AFF : f8f8;
2B00 : 34fc;
2B01 : 54fc;
2B02 : 38f8;
2B03 : f0f0;
2B04 : 0000;
2B05 : 004a;
2B06 : 0025;
2B07 : 00ba;
2B08 : 00ed;
2B09 : 0378;
2B0A : 07d0;
2B0B : 0f20;
2B0C : 0990;
2B0D : 0052;
2B0E : 002d;
2B0F : 00da;
2B10 : 00a5;
2B11 : e019;
2B12 : 700e;
2B13 : f803;
2B14 : 1402;
2B15 : 3940;
2B16 : 7b40;
2B17 : 7f40;
2B18 : fc80;
2B19 : fd80;
2B1A : 7f70;
2B1B : 1fbf;
2B1C : 000d;
2B1D : fc00;
2B1E : be03;
2B1F : 9e02;
2B20 : b707;
2B21 : dede;
2B22 : ffff;
2B23 : bcfc;
2B24 : 0014;
2B25 : 00a4;
2B26 : 0052;
2B27 : 0025;
2B28 : 00da;
2B29 : 0057;
2B2A : 00ad;
2B2B : 00d2;
2B2C : 006d;
2B2D : 00b7;
2B2E : 006a;
2B2F : 00b5;
2B30 : 005a;
2B31 : 00e5;
2B32 : 005b;
2B33 : 00ef;
2B34 : 007a;
2B35 : 00d7;
2B36 : 007f;
2B37 : 00fd;
2B38 : 00bf;
2B39 : 00f7;
2B3A : 00bd;
2B3B : 00ff;
2B3C : 00ff;
2B3D : 0808;
2B3E : 1810;
2B3F : 1810;
2B40 : 1810;
2B41 : 1810;
2B42 : 0808;
2B43 : 0c04;
2B44 : 0c04;
2B45 : 0c04;
2B46 : 0c04;
2B47 : 1808;
2B48 : 3010;
2B49 : 3010;
2B4A : 3010;
2B4B : 1010;
2B4C : 1808;
2B4D : 0800;
2B4E : 0800;
2B4F : 0400;
2B50 : 0400;
2B51 : 0400;
2B52 : 0400;
2B53 : 0800;
2B54 : 0800;
2B55 : 0000;
2B56 : 0000;
2B57 : 1818;
2B58 : 243c;
2B59 : 243c;
2B5A : 1818;
2B5B : 0000;
2B5C : 0000;
2B5D : 2060;
2B5E : 40c0;
2B5F : 40d0;
2B60 : 48d8;
2B61 : 58f8;
2B62 : 78be;
2B63 : 3246;
2B64 : 1130;
2B65 : 1f1f;
2B66 : 6f6d;
2B67 : bfb9;
2B68 : bfb2;
2B69 : 5f5c;
2B6A : 5757;
2B6B : 0000;
2B6C : 0000;
2B6D : 1f1f;
2B6E : 0f0d;
2B6F : 3f39;
2B70 : 5f52;
2B71 : 5f5c;
2B72 : 2727;
2B73 : 2828;
2B74 : 0808;
2B75 : 0000;
2B76 : 0707;
2B77 : 181f;
2B78 : 203f;
2B79 : 437f;
2B7A : 467d;
2B7B : 8cfb;
2B7C : 8dfb;
2B7D : 0000;
2B7E : e0e0;
2B7F : 10f0;
2B80 : 08f8;
2B81 : 84fc;
2B82 : 44fc;
2B83 : 4cf4;
2B84 : 8cf4;
2B85 : 8cfb;
2B86 : 87fc;
2B87 : c3bf;
2B88 : 417f;
2B89 : 615f;
2B8A : 3927;
2B8B : 1f18;
2B8C : 0707;
2B8D : 38c8;
2B8E : ff3f;
2B8F : f8ff;
2B90 : 33ff;
2B91 : 50ff;
2B92 : 31ff;
2B93 : fefe;
2B94 : 0000;
2B95 : 0000;
2B96 : 1f1f;
2B97 : 233c;
2B98 : 6b5c;
2B99 : 625c;
2B9A : ff80;
2B9B : 5f60;
2B9C : 87f8;
2B9D : 3030;
2B9E : 5070;
2B9F : e0e0;
2BA0 : f636;
2BA1 : 7f09;
2BA2 : ad01;
2BA3 : ff01;
2BA4 : 8d71;
2BA5 : 4877;
2BA6 : 5867;
2BA7 : 4877;
2BA8 : 203f;
2BA9 : 203f;
2BAA : 101f;
2BAB : 0c0f;
2BAC : 0303;
2BAD : 06fe;
2BAE : 08f8;
2BAF : 48b8;
2BB0 : 08f8;
2BB1 : 10f0;
2BB2 : 1cfc;
2BB3 : 64e4;
2BB4 : 9898;
2BB5 : 4c73;
2BB6 : 4679;
2BB7 : 407f;
2BB8 : 203f;
2BB9 : 203f;
2BBA : 101f;
2BBB : 0c0f;
2BBC : 0303;
2BBD : 0000;
2BBE : 031f;
2BBF : 6a7f;
2BC0 : 631e;
2BC1 : 1f00;
2BC2 : 0000;
2BC3 : 0000;
2BC4 : 0000;
2BC5 : 10f0;
2BC6 : 3cfc;
2BC7 : ffff;
2BC8 : ff03;
2BC9 : ff00;
2BCA : 0028;
2BCB : 0010;
2BCC : 0000;
2BCD : 0000;
2BCE : 0c4c;
2BCF : d8d8;
2BD0 : f0f0;
2BD1 : f818;
2BD2 : 0c8c;
2BD3 : 0000;
2BD4 : 0000;
2BD5 : 0000;
2BD6 : 0000;
2BD7 : 0000;
2BD8 : 0000;
2BD9 : 0606;
2BDA : 191f;
2BDB : 627e;
2BDC : 8cfc;
2BDD : 0000;
2BDE : fcfc;
2BDF : 7fff;
2BE0 : 3fe3;
2BE1 : 1ff0;
2BE2 : 88f8;
2BE3 : 647c;
2BE4 : 1c1c;
2BE5 : 0000;
2BE6 : 0000;
2BE7 : 0000;
2BE8 : 0000;
2BE9 : 0000;
2BEA : 0707;
2BEB : 181f;
2BEC : 203f;
2BED : 0000;
2BEE : 0000;
2BEF : 0000;
2BF0 : 0000;
2BF1 : ffff;
2BF2 : 13ff;
2BF3 : 08ff;
2BF4 : c4ff;
2BF5 : 0000;
2BF6 : 0000;
2BF7 : 0000;
2BF8 : 0303;
2BF9 : fffc;
2BFA : ce31;
2BFB : fbc4;
2BFC : 76c9;
2BFD : 0f0f;
2BFE : 323e;
2BFF : 4e7e;
2C00 : 93ff;
2C01 : c47f;
2C02 : fb3f;
2C03 : ff0e;
2C04 : dfa0;
2C05 : 0000;
2C06 : 0000;
2C07 : 0101;
2C08 : 0302;
2C09 : 8382;
2C0A : e7e5;
2C0B : ff38;
2C0C : fdba;
2C0D : 3c3c;
2C0E : c2fe;
2C0F : 04fc;
2C10 : 18f8;
2C11 : 88f8;
2C12 : f0f0;
2C13 : 8e8e;
2C14 : fff1;
2C15 : 0000;
2C16 : 0000;
2C17 : 0000;
2C18 : 0000;
2C19 : 0000;
2C1A : c0f0;
2C1B : 00f8;
2C1C : 94fc;
2C1D : 080f;
2C1E : 0407;
2C1F : 0303;
2C20 : 0000;
2C21 : 0000;
2C22 : 0000;
2C23 : 0000;
2C24 : 0000;
2C25 : c9ff;
2C26 : 09ff;
2C27 : 13ff;
2C28 : e7ff;
2C29 : 7f7f;
2C2A : 0303;
2C2B : 0000;
2C2C : 0000;
2C2D : ff1d;
2C2E : ff8c;
2C2F : f7df;
2C30 : f07f;
2C31 : c1ff;
2C32 : e0ff;
2C33 : 181f;
2C34 : 0f0f;
2C35 : ff89;
2C36 : ff52;
2C37 : ffc3;
2C38 : ffbd;
2C39 : ffff;
2C3A : ffef;
2C3B : 71ff;
2C3C : cfcf;
2C3D : ff4c;
2C3E : ff52;
2C3F : ff3a;
2C40 : fffc;
2C41 : fffc;
2C42 : f3f2;
2C43 : 0101;
2C44 : 0000;
2C45 : ff30;
2C46 : fffb;
2C47 : fe7f;
2C48 : c343;
2C49 : b070;
2C4A : ccfc;
2C4B : 82fe;
2C4C : 7e7e;
2C4D : c07e;
2C4E : 80fc;
2C4F : 10f8;
2C50 : 00f0;
2C51 : c0c0;
2C52 : 0000;
2C53 : 0000;
2C54 : 0000;
2C55 : 213f;
2C56 : 313f;
2C57 : 080f;
2C58 : 0c0f;
2C59 : 0203;
2C5A : 0303;
2C5B : 0303;
2C5C : 0507;
2C5D : 090f;
2C5E : 121f;
2C5F : 243f;
2C60 : 383f;
2C61 : 0707;
2C62 : 0000;
2C63 : 0000;
2C64 : 0000;
2C65 : 213f;
2C66 : 313f;
2C67 : 283f;
2C68 : 2c3f;
2C69 : 263f;
2C6A : 131f;
2C6B : 191f;
2C6C : 0f0f;
2C6D : 64ff;
2C6E : e5ff;
2C6F : c4ff;
2C70 : 0cff;
2C71 : 1fff;
2C72 : 18ff;
2C73 : 10ff;
2C74 : e1ff;
2C75 : 3fe2;
2C76 : 3fe4;
2C77 : bde2;
2C78 : bfe0;
2C79 : 3fe0;
2C7A : 7fe0;
2C7B : ffd8;
2C7C : ff9a;
2C7D : fb4d;
2C7E : bf40;
2C7F : f708;
2C80 : ff42;
2C81 : ff00;
2C82 : ff04;
2C83 : ff50;
2C84 : ff02;
2C85 : bf48;
2C86 : ff01;
2C87 : 77aa;
2C88 : ff02;
2C89 : df20;
2C8A : ff00;
2C8B : ff84;
2C8C : ff10;
2C8D : ebd4;
2C8E : ff64;
2C8F : fd32;
2C90 : ff1f;
2C91 : f788;
2C92 : ffa1;
2C93 : ff0f;
2C94 : ffde;
2C95 : e07c;
2C96 : e63e;
2C97 : f81e;
2C98 : e0ff;
2C99 : f03f;
2C9A : f0bf;
2C9B : f1ff;
2C9C : ee3e;
2C9D : 3c3c;
2C9E : c2fe;
2C9F : 04fc;
2CA0 : 18f8;
2CA1 : 88f8;
2CA2 : f0f0;
2CA3 : 8383;
2CA4 : feff;
2CA5 : 0000;
2CA6 : 0000;
2CA7 : 0000;
2CA8 : 0000;
2CA9 : 0000;
2CAA : 0000;
2CAB : 0000;
2CAC : 00c0;
2CAD : dfe4;
2CAE : ff64;
2CAF : fb36;
2CB0 : ff1f;
2CB1 : ef90;
2CB2 : ffa1;
2CB3 : ff0f;
2CB4 : ffd5;
2CB5 : 40e0;
2CB6 : 80f0;
2CB7 : 80f0;
2CB8 : e0f0;
2CB9 : 90f0;
2CBA : c0f0;
2CBB : c0f0;
2CBC : 90f0;
2CBD : ff3b;
2CBE : feff;
2CBF : fc7f;
2CC0 : ce4f;
2CC1 : b474;
2CC2 : ccfc;
2CC3 : 82fe;
2CC4 : 7e7e;
2CC5 : e0f0;
2CC6 : 00e0;
2CC7 : 80e0;
2CC8 : 0080;
2CC9 : 0000;
2CCA : 0000;
2CCB : 0000;
2CCC : 0000;
2CCD : ffff;
2CCE : 3f3f;
2CCF : 283f;
2CD0 : 141f;
2CD1 : 0e0f;
2CD2 : 0303;
2CD3 : 0000;
2CD4 : 0000;
2CD5 : 0000;
2CD6 : 2828;
2CD7 : 7c7c;
2CD8 : d6fe;
2CD9 : aafe;
2CDA : d6fe;
2CDB : 7c7c;
2CDC : 0000;
2CDD : 2828;
2CDE : 7c7c;
2CDF : fefe;
2CE0 : fefe;
2CE1 : fefe;
2CE2 : fefe;
2CE3 : 7c7c;
2CE4 : 0000;
2CE5 : 9292;
2CE6 : 6c7c;
2CE7 : 82fe;
2CE8 : c6fe;
2CE9 : 82fe;
2CEA : 82fe;
2CEB : 7c7c;
2CEC : 0000;
2CED : eeee;
2CEE : 7c7c;
2CEF : fefe;
2CF0 : d6fe;
2CF1 : aafe;
2CF2 : d6fe;
2CF3 : 7c7c;
2CF4 : 0000;
2CF5 : 0000;
2CF6 : 2828;
2CF7 : 7c7c;
2CF8 : fefe;
2CF9 : fefe;
2CFA : fefe;
2CFB : 7c7c;
2CFC : 0000;
2CFD : 0000;
2CFE : 9292;
2CFF : 6c7c;
2D00 : 447c;
2D01 : 82fe;
2D02 : 82fe;
2D03 : 7c7c;
2D04 : 0000;
2D05 : 0000;
2D06 : 0020;
2D07 : 2978;
2D08 : dfff;
2D09 : 7978;
2D0A : 1000;
2D0B : 0000;
2D0C : 0000;
2D0D : 0000;
2D0E : 0020;
2D0F : 2a78;
2D10 : defe;
2D11 : 7a78;
2D12 : 1000;
2D13 : 0000;
2D14 : 0000;
2D15 : 0404;
2D16 : 0838;
2D17 : 2030;
2D18 : 083a;
2D19 : fcfe;
2D1A : 383a;
2D1B : 1010;
2D1C : 0808;
2D1D : 0404;
2D1E : 0838;
2D1F : 2030;
2D20 : 083c;
2D21 : f8fc;
2D22 : 383c;
2D23 : 1010;
2D24 : 0808;
2D25 : 0000;
2D26 : 0303;
2D27 : 0f0c;
2D28 : 1f10;
2D29 : 3629;
2D2A : 3f20;
2D2B : ffff;
2D2C : aaff;
2D2D : 0000;
2D2E : 0303;
2D2F : 0f0c;
2D30 : 1f10;
2D31 : 3629;
2D32 : 3f20;
2D33 : ffff;
2D34 : 55ff;
2D35 : 1808;
2D36 : 0c04;
2D37 : 0c04;
2D38 : 0c04;
2D39 : 1808;
2D3A : 3808;
2D3B : 3010;
2D3C : 3010;
2D3D : 3010;
2D3E : 1010;
2D3F : 1808;
2D40 : 1808;
2D41 : 1808;
2D42 : 1808;
2D43 : 1010;
2D44 : 1010;
2D45 : 0400;
2D46 : 0400;
2D47 : 0800;
2D48 : 0800;
2D49 : 0800;
2D4A : 0800;
2D4B : 0400;
2D4C : 0400;
2D4D : 0824;
2D4E : 1042;
2D4F : 1006;
2D50 : 08a9;
2D51 : 0808;
2D52 : 0066;
2D53 : 0098;
2D54 : 00a5;
2D55 : 0000;
2D56 : 3800;
2D57 : 3408;
2D58 : 0e00;
2D59 : 0000;
2D5A : 0000;
2D5B : 0000;
2D5C : 3c00;
2D5D : 5020;
2D5E : 6000;
2D5F : 0000;
2D60 : 0200;
2D61 : 0c00;
2D62 : 1408;
2D63 : 1800;
2D64 : 0000;
2D65 : 563f;
2D66 : 5757;
2D67 : 5757;
2D68 : 5757;
2D69 : 5757;
2D6A : 5757;
2D6B : 5757;
2D6C : 5757;
2D6D : 5757;
2D6E : 3f58;
2D6F : 593f;
2D70 : fefe;
2D71 : fefe;
2D72 : fefe;
2D73 : fefe;
2D74 : fefe;
2D75 : fefe;
2D76 : fefe;
2D77 : fefe;
2D78 : 3f5a;
2D79 : 593f;
2D7A : fefe;
2D7B : fefe;
2D7C : 1519;
2D7D : 220a;
2D7E : 1b0e;
2D7F : 10fe;
2D80 : 160a;
2D81 : fe0e;
2D82 : 3f5a;
2D83 : 593f;
2D84 : 83fe;
2D85 : 8484;
2D86 : 8484;
2D87 : 8484;
2D88 : 8484;
2D89 : 8484;
2D8A : 8584;
2D8B : fefe;
2D8C : 3f5a;
2D8D : 593f;
2D8E : 86fe;
2D8F : 121f;
2D90 : 1e1b;
2D91 : fe1c;
2D92 : 0e15;
2D93 : 0e1f;
2D94 : 8715;
2D95 : fefe;
2D96 : 3f5a;
2D97 : 593f;
2D98 : 88fe;
2D99 : 8989;
2D9A : 8989;
2D9B : 8989;
2D9C : 8989;
2D9D : 8989;
2D9E : 8a89;
2D9F : fefe;
2DA0 : 3f5a;
2DA1 : 593f;
2DA2 : fefe;
2DA3 : 75fe;
2DA4 : 7676;
2DA5 : 7677;
2DA6 : 7678;
2DA7 : 7776;
2DA8 : 7876;
2DA9 : fefe;
2DAA : 3f5a;
2DAB : 593f;
2DAC : fefe;
2DAD : 79fe;
2DAE : 7a7a;
2DAF : 7a7b;
2DB0 : 7a7c;
2DB1 : 7b7a;
2DB2 : 7c7a;
2DB3 : fefe;
2DB4 : 3f5a;
2DB5 : 593f;
2DB6 : 83fe;
2DB7 : 8484;
2DB8 : 8484;
2DB9 : 8584;
2DBA : fefe;
2DBB : fefe;
2DBC : fefe;
2DBD : fefe;
2DBE : 3f5a;
2DBF : 593f;
2DC0 : 86fe;
2DC1 : 191c;
2DC2 : 0e0e;
2DC3 : 870d;
2DC4 : fefe;
2DC5 : fefe;
2DC6 : fefe;
2DC7 : fefe;
2DC8 : 3f5a;
2DC9 : 593f;
2DCA : 88fe;
2DCB : 8989;
2DCC : 8989;
2DCD : 8a89;
2DCE : fefe;
2DCF : fefe;
2DD0 : fefe;
2DD1 : fefe;
2DD2 : 3f5a;
2DD3 : 593f;
2DD4 : fefe;
2DD5 : fefe;
2DD6 : 1815;
2DD7 : fe20;
2DD8 : 0e16;
2DD9 : fe0d;
2DDA : 1211;
2DDB : fefe;
2DDC : 3f5a;
2DDD : 593f;
2DDE : 83fe;
2DDF : 8484;
2DE0 : 8484;
2DE1 : 8584;
2DE2 : fefe;
2DE3 : fefe;
2DE4 : fefe;
2DE5 : fefe;
2DE6 : 3f5a;
2DE7 : 593f;
2DE8 : 86fe;
2DE9 : 1e16;
2DEA : 121c;
2DEB : 870c;
2DEC : fefe;
2DED : fefe;
2DEE : fefe;
2DEF : fefe;
2DF0 : 3f5a;
2DF1 : 593f;
2DF2 : 88fe;
2DF3 : 8989;
2DF4 : 8989;
2DF5 : 8a89;
2DF6 : fefe;
2DF7 : fefe;
2DF8 : fefe;
2DF9 : fefe;
2DFA : 3f5a;
2DFB : 593f;
2DFC : 0ffe;
2DFD : 1f0e;
2DFE : 1b0e;
2DFF : 0cfe;
2E00 : 1211;
2E01 : 1515;
2E02 : 18fe;
2E03 : 0f0f;
2E04 : 3f5a;
2E05 : 593f;
2E06 : fefe;
2E07 : fefe;
2E08 : fefe;
2E09 : fefe;
2E0A : fefe;
2E0B : fefe;
2E0C : fefe;
2E0D : fefe;
2E0E : 3f5a;
2E0F : 5b3f;
2E10 : 5c5c;
2E11 : 5c5c;
2E12 : 5c5c;
2E13 : 5c5c;
2E14 : 5c5c;
2E15 : 5c5c;
2E16 : 5c5c;
2E17 : 5c5c;
2E18 : 3f5d;
2E19 : 3f3f;
2E1A : 3f3f;
2E1B : 3f3f;
2E1C : 3f3f;
2E1D : 3f3f;
2E1E : 3f3f;
2E1F : 3f3f;
2E20 : 3f3f;
2E21 : 3f3f;
2E22 : 3f3f;
2E23 : 3f3f;
2E24 : 3f3f;
2E25 : 3f3f;
2E26 : 3f3f;
2E27 : 3f3f;
2E28 : 3f3f;
2E29 : 3f3f;
2E2A : 3f3f;
2E2B : 3f3f;
2E2C : 3f3f;
2E2D : 563f;
2E2E : 5757;
2E2F : 5757;
2E30 : 5757;
2E31 : 5757;
2E32 : 5757;
2E33 : 5757;
2E34 : 5757;
2E35 : 5757;
2E36 : 3f58;
2E37 : 593f;
2E38 : fdfd;
2E39 : fdfd;
2E3A : fdfd;
2E3B : fdfd;
2E3C : fdfd;
2E3D : fdfd;
2E3E : fdfd;
2E3F : edec;
2E40 : 3f5a;
2E41 : 593f;
2E42 : a4a3;
2E43 : a6a5;
2E44 : a8a7;
2E45 : aaa9;
2E46 : acab;
2E47 : aead;
2E48 : e6af;
2E49 : e8e7;
2E4A : 3f5a;
2E4B : 593f;
2E4C : b4b3;
2E4D : b6b5;
2E4E : b8b7;
2E4F : bab9;
2E50 : bcbb;
2E51 : bebd;
2E52 : f6bf;
2E53 : f8f7;
2E54 : 3f5a;
2E55 : 593f;
2E56 : c4c3;
2E57 : c6c5;
2E58 : c8c7;
2E59 : cac9;
2E5A : cccb;
2E5B : cecd;
2E5C : e9cf;
2E5D : ebea;
2E5E : 3f5a;
2E5F : 593f;
2E60 : d4d3;
2E61 : d6d5;
2E62 : d8d7;
2E63 : dad9;
2E64 : dcdb;
2E65 : dedd;
2E66 : f9df;
2E67 : fbfa;
2E68 : 3f5a;
2E69 : 593f;
2E6A : fdfd;
2E6B : fdfd;
2E6C : fdfd;
2E6D : fdfd;
2E6E : fdfd;
2E6F : fdfd;
2E70 : fdfd;
2E71 : fdfd;
2E72 : 3f5a;
2E73 : 5b3f;
2E74 : 5c5c;
2E75 : 5c5c;
2E76 : 5c5c;
2E77 : 5c5c;
2E78 : 5c5c;
2E79 : 5c5c;
2E7A : 5c5c;
2E7B : 5c5c;
2E7C : 3f5d;
2E7D : 3f3f;
2E7E : 3f3f;
2E7F : 3f3f;
2E80 : 3f3f;
2E81 : 3f3f;
2E82 : 3f3f;
2E83 : 3f3f;
2E84 : 3f3f;
2E85 : 3f3f;
2E86 : 3f3f;
2E87 : 3f3f;
2E88 : 3f3f;
2E89 : 3f3f;
2E8A : 3f3f;
2E8B : 3f3f;
2E8C : 3f3f;
2E8D : 3f3f;
2E8E : 3f3f;
2E8F : 3f3f;
2E90 : 3f3f;
2E91 : 3f3f;
2E92 : fe3f;
2E93 : fe01;
2E94 : 1519;
2E95 : 220a;
2E96 : 1b0e;
2E97 : 10fe;
2E98 : 160a;
2E99 : 3f0e;
2E9A : 3f3f;
2E9B : 3f3f;
2E9C : fe3f;
2E9D : fe02;
2E9E : 1519;
2E9F : 220a;
2EA0 : 1b0e;
2EA1 : 10fe;
2EA2 : 160a;
2EA3 : 3f0e;
2EA4 : 3f3f;
2EA5 : 3f3f;
2EA6 : 3f3f;
2EA7 : 3f3f;
2EA8 : 3f3f;
2EA9 : 3f3f;
2EAA : 3f3f;
2EAB : 3f3f;
2EAC : 3f3f;
2EAD : 3f3f;
2EAE : 3f3f;
2EAF : 3f3f;
2EB0 : 2efe;
2EB1 : 01fe;
2EB2 : 0909;
2EB3 : fe00;
2EB4 : 28fe;
2EB5 : 2a29;
2EB6 : 2c2b;
2EB7 : fe2d;
2EB8 : 3f3f;
2EB9 : 3f3f;
2EBA : 3f3f;
2EBB : 3f3f;
2EBC : 3f3f;
2EBD : 3f3f;
2EBE : 3f3f;
2EBF : 3f3f;
2EC0 : 3f3f;
2EC1 : 3f3f;
2EC2 : 3f3f;
2EC3 : 3f3f;
2EC4 : 3f3f;
2EC5 : 3f3f;
2EC6 : 3f3f;
2EC7 : 3f3f;
2EC8 : 3f3f;
2EC9 : 3f3f;
2ECA : 3f3f;
2ECB : 3f3f;
2ECC : 3f3f;
2ECD : 0f0f;
2ECE : 0f0f;
2ECF : 0f0f;
2ED0 : 0f0f;
2ED1 : 0f0f;
2ED2 : 0f0f;
2ED3 : 0f0f;
2ED4 : 0f0f;
2ED5 : 0f0f;
2ED6 : 0f0f;
2ED7 : 0f0f;
2ED8 : 0f0f;
2ED9 : 0f0f;
2EDA : 0f0f;
2EDB : 0f0f;
2EDC : 0f0f;
2EDD : 0f0f;
2EDE : 0f0f;
2EDF : 0f0f;
2EE0 : 0f0f;
2EE1 : 0f0f;
2EE2 : 0f0f;
2EE3 : 0f0f;
2EE4 : 0f0f;
2EE5 : 0f0f;
2EE6 : 0f0f;
2EE7 : 0f0f;
2EE8 : 0f0f;
2EE9 : 0f0f;
2EEA : 0f0f;
2EEB : 0f0f;
2EEC : 0f0f;
2EED : 0f0f;
2EEE : 0f0f;
2EEF : 0f0f;
2EF0 : 0f0f;
2EF1 : 0f0f;
2EF2 : 0f0f;
2EF3 : 0f0f;
2EF4 : 0f0f;
2EF5 : 0f0f;
2EF6 : 0f0f;
2EF7 : 0f0f;
2EF8 : 0f0f;
2EF9 : 0f0f;
2EFA : 0f0f;
2EFB : 0f0f;
2EFC : 0f0f;
2EFD : 0f0f;
2EFE : 0f0f;
2EFF : 0f0f;
2F00 : 4800;
2F01 : 0620;
2F02 : 0400;
2F03 : 0620;
2F04 : 0800;
2F05 : 0802;
2F06 : 0400;
2F07 : 0a02;
2F08 : 1c00;
2F09 : 0520;
2F0A : 0300;
2F0B : 0520;
2F0C : 0000;
2F0D : 0702;
2F0E : 0400;
2F0F : 0902;
2F10 : 0f00;
2F11 : 0580;
2F12 : 1400;
2F13 : 0502;
2F14 : 0500;
2F15 : 0602;
2F16 : 0000;
2F17 : 0e80;
2F18 : 0a00;
2F19 : 0610;
2F1A : 4200;
2F1B : 0580;
2F1C : 1b00;
2F1D : 0810;
2F1E : 0f00;
2F1F : 1080;
2F20 : 5400;
2F21 : 0620;
2F22 : 0200;
2F23 : 0620;
2F24 : 2000;
2F25 : 0880;
2F26 : 3b00;
2F27 : 0320;
2F28 : 0122;
2F29 : 0702;
2F2A : 0600;
2F2B : 0520;
2F2C : 0700;
2F2D : 1380;
2F2E : 5700;
2F2F : 0610;
2F30 : 0300;
2F31 : 0410;
2F32 : 0300;
2F33 : 0510;
2F34 : 0400;
2F35 : 0702;
2F36 : 0500;
2F37 : 0702;
2F38 : 0300;
2F39 : 0880;
2F3A : 0700;
2F3B : 0a02;
2F3C : 0300;
2F3D : 0f80;
2F3E : 2800;
2F3F : 0902;
2F40 : 0510;
2F41 : 0400;
2F42 : 0510;
2F43 : 1100;
2F44 : 0580;
2F45 : 2400;
2F46 : 0810;
2F47 : 4200;
2F48 : 0902;
2F49 : 0100;
2F4A : 0510;
2F4B : 0500;
2F4C : 0410;
2F4D : 0500;
2F4E : 0410;
2F4F : 0f00;
2F50 : 0880;
2F51 : 0c00;
2F52 : 0510;
2F53 : 0300;
2F54 : 0710;
2F55 : 3000;
2F56 : 0320;
2F57 : 0400;
2F58 : 0320;
2F59 : 2c00;
2F5A : 0f80;
2F5B : 3700;
2F5C : 0720;
2F5D : 1300;
2F5E : 0e80;
2F5F : 1600;
2F60 : 0520;
2F61 : 2a00;
2F62 : 0a80;
2F63 : 4000;
2F64 : 0502;
2F65 : 1100;
2F66 : 0801;
2F67 : 0100;
2F68 : 0f80;
2F69 : 5200;
2F6A : 0520;
2F6B : 0400;
2F6C : 0520;
2F6D : 0100;
2F6E : 0d20;
2F6F : 0100;
2F70 : 0802;
2F71 : 0400;
2F72 : 0802;
2F73 : 0300;
2F74 : 0880;
2F75 : 0710;
2F76 : 0812;
2F77 : 1510;
2F78 : 0800;
2F79 : 0d80;
2F7A : 3600;
2F7B : 0602;
2F7C : 0500;
2F7D : 0802;
2F7E : 0600;
2F7F : 0b80;
2F80 : 1e00;
2F81 : 0520;
2F82 : 0600;
2F83 : 0420;
2F84 : 2200;
2F85 : 0302;
2F86 : 0412;
2F87 : 0010;
2F88 : 2700;
2F89 : 0a02;
2F8A : 2f00;
2F8B : 0420;
2F8C : 0600;
2F8D : 0902;
2F8E : 5700;
2F8F : 0c01;
2F90 : 4100;
2F91 : 0520;
2F92 : 0600;
2F93 : 0820;
2F94 : 0200;
2F95 : 0720;
2F96 : 0122;
2F97 : 0502;
2F98 : 0300;
2F99 : 0902;
2F9A : 1500;
2F9B : 0020;
2F9C : 0a00;
2F9D : 0420;
2F9E : 0700;
2F9F : 0320;
2FA0 : 0f00;
2FA1 : 0d80;
2FA2 : 9100;
2FA3 : 0c80;
2FA4 : 3100;
2FA5 : 0802;
2FA6 : 0000;
2FA7 : 0420;
2FA8 : 0600;
2FA9 : 0520;
2FAA : 0700;
2FAB : 0420;
2FAC : 0f00;
2FAD : 0e80;
2FAE : 0700;
2FAF : 0420;
2FB0 : 0b00;
2FB1 : 0702;
2FB2 : 0400;
2FB3 : 0702;
2FB4 : 1580;
2FB5 : 5000;
2FB6 : 0202;
2FB7 : 0312;
2FB8 : 0002;
2FB9 : 0ffc;
2FBA : 0f0f;
2FBB : 0f0f;
2FBC : 0f0f;
2FBD : 0f0f;
2FBE : 0f0f;
2FBF : 0f0f;
2FC0 : ffff;
2FC1 : ffff;
2FC2 : ffff;
2FC3 : ffff;
2FC4 : ffff;
2FC5 : ffff;
2FC6 : ffff;
2FC7 : ffff;
2FC8 : ffff;
2FC9 : ffff;
2FCA : ffff;
2FCB : ffff;
2FCC : ffff;
2FCD : ffff;
2FCE : ffff;
2FCF : ffff;
2FD0 : ffff;
2FD1 : ffff;
2FD2 : ffff;
2FD3 : ffff;
2FD4 : ffff;
2FD5 : ffff;
2FD6 : ffff;
2FD7 : ffff;
2FD8 : ffff;
2FD9 : ffff;
2FDA : ffff;
2FDB : e1ff;
2FDC : ffff;
2FDD : e1e1;
2FDE : e0e0;
2FDF : ffff;
2FE0 : e0e1;
2FE1 : e2e0;
2FE2 : e0e1;
2FE3 : ffe2;
2FE4 : e0e0;
2FE5 : ffe2;
2FE6 : ffff;
2FE7 : e2e0;
2FE8 : e2e2;
2FE9 : e0e1;
2FEA : e1ff;
2FEB : e2ff;
2FEC : e1e1;
2FED : e2ff;
2FEE : e0ff;
2FEF : ffe2;
2FF0 : ffff;
2FF1 : e1ff;
2FF2 : e2ff;
2FF3 : e0e1;
2FF4 : e2ff;
2FF5 : e1ff;
2FF6 : ffe1;
2FF7 : e0e0;
2FF8 : e1ff;
2FF9 : e0ff;
2FFA : e1e1;
2FFB : ffe2;
2FFC : ffff;
2FFD : ffff;
2FFE : e2e0;
2FFF : ffff;
3000 : 6101;
3001 : 612a;
3002 : 6085;
3003 : 63b8;
3004 : 6344;
3005 : 62f9;
3006 : 60c1;
3007 : 6237;
3008 : 6171;
3009 : 609a;
300A : 625f;
300B : 6386;
300C : 6211;
300D : 60db;
300E : 6111;
300F : 613a;
3010 : 614e;
3011 : 614e;
3012 : 6350;
3013 : 6305;
3014 : 614e;
3015 : 6285;
3016 : 6180;
3017 : 60a7;
3018 : 6285;
3019 : 6392;
301A : 6285;
301B : 60e3;
301C : 63fe;
301D : 63d7;
301E : 63c8;
301F : 6406;
3020 : 63df;
3021 : 66b8;
3022 : 6ca8;
3023 : 6cb3;
3024 : 6cbe;
3025 : 6cc9;
3026 : 6cd4;
3027 : 6cdf;
3028 : 6cea;
3029 : 6cf5;
302A : 6d00;
302B : 6d0b;
302C : e1fa;
302D : 18df;
302E : fa06;
302F : dfe1;
3030 : 0cfe;
3031 : fec8;
3032 : c808;
3033 : 0afe;
3034 : fec8;
3035 : c80b;
3036 : 0dfe;
3037 : c9c8;
3038 : e1fa;
3039 : fedf;
303A : c804;
303B : e1fa;
303C : fedf;
303D : c805;
303E : 06fe;
303F : c9c8;
3040 : bc48;
3041 : 2790;
3042 : cdc7;
3043 : 605d;
3044 : cdc8;
3045 : 6070;
3046 : 3ec8;
3047 : 2102;
3048 : 6080;
3049 : 7fc3;
304A : 0064;
304B : e02e;
304C : c5f0;
304D : af21;
304E : cbdf;
304F : 3ebe;
3050 : 2108;
3051 : 6095;
3052 : 7fc3;
3053 : cd64;
3054 : 64ed;
3055 : c0a7;
3056 : e421;
3057 : 34df;
3058 : fe7e;
3059 : ca09;
305A : 6153;
305B : 9521;
305C : c360;
305D : 64b8;
305E : bd00;
305F : 8991;
3060 : cdc7;
3061 : 605d;
3062 : cdc8;
3063 : 6076;
3064 : 3ec8;
3065 : 2101;
3066 : 60bc;
3067 : 7fc3;
3068 : 3d64;
3069 : f080;
306A : c510;
306B : 803e;
306C : e0f0;
306D : 3ec5;
306E : 2105;
306F : 60d1;
3070 : 7fc3;
3071 : cd64;
3072 : 64ed;
3073 : c0a7;
3074 : e421;
3075 : 34df;
3076 : fe7e;
3077 : 2802;
3078 : 2162;
3079 : 60d6;
307A : b8c3;
307B : 0064;
307C : d0f5;
307D : c770;
307E : f500;
307F : 7020;
3080 : cdc7;
3081 : 605d;
3082 : cdc8;
3083 : 6070;
3084 : 3ec8;
3085 : 2105;
3086 : 60f7;
3087 : 7fc3;
3088 : cd64;
3089 : 64ed;
308A : c0a7;
308B : e421;
308C : 34df;
308D : fe7e;
308E : 2802;
308F : 2134;
3090 : 60fc;
3091 : b8c3;
3092 : 0064;
3093 : 80b8;
3094 : c763;
3095 : 5dcd;
3096 : c860;
3097 : 70cd;
3098 : c860;
3099 : 043e;
309A : 2521;
309B : c361;
309C : 647f;
309D : edcd;
309E : a764;
309F : 21c0;
30A0 : dfe4;
30A1 : fe7e;
30A2 : 2801;
30A3 : 340c;
30A4 : 2521;
30A5 : c361;
30A6 : 64b8;
30A7 : edcd;
30A8 : a764;
30A9 : afc0;
30AA : e1ea;
30AB : e0df;
30AC : 3e10;
30AD : e008;
30AE : 3e12;
30AF : e080;
30B0 : 2114;
30B1 : df9f;
30B2 : becb;
30B3 : 00c9;
30B4 : 9180;
30B5 : 87ac;
30B6 : 8000;
30B7 : 9d91;
30B8 : cd87;
30B9 : 6058;
30BA : 21c8;
30BB : dfaf;
30BC : becb;
30BD : 6721;
30BE : c361;
30BF : 647f;
30C0 : e421;
30C1 : 34df;
30C2 : fe7e;
30C3 : 2804;
30C4 : fe11;
30C5 : 280b;
30C6 : fe13;
30C7 : 280f;
30C8 : fe09;
30C9 : ca30;
30CA : 6197;
30CB : c3c9;
30CC : 6153;
30CD : 6c21;
30CE : c361;
30CF : 64b8;
30D0 : 6721;
30D1 : c361;
30D2 : 64b8;
30D3 : b000;
30D4 : acf0;
30D5 : acc7;
30D6 : 00ac;
30D7 : acb6;
30D8 : a200;
30D9 : 9d00;
30DA : 0000;
30DB : 8300;
30DC : 0000;
30DD : b0ff;
30DE : adf0;
30DF : adc7;
30E0 : 00ad;
30E1 : adb7;
30E2 : a300;
30E3 : 9e00;
30E4 : 0000;
30E5 : 8400;
30E6 : 0000;
30E7 : 00ff;
30E8 : f080;
30E9 : c797;
30EA : 4f8a;
30EB : a700;
30EC : a700;
30ED : ff00;
30EE : f080;
30EF : c798;
30F0 : 508b;
30F1 : 7300;
30F2 : 7300;
30F3 : ff00;
30F4 : 8000;
30F5 : 9df0;
30F6 : 80c7;
30F7 : 9ef0;
30F8 : 83c7;
30F9 : 839d;
30FA : 839d;
30FB : 839d;
30FC : 839d;
30FD : 839d;
30FE : 839d;
30FF : 839d;
3100 : 84ff;
3101 : 849e;
3102 : 849e;
3103 : 849e;
3104 : 849e;
3105 : 849e;
3106 : 849e;
3107 : 849e;
3108 : 21ff;
3109 : dfaf;
310A : fecb;
310B : ed21;
310C : cd61;
310D : 64bf;
310E : 043e;
310F : e821;
3110 : cd61;
3111 : 647f;
3112 : f13e;
3113 : e6ea;
3114 : 3edf;
3115 : ea61;
3116 : dfe7;
3117 : 013e;
3118 : eeea;
3119 : 3edf;
311A : 1862;
311B : 2124;
311C : dfaf;
311D : fecb;
311E : bb21;
311F : cd61;
3120 : 64bf;
3121 : 043e;
3122 : a621;
3123 : cd61;
3124 : 647f;
3125 : ab3e;
3126 : e6ea;
3127 : 3edf;
3128 : ea61;
3129 : dfe7;
312A : bf3e;
312B : eeea;
312C : 3edf;
312D : ea61;
312E : dfef;
312F : 21c9;
3130 : dfaf;
3131 : fecb;
3132 : dc21;
3133 : cd61;
3134 : 64bf;
3135 : 063e;
3136 : cf21;
3137 : cd61;
3138 : 647f;
3139 : d43e;
313A : e6ea;
313B : 3edf;
313C : ea61;
313D : dfe7;
313E : e03e;
313F : eeea;
3140 : 3edf;
3141 : 1861;
3142 : cdd6;
3143 : 64ed;
3144 : c0a7;
3145 : e421;
3146 : 4edf;
3147 : 0634;
3148 : fa00;
3149 : dfe6;
314A : fa6f;
314B : dfe7;
314C : 0967;
314D : fe7e;
314E : caff;
314F : 62cb;
3150 : fa57;
3151 : dfee;
3152 : fa6f;
3153 : dfef;
3154 : 0967;
3155 : 5f7e;
3156 : 080e;
3157 : 00fe;
3158 : 0228;
3159 : f20e;
315A : e07a;
315B : 7913;
315C : 12e0;
315D : aafa;
315E : e061;
315F : 7b14;
3160 : 18e0;
3161 : e079;
3162 : fa17;
3163 : 61d2;
3164 : 19e0;
3165 : fac9;
3166 : dfe1;
3167 : 0dfe;
3168 : 0628;
3169 : 71cd;
316A : c364;
316B : 6153;
316C : 0a3e;
316D : e8ea;
316E : 18df;
316F : 34f3;
3170 : e780;
3171 : c680;
3172 : 8797;
3173 : 7787;
3174 : 5767;
3175 : 3747;
3176 : 1020;
3177 : 8800;
3178 : 9890;
3179 : a8a0;
317A : b8b0;
317B : c8c0;
317C : cdd0;
317D : 605d;
317E : 3ec8;
317F : 2105;
3180 : 62df;
3181 : 7fc3;
3182 : cd64;
3183 : 64ed;
3184 : c0a7;
3185 : e421;
3186 : 4edf;
3187 : 0634;
3188 : 2100;
3189 : 62e4;
318A : 7e09;
318B : caa7;
318C : 6153;
318D : 215f;
318E : 62ef;
318F : 7e09;
3190 : 0657;
3191 : 0e86;
3192 : 7b12;
3193 : 0ce2;
3194 : e27a;
3195 : 780c;
3196 : c9e2;
3197 : 802e;
3198 : 15a4;
3199 : 9487;
319A : 6484;
319B : 2544;
319C : 1020;
319D : 0010;
319E : 1314;
319F : 1112;
31A0 : 1010;
31A1 : 1010;
31A2 : 5dcd;
31A3 : c860;
31A4 : 033e;
31A5 : 2e21;
31A6 : c363;
31A7 : 647f;
31A8 : edcd;
31A9 : a764;
31AA : 21c0;
31AB : dfe4;
31AC : 344e;
31AD : 0006;
31AE : 3321;
31AF : 0963;
31B0 : a77e;
31B1 : 53ca;
31B2 : 5f61;
31B3 : 3c21;
31B4 : 0963;
31B5 : 577e;
31B6 : 8706;
31B7 : b318;
31B8 : 8026;
31B9 : 40a4;
31BA : 9487;
31BB : 6484;
31BC : 2544;
31BD : 1020;
31BE : 0010;
31BF : 5048;
31C0 : 6058;
31C1 : 7068;
31C2 : 7874;
31C3 : 58cd;
31C4 : c860;
31C5 : 043e;
31C6 : 7021;
31C7 : c363;
31C8 : 647f;
31C9 : edcd;
31CA : a764;
31CB : 21c0;
31CC : dfe4;
31CD : 344e;
31CE : 0006;
31CF : 7521;
31D0 : 0963;
31D1 : a77e;
31D2 : 53ca;
31D3 : 5f61;
31D4 : 7e21;
31D5 : 0963;
31D6 : 577e;
31D7 : 8706;
31D8 : 23c3;
31D9 : 9c63;
31DA : e0b7;
31DB : c434;
31DC : 5dcd;
31DD : c860;
31DE : 76cd;
31DF : c860;
31E0 : 033e;
31E1 : b321;
31E2 : c363;
31E3 : 647f;
31E4 : 0bc3;
31E5 : 0064;
31E6 : 1a60;
31E7 : 0d80;
31E8 : 0f0e;
31E9 : 1d1c;
31EA : 1d1e;
31EB : 3e1c;
31EC : 2103;
31ED : 63cb;
31EE : 7fc3;
31EF : cd64;
31F0 : 64ed;
31F1 : c0a7;
31F2 : fc21;
31F3 : 7edf;
31F4 : 07e6;
31F5 : 344f;
31F6 : 0006;
31F7 : cf21;
31F8 : 0963;
31F9 : e07e;
31FA : 3e22;
31FB : e080;
31FC : c923;
31FD : e100;
31FE : 8056;
31FF : 183e;
3200 : fa21;
3201 : c363;
3202 : 647f;
3203 : edcd;
3204 : a764;
3205 : afc0;
3206 : f9ea;
3207 : 3edf;
3208 : e008;
3209 : 3e21;
320A : e080;
320B : 2123;
320C : dfcf;
320D : becb;
320E : afc9;
320F : f1ea;
3210 : e0df;
3211 : 211a;
3212 : dfbf;
3213 : becb;
3214 : 9f21;
3215 : cbdf;
3216 : 21be;
3217 : dfaf;
3218 : becb;
3219 : cf21;
321A : cbdf;
321B : fabe;
321C : dfe9;
321D : 05fe;
321E : 0528;
321F : f321;
3220 : 186b;
3221 : 212a;
3222 : 6bd3;
3223 : 2518;
3224 : eae5;
3225 : dff1;
3226 : bf21;
3227 : cbdf;
3228 : affe;
3229 : f4ea;
322A : eadf;
322B : dff5;
322C : f6ea;
322D : e0df;
322E : 211a;
322F : df9f;
3230 : fecb;
3231 : af21;
3232 : cbdf;
3233 : 21fe;
3234 : dfcf;
3235 : fecb;
3236 : cde1;
3237 : 64fa;
3238 : 3ec9;
3239 : e008;
323A : 3e17;
323B : e080;
323C : 2119;
323D : dfaf;
323E : becb;
323F : f5c9;
3240 : fa1d;
3241 : df71;
3242 : 1c12;
3243 : 1cf1;
3244 : 1d12;
3245 : 12af;
3246 : 1c1c;
3247 : 1c12;
3248 : e512;
3249 : fe7b;
324A : 28e5;
324B : fe09;
324C : 28f5;
324D : fe0d;
324E : 28fd;
324F : c911;
3250 : 9f21;
3251 : cbdf;
3252 : e1fe;
3253 : 1018;
3254 : bf21;
3255 : cbdf;
3256 : e1fe;
3257 : 1618;
3258 : cf21;
3259 : cbdf;
325A : e1fe;
325B : 1518;
325C : 0ec5;
325D : 0610;
325E : 1805;
325F : c513;
3260 : 160e;
3261 : 0406;
3262 : 0c18;
3263 : 0ec5;
3264 : 061a;
3265 : 1805;
3266 : c505;
3267 : 200e;
3268 : 0406;
3269 : e22a;
326A : 050c;
326B : fa20;
326C : c9c1;
326D : ea1c;
326E : df71;
326F : 3d1c;
3270 : 27cb;
3271 : 064f;
3272 : 0900;
3273 : 234e;
3274 : 6946;
3275 : 7c60;
3276 : d5c9;
3277 : 626b;
3278 : 2a34;
3279 : 20be;
327A : 2d03;
327B : 77af;
327C : c9d1;
327D : 0ec5;
327E : 2a30;
327F : 0ce2;
3280 : fe79;
3281 : 2040;
3282 : c1f8;
3283 : 3ec9;
3284 : e0ff;
3285 : 3e25;
3286 : ea03;
3287 : df78;
3288 : eaaf;
3289 : dfe9;
328A : eaaf;
328B : dfe1;
328C : f1ea;
328D : eadf;
328E : dff9;
328F : 9fea;
3290 : eadf;
3291 : dfaf;
3292 : bfea;
3293 : eadf;
3294 : dfcf;
3295 : 7eea;
3296 : eadf;
3297 : df7f;
3298 : 8fea;
3299 : eadf;
329A : df8d;
329B : 8eea;
329C : eadf;
329D : df8a;
329E : 8bea;
329F : 3edf;
32A0 : e008;
32A1 : e012;
32A2 : e017;
32A3 : 3e21;
32A4 : e080;
32A5 : e014;
32A6 : e019;
32A7 : af23;
32A8 : 10e0;
32A9 : 1ae0;
32AA : 11c9;
32AB : dfe0;
32AC : a71a;
32AD : 0728;
32AE : 0021;
32AF : cd60;
32B0 : 64da;
32B1 : 1ce9;
32B2 : a71a;
32B3 : 0728;
32B4 : 1c21;
32B5 : cd60;
32B6 : 64de;
32B7 : c9e9;
32B8 : f811;
32B9 : 1adf;
32BA : 28a7;
32BB : 2107;
32BC : 6038;
32BD : dacd;
32BE : e964;
32BF : 1a1c;
32C0 : 28a7;
32C1 : 2107;
32C2 : 603e;
32C3 : decd;
32C4 : e964;
32C5 : 0dc9;
32C6 : 0d0b;
32C7 : 0a0a;
32C8 : 0a0a;
32C9 : 0a0f;
32CA : 050a;
32CB : 07c3;
32CC : fe65;
32CD : 28ff;
32CE : fef9;
32CF : d00b;
32D0 : e5f5;
32D1 : 8b21;
32D2 : 4f65;
32D3 : 0006;
32D4 : 7e09;
32D5 : 88ea;
32D6 : e1df;
32D7 : 77f1;
32D8 : 2147;
32D9 : 6044;
32DA : 1fe6;
32DB : decd;
32DC : cd64;
32DD : 6711;
32DE : b9cd;
32DF : c966;
32E0 : 7ffa;
32E1 : fedf;
32E2 : 2801;
32E3 : fe7a;
32E4 : ca02;
32E5 : 667a;
32E6 : 7efa;
32E7 : a7df;
32E8 : 84c2;
32E9 : 2166;
32EA : dfe8;
32EB : a72a;
32EC : 6220;
32ED : 8bfa;
32EE : a7df;
32EF : 0528;
32F0 : 0a3e;
32F1 : e0ea;
32F2 : fadf;
32F3 : dfe0;
32F4 : 08fe;
32F5 : 2c28;
32F6 : 0afe;
32F7 : 2828;
32F8 : 0bfe;
32F9 : 2428;
32FA : e1fa;
32FB : fedf;
32FC : 2808;
32FD : fe1d;
32FE : 280a;
32FF : fe19;
3300 : 280b;
3301 : fa15;
3302 : df8a;
3303 : 28a7;
3304 : 0e0f;
3305 : fa09;
3306 : dfe1;
3307 : 09fe;
3308 : 0220;
3309 : 000e;
330A : ea79;
330B : dfe0;
330C : 55cd;
330D : fa65;
330E : dfe8;
330F : 0afe;
3310 : b128;
3311 : 70cd;
3312 : cd65;
3313 : 68a7;
3314 : eaaf;
3315 : dfe0;
3316 : e8ea;
3317 : eadf;
3318 : dff0;
3319 : f8ea;
331A : eadf;
331B : df7f;
331C : 8bea;
331D : c9df;
331E : 99cd;
331F : 1865;
3320 : cde4;
3321 : 653f;
3322 : eaaf;
3323 : dfe1;
3324 : f1ea;
3325 : eadf;
3326 : dff9;
3327 : 9f21;
3328 : cbdf;
3329 : 21be;
332A : dfaf;
332B : becb;
332C : bf21;
332D : cbdf;
332E : 21be;
332F : dfcf;
3330 : becb;
3331 : f321;
3332 : cd6b;
3333 : 64fa;
3334 : 303e;
3335 : 7eea;
3336 : 21df;
3337 : 669c;
3338 : bfcd;
3339 : 1864;
333A : 21b3;
333B : 66a0;
333C : f618;
333D : eaaf;
333E : df7e;
333F : 8bea;
3340 : c3df;
3341 : 65d3;
3342 : 7e21;
3343 : 35df;
3344 : fe7e;
3345 : 2828;
3346 : fee8;
3347 : 2820;
3348 : fedc;
3349 : 2818;
334A : fee0;
334B : 2010;
334C : 348f;
334D : 8c18;
334E : e3b2;
334F : c783;
3350 : e3b2;
3351 : c7c1;
3352 : 803e;
3353 : 26e0;
3354 : 773e;
3355 : 24e0;
3356 : ff3e;
3357 : 25e0;
3358 : 0021;
3359 : 36df;
335A : 2c00;
335B : fb20;
335C : fac9;
335D : dfe9;
335E : 8021;
335F : 3d6c;
3360 : 0628;
3361 : 2323;
3362 : 2323;
3363 : f718;
3364 : ea2a;
3365 : df78;
3366 : ea2a;
3367 : df7a;
3368 : ea2a;
3369 : df7c;
336A : 25e0;
336B : ea2a;
336C : df7d;
336D : eaaf;
336E : df79;
336F : 7bea;
3370 : c9df;
3371 : 7821;
3372 : 2adf;
3373 : 01fe;
3374 : 34c8;
3375 : be2a;
3376 : 2dc0;
3377 : 0036;
3378 : 2c2c;
3379 : 2c34;
337A : cb3a;
337B : ca46;
337C : 66fd;
337D : 2c2c;
337E : e07e;
337F : c925;
3380 : 4f2a;
3381 : 477e;
3382 : 120a;
3383 : 031c;
3384 : 120a;
3385 : 2ac9;
3386 : 1c12;
3387 : 122a;
3388 : cdc9;
3389 : 6514;
338A : 8011;
338B : 06df;
338C : 2a00;
338D : 1c12;
338E : 0bcd;
338F : 1167;
3390 : df90;
3391 : 0bcd;
3392 : 1167;
3393 : dfa0;
3394 : 0bcd;
3395 : 1167;
3396 : dfb0;
3397 : 0bcd;
3398 : 1167;
3399 : dfc0;
339A : 0bcd;
339B : 2167;
339C : df90;
339D : 9411;
339E : cddf;
339F : 6700;
33A0 : a021;
33A1 : 11df;
33A2 : dfa4;
33A3 : 00cd;
33A4 : 2167;
33A5 : dfb0;
33A6 : b411;
33A7 : cddf;
33A8 : 6700;
33A9 : c021;
33AA : 11df;
33AB : dfc4;
33AC : 00cd;
33AD : 0167;
33AE : 0410;
33AF : 9221;
33B0 : 36df;
33B1 : 7901;
33B2 : 6f85;
33B3 : 2005;
33B4 : aff8;
33B5 : 9eea;
33B6 : eadf;
33B7 : dfae;
33B8 : beea;
33B9 : c9df;
33BA : afe5;
33BB : 1ae0;
33BC : 626b;
33BD : facd;
33BE : e164;
33BF : 2a18;
33C0 : b0cd;
33C1 : cd67;
33C2 : 67c5;
33C3 : cd5f;
33C4 : 67b0;
33C5 : c5cd;
33C6 : 5767;
33C7 : b0cd;
33C8 : cd67;
33C9 : 67c5;
33CA : 2c4f;
33CB : 732c;
33CC : 722c;
33CD : 712c;
33CE : 2d2d;
33CF : 2d2d;
33D0 : 21e5;
33D1 : df70;
33D2 : e17e;
33D3 : 03fe;
33D4 : ca28;
33D5 : b0cd;
33D6 : c367;
33D7 : 68d8;
33D8 : 2ad5;
33D9 : 3a5f;
33DA : 1357;
33DB : 227b;
33DC : 327a;
33DD : c9d1;
33DE : 2ad5;
33DF : 3a5f;
33E0 : 1357;
33E1 : 1813;
33E2 : 2af1;
33E3 : 3a4f;
33E4 : 0a47;
33E5 : c947;
33E6 : 18e1;
33E7 : fa2c;
33E8 : df70;
33E9 : 03fe;
33EA : 1020;
33EB : b8fa;
33EC : cbdf;
33ED : 287f;
33EE : 7e09;
33EF : 06fe;
33F0 : 0420;
33F1 : 403e;
33F2 : 1ce0;
33F3 : 7de5;
33F4 : 09c6;
33F5 : 7e6f;
33F6 : 20a7;
33F7 : 7ddd;
33F8 : 04c6;
33F9 : cb6f;
33FA : 207e;
33FB : e1d5;
33FC : 32cd;
33FD : 2d6a;
33FE : c32d;
33FF : 6a04;
3400 : 2d2d;
3401 : 2d2d;
3402 : bccd;
3403 : 7d67;
3404 : 04c6;
3405 : 545f;
3406 : 00cd;
3407 : fe67;
3408 : 2800;
3409 : fe1f;
340A : 28ff;
340B : 2c04;
340C : d6c3;
340D : 2d68;
340E : cde5;
340F : 67bc;
3410 : c5cd;
3411 : 5f67;
3412 : b0cd;
3413 : cd67;
3414 : 67c5;
3415 : e157;
3416 : 227b;
3417 : 327a;
3418 : d518;
3419 : e921;
341A : 7edf;
341B : 0afe;
341C : 0520;
341D : 013e;
341E : 89ea;
341F : 36df;
3420 : cd00;
3421 : 6507;
3422 : cdc9;
3423 : 67b0;
3424 : c5cd;
3425 : ea67;
3426 : df81;
3427 : b0cd;
3428 : cd67;
3429 : 67c5;
342A : 82ea;
342B : 18df;
342C : cd09;
342D : 67b0;
342E : c5cd;
342F : ea67;
3430 : df80;
3431 : b0cd;
3432 : 1867;
3433 : cd71;
3434 : 67b0;
3435 : c5cd;
3436 : e567;
3437 : c67d;
3438 : 6f0b;
3439 : 784e;
343A : 77b1;
343B : 4d44;
343C : 0d0d;
343D : 2ae1;
343E : 3a5f;
343F : 1357;
3440 : 227b;
3441 : 327a;
3442 : 027a;
3443 : 7b0d;
3444 : 1802;
3445 : e54d;
3446 : c67d;
3447 : 6f0b;
3448 : 357e;
3449 : e67e;
344A : 287f;
344B : 440d;
344C : 0d4d;
344D : 0d0d;
344E : 0ae1;
344F : 0c22;
3450 : 320a;
3451 : 3418;
3452 : 18e1;
3453 : 21bb;
3454 : dfe9;
3455 : a77e;
3456 : 21c8;
3457 : df8d;
3458 : 8ffa;
3459 : fedf;
345A : 2003;
345B : 3407;
345C : 0720;
345D : 342c;
345E : 0318;
345F : 22af;
3460 : cd77;
3461 : 66e2;
3462 : 013e;
3463 : 70ea;
3464 : 21df;
3465 : df90;
3466 : 2a2c;
3467 : caa7;
3468 : 67fb;
3469 : c235;
346A : 67cf;
346B : 2c2c;
346C : c5cd;
346D : fe67;
346E : ca00;
346F : 6800;
3470 : 9dfe;
3471 : 80ca;
3472 : fe67;
3473 : ca9e;
3474 : 6845;
3475 : 9ffe;
3476 : 59ca;
3477 : fe68;
3478 : ca9b;
3479 : 6867;
347A : 9cfe;
347B : 8bca;
347C : e668;
347D : fef0;
347E : 20a0;
347F : 781a;
3480 : 0fe6;
3481 : 064f;
3482 : e500;
3483 : 8111;
3484 : 1adf;
3485 : 1c6f;
3486 : 671a;
3487 : 7e09;
3488 : 2de1;
3489 : cd22;
348A : 67b0;
348B : c5cd;
348C : 4867;
348D : 0006;
348E : b0cd;
348F : fa67;
3490 : df70;
3491 : 04fe;
3492 : 84ca;
3493 : e569;
3494 : c67d;
3495 : 6f05;
3496 : 545d;
3497 : 2c2c;
3498 : fe79;
3499 : 2801;
349A : 364a;
349B : fa00;
349C : df80;
349D : 28a7;
349E : 6f0c;
349F : 0026;
34A0 : 7dcb;
34A1 : 0228;
34A2 : ff26;
34A3 : 4409;
34A4 : fa4d;
34A5 : df8f;
34A6 : 28a7;
34A7 : 0323;
34A8 : fe03;
34A9 : 2801;
34AA : 031d;
34AB : fe03;
34AC : 2802;
34AD : fe17;
34AE : 3803;
34AF : 0313;
34B0 : fa03;
34B1 : df8e;
34B2 : 28a7;
34B3 : fe0b;
34B4 : 381f;
34B5 : 3e02;
34B6 : 031f;
34B7 : 3d03;
34B8 : fb20;
34B9 : 1221;
34BA : 096b;
34BB : 122a;
34BC : 7e1c;
34BD : e112;
34BE : 9bc3;
34BF : 3669;
34C0 : e101;
34C1 : 1718;
34C2 : 11e5;
34C3 : dfc6;
34C4 : a421;
34C5 : 096b;
34C6 : 122a;
34C7 : 7b1c;
34C8 : cbfe;
34C9 : f820;
34CA : 200e;
34CB : c421;
34CC : 18df;
34CD : e537;
34CE : 70fa;
34CF : fedf;
34D0 : 2801;
34D1 : fe2a;
34D2 : 2802;
34D3 : 0e22;
34D4 : fa1a;
34D5 : dfbf;
34D6 : 7fcb;
34D7 : 0520;
34D8 : e2af;
34D9 : 803e;
34DA : 0ce2;
34DB : 2c2c;
34DC : 2c2c;
34DD : 5f2a;
34DE : 0016;
34DF : b8fa;
34E0 : cbdf;
34E1 : 287f;
34E2 : 1619;
34E3 : 18ef;
34E4 : 0e15;
34E5 : 1816;
34E6 : 0e05;
34E7 : 3e10;
34E8 : 0c00;
34E9 : 2c2c;
34EA : 3a2c;
34EB : 20a7;
34EC : 2a49;
34ED : 2c5f;
34EE : 572a;
34EF : 2ce5;
34F0 : 2a2c;
34F1 : 28a7;
34F2 : 1e02;
34F3 : 2c08;
34F4 : 362c;
34F5 : 2c00;
34F6 : e17e;
34F7 : 7fcb;
34F8 : 0d20;
34F9 : e27a;
34FA : 7b0c;
34FB : 0ce2;
34FC : e22a;
34FD : 7e0c;
34FE : c0f6;
34FF : e1e2;
3500 : 3a2d;
3501 : 2d32;
3502 : 7011;
3503 : 1adf;
3504 : 04fe;
3505 : 0928;
3506 : 123c;
3507 : 103e;
3508 : 6f85;
3509 : ccc3;
350A : 2168;
350B : df9e;
350C : 2134;
350D : dfae;
350E : 2134;
350F : dfbe;
3510 : c934;
3511 : 0006;
3512 : e1e5;
3513 : 182c;
3514 : 78b2;
3515 : 3fcb;
3516 : 266f;
3517 : 1900;
3518 : c95e;
3519 : 7de5;
351A : 06c6;
351B : 7e6f;
351C : 0fe6;
351D : 1828;
351E : 71ea;
351F : fadf;
3520 : df70;
3521 : 130e;
3522 : 01fe;
3523 : 0e28;
3524 : 180e;
3525 : 02fe;
3526 : 0828;
3527 : 1d0e;
3528 : 03fe;
3529 : 0228;
352A : c9e1;
352B : 2a2c;
352C : 7e5f;
352D : d557;
352E : c67d;
352F : 6f04;
3530 : fa46;
3531 : df71;
3532 : 01fe;
3533 : 1228;
3534 : 02fe;
3535 : 0928;
3536 : 03fe;
3537 : 0028;
3538 : fe21;
3539 : 18ff;
353A : 1121;
353B : 6a9f;
353C : 0318;
353D : bd11;
353E : cd6a;
353F : 6a29;
3540 : 40cb;
3541 : 0220;
3542 : 33cb;
3543 : e67b;
3544 : cb0f;
3545 : 285f;
3546 : 2606;
3547 : f6ff;
3548 : 18f0;
3549 : 2602;
354A : 6f00;
354B : 19d1;
354C : e27d;
354D : 7c0c;
354E : 18e2;
354F : 00b5;
3550 : ffff;
3551 : eefe;
3552 : dded;
3553 : ccdc;
3554 : cccc;
3555 : bbbb;
3556 : babb;
3557 : aaaa;
3558 : aaaa;
3559 : 9999;
355A : 9999;
355B : 9999;
355C : 9999;
355D : 9999;
355E : 0099;
355F : 0000;
3560 : 0000;
3561 : 1000;
3562 : 0f00;
3563 : 0000;
3564 : 0011;
3565 : f00f;
3566 : 1201;
3567 : ff10;
3568 : 01ef;
3569 : 1012;
356A : efff;
356B : 1201;
356C : ff10;
356D : 01ef;
356E : 1012;
356F : efff;
3570 : 1201;
3571 : ff10;
3572 : 01ef;
3573 : 1012;
3574 : efff;
3575 : 1201;
3576 : ff10;
3577 : 01ef;
3578 : 1012;
3579 : efff;
357A : 0000;
357B : 0000;
357C : 0000;
357D : 0000;
357E : 0000;
357F : 0000;
3580 : 0000;
3581 : 0000;
3582 : 0000;
3583 : 0000;
3584 : 0000;
3585 : 0000;
3586 : 0000;
3587 : 0000;
3588 : 0000;
3589 : 0f00;
358A : 002c;
358B : 009c;
358C : 0106;
358D : 016b;
358E : 01c9;
358F : 0223;
3590 : 0277;
3591 : 02c6;
3592 : 0312;
3593 : 0356;
3594 : 039b;
3595 : 03da;
3596 : 0416;
3597 : 044e;
3598 : 0483;
3599 : 04b5;
359A : 04e5;
359B : 0511;
359C : 053b;
359D : 0563;
359E : 0589;
359F : 05ac;
35A0 : 05ce;
35A1 : 05ed;
35A2 : 060a;
35A3 : 0627;
35A4 : 0642;
35A5 : 065b;
35A6 : 0672;
35A7 : 0689;
35A8 : 069e;
35A9 : 06b2;
35AA : 06c4;
35AB : 06d6;
35AC : 06e7;
35AD : 06f7;
35AE : 0706;
35AF : 0714;
35B0 : 0721;
35B1 : 072d;
35B2 : 0739;
35B3 : 0744;
35B4 : 074f;
35B5 : 0759;
35B6 : 0762;
35B7 : 076b;
35B8 : 0773;
35B9 : 077b;
35BA : 0783;
35BB : 078a;
35BC : 0790;
35BD : 0797;
35BE : 079d;
35BF : 07a2;
35C0 : 07a7;
35C1 : 07ac;
35C2 : 07b1;
35C3 : 07b6;
35C4 : 07ba;
35C5 : 07be;
35C6 : 07c1;
35C7 : 07c4;
35C8 : 07c8;
35C9 : 07cb;
35CA : 07ce;
35CB : 07d1;
35CC : 07d4;
35CD : 07d6;
35CE : 07d9;
35CF : 07db;
35D0 : 07dd;
35D1 : 07df;
35D2 : 0000;
35D3 : 0000;
35D4 : c000;
35D5 : 0061;
35D6 : 003a;
35D7 : b1c0;
35D8 : 2900;
35D9 : c001;
35DA : 00a1;
35DB : 0420;
35DC : a1c0;
35DD : f400;
35DE : c05e;
35DF : 0071;
35E0 : 3f00;
35E1 : 23c0;
35E2 : 4533;
35E3 : 8967;
35E4 : cdab;
35E5 : feef;
35E6 : badc;
35E7 : 8a98;
35E8 : 32a8;
35E9 : 0110;
35EA : 4523;
35EB : 8967;
35EC : cdab;
35ED : feef;
35EE : badc;
35EF : 7698;
35F0 : 3254;
35F1 : 7710;
35F2 : 5623;
35F3 : 9978;
35F4 : 7698;
35F5 : 9a67;
35F6 : fedf;
35F7 : 85c9;
35F8 : 7777;
35F9 : 1177;
35FA : 5623;
35FB : 9978;
35FC : 7698;
35FD : 9a67;
35FE : fedf;
35FF : 85c9;
3600 : 1142;
3601 : 1131;
3602 : 2212;
3603 : 3433;
3604 : 5544;
3605 : 6655;
3606 : 6666;
3607 : 6666;
3608 : 2211;
3609 : 8732;
360A : 6566;
360B : 5455;
360C : 4344;
360D : 2232;
360E : 1111;
360F : 6166;
3610 : 6611;
3611 : 0166;
3612 : 0402;
3613 : 1008;
3614 : 0620;
3615 : 180c;
3616 : 0300;
3617 : 0c06;
3618 : 3018;
3619 : 1209;
361A : 0424;
361B : 0208;
361C : 0804;
361D : 2010;
361E : 0c40;
361F : 3018;
3620 : 0005;
3621 : 0301;
3622 : 0a05;
3623 : 2814;
3624 : 0f50;
3625 : 3c1e;
3626 : 0603;
3627 : 180c;
3628 : 6030;
3629 : 2412;
362A : 0848;
362B : 0110;
362C : 0204;
362D : 0703;
362E : 1c0e;
362F : 7038;
3630 : 2a15;
3631 : 0954;
3632 : 0112;
3633 : 0402;
3634 : 1008;
3635 : 4020;
3636 : 1880;
3637 : 6030;
3638 : 150a;
3639 : 0201;
363A : 04c0;
363B : 1209;
363C : 4824;
363D : 1b90;
363E : 6c36;
363F : 180c;
3640 : 1801;
3641 : fbff;
3642 : 1801;
3643 : ebff;
3644 : 2001;
3645 : b7ed;
3646 : 6001;
3647 : edde;
3648 : ff01;
3649 : ffde;
364A : 1801;
364B : befe;
364C : 4001;
364D : f7ff;
364E : 1801;
364F : e7ed;
3650 : 2001;
3651 : f7ff;
3652 : 2001;
3653 : f7ff;
3654 : 4c00;
3655 : e16c;
3656 : f76d;
3657 : 0d6d;
3658 : 236e;
3659 : 006e;
365A : 6c5a;
365B : 72ea;
365C : 7304;
365D : 731a;
365E : 732c;
365F : 4c00;
3660 : 086c;
3661 : 1479;
3662 : 2079;
3663 : 2c79;
3664 : 0079;
3665 : 6c4c;
3666 : 7aa2;
3667 : 7aa6;
3668 : 7aa8;
3669 : 7aaa;
366A : 4c00;
366B : 066c;
366C : 0a7b;
366D : 0c7b;
366E : 0e7b;
366F : 007b;
3670 : 6c4c;
3671 : 7b49;
3672 : 7b57;
3673 : 7b63;
3674 : 7b6d;
3675 : 4c00;
3676 : 006c;
3677 : 0000;
3678 : 0000;
3679 : 0000;
367A : 0000;
367B : 6c4c;
367C : 7d9c;
367D : 7da0;
367E : 7da2;
367F : 7da4;
3680 : 6700;
3681 : ec6c;
3682 : 0c7d;
3683 : 2c7e;
3684 : 4c7e;
3685 : 007e;
3686 : 6c2c;
3687 : 6d16;
3688 : 6d1a;
3689 : 6d1c;
368A : 6d1e;
368B : 6d20;
368C : 0000;
368D : 6d62;
368E : 6d99;
368F : 6dc6;
3690 : 729d;
3691 : 8000;
3692 : 3ca3;
3693 : 3c3c;
3694 : 36a2;
3695 : 3ca3;
3696 : a23c;
3697 : 3c36;
3698 : a336;
3699 : a33c;
369A : 3a3a;
369B : a23a;
369C : a332;
369D : 3a3a;
369E : 32a2;
369F : 323a;
36A0 : 3aa3;
36A1 : 3ca3;
36A2 : 3c3c;
36A3 : 36a2;
36A4 : 3ca3;
36A5 : a23c;
36A6 : 3c36;
36A7 : a336;
36A8 : a23c;
36A9 : 4e40;
36AA : 4e01;
36AB : 4eaa;
36AC : 484a;
36AD : 58a2;
36AE : 013a;
36AF : a43a;
36B0 : 0032;
36B1 : 929d;
36B2 : 8000;
36B3 : 4aa3;
36B4 : 4a4a;
36B5 : 01a2;
36B6 : 014a;
36B7 : 4aa7;
36B8 : 4aa3;
36B9 : a34a;
36BA : 4848;
36BB : a248;
36BC : 4801;
36BD : a701;
36BE : a348;
36BF : 4848;
36C0 : 4a4a;
36C1 : a24a;
36C2 : 4a01;
36C3 : a701;
36C4 : a34a;
36C5 : 4a4a;
36C6 : 48a2;
36C7 : 0154;
36C8 : aa54;
36C9 : 5254;
36CA : a44e;
36CB : 014a;
36CC : 9d00;
36CD : 6bf3;
36CE : a420;
36CF : a736;
36D0 : 362c;
36D1 : 01a3;
36D2 : 362c;
36D3 : 32a4;
36D4 : 22a7;
36D5 : a332;
36D6 : 2201;
36D7 : a432;
36D8 : a736;
36D9 : 362c;
36DA : 01a3;
36DB : 362c;
36DC : 40a7;
36DD : 40a2;
36DE : 40aa;
36DF : 4844;
36E0 : 4aa3;
36E1 : a440;
36E2 : 0032;
36E3 : 069b;
36E4 : 06a2;
36E5 : a306;
36E6 : a20b;
36E7 : 0606;
36E8 : 0ba3;
36E9 : a79c;
36EA : a206;
36EB : aa06;
36EC : 0b0b;
36ED : a30b;
36EE : 0606;
36EF : 0ba4;
36F0 : 2e00;
36F1 : 3972;
36F2 : aa6e;
36F3 : 266f;
36F4 : d771;
36F5 : bd6f;
36F6 : bd71;
36F7 : 6a71;
36F8 : 9472;
36F9 : ff72;
36FA : e3ff;
36FB : 3f6d;
36FC : b572;
36FD : 196e;
36FE : 5370;
36FF : 3e71;
3700 : d670;
3701 : d671;
3702 : 6a71;
3703 : ad72;
3704 : ff72;
3705 : f9ff;
3706 : 506d;
3707 : 2d72;
3708 : 7a6f;
3709 : 7470;
370A : a771;
370B : ef70;
370C : ef71;
370D : 7871;
370E : c172;
370F : ff72;
3710 : 0fff;
3711 : 616e;
3712 : 7a72;
3713 : ee6f;
3714 : b070;
3715 : fa71;
3716 : 0470;
3717 : 1972;
3718 : 8672;
3719 : d172;
371A : ff72;
371B : 25ff;
371C : 9d6e;
371D : 0071;
371E : a280;
371F : 3a36;
3720 : 3a36;
3721 : 383a;
3722 : 3236;
3723 : 3a36;
3724 : 3636;
3725 : 013a;
3726 : 919d;
3727 : 8000;
3728 : 01a0;
3729 : 2628;
372A : 2224;
372B : 0120;
372C : 9d01;
372D : 0071;
372E : a280;
372F : 3a36;
3730 : 3a38;
3731 : 383a;
3732 : 3a36;
3733 : 819d;
3734 : 8000;
3735 : 049b;
3736 : 28a1;
3737 : a228;
3738 : 9c28;
3739 : 719d;
373A : 8000;
373B : 36a2;
373C : 363a;
373D : 3a3a;
373E : 3638;
373F : 3632;
3740 : 363a;
3741 : 3a36;
3742 : 0101;
3743 : 3601;
3744 : 363a;
3745 : 3a3a;
3746 : 3a3a;
3747 : 9d3a;
3748 : 003b;
3749 : a080;
374A : 7201;
374B : 6601;
374C : 0101;
374D : 0160;
374E : 4a01;
374F : 5c01;
3750 : 0136;
3751 : 0101;
3752 : 727e;
3753 : 446a;
3754 : 3e01;
3755 : 0166;
3756 : 4c50;
3757 : 4448;
3758 : 4046;
3759 : 0101;
375A : 9d00;
375B : 0081;
375C : a280;
375D : 605e;
375E : 605e;
375F : 585c;
3760 : 5c58;
3761 : 605e;
3762 : 585c;
3763 : 0158;
3764 : 919d;
3765 : 8000;
3766 : 01a0;
3767 : 0e10;
3768 : 0a0c;
3769 : 0108;
376A : 9d01;
376B : 0081;
376C : a280;
376D : 605e;
376E : 605e;
376F : 585c;
3770 : 5c58;
3771 : a19d;
3772 : 8000;
3773 : 18a1;
3774 : a218;
3775 : a118;
3776 : 1a1a;
3777 : 1aa2;
3778 : 1ca1;
3779 : a21c;
377A : a11c;
377B : 1e1e;
377C : 1ea2;
377D : 819d;
377E : 8000;
377F : 5ea2;
3780 : 5e60;
3781 : 5c60;
3782 : 5858;
3783 : 5e5c;
3784 : 5c60;
3785 : 5858;
3786 : 0101;
3787 : 5e01;
3788 : 5e60;
3789 : 5c60;
378A : 5858;
378B : 9d5c;
378C : 0072;
378D : a180;
378E : 727e;
378F : 686a;
3790 : 7201;
3791 : 0166;
3792 : 4c50;
3793 : 4401;
3794 : 0101;
3795 : 0101;
3796 : 9d00;
3797 : 6bf3;
3798 : a2a0;
3799 : 5858;
379A : 605e;
379B : 4a4a;
379C : 5250;
379D : 5858;
379E : 605e;
379F : 014a;
37A0 : 0101;
37A1 : 5858;
37A2 : 605e;
37A3 : 4a4a;
37A4 : 5250;
37A5 : 28a1;
37A6 : a228;
37A7 : a128;
37A8 : 2c2c;
37A9 : 2ca2;
37AA : 2ea1;
37AB : a22e;
37AC : a12e;
37AD : 3030;
37AE : 30a2;
37AF : 58a2;
37B0 : 5e58;
37B1 : 4a60;
37B2 : 504a;
37B3 : 5852;
37B4 : 5e58;
37B5 : 4a60;
37B6 : 0101;
37B7 : 5801;
37B8 : 5e58;
37B9 : 4a60;
37BA : 504a;
37BB : a552;
37BC : 0001;
37BD : 069b;
37BE : 0ba1;
37BF : 0b06;
37C0 : 9c01;
37C1 : 01a3;
37C2 : 9b15;
37C3 : a104;
37C4 : 060b;
37C5 : 010b;
37C6 : a39c;
37C7 : 151a;
37C8 : 151a;
37C9 : 069b;
37CA : 0ba1;
37CB : 0b06;
37CC : 9c01;
37CD : 15a3;
37CE : 9b01;
37CF : a104;
37D0 : 060b;
37D1 : 010b;
37D2 : a89c;
37D3 : a315;
37D4 : 001a;
37D5 : 719d;
37D6 : 8000;
37D7 : 40a1;
37D8 : a240;
37D9 : 4040;
37DA : 3c40;
37DB : 4446;
37DC : a13c;
37DD : 4040;
37DE : 40a2;
37DF : 4040;
37E0 : 0144;
37E1 : 0101;
37E2 : 40a1;
37E3 : a240;
37E4 : 4040;
37E5 : 3c40;
37E6 : 4446;
37E7 : 2c3c;
37E8 : 0101;
37E9 : 403e;
37EA : 3c01;
37EB : 9d01;
37EC : 0071;
37ED : a180;
37EE : 2828;
37EF : 32a2;
37F0 : 2e30;
37F1 : 012c;
37F2 : 929d;
37F3 : 0000;
37F4 : 24a3;
37F5 : 719d;
37F6 : 8000;
37F7 : 28a1;
37F8 : a228;
37F9 : 3032;
37FA : 2c2e;
37FB : 9d01;
37FC : 0092;
37FD : a300;
37FE : 9d26;
37FF : 0071;
3800 : a180;
3801 : 2828;
3802 : 28a2;
3803 : 2828;
3804 : 2424;
3805 : 2424;
3806 : 0124;
3807 : 0124;
3808 : 0122;
3809 : 929d;
380A : c000;
380B : 011a;
380C : 9d00;
380D : 0081;
380E : a280;
380F : 5250;
3810 : 5250;
3811 : 4a4e;
3812 : 444a;
3813 : 5250;
3814 : 4a4e;
3815 : 014a;
3816 : 0101;
3817 : 5250;
3818 : 5250;
3819 : 4a4e;
381A : 444a;
381B : 443e;
381C : 4e48;
381D : 014a;
381E : 0148;
381F : 919d;
3820 : 8000;
3821 : 50a2;
3822 : 4e52;
3823 : 4a4a;
3824 : 9d01;
3825 : 00a2;
3826 : a300;
3827 : 9d0c;
3828 : 0091;
3829 : a280;
382A : 5250;
382B : 4a4e;
382C : 014a;
382D : a29d;
382E : 0000;
382F : 0ea3;
3830 : 919d;
3831 : 8000;
3832 : 50a2;
3833 : 5052;
3834 : 4e52;
3835 : 4a4a;
3836 : 4a44;
3837 : 4e01;
3838 : 4a01;
3839 : 9d01;
383A : 00a2;
383B : 02c0;
383C : 0001;
383D : 32a2;
383E : 3832;
383F : a13a;
3840 : 2424;
3841 : 24a2;
3842 : 2c2a;
3843 : 3232;
3844 : 3a38;
3845 : 24a1;
3846 : a224;
3847 : 2c2a;
3848 : 3234;
3849 : 3832;
384A : a13a;
384B : 2424;
384C : 24a2;
384D : 2c2a;
384E : 3636;
384F : 443e;
3850 : 40a1;
3851 : a240;
3852 : 4040;
3853 : 9d40;
3854 : 6bf3;
3855 : a1a0;
3856 : 3232;
3857 : 32a2;
3858 : 3a38;
3859 : 013c;
385A : f39d;
385B : 206b;
385C : 24a3;
385D : f39d;
385E : a06b;
385F : 32a1;
3860 : a232;
3861 : 3832;
3862 : 3c3a;
3863 : 9d01;
3864 : 6bf3;
3865 : a320;
3866 : 9d26;
3867 : 6bf3;
3868 : a1a0;
3869 : 3a3a;
386A : 3aa2;
386B : 3a3a;
386C : 3636;
386D : 3636;
386E : 029b;
386F : 40a1;
3870 : 4040;
3871 : 9c01;
3872 : 32a2;
3873 : 9d01;
3874 : 6bf3;
3875 : a320;
3876 : 0032;
3877 : 089b;
3878 : 15a1;
3879 : 0b06;
387A : 1a01;
387B : 1506;
387C : 9c01;
387D : 029b;
387E : 15a1;
387F : 0b06;
3880 : 1a01;
3881 : 1506;
3882 : a101;
3883 : 011a;
3884 : 0101;
3885 : 0115;
3886 : 0101;
3887 : 9b9c;
3888 : a102;
3889 : 0615;
388A : 010b;
388B : 061a;
388C : 0115;
388D : a39c;
388E : 1a15;
388F : 15a2;
3890 : 15a1;
3891 : a315;
3892 : 001a;
3893 : 729d;
3894 : c000;
3895 : 039b;
3896 : 32a2;
3897 : 3228;
3898 : 3236;
3899 : 4028;
389A : 9c28;
389B : 243c;
389C : 3632;
389D : 2432;
389E : 2430;
389F : 039b;
38A0 : 32a2;
38A1 : 3228;
38A2 : 3236;
38A3 : 4028;
38A4 : 9c28;
38A5 : 243c;
38A6 : 3632;
38A7 : 2432;
38A8 : 2430;
38A9 : 9d00;
38AA : 0096;
38AB : a4c1;
38AC : a322;
38AD : 281e;
38AE : 1aa5;
38AF : 2ca4;
38B0 : 28a3;
38B1 : a532;
38B2 : a424;
38B3 : a322;
38B4 : 281e;
38B5 : 1aa5;
38B6 : 2ca4;
38B7 : 28a3;
38B8 : a530;
38B9 : 0032;
38BA : 029b;
38BB : 32a2;
38BC : 4032;
38BD : 32a1;
38BE : a232;
38BF : 3030;
38C0 : a140;
38C1 : 3030;
38C2 : 2ca2;
38C3 : 402c;
38C4 : 2ca1;
38C5 : a22c;
38C6 : 2828;
38C7 : a140;
38C8 : 2828;
38C9 : 24a2;
38CA : 3c24;
38CB : 24a1;
38CC : a224;
38CD : 2222;
38CE : a13c;
38CF : 2222;
38D0 : 36a2;
38D1 : 3636;
38D2 : 36a1;
38D3 : a236;
38D4 : 2828;
38D5 : a128;
38D6 : 2828;
38D7 : 009c;
38D8 : 109b;
38D9 : 06a1;
38DA : 0b06;
38DB : 1001;
38DC : 0606;
38DD : 9c06;
38DE : 9d00;
38DF : 0081;
38E0 : 9bc0;
38E1 : a203;
38E2 : 0202;
38E3 : 0a08;
38E4 : 0c0c;
38E5 : 100e;
38E6 : 209c;
38E7 : 1c06;
38E8 : 181a;
38E9 : 1416;
38EA : 0012;
38EB : 819d;
38EC : c000;
38ED : 039b;
38EE : 02a2;
38EF : 0802;
38F0 : 0c0a;
38F1 : 0e0c;
38F2 : 9c10;
38F3 : 1e20;
38F4 : 1a1c;
38F5 : 1618;
38F6 : 1214;
38F7 : 9b00;
38F8 : a203;
38F9 : 1a1a;
38FA : 2220;
38FB : 2424;
38FC : 2826;
38FD : 389c;
38FE : 3436;
38FF : 3032;
3900 : 2c2e;
3901 : 002a;
3902 : 029b;
3903 : 15a2;
3904 : 0615;
3905 : 0601;
3906 : 0601;
3907 : 1501;
3908 : 1a06;
3909 : 011a;
390A : 0601;
390B : 9c10;
390C : 9b00;
390D : a202;
390E : 0615;
390F : 1a1a;
3910 : 1515;
3911 : 101a;
3912 : 0615;
3913 : 1a1a;
3914 : 0115;
3915 : 101a;
3916 : 009c;
3917 : 719d;
3918 : 8000;
3919 : 029b;
391A : 10a2;
391B : 1610;
391C : 1a18;
391D : 1618;
391E : 9c14;
391F : 9d00;
3920 : 0071;
3921 : 9b80;
3922 : a202;
3923 : 1010;
3924 : 1816;
3925 : 181a;
3926 : 1416;
3927 : 009c;
3928 : f39d;
3929 : 206b;
392A : 029b;
392B : 28a2;
392C : 2e28;
392D : 3230;
392E : 2e30;
392F : 9c2c;
3930 : 9b00;
3931 : a202;
3932 : 1515;
3933 : 01a8;
3934 : 009c;
3935 : 039b;
3936 : 10a2;
3937 : a80e;
3938 : 9c01;
3939 : 12a2;
393A : a801;
393B : 0001;
393C : 039b;
393D : 28a2;
393E : a826;
393F : 9c01;
3940 : 2aa2;
3941 : a801;
3942 : 0001;
3943 : 039b;
3944 : 15a2;
3945 : a815;
3946 : 9c01;
3947 : 15a3;
3948 : 0101;
3949 : 0015;
394A : 629d;
394B : 8000;
394C : 069b;
394D : 58a1;
394E : 4e58;
394F : 404e;
3950 : 4e40;
3951 : 9c4e;
3952 : 709d;
3953 : 8100;
3954 : 40a8;
3955 : 01a3;
3956 : 9d00;
3957 : 0070;
3958 : a481;
3959 : 4e48;
395A : 4440;
395B : 3640;
395C : 809d;
395D : 8100;
395E : 4ea8;
395F : 01a3;
3960 : 9d00;
3961 : 6bf3;
3962 : a421;
3963 : 5458;
3964 : 5052;
3965 : 484a;
3966 : 46a8;
3967 : 01a3;
3968 : 9b00;
3969 : a203;
396A : 0b01;
396B : 061a;
396C : 0601;
396D : 151a;
396E : a99c;
396F : 1501;
3970 : 151a;
3971 : 151a;
3972 : 151a;
3973 : a31a;
3974 : 0015;
3975 : 7340;
3976 : 73da;
3977 : 743e;
3978 : 747e;
3979 : 748e;
397A : 7703;
397B : 77ed;
397C : 77fa;
397D : 78b5;
397E : 757d;
397F : 7586;
3980 : ffff;
3981 : 72ec;
3982 : 7362;
3983 : 74a7;
3984 : 750b;
3985 : 754b;
3986 : 7564;
3987 : 772d;
3988 : 77f6;
3989 : 78a5;
398A : 7582;
398B : ffff;
398C : 7306;
398D : 7384;
398E : 763e;
398F : 7670;
3990 : 7680;
3991 : 7757;
3992 : 78c6;
3993 : 7605;
3994 : ffff;
3995 : 731c;
3996 : 73ba;
3997 : 7699;
3998 : 76b4;
3999 : 76cc;
399A : 76ee;
399B : 779f;
399C : 78ea;
399D : 75bb;
399E : ffff;
399F : 732e;
39A0 : 719d;
39A1 : 8000;
39A2 : 01a2;
39A3 : 016a;
39A4 : 6a01;
39A5 : 0101;
39A6 : 6801;
39A7 : 0101;
39A8 : 0168;
39A9 : 0101;
39AA : 0101;
39AB : 0166;
39AC : 6601;
39AD : 0101;
39AE : 6201;
39AF : a801;
39B0 : 0001;
39B1 : 819d;
39B2 : 8000;
39B3 : 01a2;
39B4 : 0170;
39B5 : 7001;
39B6 : 0101;
39B7 : 6e01;
39B8 : 0101;
39B9 : 016e;
39BA : 0101;
39BB : 0101;
39BC : 016c;
39BD : 6c01;
39BE : 0101;
39BF : 6a01;
39C0 : a801;
39C1 : 0001;
39C2 : f39d;
39C3 : a06b;
39C4 : 44a2;
39C5 : 4a44;
39C6 : a144;
39C7 : 3a3a;
39C8 : 3aa2;
39C9 : 4240;
39CA : 4444;
39CB : 444a;
39CC : 013a;
39CD : 0101;
39CE : 4401;
39CF : 444a;
39D0 : 3aa1;
39D1 : a23a;
39D2 : 403a;
39D3 : a83a;
39D4 : 9d44;
39D5 : 6bf3;
39D6 : a021;
39D7 : 383a;
39D8 : 3436;
39D9 : 3032;
39DA : 2c2e;
39DB : ab01;
39DC : 0001;
39DD : 06a3;
39DE : 0615;
39DF : 0615;
39E0 : a215;
39E1 : 1506;
39E2 : 0115;
39E3 : 06a3;
39E4 : 0615;
39E5 : a215;
39E6 : 150b;
39E7 : a11a;
39E8 : 1a01;
39E9 : 1aa1;
39EA : a21a;
39EB : 1a01;
39EC : 0001;
39ED : 719d;
39EE : 8000;
39EF : 01a2;
39F0 : 0152;
39F1 : 5201;
39F2 : 0101;
39F3 : 5201;
39F4 : 0101;
39F5 : 0152;
39F6 : 0101;
39F7 : 0101;
39F8 : 0152;
39F9 : 5201;
39FA : 0101;
39FB : 4e01;
39FC : 0101;
39FD : 0152;
39FE : 0101;
39FF : 0101;
3A00 : 0152;
3A01 : 5201;
3A02 : 0101;
3A03 : 5201;
3A04 : 0101;
3A05 : 0152;
3A06 : 0101;
3A07 : 0101;
3A08 : 0152;
3A09 : 5201;
3A0A : 0101;
3A0B : 9d01;
3A0C : 0091;
3A0D : ac83;
3A0E : a022;
3A0F : 2022;
3A10 : 1e20;
3A11 : 1ea0;
3A12 : 1cac;
3A13 : 1ca0;
3A14 : 1a1c;
3A15 : 1aac;
3A16 : 18a0;
3A17 : 1618;
3A18 : a016;
3A19 : 1414;
3A1A : 12ac;
3A1B : 12a0;
3A1C : a210;
3A1D : a718;
3A1E : 0001;
3A1F : 719d;
3A20 : 8300;
3A21 : 01a2;
3A22 : 4a52;
3A23 : 4a52;
3A24 : 01a7;
3A25 : 44a2;
3A26 : 4a44;
3A27 : 4a44;
3A28 : 01a7;
3A29 : 01a2;
3A2A : 4a52;
3A2B : 5852;
3A2C : 5601;
3A2D : a54e;
3A2E : a254;
3A2F : a101;
3A30 : 5252;
3A31 : 4aa2;
3A32 : 4a52;
3A33 : 01a7;
3A34 : 44a2;
3A35 : 4a44;
3A36 : 3a44;
3A37 : 01a7;
3A38 : 01a2;
3A39 : 4a52;
3A3A : 5852;
3A3B : 5601;
3A3C : 524e;
3A3D : a801;
3A3E : 0001;
3A3F : 709d;
3A40 : 8100;
3A41 : 14a5;
3A42 : 0e10;
3A43 : 0ca8;
3A44 : 0ca1;
3A45 : 0101;
3A46 : 0001;
3A47 : 719d;
3A48 : 8000;
3A49 : 049b;
3A4A : 01a2;
3A4B : 0174;
3A4C : 7401;
3A4D : 0101;
3A4E : 7401;
3A4F : 0101;
3A50 : 0174;
3A51 : 0101;
3A52 : 9c01;
3A53 : 9d00;
3A54 : 0081;
3A55 : a280;
3A56 : 5c01;
3A57 : 0101;
3A58 : 015c;
3A59 : 0101;
3A5A : 015c;
3A5B : 5c01;
3A5C : 0101;
3A5D : 0101;
3A5E : 5c01;
3A5F : 0101;
3A60 : 015c;
3A61 : 0101;
3A62 : 0158;
3A63 : 5c01;
3A64 : 0101;
3A65 : 0101;
3A66 : 5c01;
3A67 : 0101;
3A68 : 015c;
3A69 : 0101;
3A6A : 015c;
3A6B : 5c01;
3A6C : 0101;
3A6D : 0101;
3A6E : 5c01;
3A6F : 0101;
3A70 : 015c;
3A71 : 0101;
3A72 : 919d;
3A73 : 8000;
3A74 : 22ac;
3A75 : 22a0;
3A76 : 2020;
3A77 : a01e;
3A78 : ac1e;
3A79 : a01c;
3A7A : 1c1c;
3A7B : ac1a;
3A7C : a01a;
3A7D : 1818;
3A7E : 1616;
3A7F : 14a0;
3A80 : ac14;
3A81 : a012;
3A82 : 1012;
3A83 : 18a2;
3A84 : 01a7;
3A85 : 9d00;
3A86 : 0081;
3A87 : a280;
3A88 : 5201;
3A89 : 524a;
3A8A : a74a;
3A8B : a201;
3A8C : 4444;
3A8D : 444a;
3A8E : a74a;
3A8F : a201;
3A90 : 5201;
3A91 : 524a;
3A92 : 0158;
3A93 : 4e56;
3A94 : 54a5;
3A95 : 01a2;
3A96 : 52a1;
3A97 : a252;
3A98 : 524a;
3A99 : a74a;
3A9A : a201;
3A9B : 4444;
3A9C : 444a;
3A9D : a73a;
3A9E : a201;
3A9F : 5201;
3AA0 : 524a;
3AA1 : 0158;
3AA2 : 4e56;
3AA3 : 0152;
3AA4 : 01a8;
3AA5 : 9d00;
3AA6 : 0071;
3AA7 : 9b80;
3AA8 : a107;
3AA9 : 5c44;
3AAA : 4444;
3AAB : 445c;
3AAC : 5c44;
3AAD : 449c;
3AAE : 445c;
3AAF : 5c44;
3AB0 : 0101;
3AB1 : 0001;
3AB2 : 819d;
3AB3 : 8000;
3AB4 : 049b;
3AB5 : 01a2;
3AB6 : 747a;
3AB7 : 7c6a;
3AB8 : 7401;
3AB9 : 7e6a;
3ABA : 6a74;
3ABB : 017c;
3ABC : 0101;
3ABD : 9c01;
3ABE : 9d00;
3ABF : 0072;
3AC0 : 0080;
3AC1 : 819d;
3AC2 : 8000;
3AC3 : 089b;
3AC4 : 12a2;
3AC5 : 1414;
3AC6 : 9c14;
3AC7 : 029b;
3AC8 : 14a1;
3AC9 : a214;
3ACA : 1a14;
3ACB : a11e;
3ACC : 2020;
3ACD : 20a2;
3ACE : 1a1e;
3ACF : 1414;
3AD0 : 011a;
3AD1 : 1414;
3AD2 : 011a;
3AD3 : 14a1;
3AD4 : a214;
3AD5 : 1a14;
3AD6 : a11e;
3AD7 : 2020;
3AD8 : 20a2;
3AD9 : 1a1e;
3ADA : 14a3;
3ADB : 0101;
3ADC : 9c01;
3ADD : 9b00;
3ADE : a203;
3ADF : 0115;
3AE0 : 1501;
3AE1 : 0115;
3AE2 : 0101;
3AE3 : 159c;
3AE4 : 0101;
3AE5 : a115;
3AE6 : 1a1a;
3AE7 : 1501;
3AE8 : 1a15;
3AE9 : 1a1a;
3AEA : 029b;
3AEB : 15a2;
3AEC : 1a06;
3AED : 06a1;
3AEE : a20b;
3AEF : 1515;
3AF0 : 0b1a;
3AF1 : 1515;
3AF2 : a11a;
3AF3 : 0101;
3AF4 : 15a2;
3AF5 : 1a15;
3AF6 : 1501;
3AF7 : 1a06;
3AF8 : 06a1;
3AF9 : a20b;
3AFA : 1515;
3AFB : 0b1a;
3AFC : 0115;
3AFD : a101;
3AFE : 0615;
3AFF : 15a2;
3B00 : 0101;
3B01 : 9c01;
3B02 : 9d00;
3B03 : 6bf3;
3B04 : 9ba0;
3B05 : a208;
3B06 : 2c2a;
3B07 : 2c2c;
3B08 : 9b9c;
3B09 : a102;
3B0A : 2c2c;
3B0B : 2ca2;
3B0C : 3632;
3B0D : 38a1;
3B0E : a238;
3B0F : 3638;
3B10 : 2c32;
3B11 : 322c;
3B12 : 2c01;
3B13 : 322c;
3B14 : a101;
3B15 : 2c2c;
3B16 : 2ca2;
3B17 : 3632;
3B18 : 38a1;
3B19 : a238;
3B1A : 3638;
3B1B : a332;
3B1C : 012c;
3B1D : 0101;
3B1E : 009c;
3B1F : f39d;
3B20 : a06b;
3B21 : 049b;
3B22 : 2ca2;
3B23 : 322c;
3B24 : a12c;
3B25 : 2222;
3B26 : 22a2;
3B27 : 2a28;
3B28 : 2c2c;
3B29 : 2c32;
3B2A : 0122;
3B2B : 0101;
3B2C : 2c01;
3B2D : 2c32;
3B2E : 22a1;
3B2F : a222;
3B30 : 2822;
3B31 : a122;
3B32 : 2c2c;
3B33 : 2ca2;
3B34 : 2c32;
3B35 : 0132;
3B36 : 0101;
3B37 : 009c;
3B38 : d39d;
3B39 : 216b;
3B3A : 2ca5;
3B3B : 3632;
3B3C : 38a8;
3B3D : 38a1;
3B3E : 0101;
3B3F : 0001;
3B40 : f39d;
3B41 : a06b;
3B42 : 049b;
3B43 : 2ca2;
3B44 : 322c;
3B45 : 2c32;
3B46 : 0101;
3B47 : 0101;
3B48 : 322c;
3B49 : 2c32;
3B4A : 0101;
3B4B : 9c01;
3B4C : 9b00;
3B4D : a207;
3B4E : 0615;
3B4F : 061a;
3B50 : 0615;
3B51 : 061a;
3B52 : 159c;
3B53 : 1a06;
3B54 : 06a1;
3B55 : a11a;
3B56 : 1a1a;
3B57 : 1a1a;
3B58 : 1aa2;
3B59 : 0001;
3B5A : 079b;
3B5B : 15a2;
3B5C : 1a06;
3B5D : 1506;
3B5E : 1a06;
3B5F : 9c06;
3B60 : 0615;
3B61 : 0b1a;
3B62 : 1aa1;
3B63 : a21a;
3B64 : 1a06;
3B65 : 0001;
3B66 : 029b;
3B67 : 06a2;
3B68 : 1506;
3B69 : 0606;
3B6A : 1506;
3B6B : 9c06;
3B6C : 049b;
3B6D : 0615;
3B6E : a29c;
3B6F : 1515;
3B70 : a115;
3B71 : 1a15;
3B72 : 1aa1;
3B73 : 1a1a;
3B74 : 1a1a;
3B75 : 0101;
3B76 : 0001;
3B77 : 049b;
3B78 : 15a2;
3B79 : 1a06;
3B7A : 1515;
3B7B : 1a06;
3B7C : 1506;
3B7D : 1a06;
3B7E : 1515;
3B7F : 0101;
3B80 : 9c01;
3B81 : 9d00;
3B82 : 0071;
3B83 : 9b80;
3B84 : a203;
3B85 : 5201;
3B86 : 0101;
3B87 : 0152;
3B88 : 0101;
3B89 : 0152;
3B8A : 5201;
3B8B : 0101;
3B8C : 5ca3;
3B8D : a29c;
3B8E : 5201;
3B8F : 0101;
3B90 : 0152;
3B91 : 5c01;
3B92 : 0152;
3B93 : 5201;
3B94 : 0101;
3B95 : 0101;
3B96 : 9d00;
3B97 : 0081;
3B98 : 9b80;
3B99 : a203;
3B9A : 5c01;
3B9B : 0101;
3B9C : 015c;
3B9D : 0101;
3B9E : 015c;
3B9F : 5c01;
3BA0 : 0101;
3BA1 : 4ea3;
3BA2 : a29c;
3BA3 : 5c01;
3BA4 : 0101;
3BA5 : 015c;
3BA6 : 0101;
3BA7 : 015c;
3BA8 : 5c01;
3BA9 : 0101;
3BAA : 0101;
3BAB : 9b00;
3BAC : a503;
3BAD : 9c01;
3BAE : f39d;
3BAF : 216b;
3BB0 : 01a8;
3BB1 : 3ea0;
3BB2 : 3a3c;
3BB3 : 3638;
3BB4 : 3234;
3BB5 : 0130;
3BB6 : 01ab;
3BB7 : f39d;
3BB8 : a06b;
3BB9 : 2ca1;
3BBA : a22c;
3BBB : 2c2c;
3BBC : 2c32;
3BBD : 2c2c;
3BBE : a122;
3BBF : 2c2c;
3BC0 : 2ca2;
3BC1 : 322c;
3BC2 : 2e2c;
3BC3 : 2e2c;
3BC4 : 2ca1;
3BC5 : a22c;
3BC6 : 2c2c;
3BC7 : 2c32;
3BC8 : 2c2c;
3BC9 : a122;
3BCA : 2c2c;
3BCB : 2ca2;
3BCC : 322c;
3BCD : 0101;
3BCE : 0101;
3BCF : a200;
3BD0 : 0615;
3BD1 : 061a;
3BD2 : 0615;
3BD3 : 0b1a;
3BD4 : 0615;
3BD5 : 151a;
3BD6 : 0115;
3BD7 : 1aa1;
3BD8 : a21a;
3BD9 : 1501;
3BDA : 1a06;
3BDB : 1506;
3BDC : 1a06;
3BDD : 150b;
3BDE : a006;
3BDF : 1a1a;
3BE0 : 01ab;
3BE1 : 1aa0;
3BE2 : ab1a;
3BE3 : a201;
3BE4 : a915;
3BE5 : 1a01;
3BE6 : ab1a;
3BE7 : a901;
3BE8 : 1515;
3BE9 : ab15;
3BEA : 9b01;
3BEB : a103;
3BEC : 0615;
3BED : 01a2;
3BEE : 061a;
3BEF : 0615;
3BF0 : 061a;
3BF1 : a29c;
3BF2 : 0615;
3BF3 : 151a;
3BF4 : 0101;
3BF5 : 0101;
3BF6 : 9d00;
3BF7 : 0020;
3BF8 : aac3;
3BF9 : ac01;
3BFA : 0001;
3BFB : 709d;
3BFC : 8100;
3BFD : 089b;
3BFE : 62a1;
3BFF : 9c5c;
3C00 : 66a1;
3C01 : 5856;
3C02 : 5c5a;
3C03 : 6260;
3C04 : 0160;
3C05 : 666a;
3C06 : 6062;
3C07 : 585c;
3C08 : a256;
3C09 : a058;
3C0A : 5256;
3C0B : 01ab;
3C0C : 4ea0;
3C0D : ab44;
3C0E : a301;
3C0F : a140;
3C10 : 4a01;
3C11 : 3e3a;
3C12 : 4440;
3C13 : 4448;
3C14 : 4852;
3C15 : 4e4a;
3C16 : 5652;
3C17 : 5658;
3C18 : 5c01;
3C19 : 4e4a;
3C1A : 5652;
3C1B : 5658;
3C1C : 5c5c;
3C1D : 4801;
3C1E : 4a01;
3C1F : 4e01;
3C20 : 4e52;
3C21 : 0152;
3C22 : 56a3;
3C23 : 5ca1;
3C24 : 015c;
3C25 : 0148;
3C26 : 014a;
3C27 : 524e;
3C28 : 524e;
3C29 : a301;
3C2A : a956;
3C2B : 6256;
3C2C : ab66;
3C2D : a901;
3C2E : 6264;
3C2F : ab60;
3C30 : a901;
3C31 : 5c5e;
3C32 : ab5a;
3C33 : a901;
3C34 : 5658;
3C35 : ab54;
3C36 : a901;
3C37 : 5052;
3C38 : ab4e;
3C39 : a901;
3C3A : 4a4c;
3C3B : ab48;
3C3C : a101;
3C3D : 4446;
3C3E : 4042;
3C3F : 3ea0;
3C40 : ab3c;
3C41 : a001;
3C42 : 383a;
3C43 : 01ab;
3C44 : 36a0;
3C45 : ab34;
3C46 : a001;
3C47 : 3032;
3C48 : 01ab;
3C49 : 5ca6;
3C4A : 66a1;
3C4B : 64a2;
3C4C : 5c60;
3C4D : 5660;
3C4E : 5c58;
3C4F : 6466;
3C50 : 66a4;
3C51 : 01a2;
3C52 : a600;
3C53 : a160;
3C54 : a26e;
3C55 : 686a;
3C56 : 6864;
3C57 : 5ca3;
3C58 : 6a60;
3C59 : 76a4;
3C5A : a600;
3C5B : a160;
3C5C : a26e;
3C5D : 686a;
3C5E : 6864;
3C5F : 5ca3;
3C60 : 6a5c;
3C61 : 76aa;
3C62 : 0001;
3C63 : 069b;
3C64 : 36a1;
3C65 : 0136;
3C66 : 0101;
3C67 : f39d;
3C68 : 216b;
3C69 : 26a6;
3C6A : 28a3;
3C6B : a12c;
3C6C : 0132;
3C6D : 0130;
3C6E : 302c;
3C6F : 0101;
3C70 : 0101;
3C71 : 3e3c;
3C72 : 3601;
3C73 : 1e01;
3C74 : 009c;
3C75 : 069b;
3C76 : 15a1;
3C77 : 0615;
3C78 : 1a01;
3C79 : a215;
3C7A : 1506;
3C7B : 1a06;
3C7C : 1506;
3C7D : 1a06;
3C7E : a115;
3C7F : 0115;
3C80 : 1a1a;
3C81 : 1a01;
3C82 : 1a01;
3C83 : 009c;
3C84 : 7938;
3C85 : 7960;
3C86 : 7960;
3C87 : 79bc;
3C88 : ffff;
3C89 : 790a;
3C8A : 7943;
3C8B : 798e;
3C8C : 798e;
3C8D : 79cd;
3C8E : ffff;
3C8F : 7916;
3C90 : 794e;
3C91 : 79de;
3C92 : 79de;
3C93 : 7a4d;
3C94 : ffff;
3C95 : 7922;
3C96 : 7959;
3C97 : 7a1b;
3C98 : 7a1b;
3C99 : 7a70;
3C9A : ffff;
3C9B : 792e;
3C9C : 719d;
3C9D : 8000;
3C9E : 36a1;
3C9F : 3636;
3CA0 : 0136;
3CA1 : 9d00;
3CA2 : 0071;
3CA3 : a180;
3CA4 : 4040;
3CA5 : 4040;
3CA6 : 0001;
3CA7 : d39d;
3CA8 : 206b;
3CA9 : 2ca1;
3CAA : 2c2c;
3CAB : 012c;
3CAC : a100;
3CAD : 0b0b;
3CAE : 0b0b;
3CAF : 0001;
3CB0 : 929d;
3CB1 : 8000;
3CB2 : 4ea3;
3CB3 : 01a8;
3CB4 : 4aa9;
3CB5 : 0101;
3CB6 : 524a;
3CB7 : a358;
3CB8 : 5c56;
3CB9 : 819d;
3CBA : 8000;
3CBB : 36a9;
3CBC : 0101;
3CBD : 0136;
3CBE : 3606;
3CBF : 0601;
3CC0 : 0136;
3CC1 : a306;
3CC2 : 4a46;
3CC3 : 9d44;
3CC4 : 00d1;
3CC5 : a380;
3CC6 : 0026;
3CC7 : a19d;
3CC8 : 8000;
3CC9 : 40a3;
3CCA : 01a8;
3CCB : 3aa9;
3CCC : 0101;
3CCD : 403a;
3CCE : a34a;
3CCF : 4e44;
3CD0 : 919d;
3CD1 : 8000;
3CD2 : 40a9;
3CD3 : 0101;
3CD4 : 0106;
3CD5 : 061e;
3CD6 : 1e01;
3CD7 : 0106;
3CD8 : a31e;
3CD9 : 403a;
3CDA : 9d3e;
3CDB : 00d1;
3CDC : a380;
3CDD : 000e;
3CDE : 829d;
3CDF : 8000;
3CE0 : 58a5;
3CE1 : 5860;
3CE2 : d19d;
3CE3 : 8000;
3CE4 : 01a8;
3CE5 : 1aa3;
3CE6 : 9d00;
3CE7 : 0092;
3CE8 : a580;
3CE9 : 584e;
3CEA : 9d4e;
3CEB : 00d1;
3CEC : a880;
3CED : a301;
3CEE : 000c;
3CEF : f39d;
3CF0 : 206b;
3CF1 : 60aa;
3CF2 : d39d;
3CF3 : 216b;
3CF4 : 66a9;
3CF5 : 6668;
3CF6 : 0168;
3CF7 : 6866;
3CF8 : 6866;
3CF9 : 5866;
3CFA : 0101;
3CFB : 6258;
3CFC : 4e52;
3CFD : 0101;
3CFE : 56a3;
3CFF : f39d;
3D00 : 206b;
3D01 : 60a9;
3D02 : 3601;
3D03 : 014e;
3D04 : 4e36;
3D05 : 3601;
3D06 : 014e;
3D07 : 3236;
3D08 : 3201;
3D09 : 0138;
3D0A : 3638;
3D0B : 0101;
3D0C : 26a3;
3D0D : a900;
3D0E : 0115;
3D0F : 1a0b;
3D10 : 1a01;
3D11 : 0106;
3D12 : 060b;
3D13 : 1501;
3D14 : 0115;
3D15 : 1a0b;
3D16 : 1a01;
3D17 : 0106;
3D18 : 060b;
3D19 : 1501;
3D1A : 0115;
3D1B : 1a0b;
3D1C : 1a01;
3D1D : 0106;
3D1E : 060b;
3D1F : 1a01;
3D20 : 011a;
3D21 : 1a15;
3D22 : 1501;
3D23 : 011a;
3D24 : 1506;
3D25 : 0101;
3D26 : 9d00;
3D27 : 6bf3;
3D28 : 9b20;
3D29 : aa03;
3D2A : a930;
3D2B : a932;
3D2C : 0130;
3D2D : a932;
3D2E : 0130;
3D2F : a932;
3D30 : 0130;
3D31 : 9c32;
3D32 : 30aa;
3D33 : 32a9;
3D34 : 30a9;
3D35 : 3201;
3D36 : 01a3;
3D37 : 0024;
3D38 : 15a9;
3D39 : 0b01;
3D3A : 0106;
3D3B : 151a;
3D3C : 0b01;
3D3D : 0106;
3D3E : 1515;
3D3F : 0b01;
3D40 : 0106;
3D41 : 151a;
3D42 : 0b01;
3D43 : 0106;
3D44 : 1501;
3D45 : 0b01;
3D46 : 0106;
3D47 : 151a;
3D48 : 0b01;
3D49 : 0106;
3D4A : 1515;
3D4B : 0b01;
3D4C : 0106;
3D4D : 151a;
3D4E : 0b01;
3D4F : 0115;
3D50 : 0001;
3D51 : 7aac;
3D52 : 0000;
3D53 : 7ac6;
3D54 : 7ae0;
3D55 : 7afa;
3D56 : 819d;
3D57 : c000;
3D58 : 50ad;
3D59 : 5452;
3D5A : 5856;
3D5B : 5c5a;
3D5C : 605e;
3D5D : 709d;
3D5E : c100;
3D5F : 50a1;
3D60 : a301;
3D61 : a43a;
3D62 : 003c;
3D63 : 819d;
3D64 : c000;
3D65 : 56ad;
3D66 : 5a58;
3D67 : 5e5c;
3D68 : 6260;
3D69 : 6664;
3D6A : 809d;
3D6B : 8100;
3D6C : 76a1;
3D6D : a301;
3D6E : a448;
3D6F : 004a;
3D70 : d39d;
3D71 : 206b;
3D72 : 60ad;
3D73 : 6462;
3D74 : 6866;
3D75 : 6c6a;
3D76 : 706e;
3D77 : d39d;
3D78 : 216b;
3D79 : 58a1;
3D7A : a301;
3D7B : a45a;
3D7C : 005c;
3D7D : 099b;
3D7E : 06ad;
3D7F : 019c;
3D80 : 0ba1;
3D81 : a801;
3D82 : 000b;
3D83 : 7aac;
3D84 : 0000;
3D85 : 7ac6;
3D86 : 7ae0;
3D87 : 7afa;
3D88 : 719d;
3D89 : 8000;
3D8A : 50a1;
3D8B : 504a;
3D8C : 709d;
3D8D : 8100;
3D8E : 54a7;
3D8F : 9d00;
3D90 : 0071;
3D91 : a180;
3D92 : 5a62;
3D93 : 9d62;
3D94 : 0080;
3D95 : a781;
3D96 : 0066;
3D97 : f39d;
3D98 : a06b;
3D99 : 5aa1;
3D9A : 5a5a;
3D9B : f39d;
3D9C : 216b;
3D9D : 5ea7;
3D9E : a100;
3D9F : 0b0b;
3DA0 : 9b0b;
3DA1 : a004;
3DA2 : 0606;
3DA3 : 9c06;
3DA4 : 1000;
3DA5 : 777b;
3DA6 : 997b;
3DA7 : a97b;
3DA8 : b27c;
3DA9 : ff7c;
3DAA : 4dff;
3DAB : 1f7b;
3DAC : 867b;
3DAD : 2d7b;
3DAE : ae7c;
3DAF : ff7c;
3DB0 : 5bff;
3DB1 : 2e7b;
3DB2 : 907b;
3DB3 : ee7b;
3DB4 : ff7c;
3DB5 : 67ff;
3DB6 : 3d7b;
3DB7 : 937b;
3DB8 : 617b;
3DB9 : ff7d;
3DBA : 71ff;
3DBB : 9f7b;
3DBC : 9e08;
3DBD : 6c4c;
3DBE : 719d;
3DBF : c000;
3DC0 : 01a2;
3DC1 : 4e4a;
3DC2 : 004a;
3DC3 : 819d;
3DC4 : c000;
3DC5 : 01a2;
3DC6 : 1e1a;
3DC7 : 001a;
3DC8 : 01a4;
3DC9 : a200;
3DCA : 1a01;
3DCB : 1a1a;
3DCC : a200;
3DCD : 015c;
3DCE : 0158;
3DCF : 5052;
3DD0 : 4a4e;
3DD1 : 4a4e;
3DD2 : 4a01;
3DD3 : 0101;
3DD4 : 4a01;
3DD5 : 4e4e;
3DD6 : 4a4e;
3DD7 : 4a52;
3DD8 : 4a01;
3DD9 : 719d;
3DDA : c300;
3DDB : 7a01;
3DDC : 0162;
3DDD : 017a;
3DDE : 719d;
3DDF : c000;
3DE0 : 4a4a;
3DE1 : 5c5c;
3DE2 : 5858;
3DE3 : 5050;
3DE4 : 4a4e;
3DE5 : 4a4e;
3DE6 : 4401;
3DE7 : 0101;
3DE8 : 4001;
3DE9 : 4e4e;
3DEA : 4a4e;
3DEB : 4a52;
3DEC : 4a01;
3DED : 719d;
3DEE : c300;
3DEF : 0101;
3DF0 : 7a62;
3DF1 : 0101;
3DF2 : 719d;
3DF3 : c000;
3DF4 : 464a;
3DF5 : 4a44;
3DF6 : 4a01;
3DF7 : 0101;
3DF8 : 0101;
3DF9 : 4a40;
3DFA : 4a01;
3DFB : 0101;
3DFC : 0101;
3DFD : 4a3c;
3DFE : 4a01;
3DFF : 0101;
3E00 : 4001;
3E01 : 4a3a;
3E02 : 4a01;
3E03 : 0101;
3E04 : 0101;
3E05 : 4a44;
3E06 : 4a01;
3E07 : 719d;
3E08 : c300;
3E09 : 7201;
3E0A : 7270;
3E0B : 719d;
3E0C : c000;
3E0D : 4a40;
3E0E : 4a01;
3E0F : 0101;
3E10 : 0101;
3E11 : 4a3c;
3E12 : 4a01;
3E13 : 0101;
3E14 : 4001;
3E15 : 01a5;
3E16 : a200;
3E17 : 012c;
3E18 : 0128;
3E19 : 2022;
3E1A : 1a1e;
3E1B : 1a1e;
3E1C : 1a01;
3E1D : 0101;
3E1E : 1a01;
3E1F : 1e1e;
3E20 : 1a1e;
3E21 : 1a22;
3E22 : 1a01;
3E23 : 7a01;
3E24 : 0162;
3E25 : 017a;
3E26 : 1a1a;
3E27 : 2c2c;
3E28 : 2828;
3E29 : 2020;
3E2A : 1a1e;
3E2B : 1a1e;
3E2C : 1401;
3E2D : 0101;
3E2E : 1001;
3E2F : 1e1e;
3E30 : 1a1e;
3E31 : 1a22;
3E32 : 1a01;
3E33 : 0101;
3E34 : 7a62;
3E35 : 0101;
3E36 : 161a;
3E37 : 1a14;
3E38 : 1a01;
3E39 : 0101;
3E3A : 0101;
3E3B : 1a10;
3E3C : 1a01;
3E3D : 0101;
3E3E : 0101;
3E3F : 1a0c;
3E40 : 1a01;
3E41 : 0101;
3E42 : 1001;
3E43 : 1a0a;
3E44 : 1a01;
3E45 : 0101;
3E46 : 0101;
3E47 : 1a14;
3E48 : 1a01;
3E49 : 7201;
3E4A : 7270;
3E4B : 1a10;
3E4C : 1a01;
3E4D : 0101;
3E4E : 0101;
3E4F : 1a0c;
3E50 : 1a01;
3E51 : 0101;
3E52 : 1001;
3E53 : 01a5;
3E54 : 9d00;
3E55 : 0071;
3E56 : 00c3;
3E57 : 919d;
3E58 : c000;
3E59 : 029b;
3E5A : 01a5;
3E5B : 7aa2;
3E5C : 0162;
3E5D : 017a;
3E5E : 0101;
3E5F : a501;
3E60 : a201;
3E61 : 7a01;
3E62 : 0162;
3E63 : 017a;
3E64 : 0101;
3E65 : 9b9c;
3E66 : a403;
3E67 : a201;
3E68 : 7401;
3E69 : 0170;
3E6A : a49c;
3E6B : a201;
3E6C : 0101;
3E6D : 017a;
3E6E : 039b;
3E6F : 01a4;
3E70 : 01a2;
3E71 : 7074;
3E72 : 9c01;
3E73 : 72a2;
3E74 : 7272;
3E75 : a472;
3E76 : 0001;
3E77 : f39d;
3E78 : 206b;
3E79 : 029b;
3E7A : 32a3;
3E7B : 01a2;
3E7C : 3a38;
3E7D : 4440;
3E7E : a301;
3E7F : a224;
3E80 : 2a01;
3E81 : 322c;
3E82 : 0136;
3E83 : 28a3;
3E84 : 01a2;
3E85 : 302e;
3E86 : 3a36;
3E87 : a301;
3E88 : a232;
3E89 : 3801;
3E8A : 403a;
3E8B : 0144;
3E8C : a39c;
3E8D : a224;
3E8E : 2a01;
3E8F : 012c;
3E90 : 0132;
3E91 : 22a3;
3E92 : 01a2;
3E93 : 2826;
3E94 : 3201;
3E95 : a301;
3E96 : a21e;
3E97 : 2401;
3E98 : 012c;
3E99 : 0132;
3E9A : 1aa3;
3E9B : 01a2;
3E9C : 2220;
3E9D : 3201;
3E9E : a301;
3E9F : a224;
3EA0 : 2a01;
3EA1 : 012c;
3EA2 : 0132;
3EA3 : 22a3;
3EA4 : 01a2;
3EA5 : 2826;
3EA6 : 3201;
3EA7 : a301;
3EA8 : a21e;
3EA9 : 2401;
3EAA : 012c;
3EAB : 0132;
3EAC : 2828;
3EAD : 2828;
3EAE : 0101;
3EAF : 0101;
3EB0 : 9b00;
3EB1 : a204;
3EB2 : 0615;
3EB3 : 1a1a;
3EB4 : 0606;
3EB5 : 0615;
3EB6 : 0615;
3EB7 : 1a1a;
3EB8 : 1a06;
3EB9 : 061a;
3EBA : 9b9c;
3EBB : 1503;
3EBC : 0606;
3EBD : 1515;
3EBE : 1a06;
3EBF : 9c06;
3EC0 : 0615;
3EC1 : 1506;
3EC2 : 1a15;
3EC3 : 011a;
3EC4 : 039b;
3EC5 : 0615;
3EC6 : 1506;
3EC7 : 0615;
3EC8 : 061a;
3EC9 : 1a9c;
3ECA : 1515;
3ECB : 0115;
3ECC : 1a1a;
3ECD : 0001;
3ECE : 7da6;
3ECF : 0000;
3ED0 : 7dba;
3ED1 : 7dce;
3ED2 : 7ddf;
3ED3 : b29d;
3ED4 : c000;
3ED5 : 06a0;
3ED6 : 3e01;
3ED7 : 01a6;
3ED8 : 01ac;
3ED9 : ac2a;
3EDA : 2601;
3EDB : 01ac;
3EDC : 002e;
3EDD : c29d;
3EDE : c000;
3EDF : 0aa0;
3EE0 : 4401;
3EE1 : 01a6;
3EE2 : 01ac;
3EE3 : ac2c;
3EE4 : 2801;
3EE5 : 01ac;
3EE6 : 0030;
3EE7 : f39d;
3EE8 : 206b;
3EE9 : 28a0;
3EEA : 6001;
3EEB : 01a6;
3EEC : 039b;
3EED : 01ac;
3EEE : 9c1e;
3EEF : a000;
3EF0 : 0115;
3EF1 : a610;
3EF2 : 9b01;
3EF3 : ac03;
3EF4 : 1001;
3EF5 : 009c;
3EF6 : 7e6c;
3EF7 : 7ebc;
3EF8 : 7ee2;
3EF9 : 7eea;
3EFA : 7eac;
3EFB : 7eea;
3EFC : 7ebc;
3EFD : 7ee2;
3EFE : 7eea;
3EFF : 7eac;
3F00 : 7eea;
3F01 : 7ebc;
3F02 : 7eea;
3F03 : 7eea;
3F04 : ffff;
3F05 : 7e02;
3F06 : 7e7b;
3F07 : 7f10;
3F08 : 7f32;
3F09 : 7f3a;
3F0A : 7f49;
3F0B : 7f51;
3F0C : 7f10;
3F0D : 7f32;
3F0E : 7f3a;
3F0F : 7f49;
3F10 : 7f51;
3F11 : 7f10;
3F12 : 7f3a;
3F13 : 7f51;
3F14 : ffff;
3F15 : 7e22;
3F16 : 7e9c;
3F17 : 7f5e;
3F18 : 7f6e;
3F19 : 7f72;
3F1A : 7eb4;
3F1B : 7f72;
3F1C : 7f5e;
3F1D : 7f6e;
3F1E : 7f72;
3F1F : 7eb4;
3F20 : 7f9f;
3F21 : 7f5e;
3F22 : 7f72;
3F23 : 7f9f;
3F24 : ffff;
3F25 : 7e42;
3F26 : 7ea4;
3F27 : 7f81;
3F28 : 7f8e;
3F29 : 7f92;
3F2A : 7eb8;
3F2B : 7f92;
3F2C : 7f81;
3F2D : 7f8e;
3F2E : 7f92;
3F2F : 7eb8;
3F30 : 7fb8;
3F31 : 7f81;
3F32 : 7f92;
3F33 : 7fb8;
3F34 : ffff;
3F35 : 7e62;
3F36 : 209d;
3F37 : 8300;
3F38 : 059b;
3F39 : 70a2;
3F3A : 666e;
3F3B : 9c62;
3F3C : 01a8;
3F3D : 9d00;
3F3E : 0025;
3F3F : a280;
3F40 : 6e70;
3F41 : 6266;
3F42 : 459d;
3F43 : 8000;
3F44 : 70a2;
3F45 : 666e;
3F46 : 9d62;
3F47 : 0086;
3F48 : 9b80;
3F49 : a203;
3F4A : 6e70;
3F4B : 6266;
3F4C : a89c;
3F4D : 0001;
3F4E : 059b;
3F4F : 01a4;
3F50 : a89c;
3F51 : 0001;
3F52 : 059b;
3F53 : 01a4;
3F54 : a89c;
3F55 : 0001;
3F56 : 2b9d;
3F57 : 8000;
3F58 : 01a9;
3F59 : 0072;
3F5A : 01a9;
3F5B : 0001;
3F5C : 01a9;
3F5D : 0006;
3F5E : 659d;
3F5F : 8000;
3F60 : 66a2;
3F61 : 584e;
3F62 : 5c4e;
3F63 : 564e;
3F64 : 6658;
3F65 : 584e;
3F66 : 5c4e;
3F67 : 604e;
3F68 : 5858;
3F69 : 5c4e;
3F6A : 664e;
3F6B : 584e;
3F6C : 584e;
3F6D : 4a46;
3F6E : 4a4e;
3F6F : 4a40;
3F70 : 0038;
3F71 : 2b9d;
3F72 : 8000;
3F73 : 64a9;
3F74 : 0068;
3F75 : 759d;
3F76 : 8000;
3F77 : 58a2;
3F78 : 484e;
3F79 : 3640;
3F7A : 4840;
3F7B : 564e;
3F7C : 444e;
3F7D : 363e;
3F7E : 443e;
3F7F : 584e;
3F80 : 4a52;
3F81 : 3a40;
3F82 : 4a40;
3F83 : 5852;
3F84 : 4a50;
3F85 : 5040;
3F86 : 4a40;
3F87 : 0050;
3F88 : 809d;
3F89 : 8100;
3F8A : 60a2;
3F8B : 6662;
3F8C : a46a;
3F8D : a266;
3F8E : 5c58;
3F8F : 6260;
3F90 : 60a4;
3F91 : 52a2;
3F92 : a358;
3F93 : a258;
3F94 : 584e;
3F95 : 58a3;
3F96 : 4aa4;
3F97 : 48a3;
3F98 : 004e;
3F99 : 3b9d;
3F9A : 8000;
3F9B : 66a9;
3F9C : 006a;
3F9D : 809d;
3F9E : 8100;
3F9F : 60a5;
3FA0 : 5ca4;
3FA1 : 58a3;
3FA2 : a556;
3FA3 : 4a58;
3FA4 : 9d00;
3FA5 : 002b;
3FA6 : a980;
3FA7 : 7401;
3FA8 : 9d00;
3FA9 : 0080;
3FAA : a581;
3FAB : a460;
3FAC : 665c;
3FAD : 70a5;
3FAE : 0074;
3FAF : f39d;
3FB0 : 216b;
3FB1 : 58a4;
3FB2 : 5256;
3FB3 : 4a4e;
3FB4 : 4648;
3FB5 : 44a3;
3FB6 : 0042;
3FB7 : 01a9;
3FB8 : 0001;
3FB9 : f39d;
3FBA : 216b;
3FBB : 039b;
3FBC : 28a4;
3FBD : 9c40;
3FBE : a328;
3FBF : 2840;
3FC0 : 9b00;
3FC1 : a303;
3FC2 : 0615;
3FC3 : 061a;
3FC4 : 159c;
3FC5 : 1501;
3FC6 : 0015;
3FC7 : 06a9;
3FC8 : 0006;
3FC9 : 039b;
3FCA : 15a3;
3FCB : 1a06;
3FCC : 9c06;
3FCD : 0115;
3FCE : 1515;
3FCF : a400;
3FD0 : 4028;
3FD1 : 4028;
3FD2 : 4a48;
3FD3 : 38aa;
3FD4 : 3236;
3FD5 : 01ab;
3FD6 : 2eaa;
3FD7 : f39d;
3FD8 : 206b;
3FD9 : 2caa;
3FDA : ab28;
3FDB : 0001;
3FDC : 039b;
3FDD : 15a2;
3FDE : 0601;
3FDF : 1a06;
3FE0 : 0b06;
3FE1 : 9c01;
3FE2 : 15aa;
3FE3 : 0b06;
3FE4 : 01ab;
3FE5 : 15aa;
3FE6 : 1a15;
3FE7 : 01ab;
3FE8 : 0f00;
3FE9 : 0f0f;
3FEA : 0f0f;
3FEB : 0f0f;
3FEC : 0f0f;
3FED : 0f0f;
3FEE : 0f0f;
3FEF : 0f0f;
3FF0 : 0f0f;
3FF1 : 0f0f;
3FF2 : 0f0f;
3FF3 : 0f0f;
3FF4 : 0f0f;
3FF5 : 0f0f;
3FF6 : 0f0f;
3FF7 : 0f0f;
3FF8 : c0c3;
3FF9 : c365;
3FFA : 6507;
3FFB : a4c3;
3FFC : 0f66;
3FFD : 0f0f;
3FFE : 0f0f;
3FFF : 0f0f;
END; 
