WIDTH=2;
DEPTH=23040;

ADDRESS_RADIX=UNS;
DATA_RADIX=BIN;

CONTENT BEGIN
0 : 11;
1 : 11;
2 : 11;
3 : 11;
4 : 11;
5 : 11;
6 : 11;
7 : 11;
8 : 11;
9 : 11;
10 : 11;
11 : 11;
12 : 11;
13 : 11;
14 : 11;
15 : 11;
16 : 11;
17 : 11;
18 : 11;
19 : 11;
20 : 11;
21 : 11;
22 : 11;
23 : 11;
24 : 11;
25 : 11;
26 : 11;
27 : 11;
28 : 11;
29 : 11;
30 : 11;
31 : 11;
32 : 11;
33 : 11;
34 : 11;
35 : 11;
36 : 11;
37 : 11;
38 : 11;
39 : 11;
40 : 11;
41 : 11;
42 : 11;
43 : 11;
44 : 11;
45 : 11;
46 : 11;
47 : 11;
48 : 11;
49 : 11;
50 : 11;
51 : 11;
52 : 11;
53 : 11;
54 : 11;
55 : 11;
56 : 11;
57 : 11;
58 : 11;
59 : 11;
60 : 11;
61 : 11;
62 : 11;
63 : 11;
64 : 11;
65 : 11;
66 : 11;
67 : 11;
68 : 11;
69 : 11;
70 : 11;
71 : 11;
72 : 11;
73 : 11;
74 : 11;
75 : 11;
76 : 11;
77 : 11;
78 : 11;
79 : 11;
80 : 11;
81 : 11;
82 : 11;
83 : 11;
84 : 11;
85 : 11;
86 : 11;
87 : 11;
88 : 11;
89 : 11;
90 : 11;
91 : 11;
92 : 11;
93 : 11;
94 : 11;
95 : 11;
96 : 11;
97 : 11;
98 : 11;
99 : 11;
100 : 11;
101 : 11;
102 : 11;
103 : 11;
104 : 11;
105 : 11;
106 : 11;
107 : 11;
108 : 11;
109 : 11;
110 : 11;
111 : 11;
112 : 11;
113 : 11;
114 : 11;
115 : 11;
116 : 11;
117 : 11;
118 : 11;
119 : 11;
120 : 11;
121 : 11;
122 : 11;
123 : 11;
124 : 11;
125 : 11;
126 : 11;
127 : 11;
128 : 11;
129 : 11;
130 : 11;
131 : 11;
132 : 11;
133 : 11;
134 : 11;
135 : 11;
136 : 11;
137 : 11;
138 : 11;
139 : 11;
140 : 11;
141 : 11;
142 : 11;
143 : 11;
144 : 11;
145 : 11;
146 : 11;
147 : 11;
148 : 11;
149 : 11;
150 : 11;
151 : 11;
152 : 11;
153 : 11;
154 : 11;
155 : 11;
156 : 11;
157 : 11;
158 : 11;
159 : 11;
160 : 11;
161 : 11;
162 : 11;
163 : 11;
164 : 11;
165 : 11;
166 : 11;
167 : 11;
168 : 11;
169 : 11;
170 : 11;
171 : 11;
172 : 11;
173 : 11;
174 : 11;
175 : 11;
176 : 11;
177 : 11;
178 : 11;
179 : 11;
180 : 11;
181 : 11;
182 : 11;
183 : 11;
184 : 11;
185 : 11;
186 : 11;
187 : 11;
188 : 11;
189 : 11;
190 : 11;
191 : 11;
192 : 11;
193 : 11;
194 : 11;
195 : 11;
196 : 11;
197 : 11;
198 : 11;
199 : 11;
200 : 11;
201 : 11;
202 : 11;
203 : 11;
204 : 11;
205 : 11;
206 : 11;
207 : 11;
208 : 11;
209 : 11;
210 : 11;
211 : 11;
212 : 11;
213 : 11;
214 : 11;
215 : 11;
216 : 11;
217 : 11;
218 : 11;
219 : 11;
220 : 11;
221 : 11;
222 : 11;
223 : 11;
224 : 11;
225 : 11;
226 : 11;
227 : 11;
228 : 11;
229 : 11;
230 : 11;
231 : 11;
232 : 11;
233 : 11;
234 : 11;
235 : 11;
236 : 11;
237 : 11;
238 : 11;
239 : 11;
240 : 11;
241 : 11;
242 : 11;
243 : 11;
244 : 11;
245 : 11;
246 : 11;
247 : 11;
248 : 11;
249 : 11;
250 : 11;
251 : 11;
252 : 11;
253 : 11;
254 : 11;
255 : 11;
256 : 11;
257 : 11;
258 : 11;
259 : 11;
260 : 11;
261 : 11;
262 : 11;
263 : 11;
264 : 11;
265 : 11;
266 : 11;
267 : 11;
268 : 11;
269 : 11;
270 : 11;
271 : 11;
272 : 11;
273 : 11;
274 : 11;
275 : 11;
276 : 11;
277 : 11;
278 : 11;
279 : 11;
280 : 11;
281 : 11;
282 : 11;
283 : 11;
284 : 11;
285 : 11;
286 : 11;
287 : 11;
288 : 11;
289 : 11;
290 : 11;
291 : 11;
292 : 11;
293 : 11;
294 : 11;
295 : 11;
296 : 11;
297 : 11;
298 : 11;
299 : 11;
300 : 11;
301 : 11;
302 : 11;
303 : 11;
304 : 11;
305 : 11;
306 : 11;
307 : 11;
308 : 11;
309 : 11;
310 : 11;
311 : 11;
312 : 11;
313 : 11;
314 : 11;
315 : 11;
316 : 11;
317 : 11;
318 : 11;
319 : 11;
320 : 11;
321 : 11;
322 : 11;
323 : 11;
324 : 11;
325 : 11;
326 : 11;
327 : 11;
328 : 11;
329 : 11;
330 : 11;
331 : 11;
332 : 11;
333 : 11;
334 : 11;
335 : 11;
336 : 11;
337 : 11;
338 : 11;
339 : 11;
340 : 11;
341 : 11;
342 : 11;
343 : 11;
344 : 11;
345 : 11;
346 : 11;
347 : 11;
348 : 11;
349 : 11;
350 : 11;
351 : 11;
352 : 11;
353 : 11;
354 : 11;
355 : 11;
356 : 11;
357 : 11;
358 : 11;
359 : 11;
360 : 11;
361 : 11;
362 : 11;
363 : 11;
364 : 11;
365 : 11;
366 : 11;
367 : 11;
368 : 11;
369 : 11;
370 : 11;
371 : 11;
372 : 11;
373 : 11;
374 : 11;
375 : 11;
376 : 11;
377 : 11;
378 : 11;
379 : 11;
380 : 11;
381 : 11;
382 : 11;
383 : 11;
384 : 11;
385 : 11;
386 : 11;
387 : 11;
388 : 11;
389 : 11;
390 : 11;
391 : 11;
392 : 11;
393 : 11;
394 : 11;
395 : 11;
396 : 11;
397 : 11;
398 : 11;
399 : 11;
400 : 11;
401 : 11;
402 : 11;
403 : 11;
404 : 11;
405 : 11;
406 : 11;
407 : 11;
408 : 11;
409 : 11;
410 : 11;
411 : 11;
412 : 11;
413 : 11;
414 : 11;
415 : 11;
416 : 11;
417 : 11;
418 : 11;
419 : 11;
420 : 11;
421 : 11;
422 : 11;
423 : 11;
424 : 11;
425 : 11;
426 : 11;
427 : 11;
428 : 11;
429 : 11;
430 : 11;
431 : 11;
432 : 11;
433 : 11;
434 : 11;
435 : 11;
436 : 11;
437 : 11;
438 : 11;
439 : 11;
440 : 11;
441 : 11;
442 : 11;
443 : 11;
444 : 11;
445 : 11;
446 : 11;
447 : 11;
448 : 11;
449 : 11;
450 : 11;
451 : 11;
452 : 11;
453 : 11;
454 : 11;
455 : 11;
456 : 11;
457 : 11;
458 : 11;
459 : 11;
460 : 11;
461 : 11;
462 : 11;
463 : 11;
464 : 11;
465 : 11;
466 : 11;
467 : 11;
468 : 11;
469 : 11;
470 : 11;
471 : 11;
472 : 11;
473 : 11;
474 : 11;
475 : 11;
476 : 11;
477 : 11;
478 : 11;
479 : 11;
480 : 11;
481 : 11;
482 : 11;
483 : 11;
484 : 11;
485 : 11;
486 : 11;
487 : 11;
488 : 11;
489 : 11;
490 : 11;
491 : 11;
492 : 11;
493 : 11;
494 : 11;
495 : 11;
496 : 11;
497 : 11;
498 : 11;
499 : 11;
500 : 11;
501 : 11;
502 : 11;
503 : 11;
504 : 11;
505 : 11;
506 : 11;
507 : 11;
508 : 11;
509 : 11;
510 : 11;
511 : 11;
512 : 11;
513 : 11;
514 : 11;
515 : 11;
516 : 11;
517 : 11;
518 : 11;
519 : 11;
520 : 11;
521 : 11;
522 : 11;
523 : 11;
524 : 11;
525 : 11;
526 : 11;
527 : 11;
528 : 11;
529 : 11;
530 : 11;
531 : 11;
532 : 11;
533 : 11;
534 : 11;
535 : 11;
536 : 11;
537 : 11;
538 : 11;
539 : 11;
540 : 11;
541 : 11;
542 : 11;
543 : 11;
544 : 11;
545 : 11;
546 : 11;
547 : 11;
548 : 11;
549 : 11;
550 : 11;
551 : 11;
552 : 11;
553 : 11;
554 : 11;
555 : 11;
556 : 11;
557 : 11;
558 : 11;
559 : 11;
560 : 11;
561 : 11;
562 : 11;
563 : 11;
564 : 11;
565 : 11;
566 : 11;
567 : 11;
568 : 11;
569 : 11;
570 : 11;
571 : 11;
572 : 11;
573 : 11;
574 : 11;
575 : 11;
576 : 11;
577 : 11;
578 : 11;
579 : 11;
580 : 11;
581 : 11;
582 : 11;
583 : 11;
584 : 11;
585 : 11;
586 : 11;
587 : 11;
588 : 11;
589 : 11;
590 : 11;
591 : 11;
592 : 11;
593 : 11;
594 : 11;
595 : 11;
596 : 11;
597 : 11;
598 : 11;
599 : 11;
600 : 11;
601 : 11;
602 : 11;
603 : 11;
604 : 11;
605 : 11;
606 : 11;
607 : 11;
608 : 11;
609 : 11;
610 : 11;
611 : 11;
612 : 11;
613 : 11;
614 : 11;
615 : 11;
616 : 11;
617 : 11;
618 : 11;
619 : 11;
620 : 11;
621 : 11;
622 : 11;
623 : 11;
624 : 11;
625 : 11;
626 : 11;
627 : 11;
628 : 11;
629 : 11;
630 : 11;
631 : 11;
632 : 11;
633 : 11;
634 : 11;
635 : 11;
636 : 11;
637 : 11;
638 : 11;
639 : 11;
640 : 11;
641 : 11;
642 : 11;
643 : 11;
644 : 11;
645 : 11;
646 : 11;
647 : 11;
648 : 11;
649 : 11;
650 : 11;
651 : 11;
652 : 11;
653 : 11;
654 : 11;
655 : 11;
656 : 11;
657 : 11;
658 : 11;
659 : 11;
660 : 11;
661 : 11;
662 : 11;
663 : 11;
664 : 11;
665 : 11;
666 : 11;
667 : 11;
668 : 11;
669 : 11;
670 : 11;
671 : 11;
672 : 11;
673 : 11;
674 : 11;
675 : 11;
676 : 11;
677 : 11;
678 : 11;
679 : 11;
680 : 11;
681 : 11;
682 : 11;
683 : 11;
684 : 11;
685 : 11;
686 : 11;
687 : 11;
688 : 11;
689 : 11;
690 : 11;
691 : 11;
692 : 11;
693 : 11;
694 : 11;
695 : 11;
696 : 11;
697 : 11;
698 : 11;
699 : 11;
700 : 11;
701 : 11;
702 : 11;
703 : 11;
704 : 11;
705 : 11;
706 : 11;
707 : 11;
708 : 11;
709 : 11;
710 : 11;
711 : 11;
712 : 11;
713 : 11;
714 : 11;
715 : 11;
716 : 11;
717 : 11;
718 : 11;
719 : 11;
720 : 11;
721 : 11;
722 : 11;
723 : 11;
724 : 11;
725 : 11;
726 : 11;
727 : 11;
728 : 11;
729 : 11;
730 : 11;
731 : 11;
732 : 11;
733 : 11;
734 : 11;
735 : 11;
736 : 11;
737 : 11;
738 : 11;
739 : 11;
740 : 11;
741 : 11;
742 : 11;
743 : 11;
744 : 11;
745 : 11;
746 : 11;
747 : 11;
748 : 11;
749 : 11;
750 : 11;
751 : 11;
752 : 11;
753 : 11;
754 : 11;
755 : 11;
756 : 11;
757 : 11;
758 : 11;
759 : 11;
760 : 11;
761 : 11;
762 : 11;
763 : 11;
764 : 11;
765 : 11;
766 : 11;
767 : 11;
768 : 11;
769 : 11;
770 : 11;
771 : 11;
772 : 11;
773 : 11;
774 : 11;
775 : 11;
776 : 11;
777 : 11;
778 : 11;
779 : 11;
780 : 11;
781 : 11;
782 : 11;
783 : 11;
784 : 11;
785 : 11;
786 : 11;
787 : 11;
788 : 11;
789 : 11;
790 : 11;
791 : 11;
792 : 11;
793 : 11;
794 : 11;
795 : 11;
796 : 11;
797 : 11;
798 : 11;
799 : 11;
800 : 11;
801 : 11;
802 : 11;
803 : 11;
804 : 11;
805 : 11;
806 : 11;
807 : 11;
808 : 11;
809 : 11;
810 : 11;
811 : 11;
812 : 11;
813 : 11;
814 : 11;
815 : 11;
816 : 11;
817 : 11;
818 : 11;
819 : 11;
820 : 11;
821 : 11;
822 : 11;
823 : 11;
824 : 11;
825 : 11;
826 : 11;
827 : 11;
828 : 11;
829 : 11;
830 : 11;
831 : 11;
832 : 11;
833 : 11;
834 : 11;
835 : 11;
836 : 11;
837 : 11;
838 : 11;
839 : 11;
840 : 11;
841 : 11;
842 : 11;
843 : 11;
844 : 11;
845 : 11;
846 : 11;
847 : 11;
848 : 11;
849 : 11;
850 : 11;
851 : 11;
852 : 11;
853 : 11;
854 : 11;
855 : 11;
856 : 11;
857 : 11;
858 : 11;
859 : 11;
860 : 11;
861 : 11;
862 : 11;
863 : 11;
864 : 11;
865 : 11;
866 : 11;
867 : 11;
868 : 11;
869 : 11;
870 : 11;
871 : 11;
872 : 11;
873 : 11;
874 : 11;
875 : 11;
876 : 11;
877 : 11;
878 : 11;
879 : 11;
880 : 11;
881 : 11;
882 : 11;
883 : 11;
884 : 11;
885 : 11;
886 : 11;
887 : 11;
888 : 11;
889 : 11;
890 : 11;
891 : 11;
892 : 11;
893 : 11;
894 : 11;
895 : 11;
896 : 11;
897 : 11;
898 : 11;
899 : 11;
900 : 11;
901 : 11;
902 : 11;
903 : 11;
904 : 11;
905 : 11;
906 : 11;
907 : 11;
908 : 11;
909 : 11;
910 : 11;
911 : 11;
912 : 11;
913 : 11;
914 : 11;
915 : 11;
916 : 11;
917 : 11;
918 : 11;
919 : 11;
920 : 11;
921 : 11;
922 : 11;
923 : 11;
924 : 11;
925 : 11;
926 : 11;
927 : 11;
928 : 11;
929 : 11;
930 : 11;
931 : 11;
932 : 11;
933 : 11;
934 : 11;
935 : 11;
936 : 11;
937 : 11;
938 : 11;
939 : 11;
940 : 11;
941 : 11;
942 : 11;
943 : 11;
944 : 11;
945 : 11;
946 : 11;
947 : 11;
948 : 11;
949 : 11;
950 : 11;
951 : 11;
952 : 11;
953 : 11;
954 : 11;
955 : 11;
956 : 11;
957 : 11;
958 : 11;
959 : 11;
960 : 11;
961 : 11;
962 : 11;
963 : 11;
964 : 11;
965 : 11;
966 : 11;
967 : 11;
968 : 11;
969 : 11;
970 : 11;
971 : 11;
972 : 11;
973 : 11;
974 : 11;
975 : 11;
976 : 11;
977 : 11;
978 : 11;
979 : 11;
980 : 11;
981 : 11;
982 : 11;
983 : 11;
984 : 11;
985 : 11;
986 : 11;
987 : 11;
988 : 11;
989 : 11;
990 : 11;
991 : 11;
992 : 11;
993 : 11;
994 : 11;
995 : 11;
996 : 11;
997 : 11;
998 : 11;
999 : 11;
1000 : 11;
1001 : 11;
1002 : 11;
1003 : 11;
1004 : 11;
1005 : 11;
1006 : 11;
1007 : 11;
1008 : 11;
1009 : 11;
1010 : 11;
1011 : 11;
1012 : 11;
1013 : 11;
1014 : 11;
1015 : 11;
1016 : 11;
1017 : 11;
1018 : 11;
1019 : 11;
1020 : 11;
1021 : 11;
1022 : 11;
1023 : 11;
1024 : 11;
1025 : 11;
1026 : 11;
1027 : 11;
1028 : 11;
1029 : 11;
1030 : 11;
1031 : 11;
1032 : 11;
1033 : 11;
1034 : 11;
1035 : 11;
1036 : 11;
1037 : 11;
1038 : 11;
1039 : 11;
1040 : 11;
1041 : 11;
1042 : 11;
1043 : 11;
1044 : 11;
1045 : 11;
1046 : 11;
1047 : 11;
1048 : 11;
1049 : 11;
1050 : 11;
1051 : 11;
1052 : 11;
1053 : 11;
1054 : 11;
1055 : 11;
1056 : 11;
1057 : 11;
1058 : 11;
1059 : 11;
1060 : 11;
1061 : 11;
1062 : 11;
1063 : 11;
1064 : 11;
1065 : 11;
1066 : 11;
1067 : 11;
1068 : 11;
1069 : 11;
1070 : 11;
1071 : 11;
1072 : 11;
1073 : 11;
1074 : 11;
1075 : 11;
1076 : 11;
1077 : 11;
1078 : 11;
1079 : 11;
1080 : 11;
1081 : 11;
1082 : 11;
1083 : 11;
1084 : 11;
1085 : 11;
1086 : 11;
1087 : 11;
1088 : 11;
1089 : 11;
1090 : 11;
1091 : 11;
1092 : 11;
1093 : 11;
1094 : 11;
1095 : 11;
1096 : 11;
1097 : 11;
1098 : 11;
1099 : 11;
1100 : 11;
1101 : 11;
1102 : 11;
1103 : 11;
1104 : 11;
1105 : 11;
1106 : 11;
1107 : 11;
1108 : 11;
1109 : 11;
1110 : 11;
1111 : 11;
1112 : 11;
1113 : 11;
1114 : 11;
1115 : 11;
1116 : 11;
1117 : 11;
1118 : 11;
1119 : 11;
1120 : 11;
1121 : 11;
1122 : 11;
1123 : 11;
1124 : 11;
1125 : 11;
1126 : 11;
1127 : 11;
1128 : 11;
1129 : 11;
1130 : 11;
1131 : 11;
1132 : 11;
1133 : 11;
1134 : 11;
1135 : 11;
1136 : 11;
1137 : 11;
1138 : 11;
1139 : 11;
1140 : 11;
1141 : 11;
1142 : 11;
1143 : 11;
1144 : 11;
1145 : 11;
1146 : 11;
1147 : 11;
1148 : 11;
1149 : 11;
1150 : 11;
1151 : 11;
1152 : 11;
1153 : 11;
1154 : 11;
1155 : 11;
1156 : 11;
1157 : 11;
1158 : 11;
1159 : 11;
1160 : 11;
1161 : 11;
1162 : 11;
1163 : 11;
1164 : 11;
1165 : 11;
1166 : 11;
1167 : 11;
1168 : 11;
1169 : 11;
1170 : 11;
1171 : 11;
1172 : 11;
1173 : 11;
1174 : 11;
1175 : 11;
1176 : 11;
1177 : 11;
1178 : 11;
1179 : 11;
1180 : 11;
1181 : 11;
1182 : 11;
1183 : 11;
1184 : 11;
1185 : 11;
1186 : 11;
1187 : 11;
1188 : 11;
1189 : 11;
1190 : 11;
1191 : 11;
1192 : 11;
1193 : 11;
1194 : 11;
1195 : 11;
1196 : 11;
1197 : 11;
1198 : 11;
1199 : 11;
1200 : 11;
1201 : 11;
1202 : 11;
1203 : 11;
1204 : 11;
1205 : 11;
1206 : 11;
1207 : 11;
1208 : 11;
1209 : 11;
1210 : 11;
1211 : 11;
1212 : 11;
1213 : 11;
1214 : 11;
1215 : 11;
1216 : 11;
1217 : 11;
1218 : 11;
1219 : 11;
1220 : 11;
1221 : 11;
1222 : 11;
1223 : 11;
1224 : 11;
1225 : 11;
1226 : 11;
1227 : 11;
1228 : 11;
1229 : 11;
1230 : 11;
1231 : 11;
1232 : 11;
1233 : 11;
1234 : 11;
1235 : 11;
1236 : 11;
1237 : 11;
1238 : 11;
1239 : 11;
1240 : 11;
1241 : 11;
1242 : 11;
1243 : 11;
1244 : 11;
1245 : 11;
1246 : 11;
1247 : 11;
1248 : 11;
1249 : 11;
1250 : 11;
1251 : 11;
1252 : 11;
1253 : 11;
1254 : 11;
1255 : 11;
1256 : 11;
1257 : 11;
1258 : 11;
1259 : 11;
1260 : 11;
1261 : 11;
1262 : 11;
1263 : 11;
1264 : 11;
1265 : 11;
1266 : 11;
1267 : 11;
1268 : 11;
1269 : 11;
1270 : 11;
1271 : 11;
1272 : 11;
1273 : 11;
1274 : 11;
1275 : 11;
1276 : 11;
1277 : 11;
1278 : 11;
1279 : 11;
1280 : 11;
1281 : 11;
1282 : 11;
1283 :  0;
1284 :  0;
1285 :  0;
1286 :  0;
1287 :  0;
1288 :  0;
1289 :  0;
1290 :  0;
1291 :  0;
1292 :  0;
1293 :  0;
1294 :  0;
1295 :  0;
1296 :  0;
1297 :  0;
1298 :  0;
1299 :  0;
1300 :  0;
1301 :  0;
1302 :  0;
1303 :  0;
1304 :  0;
1305 :  0;
1306 :  0;
1307 :  0;
1308 :  0;
1309 :  0;
1310 :  0;
1311 :  0;
1312 :  0;
1313 :  0;
1314 :  0;
1315 :  0;
1316 :  0;
1317 :  0;
1318 :  0;
1319 :  0;
1320 :  0;
1321 :  0;
1322 :  0;
1323 :  0;
1324 :  0;
1325 :  0;
1326 :  0;
1327 :  0;
1328 :  0;
1329 :  0;
1330 :  0;
1331 :  0;
1332 :  0;
1333 :  0;
1334 :  0;
1335 :  0;
1336 :  0;
1337 :  0;
1338 :  0;
1339 :  0;
1340 :  0;
1341 :  0;
1342 :  0;
1343 :  0;
1344 :  0;
1345 :  0;
1346 :  0;
1347 :  0;
1348 :  0;
1349 :  0;
1350 :  0;
1351 :  0;
1352 :  0;
1353 :  0;
1354 :  0;
1355 :  0;
1356 :  0;
1357 :  0;
1358 :  0;
1359 :  0;
1360 :  0;
1361 :  0;
1362 :  0;
1363 :  0;
1364 :  0;
1365 :  0;
1366 :  0;
1367 :  0;
1368 :  0;
1369 :  0;
1370 :  0;
1371 :  0;
1372 :  0;
1373 :  0;
1374 :  0;
1375 :  0;
1376 :  0;
1377 :  0;
1378 :  0;
1379 :  0;
1380 :  0;
1381 :  0;
1382 :  0;
1383 :  0;
1384 :  0;
1385 :  0;
1386 :  0;
1387 :  0;
1388 :  0;
1389 :  0;
1390 :  0;
1391 :  0;
1392 :  0;
1393 :  0;
1394 :  0;
1395 :  0;
1396 :  0;
1397 :  0;
1398 :  0;
1399 :  0;
1400 :  0;
1401 :  0;
1402 :  0;
1403 :  0;
1404 :  0;
1405 :  0;
1406 :  0;
1407 :  0;
1408 :  0;
1409 :  0;
1410 :  0;
1411 :  0;
1412 :  0;
1413 :  0;
1414 :  0;
1415 :  0;
1416 :  0;
1417 :  0;
1418 :  0;
1419 :  0;
1420 :  0;
1421 :  0;
1422 :  0;
1423 :  0;
1424 :  0;
1425 :  0;
1426 :  0;
1427 :  0;
1428 :  0;
1429 :  0;
1430 :  0;
1431 :  0;
1432 :  0;
1433 :  0;
1434 :  0;
1435 :  0;
1436 :  0;
1437 : 11;
1438 : 11;
1439 : 11;
1440 : 11;
1441 : 11;
1442 : 11;
1443 :  1;
1444 :  0;
1445 :  0;
1446 :  0;
1447 :  0;
1448 :  0;
1449 :  0;
1450 :  0;
1451 :  0;
1452 :  0;
1453 :  0;
1454 :  0;
1455 :  0;
1456 :  0;
1457 :  0;
1458 :  0;
1459 :  0;
1460 :  0;
1461 :  0;
1462 :  0;
1463 :  0;
1464 :  0;
1465 :  0;
1466 :  0;
1467 :  0;
1468 :  0;
1469 :  0;
1470 :  0;
1471 :  0;
1472 :  0;
1473 :  0;
1474 :  0;
1475 :  0;
1476 :  0;
1477 :  0;
1478 :  0;
1479 :  0;
1480 :  0;
1481 :  0;
1482 :  0;
1483 :  0;
1484 :  0;
1485 :  0;
1486 :  0;
1487 :  0;
1488 :  0;
1489 :  0;
1490 :  0;
1491 :  0;
1492 :  0;
1493 :  0;
1494 :  0;
1495 :  0;
1496 :  0;
1497 :  0;
1498 :  0;
1499 :  0;
1500 :  0;
1501 :  0;
1502 :  0;
1503 :  0;
1504 :  0;
1505 :  0;
1506 :  0;
1507 :  0;
1508 :  0;
1509 :  0;
1510 :  0;
1511 :  0;
1512 :  0;
1513 :  0;
1514 :  0;
1515 :  0;
1516 :  0;
1517 :  0;
1518 :  0;
1519 :  0;
1520 :  0;
1521 :  0;
1522 :  0;
1523 :  0;
1524 :  0;
1525 :  0;
1526 :  0;
1527 :  0;
1528 :  0;
1529 :  0;
1530 :  0;
1531 :  0;
1532 :  0;
1533 :  0;
1534 :  0;
1535 :  0;
1536 :  0;
1537 :  0;
1538 :  0;
1539 :  0;
1540 :  0;
1541 :  0;
1542 :  0;
1543 :  0;
1544 :  0;
1545 :  0;
1546 :  0;
1547 :  0;
1548 :  0;
1549 :  0;
1550 :  0;
1551 :  0;
1552 :  0;
1553 :  0;
1554 :  0;
1555 :  0;
1556 :  0;
1557 :  0;
1558 :  0;
1559 :  0;
1560 :  0;
1561 :  0;
1562 :  0;
1563 :  0;
1564 :  0;
1565 :  0;
1566 :  0;
1567 :  0;
1568 :  0;
1569 :  0;
1570 :  0;
1571 :  0;
1572 :  0;
1573 :  0;
1574 :  0;
1575 :  0;
1576 :  0;
1577 :  0;
1578 :  0;
1579 :  0;
1580 :  0;
1581 :  0;
1582 :  0;
1583 :  0;
1584 :  0;
1585 :  0;
1586 :  0;
1587 :  0;
1588 :  0;
1589 :  0;
1590 :  0;
1591 :  0;
1592 :  0;
1593 :  0;
1594 :  0;
1595 :  0;
1596 :  1;
1597 : 11;
1598 : 11;
1599 : 11;
1600 : 11;
1601 : 11;
1602 : 11;
1603 :  1;
1604 :  1;
1605 :  0;
1606 :  1;
1607 :  1;
1608 :  1;
1609 :  1;
1610 :  1;
1611 :  1;
1612 :  1;
1613 :  1;
1614 :  1;
1615 :  1;
1616 :  1;
1617 :  1;
1618 :  1;
1619 :  1;
1620 :  1;
1621 :  1;
1622 :  1;
1623 :  1;
1624 :  1;
1625 :  1;
1626 :  1;
1627 :  1;
1628 :  1;
1629 :  1;
1630 :  1;
1631 :  1;
1632 :  1;
1633 :  1;
1634 :  1;
1635 :  1;
1636 :  1;
1637 :  1;
1638 :  1;
1639 :  1;
1640 :  1;
1641 :  1;
1642 :  1;
1643 :  1;
1644 :  1;
1645 :  1;
1646 :  1;
1647 :  1;
1648 :  1;
1649 :  1;
1650 :  1;
1651 :  1;
1652 :  1;
1653 :  1;
1654 :  1;
1655 :  1;
1656 :  1;
1657 :  1;
1658 :  1;
1659 :  1;
1660 :  1;
1661 :  1;
1662 :  1;
1663 :  1;
1664 :  1;
1665 :  1;
1666 :  1;
1667 :  1;
1668 :  1;
1669 :  1;
1670 :  1;
1671 :  1;
1672 :  1;
1673 :  1;
1674 :  1;
1675 :  1;
1676 :  1;
1677 :  1;
1678 :  1;
1679 :  1;
1680 :  1;
1681 :  1;
1682 :  1;
1683 :  1;
1684 :  1;
1685 :  1;
1686 :  1;
1687 :  1;
1688 :  1;
1689 :  1;
1690 :  1;
1691 :  1;
1692 :  1;
1693 :  1;
1694 :  1;
1695 :  1;
1696 :  1;
1697 :  1;
1698 :  1;
1699 :  1;
1700 :  1;
1701 :  1;
1702 :  1;
1703 :  1;
1704 :  1;
1705 :  1;
1706 :  1;
1707 :  1;
1708 :  1;
1709 :  1;
1710 :  1;
1711 :  1;
1712 :  1;
1713 :  1;
1714 :  1;
1715 :  1;
1716 :  1;
1717 :  1;
1718 :  1;
1719 :  1;
1720 :  1;
1721 :  1;
1722 :  1;
1723 :  1;
1724 :  1;
1725 :  1;
1726 :  1;
1727 :  1;
1728 :  1;
1729 :  1;
1730 :  1;
1731 :  1;
1732 :  1;
1733 :  1;
1734 :  1;
1735 :  1;
1736 :  1;
1737 :  1;
1738 :  1;
1739 :  1;
1740 :  1;
1741 :  1;
1742 :  1;
1743 :  1;
1744 :  1;
1745 :  1;
1746 :  1;
1747 :  1;
1748 :  1;
1749 :  1;
1750 :  1;
1751 :  1;
1752 :  1;
1753 :  1;
1754 :  0;
1755 :  1;
1756 :  1;
1757 : 11;
1758 : 11;
1759 : 11;
1760 : 11;
1761 : 11;
1762 : 11;
1763 :  1;
1764 :  1;
1765 :  1;
1766 :  0;
1767 :  0;
1768 :  0;
1769 :  0;
1770 :  0;
1771 :  0;
1772 :  0;
1773 :  0;
1774 :  0;
1775 :  0;
1776 :  0;
1777 :  0;
1778 :  0;
1779 :  0;
1780 :  0;
1781 :  0;
1782 :  0;
1783 :  0;
1784 :  0;
1785 :  0;
1786 :  0;
1787 :  0;
1788 :  0;
1789 :  0;
1790 :  0;
1791 :  0;
1792 :  0;
1793 :  0;
1794 :  0;
1795 :  0;
1796 :  0;
1797 :  0;
1798 :  0;
1799 :  0;
1800 :  0;
1801 :  0;
1802 :  0;
1803 :  0;
1804 :  0;
1805 :  0;
1806 :  0;
1807 :  0;
1808 :  0;
1809 :  0;
1810 :  0;
1811 :  0;
1812 :  0;
1813 :  0;
1814 :  0;
1815 :  0;
1816 :  0;
1817 :  0;
1818 :  0;
1819 :  0;
1820 :  0;
1821 :  0;
1822 :  0;
1823 :  0;
1824 :  0;
1825 :  0;
1826 :  0;
1827 :  0;
1828 :  0;
1829 :  0;
1830 :  0;
1831 :  0;
1832 :  0;
1833 :  0;
1834 :  0;
1835 :  0;
1836 :  0;
1837 :  0;
1838 :  0;
1839 :  0;
1840 :  0;
1841 :  0;
1842 :  0;
1843 :  0;
1844 :  0;
1845 :  0;
1846 :  0;
1847 :  0;
1848 :  0;
1849 :  0;
1850 :  0;
1851 :  0;
1852 :  0;
1853 :  0;
1854 :  0;
1855 :  0;
1856 :  0;
1857 :  0;
1858 :  0;
1859 :  0;
1860 :  0;
1861 :  0;
1862 :  0;
1863 :  0;
1864 :  0;
1865 :  0;
1866 :  0;
1867 :  0;
1868 :  0;
1869 :  0;
1870 :  0;
1871 :  0;
1872 :  0;
1873 :  0;
1874 :  0;
1875 :  0;
1876 :  0;
1877 :  0;
1878 :  0;
1879 :  0;
1880 :  0;
1881 :  0;
1882 :  0;
1883 :  0;
1884 :  0;
1885 :  0;
1886 :  0;
1887 :  0;
1888 :  0;
1889 :  0;
1890 :  0;
1891 :  0;
1892 :  0;
1893 :  0;
1894 :  0;
1895 :  0;
1896 :  0;
1897 :  0;
1898 :  0;
1899 :  0;
1900 :  0;
1901 :  0;
1902 :  0;
1903 :  0;
1904 :  0;
1905 :  0;
1906 :  0;
1907 :  0;
1908 :  0;
1909 :  0;
1910 :  0;
1911 :  0;
1912 :  0;
1913 :  0;
1914 :  1;
1915 :  1;
1916 :  1;
1917 : 11;
1918 : 11;
1919 : 11;
1920 : 11;
1921 : 11;
1922 : 11;
1923 :  1;
1924 :  1;
1925 :  1;
1926 :  0;
1927 : 10;
1928 : 10;
1929 : 10;
1930 : 10;
1931 : 10;
1932 : 10;
1933 : 10;
1934 : 10;
1935 : 10;
1936 : 10;
1937 : 10;
1938 : 10;
1939 : 10;
1940 : 10;
1941 : 10;
1942 : 10;
1943 : 10;
1944 : 10;
1945 : 10;
1946 : 10;
1947 : 10;
1948 : 10;
1949 : 10;
1950 : 10;
1951 : 10;
1952 : 10;
1953 : 10;
1954 : 10;
1955 : 10;
1956 : 10;
1957 : 10;
1958 : 10;
1959 : 10;
1960 : 10;
1961 : 10;
1962 : 10;
1963 : 10;
1964 : 10;
1965 : 10;
1966 : 10;
1967 : 10;
1968 : 10;
1969 : 10;
1970 : 10;
1971 : 10;
1972 : 10;
1973 : 10;
1974 : 10;
1975 : 10;
1976 : 10;
1977 : 10;
1978 : 10;
1979 : 10;
1980 : 10;
1981 : 10;
1982 : 10;
1983 : 10;
1984 : 10;
1985 : 10;
1986 : 10;
1987 : 10;
1988 : 10;
1989 : 10;
1990 : 10;
1991 : 10;
1992 : 10;
1993 : 10;
1994 : 10;
1995 : 10;
1996 : 10;
1997 : 10;
1998 : 10;
1999 : 10;
2000 : 10;
2001 : 10;
2002 : 10;
2003 : 10;
2004 : 10;
2005 : 10;
2006 : 10;
2007 : 10;
2008 : 10;
2009 : 10;
2010 : 10;
2011 : 10;
2012 : 10;
2013 : 10;
2014 : 10;
2015 : 10;
2016 : 10;
2017 : 10;
2018 : 10;
2019 : 10;
2020 : 10;
2021 : 10;
2022 : 10;
2023 : 10;
2024 : 10;
2025 : 10;
2026 : 10;
2027 : 10;
2028 : 10;
2029 : 10;
2030 : 10;
2031 : 10;
2032 : 10;
2033 : 10;
2034 : 10;
2035 : 10;
2036 : 10;
2037 : 10;
2038 : 10;
2039 : 10;
2040 : 10;
2041 : 10;
2042 : 10;
2043 : 10;
2044 : 10;
2045 : 10;
2046 : 10;
2047 : 10;
2048 : 10;
2049 : 10;
2050 : 10;
2051 : 10;
2052 : 10;
2053 : 10;
2054 : 10;
2055 : 10;
2056 : 10;
2057 : 10;
2058 : 10;
2059 : 10;
2060 : 10;
2061 : 10;
2062 : 10;
2063 : 10;
2064 : 10;
2065 : 10;
2066 : 10;
2067 : 10;
2068 : 10;
2069 : 10;
2070 : 10;
2071 : 10;
2072 : 10;
2073 :  0;
2074 :  1;
2075 :  1;
2076 :  1;
2077 : 11;
2078 : 11;
2079 : 11;
2080 : 11;
2081 : 11;
2082 : 11;
2083 :  1;
2084 :  1;
2085 :  1;
2086 :  0;
2087 : 10;
2088 :  0;
2089 :  0;
2090 :  0;
2091 :  0;
2092 :  0;
2093 :  0;
2094 :  0;
2095 :  0;
2096 :  0;
2097 :  0;
2098 :  0;
2099 :  0;
2100 :  0;
2101 :  0;
2102 :  0;
2103 :  0;
2104 :  0;
2105 :  0;
2106 :  0;
2107 :  0;
2108 :  0;
2109 :  0;
2110 :  0;
2111 :  0;
2112 :  0;
2113 :  0;
2114 :  0;
2115 :  0;
2116 :  0;
2117 :  0;
2118 :  0;
2119 :  0;
2120 :  0;
2121 :  0;
2122 :  0;
2123 :  0;
2124 :  0;
2125 :  0;
2126 :  0;
2127 :  0;
2128 :  0;
2129 :  0;
2130 :  0;
2131 :  0;
2132 :  0;
2133 :  0;
2134 :  0;
2135 :  0;
2136 :  0;
2137 :  0;
2138 :  0;
2139 :  0;
2140 :  0;
2141 :  0;
2142 :  0;
2143 :  0;
2144 :  0;
2145 :  0;
2146 :  0;
2147 :  0;
2148 :  0;
2149 :  0;
2150 :  0;
2151 :  0;
2152 :  0;
2153 :  0;
2154 :  0;
2155 :  0;
2156 :  0;
2157 :  0;
2158 :  0;
2159 :  0;
2160 :  0;
2161 :  0;
2162 :  0;
2163 :  0;
2164 :  0;
2165 :  0;
2166 :  0;
2167 :  0;
2168 :  0;
2169 :  0;
2170 :  0;
2171 :  0;
2172 :  0;
2173 :  0;
2174 :  0;
2175 :  0;
2176 :  0;
2177 :  0;
2178 :  0;
2179 :  0;
2180 :  0;
2181 :  0;
2182 :  0;
2183 :  0;
2184 :  0;
2185 :  0;
2186 :  0;
2187 :  0;
2188 :  0;
2189 :  0;
2190 :  0;
2191 :  0;
2192 :  0;
2193 :  0;
2194 :  0;
2195 :  0;
2196 :  0;
2197 :  0;
2198 :  0;
2199 :  0;
2200 :  0;
2201 :  0;
2202 :  0;
2203 :  0;
2204 :  0;
2205 :  0;
2206 :  0;
2207 :  0;
2208 :  0;
2209 :  0;
2210 :  0;
2211 :  0;
2212 :  0;
2213 :  0;
2214 :  0;
2215 :  0;
2216 :  0;
2217 :  0;
2218 :  0;
2219 :  0;
2220 :  0;
2221 :  0;
2222 :  0;
2223 :  0;
2224 :  0;
2225 :  0;
2226 :  0;
2227 :  0;
2228 :  0;
2229 :  0;
2230 :  0;
2231 :  0;
2232 : 10;
2233 :  0;
2234 :  1;
2235 :  1;
2236 :  1;
2237 : 11;
2238 : 11;
2239 : 11;
2240 : 11;
2241 : 11;
2242 : 11;
2243 :  1;
2244 :  1;
2245 :  1;
2246 :  0;
2247 : 10;
2248 :  0;
2249 :  0;
2250 :  0;
2251 :  0;
2252 :  0;
2253 :  0;
2254 :  0;
2255 :  0;
2256 :  0;
2257 :  0;
2258 :  0;
2259 :  0;
2260 :  0;
2261 :  0;
2262 :  0;
2263 :  0;
2264 :  0;
2265 :  0;
2266 :  0;
2267 :  0;
2268 :  0;
2269 :  0;
2270 :  0;
2271 :  0;
2272 :  0;
2273 :  0;
2274 :  0;
2275 :  0;
2276 :  0;
2277 :  0;
2278 :  0;
2279 :  0;
2280 :  0;
2281 :  0;
2282 :  0;
2283 :  0;
2284 :  0;
2285 :  0;
2286 :  0;
2287 :  0;
2288 :  0;
2289 :  0;
2290 :  0;
2291 :  0;
2292 :  0;
2293 :  0;
2294 :  0;
2295 :  0;
2296 :  0;
2297 :  0;
2298 :  0;
2299 :  0;
2300 :  0;
2301 :  0;
2302 :  0;
2303 :  0;
2304 :  0;
2305 :  0;
2306 :  0;
2307 :  0;
2308 :  0;
2309 :  0;
2310 :  0;
2311 :  0;
2312 :  0;
2313 :  0;
2314 :  0;
2315 :  0;
2316 :  0;
2317 :  0;
2318 :  0;
2319 :  0;
2320 :  0;
2321 :  0;
2322 :  0;
2323 :  0;
2324 :  0;
2325 :  0;
2326 :  0;
2327 :  0;
2328 :  0;
2329 :  0;
2330 :  0;
2331 :  0;
2332 :  0;
2333 :  0;
2334 :  0;
2335 :  0;
2336 :  0;
2337 :  0;
2338 :  0;
2339 :  0;
2340 :  0;
2341 :  0;
2342 :  0;
2343 :  0;
2344 :  0;
2345 :  0;
2346 :  0;
2347 :  0;
2348 :  0;
2349 :  0;
2350 :  0;
2351 :  0;
2352 :  0;
2353 :  0;
2354 :  0;
2355 :  0;
2356 :  0;
2357 :  0;
2358 :  0;
2359 :  0;
2360 :  0;
2361 :  0;
2362 :  0;
2363 :  0;
2364 :  0;
2365 :  0;
2366 :  0;
2367 :  0;
2368 :  0;
2369 :  0;
2370 :  0;
2371 :  0;
2372 :  0;
2373 :  0;
2374 :  0;
2375 :  0;
2376 :  0;
2377 :  0;
2378 :  0;
2379 :  0;
2380 :  0;
2381 :  0;
2382 :  0;
2383 :  0;
2384 :  0;
2385 :  0;
2386 :  0;
2387 :  0;
2388 :  0;
2389 :  0;
2390 :  0;
2391 :  0;
2392 : 10;
2393 :  0;
2394 :  1;
2395 :  1;
2396 :  1;
2397 : 11;
2398 : 11;
2399 : 11;
2400 : 11;
2401 : 11;
2402 : 11;
2403 :  1;
2404 :  1;
2405 :  1;
2406 :  0;
2407 : 10;
2408 :  0;
2409 :  0;
2410 :  0;
2411 :  0;
2412 :  0;
2413 :  0;
2414 :  0;
2415 :  0;
2416 :  0;
2417 :  0;
2418 :  0;
2419 :  0;
2420 :  0;
2421 :  0;
2422 :  0;
2423 :  0;
2424 :  0;
2425 :  0;
2426 :  0;
2427 :  0;
2428 :  0;
2429 :  0;
2430 :  0;
2431 :  0;
2432 :  0;
2433 :  0;
2434 :  0;
2435 :  0;
2436 :  0;
2437 :  0;
2438 :  0;
2439 :  0;
2440 :  0;
2441 :  0;
2442 :  0;
2443 :  0;
2444 :  0;
2445 :  0;
2446 :  0;
2447 :  0;
2448 :  0;
2449 :  0;
2450 :  0;
2451 :  0;
2452 :  0;
2453 :  0;
2454 :  0;
2455 :  0;
2456 :  0;
2457 :  0;
2458 :  0;
2459 :  0;
2460 :  0;
2461 :  0;
2462 :  0;
2463 :  0;
2464 :  0;
2465 :  0;
2466 :  0;
2467 :  0;
2468 :  0;
2469 :  0;
2470 :  0;
2471 :  0;
2472 :  0;
2473 :  0;
2474 :  0;
2475 :  0;
2476 :  0;
2477 :  0;
2478 :  0;
2479 :  0;
2480 :  0;
2481 :  0;
2482 :  0;
2483 :  0;
2484 :  0;
2485 :  0;
2486 :  0;
2487 :  0;
2488 :  0;
2489 :  0;
2490 :  0;
2491 :  0;
2492 :  0;
2493 :  0;
2494 :  0;
2495 :  0;
2496 :  0;
2497 :  0;
2498 :  0;
2499 :  0;
2500 :  0;
2501 :  0;
2502 :  0;
2503 :  0;
2504 :  0;
2505 :  0;
2506 :  0;
2507 :  0;
2508 :  0;
2509 :  0;
2510 :  0;
2511 :  0;
2512 :  0;
2513 :  0;
2514 :  0;
2515 :  0;
2516 :  0;
2517 :  0;
2518 :  0;
2519 :  0;
2520 :  0;
2521 :  0;
2522 :  0;
2523 :  0;
2524 :  0;
2525 :  0;
2526 :  0;
2527 :  0;
2528 :  0;
2529 :  0;
2530 :  0;
2531 :  0;
2532 :  0;
2533 :  0;
2534 :  0;
2535 :  0;
2536 :  0;
2537 :  0;
2538 :  0;
2539 :  0;
2540 :  0;
2541 :  0;
2542 :  0;
2543 :  0;
2544 :  0;
2545 :  0;
2546 :  0;
2547 :  0;
2548 :  0;
2549 :  0;
2550 :  0;
2551 :  0;
2552 : 10;
2553 :  0;
2554 :  1;
2555 :  1;
2556 :  1;
2557 : 11;
2558 : 11;
2559 : 11;
2560 : 11;
2561 : 11;
2562 : 11;
2563 :  1;
2564 :  1;
2565 :  1;
2566 :  0;
2567 : 10;
2568 :  0;
2569 :  0;
2570 :  0;
2571 :  0;
2572 :  0;
2573 :  0;
2574 :  0;
2575 :  0;
2576 :  0;
2577 :  0;
2578 :  0;
2579 :  0;
2580 :  0;
2581 :  0;
2582 :  0;
2583 :  0;
2584 :  0;
2585 :  0;
2586 :  0;
2587 :  0;
2588 :  0;
2589 :  0;
2590 :  0;
2591 :  0;
2592 :  0;
2593 :  0;
2594 :  0;
2595 :  0;
2596 :  0;
2597 :  0;
2598 :  0;
2599 :  0;
2600 :  0;
2601 :  0;
2602 :  0;
2603 :  0;
2604 :  0;
2605 :  0;
2606 :  0;
2607 :  0;
2608 :  0;
2609 :  0;
2610 :  0;
2611 :  0;
2612 :  0;
2613 :  0;
2614 :  0;
2615 :  0;
2616 :  0;
2617 :  0;
2618 :  0;
2619 :  0;
2620 :  0;
2621 :  0;
2622 :  0;
2623 :  0;
2624 :  0;
2625 :  0;
2626 :  0;
2627 :  0;
2628 :  0;
2629 :  0;
2630 :  0;
2631 :  0;
2632 :  0;
2633 :  0;
2634 :  0;
2635 :  0;
2636 :  0;
2637 :  0;
2638 :  0;
2639 :  0;
2640 :  0;
2641 :  0;
2642 :  0;
2643 :  0;
2644 :  0;
2645 :  0;
2646 :  0;
2647 :  0;
2648 :  0;
2649 :  0;
2650 :  0;
2651 :  0;
2652 :  0;
2653 :  0;
2654 :  0;
2655 :  0;
2656 :  0;
2657 :  0;
2658 :  0;
2659 :  0;
2660 :  0;
2661 :  0;
2662 :  0;
2663 :  0;
2664 :  0;
2665 :  0;
2666 :  0;
2667 :  0;
2668 :  0;
2669 :  0;
2670 :  0;
2671 :  0;
2672 :  0;
2673 :  0;
2674 :  0;
2675 :  0;
2676 :  0;
2677 :  0;
2678 :  0;
2679 :  0;
2680 :  0;
2681 :  0;
2682 :  0;
2683 :  0;
2684 :  0;
2685 :  0;
2686 :  0;
2687 :  0;
2688 :  0;
2689 :  0;
2690 :  0;
2691 :  0;
2692 :  0;
2693 :  0;
2694 :  0;
2695 :  0;
2696 :  0;
2697 :  0;
2698 :  0;
2699 :  0;
2700 :  0;
2701 :  0;
2702 :  0;
2703 :  0;
2704 :  0;
2705 :  0;
2706 :  0;
2707 :  0;
2708 :  0;
2709 :  0;
2710 :  0;
2711 :  0;
2712 : 10;
2713 :  0;
2714 :  1;
2715 :  1;
2716 :  1;
2717 : 11;
2718 : 11;
2719 : 11;
2720 : 11;
2721 : 11;
2722 : 11;
2723 :  1;
2724 :  1;
2725 :  1;
2726 :  0;
2727 : 10;
2728 :  0;
2729 :  0;
2730 :  0;
2731 :  0;
2732 :  0;
2733 :  0;
2734 : 11;
2735 : 11;
2736 : 11;
2737 : 11;
2738 : 11;
2739 : 11;
2740 : 11;
2741 :  0;
2742 : 11;
2743 : 11;
2744 : 11;
2745 : 11;
2746 : 11;
2747 : 11;
2748 : 11;
2749 : 11;
2750 :  0;
2751 : 11;
2752 : 11;
2753 : 11;
2754 : 11;
2755 : 11;
2756 : 11;
2757 : 11;
2758 :  0;
2759 :  0;
2760 : 11;
2761 : 11;
2762 : 11;
2763 : 11;
2764 : 11;
2765 : 11;
2766 : 11;
2767 : 11;
2768 :  0;
2769 : 11;
2770 : 11;
2771 : 11;
2772 : 11;
2773 : 11;
2774 : 11;
2775 : 11;
2776 : 11;
2777 : 11;
2778 : 11;
2779 : 11;
2780 :  0;
2781 :  0;
2782 : 11;
2783 : 11;
2784 : 11;
2785 : 11;
2786 : 11;
2787 : 11;
2788 : 11;
2789 :  0;
2790 : 11;
2791 : 11;
2792 : 11;
2793 : 11;
2794 : 11;
2795 : 11;
2796 : 11;
2797 : 11;
2798 :  0;
2799 : 11;
2800 : 11;
2801 : 11;
2802 : 11;
2803 : 11;
2804 : 11;
2805 : 11;
2806 :  0;
2807 :  0;
2808 : 11;
2809 : 11;
2810 : 11;
2811 : 11;
2812 : 11;
2813 : 11;
2814 : 11;
2815 : 11;
2816 :  0;
2817 : 11;
2818 : 11;
2819 : 11;
2820 : 11;
2821 : 11;
2822 :  0;
2823 :  0;
2824 :  0;
2825 :  0;
2826 :  0;
2827 :  0;
2828 :  0;
2829 :  0;
2830 :  0;
2831 : 11;
2832 : 11;
2833 : 11;
2834 : 11;
2835 : 11;
2836 : 11;
2837 : 11;
2838 : 11;
2839 :  0;
2840 :  0;
2841 :  0;
2842 :  0;
2843 : 11;
2844 : 11;
2845 :  0;
2846 : 11;
2847 : 11;
2848 : 11;
2849 : 11;
2850 : 11;
2851 : 11;
2852 : 11;
2853 : 11;
2854 : 11;
2855 : 11;
2856 : 11;
2857 :  0;
2858 : 11;
2859 : 11;
2860 : 11;
2861 : 11;
2862 : 11;
2863 :  0;
2864 : 11;
2865 :  0;
2866 :  0;
2867 :  0;
2868 : 11;
2869 :  0;
2870 :  0;
2871 :  0;
2872 : 10;
2873 :  0;
2874 :  1;
2875 :  1;
2876 :  1;
2877 : 11;
2878 : 11;
2879 : 11;
2880 : 11;
2881 : 11;
2882 : 11;
2883 :  1;
2884 :  1;
2885 :  1;
2886 :  0;
2887 : 10;
2888 :  0;
2889 :  0;
2890 :  0;
2891 :  0;
2892 :  0;
2893 :  0;
2894 : 11;
2895 :  0;
2896 :  0;
2897 :  0;
2898 :  0;
2899 :  0;
2900 : 11;
2901 :  0;
2902 : 11;
2903 :  0;
2904 :  0;
2905 :  0;
2906 :  0;
2907 :  0;
2908 : 11;
2909 : 11;
2910 :  0;
2911 : 11;
2912 :  0;
2913 :  0;
2914 :  0;
2915 :  0;
2916 : 11;
2917 : 11;
2918 :  0;
2919 :  0;
2920 : 11;
2921 :  0;
2922 :  0;
2923 :  0;
2924 :  0;
2925 :  0;
2926 : 11;
2927 : 11;
2928 :  0;
2929 :  0;
2930 : 11;
2931 :  0;
2932 :  0;
2933 :  0;
2934 :  0;
2935 :  0;
2936 :  0;
2937 :  0;
2938 : 11;
2939 : 11;
2940 :  0;
2941 :  0;
2942 : 11;
2943 :  0;
2944 :  0;
2945 :  0;
2946 :  0;
2947 :  0;
2948 : 11;
2949 :  0;
2950 : 11;
2951 :  0;
2952 :  0;
2953 :  0;
2954 :  0;
2955 :  0;
2956 : 11;
2957 : 11;
2958 :  0;
2959 : 11;
2960 :  0;
2961 :  0;
2962 :  0;
2963 :  0;
2964 : 11;
2965 : 11;
2966 :  0;
2967 :  0;
2968 : 11;
2969 :  0;
2970 :  0;
2971 :  0;
2972 :  0;
2973 :  0;
2974 : 11;
2975 : 11;
2976 :  0;
2977 : 11;
2978 :  0;
2979 :  0;
2980 :  0;
2981 : 11;
2982 : 11;
2983 : 11;
2984 :  0;
2985 :  0;
2986 :  0;
2987 :  0;
2988 :  0;
2989 :  0;
2990 :  0;
2991 : 11;
2992 :  0;
2993 :  0;
2994 :  0;
2995 :  0;
2996 :  0;
2997 : 11;
2998 : 11;
2999 :  0;
3000 :  0;
3001 :  0;
3002 : 11;
3003 : 11;
3004 :  0;
3005 :  0;
3006 : 11;
3007 :  0;
3008 :  0;
3009 :  0;
3010 :  0;
3011 :  0;
3012 :  0;
3013 :  0;
3014 :  0;
3015 : 11;
3016 : 11;
3017 :  0;
3018 :  0;
3019 :  0;
3020 : 11;
3021 :  0;
3022 :  0;
3023 :  0;
3024 : 11;
3025 : 11;
3026 :  0;
3027 : 11;
3028 : 11;
3029 :  0;
3030 :  0;
3031 :  0;
3032 : 10;
3033 :  0;
3034 :  1;
3035 :  1;
3036 :  1;
3037 : 11;
3038 : 11;
3039 : 11;
3040 : 11;
3041 : 11;
3042 : 11;
3043 :  1;
3044 :  1;
3045 :  1;
3046 :  0;
3047 : 10;
3048 :  0;
3049 :  0;
3050 :  0;
3051 :  0;
3052 :  0;
3053 :  0;
3054 : 11;
3055 :  0;
3056 :  0;
3057 :  0;
3058 :  0;
3059 : 11;
3060 :  0;
3061 :  0;
3062 : 11;
3063 :  0;
3064 :  0;
3065 :  0;
3066 :  0;
3067 :  0;
3068 : 11;
3069 : 11;
3070 :  0;
3071 :  0;
3072 : 11;
3073 :  0;
3074 :  0;
3075 :  0;
3076 : 11;
3077 : 11;
3078 :  0;
3079 :  0;
3080 : 11;
3081 :  0;
3082 :  0;
3083 :  0;
3084 :  0;
3085 :  0;
3086 : 11;
3087 : 11;
3088 :  0;
3089 :  0;
3090 :  0;
3091 : 11;
3092 :  0;
3093 :  0;
3094 :  0;
3095 :  0;
3096 :  0;
3097 :  0;
3098 : 11;
3099 : 11;
3100 :  0;
3101 :  0;
3102 : 11;
3103 :  0;
3104 :  0;
3105 :  0;
3106 :  0;
3107 : 11;
3108 :  0;
3109 :  0;
3110 : 11;
3111 :  0;
3112 :  0;
3113 :  0;
3114 :  0;
3115 :  0;
3116 : 11;
3117 : 11;
3118 :  0;
3119 :  0;
3120 : 11;
3121 :  0;
3122 :  0;
3123 :  0;
3124 : 11;
3125 : 11;
3126 :  0;
3127 :  0;
3128 : 11;
3129 :  0;
3130 :  0;
3131 :  0;
3132 :  0;
3133 :  0;
3134 : 11;
3135 : 11;
3136 :  0;
3137 : 11;
3138 :  0;
3139 :  0;
3140 :  0;
3141 :  0;
3142 :  0;
3143 : 11;
3144 : 11;
3145 :  0;
3146 :  0;
3147 :  0;
3148 :  0;
3149 :  0;
3150 :  0;
3151 : 11;
3152 :  0;
3153 :  0;
3154 :  0;
3155 :  0;
3156 :  0;
3157 : 11;
3158 : 11;
3159 :  0;
3160 :  0;
3161 : 11;
3162 :  0;
3163 : 11;
3164 : 11;
3165 :  0;
3166 :  0;
3167 : 11;
3168 :  0;
3169 :  0;
3170 :  0;
3171 :  0;
3172 :  0;
3173 :  0;
3174 :  0;
3175 : 11;
3176 : 11;
3177 :  0;
3178 :  0;
3179 :  0;
3180 : 11;
3181 :  0;
3182 :  0;
3183 :  0;
3184 : 11;
3185 :  0;
3186 : 11;
3187 :  0;
3188 : 11;
3189 :  0;
3190 :  0;
3191 :  0;
3192 : 10;
3193 :  0;
3194 :  1;
3195 :  1;
3196 :  1;
3197 : 11;
3198 : 11;
3199 : 11;
3200 : 11;
3201 : 11;
3202 : 11;
3203 :  1;
3204 :  1;
3205 :  1;
3206 :  0;
3207 : 10;
3208 :  0;
3209 :  0;
3210 :  0;
3211 :  0;
3212 :  0;
3213 :  0;
3214 : 11;
3215 :  0;
3216 :  0;
3217 :  0;
3218 : 11;
3219 :  0;
3220 :  0;
3221 :  0;
3222 : 11;
3223 :  0;
3224 :  0;
3225 :  0;
3226 :  0;
3227 :  0;
3228 : 11;
3229 : 11;
3230 :  0;
3231 :  0;
3232 :  0;
3233 : 11;
3234 :  0;
3235 :  0;
3236 : 11;
3237 : 11;
3238 :  0;
3239 :  0;
3240 : 11;
3241 :  0;
3242 :  0;
3243 :  0;
3244 :  0;
3245 :  0;
3246 : 11;
3247 : 11;
3248 :  0;
3249 :  0;
3250 :  0;
3251 :  0;
3252 : 11;
3253 :  0;
3254 :  0;
3255 :  0;
3256 :  0;
3257 :  0;
3258 : 11;
3259 : 11;
3260 :  0;
3261 :  0;
3262 : 11;
3263 :  0;
3264 :  0;
3265 :  0;
3266 : 11;
3267 :  0;
3268 :  0;
3269 :  0;
3270 : 11;
3271 :  0;
3272 :  0;
3273 :  0;
3274 :  0;
3275 :  0;
3276 : 11;
3277 : 11;
3278 :  0;
3279 :  0;
3280 :  0;
3281 : 11;
3282 :  0;
3283 :  0;
3284 : 11;
3285 : 11;
3286 :  0;
3287 :  0;
3288 : 11;
3289 :  0;
3290 :  0;
3291 :  0;
3292 :  0;
3293 :  0;
3294 : 11;
3295 : 11;
3296 :  0;
3297 : 11;
3298 :  0;
3299 :  0;
3300 :  0;
3301 :  0;
3302 :  0;
3303 :  0;
3304 : 11;
3305 : 11;
3306 :  0;
3307 :  0;
3308 :  0;
3309 :  0;
3310 :  0;
3311 : 11;
3312 :  0;
3313 :  0;
3314 :  0;
3315 :  0;
3316 :  0;
3317 : 11;
3318 : 11;
3319 :  0;
3320 :  0;
3321 : 11;
3322 :  0;
3323 :  0;
3324 : 11;
3325 : 11;
3326 :  0;
3327 :  0;
3328 : 11;
3329 :  0;
3330 :  0;
3331 :  0;
3332 :  0;
3333 :  0;
3334 :  0;
3335 : 11;
3336 : 11;
3337 :  0;
3338 :  0;
3339 :  0;
3340 : 11;
3341 :  0;
3342 :  0;
3343 :  0;
3344 : 11;
3345 :  0;
3346 :  0;
3347 :  0;
3348 : 11;
3349 :  0;
3350 :  0;
3351 :  0;
3352 : 10;
3353 :  0;
3354 :  1;
3355 :  1;
3356 :  1;
3357 : 11;
3358 : 11;
3359 : 11;
3360 : 11;
3361 : 11;
3362 : 11;
3363 :  1;
3364 :  1;
3365 :  1;
3366 :  0;
3367 : 10;
3368 :  0;
3369 :  0;
3370 :  0;
3371 :  0;
3372 :  0;
3373 :  0;
3374 : 11;
3375 :  0;
3376 :  0;
3377 :  0;
3378 : 11;
3379 :  0;
3380 :  0;
3381 :  0;
3382 : 11;
3383 :  0;
3384 :  0;
3385 :  0;
3386 :  0;
3387 :  0;
3388 : 11;
3389 : 11;
3390 :  0;
3391 :  0;
3392 :  0;
3393 : 11;
3394 :  0;
3395 :  0;
3396 : 11;
3397 : 11;
3398 :  0;
3399 :  0;
3400 : 11;
3401 :  0;
3402 :  0;
3403 :  0;
3404 :  0;
3405 :  0;
3406 : 11;
3407 : 11;
3408 :  0;
3409 :  0;
3410 :  0;
3411 :  0;
3412 :  0;
3413 : 11;
3414 :  0;
3415 :  0;
3416 :  0;
3417 :  0;
3418 : 11;
3419 : 11;
3420 :  0;
3421 :  0;
3422 : 11;
3423 :  0;
3424 :  0;
3425 :  0;
3426 : 11;
3427 :  0;
3428 :  0;
3429 :  0;
3430 : 11;
3431 :  0;
3432 :  0;
3433 :  0;
3434 :  0;
3435 :  0;
3436 : 11;
3437 : 11;
3438 :  0;
3439 :  0;
3440 :  0;
3441 : 11;
3442 :  0;
3443 :  0;
3444 : 11;
3445 : 11;
3446 :  0;
3447 :  0;
3448 : 11;
3449 :  0;
3450 :  0;
3451 :  0;
3452 :  0;
3453 :  0;
3454 : 11;
3455 : 11;
3456 :  0;
3457 : 11;
3458 :  0;
3459 :  0;
3460 :  0;
3461 :  0;
3462 :  0;
3463 :  0;
3464 :  0;
3465 : 11;
3466 :  0;
3467 :  0;
3468 :  0;
3469 :  0;
3470 :  0;
3471 : 11;
3472 :  0;
3473 :  0;
3474 :  0;
3475 :  0;
3476 :  0;
3477 : 11;
3478 : 11;
3479 :  0;
3480 : 11;
3481 :  0;
3482 :  0;
3483 :  0;
3484 : 11;
3485 : 11;
3486 :  0;
3487 :  0;
3488 :  0;
3489 : 11;
3490 :  0;
3491 :  0;
3492 :  0;
3493 :  0;
3494 :  0;
3495 : 11;
3496 : 11;
3497 :  0;
3498 :  0;
3499 :  0;
3500 : 11;
3501 :  0;
3502 :  0;
3503 :  0;
3504 : 11;
3505 :  0;
3506 :  0;
3507 :  0;
3508 : 11;
3509 :  0;
3510 :  0;
3511 :  0;
3512 : 10;
3513 :  0;
3514 :  1;
3515 :  1;
3516 :  1;
3517 : 11;
3518 : 11;
3519 : 11;
3520 : 11;
3521 : 11;
3522 : 11;
3523 :  1;
3524 :  1;
3525 :  1;
3526 :  0;
3527 : 10;
3528 :  0;
3529 :  0;
3530 :  0;
3531 :  0;
3532 :  0;
3533 :  0;
3534 : 11;
3535 :  0;
3536 :  0;
3537 : 11;
3538 :  0;
3539 :  0;
3540 :  0;
3541 :  0;
3542 : 11;
3543 :  0;
3544 :  0;
3545 :  0;
3546 :  0;
3547 :  0;
3548 : 11;
3549 : 11;
3550 :  0;
3551 :  0;
3552 :  0;
3553 :  0;
3554 : 11;
3555 :  0;
3556 : 11;
3557 : 11;
3558 :  0;
3559 :  0;
3560 : 11;
3561 :  0;
3562 :  0;
3563 :  0;
3564 :  0;
3565 :  0;
3566 : 11;
3567 : 11;
3568 :  0;
3569 :  0;
3570 :  0;
3571 :  0;
3572 :  0;
3573 :  0;
3574 : 11;
3575 :  0;
3576 :  0;
3577 :  0;
3578 : 11;
3579 : 11;
3580 :  0;
3581 :  0;
3582 : 11;
3583 :  0;
3584 :  0;
3585 : 11;
3586 :  0;
3587 :  0;
3588 :  0;
3589 :  0;
3590 : 11;
3591 :  0;
3592 :  0;
3593 :  0;
3594 :  0;
3595 :  0;
3596 : 11;
3597 : 11;
3598 :  0;
3599 :  0;
3600 :  0;
3601 :  0;
3602 : 11;
3603 :  0;
3604 : 11;
3605 : 11;
3606 :  0;
3607 :  0;
3608 : 11;
3609 :  0;
3610 :  0;
3611 :  0;
3612 :  0;
3613 :  0;
3614 : 11;
3615 : 11;
3616 :  0;
3617 : 11;
3618 :  0;
3619 :  0;
3620 :  0;
3621 :  0;
3622 :  0;
3623 :  0;
3624 :  0;
3625 : 11;
3626 : 11;
3627 :  0;
3628 :  0;
3629 :  0;
3630 :  0;
3631 : 11;
3632 :  0;
3633 :  0;
3634 :  0;
3635 :  0;
3636 :  0;
3637 : 11;
3638 : 11;
3639 :  0;
3640 : 11;
3641 :  0;
3642 :  0;
3643 :  0;
3644 :  0;
3645 : 11;
3646 : 11;
3647 :  0;
3648 :  0;
3649 : 11;
3650 :  0;
3651 :  0;
3652 :  0;
3653 :  0;
3654 :  0;
3655 : 11;
3656 : 11;
3657 :  0;
3658 :  0;
3659 :  0;
3660 :  0;
3661 :  0;
3662 :  0;
3663 :  0;
3664 :  0;
3665 :  0;
3666 :  0;
3667 :  0;
3668 :  0;
3669 :  0;
3670 :  0;
3671 :  0;
3672 : 10;
3673 :  0;
3674 :  1;
3675 :  1;
3676 :  1;
3677 : 11;
3678 : 11;
3679 : 11;
3680 : 11;
3681 : 11;
3682 : 11;
3683 :  1;
3684 :  1;
3685 :  1;
3686 :  0;
3687 : 10;
3688 :  0;
3689 :  0;
3690 :  0;
3691 :  0;
3692 :  0;
3693 :  0;
3694 : 11;
3695 :  1;
3696 :  1;
3697 : 11;
3698 :  0;
3699 :  0;
3700 :  0;
3701 :  0;
3702 : 11;
3703 :  1;
3704 :  1;
3705 :  1;
3706 :  1;
3707 :  1;
3708 : 11;
3709 : 11;
3710 :  0;
3711 :  0;
3712 :  0;
3713 :  0;
3714 : 11;
3715 :  1;
3716 : 11;
3717 : 11;
3718 :  0;
3719 :  0;
3720 : 11;
3721 :  1;
3722 :  1;
3723 :  1;
3724 :  1;
3725 :  1;
3726 : 11;
3727 : 11;
3728 :  0;
3729 :  0;
3730 :  0;
3731 :  0;
3732 :  0;
3733 :  0;
3734 :  0;
3735 : 11;
3736 :  1;
3737 :  1;
3738 : 11;
3739 : 11;
3740 :  0;
3741 :  0;
3742 : 11;
3743 :  1;
3744 :  1;
3745 : 11;
3746 :  0;
3747 :  0;
3748 :  0;
3749 :  0;
3750 : 11;
3751 :  1;
3752 :  1;
3753 :  1;
3754 :  1;
3755 :  1;
3756 : 11;
3757 : 11;
3758 :  0;
3759 :  0;
3760 :  0;
3761 :  0;
3762 : 11;
3763 :  1;
3764 : 11;
3765 : 11;
3766 :  0;
3767 :  0;
3768 : 11;
3769 :  1;
3770 :  1;
3771 :  1;
3772 :  1;
3773 :  1;
3774 : 11;
3775 : 11;
3776 :  0;
3777 : 11;
3778 :  1;
3779 :  1;
3780 :  1;
3781 :  1;
3782 :  1;
3783 :  1;
3784 :  1;
3785 : 11;
3786 : 11;
3787 :  0;
3788 :  0;
3789 :  0;
3790 :  0;
3791 : 11;
3792 :  1;
3793 :  1;
3794 :  1;
3795 :  1;
3796 :  1;
3797 : 11;
3798 : 11;
3799 :  0;
3800 : 11;
3801 :  1;
3802 :  1;
3803 :  1;
3804 :  1;
3805 :  1;
3806 : 11;
3807 : 11;
3808 :  0;
3809 :  0;
3810 : 11;
3811 :  1;
3812 :  1;
3813 :  1;
3814 :  1;
3815 : 11;
3816 : 11;
3817 :  0;
3818 :  0;
3819 :  0;
3820 :  0;
3821 :  0;
3822 :  0;
3823 :  0;
3824 :  0;
3825 :  0;
3826 :  0;
3827 :  0;
3828 :  0;
3829 :  0;
3830 :  0;
3831 :  0;
3832 : 10;
3833 :  0;
3834 :  1;
3835 :  1;
3836 :  1;
3837 : 11;
3838 : 11;
3839 : 11;
3840 : 11;
3841 : 11;
3842 : 11;
3843 :  1;
3844 :  1;
3845 :  1;
3846 :  0;
3847 : 10;
3848 :  0;
3849 :  0;
3850 :  0;
3851 :  0;
3852 :  0;
3853 :  0;
3854 : 11;
3855 :  1;
3856 : 11;
3857 :  0;
3858 :  0;
3859 :  0;
3860 :  0;
3861 :  0;
3862 : 11;
3863 :  1;
3864 :  1;
3865 :  1;
3866 :  1;
3867 :  1;
3868 : 11;
3869 : 11;
3870 :  0;
3871 :  0;
3872 :  0;
3873 :  0;
3874 :  0;
3875 : 11;
3876 : 11;
3877 : 11;
3878 :  0;
3879 :  0;
3880 : 11;
3881 :  1;
3882 :  1;
3883 :  1;
3884 :  1;
3885 :  1;
3886 : 11;
3887 : 11;
3888 :  0;
3889 :  0;
3890 :  0;
3891 :  0;
3892 :  0;
3893 :  0;
3894 :  0;
3895 :  0;
3896 : 11;
3897 :  1;
3898 : 11;
3899 : 11;
3900 :  0;
3901 :  0;
3902 : 11;
3903 :  1;
3904 : 11;
3905 :  0;
3906 :  0;
3907 :  0;
3908 :  0;
3909 :  0;
3910 : 11;
3911 :  1;
3912 :  1;
3913 :  1;
3914 :  1;
3915 :  1;
3916 : 11;
3917 : 11;
3918 :  0;
3919 :  0;
3920 :  0;
3921 :  0;
3922 :  0;
3923 : 11;
3924 : 11;
3925 : 11;
3926 :  0;
3927 :  0;
3928 : 11;
3929 :  1;
3930 :  1;
3931 :  1;
3932 :  1;
3933 :  1;
3934 : 11;
3935 : 11;
3936 :  0;
3937 : 11;
3938 :  1;
3939 :  1;
3940 :  1;
3941 :  1;
3942 :  1;
3943 :  1;
3944 :  1;
3945 : 11;
3946 : 11;
3947 :  0;
3948 :  0;
3949 :  0;
3950 :  0;
3951 : 11;
3952 :  1;
3953 :  1;
3954 :  1;
3955 :  1;
3956 :  1;
3957 : 11;
3958 : 11;
3959 :  0;
3960 : 11;
3961 :  1;
3962 :  1;
3963 :  1;
3964 :  1;
3965 :  1;
3966 : 11;
3967 : 11;
3968 :  0;
3969 :  0;
3970 :  0;
3971 : 11;
3972 :  1;
3973 :  1;
3974 :  1;
3975 : 11;
3976 : 11;
3977 :  0;
3978 :  0;
3979 :  0;
3980 :  0;
3981 :  0;
3982 :  0;
3983 :  0;
3984 :  0;
3985 :  0;
3986 :  0;
3987 :  0;
3988 :  0;
3989 :  0;
3990 :  0;
3991 :  0;
3992 : 10;
3993 :  0;
3994 :  1;
3995 :  1;
3996 :  1;
3997 : 11;
3998 : 11;
3999 : 11;
4000 : 11;
4001 : 11;
4002 : 11;
4003 :  1;
4004 :  1;
4005 :  1;
4006 :  0;
4007 : 10;
4008 :  0;
4009 :  0;
4010 :  0;
4011 :  0;
4012 :  0;
4013 :  0;
4014 : 11;
4015 :  1;
4016 : 11;
4017 :  0;
4018 :  0;
4019 :  0;
4020 :  0;
4021 :  0;
4022 : 11;
4023 :  1;
4024 :  1;
4025 :  1;
4026 :  1;
4027 :  1;
4028 : 11;
4029 : 11;
4030 :  0;
4031 :  0;
4032 :  0;
4033 :  0;
4034 :  0;
4035 : 11;
4036 : 11;
4037 : 11;
4038 :  0;
4039 :  0;
4040 : 11;
4041 :  1;
4042 :  1;
4043 :  1;
4044 :  1;
4045 :  1;
4046 : 11;
4047 : 11;
4048 :  0;
4049 :  0;
4050 :  0;
4051 :  0;
4052 :  0;
4053 :  0;
4054 :  0;
4055 :  0;
4056 :  0;
4057 : 11;
4058 : 11;
4059 : 11;
4060 :  0;
4061 :  0;
4062 : 11;
4063 :  1;
4064 : 11;
4065 :  0;
4066 :  0;
4067 :  0;
4068 :  0;
4069 :  0;
4070 : 11;
4071 :  1;
4072 :  1;
4073 :  1;
4074 :  1;
4075 :  1;
4076 : 11;
4077 : 11;
4078 :  0;
4079 :  0;
4080 :  0;
4081 :  0;
4082 :  0;
4083 : 11;
4084 : 11;
4085 : 11;
4086 :  0;
4087 :  0;
4088 : 11;
4089 :  1;
4090 :  1;
4091 :  1;
4092 :  1;
4093 :  1;
4094 : 11;
4095 : 11;
4096 :  0;
4097 : 11;
4098 :  1;
4099 :  1;
4100 :  1;
4101 :  1;
4102 :  1;
4103 :  1;
4104 :  1;
4105 : 11;
4106 : 11;
4107 :  0;
4108 :  0;
4109 :  0;
4110 :  0;
4111 : 11;
4112 :  1;
4113 :  1;
4114 :  1;
4115 :  1;
4116 :  1;
4117 : 11;
4118 : 11;
4119 :  0;
4120 : 11;
4121 :  1;
4122 :  1;
4123 :  1;
4124 :  1;
4125 :  1;
4126 :  1;
4127 : 11;
4128 : 11;
4129 :  0;
4130 :  0;
4131 : 11;
4132 :  1;
4133 :  1;
4134 :  1;
4135 : 11;
4136 : 11;
4137 :  0;
4138 :  0;
4139 :  0;
4140 :  0;
4141 :  0;
4142 :  0;
4143 :  0;
4144 :  0;
4145 :  0;
4146 :  0;
4147 :  0;
4148 :  0;
4149 :  0;
4150 :  0;
4151 :  0;
4152 : 10;
4153 :  0;
4154 :  1;
4155 :  1;
4156 :  1;
4157 : 11;
4158 : 11;
4159 : 11;
4160 : 11;
4161 : 11;
4162 : 11;
4163 :  1;
4164 :  1;
4165 :  1;
4166 :  0;
4167 : 10;
4168 :  0;
4169 :  0;
4170 :  0;
4171 :  0;
4172 :  0;
4173 :  0;
4174 : 11;
4175 : 11;
4176 :  0;
4177 :  0;
4178 :  0;
4179 :  0;
4180 :  0;
4181 :  0;
4182 : 11;
4183 :  1;
4184 :  1;
4185 :  1;
4186 :  1;
4187 :  1;
4188 : 11;
4189 : 11;
4190 :  0;
4191 :  0;
4192 :  0;
4193 :  0;
4194 :  0;
4195 :  0;
4196 : 11;
4197 : 11;
4198 :  0;
4199 :  0;
4200 : 11;
4201 :  1;
4202 :  1;
4203 :  1;
4204 :  1;
4205 :  1;
4206 : 11;
4207 : 11;
4208 :  0;
4209 :  0;
4210 :  0;
4211 :  0;
4212 :  0;
4213 :  0;
4214 :  0;
4215 : 11;
4216 :  0;
4217 :  0;
4218 : 11;
4219 : 11;
4220 :  0;
4221 :  0;
4222 : 11;
4223 : 11;
4224 :  0;
4225 :  0;
4226 :  0;
4227 :  0;
4228 :  0;
4229 :  0;
4230 : 11;
4231 :  1;
4232 :  1;
4233 :  1;
4234 :  1;
4235 :  1;
4236 : 11;
4237 : 11;
4238 :  0;
4239 :  0;
4240 :  0;
4241 :  0;
4242 :  0;
4243 :  0;
4244 : 11;
4245 : 11;
4246 :  0;
4247 :  0;
4248 : 11;
4249 :  1;
4250 :  1;
4251 :  1;
4252 :  1;
4253 :  1;
4254 : 11;
4255 : 11;
4256 :  0;
4257 : 11;
4258 :  1;
4259 :  1;
4260 :  1;
4261 :  1;
4262 :  1;
4263 :  1;
4264 :  1;
4265 : 11;
4266 : 11;
4267 :  0;
4268 :  0;
4269 :  0;
4270 :  0;
4271 : 11;
4272 :  1;
4273 :  1;
4274 :  1;
4275 :  1;
4276 :  1;
4277 : 11;
4278 : 11;
4279 :  0;
4280 :  0;
4281 : 11;
4282 :  1;
4283 :  1;
4284 :  1;
4285 :  1;
4286 :  1;
4287 :  1;
4288 : 11;
4289 : 11;
4290 :  0;
4291 :  0;
4292 : 11;
4293 :  1;
4294 :  1;
4295 : 11;
4296 : 11;
4297 :  0;
4298 :  0;
4299 :  0;
4300 :  0;
4301 :  0;
4302 :  0;
4303 :  0;
4304 :  0;
4305 :  0;
4306 :  0;
4307 :  0;
4308 :  0;
4309 :  0;
4310 :  0;
4311 :  0;
4312 : 10;
4313 :  0;
4314 :  1;
4315 :  1;
4316 :  1;
4317 : 11;
4318 : 11;
4319 : 11;
4320 : 11;
4321 : 11;
4322 : 11;
4323 :  1;
4324 :  1;
4325 :  1;
4326 :  0;
4327 : 10;
4328 :  0;
4329 :  0;
4330 :  0;
4331 :  0;
4332 :  0;
4333 :  0;
4334 : 11;
4335 : 11;
4336 :  0;
4337 :  0;
4338 :  0;
4339 :  0;
4340 :  0;
4341 :  0;
4342 : 11;
4343 :  1;
4344 :  1;
4345 :  1;
4346 :  1;
4347 :  1;
4348 : 11;
4349 : 11;
4350 :  0;
4351 :  0;
4352 :  0;
4353 :  0;
4354 :  0;
4355 :  0;
4356 : 11;
4357 : 11;
4358 :  0;
4359 :  0;
4360 : 11;
4361 :  1;
4362 :  1;
4363 :  1;
4364 :  1;
4365 :  1;
4366 : 11;
4367 : 11;
4368 :  0;
4369 :  0;
4370 :  0;
4371 :  0;
4372 :  0;
4373 :  0;
4374 : 11;
4375 : 11;
4376 :  0;
4377 :  0;
4378 :  0;
4379 : 11;
4380 :  0;
4381 :  0;
4382 : 11;
4383 : 11;
4384 :  0;
4385 :  0;
4386 :  0;
4387 :  0;
4388 :  0;
4389 :  0;
4390 : 11;
4391 :  1;
4392 :  1;
4393 :  1;
4394 :  1;
4395 :  1;
4396 : 11;
4397 : 11;
4398 :  0;
4399 :  0;
4400 :  0;
4401 :  0;
4402 :  0;
4403 :  0;
4404 : 11;
4405 : 11;
4406 :  0;
4407 :  0;
4408 : 11;
4409 :  1;
4410 :  1;
4411 :  1;
4412 :  1;
4413 :  1;
4414 : 11;
4415 : 11;
4416 :  0;
4417 : 11;
4418 :  1;
4419 :  1;
4420 :  1;
4421 :  1;
4422 :  1;
4423 :  1;
4424 :  1;
4425 : 11;
4426 : 11;
4427 :  0;
4428 :  0;
4429 :  0;
4430 :  0;
4431 : 11;
4432 :  1;
4433 :  1;
4434 :  1;
4435 :  1;
4436 :  1;
4437 : 11;
4438 : 11;
4439 :  0;
4440 :  0;
4441 : 11;
4442 :  1;
4443 :  1;
4444 :  1;
4445 :  1;
4446 :  1;
4447 :  1;
4448 : 11;
4449 : 11;
4450 :  0;
4451 :  0;
4452 :  0;
4453 : 11;
4454 :  1;
4455 : 11;
4456 : 11;
4457 :  0;
4458 :  0;
4459 :  0;
4460 :  0;
4461 :  0;
4462 :  0;
4463 :  0;
4464 :  0;
4465 :  0;
4466 :  0;
4467 :  0;
4468 :  0;
4469 :  0;
4470 :  0;
4471 :  0;
4472 : 10;
4473 :  0;
4474 :  1;
4475 :  1;
4476 :  1;
4477 : 11;
4478 : 11;
4479 : 11;
4480 : 11;
4481 : 11;
4482 : 11;
4483 :  1;
4484 :  1;
4485 :  1;
4486 :  0;
4487 : 10;
4488 :  0;
4489 :  0;
4490 :  0;
4491 :  0;
4492 :  0;
4493 :  0;
4494 : 11;
4495 :  0;
4496 :  0;
4497 :  0;
4498 :  0;
4499 :  0;
4500 :  0;
4501 :  0;
4502 : 11;
4503 :  1;
4504 :  1;
4505 :  1;
4506 :  1;
4507 :  1;
4508 : 11;
4509 : 11;
4510 :  0;
4511 :  0;
4512 :  0;
4513 :  0;
4514 :  0;
4515 :  0;
4516 :  0;
4517 : 11;
4518 :  0;
4519 :  0;
4520 : 11;
4521 :  1;
4522 :  1;
4523 :  1;
4524 :  1;
4525 :  1;
4526 : 11;
4527 : 11;
4528 :  0;
4529 :  0;
4530 :  0;
4531 :  0;
4532 :  0;
4533 : 11;
4534 : 11;
4535 : 11;
4536 :  0;
4537 :  0;
4538 :  0;
4539 :  0;
4540 :  0;
4541 :  0;
4542 : 11;
4543 :  0;
4544 :  0;
4545 :  0;
4546 :  0;
4547 :  0;
4548 :  0;
4549 :  0;
4550 : 11;
4551 :  1;
4552 :  1;
4553 :  1;
4554 :  1;
4555 :  1;
4556 : 11;
4557 : 11;
4558 :  0;
4559 :  0;
4560 :  0;
4561 :  0;
4562 :  0;
4563 :  0;
4564 :  0;
4565 : 11;
4566 :  0;
4567 :  0;
4568 : 11;
4569 :  1;
4570 :  1;
4571 :  1;
4572 :  1;
4573 :  1;
4574 : 11;
4575 : 11;
4576 :  0;
4577 : 11;
4578 :  1;
4579 :  1;
4580 :  1;
4581 :  1;
4582 :  1;
4583 :  1;
4584 :  1;
4585 : 11;
4586 : 11;
4587 :  0;
4588 :  0;
4589 :  0;
4590 :  0;
4591 : 11;
4592 :  1;
4593 :  1;
4594 :  1;
4595 :  1;
4596 :  1;
4597 : 11;
4598 : 11;
4599 :  0;
4600 :  0;
4601 : 11;
4602 :  1;
4603 :  1;
4604 :  1;
4605 :  1;
4606 :  1;
4607 :  1;
4608 :  1;
4609 : 11;
4610 : 11;
4611 :  0;
4612 :  0;
4613 :  0;
4614 : 11;
4615 : 11;
4616 : 11;
4617 :  0;
4618 :  0;
4619 :  0;
4620 :  0;
4621 :  0;
4622 :  0;
4623 :  0;
4624 :  0;
4625 :  0;
4626 :  0;
4627 :  0;
4628 :  0;
4629 :  0;
4630 :  0;
4631 :  0;
4632 : 10;
4633 :  0;
4634 :  1;
4635 :  1;
4636 :  1;
4637 : 11;
4638 : 11;
4639 : 11;
4640 : 11;
4641 : 11;
4642 : 11;
4643 :  1;
4644 :  1;
4645 :  1;
4646 :  0;
4647 : 10;
4648 :  0;
4649 :  0;
4650 :  0;
4651 :  0;
4652 :  0;
4653 :  0;
4654 :  0;
4655 :  0;
4656 :  0;
4657 :  0;
4658 :  0;
4659 :  0;
4660 :  0;
4661 :  0;
4662 : 11;
4663 :  1;
4664 :  1;
4665 :  1;
4666 :  1;
4667 :  1;
4668 : 11;
4669 : 11;
4670 :  0;
4671 :  0;
4672 :  0;
4673 :  0;
4674 :  0;
4675 :  0;
4676 :  0;
4677 :  0;
4678 :  0;
4679 :  0;
4680 : 11;
4681 :  1;
4682 :  1;
4683 :  1;
4684 :  1;
4685 :  1;
4686 : 11;
4687 : 11;
4688 :  0;
4689 :  0;
4690 :  0;
4691 :  0;
4692 : 11;
4693 :  1;
4694 : 11;
4695 : 11;
4696 :  0;
4697 :  0;
4698 :  0;
4699 :  0;
4700 :  0;
4701 :  0;
4702 :  0;
4703 :  0;
4704 :  0;
4705 :  0;
4706 :  0;
4707 :  0;
4708 :  0;
4709 :  0;
4710 : 11;
4711 :  1;
4712 :  1;
4713 :  1;
4714 :  1;
4715 :  1;
4716 : 11;
4717 : 11;
4718 :  0;
4719 :  0;
4720 :  0;
4721 :  0;
4722 :  0;
4723 :  0;
4724 :  0;
4725 :  0;
4726 :  0;
4727 :  0;
4728 : 11;
4729 :  1;
4730 :  1;
4731 :  1;
4732 :  1;
4733 :  1;
4734 : 11;
4735 : 11;
4736 :  0;
4737 : 11;
4738 :  1;
4739 :  1;
4740 :  1;
4741 :  1;
4742 :  1;
4743 :  1;
4744 : 11;
4745 : 11;
4746 :  0;
4747 :  0;
4748 :  0;
4749 :  0;
4750 :  0;
4751 : 11;
4752 :  1;
4753 :  1;
4754 :  1;
4755 :  1;
4756 :  1;
4757 : 11;
4758 : 11;
4759 :  0;
4760 :  0;
4761 :  0;
4762 : 11;
4763 :  1;
4764 :  1;
4765 :  1;
4766 :  1;
4767 :  1;
4768 :  1;
4769 :  1;
4770 : 11;
4771 : 11;
4772 :  0;
4773 :  0;
4774 : 11;
4775 : 11;
4776 : 11;
4777 :  0;
4778 :  0;
4779 :  0;
4780 :  0;
4781 :  0;
4782 :  0;
4783 :  0;
4784 :  0;
4785 :  0;
4786 :  0;
4787 :  0;
4788 :  0;
4789 :  0;
4790 :  0;
4791 :  0;
4792 : 10;
4793 :  0;
4794 :  1;
4795 :  1;
4796 :  1;
4797 : 11;
4798 : 11;
4799 : 11;
4800 : 11;
4801 : 11;
4802 : 11;
4803 :  1;
4804 :  1;
4805 :  1;
4806 :  0;
4807 : 10;
4808 :  0;
4809 :  0;
4810 :  0;
4811 :  0;
4812 :  0;
4813 :  0;
4814 :  0;
4815 :  0;
4816 :  0;
4817 :  0;
4818 :  0;
4819 :  0;
4820 :  0;
4821 :  0;
4822 : 11;
4823 :  1;
4824 :  1;
4825 :  1;
4826 :  1;
4827 :  1;
4828 : 11;
4829 : 11;
4830 :  0;
4831 :  0;
4832 :  0;
4833 :  0;
4834 :  0;
4835 :  0;
4836 :  0;
4837 :  0;
4838 :  0;
4839 :  0;
4840 : 11;
4841 :  1;
4842 :  1;
4843 :  1;
4844 :  1;
4845 :  1;
4846 : 11;
4847 : 11;
4848 :  0;
4849 :  0;
4850 :  0;
4851 : 11;
4852 :  1;
4853 :  1;
4854 : 11;
4855 : 11;
4856 :  0;
4857 :  0;
4858 :  0;
4859 :  0;
4860 :  0;
4861 :  0;
4862 :  0;
4863 :  0;
4864 :  0;
4865 :  0;
4866 :  0;
4867 :  0;
4868 :  0;
4869 :  0;
4870 : 11;
4871 :  1;
4872 :  1;
4873 :  1;
4874 :  1;
4875 :  1;
4876 : 11;
4877 : 11;
4878 :  0;
4879 :  0;
4880 :  0;
4881 :  0;
4882 :  0;
4883 :  0;
4884 :  0;
4885 :  0;
4886 :  0;
4887 :  0;
4888 : 11;
4889 :  1;
4890 :  1;
4891 :  1;
4892 :  1;
4893 :  1;
4894 : 11;
4895 : 11;
4896 :  0;
4897 : 11;
4898 :  1;
4899 :  1;
4900 :  1;
4901 :  1;
4902 :  1;
4903 :  1;
4904 : 11;
4905 : 11;
4906 :  0;
4907 :  0;
4908 :  0;
4909 :  0;
4910 :  0;
4911 : 11;
4912 :  1;
4913 :  1;
4914 :  1;
4915 :  1;
4916 :  1;
4917 : 11;
4918 : 11;
4919 :  0;
4920 :  0;
4921 :  0;
4922 : 11;
4923 :  1;
4924 :  1;
4925 :  1;
4926 :  1;
4927 :  1;
4928 :  1;
4929 :  1;
4930 :  1;
4931 : 11;
4932 : 11;
4933 :  0;
4934 :  0;
4935 : 11;
4936 : 11;
4937 :  0;
4938 :  0;
4939 :  0;
4940 :  0;
4941 :  0;
4942 :  0;
4943 :  0;
4944 :  0;
4945 :  0;
4946 :  0;
4947 :  0;
4948 :  0;
4949 :  0;
4950 :  0;
4951 :  0;
4952 : 10;
4953 :  0;
4954 :  1;
4955 :  1;
4956 :  1;
4957 : 11;
4958 : 11;
4959 : 11;
4960 : 11;
4961 : 11;
4962 : 11;
4963 :  1;
4964 :  1;
4965 :  1;
4966 :  0;
4967 : 10;
4968 :  0;
4969 :  0;
4970 :  0;
4971 :  0;
4972 :  0;
4973 :  0;
4974 :  0;
4975 :  0;
4976 :  0;
4977 :  0;
4978 :  0;
4979 :  0;
4980 :  0;
4981 :  0;
4982 : 11;
4983 : 10;
4984 : 10;
4985 : 10;
4986 : 10;
4987 : 10;
4988 : 11;
4989 : 11;
4990 :  0;
4991 :  0;
4992 :  0;
4993 :  0;
4994 :  0;
4995 :  0;
4996 :  0;
4997 :  0;
4998 :  0;
4999 :  0;
5000 : 11;
5001 : 10;
5002 : 10;
5003 : 10;
5004 : 10;
5005 : 10;
5006 : 11;
5007 : 11;
5008 :  0;
5009 :  0;
5010 : 11;
5011 : 10;
5012 : 10;
5013 : 10;
5014 : 11;
5015 : 11;
5016 :  0;
5017 :  0;
5018 :  0;
5019 :  0;
5020 :  0;
5021 :  0;
5022 :  0;
5023 :  0;
5024 :  0;
5025 :  0;
5026 :  0;
5027 :  0;
5028 :  0;
5029 :  0;
5030 : 11;
5031 : 10;
5032 : 10;
5033 : 10;
5034 : 10;
5035 : 10;
5036 : 11;
5037 : 11;
5038 :  0;
5039 :  0;
5040 :  0;
5041 :  0;
5042 :  0;
5043 :  0;
5044 :  0;
5045 :  0;
5046 :  0;
5047 :  0;
5048 : 11;
5049 : 10;
5050 : 10;
5051 : 10;
5052 : 10;
5053 : 10;
5054 : 11;
5055 : 11;
5056 :  0;
5057 : 11;
5058 : 10;
5059 : 10;
5060 : 10;
5061 : 11;
5062 : 11;
5063 : 11;
5064 : 11;
5065 :  0;
5066 :  0;
5067 :  0;
5068 :  0;
5069 :  0;
5070 :  0;
5071 : 11;
5072 : 10;
5073 : 10;
5074 : 10;
5075 : 10;
5076 : 10;
5077 : 11;
5078 : 11;
5079 :  0;
5080 :  0;
5081 :  0;
5082 :  0;
5083 : 11;
5084 : 10;
5085 : 10;
5086 : 10;
5087 : 10;
5088 : 10;
5089 : 10;
5090 : 10;
5091 : 10;
5092 : 11;
5093 :  0;
5094 :  0;
5095 :  0;
5096 : 11;
5097 :  0;
5098 :  0;
5099 :  0;
5100 :  0;
5101 :  0;
5102 :  0;
5103 :  0;
5104 :  0;
5105 :  0;
5106 :  0;
5107 :  0;
5108 :  0;
5109 :  0;
5110 :  0;
5111 :  0;
5112 : 10;
5113 :  0;
5114 :  1;
5115 :  1;
5116 :  1;
5117 : 11;
5118 : 11;
5119 : 11;
5120 : 11;
5121 : 11;
5122 : 11;
5123 :  1;
5124 :  1;
5125 :  1;
5126 :  0;
5127 : 10;
5128 :  0;
5129 :  0;
5130 :  0;
5131 :  0;
5132 :  0;
5133 :  0;
5134 :  0;
5135 :  0;
5136 :  0;
5137 :  0;
5138 :  0;
5139 :  0;
5140 :  0;
5141 :  0;
5142 : 11;
5143 : 10;
5144 : 10;
5145 : 10;
5146 : 10;
5147 : 10;
5148 : 11;
5149 : 11;
5150 :  0;
5151 :  0;
5152 :  0;
5153 :  0;
5154 :  0;
5155 :  0;
5156 :  0;
5157 :  0;
5158 :  0;
5159 :  0;
5160 : 11;
5161 : 10;
5162 : 10;
5163 : 10;
5164 : 10;
5165 : 10;
5166 : 11;
5167 : 11;
5168 :  0;
5169 : 11;
5170 : 10;
5171 : 10;
5172 : 10;
5173 : 10;
5174 : 11;
5175 : 11;
5176 :  0;
5177 :  0;
5178 :  0;
5179 :  0;
5180 :  0;
5181 :  0;
5182 :  0;
5183 :  0;
5184 :  0;
5185 :  0;
5186 :  0;
5187 :  0;
5188 :  0;
5189 :  0;
5190 : 11;
5191 : 10;
5192 : 10;
5193 : 10;
5194 : 10;
5195 : 10;
5196 : 11;
5197 : 11;
5198 :  0;
5199 :  0;
5200 :  0;
5201 :  0;
5202 :  0;
5203 :  0;
5204 :  0;
5205 :  0;
5206 :  0;
5207 :  0;
5208 : 11;
5209 : 10;
5210 : 10;
5211 : 10;
5212 : 10;
5213 : 10;
5214 : 11;
5215 : 11;
5216 :  0;
5217 : 11;
5218 : 10;
5219 : 11;
5220 : 11;
5221 : 11;
5222 : 11;
5223 : 11;
5224 :  0;
5225 :  0;
5226 :  0;
5227 :  0;
5228 :  0;
5229 :  0;
5230 :  0;
5231 : 11;
5232 : 10;
5233 : 10;
5234 : 10;
5235 : 10;
5236 : 10;
5237 : 11;
5238 : 11;
5239 :  0;
5240 :  0;
5241 :  0;
5242 :  0;
5243 :  0;
5244 : 11;
5245 : 10;
5246 : 10;
5247 : 10;
5248 : 10;
5249 : 10;
5250 : 10;
5251 : 10;
5252 : 11;
5253 : 11;
5254 :  0;
5255 :  0;
5256 :  0;
5257 :  0;
5258 :  0;
5259 :  0;
5260 :  0;
5261 :  0;
5262 :  0;
5263 :  0;
5264 :  0;
5265 :  0;
5266 :  0;
5267 :  0;
5268 :  0;
5269 :  0;
5270 :  0;
5271 :  0;
5272 : 10;
5273 :  0;
5274 :  1;
5275 :  1;
5276 :  1;
5277 : 11;
5278 : 11;
5279 : 11;
5280 : 11;
5281 : 11;
5282 : 11;
5283 :  1;
5284 :  1;
5285 :  1;
5286 :  0;
5287 : 10;
5288 :  0;
5289 :  0;
5290 :  0;
5291 :  0;
5292 :  0;
5293 :  0;
5294 :  0;
5295 :  0;
5296 :  0;
5297 :  0;
5298 :  0;
5299 :  0;
5300 :  0;
5301 :  0;
5302 : 11;
5303 : 10;
5304 : 10;
5305 : 10;
5306 : 10;
5307 : 10;
5308 : 11;
5309 : 11;
5310 :  0;
5311 :  0;
5312 :  0;
5313 :  0;
5314 :  0;
5315 :  0;
5316 :  0;
5317 :  0;
5318 :  0;
5319 :  0;
5320 : 11;
5321 : 10;
5322 : 10;
5323 : 10;
5324 : 10;
5325 : 10;
5326 : 11;
5327 : 11;
5328 :  0;
5329 :  0;
5330 : 11;
5331 : 10;
5332 : 10;
5333 : 10;
5334 : 11;
5335 : 11;
5336 :  0;
5337 :  0;
5338 :  0;
5339 :  0;
5340 :  0;
5341 :  0;
5342 :  0;
5343 :  0;
5344 :  0;
5345 :  0;
5346 :  0;
5347 :  0;
5348 :  0;
5349 :  0;
5350 : 11;
5351 : 10;
5352 : 10;
5353 : 10;
5354 : 10;
5355 : 10;
5356 : 11;
5357 : 11;
5358 :  0;
5359 :  0;
5360 :  0;
5361 :  0;
5362 :  0;
5363 :  0;
5364 :  0;
5365 :  0;
5366 :  0;
5367 :  0;
5368 : 11;
5369 : 10;
5370 : 10;
5371 : 10;
5372 : 10;
5373 : 10;
5374 : 11;
5375 : 11;
5376 :  0;
5377 : 11;
5378 : 11;
5379 : 11;
5380 : 11;
5381 :  0;
5382 :  0;
5383 :  0;
5384 :  0;
5385 :  0;
5386 :  0;
5387 :  0;
5388 :  0;
5389 :  0;
5390 :  0;
5391 : 11;
5392 : 10;
5393 : 10;
5394 : 10;
5395 : 10;
5396 : 10;
5397 : 11;
5398 : 11;
5399 :  0;
5400 :  0;
5401 : 11;
5402 :  0;
5403 :  0;
5404 :  0;
5405 : 11;
5406 : 10;
5407 : 10;
5408 : 10;
5409 : 10;
5410 : 10;
5411 : 10;
5412 : 10;
5413 : 11;
5414 : 11;
5415 :  0;
5416 :  0;
5417 :  0;
5418 :  0;
5419 :  0;
5420 :  0;
5421 :  0;
5422 :  0;
5423 :  0;
5424 :  0;
5425 :  0;
5426 :  0;
5427 :  0;
5428 :  0;
5429 :  0;
5430 :  0;
5431 :  0;
5432 : 10;
5433 :  0;
5434 :  1;
5435 :  1;
5436 :  1;
5437 : 11;
5438 : 11;
5439 : 11;
5440 : 11;
5441 : 11;
5442 : 11;
5443 :  1;
5444 :  1;
5445 :  1;
5446 :  0;
5447 : 10;
5448 :  0;
5449 :  0;
5450 :  0;
5451 :  0;
5452 :  0;
5453 :  0;
5454 :  0;
5455 :  0;
5456 :  0;
5457 :  0;
5458 :  0;
5459 :  0;
5460 :  0;
5461 :  0;
5462 : 11;
5463 : 10;
5464 : 10;
5465 : 10;
5466 : 10;
5467 : 10;
5468 : 11;
5469 : 11;
5470 :  0;
5471 :  0;
5472 :  0;
5473 :  0;
5474 :  0;
5475 :  0;
5476 :  0;
5477 :  0;
5478 :  0;
5479 :  0;
5480 : 11;
5481 : 10;
5482 : 10;
5483 : 10;
5484 : 10;
5485 : 10;
5486 : 11;
5487 : 11;
5488 :  0;
5489 :  0;
5490 :  0;
5491 : 11;
5492 : 10;
5493 : 10;
5494 : 11;
5495 : 11;
5496 :  0;
5497 :  0;
5498 :  0;
5499 :  0;
5500 :  0;
5501 :  0;
5502 :  0;
5503 :  0;
5504 :  0;
5505 :  0;
5506 :  0;
5507 :  0;
5508 :  0;
5509 :  0;
5510 : 11;
5511 : 10;
5512 : 10;
5513 : 10;
5514 : 10;
5515 : 10;
5516 : 11;
5517 : 11;
5518 :  0;
5519 :  0;
5520 :  0;
5521 :  0;
5522 :  0;
5523 :  0;
5524 :  0;
5525 :  0;
5526 :  0;
5527 :  0;
5528 : 11;
5529 : 10;
5530 : 10;
5531 : 10;
5532 : 10;
5533 : 10;
5534 : 11;
5535 : 11;
5536 :  0;
5537 : 11;
5538 : 11;
5539 :  0;
5540 :  0;
5541 :  0;
5542 :  0;
5543 :  0;
5544 :  0;
5545 :  0;
5546 :  0;
5547 :  0;
5548 :  0;
5549 :  0;
5550 :  0;
5551 : 11;
5552 : 10;
5553 : 10;
5554 : 10;
5555 : 10;
5556 : 10;
5557 : 11;
5558 : 11;
5559 :  0;
5560 :  0;
5561 : 11;
5562 : 11;
5563 :  0;
5564 :  0;
5565 : 11;
5566 : 10;
5567 : 10;
5568 : 10;
5569 : 10;
5570 : 10;
5571 : 10;
5572 : 10;
5573 : 10;
5574 : 11;
5575 : 11;
5576 :  0;
5577 :  0;
5578 :  0;
5579 :  0;
5580 :  0;
5581 :  0;
5582 :  0;
5583 :  0;
5584 :  0;
5585 :  0;
5586 :  0;
5587 :  0;
5588 :  0;
5589 :  0;
5590 :  0;
5591 :  0;
5592 : 10;
5593 :  0;
5594 :  1;
5595 :  1;
5596 :  1;
5597 : 11;
5598 : 11;
5599 : 11;
5600 : 11;
5601 : 11;
5602 : 11;
5603 :  1;
5604 :  1;
5605 :  1;
5606 :  0;
5607 : 10;
5608 :  0;
5609 :  0;
5610 :  0;
5611 :  0;
5612 :  0;
5613 :  0;
5614 :  0;
5615 :  0;
5616 :  0;
5617 :  0;
5618 :  0;
5619 :  0;
5620 :  0;
5621 :  0;
5622 : 11;
5623 : 10;
5624 : 10;
5625 : 10;
5626 : 10;
5627 : 10;
5628 : 11;
5629 : 11;
5630 :  0;
5631 :  0;
5632 :  0;
5633 :  0;
5634 :  0;
5635 :  0;
5636 :  0;
5637 :  0;
5638 :  0;
5639 :  0;
5640 : 11;
5641 : 10;
5642 : 10;
5643 : 10;
5644 : 10;
5645 : 10;
5646 : 11;
5647 : 11;
5648 :  0;
5649 :  0;
5650 :  0;
5651 :  0;
5652 : 11;
5653 : 10;
5654 : 11;
5655 : 11;
5656 :  0;
5657 :  0;
5658 :  0;
5659 :  0;
5660 :  0;
5661 :  0;
5662 :  0;
5663 :  0;
5664 :  0;
5665 :  0;
5666 :  0;
5667 :  0;
5668 :  0;
5669 :  0;
5670 : 11;
5671 : 10;
5672 : 10;
5673 : 10;
5674 : 10;
5675 : 10;
5676 : 11;
5677 : 11;
5678 :  0;
5679 :  0;
5680 :  0;
5681 :  0;
5682 :  0;
5683 :  0;
5684 :  0;
5685 :  0;
5686 :  0;
5687 :  0;
5688 : 11;
5689 : 10;
5690 : 10;
5691 : 10;
5692 : 10;
5693 : 10;
5694 : 11;
5695 : 11;
5696 :  0;
5697 : 11;
5698 : 10;
5699 : 11;
5700 :  0;
5701 :  0;
5702 :  0;
5703 :  0;
5704 :  0;
5705 :  0;
5706 :  0;
5707 :  0;
5708 :  0;
5709 :  0;
5710 :  0;
5711 : 11;
5712 : 10;
5713 : 10;
5714 : 10;
5715 : 10;
5716 : 10;
5717 : 11;
5718 : 11;
5719 :  0;
5720 :  0;
5721 : 11;
5722 : 11;
5723 : 11;
5724 :  0;
5725 :  0;
5726 : 11;
5727 : 10;
5728 : 10;
5729 : 10;
5730 : 10;
5731 : 10;
5732 : 10;
5733 : 10;
5734 : 10;
5735 : 11;
5736 : 11;
5737 :  0;
5738 :  0;
5739 :  0;
5740 :  0;
5741 :  0;
5742 :  0;
5743 :  0;
5744 :  0;
5745 :  0;
5746 :  0;
5747 :  0;
5748 :  0;
5749 :  0;
5750 :  0;
5751 :  0;
5752 : 10;
5753 :  0;
5754 :  1;
5755 :  1;
5756 :  1;
5757 : 11;
5758 : 11;
5759 : 11;
5760 : 11;
5761 : 11;
5762 : 11;
5763 :  1;
5764 :  1;
5765 :  1;
5766 :  0;
5767 : 10;
5768 :  0;
5769 :  0;
5770 :  0;
5771 :  0;
5772 :  0;
5773 :  0;
5774 :  0;
5775 :  0;
5776 :  0;
5777 :  0;
5778 :  0;
5779 :  0;
5780 :  0;
5781 :  0;
5782 : 11;
5783 : 10;
5784 : 10;
5785 : 10;
5786 : 10;
5787 : 10;
5788 : 11;
5789 : 11;
5790 :  0;
5791 :  0;
5792 :  0;
5793 :  0;
5794 :  0;
5795 :  0;
5796 :  0;
5797 :  0;
5798 :  0;
5799 :  0;
5800 : 11;
5801 : 10;
5802 : 10;
5803 : 10;
5804 : 10;
5805 : 10;
5806 : 11;
5807 : 11;
5808 :  0;
5809 :  0;
5810 :  0;
5811 :  0;
5812 :  0;
5813 : 11;
5814 : 11;
5815 : 11;
5816 :  0;
5817 :  0;
5818 :  0;
5819 :  0;
5820 :  0;
5821 :  0;
5822 :  0;
5823 :  0;
5824 :  0;
5825 :  0;
5826 :  0;
5827 :  0;
5828 :  0;
5829 :  0;
5830 : 11;
5831 : 10;
5832 : 10;
5833 : 10;
5834 : 10;
5835 : 10;
5836 : 11;
5837 : 11;
5838 :  0;
5839 :  0;
5840 :  0;
5841 :  0;
5842 :  0;
5843 :  0;
5844 :  0;
5845 :  0;
5846 :  0;
5847 :  0;
5848 : 11;
5849 : 10;
5850 : 10;
5851 : 10;
5852 : 10;
5853 : 10;
5854 : 11;
5855 : 11;
5856 :  0;
5857 : 11;
5858 : 10;
5859 : 11;
5860 :  0;
5861 :  0;
5862 :  0;
5863 :  0;
5864 :  0;
5865 :  0;
5866 :  0;
5867 :  0;
5868 :  0;
5869 :  0;
5870 :  0;
5871 : 11;
5872 : 10;
5873 : 10;
5874 : 10;
5875 : 10;
5876 : 10;
5877 : 11;
5878 : 11;
5879 :  0;
5880 :  0;
5881 : 11;
5882 : 10;
5883 : 11;
5884 :  0;
5885 :  0;
5886 :  0;
5887 : 11;
5888 : 10;
5889 : 10;
5890 : 10;
5891 : 10;
5892 : 10;
5893 : 10;
5894 : 10;
5895 : 11;
5896 : 11;
5897 :  0;
5898 :  0;
5899 :  0;
5900 :  0;
5901 :  0;
5902 :  0;
5903 :  0;
5904 :  0;
5905 :  0;
5906 :  0;
5907 :  0;
5908 :  0;
5909 :  0;
5910 :  0;
5911 :  0;
5912 : 10;
5913 :  0;
5914 :  1;
5915 :  1;
5916 :  1;
5917 : 11;
5918 : 11;
5919 : 11;
5920 : 11;
5921 : 11;
5922 : 11;
5923 :  1;
5924 :  1;
5925 :  1;
5926 :  0;
5927 : 10;
5928 :  0;
5929 :  0;
5930 :  0;
5931 :  0;
5932 :  0;
5933 :  0;
5934 :  0;
5935 :  0;
5936 :  0;
5937 :  0;
5938 :  0;
5939 :  0;
5940 :  0;
5941 :  0;
5942 : 11;
5943 : 10;
5944 : 10;
5945 : 10;
5946 : 10;
5947 : 10;
5948 : 11;
5949 : 11;
5950 :  0;
5951 :  0;
5952 :  0;
5953 :  0;
5954 :  0;
5955 :  0;
5956 :  0;
5957 :  0;
5958 :  0;
5959 :  0;
5960 : 11;
5961 : 10;
5962 : 10;
5963 : 10;
5964 : 10;
5965 : 10;
5966 : 11;
5967 : 11;
5968 :  0;
5969 :  0;
5970 :  0;
5971 :  0;
5972 :  0;
5973 :  0;
5974 : 11;
5975 : 11;
5976 :  0;
5977 :  0;
5978 :  0;
5979 : 11;
5980 :  0;
5981 :  0;
5982 :  0;
5983 :  0;
5984 :  0;
5985 :  0;
5986 :  0;
5987 :  0;
5988 :  0;
5989 :  0;
5990 : 11;
5991 : 10;
5992 : 10;
5993 : 10;
5994 : 10;
5995 : 10;
5996 : 11;
5997 : 11;
5998 :  0;
5999 :  0;
6000 :  0;
6001 :  0;
6002 :  0;
6003 :  0;
6004 :  0;
6005 :  0;
6006 :  0;
6007 :  0;
6008 : 11;
6009 : 10;
6010 : 10;
6011 : 10;
6012 : 10;
6013 : 10;
6014 : 11;
6015 : 11;
6016 :  0;
6017 : 11;
6018 : 10;
6019 : 10;
6020 : 11;
6021 :  0;
6022 :  0;
6023 :  0;
6024 :  0;
6025 :  0;
6026 :  0;
6027 :  0;
6028 :  0;
6029 :  0;
6030 :  0;
6031 : 11;
6032 : 10;
6033 : 10;
6034 : 10;
6035 : 10;
6036 : 10;
6037 : 11;
6038 : 11;
6039 :  0;
6040 :  0;
6041 : 11;
6042 : 10;
6043 : 11;
6044 : 11;
6045 :  0;
6046 :  0;
6047 : 11;
6048 : 10;
6049 : 10;
6050 : 10;
6051 : 10;
6052 : 10;
6053 : 10;
6054 : 10;
6055 : 10;
6056 : 11;
6057 : 11;
6058 :  0;
6059 :  0;
6060 :  0;
6061 :  0;
6062 :  0;
6063 :  0;
6064 :  0;
6065 :  0;
6066 :  0;
6067 :  0;
6068 :  0;
6069 :  0;
6070 :  0;
6071 :  0;
6072 : 10;
6073 :  0;
6074 :  1;
6075 :  1;
6076 :  1;
6077 : 11;
6078 : 11;
6079 : 11;
6080 : 11;
6081 : 11;
6082 : 11;
6083 :  1;
6084 :  1;
6085 :  1;
6086 :  0;
6087 : 10;
6088 :  0;
6089 :  0;
6090 :  0;
6091 :  0;
6092 :  0;
6093 :  0;
6094 :  0;
6095 :  0;
6096 :  0;
6097 :  0;
6098 :  0;
6099 :  0;
6100 :  0;
6101 :  0;
6102 : 11;
6103 : 10;
6104 : 10;
6105 : 10;
6106 : 10;
6107 : 10;
6108 : 11;
6109 : 11;
6110 :  0;
6111 :  0;
6112 :  0;
6113 :  0;
6114 :  0;
6115 :  0;
6116 :  0;
6117 :  0;
6118 :  0;
6119 :  0;
6120 : 11;
6121 : 10;
6122 : 10;
6123 : 10;
6124 : 10;
6125 : 10;
6126 : 11;
6127 : 11;
6128 :  0;
6129 :  0;
6130 :  0;
6131 :  0;
6132 :  0;
6133 :  0;
6134 :  0;
6135 : 11;
6136 :  0;
6137 :  0;
6138 : 11;
6139 : 11;
6140 :  0;
6141 :  0;
6142 :  0;
6143 :  0;
6144 :  0;
6145 :  0;
6146 :  0;
6147 :  0;
6148 :  0;
6149 :  0;
6150 : 11;
6151 : 10;
6152 : 10;
6153 : 10;
6154 : 10;
6155 : 10;
6156 : 11;
6157 : 11;
6158 :  0;
6159 :  0;
6160 :  0;
6161 :  0;
6162 :  0;
6163 :  0;
6164 :  0;
6165 :  0;
6166 :  0;
6167 :  0;
6168 : 11;
6169 : 10;
6170 : 10;
6171 : 10;
6172 : 10;
6173 : 10;
6174 : 11;
6175 : 11;
6176 :  0;
6177 : 11;
6178 : 10;
6179 : 10;
6180 : 10;
6181 : 11;
6182 :  0;
6183 :  0;
6184 :  0;
6185 :  0;
6186 :  0;
6187 :  0;
6188 :  0;
6189 :  0;
6190 :  0;
6191 : 11;
6192 : 10;
6193 : 10;
6194 : 10;
6195 : 10;
6196 : 10;
6197 : 11;
6198 : 11;
6199 :  0;
6200 :  0;
6201 : 11;
6202 : 10;
6203 : 10;
6204 : 11;
6205 : 11;
6206 :  0;
6207 :  0;
6208 : 11;
6209 : 10;
6210 : 10;
6211 : 10;
6212 : 10;
6213 : 10;
6214 : 10;
6215 : 10;
6216 : 11;
6217 : 11;
6218 :  0;
6219 :  0;
6220 :  0;
6221 :  0;
6222 :  0;
6223 :  0;
6224 :  0;
6225 :  0;
6226 :  0;
6227 :  0;
6228 :  0;
6229 :  0;
6230 :  0;
6231 :  0;
6232 : 10;
6233 :  0;
6234 :  1;
6235 :  1;
6236 :  1;
6237 : 11;
6238 : 11;
6239 : 11;
6240 : 11;
6241 : 11;
6242 : 11;
6243 :  1;
6244 :  1;
6245 :  1;
6246 :  0;
6247 : 10;
6248 :  0;
6249 :  0;
6250 :  0;
6251 :  0;
6252 :  0;
6253 :  0;
6254 :  0;
6255 :  0;
6256 :  0;
6257 :  0;
6258 :  0;
6259 :  0;
6260 :  0;
6261 :  0;
6262 : 11;
6263 : 11;
6264 : 11;
6265 : 11;
6266 : 11;
6267 : 11;
6268 : 11;
6269 : 11;
6270 :  0;
6271 :  0;
6272 :  0;
6273 :  0;
6274 :  0;
6275 :  0;
6276 :  0;
6277 :  0;
6278 :  0;
6279 :  0;
6280 : 11;
6281 : 11;
6282 : 11;
6283 : 11;
6284 : 11;
6285 : 11;
6286 : 11;
6287 : 11;
6288 :  0;
6289 :  0;
6290 :  0;
6291 :  0;
6292 :  0;
6293 :  0;
6294 :  0;
6295 :  0;
6296 :  0;
6297 : 11;
6298 : 11;
6299 : 11;
6300 :  0;
6301 :  0;
6302 :  0;
6303 :  0;
6304 :  0;
6305 :  0;
6306 :  0;
6307 :  0;
6308 :  0;
6309 :  0;
6310 : 11;
6311 : 11;
6312 : 11;
6313 : 11;
6314 : 11;
6315 : 11;
6316 : 11;
6317 : 11;
6318 :  0;
6319 :  0;
6320 :  0;
6321 :  0;
6322 :  0;
6323 :  0;
6324 :  0;
6325 :  0;
6326 :  0;
6327 :  0;
6328 : 11;
6329 : 11;
6330 : 11;
6331 : 11;
6332 : 11;
6333 : 11;
6334 : 11;
6335 : 11;
6336 :  0;
6337 : 11;
6338 : 11;
6339 : 11;
6340 : 11;
6341 : 11;
6342 : 11;
6343 :  0;
6344 :  0;
6345 :  0;
6346 :  0;
6347 :  0;
6348 :  0;
6349 :  0;
6350 :  0;
6351 : 11;
6352 : 11;
6353 : 11;
6354 : 11;
6355 : 11;
6356 : 11;
6357 : 11;
6358 : 11;
6359 :  0;
6360 :  0;
6361 : 11;
6362 : 11;
6363 : 11;
6364 : 11;
6365 : 11;
6366 : 11;
6367 :  0;
6368 :  0;
6369 : 11;
6370 : 11;
6371 : 11;
6372 : 11;
6373 : 11;
6374 : 11;
6375 : 11;
6376 : 11;
6377 : 11;
6378 : 11;
6379 :  0;
6380 :  0;
6381 :  0;
6382 :  0;
6383 :  0;
6384 :  0;
6385 :  0;
6386 :  0;
6387 :  0;
6388 :  0;
6389 :  0;
6390 :  0;
6391 :  0;
6392 : 10;
6393 :  0;
6394 :  1;
6395 :  1;
6396 :  1;
6397 : 11;
6398 : 11;
6399 : 11;
6400 : 11;
6401 : 11;
6402 : 11;
6403 :  1;
6404 :  1;
6405 :  1;
6406 :  0;
6407 : 10;
6408 :  0;
6409 :  0;
6410 :  0;
6411 :  0;
6412 :  0;
6413 :  0;
6414 :  0;
6415 :  0;
6416 :  0;
6417 :  0;
6418 :  0;
6419 :  0;
6420 :  0;
6421 :  0;
6422 : 11;
6423 : 11;
6424 : 11;
6425 : 11;
6426 : 11;
6427 : 11;
6428 : 11;
6429 : 11;
6430 :  0;
6431 :  0;
6432 :  0;
6433 :  0;
6434 :  0;
6435 :  0;
6436 :  0;
6437 :  0;
6438 :  0;
6439 :  0;
6440 : 11;
6441 : 11;
6442 : 11;
6443 : 11;
6444 : 11;
6445 : 11;
6446 : 11;
6447 : 11;
6448 :  0;
6449 :  0;
6450 :  0;
6451 :  0;
6452 :  0;
6453 :  0;
6454 :  0;
6455 :  0;
6456 : 11;
6457 : 11;
6458 : 11;
6459 : 11;
6460 :  0;
6461 :  0;
6462 :  0;
6463 :  0;
6464 :  0;
6465 :  0;
6466 :  0;
6467 :  0;
6468 :  0;
6469 :  0;
6470 : 11;
6471 : 11;
6472 : 11;
6473 : 11;
6474 : 11;
6475 : 11;
6476 : 11;
6477 : 11;
6478 :  0;
6479 :  0;
6480 :  0;
6481 :  0;
6482 :  0;
6483 :  0;
6484 :  0;
6485 :  0;
6486 :  0;
6487 :  0;
6488 : 11;
6489 : 11;
6490 : 11;
6491 : 11;
6492 : 11;
6493 : 11;
6494 : 11;
6495 : 11;
6496 :  0;
6497 : 11;
6498 : 11;
6499 : 11;
6500 : 11;
6501 : 11;
6502 : 11;
6503 :  0;
6504 :  0;
6505 :  0;
6506 :  0;
6507 :  0;
6508 :  0;
6509 :  0;
6510 :  0;
6511 : 11;
6512 : 11;
6513 : 11;
6514 : 11;
6515 : 11;
6516 : 11;
6517 : 11;
6518 : 11;
6519 :  0;
6520 :  0;
6521 : 11;
6522 : 11;
6523 : 11;
6524 : 11;
6525 : 11;
6526 : 11;
6527 :  0;
6528 :  0;
6529 : 11;
6530 : 11;
6531 : 11;
6532 : 11;
6533 : 11;
6534 : 11;
6535 : 11;
6536 : 11;
6537 : 11;
6538 : 11;
6539 :  0;
6540 :  0;
6541 :  0;
6542 :  0;
6543 :  0;
6544 :  0;
6545 :  0;
6546 :  0;
6547 :  0;
6548 :  0;
6549 :  0;
6550 :  0;
6551 :  0;
6552 : 10;
6553 :  0;
6554 :  1;
6555 :  1;
6556 :  1;
6557 : 11;
6558 : 11;
6559 : 11;
6560 : 11;
6561 : 11;
6562 : 11;
6563 :  1;
6564 :  1;
6565 :  1;
6566 :  0;
6567 : 10;
6568 :  0;
6569 :  0;
6570 :  0;
6571 :  0;
6572 :  0;
6573 :  0;
6574 :  0;
6575 :  0;
6576 :  0;
6577 :  0;
6578 :  0;
6579 :  0;
6580 :  0;
6581 :  0;
6582 : 11;
6583 : 11;
6584 : 11;
6585 : 11;
6586 : 11;
6587 : 11;
6588 : 11;
6589 : 11;
6590 :  0;
6591 :  0;
6592 :  0;
6593 :  0;
6594 :  0;
6595 :  0;
6596 :  0;
6597 :  0;
6598 :  0;
6599 :  0;
6600 : 11;
6601 : 11;
6602 : 11;
6603 : 11;
6604 : 11;
6605 : 11;
6606 : 11;
6607 : 11;
6608 :  0;
6609 :  0;
6610 :  0;
6611 :  0;
6612 :  0;
6613 :  0;
6614 :  0;
6615 : 11;
6616 : 11;
6617 : 11;
6618 : 11;
6619 : 11;
6620 :  0;
6621 :  0;
6622 :  0;
6623 :  0;
6624 :  0;
6625 :  0;
6626 :  0;
6627 :  0;
6628 :  0;
6629 :  0;
6630 : 11;
6631 : 11;
6632 : 11;
6633 : 11;
6634 : 11;
6635 : 11;
6636 : 11;
6637 : 11;
6638 :  0;
6639 :  0;
6640 :  0;
6641 :  0;
6642 :  0;
6643 :  0;
6644 :  0;
6645 :  0;
6646 :  0;
6647 :  0;
6648 : 11;
6649 : 11;
6650 : 11;
6651 : 11;
6652 : 11;
6653 : 11;
6654 : 11;
6655 : 11;
6656 :  0;
6657 : 11;
6658 : 11;
6659 : 11;
6660 : 11;
6661 : 11;
6662 : 11;
6663 : 11;
6664 :  0;
6665 :  0;
6666 :  0;
6667 :  0;
6668 :  0;
6669 :  0;
6670 :  0;
6671 : 11;
6672 : 11;
6673 : 11;
6674 : 11;
6675 : 11;
6676 : 11;
6677 : 11;
6678 : 11;
6679 :  0;
6680 :  0;
6681 : 11;
6682 : 11;
6683 : 11;
6684 : 11;
6685 : 11;
6686 : 11;
6687 : 11;
6688 :  0;
6689 :  0;
6690 : 11;
6691 : 11;
6692 : 11;
6693 : 11;
6694 : 11;
6695 : 11;
6696 : 11;
6697 : 11;
6698 : 11;
6699 :  0;
6700 :  0;
6701 :  0;
6702 :  0;
6703 :  0;
6704 :  0;
6705 :  0;
6706 :  0;
6707 :  0;
6708 :  0;
6709 :  0;
6710 :  0;
6711 :  0;
6712 : 10;
6713 :  0;
6714 :  1;
6715 :  1;
6716 :  1;
6717 : 11;
6718 : 11;
6719 : 11;
6720 : 11;
6721 : 11;
6722 : 11;
6723 :  1;
6724 :  1;
6725 :  1;
6726 :  0;
6727 : 10;
6728 :  0;
6729 :  0;
6730 :  0;
6731 :  0;
6732 :  0;
6733 :  0;
6734 :  0;
6735 :  0;
6736 :  0;
6737 :  0;
6738 :  0;
6739 :  0;
6740 :  0;
6741 :  0;
6742 : 11;
6743 : 11;
6744 : 11;
6745 : 11;
6746 : 11;
6747 : 11;
6748 : 11;
6749 : 11;
6750 :  0;
6751 :  0;
6752 :  0;
6753 :  0;
6754 :  0;
6755 :  0;
6756 :  0;
6757 :  0;
6758 :  0;
6759 :  0;
6760 : 11;
6761 : 11;
6762 : 11;
6763 : 11;
6764 : 11;
6765 : 11;
6766 : 11;
6767 : 11;
6768 :  0;
6769 :  0;
6770 :  0;
6771 :  0;
6772 :  0;
6773 :  0;
6774 : 11;
6775 : 11;
6776 : 11;
6777 : 11;
6778 : 11;
6779 : 11;
6780 :  0;
6781 :  0;
6782 :  0;
6783 :  0;
6784 :  0;
6785 :  0;
6786 :  0;
6787 :  0;
6788 :  0;
6789 :  0;
6790 : 11;
6791 : 11;
6792 : 11;
6793 : 11;
6794 : 11;
6795 : 11;
6796 : 11;
6797 : 11;
6798 :  0;
6799 :  0;
6800 :  0;
6801 :  0;
6802 :  0;
6803 :  0;
6804 :  0;
6805 :  0;
6806 :  0;
6807 :  0;
6808 : 11;
6809 : 11;
6810 : 11;
6811 : 11;
6812 : 11;
6813 : 11;
6814 : 11;
6815 : 11;
6816 :  0;
6817 : 11;
6818 : 11;
6819 : 11;
6820 : 11;
6821 : 11;
6822 : 11;
6823 : 11;
6824 : 11;
6825 :  0;
6826 :  0;
6827 :  0;
6828 :  0;
6829 :  0;
6830 :  0;
6831 : 11;
6832 : 11;
6833 : 11;
6834 : 11;
6835 : 11;
6836 : 11;
6837 : 11;
6838 : 11;
6839 :  0;
6840 :  0;
6841 : 11;
6842 : 11;
6843 : 11;
6844 : 11;
6845 : 11;
6846 : 11;
6847 : 11;
6848 : 11;
6849 :  0;
6850 :  0;
6851 : 11;
6852 : 11;
6853 : 11;
6854 : 11;
6855 : 11;
6856 : 11;
6857 : 11;
6858 : 11;
6859 :  0;
6860 :  0;
6861 :  0;
6862 :  0;
6863 :  0;
6864 :  0;
6865 :  0;
6866 :  0;
6867 :  0;
6868 :  0;
6869 :  0;
6870 :  0;
6871 :  0;
6872 : 10;
6873 :  0;
6874 :  1;
6875 :  1;
6876 :  1;
6877 : 11;
6878 : 11;
6879 : 11;
6880 : 11;
6881 : 11;
6882 : 11;
6883 :  1;
6884 :  1;
6885 :  1;
6886 :  0;
6887 : 10;
6888 :  0;
6889 :  0;
6890 :  0;
6891 :  0;
6892 :  0;
6893 :  0;
6894 :  0;
6895 :  0;
6896 :  0;
6897 :  0;
6898 :  0;
6899 :  0;
6900 :  0;
6901 :  0;
6902 : 11;
6903 : 11;
6904 : 11;
6905 : 11;
6906 : 11;
6907 : 11;
6908 : 11;
6909 : 11;
6910 :  0;
6911 :  0;
6912 :  0;
6913 :  0;
6914 :  0;
6915 :  0;
6916 :  0;
6917 :  0;
6918 :  0;
6919 :  0;
6920 : 11;
6921 : 11;
6922 : 11;
6923 : 11;
6924 : 11;
6925 : 11;
6926 : 11;
6927 : 11;
6928 :  0;
6929 :  0;
6930 :  0;
6931 :  0;
6932 :  0;
6933 : 11;
6934 : 11;
6935 : 11;
6936 : 11;
6937 : 11;
6938 : 11;
6939 : 11;
6940 :  0;
6941 :  0;
6942 :  0;
6943 :  0;
6944 :  0;
6945 :  0;
6946 :  0;
6947 :  0;
6948 :  0;
6949 :  0;
6950 : 11;
6951 : 11;
6952 : 11;
6953 : 11;
6954 : 11;
6955 : 11;
6956 : 11;
6957 : 11;
6958 :  0;
6959 :  0;
6960 :  0;
6961 :  0;
6962 :  0;
6963 :  0;
6964 :  0;
6965 :  0;
6966 :  0;
6967 :  0;
6968 : 11;
6969 : 11;
6970 : 11;
6971 : 11;
6972 : 11;
6973 : 11;
6974 : 11;
6975 : 11;
6976 :  0;
6977 : 11;
6978 : 11;
6979 : 11;
6980 : 11;
6981 : 11;
6982 : 11;
6983 : 11;
6984 : 11;
6985 : 11;
6986 :  0;
6987 :  0;
6988 :  0;
6989 :  0;
6990 :  0;
6991 : 11;
6992 : 11;
6993 : 11;
6994 : 11;
6995 : 11;
6996 : 11;
6997 : 11;
6998 : 11;
6999 :  0;
7000 :  0;
7001 : 11;
7002 : 11;
7003 : 11;
7004 : 11;
7005 : 11;
7006 : 11;
7007 : 11;
7008 : 11;
7009 :  0;
7010 :  0;
7011 :  0;
7012 : 11;
7013 : 11;
7014 : 11;
7015 : 11;
7016 : 11;
7017 : 11;
7018 : 11;
7019 :  0;
7020 :  0;
7021 :  0;
7022 :  0;
7023 :  0;
7024 :  0;
7025 :  0;
7026 :  0;
7027 :  0;
7028 :  0;
7029 :  0;
7030 :  0;
7031 :  0;
7032 : 10;
7033 :  0;
7034 :  1;
7035 :  1;
7036 :  1;
7037 : 11;
7038 : 11;
7039 : 11;
7040 : 11;
7041 : 11;
7042 : 11;
7043 :  1;
7044 :  1;
7045 :  1;
7046 :  0;
7047 : 10;
7048 :  0;
7049 :  0;
7050 :  0;
7051 :  0;
7052 :  0;
7053 :  0;
7054 :  0;
7055 :  0;
7056 :  0;
7057 :  0;
7058 :  0;
7059 :  0;
7060 :  0;
7061 :  0;
7062 : 11;
7063 : 11;
7064 : 11;
7065 : 11;
7066 : 11;
7067 : 11;
7068 : 11;
7069 : 11;
7070 :  0;
7071 :  0;
7072 :  0;
7073 :  0;
7074 :  0;
7075 :  0;
7076 :  0;
7077 :  0;
7078 :  0;
7079 :  0;
7080 : 11;
7081 : 11;
7082 : 11;
7083 : 11;
7084 : 11;
7085 : 11;
7086 : 11;
7087 : 11;
7088 :  0;
7089 :  0;
7090 :  0;
7091 :  0;
7092 : 11;
7093 : 11;
7094 : 11;
7095 : 11;
7096 : 11;
7097 : 11;
7098 : 11;
7099 : 11;
7100 :  0;
7101 :  0;
7102 :  0;
7103 :  0;
7104 :  0;
7105 :  0;
7106 :  0;
7107 :  0;
7108 :  0;
7109 :  0;
7110 : 11;
7111 : 11;
7112 : 11;
7113 : 11;
7114 : 11;
7115 : 11;
7116 : 11;
7117 : 11;
7118 :  0;
7119 :  0;
7120 :  0;
7121 :  0;
7122 :  0;
7123 :  0;
7124 :  0;
7125 :  0;
7126 :  0;
7127 :  0;
7128 : 11;
7129 : 11;
7130 : 11;
7131 : 11;
7132 : 11;
7133 : 11;
7134 : 11;
7135 : 11;
7136 :  0;
7137 : 11;
7138 : 11;
7139 : 11;
7140 : 11;
7141 : 11;
7142 : 11;
7143 : 11;
7144 : 11;
7145 : 11;
7146 :  0;
7147 :  0;
7148 :  0;
7149 :  0;
7150 :  0;
7151 : 11;
7152 : 11;
7153 : 11;
7154 : 11;
7155 : 11;
7156 : 11;
7157 : 11;
7158 : 11;
7159 :  0;
7160 :  0;
7161 : 11;
7162 : 11;
7163 : 11;
7164 : 11;
7165 : 11;
7166 : 11;
7167 : 11;
7168 : 11;
7169 : 11;
7170 :  0;
7171 :  0;
7172 : 11;
7173 : 11;
7174 : 11;
7175 : 11;
7176 : 11;
7177 : 11;
7178 : 11;
7179 :  0;
7180 :  0;
7181 :  0;
7182 :  0;
7183 :  0;
7184 :  0;
7185 :  0;
7186 :  0;
7187 :  0;
7188 :  0;
7189 :  0;
7190 :  0;
7191 :  0;
7192 : 10;
7193 :  0;
7194 :  1;
7195 :  1;
7196 :  1;
7197 : 11;
7198 : 11;
7199 : 11;
7200 : 11;
7201 : 11;
7202 : 11;
7203 :  1;
7204 :  1;
7205 :  1;
7206 :  0;
7207 : 10;
7208 :  0;
7209 :  0;
7210 :  0;
7211 :  0;
7212 :  0;
7213 :  0;
7214 :  0;
7215 :  0;
7216 :  0;
7217 :  0;
7218 :  0;
7219 :  0;
7220 :  0;
7221 :  0;
7222 : 11;
7223 : 11;
7224 : 11;
7225 : 11;
7226 : 11;
7227 : 11;
7228 : 11;
7229 : 11;
7230 :  0;
7231 :  0;
7232 :  0;
7233 :  0;
7234 :  0;
7235 :  0;
7236 :  0;
7237 :  0;
7238 :  0;
7239 :  0;
7240 : 11;
7241 : 11;
7242 : 11;
7243 : 11;
7244 : 11;
7245 : 11;
7246 : 11;
7247 : 11;
7248 :  0;
7249 :  0;
7250 :  0;
7251 : 11;
7252 : 11;
7253 : 11;
7254 : 11;
7255 : 11;
7256 : 11;
7257 : 11;
7258 : 11;
7259 : 11;
7260 :  0;
7261 :  0;
7262 :  0;
7263 :  0;
7264 :  0;
7265 :  0;
7266 :  0;
7267 :  0;
7268 :  0;
7269 :  0;
7270 : 11;
7271 : 11;
7272 : 11;
7273 : 11;
7274 : 11;
7275 : 11;
7276 : 11;
7277 : 11;
7278 :  0;
7279 :  0;
7280 :  0;
7281 :  0;
7282 :  0;
7283 :  0;
7284 :  0;
7285 :  0;
7286 :  0;
7287 :  0;
7288 : 11;
7289 : 11;
7290 : 11;
7291 : 11;
7292 : 11;
7293 : 11;
7294 : 11;
7295 : 11;
7296 :  0;
7297 : 11;
7298 : 11;
7299 : 11;
7300 : 11;
7301 : 11;
7302 : 11;
7303 : 11;
7304 : 11;
7305 : 11;
7306 : 11;
7307 :  0;
7308 :  0;
7309 :  0;
7310 :  0;
7311 : 11;
7312 : 11;
7313 : 11;
7314 : 11;
7315 : 11;
7316 : 11;
7317 : 11;
7318 : 11;
7319 :  0;
7320 :  0;
7321 : 11;
7322 : 11;
7323 : 11;
7324 : 11;
7325 : 11;
7326 : 11;
7327 : 11;
7328 : 11;
7329 : 11;
7330 : 11;
7331 :  0;
7332 :  0;
7333 : 11;
7334 : 11;
7335 : 11;
7336 : 11;
7337 : 11;
7338 :  0;
7339 :  0;
7340 :  0;
7341 :  0;
7342 :  0;
7343 :  0;
7344 :  0;
7345 :  0;
7346 :  0;
7347 :  0;
7348 :  0;
7349 :  0;
7350 :  0;
7351 :  0;
7352 : 10;
7353 :  0;
7354 :  1;
7355 :  1;
7356 :  1;
7357 : 11;
7358 : 11;
7359 : 11;
7360 : 11;
7361 : 11;
7362 : 11;
7363 :  1;
7364 :  1;
7365 :  1;
7366 :  0;
7367 : 10;
7368 :  0;
7369 :  0;
7370 :  0;
7371 :  0;
7372 :  0;
7373 :  0;
7374 :  0;
7375 :  0;
7376 :  0;
7377 :  0;
7378 :  0;
7379 :  0;
7380 :  0;
7381 :  0;
7382 : 11;
7383 : 11;
7384 : 11;
7385 : 11;
7386 : 11;
7387 : 11;
7388 : 11;
7389 : 11;
7390 :  0;
7391 :  0;
7392 :  0;
7393 :  0;
7394 :  0;
7395 :  0;
7396 :  0;
7397 :  0;
7398 :  0;
7399 :  0;
7400 : 11;
7401 : 11;
7402 : 11;
7403 : 11;
7404 : 11;
7405 : 11;
7406 : 11;
7407 : 11;
7408 :  0;
7409 :  0;
7410 : 11;
7411 : 11;
7412 : 11;
7413 : 11;
7414 : 11;
7415 : 11;
7416 : 11;
7417 : 11;
7418 : 11;
7419 : 11;
7420 :  0;
7421 :  0;
7422 :  0;
7423 :  0;
7424 :  0;
7425 :  0;
7426 :  0;
7427 :  0;
7428 :  0;
7429 :  0;
7430 : 11;
7431 : 11;
7432 : 11;
7433 : 11;
7434 : 11;
7435 : 11;
7436 : 11;
7437 : 11;
7438 :  0;
7439 :  0;
7440 :  0;
7441 :  0;
7442 :  0;
7443 :  0;
7444 :  0;
7445 :  0;
7446 :  0;
7447 :  0;
7448 : 11;
7449 : 11;
7450 : 11;
7451 : 11;
7452 : 11;
7453 : 11;
7454 : 11;
7455 : 11;
7456 :  0;
7457 : 11;
7458 : 11;
7459 : 11;
7460 : 11;
7461 : 11;
7462 : 11;
7463 : 11;
7464 : 11;
7465 : 11;
7466 : 11;
7467 : 11;
7468 :  0;
7469 :  0;
7470 :  0;
7471 : 11;
7472 : 11;
7473 : 11;
7474 : 11;
7475 : 11;
7476 : 11;
7477 : 11;
7478 : 11;
7479 :  0;
7480 :  0;
7481 : 11;
7482 : 11;
7483 : 11;
7484 : 11;
7485 : 11;
7486 : 11;
7487 : 11;
7488 : 11;
7489 : 11;
7490 : 11;
7491 : 11;
7492 :  0;
7493 :  0;
7494 : 11;
7495 : 11;
7496 : 11;
7497 : 11;
7498 :  0;
7499 :  0;
7500 :  0;
7501 :  0;
7502 :  0;
7503 :  0;
7504 :  0;
7505 :  0;
7506 :  0;
7507 :  0;
7508 :  0;
7509 :  0;
7510 :  0;
7511 :  0;
7512 : 10;
7513 :  0;
7514 :  1;
7515 :  1;
7516 :  1;
7517 : 11;
7518 : 11;
7519 : 11;
7520 : 11;
7521 : 11;
7522 : 11;
7523 :  1;
7524 :  1;
7525 :  1;
7526 :  0;
7527 : 10;
7528 :  0;
7529 :  0;
7530 :  0;
7531 :  0;
7532 :  0;
7533 :  0;
7534 :  0;
7535 :  0;
7536 :  0;
7537 :  0;
7538 :  0;
7539 :  0;
7540 :  0;
7541 :  0;
7542 : 11;
7543 : 11;
7544 : 11;
7545 : 11;
7546 : 11;
7547 : 11;
7548 : 11;
7549 : 11;
7550 :  0;
7551 :  0;
7552 :  0;
7553 :  0;
7554 :  0;
7555 :  0;
7556 :  0;
7557 :  0;
7558 :  0;
7559 :  0;
7560 : 11;
7561 : 11;
7562 : 11;
7563 : 11;
7564 : 11;
7565 : 11;
7566 : 11;
7567 : 11;
7568 :  0;
7569 : 11;
7570 : 11;
7571 : 11;
7572 : 11;
7573 : 11;
7574 : 11;
7575 : 11;
7576 : 11;
7577 : 11;
7578 : 11;
7579 : 11;
7580 :  0;
7581 :  0;
7582 :  0;
7583 :  0;
7584 :  0;
7585 :  0;
7586 :  0;
7587 :  0;
7588 :  0;
7589 :  0;
7590 : 11;
7591 : 11;
7592 : 11;
7593 : 11;
7594 : 11;
7595 : 11;
7596 : 11;
7597 : 11;
7598 :  0;
7599 :  0;
7600 :  0;
7601 :  0;
7602 :  0;
7603 :  0;
7604 :  0;
7605 :  0;
7606 :  0;
7607 :  0;
7608 : 11;
7609 : 11;
7610 : 11;
7611 : 11;
7612 : 11;
7613 : 11;
7614 : 11;
7615 : 11;
7616 :  0;
7617 : 11;
7618 : 11;
7619 : 11;
7620 : 11;
7621 : 11;
7622 : 11;
7623 : 11;
7624 : 11;
7625 : 11;
7626 : 11;
7627 : 11;
7628 : 11;
7629 :  0;
7630 :  0;
7631 : 11;
7632 : 11;
7633 : 11;
7634 : 11;
7635 : 11;
7636 : 11;
7637 : 11;
7638 : 11;
7639 :  0;
7640 :  0;
7641 : 11;
7642 : 11;
7643 : 11;
7644 : 11;
7645 : 11;
7646 : 11;
7647 : 11;
7648 : 11;
7649 : 11;
7650 : 11;
7651 : 11;
7652 :  0;
7653 : 11;
7654 : 11;
7655 : 11;
7656 : 11;
7657 :  0;
7658 :  0;
7659 :  0;
7660 :  0;
7661 :  0;
7662 :  0;
7663 :  0;
7664 :  0;
7665 :  0;
7666 :  0;
7667 :  0;
7668 :  0;
7669 :  0;
7670 :  0;
7671 :  0;
7672 : 10;
7673 :  0;
7674 :  1;
7675 :  1;
7676 :  1;
7677 : 11;
7678 : 11;
7679 : 11;
7680 : 11;
7681 : 11;
7682 : 11;
7683 :  1;
7684 :  1;
7685 :  1;
7686 :  0;
7687 : 10;
7688 :  0;
7689 :  0;
7690 :  0;
7691 :  0;
7692 :  0;
7693 :  0;
7694 :  0;
7695 :  0;
7696 :  0;
7697 :  0;
7698 :  0;
7699 :  0;
7700 :  0;
7701 :  0;
7702 :  0;
7703 :  0;
7704 :  0;
7705 :  0;
7706 :  0;
7707 :  0;
7708 :  0;
7709 :  0;
7710 :  0;
7711 :  0;
7712 :  0;
7713 :  0;
7714 :  0;
7715 :  0;
7716 :  0;
7717 :  0;
7718 :  0;
7719 :  0;
7720 :  0;
7721 :  0;
7722 :  0;
7723 :  0;
7724 :  0;
7725 :  0;
7726 :  0;
7727 :  0;
7728 :  0;
7729 :  0;
7730 :  0;
7731 :  0;
7732 :  0;
7733 :  0;
7734 :  0;
7735 :  0;
7736 :  0;
7737 :  0;
7738 :  0;
7739 :  0;
7740 :  0;
7741 :  0;
7742 :  0;
7743 :  0;
7744 :  0;
7745 :  0;
7746 :  0;
7747 :  0;
7748 :  0;
7749 :  0;
7750 :  0;
7751 :  0;
7752 :  0;
7753 :  0;
7754 :  0;
7755 :  0;
7756 :  0;
7757 :  0;
7758 :  0;
7759 :  0;
7760 :  0;
7761 :  0;
7762 :  0;
7763 :  0;
7764 :  0;
7765 :  0;
7766 :  0;
7767 :  0;
7768 :  0;
7769 :  0;
7770 :  0;
7771 :  0;
7772 :  0;
7773 :  0;
7774 :  0;
7775 :  0;
7776 :  0;
7777 :  0;
7778 :  0;
7779 :  0;
7780 :  0;
7781 :  0;
7782 :  0;
7783 :  0;
7784 :  0;
7785 :  0;
7786 :  0;
7787 :  0;
7788 :  0;
7789 :  0;
7790 :  0;
7791 :  0;
7792 :  0;
7793 :  0;
7794 :  0;
7795 :  0;
7796 :  0;
7797 :  0;
7798 :  0;
7799 :  0;
7800 :  0;
7801 :  0;
7802 :  0;
7803 :  0;
7804 :  0;
7805 :  0;
7806 :  0;
7807 :  0;
7808 :  0;
7809 :  0;
7810 :  0;
7811 :  0;
7812 :  0;
7813 :  0;
7814 :  0;
7815 :  0;
7816 :  0;
7817 :  0;
7818 :  0;
7819 :  0;
7820 :  0;
7821 :  0;
7822 :  0;
7823 :  0;
7824 :  0;
7825 :  0;
7826 :  0;
7827 :  0;
7828 :  0;
7829 :  0;
7830 :  0;
7831 :  0;
7832 : 10;
7833 :  0;
7834 :  1;
7835 :  1;
7836 :  1;
7837 : 11;
7838 : 11;
7839 : 11;
7840 : 11;
7841 : 11;
7842 : 11;
7843 :  1;
7844 :  1;
7845 :  1;
7846 :  0;
7847 : 10;
7848 :  0;
7849 :  0;
7850 :  0;
7851 :  0;
7852 :  0;
7853 :  0;
7854 :  0;
7855 :  0;
7856 :  0;
7857 :  0;
7858 :  0;
7859 :  0;
7860 :  0;
7861 :  0;
7862 :  0;
7863 :  0;
7864 :  0;
7865 :  0;
7866 :  0;
7867 :  0;
7868 :  0;
7869 :  0;
7870 :  0;
7871 :  0;
7872 :  0;
7873 :  0;
7874 :  0;
7875 :  0;
7876 :  0;
7877 :  0;
7878 :  0;
7879 :  0;
7880 :  0;
7881 :  0;
7882 :  0;
7883 :  0;
7884 :  0;
7885 :  0;
7886 :  0;
7887 :  0;
7888 :  0;
7889 :  0;
7890 :  0;
7891 :  0;
7892 :  0;
7893 :  0;
7894 :  0;
7895 :  0;
7896 :  0;
7897 :  0;
7898 :  0;
7899 :  0;
7900 :  0;
7901 :  0;
7902 :  0;
7903 :  0;
7904 :  0;
7905 :  0;
7906 :  0;
7907 :  0;
7908 :  0;
7909 :  0;
7910 :  0;
7911 :  0;
7912 :  0;
7913 :  0;
7914 :  0;
7915 :  0;
7916 :  0;
7917 :  0;
7918 :  0;
7919 :  0;
7920 :  0;
7921 :  0;
7922 :  0;
7923 :  0;
7924 :  0;
7925 :  0;
7926 :  0;
7927 :  0;
7928 :  0;
7929 :  0;
7930 :  0;
7931 :  0;
7932 :  0;
7933 :  0;
7934 :  0;
7935 :  0;
7936 :  0;
7937 :  0;
7938 :  0;
7939 :  0;
7940 :  0;
7941 :  0;
7942 :  0;
7943 :  0;
7944 :  0;
7945 :  0;
7946 :  0;
7947 :  0;
7948 :  0;
7949 :  0;
7950 :  0;
7951 :  0;
7952 :  0;
7953 :  0;
7954 :  0;
7955 :  0;
7956 :  0;
7957 :  0;
7958 :  0;
7959 :  0;
7960 :  0;
7961 :  0;
7962 :  0;
7963 :  0;
7964 :  0;
7965 :  0;
7966 :  0;
7967 :  0;
7968 :  0;
7969 :  0;
7970 :  0;
7971 :  0;
7972 :  0;
7973 :  0;
7974 :  0;
7975 :  0;
7976 :  0;
7977 :  0;
7978 :  0;
7979 :  0;
7980 :  0;
7981 :  0;
7982 :  0;
7983 :  0;
7984 :  0;
7985 :  0;
7986 :  0;
7987 :  0;
7988 :  0;
7989 :  0;
7990 :  0;
7991 :  0;
7992 : 10;
7993 :  0;
7994 :  1;
7995 :  1;
7996 :  1;
7997 : 11;
7998 : 11;
7999 : 11;
8000 : 11;
8001 : 11;
8002 : 11;
8003 :  1;
8004 :  1;
8005 :  1;
8006 :  0;
8007 : 10;
8008 :  0;
8009 :  0;
8010 :  0;
8011 :  0;
8012 :  0;
8013 :  0;
8014 :  0;
8015 :  0;
8016 :  0;
8017 :  0;
8018 :  0;
8019 :  0;
8020 :  0;
8021 :  0;
8022 :  0;
8023 :  0;
8024 :  0;
8025 :  0;
8026 :  0;
8027 :  0;
8028 :  0;
8029 :  0;
8030 :  0;
8031 :  0;
8032 :  0;
8033 :  0;
8034 :  0;
8035 :  0;
8036 :  0;
8037 :  0;
8038 :  0;
8039 :  0;
8040 :  0;
8041 :  0;
8042 :  0;
8043 :  0;
8044 :  0;
8045 :  0;
8046 :  0;
8047 :  0;
8048 :  0;
8049 :  0;
8050 :  0;
8051 :  0;
8052 :  0;
8053 :  0;
8054 :  0;
8055 :  0;
8056 :  0;
8057 :  0;
8058 :  0;
8059 :  0;
8060 :  0;
8061 :  0;
8062 :  0;
8063 :  0;
8064 :  0;
8065 :  0;
8066 :  0;
8067 :  0;
8068 :  0;
8069 :  0;
8070 :  0;
8071 :  0;
8072 :  0;
8073 :  0;
8074 :  0;
8075 :  0;
8076 :  0;
8077 :  0;
8078 :  0;
8079 :  0;
8080 :  0;
8081 :  0;
8082 :  0;
8083 :  0;
8084 :  0;
8085 :  0;
8086 :  0;
8087 :  0;
8088 :  0;
8089 :  0;
8090 :  0;
8091 :  0;
8092 :  0;
8093 :  0;
8094 :  0;
8095 :  0;
8096 :  0;
8097 :  0;
8098 :  0;
8099 :  0;
8100 :  0;
8101 :  0;
8102 :  0;
8103 :  0;
8104 :  0;
8105 :  0;
8106 :  0;
8107 :  0;
8108 :  0;
8109 :  0;
8110 :  0;
8111 :  0;
8112 :  0;
8113 :  0;
8114 :  0;
8115 :  0;
8116 :  0;
8117 :  0;
8118 :  0;
8119 :  0;
8120 :  0;
8121 :  0;
8122 :  0;
8123 :  0;
8124 :  0;
8125 :  0;
8126 :  0;
8127 :  0;
8128 :  0;
8129 :  0;
8130 :  0;
8131 :  0;
8132 :  0;
8133 :  0;
8134 :  0;
8135 :  0;
8136 :  0;
8137 :  0;
8138 :  0;
8139 :  0;
8140 :  0;
8141 :  0;
8142 :  0;
8143 :  0;
8144 :  0;
8145 :  0;
8146 :  0;
8147 :  0;
8148 :  0;
8149 :  0;
8150 :  0;
8151 :  0;
8152 : 10;
8153 :  0;
8154 :  1;
8155 :  1;
8156 :  1;
8157 : 11;
8158 : 11;
8159 : 11;
8160 : 11;
8161 : 11;
8162 : 11;
8163 :  1;
8164 :  1;
8165 :  1;
8166 :  0;
8167 : 10;
8168 : 10;
8169 : 10;
8170 : 10;
8171 : 10;
8172 : 10;
8173 : 10;
8174 : 10;
8175 : 10;
8176 : 10;
8177 : 10;
8178 : 10;
8179 : 10;
8180 : 10;
8181 : 10;
8182 : 10;
8183 : 10;
8184 : 10;
8185 : 10;
8186 : 10;
8187 : 10;
8188 : 10;
8189 : 10;
8190 : 10;
8191 : 10;
8192 : 10;
8193 : 10;
8194 : 10;
8195 : 10;
8196 : 10;
8197 : 10;
8198 : 10;
8199 : 10;
8200 : 10;
8201 : 10;
8202 : 10;
8203 : 10;
8204 : 10;
8205 : 10;
8206 : 10;
8207 : 10;
8208 : 10;
8209 : 10;
8210 : 10;
8211 : 10;
8212 : 10;
8213 : 10;
8214 : 10;
8215 : 10;
8216 : 10;
8217 : 10;
8218 : 10;
8219 : 10;
8220 : 10;
8221 : 10;
8222 : 10;
8223 : 10;
8224 : 10;
8225 : 10;
8226 : 10;
8227 : 10;
8228 : 10;
8229 : 10;
8230 : 10;
8231 : 10;
8232 : 10;
8233 : 10;
8234 : 10;
8235 : 10;
8236 : 10;
8237 : 10;
8238 : 10;
8239 : 10;
8240 : 10;
8241 : 10;
8242 : 10;
8243 : 10;
8244 : 10;
8245 : 10;
8246 : 10;
8247 : 10;
8248 : 10;
8249 : 10;
8250 : 10;
8251 : 10;
8252 : 10;
8253 : 10;
8254 : 10;
8255 : 10;
8256 : 10;
8257 : 10;
8258 : 10;
8259 : 10;
8260 : 10;
8261 : 10;
8262 : 10;
8263 : 10;
8264 : 10;
8265 : 10;
8266 : 10;
8267 : 10;
8268 : 10;
8269 : 10;
8270 : 10;
8271 : 10;
8272 : 10;
8273 : 10;
8274 : 10;
8275 : 10;
8276 : 10;
8277 : 10;
8278 : 10;
8279 : 10;
8280 : 10;
8281 : 10;
8282 : 10;
8283 : 10;
8284 : 10;
8285 : 10;
8286 : 10;
8287 : 10;
8288 : 10;
8289 : 10;
8290 : 10;
8291 : 10;
8292 : 10;
8293 : 10;
8294 : 10;
8295 : 10;
8296 : 10;
8297 : 10;
8298 : 10;
8299 : 10;
8300 : 10;
8301 : 10;
8302 : 10;
8303 : 10;
8304 : 10;
8305 : 10;
8306 : 10;
8307 : 10;
8308 : 10;
8309 : 10;
8310 : 10;
8311 : 10;
8312 : 10;
8313 :  0;
8314 :  1;
8315 :  1;
8316 :  1;
8317 : 11;
8318 : 11;
8319 : 11;
8320 : 11;
8321 : 11;
8322 : 11;
8323 :  1;
8324 :  1;
8325 :  1;
8326 :  0;
8327 :  0;
8328 :  0;
8329 :  0;
8330 :  0;
8331 :  0;
8332 :  0;
8333 :  0;
8334 :  0;
8335 :  0;
8336 :  0;
8337 :  0;
8338 :  0;
8339 :  0;
8340 :  0;
8341 :  0;
8342 :  0;
8343 :  0;
8344 :  0;
8345 :  0;
8346 :  0;
8347 :  0;
8348 :  0;
8349 :  0;
8350 :  0;
8351 :  0;
8352 :  0;
8353 :  0;
8354 :  0;
8355 :  0;
8356 :  0;
8357 :  0;
8358 :  0;
8359 :  0;
8360 :  0;
8361 :  0;
8362 :  0;
8363 :  0;
8364 :  0;
8365 :  0;
8366 :  0;
8367 :  0;
8368 :  0;
8369 :  0;
8370 :  0;
8371 :  0;
8372 :  0;
8373 :  0;
8374 :  0;
8375 :  0;
8376 :  0;
8377 :  0;
8378 :  0;
8379 :  0;
8380 :  0;
8381 :  0;
8382 :  0;
8383 :  0;
8384 :  0;
8385 :  0;
8386 :  0;
8387 :  0;
8388 :  0;
8389 :  0;
8390 :  0;
8391 :  0;
8392 :  0;
8393 :  0;
8394 :  0;
8395 :  0;
8396 :  0;
8397 :  0;
8398 :  0;
8399 :  0;
8400 :  0;
8401 :  0;
8402 :  0;
8403 :  0;
8404 :  0;
8405 :  0;
8406 :  0;
8407 :  0;
8408 :  0;
8409 :  0;
8410 :  0;
8411 :  0;
8412 :  0;
8413 :  0;
8414 :  0;
8415 :  0;
8416 :  0;
8417 :  0;
8418 :  0;
8419 :  0;
8420 :  0;
8421 :  0;
8422 :  0;
8423 :  0;
8424 :  0;
8425 :  0;
8426 :  0;
8427 :  0;
8428 :  0;
8429 :  0;
8430 :  0;
8431 :  0;
8432 :  0;
8433 :  0;
8434 :  0;
8435 :  0;
8436 :  0;
8437 :  0;
8438 :  0;
8439 :  0;
8440 :  0;
8441 :  0;
8442 :  0;
8443 :  0;
8444 :  0;
8445 :  0;
8446 :  0;
8447 :  0;
8448 :  0;
8449 :  0;
8450 :  0;
8451 :  0;
8452 :  0;
8453 :  0;
8454 :  0;
8455 :  0;
8456 :  0;
8457 :  0;
8458 :  0;
8459 :  0;
8460 :  0;
8461 :  0;
8462 :  0;
8463 :  0;
8464 :  0;
8465 :  0;
8466 :  0;
8467 :  0;
8468 :  0;
8469 :  0;
8470 :  0;
8471 :  0;
8472 :  0;
8473 :  0;
8474 :  1;
8475 :  1;
8476 :  1;
8477 : 11;
8478 : 11;
8479 : 11;
8480 : 11;
8481 : 11;
8482 : 11;
8483 :  1;
8484 :  1;
8485 : 11;
8486 : 11;
8487 : 11;
8488 : 11;
8489 : 11;
8490 : 11;
8491 : 11;
8492 : 11;
8493 : 11;
8494 : 11;
8495 : 11;
8496 : 11;
8497 : 11;
8498 : 11;
8499 : 11;
8500 : 11;
8501 : 11;
8502 : 11;
8503 : 11;
8504 : 11;
8505 : 11;
8506 : 11;
8507 : 11;
8508 : 11;
8509 : 11;
8510 : 11;
8511 : 11;
8512 : 11;
8513 : 11;
8514 : 11;
8515 : 11;
8516 : 11;
8517 : 11;
8518 : 11;
8519 : 11;
8520 : 11;
8521 : 11;
8522 : 11;
8523 : 11;
8524 : 11;
8525 : 11;
8526 : 11;
8527 : 11;
8528 : 11;
8529 : 11;
8530 : 11;
8531 : 11;
8532 : 11;
8533 : 11;
8534 : 11;
8535 : 11;
8536 : 11;
8537 : 11;
8538 : 11;
8539 : 11;
8540 : 11;
8541 : 11;
8542 : 11;
8543 : 11;
8544 : 11;
8545 : 11;
8546 : 11;
8547 : 11;
8548 : 11;
8549 : 11;
8550 : 11;
8551 : 11;
8552 : 11;
8553 : 11;
8554 : 11;
8555 : 11;
8556 : 11;
8557 : 11;
8558 : 11;
8559 : 11;
8560 : 11;
8561 : 11;
8562 : 11;
8563 : 11;
8564 : 11;
8565 : 11;
8566 : 11;
8567 : 11;
8568 : 11;
8569 : 11;
8570 : 11;
8571 : 11;
8572 : 11;
8573 : 11;
8574 : 11;
8575 : 11;
8576 : 11;
8577 : 11;
8578 : 11;
8579 : 11;
8580 : 11;
8581 : 11;
8582 : 11;
8583 : 11;
8584 : 11;
8585 : 11;
8586 : 11;
8587 : 11;
8588 : 11;
8589 : 11;
8590 : 11;
8591 : 11;
8592 : 11;
8593 : 11;
8594 : 11;
8595 : 11;
8596 : 11;
8597 : 11;
8598 : 11;
8599 : 11;
8600 : 11;
8601 : 11;
8602 : 11;
8603 : 11;
8604 : 11;
8605 : 11;
8606 : 11;
8607 : 11;
8608 : 11;
8609 : 11;
8610 : 11;
8611 : 11;
8612 : 11;
8613 : 11;
8614 : 11;
8615 : 11;
8616 : 11;
8617 : 11;
8618 : 11;
8619 : 11;
8620 : 11;
8621 : 11;
8622 : 11;
8623 : 11;
8624 : 11;
8625 : 11;
8626 : 11;
8627 : 11;
8628 : 11;
8629 : 11;
8630 : 11;
8631 : 11;
8632 : 11;
8633 : 11;
8634 : 11;
8635 :  1;
8636 :  1;
8637 : 11;
8638 : 11;
8639 : 11;
8640 : 11;
8641 : 11;
8642 : 11;
8643 :  1;
8644 : 11;
8645 : 11;
8646 : 11;
8647 : 11;
8648 : 11;
8649 : 11;
8650 : 11;
8651 : 11;
8652 : 11;
8653 : 11;
8654 : 11;
8655 : 11;
8656 : 11;
8657 : 11;
8658 : 11;
8659 : 11;
8660 : 11;
8661 : 11;
8662 : 11;
8663 : 11;
8664 : 11;
8665 : 11;
8666 : 11;
8667 : 11;
8668 : 11;
8669 : 11;
8670 : 11;
8671 : 11;
8672 : 11;
8673 : 11;
8674 : 11;
8675 : 11;
8676 : 11;
8677 : 11;
8678 : 11;
8679 : 11;
8680 : 11;
8681 : 11;
8682 : 11;
8683 : 11;
8684 : 11;
8685 : 11;
8686 : 11;
8687 : 11;
8688 : 11;
8689 : 11;
8690 : 11;
8691 : 11;
8692 : 11;
8693 : 11;
8694 : 11;
8695 : 11;
8696 : 11;
8697 : 11;
8698 : 11;
8699 : 11;
8700 : 11;
8701 : 11;
8702 : 11;
8703 : 11;
8704 : 11;
8705 : 11;
8706 : 11;
8707 : 11;
8708 : 11;
8709 : 11;
8710 : 11;
8711 : 11;
8712 : 11;
8713 : 11;
8714 : 11;
8715 : 11;
8716 : 11;
8717 : 11;
8718 : 11;
8719 : 11;
8720 : 11;
8721 : 11;
8722 : 11;
8723 : 11;
8724 : 11;
8725 : 11;
8726 : 11;
8727 : 11;
8728 : 11;
8729 : 11;
8730 : 11;
8731 : 11;
8732 : 11;
8733 : 11;
8734 : 11;
8735 : 11;
8736 : 11;
8737 : 11;
8738 : 11;
8739 : 11;
8740 : 11;
8741 : 11;
8742 : 11;
8743 : 11;
8744 : 11;
8745 : 11;
8746 : 11;
8747 : 11;
8748 : 11;
8749 : 11;
8750 : 11;
8751 : 11;
8752 : 11;
8753 : 11;
8754 : 11;
8755 : 11;
8756 : 11;
8757 : 11;
8758 : 11;
8759 : 11;
8760 : 11;
8761 : 11;
8762 : 11;
8763 : 11;
8764 : 11;
8765 : 11;
8766 : 11;
8767 : 11;
8768 : 11;
8769 : 11;
8770 : 11;
8771 : 11;
8772 : 11;
8773 : 11;
8774 : 11;
8775 : 11;
8776 : 11;
8777 : 11;
8778 : 11;
8779 : 11;
8780 : 11;
8781 : 11;
8782 : 11;
8783 : 11;
8784 : 11;
8785 : 11;
8786 : 11;
8787 : 11;
8788 : 11;
8789 : 11;
8790 : 11;
8791 : 11;
8792 : 11;
8793 : 11;
8794 : 11;
8795 : 11;
8796 :  1;
8797 : 11;
8798 : 11;
8799 : 11;
8800 : 11;
8801 : 11;
8802 : 11;
8803 : 10;
8804 : 10;
8805 : 10;
8806 : 10;
8807 : 10;
8808 : 10;
8809 : 10;
8810 : 10;
8811 : 10;
8812 : 10;
8813 : 10;
8814 : 10;
8815 : 10;
8816 : 10;
8817 : 10;
8818 : 10;
8819 : 10;
8820 : 10;
8821 : 10;
8822 : 10;
8823 : 10;
8824 : 10;
8825 : 10;
8826 : 10;
8827 : 10;
8828 : 10;
8829 : 10;
8830 : 10;
8831 : 10;
8832 : 10;
8833 : 10;
8834 : 10;
8835 : 10;
8836 : 10;
8837 : 10;
8838 : 10;
8839 : 10;
8840 : 10;
8841 : 10;
8842 : 10;
8843 : 10;
8844 : 10;
8845 : 10;
8846 : 10;
8847 : 10;
8848 : 10;
8849 : 10;
8850 : 10;
8851 : 10;
8852 : 10;
8853 : 10;
8854 : 10;
8855 : 10;
8856 : 10;
8857 : 10;
8858 : 10;
8859 : 10;
8860 : 10;
8861 : 10;
8862 : 10;
8863 : 10;
8864 : 10;
8865 : 10;
8866 : 10;
8867 : 10;
8868 : 10;
8869 : 10;
8870 : 10;
8871 : 10;
8872 : 10;
8873 : 10;
8874 : 10;
8875 : 10;
8876 : 10;
8877 : 10;
8878 : 10;
8879 : 10;
8880 : 10;
8881 : 10;
8882 : 10;
8883 : 10;
8884 : 10;
8885 : 10;
8886 : 10;
8887 : 10;
8888 : 10;
8889 : 10;
8890 : 10;
8891 : 10;
8892 : 10;
8893 : 10;
8894 : 10;
8895 : 10;
8896 : 10;
8897 : 10;
8898 : 10;
8899 : 10;
8900 : 10;
8901 : 10;
8902 : 10;
8903 : 10;
8904 : 10;
8905 : 10;
8906 : 10;
8907 : 10;
8908 : 10;
8909 : 10;
8910 : 10;
8911 : 10;
8912 : 10;
8913 : 10;
8914 : 10;
8915 : 10;
8916 : 10;
8917 : 10;
8918 : 10;
8919 : 10;
8920 : 10;
8921 : 10;
8922 : 10;
8923 : 10;
8924 : 10;
8925 : 10;
8926 : 10;
8927 : 10;
8928 : 10;
8929 : 10;
8930 : 10;
8931 : 10;
8932 : 10;
8933 : 10;
8934 : 10;
8935 : 10;
8936 : 10;
8937 : 10;
8938 : 10;
8939 : 10;
8940 : 10;
8941 : 10;
8942 : 10;
8943 : 10;
8944 : 10;
8945 : 10;
8946 : 10;
8947 : 10;
8948 : 10;
8949 : 10;
8950 : 10;
8951 : 10;
8952 : 10;
8953 : 10;
8954 : 10;
8955 : 10;
8956 : 10;
8957 : 11;
8958 : 11;
8959 : 11;
8960 : 11;
8961 : 11;
8962 : 11;
8963 : 11;
8964 : 11;
8965 : 11;
8966 : 11;
8967 : 11;
8968 : 10;
8969 : 10;
8970 : 10;
8971 : 10;
8972 : 10;
8973 : 10;
8974 : 10;
8975 : 10;
8976 : 10;
8977 : 10;
8978 : 10;
8979 : 10;
8980 : 10;
8981 : 10;
8982 : 10;
8983 : 10;
8984 : 10;
8985 : 10;
8986 : 10;
8987 : 10;
8988 : 10;
8989 : 10;
8990 : 10;
8991 : 10;
8992 : 10;
8993 : 10;
8994 : 10;
8995 : 10;
8996 : 10;
8997 : 10;
8998 : 10;
8999 : 10;
9000 : 10;
9001 : 10;
9002 : 10;
9003 : 10;
9004 : 10;
9005 : 10;
9006 : 10;
9007 : 10;
9008 : 10;
9009 : 10;
9010 : 10;
9011 : 10;
9012 : 10;
9013 : 10;
9014 : 10;
9015 : 10;
9016 : 10;
9017 : 10;
9018 : 10;
9019 : 10;
9020 : 10;
9021 : 10;
9022 : 10;
9023 : 10;
9024 : 10;
9025 : 10;
9026 : 10;
9027 : 10;
9028 : 10;
9029 : 10;
9030 : 10;
9031 : 10;
9032 : 10;
9033 : 10;
9034 : 10;
9035 : 10;
9036 : 10;
9037 : 10;
9038 : 10;
9039 : 10;
9040 : 10;
9041 : 10;
9042 : 10;
9043 : 10;
9044 : 10;
9045 : 10;
9046 : 10;
9047 : 10;
9048 : 10;
9049 : 10;
9050 : 10;
9051 : 10;
9052 : 10;
9053 : 10;
9054 : 10;
9055 : 10;
9056 : 10;
9057 : 10;
9058 : 10;
9059 : 10;
9060 : 10;
9061 : 10;
9062 : 10;
9063 : 10;
9064 : 10;
9065 : 10;
9066 : 10;
9067 : 10;
9068 : 10;
9069 : 10;
9070 : 10;
9071 : 10;
9072 : 10;
9073 : 10;
9074 : 10;
9075 : 10;
9076 : 10;
9077 : 10;
9078 : 10;
9079 : 10;
9080 : 10;
9081 : 10;
9082 : 10;
9083 : 10;
9084 : 10;
9085 : 10;
9086 : 10;
9087 : 10;
9088 : 10;
9089 : 10;
9090 : 10;
9091 : 10;
9092 : 10;
9093 : 10;
9094 : 10;
9095 : 10;
9096 : 10;
9097 : 10;
9098 : 10;
9099 : 10;
9100 : 10;
9101 : 10;
9102 : 10;
9103 : 10;
9104 : 10;
9105 : 10;
9106 : 10;
9107 : 10;
9108 : 10;
9109 : 10;
9110 : 10;
9111 : 10;
9112 : 11;
9113 : 11;
9114 : 11;
9115 : 11;
9116 : 11;
9117 : 11;
9118 : 11;
9119 : 11;
9120 : 11;
9121 : 11;
9122 : 11;
9123 : 11;
9124 : 11;
9125 : 11;
9126 : 11;
9127 : 11;
9128 : 11;
9129 : 11;
9130 : 11;
9131 : 11;
9132 : 11;
9133 : 11;
9134 : 11;
9135 : 11;
9136 : 11;
9137 : 11;
9138 : 11;
9139 : 11;
9140 : 11;
9141 : 11;
9142 : 11;
9143 : 11;
9144 : 11;
9145 : 11;
9146 : 11;
9147 : 11;
9148 : 11;
9149 : 11;
9150 : 11;
9151 : 11;
9152 : 11;
9153 : 11;
9154 : 11;
9155 : 11;
9156 : 11;
9157 : 11;
9158 : 11;
9159 : 11;
9160 : 11;
9161 : 11;
9162 : 11;
9163 : 11;
9164 : 11;
9165 : 11;
9166 : 11;
9167 : 11;
9168 : 11;
9169 : 11;
9170 : 11;
9171 : 11;
9172 : 11;
9173 : 11;
9174 : 11;
9175 : 11;
9176 : 11;
9177 : 11;
9178 : 11;
9179 : 11;
9180 : 11;
9181 : 11;
9182 : 11;
9183 : 11;
9184 : 11;
9185 : 11;
9186 : 11;
9187 : 11;
9188 : 11;
9189 : 11;
9190 : 11;
9191 : 11;
9192 : 11;
9193 : 11;
9194 : 11;
9195 : 11;
9196 : 11;
9197 : 11;
9198 : 11;
9199 : 11;
9200 : 11;
9201 : 11;
9202 : 11;
9203 : 11;
9204 : 11;
9205 : 11;
9206 : 11;
9207 : 11;
9208 : 11;
9209 : 11;
9210 : 11;
9211 : 11;
9212 : 11;
9213 : 11;
9214 : 11;
9215 : 11;
9216 : 11;
9217 : 11;
9218 : 11;
9219 : 11;
9220 : 11;
9221 : 11;
9222 : 11;
9223 : 11;
9224 : 11;
9225 : 11;
9226 : 11;
9227 : 11;
9228 : 11;
9229 : 11;
9230 : 11;
9231 : 11;
9232 : 11;
9233 : 11;
9234 : 11;
9235 : 11;
9236 : 11;
9237 : 11;
9238 : 11;
9239 : 11;
9240 : 11;
9241 : 11;
9242 : 11;
9243 : 11;
9244 : 11;
9245 : 11;
9246 : 11;
9247 : 11;
9248 : 11;
9249 : 11;
9250 : 11;
9251 : 11;
9252 : 11;
9253 : 11;
9254 : 11;
9255 : 11;
9256 : 11;
9257 : 11;
9258 : 11;
9259 : 11;
9260 : 11;
9261 : 11;
9262 : 11;
9263 : 11;
9264 : 11;
9265 : 11;
9266 : 11;
9267 : 11;
9268 : 11;
9269 : 11;
9270 : 11;
9271 : 11;
9272 : 11;
9273 : 11;
9274 : 11;
9275 : 11;
9276 : 11;
9277 : 11;
9278 : 11;
9279 : 11;
9280 : 11;
9281 : 11;
9282 : 11;
9283 : 11;
9284 : 11;
9285 : 11;
9286 : 11;
9287 : 11;
9288 : 10;
9289 : 10;
9290 : 10;
9291 : 10;
9292 : 10;
9293 : 10;
9294 : 10;
9295 : 10;
9296 : 10;
9297 : 10;
9298 : 10;
9299 : 10;
9300 : 10;
9301 : 10;
9302 : 10;
9303 : 10;
9304 : 10;
9305 : 10;
9306 : 10;
9307 : 10;
9308 : 10;
9309 : 10;
9310 : 10;
9311 : 10;
9312 : 10;
9313 : 10;
9314 : 10;
9315 : 10;
9316 : 10;
9317 : 10;
9318 : 10;
9319 : 10;
9320 : 10;
9321 : 10;
9322 : 10;
9323 : 10;
9324 : 10;
9325 : 10;
9326 : 10;
9327 : 10;
9328 : 10;
9329 : 10;
9330 : 10;
9331 : 10;
9332 : 10;
9333 : 10;
9334 : 10;
9335 : 10;
9336 : 10;
9337 : 10;
9338 : 10;
9339 : 10;
9340 : 10;
9341 : 10;
9342 : 10;
9343 : 10;
9344 : 10;
9345 : 10;
9346 : 10;
9347 : 10;
9348 : 10;
9349 : 10;
9350 : 10;
9351 : 10;
9352 : 10;
9353 : 10;
9354 : 10;
9355 : 10;
9356 : 10;
9357 : 10;
9358 : 10;
9359 : 10;
9360 : 10;
9361 : 10;
9362 : 10;
9363 : 10;
9364 : 10;
9365 : 10;
9366 : 10;
9367 : 10;
9368 : 10;
9369 : 10;
9370 : 10;
9371 : 10;
9372 : 10;
9373 : 10;
9374 : 10;
9375 : 10;
9376 : 10;
9377 : 10;
9378 : 10;
9379 : 10;
9380 : 10;
9381 : 10;
9382 : 10;
9383 : 10;
9384 : 10;
9385 : 10;
9386 : 10;
9387 : 10;
9388 : 10;
9389 : 10;
9390 : 10;
9391 : 10;
9392 : 10;
9393 : 10;
9394 : 10;
9395 : 10;
9396 : 10;
9397 : 10;
9398 : 10;
9399 : 11;
9400 : 11;
9401 : 10;
9402 : 10;
9403 : 10;
9404 : 10;
9405 : 10;
9406 : 10;
9407 : 10;
9408 : 10;
9409 : 10;
9410 : 10;
9411 : 10;
9412 : 10;
9413 : 10;
9414 : 10;
9415 : 10;
9416 : 10;
9417 : 10;
9418 : 10;
9419 : 10;
9420 : 10;
9421 : 10;
9422 : 10;
9423 : 10;
9424 : 10;
9425 : 10;
9426 : 10;
9427 : 10;
9428 : 10;
9429 : 10;
9430 : 10;
9431 : 10;
9432 : 11;
9433 : 11;
9434 : 11;
9435 : 11;
9436 : 11;
9437 : 11;
9438 : 11;
9439 : 11;
9440 : 11;
9441 : 11;
9442 : 11;
9443 : 11;
9444 : 11;
9445 : 11;
9446 : 11;
9447 : 11;
9448 : 10;
9449 : 10;
9450 : 10;
9451 : 10;
9452 : 10;
9453 : 10;
9454 : 10;
9455 : 10;
9456 : 10;
9457 : 10;
9458 : 10;
9459 : 10;
9460 : 10;
9461 : 10;
9462 : 10;
9463 : 10;
9464 : 10;
9465 : 10;
9466 : 10;
9467 : 10;
9468 : 10;
9469 : 10;
9470 : 10;
9471 : 10;
9472 : 10;
9473 : 10;
9474 : 10;
9475 : 10;
9476 : 10;
9477 : 10;
9478 : 10;
9479 : 10;
9480 : 10;
9481 : 10;
9482 : 10;
9483 : 10;
9484 : 10;
9485 : 10;
9486 : 10;
9487 : 10;
9488 : 10;
9489 : 10;
9490 : 10;
9491 : 10;
9492 : 10;
9493 : 10;
9494 : 10;
9495 : 10;
9496 : 10;
9497 : 10;
9498 : 10;
9499 : 10;
9500 : 10;
9501 : 10;
9502 : 10;
9503 : 10;
9504 : 10;
9505 : 10;
9506 : 10;
9507 : 10;
9508 : 10;
9509 : 10;
9510 : 10;
9511 : 10;
9512 : 10;
9513 : 10;
9514 : 10;
9515 : 10;
9516 : 10;
9517 : 10;
9518 : 10;
9519 : 10;
9520 : 10;
9521 : 10;
9522 : 10;
9523 : 10;
9524 : 10;
9525 : 10;
9526 : 10;
9527 : 10;
9528 : 10;
9529 : 10;
9530 : 10;
9531 : 10;
9532 : 10;
9533 : 10;
9534 : 10;
9535 : 10;
9536 : 10;
9537 : 10;
9538 : 10;
9539 : 10;
9540 : 10;
9541 : 10;
9542 : 10;
9543 : 10;
9544 : 10;
9545 : 10;
9546 : 10;
9547 : 10;
9548 : 10;
9549 : 10;
9550 : 10;
9551 : 10;
9552 : 10;
9553 : 10;
9554 : 10;
9555 : 10;
9556 : 10;
9557 : 10;
9558 : 11;
9559 :  0;
9560 :  0;
9561 : 11;
9562 : 10;
9563 : 10;
9564 : 10;
9565 : 10;
9566 : 10;
9567 : 10;
9568 : 10;
9569 : 10;
9570 : 10;
9571 : 10;
9572 : 10;
9573 : 10;
9574 : 10;
9575 : 10;
9576 : 10;
9577 : 10;
9578 : 10;
9579 : 10;
9580 : 10;
9581 : 10;
9582 : 10;
9583 : 10;
9584 : 10;
9585 : 10;
9586 : 10;
9587 : 10;
9588 : 10;
9589 : 10;
9590 : 10;
9591 : 10;
9592 : 11;
9593 : 11;
9594 : 11;
9595 : 11;
9596 : 11;
9597 : 11;
9598 : 11;
9599 : 11;
9600 : 11;
9601 : 11;
9602 : 11;
9603 : 11;
9604 : 11;
9605 : 11;
9606 : 11;
9607 : 11;
9608 :  1;
9609 :  1;
9610 :  1;
9611 :  1;
9612 :  1;
9613 :  1;
9614 :  1;
9615 :  1;
9616 :  1;
9617 :  1;
9618 :  1;
9619 :  1;
9620 :  1;
9621 :  1;
9622 :  1;
9623 :  1;
9624 :  1;
9625 :  1;
9626 :  1;
9627 :  1;
9628 :  1;
9629 :  1;
9630 :  1;
9631 :  1;
9632 :  1;
9633 :  1;
9634 :  1;
9635 :  1;
9636 :  1;
9637 :  1;
9638 :  1;
9639 :  1;
9640 :  1;
9641 :  1;
9642 :  1;
9643 :  1;
9644 :  1;
9645 :  1;
9646 :  1;
9647 :  1;
9648 :  1;
9649 :  1;
9650 :  1;
9651 :  1;
9652 :  1;
9653 :  1;
9654 :  1;
9655 :  1;
9656 :  1;
9657 :  1;
9658 :  1;
9659 :  1;
9660 :  1;
9661 :  1;
9662 :  1;
9663 :  1;
9664 :  1;
9665 :  1;
9666 :  1;
9667 :  1;
9668 :  1;
9669 :  1;
9670 :  1;
9671 :  1;
9672 :  1;
9673 :  1;
9674 :  1;
9675 :  1;
9676 :  1;
9677 :  1;
9678 :  1;
9679 :  1;
9680 :  1;
9681 :  1;
9682 :  1;
9683 :  1;
9684 :  1;
9685 :  1;
9686 :  1;
9687 :  1;
9688 :  1;
9689 :  1;
9690 :  1;
9691 :  1;
9692 :  1;
9693 :  1;
9694 :  1;
9695 :  1;
9696 :  1;
9697 :  1;
9698 :  1;
9699 :  1;
9700 :  1;
9701 :  1;
9702 :  1;
9703 :  1;
9704 :  1;
9705 :  1;
9706 :  1;
9707 :  1;
9708 :  1;
9709 :  1;
9710 :  1;
9711 :  1;
9712 :  1;
9713 :  1;
9714 :  1;
9715 :  1;
9716 :  1;
9717 :  1;
9718 : 11;
9719 :  0;
9720 :  1;
9721 : 11;
9722 :  1;
9723 :  1;
9724 :  1;
9725 :  1;
9726 :  1;
9727 :  1;
9728 :  1;
9729 :  1;
9730 :  1;
9731 :  1;
9732 :  1;
9733 :  1;
9734 :  1;
9735 :  1;
9736 :  1;
9737 :  1;
9738 :  1;
9739 :  1;
9740 :  1;
9741 :  1;
9742 :  1;
9743 :  1;
9744 :  1;
9745 :  1;
9746 :  1;
9747 :  1;
9748 :  1;
9749 :  1;
9750 :  1;
9751 :  1;
9752 : 11;
9753 : 11;
9754 : 11;
9755 : 11;
9756 : 11;
9757 : 11;
9758 : 11;
9759 : 11;
9760 : 11;
9761 : 11;
9762 : 11;
9763 : 11;
9764 : 11;
9765 : 11;
9766 : 11;
9767 : 11;
9768 : 10;
9769 : 10;
9770 : 10;
9771 : 10;
9772 : 10;
9773 : 10;
9774 : 10;
9775 : 10;
9776 : 10;
9777 : 10;
9778 : 10;
9779 : 10;
9780 : 10;
9781 : 10;
9782 : 10;
9783 : 10;
9784 : 10;
9785 : 10;
9786 : 10;
9787 : 10;
9788 : 10;
9789 : 10;
9790 : 10;
9791 : 10;
9792 : 10;
9793 : 10;
9794 : 10;
9795 : 10;
9796 : 10;
9797 : 10;
9798 : 10;
9799 : 10;
9800 : 10;
9801 : 10;
9802 : 10;
9803 : 10;
9804 : 10;
9805 : 10;
9806 : 10;
9807 : 10;
9808 : 10;
9809 : 10;
9810 : 10;
9811 : 10;
9812 : 10;
9813 : 10;
9814 : 10;
9815 : 10;
9816 : 10;
9817 : 10;
9818 : 10;
9819 : 10;
9820 : 10;
9821 : 10;
9822 : 10;
9823 : 10;
9824 : 10;
9825 : 10;
9826 : 10;
9827 : 10;
9828 : 10;
9829 : 10;
9830 : 10;
9831 : 10;
9832 : 10;
9833 : 10;
9834 : 10;
9835 : 10;
9836 : 10;
9837 : 10;
9838 : 10;
9839 : 10;
9840 : 10;
9841 : 10;
9842 : 10;
9843 : 10;
9844 : 10;
9845 : 10;
9846 : 10;
9847 : 10;
9848 : 10;
9849 : 10;
9850 : 10;
9851 : 10;
9852 : 10;
9853 : 10;
9854 : 10;
9855 : 10;
9856 : 10;
9857 : 10;
9858 : 10;
9859 : 10;
9860 : 10;
9861 : 10;
9862 : 10;
9863 : 10;
9864 : 10;
9865 : 10;
9866 : 10;
9867 : 10;
9868 : 10;
9869 : 10;
9870 : 10;
9871 : 10;
9872 : 10;
9873 : 10;
9874 : 10;
9875 : 10;
9876 : 10;
9877 : 11;
9878 :  0;
9879 :  0;
9880 :  1;
9881 :  1;
9882 : 11;
9883 : 10;
9884 : 10;
9885 : 10;
9886 : 10;
9887 : 10;
9888 : 10;
9889 : 10;
9890 : 10;
9891 : 10;
9892 : 10;
9893 : 10;
9894 : 10;
9895 : 10;
9896 : 10;
9897 : 10;
9898 : 10;
9899 : 10;
9900 : 10;
9901 : 10;
9902 : 10;
9903 : 10;
9904 : 10;
9905 : 10;
9906 : 10;
9907 : 10;
9908 : 10;
9909 : 10;
9910 : 10;
9911 : 10;
9912 : 11;
9913 : 11;
9914 : 11;
9915 : 11;
9916 : 11;
9917 : 11;
9918 : 11;
9919 : 11;
9920 : 11;
9921 : 11;
9922 : 11;
9923 : 11;
9924 : 11;
9925 : 11;
9926 : 11;
9927 : 11;
9928 :  1;
9929 :  1;
9930 :  1;
9931 :  1;
9932 :  1;
9933 :  1;
9934 :  1;
9935 :  1;
9936 :  1;
9937 :  1;
9938 :  1;
9939 :  1;
9940 :  1;
9941 :  1;
9942 :  1;
9943 :  1;
9944 :  1;
9945 :  1;
9946 :  1;
9947 :  1;
9948 :  1;
9949 :  1;
9950 :  1;
9951 :  1;
9952 :  1;
9953 :  1;
9954 :  1;
9955 :  1;
9956 :  1;
9957 :  1;
9958 :  1;
9959 :  1;
9960 :  1;
9961 :  1;
9962 :  1;
9963 :  1;
9964 :  1;
9965 :  1;
9966 :  1;
9967 :  1;
9968 :  1;
9969 :  1;
9970 :  1;
9971 :  1;
9972 :  1;
9973 :  1;
9974 :  1;
9975 :  1;
9976 :  1;
9977 :  1;
9978 :  1;
9979 :  1;
9980 :  1;
9981 :  1;
9982 :  1;
9983 :  1;
9984 :  1;
9985 :  1;
9986 :  1;
9987 :  1;
9988 :  1;
9989 :  1;
9990 :  1;
9991 :  1;
9992 :  1;
9993 :  1;
9994 :  1;
9995 :  1;
9996 :  1;
9997 :  1;
9998 :  1;
9999 :  1;
10000 :  1;
10001 :  1;
10002 :  1;
10003 :  1;
10004 :  1;
10005 :  1;
10006 :  1;
10007 :  1;
10008 :  1;
10009 :  1;
10010 :  1;
10011 :  1;
10012 :  1;
10013 :  1;
10014 :  1;
10015 :  1;
10016 :  1;
10017 :  1;
10018 :  1;
10019 :  1;
10020 :  1;
10021 :  1;
10022 :  1;
10023 :  1;
10024 :  1;
10025 :  1;
10026 :  1;
10027 :  1;
10028 :  1;
10029 :  1;
10030 :  1;
10031 :  1;
10032 :  1;
10033 :  1;
10034 :  1;
10035 :  1;
10036 :  1;
10037 : 11;
10038 :  0;
10039 :  0;
10040 :  1;
10041 :  1;
10042 : 11;
10043 :  1;
10044 :  1;
10045 :  1;
10046 :  1;
10047 :  1;
10048 :  1;
10049 :  1;
10050 :  1;
10051 :  1;
10052 :  1;
10053 :  1;
10054 :  1;
10055 :  1;
10056 :  1;
10057 :  1;
10058 :  1;
10059 :  1;
10060 :  1;
10061 :  1;
10062 :  1;
10063 :  1;
10064 :  1;
10065 :  1;
10066 :  1;
10067 :  1;
10068 :  1;
10069 :  1;
10070 :  1;
10071 :  1;
10072 : 11;
10073 : 11;
10074 : 11;
10075 : 11;
10076 : 11;
10077 : 11;
10078 : 11;
10079 : 11;
10080 : 11;
10081 : 11;
10082 : 11;
10083 : 11;
10084 : 11;
10085 : 11;
10086 : 11;
10087 : 11;
10088 :  1;
10089 :  1;
10090 :  1;
10091 :  1;
10092 :  1;
10093 :  1;
10094 :  1;
10095 :  1;
10096 :  1;
10097 :  1;
10098 :  1;
10099 :  1;
10100 :  1;
10101 :  1;
10102 :  1;
10103 :  1;
10104 :  1;
10105 :  1;
10106 :  1;
10107 :  1;
10108 :  1;
10109 :  1;
10110 :  1;
10111 :  1;
10112 :  1;
10113 :  1;
10114 :  1;
10115 :  1;
10116 :  1;
10117 :  1;
10118 :  1;
10119 :  1;
10120 :  1;
10121 :  1;
10122 :  1;
10123 :  1;
10124 :  1;
10125 :  1;
10126 :  1;
10127 :  1;
10128 :  1;
10129 :  1;
10130 :  1;
10131 :  1;
10132 :  1;
10133 :  1;
10134 :  1;
10135 :  1;
10136 :  1;
10137 :  1;
10138 :  1;
10139 :  1;
10140 :  1;
10141 :  1;
10142 :  1;
10143 :  1;
10144 :  1;
10145 :  1;
10146 :  1;
10147 :  1;
10148 :  1;
10149 :  1;
10150 :  1;
10151 :  1;
10152 :  1;
10153 :  1;
10154 :  1;
10155 :  1;
10156 :  1;
10157 :  1;
10158 :  1;
10159 :  1;
10160 :  1;
10161 :  1;
10162 :  1;
10163 :  1;
10164 :  1;
10165 :  1;
10166 :  1;
10167 :  1;
10168 :  1;
10169 :  1;
10170 :  1;
10171 :  1;
10172 :  1;
10173 :  1;
10174 :  1;
10175 :  1;
10176 :  1;
10177 :  1;
10178 :  1;
10179 :  1;
10180 :  1;
10181 :  1;
10182 :  1;
10183 :  1;
10184 :  1;
10185 :  1;
10186 :  1;
10187 :  1;
10188 :  1;
10189 :  1;
10190 :  1;
10191 :  1;
10192 :  1;
10193 :  1;
10194 :  1;
10195 :  1;
10196 :  1;
10197 : 11;
10198 :  0;
10199 :  0;
10200 :  1;
10201 : 10;
10202 : 11;
10203 :  1;
10204 :  1;
10205 :  1;
10206 :  1;
10207 :  1;
10208 :  1;
10209 :  1;
10210 :  1;
10211 :  1;
10212 :  1;
10213 :  1;
10214 :  1;
10215 :  1;
10216 :  1;
10217 :  1;
10218 :  1;
10219 :  1;
10220 :  1;
10221 :  1;
10222 :  1;
10223 :  1;
10224 :  1;
10225 :  1;
10226 :  1;
10227 :  1;
10228 :  1;
10229 :  1;
10230 :  1;
10231 :  1;
10232 : 11;
10233 : 11;
10234 : 11;
10235 : 11;
10236 : 11;
10237 : 11;
10238 : 11;
10239 : 11;
10240 : 11;
10241 : 11;
10242 : 11;
10243 : 11;
10244 : 11;
10245 : 11;
10246 : 11;
10247 : 11;
10248 :  1;
10249 :  1;
10250 :  1;
10251 :  1;
10252 :  1;
10253 :  1;
10254 :  1;
10255 :  1;
10256 :  1;
10257 :  1;
10258 :  1;
10259 :  1;
10260 :  1;
10261 :  1;
10262 :  1;
10263 :  1;
10264 :  1;
10265 :  1;
10266 :  1;
10267 :  1;
10268 :  1;
10269 :  0;
10270 :  0;
10271 :  0;
10272 :  0;
10273 :  1;
10274 :  1;
10275 :  1;
10276 :  1;
10277 :  1;
10278 :  1;
10279 :  1;
10280 :  1;
10281 :  1;
10282 :  1;
10283 :  1;
10284 :  1;
10285 :  1;
10286 :  1;
10287 :  1;
10288 :  1;
10289 :  1;
10290 :  1;
10291 :  1;
10292 :  1;
10293 :  1;
10294 :  1;
10295 :  1;
10296 :  1;
10297 :  1;
10298 :  1;
10299 :  1;
10300 :  1;
10301 :  1;
10302 :  1;
10303 :  1;
10304 :  1;
10305 :  1;
10306 :  1;
10307 :  1;
10308 :  1;
10309 :  1;
10310 :  1;
10311 :  1;
10312 :  1;
10313 :  1;
10314 :  1;
10315 :  1;
10316 :  1;
10317 :  1;
10318 :  1;
10319 :  1;
10320 :  1;
10321 :  1;
10322 :  1;
10323 :  1;
10324 :  1;
10325 :  1;
10326 :  1;
10327 :  1;
10328 :  1;
10329 :  1;
10330 :  1;
10331 :  1;
10332 :  1;
10333 :  1;
10334 :  1;
10335 :  1;
10336 :  1;
10337 :  1;
10338 :  1;
10339 :  1;
10340 :  1;
10341 :  1;
10342 :  1;
10343 :  1;
10344 :  1;
10345 :  1;
10346 :  1;
10347 :  1;
10348 :  1;
10349 :  1;
10350 :  1;
10351 :  1;
10352 :  1;
10353 :  1;
10354 :  1;
10355 :  1;
10356 :  1;
10357 :  1;
10358 : 11;
10359 :  1;
10360 : 10;
10361 : 11;
10362 :  1;
10363 :  1;
10364 :  1;
10365 :  1;
10366 :  1;
10367 :  1;
10368 :  1;
10369 :  1;
10370 :  1;
10371 :  1;
10372 :  1;
10373 :  1;
10374 :  1;
10375 :  1;
10376 :  1;
10377 :  1;
10378 :  1;
10379 :  1;
10380 :  1;
10381 :  1;
10382 :  1;
10383 :  1;
10384 :  1;
10385 :  1;
10386 :  1;
10387 :  1;
10388 :  1;
10389 :  1;
10390 :  1;
10391 :  1;
10392 : 11;
10393 : 11;
10394 : 11;
10395 : 11;
10396 : 11;
10397 : 11;
10398 : 11;
10399 : 11;
10400 : 11;
10401 : 11;
10402 : 11;
10403 : 11;
10404 : 11;
10405 : 11;
10406 : 11;
10407 : 11;
10408 :  1;
10409 :  1;
10410 :  1;
10411 :  1;
10412 :  1;
10413 :  1;
10414 :  1;
10415 :  1;
10416 :  1;
10417 :  1;
10418 :  1;
10419 :  1;
10420 :  1;
10421 :  1;
10422 :  1;
10423 :  1;
10424 :  1;
10425 :  1;
10426 :  1;
10427 :  0;
10428 :  0;
10429 :  0;
10430 :  0;
10431 :  0;
10432 :  0;
10433 :  0;
10434 :  0;
10435 :  1;
10436 :  1;
10437 :  1;
10438 :  1;
10439 :  1;
10440 :  1;
10441 :  1;
10442 :  1;
10443 :  1;
10444 :  1;
10445 :  1;
10446 :  1;
10447 :  1;
10448 :  1;
10449 :  1;
10450 :  1;
10451 :  1;
10452 :  1;
10453 :  1;
10454 :  1;
10455 :  1;
10456 :  1;
10457 :  1;
10458 :  1;
10459 :  1;
10460 :  1;
10461 :  1;
10462 :  1;
10463 :  1;
10464 :  1;
10465 :  1;
10466 :  1;
10467 :  1;
10468 :  1;
10469 :  1;
10470 :  1;
10471 :  1;
10472 :  1;
10473 :  1;
10474 :  1;
10475 :  1;
10476 :  1;
10477 :  1;
10478 :  1;
10479 :  1;
10480 :  1;
10481 :  1;
10482 :  1;
10483 :  1;
10484 :  1;
10485 :  1;
10486 :  1;
10487 :  1;
10488 :  1;
10489 :  1;
10490 :  1;
10491 :  1;
10492 :  1;
10493 :  1;
10494 :  1;
10495 :  1;
10496 :  1;
10497 :  1;
10498 :  1;
10499 :  1;
10500 :  1;
10501 :  1;
10502 :  1;
10503 :  1;
10504 :  1;
10505 :  1;
10506 :  1;
10507 :  1;
10508 :  1;
10509 :  1;
10510 :  1;
10511 :  1;
10512 :  1;
10513 :  1;
10514 :  1;
10515 :  1;
10516 :  1;
10517 :  1;
10518 :  1;
10519 : 11;
10520 : 11;
10521 :  1;
10522 :  1;
10523 :  1;
10524 :  1;
10525 :  1;
10526 :  1;
10527 :  1;
10528 :  1;
10529 :  1;
10530 :  1;
10531 :  1;
10532 :  1;
10533 :  1;
10534 :  1;
10535 :  1;
10536 :  1;
10537 :  1;
10538 :  1;
10539 :  1;
10540 :  1;
10541 :  1;
10542 :  1;
10543 :  1;
10544 :  1;
10545 :  1;
10546 :  1;
10547 :  1;
10548 :  1;
10549 :  1;
10550 :  1;
10551 :  1;
10552 : 11;
10553 : 11;
10554 : 11;
10555 : 11;
10556 : 11;
10557 : 11;
10558 : 11;
10559 : 11;
10560 : 11;
10561 : 11;
10562 : 11;
10563 : 11;
10564 : 11;
10565 : 11;
10566 : 11;
10567 : 11;
10568 :  1;
10569 :  1;
10570 :  1;
10571 :  1;
10572 :  1;
10573 :  1;
10574 :  1;
10575 :  1;
10576 :  1;
10577 :  1;
10578 :  1;
10579 :  1;
10580 :  1;
10581 :  1;
10582 :  1;
10583 :  1;
10584 :  1;
10585 :  1;
10586 :  0;
10587 :  0;
10588 :  0;
10589 :  0;
10590 :  0;
10591 :  0;
10592 :  0;
10593 :  0;
10594 :  0;
10595 :  0;
10596 :  1;
10597 :  1;
10598 :  1;
10599 :  1;
10600 :  1;
10601 :  1;
10602 :  1;
10603 :  1;
10604 :  1;
10605 :  1;
10606 :  1;
10607 :  1;
10608 :  1;
10609 :  1;
10610 :  1;
10611 :  1;
10612 :  1;
10613 :  1;
10614 :  1;
10615 :  1;
10616 :  1;
10617 :  1;
10618 :  1;
10619 :  1;
10620 :  1;
10621 :  1;
10622 :  1;
10623 :  1;
10624 :  1;
10625 :  1;
10626 :  1;
10627 :  1;
10628 :  1;
10629 :  1;
10630 :  1;
10631 :  1;
10632 :  1;
10633 :  1;
10634 :  1;
10635 :  1;
10636 :  1;
10637 :  1;
10638 :  1;
10639 :  1;
10640 :  1;
10641 :  1;
10642 :  1;
10643 :  1;
10644 :  1;
10645 :  1;
10646 :  1;
10647 :  1;
10648 :  1;
10649 :  1;
10650 :  1;
10651 :  1;
10652 :  1;
10653 :  1;
10654 :  1;
10655 :  1;
10656 :  1;
10657 :  1;
10658 :  1;
10659 :  1;
10660 :  1;
10661 :  1;
10662 :  1;
10663 :  1;
10664 :  1;
10665 :  1;
10666 :  1;
10667 :  1;
10668 :  1;
10669 :  1;
10670 :  1;
10671 :  1;
10672 :  1;
10673 :  1;
10674 :  1;
10675 :  1;
10676 :  1;
10677 :  1;
10678 :  1;
10679 : 11;
10680 : 11;
10681 :  1;
10682 :  1;
10683 :  1;
10684 :  1;
10685 :  1;
10686 :  1;
10687 :  1;
10688 :  1;
10689 :  1;
10690 :  1;
10691 :  1;
10692 :  1;
10693 :  1;
10694 :  1;
10695 :  1;
10696 :  1;
10697 :  1;
10698 :  1;
10699 :  1;
10700 :  1;
10701 :  1;
10702 :  1;
10703 :  1;
10704 :  1;
10705 :  1;
10706 :  1;
10707 :  1;
10708 :  1;
10709 :  1;
10710 :  1;
10711 :  1;
10712 : 11;
10713 : 11;
10714 : 11;
10715 : 11;
10716 : 11;
10717 : 11;
10718 : 11;
10719 : 11;
10720 : 11;
10721 : 11;
10722 : 11;
10723 : 11;
10724 : 11;
10725 : 11;
10726 : 11;
10727 : 11;
10728 :  1;
10729 :  1;
10730 :  1;
10731 :  1;
10732 :  1;
10733 :  1;
10734 :  1;
10735 :  1;
10736 :  1;
10737 :  1;
10738 :  1;
10739 :  1;
10740 :  1;
10741 :  1;
10742 :  1;
10743 :  1;
10744 :  1;
10745 :  0;
10746 :  0;
10747 :  0;
10748 :  0;
10749 :  0;
10750 :  0;
10751 :  0;
10752 :  0;
10753 :  0;
10754 :  0;
10755 :  0;
10756 :  0;
10757 :  1;
10758 :  1;
10759 :  1;
10760 :  1;
10761 :  1;
10762 :  1;
10763 :  1;
10764 :  1;
10765 :  1;
10766 :  1;
10767 :  1;
10768 :  1;
10769 :  1;
10770 :  1;
10771 :  1;
10772 :  1;
10773 :  1;
10774 :  1;
10775 :  1;
10776 :  1;
10777 :  1;
10778 :  1;
10779 :  0;
10780 :  1;
10781 :  1;
10782 :  1;
10783 :  1;
10784 :  1;
10785 :  1;
10786 :  1;
10787 :  1;
10788 :  1;
10789 :  1;
10790 :  1;
10791 :  1;
10792 :  1;
10793 :  1;
10794 :  1;
10795 :  1;
10796 :  1;
10797 :  1;
10798 :  1;
10799 :  1;
10800 :  1;
10801 :  1;
10802 :  1;
10803 :  1;
10804 :  1;
10805 :  1;
10806 :  1;
10807 :  1;
10808 :  1;
10809 :  1;
10810 :  1;
10811 :  1;
10812 :  1;
10813 :  1;
10814 :  1;
10815 :  1;
10816 :  1;
10817 :  1;
10818 :  1;
10819 :  1;
10820 :  1;
10821 :  1;
10822 :  1;
10823 :  1;
10824 :  1;
10825 :  1;
10826 :  1;
10827 :  0;
10828 :  1;
10829 :  1;
10830 :  1;
10831 :  1;
10832 :  1;
10833 :  1;
10834 :  1;
10835 :  1;
10836 :  1;
10837 :  1;
10838 :  1;
10839 : 11;
10840 : 11;
10841 :  1;
10842 :  1;
10843 :  1;
10844 :  1;
10845 :  1;
10846 :  1;
10847 :  1;
10848 :  1;
10849 :  1;
10850 :  1;
10851 :  0;
10852 :  0;
10853 :  1;
10854 :  1;
10855 :  1;
10856 :  1;
10857 :  1;
10858 :  1;
10859 :  1;
10860 :  1;
10861 :  1;
10862 :  1;
10863 :  1;
10864 :  1;
10865 :  1;
10866 :  1;
10867 :  1;
10868 :  1;
10869 :  1;
10870 :  1;
10871 :  1;
10872 : 11;
10873 : 11;
10874 : 11;
10875 : 11;
10876 : 11;
10877 : 11;
10878 : 11;
10879 : 11;
10880 : 11;
10881 : 11;
10882 : 11;
10883 : 11;
10884 : 11;
10885 : 11;
10886 : 11;
10887 : 11;
10888 :  1;
10889 :  1;
10890 :  1;
10891 :  1;
10892 :  1;
10893 :  1;
10894 :  1;
10895 :  1;
10896 :  1;
10897 :  1;
10898 :  1;
10899 :  1;
10900 :  1;
10901 :  1;
10902 :  1;
10903 :  1;
10904 :  1;
10905 :  0;
10906 :  0;
10907 :  0;
10908 :  0;
10909 :  0;
10910 :  0;
10911 :  0;
10912 :  0;
10913 :  0;
10914 :  0;
10915 :  0;
10916 :  0;
10917 :  1;
10918 :  1;
10919 :  1;
10920 :  1;
10921 :  1;
10922 :  1;
10923 :  1;
10924 :  1;
10925 :  1;
10926 :  1;
10927 :  1;
10928 :  1;
10929 :  1;
10930 :  1;
10931 :  1;
10932 :  1;
10933 :  1;
10934 :  1;
10935 :  1;
10936 :  1;
10937 :  1;
10938 :  1;
10939 :  1;
10940 :  1;
10941 :  1;
10942 :  1;
10943 :  1;
10944 :  1;
10945 :  1;
10946 :  1;
10947 :  1;
10948 :  1;
10949 :  1;
10950 :  1;
10951 :  1;
10952 :  1;
10953 :  1;
10954 :  1;
10955 :  1;
10956 :  1;
10957 :  1;
10958 :  1;
10959 :  1;
10960 :  1;
10961 :  1;
10962 :  1;
10963 :  1;
10964 :  1;
10965 :  1;
10966 :  1;
10967 :  1;
10968 :  1;
10969 :  1;
10970 :  1;
10971 :  1;
10972 :  1;
10973 :  1;
10974 :  1;
10975 :  1;
10976 :  1;
10977 :  1;
10978 :  1;
10979 :  1;
10980 :  1;
10981 :  1;
10982 :  1;
10983 :  1;
10984 :  1;
10985 :  1;
10986 :  1;
10987 :  1;
10988 :  1;
10989 :  1;
10990 :  1;
10991 :  1;
10992 :  1;
10993 :  1;
10994 :  1;
10995 :  1;
10996 :  1;
10997 :  1;
10998 :  1;
10999 : 11;
11000 : 11;
11001 :  1;
11002 :  1;
11003 :  1;
11004 :  1;
11005 :  1;
11006 :  1;
11007 :  1;
11008 :  1;
11009 :  1;
11010 :  1;
11011 :  0;
11012 :  0;
11013 :  1;
11014 :  1;
11015 :  1;
11016 :  1;
11017 :  1;
11018 :  1;
11019 :  1;
11020 :  1;
11021 :  1;
11022 :  1;
11023 :  1;
11024 :  1;
11025 :  1;
11026 :  1;
11027 :  1;
11028 :  1;
11029 :  1;
11030 :  1;
11031 :  1;
11032 : 11;
11033 : 11;
11034 : 11;
11035 : 11;
11036 : 11;
11037 : 11;
11038 : 11;
11039 : 11;
11040 : 11;
11041 : 11;
11042 : 11;
11043 : 11;
11044 : 11;
11045 : 11;
11046 : 11;
11047 : 11;
11048 :  1;
11049 :  1;
11050 :  1;
11051 :  1;
11052 :  1;
11053 :  1;
11054 :  1;
11055 :  1;
11056 :  1;
11057 :  1;
11058 :  1;
11059 :  1;
11060 :  1;
11061 :  1;
11062 :  1;
11063 :  1;
11064 :  0;
11065 :  0;
11066 :  0;
11067 :  0;
11068 :  0;
11069 :  0;
11070 :  0;
11071 :  0;
11072 :  0;
11073 :  0;
11074 :  0;
11075 :  0;
11076 :  0;
11077 :  0;
11078 :  1;
11079 :  1;
11080 :  1;
11081 :  1;
11082 :  1;
11083 :  1;
11084 :  1;
11085 :  1;
11086 :  1;
11087 :  1;
11088 :  1;
11089 :  1;
11090 :  1;
11091 :  1;
11092 :  1;
11093 :  1;
11094 :  1;
11095 :  1;
11096 :  1;
11097 :  1;
11098 :  1;
11099 :  1;
11100 :  1;
11101 :  1;
11102 :  1;
11103 :  1;
11104 :  1;
11105 :  1;
11106 :  1;
11107 :  1;
11108 :  1;
11109 :  1;
11110 :  1;
11111 :  1;
11112 :  1;
11113 :  1;
11114 :  1;
11115 :  1;
11116 :  1;
11117 :  1;
11118 :  1;
11119 :  1;
11120 :  1;
11121 :  1;
11122 :  1;
11123 :  1;
11124 :  1;
11125 :  1;
11126 :  1;
11127 :  1;
11128 :  1;
11129 :  1;
11130 :  1;
11131 :  1;
11132 :  1;
11133 :  1;
11134 :  1;
11135 :  1;
11136 :  1;
11137 :  1;
11138 :  1;
11139 :  1;
11140 :  1;
11141 :  1;
11142 :  1;
11143 :  1;
11144 :  1;
11145 :  1;
11146 :  1;
11147 :  1;
11148 :  1;
11149 :  1;
11150 :  1;
11151 :  1;
11152 :  1;
11153 :  1;
11154 :  1;
11155 :  1;
11156 :  1;
11157 :  1;
11158 :  1;
11159 : 11;
11160 : 11;
11161 :  1;
11162 :  1;
11163 :  1;
11164 :  1;
11165 :  1;
11166 :  1;
11167 :  1;
11168 :  1;
11169 :  1;
11170 :  1;
11171 :  1;
11172 :  1;
11173 :  1;
11174 :  1;
11175 :  1;
11176 :  1;
11177 :  1;
11178 :  1;
11179 :  1;
11180 :  1;
11181 :  1;
11182 :  1;
11183 :  1;
11184 :  1;
11185 :  1;
11186 :  1;
11187 :  1;
11188 :  1;
11189 :  1;
11190 :  1;
11191 :  1;
11192 : 11;
11193 : 11;
11194 : 11;
11195 : 11;
11196 : 11;
11197 : 11;
11198 : 11;
11199 : 11;
11200 : 11;
11201 : 11;
11202 : 11;
11203 : 11;
11204 : 11;
11205 : 11;
11206 : 11;
11207 : 11;
11208 :  1;
11209 :  1;
11210 :  1;
11211 :  1;
11212 :  1;
11213 :  1;
11214 :  1;
11215 :  1;
11216 :  1;
11217 :  1;
11218 :  1;
11219 :  1;
11220 :  1;
11221 :  1;
11222 :  1;
11223 :  1;
11224 :  0;
11225 :  0;
11226 :  0;
11227 :  0;
11228 :  0;
11229 :  0;
11230 :  0;
11231 :  0;
11232 :  0;
11233 :  0;
11234 :  0;
11235 :  0;
11236 :  0;
11237 :  0;
11238 :  1;
11239 :  1;
11240 :  1;
11241 :  1;
11242 :  1;
11243 :  1;
11244 :  1;
11245 :  1;
11246 :  1;
11247 :  1;
11248 :  1;
11249 :  1;
11250 :  1;
11251 :  1;
11252 :  1;
11253 :  1;
11254 :  1;
11255 :  1;
11256 :  1;
11257 :  1;
11258 :  1;
11259 :  1;
11260 :  1;
11261 :  1;
11262 :  1;
11263 :  1;
11264 :  1;
11265 :  1;
11266 :  1;
11267 :  1;
11268 :  1;
11269 :  1;
11270 :  1;
11271 :  1;
11272 :  1;
11273 :  1;
11274 :  1;
11275 :  1;
11276 :  1;
11277 :  1;
11278 :  1;
11279 :  1;
11280 :  1;
11281 :  1;
11282 :  1;
11283 :  1;
11284 :  1;
11285 :  1;
11286 :  1;
11287 :  1;
11288 :  1;
11289 :  1;
11290 :  1;
11291 :  1;
11292 :  1;
11293 :  1;
11294 :  1;
11295 :  1;
11296 :  1;
11297 :  1;
11298 :  1;
11299 :  1;
11300 :  1;
11301 :  1;
11302 :  1;
11303 :  1;
11304 :  1;
11305 :  1;
11306 :  1;
11307 :  1;
11308 :  1;
11309 :  1;
11310 :  1;
11311 :  1;
11312 :  1;
11313 :  1;
11314 :  1;
11315 :  1;
11316 :  1;
11317 :  1;
11318 :  1;
11319 : 11;
11320 : 11;
11321 :  1;
11322 :  1;
11323 :  1;
11324 :  1;
11325 :  1;
11326 :  1;
11327 :  1;
11328 :  1;
11329 :  1;
11330 :  1;
11331 :  1;
11332 :  1;
11333 :  1;
11334 :  1;
11335 :  1;
11336 :  1;
11337 :  1;
11338 :  1;
11339 :  1;
11340 :  1;
11341 :  1;
11342 :  1;
11343 :  1;
11344 :  1;
11345 :  1;
11346 :  1;
11347 :  1;
11348 :  1;
11349 :  1;
11350 :  1;
11351 :  1;
11352 : 11;
11353 : 11;
11354 : 11;
11355 : 11;
11356 : 11;
11357 : 11;
11358 : 11;
11359 : 11;
11360 : 11;
11361 : 11;
11362 : 11;
11363 : 11;
11364 : 11;
11365 : 11;
11366 : 11;
11367 : 11;
11368 :  1;
11369 :  1;
11370 :  1;
11371 :  1;
11372 :  1;
11373 :  1;
11374 :  1;
11375 :  1;
11376 :  1;
11377 :  1;
11378 :  1;
11379 :  1;
11380 :  1;
11381 :  1;
11382 :  1;
11383 :  1;
11384 :  0;
11385 :  0;
11386 :  0;
11387 :  0;
11388 :  0;
11389 :  0;
11390 :  0;
11391 :  0;
11392 :  0;
11393 :  0;
11394 :  0;
11395 :  0;
11396 :  0;
11397 :  0;
11398 :  1;
11399 :  1;
11400 :  1;
11401 :  1;
11402 :  1;
11403 :  1;
11404 :  1;
11405 :  1;
11406 :  1;
11407 :  1;
11408 :  1;
11409 :  1;
11410 :  1;
11411 :  1;
11412 :  1;
11413 :  1;
11414 :  1;
11415 :  1;
11416 :  1;
11417 :  1;
11418 :  1;
11419 :  1;
11420 :  1;
11421 :  1;
11422 :  1;
11423 :  1;
11424 :  1;
11425 :  1;
11426 :  1;
11427 :  1;
11428 :  1;
11429 :  1;
11430 :  1;
11431 :  1;
11432 :  1;
11433 :  1;
11434 :  1;
11435 :  1;
11436 :  1;
11437 :  1;
11438 :  1;
11439 :  1;
11440 :  1;
11441 :  1;
11442 :  1;
11443 :  1;
11444 :  1;
11445 :  1;
11446 :  1;
11447 :  1;
11448 :  1;
11449 :  1;
11450 :  1;
11451 :  1;
11452 :  1;
11453 :  1;
11454 :  1;
11455 :  1;
11456 :  1;
11457 :  1;
11458 :  1;
11459 :  1;
11460 :  1;
11461 :  1;
11462 :  1;
11463 :  1;
11464 :  1;
11465 :  1;
11466 :  1;
11467 :  1;
11468 :  1;
11469 :  1;
11470 :  1;
11471 :  1;
11472 :  1;
11473 :  1;
11474 :  1;
11475 :  1;
11476 :  1;
11477 :  1;
11478 :  1;
11479 : 11;
11480 : 11;
11481 :  1;
11482 :  1;
11483 :  1;
11484 :  1;
11485 :  1;
11486 :  1;
11487 :  1;
11488 :  1;
11489 :  1;
11490 :  1;
11491 :  1;
11492 :  1;
11493 :  1;
11494 :  1;
11495 :  1;
11496 :  1;
11497 :  1;
11498 :  1;
11499 :  1;
11500 :  1;
11501 :  1;
11502 :  1;
11503 :  1;
11504 :  1;
11505 :  1;
11506 :  1;
11507 :  1;
11508 :  1;
11509 :  1;
11510 :  1;
11511 :  1;
11512 : 11;
11513 : 11;
11514 : 11;
11515 : 11;
11516 : 11;
11517 : 11;
11518 : 11;
11519 : 11;
11520 : 11;
11521 : 11;
11522 : 11;
11523 : 11;
11524 : 11;
11525 : 11;
11526 : 11;
11527 : 11;
11528 :  1;
11529 :  1;
11530 :  1;
11531 :  1;
11532 :  1;
11533 :  1;
11534 :  1;
11535 :  1;
11536 :  1;
11537 :  1;
11538 :  1;
11539 :  1;
11540 :  1;
11541 :  1;
11542 :  1;
11543 :  1;
11544 :  0;
11545 :  0;
11546 :  0;
11547 :  0;
11548 :  0;
11549 :  0;
11550 :  0;
11551 :  0;
11552 :  0;
11553 :  0;
11554 :  0;
11555 :  0;
11556 :  0;
11557 :  0;
11558 :  1;
11559 :  1;
11560 :  1;
11561 :  1;
11562 :  1;
11563 :  1;
11564 :  1;
11565 :  1;
11566 :  1;
11567 :  1;
11568 :  1;
11569 :  1;
11570 :  1;
11571 :  1;
11572 :  1;
11573 :  1;
11574 :  1;
11575 :  1;
11576 :  1;
11577 :  1;
11578 :  1;
11579 :  1;
11580 :  1;
11581 :  1;
11582 :  1;
11583 :  1;
11584 :  1;
11585 :  1;
11586 :  1;
11587 :  1;
11588 :  1;
11589 :  1;
11590 :  1;
11591 :  1;
11592 :  1;
11593 :  1;
11594 :  1;
11595 :  1;
11596 :  1;
11597 :  1;
11598 :  1;
11599 :  1;
11600 :  1;
11601 :  1;
11602 :  1;
11603 :  1;
11604 :  1;
11605 :  1;
11606 :  1;
11607 :  1;
11608 :  1;
11609 :  1;
11610 :  1;
11611 :  1;
11612 :  1;
11613 :  1;
11614 :  1;
11615 :  1;
11616 :  1;
11617 :  1;
11618 :  1;
11619 :  1;
11620 :  1;
11621 :  1;
11622 :  1;
11623 :  1;
11624 :  1;
11625 :  1;
11626 :  1;
11627 :  1;
11628 :  1;
11629 :  1;
11630 :  1;
11631 :  1;
11632 :  1;
11633 :  1;
11634 :  1;
11635 :  1;
11636 :  1;
11637 :  1;
11638 : 11;
11639 :  0;
11640 : 10;
11641 : 11;
11642 :  1;
11643 :  1;
11644 :  1;
11645 :  1;
11646 :  1;
11647 :  1;
11648 :  1;
11649 :  1;
11650 :  1;
11651 :  1;
11652 :  1;
11653 :  1;
11654 :  1;
11655 :  1;
11656 :  1;
11657 :  1;
11658 :  1;
11659 :  1;
11660 :  1;
11661 :  1;
11662 :  1;
11663 :  1;
11664 :  1;
11665 :  1;
11666 :  1;
11667 :  1;
11668 :  1;
11669 :  1;
11670 :  1;
11671 :  1;
11672 : 11;
11673 : 11;
11674 : 11;
11675 : 11;
11676 : 11;
11677 : 11;
11678 : 11;
11679 : 11;
11680 : 11;
11681 : 11;
11682 : 11;
11683 : 11;
11684 : 11;
11685 : 11;
11686 : 11;
11687 : 11;
11688 :  1;
11689 :  1;
11690 :  1;
11691 :  1;
11692 :  1;
11693 :  1;
11694 :  1;
11695 :  1;
11696 :  1;
11697 :  1;
11698 :  1;
11699 :  1;
11700 :  1;
11701 :  1;
11702 :  1;
11703 :  1;
11704 :  1;
11705 :  0;
11706 :  0;
11707 :  0;
11708 :  0;
11709 :  0;
11710 :  0;
11711 :  0;
11712 :  0;
11713 :  0;
11714 :  0;
11715 :  0;
11716 :  0;
11717 :  1;
11718 :  1;
11719 :  1;
11720 :  1;
11721 :  1;
11722 :  1;
11723 :  1;
11724 :  1;
11725 :  1;
11726 :  1;
11727 :  1;
11728 :  1;
11729 :  1;
11730 :  1;
11731 :  1;
11732 :  1;
11733 :  1;
11734 :  1;
11735 :  1;
11736 :  1;
11737 :  1;
11738 :  1;
11739 :  1;
11740 :  1;
11741 :  1;
11742 :  1;
11743 :  1;
11744 :  1;
11745 :  1;
11746 :  1;
11747 :  1;
11748 :  1;
11749 :  1;
11750 :  1;
11751 :  1;
11752 :  1;
11753 :  1;
11754 :  1;
11755 :  1;
11756 :  1;
11757 :  1;
11758 :  1;
11759 :  1;
11760 :  1;
11761 :  1;
11762 :  1;
11763 :  1;
11764 :  1;
11765 :  1;
11766 :  1;
11767 :  1;
11768 :  1;
11769 :  1;
11770 :  1;
11771 :  1;
11772 :  1;
11773 :  1;
11774 :  1;
11775 :  1;
11776 :  1;
11777 :  1;
11778 :  1;
11779 :  1;
11780 :  1;
11781 :  1;
11782 :  1;
11783 :  1;
11784 :  1;
11785 :  1;
11786 :  1;
11787 :  1;
11788 :  1;
11789 :  1;
11790 :  1;
11791 :  1;
11792 :  1;
11793 :  1;
11794 :  1;
11795 :  1;
11796 :  1;
11797 :  1;
11798 : 11;
11799 :  0;
11800 : 10;
11801 : 11;
11802 :  1;
11803 :  1;
11804 :  1;
11805 :  1;
11806 :  1;
11807 :  1;
11808 :  1;
11809 :  1;
11810 :  1;
11811 :  1;
11812 :  1;
11813 :  1;
11814 :  1;
11815 :  1;
11816 :  1;
11817 :  1;
11818 :  1;
11819 :  1;
11820 :  1;
11821 :  1;
11822 :  1;
11823 :  1;
11824 :  1;
11825 :  1;
11826 :  1;
11827 :  1;
11828 :  1;
11829 :  1;
11830 :  1;
11831 :  1;
11832 : 11;
11833 : 11;
11834 : 11;
11835 : 11;
11836 : 11;
11837 : 11;
11838 : 11;
11839 : 11;
11840 : 11;
11841 : 11;
11842 : 11;
11843 : 11;
11844 : 11;
11845 : 11;
11846 : 11;
11847 : 11;
11848 :  1;
11849 :  1;
11850 :  1;
11851 :  1;
11852 :  1;
11853 :  1;
11854 :  1;
11855 :  1;
11856 :  1;
11857 :  1;
11858 :  1;
11859 :  1;
11860 :  1;
11861 :  1;
11862 :  1;
11863 :  1;
11864 :  1;
11865 :  0;
11866 :  0;
11867 :  0;
11868 :  0;
11869 :  0;
11870 :  0;
11871 :  0;
11872 :  0;
11873 :  0;
11874 :  0;
11875 :  0;
11876 :  0;
11877 :  1;
11878 :  1;
11879 :  1;
11880 :  1;
11881 :  1;
11882 :  1;
11883 :  1;
11884 :  1;
11885 :  1;
11886 :  1;
11887 :  1;
11888 :  1;
11889 :  1;
11890 :  1;
11891 :  1;
11892 :  1;
11893 :  1;
11894 :  1;
11895 :  1;
11896 :  1;
11897 :  1;
11898 :  1;
11899 :  1;
11900 :  1;
11901 :  1;
11902 :  1;
11903 :  1;
11904 :  1;
11905 :  1;
11906 :  1;
11907 :  1;
11908 :  1;
11909 :  1;
11910 :  1;
11911 :  1;
11912 :  1;
11913 :  1;
11914 :  1;
11915 :  1;
11916 :  1;
11917 :  1;
11918 :  1;
11919 :  1;
11920 :  1;
11921 :  1;
11922 :  1;
11923 :  1;
11924 :  1;
11925 :  1;
11926 :  1;
11927 :  1;
11928 :  1;
11929 :  1;
11930 :  1;
11931 :  1;
11932 :  1;
11933 :  1;
11934 :  1;
11935 :  1;
11936 :  1;
11937 :  1;
11938 :  1;
11939 :  1;
11940 :  1;
11941 :  1;
11942 :  1;
11943 :  1;
11944 :  1;
11945 :  1;
11946 :  1;
11947 :  1;
11948 :  1;
11949 :  1;
11950 :  1;
11951 :  1;
11952 :  1;
11953 :  1;
11954 :  1;
11955 :  1;
11956 :  1;
11957 :  1;
11958 : 11;
11959 : 11;
11960 : 11;
11961 : 11;
11962 :  1;
11963 :  1;
11964 :  1;
11965 :  1;
11966 :  1;
11967 :  1;
11968 :  1;
11969 :  1;
11970 :  1;
11971 :  1;
11972 :  1;
11973 :  1;
11974 :  1;
11975 :  1;
11976 :  1;
11977 :  1;
11978 :  1;
11979 :  1;
11980 :  1;
11981 :  1;
11982 :  1;
11983 :  1;
11984 :  1;
11985 :  1;
11986 :  1;
11987 :  1;
11988 :  1;
11989 :  1;
11990 :  1;
11991 :  1;
11992 : 11;
11993 : 11;
11994 : 11;
11995 : 11;
11996 : 11;
11997 : 11;
11998 : 11;
11999 : 11;
12000 : 11;
12001 : 11;
12002 : 11;
12003 : 11;
12004 : 11;
12005 : 11;
12006 : 11;
12007 : 11;
12008 :  1;
12009 :  1;
12010 :  1;
12011 :  0;
12012 :  1;
12013 :  1;
12014 :  1;
12015 :  1;
12016 :  1;
12017 :  1;
12018 :  1;
12019 :  1;
12020 :  1;
12021 :  1;
12022 :  1;
12023 :  1;
12024 :  1;
12025 :  1;
12026 :  0;
12027 :  0;
12028 :  0;
12029 :  0;
12030 :  0;
12031 :  0;
12032 :  0;
12033 :  0;
12034 :  0;
12035 :  0;
12036 :  1;
12037 :  1;
12038 :  1;
12039 :  1;
12040 :  1;
12041 :  1;
12042 :  1;
12043 :  1;
12044 :  1;
12045 :  1;
12046 :  1;
12047 :  1;
12048 :  1;
12049 :  1;
12050 :  1;
12051 :  1;
12052 :  1;
12053 :  1;
12054 :  1;
12055 :  1;
12056 :  1;
12057 :  1;
12058 :  1;
12059 :  1;
12060 :  1;
12061 :  1;
12062 :  1;
12063 :  1;
12064 :  1;
12065 :  1;
12066 :  1;
12067 :  1;
12068 :  1;
12069 :  1;
12070 :  1;
12071 :  1;
12072 :  1;
12073 :  1;
12074 :  1;
12075 :  0;
12076 :  0;
12077 :  1;
12078 :  1;
12079 :  1;
12080 :  1;
12081 :  1;
12082 :  1;
12083 :  1;
12084 :  1;
12085 :  1;
12086 :  1;
12087 :  1;
12088 :  1;
12089 :  1;
12090 :  1;
12091 :  1;
12092 :  1;
12093 :  1;
12094 :  1;
12095 :  1;
12096 :  1;
12097 :  1;
12098 :  1;
12099 :  1;
12100 :  1;
12101 :  1;
12102 :  1;
12103 :  1;
12104 :  1;
12105 :  1;
12106 :  1;
12107 :  1;
12108 :  1;
12109 :  1;
12110 :  1;
12111 :  1;
12112 :  1;
12113 :  1;
12114 :  1;
12115 :  1;
12116 :  1;
12117 : 11;
12118 :  0;
12119 : 10;
12120 :  1;
12121 : 10;
12122 : 11;
12123 :  1;
12124 :  1;
12125 :  1;
12126 :  1;
12127 :  1;
12128 :  1;
12129 :  1;
12130 :  1;
12131 :  1;
12132 :  1;
12133 :  1;
12134 :  1;
12135 :  1;
12136 :  1;
12137 :  1;
12138 :  1;
12139 :  1;
12140 :  1;
12141 :  1;
12142 :  1;
12143 :  1;
12144 :  1;
12145 :  1;
12146 :  1;
12147 :  1;
12148 :  1;
12149 :  1;
12150 :  1;
12151 :  1;
12152 : 11;
12153 : 11;
12154 : 11;
12155 : 11;
12156 : 11;
12157 : 11;
12158 : 11;
12159 : 11;
12160 : 11;
12161 : 11;
12162 : 11;
12163 : 11;
12164 : 11;
12165 : 11;
12166 : 11;
12167 : 11;
12168 :  1;
12169 :  1;
12170 :  1;
12171 :  1;
12172 :  1;
12173 :  1;
12174 :  1;
12175 :  1;
12176 :  1;
12177 :  1;
12178 :  1;
12179 :  1;
12180 :  1;
12181 :  1;
12182 :  1;
12183 :  1;
12184 :  1;
12185 :  1;
12186 :  1;
12187 :  0;
12188 :  0;
12189 :  0;
12190 :  0;
12191 :  0;
12192 :  0;
12193 :  0;
12194 :  0;
12195 :  1;
12196 :  1;
12197 :  1;
12198 :  1;
12199 :  1;
12200 :  1;
12201 :  1;
12202 :  1;
12203 :  1;
12204 :  1;
12205 :  1;
12206 :  1;
12207 :  1;
12208 :  1;
12209 :  1;
12210 :  1;
12211 :  1;
12212 :  1;
12213 :  1;
12214 :  1;
12215 :  1;
12216 :  1;
12217 :  1;
12218 :  1;
12219 :  1;
12220 :  1;
12221 :  1;
12222 :  1;
12223 :  1;
12224 :  1;
12225 :  1;
12226 :  1;
12227 :  1;
12228 :  1;
12229 :  1;
12230 :  1;
12231 :  1;
12232 :  1;
12233 :  1;
12234 :  1;
12235 :  0;
12236 :  0;
12237 :  1;
12238 :  1;
12239 :  1;
12240 :  1;
12241 :  1;
12242 :  1;
12243 :  1;
12244 :  1;
12245 :  1;
12246 :  1;
12247 :  1;
12248 :  1;
12249 :  1;
12250 :  1;
12251 :  1;
12252 :  1;
12253 :  1;
12254 :  1;
12255 :  1;
12256 :  1;
12257 :  1;
12258 :  1;
12259 :  1;
12260 :  1;
12261 :  1;
12262 :  1;
12263 :  1;
12264 :  1;
12265 :  1;
12266 :  1;
12267 :  1;
12268 :  1;
12269 :  1;
12270 :  1;
12271 :  1;
12272 :  1;
12273 :  1;
12274 :  1;
12275 :  1;
12276 : 11;
12277 :  0;
12278 :  0;
12279 : 10;
12280 :  1;
12281 : 10;
12282 : 10;
12283 : 11;
12284 :  1;
12285 :  1;
12286 :  1;
12287 :  1;
12288 :  1;
12289 :  1;
12290 :  1;
12291 :  1;
12292 :  1;
12293 :  1;
12294 :  1;
12295 :  1;
12296 :  1;
12297 :  1;
12298 :  1;
12299 :  1;
12300 :  1;
12301 :  1;
12302 :  1;
12303 :  1;
12304 :  1;
12305 :  1;
12306 :  1;
12307 :  1;
12308 :  1;
12309 :  1;
12310 :  1;
12311 :  1;
12312 : 11;
12313 : 11;
12314 : 11;
12315 : 11;
12316 : 11;
12317 : 11;
12318 : 11;
12319 : 11;
12320 : 11;
12321 : 11;
12322 : 11;
12323 : 11;
12324 : 11;
12325 : 11;
12326 : 11;
12327 : 11;
12328 :  1;
12329 :  1;
12330 :  1;
12331 :  1;
12332 :  1;
12333 :  1;
12334 :  1;
12335 :  1;
12336 :  1;
12337 :  1;
12338 :  1;
12339 :  1;
12340 :  1;
12341 :  1;
12342 :  1;
12343 :  1;
12344 :  1;
12345 :  1;
12346 :  1;
12347 :  1;
12348 :  1;
12349 :  0;
12350 :  0;
12351 :  0;
12352 :  0;
12353 :  1;
12354 :  1;
12355 :  1;
12356 :  1;
12357 :  1;
12358 :  1;
12359 :  1;
12360 :  1;
12361 :  1;
12362 :  1;
12363 :  1;
12364 :  1;
12365 :  1;
12366 :  1;
12367 :  1;
12368 :  1;
12369 :  1;
12370 :  1;
12371 :  1;
12372 :  1;
12373 :  1;
12374 :  1;
12375 :  1;
12376 :  1;
12377 :  1;
12378 :  1;
12379 :  1;
12380 :  1;
12381 :  1;
12382 :  1;
12383 :  1;
12384 :  1;
12385 :  1;
12386 :  1;
12387 :  1;
12388 :  1;
12389 :  1;
12390 :  1;
12391 :  1;
12392 :  1;
12393 :  1;
12394 :  1;
12395 :  1;
12396 :  1;
12397 :  1;
12398 :  1;
12399 :  1;
12400 :  1;
12401 :  1;
12402 :  1;
12403 :  1;
12404 :  1;
12405 :  1;
12406 :  1;
12407 :  1;
12408 :  1;
12409 :  1;
12410 :  1;
12411 :  1;
12412 :  1;
12413 :  1;
12414 :  1;
12415 :  1;
12416 :  1;
12417 :  1;
12418 :  1;
12419 :  1;
12420 :  1;
12421 :  1;
12422 :  1;
12423 :  1;
12424 :  1;
12425 :  1;
12426 :  1;
12427 :  1;
12428 :  1;
12429 :  1;
12430 :  1;
12431 :  1;
12432 :  1;
12433 :  1;
12434 :  1;
12435 : 11;
12436 :  0;
12437 :  0;
12438 : 10;
12439 :  1;
12440 :  1;
12441 : 10;
12442 :  1;
12443 : 10;
12444 : 11;
12445 :  1;
12446 :  1;
12447 :  1;
12448 :  1;
12449 :  1;
12450 :  1;
12451 :  1;
12452 :  1;
12453 :  1;
12454 :  1;
12455 :  1;
12456 :  1;
12457 :  1;
12458 :  1;
12459 :  1;
12460 :  1;
12461 :  1;
12462 :  1;
12463 :  1;
12464 :  1;
12465 :  1;
12466 :  1;
12467 :  1;
12468 :  1;
12469 :  1;
12470 :  1;
12471 :  1;
12472 : 11;
12473 : 11;
12474 : 11;
12475 : 11;
12476 : 11;
12477 : 11;
12478 : 11;
12479 : 11;
12480 : 11;
12481 : 11;
12482 : 11;
12483 : 11;
12484 : 11;
12485 : 11;
12486 : 11;
12487 : 11;
12488 :  1;
12489 :  1;
12490 :  1;
12491 :  1;
12492 :  1;
12493 :  1;
12494 :  1;
12495 :  1;
12496 :  1;
12497 :  1;
12498 :  1;
12499 :  1;
12500 :  1;
12501 :  1;
12502 :  1;
12503 :  1;
12504 :  1;
12505 :  1;
12506 :  1;
12507 :  1;
12508 :  1;
12509 :  1;
12510 :  1;
12511 :  1;
12512 :  1;
12513 :  1;
12514 :  1;
12515 :  1;
12516 :  1;
12517 :  1;
12518 :  1;
12519 :  1;
12520 :  1;
12521 :  1;
12522 :  1;
12523 :  1;
12524 :  1;
12525 :  1;
12526 :  1;
12527 :  1;
12528 :  1;
12529 :  1;
12530 :  1;
12531 :  1;
12532 :  1;
12533 :  1;
12534 :  1;
12535 :  1;
12536 :  1;
12537 :  1;
12538 :  1;
12539 :  1;
12540 :  1;
12541 :  1;
12542 :  1;
12543 :  1;
12544 :  1;
12545 :  1;
12546 :  1;
12547 :  1;
12548 :  1;
12549 :  1;
12550 :  1;
12551 :  1;
12552 :  1;
12553 :  1;
12554 :  1;
12555 :  1;
12556 :  1;
12557 :  1;
12558 :  1;
12559 :  1;
12560 :  1;
12561 :  1;
12562 :  1;
12563 :  1;
12564 :  1;
12565 :  1;
12566 :  1;
12567 :  1;
12568 :  1;
12569 :  1;
12570 :  1;
12571 :  1;
12572 :  1;
12573 :  1;
12574 :  1;
12575 :  1;
12576 :  1;
12577 :  1;
12578 :  1;
12579 :  1;
12580 :  1;
12581 :  1;
12582 :  1;
12583 :  1;
12584 :  1;
12585 :  1;
12586 :  1;
12587 :  1;
12588 :  1;
12589 :  1;
12590 :  1;
12591 :  1;
12592 :  1;
12593 :  1;
12594 : 11;
12595 :  0;
12596 :  0;
12597 : 10;
12598 : 10;
12599 :  1;
12600 : 10;
12601 : 10;
12602 :  1;
12603 : 10;
12604 : 10;
12605 : 11;
12606 :  1;
12607 :  1;
12608 :  1;
12609 :  1;
12610 :  1;
12611 :  1;
12612 :  1;
12613 :  1;
12614 :  1;
12615 :  1;
12616 :  1;
12617 :  1;
12618 :  1;
12619 :  1;
12620 :  1;
12621 :  1;
12622 :  1;
12623 :  1;
12624 :  1;
12625 :  1;
12626 :  1;
12627 :  1;
12628 :  1;
12629 :  1;
12630 :  1;
12631 :  1;
12632 : 11;
12633 : 11;
12634 : 11;
12635 : 11;
12636 : 11;
12637 : 11;
12638 : 11;
12639 : 11;
12640 : 11;
12641 : 11;
12642 : 11;
12643 : 11;
12644 : 11;
12645 : 11;
12646 : 11;
12647 : 11;
12648 :  1;
12649 :  1;
12650 :  1;
12651 :  1;
12652 :  1;
12653 :  1;
12654 :  1;
12655 :  1;
12656 :  1;
12657 :  1;
12658 :  1;
12659 :  1;
12660 :  1;
12661 :  1;
12662 :  1;
12663 :  1;
12664 :  1;
12665 :  1;
12666 :  1;
12667 :  1;
12668 :  1;
12669 :  1;
12670 :  1;
12671 :  1;
12672 :  1;
12673 :  1;
12674 :  1;
12675 :  1;
12676 :  1;
12677 :  1;
12678 :  1;
12679 :  1;
12680 :  1;
12681 :  1;
12682 :  1;
12683 :  1;
12684 :  1;
12685 :  1;
12686 :  1;
12687 :  1;
12688 :  1;
12689 :  1;
12690 :  1;
12691 :  1;
12692 :  1;
12693 :  1;
12694 :  1;
12695 :  1;
12696 :  1;
12697 :  1;
12698 :  1;
12699 :  1;
12700 :  1;
12701 :  1;
12702 :  1;
12703 :  1;
12704 :  1;
12705 :  1;
12706 :  1;
12707 :  1;
12708 :  1;
12709 :  1;
12710 :  1;
12711 :  1;
12712 :  1;
12713 :  1;
12714 :  1;
12715 :  1;
12716 :  1;
12717 :  1;
12718 :  1;
12719 :  1;
12720 :  1;
12721 :  1;
12722 :  1;
12723 :  1;
12724 :  1;
12725 :  1;
12726 :  1;
12727 :  1;
12728 :  1;
12729 :  1;
12730 :  1;
12731 :  1;
12732 :  1;
12733 :  1;
12734 :  1;
12735 :  1;
12736 :  1;
12737 :  1;
12738 :  1;
12739 :  1;
12740 :  1;
12741 :  1;
12742 :  1;
12743 :  1;
12744 :  1;
12745 :  1;
12746 :  1;
12747 :  1;
12748 :  1;
12749 :  1;
12750 :  1;
12751 :  1;
12752 :  1;
12753 : 11;
12754 :  0;
12755 :  0;
12756 : 10;
12757 : 10;
12758 :  1;
12759 :  1;
12760 : 10;
12761 : 10;
12762 :  1;
12763 :  1;
12764 : 10;
12765 : 10;
12766 : 11;
12767 :  1;
12768 :  1;
12769 :  1;
12770 :  1;
12771 :  1;
12772 :  1;
12773 :  1;
12774 :  1;
12775 :  1;
12776 :  1;
12777 :  1;
12778 :  1;
12779 :  1;
12780 :  1;
12781 :  1;
12782 :  1;
12783 :  1;
12784 :  1;
12785 :  1;
12786 :  1;
12787 :  1;
12788 :  1;
12789 :  1;
12790 :  1;
12791 :  1;
12792 : 11;
12793 : 11;
12794 : 11;
12795 : 11;
12796 : 11;
12797 : 11;
12798 : 11;
12799 : 11;
12800 : 11;
12801 : 11;
12802 : 11;
12803 : 11;
12804 : 11;
12805 : 11;
12806 : 11;
12807 : 11;
12808 :  1;
12809 :  1;
12810 :  1;
12811 :  1;
12812 :  1;
12813 :  1;
12814 :  1;
12815 :  1;
12816 :  1;
12817 :  1;
12818 :  1;
12819 :  1;
12820 :  1;
12821 :  1;
12822 :  1;
12823 :  1;
12824 :  1;
12825 :  1;
12826 :  1;
12827 :  1;
12828 :  1;
12829 :  1;
12830 :  1;
12831 :  1;
12832 :  1;
12833 :  1;
12834 :  1;
12835 :  1;
12836 :  1;
12837 :  1;
12838 :  1;
12839 :  1;
12840 :  1;
12841 :  1;
12842 :  1;
12843 :  1;
12844 :  1;
12845 :  1;
12846 :  1;
12847 :  1;
12848 :  1;
12849 :  1;
12850 :  1;
12851 :  1;
12852 :  1;
12853 :  1;
12854 :  1;
12855 :  1;
12856 :  1;
12857 :  1;
12858 :  1;
12859 :  1;
12860 :  1;
12861 :  1;
12862 :  1;
12863 :  1;
12864 :  1;
12865 :  1;
12866 :  1;
12867 :  1;
12868 :  1;
12869 :  1;
12870 :  1;
12871 :  1;
12872 :  1;
12873 :  1;
12874 :  1;
12875 :  1;
12876 :  1;
12877 :  1;
12878 :  1;
12879 :  1;
12880 :  1;
12881 :  1;
12882 :  1;
12883 :  1;
12884 :  1;
12885 :  1;
12886 :  1;
12887 :  1;
12888 :  1;
12889 :  1;
12890 :  1;
12891 :  1;
12892 :  1;
12893 :  1;
12894 :  1;
12895 :  1;
12896 :  1;
12897 :  1;
12898 :  1;
12899 :  1;
12900 :  1;
12901 :  1;
12902 :  1;
12903 :  1;
12904 :  1;
12905 :  1;
12906 :  1;
12907 :  1;
12908 :  1;
12909 :  1;
12910 :  1;
12911 :  1;
12912 : 11;
12913 :  0;
12914 :  0;
12915 : 10;
12916 : 10;
12917 :  1;
12918 :  1;
12919 :  1;
12920 : 10;
12921 : 10;
12922 :  1;
12923 :  1;
12924 : 10;
12925 :  1;
12926 : 10;
12927 : 11;
12928 :  1;
12929 :  1;
12930 :  1;
12931 :  1;
12932 :  1;
12933 :  1;
12934 :  1;
12935 :  1;
12936 :  1;
12937 :  1;
12938 :  1;
12939 :  1;
12940 :  1;
12941 :  1;
12942 :  1;
12943 :  1;
12944 :  1;
12945 :  1;
12946 :  1;
12947 :  1;
12948 :  1;
12949 :  1;
12950 :  1;
12951 :  1;
12952 : 11;
12953 : 11;
12954 : 11;
12955 : 11;
12956 : 11;
12957 : 11;
12958 : 11;
12959 : 11;
12960 : 11;
12961 : 11;
12962 : 11;
12963 : 11;
12964 : 11;
12965 : 11;
12966 : 11;
12967 : 11;
12968 :  1;
12969 :  1;
12970 :  1;
12971 :  1;
12972 :  1;
12973 :  1;
12974 :  1;
12975 :  1;
12976 :  1;
12977 :  1;
12978 :  1;
12979 :  1;
12980 :  1;
12981 :  1;
12982 :  1;
12983 :  1;
12984 :  1;
12985 :  1;
12986 :  1;
12987 :  1;
12988 :  1;
12989 :  1;
12990 :  1;
12991 :  1;
12992 :  1;
12993 :  1;
12994 :  1;
12995 :  1;
12996 :  1;
12997 :  1;
12998 :  1;
12999 :  1;
13000 :  1;
13001 :  1;
13002 :  1;
13003 :  1;
13004 :  1;
13005 :  1;
13006 :  1;
13007 :  1;
13008 :  1;
13009 :  1;
13010 :  1;
13011 :  1;
13012 :  1;
13013 :  1;
13014 :  1;
13015 :  1;
13016 :  1;
13017 :  1;
13018 :  1;
13019 :  1;
13020 :  1;
13021 :  1;
13022 :  1;
13023 :  1;
13024 :  1;
13025 :  1;
13026 :  1;
13027 :  1;
13028 :  1;
13029 :  1;
13030 :  1;
13031 :  1;
13032 :  1;
13033 :  1;
13034 :  1;
13035 :  1;
13036 :  1;
13037 :  1;
13038 :  1;
13039 :  1;
13040 :  1;
13041 :  1;
13042 :  1;
13043 :  1;
13044 :  1;
13045 :  1;
13046 :  1;
13047 :  1;
13048 :  1;
13049 :  1;
13050 :  1;
13051 :  1;
13052 :  1;
13053 :  1;
13054 :  1;
13055 :  1;
13056 :  1;
13057 :  1;
13058 :  1;
13059 :  1;
13060 :  1;
13061 :  1;
13062 :  1;
13063 :  1;
13064 :  1;
13065 :  1;
13066 :  1;
13067 :  1;
13068 :  1;
13069 :  1;
13070 :  1;
13071 : 11;
13072 :  0;
13073 :  0;
13074 : 10;
13075 : 10;
13076 : 10;
13077 :  1;
13078 :  1;
13079 : 10;
13080 : 10;
13081 : 10;
13082 :  1;
13083 :  1;
13084 : 10;
13085 : 10;
13086 :  1;
13087 : 10;
13088 : 11;
13089 :  1;
13090 :  1;
13091 :  1;
13092 :  1;
13093 :  1;
13094 :  1;
13095 :  1;
13096 :  1;
13097 :  1;
13098 :  1;
13099 :  1;
13100 :  1;
13101 :  1;
13102 :  1;
13103 :  1;
13104 :  1;
13105 :  1;
13106 :  1;
13107 :  1;
13108 :  1;
13109 :  1;
13110 :  1;
13111 :  1;
13112 : 11;
13113 : 11;
13114 : 11;
13115 : 11;
13116 : 11;
13117 : 11;
13118 : 11;
13119 : 11;
13120 : 11;
13121 : 11;
13122 : 11;
13123 : 11;
13124 : 11;
13125 : 11;
13126 : 11;
13127 : 11;
13128 :  1;
13129 :  1;
13130 :  1;
13131 :  1;
13132 :  1;
13133 :  1;
13134 :  1;
13135 :  1;
13136 :  1;
13137 :  1;
13138 :  1;
13139 :  1;
13140 :  1;
13141 :  1;
13142 :  1;
13143 :  1;
13144 :  1;
13145 :  1;
13146 :  1;
13147 :  1;
13148 :  1;
13149 :  1;
13150 :  1;
13151 :  1;
13152 :  1;
13153 :  1;
13154 :  1;
13155 :  1;
13156 :  1;
13157 :  1;
13158 :  1;
13159 :  1;
13160 :  1;
13161 :  1;
13162 :  1;
13163 :  1;
13164 :  1;
13165 :  1;
13166 :  1;
13167 :  1;
13168 :  1;
13169 :  1;
13170 :  1;
13171 :  1;
13172 :  1;
13173 :  1;
13174 :  1;
13175 :  1;
13176 :  1;
13177 :  1;
13178 :  1;
13179 :  1;
13180 :  1;
13181 :  1;
13182 :  1;
13183 :  1;
13184 :  1;
13185 :  1;
13186 :  1;
13187 :  1;
13188 :  1;
13189 :  1;
13190 :  1;
13191 :  1;
13192 :  1;
13193 :  1;
13194 :  1;
13195 :  1;
13196 :  1;
13197 :  1;
13198 :  1;
13199 :  1;
13200 :  1;
13201 :  1;
13202 :  1;
13203 :  1;
13204 :  1;
13205 :  1;
13206 :  1;
13207 :  1;
13208 :  1;
13209 :  1;
13210 :  1;
13211 :  1;
13212 :  1;
13213 :  1;
13214 :  1;
13215 :  1;
13216 :  1;
13217 :  1;
13218 :  1;
13219 :  1;
13220 :  1;
13221 :  1;
13222 :  1;
13223 :  1;
13224 :  1;
13225 :  1;
13226 :  1;
13227 :  1;
13228 :  1;
13229 :  1;
13230 : 11;
13231 :  0;
13232 :  0;
13233 : 10;
13234 : 10;
13235 : 10;
13236 :  1;
13237 :  1;
13238 :  1;
13239 : 10;
13240 : 10;
13241 : 10;
13242 :  1;
13243 :  1;
13244 :  1;
13245 : 10;
13246 :  1;
13247 : 10;
13248 : 10;
13249 : 11;
13250 :  1;
13251 :  1;
13252 :  1;
13253 :  1;
13254 :  1;
13255 :  1;
13256 :  1;
13257 :  1;
13258 :  1;
13259 :  1;
13260 :  1;
13261 :  1;
13262 :  1;
13263 : 11;
13264 : 11;
13265 :  1;
13266 :  1;
13267 :  1;
13268 :  1;
13269 :  1;
13270 :  1;
13271 :  1;
13272 : 11;
13273 : 11;
13274 : 11;
13275 : 11;
13276 : 11;
13277 : 11;
13278 : 11;
13279 : 11;
13280 : 11;
13281 : 11;
13282 : 11;
13283 : 11;
13284 : 11;
13285 : 11;
13286 : 11;
13287 : 11;
13288 :  1;
13289 :  1;
13290 :  1;
13291 :  1;
13292 :  1;
13293 :  1;
13294 :  1;
13295 :  1;
13296 :  1;
13297 :  1;
13298 :  1;
13299 :  1;
13300 :  1;
13301 :  1;
13302 :  1;
13303 :  1;
13304 :  1;
13305 :  1;
13306 :  1;
13307 :  1;
13308 :  1;
13309 :  1;
13310 :  1;
13311 :  1;
13312 :  1;
13313 :  1;
13314 :  1;
13315 :  1;
13316 :  1;
13317 :  1;
13318 :  1;
13319 :  1;
13320 :  1;
13321 :  1;
13322 :  1;
13323 :  1;
13324 :  1;
13325 :  1;
13326 :  1;
13327 :  1;
13328 :  1;
13329 :  1;
13330 :  1;
13331 :  1;
13332 :  1;
13333 :  1;
13334 :  1;
13335 :  1;
13336 :  1;
13337 :  1;
13338 :  1;
13339 :  1;
13340 :  1;
13341 :  1;
13342 :  1;
13343 :  1;
13344 :  1;
13345 :  1;
13346 :  1;
13347 :  1;
13348 :  1;
13349 :  1;
13350 :  1;
13351 :  1;
13352 :  1;
13353 :  1;
13354 :  1;
13355 :  1;
13356 :  1;
13357 :  1;
13358 :  1;
13359 :  1;
13360 :  1;
13361 :  1;
13362 :  1;
13363 :  1;
13364 :  1;
13365 :  1;
13366 :  1;
13367 :  1;
13368 :  1;
13369 :  1;
13370 :  1;
13371 :  1;
13372 :  1;
13373 :  1;
13374 :  1;
13375 :  1;
13376 :  1;
13377 :  1;
13378 :  1;
13379 :  1;
13380 :  1;
13381 :  1;
13382 :  1;
13383 :  1;
13384 :  1;
13385 :  1;
13386 :  1;
13387 :  1;
13388 :  1;
13389 : 11;
13390 :  0;
13391 :  0;
13392 : 10;
13393 : 10;
13394 : 10;
13395 :  1;
13396 :  1;
13397 :  1;
13398 :  1;
13399 : 10;
13400 : 10;
13401 :  1;
13402 :  1;
13403 :  1;
13404 :  1;
13405 : 10;
13406 : 10;
13407 :  1;
13408 : 10;
13409 : 10;
13410 : 11;
13411 :  1;
13412 :  1;
13413 :  1;
13414 :  1;
13415 :  1;
13416 :  1;
13417 :  1;
13418 :  1;
13419 :  1;
13420 :  1;
13421 :  1;
13422 : 11;
13423 :  0;
13424 :  0;
13425 : 11;
13426 :  1;
13427 :  1;
13428 :  1;
13429 :  1;
13430 :  1;
13431 :  1;
13432 : 11;
13433 : 11;
13434 : 11;
13435 : 11;
13436 : 11;
13437 : 11;
13438 : 11;
13439 : 11;
13440 : 11;
13441 : 11;
13442 : 11;
13443 : 11;
13444 : 11;
13445 : 11;
13446 : 11;
13447 : 11;
13448 :  1;
13449 :  1;
13450 :  1;
13451 :  1;
13452 :  1;
13453 :  1;
13454 :  1;
13455 :  1;
13456 :  1;
13457 :  1;
13458 :  1;
13459 :  1;
13460 :  1;
13461 :  1;
13462 :  1;
13463 :  1;
13464 :  1;
13465 :  1;
13466 :  1;
13467 :  1;
13468 :  1;
13469 :  1;
13470 :  1;
13471 :  1;
13472 :  1;
13473 :  1;
13474 :  1;
13475 :  1;
13476 :  1;
13477 :  1;
13478 :  1;
13479 :  1;
13480 :  1;
13481 :  1;
13482 :  1;
13483 :  1;
13484 :  1;
13485 :  1;
13486 :  1;
13487 :  1;
13488 :  1;
13489 :  1;
13490 :  1;
13491 :  1;
13492 :  1;
13493 :  1;
13494 :  1;
13495 :  1;
13496 :  1;
13497 :  1;
13498 :  1;
13499 :  1;
13500 :  1;
13501 :  1;
13502 :  1;
13503 :  1;
13504 :  1;
13505 :  1;
13506 :  1;
13507 :  1;
13508 :  1;
13509 :  1;
13510 :  1;
13511 :  1;
13512 :  1;
13513 :  1;
13514 :  1;
13515 :  1;
13516 :  1;
13517 :  1;
13518 :  1;
13519 :  1;
13520 :  1;
13521 :  1;
13522 :  1;
13523 :  1;
13524 :  1;
13525 :  1;
13526 :  1;
13527 :  1;
13528 :  1;
13529 :  1;
13530 :  1;
13531 :  1;
13532 :  1;
13533 :  1;
13534 :  1;
13535 :  1;
13536 :  1;
13537 :  1;
13538 :  1;
13539 :  1;
13540 :  1;
13541 :  1;
13542 :  1;
13543 :  1;
13544 :  1;
13545 :  1;
13546 :  1;
13547 :  1;
13548 : 11;
13549 :  0;
13550 :  0;
13551 : 10;
13552 : 10;
13553 : 10;
13554 :  1;
13555 :  1;
13556 :  1;
13557 :  1;
13558 : 10;
13559 : 10;
13560 : 10;
13561 :  1;
13562 :  1;
13563 :  1;
13564 :  1;
13565 : 10;
13566 : 10;
13567 : 10;
13568 :  1;
13569 : 10;
13570 : 10;
13571 : 11;
13572 :  1;
13573 :  1;
13574 :  1;
13575 :  1;
13576 :  1;
13577 :  1;
13578 :  1;
13579 :  1;
13580 :  1;
13581 :  1;
13582 : 11;
13583 :  0;
13584 :  1;
13585 : 11;
13586 :  1;
13587 :  1;
13588 :  1;
13589 :  1;
13590 :  1;
13591 :  1;
13592 : 11;
13593 : 11;
13594 : 11;
13595 : 11;
13596 : 11;
13597 : 11;
13598 : 11;
13599 : 11;
13600 : 11;
13601 : 11;
13602 : 11;
13603 : 11;
13604 : 11;
13605 : 11;
13606 : 11;
13607 : 11;
13608 :  1;
13609 :  1;
13610 :  1;
13611 :  1;
13612 :  1;
13613 :  1;
13614 :  1;
13615 :  1;
13616 :  1;
13617 :  1;
13618 :  1;
13619 :  1;
13620 :  1;
13621 :  1;
13622 :  1;
13623 :  1;
13624 :  1;
13625 :  1;
13626 :  1;
13627 :  1;
13628 :  1;
13629 :  1;
13630 :  1;
13631 :  1;
13632 :  1;
13633 :  1;
13634 :  1;
13635 :  1;
13636 :  1;
13637 :  1;
13638 :  1;
13639 :  1;
13640 :  1;
13641 :  1;
13642 :  1;
13643 :  1;
13644 :  1;
13645 :  1;
13646 :  1;
13647 :  1;
13648 :  1;
13649 :  1;
13650 :  1;
13651 :  1;
13652 :  1;
13653 :  1;
13654 :  1;
13655 :  1;
13656 :  1;
13657 :  1;
13658 :  1;
13659 :  1;
13660 :  1;
13661 :  1;
13662 :  1;
13663 :  1;
13664 :  1;
13665 :  1;
13666 :  1;
13667 :  1;
13668 :  1;
13669 :  1;
13670 :  1;
13671 :  1;
13672 :  1;
13673 :  1;
13674 :  1;
13675 :  1;
13676 :  1;
13677 :  1;
13678 :  1;
13679 :  1;
13680 :  1;
13681 :  1;
13682 :  1;
13683 :  1;
13684 :  1;
13685 :  1;
13686 :  1;
13687 :  1;
13688 :  1;
13689 :  1;
13690 :  1;
13691 :  1;
13692 :  1;
13693 :  1;
13694 :  1;
13695 :  1;
13696 :  1;
13697 :  1;
13698 :  1;
13699 :  1;
13700 :  1;
13701 :  1;
13702 :  1;
13703 :  1;
13704 :  1;
13705 :  1;
13706 :  1;
13707 : 11;
13708 :  0;
13709 :  0;
13710 : 10;
13711 : 10;
13712 : 10;
13713 : 10;
13714 :  1;
13715 :  1;
13716 :  1;
13717 :  1;
13718 : 10;
13719 : 10;
13720 : 10;
13721 :  1;
13722 :  1;
13723 :  1;
13724 :  1;
13725 : 10;
13726 : 10;
13727 : 10;
13728 : 10;
13729 :  1;
13730 : 10;
13731 : 10;
13732 : 11;
13733 :  1;
13734 :  1;
13735 :  1;
13736 :  1;
13737 :  1;
13738 :  1;
13739 :  1;
13740 :  1;
13741 : 11;
13742 :  0;
13743 :  0;
13744 :  1;
13745 :  1;
13746 : 11;
13747 :  1;
13748 :  1;
13749 :  1;
13750 :  1;
13751 :  1;
13752 : 11;
13753 : 11;
13754 : 11;
13755 : 11;
13756 : 11;
13757 : 11;
13758 : 11;
13759 : 11;
13760 : 11;
13761 : 11;
13762 : 11;
13763 : 11;
13764 : 11;
13765 : 11;
13766 : 11;
13767 : 11;
13768 :  1;
13769 :  1;
13770 :  1;
13771 :  1;
13772 :  1;
13773 :  1;
13774 :  1;
13775 :  1;
13776 :  1;
13777 :  1;
13778 :  1;
13779 :  1;
13780 :  1;
13781 :  1;
13782 :  1;
13783 :  1;
13784 :  1;
13785 :  1;
13786 :  1;
13787 :  1;
13788 :  1;
13789 :  1;
13790 :  1;
13791 :  1;
13792 :  1;
13793 :  1;
13794 :  1;
13795 :  1;
13796 :  1;
13797 :  1;
13798 :  1;
13799 :  1;
13800 :  1;
13801 :  1;
13802 :  1;
13803 :  1;
13804 :  1;
13805 :  1;
13806 :  1;
13807 :  1;
13808 :  1;
13809 :  1;
13810 :  1;
13811 :  1;
13812 :  1;
13813 :  1;
13814 :  1;
13815 :  1;
13816 :  1;
13817 :  1;
13818 :  1;
13819 :  1;
13820 :  1;
13821 :  1;
13822 :  1;
13823 :  1;
13824 :  1;
13825 :  1;
13826 :  1;
13827 :  1;
13828 :  1;
13829 :  1;
13830 :  1;
13831 :  1;
13832 :  1;
13833 :  1;
13834 :  1;
13835 :  1;
13836 :  1;
13837 :  1;
13838 :  1;
13839 :  1;
13840 :  1;
13841 :  1;
13842 :  1;
13843 :  1;
13844 :  1;
13845 :  1;
13846 :  1;
13847 :  1;
13848 :  1;
13849 :  1;
13850 :  1;
13851 :  1;
13852 :  1;
13853 :  1;
13854 :  1;
13855 :  1;
13856 :  1;
13857 :  1;
13858 :  1;
13859 :  1;
13860 :  1;
13861 :  1;
13862 :  1;
13863 :  1;
13864 :  1;
13865 :  1;
13866 : 11;
13867 :  0;
13868 :  0;
13869 : 10;
13870 : 10;
13871 : 10;
13872 : 10;
13873 :  1;
13874 :  1;
13875 :  1;
13876 :  1;
13877 : 10;
13878 : 10;
13879 : 10;
13880 : 10;
13881 :  1;
13882 :  1;
13883 :  1;
13884 :  1;
13885 :  1;
13886 : 10;
13887 : 10;
13888 : 10;
13889 :  1;
13890 :  1;
13891 : 10;
13892 : 10;
13893 : 11;
13894 :  1;
13895 :  1;
13896 :  1;
13897 :  1;
13898 :  1;
13899 :  1;
13900 :  1;
13901 : 11;
13902 :  0;
13903 :  0;
13904 :  1;
13905 :  1;
13906 : 11;
13907 :  1;
13908 :  1;
13909 :  1;
13910 :  1;
13911 :  1;
13912 : 11;
13913 : 11;
13914 : 11;
13915 : 11;
13916 : 11;
13917 : 11;
13918 : 11;
13919 : 11;
13920 : 11;
13921 : 11;
13922 : 11;
13923 : 11;
13924 : 11;
13925 : 11;
13926 : 11;
13927 : 11;
13928 :  1;
13929 :  1;
13930 :  1;
13931 :  1;
13932 :  1;
13933 :  1;
13934 :  1;
13935 :  1;
13936 :  1;
13937 :  1;
13938 :  1;
13939 :  1;
13940 :  1;
13941 :  1;
13942 :  1;
13943 :  1;
13944 :  1;
13945 :  1;
13946 :  1;
13947 :  1;
13948 :  1;
13949 :  1;
13950 :  1;
13951 :  1;
13952 :  1;
13953 :  1;
13954 :  1;
13955 :  1;
13956 :  1;
13957 :  1;
13958 :  1;
13959 :  1;
13960 :  1;
13961 :  1;
13962 :  1;
13963 :  1;
13964 :  1;
13965 :  1;
13966 :  1;
13967 :  1;
13968 :  1;
13969 :  1;
13970 :  1;
13971 :  1;
13972 :  1;
13973 :  1;
13974 :  1;
13975 :  1;
13976 :  1;
13977 :  1;
13978 :  1;
13979 :  1;
13980 :  1;
13981 :  1;
13982 :  1;
13983 :  1;
13984 :  1;
13985 :  1;
13986 :  1;
13987 :  1;
13988 :  1;
13989 :  1;
13990 :  1;
13991 :  1;
13992 :  1;
13993 :  1;
13994 :  1;
13995 :  1;
13996 :  1;
13997 :  1;
13998 :  1;
13999 :  1;
14000 :  1;
14001 :  1;
14002 :  1;
14003 :  1;
14004 :  1;
14005 :  1;
14006 :  1;
14007 :  1;
14008 :  1;
14009 :  1;
14010 :  1;
14011 :  1;
14012 :  1;
14013 :  1;
14014 :  1;
14015 :  1;
14016 :  1;
14017 :  1;
14018 :  1;
14019 :  1;
14020 :  1;
14021 :  1;
14022 :  1;
14023 :  1;
14024 :  1;
14025 :  1;
14026 : 11;
14027 :  0;
14028 : 10;
14029 : 10;
14030 : 10;
14031 : 10;
14032 : 10;
14033 :  1;
14034 :  1;
14035 :  1;
14036 :  1;
14037 : 10;
14038 : 10;
14039 : 10;
14040 : 10;
14041 :  1;
14042 :  1;
14043 :  1;
14044 :  1;
14045 :  1;
14046 : 10;
14047 : 10;
14048 : 10;
14049 : 10;
14050 :  1;
14051 :  1;
14052 : 10;
14053 : 11;
14054 :  1;
14055 :  1;
14056 :  1;
14057 :  1;
14058 :  1;
14059 :  1;
14060 :  1;
14061 : 11;
14062 :  0;
14063 :  0;
14064 :  1;
14065 : 10;
14066 : 11;
14067 :  1;
14068 :  1;
14069 :  1;
14070 :  1;
14071 :  1;
14072 : 11;
14073 : 11;
14074 : 11;
14075 : 11;
14076 : 11;
14077 : 11;
14078 : 11;
14079 : 11;
14080 : 11;
14081 : 11;
14082 : 11;
14083 : 11;
14084 : 11;
14085 : 11;
14086 : 11;
14087 : 11;
14088 :  1;
14089 :  1;
14090 :  1;
14091 :  1;
14092 :  1;
14093 :  1;
14094 :  1;
14095 :  1;
14096 :  1;
14097 :  1;
14098 :  1;
14099 :  1;
14100 :  1;
14101 :  1;
14102 :  1;
14103 :  1;
14104 :  1;
14105 :  1;
14106 :  1;
14107 :  1;
14108 :  1;
14109 :  1;
14110 :  1;
14111 :  1;
14112 :  1;
14113 :  1;
14114 :  1;
14115 :  1;
14116 :  1;
14117 :  1;
14118 :  1;
14119 :  1;
14120 :  1;
14121 :  1;
14122 :  1;
14123 :  1;
14124 :  1;
14125 :  1;
14126 :  1;
14127 :  1;
14128 :  1;
14129 :  1;
14130 :  1;
14131 :  1;
14132 :  1;
14133 :  1;
14134 :  1;
14135 :  1;
14136 :  1;
14137 :  1;
14138 :  1;
14139 :  1;
14140 :  1;
14141 :  1;
14142 :  1;
14143 :  1;
14144 :  1;
14145 :  1;
14146 :  1;
14147 :  1;
14148 :  1;
14149 :  1;
14150 :  1;
14151 :  1;
14152 :  1;
14153 :  1;
14154 :  1;
14155 :  1;
14156 :  1;
14157 :  1;
14158 :  1;
14159 :  1;
14160 :  1;
14161 :  1;
14162 :  1;
14163 :  1;
14164 :  1;
14165 :  1;
14166 :  1;
14167 :  1;
14168 :  1;
14169 :  1;
14170 :  1;
14171 :  1;
14172 :  1;
14173 :  1;
14174 :  1;
14175 :  1;
14176 :  1;
14177 :  1;
14178 :  1;
14179 :  1;
14180 :  1;
14181 :  1;
14182 :  1;
14183 :  1;
14184 :  1;
14185 : 11;
14186 :  0;
14187 :  0;
14188 : 10;
14189 : 10;
14190 : 10;
14191 : 10;
14192 :  1;
14193 :  1;
14194 :  1;
14195 :  1;
14196 :  1;
14197 : 10;
14198 : 10;
14199 : 10;
14200 : 10;
14201 :  1;
14202 :  1;
14203 :  1;
14204 :  1;
14205 :  1;
14206 : 10;
14207 : 10;
14208 : 10;
14209 : 10;
14210 :  1;
14211 :  1;
14212 : 10;
14213 : 10;
14214 : 11;
14215 :  1;
14216 :  1;
14217 :  1;
14218 :  1;
14219 :  1;
14220 :  1;
14221 :  1;
14222 : 11;
14223 :  1;
14224 : 10;
14225 : 11;
14226 :  1;
14227 :  1;
14228 :  1;
14229 :  1;
14230 :  1;
14231 :  1;
14232 : 11;
14233 : 11;
14234 : 11;
14235 : 11;
14236 : 11;
14237 : 11;
14238 : 11;
14239 : 11;
14240 : 11;
14241 : 11;
14242 : 11;
14243 : 11;
14244 : 11;
14245 : 11;
14246 : 11;
14247 : 11;
14248 :  1;
14249 :  1;
14250 :  1;
14251 :  1;
14252 :  1;
14253 :  1;
14254 :  1;
14255 :  1;
14256 :  1;
14257 :  1;
14258 :  1;
14259 :  1;
14260 :  1;
14261 :  1;
14262 :  1;
14263 :  1;
14264 :  1;
14265 :  1;
14266 :  1;
14267 :  1;
14268 :  1;
14269 :  1;
14270 :  1;
14271 :  1;
14272 :  1;
14273 :  1;
14274 :  1;
14275 :  1;
14276 :  1;
14277 :  1;
14278 :  1;
14279 :  1;
14280 :  1;
14281 :  1;
14282 :  1;
14283 :  1;
14284 :  1;
14285 :  1;
14286 :  1;
14287 :  1;
14288 :  1;
14289 :  1;
14290 :  1;
14291 :  1;
14292 :  1;
14293 :  1;
14294 :  1;
14295 :  1;
14296 :  1;
14297 :  1;
14298 :  1;
14299 :  1;
14300 :  1;
14301 :  1;
14302 :  1;
14303 :  1;
14304 :  1;
14305 :  1;
14306 :  1;
14307 :  1;
14308 :  1;
14309 :  1;
14310 :  1;
14311 :  1;
14312 :  1;
14313 :  1;
14314 :  1;
14315 :  1;
14316 :  1;
14317 :  1;
14318 :  1;
14319 :  1;
14320 :  1;
14321 :  1;
14322 :  1;
14323 :  1;
14324 :  1;
14325 :  1;
14326 :  1;
14327 :  1;
14328 :  1;
14329 :  1;
14330 :  1;
14331 :  1;
14332 :  1;
14333 : 10;
14334 :  1;
14335 :  1;
14336 :  1;
14337 :  1;
14338 :  1;
14339 :  1;
14340 :  1;
14341 :  1;
14342 :  1;
14343 :  1;
14344 :  1;
14345 : 11;
14346 :  0;
14347 :  0;
14348 : 10;
14349 : 10;
14350 : 10;
14351 : 10;
14352 :  1;
14353 :  1;
14354 :  1;
14355 :  1;
14356 : 10;
14357 : 10;
14358 : 10;
14359 : 10;
14360 : 10;
14361 :  1;
14362 :  1;
14363 :  1;
14364 :  1;
14365 :  1;
14366 :  1;
14367 : 10;
14368 : 10;
14369 : 10;
14370 : 10;
14371 :  1;
14372 :  1;
14373 : 10;
14374 : 11;
14375 :  1;
14376 :  1;
14377 :  1;
14378 :  1;
14379 :  1;
14380 :  1;
14381 :  1;
14382 :  1;
14383 : 11;
14384 : 11;
14385 :  1;
14386 :  1;
14387 :  1;
14388 :  1;
14389 :  1;
14390 :  1;
14391 :  1;
14392 : 11;
14393 : 11;
14394 : 11;
14395 : 11;
14396 : 11;
14397 : 11;
14398 : 11;
14399 : 11;
14400 : 11;
14401 : 11;
14402 : 11;
14403 : 11;
14404 : 11;
14405 : 11;
14406 : 11;
14407 : 11;
14408 :  1;
14409 :  1;
14410 :  1;
14411 :  1;
14412 :  1;
14413 :  1;
14414 :  1;
14415 :  1;
14416 :  1;
14417 :  1;
14418 :  1;
14419 :  1;
14420 :  1;
14421 :  1;
14422 :  1;
14423 :  1;
14424 :  1;
14425 :  1;
14426 :  1;
14427 :  1;
14428 :  1;
14429 :  1;
14430 :  1;
14431 :  1;
14432 :  1;
14433 :  1;
14434 :  1;
14435 :  1;
14436 :  1;
14437 :  1;
14438 :  1;
14439 :  1;
14440 :  1;
14441 :  1;
14442 :  1;
14443 :  1;
14444 :  1;
14445 :  1;
14446 :  1;
14447 :  1;
14448 :  1;
14449 :  1;
14450 :  1;
14451 :  1;
14452 :  1;
14453 :  1;
14454 :  1;
14455 :  1;
14456 :  1;
14457 :  1;
14458 :  1;
14459 :  1;
14460 :  1;
14461 :  1;
14462 :  1;
14463 :  1;
14464 :  1;
14465 :  1;
14466 :  1;
14467 :  1;
14468 :  1;
14469 :  1;
14470 :  1;
14471 :  1;
14472 :  1;
14473 :  1;
14474 :  1;
14475 :  1;
14476 :  1;
14477 :  1;
14478 :  1;
14479 :  1;
14480 :  1;
14481 :  1;
14482 :  1;
14483 :  1;
14484 :  1;
14485 :  1;
14486 :  1;
14487 :  1;
14488 :  1;
14489 :  1;
14490 :  1;
14491 :  1;
14492 :  1;
14493 : 10;
14494 :  1;
14495 :  1;
14496 :  1;
14497 :  1;
14498 :  1;
14499 :  1;
14500 :  1;
14501 :  1;
14502 :  1;
14503 :  1;
14504 : 11;
14505 :  0;
14506 :  0;
14507 : 10;
14508 : 10;
14509 : 10;
14510 : 10;
14511 : 10;
14512 :  1;
14513 :  1;
14514 :  1;
14515 :  1;
14516 : 10;
14517 : 10;
14518 : 10;
14519 : 10;
14520 : 10;
14521 :  1;
14522 :  1;
14523 :  1;
14524 :  1;
14525 :  1;
14526 :  1;
14527 : 10;
14528 : 10;
14529 : 10;
14530 : 10;
14531 : 10;
14532 :  1;
14533 : 10;
14534 : 10;
14535 : 11;
14536 :  1;
14537 :  1;
14538 :  1;
14539 :  1;
14540 :  1;
14541 :  1;
14542 :  1;
14543 : 11;
14544 : 11;
14545 :  1;
14546 :  1;
14547 :  1;
14548 :  1;
14549 :  1;
14550 :  1;
14551 :  1;
14552 : 11;
14553 : 11;
14554 : 11;
14555 : 11;
14556 : 11;
14557 : 11;
14558 : 11;
14559 : 11;
14560 : 11;
14561 : 11;
14562 : 11;
14563 : 11;
14564 : 11;
14565 : 11;
14566 : 11;
14567 : 11;
14568 :  1;
14569 :  1;
14570 :  1;
14571 :  1;
14572 :  1;
14573 :  1;
14574 :  1;
14575 :  1;
14576 :  1;
14577 :  1;
14578 :  1;
14579 :  1;
14580 :  1;
14581 :  1;
14582 :  1;
14583 :  1;
14584 :  1;
14585 :  1;
14586 :  1;
14587 :  1;
14588 :  1;
14589 :  1;
14590 :  1;
14591 :  1;
14592 :  1;
14593 :  1;
14594 :  1;
14595 :  1;
14596 :  1;
14597 :  1;
14598 :  1;
14599 :  1;
14600 :  1;
14601 :  1;
14602 :  1;
14603 :  0;
14604 :  1;
14605 :  1;
14606 :  1;
14607 :  1;
14608 :  1;
14609 :  1;
14610 :  1;
14611 :  1;
14612 :  1;
14613 :  1;
14614 :  1;
14615 :  1;
14616 :  1;
14617 :  1;
14618 :  1;
14619 :  1;
14620 :  1;
14621 :  1;
14622 :  1;
14623 :  1;
14624 :  1;
14625 :  1;
14626 :  1;
14627 :  1;
14628 :  1;
14629 :  1;
14630 :  1;
14631 :  1;
14632 :  1;
14633 :  1;
14634 :  1;
14635 :  1;
14636 :  1;
14637 :  1;
14638 :  1;
14639 :  1;
14640 :  1;
14641 :  1;
14642 :  1;
14643 :  1;
14644 :  1;
14645 :  1;
14646 :  1;
14647 :  1;
14648 :  1;
14649 :  1;
14650 :  1;
14651 :  1;
14652 :  1;
14653 : 10;
14654 :  1;
14655 :  1;
14656 :  1;
14657 :  1;
14658 :  1;
14659 :  1;
14660 :  1;
14661 :  1;
14662 :  1;
14663 :  1;
14664 : 11;
14665 :  0;
14666 :  0;
14667 : 10;
14668 : 10;
14669 : 10;
14670 : 10;
14671 : 10;
14672 :  1;
14673 :  1;
14674 :  1;
14675 :  1;
14676 : 10;
14677 : 10;
14678 : 10;
14679 : 10;
14680 : 10;
14681 : 10;
14682 :  1;
14683 :  1;
14684 :  1;
14685 :  1;
14686 :  1;
14687 : 10;
14688 : 10;
14689 : 10;
14690 : 10;
14691 : 10;
14692 :  1;
14693 :  1;
14694 : 10;
14695 : 11;
14696 :  1;
14697 :  1;
14698 :  1;
14699 :  1;
14700 :  1;
14701 :  1;
14702 :  1;
14703 : 11;
14704 : 11;
14705 :  1;
14706 :  1;
14707 :  1;
14708 :  1;
14709 :  1;
14710 :  1;
14711 :  1;
14712 : 11;
14713 : 11;
14714 : 11;
14715 : 11;
14716 : 11;
14717 : 11;
14718 : 11;
14719 : 11;
14720 : 11;
14721 : 11;
14722 : 11;
14723 : 11;
14724 : 11;
14725 : 11;
14726 : 11;
14727 : 11;
14728 :  1;
14729 :  1;
14730 :  1;
14731 :  1;
14732 :  1;
14733 :  1;
14734 :  1;
14735 :  1;
14736 :  1;
14737 :  1;
14738 :  1;
14739 :  1;
14740 :  1;
14741 :  1;
14742 :  1;
14743 :  1;
14744 :  1;
14745 :  1;
14746 :  1;
14747 :  1;
14748 :  1;
14749 :  1;
14750 :  1;
14751 :  1;
14752 :  1;
14753 :  1;
14754 :  1;
14755 :  1;
14756 :  1;
14757 :  1;
14758 :  1;
14759 :  1;
14760 :  1;
14761 :  1;
14762 :  1;
14763 :  1;
14764 :  1;
14765 :  1;
14766 :  1;
14767 :  1;
14768 :  1;
14769 :  1;
14770 :  1;
14771 :  1;
14772 :  1;
14773 :  1;
14774 :  1;
14775 :  1;
14776 :  1;
14777 :  1;
14778 :  1;
14779 :  1;
14780 :  1;
14781 :  1;
14782 :  1;
14783 :  1;
14784 :  1;
14785 :  1;
14786 :  1;
14787 :  1;
14788 :  1;
14789 :  1;
14790 :  1;
14791 :  1;
14792 :  1;
14793 :  1;
14794 :  1;
14795 :  1;
14796 :  1;
14797 :  1;
14798 :  1;
14799 :  1;
14800 :  1;
14801 :  1;
14802 :  1;
14803 :  1;
14804 :  1;
14805 :  1;
14806 :  1;
14807 :  1;
14808 :  1;
14809 :  1;
14810 :  1;
14811 :  1;
14812 :  1;
14813 : 10;
14814 :  1;
14815 :  1;
14816 :  1;
14817 :  1;
14818 :  1;
14819 :  1;
14820 :  1;
14821 :  1;
14822 :  1;
14823 :  1;
14824 : 11;
14825 :  0;
14826 :  0;
14827 : 10;
14828 : 10;
14829 : 10;
14830 : 10;
14831 : 10;
14832 :  1;
14833 :  1;
14834 :  1;
14835 :  1;
14836 : 10;
14837 : 10;
14838 : 10;
14839 : 10;
14840 : 10;
14841 : 10;
14842 :  1;
14843 :  1;
14844 :  1;
14845 :  1;
14846 :  1;
14847 :  1;
14848 : 10;
14849 : 10;
14850 : 10;
14851 : 10;
14852 :  1;
14853 :  1;
14854 : 10;
14855 : 11;
14856 :  1;
14857 :  1;
14858 :  1;
14859 :  1;
14860 :  1;
14861 :  1;
14862 :  1;
14863 : 11;
14864 : 11;
14865 :  1;
14866 :  1;
14867 :  1;
14868 :  1;
14869 :  1;
14870 :  1;
14871 :  1;
14872 : 11;
14873 : 11;
14874 : 11;
14875 : 11;
14876 : 11;
14877 : 11;
14878 : 11;
14879 : 11;
14880 : 11;
14881 : 11;
14882 : 11;
14883 : 11;
14884 : 11;
14885 : 11;
14886 : 11;
14887 : 11;
14888 :  1;
14889 :  1;
14890 :  1;
14891 :  1;
14892 :  1;
14893 :  1;
14894 :  1;
14895 :  1;
14896 :  1;
14897 :  1;
14898 :  1;
14899 :  1;
14900 :  1;
14901 :  1;
14902 :  1;
14903 :  1;
14904 :  1;
14905 :  1;
14906 :  1;
14907 :  1;
14908 :  1;
14909 :  1;
14910 :  1;
14911 :  1;
14912 :  1;
14913 :  1;
14914 :  1;
14915 :  1;
14916 :  1;
14917 :  1;
14918 :  1;
14919 :  1;
14920 :  1;
14921 :  1;
14922 :  1;
14923 :  1;
14924 :  1;
14925 :  1;
14926 :  1;
14927 :  1;
14928 :  1;
14929 :  1;
14930 :  1;
14931 :  1;
14932 :  1;
14933 :  1;
14934 :  1;
14935 :  1;
14936 :  1;
14937 :  1;
14938 :  1;
14939 :  1;
14940 :  1;
14941 :  1;
14942 :  1;
14943 :  1;
14944 :  1;
14945 :  1;
14946 :  1;
14947 :  1;
14948 :  1;
14949 :  1;
14950 :  1;
14951 :  1;
14952 :  1;
14953 :  1;
14954 :  1;
14955 :  1;
14956 :  1;
14957 :  1;
14958 :  1;
14959 :  1;
14960 :  1;
14961 :  1;
14962 :  1;
14963 :  1;
14964 :  1;
14965 :  1;
14966 :  1;
14967 :  1;
14968 :  1;
14969 :  1;
14970 :  1;
14971 :  1;
14972 : 10;
14973 : 10;
14974 : 10;
14975 :  1;
14976 :  1;
14977 :  1;
14978 :  1;
14979 :  1;
14980 :  1;
14981 :  1;
14982 :  1;
14983 :  1;
14984 : 11;
14985 :  0;
14986 :  0;
14987 : 10;
14988 : 10;
14989 : 10;
14990 : 10;
14991 : 10;
14992 :  1;
14993 :  1;
14994 :  1;
14995 :  1;
14996 : 10;
14997 : 10;
14998 : 10;
14999 : 10;
15000 : 10;
15001 : 10;
15002 : 10;
15003 :  1;
15004 :  1;
15005 :  1;
15006 :  1;
15007 :  1;
15008 : 10;
15009 : 10;
15010 : 10;
15011 : 10;
15012 :  1;
15013 :  1;
15014 : 10;
15015 : 11;
15016 :  1;
15017 :  1;
15018 :  1;
15019 :  1;
15020 :  1;
15021 :  1;
15022 :  1;
15023 : 11;
15024 : 11;
15025 :  1;
15026 :  1;
15027 :  1;
15028 :  1;
15029 :  1;
15030 :  1;
15031 :  1;
15032 : 11;
15033 : 11;
15034 : 11;
15035 : 11;
15036 : 11;
15037 : 11;
15038 : 11;
15039 : 11;
15040 : 11;
15041 : 11;
15042 : 11;
15043 : 11;
15044 : 11;
15045 : 11;
15046 : 11;
15047 : 11;
15048 :  1;
15049 :  1;
15050 :  1;
15051 :  1;
15052 :  1;
15053 :  1;
15054 :  1;
15055 :  1;
15056 :  1;
15057 :  1;
15058 :  1;
15059 :  1;
15060 :  1;
15061 :  1;
15062 :  1;
15063 :  1;
15064 :  1;
15065 :  1;
15066 :  1;
15067 :  1;
15068 :  1;
15069 :  1;
15070 :  1;
15071 :  1;
15072 :  1;
15073 :  1;
15074 :  1;
15075 :  1;
15076 :  1;
15077 :  1;
15078 :  1;
15079 :  1;
15080 :  1;
15081 :  1;
15082 :  1;
15083 :  1;
15084 :  1;
15085 :  1;
15086 :  1;
15087 :  1;
15088 :  1;
15089 :  1;
15090 :  1;
15091 :  1;
15092 :  1;
15093 :  1;
15094 :  1;
15095 :  1;
15096 :  1;
15097 :  1;
15098 :  1;
15099 :  1;
15100 :  1;
15101 :  1;
15102 :  1;
15103 :  1;
15104 :  1;
15105 :  1;
15106 :  1;
15107 :  1;
15108 :  1;
15109 :  1;
15110 :  1;
15111 :  1;
15112 :  1;
15113 :  1;
15114 :  1;
15115 :  1;
15116 :  1;
15117 :  1;
15118 :  1;
15119 :  1;
15120 :  1;
15121 :  1;
15122 :  1;
15123 : 10;
15124 :  1;
15125 :  1;
15126 :  1;
15127 :  1;
15128 :  1;
15129 :  1;
15130 :  1;
15131 :  1;
15132 : 10;
15133 : 10;
15134 : 10;
15135 :  1;
15136 :  1;
15137 :  1;
15138 :  1;
15139 :  1;
15140 :  1;
15141 :  1;
15142 :  1;
15143 :  1;
15144 : 11;
15145 :  0;
15146 :  0;
15147 : 10;
15148 : 10;
15149 : 10;
15150 : 10;
15151 : 10;
15152 :  1;
15153 :  1;
15154 :  1;
15155 :  1;
15156 : 10;
15157 : 10;
15158 : 10;
15159 : 10;
15160 : 10;
15161 : 10;
15162 : 10;
15163 :  1;
15164 :  1;
15165 :  1;
15166 :  1;
15167 :  1;
15168 : 10;
15169 : 10;
15170 : 10;
15171 : 10;
15172 :  1;
15173 :  1;
15174 : 10;
15175 : 11;
15176 :  1;
15177 :  1;
15178 :  1;
15179 :  1;
15180 :  1;
15181 :  1;
15182 :  1;
15183 : 11;
15184 : 11;
15185 :  1;
15186 :  1;
15187 :  1;
15188 :  1;
15189 :  1;
15190 :  1;
15191 :  1;
15192 : 11;
15193 : 11;
15194 : 11;
15195 : 11;
15196 : 11;
15197 : 11;
15198 : 11;
15199 : 11;
15200 : 11;
15201 : 11;
15202 : 11;
15203 : 11;
15204 : 11;
15205 : 11;
15206 : 11;
15207 : 11;
15208 :  1;
15209 :  1;
15210 :  1;
15211 :  1;
15212 :  1;
15213 :  1;
15214 :  1;
15215 :  1;
15216 :  1;
15217 :  1;
15218 :  1;
15219 :  1;
15220 :  1;
15221 :  1;
15222 :  1;
15223 :  1;
15224 :  1;
15225 :  1;
15226 :  1;
15227 :  1;
15228 :  1;
15229 :  1;
15230 :  1;
15231 :  1;
15232 :  1;
15233 :  1;
15234 :  1;
15235 :  1;
15236 :  1;
15237 :  1;
15238 :  1;
15239 :  1;
15240 :  1;
15241 :  1;
15242 :  1;
15243 :  1;
15244 :  1;
15245 :  1;
15246 :  1;
15247 :  1;
15248 :  1;
15249 :  1;
15250 :  1;
15251 :  1;
15252 :  1;
15253 :  1;
15254 :  1;
15255 :  1;
15256 :  1;
15257 :  1;
15258 :  1;
15259 :  1;
15260 :  1;
15261 :  1;
15262 :  1;
15263 :  1;
15264 :  1;
15265 :  1;
15266 :  1;
15267 :  1;
15268 :  1;
15269 :  1;
15270 :  1;
15271 :  1;
15272 :  1;
15273 :  1;
15274 :  1;
15275 :  1;
15276 :  1;
15277 :  1;
15278 :  1;
15279 :  1;
15280 :  1;
15281 :  1;
15282 : 10;
15283 : 10;
15284 : 10;
15285 :  1;
15286 :  1;
15287 :  1;
15288 :  1;
15289 :  1;
15290 :  1;
15291 :  1;
15292 : 10;
15293 : 10;
15294 : 10;
15295 :  1;
15296 :  1;
15297 :  1;
15298 :  1;
15299 :  1;
15300 :  1;
15301 :  1;
15302 :  1;
15303 :  1;
15304 : 11;
15305 :  0;
15306 :  0;
15307 : 10;
15308 : 10;
15309 : 10;
15310 : 10;
15311 : 10;
15312 :  1;
15313 :  1;
15314 :  1;
15315 :  1;
15316 :  1;
15317 : 10;
15318 : 10;
15319 : 10;
15320 : 10;
15321 : 10;
15322 : 10;
15323 :  1;
15324 :  1;
15325 :  1;
15326 :  1;
15327 :  1;
15328 : 10;
15329 : 10;
15330 : 10;
15331 : 10;
15332 :  1;
15333 : 10;
15334 : 10;
15335 : 11;
15336 :  1;
15337 :  1;
15338 :  1;
15339 :  1;
15340 :  1;
15341 :  1;
15342 :  1;
15343 : 11;
15344 : 11;
15345 :  1;
15346 :  1;
15347 :  1;
15348 :  1;
15349 :  1;
15350 :  1;
15351 :  1;
15352 : 11;
15353 : 11;
15354 : 11;
15355 : 11;
15356 : 11;
15357 : 11;
15358 : 11;
15359 : 11;
15360 : 11;
15361 : 11;
15362 : 11;
15363 : 11;
15364 : 11;
15365 : 11;
15366 : 11;
15367 : 11;
15368 :  1;
15369 :  1;
15370 :  1;
15371 :  1;
15372 :  1;
15373 :  1;
15374 :  1;
15375 :  1;
15376 :  1;
15377 :  1;
15378 :  1;
15379 :  1;
15380 :  1;
15381 :  1;
15382 :  1;
15383 :  1;
15384 :  1;
15385 :  1;
15386 :  1;
15387 :  1;
15388 :  1;
15389 :  1;
15390 :  1;
15391 :  1;
15392 :  1;
15393 :  1;
15394 :  1;
15395 :  1;
15396 :  1;
15397 :  1;
15398 :  1;
15399 :  1;
15400 :  1;
15401 :  1;
15402 :  1;
15403 :  1;
15404 :  1;
15405 :  1;
15406 :  1;
15407 :  1;
15408 :  1;
15409 :  1;
15410 :  1;
15411 :  1;
15412 :  1;
15413 :  1;
15414 :  1;
15415 :  1;
15416 :  1;
15417 :  1;
15418 :  1;
15419 :  1;
15420 :  1;
15421 :  1;
15422 :  1;
15423 :  1;
15424 :  1;
15425 :  1;
15426 :  1;
15427 :  1;
15428 :  1;
15429 :  1;
15430 :  1;
15431 :  1;
15432 :  1;
15433 :  1;
15434 :  1;
15435 :  1;
15436 :  1;
15437 :  1;
15438 :  1;
15439 :  1;
15440 :  1;
15441 : 10;
15442 : 10;
15443 : 10;
15444 : 10;
15445 : 10;
15446 :  1;
15447 :  1;
15448 :  1;
15449 :  1;
15450 :  1;
15451 :  1;
15452 : 10;
15453 : 10;
15454 : 10;
15455 :  1;
15456 :  1;
15457 :  1;
15458 :  1;
15459 :  1;
15460 : 10;
15461 :  1;
15462 :  1;
15463 :  1;
15464 :  1;
15465 : 11;
15466 :  0;
15467 : 10;
15468 : 10;
15469 : 10;
15470 : 10;
15471 : 10;
15472 : 10;
15473 :  1;
15474 :  1;
15475 :  1;
15476 :  1;
15477 : 10;
15478 : 10;
15479 : 10;
15480 : 10;
15481 : 10;
15482 : 10;
15483 : 10;
15484 :  1;
15485 :  1;
15486 :  1;
15487 :  1;
15488 : 10;
15489 : 10;
15490 : 10;
15491 :  1;
15492 :  1;
15493 : 10;
15494 : 11;
15495 :  1;
15496 :  1;
15497 :  1;
15498 :  1;
15499 :  1;
15500 :  1;
15501 :  1;
15502 : 11;
15503 :  0;
15504 : 10;
15505 : 11;
15506 :  1;
15507 :  1;
15508 :  1;
15509 :  1;
15510 :  1;
15511 :  1;
15512 : 11;
15513 : 11;
15514 : 11;
15515 : 11;
15516 : 11;
15517 : 11;
15518 : 11;
15519 : 11;
15520 : 11;
15521 : 11;
15522 : 11;
15523 : 11;
15524 : 11;
15525 : 11;
15526 : 11;
15527 : 11;
15528 :  1;
15529 :  1;
15530 :  1;
15531 :  1;
15532 :  1;
15533 :  1;
15534 :  1;
15535 :  1;
15536 :  1;
15537 :  1;
15538 :  1;
15539 :  1;
15540 :  1;
15541 :  1;
15542 :  1;
15543 :  1;
15544 :  1;
15545 :  1;
15546 :  1;
15547 :  1;
15548 :  1;
15549 :  1;
15550 :  1;
15551 :  1;
15552 :  1;
15553 :  1;
15554 :  1;
15555 :  1;
15556 :  1;
15557 :  1;
15558 :  1;
15559 :  1;
15560 :  1;
15561 :  1;
15562 :  1;
15563 :  1;
15564 :  1;
15565 :  1;
15566 :  1;
15567 :  1;
15568 :  1;
15569 :  1;
15570 :  1;
15571 :  1;
15572 :  1;
15573 :  1;
15574 :  1;
15575 :  1;
15576 :  1;
15577 :  1;
15578 :  1;
15579 :  1;
15580 :  1;
15581 :  1;
15582 :  1;
15583 :  1;
15584 :  1;
15585 :  1;
15586 :  1;
15587 :  1;
15588 :  1;
15589 :  1;
15590 :  1;
15591 :  1;
15592 :  1;
15593 :  1;
15594 :  1;
15595 :  1;
15596 :  1;
15597 : 10;
15598 :  1;
15599 :  1;
15600 : 10;
15601 : 10;
15602 : 10;
15603 : 10;
15604 : 10;
15605 : 10;
15606 : 10;
15607 :  1;
15608 :  1;
15609 :  1;
15610 :  1;
15611 : 10;
15612 : 10;
15613 : 10;
15614 : 10;
15615 : 10;
15616 :  1;
15617 :  1;
15618 :  1;
15619 : 10;
15620 :  1;
15621 : 10;
15622 :  1;
15623 :  1;
15624 :  1;
15625 : 11;
15626 :  0;
15627 :  0;
15628 : 10;
15629 : 10;
15630 : 10;
15631 : 10;
15632 : 10;
15633 :  1;
15634 :  1;
15635 :  1;
15636 :  1;
15637 :  1;
15638 : 10;
15639 : 10;
15640 : 10;
15641 : 10;
15642 : 10;
15643 : 10;
15644 :  1;
15645 :  1;
15646 :  1;
15647 :  1;
15648 : 10;
15649 : 10;
15650 : 10;
15651 :  1;
15652 : 10;
15653 : 10;
15654 : 11;
15655 :  1;
15656 :  1;
15657 :  1;
15658 :  1;
15659 :  1;
15660 :  1;
15661 :  1;
15662 : 11;
15663 :  0;
15664 : 10;
15665 : 11;
15666 :  1;
15667 :  1;
15668 :  1;
15669 :  1;
15670 :  1;
15671 :  1;
15672 : 11;
15673 : 11;
15674 : 11;
15675 : 11;
15676 : 11;
15677 : 11;
15678 : 11;
15679 : 11;
15680 : 11;
15681 : 11;
15682 : 11;
15683 : 11;
15684 : 11;
15685 : 11;
15686 : 11;
15687 : 11;
15688 :  1;
15689 :  1;
15690 :  1;
15691 :  1;
15692 :  1;
15693 :  1;
15694 :  1;
15695 :  1;
15696 :  1;
15697 :  1;
15698 :  1;
15699 :  1;
15700 :  1;
15701 :  1;
15702 :  1;
15703 :  1;
15704 :  1;
15705 :  1;
15706 :  1;
15707 :  1;
15708 :  1;
15709 :  1;
15710 :  1;
15711 :  1;
15712 :  1;
15713 :  1;
15714 :  1;
15715 :  1;
15716 :  1;
15717 :  1;
15718 :  1;
15719 :  1;
15720 :  1;
15721 :  1;
15722 :  1;
15723 :  1;
15724 :  1;
15725 :  1;
15726 :  1;
15727 :  1;
15728 :  1;
15729 :  1;
15730 :  1;
15731 :  1;
15732 :  1;
15733 :  1;
15734 :  1;
15735 :  1;
15736 :  1;
15737 :  1;
15738 :  1;
15739 :  1;
15740 :  1;
15741 :  1;
15742 :  1;
15743 :  1;
15744 :  1;
15745 :  1;
15746 :  1;
15747 :  1;
15748 :  1;
15749 :  1;
15750 :  1;
15751 :  1;
15752 :  1;
15753 :  1;
15754 :  1;
15755 :  1;
15756 :  1;
15757 : 10;
15758 :  1;
15759 :  1;
15760 : 10;
15761 : 10;
15762 : 10;
15763 : 10;
15764 : 10;
15765 : 10;
15766 : 10;
15767 :  1;
15768 :  1;
15769 :  1;
15770 :  1;
15771 : 10;
15772 : 10;
15773 : 10;
15774 : 10;
15775 : 10;
15776 :  1;
15777 :  1;
15778 :  1;
15779 :  1;
15780 : 10;
15781 :  1;
15782 :  1;
15783 :  1;
15784 :  1;
15785 :  1;
15786 : 11;
15787 :  0;
15788 : 10;
15789 : 10;
15790 : 10;
15791 : 10;
15792 : 10;
15793 : 10;
15794 :  1;
15795 :  1;
15796 :  1;
15797 :  1;
15798 : 10;
15799 : 10;
15800 : 10;
15801 : 10;
15802 : 10;
15803 : 10;
15804 :  1;
15805 :  1;
15806 :  1;
15807 : 10;
15808 : 10;
15809 : 10;
15810 :  1;
15811 :  1;
15812 : 10;
15813 : 11;
15814 :  1;
15815 :  1;
15816 :  1;
15817 : 10;
15818 :  1;
15819 :  1;
15820 :  1;
15821 :  1;
15822 : 11;
15823 : 11;
15824 : 11;
15825 : 11;
15826 :  1;
15827 :  1;
15828 :  1;
15829 :  1;
15830 :  1;
15831 :  1;
15832 : 11;
15833 : 11;
15834 : 11;
15835 : 11;
15836 : 11;
15837 : 11;
15838 : 11;
15839 : 11;
15840 : 11;
15841 : 11;
15842 : 11;
15843 : 11;
15844 : 11;
15845 : 11;
15846 : 11;
15847 : 11;
15848 :  1;
15849 :  1;
15850 :  1;
15851 :  1;
15852 :  1;
15853 :  1;
15854 :  1;
15855 :  1;
15856 :  1;
15857 :  1;
15858 :  1;
15859 :  1;
15860 :  1;
15861 :  1;
15862 :  1;
15863 :  1;
15864 :  1;
15865 :  1;
15866 :  1;
15867 :  1;
15868 :  1;
15869 :  1;
15870 :  1;
15871 :  1;
15872 :  1;
15873 :  1;
15874 :  1;
15875 :  1;
15876 :  1;
15877 :  1;
15878 :  1;
15879 :  1;
15880 :  1;
15881 :  1;
15882 :  1;
15883 :  1;
15884 :  1;
15885 :  1;
15886 :  1;
15887 :  1;
15888 :  1;
15889 :  1;
15890 :  1;
15891 :  1;
15892 :  1;
15893 :  1;
15894 :  1;
15895 :  1;
15896 :  1;
15897 :  1;
15898 :  1;
15899 :  1;
15900 :  1;
15901 :  1;
15902 :  1;
15903 :  1;
15904 :  1;
15905 :  1;
15906 :  1;
15907 :  1;
15908 :  1;
15909 :  1;
15910 :  1;
15911 :  1;
15912 :  1;
15913 :  1;
15914 :  1;
15915 :  1;
15916 :  1;
15917 : 10;
15918 :  1;
15919 :  1;
15920 : 10;
15921 : 10;
15922 : 10;
15923 : 10;
15924 : 10;
15925 : 10;
15926 : 10;
15927 :  1;
15928 :  1;
15929 :  1;
15930 :  1;
15931 : 10;
15932 : 10;
15933 : 10;
15934 : 10;
15935 : 10;
15936 :  1;
15937 :  1;
15938 :  1;
15939 :  1;
15940 : 10;
15941 :  1;
15942 :  1;
15943 :  1;
15944 :  1;
15945 :  1;
15946 : 11;
15947 :  0;
15948 :  0;
15949 : 10;
15950 : 10;
15951 : 10;
15952 : 10;
15953 : 10;
15954 : 10;
15955 :  1;
15956 :  1;
15957 :  1;
15958 :  1;
15959 : 10;
15960 : 10;
15961 : 10;
15962 : 10;
15963 : 10;
15964 :  1;
15965 :  1;
15966 :  1;
15967 : 10;
15968 : 10;
15969 : 10;
15970 :  1;
15971 : 10;
15972 : 10;
15973 : 11;
15974 :  1;
15975 :  1;
15976 : 10;
15977 : 10;
15978 : 10;
15979 :  1;
15980 :  1;
15981 : 11;
15982 :  0;
15983 : 10;
15984 :  1;
15985 : 10;
15986 : 11;
15987 :  1;
15988 :  1;
15989 :  1;
15990 :  1;
15991 :  1;
15992 : 11;
15993 : 11;
15994 : 11;
15995 : 11;
15996 : 11;
15997 : 11;
15998 : 11;
15999 : 11;
16000 : 11;
16001 : 11;
16002 : 11;
16003 : 11;
16004 : 11;
16005 : 11;
16006 : 11;
16007 : 11;
16008 :  1;
16009 :  1;
16010 :  1;
16011 :  1;
16012 :  1;
16013 :  1;
16014 :  1;
16015 :  1;
16016 :  1;
16017 :  1;
16018 :  1;
16019 :  1;
16020 :  1;
16021 :  1;
16022 :  1;
16023 :  1;
16024 :  1;
16025 :  1;
16026 :  1;
16027 :  1;
16028 :  1;
16029 :  1;
16030 :  1;
16031 :  1;
16032 :  1;
16033 :  1;
16034 :  1;
16035 :  1;
16036 :  1;
16037 :  1;
16038 :  1;
16039 :  1;
16040 :  1;
16041 :  1;
16042 :  1;
16043 :  1;
16044 :  1;
16045 :  1;
16046 :  1;
16047 :  1;
16048 :  1;
16049 :  1;
16050 :  1;
16051 :  1;
16052 :  1;
16053 :  1;
16054 :  1;
16055 :  1;
16056 :  1;
16057 :  1;
16058 :  1;
16059 :  1;
16060 :  1;
16061 :  1;
16062 :  1;
16063 :  1;
16064 :  1;
16065 :  1;
16066 :  1;
16067 :  1;
16068 :  1;
16069 :  1;
16070 :  1;
16071 :  1;
16072 :  1;
16073 :  1;
16074 :  1;
16075 :  1;
16076 :  1;
16077 : 10;
16078 :  1;
16079 :  1;
16080 :  1;
16081 : 10;
16082 : 10;
16083 : 10;
16084 : 10;
16085 : 10;
16086 :  1;
16087 :  1;
16088 :  1;
16089 :  1;
16090 :  1;
16091 : 10;
16092 : 10;
16093 : 10;
16094 : 10;
16095 : 10;
16096 :  1;
16097 :  1;
16098 :  1;
16099 : 10;
16100 : 10;
16101 : 10;
16102 :  1;
16103 :  1;
16104 :  1;
16105 :  1;
16106 :  1;
16107 : 11;
16108 :  0;
16109 :  0;
16110 :  0;
16111 : 10;
16112 : 10;
16113 : 10;
16114 : 10;
16115 : 10;
16116 :  1;
16117 :  1;
16118 :  1;
16119 :  1;
16120 : 10;
16121 : 10;
16122 : 10;
16123 : 10;
16124 : 10;
16125 :  1;
16126 :  1;
16127 : 10;
16128 : 10;
16129 :  1;
16130 : 10;
16131 : 10;
16132 : 11;
16133 :  1;
16134 :  1;
16135 :  1;
16136 :  1;
16137 : 10;
16138 :  1;
16139 :  1;
16140 : 11;
16141 :  0;
16142 :  0;
16143 : 10;
16144 :  1;
16145 : 10;
16146 : 10;
16147 : 11;
16148 :  1;
16149 :  1;
16150 :  1;
16151 :  1;
16152 : 11;
16153 : 11;
16154 : 11;
16155 : 11;
16156 : 11;
16157 : 11;
16158 : 11;
16159 : 11;
16160 : 11;
16161 : 11;
16162 : 11;
16163 : 11;
16164 : 11;
16165 : 11;
16166 : 11;
16167 : 11;
16168 :  1;
16169 :  1;
16170 :  1;
16171 :  1;
16172 :  1;
16173 :  1;
16174 :  1;
16175 :  1;
16176 :  1;
16177 :  1;
16178 :  1;
16179 :  1;
16180 :  1;
16181 :  1;
16182 :  1;
16183 :  1;
16184 :  1;
16185 :  1;
16186 :  1;
16187 :  1;
16188 :  1;
16189 :  1;
16190 :  1;
16191 :  1;
16192 :  1;
16193 :  1;
16194 :  1;
16195 :  1;
16196 :  1;
16197 :  1;
16198 :  1;
16199 :  1;
16200 :  1;
16201 :  1;
16202 :  1;
16203 :  1;
16204 :  1;
16205 :  1;
16206 :  1;
16207 :  1;
16208 :  1;
16209 :  1;
16210 :  1;
16211 :  1;
16212 :  1;
16213 :  1;
16214 :  1;
16215 :  1;
16216 :  1;
16217 :  1;
16218 :  1;
16219 :  1;
16220 :  1;
16221 :  1;
16222 :  1;
16223 :  1;
16224 :  1;
16225 :  1;
16226 :  1;
16227 :  1;
16228 :  1;
16229 :  1;
16230 :  1;
16231 :  1;
16232 :  1;
16233 :  1;
16234 :  1;
16235 :  1;
16236 : 10;
16237 : 10;
16238 : 10;
16239 :  1;
16240 :  1;
16241 :  1;
16242 :  1;
16243 :  1;
16244 :  1;
16245 :  1;
16246 :  1;
16247 :  1;
16248 :  1;
16249 :  1;
16250 :  1;
16251 : 10;
16252 : 10;
16253 : 10;
16254 : 10;
16255 : 10;
16256 :  1;
16257 :  1;
16258 :  1;
16259 : 10;
16260 : 10;
16261 : 10;
16262 :  1;
16263 :  1;
16264 :  1;
16265 : 10;
16266 :  1;
16267 :  1;
16268 : 11;
16269 : 11;
16270 : 11;
16271 : 11;
16272 : 11;
16273 : 11;
16274 : 11;
16275 : 11;
16276 : 11;
16277 : 11;
16278 : 11;
16279 : 11;
16280 : 11;
16281 : 11;
16282 : 11;
16283 : 11;
16284 : 11;
16285 : 11;
16286 : 11;
16287 : 11;
16288 : 11;
16289 : 11;
16290 : 11;
16291 : 11;
16292 :  1;
16293 :  1;
16294 : 10;
16295 : 10;
16296 :  1;
16297 : 10;
16298 :  1;
16299 : 11;
16300 :  0;
16301 :  0;
16302 : 10;
16303 :  1;
16304 :  1;
16305 : 10;
16306 :  1;
16307 : 10;
16308 : 11;
16309 :  1;
16310 :  1;
16311 :  1;
16312 : 11;
16313 : 11;
16314 : 11;
16315 : 11;
16316 : 11;
16317 : 11;
16318 : 11;
16319 : 11;
16320 : 11;
16321 : 11;
16322 : 11;
16323 : 11;
16324 : 11;
16325 : 11;
16326 : 11;
16327 : 11;
16328 :  1;
16329 :  1;
16330 :  1;
16331 :  1;
16332 :  1;
16333 :  1;
16334 :  1;
16335 :  1;
16336 :  1;
16337 :  1;
16338 :  1;
16339 :  1;
16340 :  1;
16341 :  1;
16342 :  1;
16343 :  1;
16344 :  1;
16345 :  1;
16346 :  1;
16347 :  1;
16348 :  1;
16349 :  1;
16350 :  1;
16351 :  1;
16352 :  1;
16353 :  1;
16354 :  1;
16355 :  1;
16356 :  1;
16357 :  1;
16358 :  1;
16359 :  1;
16360 :  1;
16361 :  1;
16362 :  1;
16363 :  1;
16364 :  1;
16365 :  1;
16366 :  1;
16367 :  1;
16368 :  1;
16369 :  1;
16370 :  1;
16371 :  1;
16372 :  1;
16373 :  1;
16374 :  1;
16375 :  1;
16376 :  1;
16377 :  1;
16378 :  1;
16379 :  1;
16380 :  1;
16381 :  1;
16382 :  1;
16383 :  1;
16384 :  1;
16385 :  1;
16386 :  1;
16387 :  1;
16388 :  1;
16389 :  1;
16390 :  1;
16391 :  1;
16392 :  1;
16393 :  1;
16394 :  1;
16395 :  1;
16396 : 10;
16397 : 10;
16398 : 10;
16399 :  1;
16400 :  1;
16401 : 10;
16402 : 10;
16403 : 10;
16404 : 10;
16405 : 10;
16406 :  1;
16407 :  1;
16408 :  1;
16409 : 10;
16410 : 10;
16411 : 10;
16412 : 10;
16413 : 10;
16414 : 10;
16415 : 10;
16416 : 10;
16417 :  1;
16418 :  1;
16419 : 10;
16420 : 10;
16421 : 10;
16422 :  1;
16423 :  1;
16424 : 10;
16425 : 10;
16426 : 10;
16427 : 10;
16428 :  1;
16429 : 11;
16430 :  0;
16431 :  0;
16432 :  1;
16433 :  1;
16434 :  1;
16435 :  1;
16436 :  1;
16437 :  1;
16438 :  1;
16439 :  1;
16440 :  1;
16441 :  1;
16442 : 10;
16443 : 10;
16444 : 10;
16445 : 11;
16446 : 10;
16447 : 11;
16448 : 11;
16449 :  1;
16450 : 11;
16451 :  1;
16452 :  1;
16453 :  1;
16454 : 10;
16455 : 10;
16456 :  1;
16457 : 10;
16458 : 11;
16459 :  0;
16460 :  0;
16461 : 10;
16462 : 10;
16463 :  1;
16464 : 10;
16465 : 10;
16466 :  1;
16467 : 10;
16468 : 10;
16469 : 11;
16470 :  1;
16471 :  1;
16472 : 11;
16473 : 11;
16474 : 11;
16475 : 11;
16476 : 11;
16477 : 11;
16478 : 11;
16479 : 11;
16480 : 11;
16481 : 11;
16482 : 11;
16483 : 11;
16484 : 11;
16485 : 11;
16486 : 11;
16487 : 11;
16488 :  1;
16489 :  1;
16490 :  1;
16491 :  1;
16492 :  1;
16493 :  1;
16494 :  1;
16495 :  1;
16496 :  1;
16497 :  1;
16498 :  1;
16499 :  1;
16500 :  1;
16501 :  1;
16502 :  1;
16503 :  1;
16504 :  1;
16505 :  1;
16506 :  1;
16507 :  1;
16508 :  1;
16509 :  1;
16510 :  1;
16511 :  1;
16512 :  1;
16513 :  1;
16514 :  1;
16515 :  1;
16516 :  1;
16517 :  1;
16518 :  1;
16519 :  1;
16520 :  1;
16521 :  1;
16522 :  1;
16523 :  1;
16524 :  1;
16525 :  1;
16526 :  1;
16527 :  1;
16528 :  1;
16529 :  1;
16530 :  1;
16531 :  1;
16532 :  1;
16533 :  1;
16534 :  1;
16535 :  1;
16536 :  1;
16537 :  1;
16538 :  1;
16539 :  1;
16540 :  1;
16541 :  1;
16542 :  1;
16543 :  1;
16544 :  1;
16545 :  1;
16546 :  1;
16547 :  1;
16548 :  1;
16549 :  1;
16550 :  1;
16551 :  1;
16552 :  1;
16553 :  1;
16554 :  1;
16555 :  1;
16556 : 10;
16557 : 10;
16558 : 10;
16559 :  1;
16560 :  1;
16561 : 10;
16562 : 10;
16563 : 10;
16564 : 10;
16565 : 10;
16566 :  1;
16567 :  1;
16568 :  1;
16569 : 10;
16570 : 10;
16571 : 10;
16572 : 10;
16573 : 10;
16574 : 10;
16575 : 10;
16576 : 10;
16577 : 10;
16578 : 10;
16579 : 10;
16580 : 10;
16581 : 10;
16582 : 10;
16583 :  1;
16584 : 10;
16585 : 10;
16586 : 10;
16587 : 10;
16588 : 10;
16589 : 11;
16590 : 11;
16591 : 11;
16592 : 11;
16593 : 11;
16594 : 11;
16595 : 11;
16596 : 11;
16597 : 11;
16598 : 11;
16599 : 11;
16600 : 11;
16601 : 11;
16602 : 11;
16603 : 11;
16604 : 11;
16605 : 11;
16606 : 11;
16607 : 11;
16608 : 11;
16609 : 11;
16610 : 11;
16611 : 10;
16612 : 10;
16613 : 10;
16614 : 10;
16615 : 10;
16616 : 10;
16617 : 11;
16618 :  0;
16619 :  0;
16620 : 10;
16621 : 10;
16622 :  1;
16623 :  1;
16624 : 10;
16625 : 10;
16626 :  1;
16627 :  1;
16628 : 10;
16629 : 10;
16630 : 11;
16631 :  1;
16632 : 11;
16633 : 11;
16634 : 11;
16635 : 11;
16636 : 11;
16637 : 11;
16638 : 11;
16639 : 11;
16640 : 11;
16641 : 11;
16642 : 11;
16643 : 11;
16644 : 11;
16645 : 11;
16646 : 11;
16647 : 11;
16648 : 11;
16649 : 11;
16650 : 11;
16651 : 11;
16652 : 11;
16653 : 11;
16654 : 11;
16655 : 11;
16656 : 11;
16657 : 11;
16658 : 11;
16659 : 11;
16660 : 11;
16661 : 11;
16662 : 11;
16663 : 11;
16664 : 11;
16665 : 11;
16666 : 11;
16667 : 11;
16668 : 11;
16669 : 11;
16670 : 11;
16671 : 11;
16672 : 11;
16673 : 11;
16674 : 11;
16675 : 11;
16676 : 11;
16677 : 11;
16678 : 11;
16679 : 11;
16680 : 11;
16681 : 11;
16682 : 11;
16683 : 11;
16684 : 11;
16685 : 11;
16686 : 11;
16687 : 11;
16688 : 11;
16689 : 11;
16690 : 11;
16691 : 11;
16692 : 11;
16693 : 11;
16694 : 11;
16695 : 11;
16696 : 11;
16697 : 11;
16698 : 11;
16699 : 11;
16700 : 11;
16701 : 11;
16702 : 11;
16703 : 11;
16704 : 11;
16705 : 11;
16706 : 11;
16707 : 11;
16708 : 11;
16709 : 11;
16710 : 11;
16711 : 11;
16712 : 11;
16713 : 11;
16714 : 11;
16715 : 11;
16716 : 11;
16717 : 11;
16718 : 11;
16719 : 11;
16720 : 11;
16721 : 11;
16722 : 11;
16723 : 11;
16724 : 11;
16725 : 11;
16726 : 11;
16727 : 11;
16728 : 11;
16729 : 11;
16730 : 11;
16731 : 11;
16732 : 11;
16733 : 11;
16734 : 11;
16735 : 11;
16736 : 11;
16737 : 11;
16738 : 11;
16739 : 11;
16740 : 11;
16741 : 11;
16742 : 11;
16743 : 11;
16744 : 11;
16745 : 11;
16746 : 11;
16747 : 11;
16748 : 11;
16749 : 11;
16750 : 11;
16751 : 11;
16752 : 11;
16753 : 11;
16754 : 11;
16755 : 11;
16756 : 11;
16757 : 11;
16758 : 11;
16759 : 11;
16760 : 11;
16761 : 11;
16762 : 11;
16763 : 11;
16764 : 11;
16765 : 11;
16766 : 11;
16767 : 11;
16768 : 11;
16769 : 11;
16770 : 11;
16771 : 11;
16772 : 11;
16773 : 11;
16774 : 11;
16775 : 11;
16776 : 11;
16777 : 11;
16778 : 11;
16779 : 11;
16780 : 11;
16781 : 11;
16782 : 11;
16783 : 11;
16784 : 11;
16785 : 11;
16786 : 11;
16787 : 11;
16788 : 11;
16789 : 11;
16790 : 11;
16791 : 11;
16792 : 11;
16793 : 11;
16794 : 11;
16795 : 11;
16796 : 11;
16797 : 11;
16798 : 11;
16799 : 11;
16800 : 11;
16801 : 11;
16802 : 11;
16803 : 11;
16804 : 11;
16805 : 11;
16806 : 11;
16807 : 11;
16808 : 11;
16809 : 11;
16810 : 11;
16811 : 11;
16812 : 11;
16813 : 11;
16814 : 11;
16815 : 11;
16816 : 11;
16817 : 11;
16818 : 11;
16819 : 11;
16820 : 11;
16821 : 11;
16822 : 11;
16823 : 11;
16824 : 11;
16825 : 11;
16826 : 11;
16827 : 11;
16828 : 11;
16829 : 11;
16830 : 11;
16831 : 11;
16832 : 11;
16833 : 11;
16834 : 11;
16835 : 11;
16836 : 11;
16837 : 11;
16838 : 11;
16839 : 11;
16840 : 11;
16841 : 11;
16842 : 11;
16843 : 11;
16844 : 11;
16845 : 11;
16846 : 11;
16847 : 11;
16848 : 11;
16849 : 11;
16850 : 11;
16851 : 11;
16852 : 11;
16853 : 11;
16854 : 11;
16855 : 11;
16856 : 11;
16857 : 11;
16858 : 11;
16859 : 11;
16860 : 11;
16861 : 11;
16862 : 11;
16863 : 11;
16864 : 11;
16865 : 11;
16866 : 11;
16867 : 11;
16868 : 11;
16869 : 11;
16870 : 11;
16871 : 11;
16872 : 11;
16873 : 11;
16874 : 11;
16875 : 11;
16876 : 11;
16877 : 11;
16878 : 11;
16879 : 11;
16880 : 11;
16881 : 11;
16882 : 11;
16883 : 11;
16884 : 11;
16885 : 11;
16886 : 11;
16887 : 11;
16888 : 11;
16889 : 11;
16890 : 11;
16891 : 11;
16892 : 11;
16893 : 11;
16894 : 11;
16895 : 11;
16896 : 11;
16897 : 11;
16898 : 11;
16899 : 11;
16900 : 11;
16901 : 11;
16902 : 11;
16903 : 11;
16904 : 11;
16905 : 11;
16906 : 11;
16907 : 11;
16908 : 11;
16909 : 11;
16910 : 11;
16911 : 11;
16912 : 11;
16913 : 11;
16914 : 11;
16915 : 11;
16916 : 11;
16917 : 11;
16918 : 11;
16919 : 11;
16920 : 11;
16921 : 11;
16922 : 11;
16923 : 11;
16924 : 11;
16925 : 11;
16926 : 11;
16927 : 11;
16928 : 11;
16929 : 11;
16930 : 11;
16931 : 11;
16932 : 11;
16933 : 11;
16934 : 11;
16935 : 11;
16936 : 11;
16937 : 11;
16938 : 11;
16939 : 11;
16940 : 11;
16941 : 11;
16942 : 11;
16943 : 11;
16944 : 11;
16945 : 11;
16946 : 11;
16947 : 11;
16948 : 11;
16949 : 11;
16950 : 11;
16951 : 11;
16952 : 11;
16953 : 11;
16954 : 11;
16955 : 11;
16956 : 11;
16957 : 11;
16958 : 11;
16959 : 11;
16960 : 11;
16961 : 11;
16962 : 11;
16963 : 11;
16964 : 11;
16965 : 11;
16966 : 11;
16967 : 11;
16968 : 11;
16969 : 11;
16970 : 11;
16971 : 11;
16972 : 11;
16973 : 11;
16974 : 11;
16975 : 11;
16976 : 11;
16977 : 11;
16978 : 11;
16979 : 11;
16980 : 11;
16981 : 11;
16982 : 11;
16983 : 11;
16984 : 11;
16985 : 11;
16986 : 11;
16987 : 11;
16988 : 11;
16989 : 11;
16990 : 11;
16991 : 11;
16992 : 11;
16993 : 11;
16994 : 11;
16995 : 11;
16996 : 11;
16997 : 11;
16998 : 11;
16999 : 11;
17000 : 11;
17001 : 11;
17002 : 11;
17003 : 11;
17004 : 11;
17005 : 11;
17006 : 11;
17007 : 11;
17008 : 11;
17009 : 11;
17010 : 11;
17011 : 11;
17012 : 11;
17013 : 11;
17014 : 11;
17015 : 11;
17016 : 11;
17017 : 11;
17018 : 11;
17019 : 11;
17020 : 11;
17021 : 11;
17022 : 11;
17023 : 11;
17024 : 11;
17025 : 11;
17026 : 11;
17027 : 11;
17028 : 11;
17029 : 11;
17030 : 11;
17031 : 11;
17032 : 11;
17033 : 11;
17034 : 11;
17035 : 11;
17036 : 11;
17037 : 11;
17038 : 11;
17039 : 11;
17040 : 11;
17041 : 11;
17042 : 11;
17043 : 11;
17044 : 11;
17045 : 11;
17046 : 11;
17047 : 11;
17048 : 11;
17049 : 11;
17050 : 11;
17051 : 11;
17052 : 11;
17053 : 11;
17054 : 11;
17055 : 11;
17056 : 11;
17057 : 11;
17058 : 11;
17059 : 11;
17060 : 11;
17061 : 11;
17062 : 11;
17063 : 11;
17064 : 11;
17065 : 11;
17066 : 11;
17067 : 11;
17068 : 11;
17069 : 11;
17070 : 11;
17071 : 11;
17072 : 11;
17073 : 11;
17074 : 11;
17075 : 11;
17076 : 11;
17077 : 11;
17078 : 11;
17079 : 11;
17080 : 11;
17081 : 11;
17082 : 11;
17083 : 11;
17084 : 11;
17085 : 11;
17086 : 11;
17087 : 11;
17088 : 11;
17089 : 11;
17090 : 11;
17091 : 11;
17092 : 11;
17093 : 11;
17094 : 11;
17095 : 11;
17096 : 11;
17097 : 11;
17098 : 11;
17099 : 11;
17100 : 11;
17101 : 11;
17102 : 11;
17103 : 11;
17104 : 11;
17105 : 11;
17106 : 11;
17107 : 11;
17108 : 11;
17109 : 11;
17110 : 11;
17111 : 11;
17112 : 11;
17113 : 11;
17114 : 11;
17115 : 11;
17116 : 11;
17117 : 11;
17118 : 11;
17119 : 11;
17120 : 11;
17121 : 11;
17122 : 11;
17123 : 11;
17124 : 11;
17125 : 11;
17126 : 11;
17127 : 11;
17128 : 11;
17129 : 11;
17130 : 11;
17131 : 11;
17132 : 11;
17133 : 11;
17134 : 11;
17135 : 11;
17136 : 11;
17137 : 11;
17138 : 11;
17139 : 11;
17140 : 11;
17141 : 11;
17142 : 11;
17143 : 11;
17144 : 11;
17145 : 11;
17146 : 11;
17147 : 11;
17148 : 11;
17149 : 11;
17150 : 11;
17151 : 11;
17152 : 11;
17153 : 11;
17154 : 11;
17155 : 11;
17156 : 11;
17157 : 11;
17158 : 11;
17159 : 11;
17160 : 11;
17161 : 11;
17162 : 11;
17163 : 11;
17164 : 11;
17165 : 11;
17166 : 11;
17167 : 11;
17168 : 11;
17169 : 11;
17170 : 11;
17171 : 11;
17172 : 11;
17173 : 11;
17174 : 11;
17175 : 11;
17176 : 11;
17177 : 11;
17178 : 11;
17179 : 11;
17180 : 11;
17181 : 11;
17182 : 11;
17183 : 11;
17184 : 11;
17185 : 11;
17186 : 11;
17187 : 11;
17188 : 11;
17189 : 11;
17190 : 11;
17191 : 11;
17192 : 11;
17193 : 11;
17194 : 11;
17195 : 11;
17196 : 11;
17197 : 11;
17198 : 11;
17199 : 11;
17200 : 11;
17201 : 11;
17202 : 11;
17203 : 11;
17204 : 11;
17205 : 11;
17206 : 11;
17207 : 11;
17208 : 11;
17209 : 11;
17210 : 11;
17211 : 11;
17212 : 11;
17213 : 11;
17214 : 11;
17215 : 11;
17216 : 11;
17217 : 11;
17218 : 11;
17219 : 11;
17220 : 11;
17221 : 11;
17222 : 11;
17223 : 11;
17224 : 11;
17225 : 11;
17226 : 11;
17227 : 11;
17228 : 11;
17229 : 11;
17230 : 11;
17231 : 11;
17232 : 11;
17233 : 11;
17234 : 11;
17235 : 11;
17236 : 11;
17237 : 11;
17238 : 11;
17239 : 11;
17240 : 11;
17241 : 11;
17242 : 11;
17243 : 11;
17244 : 11;
17245 : 11;
17246 : 11;
17247 : 11;
17248 : 11;
17249 : 11;
17250 : 11;
17251 : 11;
17252 : 11;
17253 : 11;
17254 : 11;
17255 : 11;
17256 : 11;
17257 : 11;
17258 : 11;
17259 : 11;
17260 : 11;
17261 : 11;
17262 : 11;
17263 : 11;
17264 : 11;
17265 : 11;
17266 : 11;
17267 : 11;
17268 : 11;
17269 : 11;
17270 : 11;
17271 : 11;
17272 : 11;
17273 : 11;
17274 : 11;
17275 : 11;
17276 : 11;
17277 : 11;
17278 : 11;
17279 : 11;
17280 : 11;
17281 : 11;
17282 : 11;
17283 : 11;
17284 : 11;
17285 : 11;
17286 : 11;
17287 : 11;
17288 : 11;
17289 : 11;
17290 : 11;
17291 : 11;
17292 : 11;
17293 : 11;
17294 : 11;
17295 : 11;
17296 : 11;
17297 : 11;
17298 : 11;
17299 : 11;
17300 : 11;
17301 : 11;
17302 : 11;
17303 : 11;
17304 : 11;
17305 : 11;
17306 : 11;
17307 : 11;
17308 : 11;
17309 : 11;
17310 : 11;
17311 : 11;
17312 : 11;
17313 : 11;
17314 : 11;
17315 : 11;
17316 : 11;
17317 : 11;
17318 : 11;
17319 : 11;
17320 : 11;
17321 : 11;
17322 : 11;
17323 : 11;
17324 : 11;
17325 : 11;
17326 : 11;
17327 : 11;
17328 : 11;
17329 : 11;
17330 : 11;
17331 : 11;
17332 : 11;
17333 : 11;
17334 : 11;
17335 : 11;
17336 : 11;
17337 : 11;
17338 : 11;
17339 : 11;
17340 : 11;
17341 : 11;
17342 : 11;
17343 : 11;
17344 : 11;
17345 : 11;
17346 : 11;
17347 : 11;
17348 : 11;
17349 : 11;
17350 : 11;
17351 : 11;
17352 : 11;
17353 : 11;
17354 : 11;
17355 : 11;
17356 : 11;
17357 : 11;
17358 : 11;
17359 : 11;
17360 : 11;
17361 : 11;
17362 : 11;
17363 : 11;
17364 : 11;
17365 : 11;
17366 : 11;
17367 : 11;
17368 : 11;
17369 : 11;
17370 : 11;
17371 : 11;
17372 : 11;
17373 : 11;
17374 : 11;
17375 : 11;
17376 : 11;
17377 : 11;
17378 : 11;
17379 : 11;
17380 : 11;
17381 : 11;
17382 : 11;
17383 : 11;
17384 : 11;
17385 : 11;
17386 : 11;
17387 : 11;
17388 : 11;
17389 : 11;
17390 : 11;
17391 : 11;
17392 : 11;
17393 : 11;
17394 : 11;
17395 : 11;
17396 : 11;
17397 : 11;
17398 : 11;
17399 : 11;
17400 : 11;
17401 : 11;
17402 : 11;
17403 : 11;
17404 : 11;
17405 : 11;
17406 : 11;
17407 : 11;
17408 : 11;
17409 : 11;
17410 : 11;
17411 : 11;
17412 : 11;
17413 : 11;
17414 : 11;
17415 : 11;
17416 : 11;
17417 : 11;
17418 : 11;
17419 : 11;
17420 : 11;
17421 : 11;
17422 : 11;
17423 : 11;
17424 : 11;
17425 : 11;
17426 : 11;
17427 : 11;
17428 : 11;
17429 : 11;
17430 : 11;
17431 : 11;
17432 : 11;
17433 : 11;
17434 : 11;
17435 : 11;
17436 : 11;
17437 : 11;
17438 : 11;
17439 : 11;
17440 : 11;
17441 : 11;
17442 : 11;
17443 : 11;
17444 : 11;
17445 : 11;
17446 : 11;
17447 : 11;
17448 : 11;
17449 : 11;
17450 : 11;
17451 : 11;
17452 : 11;
17453 : 11;
17454 : 11;
17455 : 11;
17456 : 11;
17457 : 11;
17458 : 11;
17459 : 11;
17460 : 11;
17461 : 11;
17462 : 11;
17463 : 11;
17464 : 11;
17465 : 11;
17466 : 11;
17467 : 11;
17468 : 11;
17469 : 11;
17470 : 11;
17471 : 11;
17472 : 11;
17473 : 11;
17474 : 11;
17475 : 11;
17476 : 11;
17477 : 11;
17478 : 11;
17479 : 11;
17480 : 11;
17481 : 11;
17482 : 11;
17483 : 11;
17484 : 11;
17485 : 11;
17486 : 11;
17487 : 11;
17488 : 11;
17489 : 11;
17490 : 11;
17491 : 11;
17492 : 11;
17493 : 11;
17494 : 11;
17495 : 11;
17496 : 11;
17497 : 11;
17498 : 11;
17499 : 11;
17500 : 11;
17501 : 11;
17502 : 11;
17503 : 11;
17504 : 11;
17505 : 11;
17506 : 11;
17507 : 11;
17508 : 11;
17509 : 11;
17510 : 11;
17511 : 11;
17512 : 11;
17513 : 11;
17514 : 11;
17515 : 11;
17516 : 11;
17517 : 11;
17518 : 11;
17519 : 11;
17520 : 11;
17521 : 11;
17522 : 11;
17523 : 11;
17524 : 11;
17525 : 11;
17526 : 11;
17527 : 11;
17528 : 11;
17529 : 11;
17530 : 11;
17531 : 11;
17532 : 11;
17533 : 11;
17534 : 11;
17535 : 11;
17536 : 11;
17537 : 11;
17538 : 11;
17539 : 11;
17540 : 11;
17541 : 11;
17542 : 11;
17543 : 11;
17544 : 11;
17545 : 11;
17546 : 11;
17547 : 11;
17548 : 11;
17549 : 11;
17550 : 11;
17551 : 11;
17552 : 11;
17553 : 11;
17554 : 11;
17555 : 11;
17556 : 11;
17557 : 11;
17558 : 11;
17559 : 11;
17560 : 11;
17561 : 11;
17562 : 11;
17563 : 11;
17564 : 11;
17565 : 11;
17566 : 11;
17567 : 11;
17568 : 11;
17569 : 11;
17570 : 11;
17571 : 11;
17572 : 11;
17573 : 11;
17574 : 11;
17575 : 11;
17576 : 11;
17577 : 11;
17578 : 11;
17579 : 11;
17580 : 11;
17581 : 11;
17582 : 11;
17583 : 11;
17584 : 11;
17585 : 11;
17586 : 11;
17587 : 11;
17588 : 11;
17589 : 11;
17590 : 11;
17591 : 11;
17592 : 11;
17593 : 11;
17594 : 11;
17595 : 11;
17596 : 11;
17597 : 11;
17598 : 11;
17599 : 11;
17600 :  0;
17601 :  0;
17602 :  0;
17603 :  0;
17604 :  0;
17605 :  0;
17606 :  0;
17607 :  0;
17608 :  0;
17609 :  0;
17610 :  0;
17611 :  0;
17612 :  0;
17613 :  0;
17614 :  0;
17615 :  0;
17616 :  0;
17617 :  0;
17618 :  0;
17619 :  0;
17620 :  0;
17621 :  0;
17622 :  0;
17623 :  0;
17624 :  0;
17625 :  0;
17626 :  0;
17627 :  0;
17628 :  0;
17629 :  0;
17630 :  0;
17631 :  0;
17632 :  0;
17633 :  0;
17634 :  0;
17635 :  0;
17636 :  0;
17637 :  0;
17638 :  0;
17639 :  0;
17640 :  0;
17641 :  0;
17642 :  0;
17643 :  0;
17644 :  0;
17645 :  0;
17646 :  0;
17647 :  0;
17648 :  0;
17649 :  0;
17650 :  0;
17651 :  0;
17652 :  0;
17653 :  0;
17654 :  0;
17655 :  0;
17656 :  0;
17657 :  0;
17658 :  0;
17659 :  0;
17660 :  0;
17661 :  0;
17662 :  0;
17663 :  0;
17664 :  0;
17665 :  0;
17666 :  0;
17667 :  0;
17668 :  0;
17669 :  0;
17670 :  0;
17671 :  0;
17672 :  0;
17673 :  0;
17674 :  0;
17675 :  0;
17676 :  0;
17677 :  0;
17678 :  0;
17679 :  0;
17680 :  0;
17681 :  0;
17682 :  0;
17683 :  0;
17684 :  0;
17685 :  0;
17686 :  0;
17687 :  0;
17688 :  0;
17689 :  0;
17690 :  0;
17691 :  0;
17692 :  0;
17693 :  0;
17694 :  0;
17695 :  0;
17696 :  0;
17697 :  0;
17698 :  0;
17699 :  0;
17700 :  0;
17701 :  0;
17702 :  0;
17703 :  0;
17704 :  0;
17705 :  0;
17706 :  0;
17707 :  0;
17708 :  0;
17709 :  0;
17710 :  0;
17711 :  0;
17712 :  0;
17713 :  0;
17714 :  0;
17715 :  0;
17716 :  0;
17717 :  0;
17718 :  0;
17719 :  0;
17720 :  0;
17721 :  0;
17722 :  0;
17723 :  0;
17724 :  0;
17725 :  0;
17726 :  0;
17727 :  0;
17728 :  0;
17729 :  0;
17730 :  0;
17731 :  0;
17732 :  0;
17733 :  0;
17734 :  0;
17735 :  0;
17736 :  0;
17737 :  0;
17738 :  0;
17739 :  0;
17740 :  0;
17741 :  0;
17742 :  0;
17743 :  0;
17744 :  0;
17745 :  0;
17746 :  0;
17747 :  0;
17748 :  0;
17749 :  0;
17750 :  0;
17751 :  0;
17752 :  0;
17753 :  0;
17754 :  0;
17755 :  0;
17756 :  0;
17757 :  0;
17758 :  0;
17759 :  0;
17760 :  0;
17761 :  0;
17762 :  0;
17763 :  0;
17764 :  0;
17765 :  0;
17766 :  0;
17767 :  0;
17768 :  0;
17769 :  0;
17770 :  0;
17771 :  0;
17772 :  0;
17773 :  0;
17774 :  0;
17775 :  0;
17776 :  0;
17777 :  0;
17778 :  0;
17779 :  0;
17780 :  0;
17781 :  0;
17782 :  0;
17783 :  0;
17784 :  0;
17785 :  0;
17786 :  0;
17787 :  0;
17788 :  0;
17789 :  0;
17790 :  0;
17791 :  0;
17792 :  0;
17793 :  0;
17794 :  0;
17795 :  0;
17796 :  0;
17797 :  0;
17798 :  0;
17799 :  0;
17800 :  0;
17801 :  0;
17802 :  0;
17803 :  0;
17804 :  0;
17805 :  0;
17806 :  0;
17807 :  0;
17808 :  0;
17809 :  0;
17810 :  0;
17811 :  0;
17812 :  0;
17813 :  0;
17814 :  0;
17815 :  0;
17816 :  0;
17817 :  0;
17818 :  0;
17819 :  0;
17820 :  0;
17821 :  0;
17822 :  0;
17823 :  0;
17824 :  0;
17825 :  0;
17826 :  0;
17827 :  0;
17828 :  0;
17829 :  0;
17830 :  0;
17831 :  0;
17832 :  0;
17833 :  0;
17834 :  0;
17835 :  0;
17836 :  0;
17837 :  0;
17838 :  0;
17839 :  0;
17840 :  0;
17841 :  0;
17842 :  0;
17843 :  0;
17844 :  0;
17845 :  0;
17846 :  0;
17847 :  0;
17848 :  0;
17849 :  0;
17850 :  0;
17851 :  0;
17852 :  0;
17853 :  0;
17854 :  0;
17855 :  0;
17856 :  0;
17857 :  0;
17858 :  0;
17859 :  0;
17860 :  0;
17861 :  0;
17862 :  0;
17863 :  0;
17864 :  0;
17865 :  0;
17866 :  0;
17867 :  0;
17868 :  0;
17869 :  0;
17870 :  0;
17871 :  0;
17872 :  0;
17873 :  0;
17874 :  0;
17875 :  0;
17876 :  0;
17877 :  0;
17878 :  0;
17879 :  0;
17880 :  0;
17881 :  0;
17882 :  0;
17883 :  0;
17884 :  0;
17885 :  0;
17886 :  0;
17887 :  0;
17888 :  0;
17889 :  0;
17890 :  0;
17891 :  0;
17892 :  0;
17893 :  0;
17894 :  0;
17895 :  0;
17896 :  0;
17897 :  0;
17898 :  0;
17899 :  0;
17900 :  0;
17901 :  0;
17902 :  0;
17903 :  0;
17904 :  0;
17905 :  0;
17906 :  0;
17907 :  0;
17908 :  0;
17909 :  0;
17910 :  0;
17911 :  0;
17912 :  0;
17913 :  0;
17914 :  0;
17915 :  0;
17916 :  0;
17917 :  0;
17918 :  0;
17919 :  0;
17920 :  0;
17921 :  0;
17922 :  0;
17923 :  0;
17924 :  0;
17925 :  0;
17926 :  0;
17927 :  0;
17928 :  0;
17929 :  0;
17930 :  0;
17931 :  0;
17932 :  0;
17933 :  0;
17934 :  0;
17935 :  0;
17936 :  0;
17937 :  0;
17938 :  0;
17939 :  0;
17940 :  0;
17941 :  0;
17942 :  0;
17943 :  0;
17944 :  0;
17945 :  0;
17946 :  0;
17947 :  0;
17948 :  0;
17949 :  0;
17950 :  0;
17951 :  0;
17952 :  0;
17953 :  0;
17954 :  0;
17955 :  0;
17956 :  0;
17957 :  0;
17958 :  0;
17959 :  0;
17960 :  0;
17961 :  0;
17962 :  0;
17963 :  0;
17964 :  0;
17965 :  0;
17966 :  0;
17967 :  0;
17968 :  0;
17969 :  0;
17970 :  0;
17971 :  0;
17972 :  0;
17973 :  0;
17974 :  0;
17975 :  0;
17976 :  0;
17977 :  0;
17978 :  0;
17979 :  0;
17980 :  0;
17981 :  0;
17982 :  0;
17983 :  0;
17984 :  0;
17985 :  0;
17986 :  0;
17987 :  0;
17988 :  0;
17989 :  0;
17990 :  0;
17991 :  0;
17992 :  0;
17993 :  0;
17994 :  0;
17995 :  0;
17996 :  0;
17997 :  0;
17998 :  0;
17999 :  0;
18000 :  0;
18001 :  0;
18002 :  0;
18003 :  0;
18004 :  0;
18005 :  0;
18006 :  0;
18007 :  0;
18008 :  0;
18009 :  0;
18010 :  0;
18011 :  0;
18012 :  0;
18013 :  0;
18014 :  0;
18015 :  0;
18016 :  0;
18017 :  0;
18018 :  0;
18019 :  0;
18020 :  0;
18021 :  0;
18022 :  0;
18023 :  0;
18024 :  0;
18025 :  0;
18026 :  0;
18027 :  0;
18028 :  0;
18029 :  0;
18030 :  0;
18031 :  0;
18032 :  0;
18033 :  0;
18034 :  0;
18035 :  0;
18036 :  0;
18037 :  0;
18038 :  0;
18039 :  0;
18040 :  0;
18041 :  0;
18042 :  0;
18043 :  0;
18044 :  0;
18045 :  0;
18046 :  0;
18047 :  0;
18048 :  0;
18049 :  0;
18050 :  0;
18051 :  0;
18052 :  0;
18053 :  0;
18054 :  0;
18055 :  0;
18056 :  0;
18057 :  0;
18058 :  0;
18059 :  0;
18060 :  0;
18061 :  0;
18062 :  0;
18063 :  0;
18064 :  0;
18065 :  0;
18066 :  0;
18067 :  0;
18068 :  0;
18069 :  0;
18070 :  0;
18071 :  0;
18072 :  0;
18073 :  0;
18074 :  0;
18075 :  0;
18076 :  0;
18077 :  0;
18078 :  0;
18079 :  0;
18080 :  0;
18081 :  0;
18082 :  0;
18083 :  0;
18084 :  0;
18085 :  0;
18086 :  0;
18087 :  0;
18088 :  0;
18089 : 11;
18090 : 11;
18091 :  0;
18092 :  0;
18093 :  0;
18094 :  0;
18095 :  0;
18096 :  0;
18097 :  0;
18098 : 11;
18099 : 11;
18100 :  0;
18101 :  0;
18102 :  0;
18103 :  0;
18104 :  0;
18105 : 11;
18106 : 11;
18107 : 11;
18108 : 11;
18109 : 11;
18110 :  0;
18111 :  0;
18112 :  0;
18113 : 11;
18114 : 11;
18115 :  0;
18116 :  0;
18117 :  0;
18118 :  0;
18119 :  0;
18120 :  0;
18121 :  0;
18122 : 11;
18123 : 11;
18124 : 11;
18125 : 11;
18126 :  0;
18127 :  0;
18128 :  0;
18129 : 11;
18130 : 11;
18131 :  0;
18132 :  0;
18133 : 11;
18134 : 11;
18135 :  0;
18136 :  0;
18137 : 11;
18138 : 11;
18139 : 11;
18140 : 11;
18141 : 11;
18142 : 11;
18143 :  0;
18144 :  0;
18145 : 11;
18146 : 11;
18147 : 11;
18148 : 11;
18149 : 11;
18150 :  0;
18151 :  0;
18152 :  0;
18153 :  0;
18154 :  0;
18155 :  0;
18156 :  0;
18157 :  0;
18158 :  0;
18159 :  0;
18160 :  0;
18161 :  0;
18162 :  0;
18163 :  0;
18164 :  0;
18165 :  0;
18166 :  0;
18167 :  0;
18168 :  0;
18169 :  0;
18170 :  0;
18171 :  0;
18172 :  0;
18173 :  0;
18174 :  0;
18175 :  0;
18176 :  0;
18177 : 11;
18178 : 11;
18179 : 11;
18180 : 11;
18181 :  0;
18182 :  0;
18183 :  0;
18184 :  0;
18185 : 11;
18186 : 11;
18187 : 11;
18188 : 11;
18189 : 11;
18190 :  0;
18191 :  0;
18192 :  0;
18193 : 11;
18194 : 11;
18195 :  0;
18196 :  0;
18197 :  0;
18198 :  0;
18199 :  0;
18200 :  0;
18201 :  0;
18202 : 11;
18203 : 11;
18204 : 11;
18205 : 11;
18206 :  0;
18207 :  0;
18208 :  0;
18209 : 11;
18210 : 11;
18211 :  0;
18212 :  0;
18213 : 11;
18214 : 11;
18215 :  0;
18216 :  0;
18217 : 11;
18218 : 11;
18219 : 11;
18220 : 11;
18221 : 11;
18222 : 11;
18223 :  0;
18224 :  0;
18225 : 11;
18226 : 11;
18227 : 11;
18228 : 11;
18229 : 11;
18230 :  0;
18231 :  0;
18232 :  0;
18233 :  0;
18234 :  0;
18235 :  0;
18236 :  0;
18237 :  0;
18238 :  0;
18239 :  0;
18240 :  0;
18241 :  0;
18242 :  0;
18243 :  0;
18244 :  0;
18245 :  0;
18246 :  0;
18247 :  0;
18248 :  0;
18249 : 11;
18250 : 11;
18251 : 11;
18252 :  0;
18253 :  0;
18254 :  0;
18255 :  0;
18256 :  0;
18257 : 11;
18258 : 11;
18259 : 11;
18260 :  0;
18261 :  0;
18262 :  0;
18263 :  0;
18264 :  0;
18265 : 11;
18266 : 11;
18267 :  0;
18268 :  0;
18269 : 11;
18270 : 11;
18271 :  0;
18272 :  0;
18273 : 11;
18274 : 11;
18275 :  0;
18276 :  0;
18277 :  0;
18278 :  0;
18279 :  0;
18280 :  0;
18281 : 11;
18282 :  0;
18283 :  0;
18284 : 11;
18285 : 11;
18286 : 11;
18287 :  0;
18288 :  0;
18289 : 11;
18290 : 11;
18291 :  0;
18292 :  0;
18293 : 11;
18294 : 11;
18295 :  0;
18296 :  0;
18297 : 11;
18298 : 11;
18299 :  0;
18300 :  0;
18301 :  0;
18302 :  0;
18303 :  0;
18304 :  0;
18305 : 11;
18306 : 11;
18307 :  0;
18308 :  0;
18309 : 11;
18310 : 11;
18311 :  0;
18312 :  0;
18313 :  0;
18314 :  0;
18315 :  0;
18316 :  0;
18317 :  0;
18318 :  0;
18319 :  0;
18320 :  0;
18321 :  0;
18322 :  0;
18323 :  0;
18324 :  0;
18325 :  0;
18326 :  0;
18327 :  0;
18328 :  0;
18329 :  0;
18330 :  0;
18331 :  0;
18332 :  0;
18333 :  0;
18334 :  0;
18335 :  0;
18336 : 11;
18337 :  0;
18338 :  0;
18339 : 11;
18340 : 11;
18341 : 11;
18342 :  0;
18343 :  0;
18344 :  0;
18345 : 11;
18346 : 11;
18347 :  0;
18348 :  0;
18349 : 11;
18350 : 11;
18351 :  0;
18352 :  0;
18353 : 11;
18354 : 11;
18355 :  0;
18356 :  0;
18357 :  0;
18358 :  0;
18359 :  0;
18360 :  0;
18361 : 11;
18362 :  0;
18363 :  0;
18364 : 11;
18365 : 11;
18366 : 11;
18367 :  0;
18368 :  0;
18369 : 11;
18370 : 11;
18371 :  0;
18372 :  0;
18373 : 11;
18374 : 11;
18375 :  0;
18376 :  0;
18377 : 11;
18378 : 11;
18379 :  0;
18380 :  0;
18381 :  0;
18382 :  0;
18383 :  0;
18384 :  0;
18385 : 11;
18386 : 11;
18387 :  0;
18388 :  0;
18389 : 11;
18390 : 11;
18391 :  0;
18392 :  0;
18393 :  0;
18394 :  0;
18395 :  0;
18396 :  0;
18397 :  0;
18398 :  0;
18399 :  0;
18400 :  0;
18401 :  0;
18402 :  0;
18403 :  0;
18404 :  0;
18405 :  0;
18406 :  0;
18407 :  0;
18408 :  0;
18409 : 11;
18410 : 11;
18411 : 11;
18412 : 11;
18413 :  0;
18414 :  0;
18415 :  0;
18416 :  0;
18417 :  0;
18418 : 11;
18419 : 11;
18420 :  0;
18421 :  0;
18422 :  0;
18423 :  0;
18424 :  0;
18425 : 11;
18426 : 11;
18427 :  0;
18428 :  0;
18429 : 11;
18430 : 11;
18431 :  0;
18432 :  0;
18433 : 11;
18434 : 11;
18435 :  0;
18436 :  0;
18437 :  0;
18438 :  0;
18439 :  0;
18440 :  0;
18441 : 11;
18442 :  0;
18443 :  0;
18444 : 11;
18445 : 11;
18446 : 11;
18447 :  0;
18448 :  0;
18449 :  0;
18450 : 11;
18451 : 11;
18452 : 11;
18453 : 11;
18454 :  0;
18455 :  0;
18456 :  0;
18457 : 11;
18458 : 11;
18459 : 11;
18460 : 11;
18461 : 11;
18462 :  0;
18463 :  0;
18464 :  0;
18465 : 11;
18466 : 11;
18467 :  0;
18468 :  0;
18469 : 11;
18470 : 11;
18471 :  0;
18472 :  0;
18473 :  0;
18474 :  0;
18475 :  0;
18476 :  0;
18477 :  0;
18478 :  0;
18479 :  0;
18480 :  0;
18481 :  0;
18482 :  0;
18483 :  0;
18484 :  0;
18485 :  0;
18486 :  0;
18487 :  0;
18488 :  0;
18489 :  0;
18490 :  0;
18491 :  0;
18492 :  0;
18493 :  0;
18494 :  0;
18495 :  0;
18496 :  0;
18497 :  0;
18498 :  0;
18499 : 11;
18500 : 11;
18501 : 11;
18502 :  0;
18503 :  0;
18504 :  0;
18505 : 11;
18506 : 11;
18507 :  0;
18508 :  0;
18509 : 11;
18510 : 11;
18511 :  0;
18512 :  0;
18513 : 11;
18514 : 11;
18515 :  0;
18516 :  0;
18517 :  0;
18518 :  0;
18519 :  0;
18520 :  0;
18521 : 11;
18522 :  0;
18523 :  0;
18524 : 11;
18525 : 11;
18526 : 11;
18527 :  0;
18528 :  0;
18529 :  0;
18530 : 11;
18531 : 11;
18532 : 11;
18533 : 11;
18534 :  0;
18535 :  0;
18536 :  0;
18537 : 11;
18538 : 11;
18539 : 11;
18540 : 11;
18541 : 11;
18542 :  0;
18543 :  0;
18544 :  0;
18545 : 11;
18546 : 11;
18547 :  0;
18548 :  0;
18549 : 11;
18550 : 11;
18551 :  0;
18552 :  0;
18553 :  0;
18554 :  0;
18555 :  0;
18556 :  0;
18557 :  0;
18558 :  0;
18559 :  0;
18560 :  0;
18561 :  0;
18562 :  0;
18563 :  0;
18564 :  0;
18565 :  0;
18566 :  0;
18567 :  0;
18568 :  0;
18569 : 11;
18570 : 11;
18571 : 11;
18572 : 11;
18573 :  0;
18574 :  0;
18575 :  0;
18576 :  0;
18577 :  0;
18578 : 11;
18579 : 11;
18580 :  0;
18581 :  0;
18582 :  0;
18583 :  0;
18584 :  0;
18585 : 11;
18586 : 11;
18587 : 11;
18588 : 11;
18589 : 11;
18590 :  0;
18591 :  0;
18592 :  0;
18593 : 11;
18594 : 11;
18595 :  0;
18596 :  0;
18597 :  0;
18598 :  0;
18599 :  0;
18600 :  0;
18601 : 11;
18602 : 11;
18603 : 11;
18604 : 11;
18605 : 11;
18606 : 11;
18607 :  0;
18608 :  0;
18609 :  0;
18610 :  0;
18611 : 11;
18612 : 11;
18613 :  0;
18614 :  0;
18615 :  0;
18616 :  0;
18617 : 11;
18618 : 11;
18619 :  0;
18620 :  0;
18621 :  0;
18622 :  0;
18623 :  0;
18624 :  0;
18625 : 11;
18626 : 11;
18627 : 11;
18628 : 11;
18629 : 11;
18630 :  0;
18631 :  0;
18632 :  0;
18633 :  0;
18634 :  0;
18635 :  0;
18636 :  0;
18637 :  0;
18638 :  0;
18639 :  0;
18640 :  0;
18641 :  0;
18642 :  0;
18643 :  0;
18644 :  0;
18645 :  0;
18646 :  0;
18647 :  0;
18648 :  0;
18649 :  0;
18650 :  0;
18651 :  0;
18652 :  0;
18653 :  0;
18654 :  0;
18655 :  0;
18656 :  0;
18657 : 11;
18658 : 11;
18659 : 11;
18660 : 11;
18661 :  0;
18662 :  0;
18663 :  0;
18664 :  0;
18665 : 11;
18666 : 11;
18667 : 11;
18668 : 11;
18669 : 11;
18670 :  0;
18671 :  0;
18672 :  0;
18673 : 11;
18674 : 11;
18675 :  0;
18676 :  0;
18677 :  0;
18678 :  0;
18679 :  0;
18680 :  0;
18681 : 11;
18682 : 11;
18683 : 11;
18684 : 11;
18685 : 11;
18686 : 11;
18687 :  0;
18688 :  0;
18689 :  0;
18690 :  0;
18691 : 11;
18692 : 11;
18693 :  0;
18694 :  0;
18695 :  0;
18696 :  0;
18697 : 11;
18698 : 11;
18699 :  0;
18700 :  0;
18701 :  0;
18702 :  0;
18703 :  0;
18704 :  0;
18705 : 11;
18706 : 11;
18707 : 11;
18708 : 11;
18709 : 11;
18710 :  0;
18711 :  0;
18712 :  0;
18713 :  0;
18714 :  0;
18715 :  0;
18716 :  0;
18717 :  0;
18718 :  0;
18719 :  0;
18720 :  0;
18721 :  0;
18722 :  0;
18723 :  0;
18724 :  0;
18725 :  0;
18726 :  0;
18727 :  0;
18728 :  0;
18729 : 11;
18730 : 11;
18731 : 11;
18732 :  0;
18733 :  0;
18734 :  0;
18735 :  0;
18736 :  0;
18737 :  0;
18738 : 11;
18739 : 11;
18740 :  0;
18741 :  0;
18742 :  0;
18743 :  0;
18744 :  0;
18745 : 11;
18746 : 11;
18747 :  0;
18748 :  0;
18749 :  0;
18750 :  0;
18751 :  0;
18752 :  0;
18753 : 11;
18754 : 11;
18755 :  0;
18756 :  0;
18757 :  0;
18758 :  0;
18759 :  0;
18760 :  0;
18761 : 11;
18762 :  0;
18763 :  0;
18764 : 11;
18765 : 11;
18766 : 11;
18767 :  0;
18768 :  0;
18769 :  0;
18770 :  0;
18771 : 11;
18772 : 11;
18773 :  0;
18774 :  0;
18775 :  0;
18776 :  0;
18777 : 11;
18778 : 11;
18779 :  0;
18780 :  0;
18781 :  0;
18782 :  0;
18783 :  0;
18784 :  0;
18785 : 11;
18786 : 11;
18787 :  0;
18788 : 11;
18789 :  0;
18790 :  0;
18791 :  0;
18792 :  0;
18793 :  0;
18794 :  0;
18795 :  0;
18796 :  0;
18797 :  0;
18798 :  0;
18799 :  0;
18800 :  0;
18801 :  0;
18802 :  0;
18803 :  0;
18804 :  0;
18805 :  0;
18806 :  0;
18807 :  0;
18808 :  0;
18809 :  0;
18810 :  0;
18811 :  0;
18812 :  0;
18813 :  0;
18814 :  0;
18815 :  0;
18816 : 11;
18817 : 11;
18818 : 11;
18819 :  0;
18820 :  0;
18821 :  0;
18822 :  0;
18823 :  0;
18824 :  0;
18825 : 11;
18826 : 11;
18827 :  0;
18828 :  0;
18829 :  0;
18830 :  0;
18831 :  0;
18832 :  0;
18833 : 11;
18834 : 11;
18835 :  0;
18836 :  0;
18837 :  0;
18838 :  0;
18839 :  0;
18840 :  0;
18841 : 11;
18842 :  0;
18843 :  0;
18844 : 11;
18845 : 11;
18846 : 11;
18847 :  0;
18848 :  0;
18849 :  0;
18850 :  0;
18851 : 11;
18852 : 11;
18853 :  0;
18854 :  0;
18855 :  0;
18856 :  0;
18857 : 11;
18858 : 11;
18859 :  0;
18860 :  0;
18861 :  0;
18862 :  0;
18863 :  0;
18864 :  0;
18865 : 11;
18866 : 11;
18867 :  0;
18868 : 11;
18869 :  0;
18870 :  0;
18871 :  0;
18872 :  0;
18873 :  0;
18874 :  0;
18875 :  0;
18876 :  0;
18877 :  0;
18878 :  0;
18879 :  0;
18880 :  0;
18881 :  0;
18882 :  0;
18883 :  0;
18884 :  0;
18885 :  0;
18886 :  0;
18887 :  0;
18888 :  0;
18889 : 11;
18890 : 11;
18891 :  0;
18892 :  0;
18893 :  0;
18894 :  0;
18895 :  0;
18896 :  0;
18897 : 11;
18898 : 11;
18899 : 11;
18900 : 11;
18901 :  0;
18902 :  0;
18903 :  0;
18904 :  0;
18905 : 11;
18906 : 11;
18907 :  0;
18908 :  0;
18909 :  0;
18910 :  0;
18911 :  0;
18912 :  0;
18913 : 11;
18914 : 11;
18915 : 11;
18916 : 11;
18917 : 11;
18918 : 11;
18919 :  0;
18920 :  0;
18921 : 11;
18922 :  0;
18923 :  0;
18924 : 11;
18925 : 11;
18926 : 11;
18927 :  0;
18928 :  0;
18929 :  0;
18930 :  0;
18931 : 11;
18932 : 11;
18933 :  0;
18934 :  0;
18935 :  0;
18936 :  0;
18937 : 11;
18938 : 11;
18939 : 11;
18940 : 11;
18941 : 11;
18942 : 11;
18943 :  0;
18944 :  0;
18945 : 11;
18946 : 11;
18947 :  0;
18948 :  0;
18949 : 11;
18950 : 11;
18951 :  0;
18952 :  0;
18953 :  0;
18954 :  0;
18955 :  0;
18956 :  0;
18957 :  0;
18958 :  0;
18959 :  0;
18960 :  0;
18961 :  0;
18962 :  0;
18963 :  0;
18964 :  0;
18965 :  0;
18966 :  0;
18967 :  0;
18968 :  0;
18969 :  0;
18970 :  0;
18971 :  0;
18972 :  0;
18973 :  0;
18974 :  0;
18975 :  0;
18976 : 11;
18977 : 11;
18978 : 11;
18979 : 11;
18980 : 11;
18981 : 11;
18982 :  0;
18983 :  0;
18984 :  0;
18985 : 11;
18986 : 11;
18987 :  0;
18988 :  0;
18989 :  0;
18990 :  0;
18991 :  0;
18992 :  0;
18993 : 11;
18994 : 11;
18995 : 11;
18996 : 11;
18997 : 11;
18998 : 11;
18999 :  0;
19000 :  0;
19001 : 11;
19002 :  0;
19003 :  0;
19004 : 11;
19005 : 11;
19006 : 11;
19007 :  0;
19008 :  0;
19009 :  0;
19010 :  0;
19011 : 11;
19012 : 11;
19013 :  0;
19014 :  0;
19015 :  0;
19016 :  0;
19017 : 11;
19018 : 11;
19019 : 11;
19020 : 11;
19021 : 11;
19022 : 11;
19023 :  0;
19024 :  0;
19025 : 11;
19026 : 11;
19027 :  0;
19028 :  0;
19029 : 11;
19030 : 11;
19031 :  0;
19032 :  0;
19033 :  0;
19034 :  0;
19035 :  0;
19036 :  0;
19037 :  0;
19038 :  0;
19039 :  0;
19040 :  0;
19041 :  0;
19042 :  0;
19043 :  0;
19044 :  0;
19045 :  0;
19046 :  0;
19047 :  0;
19048 :  0;
19049 :  0;
19050 :  0;
19051 :  0;
19052 :  0;
19053 :  0;
19054 :  0;
19055 :  0;
19056 :  0;
19057 :  0;
19058 :  0;
19059 :  0;
19060 :  0;
19061 :  0;
19062 :  0;
19063 :  0;
19064 :  0;
19065 :  0;
19066 :  0;
19067 :  0;
19068 :  0;
19069 :  0;
19070 :  0;
19071 :  0;
19072 :  0;
19073 :  0;
19074 :  0;
19075 :  0;
19076 :  0;
19077 :  0;
19078 :  0;
19079 :  0;
19080 :  0;
19081 :  0;
19082 :  0;
19083 :  0;
19084 :  0;
19085 :  0;
19086 :  0;
19087 :  0;
19088 :  0;
19089 :  0;
19090 :  0;
19091 :  0;
19092 :  0;
19093 :  0;
19094 :  0;
19095 :  0;
19096 :  0;
19097 :  0;
19098 :  0;
19099 :  0;
19100 :  0;
19101 :  0;
19102 :  0;
19103 :  0;
19104 :  0;
19105 :  0;
19106 :  0;
19107 :  0;
19108 :  0;
19109 :  0;
19110 :  0;
19111 :  0;
19112 :  0;
19113 :  0;
19114 :  0;
19115 :  0;
19116 :  0;
19117 :  0;
19118 :  0;
19119 :  0;
19120 :  0;
19121 :  0;
19122 :  0;
19123 :  0;
19124 :  0;
19125 :  0;
19126 :  0;
19127 :  0;
19128 :  0;
19129 :  0;
19130 :  0;
19131 :  0;
19132 :  0;
19133 :  0;
19134 :  0;
19135 :  0;
19136 :  0;
19137 :  0;
19138 :  0;
19139 :  0;
19140 :  0;
19141 :  0;
19142 :  0;
19143 :  0;
19144 :  0;
19145 :  0;
19146 :  0;
19147 :  0;
19148 :  0;
19149 :  0;
19150 :  0;
19151 :  0;
19152 :  0;
19153 :  0;
19154 :  0;
19155 :  0;
19156 :  0;
19157 :  0;
19158 :  0;
19159 :  0;
19160 :  0;
19161 :  0;
19162 :  0;
19163 :  0;
19164 :  0;
19165 :  0;
19166 :  0;
19167 :  0;
19168 :  0;
19169 :  0;
19170 :  0;
19171 :  0;
19172 :  0;
19173 :  0;
19174 :  0;
19175 :  0;
19176 :  0;
19177 :  0;
19178 :  0;
19179 :  0;
19180 :  0;
19181 :  0;
19182 :  0;
19183 :  0;
19184 :  0;
19185 :  0;
19186 :  0;
19187 :  0;
19188 :  0;
19189 :  0;
19190 :  0;
19191 :  0;
19192 :  0;
19193 :  0;
19194 :  0;
19195 :  0;
19196 :  0;
19197 :  0;
19198 :  0;
19199 :  0;
19200 :  0;
19201 :  0;
19202 :  0;
19203 :  0;
19204 :  0;
19205 :  0;
19206 :  0;
19207 :  0;
19208 :  0;
19209 :  0;
19210 :  0;
19211 :  0;
19212 :  0;
19213 :  0;
19214 :  0;
19215 :  0;
19216 :  1;
19217 :  1;
19218 :  1;
19219 :  1;
19220 :  1;
19221 :  1;
19222 :  1;
19223 :  1;
19224 :  1;
19225 :  1;
19226 :  1;
19227 :  1;
19228 :  1;
19229 :  1;
19230 :  1;
19231 :  1;
19232 :  1;
19233 :  1;
19234 :  1;
19235 :  1;
19236 :  1;
19237 :  1;
19238 :  1;
19239 :  1;
19240 :  1;
19241 :  1;
19242 :  1;
19243 :  1;
19244 :  1;
19245 :  1;
19246 :  1;
19247 :  1;
19248 :  1;
19249 :  1;
19250 :  1;
19251 :  1;
19252 :  1;
19253 :  1;
19254 :  1;
19255 :  1;
19256 :  1;
19257 :  1;
19258 :  1;
19259 :  1;
19260 :  1;
19261 :  1;
19262 :  1;
19263 :  1;
19264 :  1;
19265 :  1;
19266 :  1;
19267 :  1;
19268 :  1;
19269 :  1;
19270 :  1;
19271 :  1;
19272 :  0;
19273 :  0;
19274 :  0;
19275 :  0;
19276 :  0;
19277 :  0;
19278 :  0;
19279 :  0;
19280 :  0;
19281 :  0;
19282 :  0;
19283 :  0;
19284 :  0;
19285 :  0;
19286 :  0;
19287 :  0;
19288 :  0;
19289 :  0;
19290 :  0;
19291 :  0;
19292 :  0;
19293 :  0;
19294 :  0;
19295 :  0;
19296 :  1;
19297 :  1;
19298 :  1;
19299 :  1;
19300 :  1;
19301 :  1;
19302 :  1;
19303 :  1;
19304 :  1;
19305 :  1;
19306 :  1;
19307 :  1;
19308 :  1;
19309 :  1;
19310 :  1;
19311 :  1;
19312 :  1;
19313 :  1;
19314 :  1;
19315 :  1;
19316 :  1;
19317 :  1;
19318 :  1;
19319 :  1;
19320 :  1;
19321 :  1;
19322 :  1;
19323 :  1;
19324 :  1;
19325 :  1;
19326 :  1;
19327 :  1;
19328 :  1;
19329 :  1;
19330 :  1;
19331 :  1;
19332 :  1;
19333 :  1;
19334 :  1;
19335 :  1;
19336 :  1;
19337 :  1;
19338 :  1;
19339 :  1;
19340 :  1;
19341 :  1;
19342 :  1;
19343 :  1;
19344 :  1;
19345 :  1;
19346 :  1;
19347 :  1;
19348 :  1;
19349 :  1;
19350 :  1;
19351 :  1;
19352 :  0;
19353 :  0;
19354 :  0;
19355 :  0;
19356 :  0;
19357 :  0;
19358 :  0;
19359 :  0;
19360 :  0;
19361 :  0;
19362 :  0;
19363 :  0;
19364 :  0;
19365 :  0;
19366 :  0;
19367 :  0;
19368 :  0;
19369 :  0;
19370 :  0;
19371 :  0;
19372 :  0;
19373 :  0;
19374 :  0;
19375 :  0;
19376 :  0;
19377 :  0;
19378 :  0;
19379 :  0;
19380 :  0;
19381 :  0;
19382 :  0;
19383 :  0;
19384 :  0;
19385 :  0;
19386 :  0;
19387 :  0;
19388 :  0;
19389 :  0;
19390 :  0;
19391 :  0;
19392 :  0;
19393 :  0;
19394 :  0;
19395 :  0;
19396 :  0;
19397 :  0;
19398 :  0;
19399 :  0;
19400 :  0;
19401 :  0;
19402 :  0;
19403 :  0;
19404 :  0;
19405 :  0;
19406 :  0;
19407 :  0;
19408 :  0;
19409 :  0;
19410 :  0;
19411 :  0;
19412 :  0;
19413 :  0;
19414 :  0;
19415 :  0;
19416 :  0;
19417 :  0;
19418 :  0;
19419 :  0;
19420 :  0;
19421 :  0;
19422 :  0;
19423 :  0;
19424 :  0;
19425 :  0;
19426 :  0;
19427 :  0;
19428 :  0;
19429 :  0;
19430 :  0;
19431 :  0;
19432 :  0;
19433 :  0;
19434 :  0;
19435 :  0;
19436 :  0;
19437 :  0;
19438 :  0;
19439 :  0;
19440 :  0;
19441 :  0;
19442 :  0;
19443 :  0;
19444 :  0;
19445 :  0;
19446 :  0;
19447 :  0;
19448 :  0;
19449 :  0;
19450 :  0;
19451 :  0;
19452 :  0;
19453 :  0;
19454 :  0;
19455 :  0;
19456 :  0;
19457 :  0;
19458 :  0;
19459 :  0;
19460 :  0;
19461 :  0;
19462 :  0;
19463 :  0;
19464 :  0;
19465 :  0;
19466 :  0;
19467 :  0;
19468 :  0;
19469 :  0;
19470 :  0;
19471 :  0;
19472 :  0;
19473 :  0;
19474 :  0;
19475 :  0;
19476 :  0;
19477 :  0;
19478 :  0;
19479 :  0;
19480 :  0;
19481 :  0;
19482 :  0;
19483 :  0;
19484 :  0;
19485 :  0;
19486 :  0;
19487 :  0;
19488 :  0;
19489 :  0;
19490 :  0;
19491 :  0;
19492 :  0;
19493 :  0;
19494 :  0;
19495 :  0;
19496 :  0;
19497 :  0;
19498 :  0;
19499 :  0;
19500 :  0;
19501 :  0;
19502 :  0;
19503 :  0;
19504 :  0;
19505 :  0;
19506 :  0;
19507 :  0;
19508 :  0;
19509 :  0;
19510 :  0;
19511 :  0;
19512 :  0;
19513 :  0;
19514 :  0;
19515 :  0;
19516 :  0;
19517 :  0;
19518 :  0;
19519 :  0;
19520 :  0;
19521 :  0;
19522 :  0;
19523 :  0;
19524 :  0;
19525 :  0;
19526 :  0;
19527 :  0;
19528 :  0;
19529 :  0;
19530 :  0;
19531 :  0;
19532 :  0;
19533 :  0;
19534 :  0;
19535 :  0;
19536 :  0;
19537 :  0;
19538 :  0;
19539 :  0;
19540 :  0;
19541 :  0;
19542 :  0;
19543 :  0;
19544 :  0;
19545 :  0;
19546 :  0;
19547 :  0;
19548 :  0;
19549 :  0;
19550 :  0;
19551 :  0;
19552 :  0;
19553 :  0;
19554 :  0;
19555 :  0;
19556 :  0;
19557 :  0;
19558 :  0;
19559 :  0;
19560 :  0;
19561 :  0;
19562 :  0;
19563 :  0;
19564 :  0;
19565 :  0;
19566 :  0;
19567 :  0;
19568 :  0;
19569 :  0;
19570 :  0;
19571 :  0;
19572 :  0;
19573 :  0;
19574 :  0;
19575 :  0;
19576 :  0;
19577 :  0;
19578 :  0;
19579 :  0;
19580 :  0;
19581 :  0;
19582 :  0;
19583 :  0;
19584 :  0;
19585 :  0;
19586 :  0;
19587 :  0;
19588 :  0;
19589 :  0;
19590 :  0;
19591 :  0;
19592 :  0;
19593 :  0;
19594 :  0;
19595 :  0;
19596 :  0;
19597 :  0;
19598 :  0;
19599 :  0;
19600 :  0;
19601 :  0;
19602 :  0;
19603 :  0;
19604 :  0;
19605 :  0;
19606 :  0;
19607 :  0;
19608 :  0;
19609 :  0;
19610 :  0;
19611 :  0;
19612 :  0;
19613 :  0;
19614 :  0;
19615 :  0;
19616 :  0;
19617 :  0;
19618 :  0;
19619 :  0;
19620 :  0;
19621 :  0;
19622 :  0;
19623 :  0;
19624 :  0;
19625 :  0;
19626 :  0;
19627 :  0;
19628 :  0;
19629 :  0;
19630 :  0;
19631 :  0;
19632 :  0;
19633 :  0;
19634 :  0;
19635 :  0;
19636 :  0;
19637 :  0;
19638 :  0;
19639 :  0;
19640 :  0;
19641 :  0;
19642 :  0;
19643 :  0;
19644 :  0;
19645 :  0;
19646 :  0;
19647 :  0;
19648 :  0;
19649 :  0;
19650 :  0;
19651 :  0;
19652 :  0;
19653 :  0;
19654 :  0;
19655 :  0;
19656 :  0;
19657 :  0;
19658 :  0;
19659 :  0;
19660 :  0;
19661 :  0;
19662 :  0;
19663 :  0;
19664 :  0;
19665 :  0;
19666 :  0;
19667 :  0;
19668 :  0;
19669 :  0;
19670 :  0;
19671 :  0;
19672 :  0;
19673 :  0;
19674 :  0;
19675 :  0;
19676 :  0;
19677 :  0;
19678 :  0;
19679 :  0;
19680 :  0;
19681 :  0;
19682 :  0;
19683 :  0;
19684 :  0;
19685 :  0;
19686 :  0;
19687 :  0;
19688 :  0;
19689 :  0;
19690 :  0;
19691 :  0;
19692 :  0;
19693 :  0;
19694 :  0;
19695 :  0;
19696 :  0;
19697 :  0;
19698 :  0;
19699 :  0;
19700 :  0;
19701 :  0;
19702 :  0;
19703 :  0;
19704 :  0;
19705 :  0;
19706 :  0;
19707 :  0;
19708 :  0;
19709 :  0;
19710 :  0;
19711 :  0;
19712 :  0;
19713 :  0;
19714 :  0;
19715 :  0;
19716 :  0;
19717 :  0;
19718 :  0;
19719 :  0;
19720 :  0;
19721 :  0;
19722 :  0;
19723 :  0;
19724 :  0;
19725 :  0;
19726 :  0;
19727 :  0;
19728 :  0;
19729 :  0;
19730 :  0;
19731 :  0;
19732 :  0;
19733 :  0;
19734 :  0;
19735 :  0;
19736 :  0;
19737 :  0;
19738 :  0;
19739 :  0;
19740 :  0;
19741 :  0;
19742 :  0;
19743 :  0;
19744 :  0;
19745 :  0;
19746 :  0;
19747 :  0;
19748 :  0;
19749 :  0;
19750 :  0;
19751 :  0;
19752 :  0;
19753 :  0;
19754 :  0;
19755 :  0;
19756 :  0;
19757 :  0;
19758 :  0;
19759 :  0;
19760 :  0;
19761 :  0;
19762 :  0;
19763 :  0;
19764 :  0;
19765 :  0;
19766 :  0;
19767 :  0;
19768 :  0;
19769 :  0;
19770 :  0;
19771 :  0;
19772 :  0;
19773 :  0;
19774 :  0;
19775 :  0;
19776 :  0;
19777 :  0;
19778 :  0;
19779 :  0;
19780 :  0;
19781 :  0;
19782 :  0;
19783 :  0;
19784 :  0;
19785 :  0;
19786 :  0;
19787 :  0;
19788 :  0;
19789 :  0;
19790 :  0;
19791 :  0;
19792 :  0;
19793 :  0;
19794 :  0;
19795 :  0;
19796 :  0;
19797 :  0;
19798 :  0;
19799 :  0;
19800 :  0;
19801 :  0;
19802 :  0;
19803 :  0;
19804 :  0;
19805 :  0;
19806 :  0;
19807 :  0;
19808 :  0;
19809 :  0;
19810 :  0;
19811 :  0;
19812 :  0;
19813 :  0;
19814 :  0;
19815 :  0;
19816 :  0;
19817 :  0;
19818 :  0;
19819 :  0;
19820 :  0;
19821 :  0;
19822 :  0;
19823 :  0;
19824 :  0;
19825 :  0;
19826 :  0;
19827 :  0;
19828 :  0;
19829 :  0;
19830 :  0;
19831 :  0;
19832 :  0;
19833 :  0;
19834 :  0;
19835 :  0;
19836 :  0;
19837 :  0;
19838 :  0;
19839 :  0;
19840 :  0;
19841 :  0;
19842 :  0;
19843 :  0;
19844 :  0;
19845 :  0;
19846 :  0;
19847 :  0;
19848 :  0;
19849 :  0;
19850 :  0;
19851 :  0;
19852 :  0;
19853 :  0;
19854 :  0;
19855 :  0;
19856 :  0;
19857 :  0;
19858 :  0;
19859 :  0;
19860 :  0;
19861 :  0;
19862 :  0;
19863 :  0;
19864 :  0;
19865 :  0;
19866 :  0;
19867 :  0;
19868 :  0;
19869 :  0;
19870 :  0;
19871 :  0;
19872 :  0;
19873 :  0;
19874 :  0;
19875 :  0;
19876 :  0;
19877 :  0;
19878 :  0;
19879 :  0;
19880 :  0;
19881 :  0;
19882 :  0;
19883 :  0;
19884 :  0;
19885 :  0;
19886 :  0;
19887 :  0;
19888 :  0;
19889 :  0;
19890 :  0;
19891 :  0;
19892 :  0;
19893 :  0;
19894 :  0;
19895 :  0;
19896 :  0;
19897 :  0;
19898 :  0;
19899 :  0;
19900 :  0;
19901 :  0;
19902 :  0;
19903 :  0;
19904 :  0;
19905 :  0;
19906 :  0;
19907 :  0;
19908 :  0;
19909 :  0;
19910 :  0;
19911 :  0;
19912 :  0;
19913 :  0;
19914 :  0;
19915 :  0;
19916 :  0;
19917 :  0;
19918 :  0;
19919 :  0;
19920 :  0;
19921 :  0;
19922 :  0;
19923 :  0;
19924 :  0;
19925 :  0;
19926 :  0;
19927 :  0;
19928 :  0;
19929 :  0;
19930 :  0;
19931 :  0;
19932 :  0;
19933 :  0;
19934 :  0;
19935 :  0;
19936 :  0;
19937 :  0;
19938 :  0;
19939 :  0;
19940 :  0;
19941 :  0;
19942 :  0;
19943 :  0;
19944 :  0;
19945 :  0;
19946 :  0;
19947 :  0;
19948 :  0;
19949 :  0;
19950 :  0;
19951 :  0;
19952 :  0;
19953 :  0;
19954 :  0;
19955 :  0;
19956 :  0;
19957 :  0;
19958 :  0;
19959 :  0;
19960 :  0;
19961 :  0;
19962 :  0;
19963 :  0;
19964 :  0;
19965 :  0;
19966 :  0;
19967 :  0;
19968 :  0;
19969 :  0;
19970 :  0;
19971 :  0;
19972 :  0;
19973 :  0;
19974 :  0;
19975 :  0;
19976 :  0;
19977 :  0;
19978 :  0;
19979 :  0;
19980 :  0;
19981 :  0;
19982 :  0;
19983 :  0;
19984 :  0;
19985 :  0;
19986 :  0;
19987 :  0;
19988 :  0;
19989 :  0;
19990 :  0;
19991 :  0;
19992 :  0;
19993 :  0;
19994 :  0;
19995 :  0;
19996 :  0;
19997 :  0;
19998 :  0;
19999 :  0;
20000 :  0;
20001 :  0;
20002 :  0;
20003 :  0;
20004 :  0;
20005 :  0;
20006 :  0;
20007 :  0;
20008 :  0;
20009 :  0;
20010 :  0;
20011 :  0;
20012 :  0;
20013 :  0;
20014 :  0;
20015 :  0;
20016 :  0;
20017 :  0;
20018 :  0;
20019 :  0;
20020 :  0;
20021 :  0;
20022 :  0;
20023 :  0;
20024 :  0;
20025 :  0;
20026 :  0;
20027 :  0;
20028 :  0;
20029 :  0;
20030 :  0;
20031 :  0;
20032 :  0;
20033 :  0;
20034 :  0;
20035 :  0;
20036 :  0;
20037 :  0;
20038 :  0;
20039 :  0;
20040 :  0;
20041 :  0;
20042 :  0;
20043 :  0;
20044 :  0;
20045 :  0;
20046 :  0;
20047 :  0;
20048 :  0;
20049 :  0;
20050 :  0;
20051 :  0;
20052 :  0;
20053 :  0;
20054 :  0;
20055 :  0;
20056 :  0;
20057 :  0;
20058 :  0;
20059 :  0;
20060 :  0;
20061 :  0;
20062 :  0;
20063 :  0;
20064 :  0;
20065 :  0;
20066 :  0;
20067 :  0;
20068 :  0;
20069 :  0;
20070 :  0;
20071 :  0;
20072 :  0;
20073 :  0;
20074 :  0;
20075 :  0;
20076 :  0;
20077 :  0;
20078 :  0;
20079 :  0;
20080 :  0;
20081 :  0;
20082 :  0;
20083 :  0;
20084 :  0;
20085 :  0;
20086 :  0;
20087 :  0;
20088 :  0;
20089 :  0;
20090 :  0;
20091 :  0;
20092 :  0;
20093 :  0;
20094 :  0;
20095 :  0;
20096 :  0;
20097 :  0;
20098 :  0;
20099 :  0;
20100 :  0;
20101 :  0;
20102 :  0;
20103 :  0;
20104 :  0;
20105 :  0;
20106 :  0;
20107 :  0;
20108 :  0;
20109 :  0;
20110 :  0;
20111 :  0;
20112 :  0;
20113 :  0;
20114 :  0;
20115 :  0;
20116 :  0;
20117 :  0;
20118 :  0;
20119 :  0;
20120 :  0;
20121 :  0;
20122 :  0;
20123 :  0;
20124 :  0;
20125 :  0;
20126 :  0;
20127 :  0;
20128 :  0;
20129 :  0;
20130 :  0;
20131 :  0;
20132 :  0;
20133 :  0;
20134 :  0;
20135 :  0;
20136 :  0;
20137 :  0;
20138 :  0;
20139 :  0;
20140 :  0;
20141 :  0;
20142 :  0;
20143 :  0;
20144 :  0;
20145 :  0;
20146 :  0;
20147 :  0;
20148 :  0;
20149 :  0;
20150 :  0;
20151 :  0;
20152 :  0;
20153 :  0;
20154 :  0;
20155 :  0;
20156 :  0;
20157 :  0;
20158 :  0;
20159 :  0;
20160 :  0;
20161 :  0;
20162 :  0;
20163 :  0;
20164 :  0;
20165 :  0;
20166 :  0;
20167 :  0;
20168 :  0;
20169 :  0;
20170 :  0;
20171 :  0;
20172 :  0;
20173 :  0;
20174 :  0;
20175 :  0;
20176 :  0;
20177 :  0;
20178 :  0;
20179 :  0;
20180 :  0;
20181 :  0;
20182 :  0;
20183 :  0;
20184 :  0;
20185 :  0;
20186 :  0;
20187 :  0;
20188 :  0;
20189 :  0;
20190 :  0;
20191 :  0;
20192 :  0;
20193 :  0;
20194 :  0;
20195 :  0;
20196 :  0;
20197 :  0;
20198 :  0;
20199 :  0;
20200 :  0;
20201 :  0;
20202 :  0;
20203 :  0;
20204 :  0;
20205 :  0;
20206 :  0;
20207 :  0;
20208 :  0;
20209 :  0;
20210 :  0;
20211 :  0;
20212 :  0;
20213 :  0;
20214 :  0;
20215 :  0;
20216 :  0;
20217 :  0;
20218 :  0;
20219 :  0;
20220 :  0;
20221 :  0;
20222 :  0;
20223 :  0;
20224 :  0;
20225 :  0;
20226 :  0;
20227 :  0;
20228 :  0;
20229 :  0;
20230 :  0;
20231 :  0;
20232 :  0;
20233 :  0;
20234 :  0;
20235 :  0;
20236 :  0;
20237 :  0;
20238 :  0;
20239 :  0;
20240 :  0;
20241 :  0;
20242 :  0;
20243 :  0;
20244 :  0;
20245 :  0;
20246 :  0;
20247 :  0;
20248 :  0;
20249 :  0;
20250 :  0;
20251 :  0;
20252 :  0;
20253 :  0;
20254 :  0;
20255 :  0;
20256 :  0;
20257 :  0;
20258 :  0;
20259 :  0;
20260 :  0;
20261 :  0;
20262 :  0;
20263 :  0;
20264 :  0;
20265 :  0;
20266 :  0;
20267 :  0;
20268 :  0;
20269 :  0;
20270 :  0;
20271 :  0;
20272 :  0;
20273 :  0;
20274 :  0;
20275 :  0;
20276 :  0;
20277 :  0;
20278 :  0;
20279 :  0;
20280 :  0;
20281 :  0;
20282 :  0;
20283 :  0;
20284 :  0;
20285 :  0;
20286 :  0;
20287 :  0;
20288 :  0;
20289 :  0;
20290 :  0;
20291 :  0;
20292 :  0;
20293 :  0;
20294 :  0;
20295 :  0;
20296 :  0;
20297 :  0;
20298 :  0;
20299 :  0;
20300 :  0;
20301 :  0;
20302 :  0;
20303 :  0;
20304 :  0;
20305 :  0;
20306 :  0;
20307 :  0;
20308 :  0;
20309 :  0;
20310 :  0;
20311 :  0;
20312 :  0;
20313 :  0;
20314 :  0;
20315 :  0;
20316 :  0;
20317 :  0;
20318 :  0;
20319 :  0;
20320 :  0;
20321 :  0;
20322 :  0;
20323 :  0;
20324 :  0;
20325 :  0;
20326 :  0;
20327 :  0;
20328 :  0;
20329 :  0;
20330 :  0;
20331 :  0;
20332 :  0;
20333 :  0;
20334 :  0;
20335 :  0;
20336 :  0;
20337 :  0;
20338 :  0;
20339 :  0;
20340 :  0;
20341 :  0;
20342 :  0;
20343 :  0;
20344 :  0;
20345 :  0;
20346 :  0;
20347 :  0;
20348 :  0;
20349 :  0;
20350 :  0;
20351 :  0;
20352 :  0;
20353 :  0;
20354 :  0;
20355 :  0;
20356 :  0;
20357 :  0;
20358 :  0;
20359 :  0;
20360 :  0;
20361 :  0;
20362 :  0;
20363 :  0;
20364 :  0;
20365 :  0;
20366 :  0;
20367 :  0;
20368 :  0;
20369 :  0;
20370 :  0;
20371 :  0;
20372 :  0;
20373 :  0;
20374 :  0;
20375 :  0;
20376 :  0;
20377 :  0;
20378 :  0;
20379 :  0;
20380 :  0;
20381 :  0;
20382 :  0;
20383 :  0;
20384 :  0;
20385 :  0;
20386 :  0;
20387 :  0;
20388 :  0;
20389 :  0;
20390 :  0;
20391 :  0;
20392 :  0;
20393 :  0;
20394 :  0;
20395 :  0;
20396 :  0;
20397 :  0;
20398 :  0;
20399 :  0;
20400 :  0;
20401 :  0;
20402 :  0;
20403 :  0;
20404 :  0;
20405 :  0;
20406 :  0;
20407 :  0;
20408 :  0;
20409 :  0;
20410 :  0;
20411 :  0;
20412 :  0;
20413 :  0;
20414 :  0;
20415 :  0;
20416 :  0;
20417 :  0;
20418 :  0;
20419 :  0;
20420 :  0;
20421 :  0;
20422 :  0;
20423 :  0;
20424 :  0;
20425 :  0;
20426 :  0;
20427 :  0;
20428 :  0;
20429 :  0;
20430 :  0;
20431 :  0;
20432 :  0;
20433 :  0;
20434 :  0;
20435 :  0;
20436 :  0;
20437 :  0;
20438 :  0;
20439 :  0;
20440 :  0;
20441 :  0;
20442 :  0;
20443 :  0;
20444 :  0;
20445 :  0;
20446 :  0;
20447 :  0;
20448 :  0;
20449 :  0;
20450 :  0;
20451 :  0;
20452 :  0;
20453 :  0;
20454 :  0;
20455 :  0;
20456 :  0;
20457 :  0;
20458 :  0;
20459 :  0;
20460 :  0;
20461 :  0;
20462 :  0;
20463 :  0;
20464 :  0;
20465 :  0;
20466 :  0;
20467 :  0;
20468 :  0;
20469 :  0;
20470 :  0;
20471 :  0;
20472 :  0;
20473 :  0;
20474 :  0;
20475 :  0;
20476 :  0;
20477 :  0;
20478 :  0;
20479 :  0;
20480 :  0;
20481 :  0;
20482 :  0;
20483 :  0;
20484 :  0;
20485 :  0;
20486 :  0;
20487 :  0;
20488 :  0;
20489 :  0;
20490 :  0;
20491 :  0;
20492 :  0;
20493 :  0;
20494 :  0;
20495 :  0;
20496 :  0;
20497 :  0;
20498 :  0;
20499 :  0;
20500 :  0;
20501 :  0;
20502 :  0;
20503 :  0;
20504 :  0;
20505 :  0;
20506 :  0;
20507 :  0;
20508 :  0;
20509 :  0;
20510 :  0;
20511 :  0;
20512 :  0;
20513 :  0;
20514 :  0;
20515 :  0;
20516 :  0;
20517 :  0;
20518 :  0;
20519 :  0;
20520 :  0;
20521 :  0;
20522 :  0;
20523 :  0;
20524 :  0;
20525 :  0;
20526 :  0;
20527 :  0;
20528 :  0;
20529 :  0;
20530 :  0;
20531 :  0;
20532 :  0;
20533 :  0;
20534 :  0;
20535 :  0;
20536 :  0;
20537 :  0;
20538 :  0;
20539 :  0;
20540 :  0;
20541 :  0;
20542 :  0;
20543 :  0;
20544 :  0;
20545 :  0;
20546 :  0;
20547 :  0;
20548 :  0;
20549 :  0;
20550 :  0;
20551 :  0;
20552 :  0;
20553 :  0;
20554 :  0;
20555 :  0;
20556 :  0;
20557 :  0;
20558 :  0;
20559 :  0;
20560 : 11;
20561 : 11;
20562 :  0;
20563 :  0;
20564 :  0;
20565 : 11;
20566 : 11;
20567 :  0;
20568 : 11;
20569 : 11;
20570 :  0;
20571 :  0;
20572 :  0;
20573 :  0;
20574 :  0;
20575 :  0;
20576 :  0;
20577 :  0;
20578 :  0;
20579 :  0;
20580 :  0;
20581 :  0;
20582 :  0;
20583 :  0;
20584 :  0;
20585 :  0;
20586 :  0;
20587 :  0;
20588 :  0;
20589 :  0;
20590 :  0;
20591 :  0;
20592 :  0;
20593 :  0;
20594 :  0;
20595 :  0;
20596 :  0;
20597 :  0;
20598 :  0;
20599 : 11;
20600 : 11;
20601 :  0;
20602 :  0;
20603 :  0;
20604 :  0;
20605 :  0;
20606 :  0;
20607 :  0;
20608 :  0;
20609 :  0;
20610 :  0;
20611 :  0;
20612 :  0;
20613 :  0;
20614 :  0;
20615 :  0;
20616 :  0;
20617 :  0;
20618 :  0;
20619 :  0;
20620 :  0;
20621 :  0;
20622 :  0;
20623 :  0;
20624 :  0;
20625 :  0;
20626 :  0;
20627 :  0;
20628 :  0;
20629 :  0;
20630 :  0;
20631 :  0;
20632 :  0;
20633 :  0;
20634 :  0;
20635 :  0;
20636 :  0;
20637 :  0;
20638 :  0;
20639 :  0;
20640 :  0;
20641 :  0;
20642 :  0;
20643 :  0;
20644 :  0;
20645 :  0;
20646 :  0;
20647 :  0;
20648 :  0;
20649 :  0;
20650 :  0;
20651 :  0;
20652 :  0;
20653 :  0;
20654 :  0;
20655 :  0;
20656 :  0;
20657 :  0;
20658 :  0;
20659 :  0;
20660 :  0;
20661 :  0;
20662 :  0;
20663 :  0;
20664 :  0;
20665 :  0;
20666 :  0;
20667 :  0;
20668 :  0;
20669 :  0;
20670 :  0;
20671 :  0;
20672 :  0;
20673 :  0;
20674 : 11;
20675 : 11;
20676 : 11;
20677 :  0;
20678 :  0;
20679 :  0;
20680 :  0;
20681 :  0;
20682 :  0;
20683 :  0;
20684 :  0;
20685 :  0;
20686 :  0;
20687 :  0;
20688 :  0;
20689 :  0;
20690 :  0;
20691 :  0;
20692 :  0;
20693 :  0;
20694 :  0;
20695 :  0;
20696 :  0;
20697 :  0;
20698 :  0;
20699 :  0;
20700 :  0;
20701 :  0;
20702 :  0;
20703 :  0;
20704 :  0;
20705 :  0;
20706 :  0;
20707 :  0;
20708 :  0;
20709 :  0;
20710 :  0;
20711 :  0;
20712 :  0;
20713 :  0;
20714 :  0;
20715 :  0;
20716 :  0;
20717 :  0;
20718 :  0;
20719 :  0;
20720 : 11;
20721 : 11;
20722 : 11;
20723 :  0;
20724 :  0;
20725 : 11;
20726 : 11;
20727 :  0;
20728 : 11;
20729 : 11;
20730 :  0;
20731 :  0;
20732 :  0;
20733 :  0;
20734 :  0;
20735 :  0;
20736 :  0;
20737 :  0;
20738 : 11;
20739 : 11;
20740 :  0;
20741 :  0;
20742 :  0;
20743 :  0;
20744 :  0;
20745 :  0;
20746 :  0;
20747 :  0;
20748 :  0;
20749 :  0;
20750 :  0;
20751 :  0;
20752 :  0;
20753 :  0;
20754 :  0;
20755 :  0;
20756 :  0;
20757 :  0;
20758 :  0;
20759 : 11;
20760 : 11;
20761 :  0;
20762 :  0;
20763 :  0;
20764 :  0;
20765 :  0;
20766 :  0;
20767 :  0;
20768 :  0;
20769 :  0;
20770 :  0;
20771 :  0;
20772 :  0;
20773 :  0;
20774 :  0;
20775 :  0;
20776 :  0;
20777 :  0;
20778 :  0;
20779 :  0;
20780 :  0;
20781 :  0;
20782 :  0;
20783 :  0;
20784 :  0;
20785 :  0;
20786 :  0;
20787 :  0;
20788 :  0;
20789 :  0;
20790 :  0;
20791 :  0;
20792 :  0;
20793 :  0;
20794 :  0;
20795 :  0;
20796 :  0;
20797 :  0;
20798 :  0;
20799 :  0;
20800 :  0;
20801 :  0;
20802 :  0;
20803 :  0;
20804 :  0;
20805 :  0;
20806 :  0;
20807 :  0;
20808 :  0;
20809 :  0;
20810 :  0;
20811 :  0;
20812 :  0;
20813 :  0;
20814 :  0;
20815 :  0;
20816 :  0;
20817 :  0;
20818 :  0;
20819 :  0;
20820 :  0;
20821 :  0;
20822 :  0;
20823 :  0;
20824 :  0;
20825 :  0;
20826 :  0;
20827 :  0;
20828 :  0;
20829 :  0;
20830 :  0;
20831 :  0;
20832 :  0;
20833 : 11;
20834 :  0;
20835 :  0;
20836 :  0;
20837 : 11;
20838 :  0;
20839 :  0;
20840 :  0;
20841 :  0;
20842 :  0;
20843 : 11;
20844 : 11;
20845 :  0;
20846 :  0;
20847 :  0;
20848 :  0;
20849 :  0;
20850 : 11;
20851 : 11;
20852 : 11;
20853 : 11;
20854 :  0;
20855 :  0;
20856 :  0;
20857 :  0;
20858 : 11;
20859 : 11;
20860 : 11;
20861 : 11;
20862 :  0;
20863 :  0;
20864 :  0;
20865 :  0;
20866 : 11;
20867 : 11;
20868 : 11;
20869 : 11;
20870 :  0;
20871 :  0;
20872 :  0;
20873 :  0;
20874 :  0;
20875 :  0;
20876 :  0;
20877 :  0;
20878 :  0;
20879 :  0;
20880 : 11;
20881 : 11;
20882 : 11;
20883 :  0;
20884 :  0;
20885 : 11;
20886 : 11;
20887 :  0;
20888 :  0;
20889 :  0;
20890 :  0;
20891 :  0;
20892 :  0;
20893 :  0;
20894 :  0;
20895 :  0;
20896 :  0;
20897 : 11;
20898 : 11;
20899 : 11;
20900 : 11;
20901 :  0;
20902 :  0;
20903 :  0;
20904 :  0;
20905 :  0;
20906 :  0;
20907 :  0;
20908 :  0;
20909 :  0;
20910 :  0;
20911 :  0;
20912 :  0;
20913 :  0;
20914 :  0;
20915 :  0;
20916 :  0;
20917 :  0;
20918 :  0;
20919 : 11;
20920 : 11;
20921 :  0;
20922 :  0;
20923 :  0;
20924 :  0;
20925 :  0;
20926 :  0;
20927 :  0;
20928 :  0;
20929 :  0;
20930 :  0;
20931 :  0;
20932 :  0;
20933 :  0;
20934 :  0;
20935 :  0;
20936 :  0;
20937 :  0;
20938 :  0;
20939 :  0;
20940 :  0;
20941 :  0;
20942 :  0;
20943 :  0;
20944 :  0;
20945 :  0;
20946 :  0;
20947 :  0;
20948 :  0;
20949 :  0;
20950 :  0;
20951 :  0;
20952 :  0;
20953 :  0;
20954 :  0;
20955 :  0;
20956 :  0;
20957 :  0;
20958 :  0;
20959 :  0;
20960 :  0;
20961 :  0;
20962 :  0;
20963 :  0;
20964 :  0;
20965 :  0;
20966 :  0;
20967 :  0;
20968 :  0;
20969 :  0;
20970 :  0;
20971 :  0;
20972 :  0;
20973 :  0;
20974 :  0;
20975 :  0;
20976 :  0;
20977 :  0;
20978 :  0;
20979 :  0;
20980 :  0;
20981 :  0;
20982 :  0;
20983 :  0;
20984 :  0;
20985 :  0;
20986 :  0;
20987 :  0;
20988 :  0;
20989 :  0;
20990 :  0;
20991 :  0;
20992 : 11;
20993 :  0;
20994 : 11;
20995 : 11;
20996 : 11;
20997 :  0;
20998 : 11;
20999 :  0;
21000 :  0;
21001 :  0;
21002 : 11;
21003 : 11;
21004 : 11;
21005 :  0;
21006 :  0;
21007 :  0;
21008 :  0;
21009 : 11;
21010 :  0;
21011 :  0;
21012 : 11;
21013 : 11;
21014 : 11;
21015 :  0;
21016 :  0;
21017 : 11;
21018 :  0;
21019 :  0;
21020 : 11;
21021 : 11;
21022 : 11;
21023 :  0;
21024 :  0;
21025 : 11;
21026 :  0;
21027 :  0;
21028 : 11;
21029 : 11;
21030 : 11;
21031 :  0;
21032 :  0;
21033 :  0;
21034 :  0;
21035 :  0;
21036 :  0;
21037 :  0;
21038 :  0;
21039 :  0;
21040 : 11;
21041 : 11;
21042 :  0;
21043 : 11;
21044 :  0;
21045 : 11;
21046 : 11;
21047 :  0;
21048 : 11;
21049 : 11;
21050 :  0;
21051 : 11;
21052 : 11;
21053 :  0;
21054 : 11;
21055 : 11;
21056 :  0;
21057 :  0;
21058 : 11;
21059 : 11;
21060 :  0;
21061 :  0;
21062 : 11;
21063 : 11;
21064 : 11;
21065 : 11;
21066 :  0;
21067 :  0;
21068 : 11;
21069 : 11;
21070 :  0;
21071 : 11;
21072 : 11;
21073 :  0;
21074 :  0;
21075 :  0;
21076 : 11;
21077 : 11;
21078 : 11;
21079 : 11;
21080 : 11;
21081 :  0;
21082 :  0;
21083 : 11;
21084 : 11;
21085 : 11;
21086 : 11;
21087 :  0;
21088 :  0;
21089 :  0;
21090 :  0;
21091 :  0;
21092 :  0;
21093 :  0;
21094 :  0;
21095 :  0;
21096 :  0;
21097 :  0;
21098 :  0;
21099 :  0;
21100 :  0;
21101 :  0;
21102 :  0;
21103 :  0;
21104 :  0;
21105 :  0;
21106 :  0;
21107 :  0;
21108 :  0;
21109 :  0;
21110 :  0;
21111 :  0;
21112 :  0;
21113 :  0;
21114 :  0;
21115 :  0;
21116 :  0;
21117 :  0;
21118 :  0;
21119 :  0;
21120 :  0;
21121 :  0;
21122 :  0;
21123 :  0;
21124 :  0;
21125 :  0;
21126 :  0;
21127 :  0;
21128 :  0;
21129 :  0;
21130 :  0;
21131 :  0;
21132 :  0;
21133 :  0;
21134 :  0;
21135 :  0;
21136 :  0;
21137 :  0;
21138 :  0;
21139 :  0;
21140 :  0;
21141 :  0;
21142 :  0;
21143 :  0;
21144 :  0;
21145 :  0;
21146 :  0;
21147 :  0;
21148 :  0;
21149 :  0;
21150 :  0;
21151 :  0;
21152 : 11;
21153 :  0;
21154 : 11;
21155 :  0;
21156 :  0;
21157 :  0;
21158 : 11;
21159 :  0;
21160 :  0;
21161 :  0;
21162 :  0;
21163 : 11;
21164 : 11;
21165 :  0;
21166 :  0;
21167 :  0;
21168 :  0;
21169 : 11;
21170 :  0;
21171 :  0;
21172 : 11;
21173 : 11;
21174 : 11;
21175 :  0;
21176 :  0;
21177 :  0;
21178 : 11;
21179 : 11;
21180 : 11;
21181 : 11;
21182 :  0;
21183 :  0;
21184 :  0;
21185 : 11;
21186 :  0;
21187 :  0;
21188 : 11;
21189 : 11;
21190 : 11;
21191 :  0;
21192 :  0;
21193 :  0;
21194 :  0;
21195 :  0;
21196 :  0;
21197 :  0;
21198 :  0;
21199 :  0;
21200 : 11;
21201 : 11;
21202 :  0;
21203 : 11;
21204 :  0;
21205 : 11;
21206 : 11;
21207 :  0;
21208 : 11;
21209 : 11;
21210 :  0;
21211 : 11;
21212 : 11;
21213 : 11;
21214 :  0;
21215 : 11;
21216 : 11;
21217 :  0;
21218 : 11;
21219 : 11;
21220 :  0;
21221 : 11;
21222 : 11;
21223 :  0;
21224 :  0;
21225 : 11;
21226 : 11;
21227 :  0;
21228 : 11;
21229 : 11;
21230 : 11;
21231 :  0;
21232 : 11;
21233 : 11;
21234 :  0;
21235 : 11;
21236 : 11;
21237 :  0;
21238 :  0;
21239 : 11;
21240 : 11;
21241 :  0;
21242 : 11;
21243 : 11;
21244 :  0;
21245 :  0;
21246 : 11;
21247 : 11;
21248 :  0;
21249 :  0;
21250 :  0;
21251 :  0;
21252 :  0;
21253 :  0;
21254 :  0;
21255 :  0;
21256 :  0;
21257 :  0;
21258 :  0;
21259 :  0;
21260 :  0;
21261 :  0;
21262 :  0;
21263 :  0;
21264 :  0;
21265 :  0;
21266 :  0;
21267 :  0;
21268 :  0;
21269 :  0;
21270 :  0;
21271 :  0;
21272 :  0;
21273 :  0;
21274 :  0;
21275 :  0;
21276 :  0;
21277 :  0;
21278 :  0;
21279 :  0;
21280 :  0;
21281 :  0;
21282 :  0;
21283 :  0;
21284 :  0;
21285 :  0;
21286 :  0;
21287 :  0;
21288 :  0;
21289 :  0;
21290 :  0;
21291 :  0;
21292 :  0;
21293 :  0;
21294 :  0;
21295 :  0;
21296 :  0;
21297 :  0;
21298 :  0;
21299 :  0;
21300 :  0;
21301 :  0;
21302 :  0;
21303 :  0;
21304 :  0;
21305 :  0;
21306 :  0;
21307 :  0;
21308 :  0;
21309 :  0;
21310 :  0;
21311 :  0;
21312 : 11;
21313 :  0;
21314 : 11;
21315 : 11;
21316 : 11;
21317 :  0;
21318 : 11;
21319 :  0;
21320 :  0;
21321 :  0;
21322 :  0;
21323 : 11;
21324 : 11;
21325 :  0;
21326 :  0;
21327 :  0;
21328 :  0;
21329 :  0;
21330 : 11;
21331 : 11;
21332 : 11;
21333 : 11;
21334 : 11;
21335 :  0;
21336 :  0;
21337 : 11;
21338 :  0;
21339 :  0;
21340 : 11;
21341 : 11;
21342 : 11;
21343 :  0;
21344 :  0;
21345 :  0;
21346 : 11;
21347 : 11;
21348 : 11;
21349 : 11;
21350 : 11;
21351 :  0;
21352 :  0;
21353 :  0;
21354 :  0;
21355 :  0;
21356 :  0;
21357 :  0;
21358 :  0;
21359 :  0;
21360 : 11;
21361 : 11;
21362 :  0;
21363 :  0;
21364 : 11;
21365 : 11;
21366 : 11;
21367 :  0;
21368 : 11;
21369 : 11;
21370 :  0;
21371 : 11;
21372 : 11;
21373 :  0;
21374 :  0;
21375 : 11;
21376 : 11;
21377 :  0;
21378 : 11;
21379 : 11;
21380 :  0;
21381 : 11;
21382 : 11;
21383 : 11;
21384 : 11;
21385 : 11;
21386 : 11;
21387 :  0;
21388 : 11;
21389 : 11;
21390 :  0;
21391 :  0;
21392 : 11;
21393 : 11;
21394 :  0;
21395 : 11;
21396 : 11;
21397 :  0;
21398 :  0;
21399 : 11;
21400 : 11;
21401 :  0;
21402 : 11;
21403 : 11;
21404 :  0;
21405 :  0;
21406 : 11;
21407 : 11;
21408 :  0;
21409 :  0;
21410 :  0;
21411 :  0;
21412 :  0;
21413 :  0;
21414 :  0;
21415 :  0;
21416 :  0;
21417 :  0;
21418 :  0;
21419 :  0;
21420 :  0;
21421 :  0;
21422 :  0;
21423 :  0;
21424 :  0;
21425 :  0;
21426 :  0;
21427 :  0;
21428 :  0;
21429 :  0;
21430 :  0;
21431 :  0;
21432 :  0;
21433 :  0;
21434 :  0;
21435 :  0;
21436 :  0;
21437 :  0;
21438 :  0;
21439 :  0;
21440 :  0;
21441 :  0;
21442 :  0;
21443 :  0;
21444 :  0;
21445 :  0;
21446 :  0;
21447 :  0;
21448 :  0;
21449 :  0;
21450 :  0;
21451 :  0;
21452 :  0;
21453 :  0;
21454 :  0;
21455 :  0;
21456 :  0;
21457 :  0;
21458 :  0;
21459 :  0;
21460 :  0;
21461 :  0;
21462 :  0;
21463 :  0;
21464 :  0;
21465 :  0;
21466 :  0;
21467 :  0;
21468 :  0;
21469 :  0;
21470 :  0;
21471 :  0;
21472 :  0;
21473 : 11;
21474 :  0;
21475 :  0;
21476 :  0;
21477 : 11;
21478 :  0;
21479 :  0;
21480 :  0;
21481 :  0;
21482 :  0;
21483 : 11;
21484 : 11;
21485 :  0;
21486 :  0;
21487 :  0;
21488 :  0;
21489 :  0;
21490 :  0;
21491 :  0;
21492 : 11;
21493 : 11;
21494 : 11;
21495 :  0;
21496 :  0;
21497 : 11;
21498 :  0;
21499 :  0;
21500 : 11;
21501 : 11;
21502 : 11;
21503 :  0;
21504 :  0;
21505 :  0;
21506 :  0;
21507 :  0;
21508 : 11;
21509 : 11;
21510 : 11;
21511 :  0;
21512 :  0;
21513 :  0;
21514 :  0;
21515 :  0;
21516 :  0;
21517 :  0;
21518 :  0;
21519 :  0;
21520 : 11;
21521 : 11;
21522 :  0;
21523 :  0;
21524 : 11;
21525 : 11;
21526 : 11;
21527 :  0;
21528 : 11;
21529 : 11;
21530 :  0;
21531 : 11;
21532 : 11;
21533 :  0;
21534 :  0;
21535 : 11;
21536 : 11;
21537 :  0;
21538 : 11;
21539 : 11;
21540 :  0;
21541 : 11;
21542 : 11;
21543 :  0;
21544 :  0;
21545 :  0;
21546 :  0;
21547 :  0;
21548 : 11;
21549 : 11;
21550 :  0;
21551 :  0;
21552 : 11;
21553 : 11;
21554 :  0;
21555 : 11;
21556 : 11;
21557 :  0;
21558 :  0;
21559 : 11;
21560 : 11;
21561 :  0;
21562 : 11;
21563 : 11;
21564 :  0;
21565 :  0;
21566 : 11;
21567 : 11;
21568 :  0;
21569 :  0;
21570 :  0;
21571 :  0;
21572 :  0;
21573 :  0;
21574 :  0;
21575 :  0;
21576 :  0;
21577 :  0;
21578 :  0;
21579 :  0;
21580 :  0;
21581 :  0;
21582 :  0;
21583 :  0;
21584 :  0;
21585 :  0;
21586 :  0;
21587 :  0;
21588 :  0;
21589 :  0;
21590 :  0;
21591 :  0;
21592 :  0;
21593 :  0;
21594 :  0;
21595 :  0;
21596 :  0;
21597 :  0;
21598 :  0;
21599 :  0;
21600 :  0;
21601 :  0;
21602 :  0;
21603 :  0;
21604 :  0;
21605 :  0;
21606 :  0;
21607 :  0;
21608 :  0;
21609 :  0;
21610 :  0;
21611 :  0;
21612 :  0;
21613 :  0;
21614 :  0;
21615 :  0;
21616 :  0;
21617 :  0;
21618 :  0;
21619 :  0;
21620 :  0;
21621 :  0;
21622 :  0;
21623 :  0;
21624 :  0;
21625 :  0;
21626 :  0;
21627 :  0;
21628 :  0;
21629 :  0;
21630 :  0;
21631 :  0;
21632 :  0;
21633 :  0;
21634 : 11;
21635 : 11;
21636 : 11;
21637 :  0;
21638 :  0;
21639 :  0;
21640 :  0;
21641 :  0;
21642 : 11;
21643 : 11;
21644 : 11;
21645 : 11;
21646 :  0;
21647 :  0;
21648 :  0;
21649 :  0;
21650 : 11;
21651 : 11;
21652 : 11;
21653 : 11;
21654 :  0;
21655 :  0;
21656 :  0;
21657 :  0;
21658 : 11;
21659 : 11;
21660 : 11;
21661 : 11;
21662 :  0;
21663 :  0;
21664 :  0;
21665 :  0;
21666 : 11;
21667 : 11;
21668 : 11;
21669 : 11;
21670 :  0;
21671 :  0;
21672 :  0;
21673 :  0;
21674 :  0;
21675 :  0;
21676 :  0;
21677 :  0;
21678 :  0;
21679 :  0;
21680 : 11;
21681 : 11;
21682 :  0;
21683 :  0;
21684 :  0;
21685 : 11;
21686 : 11;
21687 :  0;
21688 : 11;
21689 : 11;
21690 :  0;
21691 : 11;
21692 : 11;
21693 :  0;
21694 :  0;
21695 : 11;
21696 : 11;
21697 :  0;
21698 : 11;
21699 : 11;
21700 :  0;
21701 :  0;
21702 : 11;
21703 : 11;
21704 : 11;
21705 : 11;
21706 : 11;
21707 :  0;
21708 : 11;
21709 : 11;
21710 :  0;
21711 :  0;
21712 : 11;
21713 : 11;
21714 :  0;
21715 :  0;
21716 : 11;
21717 : 11;
21718 : 11;
21719 : 11;
21720 : 11;
21721 :  0;
21722 :  0;
21723 : 11;
21724 : 11;
21725 : 11;
21726 : 11;
21727 :  0;
21728 :  0;
21729 :  0;
21730 :  0;
21731 :  0;
21732 :  0;
21733 :  0;
21734 :  0;
21735 :  0;
21736 :  0;
21737 :  0;
21738 :  0;
21739 :  0;
21740 :  0;
21741 :  0;
21742 :  0;
21743 :  0;
21744 :  0;
21745 :  0;
21746 :  0;
21747 :  0;
21748 :  0;
21749 :  0;
21750 :  0;
21751 :  0;
21752 :  0;
21753 :  0;
21754 :  0;
21755 :  0;
21756 :  0;
21757 :  0;
21758 :  0;
21759 :  0;
21760 :  0;
21761 :  0;
21762 :  0;
21763 :  0;
21764 :  0;
21765 :  0;
21766 :  0;
21767 :  0;
21768 :  0;
21769 :  0;
21770 :  0;
21771 :  0;
21772 :  0;
21773 :  0;
21774 :  0;
21775 :  0;
21776 :  0;
21777 :  0;
21778 :  0;
21779 :  0;
21780 :  0;
21781 :  0;
21782 :  0;
21783 :  0;
21784 :  0;
21785 :  0;
21786 :  0;
21787 :  0;
21788 :  0;
21789 :  0;
21790 :  0;
21791 :  0;
21792 :  0;
21793 :  0;
21794 :  0;
21795 :  0;
21796 :  0;
21797 :  0;
21798 :  0;
21799 :  0;
21800 :  0;
21801 :  0;
21802 :  0;
21803 :  0;
21804 :  0;
21805 :  0;
21806 :  0;
21807 :  0;
21808 :  0;
21809 :  0;
21810 :  0;
21811 :  0;
21812 :  0;
21813 :  0;
21814 :  0;
21815 :  0;
21816 :  0;
21817 :  0;
21818 :  0;
21819 :  0;
21820 :  0;
21821 :  0;
21822 :  0;
21823 :  0;
21824 :  0;
21825 :  0;
21826 :  0;
21827 :  0;
21828 :  0;
21829 :  0;
21830 :  0;
21831 :  0;
21832 :  0;
21833 :  0;
21834 :  0;
21835 :  0;
21836 :  0;
21837 :  0;
21838 :  0;
21839 :  0;
21840 :  0;
21841 :  0;
21842 :  0;
21843 :  0;
21844 :  0;
21845 :  0;
21846 :  0;
21847 :  0;
21848 :  0;
21849 :  0;
21850 :  0;
21851 :  0;
21852 :  0;
21853 :  0;
21854 :  0;
21855 :  0;
21856 :  0;
21857 :  0;
21858 :  0;
21859 :  0;
21860 :  0;
21861 :  0;
21862 :  0;
21863 :  0;
21864 :  0;
21865 :  0;
21866 :  0;
21867 :  0;
21868 :  0;
21869 :  0;
21870 :  0;
21871 :  0;
21872 :  0;
21873 :  0;
21874 :  0;
21875 :  0;
21876 :  0;
21877 :  0;
21878 :  0;
21879 :  0;
21880 :  0;
21881 :  0;
21882 :  0;
21883 :  0;
21884 :  0;
21885 :  0;
21886 :  0;
21887 :  0;
21888 :  0;
21889 :  0;
21890 :  0;
21891 :  0;
21892 :  0;
21893 :  0;
21894 :  0;
21895 :  0;
21896 :  0;
21897 :  0;
21898 :  0;
21899 :  0;
21900 :  0;
21901 :  0;
21902 :  0;
21903 :  0;
21904 :  0;
21905 :  0;
21906 :  0;
21907 :  0;
21908 :  0;
21909 :  0;
21910 :  0;
21911 :  0;
21912 :  0;
21913 :  0;
21914 :  0;
21915 :  0;
21916 :  0;
21917 :  0;
21918 :  0;
21919 :  0;
21920 :  0;
21921 :  0;
21922 :  0;
21923 :  0;
21924 :  0;
21925 :  0;
21926 :  0;
21927 :  0;
21928 :  0;
21929 :  0;
21930 :  0;
21931 :  0;
21932 :  0;
21933 :  0;
21934 :  0;
21935 :  0;
21936 :  0;
21937 :  0;
21938 :  0;
21939 :  0;
21940 :  0;
21941 :  0;
21942 :  0;
21943 :  0;
21944 :  0;
21945 :  0;
21946 :  0;
21947 :  0;
21948 :  0;
21949 :  0;
21950 :  0;
21951 :  0;
21952 :  0;
21953 :  0;
21954 :  0;
21955 :  0;
21956 :  0;
21957 :  0;
21958 :  0;
21959 :  0;
21960 :  0;
21961 :  0;
21962 :  0;
21963 :  0;
21964 :  0;
21965 :  0;
21966 :  0;
21967 :  0;
21968 :  0;
21969 :  0;
21970 :  0;
21971 :  0;
21972 :  0;
21973 :  0;
21974 :  0;
21975 :  0;
21976 :  0;
21977 :  0;
21978 :  0;
21979 :  0;
21980 :  0;
21981 :  0;
21982 :  0;
21983 :  0;
21984 :  0;
21985 :  0;
21986 :  0;
21987 :  0;
21988 :  0;
21989 :  0;
21990 :  0;
21991 :  0;
21992 :  0;
21993 :  0;
21994 :  0;
21995 :  0;
21996 :  0;
21997 :  0;
21998 :  0;
21999 :  0;
22000 :  0;
22001 :  0;
22002 :  0;
22003 :  0;
22004 :  0;
22005 :  0;
22006 :  0;
22007 :  0;
22008 :  0;
22009 :  0;
22010 :  0;
22011 :  0;
22012 :  0;
22013 :  0;
22014 :  0;
22015 :  0;
22016 :  0;
22017 :  0;
22018 :  0;
22019 :  0;
22020 :  0;
22021 :  0;
22022 :  0;
22023 :  0;
22024 :  0;
22025 :  0;
22026 :  0;
22027 :  0;
22028 :  0;
22029 :  0;
22030 :  0;
22031 :  0;
22032 :  0;
22033 :  0;
22034 :  0;
22035 :  0;
22036 :  0;
22037 :  0;
22038 :  0;
22039 :  0;
22040 :  0;
22041 :  0;
22042 :  0;
22043 :  0;
22044 :  0;
22045 :  0;
22046 :  0;
22047 :  0;
22048 :  0;
22049 :  0;
22050 :  0;
22051 :  0;
22052 :  0;
22053 :  0;
22054 :  0;
22055 :  0;
22056 :  0;
22057 :  0;
22058 :  0;
22059 :  0;
22060 :  0;
22061 :  0;
22062 :  0;
22063 :  0;
22064 :  0;
22065 :  0;
22066 :  0;
22067 :  0;
22068 :  0;
22069 :  0;
22070 :  0;
22071 :  0;
22072 :  0;
22073 :  0;
22074 :  0;
22075 :  0;
22076 :  0;
22077 :  0;
22078 :  0;
22079 :  0;
22080 :  0;
22081 :  0;
22082 :  0;
22083 :  0;
22084 :  0;
22085 :  0;
22086 :  0;
22087 :  0;
22088 :  0;
22089 :  0;
22090 :  0;
22091 :  0;
22092 :  0;
22093 :  0;
22094 :  0;
22095 :  0;
22096 :  0;
22097 :  0;
22098 :  0;
22099 :  0;
22100 :  0;
22101 :  0;
22102 :  0;
22103 :  0;
22104 :  0;
22105 :  0;
22106 :  0;
22107 :  0;
22108 :  0;
22109 :  0;
22110 :  0;
22111 :  0;
22112 :  0;
22113 :  0;
22114 :  0;
22115 :  0;
22116 :  0;
22117 :  0;
22118 :  0;
22119 :  0;
22120 :  0;
22121 :  0;
22122 :  0;
22123 :  0;
22124 :  0;
22125 :  0;
22126 :  0;
22127 :  0;
22128 :  0;
22129 :  0;
22130 :  0;
22131 :  0;
22132 :  0;
22133 :  0;
22134 :  0;
22135 :  0;
22136 :  0;
22137 :  0;
22138 :  0;
22139 :  0;
22140 :  0;
22141 :  0;
22142 :  0;
22143 :  0;
22144 :  0;
22145 :  0;
22146 :  0;
22147 :  0;
22148 :  0;
22149 :  0;
22150 :  0;
22151 :  0;
22152 :  0;
22153 :  0;
22154 :  0;
22155 :  0;
22156 :  0;
22157 :  0;
22158 :  0;
22159 :  0;
22160 :  0;
22161 :  0;
22162 :  0;
22163 :  0;
22164 :  0;
22165 :  0;
22166 :  0;
22167 :  0;
22168 :  0;
22169 :  0;
22170 :  0;
22171 :  0;
22172 :  0;
22173 :  0;
22174 :  0;
22175 :  0;
22176 :  0;
22177 :  0;
22178 :  0;
22179 :  0;
22180 :  0;
22181 :  0;
22182 :  0;
22183 :  0;
22184 :  0;
22185 :  0;
22186 :  0;
22187 :  0;
22188 :  0;
22189 :  0;
22190 :  0;
22191 :  0;
22192 :  0;
22193 :  0;
22194 :  0;
22195 :  0;
22196 :  0;
22197 :  0;
22198 :  0;
22199 :  0;
22200 :  0;
22201 :  0;
22202 :  0;
22203 :  0;
22204 :  0;
22205 :  0;
22206 :  0;
22207 :  0;
22208 :  0;
22209 :  0;
22210 :  0;
22211 :  0;
22212 :  0;
22213 :  0;
22214 :  0;
22215 :  0;
22216 :  0;
22217 :  0;
22218 :  0;
22219 :  0;
22220 :  0;
22221 :  0;
22222 :  0;
22223 :  0;
22224 :  0;
22225 :  0;
22226 :  0;
22227 :  0;
22228 :  0;
22229 :  0;
22230 :  0;
22231 :  0;
22232 :  0;
22233 :  0;
22234 :  0;
22235 :  0;
22236 :  0;
22237 :  0;
22238 :  0;
22239 :  0;
22240 :  0;
22241 :  0;
22242 :  0;
22243 :  0;
22244 :  0;
22245 :  0;
22246 :  0;
22247 :  0;
22248 :  0;
22249 :  0;
22250 :  0;
22251 :  0;
22252 :  0;
22253 :  0;
22254 :  0;
22255 :  0;
22256 :  0;
22257 :  0;
22258 :  0;
22259 :  0;
22260 :  0;
22261 :  0;
22262 :  0;
22263 :  0;
22264 :  0;
22265 :  0;
22266 :  0;
22267 :  0;
22268 :  0;
22269 :  0;
22270 :  0;
22271 :  0;
22272 :  0;
22273 :  0;
22274 :  0;
22275 :  0;
22276 :  0;
22277 :  0;
22278 :  0;
22279 :  0;
22280 :  0;
22281 :  0;
22282 :  0;
22283 :  0;
22284 :  0;
22285 :  0;
22286 :  0;
22287 :  0;
22288 :  0;
22289 :  0;
22290 :  0;
22291 :  0;
22292 :  0;
22293 :  0;
22294 :  0;
22295 :  0;
22296 :  0;
22297 :  0;
22298 :  0;
22299 :  0;
22300 :  0;
22301 :  0;
22302 :  0;
22303 :  0;
22304 :  0;
22305 :  0;
22306 :  0;
22307 :  0;
22308 :  0;
22309 :  0;
22310 :  0;
22311 :  0;
22312 :  0;
22313 :  0;
22314 :  0;
22315 :  0;
22316 :  0;
22317 :  0;
22318 :  0;
22319 :  0;
22320 :  0;
22321 :  0;
22322 :  0;
22323 :  0;
22324 :  0;
22325 :  0;
22326 :  0;
22327 :  0;
22328 :  0;
22329 :  0;
22330 :  0;
22331 :  0;
22332 :  0;
22333 :  0;
22334 :  0;
22335 :  0;
22336 :  0;
22337 :  0;
22338 :  0;
22339 :  0;
22340 :  0;
22341 :  0;
22342 :  0;
22343 :  0;
22344 :  0;
22345 :  0;
22346 :  0;
22347 :  0;
22348 :  0;
22349 :  0;
22350 :  0;
22351 :  0;
22352 :  0;
22353 :  0;
22354 :  0;
22355 :  0;
22356 :  0;
22357 :  0;
22358 :  0;
22359 :  0;
22360 :  0;
22361 :  0;
22362 :  0;
22363 :  0;
22364 :  0;
22365 :  0;
22366 :  0;
22367 :  0;
22368 :  0;
22369 :  0;
22370 :  0;
22371 :  0;
22372 :  0;
22373 :  0;
22374 :  0;
22375 :  0;
22376 :  0;
22377 :  0;
22378 :  0;
22379 :  0;
22380 :  0;
22381 :  0;
22382 :  0;
22383 :  0;
22384 :  0;
22385 :  0;
22386 :  0;
22387 :  0;
22388 :  0;
22389 :  0;
22390 :  0;
22391 :  0;
22392 :  0;
22393 :  0;
22394 :  0;
22395 :  0;
22396 :  0;
22397 :  0;
22398 :  0;
22399 :  0;
22400 :  0;
22401 :  0;
22402 :  0;
22403 :  0;
22404 :  0;
22405 :  0;
22406 :  0;
22407 :  0;
22408 :  0;
22409 :  0;
22410 :  0;
22411 :  0;
22412 :  0;
22413 :  0;
22414 :  0;
22415 :  0;
22416 :  0;
22417 :  0;
22418 :  0;
22419 :  0;
22420 :  0;
22421 :  0;
22422 :  0;
22423 :  0;
22424 :  0;
22425 :  0;
22426 :  0;
22427 :  0;
22428 :  0;
22429 :  0;
22430 :  0;
22431 :  0;
22432 :  0;
22433 :  0;
22434 :  0;
22435 :  0;
22436 :  0;
22437 :  0;
22438 :  0;
22439 :  0;
22440 :  0;
22441 :  0;
22442 :  0;
22443 :  0;
22444 :  0;
22445 :  0;
22446 :  0;
22447 :  0;
22448 :  0;
22449 :  0;
22450 :  0;
22451 :  0;
22452 :  0;
22453 :  0;
22454 :  0;
22455 :  0;
22456 :  0;
22457 :  0;
22458 :  0;
22459 :  0;
22460 :  0;
22461 :  0;
22462 :  0;
22463 :  0;
22464 :  0;
22465 :  0;
22466 :  0;
22467 :  0;
22468 :  0;
22469 :  0;
22470 :  0;
22471 :  0;
22472 :  0;
22473 :  0;
22474 :  0;
22475 :  0;
22476 :  0;
22477 :  0;
22478 :  0;
22479 :  0;
22480 :  0;
22481 :  0;
22482 :  0;
22483 :  0;
22484 :  0;
22485 :  0;
22486 :  0;
22487 :  0;
22488 :  0;
22489 :  0;
22490 :  0;
22491 :  0;
22492 :  0;
22493 :  0;
22494 :  0;
22495 :  0;
22496 :  0;
22497 :  0;
22498 :  0;
22499 :  0;
22500 :  0;
22501 :  0;
22502 :  0;
22503 :  0;
22504 :  0;
22505 :  0;
22506 :  0;
22507 :  0;
22508 :  0;
22509 :  0;
22510 :  0;
22511 :  0;
22512 :  0;
22513 :  0;
22514 :  0;
22515 :  0;
22516 :  0;
22517 :  0;
22518 :  0;
22519 :  0;
22520 :  0;
22521 :  0;
22522 :  0;
22523 :  0;
22524 :  0;
22525 :  0;
22526 :  0;
22527 :  0;
22528 :  0;
22529 :  0;
22530 :  0;
22531 :  0;
22532 :  0;
22533 :  0;
22534 :  0;
22535 :  0;
22536 :  0;
22537 :  0;
22538 :  0;
22539 :  0;
22540 :  0;
22541 :  0;
22542 :  0;
22543 :  0;
22544 :  0;
22545 :  0;
22546 :  0;
22547 :  0;
22548 :  0;
22549 :  0;
22550 :  0;
22551 :  0;
22552 :  0;
22553 :  0;
22554 :  0;
22555 :  0;
22556 :  0;
22557 :  0;
22558 :  0;
22559 :  0;
22560 :  0;
22561 :  0;
22562 :  0;
22563 :  0;
22564 :  0;
22565 :  0;
22566 :  0;
22567 :  0;
22568 :  0;
22569 :  0;
22570 :  0;
22571 :  0;
22572 :  0;
22573 :  0;
22574 :  0;
22575 :  0;
22576 :  0;
22577 :  0;
22578 :  0;
22579 :  0;
22580 :  0;
22581 :  0;
22582 :  0;
22583 :  0;
22584 :  0;
22585 :  0;
22586 :  0;
22587 :  0;
22588 :  0;
22589 :  0;
22590 :  0;
22591 :  0;
22592 :  0;
22593 :  0;
22594 :  0;
22595 :  0;
22596 :  0;
22597 :  0;
22598 :  0;
22599 :  0;
22600 :  0;
22601 :  0;
22602 :  0;
22603 :  0;
22604 :  0;
22605 :  0;
22606 :  0;
22607 :  0;
22608 :  0;
22609 :  0;
22610 :  0;
22611 :  0;
22612 :  0;
22613 :  0;
22614 :  0;
22615 :  0;
22616 :  0;
22617 :  0;
22618 :  0;
22619 :  0;
22620 :  0;
22621 :  0;
22622 :  0;
22623 :  0;
22624 :  0;
22625 :  0;
22626 :  0;
22627 :  0;
22628 :  0;
22629 :  0;
22630 :  0;
22631 :  0;
22632 :  0;
22633 :  0;
22634 :  0;
22635 :  0;
22636 :  0;
22637 :  0;
22638 :  0;
22639 :  0;
22640 :  0;
22641 :  0;
22642 :  0;
22643 :  0;
22644 :  0;
22645 :  0;
22646 :  0;
22647 :  0;
22648 :  0;
22649 :  0;
22650 :  0;
22651 :  0;
22652 :  0;
22653 :  0;
22654 :  0;
22655 :  0;
22656 :  0;
22657 :  0;
22658 :  0;
22659 :  0;
22660 :  0;
22661 :  0;
22662 :  0;
22663 :  0;
22664 :  0;
22665 :  0;
22666 :  0;
22667 :  0;
22668 :  0;
22669 :  0;
22670 :  0;
22671 :  0;
22672 :  0;
22673 :  0;
22674 :  0;
22675 :  0;
22676 :  0;
22677 :  0;
22678 :  0;
22679 :  0;
22680 :  0;
22681 :  0;
22682 :  0;
22683 :  0;
22684 :  0;
22685 :  0;
22686 :  0;
22687 :  0;
22688 :  0;
22689 :  0;
22690 :  0;
22691 :  0;
22692 :  0;
22693 :  0;
22694 :  0;
22695 :  0;
22696 :  0;
22697 :  0;
22698 :  0;
22699 :  0;
22700 :  0;
22701 :  0;
22702 :  0;
22703 :  0;
22704 :  0;
22705 :  0;
22706 :  0;
22707 :  0;
22708 :  0;
22709 :  0;
22710 :  0;
22711 :  0;
22712 :  0;
22713 :  0;
22714 :  0;
22715 :  0;
22716 :  0;
22717 :  0;
22718 :  0;
22719 :  0;
22720 :  0;
22721 :  0;
22722 :  0;
22723 :  0;
22724 :  0;
22725 :  0;
22726 :  0;
22727 :  0;
22728 :  0;
22729 :  0;
22730 :  0;
22731 :  0;
22732 :  0;
22733 :  0;
22734 :  0;
22735 :  0;
22736 :  0;
22737 :  0;
22738 :  0;
22739 :  0;
22740 :  0;
22741 :  0;
22742 :  0;
22743 :  0;
22744 :  0;
22745 :  0;
22746 :  0;
22747 :  0;
22748 :  0;
22749 :  0;
22750 :  0;
22751 :  0;
22752 :  0;
22753 :  0;
22754 :  0;
22755 :  0;
22756 :  0;
22757 :  0;
22758 :  0;
22759 :  0;
22760 :  0;
22761 :  0;
22762 :  0;
22763 :  0;
22764 :  0;
22765 :  0;
22766 :  0;
22767 :  0;
22768 :  0;
22769 :  0;
22770 :  0;
22771 :  0;
22772 :  0;
22773 :  0;
22774 :  0;
22775 :  0;
22776 :  0;
22777 :  0;
22778 :  0;
22779 :  0;
22780 :  0;
22781 :  0;
22782 :  0;
22783 :  0;
22784 :  0;
22785 :  0;
22786 :  0;
22787 :  0;
22788 :  0;
22789 :  0;
22790 :  0;
22791 :  0;
22792 :  0;
22793 :  0;
22794 :  0;
22795 :  0;
22796 :  0;
22797 :  0;
22798 :  0;
22799 :  0;
22800 :  0;
22801 :  0;
22802 :  0;
22803 :  0;
22804 :  0;
22805 :  0;
22806 :  0;
22807 :  0;
22808 :  0;
22809 :  0;
22810 :  0;
22811 :  0;
22812 :  0;
22813 :  0;
22814 :  0;
22815 :  0;
22816 :  0;
22817 :  0;
22818 :  0;
22819 :  0;
22820 :  0;
22821 :  0;
22822 :  0;
22823 :  0;
22824 :  0;
22825 :  0;
22826 :  0;
22827 :  0;
22828 :  0;
22829 :  0;
22830 :  0;
22831 :  0;
22832 :  0;
22833 :  0;
22834 :  0;
22835 :  0;
22836 :  0;
22837 :  0;
22838 :  0;
22839 :  0;
22840 :  0;
22841 :  0;
22842 :  0;
22843 :  0;
22844 :  0;
22845 :  0;
22846 :  0;
22847 :  0;
22848 :  0;
22849 :  0;
22850 :  0;
22851 :  0;
22852 :  0;
22853 :  0;
22854 :  0;
22855 :  0;
22856 :  0;
22857 :  0;
22858 :  0;
22859 :  0;
22860 :  0;
22861 :  0;
22862 :  0;
22863 :  0;
22864 :  0;
22865 :  0;
22866 :  0;
22867 :  0;
22868 :  0;
22869 :  0;
22870 :  0;
22871 :  0;
22872 :  0;
22873 :  0;
22874 :  0;
22875 :  0;
22876 :  0;
22877 :  0;
22878 :  0;
22879 :  0;
22880 :  0;
22881 :  0;
22882 :  0;
22883 :  0;
22884 :  0;
22885 :  0;
22886 :  0;
22887 :  0;
22888 :  0;
22889 :  0;
22890 :  0;
22891 :  0;
22892 :  0;
22893 :  0;
22894 :  0;
22895 :  0;
22896 :  0;
22897 :  0;
22898 :  0;
22899 :  0;
22900 :  0;
22901 :  0;
22902 :  0;
22903 :  0;
22904 :  0;
22905 :  0;
22906 :  0;
22907 :  0;
22908 :  0;
22909 :  0;
22910 :  0;
22911 :  0;
22912 :  0;
22913 :  0;
22914 :  0;
22915 :  0;
22916 :  0;
22917 :  0;
22918 :  0;
22919 :  0;
22920 :  0;
22921 :  0;
22922 :  0;
22923 :  0;
22924 :  0;
22925 :  0;
22926 :  0;
22927 :  0;
22928 :  0;
22929 :  0;
22930 :  0;
22931 :  0;
22932 :  0;
22933 :  0;
22934 :  0;
22935 :  0;
22936 :  0;
22937 :  0;
22938 :  0;
22939 :  0;
22940 :  0;
22941 :  0;
22942 :  0;
22943 :  0;
22944 :  0;
22945 :  0;
22946 :  0;
22947 :  0;
22948 :  0;
22949 :  0;
22950 :  0;
22951 :  0;
22952 :  0;
22953 :  0;
22954 :  0;
22955 :  0;
22956 :  0;
22957 :  0;
22958 :  0;
22959 :  0;
22960 :  0;
22961 :  0;
22962 :  0;
22963 :  0;
22964 :  0;
22965 :  0;
22966 :  0;
22967 :  0;
22968 :  0;
22969 :  0;
22970 :  0;
22971 :  0;
22972 :  0;
22973 :  0;
22974 :  0;
22975 :  0;
22976 :  0;
22977 :  0;
22978 :  0;
22979 :  0;
22980 :  0;
22981 :  0;
22982 :  0;
22983 :  0;
22984 :  0;
22985 :  0;
22986 :  0;
22987 :  0;
22988 :  0;
22989 :  0;
22990 :  0;
22991 :  0;
22992 :  0;
22993 :  0;
22994 :  0;
22995 :  0;
22996 :  0;
22997 :  0;
22998 :  0;
22999 :  0;
23000 :  0;
23001 :  0;
23002 :  0;
23003 :  0;
23004 :  0;
23005 :  0;
23006 :  0;
23007 :  0;
23008 :  0;
23009 :  0;
23010 :  0;
23011 :  0;
23012 :  0;
23013 :  0;
23014 :  0;
23015 :  0;
23016 :  0;
23017 :  0;
23018 :  0;
23019 :  0;
23020 :  0;
23021 :  0;
23022 :  0;
23023 :  0;
23024 :  0;
23025 :  0;
23026 :  0;
23027 :  0;
23028 :  0;
23029 :  0;
23030 :  0;
23031 :  0;
23032 :  0;
23033 :  0;
23034 :  0;
23035 :  0;
23036 :  0;
23037 :  0;
23038 :  0;
23039 :  0;
END;

